run,famKey,strategy,instrument,timeframe,verdict,source,stretch,n,years,pf,win_pct,evr,ryr,net,dd,wf_years_src,params
137,ORB,ORB_SIMPLE_1_0.py,NQ,5m,PASS,champion,pre,2698,14.56,1.395,47.8,0.206,38.2,190544,18168,optimize window,"{""skip_holidays"": true, ""breakout_buf"": 0.0, ""vol_filter"": 1.25, ""flat_eod"": false, ""or_bars"": 1, ""stop_frac"": 1.75, ""target_R"": 4.5, ""trade_mode"": ""Both"", ""atr_filter"": 0.1}"
143,ENGU-Q,ENGUQ_5M_1_0.py,ES,5m,PASS,champion,pre,310,15.06,3.335,31.3,1.604,33.0,215779,16614,optimize window,"{""buf_atr"": 0.15, ""ema_len"": 260, ""tl_len"": 27, ""stop_mult"": 0.9, ""trail_frac"": 3.0, ""min_brk"": 0.2, ""vol_mult"": 0.9, ""atr_len"": 11, ""act_R"": 3.0}"
144,ENGU-Q,ENGUQ_1M_1_0.py,ES,1m,PASS,champion,pre,457,15.06,2.112,35.0,0.723,21.9,216293,14192,optimize window,"{""buf_atr"": 0.85, ""ema_len"": 330, ""tl_len"": 64, ""stop_mult"": 1.7, ""trail_frac"": 3.5, ""min_brk"": 2.1, ""vol_mult"": 1.6, ""atr_len"": 14, ""act_R"": 1.0}"
146,ENGU-Q,ENGUQ_5M_1_0.py,NQ,5m,PASS,champion,pre,519,15.06,2.084,39.3,0.658,22.7,294615,22672,optimize window,"{""buf_atr"": 0.35, ""ema_len"": 30, ""tl_len"": 24, ""stop_mult"": 1.7, ""trail_frac"": 2.5, ""min_brk"": 0.7, ""vol_mult"": 1.2, ""atr_len"": 47, ""act_R"": 1.0}"
149,ENGU-Q,ENGUQ_1M_1_0.py,NQ,1m,PASS,champion,pre,1149,15.06,2.101,35.4,0.711,54.2,358219,26997,optimize window,"{""buf_atr"": 0.9, ""ema_len"": 390, ""tl_len"": 48, ""stop_mult"": 1.0, ""trail_frac"": 2.5, ""min_brk"": 1.3, ""vol_mult"": 0.8, ""atr_len"": 30, ""act_R"": 2.5}"
152,ENGU-Q,ENGUQ_1M_1_0.py,NQ,1m,PASS,champion,pre,1154,15.06,1.756,37.3,0.474,36.3,234172,10827,optimize window,"{""buf_atr"": 0.85, ""ema_len"": 180, ""tl_len"": 73, ""stop_mult"": 1.1, ""trail_frac"": 2.0, ""regime_len"": 65, ""min_brk"": 1.7, ""vol_mult"": 0.9, ""atr_len"": 42, ""act_R"": 0.5}"
154,ORB,ORB_3_0_BE.py,NQ,5m,PASS,champion,pre,2787,15.06,1.42,41.6,0.245,45.4,184736,15690,optimize window,"{""breakout_buf"": 0.0, ""vol_filter"": 1.25, ""or_bars"": 1, ""be_after_R"": 1.0, ""stop_frac"": 1.75, ""target_R"": 4.5, ""trade_mode"": ""Both"", ""atr_filter"": 0.1}"
157,ORB,ORB_3_0_BEAV.py,NQ,5m,PASS,champion,pre,2702,15.06,1.397,43.5,0.225,40.3,174480,14001,optimize window,"{""breakout_buf"": 0.0, ""vol_filter"": 1.25, ""or_bars"": 3, ""be_after_R"": 1.0, ""stop_frac"": 1.25, ""target_R"": 3.5, ""trade_mode"": ""Both"", ""atr_filter"": 0.2}"
158,ENGU-Q,ENGUQ_1M_1_0.py,NQ,1m,FAIL,champion,pre,431,15.06,2.071,23.7,0.818,23.4,154525,12457,optimize window,"{""buf_atr"": 0.3, ""vol_mult"": 1.0, ""ema_len"": 270, ""tl_len"": 45, ""stop_mult"": 1.6, ""trail_frac"": 4.0, ""regime_len"": 25, ""min_brk"": 2.7, ""breakeven_R"": 1.5, ""atr_len"": 8, ""act_R"": 1.5}"
161,TTIBS,TTIBS_1_0.py,NQ,5m,PASS,champion,pre,469,14.56,1.967,68.4,0.305,9.8,241965,17933,optimize window,"{""trigger"": ""ibs"", ""fill_mode"": ""close"", ""hold_cap"": 7, ""mon_drop"": 0.01, ""ibs_entry"": 0.4, ""ma200"": false, ""exit_mode"": ""ibs_exit""}"
162,TTIBS,TTIBS_1_0.py,NQ,5m,PASS,champion,pre,469,14.57,1.963,68.9,0.3,9.7,241970,17658,optimize window,"{""trigger"": ""ibs"", ""fill_mode"": ""close"", ""hold_cap"": 7, ""mon_drop"": 0.01, ""ibs_entry"": 0.4, ""ma200"": false, ""exit_mode"": ""ibs_exit""}"
163,RSIDIV,RSIDIV_1_0.py,NQ,5m,FAIL,champion,pre,159,15.1,4.976,77.4,0.9,9.5,1034840,113618,optimize window,"{""rsi_len"": 10, ""sl_type"": ""PERC"", ""atr_length"": 33, ""range_upper"": 71, ""lb_left"": 5, ""lb_right"": 10, ""max_pyramid"": 4, ""tp_rsi_level"": 83, ""use_hidden_bull"": false, ""range_lower"": 7, ""stop_loss"": 12.5}"
164,TTIBS,TTIBS_1_0.py,NQ,5m,PASS,champion,pre,471,14.61,1.992,68.6,0.312,10.1,248264,17933,optimize window,"{""trigger"": ""ibs"", ""fill_mode"": ""close"", ""hold_cap"": 7, ""mon_drop"": 0.01, ""ibs_entry"": 0.4, ""ma200"": false, ""exit_mode"": ""ibs_exit""}"
165,TTIBS,TTIBS_1_0.py,NQ,5m,PASS,champion,pre,471,14.61,1.992,68.6,0.312,10.1,248264,17933,optimize window,"{""trigger"": ""ibs"", ""fill_mode"": ""close"", ""hold_cap"": 7, ""mon_drop"": 0.01, ""ibs_entry"": 0.4, ""ma200"": false, ""exit_mode"": ""ibs_exit""}"
167,TTIBS,TTIBS_1_0.py,NQ,5m,WEAK,champion,pre,405,14.61,2.247,69.1,0.385,10.7,257873,15244,optimize window,"{""trigger"": ""ibs"", ""fill_mode"": ""close"", ""hold_cap"": 6, ""mon_drop"": 0.01, ""ibs_entry"": 0.3, ""ma200"": false, ""exit_mode"": ""ibs_exit""}"
168,TTIBS,TTIBS_1_0.py,NQ,5m,WEAK,champion,pre,469,14.61,2.0,68.9,0.311,10.0,250395,16893,optimize window,"{""trigger"": ""ibs"", ""fill_mode"": ""close"", ""hold_cap"": 8, ""mon_drop"": 0.01, ""ibs_entry"": 0.4, ""ma200"": false, ""exit_mode"": ""ibs_exit""}"
169,TTIBS,TTIBS_1_0.py,NQ,5m,FAIL,champion,pre,325,9.54,1.771,71.1,0.223,7.6,271185,43440,optimize window,"{""trigger"": ""ibs"", ""fill_mode"": ""close"", ""hold_cap"": 6, ""mon_drop"": 0.01, ""ibs_entry"": 0.4, ""ma200"": false, ""exit_mode"": ""ibs_exit""}"
170,TTIBS,TTIBS_1_0.py,NQ,5m,WEAK,champion,pre,485,15.1,2.07,69.7,0.324,10.4,276510,16565,optimize window,"{""trigger"": ""ibs"", ""fill_mode"": ""close"", ""hold_cap"": 8, ""mon_drop"": 0.01, ""ibs_entry"": 0.4, ""ma200"": false, ""exit_mode"": ""ibs_exit""}"
174,TTIBS,TTIBS_1_0.py,NQ,5m,WEAK,champion,pre,485,15.1,2.07,69.7,0.324,10.4,276510,16565,optimize window,"{""trigger"": ""ibs"", ""fill_mode"": ""close"", ""hold_cap"": 8, ""mon_drop"": 0.01, ""ibs_entry"": 0.4, ""ma200"": false, ""exit_mode"": ""ibs_exit""}"
180,ORB,ORB_3_0_ENS.py,NQ,5m,PASS,champion,pre,2787,15.06,1.567,46.8,0.302,55.8,181431,10611,optimize window,"{""breakout_buf"": 0.0, ""vol_filter"": 1.25, ""or_bars"": 1, ""be_after_R"": 1.0, ""stop_frac"": 1.75, ""trail_bars"": 12, ""target_R"": 4.0, ""trade_mode"": ""Both"", ""atr_filter"": 0.1}"
181,ORB,ORB_3_0.py,NQ,5m,WEAK,champion,pre,2221,15.06,1.304,43.0,0.174,25.6,136767,20446,optimize window,"{""skip_holidays"": true, ""breakout_buf"": 0.05, ""close_confirm"": false, ""vol_filter"": 1.0, ""flat_eod"": false, ""or_bars"": 3, ""stop_frac"": 0.75, ""target_R"": 2.5, ""trade_mode"": ""Both"", ""atr_filter"": 0.8}"
182,ENGU-Q,ENGUQ_1M_CTX_1_0.py,NQ,1m,PASS,champion,pre,1149,15.06,1.69,33.7,0.458,34.9,271544,35347,optimize window,"{""buf_atr"": 0.9, ""max_vix"": 0.0, ""vol_mult"": 0.8, ""tl_len"": 48, ""ema_len"": 390, ""stop_mult"": 1.0, ""max_tnx_chg20"": 0.0, ""trail_frac"": 2.5, ""regime_len"": 0, ""min_brk"": 1.3, ""breakeven_R"": 0.0, ""atr_len"": 30, ""act_R"": 2.5}"
183,ENGU-Q,ENGUQ_1M_CTX_1_0.py,NQ,1m,FAIL,champion,pre,1143,15.06,1.721,33.2,0.482,36.6,256336,22085,optimize window,"{""buf_atr"": 0.9, ""max_vix"": 40.0, ""vol_mult"": 0.8, ""tl_len"": 48, ""ema_len"": 390, ""stop_mult"": 1.0, ""max_tnx_chg20"": 0.4, ""trail_frac"": 2.5, ""regime_len"": 0, ""min_brk"": 1.3, ""breakeven_R"": 0.0, ""atr_len"": 30, ""act_R"": 2.5}"
184,ORB,ORB_3_0_ENS.py,NQ,5m,PASS,champion,pre,2787,15.06,1.567,46.8,0.302,55.8,181431,10611,optimize window,"{""breakout_buf"": 0.0, ""vol_filter"": 1.25, ""or_bars"": 1, ""be_after_R"": 1.0, ""stop_frac"": 1.75, ""trail_bars"": 12, ""target_R"": 4.0, ""trade_mode"": ""Both"", ""atr_filter"": 0.1}"
185,ORB,ORB_3_0_ENS.py,NQ,5m,PASS,champion,pre,2787,15.06,1.567,46.8,0.302,55.8,181431,10611,optimize window,"{""breakout_buf"": 0.0, ""vol_filter"": 1.25, ""or_bars"": 1, ""be_after_R"": 1.0, ""stop_frac"": 1.75, ""trail_bars"": 12, ""target_R"": 4.0, ""trade_mode"": ""Both"", ""atr_filter"": 0.1}"
186,ORB,ORB_3_0_ENS.py,NQ,5m,PASS,champion,pre,2787,15.06,1.567,46.8,0.302,55.8,181431,10611,optimize window,"{""breakout_buf"": 0.0, ""vol_filter"": 1.25, ""or_bars"": 1, ""be_after_R"": 1.0, ""stop_frac"": 1.75, ""trail_bars"": 12, ""target_R"": 4.0, ""trade_mode"": ""Both"", ""atr_filter"": 0.1}"
187,ORB,ORB_3_0_ENS.py,NQ,5m,PASS,champion,pre,2787,15.06,1.567,46.8,0.302,55.8,181431,10611,optimize window,"{""breakout_buf"": 0.0, ""vol_filter"": 1.25, ""or_bars"": 1, ""be_after_R"": 1.0, ""stop_frac"": 1.75, ""trail_bars"": 12, ""target_R"": 4.0, ""trade_mode"": ""Both"", ""atr_filter"": 0.1}"
188,ENGU-Q,ENGUQ_1M_CTX_1_0.py,NQ,1m,FAIL,champion,pre,1175,15.06,1.682,33.5,0.453,35.4,269707,35347,optimize window,"{""buf_atr"": 0.9, ""max_vix"": 0.0, ""vol_mult"": 0.8, ""tl_len"": 48, ""ema_len"": 390, ""stop_mult"": 1.0, ""max_tnx_chg20"": 0.5, ""trail_frac"": 2.5, ""regime_len"": 0, ""min_brk"": 1.3, ""breakeven_R"": 0.0, ""atr_len"": 30, ""act_R"": 2.5}"
189,ORB,ORB_3_0_ENS.py,NQ,5m,PASS,champion,pre,2787,15.06,1.567,46.8,0.302,55.8,181431,10611,optimize window,"{""breakout_buf"": 0.0, ""vol_filter"": 1.25, ""or_bars"": 1, ""be_after_R"": 1.0, ""stop_frac"": 1.75, ""trail_bars"": 12, ""target_R"": 4.0, ""trade_mode"": ""Both"", ""atr_filter"": 0.1}"
190,ENGU-Q,ENGUQ_1M_CTX_1_0.py,ES,1m,FAIL,champion,pre,1315,15.06,1.189,26.9,0.138,12.1,68556,21669,optimize window,"{""buf_atr"": 0.9, ""max_vix"": 40.0, ""vol_mult"": 0.8, ""tl_len"": 48, ""ema_len"": 390, ""stop_mult"": 1.0, ""max_tnx_chg20"": 0.45, ""trail_frac"": 2.5, ""regime_len"": 0, ""min_brk"": 1.3, ""breakeven_R"": 0.0, ""atr_len"": 30, ""act_R"": 2.5}"
191,ENGU-Q,ENGUQ_5M_1_0.py,ES,5m,FAIL,champion,pre,290,15.06,2.978,24.8,1.487,28.6,196293,15658,optimize window,"{""buf_atr"": 0.75, ""vol_mult"": 0.2, ""ema_len"": 310, ""tl_len"": 37, ""stop_mult"": 0.7, ""trail_frac"": 3.0, ""min_brk"": 0.7, ""breakeven_R"": 3.0, ""atr_len"": 39, ""act_R"": 2.5}"
192,ORB,ORB_3_0_ENS.py,NQ,5m,PASS,champion,pre,2787,15.06,1.567,46.8,0.302,55.8,181431,10611,optimize window,"{""breakout_buf"": 0.0, ""vol_filter"": 1.25, ""or_bars"": 1, ""be_after_R"": 1.0, ""stop_frac"": 1.75, ""trail_bars"": 12, ""target_R"": 4.0, ""trade_mode"": ""Both"", ""atr_filter"": 0.1}"
193,ORB,ORB_3_0_ENS.py,NQ,5m,PASS,champion,pre,2787,15.06,1.567,46.8,0.302,55.8,181431,10611,optimize window,"{""breakout_buf"": 0.0, ""vol_filter"": 1.25, ""or_bars"": 1, ""be_after_R"": 1.0, ""stop_frac"": 1.75, ""trail_bars"": 12, ""target_R"": 4.0, ""trade_mode"": ""Both"", ""atr_filter"": 0.1}"
194,ORB,ORB_3_0_ENS.py,NQ,5m,PASS,champion,pre,2787,15.06,1.567,46.8,0.302,55.8,181431,10611,optimize window,"{""breakout_buf"": 0.0, ""vol_filter"": 1.25, ""or_bars"": 1, ""be_after_R"": 1.0, ""stop_frac"": 1.75, ""trail_bars"": 12, ""target_R"": 4.0, ""trade_mode"": ""Both"", ""atr_filter"": 0.1}"
195,ORB,ORB_3_0_ENS.py,NQ,5m,PASS,champion,pre,2787,15.06,1.567,46.8,0.302,55.8,181431,10611,optimize window,"{""breakout_buf"": 0.0, ""vol_filter"": 1.25, ""or_bars"": 1, ""be_after_R"": 1.0, ""stop_frac"": 1.75, ""trail_bars"": 12, ""target_R"": 4.0, ""trade_mode"": ""Both"", ""atr_filter"": 0.1}"
196,ENGU-Q,ENGUQ_1M_ENS_1_0.py,NQ,1m,FAIL,champion,pre,590,15.06,1.989,36.4,0.629,24.6,193108,14766,optimize window,"{""buf_atr"": 0.1, ""vol_mult"": 0.0, ""ema_len"": 180, ""tl_len"": 44, ""min_brk"": 1.6, ""stop_mult"": 1.9, ""trail_frac"": 3.0, ""regime_len"": 20, ""target_R"": 8.0, ""breakeven_R"": 2.0, ""atr_len"": 8, ""act_R"": 1.5}"
197,ENGU-Q,ENGUQ_1M_ENS_1_0.py,NQ,1m,FAIL,champion,pre,590,15.06,1.989,36.4,0.629,24.6,193108,14766,optimize window,"{""buf_atr"": 0.1, ""vol_mult"": 0.0, ""ema_len"": 180, ""tl_len"": 44, ""min_brk"": 1.6, ""stop_mult"": 1.9, ""trail_frac"": 3.0, ""regime_len"": 20, ""target_R"": 8.0, ""breakeven_R"": 2.0, ""atr_len"": 8, ""act_R"": 1.5}"
198,ENGU-Q,ENGUQ_1M_ETH_1_0.py,NQ,1m,PASS,champion,pre,938,15.06,2.204,14.1,1.034,64.4,271681,28269,optimize window,"{""buf_atr"": 0.6, ""vol_mult"": 0.1, ""ema_len"": 380, ""tl_len"": 238, ""stop_mult"": 1.0, ""trail_frac"": 4.0, ""regime_len"": 5, ""min_brk"": 1.0, ""breakeven_R"": 1.0, ""atr_len"": 108, ""act_R"": 2.5}"
199,ORB,ORB_3_0_ENS.py,NQ,5m,PASS,champion,pre,2787,15.06,1.567,46.8,0.302,55.8,181431,10611,optimize window,"{""breakout_buf"": 0.0, ""vol_filter"": 1.25, ""or_bars"": 1, ""be_after_R"": 1.0, ""stop_frac"": 1.75, ""trail_bars"": 12, ""target_R"": 4.0, ""trade_mode"": ""Both"", ""atr_filter"": 0.1}"
200,ORB,ORB_3_0_ENS.py,NQ,5m,PASS,champion,pre,2787,15.06,1.567,46.8,0.302,55.8,181431,10611,optimize window,"{""breakout_buf"": 0.0, ""vol_filter"": 1.25, ""or_bars"": 1, ""be_after_R"": 1.0, ""stop_frac"": 1.75, ""trail_bars"": 12, ""target_R"": 4.0, ""trade_mode"": ""Both"", ""atr_filter"": 0.1}"
201,TTIBS,TTIBS_1_0.py,NQ,5m,WEAK,champion,pre,485,15.1,2.044,69.1,0.323,10.4,271340,17183,optimize window,"{""trigger"": ""ibs"", ""fill_mode"": ""close"", ""hold_cap"": 8, ""mon_drop"": 0.01, ""ibs_entry"": 0.4, ""ma200"": false, ""exit_mode"": ""ibs_exit""}"
202,NOISE,NOISE_1_0.py,NQ,5m,PASS,champion,pre,3863,14.61,1.213,35.8,0.137,36.2,114668,16251,optimize window,"{""skip_holidays"": false, ""stop_mode"": ""bandwidth"", ""window"": ""all_day"", ""flat_eod"": true, ""lookback"": 44, ""side"": ""Both"", ""band_mult_long"": 0.75, ""stop_k"": 1.75, ""exit_mode"": ""vwap"", ""band_mult_short"": 1.5}"
203,NOISE,NOISE_1_0.py,NQ,5m,PASS,champion,pre,3863,14.61,1.173,34.7,0.113,29.9,95353,16827,optimize window,"{""skip_holidays"": false, ""stop_mode"": ""bandwidth"", ""window"": ""all_day"", ""flat_eod"": true, ""lookback"": 44, ""side"": ""Both"", ""band_mult_long"": 0.75, ""stop_k"": 1.75, ""exit_mode"": ""vwap"", ""band_mult_short"": 1.5}"
204,BOOK,BOOK · 7 · ORB 3.0-scaled out + 8 · ENGU-Q 1.0-1m,NQ,5m,PASS,champion,pre,5012,16.06,1.677,38.5,0.417,130.0,819284,37138,optimize window,"{""book"": [""ORB_3_0_ENS.py"", ""ENGUQ_1M_ETH_1_0.py""]}"
209,ORB,ORB_3_4.py,NQ,5m,PASS,champion,pre,1992,15.1,1.277,55.3,0.124,16.3,122672,20334,optimize window,"{""skip_holidays"": false, ""breakout_buf"": 0.0, ""vpace_filter"": 0.0, ""vol_filter"": 1.0, ""flat_eod"": false, ""close_confirm"": false, ""or_bars"": 5, ""stop_frac"": 1.25, ""trail_bars"": 17, ""target_R"": 4.5, ""partial_exit_R"": 1.0, ""trade_mode"": ""First-candle dir"", ""atr_filter"": 0.7}"
210,ORB,ORB_3_4_P080.py,NQ,5m,FAIL,champion,pre,2583,15.1,1.12,26.5,0.088,15.1,35499,16760,optimize window,"{""skip_holidays"": true, ""breakout_buf"": 0.0, ""vpace_filter"": 0.8, ""vol_filter"": 0.0, ""flat_eod"": false, ""close_confirm"": false, ""or_bars"": 1, ""stop_frac"": 0.75, ""trail_bars"": 5, ""target_R"": 0.0, ""partial_exit_R"": 0.0, ""trade_mode"": ""Both"", ""atr_filter"": 0.0}"
211,ORB,ORB_3_4_P110.py,NQ,5m,FAIL,champion,pre,1642,15.1,1.073,26.4,0.054,5.9,13714,18786,optimize window,"{""skip_holidays"": false, ""breakout_buf"": 0.0, ""vpace_filter"": 1.1, ""vol_filter"": 0.0, ""flat_eod"": true, ""close_confirm"": false, ""or_bars"": 1, ""stop_frac"": 0.75, ""trail_bars"": 5, ""target_R"": 0.0, ""partial_exit_R"": 0.0, ""trade_mode"": ""Both"", ""atr_filter"": 0.0}"
212,ORB,ORB_3_4_P100.py,NQ,5m,WEAK,champion,pre,2029,15.1,1.088,26.0,0.065,8.7,20497,17688,optimize window,"{""skip_holidays"": false, ""breakout_buf"": 0.0, ""vpace_filter"": 1.0, ""vol_filter"": 0.0, ""flat_eod"": true, ""close_confirm"": false, ""or_bars"": 1, ""stop_frac"": 0.75, ""trail_bars"": 5, ""target_R"": 0.0, ""partial_exit_R"": 0.0, ""trade_mode"": ""Both"", ""atr_filter"": 0.0}"
213,ORB,ORB_3_4.py,NQ,5m,PASS,champion,pre,1785,15.1,1.106,48.2,0.055,6.5,54449,26796,optimize window,"{""skip_holidays"": true, ""breakout_buf"": 0.25, ""vpace_filter"": 0.7, ""close_confirm"": true, ""flat_eod"": true, ""or_bars"": 2, ""stop_frac"": 2.0, ""trail_bars"": 3, ""target_R"": 5.5, ""partial_exit_R"": 3.0, ""trade_mode"": ""First-candle dir"", ""atr_filter"": 0.7}"
220,ORB,ORB_3_4_BASE.py,NQ,5m,WEAK,champion,pre,2908,15.1,1.09,27.5,0.065,12.5,29926,28837,optimize window,"{""skip_holidays"": false, ""breakout_buf"": 0.0, ""vpace_filter"": 0.0, ""vol_filter"": 0.0, ""flat_eod"": true, ""close_confirm"": false, ""or_bars"": 1, ""stop_frac"": 0.75, ""trail_bars"": 5, ""target_R"": 0.0, ""partial_exit_R"": 0.0, ""trade_mode"": ""Both"", ""atr_filter"": 0.0}"
221,ORB,ORB_3_4.py,NQ,5m,PASS,champion,pre,1785,15.1,1.106,48.2,0.055,6.5,54449,26796,optimize window,"{""skip_holidays"": true, ""breakout_buf"": 0.25, ""vpace_filter"": 0.7, ""close_confirm"": true, ""flat_eod"": true, ""or_bars"": 2, ""stop_frac"": 2.0, ""trail_bars"": 3, ""target_R"": 5.5, ""partial_exit_R"": 3.0, ""trade_mode"": ""First-candle dir"", ""atr_filter"": 0.7}"
222,ORB,ORB_3_5_LD.py,NQ,5m,FAIL,champion,pre,2750,15.1,1.149,23.1,0.115,20.8,46025,22908,optimize window,"{""close_confirm"": false, ""vpace_filter"": 0.6, ""stop_frac"": 0.5, ""gap_min"": 0.0, ""target_R"": 0.0, ""atr_filter"": 0.0, ""skip_holidays"": false, ""breakout_buf"": 0.0, ""orw_min"": 0.0, ""entry_cutoff"": 4, ""flat_eod"": true, ""or_bars"": 1, ""trail_bars"": 8, ""partial_exit_R"": 0.0, ""trade_mode"": ""Both""}"
223,ENGU-Q,ENGUQ_1M_1_0.py,NQ,1m,WEAK,champion,pre,689,15.1,1.879,24.1,0.667,30.4,261758,42014,optimize window,"{""buf_atr"": 0.85, ""vol_mult"": 0.9, ""ema_len"": 270, ""tl_len"": 49, ""stop_mult"": 1.2, ""trail_frac"": 4.0, ""regime_len"": 0, ""min_brk"": 0.7, ""breakeven_R"": 2.0, ""atr_len"": 5, ""act_R"": 2.0}"
224,ENGU-Q,ENGUQ_1M_1_0.py,NQ,2m,WEAK,champion,pre,385,15.1,1.994,29.9,0.697,17.8,208206,15267,optimize window,"{""buf_atr"": 0.1, ""vol_mult"": 0.5, ""ema_len"": 200, ""tl_len"": 64, ""stop_mult"": 1.0, ""trail_frac"": 3.0, ""regime_len"": 95, ""min_brk"": 1.7, ""breakeven_R"": 3.0, ""atr_len"": 46, ""act_R"": 1.0}"
225,NOISE,NOISE_1_0.py,NQ,5m,PASS,champion,pre,3872,14.68,1.174,34.7,0.114,30.1,96611,16827,optimize window,"{""skip_holidays"": false, ""stop_mode"": ""bandwidth"", ""window"": ""all_day"", ""flat_eod"": true, ""lookback"": 44, ""side"": ""Both"", ""band_mult_long"": 0.75, ""stop_k"": 1.75, ""exit_mode"": ""vwap"", ""band_mult_short"": 1.5}"
226,ENGU-Q,ENGUQ_1M_ETH_FROZEN_1_0.py,NQ,1m,PASS,champion,pre,1990,15.06,1.357,25.1,0.268,35.4,183829,49881,optimize window,"{""buf_atr"": 0.9, ""vol_mult"": 0.8, ""ema_len"": 1380, ""tl_len"": 170, ""stop_mult"": 1.0, ""trail_frac"": 2.5, ""regime_len"": 0, ""min_brk"": 1.3, ""breakeven_R"": 1.5, ""atr_len"": 106, ""act_R"": 2.5}"
227,ENGU-Q,ENGUQ_1M_149F_1_0.py,NQ,1m,PASS,champion,pre,1362,15.1,1.676,28.2,0.486,43.8,262436,32803,optimize window,"{""buf_atr"": 0.9, ""vol_mult"": 0.8, ""ema_len"": 390, ""tl_len"": 48, ""stop_mult"": 1.0, ""trail_frac"": 2.5, ""regime_len"": 0, ""min_brk"": 1.3, ""breakeven_R"": 1.5, ""atr_len"": 30, ""act_R"": 2.5}"
228,ORB,ORB_3_5.py,NQ,5m,PASS,champion,pre,1257,15.18,1.306,48.7,0.157,13.0,98295,15528,optimize window,"{""close_confirm"": true, ""vpace_filter"": 0.7, ""stop_frac"": 1.25, ""gap_min"": 0.25, ""target_R"": 3.5, ""atr_filter"": 0.5, ""skip_holidays"": false, ""breakout_buf"": 0.0, ""orw_min"": 0.0, ""entry_cutoff"": 0, ""flat_eod"": true, ""or_bars"": 2, ""trail_bars"": 6, ""partial_exit_R"": 1.5, ""trade_mode"": ""First-candle dir""}"
229,ORB,ORB_3_5_C228.py,NQ,5m,PASS,champion,pre,1251,15.1,1.332,48.8,0.17,14.1,103837,15528,optimize window,"{""close_confirm"": true, ""vpace_filter"": 0.7, ""stop_frac"": 1.25, ""gap_min"": 0.25, ""target_R"": 3.5, ""atr_filter"": 0.5, ""skip_holidays"": false, ""breakout_buf"": 0.0, ""orw_min"": 0.0, ""entry_cutoff"": 0, ""flat_eod"": true, ""or_bars"": 2, ""trail_bars"": 6, ""partial_exit_R"": 1.5, ""trade_mode"": ""First-candle dir""}"
230,ORB,ORB_3_4_C221.py,NQ,5m,PASS,champion,pre,1795,15.18,1.1,48.2,0.052,6.1,52338,26796,optimize window,"{""skip_holidays"": true, ""breakout_buf"": 0.25, ""vpace_filter"": 0.7, ""close_confirm"": true, ""flat_eod"": true, ""or_bars"": 2, ""stop_frac"": 2.0, ""trail_bars"": 3, ""target_R"": 5.5, ""partial_exit_R"": 3.0, ""trade_mode"": ""First-candle dir"", ""atr_filter"": 0.7}"
231,NOISE,NOISE_1_0.py,NQ,5m,PASS,champion,pre,3872,14.68,1.174,34.7,0.114,30.1,96611,16827,optimize window,"{""skip_holidays"": false, ""stop_mode"": ""bandwidth"", ""window"": ""all_day"", ""flat_eod"": true, ""lookback"": 44, ""side"": ""Both"", ""band_mult_long"": 0.75, ""stop_k"": 1.75, ""exit_mode"": ""vwap"", ""band_mult_short"": 1.5}"
231,NOISE,NOISE_1_0.py,NQ,5m,PASS,candidate,wf,1638,9.22,1.356,40.4,0.212,37.7,11409,915,estimate: optimize yrs x WF trade share,"{""skip_holidays"": false, ""stop_mode"": ""atr"", ""window"": ""all_day"", ""flat_eod"": false, ""lookback"": 96, ""side"": ""Both"", ""band_mult_long"": 1.5, ""stop_k"": 0.5, ""exit_mode"": ""vwap"", ""band_mult_short"": 1.5}"
231,NOISE,NOISE_1_0.py,NQ,5m,PASS,candidate,pre,2609,14.68,1.332,39.8,0.2,35.5,12272,915,optimize window,"{""skip_holidays"": false, ""stop_mode"": ""atr"", ""window"": ""all_day"", ""flat_eod"": false, ""lookback"": 96, ""side"": ""Both"", ""band_mult_long"": 1.5, ""stop_k"": 0.5, ""exit_mode"": ""vwap"", ""band_mult_short"": 1.5}"
231,NOISE,NOISE_1_0.py,NQ,5m,PASS,candidate,wf,1933,9.13,1.385,39.8,0.232,49.0,13618,907,estimate: optimize yrs x WF trade share,"{""skip_holidays"": false, ""stop_mode"": ""atr"", ""window"": ""all_day"", ""flat_eod"": false, ""lookback"": 83, ""side"": ""Both"", ""band_mult_long"": 1.25, ""stop_k"": 0.5, ""exit_mode"": ""vwap"", ""band_mult_short"": 1.5}"
231,NOISE,NOISE_1_0.py,NQ,5m,PASS,candidate,pre,3107,14.68,1.342,38.5,0.211,44.6,14148,907,optimize window,"{""skip_holidays"": false, ""stop_mode"": ""atr"", ""window"": ""all_day"", ""flat_eod"": false, ""lookback"": 83, ""side"": ""Both"", ""band_mult_long"": 1.25, ""stop_k"": 0.5, ""exit_mode"": ""vwap"", ""band_mult_short"": 1.5}"
231,NOISE,NOISE_1_0.py,NQ,5m,PASS,candidate,wf,1679,9.21,1.374,41.0,0.221,40.2,12110,933,estimate: optimize yrs x WF trade share,"{""skip_holidays"": true, ""stop_mode"": ""fixed"", ""window"": ""all_day"", ""flat_eod"": false, ""lookback"": 113, ""side"": ""Both"", ""band_mult_long"": 1.25, ""stop_k"": 1.0, ""exit_mode"": ""vwap"", ""band_mult_short"": 1.75}"
231,NOISE,NOISE_1_0.py,NQ,5m,PASS,candidate,pre,2676,14.68,1.333,39.5,0.201,36.7,12536,933,optimize window,"{""skip_holidays"": true, ""stop_mode"": ""fixed"", ""window"": ""all_day"", ""flat_eod"": false, ""lookback"": 113, ""side"": ""Both"", ""band_mult_long"": 1.25, ""stop_k"": 1.0, ""exit_mode"": ""vwap"", ""band_mult_short"": 1.75}"
231,NOISE,NOISE_1_0.py,NQ,5m,PASS,candidate,wf,1885,9.12,1.326,40.8,0.193,39.9,11892,937,estimate: optimize yrs x WF trade share,"{""skip_holidays"": true, ""stop_mode"": ""bandwidth"", ""window"": ""all_day"", ""flat_eod"": true, ""lookback"": 109, ""side"": ""Both"", ""band_mult_long"": 1.25, ""stop_k"": 4.0, ""exit_mode"": ""vwap"", ""band_mult_short"": 1.5}"
231,NOISE,NOISE_1_0.py,NQ,5m,PASS,candidate,pre,3035,14.68,1.293,39.1,0.178,36.9,12415,937,optimize window,"{""skip_holidays"": true, ""stop_mode"": ""bandwidth"", ""window"": ""all_day"", ""flat_eod"": true, ""lookback"": 109, ""side"": ""Both"", ""band_mult_long"": 1.25, ""stop_k"": 4.0, ""exit_mode"": ""vwap"", ""band_mult_short"": 1.5}"
231,NOISE,NOISE_1_0.py,NQ,5m,PASS,candidate,wf,1183,9.21,1.383,41.8,0.223,28.6,9546,975,estimate: optimize yrs x WF trade share,"{""skip_holidays"": true, ""stop_mode"": ""atr"", ""window"": ""all_day"", ""flat_eod"": false, ""lookback"": 117, ""side"": ""Both"", ""band_mult_long"": 1.75, ""stop_k"": 2.5, ""exit_mode"": ""vwap"", ""band_mult_short"": 1.75}"
231,NOISE,NOISE_1_0.py,NQ,5m,PASS,candidate,pre,1885,14.68,1.35,41.4,0.205,26.3,10133,975,optimize window,"{""skip_holidays"": true, ""stop_mode"": ""atr"", ""window"": ""all_day"", ""flat_eod"": false, ""lookback"": 117, ""side"": ""Both"", ""band_mult_long"": 1.75, ""stop_k"": 2.5, ""exit_mode"": ""vwap"", ""band_mult_short"": 1.75}"
231,NOISE,NOISE_1_0.py,NQ,5m,PASS,candidate,wf,1406,9.24,1.453,40.1,0.271,41.3,10906,1032,estimate: optimize yrs x WF trade share,"{""skip_holidays"": false, ""stop_mode"": ""atr"", ""window"": ""all_day"", ""flat_eod"": true, ""lookback"": 71, ""side"": ""Both"", ""band_mult_long"": 1.25, ""stop_k"": 0.25, ""exit_mode"": ""vwap"", ""band_mult_short"": 2.5}"
231,NOISE,NOISE_1_0.py,NQ,5m,PASS,candidate,pre,2235,14.68,1.424,38.4,0.261,39.8,11787,1032,optimize window,"{""skip_holidays"": false, ""stop_mode"": ""atr"", ""window"": ""all_day"", ""flat_eod"": true, ""lookback"": 71, ""side"": ""Both"", ""band_mult_long"": 1.25, ""stop_k"": 0.25, ""exit_mode"": ""vwap"", ""band_mult_short"": 2.5}"
231,NOISE,NOISE_1_0.py,NQ,5m,PASS,candidate,wf,2859,9.25,1.271,38.1,0.168,51.8,12776,1081,estimate: optimize yrs x WF trade share,"{""skip_holidays"": false, ""stop_mode"": ""fixed"", ""window"": ""all_day"", ""flat_eod"": false, ""lookback"": 111, ""side"": ""Both"", ""band_mult_long"": 0.75, ""stop_k"": 3.75, ""exit_mode"": ""vwap"", ""band_mult_short"": 1.75}"
231,NOISE,NOISE_1_0.py,NQ,5m,PASS,candidate,pre,4536,14.68,1.236,36.8,0.15,46.2,12960,1081,optimize window,"{""skip_holidays"": false, ""stop_mode"": ""fixed"", ""window"": ""all_day"", ""flat_eod"": false, ""lookback"": 111, ""side"": ""Both"", ""band_mult_long"": 0.75, ""stop_k"": 3.75, ""exit_mode"": ""vwap"", ""band_mult_short"": 1.75}"
231,NOISE,NOISE_1_0.py,NQ,5m,PASS,candidate,wf,3192,9.16,1.274,37.1,0.172,60.0,13547,974,estimate: optimize yrs x WF trade share,"{""skip_holidays"": false, ""stop_mode"": ""bandwidth"", ""window"": ""all_day"", ""flat_eod"": true, ""lookback"": 44, ""side"": ""Both"", ""band_mult_long"": 0.75, ""stop_k"": 1.75, ""exit_mode"": ""vwap"", ""band_mult_short"": 1.5}"
231,NOISE,NOISE_1_0.py,NQ,5m,PASS,candidate,pre,5113,14.68,1.241,35.7,0.155,53.9,13856,974,optimize window,"{""skip_holidays"": false, ""stop_mode"": ""bandwidth"", ""window"": ""all_day"", ""flat_eod"": true, ""lookback"": 44, ""side"": ""Both"", ""band_mult_long"": 0.75, ""stop_k"": 1.75, ""exit_mode"": ""vwap"", ""band_mult_short"": 1.5}"
231,NOISE,NOISE_1_0.py,NQ,5m,PASS,candidate,wf,2363,9.16,1.302,38.7,0.185,47.8,12967,980,estimate: optimize yrs x WF trade share,"{""skip_holidays"": false, ""stop_mode"": ""fixed"", ""window"": ""all_day"", ""flat_eod"": false, ""lookback"": 108, ""side"": ""Both"", ""band_mult_long"": 1.0, ""stop_k"": 2.25, ""exit_mode"": ""vwap"", ""band_mult_short"": 1.5}"
231,NOISE,NOISE_1_0.py,NQ,5m,PASS,candidate,pre,3787,14.68,1.273,37.4,0.171,44.1,13559,980,optimize window,"{""skip_holidays"": false, ""stop_mode"": ""fixed"", ""window"": ""all_day"", ""flat_eod"": false, ""lookback"": 108, ""side"": ""Both"", ""band_mult_long"": 1.0, ""stop_k"": 2.25, ""exit_mode"": ""vwap"", ""band_mult_short"": 1.5}"
231,NOISE,NOISE_1_0.py,NQ,5m,PASS,candidate,wf,4336,9.18,1.204,36.5,0.13,61.3,13219,1416,estimate: optimize yrs x WF trade share,"{""skip_holidays"": false, ""stop_mode"": ""atr"", ""window"": ""all_day"", ""flat_eod"": true, ""lookback"": 112, ""side"": ""Both"", ""band_mult_long"": 0.5, ""stop_k"": 3.5, ""exit_mode"": ""vwap"", ""band_mult_short"": 1.25}"
231,NOISE,NOISE_1_0.py,NQ,5m,PASS,candidate,pre,6937,14.68,1.18,34.8,0.117,55.4,13468,1416,optimize window,"{""skip_holidays"": false, ""stop_mode"": ""atr"", ""window"": ""all_day"", ""flat_eod"": true, ""lookback"": 112, ""side"": ""Both"", ""band_mult_long"": 0.5, ""stop_k"": 3.5, ""exit_mode"": ""vwap"", ""band_mult_short"": 1.25}"
232,ENGU-Q,ENGUQ_1M_ALT_1_0.py,NQ,1m,PASS,champion,pre,489,15.1,1.606,31.3,0.416,13.5,221314,72386,optimize window,"{""buf_atr"": 0.4, ""vol_mult"": 0.7, ""ema_len"": 90, ""tl_len"": 72, ""stop_mult"": 1.9, ""trail_frac"": 4.0, ""regime_len"": 0, ""min_brk"": 1.6, ""breakeven_R"": 2.5, ""atr_len"": 18, ""act_R"": 2.5}"
232,ENGU-Q,ENGUQ_1M_ALT_1_0.py,NQ,1m,PASS,candidate,wf,464,9.1,1.373,32.5,0.252,12.8,16271,5611,estimate: optimize yrs x WF trade share,"{""buf_atr"": 0.4, ""ema_len"": 90, ""breakeven_R"": 2.5, ""tl_len"": 72, ""stop_mult"": 1.9, ""trail_frac"": 4.0, ""regime_len"": 0, ""min_brk"": 1.6, ""vol_mult"": 0.7, ""atr_len"": 18, ""act_R"": 2.5}"
232,ENGU-Q,ENGUQ_1M_ALT_1_0.py,NQ,1m,PASS,candidate,pre,770,15.1,1.376,30.9,0.26,13.3,18448,5611,optimize window,"{""buf_atr"": 0.4, ""ema_len"": 90, ""breakeven_R"": 2.5, ""tl_len"": 72, ""stop_mult"": 1.9, ""trail_frac"": 4.0, ""regime_len"": 0, ""min_brk"": 1.6, ""vol_mult"": 0.7, ""atr_len"": 18, ""act_R"": 2.5}"
233,ORB,ORB_3_6_C1.py,NQ,5m,PASS,champion,pre,1795,15.18,1.105,46.4,0.056,6.7,53373,26796,optimize window,"{""skip_holidays"": true, ""breakout_buf"": 0.25, ""vpace_filter"": 0.7, ""close_confirm"": true, ""flat_eod"": true, ""or_bars"": 2, ""be_after_R"": 1.0, ""stop_frac"": 2.0, ""trail_bars"": 3, ""target_R"": 5.5, ""partial_exit_R"": 3.0, ""trade_mode"": ""First-candle dir"", ""atr_filter"": 0.7}"
233,ORB,ORB_3_6_C1.py,NQ,5m,PASS,candidate,wf,1454,9.09,1.317,48.5,0.163,26.2,14563,1425,estimate: optimize yrs x WF trade share,"{""skip_holidays"": true, ""breakout_buf"": 0.25, ""vpace_filter"": 0.7, ""close_confirm"": true, ""flat_eod"": true, ""or_bars"": 2, ""stop_frac"": 2.0, ""be_after_R"": 1.0, ""trail_bars"": 3, ""target_R"": 5.5, ""partial_exit_R"": 3.0, ""trade_mode"": ""First-candle dir"", ""atr_filter"": 0.7}"
233,ORB,ORB_3_6_C1.py,NQ,5m,PASS,candidate,pre,2429,15.18,1.271,47.3,0.143,22.8,14554,1425,optimize window,"{""skip_holidays"": true, ""breakout_buf"": 0.25, ""vpace_filter"": 0.7, ""close_confirm"": true, ""flat_eod"": true, ""or_bars"": 2, ""stop_frac"": 2.0, ""be_after_R"": 1.0, ""trail_bars"": 3, ""target_R"": 5.5, ""partial_exit_R"": 3.0, ""trade_mode"": ""First-candle dir"", ""atr_filter"": 0.7}"
234,ORB,ORB_3_6_C2.py,NQ,5m,PASS,champion,pre,1795,15.18,1.103,46.2,0.055,6.5,52200,29142,optimize window,"{""skip_holidays"": true, ""breakout_buf"": 0.25, ""vpace_filter"": 0.7, ""close_confirm"": true, ""flat_eod"": true, ""or_bars"": 2, ""be_after_R"": 1.0, ""stop_frac"": 2.0, ""trail_bars"": 0, ""target_R"": 5.5, ""partial_exit_R"": 0.0, ""trade_mode"": ""First-candle dir"", ""atr_filter"": 0.7}"
234,ORB,ORB_3_6_C2.py,NQ,5m,PASS,candidate,wf,1454,9.09,1.328,48.4,0.169,27.1,15073,1457,estimate: optimize yrs x WF trade share,"{""skip_holidays"": true, ""breakout_buf"": 0.25, ""vpace_filter"": 0.7, ""close_confirm"": true, ""flat_eod"": true, ""or_bars"": 2, ""stop_frac"": 2.0, ""be_after_R"": 1.0, ""trail_bars"": 0, ""target_R"": 5.5, ""partial_exit_R"": 0.0, ""trade_mode"": ""First-candle dir"", ""atr_filter"": 0.7}"
234,ORB,ORB_3_6_C2.py,NQ,5m,PASS,candidate,pre,2429,15.18,1.28,47.2,0.148,23.7,15047,1457,optimize window,"{""skip_holidays"": true, ""breakout_buf"": 0.25, ""vpace_filter"": 0.7, ""close_confirm"": true, ""flat_eod"": true, ""or_bars"": 2, ""stop_frac"": 2.0, ""be_after_R"": 1.0, ""trail_bars"": 0, ""target_R"": 5.5, ""partial_exit_R"": 0.0, ""trade_mode"": ""First-candle dir"", ""atr_filter"": 0.7}"
235,ENGU-Q,ENGUQ_1M_ETH_NBO_1_0.py,NQ,1m,PASS,champion,pre,1981,15.06,1.362,25.3,0.27,35.5,185740,49861,optimize window,"{""buf_atr"": 0.9, ""vol_mult"": 0.8, ""ema_len"": 1380, ""tl_len"": 170, ""stop_mult"": 1.0, ""trail_frac"": 2.5, ""regime_len"": 0, ""min_brk"": 1.3, ""breakeven_R"": 1.5, ""atr_len"": 106, ""act_R"": 2.5}"
235,ENGU-Q,ENGUQ_1M_ETH_NBO_1_0.py,NQ,1m,PASS,candidate,wf,1541,8.76,1.306,26.6,0.225,39.6,14666,2519,estimate: optimize yrs x WF trade share,"{""buf_atr"": 0.9, ""ema_len"": 1380, ""breakeven_R"": 1.5, ""tl_len"": 170, ""stop_mult"": 1.0, ""trail_frac"": 2.5, ""regime_len"": 0, ""min_brk"": 1.3, ""vol_mult"": 0.8, ""atr_len"": 106, ""act_R"": 2.5}"
235,ENGU-Q,ENGUQ_1M_ETH_NBO_1_0.py,NQ,1m,PASS,candidate,pre,2649,15.06,1.297,25.4,0.221,38.9,16424,2519,optimize window,"{""buf_atr"": 0.9, ""ema_len"": 1380, ""breakeven_R"": 1.5, ""tl_len"": 170, ""stop_mult"": 1.0, ""trail_frac"": 2.5, ""regime_len"": 0, ""min_brk"": 1.3, ""vol_mult"": 0.8, ""atr_len"": 106, ""act_R"": 2.5}"
237,NOISE,NOISE_1_0.py,NQ,5m,WEAK,champion,pre,3562,14.68,1.238,34.8,0.155,37.7,94974,15961,optimize window,"{""daytype_lo"": 0.15, ""window"": ""all_day"", ""confirm_bars"": 2, ""daytype_mode"": ""off"", ""band_mult_long"": 0.5, ""vol_skip_pct"": 89.0, ""band_mult_short"": 1.5, ""skip_holidays"": true, ""stop_mode"": ""fixed"", ""flat_eod"": true, ""lookback"": 64, ""side"": ""Both"", ""daytype_hi"": 0.9, ""stop_k"": 1.25, ""exit_mode"": ""vwap""}"
237,NOISE,NOISE_1_0.py,NQ,5m,WEAK,candidate,wf,2040,9.25,1.377,38.8,0.231,50.9,11892,928,estimate: optimize yrs x WF trade share,"{""daytype_lo"": 0.2, ""window"": ""afternoon_block"", ""confirm_bars"": 2, ""daytype_mode"": ""skip_bot_short"", ""band_mult_long"": 0.75, ""vol_skip_pct"": 98.0, ""band_mult_short"": 1.25, ""skip_holidays"": true, ""stop_mode"": ""atr"", ""flat_eod"": true, ""lookback"": 83, ""side"": ""Both"", ""daytype_hi"": 0.9, ""stop_k"": 2.25, ""exit_mode"": ""vwap""}"
237,NOISE,NOISE_1_0.py,NQ,5m,WEAK,candidate,pre,3236,14.68,1.352,37.4,0.22,48.6,12888,928,optimize window,"{""daytype_lo"": 0.2, ""window"": ""afternoon_block"", ""confirm_bars"": 2, ""daytype_mode"": ""skip_bot_short"", ""band_mult_long"": 0.75, ""vol_skip_pct"": 98.0, ""band_mult_short"": 1.25, ""skip_holidays"": true, ""stop_mode"": ""atr"", ""flat_eod"": true, ""lookback"": 83, ""side"": ""Both"", ""daytype_hi"": 0.9, ""stop_k"": 2.25, ""exit_mode"": ""vwap""}"
237,NOISE,NOISE_1_0.py,NQ,5m,WEAK,candidate,wf,1413,9.26,1.563,40.6,0.335,51.1,11039,1002,estimate: optimize yrs x WF trade share,"{""daytype_lo"": 0.2, ""window"": ""afternoon_block"", ""confirm_bars"": 3, ""daytype_mode"": ""skip_bot_short"", ""band_mult_long"": 0.75, ""vol_skip_pct"": 87.0, ""band_mult_short"": 1.75, ""skip_holidays"": false, ""stop_mode"": ""atr"", ""flat_eod"": true, ""lookback"": 31, ""side"": ""Both"", ""daytype_hi"": 0.9, ""stop_k"": 0.75, ""exit_mode"": ""vwap""}"
237,NOISE,NOISE_1_0.py,NQ,5m,WEAK,candidate,pre,2241,14.68,1.511,38.9,0.312,47.7,11675,1002,optimize window,"{""daytype_lo"": 0.2, ""window"": ""afternoon_block"", ""confirm_bars"": 3, ""daytype_mode"": ""skip_bot_short"", ""band_mult_long"": 0.75, ""vol_skip_pct"": 87.0, ""band_mult_short"": 1.75, ""skip_holidays"": false, ""stop_mode"": ""atr"", ""flat_eod"": true, ""lookback"": 31, ""side"": ""Both"", ""daytype_hi"": 0.9, ""stop_k"": 0.75, ""exit_mode"": ""vwap""}"
237,NOISE,NOISE_1_0.py,NQ,5m,WEAK,candidate,wf,2152,9.03,1.396,38.2,0.245,58.3,13037,760,estimate: optimize yrs x WF trade share,"{""daytype_lo"": 0.1, ""window"": ""all_day"", ""confirm_bars"": 1, ""daytype_mode"": ""off"", ""band_mult_long"": 1.0, ""vol_skip_pct"": 98.0, ""band_mult_short"": 1.75, ""skip_holidays"": true, ""stop_mode"": ""bandwidth"", ""flat_eod"": true, ""lookback"": 27, ""side"": ""Both"", ""daytype_hi"": 0.6, ""stop_k"": 1.25, ""exit_mode"": ""vwap""}"
237,NOISE,NOISE_1_0.py,NQ,5m,WEAK,candidate,pre,3499,14.68,1.352,37.0,0.222,52.8,13659,760,optimize window,"{""daytype_lo"": 0.1, ""window"": ""all_day"", ""confirm_bars"": 1, ""daytype_mode"": ""off"", ""band_mult_long"": 1.0, ""vol_skip_pct"": 98.0, ""band_mult_short"": 1.75, ""skip_holidays"": true, ""stop_mode"": ""bandwidth"", ""flat_eod"": true, ""lookback"": 27, ""side"": ""Both"", ""daytype_hi"": 0.6, ""stop_k"": 1.25, ""exit_mode"": ""vwap""}"
237,NOISE,NOISE_1_0.py,NQ,5m,WEAK,candidate,wf,2941,9.2,1.413,38.3,0.255,81.3,14564,798,estimate: optimize yrs x WF trade share,"{""daytype_lo"": 0.15, ""window"": ""all_day"", ""confirm_bars"": 2, ""daytype_mode"": ""off"", ""band_mult_long"": 0.5, ""vol_skip_pct"": 89.0, ""band_mult_short"": 1.5, ""skip_holidays"": true, ""stop_mode"": ""fixed"", ""flat_eod"": true, ""lookback"": 64, ""side"": ""Both"", ""daytype_hi"": 0.9, ""stop_k"": 1.25, ""exit_mode"": ""vwap""}"
237,NOISE,NOISE_1_0.py,NQ,5m,WEAK,candidate,pre,4692,14.68,1.358,36.2,0.228,73.0,14896,798,optimize window,"{""daytype_lo"": 0.15, ""window"": ""all_day"", ""confirm_bars"": 2, ""daytype_mode"": ""off"", ""band_mult_long"": 0.5, ""vol_skip_pct"": 89.0, ""band_mult_short"": 1.5, ""skip_holidays"": true, ""stop_mode"": ""fixed"", ""flat_eod"": true, ""lookback"": 64, ""side"": ""Both"", ""daytype_hi"": 0.9, ""stop_k"": 1.25, ""exit_mode"": ""vwap""}"
237,NOISE,NOISE_1_0.py,NQ,5m,WEAK,candidate,wf,1358,9.06,1.326,39.1,0.199,29.8,7563,939,estimate: optimize yrs x WF trade share,"{""daytype_lo"": 0.35, ""window"": ""all_day"", ""confirm_bars"": 1, ""daytype_mode"": ""skip_top_long"", ""band_mult_long"": 1.5, ""vol_skip_pct"": 91.0, ""band_mult_short"": 1.25, ""skip_holidays"": true, ""stop_mode"": ""fixed"", ""flat_eod"": true, ""lookback"": 91, ""side"": ""Both"", ""daytype_hi"": 0.7, ""stop_k"": 3.25, ""exit_mode"": ""vwap""}"
237,NOISE,NOISE_1_0.py,NQ,5m,WEAK,candidate,pre,2201,14.68,1.308,38.1,0.19,28.6,8279,939,optimize window,"{""daytype_lo"": 0.35, ""window"": ""all_day"", ""confirm_bars"": 1, ""daytype_mode"": ""skip_top_long"", ""band_mult_long"": 1.5, ""vol_skip_pct"": 91.0, ""band_mult_short"": 1.25, ""skip_holidays"": true, ""stop_mode"": ""fixed"", ""flat_eod"": true, ""lookback"": 91, ""side"": ""Both"", ""daytype_hi"": 0.7, ""stop_k"": 3.25, ""exit_mode"": ""vwap""}"
237,NOISE,NOISE_1_0.py,NQ,5m,WEAK,candidate,wf,2477,9.07,1.369,26.9,0.27,73.7,14517,1161,estimate: optimize yrs x WF trade share,"{""daytype_lo"": 0.15, ""window"": ""afternoon_block"", ""confirm_bars"": 3, ""daytype_mode"": ""skip_bot_short"", ""band_mult_long"": 0.5, ""vol_skip_pct"": 97.0, ""band_mult_short"": 0.5, ""skip_holidays"": false, ""stop_mode"": ""fixed"", ""flat_eod"": false, ""lookback"": 117, ""side"": ""Both"", ""daytype_hi"": 0.55, ""stop_k"": 3.5, ""exit_mode"": ""band""}"
237,NOISE,NOISE_1_0.py,NQ,5m,WEAK,candidate,pre,4010,14.68,1.334,25.8,0.248,67.7,15311,1161,optimize window,"{""daytype_lo"": 0.15, ""window"": ""afternoon_block"", ""confirm_bars"": 3, ""daytype_mode"": ""skip_bot_short"", ""band_mult_long"": 0.5, ""vol_skip_pct"": 97.0, ""band_mult_short"": 0.5, ""skip_holidays"": false, ""stop_mode"": ""fixed"", ""flat_eod"": false, ""lookback"": 117, ""side"": ""Both"", ""daytype_hi"": 0.55, ""stop_k"": 3.5, ""exit_mode"": ""band""}"
237,NOISE,NOISE_1_0.py,NQ,5m,WEAK,candidate,wf,1761,9.13,1.393,39.6,0.237,45.8,10114,653,estimate: optimize yrs x WF trade share,"{""daytype_lo"": 0.2, ""window"": ""all_day"", ""confirm_bars"": 4, ""daytype_mode"": ""off"", ""band_mult_long"": 1.25, ""vol_skip_pct"": 95.0, ""band_mult_short"": 1.0, ""skip_holidays"": true, ""stop_mode"": ""atr"", ""flat_eod"": false, ""lookback"": 35, ""side"": ""Both"", ""daytype_hi"": 0.55, ""stop_k"": 1.75, ""exit_mode"": ""vwap""}"
237,NOISE,NOISE_1_0.py,NQ,5m,WEAK,candidate,pre,2833,14.68,1.356,38.5,0.219,42.2,10771,653,optimize window,"{""daytype_lo"": 0.2, ""window"": ""all_day"", ""confirm_bars"": 4, ""daytype_mode"": ""off"", ""band_mult_long"": 1.25, ""vol_skip_pct"": 95.0, ""band_mult_short"": 1.0, ""skip_holidays"": true, ""stop_mode"": ""atr"", ""flat_eod"": false, ""lookback"": 35, ""side"": ""Both"", ""daytype_hi"": 0.55, ""stop_k"": 1.75, ""exit_mode"": ""vwap""}"
237,NOISE,NOISE_1_0.py,NQ,5m,WEAK,candidate,wf,2027,9.18,1.437,38.7,0.268,59.2,12871,654,estimate: optimize yrs x WF trade share,"{""daytype_lo"": 0.25, ""window"": ""all_day"", ""confirm_bars"": 2, ""daytype_mode"": ""off"", ""band_mult_long"": 1.0, ""vol_skip_pct"": 86.0, ""band_mult_short"": 1.0, ""skip_holidays"": true, ""stop_mode"": ""bandwidth"", ""flat_eod"": true, ""lookback"": 105, ""side"": ""Both"", ""daytype_hi"": 0.55, ""stop_k"": 4.0, ""exit_mode"": ""vwap""}"
237,NOISE,NOISE_1_0.py,NQ,5m,WEAK,candidate,pre,3243,14.68,1.389,37.2,0.244,53.9,13342,654,optimize window,"{""daytype_lo"": 0.25, ""window"": ""all_day"", ""confirm_bars"": 2, ""daytype_mode"": ""off"", ""band_mult_long"": 1.0, ""vol_skip_pct"": 86.0, ""band_mult_short"": 1.0, ""skip_holidays"": true, ""stop_mode"": ""bandwidth"", ""flat_eod"": true, ""lookback"": 105, ""side"": ""Both"", ""daytype_hi"": 0.55, ""stop_k"": 4.0, ""exit_mode"": ""vwap""}"
237,NOISE,NOISE_1_0.py,NQ,5m,WEAK,candidate,wf,1198,9.18,1.515,39.7,0.31,40.5,10377,835,estimate: optimize yrs x WF trade share,"{""daytype_lo"": 0.1, ""window"": ""morning"", ""confirm_bars"": 2, ""daytype_mode"": ""skip_bot_short"", ""band_mult_long"": 1.0, ""vol_skip_pct"": 98.0, ""band_mult_short"": 1.5, ""skip_holidays"": true, ""stop_mode"": ""atr"", ""flat_eod"": false, ""lookback"": 61, ""side"": ""Both"", ""daytype_hi"": 0.7, ""stop_k"": 3.5, ""exit_mode"": ""vwap""}"
237,NOISE,NOISE_1_0.py,NQ,5m,WEAK,candidate,pre,1916,14.68,1.466,38.0,0.289,37.7,11011,835,optimize window,"{""daytype_lo"": 0.1, ""window"": ""morning"", ""confirm_bars"": 2, ""daytype_mode"": ""skip_bot_short"", ""band_mult_long"": 1.0, ""vol_skip_pct"": 98.0, ""band_mult_short"": 1.5, ""skip_holidays"": true, ""stop_mode"": ""atr"", ""flat_eod"": false, ""lookback"": 61, ""side"": ""Both"", ""daytype_hi"": 0.7, ""stop_k"": 3.5, ""exit_mode"": ""vwap""}"
237,NOISE,NOISE_1_0.py,NQ,5m,WEAK,candidate,wf,1007,9.27,1.602,43.0,0.343,37.3,10391,907,estimate: optimize yrs x WF trade share,"{""daytype_lo"": 0.15, ""window"": ""afternoon_block"", ""confirm_bars"": 1, ""daytype_mode"": ""skip_bot_all"", ""band_mult_long"": 1.25, ""vol_skip_pct"": 98.0, ""band_mult_short"": 2.0, ""skip_holidays"": false, ""stop_mode"": ""fixed"", ""flat_eod"": true, ""lookback"": 116, ""side"": ""Both"", ""daytype_hi"": 0.65, ""stop_k"": 2.75, ""exit_mode"": ""vwap""}"
237,NOISE,NOISE_1_0.py,NQ,5m,WEAK,candidate,pre,1595,14.68,1.554,41.2,0.326,35.4,11137,907,optimize window,"{""daytype_lo"": 0.15, ""window"": ""afternoon_block"", ""confirm_bars"": 1, ""daytype_mode"": ""skip_bot_all"", ""band_mult_long"": 1.25, ""vol_skip_pct"": 98.0, ""band_mult_short"": 2.0, ""skip_holidays"": false, ""stop_mode"": ""fixed"", ""flat_eod"": true, ""lookback"": 116, ""side"": ""Both"", ""daytype_hi"": 0.65, ""stop_k"": 2.75, ""exit_mode"": ""vwap""}"
238,BOOK,BOOK: NOISE + ORB230,,,PASS,champion,pre,6370,16.18,1.292,42.2,0.169,66.6,10944883,547690,optimize window,"{""book"": [""ORB_3_4_C221.py"", ""NOISE_1_0.py""]}"
239,ORB,ORB_3_6_BE08.py,NQ,5m,PASS,champion,pre,1795,15.18,1.114,45.2,0.062,7.4,56325,23917,optimize window,"{""skip_holidays"": true, ""breakout_buf"": 0.25, ""vpace_filter"": 0.7, ""close_confirm"": true, ""flat_eod"": true, ""or_bars"": 2, ""be_after_R"": 0.8, ""stop_frac"": 2.0, ""trail_bars"": 0, ""target_R"": 5.5, ""partial_exit_R"": 0.0, ""trade_mode"": ""First-candle dir"", ""atr_filter"": 0.7}"
239,ORB,ORB_3_6_BE08.py,NQ,5m,PASS,candidate,wf,1454,9.09,1.336,46.9,0.178,28.5,15034,1469,estimate: optimize yrs x WF trade share,"{""skip_holidays"": true, ""breakout_buf"": 0.25, ""vpace_filter"": 0.7, ""close_confirm"": true, ""flat_eod"": true, ""or_bars"": 2, ""stop_frac"": 2.0, ""be_after_R"": 0.8, ""trail_bars"": 0, ""target_R"": 5.5, ""partial_exit_R"": 0.0, ""trade_mode"": ""First-candle dir"", ""atr_filter"": 0.7}"
239,ORB,ORB_3_6_BE08.py,NQ,5m,PASS,candidate,pre,2429,15.18,1.286,45.9,0.155,24.8,15030,1469,optimize window,"{""skip_holidays"": true, ""breakout_buf"": 0.25, ""vpace_filter"": 0.7, ""close_confirm"": true, ""flat_eod"": true, ""or_bars"": 2, ""stop_frac"": 2.0, ""be_after_R"": 0.8, ""trail_bars"": 0, ""target_R"": 5.5, ""partial_exit_R"": 0.0, ""trade_mode"": ""First-candle dir"", ""atr_filter"": 0.7}"
240,ORB,ORB_3_6_BE12.py,NQ,5m,PASS,champion,pre,1795,15.18,1.103,46.8,0.055,6.5,52940,27155,optimize window,"{""skip_holidays"": true, ""breakout_buf"": 0.25, ""vpace_filter"": 0.7, ""close_confirm"": true, ""flat_eod"": true, ""or_bars"": 2, ""be_after_R"": 1.2, ""stop_frac"": 2.0, ""trail_bars"": 0, ""target_R"": 5.5, ""partial_exit_R"": 0.0, ""trade_mode"": ""First-candle dir"", ""atr_filter"": 0.7}"
240,ORB,ORB_3_6_BE12.py,NQ,5m,PASS,candidate,wf,1454,9.09,1.332,49.2,0.168,26.9,15383,1438,estimate: optimize yrs x WF trade share,"{""skip_holidays"": true, ""breakout_buf"": 0.25, ""vpace_filter"": 0.7, ""close_confirm"": true, ""flat_eod"": true, ""or_bars"": 2, ""stop_frac"": 2.0, ""be_after_R"": 1.2, ""trail_bars"": 0, ""target_R"": 5.5, ""partial_exit_R"": 0.0, ""trade_mode"": ""First-candle dir"", ""atr_filter"": 0.7}"
240,ORB,ORB_3_6_BE12.py,NQ,5m,PASS,candidate,pre,2429,15.18,1.281,48.0,0.146,23.4,15260,1438,optimize window,"{""skip_holidays"": true, ""breakout_buf"": 0.25, ""vpace_filter"": 0.7, ""close_confirm"": true, ""flat_eod"": true, ""or_bars"": 2, ""stop_frac"": 2.0, ""be_after_R"": 1.2, ""trail_bars"": 0, ""target_R"": 5.5, ""partial_exit_R"": 0.0, ""trade_mode"": ""First-candle dir"", ""atr_filter"": 0.7}"
241,NOISE,NOISE_1_1_SBS.py,NQ,5m,PASS,champion,pre,3584,14.68,1.25,35.0,0.163,39.7,120445,13649,optimize window,"{""daytype_lo"": 0.2, ""window"": ""all_day"", ""confirm_bars"": 1, ""daytype_mode"": ""skip_bot_short"", ""band_mult_long"": 0.75, ""vol_skip_pct"": 0.0, ""band_mult_short"": 1.5, ""skip_holidays"": false, ""stop_mode"": ""bandwidth"", ""flat_eod"": true, ""lookback"": 44, ""side"": ""Both"", ""daytype_hi"": 0.8, ""stop_k"": 1.75, ""exit_mode"": ""vwap""}"
241,NOISE,NOISE_1_1_SBS.py,NQ,5m,PASS,candidate,wf,3006,9.29,1.344,37.4,0.216,69.7,15194,928,estimate: optimize yrs x WF trade share,"{""daytype_lo"": 0.2, ""window"": ""all_day"", ""confirm_bars"": 1, ""daytype_mode"": ""skip_bot_short"", ""band_mult_long"": 0.75, ""vol_skip_pct"": 0.0, ""band_mult_short"": 1.5, ""skip_holidays"": false, ""stop_mode"": ""bandwidth"", ""flat_eod"": true, ""lookback"": 44, ""side"": ""Both"", ""daytype_hi"": 0.8, ""stop_k"": 1.75, ""exit_mode"": ""vwap""}"
241,NOISE,NOISE_1_1_SBS.py,NQ,5m,PASS,candidate,pre,4748,14.68,1.315,36.2,0.201,65.0,16026,928,optimize window,"{""daytype_lo"": 0.2, ""window"": ""all_day"", ""confirm_bars"": 1, ""daytype_mode"": ""skip_bot_short"", ""band_mult_long"": 0.75, ""vol_skip_pct"": 0.0, ""band_mult_short"": 1.5, ""skip_holidays"": false, ""stop_mode"": ""bandwidth"", ""flat_eod"": true, ""lookback"": 44, ""side"": ""Both"", ""daytype_hi"": 0.8, ""stop_k"": 1.75, ""exit_mode"": ""vwap""}"
242,NOISE,NOISE_1_1_BASE.py,NQ,5m,PASS,champion,pre,3872,14.68,1.174,34.7,0.114,30.1,96611,16827,optimize window,"{""daytype_lo"": 0.2, ""window"": ""all_day"", ""confirm_bars"": 1, ""daytype_mode"": ""off"", ""band_mult_long"": 0.75, ""vol_skip_pct"": 0.0, ""band_mult_short"": 1.5, ""skip_holidays"": false, ""stop_mode"": ""bandwidth"", ""flat_eod"": true, ""lookback"": 44, ""side"": ""Both"", ""daytype_hi"": 0.8, ""stop_k"": 1.75, ""exit_mode"": ""vwap""}"
242,NOISE,NOISE_1_1_BASE.py,NQ,5m,PASS,candidate,wf,3192,9.16,1.274,37.1,0.172,60.0,13547,974,estimate: optimize yrs x WF trade share,"{""daytype_lo"": 0.2, ""window"": ""all_day"", ""confirm_bars"": 1, ""daytype_mode"": ""off"", ""band_mult_long"": 0.75, ""vol_skip_pct"": 0.0, ""band_mult_short"": 1.5, ""skip_holidays"": false, ""stop_mode"": ""bandwidth"", ""flat_eod"": true, ""lookback"": 44, ""side"": ""Both"", ""daytype_hi"": 0.8, ""stop_k"": 1.75, ""exit_mode"": ""vwap""}"
242,NOISE,NOISE_1_1_BASE.py,NQ,5m,PASS,candidate,pre,5113,14.68,1.241,35.7,0.155,53.9,13856,974,optimize window,"{""daytype_lo"": 0.2, ""window"": ""all_day"", ""confirm_bars"": 1, ""daytype_mode"": ""off"", ""band_mult_long"": 0.75, ""vol_skip_pct"": 0.0, ""band_mult_short"": 1.5, ""skip_holidays"": false, ""stop_mode"": ""bandwidth"", ""flat_eod"": true, ""lookback"": 44, ""side"": ""Both"", ""daytype_hi"": 0.8, ""stop_k"": 1.75, ""exit_mode"": ""vwap""}"
243,NOISE,NOISE_1_1_SBS_V90.py,NQ,5m,PASS,champion,pre,3045,14.68,1.276,35.0,0.179,37.2,97917,9874,optimize window,"{""daytype_lo"": 0.2, ""window"": ""all_day"", ""confirm_bars"": 1, ""daytype_mode"": ""skip_bot_short"", ""band_mult_long"": 0.75, ""vol_skip_pct"": 90.0, ""band_mult_short"": 1.5, ""skip_holidays"": false, ""stop_mode"": ""bandwidth"", ""flat_eod"": true, ""lookback"": 44, ""side"": ""Both"", ""daytype_hi"": 0.8, ""stop_k"": 1.75, ""exit_mode"": ""vwap""}"
243,NOISE,NOISE_1_1_SBS_V90.py,NQ,5m,PASS,candidate,wf,2571,9.31,1.462,37.7,0.288,79.5,15184,921,estimate: optimize yrs x WF trade share,"{""daytype_lo"": 0.2, ""window"": ""all_day"", ""confirm_bars"": 1, ""daytype_mode"": ""skip_bot_short"", ""band_mult_long"": 0.75, ""vol_skip_pct"": 90.0, ""band_mult_short"": 1.5, ""skip_holidays"": false, ""stop_mode"": ""bandwidth"", ""flat_eod"": true, ""lookback"": 44, ""side"": ""Both"", ""daytype_hi"": 0.8, ""stop_k"": 1.75, ""exit_mode"": ""vwap""}"
243,NOISE,NOISE_1_1_SBS_V90.py,NQ,5m,PASS,candidate,pre,4054,14.68,1.42,36.4,0.267,73.8,16007,921,optimize window,"{""daytype_lo"": 0.2, ""window"": ""all_day"", ""confirm_bars"": 1, ""daytype_mode"": ""skip_bot_short"", ""band_mult_long"": 0.75, ""vol_skip_pct"": 90.0, ""band_mult_short"": 1.5, ""skip_holidays"": false, ""stop_mode"": ""bandwidth"", ""flat_eod"": true, ""lookback"": 44, ""side"": ""Both"", ""daytype_hi"": 0.8, ""stop_k"": 1.75, ""exit_mode"": ""vwap""}"
244,ORB,ORB_3_6_S175.py,NQ,5m,PASS,champion,pre,1795,15.18,1.118,44.1,0.066,7.8,58090,23763,optimize window,"{""skip_holidays"": true, ""breakout_buf"": 0.25, ""vpace_filter"": 0.7, ""close_confirm"": true, ""flat_eod"": true, ""or_bars"": 2, ""be_after_R"": 1.0, ""stop_frac"": 1.75, ""trail_bars"": 0, ""target_R"": 5.5, ""partial_exit_R"": 0.0, ""trade_mode"": ""First-candle dir"", ""atr_filter"": 0.7}"
244,ORB,ORB_3_6_S175.py,NQ,5m,PASS,candidate,wf,1454,9.09,1.309,46.2,0.166,26.6,13861,1331,estimate: optimize yrs x WF trade share,"{""skip_holidays"": true, ""breakout_buf"": 0.25, ""vpace_filter"": 0.7, ""close_confirm"": true, ""flat_eod"": true, ""or_bars"": 2, ""stop_frac"": 1.75, ""be_after_R"": 1.0, ""trail_bars"": 0, ""target_R"": 5.5, ""partial_exit_R"": 0.0, ""trade_mode"": ""First-candle dir"", ""atr_filter"": 0.7}"
244,ORB,ORB_3_6_S175.py,NQ,5m,PASS,candidate,pre,2429,15.18,1.261,44.8,0.144,23.1,13721,1331,optimize window,"{""skip_holidays"": true, ""breakout_buf"": 0.25, ""vpace_filter"": 0.7, ""close_confirm"": true, ""flat_eod"": true, ""or_bars"": 2, ""stop_frac"": 1.75, ""be_after_R"": 1.0, ""trail_bars"": 0, ""target_R"": 5.5, ""partial_exit_R"": 0.0, ""trade_mode"": ""First-candle dir"", ""atr_filter"": 0.7}"
245,NOISE,NOISE_1_1_SBA.py,NQ,5m,PASS,champion,pre,3026,14.68,1.258,34.6,0.168,34.7,102756,11048,optimize window,"{""daytype_lo"": 0.2, ""window"": ""all_day"", ""confirm_bars"": 1, ""daytype_mode"": ""skip_bot_all"", ""band_mult_long"": 0.75, ""vol_skip_pct"": 0.0, ""band_mult_short"": 1.5, ""skip_holidays"": false, ""stop_mode"": ""bandwidth"", ""flat_eod"": true, ""lookback"": 44, ""side"": ""Both"", ""daytype_hi"": 0.8, ""stop_k"": 1.75, ""exit_mode"": ""vwap""}"
245,NOISE,NOISE_1_1_SBA.py,NQ,5m,PASS,candidate,wf,2538,9.34,1.428,37.7,0.267,72.6,14988,797,estimate: optimize yrs x WF trade share,"{""daytype_lo"": 0.2, ""window"": ""all_day"", ""confirm_bars"": 1, ""daytype_mode"": ""skip_bot_all"", ""band_mult_long"": 0.75, ""vol_skip_pct"": 0.0, ""band_mult_short"": 1.5, ""skip_holidays"": false, ""stop_mode"": ""bandwidth"", ""flat_eod"": true, ""lookback"": 44, ""side"": ""Both"", ""daytype_hi"": 0.8, ""stop_k"": 1.75, ""exit_mode"": ""vwap""}"
245,NOISE,NOISE_1_1_SBA.py,NQ,5m,PASS,candidate,pre,3991,14.68,1.379,36.2,0.242,65.8,15439,797,optimize window,"{""daytype_lo"": 0.2, ""window"": ""all_day"", ""confirm_bars"": 1, ""daytype_mode"": ""skip_bot_all"", ""band_mult_long"": 0.75, ""vol_skip_pct"": 0.0, ""band_mult_short"": 1.5, ""skip_holidays"": false, ""stop_mode"": ""bandwidth"", ""flat_eod"": true, ""lookback"": 44, ""side"": ""Both"", ""daytype_hi"": 0.8, ""stop_k"": 1.75, ""exit_mode"": ""vwap""}"
246,ORB,ORB_3_6_S225.py,NQ,5m,PASS,champion,pre,1795,15.18,1.096,47.0,0.051,6.0,49879,34101,optimize window,"{""skip_holidays"": true, ""breakout_buf"": 0.25, ""vpace_filter"": 0.7, ""close_confirm"": true, ""flat_eod"": true, ""or_bars"": 2, ""be_after_R"": 1.0, ""stop_frac"": 2.25, ""trail_bars"": 0, ""target_R"": 5.5, ""partial_exit_R"": 0.0, ""trade_mode"": ""First-candle dir"", ""atr_filter"": 0.7}"
246,ORB,ORB_3_6_S225.py,NQ,5m,PASS,candidate,wf,1454,9.09,1.321,49.7,0.161,25.8,15087,1705,estimate: optimize yrs x WF trade share,"{""skip_holidays"": true, ""breakout_buf"": 0.25, ""vpace_filter"": 0.7, ""close_confirm"": true, ""flat_eod"": true, ""or_bars"": 2, ""stop_frac"": 2.25, ""be_after_R"": 1.0, ""trail_bars"": 0, ""target_R"": 5.5, ""partial_exit_R"": 0.0, ""trade_mode"": ""First-candle dir"", ""atr_filter"": 0.7}"
246,ORB,ORB_3_6_S225.py,NQ,5m,PASS,candidate,pre,2429,15.18,1.269,48.3,0.139,22.2,14827,1705,optimize window,"{""skip_holidays"": true, ""breakout_buf"": 0.25, ""vpace_filter"": 0.7, ""close_confirm"": true, ""flat_eod"": true, ""or_bars"": 2, ""stop_frac"": 2.25, ""be_after_R"": 1.0, ""trail_bars"": 0, ""target_R"": 5.5, ""partial_exit_R"": 0.0, ""trade_mode"": ""First-candle dir"", ""atr_filter"": 0.7}"
247,ENGU-Q,ENGUQ_1M_ETH_TRAIL_1_0.py,NQ,1m,WEAK,champion,pre,2343,15.06,1.348,26.3,0.257,39.9,201712,45044,optimize window,"{""buf_atr"": 0.9, ""vol_mult"": 0.8, ""ema_len"": 1380, ""tl_len"": 170, ""stop_mult"": 1.0, ""trail_frac"": 2.1, ""regime_len"": 0, ""min_brk"": 1.3, ""breakeven_R"": 1.5, ""atr_len"": 106, ""act_R"": 2.5}"
247,ENGU-Q,ENGUQ_1M_ETH_TRAIL_1_0.py,NQ,1m,WEAK,candidate,wf,1640,8.72,1.335,27.0,0.245,46.1,16648,2495,estimate: optimize yrs x WF trade share,"{""buf_atr"": 0.9, ""ema_len"": 1380, ""breakeven_R"": 1.5, ""tl_len"": 170, ""stop_mult"": 1.0, ""trail_frac"": 2.3, ""regime_len"": 0, ""min_brk"": 1.3, ""vol_mult"": 0.8, ""atr_len"": 106, ""act_R"": 2.5}"
247,ENGU-Q,ENGUQ_1M_ETH_TRAIL_1_0.py,NQ,1m,WEAK,candidate,pre,2833,15.06,1.317,25.8,0.235,44.2,18249,2495,optimize window,"{""buf_atr"": 0.9, ""ema_len"": 1380, ""breakeven_R"": 1.5, ""tl_len"": 170, ""stop_mult"": 1.0, ""trail_frac"": 2.3, ""regime_len"": 0, ""min_brk"": 1.3, ""vol_mult"": 0.8, ""atr_len"": 106, ""act_R"": 2.5}"
247,ENGU-Q,ENGUQ_1M_ETH_TRAIL_1_0.py,NQ,1m,WEAK,candidate,wf,1801,8.7,1.3,26.9,0.219,45.4,16014,2627,estimate: optimize yrs x WF trade share,"{""buf_atr"": 0.9, ""ema_len"": 1380, ""breakeven_R"": 1.5, ""tl_len"": 170, ""stop_mult"": 1.0, ""trail_frac"": 2.1, ""regime_len"": 0, ""min_brk"": 1.3, ""vol_mult"": 0.8, ""atr_len"": 106, ""act_R"": 2.5}"
247,ENGU-Q,ENGUQ_1M_ETH_TRAIL_1_0.py,NQ,1m,WEAK,candidate,pre,3118,15.06,1.279,26.1,0.206,42.7,17347,2627,optimize window,"{""buf_atr"": 0.9, ""ema_len"": 1380, ""breakeven_R"": 1.5, ""tl_len"": 170, ""stop_mult"": 1.0, ""trail_frac"": 2.1, ""regime_len"": 0, ""min_brk"": 1.3, ""vol_mult"": 0.8, ""atr_len"": 106, ""act_R"": 2.5}"
247,ENGU-Q,ENGUQ_1M_ETH_TRAIL_1_0.py,NQ,1m,WEAK,candidate,wf,1756,8.8,1.291,27.3,0.212,42.3,15172,2552,estimate: optimize yrs x WF trade share,"{""buf_atr"": 0.9, ""ema_len"": 1380, ""breakeven_R"": 1.5, ""tl_len"": 170, ""stop_mult"": 1.0, ""trail_frac"": 2.2, ""regime_len"": 0, ""min_brk"": 1.3, ""vol_mult"": 0.8, ""atr_len"": 106, ""act_R"": 2.5}"
247,ENGU-Q,ENGUQ_1M_ETH_TRAIL_1_0.py,NQ,1m,WEAK,candidate,pre,3004,15.06,1.276,26.2,0.204,40.7,16685,2552,optimize window,"{""buf_atr"": 0.9, ""ema_len"": 1380, ""breakeven_R"": 1.5, ""tl_len"": 170, ""stop_mult"": 1.0, ""trail_frac"": 2.2, ""regime_len"": 0, ""min_brk"": 1.3, ""vol_mult"": 0.8, ""atr_len"": 106, ""act_R"": 2.5}"
247,ENGU-Q,ENGUQ_1M_ETH_TRAIL_1_0.py,NQ,1m,WEAK,candidate,wf,1594,8.68,1.321,26.9,0.235,43.1,15615,2593,estimate: optimize yrs x WF trade share,"{""buf_atr"": 0.9, ""ema_len"": 1380, ""breakeven_R"": 1.5, ""tl_len"": 170, ""stop_mult"": 1.0, ""trail_frac"": 2.4, ""regime_len"": 0, ""min_brk"": 1.3, ""vol_mult"": 0.8, ""atr_len"": 106, ""act_R"": 2.5}"
247,ENGU-Q,ENGUQ_1M_ETH_TRAIL_1_0.py,NQ,1m,WEAK,candidate,pre,2767,15.06,1.302,25.7,0.225,41.3,17068,2593,optimize window,"{""buf_atr"": 0.9, ""ema_len"": 1380, ""breakeven_R"": 1.5, ""tl_len"": 170, ""stop_mult"": 1.0, ""trail_frac"": 2.4, ""regime_len"": 0, ""min_brk"": 1.3, ""vol_mult"": 0.8, ""atr_len"": 106, ""act_R"": 2.5}"
247,ENGU-Q,ENGUQ_1M_ETH_TRAIL_1_0.py,NQ,1m,WEAK,candidate,wf,1437,8.59,1.36,25.5,0.268,44.9,16194,2744,estimate: optimize yrs x WF trade share,"{""buf_atr"": 0.9, ""ema_len"": 1380, ""breakeven_R"": 1.5, ""tl_len"": 170, ""stop_mult"": 1.0, ""trail_frac"": 2.6, ""regime_len"": 0, ""min_brk"": 1.3, ""vol_mult"": 0.8, ""atr_len"": 106, ""act_R"": 2.5}"
247,ENGU-Q,ENGUQ_1M_ETH_TRAIL_1_0.py,NQ,1m,WEAK,candidate,pre,2520,15.06,1.344,24.2,0.261,43.7,17999,2744,optimize window,"{""buf_atr"": 0.9, ""ema_len"": 1380, ""breakeven_R"": 1.5, ""tl_len"": 170, ""stop_mult"": 1.0, ""trail_frac"": 2.6, ""regime_len"": 0, ""min_brk"": 1.3, ""vol_mult"": 0.8, ""atr_len"": 106, ""act_R"": 2.5}"
247,ENGU-Q,ENGUQ_1M_ETH_TRAIL_1_0.py,NQ,1m,WEAK,robust,wf,1537,8.72,1.304,26.5,0.223,39.3,14539,2521,estimate: optimize yrs x WF trade share,"{""buf_atr"": 0.9, ""ema_len"": 1380, ""breakeven_R"": 1.5, ""tl_len"": 170, ""stop_mult"": 1.0, ""trail_frac"": 2.5, ""regime_len"": 0, ""min_brk"": 1.3, ""vol_mult"": 0.8, ""atr_len"": 106, ""act_R"": 2.5}"
247,ENGU-Q,ENGUQ_1M_ETH_TRAIL_1_0.py,NQ,1m,WEAK,robust,pre,2655,15.06,1.293,25.2,0.219,38.6,16232,2521,optimize window,"{""buf_atr"": 0.9, ""ema_len"": 1380, ""breakeven_R"": 1.5, ""tl_len"": 170, ""stop_mult"": 1.0, ""trail_frac"": 2.5, ""regime_len"": 0, ""min_brk"": 1.3, ""vol_mult"": 0.8, ""atr_len"": 106, ""act_R"": 2.5}"
248,ENGU-Q,ENGUQ_1M_ETH_LIM20_1_0.py,NQ,1m,PASS,champion,pre,2005,15.06,1.38,25.8,0.282,37.5,194167,53798,optimize window,"{""buf_atr"": 0.9, ""breakeven_R"": 1.5, ""ema_len"": 1380, ""tl_len"": 170, ""vol_mult"": 0.8, ""stop_mult"": 1.0, ""trail_frac"": 2.5, ""regime_len"": 0, ""min_brk"": 1.3, ""limit_atr"": 0.2, ""atr_len"": 106, ""act_R"": 2.5}"
248,ENGU-Q,ENGUQ_1M_ETH_LIM20_1_0.py,NQ,1m,PASS,candidate,wf,1542,8.7,1.336,27.2,0.244,43.3,15934,2701,estimate: optimize yrs x WF trade share,"{""buf_atr"": 0.9, ""limit_atr"": 0.2, ""vol_mult"": 0.8, ""tl_len"": 170, ""breakeven_R"": 1.5, ""stop_mult"": 1.0, ""trail_frac"": 2.5, ""regime_len"": 0, ""min_brk"": 1.3, ""ema_len"": 1380, ""atr_len"": 106, ""act_R"": 2.5}"
248,ENGU-Q,ENGUQ_1M_ETH_LIM20_1_0.py,NQ,1m,PASS,candidate,pre,2670,15.06,1.325,25.9,0.241,42.8,17845,2701,optimize window,"{""buf_atr"": 0.9, ""limit_atr"": 0.2, ""vol_mult"": 0.8, ""tl_len"": 170, ""breakeven_R"": 1.5, ""stop_mult"": 1.0, ""trail_frac"": 2.5, ""regime_len"": 0, ""min_brk"": 1.3, ""ema_len"": 1380, ""atr_len"": 106, ""act_R"": 2.5}"
249,ENGU-Q,ENGUQ_1M_ETH_LIM50_1_0.py,NQ,1m,PASS,champion,pre,2016,15.06,1.465,27.0,0.34,45.5,228883,49425,optimize window,"{""buf_atr"": 0.9, ""breakeven_R"": 1.5, ""ema_len"": 1380, ""tl_len"": 170, ""vol_mult"": 0.8, ""stop_mult"": 1.0, ""trail_frac"": 2.5, ""regime_len"": 0, ""min_brk"": 1.3, ""limit_atr"": 0.5, ""atr_len"": 106, ""act_R"": 2.5}"
249,ENGU-Q,ENGUQ_1M_ETH_LIM50_1_0.py,NQ,1m,PASS,candidate,wf,1561,8.62,1.368,28.4,0.263,47.7,17402,3083,estimate: optimize yrs x WF trade share,"{""buf_atr"": 0.9, ""limit_atr"": 0.5, ""vol_mult"": 0.8, ""tl_len"": 170, ""breakeven_R"": 1.5, ""stop_mult"": 1.0, ""trail_frac"": 2.5, ""regime_len"": 0, ""min_brk"": 1.3, ""ema_len"": 1380, ""atr_len"": 106, ""act_R"": 2.5}"
249,ENGU-Q,ENGUQ_1M_ETH_LIM50_1_0.py,NQ,1m,PASS,candidate,pre,2726,15.06,1.355,26.9,0.259,46.9,19367,3083,optimize window,"{""buf_atr"": 0.9, ""limit_atr"": 0.5, ""vol_mult"": 0.8, ""tl_len"": 170, ""breakeven_R"": 1.5, ""stop_mult"": 1.0, ""trail_frac"": 2.5, ""regime_len"": 0, ""min_brk"": 1.3, ""ema_len"": 1380, ""atr_len"": 106, ""act_R"": 2.5}"
250,ORB,ORB_3_6_T50.py,NQ,5m,PASS,champion,pre,1795,15.18,1.108,46.2,0.058,6.9,54805,29142,optimize window,"{""skip_holidays"": true, ""breakout_buf"": 0.25, ""vpace_filter"": 0.7, ""close_confirm"": true, ""flat_eod"": true, ""or_bars"": 2, ""be_after_R"": 1.0, ""stop_frac"": 2.0, ""trail_bars"": 0, ""target_R"": 5.0, ""partial_exit_R"": 0.0, ""trade_mode"": ""First-candle dir"", ""atr_filter"": 0.7}"
250,ORB,ORB_3_6_T50.py,NQ,5m,PASS,candidate,wf,1454,9.09,1.33,48.4,0.17,27.2,15123,1457,estimate: optimize yrs x WF trade share,"{""skip_holidays"": true, ""breakout_buf"": 0.25, ""vpace_filter"": 0.7, ""close_confirm"": true, ""flat_eod"": true, ""or_bars"": 2, ""stop_frac"": 2.0, ""be_after_R"": 1.0, ""trail_bars"": 0, ""target_R"": 5.0, ""partial_exit_R"": 0.0, ""trade_mode"": ""First-candle dir"", ""atr_filter"": 0.7}"
250,ORB,ORB_3_6_T50.py,NQ,5m,PASS,candidate,pre,2429,15.18,1.281,47.2,0.148,23.7,15103,1457,optimize window,"{""skip_holidays"": true, ""breakout_buf"": 0.25, ""vpace_filter"": 0.7, ""close_confirm"": true, ""flat_eod"": true, ""or_bars"": 2, ""stop_frac"": 2.0, ""be_after_R"": 1.0, ""trail_bars"": 0, ""target_R"": 5.0, ""partial_exit_R"": 0.0, ""trade_mode"": ""First-candle dir"", ""atr_filter"": 0.7}"
251,NOISE,NOISE_1_1_SBA.py,NQ,5m,PASS,champion,pre,3026,14.68,1.258,34.6,0.168,34.7,102756,11048,optimize window,"{""daytype_lo"": 0.2, ""window"": ""all_day"", ""confirm_bars"": 1, ""daytype_mode"": ""skip_bot_all"", ""band_mult_long"": 0.75, ""vol_skip_pct"": 0.0, ""band_mult_short"": 1.5, ""skip_holidays"": false, ""stop_mode"": ""bandwidth"", ""flat_eod"": true, ""lookback"": 44, ""side"": ""Both"", ""daytype_hi"": 0.8, ""stop_k"": 1.75, ""exit_mode"": ""vwap""}"
251,NOISE,NOISE_1_1_SBA.py,NQ,5m,PASS,candidate,wf,2538,9.34,1.428,37.7,0.267,72.6,14988,797,estimate: optimize yrs x WF trade share,"{""daytype_lo"": 0.2, ""window"": ""all_day"", ""confirm_bars"": 1, ""daytype_mode"": ""skip_bot_all"", ""band_mult_long"": 0.75, ""vol_skip_pct"": 0.0, ""band_mult_short"": 1.5, ""skip_holidays"": false, ""stop_mode"": ""bandwidth"", ""flat_eod"": true, ""lookback"": 44, ""side"": ""Both"", ""daytype_hi"": 0.8, ""stop_k"": 1.75, ""exit_mode"": ""vwap""}"
251,NOISE,NOISE_1_1_SBA.py,NQ,5m,PASS,candidate,pre,3991,14.68,1.379,36.2,0.242,65.8,15439,797,optimize window,"{""daytype_lo"": 0.2, ""window"": ""all_day"", ""confirm_bars"": 1, ""daytype_mode"": ""skip_bot_all"", ""band_mult_long"": 0.75, ""vol_skip_pct"": 0.0, ""band_mult_short"": 1.5, ""skip_holidays"": false, ""stop_mode"": ""bandwidth"", ""flat_eod"": true, ""lookback"": 44, ""side"": ""Both"", ""daytype_hi"": 0.8, ""stop_k"": 1.75, ""exit_mode"": ""vwap""}"
252,NOISE,NOISE_1_1_SBS_V90.py,NQ,5m,PASS,champion,pre,3045,14.68,1.276,35.0,0.179,37.2,97917,9874,optimize window,"{""daytype_lo"": 0.2, ""window"": ""all_day"", ""confirm_bars"": 1, ""daytype_mode"": ""skip_bot_short"", ""band_mult_long"": 0.75, ""vol_skip_pct"": 90.0, ""band_mult_short"": 1.5, ""skip_holidays"": false, ""stop_mode"": ""bandwidth"", ""flat_eod"": true, ""lookback"": 44, ""side"": ""Both"", ""daytype_hi"": 0.8, ""stop_k"": 1.75, ""exit_mode"": ""vwap""}"
252,NOISE,NOISE_1_1_SBS_V90.py,NQ,5m,PASS,candidate,wf,2571,9.31,1.462,37.7,0.288,79.5,15184,921,estimate: optimize yrs x WF trade share,"{""daytype_lo"": 0.2, ""window"": ""all_day"", ""confirm_bars"": 1, ""daytype_mode"": ""skip_bot_short"", ""band_mult_long"": 0.75, ""vol_skip_pct"": 90.0, ""band_mult_short"": 1.5, ""skip_holidays"": false, ""stop_mode"": ""bandwidth"", ""flat_eod"": true, ""lookback"": 44, ""side"": ""Both"", ""daytype_hi"": 0.8, ""stop_k"": 1.75, ""exit_mode"": ""vwap""}"
252,NOISE,NOISE_1_1_SBS_V90.py,NQ,5m,PASS,candidate,pre,4054,14.68,1.42,36.4,0.267,73.8,16007,921,optimize window,"{""daytype_lo"": 0.2, ""window"": ""all_day"", ""confirm_bars"": 1, ""daytype_mode"": ""skip_bot_short"", ""band_mult_long"": 0.75, ""vol_skip_pct"": 90.0, ""band_mult_short"": 1.5, ""skip_holidays"": false, ""stop_mode"": ""bandwidth"", ""flat_eod"": true, ""lookback"": 44, ""side"": ""Both"", ""daytype_hi"": 0.8, ""stop_k"": 1.75, ""exit_mode"": ""vwap""}"
253,NOISE,NOISE_1_1_SBS.py,NQ,5m,PASS,champion,pre,3584,14.68,1.25,35.0,0.163,39.7,120445,13649,optimize window,"{""daytype_lo"": 0.2, ""window"": ""all_day"", ""confirm_bars"": 1, ""daytype_mode"": ""skip_bot_short"", ""band_mult_long"": 0.75, ""vol_skip_pct"": 0.0, ""band_mult_short"": 1.5, ""skip_holidays"": false, ""stop_mode"": ""bandwidth"", ""flat_eod"": true, ""lookback"": 44, ""side"": ""Both"", ""daytype_hi"": 0.8, ""stop_k"": 1.75, ""exit_mode"": ""vwap""}"
253,NOISE,NOISE_1_1_SBS.py,NQ,5m,PASS,candidate,wf,3006,9.29,1.344,37.4,0.216,69.7,15194,928,estimate: optimize yrs x WF trade share,"{""daytype_lo"": 0.2, ""window"": ""all_day"", ""confirm_bars"": 1, ""daytype_mode"": ""skip_bot_short"", ""band_mult_long"": 0.75, ""vol_skip_pct"": 0.0, ""band_mult_short"": 1.5, ""skip_holidays"": false, ""stop_mode"": ""bandwidth"", ""flat_eod"": true, ""lookback"": 44, ""side"": ""Both"", ""daytype_hi"": 0.8, ""stop_k"": 1.75, ""exit_mode"": ""vwap""}"
253,NOISE,NOISE_1_1_SBS.py,NQ,5m,PASS,candidate,pre,4748,14.68,1.315,36.2,0.201,65.0,16026,928,optimize window,"{""daytype_lo"": 0.2, ""window"": ""all_day"", ""confirm_bars"": 1, ""daytype_mode"": ""skip_bot_short"", ""band_mult_long"": 0.75, ""vol_skip_pct"": 0.0, ""band_mult_short"": 1.5, ""skip_holidays"": false, ""stop_mode"": ""bandwidth"", ""flat_eod"": true, ""lookback"": 44, ""side"": ""Both"", ""daytype_hi"": 0.8, ""stop_k"": 1.75, ""exit_mode"": ""vwap""}"
254,NOISE,NOISE_1_1_BASE.py,NQ,5m,PASS,champion,pre,3872,14.68,1.174,34.7,0.114,30.1,96611,16827,optimize window,"{""daytype_lo"": 0.2, ""window"": ""all_day"", ""confirm_bars"": 1, ""daytype_mode"": ""off"", ""band_mult_long"": 0.75, ""vol_skip_pct"": 0.0, ""band_mult_short"": 1.5, ""skip_holidays"": false, ""stop_mode"": ""bandwidth"", ""flat_eod"": true, ""lookback"": 44, ""side"": ""Both"", ""daytype_hi"": 0.8, ""stop_k"": 1.75, ""exit_mode"": ""vwap""}"
254,NOISE,NOISE_1_1_BASE.py,NQ,5m,PASS,candidate,wf,3192,9.16,1.274,37.1,0.172,60.0,13547,974,estimate: optimize yrs x WF trade share,"{""daytype_lo"": 0.2, ""window"": ""all_day"", ""confirm_bars"": 1, ""daytype_mode"": ""off"", ""band_mult_long"": 0.75, ""vol_skip_pct"": 0.0, ""band_mult_short"": 1.5, ""skip_holidays"": false, ""stop_mode"": ""bandwidth"", ""flat_eod"": true, ""lookback"": 44, ""side"": ""Both"", ""daytype_hi"": 0.8, ""stop_k"": 1.75, ""exit_mode"": ""vwap""}"
254,NOISE,NOISE_1_1_BASE.py,NQ,5m,PASS,candidate,pre,5113,14.68,1.241,35.7,0.155,53.9,13856,974,optimize window,"{""daytype_lo"": 0.2, ""window"": ""all_day"", ""confirm_bars"": 1, ""daytype_mode"": ""off"", ""band_mult_long"": 0.75, ""vol_skip_pct"": 0.0, ""band_mult_short"": 1.5, ""skip_holidays"": false, ""stop_mode"": ""bandwidth"", ""flat_eod"": true, ""lookback"": 44, ""side"": ""Both"", ""daytype_hi"": 0.8, ""stop_k"": 1.75, ""exit_mode"": ""vwap""}"
255,ORB,ORB_3_6_T45.py,NQ,5m,PASS,champion,pre,1795,15.18,1.11,46.2,0.059,7.0,56020,29142,optimize window,"{""skip_holidays"": true, ""breakout_buf"": 0.25, ""vpace_filter"": 0.7, ""close_confirm"": true, ""flat_eod"": true, ""or_bars"": 2, ""be_after_R"": 1.0, ""stop_frac"": 2.0, ""trail_bars"": 0, ""target_R"": 4.5, ""partial_exit_R"": 0.0, ""trade_mode"": ""First-candle dir"", ""atr_filter"": 0.7}"
255,ORB,ORB_3_6_T45.py,NQ,5m,PASS,candidate,wf,1454,9.09,1.328,48.4,0.169,27.1,15064,1457,estimate: optimize yrs x WF trade share,"{""skip_holidays"": true, ""breakout_buf"": 0.25, ""vpace_filter"": 0.7, ""close_confirm"": true, ""flat_eod"": true, ""or_bars"": 2, ""stop_frac"": 2.0, ""be_after_R"": 1.0, ""trail_bars"": 0, ""target_R"": 4.5, ""partial_exit_R"": 0.0, ""trade_mode"": ""First-candle dir"", ""atr_filter"": 0.7}"
255,ORB,ORB_3_6_T45.py,NQ,5m,PASS,candidate,pre,2429,15.18,1.281,47.2,0.148,23.7,15081,1457,optimize window,"{""skip_holidays"": true, ""breakout_buf"": 0.25, ""vpace_filter"": 0.7, ""close_confirm"": true, ""flat_eod"": true, ""or_bars"": 2, ""stop_frac"": 2.0, ""be_after_R"": 1.0, ""trail_bars"": 0, ""target_R"": 4.5, ""partial_exit_R"": 0.0, ""trade_mode"": ""First-candle dir"", ""atr_filter"": 0.7}"
256,NOISE,NOISE_1_1_V98.py,NQ,5m,PASS,champion,pre,3690,14.68,1.253,35.0,0.164,41.2,121275,16827,optimize window,"{""daytype_lo"": 0.2, ""window"": ""all_day"", ""confirm_bars"": 1, ""daytype_mode"": ""off"", ""band_mult_long"": 0.75, ""vol_skip_pct"": 98.0, ""band_mult_short"": 1.5, ""skip_holidays"": false, ""stop_mode"": ""bandwidth"", ""flat_eod"": true, ""lookback"": 44, ""side"": ""Both"", ""daytype_hi"": 0.8, ""stop_k"": 1.75, ""exit_mode"": ""vwap""}"
256,NOISE,NOISE_1_1_V98.py,NQ,5m,PASS,candidate,wf,3014,9.09,1.341,37.5,0.213,70.7,14837,959,estimate: optimize yrs x WF trade share,"{""daytype_lo"": 0.2, ""window"": ""all_day"", ""confirm_bars"": 1, ""daytype_mode"": ""off"", ""band_mult_long"": 0.75, ""vol_skip_pct"": 98.0, ""band_mult_short"": 1.5, ""skip_holidays"": false, ""stop_mode"": ""bandwidth"", ""flat_eod"": true, ""lookback"": 44, ""side"": ""Both"", ""daytype_hi"": 0.8, ""stop_k"": 1.75, ""exit_mode"": ""vwap""}"
256,NOISE,NOISE_1_1_V98.py,NQ,5m,PASS,candidate,pre,4868,14.68,1.304,36.0,0.194,64.4,15453,959,optimize window,"{""daytype_lo"": 0.2, ""window"": ""all_day"", ""confirm_bars"": 1, ""daytype_mode"": ""off"", ""band_mult_long"": 0.75, ""vol_skip_pct"": 98.0, ""band_mult_short"": 1.5, ""skip_holidays"": false, ""stop_mode"": ""bandwidth"", ""flat_eod"": true, ""lookback"": 44, ""side"": ""Both"", ""daytype_hi"": 0.8, ""stop_k"": 1.75, ""exit_mode"": ""vwap""}"
257,ORB,ORB_3_6_E1.py,NQ,5m,PASS,champion,pre,1922,15.18,1.132,48.6,0.068,8.6,70796,25644,optimize window,"{""skip_holidays"": true, ""breakout_buf"": 0.3, ""vpace_filter"": 0.7, ""close_confirm"": true, ""flat_eod"": true, ""or_bars"": 2, ""be_after_R"": 1.0, ""stop_frac"": 2.5, ""trail_bars"": 0, ""target_R"": 5.5, ""partial_exit_R"": 0.0, ""trade_mode"": ""First-candle dir"", ""atr_filter"": 0.5}"
257,ORB,ORB_3_6_E1.py,NQ,5m,PASS,candidate,wf,1539,9.06,1.35,50.9,0.172,29.2,16620,1574,estimate: optimize yrs x WF trade share,"{""skip_holidays"": true, ""breakout_buf"": 0.3, ""vpace_filter"": 0.7, ""close_confirm"": true, ""flat_eod"": true, ""or_bars"": 2, ""stop_frac"": 2.5, ""be_after_R"": 1.0, ""trail_bars"": 0, ""target_R"": 5.5, ""partial_exit_R"": 0.0, ""trade_mode"": ""First-candle dir"", ""atr_filter"": 0.5}"
257,ORB,ORB_3_6_E1.py,NQ,5m,PASS,candidate,pre,2580,15.18,1.289,49.5,0.146,24.7,16249,1574,optimize window,"{""skip_holidays"": true, ""breakout_buf"": 0.3, ""vpace_filter"": 0.7, ""close_confirm"": true, ""flat_eod"": true, ""or_bars"": 2, ""stop_frac"": 2.5, ""be_after_R"": 1.0, ""trail_bars"": 0, ""target_R"": 5.5, ""partial_exit_R"": 0.0, ""trade_mode"": ""First-candle dir"", ""atr_filter"": 0.5}"
258,BOOK,BOOK: ORB234 + NOISE SBA,,,PASS,champion,pre,6353,16.18,1.293,40.2,0.175,68.7,10629182,638891,optimize window,"{""book"": [""ORB_3_6_C2.py"", ""NOISE_1_1_SBA.py""]}"
259,ORB,ORB_3_6_E2.py,NQ,5m,WEAK,champion,pre,1933,15.18,1.128,44.7,0.071,9.0,65600,24263,optimize window,"{""skip_holidays"": true, ""breakout_buf"": 0.3, ""vpace_filter"": 0.7, ""close_confirm"": true, ""flat_eod"": true, ""or_bars"": 2, ""be_after_R"": 1.0, ""stop_frac"": 1.75, ""trail_bars"": 0, ""target_R"": 5.5, ""partial_exit_R"": 0.0, ""trade_mode"": ""First-candle dir"", ""atr_filter"": 0.0}"
259,ORB,ORB_3_6_E2.py,NQ,5m,WEAK,candidate,wf,1546,9.06,1.299,46.4,0.16,27.3,13852,1719,estimate: optimize yrs x WF trade share,"{""skip_holidays"": true, ""breakout_buf"": 0.3, ""vpace_filter"": 0.7, ""close_confirm"": true, ""flat_eod"": true, ""or_bars"": 2, ""stop_frac"": 1.75, ""be_after_R"": 1.0, ""trail_bars"": 0, ""target_R"": 5.5, ""partial_exit_R"": 0.0, ""trade_mode"": ""First-candle dir"", ""atr_filter"": 0.0}"
259,ORB,ORB_3_6_E2.py,NQ,5m,WEAK,candidate,pre,2591,15.18,1.253,45.1,0.139,23.7,13742,1719,optimize window,"{""skip_holidays"": true, ""breakout_buf"": 0.3, ""vpace_filter"": 0.7, ""close_confirm"": true, ""flat_eod"": true, ""or_bars"": 2, ""stop_frac"": 1.75, ""be_after_R"": 1.0, ""trail_bars"": 0, ""target_R"": 5.5, ""partial_exit_R"": 0.0, ""trade_mode"": ""First-candle dir"", ""atr_filter"": 0.0}"
260,ORB,ORB_3_6_E3.py,NQ,5m,PASS,champion,pre,1366,15.18,1.129,46.0,0.069,6.2,49231,19176,optimize window,"{""skip_holidays"": true, ""breakout_buf"": 0.3, ""vpace_filter"": 0.9, ""close_confirm"": true, ""flat_eod"": true, ""or_bars"": 2, ""be_after_R"": 1.0, ""stop_frac"": 1.75, ""trail_bars"": 0, ""target_R"": 5.5, ""partial_exit_R"": 0.0, ""trade_mode"": ""First-candle dir"", ""atr_filter"": 0.7}"
260,ORB,ORB_3_6_E3.py,NQ,5m,PASS,candidate,wf,1141,9.15,1.305,47.9,0.159,19.9,11167,1302,estimate: optimize yrs x WF trade share,"{""skip_holidays"": true, ""breakout_buf"": 0.3, ""vpace_filter"": 0.9, ""close_confirm"": true, ""flat_eod"": true, ""or_bars"": 2, ""stop_frac"": 1.75, ""be_after_R"": 1.0, ""trail_bars"": 0, ""target_R"": 5.5, ""partial_exit_R"": 0.0, ""trade_mode"": ""First-candle dir"", ""atr_filter"": 0.7}"
260,ORB,ORB_3_6_E3.py,NQ,5m,PASS,candidate,pre,1894,15.18,1.257,46.5,0.138,17.2,10990,1302,optimize window,"{""skip_holidays"": true, ""breakout_buf"": 0.3, ""vpace_filter"": 0.9, ""close_confirm"": true, ""flat_eod"": true, ""or_bars"": 2, ""stop_frac"": 1.75, ""be_after_R"": 1.0, ""trail_bars"": 0, ""target_R"": 5.5, ""partial_exit_R"": 0.0, ""trade_mode"": ""First-candle dir"", ""atr_filter"": 0.7}"
261,BOOK,BOOK: ORB234 + ENGU-Q RTH + NOISE SBS_V90 (3-leg),,,PASS,champion,pre,8494,16.06,1.343,37.5,0.214,113.3,19684006,1121804,optimize window,"{""book"": [""ORB_3_6_C2.py"", ""ENGUQ_1M_1_0.py"", ""NOISE_1_1_SBS_V90.py""]}"
262,BOOK,BOOK: ORB234 + ENGU-Q RTH (baseline),,,PASS,champion,pre,4374,16.06,1.313,38.5,0.193,52.5,12980663,1163417,optimize window,"{""book"": [""ORB_3_6_C2.py"", ""ENGUQ_1M_1_0.py""]}"
263,BOOK,BOOK: ORB234 + NOISE SBS_V90,,,PASS,champion,pre,6414,16.18,1.308,40.3,0.184,73.0,10869453,535919,optimize window,"{""book"": [""ORB_3_6_C2.py"", ""NOISE_1_1_SBS_V90.py""]}"
264,ORB,ORB_3_6.py,NQ,5m,FAIL,champion,pre,2350,15.18,1.091,45.4,0.05,7.7,60219,57779,optimize window,"{""skip_holidays"": false, ""breakout_buf"": 0.0, ""vpace_filter"": 0.0, ""close_confirm"": true, ""flat_eod"": true, ""or_bars"": 4, ""be_after_R"": 0.5, ""stop_frac"": 2.25, ""trail_bars"": 9, ""target_R"": 3.0, ""partial_exit_R"": 5.5, ""trade_mode"": ""First-candle dir"", ""atr_filter"": 0.0}"
264,ORB,ORB_3_6.py,NQ,5m,FAIL,candidate,wf,1831,9.02,1.119,39.5,0.072,14.6,6846,2158,estimate: optimize yrs x WF trade share,"{""skip_holidays"": true, ""breakout_buf"": 0.45, ""vpace_filter"": 0.5, ""close_confirm"": false, ""flat_eod"": true, ""or_bars"": 1, ""stop_frac"": 1.5, ""be_after_R"": 3.4, ""trail_bars"": 7, ""target_R"": 4.0, ""partial_exit_R"": 5.5, ""trade_mode"": ""First-candle dir"", ""atr_filter"": 0.2}"
264,ORB,ORB_3_6.py,NQ,5m,FAIL,candidate,pre,3081,15.18,1.117,39.2,0.071,14.4,7719,2158,optimize window,"{""skip_holidays"": true, ""breakout_buf"": 0.45, ""vpace_filter"": 0.5, ""close_confirm"": false, ""flat_eod"": true, ""or_bars"": 1, ""stop_frac"": 1.5, ""be_after_R"": 3.4, ""trail_bars"": 7, ""target_R"": 4.0, ""partial_exit_R"": 5.5, ""trade_mode"": ""First-candle dir"", ""atr_filter"": 0.2}"
264,ORB,ORB_3_6.py,NQ,5m,FAIL,candidate,wf,1867,9.06,1.215,47.5,0.113,23.2,12780,2889,estimate: optimize yrs x WF trade share,"{""skip_holidays"": false, ""breakout_buf"": 0.0, ""vpace_filter"": 0.0, ""close_confirm"": true, ""flat_eod"": true, ""or_bars"": 4, ""stop_frac"": 2.25, ""be_after_R"": 0.5, ""trail_bars"": 9, ""target_R"": 3.0, ""partial_exit_R"": 5.5, ""trade_mode"": ""First-candle dir"", ""atr_filter"": 0.0}"
264,ORB,ORB_3_6.py,NQ,5m,FAIL,candidate,pre,3127,15.18,1.182,46.0,0.098,20.2,12547,2889,optimize window,"{""skip_holidays"": false, ""breakout_buf"": 0.0, ""vpace_filter"": 0.0, ""close_confirm"": true, ""flat_eod"": true, ""or_bars"": 4, ""stop_frac"": 2.25, ""be_after_R"": 0.5, ""trail_bars"": 9, ""target_R"": 3.0, ""partial_exit_R"": 5.5, ""trade_mode"": ""First-candle dir"", ""atr_filter"": 0.0}"
264,ORB,ORB_3_6.py,NQ,5m,FAIL,candidate,wf,1683,8.92,1.152,45.5,0.083,15.7,8574,1955,estimate: optimize yrs x WF trade share,"{""skip_holidays"": true, ""breakout_buf"": 0.4, ""vpace_filter"": 0.1, ""close_confirm"": true, ""flat_eod"": true, ""or_bars"": 1, ""stop_frac"": 2.0, ""be_after_R"": 3.0, ""trail_bars"": 10, ""target_R"": 5.0, ""partial_exit_R"": 5.0, ""trade_mode"": ""First-candle dir"", ""atr_filter"": 0.4}"
264,ORB,ORB_3_6.py,NQ,5m,FAIL,candidate,pre,2865,15.18,1.137,44.8,0.076,14.3,8950,1955,optimize window,"{""skip_holidays"": true, ""breakout_buf"": 0.4, ""vpace_filter"": 0.1, ""close_confirm"": true, ""flat_eod"": true, ""or_bars"": 1, ""stop_frac"": 2.0, ""be_after_R"": 3.0, ""trail_bars"": 10, ""target_R"": 5.0, ""partial_exit_R"": 5.0, ""trade_mode"": ""First-candle dir"", ""atr_filter"": 0.4}"
264,ORB,ORB_3_6.py,NQ,5m,FAIL,candidate,wf,1581,9.07,1.207,48.9,0.106,18.5,9785,1652,estimate: optimize yrs x WF trade share,"{""skip_holidays"": true, ""breakout_buf"": 0.25, ""vpace_filter"": 0.7, ""close_confirm"": true, ""flat_eod"": true, ""or_bars"": 2, ""stop_frac"": 1.5, ""be_after_R"": 2.9, ""trail_bars"": 6, ""target_R"": 1.5, ""partial_exit_R"": 3.0, ""trade_mode"": ""First-candle dir"", ""atr_filter"": 0.1}"
264,ORB,ORB_3_6.py,NQ,5m,FAIL,candidate,pre,2646,15.18,1.179,48.0,0.093,16.2,9861,1652,optimize window,"{""skip_holidays"": true, ""breakout_buf"": 0.25, ""vpace_filter"": 0.7, ""close_confirm"": true, ""flat_eod"": true, ""or_bars"": 2, ""stop_frac"": 1.5, ""be_after_R"": 2.9, ""trail_bars"": 6, ""target_R"": 1.5, ""partial_exit_R"": 3.0, ""trade_mode"": ""First-candle dir"", ""atr_filter"": 0.1}"
264,ORB,ORB_3_6.py,NQ,5m,FAIL,candidate,wf,1654,8.9,1.169,34.0,0.112,20.7,6695,1694,estimate: optimize yrs x WF trade share,"{""skip_holidays"": true, ""breakout_buf"": 0.45, ""vpace_filter"": 0.2, ""close_confirm"": true, ""flat_eod"": true, ""or_bars"": 1, ""stop_frac"": 1.0, ""be_after_R"": 2.8, ""trail_bars"": 8, ""target_R"": 7.0, ""partial_exit_R"": 3.5, ""trade_mode"": ""First-candle dir"", ""atr_filter"": 0.4}"
264,ORB,ORB_3_6.py,NQ,5m,FAIL,candidate,pre,2820,15.18,1.156,33.2,0.104,19.4,7149,1694,optimize window,"{""skip_holidays"": true, ""breakout_buf"": 0.45, ""vpace_filter"": 0.2, ""close_confirm"": true, ""flat_eod"": true, ""or_bars"": 1, ""stop_frac"": 1.0, ""be_after_R"": 2.8, ""trail_bars"": 8, ""target_R"": 7.0, ""partial_exit_R"": 3.5, ""trade_mode"": ""First-candle dir"", ""atr_filter"": 0.4}"
264,ORB,ORB_3_6.py,NQ,5m,FAIL,candidate,wf,2188,9.18,1.117,37.2,0.074,17.5,7346,1872,estimate: optimize yrs x WF trade share,"{""skip_holidays"": false, ""breakout_buf"": 0.4, ""vpace_filter"": 0.7, ""close_confirm"": true, ""flat_eod"": false, ""or_bars"": 1, ""stop_frac"": 1.25, ""be_after_R"": 4.0, ""trail_bars"": 13, ""target_R"": 5.0, ""partial_exit_R"": 3.0, ""trade_mode"": ""Both"", ""atr_filter"": 0.1}"
264,ORB,ORB_3_6.py,NQ,5m,FAIL,candidate,pre,3617,15.18,1.102,36.2,0.065,15.6,7356,1872,optimize window,"{""skip_holidays"": false, ""breakout_buf"": 0.4, ""vpace_filter"": 0.7, ""close_confirm"": true, ""flat_eod"": false, ""or_bars"": 1, ""stop_frac"": 1.25, ""be_after_R"": 4.0, ""trail_bars"": 13, ""target_R"": 5.0, ""partial_exit_R"": 3.0, ""trade_mode"": ""Both"", ""atr_filter"": 0.1}"
264,ORB,ORB_3_6.py,NQ,5m,FAIL,candidate,wf,1729,9.12,1.095,46.3,0.051,9.7,5923,2627,estimate: optimize yrs x WF trade share,"{""skip_holidays"": true, ""breakout_buf"": 0.25, ""vpace_filter"": 0.7, ""close_confirm"": true, ""flat_eod"": false, ""or_bars"": 1, ""stop_frac"": 2.25, ""be_after_R"": 3.4, ""trail_bars"": 20, ""target_R"": 7.5, ""partial_exit_R"": 2.5, ""trade_mode"": ""First-candle dir"", ""atr_filter"": 0.0}"
264,ORB,ORB_3_6.py,NQ,5m,FAIL,candidate,pre,2879,15.18,1.089,45.9,0.048,9.2,6363,2627,optimize window,"{""skip_holidays"": true, ""breakout_buf"": 0.25, ""vpace_filter"": 0.7, ""close_confirm"": true, ""flat_eod"": false, ""or_bars"": 1, ""stop_frac"": 2.25, ""be_after_R"": 3.4, ""trail_bars"": 20, ""target_R"": 7.5, ""partial_exit_R"": 2.5, ""trade_mode"": ""First-candle dir"", ""atr_filter"": 0.0}"
264,ORB,ORB_3_6.py,NQ,5m,FAIL,candidate,wf,1664,8.97,1.174,33.2,0.116,21.6,6962,1466,estimate: optimize yrs x WF trade share,"{""skip_holidays"": true, ""breakout_buf"": 0.4, ""vpace_filter"": 0.6, ""close_confirm"": false, ""flat_eod"": true, ""or_bars"": 2, ""stop_frac"": 0.75, ""be_after_R"": 3.6, ""trail_bars"": 0, ""target_R"": 7.5, ""partial_exit_R"": 4.0, ""trade_mode"": ""First-candle dir"", ""atr_filter"": 0.2}"
264,ORB,ORB_3_6.py,NQ,5m,FAIL,candidate,pre,2817,15.18,1.152,32.8,0.102,18.9,7042,1466,optimize window,"{""skip_holidays"": true, ""breakout_buf"": 0.4, ""vpace_filter"": 0.6, ""close_confirm"": false, ""flat_eod"": true, ""or_bars"": 2, ""stop_frac"": 0.75, ""be_after_R"": 3.6, ""trail_bars"": 0, ""target_R"": 7.5, ""partial_exit_R"": 4.0, ""trade_mode"": ""First-candle dir"", ""atr_filter"": 0.2}"
264,ORB,ORB_3_6.py,NQ,5m,FAIL,candidate,wf,1521,9.22,1.167,39.8,0.1,16.5,7246,1521,estimate: optimize yrs x WF trade share,"{""skip_holidays"": false, ""breakout_buf"": 0.45, ""vpace_filter"": 1.0, ""close_confirm"": true, ""flat_eod"": false, ""or_bars"": 1, ""stop_frac"": 1.25, ""be_after_R"": 3.6, ""trail_bars"": 8, ""target_R"": 2.5, ""partial_exit_R"": 6.0, ""trade_mode"": ""Both"", ""atr_filter"": 0.1}"
264,ORB,ORB_3_6.py,NQ,5m,FAIL,candidate,pre,2504,15.18,1.15,38.6,0.092,15.2,7476,1521,optimize window,"{""skip_holidays"": false, ""breakout_buf"": 0.45, ""vpace_filter"": 1.0, ""close_confirm"": true, ""flat_eod"": false, ""or_bars"": 1, ""stop_frac"": 1.25, ""be_after_R"": 3.6, ""trail_bars"": 8, ""target_R"": 2.5, ""partial_exit_R"": 6.0, ""trade_mode"": ""Both"", ""atr_filter"": 0.1}"
264,ORB,ORB_3_6.py,NQ,5m,FAIL,candidate,wf,1737,9.12,1.076,36.9,0.048,9.1,3726,2376,estimate: optimize yrs x WF trade share,"{""skip_holidays"": false, ""breakout_buf"": 0.25, ""vpace_filter"": 0.7, ""close_confirm"": true, ""flat_eod"": true, ""or_bars"": 1, ""stop_frac"": 1.25, ""be_after_R"": 2.1, ""trail_bars"": 20, ""target_R"": 2.5, ""partial_exit_R"": 3.5, ""trade_mode"": ""First-candle dir"", ""atr_filter"": 0.1}"
264,ORB,ORB_3_6.py,NQ,5m,FAIL,candidate,pre,2892,15.18,1.077,37.2,0.048,9.2,4296,2376,optimize window,"{""skip_holidays"": false, ""breakout_buf"": 0.25, ""vpace_filter"": 0.7, ""close_confirm"": true, ""flat_eod"": true, ""or_bars"": 1, ""stop_frac"": 1.25, ""be_after_R"": 2.1, ""trail_bars"": 20, ""target_R"": 2.5, ""partial_exit_R"": 3.5, ""trade_mode"": ""First-candle dir"", ""atr_filter"": 0.1}"
265,ENGU-Q,ENGUQ_1M_ETH_ER25_1_0.py,NQ,1m,PASS,champion,pre,913,15.06,1.56,26.0,0.414,25.1,182225,41697,optimize window,"{""buf_atr"": 0.9, ""tl_len"": 170, ""trail_frac"": 2.5, ""ema_len"": 1380, ""atr_len"": 106, ""act_R"": 2.5, ""breakeven_R"": 1.5, ""limit_atr"": 0.0, ""er_len"": 60, ""stop_mult"": 1.0, ""regime_len"": 0, ""min_brk"": 1.3, ""vol_mult"": 0.8, ""er_th"": 0.25}"
265,ENGU-Q,ENGUQ_1M_ETH_ER25_1_0.py,NQ,1m,PASS,candidate,wf,799,9.48,1.47,29.0,0.333,28.1,14886,3052,estimate: optimize yrs x WF trade share,"{""buf_atr"": 0.9, ""tl_len"": 170, ""trail_frac"": 2.5, ""breakeven_R"": 1.5, ""atr_len"": 106, ""act_R"": 2.5, ""ema_len"": 1380, ""limit_atr"": 0.0, ""er_len"": 60, ""stop_mult"": 1.0, ""regime_len"": 0, ""min_brk"": 1.3, ""vol_mult"": 0.8, ""er_th"": 0.25}"
265,ENGU-Q,ENGUQ_1M_ETH_ER25_1_0.py,NQ,1m,PASS,candidate,pre,1270,15.06,1.464,26.9,0.339,28.6,16836,3052,optimize window,"{""buf_atr"": 0.9, ""tl_len"": 170, ""trail_frac"": 2.5, ""breakeven_R"": 1.5, ""atr_len"": 106, ""act_R"": 2.5, ""ema_len"": 1380, ""limit_atr"": 0.0, ""er_len"": 60, ""stop_mult"": 1.0, ""regime_len"": 0, ""min_brk"": 1.3, ""vol_mult"": 0.8, ""er_th"": 0.25}"
266,ORB,ORB_3_6_G115.py,NQ,5m,PASS,champion,pre,1933,15.18,1.118,48.5,0.061,7.8,64327,25644,optimize window,"{""skip_holidays"": true, ""breakout_buf"": 0.3, ""vpace_filter"": 0.7, ""close_confirm"": true, ""flat_eod"": true, ""or_bars"": 2, ""be_after_R"": 1.0, ""stop_frac"": 2.5, ""trail_bars"": 0, ""target_R"": 5.5, ""partial_exit_R"": 0.0, ""trade_mode"": ""First-candle dir"", ""atr_filter"": 0.0}"
266,ORB,ORB_3_6_G115.py,NQ,5m,PASS,candidate,wf,1546,9.06,1.341,50.8,0.168,28.6,16338,1574,estimate: optimize yrs x WF trade share,"{""skip_holidays"": true, ""breakout_buf"": 0.3, ""vpace_filter"": 0.7, ""close_confirm"": true, ""flat_eod"": true, ""or_bars"": 2, ""stop_frac"": 2.5, ""be_after_R"": 1.0, ""trail_bars"": 0, ""target_R"": 5.5, ""partial_exit_R"": 0.0, ""trade_mode"": ""First-candle dir"", ""atr_filter"": 0.0}"
266,ORB,ORB_3_6_G115.py,NQ,5m,PASS,candidate,pre,2591,15.18,1.281,49.4,0.142,24.2,15925,1574,optimize window,"{""skip_holidays"": true, ""breakout_buf"": 0.3, ""vpace_filter"": 0.7, ""close_confirm"": true, ""flat_eod"": true, ""or_bars"": 2, ""stop_frac"": 2.5, ""be_after_R"": 1.0, ""trail_bars"": 0, ""target_R"": 5.5, ""partial_exit_R"": 0.0, ""trade_mode"": ""First-candle dir"", ""atr_filter"": 0.0}"
267,ORB,ORB_3_6_E1B08.py,NQ,5m,WEAK,champion,pre,1922,15.18,1.135,47.8,0.07,8.9,71364,27664,optimize window,"{""skip_holidays"": true, ""breakout_buf"": 0.3, ""vpace_filter"": 0.7, ""close_confirm"": true, ""flat_eod"": true, ""or_bars"": 2, ""be_after_R"": 0.8, ""stop_frac"": 2.5, ""trail_bars"": 0, ""target_R"": 5.5, ""partial_exit_R"": 0.0, ""trade_mode"": ""First-candle dir"", ""atr_filter"": 0.5}"
267,ORB,ORB_3_6_E1B08.py,NQ,5m,WEAK,candidate,wf,1539,9.06,1.351,49.9,0.176,29.8,16408,1477,estimate: optimize yrs x WF trade share,"{""skip_holidays"": true, ""breakout_buf"": 0.3, ""vpace_filter"": 0.7, ""close_confirm"": true, ""flat_eod"": true, ""or_bars"": 2, ""stop_frac"": 2.5, ""be_after_R"": 0.8, ""trail_bars"": 0, ""target_R"": 5.5, ""partial_exit_R"": 0.0, ""trade_mode"": ""First-candle dir"", ""atr_filter"": 0.5}"
267,ORB,ORB_3_6_E1B08.py,NQ,5m,WEAK,candidate,pre,2580,15.18,1.291,48.6,0.149,25.4,16106,1477,optimize window,"{""skip_holidays"": true, ""breakout_buf"": 0.3, ""vpace_filter"": 0.7, ""close_confirm"": true, ""flat_eod"": true, ""or_bars"": 2, ""stop_frac"": 2.5, ""be_after_R"": 0.8, ""trail_bars"": 0, ""target_R"": 5.5, ""partial_exit_R"": 0.0, ""trade_mode"": ""First-candle dir"", ""atr_filter"": 0.5}"
268,TTMSQZ,TTMSQZ_1_0.py,NQ,15m,FAIL,champion,pre,795,15.06,1.36,54.0,0.166,8.7,72605,9979,optimize window,"{""length"": 10, ""direction"": ""both"", ""kc_mult"": 2.25, ""fade_bars"": 1, ""stop_atr"": 3.5, ""min_sq_bars"": 7, ""exit_mode"": ""flip"", ""bb_mult"": 1.5, ""eod_cutoff"": 5}"
268,TTMSQZ,TTMSQZ_1_0.py,NQ,15m,FAIL,candidate,wf,966,9.25,1.228,53.8,0.105,11.0,7106,1263,estimate: optimize yrs x WF trade share,"{""length"": 10, ""direction"": ""both"", ""kc_mult"": 2.0, ""min_sq_bars"": 9, ""stop_atr"": 3.75, ""fade_bars"": 1, ""exit_mode"": ""flip"", ""bb_mult"": 1.5, ""eod_cutoff"": 2}"
268,TTMSQZ,TTMSQZ_1_0.py,NQ,15m,FAIL,candidate,pre,1573,15.06,1.21,53.1,0.098,10.3,7487,1263,optimize window,"{""length"": 10, ""direction"": ""both"", ""kc_mult"": 2.0, ""min_sq_bars"": 9, ""stop_atr"": 3.75, ""fade_bars"": 1, ""exit_mode"": ""flip"", ""bb_mult"": 1.5, ""eod_cutoff"": 2}"
268,TTMSQZ,TTMSQZ_1_0.py,NQ,15m,FAIL,candidate,wf,747,9.54,1.306,56.4,0.134,10.5,7159,1122,estimate: optimize yrs x WF trade share,"{""length"": 12, ""direction"": ""both"", ""kc_mult"": 2.0, ""min_sq_bars"": 5, ""stop_atr"": 4.0, ""fade_bars"": 3, ""exit_mode"": ""flip"", ""bb_mult"": 1.25, ""eod_cutoff"": 2}"
268,TTMSQZ,TTMSQZ_1_0.py,NQ,15m,FAIL,candidate,pre,1179,15.06,1.285,55.1,0.128,10.0,7582,1122,optimize window,"{""length"": 12, ""direction"": ""both"", ""kc_mult"": 2.0, ""min_sq_bars"": 5, ""stop_atr"": 4.0, ""fade_bars"": 3, ""exit_mode"": ""flip"", ""bb_mult"": 1.25, ""eod_cutoff"": 2}"
268,TTMSQZ,TTMSQZ_1_0.py,NQ,15m,FAIL,candidate,wf,803,9.16,1.245,55.4,0.109,9.6,5098,2125,estimate: optimize yrs x WF trade share,"{""length"": 14, ""direction"": ""long"", ""kc_mult"": 2.5, ""min_sq_bars"": 4, ""stop_atr"": 2.25, ""fade_bars"": 1, ""exit_mode"": ""flip"", ""bb_mult"": 2.25, ""eod_cutoff"": 5}"
268,TTMSQZ,TTMSQZ_1_0.py,NQ,15m,FAIL,candidate,pre,1320,15.06,1.23,54.7,0.104,9.1,5488,2125,optimize window,"{""length"": 14, ""direction"": ""long"", ""kc_mult"": 2.5, ""min_sq_bars"": 4, ""stop_atr"": 2.25, ""fade_bars"": 1, ""exit_mode"": ""flip"", ""bb_mult"": 2.25, ""eod_cutoff"": 5}"
268,TTMSQZ,TTMSQZ_1_0.py,NQ,15m,FAIL,candidate,wf,695,9.13,1.324,40.3,0.193,14.7,4468,1460,estimate: optimize yrs x WF trade share,"{""length"": 10, ""direction"": ""long"", ""kc_mult"": 2.5, ""min_sq_bars"": 7, ""stop_atr"": 1.0, ""fade_bars"": 1, ""exit_mode"": ""flip"", ""bb_mult"": 3.0, ""eod_cutoff"": 8}"
268,TTMSQZ,TTMSQZ_1_0.py,NQ,15m,FAIL,candidate,pre,1147,15.06,1.316,39.7,0.191,14.5,5008,1460,optimize window,"{""length"": 10, ""direction"": ""long"", ""kc_mult"": 2.5, ""min_sq_bars"": 7, ""stop_atr"": 1.0, ""fade_bars"": 1, ""exit_mode"": ""flip"", ""bb_mult"": 3.0, ""eod_cutoff"": 8}"
268,TTMSQZ,TTMSQZ_1_0.py,NQ,15m,FAIL,candidate,wf,918,9.25,1.319,53.7,0.148,14.7,8879,1302,estimate: optimize yrs x WF trade share,"{""length"": 12, ""direction"": ""both"", ""kc_mult"": 1.75, ""min_sq_bars"": 11, ""stop_atr"": 4.0, ""fade_bars"": 3, ""exit_mode"": ""flip"", ""bb_mult"": 1.25, ""eod_cutoff"": 4}"
268,TTMSQZ,TTMSQZ_1_0.py,NQ,15m,FAIL,candidate,pre,1495,15.06,1.287,52.9,0.135,13.4,9206,1302,optimize window,"{""length"": 12, ""direction"": ""both"", ""kc_mult"": 1.75, ""min_sq_bars"": 11, ""stop_atr"": 4.0, ""fade_bars"": 3, ""exit_mode"": ""flip"", ""bb_mult"": 1.25, ""eod_cutoff"": 4}"
268,TTMSQZ,TTMSQZ_1_0.py,NQ,15m,FAIL,candidate,wf,839,9.02,1.236,34.4,0.155,14.4,3481,2451,estimate: optimize yrs x WF trade share,"{""length"": 20, ""direction"": ""long"", ""kc_mult"": 2.0, ""min_sq_bars"": 2, ""stop_atr"": 0.75, ""fade_bars"": 1, ""exit_mode"": ""flip"", ""bb_mult"": 2.0, ""eod_cutoff"": 2}"
268,TTMSQZ,TTMSQZ_1_0.py,NQ,15m,FAIL,candidate,pre,1401,15.06,1.233,35.5,0.15,14.0,3944,2451,optimize window,"{""length"": 20, ""direction"": ""long"", ""kc_mult"": 2.0, ""min_sq_bars"": 2, ""stop_atr"": 0.75, ""fade_bars"": 1, ""exit_mode"": ""flip"", ""bb_mult"": 2.0, ""eod_cutoff"": 2}"
268,TTMSQZ,TTMSQZ_1_0.py,NQ,15m,FAIL,candidate,wf,689,9.52,1.439,57.2,0.188,13.6,8980,1125,estimate: optimize yrs x WF trade share,"{""length"": 10, ""direction"": ""both"", ""kc_mult"": 2.25, ""min_sq_bars"": 7, ""stop_atr"": 3.5, ""fade_bars"": 1, ""exit_mode"": ""flip"", ""bb_mult"": 1.5, ""eod_cutoff"": 5}"
268,TTMSQZ,TTMSQZ_1_0.py,NQ,15m,FAIL,candidate,pre,1090,15.06,1.4,55.9,0.177,12.8,9408,1125,optimize window,"{""length"": 10, ""direction"": ""both"", ""kc_mult"": 2.25, ""min_sq_bars"": 7, ""stop_atr"": 3.5, ""fade_bars"": 1, ""exit_mode"": ""flip"", ""bb_mult"": 1.5, ""eod_cutoff"": 5}"
268,TTMSQZ,TTMSQZ_1_0.py,NQ,15m,FAIL,candidate,wf,673,9.52,1.449,56.8,0.194,13.7,8884,1249,estimate: optimize yrs x WF trade share,"{""length"": 10, ""direction"": ""both"", ""kc_mult"": 1.5, ""min_sq_bars"": 10, ""stop_atr"": 3.25, ""fade_bars"": 4, ""exit_mode"": ""flip"", ""bb_mult"": 1.0, ""eod_cutoff"": 5}"
268,TTMSQZ,TTMSQZ_1_0.py,NQ,15m,FAIL,candidate,pre,1065,15.06,1.403,55.9,0.178,12.6,9245,1249,optimize window,"{""length"": 10, ""direction"": ""both"", ""kc_mult"": 1.5, ""min_sq_bars"": 10, ""stop_atr"": 3.25, ""fade_bars"": 4, ""exit_mode"": ""flip"", ""bb_mult"": 1.0, ""eod_cutoff"": 5}"
268,TTMSQZ,TTMSQZ_1_0.py,NQ,15m,FAIL,candidate,wf,1019,9.11,1.116,47.8,0.061,6.8,2985,3255,estimate: optimize yrs x WF trade share,"{""length"": 12, ""direction"": ""both"", ""kc_mult"": 1.25, ""min_sq_bars"": 11, ""stop_atr"": 3.5, ""fade_bars"": 3, ""exit_mode"": ""zero"", ""bb_mult"": 1.5, ""eod_cutoff"": 2}"
268,TTMSQZ,TTMSQZ_1_0.py,NQ,15m,FAIL,candidate,pre,1685,15.06,1.103,46.8,0.055,6.1,3032,3255,optimize window,"{""length"": 12, ""direction"": ""both"", ""kc_mult"": 1.25, ""min_sq_bars"": 11, ""stop_atr"": 3.5, ""fade_bars"": 3, ""exit_mode"": ""zero"", ""bb_mult"": 1.5, ""eod_cutoff"": 2}"
268,TTMSQZ,TTMSQZ_1_0.py,NQ,15m,FAIL,candidate,wf,125,10.23,1.544,62.4,0.205,2.5,1540,593,estimate: optimize yrs x WF trade share,"{""length"": 14, ""direction"": ""long"", ""kc_mult"": 2.5, ""min_sq_bars"": 4, ""stop_atr"": 3.25, ""fade_bars"": 2, ""exit_mode"": ""flip"", ""bb_mult"": 1.0, ""eod_cutoff"": 1}"
268,TTMSQZ,TTMSQZ_1_0.py,NQ,15m,FAIL,candidate,pre,184,15.06,1.545,60.9,0.213,2.6,1674,593,optimize window,"{""length"": 14, ""direction"": ""long"", ""kc_mult"": 2.5, ""min_sq_bars"": 4, ""stop_atr"": 3.25, ""fade_bars"": 2, ""exit_mode"": ""flip"", ""bb_mult"": 1.0, ""eod_cutoff"": 1}"
269,TTMSQZ,TTMSQZ_1_0.py,ES,15m,FAIL,champion,pre,807,15.06,1.257,54.0,0.118,6.3,43611,9048,optimize window,"{""length"": 12, ""direction"": ""both"", ""kc_mult"": 2.0, ""fade_bars"": 3, ""stop_atr"": 4.0, ""min_sq_bars"": 5, ""exit_mode"": ""flip"", ""bb_mult"": 1.25, ""eod_cutoff"": 2}"
269,TTMSQZ,TTMSQZ_1_0.py,ES,15m,FAIL,candidate,wf,745,9.38,1.197,54.1,0.09,7.2,1156,354,estimate: optimize yrs x WF trade share,"{""length"": 12, ""direction"": ""both"", ""kc_mult"": 1.5, ""min_sq_bars"": 9, ""stop_atr"": 3.5, ""fade_bars"": 1, ""exit_mode"": ""flip"", ""bb_mult"": 1.0, ""eod_cutoff"": 8}"
269,TTMSQZ,TTMSQZ_1_0.py,ES,15m,FAIL,candidate,pre,1196,15.06,1.194,55.1,0.087,6.9,1427,354,optimize window,"{""length"": 12, ""direction"": ""both"", ""kc_mult"": 1.5, ""min_sq_bars"": 9, ""stop_atr"": 3.5, ""fade_bars"": 1, ""exit_mode"": ""flip"", ""bb_mult"": 1.0, ""eod_cutoff"": 8}"
269,TTMSQZ,TTMSQZ_1_0.py,ES,15m,FAIL,candidate,wf,956,9.42,1.136,52.5,0.065,6.6,1101,398,estimate: optimize yrs x WF trade share,"{""length"": 10, ""direction"": ""both"", ""kc_mult"": 2.0, ""min_sq_bars"": 9, ""stop_atr"": 3.75, ""fade_bars"": 1, ""exit_mode"": ""flip"", ""bb_mult"": 1.5, ""eod_cutoff"": 2}"
269,TTMSQZ,TTMSQZ_1_0.py,ES,15m,FAIL,candidate,pre,1528,15.06,1.151,54.1,0.069,7.0,1495,398,optimize window,"{""length"": 10, ""direction"": ""both"", ""kc_mult"": 2.0, ""min_sq_bars"": 9, ""stop_atr"": 3.75, ""fade_bars"": 1, ""exit_mode"": ""flip"", ""bb_mult"": 1.5, ""eod_cutoff"": 2}"
269,TTMSQZ,TTMSQZ_1_0.py,ES,15m,FAIL,candidate,wf,901,9.35,1.141,54.9,0.064,6.1,1050,626,estimate: optimize yrs x WF trade share,"{""length"": 12, ""direction"": ""both"", ""kc_mult"": 1.75, ""min_sq_bars"": 11, ""stop_atr"": 4.0, ""fade_bars"": 3, ""exit_mode"": ""flip"", ""bb_mult"": 1.25, ""eod_cutoff"": 4}"
269,TTMSQZ,TTMSQZ_1_0.py,ES,15m,FAIL,candidate,pre,1451,15.06,1.152,55.1,0.068,6.6,1396,626,optimize window,"{""length"": 12, ""direction"": ""both"", ""kc_mult"": 1.75, ""min_sq_bars"": 11, ""stop_atr"": 4.0, ""fade_bars"": 3, ""exit_mode"": ""flip"", ""bb_mult"": 1.25, ""eod_cutoff"": 4}"
269,TTMSQZ,TTMSQZ_1_0.py,ES,15m,FAIL,candidate,wf,806,9.23,1.26,53.7,0.12,10.5,1327,278,estimate: optimize yrs x WF trade share,"{""length"": 14, ""direction"": ""long"", ""kc_mult"": 2.5, ""min_sq_bars"": 4, ""stop_atr"": 2.25, ""fade_bars"": 1, ""exit_mode"": ""flip"", ""bb_mult"": 2.25, ""eod_cutoff"": 5}"
269,TTMSQZ,TTMSQZ_1_0.py,ES,15m,FAIL,candidate,pre,1315,15.06,1.252,54.7,0.114,10.0,1601,278,optimize window,"{""length"": 14, ""direction"": ""long"", ""kc_mult"": 2.5, ""min_sq_bars"": 4, ""stop_atr"": 2.25, ""fade_bars"": 1, ""exit_mode"": ""flip"", ""bb_mult"": 2.25, ""eod_cutoff"": 5}"
269,TTMSQZ,TTMSQZ_1_0.py,ES,15m,FAIL,candidate,wf,1104,9.08,1.08,52.3,0.038,4.7,699,455,estimate: optimize yrs x WF trade share,"{""length"": 16, ""direction"": ""both"", ""kc_mult"": 2.0, ""min_sq_bars"": 8, ""stop_atr"": 3.25, ""fade_bars"": 4, ""exit_mode"": ""flip"", ""bb_mult"": 1.75, ""eod_cutoff"": 6}"
269,TTMSQZ,TTMSQZ_1_0.py,ES,15m,FAIL,candidate,pre,1832,15.06,1.081,52.6,0.039,4.7,902,455,optimize window,"{""length"": 16, ""direction"": ""both"", ""kc_mult"": 2.0, ""min_sq_bars"": 8, ""stop_atr"": 3.25, ""fade_bars"": 4, ""exit_mode"": ""flip"", ""bb_mult"": 1.75, ""eod_cutoff"": 6}"
269,TTMSQZ,TTMSQZ_1_0.py,ES,15m,FAIL,candidate,wf,693,9.27,1.283,49.1,0.144,10.8,1098,312,estimate: optimize yrs x WF trade share,"{""length"": 14, ""direction"": ""long"", ""kc_mult"": 2.25, ""min_sq_bars"": 3, ""stop_atr"": 1.5, ""fade_bars"": 3, ""exit_mode"": ""flip"", ""bb_mult"": 1.75, ""eod_cutoff"": 6}"
269,TTMSQZ,TTMSQZ_1_0.py,ES,15m,FAIL,candidate,pre,1126,15.06,1.306,50.6,0.151,11.3,1479,312,optimize window,"{""length"": 14, ""direction"": ""long"", ""kc_mult"": 2.25, ""min_sq_bars"": 3, ""stop_atr"": 1.5, ""fade_bars"": 3, ""exit_mode"": ""flip"", ""bb_mult"": 1.75, ""eod_cutoff"": 6}"
269,TTMSQZ,TTMSQZ_1_0.py,ES,15m,FAIL,candidate,wf,958,9.14,1.207,57.7,0.088,9.2,1276,472,estimate: optimize yrs x WF trade share,"{""length"": 14, ""direction"": ""long"", ""kc_mult"": 2.0, ""min_sq_bars"": 3, ""stop_atr"": 3.5, ""fade_bars"": 1, ""exit_mode"": ""flip"", ""bb_mult"": 2.0, ""eod_cutoff"": 3}"
269,TTMSQZ,TTMSQZ_1_0.py,ES,15m,FAIL,candidate,pre,1578,15.06,1.175,56.5,0.076,8.0,1373,472,optimize window,"{""length"": 14, ""direction"": ""long"", ""kc_mult"": 2.0, ""min_sq_bars"": 3, ""stop_atr"": 3.5, ""fade_bars"": 1, ""exit_mode"": ""flip"", ""bb_mult"": 2.0, ""eod_cutoff"": 3}"
269,TTMSQZ,TTMSQZ_1_0.py,ES,15m,FAIL,candidate,wf,712,9.58,1.239,54.1,0.11,8.2,1324,296,estimate: optimize yrs x WF trade share,"{""length"": 12, ""direction"": ""both"", ""kc_mult"": 2.0, ""min_sq_bars"": 5, ""stop_atr"": 4.0, ""fade_bars"": 3, ""exit_mode"": ""flip"", ""bb_mult"": 1.25, ""eod_cutoff"": 2}"
269,TTMSQZ,TTMSQZ_1_0.py,ES,15m,FAIL,candidate,pre,1119,15.06,1.23,54.2,0.105,7.8,1571,296,optimize window,"{""length"": 12, ""direction"": ""both"", ""kc_mult"": 2.0, ""min_sq_bars"": 5, ""stop_atr"": 4.0, ""fade_bars"": 3, ""exit_mode"": ""flip"", ""bb_mult"": 1.25, ""eod_cutoff"": 2}"
269,TTMSQZ,TTMSQZ_1_0.py,ES,15m,FAIL,candidate,wf,995,9.05,1.085,51.6,0.041,4.5,684,486,estimate: optimize yrs x WF trade share,"{""length"": 14, ""direction"": ""both"", ""kc_mult"": 1.25, ""min_sq_bars"": 10, ""stop_atr"": 3.0, ""fade_bars"": 2, ""exit_mode"": ""flip"", ""bb_mult"": 1.0, ""eod_cutoff"": 7}"
269,TTMSQZ,TTMSQZ_1_0.py,ES,15m,FAIL,candidate,pre,1656,15.06,1.074,51.8,0.036,3.9,761,486,optimize window,"{""length"": 14, ""direction"": ""both"", ""kc_mult"": 1.25, ""min_sq_bars"": 10, ""stop_atr"": 3.0, ""fade_bars"": 2, ""exit_mode"": ""flip"", ""bb_mult"": 1.0, ""eod_cutoff"": 7}"
269,TTMSQZ,TTMSQZ_1_0.py,ES,15m,FAIL,candidate,wf,668,9.24,1.175,57.0,0.075,5.4,794,380,estimate: optimize yrs x WF trade share,"{""length"": 14, ""direction"": ""long"", ""kc_mult"": 2.25, ""min_sq_bars"": 5, ""stop_atr"": 3.25, ""fade_bars"": 2, ""exit_mode"": ""flip"", ""bb_mult"": 1.75, ""eod_cutoff"": 6}"
269,TTMSQZ,TTMSQZ_1_0.py,ES,15m,FAIL,candidate,pre,1089,15.06,1.175,57.5,0.074,5.4,993,380,optimize window,"{""length"": 14, ""direction"": ""long"", ""kc_mult"": 2.25, ""min_sq_bars"": 5, ""stop_atr"": 3.25, ""fade_bars"": 2, ""exit_mode"": ""flip"", ""bb_mult"": 1.75, ""eod_cutoff"": 6}"
270,TTMSQZ,TTMSQZ_1_0.py,NQ,30m,FAIL,champion,pre,716,15.06,1.262,53.9,0.121,5.7,43779,12499,optimize window,"{""length"": 16, ""direction"": ""both"", ""kc_mult"": 2.5, ""fade_bars"": 2, ""stop_atr"": 4.0, ""min_sq_bars"": 9, ""exit_mode"": ""zero"", ""bb_mult"": 2.25, ""eod_cutoff"": 3}"
270,TTMSQZ,TTMSQZ_1_0.py,NQ,30m,FAIL,candidate,wf,375,9.37,1.517,58.1,0.217,8.7,4891,942,estimate: optimize yrs x WF trade share,"{""length"": 20, ""direction"": ""both"", ""kc_mult"": 2.5, ""min_sq_bars"": 8, ""stop_atr"": 2.5, ""fade_bars"": 2, ""exit_mode"": ""zero"", ""bb_mult"": 2.0, ""eod_cutoff"": 6}"
270,TTMSQZ,TTMSQZ_1_0.py,NQ,30m,FAIL,candidate,pre,603,15.06,1.416,54.7,0.188,7.5,4668,942,optimize window,"{""length"": 20, ""direction"": ""both"", ""kc_mult"": 2.5, ""min_sq_bars"": 8, ""stop_atr"": 2.5, ""fade_bars"": 2, ""exit_mode"": ""zero"", ""bb_mult"": 2.0, ""eod_cutoff"": 6}"
270,TTMSQZ,TTMSQZ_1_0.py,NQ,30m,FAIL,candidate,wf,535,9.04,1.36,55.3,0.161,9.5,4979,1062,estimate: optimize yrs x WF trade share,"{""length"": 16, ""direction"": ""both"", ""kc_mult"": 2.25, ""min_sq_bars"": 6, ""stop_atr"": 2.75, ""fade_bars"": 4, ""exit_mode"": ""zero"", ""bb_mult"": 2.25, ""eod_cutoff"": 5}"
270,TTMSQZ,TTMSQZ_1_0.py,NQ,30m,FAIL,candidate,pre,891,15.06,1.31,55.1,0.139,8.2,5110,1062,optimize window,"{""length"": 16, ""direction"": ""both"", ""kc_mult"": 2.25, ""min_sq_bars"": 6, ""stop_atr"": 2.75, ""fade_bars"": 4, ""exit_mode"": ""zero"", ""bb_mult"": 2.25, ""eod_cutoff"": 5}"
270,TTMSQZ,TTMSQZ_1_0.py,NQ,30m,FAIL,candidate,wf,564,9.06,1.44,56.9,0.19,11.8,6033,1531,estimate: optimize yrs x WF trade share,"{""length"": 16, ""direction"": ""both"", ""kc_mult"": 2.5, ""min_sq_bars"": 9, ""stop_atr"": 4.0, ""fade_bars"": 2, ""exit_mode"": ""zero"", ""bb_mult"": 2.25, ""eod_cutoff"": 3}"
270,TTMSQZ,TTMSQZ_1_0.py,NQ,30m,FAIL,candidate,pre,938,15.06,1.367,55.8,0.162,10.1,6029,1531,optimize window,"{""length"": 16, ""direction"": ""both"", ""kc_mult"": 2.5, ""min_sq_bars"": 9, ""stop_atr"": 4.0, ""fade_bars"": 2, ""exit_mode"": ""zero"", ""bb_mult"": 2.25, ""eod_cutoff"": 3}"
270,TTMSQZ,TTMSQZ_1_0.py,NQ,30m,FAIL,candidate,wf,452,9.27,1.307,54.2,0.14,6.8,3237,1982,estimate: optimize yrs x WF trade share,"{""length"": 26, ""direction"": ""both"", ""kc_mult"": 1.75, ""min_sq_bars"": 10, ""stop_atr"": 2.25, ""fade_bars"": 1, ""exit_mode"": ""zero"", ""bb_mult"": 1.25, ""eod_cutoff"": 1}"
270,TTMSQZ,TTMSQZ_1_0.py,NQ,30m,FAIL,candidate,pre,734,15.06,1.265,51.4,0.129,6.3,3276,1982,optimize window,"{""length"": 26, ""direction"": ""both"", ""kc_mult"": 1.75, ""min_sq_bars"": 10, ""stop_atr"": 2.25, ""fade_bars"": 1, ""exit_mode"": ""zero"", ""bb_mult"": 1.25, ""eod_cutoff"": 1}"
270,TTMSQZ,TTMSQZ_1_0.py,NQ,30m,FAIL,candidate,wf,540,9.31,1.105,54.8,0.047,2.7,1599,2488,estimate: optimize yrs x WF trade share,"{""length"": 18, ""direction"": ""both"", ""kc_mult"": 2.25, ""min_sq_bars"": 5, ""stop_atr"": 4.0, ""fade_bars"": 2, ""exit_mode"": ""zero"", ""bb_mult"": 2.75, ""eod_cutoff"": 1}"
270,TTMSQZ,TTMSQZ_1_0.py,NQ,30m,FAIL,candidate,pre,874,15.06,1.086,52.3,0.041,2.4,1511,2488,optimize window,"{""length"": 18, ""direction"": ""both"", ""kc_mult"": 2.25, ""min_sq_bars"": 5, ""stop_atr"": 4.0, ""fade_bars"": 2, ""exit_mode"": ""zero"", ""bb_mult"": 2.75, ""eod_cutoff"": 1}"
270,TTMSQZ,TTMSQZ_1_0.py,NQ,30m,FAIL,candidate,wf,478,8.95,1.318,51.7,0.153,8.2,3907,1138,estimate: optimize yrs x WF trade share,"{""length"": 16, ""direction"": ""both"", ""kc_mult"": 2.5, ""min_sq_bars"": 6, ""stop_atr"": 1.5, ""fade_bars"": 3, ""exit_mode"": ""zero"", ""bb_mult"": 2.5, ""eod_cutoff"": 6}"
270,TTMSQZ,TTMSQZ_1_0.py,NQ,30m,FAIL,candidate,pre,804,15.06,1.287,51.9,0.138,7.4,4154,1138,optimize window,"{""length"": 16, ""direction"": ""both"", ""kc_mult"": 2.5, ""min_sq_bars"": 6, ""stop_atr"": 1.5, ""fade_bars"": 3, ""exit_mode"": ""zero"", ""bb_mult"": 2.5, ""eod_cutoff"": 6}"
270,TTMSQZ,TTMSQZ_1_0.py,NQ,30m,FAIL,candidate,wf,441,9.2,1.49,54.9,0.221,10.6,4418,909,estimate: optimize yrs x WF trade share,"{""length"": 22, ""direction"": ""both"", ""kc_mult"": 2.0, ""min_sq_bars"": 11, ""stop_atr"": 3.5, ""fade_bars"": 2, ""exit_mode"": ""fade"", ""bb_mult"": 1.5, ""eod_cutoff"": 2}"
270,TTMSQZ,TTMSQZ_1_0.py,NQ,30m,FAIL,candidate,pre,722,15.06,1.38,50.8,0.187,8.9,4117,909,optimize window,"{""length"": 22, ""direction"": ""both"", ""kc_mult"": 2.0, ""min_sq_bars"": 11, ""stop_atr"": 3.5, ""fade_bars"": 2, ""exit_mode"": ""fade"", ""bb_mult"": 1.5, ""eod_cutoff"": 2}"
270,TTMSQZ,TTMSQZ_1_0.py,NQ,30m,FAIL,candidate,wf,497,9.18,1.22,55.7,0.098,5.3,2988,1883,estimate: optimize yrs x WF trade share,"{""length"": 10, ""direction"": ""long"", ""kc_mult"": 1.5, ""min_sq_bars"": 2, ""stop_atr"": 3.5, ""fade_bars"": 3, ""exit_mode"": ""zero"", ""bb_mult"": 1.75, ""eod_cutoff"": 8}"
270,TTMSQZ,TTMSQZ_1_0.py,NQ,30m,FAIL,candidate,pre,815,15.06,1.184,53.6,0.085,4.6,2911,1883,optimize window,"{""length"": 10, ""direction"": ""long"", ""kc_mult"": 1.5, ""min_sq_bars"": 2, ""stop_atr"": 3.5, ""fade_bars"": 3, ""exit_mode"": ""zero"", ""bb_mult"": 1.75, ""eod_cutoff"": 8}"
270,TTMSQZ,TTMSQZ_1_0.py,NQ,30m,FAIL,candidate,wf,542,9.47,1.023,52.6,0.011,0.6,366,2471,estimate: optimize yrs x WF trade share,"{""length"": 12, ""direction"": ""long"", ""kc_mult"": 1.0, ""min_sq_bars"": 1, ""stop_atr"": 2.5, ""fade_bars"": 1, ""exit_mode"": ""zero"", ""bb_mult"": 1.75, ""eod_cutoff"": 3}"
270,TTMSQZ,TTMSQZ_1_0.py,NQ,30m,FAIL,candidate,pre,862,15.06,1.015,51.7,0.007,0.4,274,2471,optimize window,"{""length"": 12, ""direction"": ""long"", ""kc_mult"": 1.0, ""min_sq_bars"": 1, ""stop_atr"": 2.5, ""fade_bars"": 1, ""exit_mode"": ""zero"", ""bb_mult"": 1.75, ""eod_cutoff"": 3}"
270,TTMSQZ,TTMSQZ_1_0.py,NQ,30m,FAIL,candidate,wf,674,9.41,1.178,49.7,0.089,6.4,2615,1641,estimate: optimize yrs x WF trade share,"{""length"": 6, ""direction"": ""long"", ""kc_mult"": 1.75, ""min_sq_bars"": 7, ""stop_atr"": 2.5, ""fade_bars"": 4, ""exit_mode"": ""zero"", ""bb_mult"": 2.25, ""eod_cutoff"": -4}"
270,TTMSQZ,TTMSQZ_1_0.py,NQ,30m,FAIL,candidate,pre,1079,15.06,1.173,49.0,0.088,6.3,2871,1641,optimize window,"{""length"": 6, ""direction"": ""long"", ""kc_mult"": 1.75, ""min_sq_bars"": 7, ""stop_atr"": 2.5, ""fade_bars"": 4, ""exit_mode"": ""zero"", ""bb_mult"": 2.25, ""eod_cutoff"": -4}"
271,ORB,ORB_3_9_AB12.py,NQ,5m,WEAK,champion,pre,1795,15.18,1.211,21.5,0.165,19.6,58580,13508,optimize window,"{""close_confirm"": true, ""vpace_filter"": 0.7, ""be_after_bars"": 12, ""be_after_R"": 1.0, ""stop_frac"": 2.0, ""target_R"": 5.5, ""atr_filter"": 0.7, ""skip_holidays"": true, ""breakout_buf"": 0.25, ""be_lock_frac"": 0.0, ""flat_eod"": true, ""or_bars"": 2, ""reenter_stop"": 0, ""trail_bars"": 0, ""partial_exit_R"": 0.0, ""trade_mode"": ""First-candle dir""}"
271,ORB,ORB_3_9_AB12.py,NQ,5m,WEAK,candidate,wf,1454,9.09,1.327,22.8,0.252,40.4,8962,911,estimate: optimize yrs x WF trade share,"{""close_confirm"": true, ""vpace_filter"": 0.7, ""be_after_bars"": 12, ""stop_frac"": 2.0, ""be_after_R"": 1.0, ""target_R"": 5.5, ""atr_filter"": 0.7, ""skip_holidays"": true, ""breakout_buf"": 0.25, ""be_lock_frac"": 0.0, ""flat_eod"": true, ""or_bars"": 2, ""reenter_stop"": 0, ""trail_bars"": 0, ""partial_exit_R"": 0.0, ""trade_mode"": ""First-candle dir""}"
271,ORB,ORB_3_9_AB12.py,NQ,5m,WEAK,candidate,pre,2429,15.18,1.28,21.7,0.219,35.1,8911,911,optimize window,"{""close_confirm"": true, ""vpace_filter"": 0.7, ""be_after_bars"": 12, ""stop_frac"": 2.0, ""be_after_R"": 1.0, ""target_R"": 5.5, ""atr_filter"": 0.7, ""skip_holidays"": true, ""breakout_buf"": 0.25, ""be_lock_frac"": 0.0, ""flat_eod"": true, ""or_bars"": 2, ""reenter_stop"": 0, ""trail_bars"": 0, ""partial_exit_R"": 0.0, ""trade_mode"": ""First-candle dir""}"
272,TTMSQZ,TTMSQZ_2_0.py,NQ,60m,FAIL,champion,pre,102,15.06,2.118,60.8,0.438,3.0,8648,3636,optimize window,"{""length"": 16, ""confirm_bars"": 1, ""direction"": ""long"", ""entry_fill"": ""range_break"", ""fade_bars"": 3, ""entry_dir"": ""slope"", ""bb_mult"": 1.0, ""target_mult"": 1.0, ""kc_mult"": 1.5, ""min_sq_bars"": 7, ""stop_atr"": 3.5, ""gate"": ""trend"", ""eod_cutoff"": 2, ""exit_mode"": ""ride""}"
272,TTMSQZ,TTMSQZ_2_0.py,NQ,60m,FAIL,candidate,wf,86,10.12,3.518,67.4,0.82,7.0,1521,182,estimate: optimize yrs x WF trade share,"{""length"": 16, ""direction"": ""long"", ""entry_fill"": ""range_break"", ""confirm_bars"": 1, ""fade_bars"": 3, ""entry_dir"": ""slope"", ""bb_mult"": 1.0, ""target_mult"": 1.0, ""kc_mult"": 1.5, ""min_sq_bars"": 7, ""stop_atr"": 3.5, ""gate"": ""trend"", ""eod_cutoff"": 2, ""exit_mode"": ""ride""}"
272,TTMSQZ,TTMSQZ_2_0.py,NQ,60m,FAIL,candidate,pre,128,15.06,3.433,64.1,0.874,7.4,1623,182,optimize window,"{""length"": 16, ""direction"": ""long"", ""entry_fill"": ""range_break"", ""confirm_bars"": 1, ""fade_bars"": 3, ""entry_dir"": ""slope"", ""bb_mult"": 1.0, ""target_mult"": 1.0, ""kc_mult"": 1.5, ""min_sq_bars"": 7, ""stop_atr"": 3.5, ""gate"": ""trend"", ""eod_cutoff"": 2, ""exit_mode"": ""ride""}"
272,TTMSQZ,TTMSQZ_2_0.py,NQ,60m,FAIL,candidate,wf,103,9.02,1.449,54.4,0.205,2.3,1245,724,estimate: optimize yrs x WF trade share,"{""length"": 10, ""direction"": ""short"", ""entry_fill"": ""range_break"", ""confirm_bars"": 2, ""fade_bars"": 2, ""entry_dir"": ""mom"", ""bb_mult"": 2.25, ""target_mult"": 2.5, ""kc_mult"": 1.75, ""min_sq_bars"": 1, ""stop_atr"": 0.75, ""gate"": ""trend"", ""eod_cutoff"": 1, ""exit_mode"": ""fade""}"
272,TTMSQZ,TTMSQZ_2_0.py,NQ,60m,FAIL,candidate,pre,172,15.06,1.431,53.5,0.2,2.3,1374,724,optimize window,"{""length"": 10, ""direction"": ""short"", ""entry_fill"": ""range_break"", ""confirm_bars"": 2, ""fade_bars"": 2, ""entry_dir"": ""mom"", ""bb_mult"": 2.25, ""target_mult"": 2.5, ""kc_mult"": 1.75, ""min_sq_bars"": 1, ""stop_atr"": 0.75, ""gate"": ""trend"", ""eod_cutoff"": 1, ""exit_mode"": ""fade""}"
272,TTMSQZ,TTMSQZ_2_0.py,NQ,60m,FAIL,candidate,wf,29,9.93,1.263,62.1,0.1,0.3,282,599,estimate: optimize yrs x WF trade share,"{""length"": 12, ""direction"": ""both"", ""entry_fill"": ""range_break"", ""confirm_bars"": 1, ""fade_bars"": 3, ""entry_dir"": ""mom"", ""bb_mult"": 2.25, ""target_mult"": 0.5, ""kc_mult"": 2.0, ""min_sq_bars"": 9, ""stop_atr"": 4.0, ""gate"": ""none"", ""eod_cutoff"": 5, ""exit_mode"": ""ride""}"
272,TTMSQZ,TTMSQZ_2_0.py,NQ,60m,FAIL,candidate,pre,44,15.06,1.305,56.8,0.132,0.4,356,599,optimize window,"{""length"": 12, ""direction"": ""both"", ""entry_fill"": ""range_break"", ""confirm_bars"": 1, ""fade_bars"": 3, ""entry_dir"": ""mom"", ""bb_mult"": 2.25, ""target_mult"": 0.5, ""kc_mult"": 2.0, ""min_sq_bars"": 9, ""stop_atr"": 4.0, ""gate"": ""none"", ""eod_cutoff"": 5, ""exit_mode"": ""ride""}"
272,TTMSQZ,TTMSQZ_2_0.py,NQ,60m,FAIL,candidate,wf,23,7.7,2.866,65.2,0.649,1.9,635,126,estimate: optimize yrs x WF trade share,"{""length"": 30, ""direction"": ""long"", ""entry_fill"": ""open"", ""confirm_bars"": 3, ""fade_bars"": 4, ""entry_dir"": ""inverse"", ""bb_mult"": 1.25, ""target_mult"": 3.0, ""kc_mult"": 2.5, ""min_sq_bars"": 14, ""stop_atr"": 1.0, ""gate"": ""none"", ""eod_cutoff"": 1, ""exit_mode"": ""zero""}"
272,TTMSQZ,TTMSQZ_2_0.py,NQ,60m,FAIL,candidate,pre,45,15.06,2.522,55.6,0.676,2.0,635,126,optimize window,"{""length"": 30, ""direction"": ""long"", ""entry_fill"": ""open"", ""confirm_bars"": 3, ""fade_bars"": 4, ""entry_dir"": ""inverse"", ""bb_mult"": 1.25, ""target_mult"": 3.0, ""kc_mult"": 2.5, ""min_sq_bars"": 14, ""stop_atr"": 1.0, ""gate"": ""none"", ""eod_cutoff"": 1, ""exit_mode"": ""zero""}"
272,TTMSQZ,TTMSQZ_2_0.py,NQ,60m,FAIL,candidate,wf,166,9.69,1.113,50.6,0.056,1.0,319,673,estimate: optimize yrs x WF trade share,"{""length"": 16, ""direction"": ""both"", ""entry_fill"": ""range_break"", ""confirm_bars"": 2, ""fade_bars"": 4, ""entry_dir"": ""slope"", ""bb_mult"": 2.0, ""target_mult"": 2.5, ""kc_mult"": 2.25, ""min_sq_bars"": 11, ""stop_atr"": 0.5, ""gate"": ""none"", ""eod_cutoff"": 0, ""exit_mode"": ""zero""}"
272,TTMSQZ,TTMSQZ_2_0.py,NQ,60m,FAIL,candidate,pre,258,15.06,1.158,50.4,0.078,1.3,497,673,optimize window,"{""length"": 16, ""direction"": ""both"", ""entry_fill"": ""range_break"", ""confirm_bars"": 2, ""fade_bars"": 4, ""entry_dir"": ""slope"", ""bb_mult"": 2.0, ""target_mult"": 2.5, ""kc_mult"": 2.25, ""min_sq_bars"": 11, ""stop_atr"": 0.5, ""gate"": ""none"", ""eod_cutoff"": 0, ""exit_mode"": ""zero""}"
272,TTMSQZ,TTMSQZ_2_0.py,NQ,60m,FAIL,candidate,wf,184,9.27,1.068,55.4,0.03,0.6,349,845,estimate: optimize yrs x WF trade share,"{""length"": 12, ""direction"": ""both"", ""entry_fill"": ""range_break"", ""confirm_bars"": 1, ""fade_bars"": 3, ""entry_dir"": ""mom"", ""bb_mult"": 2.0, ""target_mult"": 3.0, ""kc_mult"": 2.5, ""min_sq_bars"": 8, ""stop_atr"": 2.0, ""gate"": ""none"", ""eod_cutoff"": 2, ""exit_mode"": ""ride""}"
272,TTMSQZ,TTMSQZ_2_0.py,NQ,60m,FAIL,candidate,pre,299,15.06,1.09,55.9,0.04,0.8,515,845,optimize window,"{""length"": 12, ""direction"": ""both"", ""entry_fill"": ""range_break"", ""confirm_bars"": 1, ""fade_bars"": 3, ""entry_dir"": ""mom"", ""bb_mult"": 2.0, ""target_mult"": 3.0, ""kc_mult"": 2.5, ""min_sq_bars"": 8, ""stop_atr"": 2.0, ""gate"": ""none"", ""eod_cutoff"": 2, ""exit_mode"": ""ride""}"
272,TTMSQZ,TTMSQZ_2_0.py,NQ,60m,FAIL,candidate,wf,46,10.83,1.455,43.5,0.257,1.1,381,169,estimate: optimize yrs x WF trade share,"{""length"": 10, ""direction"": ""long"", ""entry_fill"": ""open"", ""confirm_bars"": 0, ""fade_bars"": 4, ""entry_dir"": ""slope"", ""bb_mult"": 2.5, ""target_mult"": 1.0, ""kc_mult"": 2.0, ""min_sq_bars"": 10, ""stop_atr"": 0.5, ""gate"": ""daily_sq"", ""eod_cutoff"": 4, ""exit_mode"": ""zero""}"
272,TTMSQZ,TTMSQZ_2_0.py,NQ,60m,FAIL,candidate,pre,64,15.06,1.406,43.8,0.228,1.0,378,169,optimize window,"{""length"": 10, ""direction"": ""long"", ""entry_fill"": ""open"", ""confirm_bars"": 0, ""fade_bars"": 4, ""entry_dir"": ""slope"", ""bb_mult"": 2.5, ""target_mult"": 1.0, ""kc_mult"": 2.0, ""min_sq_bars"": 10, ""stop_atr"": 0.5, ""gate"": ""daily_sq"", ""eod_cutoff"": 4, ""exit_mode"": ""zero""}"
272,TTMSQZ,TTMSQZ_2_0.py,NQ,60m,FAIL,candidate,wf,32,10.25,1.872,68.8,0.273,0.9,636,548,estimate: optimize yrs x WF trade share,"{""length"": 12, ""direction"": ""both"", ""entry_fill"": ""open"", ""confirm_bars"": 0, ""fade_bars"": 4, ""entry_dir"": ""mom"", ""bb_mult"": 1.75, ""target_mult"": 3.0, ""kc_mult"": 2.5, ""min_sq_bars"": 5, ""stop_atr"": 3.75, ""gate"": ""daily_sq"", ""eod_cutoff"": 5, ""exit_mode"": ""ride""}"
272,TTMSQZ,TTMSQZ_2_0.py,NQ,60m,FAIL,candidate,pre,47,15.06,1.561,59.6,0.227,0.7,529,548,optimize window,"{""length"": 12, ""direction"": ""both"", ""entry_fill"": ""open"", ""confirm_bars"": 0, ""fade_bars"": 4, ""entry_dir"": ""mom"", ""bb_mult"": 1.75, ""target_mult"": 3.0, ""kc_mult"": 2.5, ""min_sq_bars"": 5, ""stop_atr"": 3.75, ""gate"": ""daily_sq"", ""eod_cutoff"": 5, ""exit_mode"": ""ride""}"
272,TTMSQZ,TTMSQZ_2_0.py,NQ,60m,FAIL,candidate,wf,105,8.41,0.938,44.8,-0.034,-0.4,-169,1160,estimate: optimize yrs x WF trade share,"{""length"": 20, ""direction"": ""both"", ""entry_fill"": ""open"", ""confirm_bars"": 1, ""fade_bars"": 1, ""entry_dir"": ""slope"", ""bb_mult"": 2.75, ""target_mult"": 1.5, ""kc_mult"": 2.25, ""min_sq_bars"": 8, ""stop_atr"": 1.25, ""gate"": ""none"", ""eod_cutoff"": 0, ""exit_mode"": ""target""}"
272,TTMSQZ,TTMSQZ_2_0.py,NQ,60m,FAIL,candidate,pre,188,15.06,0.932,43.6,-0.038,-0.5,-212,1160,optimize window,"{""length"": 20, ""direction"": ""both"", ""entry_fill"": ""open"", ""confirm_bars"": 1, ""fade_bars"": 1, ""entry_dir"": ""slope"", ""bb_mult"": 2.75, ""target_mult"": 1.5, ""kc_mult"": 2.25, ""min_sq_bars"": 8, ""stop_atr"": 1.25, ""gate"": ""none"", ""eod_cutoff"": 0, ""exit_mode"": ""target""}"
272,TTMSQZ,TTMSQZ_2_0.py,NQ,60m,FAIL,candidate,wf,35,9.95,0.685,45.7,-0.171,-0.6,-412,694,estimate: optimize yrs x WF trade share,"{""length"": 40, ""direction"": ""long"", ""entry_fill"": ""open"", ""confirm_bars"": 3, ""fade_bars"": 4, ""entry_dir"": ""inverse"", ""bb_mult"": 1.75, ""target_mult"": 2.5, ""kc_mult"": 2.5, ""min_sq_bars"": 4, ""stop_atr"": 2.5, ""gate"": ""none"", ""eod_cutoff"": 2, ""exit_mode"": ""target""}"
272,TTMSQZ,TTMSQZ_2_0.py,NQ,60m,FAIL,candidate,pre,53,15.06,0.698,47.2,-0.159,-0.6,-445,694,optimize window,"{""length"": 40, ""direction"": ""long"", ""entry_fill"": ""open"", ""confirm_bars"": 3, ""fade_bars"": 4, ""entry_dir"": ""inverse"", ""bb_mult"": 1.75, ""target_mult"": 2.5, ""kc_mult"": 2.5, ""min_sq_bars"": 4, ""stop_atr"": 2.5, ""gate"": ""none"", ""eod_cutoff"": 2, ""exit_mode"": ""target""}"
273,ORB,ORB_3_9_AB10.py,NQ,5m,WEAK,champion,pre,1795,15.18,1.173,20.0,0.138,16.3,45580,15503,optimize window,"{""close_confirm"": true, ""vpace_filter"": 0.7, ""be_after_bars"": 10, ""be_after_R"": 1.0, ""stop_frac"": 2.0, ""target_R"": 5.5, ""atr_filter"": 0.7, ""skip_holidays"": true, ""breakout_buf"": 0.25, ""be_lock_frac"": 0.0, ""flat_eod"": true, ""or_bars"": 2, ""reenter_stop"": 0, ""trail_bars"": 0, ""partial_exit_R"": 0.0, ""trade_mode"": ""First-candle dir""}"
273,ORB,ORB_3_9_AB10.py,NQ,5m,WEAK,candidate,wf,1454,9.09,1.317,21.0,0.25,40.0,8152,1040,estimate: optimize yrs x WF trade share,"{""close_confirm"": true, ""vpace_filter"": 0.7, ""be_after_bars"": 10, ""stop_frac"": 2.0, ""be_after_R"": 1.0, ""target_R"": 5.5, ""atr_filter"": 0.7, ""skip_holidays"": true, ""breakout_buf"": 0.25, ""be_lock_frac"": 0.0, ""flat_eod"": true, ""or_bars"": 2, ""reenter_stop"": 0, ""trail_bars"": 0, ""partial_exit_R"": 0.0, ""trade_mode"": ""First-candle dir""}"
273,ORB,ORB_3_9_AB10.py,NQ,5m,WEAK,candidate,pre,2429,15.18,1.268,20.1,0.214,34.2,8022,1040,optimize window,"{""close_confirm"": true, ""vpace_filter"": 0.7, ""be_after_bars"": 10, ""stop_frac"": 2.0, ""be_after_R"": 1.0, ""target_R"": 5.5, ""atr_filter"": 0.7, ""skip_holidays"": true, ""breakout_buf"": 0.25, ""be_lock_frac"": 0.0, ""flat_eod"": true, ""or_bars"": 2, ""reenter_stop"": 0, ""trail_bars"": 0, ""partial_exit_R"": 0.0, ""trade_mode"": ""First-candle dir""}"
274,ORB,ORB_3_4.py,NQ,5m,FAIL,champion,pre,2120,15.18,1.101,46.3,0.054,7.6,58491,35970,optimize window,"{""skip_holidays"": true, ""breakout_buf"": 0.25, ""vpace_filter"": 0.0, ""close_confirm"": true, ""flat_eod"": false, ""or_bars"": 2, ""stop_frac"": 1.5, ""trail_bars"": 4, ""target_R"": 2.0, ""partial_exit_R"": 3.0, ""trade_mode"": ""First-candle dir"", ""atr_filter"": 0.1}"
274,ORB,ORB_3_4.py,NQ,5m,FAIL,candidate,wf,1967,9.0,1.191,37.7,0.119,26.0,10870,1925,estimate: optimize yrs x WF trade share,"{""skip_holidays"": true, ""breakout_buf"": 0.0, ""vpace_filter"": 0.0, ""close_confirm"": false, ""flat_eod"": false, ""or_bars"": 4, ""stop_frac"": 0.75, ""trail_bars"": 14, ""target_R"": 5.0, ""partial_exit_R"": 5.5, ""trade_mode"": ""First-candle dir"", ""atr_filter"": 0.0}"
274,ORB,ORB_3_4.py,NQ,5m,FAIL,candidate,pre,3317,15.18,1.16,36.7,0.101,22.1,10580,1925,optimize window,"{""skip_holidays"": true, ""breakout_buf"": 0.0, ""vpace_filter"": 0.0, ""close_confirm"": false, ""flat_eod"": false, ""or_bars"": 4, ""stop_frac"": 0.75, ""trail_bars"": 14, ""target_R"": 5.0, ""partial_exit_R"": 5.5, ""trade_mode"": ""First-candle dir"", ""atr_filter"": 0.0}"
274,ORB,ORB_3_4.py,NQ,5m,FAIL,candidate,wf,1803,9.17,1.135,43.3,0.077,15.0,5541,2158,estimate: optimize yrs x WF trade share,"{""skip_holidays"": true, ""breakout_buf"": 0.15, ""vpace_filter"": 0.7, ""close_confirm"": true, ""flat_eod"": false, ""or_bars"": 11, ""stop_frac"": 0.5, ""trail_bars"": 12, ""target_R"": 2.0, ""partial_exit_R"": 3.0, ""trade_mode"": ""Both"", ""atr_filter"": 0.1}"
274,ORB,ORB_3_4.py,NQ,5m,FAIL,candidate,pre,2985,15.18,1.106,42.5,0.061,12.0,5084,2158,optimize window,"{""skip_holidays"": true, ""breakout_buf"": 0.15, ""vpace_filter"": 0.7, ""close_confirm"": true, ""flat_eod"": false, ""or_bars"": 11, ""stop_frac"": 0.5, ""trail_bars"": 12, ""target_R"": 2.0, ""partial_exit_R"": 3.0, ""trade_mode"": ""Both"", ""atr_filter"": 0.1}"
274,ORB,ORB_3_4.py,NQ,5m,FAIL,candidate,wf,1648,8.91,1.223,47.8,0.116,21.5,11276,2065,estimate: optimize yrs x WF trade share,"{""skip_holidays"": true, ""breakout_buf"": 0.25, ""vpace_filter"": 0.0, ""close_confirm"": true, ""flat_eod"": false, ""or_bars"": 2, ""stop_frac"": 1.5, ""trail_bars"": 4, ""target_R"": 2.0, ""partial_exit_R"": 3.0, ""trade_mode"": ""First-candle dir"", ""atr_filter"": 0.1}"
274,ORB,ORB_3_4.py,NQ,5m,FAIL,candidate,pre,2807,15.18,1.195,46.8,0.104,19.2,11548,2065,optimize window,"{""skip_holidays"": true, ""breakout_buf"": 0.25, ""vpace_filter"": 0.0, ""close_confirm"": true, ""flat_eod"": false, ""or_bars"": 2, ""stop_frac"": 1.5, ""trail_bars"": 4, ""target_R"": 2.0, ""partial_exit_R"": 3.0, ""trade_mode"": ""First-candle dir"", ""atr_filter"": 0.1}"
274,ORB,ORB_3_4.py,NQ,5m,FAIL,candidate,wf,1810,9.02,1.138,39.0,0.084,16.9,7037,1775,estimate: optimize yrs x WF trade share,"{""skip_holidays"": true, ""breakout_buf"": 0.0, ""vpace_filter"": 0.0, ""close_confirm"": true, ""flat_eod"": false, ""or_bars"": 4, ""stop_frac"": 0.75, ""trail_bars"": 19, ""target_R"": 3.5, ""partial_exit_R"": 3.5, ""trade_mode"": ""First-candle dir"", ""atr_filter"": 0.2}"
274,ORB,ORB_3_4.py,NQ,5m,FAIL,candidate,pre,3045,15.18,1.119,38.1,0.073,14.7,6985,1775,optimize window,"{""skip_holidays"": true, ""breakout_buf"": 0.0, ""vpace_filter"": 0.0, ""close_confirm"": true, ""flat_eod"": false, ""or_bars"": 4, ""stop_frac"": 0.75, ""trail_bars"": 19, ""target_R"": 3.5, ""partial_exit_R"": 3.5, ""trade_mode"": ""First-candle dir"", ""atr_filter"": 0.2}"
274,ORB,ORB_3_4.py,NQ,5m,FAIL,candidate,wf,1923,9.04,1.199,40.9,0.117,25.0,10973,1604,estimate: optimize yrs x WF trade share,"{""skip_holidays"": false, ""breakout_buf"": 0.05, ""vpace_filter"": 0.1, ""close_confirm"": false, ""flat_eod"": false, ""or_bars"": 5, ""stop_frac"": 0.75, ""trail_bars"": 12, ""target_R"": 3.5, ""partial_exit_R"": 5.5, ""trade_mode"": ""First-candle dir"", ""atr_filter"": 0.1}"
274,ORB,ORB_3_4.py,NQ,5m,FAIL,candidate,pre,3228,15.18,1.163,40.0,0.098,20.8,10471,1604,optimize window,"{""skip_holidays"": false, ""breakout_buf"": 0.05, ""vpace_filter"": 0.1, ""close_confirm"": false, ""flat_eod"": false, ""or_bars"": 5, ""stop_frac"": 0.75, ""trail_bars"": 12, ""target_R"": 3.5, ""partial_exit_R"": 5.5, ""trade_mode"": ""First-candle dir"", ""atr_filter"": 0.1}"
274,ORB,ORB_3_4.py,NQ,5m,FAIL,candidate,wf,2106,9.04,1.1,31.5,0.068,15.9,5468,1998,estimate: optimize yrs x WF trade share,"{""skip_holidays"": false, ""breakout_buf"": 0.1, ""vpace_filter"": 0.0, ""close_confirm"": false, ""flat_eod"": false, ""or_bars"": 1, ""stop_frac"": 1.0, ""trail_bars"": 3, ""target_R"": 3.5, ""partial_exit_R"": 4.0, ""trade_mode"": ""First-candle dir"", ""atr_filter"": 0.2}"
274,ORB,ORB_3_4.py,NQ,5m,FAIL,candidate,pre,3535,15.18,1.092,31.0,0.063,14.8,5801,1998,optimize window,"{""skip_holidays"": false, ""breakout_buf"": 0.1, ""vpace_filter"": 0.0, ""close_confirm"": false, ""flat_eod"": false, ""or_bars"": 1, ""stop_frac"": 1.0, ""trail_bars"": 3, ""target_R"": 3.5, ""partial_exit_R"": 4.0, ""trade_mode"": ""First-candle dir"", ""atr_filter"": 0.2}"
274,ORB,ORB_3_4.py,NQ,5m,FAIL,candidate,wf,1758,9.12,1.084,42.2,0.049,9.4,4989,2430,estimate: optimize yrs x WF trade share,"{""skip_holidays"": true, ""breakout_buf"": 0.2, ""vpace_filter"": 0.7, ""close_confirm"": true, ""flat_eod"": false, ""or_bars"": 1, ""stop_frac"": 1.75, ""trail_bars"": 3, ""target_R"": 4.0, ""partial_exit_R"": 3.0, ""trade_mode"": ""First-candle dir"", ""atr_filter"": 0.0}"
274,ORB,ORB_3_4.py,NQ,5m,FAIL,candidate,pre,2927,15.18,1.077,41.9,0.045,8.6,5250,2430,optimize window,"{""skip_holidays"": true, ""breakout_buf"": 0.2, ""vpace_filter"": 0.7, ""close_confirm"": true, ""flat_eod"": false, ""or_bars"": 1, ""stop_frac"": 1.75, ""trail_bars"": 3, ""target_R"": 4.0, ""partial_exit_R"": 3.0, ""trade_mode"": ""First-candle dir"", ""atr_filter"": 0.0}"
274,ORB,ORB_3_4.py,NQ,5m,FAIL,candidate,wf,1456,9.05,1.204,42.1,0.118,19.0,7034,3017,estimate: optimize yrs x WF trade share,"{""skip_holidays"": true, ""breakout_buf"": 0.2, ""vpace_filter"": 0.0, ""close_confirm"": false, ""flat_eod"": false, ""or_bars"": 10, ""stop_frac"": 0.5, ""trail_bars"": 8, ""target_R"": 0.0, ""partial_exit_R"": 4.5, ""trade_mode"": ""First-candle dir"", ""atr_filter"": 0.2}"
274,ORB,ORB_3_4.py,NQ,5m,FAIL,candidate,pre,2443,15.18,1.159,40.7,0.094,15.2,6415,3017,optimize window,"{""skip_holidays"": true, ""breakout_buf"": 0.2, ""vpace_filter"": 0.0, ""close_confirm"": false, ""flat_eod"": false, ""or_bars"": 10, ""stop_frac"": 0.5, ""trail_bars"": 8, ""target_R"": 0.0, ""partial_exit_R"": 4.5, ""trade_mode"": ""First-candle dir"", ""atr_filter"": 0.2}"
274,ORB,ORB_3_4.py,NQ,5m,FAIL,candidate,wf,985,9.07,1.146,44.4,0.081,8.8,3440,1471,estimate: optimize yrs x WF trade share,"{""skip_holidays"": false, ""breakout_buf"": 0.3, ""vpace_filter"": 1.0, ""close_confirm"": true, ""flat_eod"": false, ""or_bars"": 10, ""stop_frac"": 0.5, ""trail_bars"": 5, ""target_R"": 2.0, ""partial_exit_R"": 3.5, ""trade_mode"": ""Both"", ""atr_filter"": 0.1}"
274,ORB,ORB_3_4.py,NQ,5m,FAIL,candidate,pre,1649,15.18,1.124,43.8,0.069,7.5,3399,1471,optimize window,"{""skip_holidays"": false, ""breakout_buf"": 0.3, ""vpace_filter"": 1.0, ""close_confirm"": true, ""flat_eod"": false, ""or_bars"": 10, ""stop_frac"": 0.5, ""trail_bars"": 5, ""target_R"": 2.0, ""partial_exit_R"": 3.5, ""trade_mode"": ""Both"", ""atr_filter"": 0.1}"
274,ORB,ORB_3_4.py,NQ,5m,FAIL,candidate,wf,1187,9.4,1.159,40.0,0.096,12.1,4942,1121,estimate: optimize yrs x WF trade share,"{""skip_holidays"": false, ""breakout_buf"": 0.05, ""vpace_filter"": 0.9, ""close_confirm"": true, ""flat_eod"": false, ""or_bars"": 9, ""stop_frac"": 0.5, ""trail_bars"": 15, ""target_R"": 3.5, ""partial_exit_R"": 4.0, ""trade_mode"": ""First-candle dir"", ""atr_filter"": 0.2}"
274,ORB,ORB_3_4.py,NQ,5m,FAIL,candidate,pre,1917,15.18,1.137,39.9,0.082,10.4,4866,1121,optimize window,"{""skip_holidays"": false, ""breakout_buf"": 0.05, ""vpace_filter"": 0.9, ""close_confirm"": true, ""flat_eod"": false, ""or_bars"": 9, ""stop_frac"": 0.5, ""trail_bars"": 15, ""target_R"": 3.5, ""partial_exit_R"": 4.0, ""trade_mode"": ""First-candle dir"", ""atr_filter"": 0.2}"
275,TTMSQZ,TTMSQZ_2_0_SQ12.py,ES,30m,FAIL,champion,pre,132,15.06,1.781,48.5,0.402,3.5,10213,3121,optimize window,"{""length"": 20, ""confirm_bars"": 0, ""direction"": ""both"", ""entry_fill"": ""open"", ""fade_bars"": 1, ""entry_dir"": ""mom"", ""bb_mult"": 2.0, ""target_mult"": 1.0, ""kc_mult"": 1.5, ""min_sq_bars"": 12, ""stop_atr"": 2.0, ""gate"": ""none"", ""eod_cutoff"": 3, ""exit_mode"": ""fade""}"
275,TTMSQZ,TTMSQZ_2_0_SQ12.py,ES,30m,FAIL,candidate,wf,103,9.18,1.431,43.7,0.243,2.7,170,62,estimate: optimize yrs x WF trade share,"{""length"": 20, ""direction"": ""both"", ""entry_fill"": ""open"", ""confirm_bars"": 0, ""fade_bars"": 1, ""entry_dir"": ""mom"", ""bb_mult"": 2.0, ""target_mult"": 1.0, ""kc_mult"": 1.5, ""min_sq_bars"": 12, ""stop_atr"": 2.0, ""gate"": ""none"", ""eod_cutoff"": 3, ""exit_mode"": ""fade""}"
275,TTMSQZ,TTMSQZ_2_0_SQ12.py,ES,30m,FAIL,candidate,pre,169,15.06,1.58,47.3,0.306,3.4,286,62,optimize window,"{""length"": 20, ""direction"": ""both"", ""entry_fill"": ""open"", ""confirm_bars"": 0, ""fade_bars"": 1, ""entry_dir"": ""mom"", ""bb_mult"": 2.0, ""target_mult"": 1.0, ""kc_mult"": 1.5, ""min_sq_bars"": 12, ""stop_atr"": 2.0, ""gate"": ""none"", ""eod_cutoff"": 3, ""exit_mode"": ""fade""}"
276,TTMSQZ,TTMSQZ_2_0_SQ12R.py,ES,30m,WEAK,champion,pre,132,15.06,1.608,53.8,0.281,2.5,10282,2661,optimize window,"{""length"": 20, ""confirm_bars"": 0, ""direction"": ""both"", ""entry_fill"": ""open"", ""fade_bars"": 1, ""entry_dir"": ""mom"", ""bb_mult"": 2.0, ""target_mult"": 1.0, ""kc_mult"": 1.5, ""min_sq_bars"": 12, ""stop_atr"": 2.0, ""gate"": ""none"", ""eod_cutoff"": 3, ""exit_mode"": ""ride""}"
276,TTMSQZ,TTMSQZ_2_0_SQ12R.py,ES,30m,WEAK,candidate,wf,103,9.18,1.406,49.5,0.205,2.3,207,59,estimate: optimize yrs x WF trade share,"{""length"": 20, ""direction"": ""both"", ""entry_fill"": ""open"", ""confirm_bars"": 0, ""fade_bars"": 1, ""entry_dir"": ""mom"", ""bb_mult"": 2.0, ""target_mult"": 1.0, ""kc_mult"": 1.5, ""min_sq_bars"": 12, ""stop_atr"": 2.0, ""gate"": ""none"", ""eod_cutoff"": 3, ""exit_mode"": ""ride""}"
276,TTMSQZ,TTMSQZ_2_0_SQ12R.py,ES,30m,WEAK,candidate,pre,169,15.06,1.528,53.8,0.244,2.7,331,59,optimize window,"{""length"": 20, ""direction"": ""both"", ""entry_fill"": ""open"", ""confirm_bars"": 0, ""fade_bars"": 1, ""entry_dir"": ""mom"", ""bb_mult"": 2.0, ""target_mult"": 1.0, ""kc_mult"": 1.5, ""min_sq_bars"": 12, ""stop_atr"": 2.0, ""gate"": ""none"", ""eod_cutoff"": 3, ""exit_mode"": ""ride""}"
277,TTMSQZ,TTMSQZ_2_0.py,ES,30m,FAIL,champion,pre,793,15.06,1.461,54.0,0.212,11.2,66247,7841,optimize window,"{""length"": 10, ""confirm_bars"": 0, ""direction"": ""both"", ""entry_fill"": ""open"", ""fade_bars"": 4, ""entry_dir"": ""mom"", ""bb_mult"": 2.25, ""target_mult"": 2.0, ""kc_mult"": 2.25, ""min_sq_bars"": 5, ""stop_atr"": 1.75, ""gate"": ""trend"", ""eod_cutoff"": 4, ""exit_mode"": ""target""}"
277,TTMSQZ,TTMSQZ_2_0.py,ES,30m,FAIL,candidate,wf,419,9.2,1.529,56.3,0.231,10.5,980,203,estimate: optimize yrs x WF trade share,"{""length"": 12, ""direction"": ""both"", ""entry_fill"": ""open"", ""confirm_bars"": 0, ""fade_bars"": 2, ""entry_dir"": ""mom"", ""bb_mult"": 2.5, ""target_mult"": 3.0, ""kc_mult"": 2.25, ""min_sq_bars"": 6, ""stop_atr"": 2.0, ""gate"": ""trend"", ""eod_cutoff"": 6, ""exit_mode"": ""fade""}"
277,TTMSQZ,TTMSQZ_2_0.py,ES,30m,FAIL,candidate,pre,686,15.06,1.399,54.2,0.182,8.3,986,203,optimize window,"{""length"": 12, ""direction"": ""both"", ""entry_fill"": ""open"", ""confirm_bars"": 0, ""fade_bars"": 2, ""entry_dir"": ""mom"", ""bb_mult"": 2.5, ""target_mult"": 3.0, ""kc_mult"": 2.25, ""min_sq_bars"": 6, ""stop_atr"": 2.0, ""gate"": ""trend"", ""eod_cutoff"": 6, ""exit_mode"": ""fade""}"
277,TTMSQZ,TTMSQZ_2_0.py,ES,30m,FAIL,candidate,wf,141,9.88,1.383,55.3,0.171,2.4,363,159,estimate: optimize yrs x WF trade share,"{""length"": 20, ""direction"": ""both"", ""entry_fill"": ""open"", ""confirm_bars"": 0, ""fade_bars"": 4, ""entry_dir"": ""mom"", ""bb_mult"": 2.5, ""target_mult"": 2.5, ""kc_mult"": 2.25, ""min_sq_bars"": 10, ""stop_atr"": 4.0, ""gate"": ""trend"", ""eod_cutoff"": 6, ""exit_mode"": ""fade""}"
277,TTMSQZ,TTMSQZ_2_0.py,ES,30m,FAIL,candidate,pre,215,15.06,1.368,54.9,0.166,2.4,426,159,optimize window,"{""length"": 20, ""direction"": ""both"", ""entry_fill"": ""open"", ""confirm_bars"": 0, ""fade_bars"": 4, ""entry_dir"": ""mom"", ""bb_mult"": 2.5, ""target_mult"": 2.5, ""kc_mult"": 2.25, ""min_sq_bars"": 10, ""stop_atr"": 4.0, ""gate"": ""trend"", ""eod_cutoff"": 6, ""exit_mode"": ""fade""}"
277,TTMSQZ,TTMSQZ_2_0.py,ES,30m,FAIL,candidate,wf,96,9.77,1.879,59.4,0.357,3.5,402,143,estimate: optimize yrs x WF trade share,"{""length"": 18, ""direction"": ""both"", ""entry_fill"": ""open"", ""confirm_bars"": 1, ""fade_bars"": 3, ""entry_dir"": ""mom"", ""bb_mult"": 2.0, ""target_mult"": 0.5, ""kc_mult"": 1.75, ""min_sq_bars"": 12, ""stop_atr"": 3.75, ""gate"": ""trend"", ""eod_cutoff"": 8, ""exit_mode"": ""fade""}"
277,TTMSQZ,TTMSQZ_2_0.py,ES,30m,FAIL,candidate,pre,148,15.06,1.869,56.8,0.376,3.7,495,143,optimize window,"{""length"": 18, ""direction"": ""both"", ""entry_fill"": ""open"", ""confirm_bars"": 1, ""fade_bars"": 3, ""entry_dir"": ""mom"", ""bb_mult"": 2.0, ""target_mult"": 0.5, ""kc_mult"": 1.75, ""min_sq_bars"": 12, ""stop_atr"": 3.75, ""gate"": ""trend"", ""eod_cutoff"": 8, ""exit_mode"": ""fade""}"
277,TTMSQZ,TTMSQZ_2_0.py,ES,30m,FAIL,candidate,wf,68,8.46,1.136,47.1,0.072,0.6,69,110,estimate: optimize yrs x WF trade share,"{""length"": 30, ""direction"": ""both"", ""entry_fill"": ""open"", ""confirm_bars"": 2, ""fade_bars"": 4, ""entry_dir"": ""slope"", ""bb_mult"": 2.5, ""target_mult"": 0.5, ""kc_mult"": 2.5, ""min_sq_bars"": 11, ""stop_atr"": 3.75, ""gate"": ""trend"", ""eod_cutoff"": 7, ""exit_mode"": ""fade""}"
277,TTMSQZ,TTMSQZ_2_0.py,ES,30m,FAIL,candidate,pre,121,15.06,1.328,52.1,0.157,1.3,196,110,optimize window,"{""length"": 30, ""direction"": ""both"", ""entry_fill"": ""open"", ""confirm_bars"": 2, ""fade_bars"": 4, ""entry_dir"": ""slope"", ""bb_mult"": 2.5, ""target_mult"": 0.5, ""kc_mult"": 2.5, ""min_sq_bars"": 11, ""stop_atr"": 3.75, ""gate"": ""trend"", ""eod_cutoff"": 7, ""exit_mode"": ""fade""}"
277,TTMSQZ,TTMSQZ_2_0.py,ES,30m,FAIL,candidate,wf,186,9.25,0.991,49.5,-0.005,-0.1,-10,357,estimate: optimize yrs x WF trade share,"{""length"": 10, ""direction"": ""both"", ""entry_fill"": ""open"", ""confirm_bars"": 1, ""fade_bars"": 4, ""entry_dir"": ""slope"", ""bb_mult"": 2.75, ""target_mult"": 1.0, ""kc_mult"": 1.75, ""min_sq_bars"": 9, ""stop_atr"": 3.25, ""gate"": ""morning"", ""eod_cutoff"": 5, ""exit_mode"": ""fade""}"
277,TTMSQZ,TTMSQZ_2_0.py,ES,30m,FAIL,candidate,pre,303,15.06,1.002,50.8,0.001,0.0,2,357,optimize window,"{""length"": 10, ""direction"": ""both"", ""entry_fill"": ""open"", ""confirm_bars"": 1, ""fade_bars"": 4, ""entry_dir"": ""slope"", ""bb_mult"": 2.75, ""target_mult"": 1.0, ""kc_mult"": 1.75, ""min_sq_bars"": 9, ""stop_atr"": 3.25, ""gate"": ""morning"", ""eod_cutoff"": 5, ""exit_mode"": ""fade""}"
277,TTMSQZ,TTMSQZ_2_0.py,ES,30m,FAIL,candidate,wf,67,8.41,1.405,50.7,0.199,1.6,163,92,estimate: optimize yrs x WF trade share,"{""length"": 12, ""direction"": ""long"", ""entry_fill"": ""open"", ""confirm_bars"": 1, ""fade_bars"": 2, ""entry_dir"": ""inverse"", ""bb_mult"": 2.0, ""target_mult"": 0.5, ""kc_mult"": 2.0, ""min_sq_bars"": 5, ""stop_atr"": 1.75, ""gate"": ""trend"", ""eod_cutoff"": 8, ""exit_mode"": ""target""}"
277,TTMSQZ,TTMSQZ_2_0.py,ES,30m,FAIL,candidate,pre,120,15.06,1.404,52.5,0.192,1.5,217,92,optimize window,"{""length"": 12, ""direction"": ""long"", ""entry_fill"": ""open"", ""confirm_bars"": 1, ""fade_bars"": 2, ""entry_dir"": ""inverse"", ""bb_mult"": 2.0, ""target_mult"": 0.5, ""kc_mult"": 2.0, ""min_sq_bars"": 5, ""stop_atr"": 1.75, ""gate"": ""trend"", ""eod_cutoff"": 8, ""exit_mode"": ""target""}"
277,TTMSQZ,TTMSQZ_2_0.py,ES,30m,FAIL,candidate,wf,35,10.14,3.135,57.1,0.915,3.2,244,25,estimate: optimize yrs x WF trade share,"{""length"": 32, ""direction"": ""both"", ""entry_fill"": ""open"", ""confirm_bars"": 0, ""fade_bars"": 3, ""entry_dir"": ""slope"", ""bb_mult"": 2.5, ""target_mult"": 0.5, ""kc_mult"": 1.75, ""min_sq_bars"": 8, ""stop_atr"": 1.25, ""gate"": ""none"", ""eod_cutoff"": 3, ""exit_mode"": ""target""}"
277,TTMSQZ,TTMSQZ_2_0.py,ES,30m,FAIL,candidate,pre,52,15.06,3.092,59.6,0.845,2.9,281,25,optimize window,"{""length"": 32, ""direction"": ""both"", ""entry_fill"": ""open"", ""confirm_bars"": 0, ""fade_bars"": 3, ""entry_dir"": ""slope"", ""bb_mult"": 2.5, ""target_mult"": 0.5, ""kc_mult"": 1.75, ""min_sq_bars"": 8, ""stop_atr"": 1.25, ""gate"": ""none"", ""eod_cutoff"": 3, ""exit_mode"": ""target""}"
277,TTMSQZ,TTMSQZ_2_0.py,ES,30m,FAIL,candidate,wf,56,9.37,1.754,53.6,0.35,2.1,231,72,estimate: optimize yrs x WF trade share,"{""length"": 22, ""direction"": ""both"", ""entry_fill"": ""open"", ""confirm_bars"": 0, ""fade_bars"": 4, ""entry_dir"": ""mom"", ""bb_mult"": 3.0, ""target_mult"": 1.0, ""kc_mult"": 2.25, ""min_sq_bars"": 11, ""stop_atr"": 2.75, ""gate"": ""morning"", ""eod_cutoff"": 5, ""exit_mode"": ""zero""}"
277,TTMSQZ,TTMSQZ_2_0.py,ES,30m,FAIL,candidate,pre,90,15.06,1.777,57.8,0.328,2.0,298,72,optimize window,"{""length"": 22, ""direction"": ""both"", ""entry_fill"": ""open"", ""confirm_bars"": 0, ""fade_bars"": 4, ""entry_dir"": ""mom"", ""bb_mult"": 3.0, ""target_mult"": 1.0, ""kc_mult"": 2.25, ""min_sq_bars"": 11, ""stop_atr"": 2.75, ""gate"": ""morning"", ""eod_cutoff"": 5, ""exit_mode"": ""zero""}"
277,TTMSQZ,TTMSQZ_2_0.py,ES,30m,FAIL,candidate,wf,121,9.11,1.188,36.4,0.12,1.6,79,91,estimate: optimize yrs x WF trade share,"{""length"": 10, ""direction"": ""long"", ""entry_fill"": ""open"", ""confirm_bars"": 0, ""fade_bars"": 4, ""entry_dir"": ""slope"", ""bb_mult"": 2.5, ""target_mult"": 1.0, ""kc_mult"": 2.0, ""min_sq_bars"": 10, ""stop_atr"": 0.5, ""gate"": ""daily_sq"", ""eod_cutoff"": 4, ""exit_mode"": ""zero""}"
277,TTMSQZ,TTMSQZ_2_0.py,ES,30m,FAIL,candidate,pre,200,15.06,1.307,40.0,0.184,2.4,166,91,optimize window,"{""length"": 10, ""direction"": ""long"", ""entry_fill"": ""open"", ""confirm_bars"": 0, ""fade_bars"": 4, ""entry_dir"": ""slope"", ""bb_mult"": 2.5, ""target_mult"": 1.0, ""kc_mult"": 2.0, ""min_sq_bars"": 10, ""stop_atr"": 0.5, ""gate"": ""daily_sq"", ""eod_cutoff"": 4, ""exit_mode"": ""zero""}"
277,TTMSQZ,TTMSQZ_2_0.py,ES,30m,FAIL,candidate,wf,594,8.85,1.527,55.7,0.233,15.7,1855,211,estimate: optimize yrs x WF trade share,"{""length"": 10, ""direction"": ""both"", ""entry_fill"": ""open"", ""confirm_bars"": 0, ""fade_bars"": 4, ""entry_dir"": ""mom"", ""bb_mult"": 2.25, ""target_mult"": 2.0, ""kc_mult"": 2.25, ""min_sq_bars"": 5, ""stop_atr"": 1.75, ""gate"": ""trend"", ""eod_cutoff"": 4, ""exit_mode"": ""target""}"
277,TTMSQZ,TTMSQZ_2_0.py,ES,30m,FAIL,candidate,pre,1011,15.06,1.425,54.9,0.192,12.9,2049,211,optimize window,"{""length"": 10, ""direction"": ""both"", ""entry_fill"": ""open"", ""confirm_bars"": 0, ""fade_bars"": 4, ""entry_dir"": ""mom"", ""bb_mult"": 2.25, ""target_mult"": 2.0, ""kc_mult"": 2.25, ""min_sq_bars"": 5, ""stop_atr"": 1.75, ""gate"": ""trend"", ""eod_cutoff"": 4, ""exit_mode"": ""target""}"
278,ORB,ORB_3_4_ER_1_0.py,NQ,5m,FAIL,champion,pre,866,15.18,1.411,51.7,0.198,11.3,91956,12267,optimize window,"{""close_confirm"": true, ""vpace_filter"": 0.7, ""stop_frac"": 2.0, ""target_R"": 5.5, ""atr_filter"": 0.7, ""skip_holidays"": true, ""breakout_buf"": 0.25, ""er_len"": 10, ""flat_eod"": true, ""or_bars"": 2, ""trail_bars"": 3, ""partial_exit_R"": 3.0, ""trade_mode"": ""First-candle dir"", ""er_th"": 0.4}"
278,ORB,ORB_3_4_ER_1_0.py,NQ,5m,FAIL,candidate,wf,719,9.23,1.675,53.7,0.313,24.4,14055,902,estimate: optimize yrs x WF trade share,"{""close_confirm"": true, ""vpace_filter"": 0.7, ""stop_frac"": 2.0, ""target_R"": 5.5, ""atr_filter"": 0.7, ""skip_holidays"": true, ""breakout_buf"": 0.25, ""er_len"": 10, ""flat_eod"": true, ""or_bars"": 2, ""trail_bars"": 3, ""partial_exit_R"": 3.0, ""trade_mode"": ""First-candle dir"", ""er_th"": 0.4}"
278,ORB,ORB_3_4_ER_1_0.py,NQ,5m,FAIL,candidate,pre,1182,15.18,1.609,52.6,0.288,22.4,14791,902,optimize window,"{""close_confirm"": true, ""vpace_filter"": 0.7, ""stop_frac"": 2.0, ""target_R"": 5.5, ""atr_filter"": 0.7, ""skip_holidays"": true, ""breakout_buf"": 0.25, ""er_len"": 10, ""flat_eod"": true, ""or_bars"": 2, ""trail_bars"": 3, ""partial_exit_R"": 3.0, ""trade_mode"": ""First-candle dir"", ""er_th"": 0.4}"
278,ORB,ORB_3_4_ER_1_0.py,NQ,5m,FAIL,candidate,wf,607,9.29,1.644,54.7,0.292,19.1,11411,872,estimate: optimize yrs x WF trade share,"{""close_confirm"": true, ""vpace_filter"": 0.7, ""stop_frac"": 2.0, ""target_R"": 5.5, ""atr_filter"": 0.7, ""skip_holidays"": true, ""breakout_buf"": 0.25, ""er_len"": 14, ""flat_eod"": true, ""or_bars"": 2, ""trail_bars"": 3, ""partial_exit_R"": 3.0, ""trade_mode"": ""First-candle dir"", ""er_th"": 0.4}"
278,ORB,ORB_3_4_ER_1_0.py,NQ,5m,FAIL,candidate,pre,992,15.18,1.561,52.2,0.268,17.5,11661,872,optimize window,"{""close_confirm"": true, ""vpace_filter"": 0.7, ""stop_frac"": 2.0, ""target_R"": 5.5, ""atr_filter"": 0.7, ""skip_holidays"": true, ""breakout_buf"": 0.25, ""er_len"": 14, ""flat_eod"": true, ""or_bars"": 2, ""trail_bars"": 3, ""partial_exit_R"": 3.0, ""trade_mode"": ""First-candle dir"", ""er_th"": 0.4}"
278,ORB,ORB_3_4_ER_1_0.py,NQ,5m,FAIL,candidate,wf,713,9.24,1.489,53.4,0.228,17.6,10526,927,estimate: optimize yrs x WF trade share,"{""close_confirm"": true, ""vpace_filter"": 0.7, ""stop_frac"": 2.0, ""target_R"": 5.5, ""atr_filter"": 0.7, ""skip_holidays"": true, ""breakout_buf"": 0.25, ""er_len"": 14, ""flat_eod"": true, ""or_bars"": 2, ""trail_bars"": 3, ""partial_exit_R"": 3.0, ""trade_mode"": ""First-candle dir"", ""er_th"": 0.35}"
278,ORB,ORB_3_4_ER_1_0.py,NQ,5m,FAIL,candidate,pre,1172,15.18,1.428,51.3,0.208,16.1,10800,927,optimize window,"{""close_confirm"": true, ""vpace_filter"": 0.7, ""stop_frac"": 2.0, ""target_R"": 5.5, ""atr_filter"": 0.7, ""skip_holidays"": true, ""breakout_buf"": 0.25, ""er_len"": 14, ""flat_eod"": true, ""or_bars"": 2, ""trail_bars"": 3, ""partial_exit_R"": 3.0, ""trade_mode"": ""First-candle dir"", ""er_th"": 0.35}"
278,ORB,ORB_3_4_ER_1_0.py,NQ,5m,FAIL,candidate,wf,661,9.28,1.563,53.3,0.263,18.7,11085,1022,estimate: optimize yrs x WF trade share,"{""close_confirm"": true, ""vpace_filter"": 0.7, ""stop_frac"": 2.0, ""target_R"": 5.5, ""atr_filter"": 0.7, ""skip_holidays"": true, ""breakout_buf"": 0.25, ""er_len"": 12, ""flat_eod"": true, ""or_bars"": 2, ""trail_bars"": 3, ""partial_exit_R"": 3.0, ""trade_mode"": ""First-candle dir"", ""er_th"": 0.4}"
278,ORB,ORB_3_4_ER_1_0.py,NQ,5m,FAIL,candidate,pre,1081,15.18,1.492,51.5,0.238,17.0,11400,1022,optimize window,"{""close_confirm"": true, ""vpace_filter"": 0.7, ""stop_frac"": 2.0, ""target_R"": 5.5, ""atr_filter"": 0.7, ""skip_holidays"": true, ""breakout_buf"": 0.25, ""er_len"": 12, ""flat_eod"": true, ""or_bars"": 2, ""trail_bars"": 3, ""partial_exit_R"": 3.0, ""trade_mode"": ""First-candle dir"", ""er_th"": 0.4}"
278,ORB,ORB_3_4_ER_1_0.py,NQ,5m,FAIL,candidate,wf,803,9.08,1.558,52.6,0.265,23.4,13149,1020,estimate: optimize yrs x WF trade share,"{""close_confirm"": true, ""vpace_filter"": 0.7, ""stop_frac"": 2.0, ""target_R"": 5.5, ""atr_filter"": 0.7, ""skip_holidays"": true, ""breakout_buf"": 0.25, ""er_len"": 10, ""flat_eod"": true, ""or_bars"": 2, ""trail_bars"": 3, ""partial_exit_R"": 3.0, ""trade_mode"": ""First-candle dir"", ""er_th"": 0.35}"
278,ORB,ORB_3_4_ER_1_0.py,NQ,5m,FAIL,candidate,pre,1343,15.18,1.49,51.4,0.238,21.1,13623,1020,optimize window,"{""close_confirm"": true, ""vpace_filter"": 0.7, ""stop_frac"": 2.0, ""target_R"": 5.5, ""atr_filter"": 0.7, ""skip_holidays"": true, ""breakout_buf"": 0.25, ""er_len"": 10, ""flat_eod"": true, ""or_bars"": 2, ""trail_bars"": 3, ""partial_exit_R"": 3.0, ""trade_mode"": ""First-candle dir"", ""er_th"": 0.35}"
278,ORB,ORB_3_4_ER_1_0.py,NQ,5m,FAIL,candidate,wf,1241,9.04,1.297,50.5,0.147,20.2,11974,1795,estimate: optimize yrs x WF trade share,"{""close_confirm"": true, ""vpace_filter"": 0.7, ""stop_frac"": 2.0, ""target_R"": 5.5, ""atr_filter"": 0.7, ""skip_holidays"": true, ""breakout_buf"": 0.25, ""er_len"": 6, ""flat_eod"": true, ""or_bars"": 2, ""trail_bars"": 3, ""partial_exit_R"": 3.0, ""trade_mode"": ""First-candle dir"", ""er_th"": 0.15}"
278,ORB,ORB_3_4_ER_1_0.py,NQ,5m,FAIL,candidate,pre,2083,15.18,1.265,49.6,0.133,18.3,12468,1795,optimize window,"{""close_confirm"": true, ""vpace_filter"": 0.7, ""stop_frac"": 2.0, ""target_R"": 5.5, ""atr_filter"": 0.7, ""skip_holidays"": true, ""breakout_buf"": 0.25, ""er_len"": 6, ""flat_eod"": true, ""or_bars"": 2, ""trail_bars"": 3, ""partial_exit_R"": 3.0, ""trade_mode"": ""First-candle dir"", ""er_th"": 0.15}"
278,ORB,ORB_3_4_ER_1_0.py,NQ,5m,FAIL,candidate,wf,741,9.1,1.523,52.8,0.247,20.1,11593,1125,estimate: optimize yrs x WF trade share,"{""close_confirm"": true, ""vpace_filter"": 0.7, ""stop_frac"": 2.0, ""target_R"": 5.5, ""atr_filter"": 0.7, ""skip_holidays"": true, ""breakout_buf"": 0.25, ""er_len"": 12, ""flat_eod"": true, ""or_bars"": 2, ""trail_bars"": 3, ""partial_exit_R"": 3.0, ""trade_mode"": ""First-candle dir"", ""er_th"": 0.35}"
278,ORB,ORB_3_4_ER_1_0.py,NQ,5m,FAIL,candidate,pre,1236,15.18,1.454,51.0,0.223,18.1,11915,1125,optimize window,"{""close_confirm"": true, ""vpace_filter"": 0.7, ""stop_frac"": 2.0, ""target_R"": 5.5, ""atr_filter"": 0.7, ""skip_holidays"": true, ""breakout_buf"": 0.25, ""er_len"": 12, ""flat_eod"": true, ""or_bars"": 2, ""trail_bars"": 3, ""partial_exit_R"": 3.0, ""trade_mode"": ""First-candle dir"", ""er_th"": 0.35}"
278,ORB,ORB_3_4_ER_1_0.py,NQ,5m,FAIL,candidate,wf,757,9.24,1.461,52.6,0.219,17.9,10638,1074,estimate: optimize yrs x WF trade share,"{""close_confirm"": true, ""vpace_filter"": 0.7, ""stop_frac"": 2.0, ""target_R"": 5.5, ""atr_filter"": 0.7, ""skip_holidays"": true, ""breakout_buf"": 0.25, ""er_len"": 16, ""flat_eod"": true, ""or_bars"": 2, ""trail_bars"": 3, ""partial_exit_R"": 3.0, ""trade_mode"": ""First-candle dir"", ""er_th"": 0.3}"
278,ORB,ORB_3_4_ER_1_0.py,NQ,5m,FAIL,candidate,pre,1244,15.18,1.401,50.6,0.198,16.3,10850,1074,optimize window,"{""close_confirm"": true, ""vpace_filter"": 0.7, ""stop_frac"": 2.0, ""target_R"": 5.5, ""atr_filter"": 0.7, ""skip_holidays"": true, ""breakout_buf"": 0.25, ""er_len"": 16, ""flat_eod"": true, ""or_bars"": 2, ""trail_bars"": 3, ""partial_exit_R"": 3.0, ""trade_mode"": ""First-candle dir"", ""er_th"": 0.3}"
278,ORB,ORB_3_4_ER_1_0.py,NQ,5m,FAIL,candidate,wf,719,9.26,1.422,53.0,0.199,15.4,9482,1066,estimate: optimize yrs x WF trade share,"{""close_confirm"": true, ""vpace_filter"": 0.7, ""stop_frac"": 2.0, ""target_R"": 5.5, ""atr_filter"": 0.7, ""skip_holidays"": true, ""breakout_buf"": 0.25, ""er_len"": 18, ""flat_eod"": true, ""or_bars"": 2, ""trail_bars"": 3, ""partial_exit_R"": 3.0, ""trade_mode"": ""First-candle dir"", ""er_th"": 0.3}"
278,ORB,ORB_3_4_ER_1_0.py,NQ,5m,FAIL,candidate,pre,1179,15.18,1.359,50.5,0.178,13.8,9412,1066,optimize window,"{""close_confirm"": true, ""vpace_filter"": 0.7, ""stop_frac"": 2.0, ""target_R"": 5.5, ""atr_filter"": 0.7, ""skip_holidays"": true, ""breakout_buf"": 0.25, ""er_len"": 18, ""flat_eod"": true, ""or_bars"": 2, ""trail_bars"": 3, ""partial_exit_R"": 3.0, ""trade_mode"": ""First-candle dir"", ""er_th"": 0.3}"
278,ORB,ORB_3_4_ER_1_0.py,NQ,5m,FAIL,candidate,wf,562,9.31,1.571,53.9,0.263,15.9,9495,925,estimate: optimize yrs x WF trade share,"{""close_confirm"": true, ""vpace_filter"": 0.7, ""stop_frac"": 2.0, ""target_R"": 5.5, ""atr_filter"": 0.7, ""skip_holidays"": true, ""breakout_buf"": 0.25, ""er_len"": 12, ""flat_eod"": true, ""or_bars"": 2, ""trail_bars"": 3, ""partial_exit_R"": 3.0, ""trade_mode"": ""First-candle dir"", ""er_th"": 0.45}"
278,ORB,ORB_3_4_ER_1_0.py,NQ,5m,FAIL,candidate,pre,916,15.18,1.514,52.2,0.246,14.8,9983,925,optimize window,"{""close_confirm"": true, ""vpace_filter"": 0.7, ""stop_frac"": 2.0, ""target_R"": 5.5, ""atr_filter"": 0.7, ""skip_holidays"": true, ""breakout_buf"": 0.25, ""er_len"": 12, ""flat_eod"": true, ""or_bars"": 2, ""trail_bars"": 3, ""partial_exit_R"": 3.0, ""trade_mode"": ""First-candle dir"", ""er_th"": 0.45}"
279,TTMSQZ,TTMSQZ_3_0_ES30.py,ES,30m,WEAK,champion,pre,242,15.06,2.137,50.4,0.564,9.1,26184,3896,optimize window,"{""length"": 20, ""gate_mode"": ""sq_on"", ""gate_fired_k"": 3, ""direction"": ""both"", ""entry_fill"": ""open"", ""fade_bars"": 1, ""bb_mult"": 2.0, ""gate_len"": 20, ""kc_mult"": 1.5, ""gate_tf_min"": 60, ""stop_atr"": 2.0, ""min_sq_bars"": 1, ""exit_mode"": ""fade"", ""eod_cutoff"": 3}"
279,TTMSQZ,TTMSQZ_3_0_ES30.py,ES,30m,WEAK,candidate,wf,187,9.39,1.889,48.7,0.456,9.1,568,78,estimate: optimize yrs x WF trade share,"{""length"": 20, ""gate_mode"": ""sq_on"", ""gate_fired_k"": 3, ""direction"": ""both"", ""entry_fill"": ""open"", ""fade_bars"": 1, ""bb_mult"": 2.0, ""gate_len"": 20, ""kc_mult"": 1.5, ""gate_tf_min"": 60, ""stop_atr"": 2.0, ""min_sq_bars"": 1, ""exit_mode"": ""fade"", ""eod_cutoff"": 3}"
279,TTMSQZ,TTMSQZ_3_0_ES30.py,ES,30m,WEAK,candidate,pre,300,15.06,2.031,51.0,0.505,10.1,813,78,optimize window,"{""length"": 20, ""gate_mode"": ""sq_on"", ""gate_fired_k"": 3, ""direction"": ""both"", ""entry_fill"": ""open"", ""fade_bars"": 1, ""bb_mult"": 2.0, ""gate_len"": 20, ""kc_mult"": 1.5, ""gate_tf_min"": 60, ""stop_atr"": 2.0, ""min_sq_bars"": 1, ""exit_mode"": ""fade"", ""eod_cutoff"": 3}"
280,TTMSQZ,TTMSQZ_3_0_NQ15B.py,NQ,15m,WEAK,champion,pre,222,15.06,1.289,45.9,0.156,2.3,14481,9277,optimize window,"{""length"": 20, ""gate_mode"": ""sq_on"", ""gate_fired_k"": 3, ""direction"": ""both"", ""entry_fill"": ""range_break"", ""fade_bars"": 1, ""bb_mult"": 2.0, ""gate_len"": 20, ""kc_mult"": 1.5, ""gate_tf_min"": 60, ""stop_atr"": 2.0, ""min_sq_bars"": 1, ""exit_mode"": ""ride"", ""eod_cutoff"": 3}"
280,TTMSQZ,TTMSQZ_3_0_NQ15B.py,NQ,15m,WEAK,candidate,wf,167,8.61,1.76,49.1,0.387,7.5,2874,464,estimate: optimize yrs x WF trade share,"{""length"": 20, ""gate_mode"": ""sq_on"", ""gate_fired_k"": 3, ""direction"": ""both"", ""entry_fill"": ""range_break"", ""fade_bars"": 1, ""bb_mult"": 2.0, ""gate_len"": 20, ""kc_mult"": 1.5, ""gate_tf_min"": 60, ""stop_atr"": 2.0, ""min_sq_bars"": 1, ""exit_mode"": ""ride"", ""eod_cutoff"": 3}"
280,TTMSQZ,TTMSQZ_3_0_NQ15B.py,NQ,15m,WEAK,candidate,pre,292,15.06,1.698,48.3,0.361,7.0,3107,464,optimize window,"{""length"": 20, ""gate_mode"": ""sq_on"", ""gate_fired_k"": 3, ""direction"": ""both"", ""entry_fill"": ""range_break"", ""fade_bars"": 1, ""bb_mult"": 2.0, ""gate_len"": 20, ""kc_mult"": 1.5, ""gate_tf_min"": 60, ""stop_atr"": 2.0, ""min_sq_bars"": 1, ""exit_mode"": ""ride"", ""eod_cutoff"": 3}"
281,TTMSQZ,TTMSQZ_3_0_NQ15.py,NQ,15m,FAIL,champion,pre,314,15.06,1.161,37.3,0.101,2.1,7065,6385,optimize window,"{""length"": 20, ""gate_mode"": ""sq_on"", ""gate_fired_k"": 3, ""direction"": ""both"", ""entry_fill"": ""open"", ""fade_bars"": 1, ""bb_mult"": 2.0, ""gate_len"": 20, ""kc_mult"": 1.5, ""gate_tf_min"": 60, ""stop_atr"": 2.0, ""min_sq_bars"": 1, ""exit_mode"": ""fade"", ""eod_cutoff"": 3}"
281,TTMSQZ,TTMSQZ_3_0_NQ15.py,NQ,15m,FAIL,candidate,wf,214,8.08,1.823,46.7,0.439,11.6,2537,319,estimate: optimize yrs x WF trade share,"{""length"": 20, ""gate_mode"": ""sq_on"", ""gate_fired_k"": 3, ""direction"": ""both"", ""entry_fill"": ""open"", ""fade_bars"": 1, ""bb_mult"": 2.0, ""gate_len"": 20, ""kc_mult"": 1.5, ""gate_tf_min"": 60, ""stop_atr"": 2.0, ""min_sq_bars"": 1, ""exit_mode"": ""fade"", ""eod_cutoff"": 3}"
281,TTMSQZ,TTMSQZ_3_0_NQ15.py,NQ,15m,FAIL,candidate,pre,399,15.06,1.68,40.9,0.402,10.7,2578,319,optimize window,"{""length"": 20, ""gate_mode"": ""sq_on"", ""gate_fired_k"": 3, ""direction"": ""both"", ""entry_fill"": ""open"", ""fade_bars"": 1, ""bb_mult"": 2.0, ""gate_len"": 20, ""kc_mult"": 1.5, ""gate_tf_min"": 60, ""stop_atr"": 2.0, ""min_sq_bars"": 1, ""exit_mode"": ""fade"", ""eod_cutoff"": 3}"
283,ENGU-Q,ENGUQ_1M_ETH_COOLDOWN_1_0.py,NQ,1m,WEAK,champion,pre,1984,15.06,1.36,25.2,0.27,35.5,184826,49881,optimize window,"{""buf_atr"": 0.9, ""cooldown_bars"": 3, ""ema_len"": 1380, ""tl_len"": 170, ""vol_mult"": 0.8, ""stop_mult"": 1.0, ""trail_frac"": 2.5, ""regime_len"": 0, ""min_brk"": 1.3, ""breakeven_R"": 1.5, ""atr_len"": 106, ""act_R"": 2.5}"
283,ENGU-Q,ENGUQ_1M_ETH_COOLDOWN_1_0.py,NQ,1m,WEAK,candidate,wf,1530,8.72,1.313,26.6,0.23,40.3,14880,2521,estimate: optimize yrs x WF trade share,"{""buf_atr"": 0.9, ""atr_len"": 106, ""vol_mult"": 0.8, ""tl_len"": 170, ""ema_len"": 1380, ""stop_mult"": 1.0, ""trail_frac"": 2.5, ""regime_len"": 0, ""min_brk"": 1.3, ""breakeven_R"": 1.5, ""cooldown_bars"": 3, ""act_R"": 2.5}"
283,ENGU-Q,ENGUQ_1M_ETH_COOLDOWN_1_0.py,NQ,1m,WEAK,candidate,pre,2643,15.06,1.301,25.2,0.225,39.6,16587,2521,optimize window,"{""buf_atr"": 0.9, ""atr_len"": 106, ""vol_mult"": 0.8, ""tl_len"": 170, ""ema_len"": 1380, ""stop_mult"": 1.0, ""trail_frac"": 2.5, ""regime_len"": 0, ""min_brk"": 1.3, ""breakeven_R"": 1.5, ""cooldown_bars"": 3, ""act_R"": 2.5}"
283,ENGU-Q,ENGUQ_1M_ETH_COOLDOWN_1_0.py,NQ,1m,WEAK,candidate,wf,1531,8.73,1.31,26.6,0.228,40.0,14760,2521,estimate: optimize yrs x WF trade share,"{""buf_atr"": 0.9, ""atr_len"": 106, ""vol_mult"": 0.8, ""tl_len"": 170, ""ema_len"": 1380, ""stop_mult"": 1.0, ""trail_frac"": 2.5, ""regime_len"": 0, ""min_brk"": 1.3, ""breakeven_R"": 1.5, ""cooldown_bars"": 4, ""act_R"": 2.5}"
283,ENGU-Q,ENGUQ_1M_ETH_COOLDOWN_1_0.py,NQ,1m,WEAK,candidate,pre,2642,15.06,1.299,25.2,0.224,39.3,16462,2521,optimize window,"{""buf_atr"": 0.9, ""atr_len"": 106, ""vol_mult"": 0.8, ""tl_len"": 170, ""ema_len"": 1380, ""stop_mult"": 1.0, ""trail_frac"": 2.5, ""regime_len"": 0, ""min_brk"": 1.3, ""breakeven_R"": 1.5, ""cooldown_bars"": 4, ""act_R"": 2.5}"
283,ENGU-Q,ENGUQ_1M_ETH_COOLDOWN_1_0.py,NQ,1m,WEAK,candidate,wf,1521,8.76,1.309,26.6,0.227,39.4,14720,2521,estimate: optimize yrs x WF trade share,"{""buf_atr"": 0.9, ""atr_len"": 106, ""vol_mult"": 0.8, ""tl_len"": 170, ""ema_len"": 1380, ""stop_mult"": 1.0, ""trail_frac"": 2.5, ""regime_len"": 0, ""min_brk"": 1.3, ""breakeven_R"": 1.5, ""cooldown_bars"": 8, ""act_R"": 2.5}"
283,ENGU-Q,ENGUQ_1M_ETH_COOLDOWN_1_0.py,NQ,1m,WEAK,candidate,pre,2616,15.06,1.299,25.2,0.224,38.9,16468,2521,optimize window,"{""buf_atr"": 0.9, ""atr_len"": 106, ""vol_mult"": 0.8, ""tl_len"": 170, ""ema_len"": 1380, ""stop_mult"": 1.0, ""trail_frac"": 2.5, ""regime_len"": 0, ""min_brk"": 1.3, ""breakeven_R"": 1.5, ""cooldown_bars"": 8, ""act_R"": 2.5}"
283,ENGU-Q,ENGUQ_1M_ETH_COOLDOWN_1_0.py,NQ,1m,WEAK,candidate,wf,1526,8.76,1.306,26.6,0.225,39.1,14605,2521,estimate: optimize yrs x WF trade share,"{""buf_atr"": 0.9, ""atr_len"": 106, ""vol_mult"": 0.8, ""tl_len"": 170, ""ema_len"": 1380, ""stop_mult"": 1.0, ""trail_frac"": 2.5, ""regime_len"": 0, ""min_brk"": 1.3, ""breakeven_R"": 1.5, ""cooldown_bars"": 7, ""act_R"": 2.5}"
283,ENGU-Q,ENGUQ_1M_ETH_COOLDOWN_1_0.py,NQ,1m,WEAK,candidate,pre,2625,15.06,1.296,25.2,0.221,38.6,16341,2521,optimize window,"{""buf_atr"": 0.9, ""atr_len"": 106, ""vol_mult"": 0.8, ""tl_len"": 170, ""ema_len"": 1380, ""stop_mult"": 1.0, ""trail_frac"": 2.5, ""regime_len"": 0, ""min_brk"": 1.3, ""breakeven_R"": 1.5, ""cooldown_bars"": 7, ""act_R"": 2.5}"
283,ENGU-Q,ENGUQ_1M_ETH_COOLDOWN_1_0.py,NQ,1m,WEAK,candidate,wf,1528,8.75,1.309,26.6,0.227,39.6,14715,2521,estimate: optimize yrs x WF trade share,"{""buf_atr"": 0.9, ""atr_len"": 106, ""vol_mult"": 0.8, ""tl_len"": 170, ""ema_len"": 1380, ""stop_mult"": 1.0, ""trail_frac"": 2.5, ""regime_len"": 0, ""min_brk"": 1.3, ""breakeven_R"": 1.5, ""cooldown_bars"": 6, ""act_R"": 2.5}"
283,ENGU-Q,ENGUQ_1M_ETH_COOLDOWN_1_0.py,NQ,1m,WEAK,candidate,pre,2631,15.06,1.298,25.2,0.223,39.0,16442,2521,optimize window,"{""buf_atr"": 0.9, ""atr_len"": 106, ""vol_mult"": 0.8, ""tl_len"": 170, ""ema_len"": 1380, ""stop_mult"": 1.0, ""trail_frac"": 2.5, ""regime_len"": 0, ""min_brk"": 1.3, ""breakeven_R"": 1.5, ""cooldown_bars"": 6, ""act_R"": 2.5}"
283,ENGU-Q,ENGUQ_1M_ETH_COOLDOWN_1_0.py,NQ,1m,WEAK,candidate,wf,1528,8.73,1.309,26.5,0.227,39.7,14711,2521,estimate: optimize yrs x WF trade share,"{""buf_atr"": 0.9, ""atr_len"": 106, ""vol_mult"": 0.8, ""tl_len"": 170, ""ema_len"": 1380, ""stop_mult"": 1.0, ""trail_frac"": 2.5, ""regime_len"": 0, ""min_brk"": 1.3, ""breakeven_R"": 1.5, ""cooldown_bars"": 5, ""act_R"": 2.5}"
283,ENGU-Q,ENGUQ_1M_ETH_COOLDOWN_1_0.py,NQ,1m,WEAK,candidate,pre,2635,15.06,1.298,25.2,0.223,39.1,16440,2521,optimize window,"{""buf_atr"": 0.9, ""atr_len"": 106, ""vol_mult"": 0.8, ""tl_len"": 170, ""ema_len"": 1380, ""stop_mult"": 1.0, ""trail_frac"": 2.5, ""regime_len"": 0, ""min_brk"": 1.3, ""breakeven_R"": 1.5, ""cooldown_bars"": 5, ""act_R"": 2.5}"
284,ENGU-Q,ENGUQ_1M_ETH_FROZEN_1_0.py,NQ,1m,PASS,champion,pre,1990,15.06,1.357,25.1,0.268,35.4,183829,49881,optimize window,"{""buf_atr"": 0.9, ""vol_mult"": 0.8, ""ema_len"": 1380, ""tl_len"": 170, ""stop_mult"": 1.0, ""trail_frac"": 2.5, ""regime_len"": 0, ""min_brk"": 1.3, ""breakeven_R"": 1.5, ""atr_len"": 106, ""act_R"": 2.5}"
284,ENGU-Q,ENGUQ_1M_ETH_FROZEN_1_0.py,NQ,1m,PASS,candidate,wf,1537,8.72,1.304,26.5,0.223,39.3,14539,2521,estimate: optimize yrs x WF trade share,"{""buf_atr"": 0.9, ""ema_len"": 1380, ""breakeven_R"": 1.5, ""tl_len"": 170, ""stop_mult"": 1.0, ""trail_frac"": 2.5, ""regime_len"": 0, ""min_brk"": 1.3, ""vol_mult"": 0.8, ""atr_len"": 106, ""act_R"": 2.5}"
284,ENGU-Q,ENGUQ_1M_ETH_FROZEN_1_0.py,NQ,1m,PASS,candidate,pre,2655,15.06,1.293,25.2,0.219,38.6,16232,2521,optimize window,"{""buf_atr"": 0.9, ""ema_len"": 1380, ""breakeven_R"": 1.5, ""tl_len"": 170, ""stop_mult"": 1.0, ""trail_frac"": 2.5, ""regime_len"": 0, ""min_brk"": 1.3, ""vol_mult"": 0.8, ""atr_len"": 106, ""act_R"": 2.5}"
285,COMBINED,COMBINED (REAL): ORB234 + ENGUQ265 + NOISE243,,,PASS,champion,pre,7800,16.06,1.37,38.2,0.229,111.1,956516,67563,optimize window,"{""book"": [""ORB_3_6_C2.py"", ""ENGUQ_1M_ETH_ER25_1_0.py"", ""NOISE_1_0.py""]}"
286,ENGU-Q,ENGUQ_1M_ETH_CD5_1_0.py,NQ,1m,PASS,champion,pre,1979,15.06,1.349,25.1,0.261,34.3,180209,49881,optimize window,"{""buf_atr"": 0.9, ""cooldown_bars"": 5, ""ema_len"": 1380, ""tl_len"": 170, ""vol_mult"": 0.8, ""stop_mult"": 1.0, ""trail_frac"": 2.5, ""regime_len"": 0, ""min_brk"": 1.3, ""breakeven_R"": 1.5, ""atr_len"": 106, ""act_R"": 2.5}"
286,ENGU-Q,ENGUQ_1M_ETH_CD5_1_0.py,NQ,1m,PASS,candidate,wf,1528,8.73,1.309,26.5,0.227,39.7,14711,2521,estimate: optimize yrs x WF trade share,"{""buf_atr"": 0.9, ""atr_len"": 106, ""vol_mult"": 0.8, ""tl_len"": 170, ""ema_len"": 1380, ""stop_mult"": 1.0, ""trail_frac"": 2.5, ""regime_len"": 0, ""min_brk"": 1.3, ""breakeven_R"": 1.5, ""cooldown_bars"": 5, ""act_R"": 2.5}"
286,ENGU-Q,ENGUQ_1M_ETH_CD5_1_0.py,NQ,1m,PASS,candidate,pre,2635,15.06,1.298,25.2,0.223,39.1,16440,2521,optimize window,"{""buf_atr"": 0.9, ""atr_len"": 106, ""vol_mult"": 0.8, ""tl_len"": 170, ""ema_len"": 1380, ""stop_mult"": 1.0, ""trail_frac"": 2.5, ""regime_len"": 0, ""min_brk"": 1.3, ""breakeven_R"": 1.5, ""cooldown_bars"": 5, ""act_R"": 2.5}"
287,COMBINED,COMBINED (ML-GATED): ORB234-rf + ENGUQ265-logistic + NOISE243-et,,,PASS,champion,pre,7800,16.06,1.37,38.2,0.229,111.1,956516,67563,optimize window,"{""book"": [""ORB_3_6_C2.py"", ""ENGUQ_1M_ETH_ER25_1_0.py"", ""NOISE_1_0.py""]}"
288,COMBINED,COMBINED (ML-GATED): ORB234-rf + ENGUQ265-logistic + NOISE243-et,,,PASS,champion,pre,5293,16.06,1.456,40.9,0.269,88.8,1333444,48623,optimize window,"{""book"": [""ORB_3_6_C2.py"", ""ENGUQ_1M_ETH_ER25_1_0.py"", ""NOISE_1_0.py""]}"
289,TTMSQZ,TTMSQZ_3_0_ES30N.py,ES,30m,PASS,champion,pre,276,15.06,2.171,49.6,0.59,10.8,29253,3740,optimize window,"{""gate_len"": 20, ""stop_atr"": 1.5, ""eod_cutoff"": 1, ""kc_mult"": 1.5}"
289,TTMSQZ,TTMSQZ_3_0_ES30N.py,ES,30m,PASS,candidate,wf,368,8.9,1.407,45.7,0.221,9.1,600,123,estimate: optimize yrs x WF trade share,"{""stop_atr"": 2.5, ""gate_len"": 16, ""eod_cutoff"": 1, ""kc_mult"": 1.5}"
289,TTMSQZ,TTMSQZ_3_0_ES30N.py,ES,30m,PASS,candidate,pre,623,15.06,1.441,46.7,0.235,9.7,849,123,optimize window,"{""stop_atr"": 2.5, ""gate_len"": 16, ""eod_cutoff"": 1, ""kc_mult"": 1.5}"
289,TTMSQZ,TTMSQZ_3_0_ES30N.py,ES,30m,PASS,candidate,wf,371,8.93,1.445,44.7,0.246,10.2,638,128,estimate: optimize yrs x WF trade share,"{""stop_atr"": 1.5, ""gate_len"": 16, ""eod_cutoff"": 1, ""kc_mult"": 1.5}"
289,TTMSQZ,TTMSQZ_3_0_ES30N.py,ES,30m,PASS,candidate,pre,626,15.06,1.461,45.7,0.25,10.4,868,128,optimize window,"{""stop_atr"": 1.5, ""gate_len"": 16, ""eod_cutoff"": 1, ""kc_mult"": 1.5}"
289,TTMSQZ,TTMSQZ_3_0_ES30N.py,ES,30m,PASS,candidate,wf,212,9.39,1.915,48.6,0.471,10.6,640,82,estimate: optimize yrs x WF trade share,"{""stop_atr"": 2.5, ""gate_len"": 20, ""eod_cutoff"": 1, ""kc_mult"": 1.5}"
289,TTMSQZ,TTMSQZ_3_0_ES30N.py,ES,30m,PASS,candidate,pre,340,15.06,2.074,51.5,0.521,11.8,924,82,optimize window,"{""stop_atr"": 2.5, ""gate_len"": 20, ""eod_cutoff"": 1, ""kc_mult"": 1.5}"
289,TTMSQZ,TTMSQZ_3_0_ES30N.py,ES,30m,PASS,candidate,wf,369,8.91,1.385,45.0,0.212,8.8,575,118,estimate: optimize yrs x WF trade share,"{""stop_atr"": 2.0, ""gate_len"": 16, ""eod_cutoff"": 1, ""kc_mult"": 1.5}"
289,TTMSQZ,TTMSQZ_3_0_ES30N.py,ES,30m,PASS,candidate,pre,624,15.06,1.43,46.3,0.231,9.6,833,118,optimize window,"{""stop_atr"": 2.0, ""gate_len"": 16, ""eod_cutoff"": 1, ""kc_mult"": 1.5}"
289,TTMSQZ,TTMSQZ_3_0_ES30N.py,ES,30m,PASS,candidate,wf,213,9.41,1.914,48.4,0.472,10.7,640,89,estimate: optimize yrs x WF trade share,"{""stop_atr"": 2.0, ""gate_len"": 20, ""eod_cutoff"": 1, ""kc_mult"": 1.5}"
289,TTMSQZ,TTMSQZ_3_0_ES30N.py,ES,30m,PASS,candidate,pre,341,15.06,2.071,51.3,0.522,11.8,923,89,optimize window,"{""stop_atr"": 2.0, ""gate_len"": 20, ""eod_cutoff"": 1, ""kc_mult"": 1.5}"
289,TTMSQZ,TTMSQZ_3_0_ES30N.py,ES,30m,PASS,candidate,wf,215,9.44,1.997,47.9,0.519,11.8,669,75,estimate: optimize yrs x WF trade share,"{""stop_atr"": 1.5, ""gate_len"": 20, ""eod_cutoff"": 1, ""kc_mult"": 1.5}"
289,TTMSQZ,TTMSQZ_3_0_ES30N.py,ES,30m,PASS,candidate,pre,343,15.06,2.114,50.4,0.552,12.6,934,75,optimize window,"{""stop_atr"": 1.5, ""gate_len"": 20, ""eod_cutoff"": 1, ""kc_mult"": 1.5}"
289,TTMSQZ,TTMSQZ_3_0_ES30N.py,ES,30m,PASS,candidate,wf,186,9.37,1.901,48.9,0.46,9.1,572,69,estimate: optimize yrs x WF trade share,"{""stop_atr"": 2.5, ""gate_len"": 20, ""eod_cutoff"": 3, ""kc_mult"": 1.5}"
289,TTMSQZ,TTMSQZ_3_0_ES30N.py,ES,30m,PASS,candidate,pre,299,15.06,2.042,51.2,0.509,10.1,817,69,optimize window,"{""stop_atr"": 2.5, ""gate_len"": 20, ""eod_cutoff"": 3, ""kc_mult"": 1.5}"
289,TTMSQZ,TTMSQZ_3_0_ES30N.py,ES,30m,PASS,candidate,wf,187,9.39,1.889,48.7,0.456,9.1,568,78,estimate: optimize yrs x WF trade share,"{""stop_atr"": 2.0, ""gate_len"": 20, ""eod_cutoff"": 3, ""kc_mult"": 1.5}"
289,TTMSQZ,TTMSQZ_3_0_ES30N.py,ES,30m,PASS,candidate,pre,300,15.06,2.031,51.0,0.505,10.1,813,78,optimize window,"{""stop_atr"": 2.0, ""gate_len"": 20, ""eod_cutoff"": 3, ""kc_mult"": 1.5}"
289,TTMSQZ,TTMSQZ_3_0_ES30N.py,ES,30m,PASS,candidate,wf,188,9.41,1.977,48.4,0.504,10.1,597,67,estimate: optimize yrs x WF trade share,"{""stop_atr"": 1.5, ""gate_len"": 20, ""eod_cutoff"": 3, ""kc_mult"": 1.5}"
289,TTMSQZ,TTMSQZ_3_0_ES30N.py,ES,30m,PASS,candidate,pre,301,15.06,2.07,50.2,0.533,10.7,822,67,optimize window,"{""stop_atr"": 1.5, ""gate_len"": 20, ""eod_cutoff"": 3, ""kc_mult"": 1.5}"
289,TTMSQZ,TTMSQZ_3_0_ES30N.py,ES,30m,PASS,candidate,wf,861,8.85,1.103,49.2,0.052,5.1,455,498,estimate: optimize yrs x WF trade share,"{""stop_atr"": 3.0, ""gate_len"": 8, ""eod_cutoff"": -3, ""kc_mult"": 2.25}"
289,TTMSQZ,TTMSQZ_3_0_ES30N.py,ES,30m,PASS,candidate,pre,1466,15.06,1.119,48.6,0.061,6.0,657,498,optimize window,"{""stop_atr"": 3.0, ""gate_len"": 8, ""eod_cutoff"": -3, ""kc_mult"": 2.25}"
290,TTMSQZ,TTMSQZ_3_0_R5NQ5.py,NQ,5m,FAIL,champion,pre,3936,15.06,1.18,38.5,0.111,28.9,147501,30601,optimize window,"{""gate_ratio"": 1.45, ""gate_len"": 12, ""length"": 8, ""kc_mult"": 1.75}"
290,TTMSQZ,TTMSQZ_3_0_R5NQ5.py,NQ,5m,FAIL,candidate,wf,2175,9.02,1.286,38.3,0.176,42.5,13868,1716,estimate: optimize yrs x WF trade share,"{""gate_ratio"": 1.3, ""gate_len"": 16, ""length"": 16, ""kc_mult"": 1.75}"
290,TTMSQZ,TTMSQZ_3_0_R5NQ5.py,NQ,5m,FAIL,candidate,pre,3631,15.06,1.264,38.1,0.164,39.4,14774,1716,optimize window,"{""gate_ratio"": 1.3, ""gate_len"": 16, ""length"": 16, ""kc_mult"": 1.75}"
290,TTMSQZ,TTMSQZ_3_0_R5NQ5.py,NQ,5m,FAIL,candidate,wf,2091,8.96,1.306,38.4,0.188,43.9,14086,1612,estimate: optimize yrs x WF trade share,"{""gate_ratio"": 1.15, ""gate_len"": 14, ""length"": 16, ""kc_mult"": 1.75}"
290,TTMSQZ,TTMSQZ_3_0_R5NQ5.py,NQ,5m,FAIL,candidate,pre,3513,15.06,1.276,37.8,0.172,40.1,14815,1612,optimize window,"{""gate_ratio"": 1.15, ""gate_len"": 14, ""length"": 16, ""kc_mult"": 1.75}"
290,TTMSQZ,TTMSQZ_3_0_R5NQ5.py,NQ,5m,FAIL,candidate,wf,2443,9.04,1.261,38.0,0.162,43.8,14296,1801,estimate: optimize yrs x WF trade share,"{""gate_ratio"": 1.3, ""gate_len"": 14, ""length"": 16, ""kc_mult"": 1.75}"
290,TTMSQZ,TTMSQZ_3_0_R5NQ5.py,NQ,5m,FAIL,candidate,pre,4072,15.06,1.236,37.6,0.147,39.8,14978,1801,optimize window,"{""gate_ratio"": 1.3, ""gate_len"": 14, ""length"": 16, ""kc_mult"": 1.75}"
290,TTMSQZ,TTMSQZ_3_0_R5NQ5.py,NQ,5m,FAIL,candidate,wf,1716,8.91,1.371,39.4,0.225,43.3,13631,1538,estimate: optimize yrs x WF trade share,"{""gate_ratio"": 1.3, ""gate_len"": 20, ""length"": 16, ""kc_mult"": 1.75}"
290,TTMSQZ,TTMSQZ_3_0_R5NQ5.py,NQ,5m,FAIL,candidate,pre,2900,15.06,1.342,38.6,0.21,40.5,14605,1538,optimize window,"{""gate_ratio"": 1.3, ""gate_len"": 20, ""length"": 16, ""kc_mult"": 1.75}"
290,TTMSQZ,TTMSQZ_3_0_R5NQ5.py,NQ,5m,FAIL,candidate,wf,1956,8.99,1.322,38.9,0.197,42.9,13605,1457,estimate: optimize yrs x WF trade share,"{""gate_ratio"": 1.3, ""gate_len"": 18, ""length"": 16, ""kc_mult"": 1.75}"
290,TTMSQZ,TTMSQZ_3_0_R5NQ5.py,NQ,5m,FAIL,candidate,pre,3277,15.06,1.299,38.5,0.184,40.0,14628,1457,optimize window,"{""gate_ratio"": 1.3, ""gate_len"": 18, ""length"": 16, ""kc_mult"": 1.75}"
290,TTMSQZ,TTMSQZ_3_0_R5NQ5.py,NQ,5m,FAIL,candidate,wf,1688,8.93,1.324,38.7,0.199,37.5,12020,1601,estimate: optimize yrs x WF trade share,"{""gate_ratio"": 1.0, ""gate_len"": 14, ""length"": 16, ""kc_mult"": 1.75}"
290,TTMSQZ,TTMSQZ_3_0_R5NQ5.py,NQ,5m,FAIL,candidate,pre,2846,15.06,1.289,38.1,0.179,33.8,12480,1601,optimize window,"{""gate_ratio"": 1.0, ""gate_len"": 14, ""length"": 16, ""kc_mult"": 1.75}"
290,TTMSQZ,TTMSQZ_3_0_R5NQ5.py,NQ,5m,FAIL,candidate,wf,1582,8.74,1.331,40.0,0.199,36.0,11068,1303,estimate: optimize yrs x WF trade share,"{""gate_ratio"": 1.3, ""gate_len"": 16, ""length"": 16, ""kc_mult"": 1.5}"
290,TTMSQZ,TTMSQZ_3_0_R5NQ5.py,NQ,5m,FAIL,candidate,pre,2727,15.06,1.269,37.5,0.168,30.5,10637,1303,optimize window,"{""gate_ratio"": 1.3, ""gate_len"": 16, ""length"": 16, ""kc_mult"": 1.5}"
290,TTMSQZ,TTMSQZ_3_0_R5NQ5.py,NQ,5m,FAIL,candidate,wf,1456,8.94,1.421,39.8,0.253,41.3,12239,1887,estimate: optimize yrs x WF trade share,"{""gate_ratio"": 1.0, ""gate_len"": 14, ""length"": 20, ""kc_mult"": 1.75}"
290,TTMSQZ,TTMSQZ_3_0_R5NQ5.py,NQ,5m,FAIL,candidate,pre,2454,15.06,1.345,37.2,0.216,35.3,11871,1887,optimize window,"{""gate_ratio"": 1.0, ""gate_len"": 14, ""length"": 20, ""kc_mult"": 1.75}"
290,TTMSQZ,TTMSQZ_3_0_R5NQ5.py,NQ,5m,FAIL,candidate,wf,1811,9.05,1.343,39.2,0.208,41.7,12729,1854,estimate: optimize yrs x WF trade share,"{""gate_ratio"": 1.15, ""gate_len"": 14, ""length"": 20, ""kc_mult"": 1.75}"
290,TTMSQZ,TTMSQZ_3_0_R5NQ5.py,NQ,5m,FAIL,candidate,pre,3014,15.06,1.283,37.1,0.178,35.6,12353,1854,optimize window,"{""gate_ratio"": 1.15, ""gate_len"": 14, ""length"": 20, ""kc_mult"": 1.75}"
290,TTMSQZ,TTMSQZ_3_0_R5NQ5.py,NQ,5m,FAIL,candidate,wf,3054,8.83,1.283,40.2,0.169,58.5,20734,1530,estimate: optimize yrs x WF trade share,"{""gate_ratio"": 1.45, ""gate_len"": 12, ""length"": 8, ""kc_mult"": 1.75}"
290,TTMSQZ,TTMSQZ_3_0_R5NQ5.py,NQ,5m,FAIL,candidate,pre,5208,15.06,1.253,39.3,0.154,53.1,21716,1530,optimize window,"{""gate_ratio"": 1.45, ""gate_len"": 12, ""length"": 8, ""kc_mult"": 1.75}"
291,TTIBS,TTIBS_1_1.py,NQ,5m,FAIL,champion,pre,482,15.1,2.034,70.7,0.302,9.6,243192,17749,optimize window,"{""trigger"": ""ibs"", ""fill_mode"": ""next_open"", ""hold_cap"": 7, ""mon_drop"": 0.01, ""ibs_entry"": 0.4, ""ma200"": false, ""exit_mode"": ""ibs_exit""}"
291,TTIBS,TTIBS_1_1.py,NQ,5m,FAIL,candidate,wf,402,9.2,1.582,68.7,0.183,8.0,13980,2381,estimate: optimize yrs x WF trade share,"{""fill_mode"": ""next_open"", ""trigger"": ""ibs"", ""hold_cap"": 6, ""mon_drop"": 0.01, ""ibs_entry"": 0.4, ""ma200"": false, ""exit_mode"": ""ibs_exit""}"
291,TTIBS,TTIBS_1_1.py,NQ,5m,FAIL,candidate,pre,660,15.1,1.555,69.1,0.171,7.5,15589,2381,optimize window,"{""fill_mode"": ""next_open"", ""trigger"": ""ibs"", ""hold_cap"": 6, ""mon_drop"": 0.01, ""ibs_entry"": 0.4, ""ma200"": false, ""exit_mode"": ""ibs_exit""}"
291,TTIBS,TTIBS_1_1.py,NQ,5m,FAIL,candidate,wf,376,9.19,1.675,69.1,0.208,8.5,15173,1908,estimate: optimize yrs x WF trade share,"{""fill_mode"": ""next_open"", ""trigger"": ""ibs"", ""hold_cap"": 6, ""mon_drop"": 0.01, ""ibs_entry"": 0.35, ""ma200"": false, ""exit_mode"": ""ibs_exit""}"
291,TTIBS,TTIBS_1_1.py,NQ,5m,FAIL,candidate,pre,618,15.1,1.63,69.6,0.192,7.8,16643,1908,optimize window,"{""fill_mode"": ""next_open"", ""trigger"": ""ibs"", ""hold_cap"": 6, ""mon_drop"": 0.01, ""ibs_entry"": 0.35, ""ma200"": false, ""exit_mode"": ""ibs_exit""}"
291,TTIBS,TTIBS_1_1.py,NQ,5m,FAIL,candidate,wf,396,9.24,1.648,69.7,0.196,8.4,15637,2381,estimate: optimize yrs x WF trade share,"{""fill_mode"": ""next_open"", ""trigger"": ""ibs"", ""hold_cap"": 8, ""mon_drop"": 0.01, ""ibs_entry"": 0.4, ""ma200"": false, ""exit_mode"": ""ibs_exit""}"
291,TTIBS,TTIBS_1_1.py,NQ,5m,FAIL,candidate,pre,647,15.1,1.608,69.7,0.184,7.9,17143,2381,optimize window,"{""fill_mode"": ""next_open"", ""trigger"": ""ibs"", ""hold_cap"": 8, ""mon_drop"": 0.01, ""ibs_entry"": 0.4, ""ma200"": false, ""exit_mode"": ""ibs_exit""}"
291,TTIBS,TTIBS_1_1.py,NQ,5m,FAIL,candidate,wf,398,9.25,1.662,69.8,0.2,8.6,15806,2381,estimate: optimize yrs x WF trade share,"{""fill_mode"": ""next_open"", ""trigger"": ""ibs"", ""hold_cap"": 7, ""mon_drop"": 0.01, ""ibs_entry"": 0.4, ""ma200"": false, ""exit_mode"": ""ibs_exit""}"
291,TTIBS,TTIBS_1_1.py,NQ,5m,FAIL,candidate,pre,650,15.1,1.62,69.4,0.19,8.2,17312,2381,optimize window,"{""fill_mode"": ""next_open"", ""trigger"": ""ibs"", ""hold_cap"": 7, ""mon_drop"": 0.01, ""ibs_entry"": 0.4, ""ma200"": false, ""exit_mode"": ""ibs_exit""}"
291,TTIBS,TTIBS_1_1.py,NQ,5m,FAIL,candidate,wf,369,9.21,1.673,69.6,0.204,8.2,15470,2402,estimate: optimize yrs x WF trade share,"{""fill_mode"": ""next_open"", ""trigger"": ""ibs"", ""hold_cap"": 9, ""mon_drop"": 0.01, ""ibs_entry"": 0.35, ""ma200"": false, ""exit_mode"": ""ibs_exit""}"
291,TTIBS,TTIBS_1_1.py,NQ,5m,FAIL,candidate,pre,605,15.1,1.631,70.1,0.189,7.6,16937,2402,optimize window,"{""fill_mode"": ""next_open"", ""trigger"": ""ibs"", ""hold_cap"": 9, ""mon_drop"": 0.01, ""ibs_entry"": 0.35, ""ma200"": false, ""exit_mode"": ""ibs_exit""}"
291,TTIBS,TTIBS_1_1.py,NQ,5m,FAIL,robust,wf,393,9.28,1.592,69.5,0.181,7.7,14630,2496,estimate: optimize yrs x WF trade share,"{""fill_mode"": ""next_open"", ""trigger"": ""ibs"", ""hold_cap"": 10, ""mon_drop"": 0.01, ""ibs_entry"": 0.4, ""ma200"": false, ""exit_mode"": ""ibs_exit""}"
291,TTIBS,TTIBS_1_1.py,NQ,5m,FAIL,robust,pre,640,15.1,1.557,69.5,0.17,7.2,16038,2496,optimize window,"{""fill_mode"": ""next_open"", ""trigger"": ""ibs"", ""hold_cap"": 10, ""mon_drop"": 0.01, ""ibs_entry"": 0.4, ""ma200"": false, ""exit_mode"": ""ibs_exit""}"
291,TTIBS,TTIBS_1_1.py,NQ,5m,FAIL,robust,wf,393,9.22,1.579,69.2,0.178,7.6,14311,2851,estimate: optimize yrs x WF trade share,"{""fill_mode"": ""next_open"", ""trigger"": ""ibs"", ""hold_cap"": 9, ""mon_drop"": 0.01, ""ibs_entry"": 0.4, ""ma200"": false, ""exit_mode"": ""ibs_exit""}"
291,TTIBS,TTIBS_1_1.py,NQ,5m,FAIL,robust,pre,644,15.1,1.555,69.6,0.169,7.2,15946,2851,optimize window,"{""fill_mode"": ""next_open"", ""trigger"": ""ibs"", ""hold_cap"": 9, ""mon_drop"": 0.01, ""ibs_entry"": 0.4, ""ma200"": false, ""exit_mode"": ""ibs_exit""}"
291,TTIBS,TTIBS_1_1.py,NQ,5m,FAIL,robust,wf,369,9.27,1.644,69.6,0.196,7.8,15085,2251,estimate: optimize yrs x WF trade share,"{""fill_mode"": ""next_open"", ""trigger"": ""ibs"", ""hold_cap"": 10, ""mon_drop"": 0.01, ""ibs_entry"": 0.35, ""ma200"": false, ""exit_mode"": ""ibs_exit""}"
291,TTIBS,TTIBS_1_1.py,NQ,5m,FAIL,robust,pre,601,15.1,1.596,69.9,0.18,7.1,16323,2251,optimize window,"{""fill_mode"": ""next_open"", ""trigger"": ""ibs"", ""hold_cap"": 10, ""mon_drop"": 0.01, ""ibs_entry"": 0.35, ""ma200"": false, ""exit_mode"": ""ibs_exit""}"
291,TTIBS,TTIBS_1_1.py,NQ,5m,FAIL,robust,wf,373,9.24,1.724,69.4,0.221,8.9,16289,1908,estimate: optimize yrs x WF trade share,"{""fill_mode"": ""next_open"", ""trigger"": ""ibs"", ""hold_cap"": 7, ""mon_drop"": 0.01, ""ibs_entry"": 0.35, ""ma200"": false, ""exit_mode"": ""ibs_exit""}"
291,TTIBS,TTIBS_1_1.py,NQ,5m,FAIL,robust,pre,610,15.1,1.669,69.5,0.204,8.2,17653,1908,optimize window,"{""fill_mode"": ""next_open"", ""trigger"": ""ibs"", ""hold_cap"": 7, ""mon_drop"": 0.01, ""ibs_entry"": 0.35, ""ma200"": false, ""exit_mode"": ""ibs_exit""}"
291,TTIBS,TTIBS_1_1.py,NQ,5m,FAIL,robust,wf,418,9.24,1.422,68.9,0.131,5.9,11413,3098,estimate: optimize yrs x WF trade share,"{""fill_mode"": ""next_open"", ""trigger"": ""ibs"", ""hold_cap"": 5, ""mon_drop"": 0.01, ""ibs_entry"": 0.4, ""ma200"": false, ""exit_mode"": ""ibs_exit""}"
291,TTIBS,TTIBS_1_1.py,NQ,5m,FAIL,robust,pre,683,15.1,1.403,68.4,0.127,5.8,12673,3098,optimize window,"{""fill_mode"": ""next_open"", ""trigger"": ""ibs"", ""hold_cap"": 5, ""mon_drop"": 0.01, ""ibs_entry"": 0.4, ""ma200"": false, ""exit_mode"": ""ibs_exit""}"
292,TTMSQZ,TTMSQZ_3_0_R5NQ5.py,NQ,5m,WEAK,champion,pre,2685,15.06,1.175,37.3,0.109,19.5,90642,18550,optimize window,"{""gate_ratio"": 1.15, ""gate_len"": 14, ""length"": 16, ""kc_mult"": 1.75}"
292,TTMSQZ,TTMSQZ_3_0_R5NQ5.py,NQ,5m,WEAK,candidate,wf,2175,9.02,1.286,38.3,0.176,42.5,13868,1716,estimate: optimize yrs x WF trade share,"{""gate_ratio"": 1.3, ""gate_len"": 16, ""length"": 16, ""kc_mult"": 1.75}"
292,TTMSQZ,TTMSQZ_3_0_R5NQ5.py,NQ,5m,WEAK,candidate,pre,3631,15.06,1.264,38.1,0.164,39.4,14774,1716,optimize window,"{""gate_ratio"": 1.3, ""gate_len"": 16, ""length"": 16, ""kc_mult"": 1.75}"
292,TTMSQZ,TTMSQZ_3_0_R5NQ5.py,NQ,5m,WEAK,candidate,wf,2091,8.96,1.306,38.4,0.188,43.9,14086,1612,estimate: optimize yrs x WF trade share,"{""gate_ratio"": 1.15, ""gate_len"": 14, ""length"": 16, ""kc_mult"": 1.75}"
292,TTMSQZ,TTMSQZ_3_0_R5NQ5.py,NQ,5m,WEAK,candidate,pre,3513,15.06,1.276,37.8,0.172,40.1,14815,1612,optimize window,"{""gate_ratio"": 1.15, ""gate_len"": 14, ""length"": 16, ""kc_mult"": 1.75}"
292,TTMSQZ,TTMSQZ_3_0_R5NQ5.py,NQ,5m,WEAK,candidate,wf,2443,9.04,1.261,38.0,0.162,43.8,14296,1801,estimate: optimize yrs x WF trade share,"{""gate_ratio"": 1.3, ""gate_len"": 14, ""length"": 16, ""kc_mult"": 1.75}"
292,TTMSQZ,TTMSQZ_3_0_R5NQ5.py,NQ,5m,WEAK,candidate,pre,4072,15.06,1.236,37.6,0.147,39.8,14978,1801,optimize window,"{""gate_ratio"": 1.3, ""gate_len"": 14, ""length"": 16, ""kc_mult"": 1.75}"
292,TTMSQZ,TTMSQZ_3_0_R5NQ5.py,NQ,5m,WEAK,candidate,wf,1716,8.91,1.371,39.4,0.225,43.3,13631,1538,estimate: optimize yrs x WF trade share,"{""gate_ratio"": 1.3, ""gate_len"": 20, ""length"": 16, ""kc_mult"": 1.75}"
292,TTMSQZ,TTMSQZ_3_0_R5NQ5.py,NQ,5m,WEAK,candidate,pre,2900,15.06,1.342,38.6,0.21,40.5,14605,1538,optimize window,"{""gate_ratio"": 1.3, ""gate_len"": 20, ""length"": 16, ""kc_mult"": 1.75}"
292,TTMSQZ,TTMSQZ_3_0_R5NQ5.py,NQ,5m,WEAK,candidate,wf,1688,8.93,1.324,38.7,0.199,37.5,12020,1601,estimate: optimize yrs x WF trade share,"{""gate_ratio"": 1.0, ""gate_len"": 14, ""length"": 16, ""kc_mult"": 1.75}"
292,TTMSQZ,TTMSQZ_3_0_R5NQ5.py,NQ,5m,WEAK,candidate,pre,2846,15.06,1.289,38.1,0.179,33.8,12480,1601,optimize window,"{""gate_ratio"": 1.0, ""gate_len"": 14, ""length"": 16, ""kc_mult"": 1.75}"
292,TTMSQZ,TTMSQZ_3_0_R5NQ5.py,NQ,5m,WEAK,candidate,wf,1582,8.74,1.331,40.0,0.199,36.0,11068,1303,estimate: optimize yrs x WF trade share,"{""gate_ratio"": 1.3, ""gate_len"": 16, ""length"": 16, ""kc_mult"": 1.5}"
292,TTMSQZ,TTMSQZ_3_0_R5NQ5.py,NQ,5m,WEAK,candidate,pre,2727,15.06,1.269,37.5,0.168,30.5,10637,1303,optimize window,"{""gate_ratio"": 1.3, ""gate_len"": 16, ""length"": 16, ""kc_mult"": 1.5}"
292,TTMSQZ,TTMSQZ_3_0_R5NQ5.py,NQ,5m,WEAK,candidate,wf,1456,8.94,1.421,39.8,0.253,41.3,12239,1887,estimate: optimize yrs x WF trade share,"{""gate_ratio"": 1.0, ""gate_len"": 14, ""length"": 20, ""kc_mult"": 1.75}"
292,TTMSQZ,TTMSQZ_3_0_R5NQ5.py,NQ,5m,WEAK,candidate,pre,2454,15.06,1.345,37.2,0.216,35.3,11871,1887,optimize window,"{""gate_ratio"": 1.0, ""gate_len"": 14, ""length"": 20, ""kc_mult"": 1.75}"
292,TTMSQZ,TTMSQZ_3_0_R5NQ5.py,NQ,5m,WEAK,candidate,wf,1811,9.05,1.343,39.2,0.208,41.7,12729,1854,estimate: optimize yrs x WF trade share,"{""gate_ratio"": 1.15, ""gate_len"": 14, ""length"": 20, ""kc_mult"": 1.75}"
292,TTMSQZ,TTMSQZ_3_0_R5NQ5.py,NQ,5m,WEAK,candidate,pre,3014,15.06,1.283,37.1,0.178,35.6,12353,1854,optimize window,"{""gate_ratio"": 1.15, ""gate_len"": 14, ""length"": 20, ""kc_mult"": 1.75}"
292,TTMSQZ,TTMSQZ_3_0_R5NQ5.py,NQ,5m,WEAK,candidate,wf,1900,9.11,1.33,39.0,0.201,42.0,12965,1288,estimate: optimize yrs x WF trade share,"{""gate_ratio"": 1.3, ""gate_len"": 16, ""length"": 20, ""kc_mult"": 1.75}"
292,TTMSQZ,TTMSQZ_3_0_R5NQ5.py,NQ,5m,WEAK,candidate,pre,3140,15.06,1.281,37.5,0.175,36.6,12839,1288,optimize window,"{""gate_ratio"": 1.3, ""gate_len"": 16, ""length"": 20, ""kc_mult"": 1.75}"
292,TTMSQZ,TTMSQZ_3_0_R5NQ5.py,NQ,5m,WEAK,candidate,wf,1784,8.93,1.325,39.0,0.198,39.6,12508,1280,estimate: optimize yrs x WF trade share,"{""gate_ratio"": 1.15, ""gate_len"": 16, ""length"": 16, ""kc_mult"": 1.75}"
292,TTMSQZ,TTMSQZ_3_0_R5NQ5.py,NQ,5m,WEAK,candidate,pre,3010,15.06,1.295,38.4,0.181,36.3,13206,1280,optimize window,"{""gate_ratio"": 1.15, ""gate_len"": 16, ""length"": 16, ""kc_mult"": 1.75}"
293,TTMSQZ,TTMSQZ_3_0_NQ15BN.py,NQ,15m,FAIL,champion,pre,1542,15.06,1.208,48.9,0.106,10.9,70907,21925,optimize window,"{""gate_len"": 8, ""stop_atr"": 2.5, ""eod_cutoff"": -1, ""kc_mult"": 2.25}"
293,TTMSQZ,TTMSQZ_3_0_NQ15BN.py,NQ,15m,FAIL,candidate,wf,521,9.05,1.664,47.8,0.347,20.0,6946,626,estimate: optimize yrs x WF trade share,"{""stop_atr"": 1.5, ""gate_len"": 16, ""eod_cutoff"": 1, ""kc_mult"": 1.75}"
293,TTMSQZ,TTMSQZ_3_0_NQ15BN.py,NQ,15m,FAIL,candidate,pre,867,15.06,1.581,45.2,0.318,18.3,7168,626,optimize window,"{""stop_atr"": 1.5, ""gate_len"": 16, ""eod_cutoff"": 1, ""kc_mult"": 1.75}"
293,TTMSQZ,TTMSQZ_3_0_NQ15BN.py,NQ,15m,FAIL,candidate,wf,509,8.99,1.655,52.3,0.313,17.7,7166,834,estimate: optimize yrs x WF trade share,"{""stop_atr"": 2.0, ""gate_len"": 16, ""eod_cutoff"": 1, ""kc_mult"": 1.75}"
293,TTMSQZ,TTMSQZ_3_0_NQ15BN.py,NQ,15m,FAIL,candidate,pre,853,15.06,1.573,49.6,0.289,16.4,7403,834,optimize window,"{""stop_atr"": 2.0, ""gate_len"": 16, ""eod_cutoff"": 1, ""kc_mult"": 1.75}"
293,TTMSQZ,TTMSQZ_3_0_NQ15BN.py,NQ,15m,FAIL,candidate,wf,477,9.03,1.671,46.3,0.36,19.0,6726,626,estimate: optimize yrs x WF trade share,"{""stop_atr"": 1.5, ""gate_len"": 16, ""eod_cutoff"": 3, ""kc_mult"": 1.75}"
293,TTMSQZ,TTMSQZ_3_0_NQ15BN.py,NQ,15m,FAIL,candidate,pre,796,15.06,1.589,44.5,0.327,17.3,6971,626,optimize window,"{""stop_atr"": 1.5, ""gate_len"": 16, ""eod_cutoff"": 3, ""kc_mult"": 1.75}"
293,TTMSQZ,TTMSQZ_3_0_NQ15BN.py,NQ,15m,FAIL,candidate,wf,507,8.99,1.658,54.8,0.297,16.7,7384,1043,estimate: optimize yrs x WF trade share,"{""stop_atr"": 2.5, ""gate_len"": 16, ""eod_cutoff"": 1, ""kc_mult"": 1.75}"
293,TTMSQZ,TTMSQZ_3_0_NQ15BN.py,NQ,15m,FAIL,candidate,pre,849,15.06,1.562,51.8,0.271,15.3,7511,1043,optimize window,"{""stop_atr"": 2.5, ""gate_len"": 16, ""eod_cutoff"": 1, ""kc_mult"": 1.75}"
293,TTMSQZ,TTMSQZ_3_0_NQ15BN.py,NQ,15m,FAIL,candidate,wf,468,8.98,1.658,51.1,0.322,16.8,6924,834,estimate: optimize yrs x WF trade share,"{""stop_atr"": 2.0, ""gate_len"": 16, ""eod_cutoff"": 3, ""kc_mult"": 1.75}"
293,TTMSQZ,TTMSQZ_3_0_NQ15BN.py,NQ,15m,FAIL,candidate,pre,785,15.06,1.575,49.0,0.293,15.3,7163,834,optimize window,"{""stop_atr"": 2.0, ""gate_len"": 16, ""eod_cutoff"": 3, ""kc_mult"": 1.75}"
293,TTMSQZ,TTMSQZ_3_0_NQ15BN.py,NQ,15m,FAIL,candidate,wf,466,8.97,1.668,53.9,0.308,16.0,7188,1043,estimate: optimize yrs x WF trade share,"{""stop_atr"": 2.5, ""gate_len"": 16, ""eod_cutoff"": 3, ""kc_mult"": 1.75}"
293,TTMSQZ,TTMSQZ_3_0_NQ15BN.py,NQ,15m,FAIL,candidate,pre,782,15.06,1.569,51.4,0.277,14.4,7316,1043,optimize window,"{""stop_atr"": 2.5, ""gate_len"": 16, ""eod_cutoff"": 3, ""kc_mult"": 1.75}"
293,TTMSQZ,TTMSQZ_3_0_NQ15BN.py,NQ,15m,FAIL,candidate,wf,416,9.07,1.564,44.2,0.315,14.4,5329,606,estimate: optimize yrs x WF trade share,"{""stop_atr"": 1.5, ""gate_len"": 16, ""eod_cutoff"": 5, ""kc_mult"": 1.75}"
293,TTMSQZ,TTMSQZ_3_0_NQ15BN.py,NQ,15m,FAIL,candidate,pre,691,15.06,1.497,42.5,0.285,13.1,5513,606,optimize window,"{""stop_atr"": 1.5, ""gate_len"": 16, ""eod_cutoff"": 5, ""kc_mult"": 1.75}"
293,TTMSQZ,TTMSQZ_3_0_NQ15BN.py,NQ,15m,FAIL,candidate,wf,411,9.04,1.538,49.1,0.273,12.4,5420,795,estimate: optimize yrs x WF trade share,"{""stop_atr"": 2.0, ""gate_len"": 16, ""eod_cutoff"": 5, ""kc_mult"": 1.75}"
293,TTMSQZ,TTMSQZ_3_0_NQ15BN.py,NQ,15m,FAIL,candidate,pre,685,15.06,1.467,47.3,0.246,11.2,5559,795,optimize window,"{""stop_atr"": 2.0, ""gate_len"": 16, ""eod_cutoff"": 5, ""kc_mult"": 1.75}"
293,TTMSQZ,TTMSQZ_3_0_NQ15BN.py,NQ,15m,FAIL,candidate,wf,409,9.03,1.558,52.3,0.266,12.0,5733,983,estimate: optimize yrs x WF trade share,"{""stop_atr"": 2.5, ""gate_len"": 16, ""eod_cutoff"": 5, ""kc_mult"": 1.75}"
293,TTMSQZ,TTMSQZ_3_0_NQ15BN.py,NQ,15m,FAIL,candidate,pre,682,15.06,1.472,50.0,0.236,10.7,5777,983,optimize window,"{""stop_atr"": 2.5, ""gate_len"": 16, ""eod_cutoff"": 5, ""kc_mult"": 1.75}"
293,TTMSQZ,TTMSQZ_3_0_NQ15BN.py,NQ,15m,FAIL,candidate,wf,1199,8.89,1.317,51.6,0.153,20.7,9740,1231,estimate: optimize yrs x WF trade share,"{""stop_atr"": 2.5, ""gate_len"": 8, ""eod_cutoff"": -1, ""kc_mult"": 2.25}"
293,TTMSQZ,TTMSQZ_3_0_NQ15BN.py,NQ,15m,FAIL,candidate,pre,2032,15.06,1.259,49.7,0.131,17.6,9419,1231,optimize window,"{""stop_atr"": 2.5, ""gate_len"": 8, ""eod_cutoff"": -1, ""kc_mult"": 2.25}"
294,ORB,ORB_3_6_F75.py,NQ,5m,PASS,champion,pre,1720,15.18,1.117,46.4,0.063,7.1,57175,26796,optimize window,"{""skip_holidays"": true, ""breakout_buf"": 0.25, ""vpace_filter"": 0.7, ""close_confirm"": true, ""flat_eod"": true, ""or_bars"": 2, ""be_after_R"": 1.0, ""stop_frac"": 2.0, ""trail_bars"": 0, ""target_R"": 5.5, ""partial_exit_R"": 0.0, ""trade_mode"": ""First-candle dir"", ""atr_filter"": 0.75}"
294,ORB,ORB_3_6_F75.py,NQ,5m,PASS,candidate,wf,1383,9.04,1.331,48.4,0.171,26.1,14642,1424,estimate: optimize yrs x WF trade share,"{""skip_holidays"": true, ""breakout_buf"": 0.25, ""vpace_filter"": 0.7, ""close_confirm"": true, ""flat_eod"": true, ""or_bars"": 2, ""stop_frac"": 2.0, ""be_after_R"": 1.0, ""trail_bars"": 0, ""target_R"": 5.5, ""partial_exit_R"": 0.0, ""trade_mode"": ""First-candle dir"", ""atr_filter"": 0.75}"
294,ORB,ORB_3_6_F75.py,NQ,5m,PASS,candidate,pre,2323,15.18,1.284,47.2,0.15,22.9,14716,1424,optimize window,"{""skip_holidays"": true, ""breakout_buf"": 0.25, ""vpace_filter"": 0.7, ""close_confirm"": true, ""flat_eod"": true, ""or_bars"": 2, ""stop_frac"": 2.0, ""be_after_R"": 1.0, ""trail_bars"": 0, ""target_R"": 5.5, ""partial_exit_R"": 0.0, ""trade_mode"": ""First-candle dir"", ""atr_filter"": 0.75}"
295,ENGU-Q,ENGUQ_1M_ETH_1_0.py,ES,1m,WEAK,champion,pre,571,15.21,1.627,23.5,0.48,18.0,139799,34948,optimize window,"{""buf_atr"": 0.9, ""cooldown_bars"": 195, ""ema_len"": 1380, ""tl_len"": 238, ""breakeven_R"": 1.5, ""freeze_overnight"": false, ""stop_mult"": 2.0, ""trail_frac"": 4.0, ""regime_len"": 0, ""min_brk"": 2.7, ""vol_mult"": 0.4, ""atr_len"": 52, ""act_R"": 1.5}"
295,ENGU-Q,ENGUQ_1M_ETH_1_0.py,ES,1m,WEAK,candidate,wf,227,7.9,1.699,25.1,0.524,15.0,4233,1041,estimate: optimize yrs x WF trade share,"{""buf_atr"": 0.45, ""atr_len"": 44, ""freeze_overnight"": false, ""tl_len"": 254, ""ema_len"": 1460, ""breakeven_R"": 2.5, ""stop_mult"": 1.9, ""trail_frac"": 4.0, ""regime_len"": 0, ""min_brk"": 2.1, ""vol_mult"": 0.6, ""cooldown_bars"": 65, ""act_R"": 2.0}"
295,ENGU-Q,ENGUQ_1M_ETH_1_0.py,ES,1m,WEAK,candidate,pre,437,15.21,1.631,26.8,0.462,13.3,4978,1041,optimize window,"{""buf_atr"": 0.45, ""atr_len"": 44, ""freeze_overnight"": false, ""tl_len"": 254, ""ema_len"": 1460, ""breakeven_R"": 2.5, ""stop_mult"": 1.9, ""trail_frac"": 4.0, ""regime_len"": 0, ""min_brk"": 2.1, ""vol_mult"": 0.6, ""cooldown_bars"": 65, ""act_R"": 2.0}"
295,ENGU-Q,ENGUQ_1M_ETH_1_0.py,ES,1m,WEAK,candidate,wf,282,7.47,2.21,29.4,0.854,32.2,4417,634,estimate: optimize yrs x WF trade share,"{""buf_atr"": 0.6, ""atr_len"": 132, ""freeze_overnight"": false, ""tl_len"": 254, ""ema_len"": 500, ""breakeven_R"": 3.0, ""stop_mult"": 1.3, ""trail_frac"": 4.0, ""regime_len"": 30, ""min_brk"": 2.9, ""vol_mult"": 0.0, ""cooldown_bars"": 180, ""act_R"": 1.5}"
295,ENGU-Q,ENGUQ_1M_ETH_1_0.py,ES,1m,WEAK,candidate,pre,574,15.21,1.881,27.2,0.642,24.2,4563,634,optimize window,"{""buf_atr"": 0.6, ""atr_len"": 132, ""freeze_overnight"": false, ""tl_len"": 254, ""ema_len"": 500, ""breakeven_R"": 3.0, ""stop_mult"": 1.3, ""trail_frac"": 4.0, ""regime_len"": 30, ""min_brk"": 2.9, ""vol_mult"": 0.0, ""cooldown_bars"": 180, ""act_R"": 1.5}"
295,ENGU-Q,ENGUQ_1M_ETH_1_0.py,ES,1m,WEAK,candidate,wf,406,7.07,1.677,15.8,0.57,32.7,3742,1035,estimate: optimize yrs x WF trade share,"{""buf_atr"": 0.4, ""atr_len"": 24, ""freeze_overnight"": true, ""tl_len"": 250, ""ema_len"": 1500, ""breakeven_R"": 1.0, ""stop_mult"": 1.4, ""trail_frac"": 4.0, ""regime_len"": 0, ""min_brk"": 0.2, ""vol_mult"": 1.4, ""cooldown_bars"": 135, ""act_R"": 3.0}"
295,ENGU-Q,ENGUQ_1M_ETH_1_0.py,ES,1m,WEAK,candidate,pre,873,15.21,1.501,16.7,0.417,24.0,3917,1035,optimize window,"{""buf_atr"": 0.4, ""atr_len"": 24, ""freeze_overnight"": true, ""tl_len"": 250, ""ema_len"": 1500, ""breakeven_R"": 1.0, ""stop_mult"": 1.4, ""trail_frac"": 4.0, ""regime_len"": 0, ""min_brk"": 0.2, ""vol_mult"": 1.4, ""cooldown_bars"": 135, ""act_R"": 3.0}"
295,ENGU-Q,ENGUQ_1M_ETH_1_0.py,ES,1m,WEAK,candidate,wf,533,12.03,1.645,25.9,0.478,21.2,3616,511,estimate: optimize yrs x WF trade share,"{""buf_atr"": 0.65, ""atr_len"": 116, ""freeze_overnight"": true, ""tl_len"": 234, ""ema_len"": 1580, ""breakeven_R"": 2.0, ""stop_mult"": 1.6, ""trail_frac"": 3.5, ""regime_len"": 0, ""min_brk"": 2.1, ""vol_mult"": 4.0, ""cooldown_bars"": 170, ""act_R"": 2.0}"
295,ENGU-Q,ENGUQ_1M_ETH_1_0.py,ES,1m,WEAK,candidate,pre,674,15.21,1.734,26.0,0.544,24.1,4607,511,optimize window,"{""buf_atr"": 0.65, ""atr_len"": 116, ""freeze_overnight"": true, ""tl_len"": 234, ""ema_len"": 1580, ""breakeven_R"": 2.0, ""stop_mult"": 1.6, ""trail_frac"": 3.5, ""regime_len"": 0, ""min_brk"": 2.1, ""vol_mult"": 4.0, ""cooldown_bars"": 170, ""act_R"": 2.0}"
295,ENGU-Q,ENGUQ_1M_ETH_1_0.py,ES,1m,WEAK,candidate,wf,196,6.67,1.732,26.0,0.542,15.9,3943,1275,estimate: optimize yrs x WF trade share,"{""buf_atr"": 0.4, ""atr_len"": 124, ""freeze_overnight"": true, ""tl_len"": 254, ""ema_len"": 1060, ""breakeven_R"": 0.0, ""stop_mult"": 1.8, ""trail_frac"": 4.0, ""regime_len"": 0, ""min_brk"": 1.9, ""vol_mult"": 2.0, ""cooldown_bars"": 160, ""act_R"": 1.0}"
295,ENGU-Q,ENGUQ_1M_ETH_1_0.py,ES,1m,WEAK,candidate,pre,447,15.21,1.605,28.0,0.436,12.8,4505,1275,optimize window,"{""buf_atr"": 0.4, ""atr_len"": 124, ""freeze_overnight"": true, ""tl_len"": 254, ""ema_len"": 1060, ""breakeven_R"": 0.0, ""stop_mult"": 1.8, ""trail_frac"": 4.0, ""regime_len"": 0, ""min_brk"": 1.9, ""vol_mult"": 2.0, ""cooldown_bars"": 160, ""act_R"": 1.0}"
295,ENGU-Q,ENGUQ_1M_ETH_1_0.py,ES,1m,WEAK,candidate,wf,392,7.79,1.769,21.4,0.604,30.4,4610,1320,estimate: optimize yrs x WF trade share,"{""buf_atr"": 0.9, ""atr_len"": 52, ""freeze_overnight"": false, ""tl_len"": 238, ""ema_len"": 1380, ""breakeven_R"": 1.5, ""stop_mult"": 2.0, ""trail_frac"": 4.0, ""regime_len"": 0, ""min_brk"": 2.7, ""vol_mult"": 0.4, ""cooldown_bars"": 195, ""act_R"": 1.5}"
295,ENGU-Q,ENGUQ_1M_ETH_1_0.py,ES,1m,WEAK,candidate,pre,765,15.21,1.58,22.7,0.448,22.5,4775,1320,optimize window,"{""buf_atr"": 0.9, ""atr_len"": 52, ""freeze_overnight"": false, ""tl_len"": 238, ""ema_len"": 1380, ""breakeven_R"": 1.5, ""stop_mult"": 2.0, ""trail_frac"": 4.0, ""regime_len"": 0, ""min_brk"": 2.7, ""vol_mult"": 0.4, ""cooldown_bars"": 195, ""act_R"": 1.5}"
295,ENGU-Q,ENGUQ_1M_ETH_1_0.py,ES,1m,WEAK,candidate,wf,389,8.49,1.211,23.4,0.162,7.4,944,1573,estimate: optimize yrs x WF trade share,"{""buf_atr"": 0.0, ""atr_len"": 144, ""freeze_overnight"": true, ""tl_len"": 230, ""ema_len"": 1340, ""breakeven_R"": 0.0, ""stop_mult"": 1.4, ""trail_frac"": 4.0, ""regime_len"": 15, ""min_brk"": 3.0, ""vol_mult"": 3.9, ""cooldown_bars"": 100, ""act_R"": 1.5}"
295,ENGU-Q,ENGUQ_1M_ETH_1_0.py,ES,1m,WEAK,candidate,pre,697,15.21,1.182,24.0,0.138,6.3,1058,1573,optimize window,"{""buf_atr"": 0.0, ""atr_len"": 144, ""freeze_overnight"": true, ""tl_len"": 230, ""ema_len"": 1340, ""breakeven_R"": 0.0, ""stop_mult"": 1.4, ""trail_frac"": 4.0, ""regime_len"": 15, ""min_brk"": 3.0, ""vol_mult"": 3.9, ""cooldown_bars"": 100, ""act_R"": 1.5}"
295,ENGU-Q,ENGUQ_1M_ETH_1_0.py,ES,1m,WEAK,candidate,wf,461,7.0,1.747,13.2,0.648,42.7,4056,1053,estimate: optimize yrs x WF trade share,"{""buf_atr"": 0.3, ""atr_len"": 172, ""freeze_overnight"": true, ""tl_len"": 234, ""ema_len"": 1220, ""breakeven_R"": 3.0, ""stop_mult"": 0.7, ""trail_frac"": 4.0, ""regime_len"": 0, ""min_brk"": 2.3, ""vol_mult"": 2.0, ""cooldown_bars"": 45, ""act_R"": 2.5}"
295,ENGU-Q,ENGUQ_1M_ETH_1_0.py,ES,1m,WEAK,candidate,pre,1002,15.21,1.548,14.1,0.471,31.0,4242,1053,optimize window,"{""buf_atr"": 0.3, ""atr_len"": 172, ""freeze_overnight"": true, ""tl_len"": 234, ""ema_len"": 1220, ""breakeven_R"": 3.0, ""stop_mult"": 0.7, ""trail_frac"": 4.0, ""regime_len"": 0, ""min_brk"": 2.3, ""vol_mult"": 2.0, ""cooldown_bars"": 45, ""act_R"": 2.5}"
295,ENGU-Q,ENGUQ_1M_ETH_1_0.py,ES,1m,WEAK,candidate,wf,366,7.66,2.07,23.2,0.822,39.3,4064,439,estimate: optimize yrs x WF trade share,"{""buf_atr"": 0.0, ""atr_len"": 176, ""freeze_overnight"": false, ""tl_len"": 258, ""ema_len"": 1340, ""breakeven_R"": 1.5, ""stop_mult"": 1.7, ""trail_frac"": 4.0, ""regime_len"": 10, ""min_brk"": 1.4, ""vol_mult"": 2.2, ""cooldown_bars"": 130, ""act_R"": 0.5}"
295,ENGU-Q,ENGUQ_1M_ETH_1_0.py,ES,1m,WEAK,candidate,pre,727,15.21,1.756,20.5,0.601,28.7,4034,439,optimize window,"{""buf_atr"": 0.0, ""atr_len"": 176, ""freeze_overnight"": false, ""tl_len"": 258, ""ema_len"": 1340, ""breakeven_R"": 1.5, ""stop_mult"": 1.7, ""trail_frac"": 4.0, ""regime_len"": 10, ""min_brk"": 1.4, ""vol_mult"": 2.2, ""cooldown_bars"": 130, ""act_R"": 0.5}"
295,ENGU-Q,ENGUQ_1M_ETH_1_0.py,ES,1m,WEAK,candidate,wf,431,8.33,1.349,34.8,0.228,11.8,3188,1500,estimate: optimize yrs x WF trade share,"{""buf_atr"": 0.85, ""atr_len"": 20, ""freeze_overnight"": false, ""tl_len"": 234, ""ema_len"": 1020, ""breakeven_R"": 3.5, ""stop_mult"": 2.1, ""trail_frac"": 3.5, ""regime_len"": -35, ""min_brk"": 1.9, ""vol_mult"": 0.8, ""cooldown_bars"": 195, ""act_R"": 2.5}"
295,ENGU-Q,ENGUQ_1M_ETH_1_0.py,ES,1m,WEAK,candidate,pre,787,15.21,1.297,34.7,0.194,10.0,3528,1500,optimize window,"{""buf_atr"": 0.85, ""atr_len"": 20, ""freeze_overnight"": false, ""tl_len"": 234, ""ema_len"": 1020, ""breakeven_R"": 3.5, ""stop_mult"": 2.1, ""trail_frac"": 3.5, ""regime_len"": -35, ""min_brk"": 1.9, ""vol_mult"": 0.8, ""cooldown_bars"": 195, ""act_R"": 2.5}"
296,TTMSQZ,TTMSQZ_3_0_NQ15BN.py,NQ,15m,FAIL,champion,pre,646,15.06,1.548,50.8,0.27,11.6,68620,8348,optimize window,"{""gate_len"": 16, ""stop_atr"": 2.5, ""eod_cutoff"": 1, ""kc_mult"": 1.75}"
296,TTMSQZ,TTMSQZ_3_0_NQ15BN.py,NQ,15m,FAIL,candidate,wf,521,9.05,1.664,47.8,0.347,20.0,6946,626,estimate: optimize yrs x WF trade share,"{""stop_atr"": 1.5, ""gate_len"": 16, ""eod_cutoff"": 1, ""kc_mult"": 1.75}"
296,TTMSQZ,TTMSQZ_3_0_NQ15BN.py,NQ,15m,FAIL,candidate,pre,867,15.06,1.581,45.2,0.318,18.3,7168,626,optimize window,"{""stop_atr"": 1.5, ""gate_len"": 16, ""eod_cutoff"": 1, ""kc_mult"": 1.75}"
296,TTMSQZ,TTMSQZ_3_0_NQ15BN.py,NQ,15m,FAIL,candidate,wf,509,8.99,1.655,52.3,0.313,17.7,7166,834,estimate: optimize yrs x WF trade share,"{""stop_atr"": 2.0, ""gate_len"": 16, ""eod_cutoff"": 1, ""kc_mult"": 1.75}"
296,TTMSQZ,TTMSQZ_3_0_NQ15BN.py,NQ,15m,FAIL,candidate,pre,853,15.06,1.573,49.6,0.289,16.4,7403,834,optimize window,"{""stop_atr"": 2.0, ""gate_len"": 16, ""eod_cutoff"": 1, ""kc_mult"": 1.75}"
296,TTMSQZ,TTMSQZ_3_0_NQ15BN.py,NQ,15m,FAIL,candidate,wf,477,9.03,1.671,46.3,0.36,19.0,6726,626,estimate: optimize yrs x WF trade share,"{""stop_atr"": 1.5, ""gate_len"": 16, ""eod_cutoff"": 3, ""kc_mult"": 1.75}"
296,TTMSQZ,TTMSQZ_3_0_NQ15BN.py,NQ,15m,FAIL,candidate,pre,796,15.06,1.589,44.5,0.327,17.3,6971,626,optimize window,"{""stop_atr"": 1.5, ""gate_len"": 16, ""eod_cutoff"": 3, ""kc_mult"": 1.75}"
296,TTMSQZ,TTMSQZ_3_0_NQ15BN.py,NQ,15m,FAIL,candidate,wf,507,8.99,1.658,54.8,0.297,16.7,7384,1043,estimate: optimize yrs x WF trade share,"{""stop_atr"": 2.5, ""gate_len"": 16, ""eod_cutoff"": 1, ""kc_mult"": 1.75}"
296,TTMSQZ,TTMSQZ_3_0_NQ15BN.py,NQ,15m,FAIL,candidate,pre,849,15.06,1.562,51.8,0.271,15.3,7511,1043,optimize window,"{""stop_atr"": 2.5, ""gate_len"": 16, ""eod_cutoff"": 1, ""kc_mult"": 1.75}"
296,TTMSQZ,TTMSQZ_3_0_NQ15BN.py,NQ,15m,FAIL,candidate,wf,468,8.98,1.658,51.1,0.322,16.8,6924,834,estimate: optimize yrs x WF trade share,"{""stop_atr"": 2.0, ""gate_len"": 16, ""eod_cutoff"": 3, ""kc_mult"": 1.75}"
296,TTMSQZ,TTMSQZ_3_0_NQ15BN.py,NQ,15m,FAIL,candidate,pre,785,15.06,1.575,49.0,0.293,15.3,7163,834,optimize window,"{""stop_atr"": 2.0, ""gate_len"": 16, ""eod_cutoff"": 3, ""kc_mult"": 1.75}"
296,TTMSQZ,TTMSQZ_3_0_NQ15BN.py,NQ,15m,FAIL,candidate,wf,466,8.97,1.668,53.9,0.308,16.0,7188,1043,estimate: optimize yrs x WF trade share,"{""stop_atr"": 2.5, ""gate_len"": 16, ""eod_cutoff"": 3, ""kc_mult"": 1.75}"
296,TTMSQZ,TTMSQZ_3_0_NQ15BN.py,NQ,15m,FAIL,candidate,pre,782,15.06,1.569,51.4,0.277,14.4,7316,1043,optimize window,"{""stop_atr"": 2.5, ""gate_len"": 16, ""eod_cutoff"": 3, ""kc_mult"": 1.75}"
296,TTMSQZ,TTMSQZ_3_0_NQ15BN.py,NQ,15m,FAIL,candidate,wf,416,9.07,1.564,44.2,0.315,14.4,5329,606,estimate: optimize yrs x WF trade share,"{""stop_atr"": 1.5, ""gate_len"": 16, ""eod_cutoff"": 5, ""kc_mult"": 1.75}"
296,TTMSQZ,TTMSQZ_3_0_NQ15BN.py,NQ,15m,FAIL,candidate,pre,691,15.06,1.497,42.5,0.285,13.1,5513,606,optimize window,"{""stop_atr"": 1.5, ""gate_len"": 16, ""eod_cutoff"": 5, ""kc_mult"": 1.75}"
296,TTMSQZ,TTMSQZ_3_0_NQ15BN.py,NQ,15m,FAIL,candidate,wf,411,9.04,1.538,49.1,0.273,12.4,5420,795,estimate: optimize yrs x WF trade share,"{""stop_atr"": 2.0, ""gate_len"": 16, ""eod_cutoff"": 5, ""kc_mult"": 1.75}"
296,TTMSQZ,TTMSQZ_3_0_NQ15BN.py,NQ,15m,FAIL,candidate,pre,685,15.06,1.467,47.3,0.246,11.2,5559,795,optimize window,"{""stop_atr"": 2.0, ""gate_len"": 16, ""eod_cutoff"": 5, ""kc_mult"": 1.75}"
296,TTMSQZ,TTMSQZ_3_0_NQ15BN.py,NQ,15m,FAIL,candidate,wf,409,9.03,1.558,52.3,0.266,12.0,5733,983,estimate: optimize yrs x WF trade share,"{""stop_atr"": 2.5, ""gate_len"": 16, ""eod_cutoff"": 5, ""kc_mult"": 1.75}"
296,TTMSQZ,TTMSQZ_3_0_NQ15BN.py,NQ,15m,FAIL,candidate,pre,682,15.06,1.472,50.0,0.236,10.7,5777,983,optimize window,"{""stop_atr"": 2.5, ""gate_len"": 16, ""eod_cutoff"": 5, ""kc_mult"": 1.75}"
296,TTMSQZ,TTMSQZ_3_0_NQ15BN.py,NQ,15m,FAIL,candidate,wf,356,8.88,1.637,45.2,0.349,14.0,4650,494,estimate: optimize yrs x WF trade share,"{""stop_atr"": 1.5, ""gate_len"": 20, ""eod_cutoff"": 1, ""kc_mult"": 1.75}"
296,TTMSQZ,TTMSQZ_3_0_NQ15BN.py,NQ,15m,FAIL,candidate,pre,604,15.06,1.546,43.5,0.308,12.4,4729,494,optimize window,"{""stop_atr"": 1.5, ""gate_len"": 20, ""eod_cutoff"": 1, ""kc_mult"": 1.75}"
297,ORB,ORB_3_6_F7580.py,NQ,5m,PASS,champion,pre,1559,15.18,1.131,46.5,0.07,7.2,59156,23297,optimize window,"{""skip_holidays"": true, ""breakout_buf"": 0.25, ""vpace_filter"": 0.8, ""close_confirm"": true, ""flat_eod"": true, ""or_bars"": 2, ""be_after_R"": 1.0, ""stop_frac"": 2.0, ""trail_bars"": 0, ""target_R"": 5.5, ""partial_exit_R"": 0.0, ""trade_mode"": ""First-candle dir"", ""atr_filter"": 0.75}"
297,ORB,ORB_3_6_F7580.py,NQ,5m,PASS,candidate,wf,1289,9.18,1.332,48.3,0.171,24.1,13907,1514,estimate: optimize yrs x WF trade share,"{""skip_holidays"": true, ""breakout_buf"": 0.25, ""vpace_filter"": 0.8, ""close_confirm"": true, ""flat_eod"": true, ""or_bars"": 2, ""stop_frac"": 2.0, ""be_after_R"": 1.0, ""trail_bars"": 0, ""target_R"": 5.5, ""partial_exit_R"": 0.0, ""trade_mode"": ""First-candle dir"", ""atr_filter"": 0.75}"
297,ORB,ORB_3_6_F7580.py,NQ,5m,PASS,candidate,pre,2131,15.18,1.293,47.3,0.154,21.7,14272,1514,optimize window,"{""skip_holidays"": true, ""breakout_buf"": 0.25, ""vpace_filter"": 0.8, ""close_confirm"": true, ""flat_eod"": true, ""or_bars"": 2, ""stop_frac"": 2.0, ""be_after_R"": 1.0, ""trail_bars"": 0, ""target_R"": 5.5, ""partial_exit_R"": 0.0, ""trade_mode"": ""First-candle dir"", ""atr_filter"": 0.75}"
298,ORB,ORB_3_6_F8080.py,NQ,5m,PASS,champion,pre,1468,15.18,1.151,46.9,0.08,7.8,64311,25894,optimize window,"{""skip_holidays"": true, ""breakout_buf"": 0.25, ""vpace_filter"": 0.8, ""close_confirm"": true, ""flat_eod"": true, ""or_bars"": 2, ""be_after_R"": 1.0, ""stop_frac"": 2.0, ""trail_bars"": 0, ""target_R"": 5.5, ""partial_exit_R"": 0.0, ""trade_mode"": ""First-candle dir"", ""atr_filter"": 0.8}"
298,ORB,ORB_3_6_F8080.py,NQ,5m,PASS,candidate,wf,1208,9.14,1.325,48.8,0.167,22.0,12990,1647,estimate: optimize yrs x WF trade share,"{""skip_holidays"": true, ""breakout_buf"": 0.25, ""vpace_filter"": 0.8, ""close_confirm"": true, ""flat_eod"": true, ""or_bars"": 2, ""stop_frac"": 2.0, ""be_after_R"": 1.0, ""trail_bars"": 0, ""target_R"": 5.5, ""partial_exit_R"": 0.0, ""trade_mode"": ""First-candle dir"", ""atr_filter"": 0.8}"
298,ORB,ORB_3_6_F8080.py,NQ,5m,PASS,candidate,pre,2006,15.18,1.287,47.5,0.151,19.9,13341,1647,optimize window,"{""skip_holidays"": true, ""breakout_buf"": 0.25, ""vpace_filter"": 0.8, ""close_confirm"": true, ""flat_eod"": true, ""or_bars"": 2, ""stop_frac"": 2.0, ""be_after_R"": 1.0, ""trail_bars"": 0, ""target_R"": 5.5, ""partial_exit_R"": 0.0, ""trade_mode"": ""First-candle dir"", ""atr_filter"": 0.8}"
299,TTMSQZ,TTMSQZ_3_0_ES30N.py,ES,30m,PASS,champion,pre,276,15.06,2.171,49.6,0.59,10.8,29253,3740,optimize window,"{""gate_len"": 20, ""stop_atr"": 1.5, ""eod_cutoff"": 1, ""kc_mult"": 1.5}"
299,TTMSQZ,TTMSQZ_3_0_ES30N.py,ES,30m,PASS,candidate,wf,368,8.9,1.407,45.7,0.221,9.1,600,123,estimate: optimize yrs x WF trade share,"{""stop_atr"": 2.5, ""gate_len"": 16, ""eod_cutoff"": 1, ""kc_mult"": 1.5}"
299,TTMSQZ,TTMSQZ_3_0_ES30N.py,ES,30m,PASS,candidate,pre,623,15.06,1.441,46.7,0.235,9.7,849,123,optimize window,"{""stop_atr"": 2.5, ""gate_len"": 16, ""eod_cutoff"": 1, ""kc_mult"": 1.5}"
299,TTMSQZ,TTMSQZ_3_0_ES30N.py,ES,30m,PASS,candidate,wf,371,8.93,1.445,44.7,0.246,10.2,638,128,estimate: optimize yrs x WF trade share,"{""stop_atr"": 1.5, ""gate_len"": 16, ""eod_cutoff"": 1, ""kc_mult"": 1.5}"
299,TTMSQZ,TTMSQZ_3_0_ES30N.py,ES,30m,PASS,candidate,pre,626,15.06,1.461,45.7,0.25,10.4,868,128,optimize window,"{""stop_atr"": 1.5, ""gate_len"": 16, ""eod_cutoff"": 1, ""kc_mult"": 1.5}"
299,TTMSQZ,TTMSQZ_3_0_ES30N.py,ES,30m,PASS,candidate,wf,212,9.39,1.915,48.6,0.471,10.6,640,82,estimate: optimize yrs x WF trade share,"{""stop_atr"": 2.5, ""gate_len"": 20, ""eod_cutoff"": 1, ""kc_mult"": 1.5}"
299,TTMSQZ,TTMSQZ_3_0_ES30N.py,ES,30m,PASS,candidate,pre,340,15.06,2.074,51.5,0.521,11.8,924,82,optimize window,"{""stop_atr"": 2.5, ""gate_len"": 20, ""eod_cutoff"": 1, ""kc_mult"": 1.5}"
299,TTMSQZ,TTMSQZ_3_0_ES30N.py,ES,30m,PASS,candidate,wf,369,8.91,1.385,45.0,0.212,8.8,575,118,estimate: optimize yrs x WF trade share,"{""stop_atr"": 2.0, ""gate_len"": 16, ""eod_cutoff"": 1, ""kc_mult"": 1.5}"
299,TTMSQZ,TTMSQZ_3_0_ES30N.py,ES,30m,PASS,candidate,pre,624,15.06,1.43,46.3,0.231,9.6,833,118,optimize window,"{""stop_atr"": 2.0, ""gate_len"": 16, ""eod_cutoff"": 1, ""kc_mult"": 1.5}"
299,TTMSQZ,TTMSQZ_3_0_ES30N.py,ES,30m,PASS,candidate,wf,213,9.41,1.914,48.4,0.472,10.7,640,89,estimate: optimize yrs x WF trade share,"{""stop_atr"": 2.0, ""gate_len"": 20, ""eod_cutoff"": 1, ""kc_mult"": 1.5}"
299,TTMSQZ,TTMSQZ_3_0_ES30N.py,ES,30m,PASS,candidate,pre,341,15.06,2.071,51.3,0.522,11.8,923,89,optimize window,"{""stop_atr"": 2.0, ""gate_len"": 20, ""eod_cutoff"": 1, ""kc_mult"": 1.5}"
299,TTMSQZ,TTMSQZ_3_0_ES30N.py,ES,30m,PASS,candidate,wf,215,9.44,1.997,47.9,0.519,11.8,669,75,estimate: optimize yrs x WF trade share,"{""stop_atr"": 1.5, ""gate_len"": 20, ""eod_cutoff"": 1, ""kc_mult"": 1.5}"
299,TTMSQZ,TTMSQZ_3_0_ES30N.py,ES,30m,PASS,candidate,pre,343,15.06,2.114,50.4,0.552,12.6,934,75,optimize window,"{""stop_atr"": 1.5, ""gate_len"": 20, ""eod_cutoff"": 1, ""kc_mult"": 1.5}"
299,TTMSQZ,TTMSQZ_3_0_ES30N.py,ES,30m,PASS,candidate,wf,186,9.37,1.901,48.9,0.46,9.1,572,69,estimate: optimize yrs x WF trade share,"{""stop_atr"": 2.5, ""gate_len"": 20, ""eod_cutoff"": 3, ""kc_mult"": 1.5}"
299,TTMSQZ,TTMSQZ_3_0_ES30N.py,ES,30m,PASS,candidate,pre,299,15.06,2.042,51.2,0.509,10.1,817,69,optimize window,"{""stop_atr"": 2.5, ""gate_len"": 20, ""eod_cutoff"": 3, ""kc_mult"": 1.5}"
299,TTMSQZ,TTMSQZ_3_0_ES30N.py,ES,30m,PASS,candidate,wf,187,9.39,1.889,48.7,0.456,9.1,568,78,estimate: optimize yrs x WF trade share,"{""stop_atr"": 2.0, ""gate_len"": 20, ""eod_cutoff"": 3, ""kc_mult"": 1.5}"
299,TTMSQZ,TTMSQZ_3_0_ES30N.py,ES,30m,PASS,candidate,pre,300,15.06,2.031,51.0,0.505,10.1,813,78,optimize window,"{""stop_atr"": 2.0, ""gate_len"": 20, ""eod_cutoff"": 3, ""kc_mult"": 1.5}"
299,TTMSQZ,TTMSQZ_3_0_ES30N.py,ES,30m,PASS,candidate,wf,188,9.41,1.977,48.4,0.504,10.1,597,67,estimate: optimize yrs x WF trade share,"{""stop_atr"": 1.5, ""gate_len"": 20, ""eod_cutoff"": 3, ""kc_mult"": 1.5}"
299,TTMSQZ,TTMSQZ_3_0_ES30N.py,ES,30m,PASS,candidate,pre,301,15.06,2.07,50.2,0.533,10.7,822,67,optimize window,"{""stop_atr"": 1.5, ""gate_len"": 20, ""eod_cutoff"": 3, ""kc_mult"": 1.5}"
299,TTMSQZ,TTMSQZ_3_0_ES30N.py,ES,30m,PASS,candidate,wf,547,9.03,1.166,47.7,0.087,5.3,443,180,estimate: optimize yrs x WF trade share,"{""stop_atr"": 2.5, ""gate_len"": 16, ""eod_cutoff"": 1, ""kc_mult"": 1.75}"
299,TTMSQZ,TTMSQZ_3_0_ES30N.py,ES,30m,PASS,candidate,pre,912,15.06,1.184,46.7,0.098,5.9,618,180,optimize window,"{""stop_atr"": 2.5, ""gate_len"": 16, ""eod_cutoff"": 1, ""kc_mult"": 1.75}"
300,TTIBS,TTIBS_1_3.py,NQ,5m,PASS,champion,pre,492,15.1,2.05,69.7,0.318,10.4,256130,17032,optimize window,"{""trigger"": ""ibs"", ""cut_bars"": 2, ""hold_cap"": 9, ""mon_drop"": 0.01, ""ibs_entry"": 0.4, ""ma200"": false, ""entry_when"": ""late_same_day"", ""exit_mode"": ""ibs_exit""}"
300,TTIBS,TTIBS_1_3.py,NQ,5m,PASS,candidate,wf,372,9.06,1.699,69.4,0.214,8.8,17249,2939,estimate: optimize yrs x WF trade share,"{""cut_bars"": 1, ""trigger"": ""ibs"", ""hold_cap"": 9, ""mon_drop"": 0.01, ""ibs_entry"": 0.35, ""ma200"": false, ""exit_mode"": ""ibs_exit"", ""entry_when"": ""late_same_day""}"
300,TTIBS,TTIBS_1_3.py,NQ,5m,PASS,candidate,pre,620,15.1,1.669,68.9,0.208,8.6,19220,2939,optimize window,"{""cut_bars"": 1, ""trigger"": ""ibs"", ""hold_cap"": 9, ""mon_drop"": 0.01, ""ibs_entry"": 0.35, ""ma200"": false, ""exit_mode"": ""ibs_exit"", ""entry_when"": ""late_same_day""}"
300,TTIBS,TTIBS_1_3.py,NQ,5m,PASS,candidate,wf,404,9.15,1.635,69.3,0.195,8.6,17207,2408,estimate: optimize yrs x WF trade share,"{""cut_bars"": 2, ""trigger"": ""ibs"", ""hold_cap"": 9, ""mon_drop"": 0.01, ""ibs_entry"": 0.4, ""ma200"": false, ""exit_mode"": ""ibs_exit"", ""entry_when"": ""late_same_day""}"
300,TTIBS,TTIBS_1_3.py,NQ,5m,PASS,candidate,pre,667,15.1,1.6,68.5,0.189,8.3,18888,2408,optimize window,"{""cut_bars"": 2, ""trigger"": ""ibs"", ""hold_cap"": 9, ""mon_drop"": 0.01, ""ibs_entry"": 0.4, ""ma200"": false, ""exit_mode"": ""ibs_exit"", ""entry_when"": ""late_same_day""}"
300,TTIBS,TTIBS_1_3.py,NQ,5m,PASS,candidate,wf,402,9.2,1.582,68.7,0.183,8.0,13980,2381,estimate: optimize yrs x WF trade share,"{""cut_bars"": 1, ""trigger"": ""ibs"", ""hold_cap"": 6, ""mon_drop"": 0.01, ""ibs_entry"": 0.4, ""ma200"": false, ""exit_mode"": ""ibs_exit"", ""entry_when"": ""next_open""}"
300,TTIBS,TTIBS_1_3.py,NQ,5m,PASS,candidate,pre,660,15.1,1.555,69.1,0.171,7.5,15589,2381,optimize window,"{""cut_bars"": 1, ""trigger"": ""ibs"", ""hold_cap"": 6, ""mon_drop"": 0.01, ""ibs_entry"": 0.4, ""ma200"": false, ""exit_mode"": ""ibs_exit"", ""entry_when"": ""next_open""}"
300,TTIBS,TTIBS_1_3.py,NQ,5m,PASS,candidate,wf,376,9.19,1.675,69.1,0.208,8.5,15173,1908,estimate: optimize yrs x WF trade share,"{""cut_bars"": 1, ""trigger"": ""ibs"", ""hold_cap"": 6, ""mon_drop"": 0.01, ""ibs_entry"": 0.35, ""ma200"": false, ""exit_mode"": ""ibs_exit"", ""entry_when"": ""next_open""}"
300,TTIBS,TTIBS_1_3.py,NQ,5m,PASS,candidate,pre,618,15.1,1.63,69.6,0.192,7.8,16643,1908,optimize window,"{""cut_bars"": 1, ""trigger"": ""ibs"", ""hold_cap"": 6, ""mon_drop"": 0.01, ""ibs_entry"": 0.35, ""ma200"": false, ""exit_mode"": ""ibs_exit"", ""entry_when"": ""next_open""}"
300,TTIBS,TTIBS_1_3.py,NQ,5m,PASS,candidate,wf,393,9.22,1.579,69.2,0.178,7.6,14311,2851,estimate: optimize yrs x WF trade share,"{""cut_bars"": 1, ""trigger"": ""ibs"", ""hold_cap"": 9, ""mon_drop"": 0.01, ""ibs_entry"": 0.4, ""ma200"": false, ""exit_mode"": ""ibs_exit"", ""entry_when"": ""next_open""}"
300,TTIBS,TTIBS_1_3.py,NQ,5m,PASS,candidate,pre,644,15.1,1.555,69.6,0.169,7.2,15946,2851,optimize window,"{""cut_bars"": 1, ""trigger"": ""ibs"", ""hold_cap"": 9, ""mon_drop"": 0.01, ""ibs_entry"": 0.4, ""ma200"": false, ""exit_mode"": ""ibs_exit"", ""entry_when"": ""next_open""}"
300,TTIBS,TTIBS_1_3.py,NQ,5m,PASS,robust,wf,396,9.24,1.648,69.7,0.196,8.4,15637,2381,estimate: optimize yrs x WF trade share,"{""cut_bars"": 1, ""trigger"": ""ibs"", ""hold_cap"": 8, ""mon_drop"": 0.01, ""ibs_entry"": 0.4, ""ma200"": false, ""exit_mode"": ""ibs_exit"", ""entry_when"": ""next_open""}"
300,TTIBS,TTIBS_1_3.py,NQ,5m,PASS,robust,pre,647,15.1,1.608,69.7,0.184,7.9,17143,2381,optimize window,"{""cut_bars"": 1, ""trigger"": ""ibs"", ""hold_cap"": 8, ""mon_drop"": 0.01, ""ibs_entry"": 0.4, ""ma200"": false, ""exit_mode"": ""ibs_exit"", ""entry_when"": ""next_open""}"
300,TTIBS,TTIBS_1_3.py,NQ,5m,PASS,robust,wf,398,9.25,1.662,69.8,0.2,8.6,15806,2381,estimate: optimize yrs x WF trade share,"{""cut_bars"": 1, ""trigger"": ""ibs"", ""hold_cap"": 7, ""mon_drop"": 0.01, ""ibs_entry"": 0.4, ""ma200"": false, ""exit_mode"": ""ibs_exit"", ""entry_when"": ""next_open""}"
300,TTIBS,TTIBS_1_3.py,NQ,5m,PASS,robust,pre,650,15.1,1.62,69.4,0.19,8.2,17312,2381,optimize window,"{""cut_bars"": 1, ""trigger"": ""ibs"", ""hold_cap"": 7, ""mon_drop"": 0.01, ""ibs_entry"": 0.4, ""ma200"": false, ""exit_mode"": ""ibs_exit"", ""entry_when"": ""next_open""}"
300,TTIBS,TTIBS_1_3.py,NQ,5m,PASS,robust,wf,393,9.28,1.592,69.5,0.181,7.7,14630,2496,estimate: optimize yrs x WF trade share,"{""cut_bars"": 1, ""trigger"": ""ibs"", ""hold_cap"": 10, ""mon_drop"": 0.01, ""ibs_entry"": 0.4, ""ma200"": false, ""exit_mode"": ""ibs_exit"", ""entry_when"": ""next_open""}"
300,TTIBS,TTIBS_1_3.py,NQ,5m,PASS,robust,pre,640,15.1,1.557,69.5,0.17,7.2,16038,2496,optimize window,"{""cut_bars"": 1, ""trigger"": ""ibs"", ""hold_cap"": 10, ""mon_drop"": 0.01, ""ibs_entry"": 0.4, ""ma200"": false, ""exit_mode"": ""ibs_exit"", ""entry_when"": ""next_open""}"
300,TTIBS,TTIBS_1_3.py,NQ,5m,PASS,robust,wf,369,9.21,1.673,69.6,0.204,8.2,15470,2402,estimate: optimize yrs x WF trade share,"{""cut_bars"": 1, ""trigger"": ""ibs"", ""hold_cap"": 9, ""mon_drop"": 0.01, ""ibs_entry"": 0.35, ""ma200"": false, ""exit_mode"": ""ibs_exit"", ""entry_when"": ""next_open""}"
300,TTIBS,TTIBS_1_3.py,NQ,5m,PASS,robust,pre,605,15.1,1.631,70.1,0.189,7.6,16937,2402,optimize window,"{""cut_bars"": 1, ""trigger"": ""ibs"", ""hold_cap"": 9, ""mon_drop"": 0.01, ""ibs_entry"": 0.35, ""ma200"": false, ""exit_mode"": ""ibs_exit"", ""entry_when"": ""next_open""}"
300,TTIBS,TTIBS_1_3.py,NQ,5m,PASS,robust,wf,376,9.2,1.628,68.6,0.197,8.0,15954,2542,estimate: optimize yrs x WF trade share,"{""cut_bars"": 2, ""trigger"": ""ibs"", ""hold_cap"": 10, ""mon_drop"": 0.01, ""ibs_entry"": 0.35, ""ma200"": false, ""exit_mode"": ""ibs_exit"", ""entry_when"": ""late_same_day""}"
300,TTIBS,TTIBS_1_3.py,NQ,5m,PASS,robust,pre,617,15.1,1.598,67.6,0.194,7.9,17575,2542,optimize window,"{""cut_bars"": 2, ""trigger"": ""ibs"", ""hold_cap"": 10, ""mon_drop"": 0.01, ""ibs_entry"": 0.35, ""ma200"": false, ""exit_mode"": ""ibs_exit"", ""entry_when"": ""late_same_day""}"
301,TTMSQZ,TTMSQZ_3_0_R5ES15.py,ES,15m,FAIL,champion,pre,1064,15.06,1.197,45.5,0.107,7.6,37642,14175,optimize window,"{""gate_ratio"": 1.3, ""gate_len"": 14, ""length"": 20, ""kc_mult"": 1.75}"
301,TTMSQZ,TTMSQZ_3_0_R5ES15.py,ES,15m,FAIL,candidate,wf,759,9.29,1.349,47.2,0.184,15.0,1577,194,estimate: optimize yrs x WF trade share,"{""gate_ratio"": 1.3, ""gate_len"": 16, ""length"": 20, ""kc_mult"": 1.75}"
301,TTMSQZ,TTMSQZ_3_0_R5ES15.py,ES,15m,FAIL,candidate,pre,1230,15.06,1.28,46.7,0.149,12.2,1631,194,optimize window,"{""gate_ratio"": 1.3, ""gate_len"": 16, ""length"": 20, ""kc_mult"": 1.75}"
301,TTMSQZ,TTMSQZ_3_0_R5ES15.py,ES,15m,FAIL,candidate,wf,975,9.19,1.229,46.7,0.122,13.0,1415,369,estimate: optimize yrs x WF trade share,"{""gate_ratio"": 1.3, ""gate_len"": 16, ""length"": 16, ""kc_mult"": 1.75}"
301,TTMSQZ,TTMSQZ_3_0_R5ES15.py,ES,15m,FAIL,candidate,pre,1597,15.06,1.198,47.5,0.104,11.0,1555,369,optimize window,"{""gate_ratio"": 1.3, ""gate_len"": 16, ""length"": 16, ""kc_mult"": 1.75}"
301,TTMSQZ,TTMSQZ_3_0_R5ES15.py,ES,15m,FAIL,candidate,wf,605,9.31,1.521,49.4,0.263,17.1,1712,135,estimate: optimize yrs x WF trade share,"{""gate_ratio"": 1.3, ""gate_len"": 20, ""length"": 20, ""kc_mult"": 1.75}"
301,TTMSQZ,TTMSQZ_3_0_R5ES15.py,ES,15m,FAIL,candidate,pre,979,15.06,1.421,48.0,0.219,14.2,1806,135,optimize window,"{""gate_ratio"": 1.3, ""gate_len"": 20, ""length"": 20, ""kc_mult"": 1.75}"
301,TTMSQZ,TTMSQZ_3_0_R5ES15.py,ES,15m,FAIL,candidate,wf,338,9.11,1.862,50.3,0.428,15.9,1485,166,estimate: optimize yrs x WF trade share,"{""gate_ratio"": 1.0, ""gate_len"": 20, ""length"": 20, ""kc_mult"": 1.75}"
301,TTMSQZ,TTMSQZ_3_0_R5ES15.py,ES,15m,FAIL,candidate,pre,559,15.06,1.743,49.4,0.376,14.0,1674,166,optimize window,"{""gate_ratio"": 1.0, ""gate_len"": 20, ""length"": 20, ""kc_mult"": 1.75}"
301,TTMSQZ,TTMSQZ_3_0_R5ES15.py,ES,15m,FAIL,candidate,wf,647,9.11,1.378,45.9,0.205,14.5,1392,231,estimate: optimize yrs x WF trade share,"{""gate_ratio"": 1.3, ""gate_len"": 14, ""length"": 20, ""kc_mult"": 1.5}"
301,TTMSQZ,TTMSQZ_3_0_R5ES15.py,ES,15m,FAIL,candidate,pre,1070,15.06,1.321,46.5,0.172,12.2,1522,231,optimize window,"{""gate_ratio"": 1.3, ""gate_len"": 14, ""length"": 20, ""kc_mult"": 1.5}"
301,TTMSQZ,TTMSQZ_3_0_R5ES15.py,ES,15m,FAIL,candidate,wf,878,9.29,1.327,47.0,0.173,16.3,1756,284,estimate: optimize yrs x WF trade share,"{""gate_ratio"": 1.3, ""gate_len"": 14, ""length"": 20, ""kc_mult"": 1.75}"
301,TTMSQZ,TTMSQZ_3_0_R5ES15.py,ES,15m,FAIL,candidate,pre,1423,15.06,1.25,46.2,0.135,12.7,1738,284,optimize window,"{""gate_ratio"": 1.3, ""gate_len"": 14, ""length"": 20, ""kc_mult"": 1.75}"
301,TTMSQZ,TTMSQZ_3_0_R5ES15.py,ES,15m,FAIL,candidate,wf,462,9.25,1.53,48.9,0.271,13.5,1357,171,estimate: optimize yrs x WF trade share,"{""gate_ratio"": 1.15, ""gate_len"": 20, ""length"": 20, ""kc_mult"": 1.75}"
301,TTMSQZ,TTMSQZ_3_0_R5ES15.py,ES,15m,FAIL,candidate,pre,752,15.06,1.459,47.7,0.24,12.0,1521,171,optimize window,"{""gate_ratio"": 1.15, ""gate_len"": 20, ""length"": 20, ""kc_mult"": 1.75}"
301,TTMSQZ,TTMSQZ_3_0_R5ES15.py,ES,15m,FAIL,candidate,wf,654,9.15,1.42,46.9,0.223,15.9,1598,204,estimate: optimize yrs x WF trade share,"{""gate_ratio"": 1.0, ""gate_len"": 14, ""length"": 20, ""kc_mult"": 1.75}"
301,TTMSQZ,TTMSQZ_3_0_R5ES15.py,ES,15m,FAIL,candidate,pre,1077,15.06,1.34,46.8,0.181,12.9,1691,204,optimize window,"{""gate_ratio"": 1.0, ""gate_len"": 14, ""length"": 20, ""kc_mult"": 1.75}"
301,TTMSQZ,TTMSQZ_3_0_R5ES15.py,ES,15m,FAIL,candidate,wf,628,9.1,1.442,47.9,0.23,15.9,1562,178,estimate: optimize yrs x WF trade share,"{""gate_ratio"": 1.15, ""gate_len"": 16, ""length"": 20, ""kc_mult"": 1.75}"
301,TTMSQZ,TTMSQZ_3_0_R5ES15.py,ES,15m,FAIL,candidate,pre,1039,15.06,1.35,47.4,0.184,12.7,1631,178,optimize window,"{""gate_ratio"": 1.15, ""gate_len"": 16, ""length"": 20, ""kc_mult"": 1.75}"
301,TTMSQZ,TTMSQZ_3_0_R5ES15.py,ES,15m,FAIL,candidate,wf,1101,9.16,1.238,46.5,0.127,15.3,1690,417,estimate: optimize yrs x WF trade share,"{""gate_ratio"": 1.3, ""gate_len"": 14, ""length"": 16, ""kc_mult"": 1.75}"
301,TTMSQZ,TTMSQZ_3_0_R5ES15.py,ES,15m,FAIL,candidate,pre,1811,15.06,1.187,46.8,0.1,12.0,1703,417,optimize window,"{""gate_ratio"": 1.3, ""gate_len"": 14, ""length"": 16, ""kc_mult"": 1.75}"
302,NOISE,NOISE_1_0.py,NQ,5m,WEAK,champion,pre,3562,14.68,1.238,34.8,0.155,37.7,94974,15961,optimize window,"{""daytype_lo"": 0.15, ""window"": ""all_day"", ""confirm_bars"": 2, ""daytype_mode"": ""off"", ""band_mult_long"": 0.5, ""vol_skip_pct"": 89.0, ""band_mult_short"": 1.5, ""skip_holidays"": true, ""stop_mode"": ""fixed"", ""flat_eod"": true, ""lookback"": 64, ""side"": ""Both"", ""daytype_hi"": 0.9, ""stop_k"": 1.25, ""exit_mode"": ""vwap""}"
302,NOISE,NOISE_1_0.py,NQ,5m,WEAK,candidate,wf,2040,9.25,1.377,38.8,0.231,50.9,11892,928,estimate: optimize yrs x WF trade share,"{""daytype_lo"": 0.2, ""window"": ""afternoon_block"", ""confirm_bars"": 2, ""daytype_mode"": ""skip_bot_short"", ""band_mult_long"": 0.75, ""vol_skip_pct"": 98.0, ""band_mult_short"": 1.25, ""skip_holidays"": true, ""stop_mode"": ""atr"", ""flat_eod"": true, ""lookback"": 83, ""side"": ""Both"", ""daytype_hi"": 0.9, ""stop_k"": 2.25, ""exit_mode"": ""vwap""}"
302,NOISE,NOISE_1_0.py,NQ,5m,WEAK,candidate,pre,3236,14.68,1.352,37.4,0.22,48.6,12888,928,optimize window,"{""daytype_lo"": 0.2, ""window"": ""afternoon_block"", ""confirm_bars"": 2, ""daytype_mode"": ""skip_bot_short"", ""band_mult_long"": 0.75, ""vol_skip_pct"": 98.0, ""band_mult_short"": 1.25, ""skip_holidays"": true, ""stop_mode"": ""atr"", ""flat_eod"": true, ""lookback"": 83, ""side"": ""Both"", ""daytype_hi"": 0.9, ""stop_k"": 2.25, ""exit_mode"": ""vwap""}"
302,NOISE,NOISE_1_0.py,NQ,5m,WEAK,candidate,wf,1413,9.26,1.563,40.6,0.335,51.1,11039,1002,estimate: optimize yrs x WF trade share,"{""daytype_lo"": 0.2, ""window"": ""afternoon_block"", ""confirm_bars"": 3, ""daytype_mode"": ""skip_bot_short"", ""band_mult_long"": 0.75, ""vol_skip_pct"": 87.0, ""band_mult_short"": 1.75, ""skip_holidays"": false, ""stop_mode"": ""atr"", ""flat_eod"": true, ""lookback"": 31, ""side"": ""Both"", ""daytype_hi"": 0.9, ""stop_k"": 0.75, ""exit_mode"": ""vwap""}"
302,NOISE,NOISE_1_0.py,NQ,5m,WEAK,candidate,pre,2241,14.68,1.511,38.9,0.312,47.7,11675,1002,optimize window,"{""daytype_lo"": 0.2, ""window"": ""afternoon_block"", ""confirm_bars"": 3, ""daytype_mode"": ""skip_bot_short"", ""band_mult_long"": 0.75, ""vol_skip_pct"": 87.0, ""band_mult_short"": 1.75, ""skip_holidays"": false, ""stop_mode"": ""atr"", ""flat_eod"": true, ""lookback"": 31, ""side"": ""Both"", ""daytype_hi"": 0.9, ""stop_k"": 0.75, ""exit_mode"": ""vwap""}"
302,NOISE,NOISE_1_0.py,NQ,5m,WEAK,candidate,wf,2152,9.03,1.396,38.2,0.245,58.3,13037,760,estimate: optimize yrs x WF trade share,"{""daytype_lo"": 0.1, ""window"": ""all_day"", ""confirm_bars"": 1, ""daytype_mode"": ""off"", ""band_mult_long"": 1.0, ""vol_skip_pct"": 98.0, ""band_mult_short"": 1.75, ""skip_holidays"": true, ""stop_mode"": ""bandwidth"", ""flat_eod"": true, ""lookback"": 27, ""side"": ""Both"", ""daytype_hi"": 0.6, ""stop_k"": 1.25, ""exit_mode"": ""vwap""}"
302,NOISE,NOISE_1_0.py,NQ,5m,WEAK,candidate,pre,3499,14.68,1.352,37.0,0.222,52.8,13659,760,optimize window,"{""daytype_lo"": 0.1, ""window"": ""all_day"", ""confirm_bars"": 1, ""daytype_mode"": ""off"", ""band_mult_long"": 1.0, ""vol_skip_pct"": 98.0, ""band_mult_short"": 1.75, ""skip_holidays"": true, ""stop_mode"": ""bandwidth"", ""flat_eod"": true, ""lookback"": 27, ""side"": ""Both"", ""daytype_hi"": 0.6, ""stop_k"": 1.25, ""exit_mode"": ""vwap""}"
302,NOISE,NOISE_1_0.py,NQ,5m,WEAK,candidate,wf,2941,9.2,1.413,38.3,0.255,81.3,14564,798,estimate: optimize yrs x WF trade share,"{""daytype_lo"": 0.15, ""window"": ""all_day"", ""confirm_bars"": 2, ""daytype_mode"": ""off"", ""band_mult_long"": 0.5, ""vol_skip_pct"": 89.0, ""band_mult_short"": 1.5, ""skip_holidays"": true, ""stop_mode"": ""fixed"", ""flat_eod"": true, ""lookback"": 64, ""side"": ""Both"", ""daytype_hi"": 0.9, ""stop_k"": 1.25, ""exit_mode"": ""vwap""}"
302,NOISE,NOISE_1_0.py,NQ,5m,WEAK,candidate,pre,4692,14.68,1.358,36.2,0.228,73.0,14896,798,optimize window,"{""daytype_lo"": 0.15, ""window"": ""all_day"", ""confirm_bars"": 2, ""daytype_mode"": ""off"", ""band_mult_long"": 0.5, ""vol_skip_pct"": 89.0, ""band_mult_short"": 1.5, ""skip_holidays"": true, ""stop_mode"": ""fixed"", ""flat_eod"": true, ""lookback"": 64, ""side"": ""Both"", ""daytype_hi"": 0.9, ""stop_k"": 1.25, ""exit_mode"": ""vwap""}"
302,NOISE,NOISE_1_0.py,NQ,5m,WEAK,candidate,wf,1358,9.06,1.326,39.1,0.199,29.8,7563,939,estimate: optimize yrs x WF trade share,"{""daytype_lo"": 0.35, ""window"": ""all_day"", ""confirm_bars"": 1, ""daytype_mode"": ""skip_top_long"", ""band_mult_long"": 1.5, ""vol_skip_pct"": 91.0, ""band_mult_short"": 1.25, ""skip_holidays"": true, ""stop_mode"": ""fixed"", ""flat_eod"": true, ""lookback"": 91, ""side"": ""Both"", ""daytype_hi"": 0.7, ""stop_k"": 3.25, ""exit_mode"": ""vwap""}"
302,NOISE,NOISE_1_0.py,NQ,5m,WEAK,candidate,pre,2201,14.68,1.308,38.1,0.19,28.6,8279,939,optimize window,"{""daytype_lo"": 0.35, ""window"": ""all_day"", ""confirm_bars"": 1, ""daytype_mode"": ""skip_top_long"", ""band_mult_long"": 1.5, ""vol_skip_pct"": 91.0, ""band_mult_short"": 1.25, ""skip_holidays"": true, ""stop_mode"": ""fixed"", ""flat_eod"": true, ""lookback"": 91, ""side"": ""Both"", ""daytype_hi"": 0.7, ""stop_k"": 3.25, ""exit_mode"": ""vwap""}"
302,NOISE,NOISE_1_0.py,NQ,5m,WEAK,candidate,wf,2477,9.07,1.369,26.9,0.27,73.7,14517,1161,estimate: optimize yrs x WF trade share,"{""daytype_lo"": 0.15, ""window"": ""afternoon_block"", ""confirm_bars"": 3, ""daytype_mode"": ""skip_bot_short"", ""band_mult_long"": 0.5, ""vol_skip_pct"": 97.0, ""band_mult_short"": 0.5, ""skip_holidays"": false, ""stop_mode"": ""fixed"", ""flat_eod"": false, ""lookback"": 117, ""side"": ""Both"", ""daytype_hi"": 0.55, ""stop_k"": 3.5, ""exit_mode"": ""band""}"
302,NOISE,NOISE_1_0.py,NQ,5m,WEAK,candidate,pre,4010,14.68,1.334,25.8,0.248,67.7,15311,1161,optimize window,"{""daytype_lo"": 0.15, ""window"": ""afternoon_block"", ""confirm_bars"": 3, ""daytype_mode"": ""skip_bot_short"", ""band_mult_long"": 0.5, ""vol_skip_pct"": 97.0, ""band_mult_short"": 0.5, ""skip_holidays"": false, ""stop_mode"": ""fixed"", ""flat_eod"": false, ""lookback"": 117, ""side"": ""Both"", ""daytype_hi"": 0.55, ""stop_k"": 3.5, ""exit_mode"": ""band""}"
302,NOISE,NOISE_1_0.py,NQ,5m,WEAK,candidate,wf,1761,9.13,1.393,39.6,0.237,45.8,10114,653,estimate: optimize yrs x WF trade share,"{""daytype_lo"": 0.2, ""window"": ""all_day"", ""confirm_bars"": 4, ""daytype_mode"": ""off"", ""band_mult_long"": 1.25, ""vol_skip_pct"": 95.0, ""band_mult_short"": 1.0, ""skip_holidays"": true, ""stop_mode"": ""atr"", ""flat_eod"": false, ""lookback"": 35, ""side"": ""Both"", ""daytype_hi"": 0.55, ""stop_k"": 1.75, ""exit_mode"": ""vwap""}"
302,NOISE,NOISE_1_0.py,NQ,5m,WEAK,candidate,pre,2833,14.68,1.356,38.5,0.219,42.2,10771,653,optimize window,"{""daytype_lo"": 0.2, ""window"": ""all_day"", ""confirm_bars"": 4, ""daytype_mode"": ""off"", ""band_mult_long"": 1.25, ""vol_skip_pct"": 95.0, ""band_mult_short"": 1.0, ""skip_holidays"": true, ""stop_mode"": ""atr"", ""flat_eod"": false, ""lookback"": 35, ""side"": ""Both"", ""daytype_hi"": 0.55, ""stop_k"": 1.75, ""exit_mode"": ""vwap""}"
302,NOISE,NOISE_1_0.py,NQ,5m,WEAK,candidate,wf,2027,9.18,1.437,38.7,0.268,59.2,12871,654,estimate: optimize yrs x WF trade share,"{""daytype_lo"": 0.25, ""window"": ""all_day"", ""confirm_bars"": 2, ""daytype_mode"": ""off"", ""band_mult_long"": 1.0, ""vol_skip_pct"": 86.0, ""band_mult_short"": 1.0, ""skip_holidays"": true, ""stop_mode"": ""bandwidth"", ""flat_eod"": true, ""lookback"": 105, ""side"": ""Both"", ""daytype_hi"": 0.55, ""stop_k"": 4.0, ""exit_mode"": ""vwap""}"
302,NOISE,NOISE_1_0.py,NQ,5m,WEAK,candidate,pre,3243,14.68,1.389,37.2,0.244,53.9,13342,654,optimize window,"{""daytype_lo"": 0.25, ""window"": ""all_day"", ""confirm_bars"": 2, ""daytype_mode"": ""off"", ""band_mult_long"": 1.0, ""vol_skip_pct"": 86.0, ""band_mult_short"": 1.0, ""skip_holidays"": true, ""stop_mode"": ""bandwidth"", ""flat_eod"": true, ""lookback"": 105, ""side"": ""Both"", ""daytype_hi"": 0.55, ""stop_k"": 4.0, ""exit_mode"": ""vwap""}"
302,NOISE,NOISE_1_0.py,NQ,5m,WEAK,candidate,wf,1198,9.18,1.515,39.7,0.31,40.5,10377,835,estimate: optimize yrs x WF trade share,"{""daytype_lo"": 0.1, ""window"": ""morning"", ""confirm_bars"": 2, ""daytype_mode"": ""skip_bot_short"", ""band_mult_long"": 1.0, ""vol_skip_pct"": 98.0, ""band_mult_short"": 1.5, ""skip_holidays"": true, ""stop_mode"": ""atr"", ""flat_eod"": false, ""lookback"": 61, ""side"": ""Both"", ""daytype_hi"": 0.7, ""stop_k"": 3.5, ""exit_mode"": ""vwap""}"
302,NOISE,NOISE_1_0.py,NQ,5m,WEAK,candidate,pre,1916,14.68,1.466,38.0,0.289,37.7,11011,835,optimize window,"{""daytype_lo"": 0.1, ""window"": ""morning"", ""confirm_bars"": 2, ""daytype_mode"": ""skip_bot_short"", ""band_mult_long"": 1.0, ""vol_skip_pct"": 98.0, ""band_mult_short"": 1.5, ""skip_holidays"": true, ""stop_mode"": ""atr"", ""flat_eod"": false, ""lookback"": 61, ""side"": ""Both"", ""daytype_hi"": 0.7, ""stop_k"": 3.5, ""exit_mode"": ""vwap""}"
302,NOISE,NOISE_1_0.py,NQ,5m,WEAK,candidate,wf,1007,9.27,1.602,43.0,0.343,37.3,10391,907,estimate: optimize yrs x WF trade share,"{""daytype_lo"": 0.15, ""window"": ""afternoon_block"", ""confirm_bars"": 1, ""daytype_mode"": ""skip_bot_all"", ""band_mult_long"": 1.25, ""vol_skip_pct"": 98.0, ""band_mult_short"": 2.0, ""skip_holidays"": false, ""stop_mode"": ""fixed"", ""flat_eod"": true, ""lookback"": 116, ""side"": ""Both"", ""daytype_hi"": 0.65, ""stop_k"": 2.75, ""exit_mode"": ""vwap""}"
302,NOISE,NOISE_1_0.py,NQ,5m,WEAK,candidate,pre,1595,14.68,1.554,41.2,0.326,35.4,11137,907,optimize window,"{""daytype_lo"": 0.15, ""window"": ""afternoon_block"", ""confirm_bars"": 1, ""daytype_mode"": ""skip_bot_all"", ""band_mult_long"": 1.25, ""vol_skip_pct"": 98.0, ""band_mult_short"": 2.0, ""skip_holidays"": false, ""stop_mode"": ""fixed"", ""flat_eod"": true, ""lookback"": 116, ""side"": ""Both"", ""daytype_hi"": 0.65, ""stop_k"": 2.75, ""exit_mode"": ""vwap""}"
303,ORB,ORB_3_6.py,NQ,5m,FAIL,champion,pre,2350,15.18,1.091,45.4,0.05,7.7,60219,57779,optimize window,"{""skip_holidays"": false, ""breakout_buf"": 0.0, ""vpace_filter"": 0.0, ""close_confirm"": true, ""flat_eod"": true, ""or_bars"": 4, ""be_after_R"": 0.5, ""stop_frac"": 2.25, ""trail_bars"": 9, ""target_R"": 3.0, ""partial_exit_R"": 5.5, ""trade_mode"": ""First-candle dir"", ""atr_filter"": 0.0}"
303,ORB,ORB_3_6.py,NQ,5m,FAIL,candidate,wf,1831,9.02,1.119,39.5,0.072,14.6,6846,2158,estimate: optimize yrs x WF trade share,"{""skip_holidays"": true, ""breakout_buf"": 0.45, ""vpace_filter"": 0.5, ""close_confirm"": false, ""flat_eod"": true, ""or_bars"": 1, ""stop_frac"": 1.5, ""be_after_R"": 3.4, ""trail_bars"": 7, ""target_R"": 4.0, ""partial_exit_R"": 5.5, ""trade_mode"": ""First-candle dir"", ""atr_filter"": 0.2}"
303,ORB,ORB_3_6.py,NQ,5m,FAIL,candidate,pre,3081,15.18,1.117,39.2,0.071,14.4,7719,2158,optimize window,"{""skip_holidays"": true, ""breakout_buf"": 0.45, ""vpace_filter"": 0.5, ""close_confirm"": false, ""flat_eod"": true, ""or_bars"": 1, ""stop_frac"": 1.5, ""be_after_R"": 3.4, ""trail_bars"": 7, ""target_R"": 4.0, ""partial_exit_R"": 5.5, ""trade_mode"": ""First-candle dir"", ""atr_filter"": 0.2}"
303,ORB,ORB_3_6.py,NQ,5m,FAIL,candidate,wf,1867,9.06,1.215,47.5,0.113,23.2,12780,2889,estimate: optimize yrs x WF trade share,"{""skip_holidays"": false, ""breakout_buf"": 0.0, ""vpace_filter"": 0.0, ""close_confirm"": true, ""flat_eod"": true, ""or_bars"": 4, ""stop_frac"": 2.25, ""be_after_R"": 0.5, ""trail_bars"": 9, ""target_R"": 3.0, ""partial_exit_R"": 5.5, ""trade_mode"": ""First-candle dir"", ""atr_filter"": 0.0}"
303,ORB,ORB_3_6.py,NQ,5m,FAIL,candidate,pre,3127,15.18,1.182,46.0,0.098,20.2,12547,2889,optimize window,"{""skip_holidays"": false, ""breakout_buf"": 0.0, ""vpace_filter"": 0.0, ""close_confirm"": true, ""flat_eod"": true, ""or_bars"": 4, ""stop_frac"": 2.25, ""be_after_R"": 0.5, ""trail_bars"": 9, ""target_R"": 3.0, ""partial_exit_R"": 5.5, ""trade_mode"": ""First-candle dir"", ""atr_filter"": 0.0}"
303,ORB,ORB_3_6.py,NQ,5m,FAIL,candidate,wf,1683,8.92,1.152,45.5,0.083,15.7,8574,1955,estimate: optimize yrs x WF trade share,"{""skip_holidays"": true, ""breakout_buf"": 0.4, ""vpace_filter"": 0.1, ""close_confirm"": true, ""flat_eod"": true, ""or_bars"": 1, ""stop_frac"": 2.0, ""be_after_R"": 3.0, ""trail_bars"": 10, ""target_R"": 5.0, ""partial_exit_R"": 5.0, ""trade_mode"": ""First-candle dir"", ""atr_filter"": 0.4}"
303,ORB,ORB_3_6.py,NQ,5m,FAIL,candidate,pre,2865,15.18,1.137,44.8,0.076,14.3,8950,1955,optimize window,"{""skip_holidays"": true, ""breakout_buf"": 0.4, ""vpace_filter"": 0.1, ""close_confirm"": true, ""flat_eod"": true, ""or_bars"": 1, ""stop_frac"": 2.0, ""be_after_R"": 3.0, ""trail_bars"": 10, ""target_R"": 5.0, ""partial_exit_R"": 5.0, ""trade_mode"": ""First-candle dir"", ""atr_filter"": 0.4}"
303,ORB,ORB_3_6.py,NQ,5m,FAIL,candidate,wf,1581,9.07,1.207,48.9,0.106,18.5,9785,1652,estimate: optimize yrs x WF trade share,"{""skip_holidays"": true, ""breakout_buf"": 0.25, ""vpace_filter"": 0.7, ""close_confirm"": true, ""flat_eod"": true, ""or_bars"": 2, ""stop_frac"": 1.5, ""be_after_R"": 2.9, ""trail_bars"": 6, ""target_R"": 1.5, ""partial_exit_R"": 3.0, ""trade_mode"": ""First-candle dir"", ""atr_filter"": 0.1}"
303,ORB,ORB_3_6.py,NQ,5m,FAIL,candidate,pre,2646,15.18,1.179,48.0,0.093,16.2,9861,1652,optimize window,"{""skip_holidays"": true, ""breakout_buf"": 0.25, ""vpace_filter"": 0.7, ""close_confirm"": true, ""flat_eod"": true, ""or_bars"": 2, ""stop_frac"": 1.5, ""be_after_R"": 2.9, ""trail_bars"": 6, ""target_R"": 1.5, ""partial_exit_R"": 3.0, ""trade_mode"": ""First-candle dir"", ""atr_filter"": 0.1}"
303,ORB,ORB_3_6.py,NQ,5m,FAIL,candidate,wf,1654,8.9,1.169,34.0,0.112,20.7,6695,1694,estimate: optimize yrs x WF trade share,"{""skip_holidays"": true, ""breakout_buf"": 0.45, ""vpace_filter"": 0.2, ""close_confirm"": true, ""flat_eod"": true, ""or_bars"": 1, ""stop_frac"": 1.0, ""be_after_R"": 2.8, ""trail_bars"": 8, ""target_R"": 7.0, ""partial_exit_R"": 3.5, ""trade_mode"": ""First-candle dir"", ""atr_filter"": 0.4}"
303,ORB,ORB_3_6.py,NQ,5m,FAIL,candidate,pre,2820,15.18,1.156,33.2,0.104,19.4,7149,1694,optimize window,"{""skip_holidays"": true, ""breakout_buf"": 0.45, ""vpace_filter"": 0.2, ""close_confirm"": true, ""flat_eod"": true, ""or_bars"": 1, ""stop_frac"": 1.0, ""be_after_R"": 2.8, ""trail_bars"": 8, ""target_R"": 7.0, ""partial_exit_R"": 3.5, ""trade_mode"": ""First-candle dir"", ""atr_filter"": 0.4}"
303,ORB,ORB_3_6.py,NQ,5m,FAIL,candidate,wf,2188,9.18,1.117,37.2,0.074,17.5,7346,1872,estimate: optimize yrs x WF trade share,"{""skip_holidays"": false, ""breakout_buf"": 0.4, ""vpace_filter"": 0.7, ""close_confirm"": true, ""flat_eod"": false, ""or_bars"": 1, ""stop_frac"": 1.25, ""be_after_R"": 4.0, ""trail_bars"": 13, ""target_R"": 5.0, ""partial_exit_R"": 3.0, ""trade_mode"": ""Both"", ""atr_filter"": 0.1}"
303,ORB,ORB_3_6.py,NQ,5m,FAIL,candidate,pre,3617,15.18,1.102,36.2,0.065,15.6,7356,1872,optimize window,"{""skip_holidays"": false, ""breakout_buf"": 0.4, ""vpace_filter"": 0.7, ""close_confirm"": true, ""flat_eod"": false, ""or_bars"": 1, ""stop_frac"": 1.25, ""be_after_R"": 4.0, ""trail_bars"": 13, ""target_R"": 5.0, ""partial_exit_R"": 3.0, ""trade_mode"": ""Both"", ""atr_filter"": 0.1}"
303,ORB,ORB_3_6.py,NQ,5m,FAIL,candidate,wf,1729,9.12,1.095,46.3,0.051,9.7,5923,2627,estimate: optimize yrs x WF trade share,"{""skip_holidays"": true, ""breakout_buf"": 0.25, ""vpace_filter"": 0.7, ""close_confirm"": true, ""flat_eod"": false, ""or_bars"": 1, ""stop_frac"": 2.25, ""be_after_R"": 3.4, ""trail_bars"": 20, ""target_R"": 7.5, ""partial_exit_R"": 2.5, ""trade_mode"": ""First-candle dir"", ""atr_filter"": 0.0}"
303,ORB,ORB_3_6.py,NQ,5m,FAIL,candidate,pre,2879,15.18,1.089,45.9,0.048,9.2,6363,2627,optimize window,"{""skip_holidays"": true, ""breakout_buf"": 0.25, ""vpace_filter"": 0.7, ""close_confirm"": true, ""flat_eod"": false, ""or_bars"": 1, ""stop_frac"": 2.25, ""be_after_R"": 3.4, ""trail_bars"": 20, ""target_R"": 7.5, ""partial_exit_R"": 2.5, ""trade_mode"": ""First-candle dir"", ""atr_filter"": 0.0}"
303,ORB,ORB_3_6.py,NQ,5m,FAIL,candidate,wf,1664,8.97,1.174,33.2,0.116,21.6,6962,1466,estimate: optimize yrs x WF trade share,"{""skip_holidays"": true, ""breakout_buf"": 0.4, ""vpace_filter"": 0.6, ""close_confirm"": false, ""flat_eod"": true, ""or_bars"": 2, ""stop_frac"": 0.75, ""be_after_R"": 3.6, ""trail_bars"": 0, ""target_R"": 7.5, ""partial_exit_R"": 4.0, ""trade_mode"": ""First-candle dir"", ""atr_filter"": 0.2}"
303,ORB,ORB_3_6.py,NQ,5m,FAIL,candidate,pre,2817,15.18,1.152,32.8,0.102,18.9,7042,1466,optimize window,"{""skip_holidays"": true, ""breakout_buf"": 0.4, ""vpace_filter"": 0.6, ""close_confirm"": false, ""flat_eod"": true, ""or_bars"": 2, ""stop_frac"": 0.75, ""be_after_R"": 3.6, ""trail_bars"": 0, ""target_R"": 7.5, ""partial_exit_R"": 4.0, ""trade_mode"": ""First-candle dir"", ""atr_filter"": 0.2}"
303,ORB,ORB_3_6.py,NQ,5m,FAIL,candidate,wf,1521,9.22,1.167,39.8,0.1,16.5,7246,1521,estimate: optimize yrs x WF trade share,"{""skip_holidays"": false, ""breakout_buf"": 0.45, ""vpace_filter"": 1.0, ""close_confirm"": true, ""flat_eod"": false, ""or_bars"": 1, ""stop_frac"": 1.25, ""be_after_R"": 3.6, ""trail_bars"": 8, ""target_R"": 2.5, ""partial_exit_R"": 6.0, ""trade_mode"": ""Both"", ""atr_filter"": 0.1}"
303,ORB,ORB_3_6.py,NQ,5m,FAIL,candidate,pre,2504,15.18,1.15,38.6,0.092,15.2,7476,1521,optimize window,"{""skip_holidays"": false, ""breakout_buf"": 0.45, ""vpace_filter"": 1.0, ""close_confirm"": true, ""flat_eod"": false, ""or_bars"": 1, ""stop_frac"": 1.25, ""be_after_R"": 3.6, ""trail_bars"": 8, ""target_R"": 2.5, ""partial_exit_R"": 6.0, ""trade_mode"": ""Both"", ""atr_filter"": 0.1}"
303,ORB,ORB_3_6.py,NQ,5m,FAIL,candidate,wf,1737,9.12,1.076,36.9,0.048,9.1,3726,2376,estimate: optimize yrs x WF trade share,"{""skip_holidays"": false, ""breakout_buf"": 0.25, ""vpace_filter"": 0.7, ""close_confirm"": true, ""flat_eod"": true, ""or_bars"": 1, ""stop_frac"": 1.25, ""be_after_R"": 2.1, ""trail_bars"": 20, ""target_R"": 2.5, ""partial_exit_R"": 3.5, ""trade_mode"": ""First-candle dir"", ""atr_filter"": 0.1}"
303,ORB,ORB_3_6.py,NQ,5m,FAIL,candidate,pre,2892,15.18,1.077,37.2,0.048,9.2,4296,2376,optimize window,"{""skip_holidays"": false, ""breakout_buf"": 0.25, ""vpace_filter"": 0.7, ""close_confirm"": true, ""flat_eod"": true, ""or_bars"": 1, ""stop_frac"": 1.25, ""be_after_R"": 2.1, ""trail_bars"": 20, ""target_R"": 2.5, ""partial_exit_R"": 3.5, ""trade_mode"": ""First-candle dir"", ""atr_filter"": 0.1}"
304,NOISE,NOISE_1_1_NBHD.py,NQ,5m,PASS,champion,pre,3328,14.68,1.269,35.1,0.175,39.6,110322,12856,optimize window,"{""daytype_lo"": 0.2, ""window"": ""all_day"", ""confirm_bars"": 1, ""daytype_mode"": ""skip_bot_short"", ""band_mult_long"": 0.75, ""vol_skip_pct"": 95.0, ""band_mult_short"": 1.5, ""skip_holidays"": false, ""stop_mode"": ""bandwidth"", ""flat_eod"": true, ""lookback"": 40, ""side"": ""Both"", ""daytype_hi"": 0.8, ""stop_k"": 1.75, ""exit_mode"": ""vwap""}"
304,NOISE,NOISE_1_1_NBHD.py,NQ,5m,PASS,candidate,wf,2779,9.27,1.408,37.6,0.255,76.4,15403,928,estimate: optimize yrs x WF trade share,"{""daytype_lo"": 0.2, ""window"": ""all_day"", ""confirm_bars"": 1, ""daytype_mode"": ""skip_bot_short"", ""band_mult_long"": 0.75, ""vol_skip_pct"": 95.0, ""band_mult_short"": 1.5, ""skip_holidays"": false, ""stop_mode"": ""bandwidth"", ""flat_eod"": true, ""lookback"": 44, ""side"": ""Both"", ""daytype_hi"": 0.8, ""stop_k"": 1.75, ""exit_mode"": ""vwap""}"
304,NOISE,NOISE_1_1_NBHD.py,NQ,5m,PASS,candidate,pre,4402,14.68,1.368,36.3,0.235,70.4,16117,928,optimize window,"{""daytype_lo"": 0.2, ""window"": ""all_day"", ""confirm_bars"": 1, ""daytype_mode"": ""skip_bot_short"", ""band_mult_long"": 0.75, ""vol_skip_pct"": 95.0, ""band_mult_short"": 1.5, ""skip_holidays"": false, ""stop_mode"": ""bandwidth"", ""flat_eod"": true, ""lookback"": 44, ""side"": ""Both"", ""daytype_hi"": 0.8, ""stop_k"": 1.75, ""exit_mode"": ""vwap""}"
304,NOISE,NOISE_1_1_NBHD.py,NQ,5m,PASS,candidate,wf,2773,9.29,1.396,37.3,0.248,74.0,15090,969,estimate: optimize yrs x WF trade share,"{""daytype_lo"": 0.2, ""window"": ""all_day"", ""confirm_bars"": 1, ""daytype_mode"": ""skip_bot_short"", ""band_mult_long"": 0.75, ""vol_skip_pct"": 95.0, ""band_mult_short"": 1.5, ""skip_holidays"": false, ""stop_mode"": ""bandwidth"", ""flat_eod"": true, ""lookback"": 48, ""side"": ""Both"", ""daytype_hi"": 0.8, ""stop_k"": 1.75, ""exit_mode"": ""vwap""}"
304,NOISE,NOISE_1_1_NBHD.py,NQ,5m,PASS,candidate,pre,4384,14.68,1.36,36.4,0.229,68.3,15885,969,optimize window,"{""daytype_lo"": 0.2, ""window"": ""all_day"", ""confirm_bars"": 1, ""daytype_mode"": ""skip_bot_short"", ""band_mult_long"": 0.75, ""vol_skip_pct"": 95.0, ""band_mult_short"": 1.5, ""skip_holidays"": false, ""stop_mode"": ""bandwidth"", ""flat_eod"": true, ""lookback"": 48, ""side"": ""Both"", ""daytype_hi"": 0.8, ""stop_k"": 1.75, ""exit_mode"": ""vwap""}"
304,NOISE,NOISE_1_1_NBHD.py,NQ,5m,PASS,candidate,wf,2768,9.29,1.394,37.5,0.246,73.3,15050,868,estimate: optimize yrs x WF trade share,"{""daytype_lo"": 0.2, ""window"": ""all_day"", ""confirm_bars"": 1, ""daytype_mode"": ""skip_bot_short"", ""band_mult_long"": 0.75, ""vol_skip_pct"": 95.0, ""band_mult_short"": 1.5, ""skip_holidays"": false, ""stop_mode"": ""bandwidth"", ""flat_eod"": true, ""lookback"": 48, ""side"": ""Both"", ""daytype_hi"": 0.8, ""stop_k"": 2.0, ""exit_mode"": ""vwap""}"
304,NOISE,NOISE_1_1_NBHD.py,NQ,5m,PASS,candidate,pre,4373,14.68,1.359,36.6,0.228,67.9,15879,868,optimize window,"{""daytype_lo"": 0.2, ""window"": ""all_day"", ""confirm_bars"": 1, ""daytype_mode"": ""skip_bot_short"", ""band_mult_long"": 0.75, ""vol_skip_pct"": 95.0, ""band_mult_short"": 1.5, ""skip_holidays"": false, ""stop_mode"": ""bandwidth"", ""flat_eod"": true, ""lookback"": 48, ""side"": ""Both"", ""daytype_hi"": 0.8, ""stop_k"": 2.0, ""exit_mode"": ""vwap""}"
304,NOISE,NOISE_1_1_NBHD.py,NQ,5m,PASS,candidate,wf,2785,9.29,1.392,37.1,0.247,74.0,14999,940,estimate: optimize yrs x WF trade share,"{""daytype_lo"": 0.2, ""window"": ""all_day"", ""confirm_bars"": 1, ""daytype_mode"": ""skip_bot_short"", ""band_mult_long"": 0.75, ""vol_skip_pct"": 95.0, ""band_mult_short"": 1.5, ""skip_holidays"": false, ""stop_mode"": ""bandwidth"", ""flat_eod"": true, ""lookback"": 48, ""side"": ""Both"", ""daytype_hi"": 0.8, ""stop_k"": 1.5, ""exit_mode"": ""vwap""}"
304,NOISE,NOISE_1_1_NBHD.py,NQ,5m,PASS,candidate,pre,4402,14.68,1.358,36.2,0.228,68.4,15823,940,optimize window,"{""daytype_lo"": 0.2, ""window"": ""all_day"", ""confirm_bars"": 1, ""daytype_mode"": ""skip_bot_short"", ""band_mult_long"": 0.75, ""vol_skip_pct"": 95.0, ""band_mult_short"": 1.5, ""skip_holidays"": false, ""stop_mode"": ""bandwidth"", ""flat_eod"": true, ""lookback"": 48, ""side"": ""Both"", ""daytype_hi"": 0.8, ""stop_k"": 1.5, ""exit_mode"": ""vwap""}"
304,NOISE,NOISE_1_1_NBHD.py,NQ,5m,PASS,candidate,wf,2775,9.27,1.401,37.7,0.249,74.6,15197,860,estimate: optimize yrs x WF trade share,"{""daytype_lo"": 0.2, ""window"": ""all_day"", ""confirm_bars"": 1, ""daytype_mode"": ""skip_bot_short"", ""band_mult_long"": 0.75, ""vol_skip_pct"": 95.0, ""band_mult_short"": 1.5, ""skip_holidays"": false, ""stop_mode"": ""bandwidth"", ""flat_eod"": true, ""lookback"": 44, ""side"": ""Both"", ""daytype_hi"": 0.8, ""stop_k"": 2.0, ""exit_mode"": ""vwap""}"
304,NOISE,NOISE_1_1_NBHD.py,NQ,5m,PASS,candidate,pre,4393,14.68,1.363,36.4,0.231,69.0,15941,860,optimize window,"{""daytype_lo"": 0.2, ""window"": ""all_day"", ""confirm_bars"": 1, ""daytype_mode"": ""skip_bot_short"", ""band_mult_long"": 0.75, ""vol_skip_pct"": 95.0, ""band_mult_short"": 1.5, ""skip_holidays"": false, ""stop_mode"": ""bandwidth"", ""flat_eod"": true, ""lookback"": 44, ""side"": ""Both"", ""daytype_hi"": 0.8, ""stop_k"": 2.0, ""exit_mode"": ""vwap""}"
304,NOISE,NOISE_1_1_NBHD.py,NQ,5m,PASS,candidate,wf,2790,9.27,1.403,37.4,0.252,76.0,15262,923,estimate: optimize yrs x WF trade share,"{""daytype_lo"": 0.2, ""window"": ""all_day"", ""confirm_bars"": 1, ""daytype_mode"": ""skip_bot_short"", ""band_mult_long"": 0.75, ""vol_skip_pct"": 95.0, ""band_mult_short"": 1.5, ""skip_holidays"": false, ""stop_mode"": ""bandwidth"", ""flat_eod"": true, ""lookback"": 44, ""side"": ""Both"", ""daytype_hi"": 0.8, ""stop_k"": 1.5, ""exit_mode"": ""vwap""}"
304,NOISE,NOISE_1_1_NBHD.py,NQ,5m,PASS,candidate,pre,4418,14.68,1.365,36.1,0.233,70.2,16011,923,optimize window,"{""daytype_lo"": 0.2, ""window"": ""all_day"", ""confirm_bars"": 1, ""daytype_mode"": ""skip_bot_short"", ""band_mult_long"": 0.75, ""vol_skip_pct"": 95.0, ""band_mult_short"": 1.5, ""skip_holidays"": false, ""stop_mode"": ""bandwidth"", ""flat_eod"": true, ""lookback"": 44, ""side"": ""Both"", ""daytype_hi"": 0.8, ""stop_k"": 1.5, ""exit_mode"": ""vwap""}"
304,NOISE,NOISE_1_1_NBHD.py,NQ,5m,PASS,candidate,wf,2081,9.24,1.522,38.5,0.321,72.4,15682,732,estimate: optimize yrs x WF trade share,"{""daytype_lo"": 0.2, ""window"": ""all_day"", ""confirm_bars"": 1, ""daytype_mode"": ""skip_bot_short"", ""band_mult_long"": 1.0, ""vol_skip_pct"": 95.0, ""band_mult_short"": 1.5, ""skip_holidays"": false, ""stop_mode"": ""bandwidth"", ""flat_eod"": true, ""lookback"": 48, ""side"": ""Both"", ""daytype_hi"": 0.8, ""stop_k"": 1.5, ""exit_mode"": ""vwap""}"
304,NOISE,NOISE_1_1_NBHD.py,NQ,5m,PASS,candidate,pre,3307,14.68,1.469,37.1,0.295,66.4,16442,732,optimize window,"{""daytype_lo"": 0.2, ""window"": ""all_day"", ""confirm_bars"": 1, ""daytype_mode"": ""skip_bot_short"", ""band_mult_long"": 1.0, ""vol_skip_pct"": 95.0, ""band_mult_short"": 1.5, ""skip_holidays"": false, ""stop_mode"": ""bandwidth"", ""flat_eod"": true, ""lookback"": 48, ""side"": ""Both"", ""daytype_hi"": 0.8, ""stop_k"": 1.5, ""exit_mode"": ""vwap""}"
304,NOISE,NOISE_1_1_NBHD.py,NQ,5m,PASS,candidate,wf,2790,9.26,1.42,37.7,0.262,78.9,15825,846,estimate: optimize yrs x WF trade share,"{""daytype_lo"": 0.2, ""window"": ""all_day"", ""confirm_bars"": 1, ""daytype_mode"": ""skip_bot_short"", ""band_mult_long"": 0.75, ""vol_skip_pct"": 95.0, ""band_mult_short"": 1.5, ""skip_holidays"": false, ""stop_mode"": ""bandwidth"", ""flat_eod"": true, ""lookback"": 40, ""side"": ""Both"", ""daytype_hi"": 0.8, ""stop_k"": 1.75, ""exit_mode"": ""vwap""}"
304,NOISE,NOISE_1_1_NBHD.py,NQ,5m,PASS,candidate,pre,4424,14.68,1.379,36.4,0.241,72.5,16557,846,optimize window,"{""daytype_lo"": 0.2, ""window"": ""all_day"", ""confirm_bars"": 1, ""daytype_mode"": ""skip_bot_short"", ""band_mult_long"": 0.75, ""vol_skip_pct"": 95.0, ""band_mult_short"": 1.5, ""skip_holidays"": false, ""stop_mode"": ""bandwidth"", ""flat_eod"": true, ""lookback"": 40, ""side"": ""Both"", ""daytype_hi"": 0.8, ""stop_k"": 1.75, ""exit_mode"": ""vwap""}"
304,NOISE,NOISE_1_1_NBHD.py,NQ,5m,PASS,candidate,wf,2565,9.24,1.402,37.7,0.25,69.5,14277,801,estimate: optimize yrs x WF trade share,"{""daytype_lo"": 0.2, ""window"": ""all_day"", ""confirm_bars"": 1, ""daytype_mode"": ""skip_bot_short"", ""band_mult_long"": 0.75, ""vol_skip_pct"": 95.0, ""band_mult_short"": 1.75, ""skip_holidays"": false, ""stop_mode"": ""bandwidth"", ""flat_eod"": true, ""lookback"": 48, ""side"": ""Both"", ""daytype_hi"": 0.8, ""stop_k"": 1.75, ""exit_mode"": ""vwap""}"
304,NOISE,NOISE_1_1_NBHD.py,NQ,5m,PASS,candidate,pre,4077,14.68,1.367,36.8,0.232,64.4,15089,801,optimize window,"{""daytype_lo"": 0.2, ""window"": ""all_day"", ""confirm_bars"": 1, ""daytype_mode"": ""skip_bot_short"", ""band_mult_long"": 0.75, ""vol_skip_pct"": 95.0, ""band_mult_short"": 1.75, ""skip_holidays"": false, ""stop_mode"": ""bandwidth"", ""flat_eod"": true, ""lookback"": 48, ""side"": ""Both"", ""daytype_hi"": 0.8, ""stop_k"": 1.75, ""exit_mode"": ""vwap""}"
304,NOISE,NOISE_1_1_NBHD.py,NQ,5m,PASS,candidate,wf,1810,9.54,1.379,39.7,0.229,43.4,11626,799,estimate: optimize yrs x WF trade share,"{""daytype_lo"": 0.2, ""window"": ""all_day"", ""confirm_bars"": 1, ""daytype_mode"": ""skip_bot_short"", ""band_mult_long"": 1.5, ""vol_skip_pct"": 105.0, ""band_mult_short"": 1.25, ""skip_holidays"": false, ""stop_mode"": ""bandwidth"", ""flat_eod"": true, ""lookback"": 56, ""side"": ""Both"", ""daytype_hi"": 0.8, ""stop_k"": 1.5, ""exit_mode"": ""vwap""}"
304,NOISE,NOISE_1_1_NBHD.py,NQ,5m,PASS,candidate,pre,2785,14.68,1.363,39.3,0.22,41.8,12759,799,optimize window,"{""daytype_lo"": 0.2, ""window"": ""all_day"", ""confirm_bars"": 1, ""daytype_mode"": ""skip_bot_short"", ""band_mult_long"": 1.5, ""vol_skip_pct"": 105.0, ""band_mult_short"": 1.25, ""skip_holidays"": false, ""stop_mode"": ""bandwidth"", ""flat_eod"": true, ""lookback"": 56, ""side"": ""Both"", ""daytype_hi"": 0.8, ""stop_k"": 1.5, ""exit_mode"": ""vwap""}"
305,NOISE,NOISE_1_0.py,NQ,5m,PASS,champion,pre,2591,14.68,1.424,37.6,0.265,46.7,131091,8808,optimize window,"{""daytype_lo"": 0.25, ""window"": ""all_day"", ""confirm_bars"": 4, ""daytype_mode"": ""skip_bot_short"", ""band_mult_long"": 0.75, ""vol_skip_pct"": 99.0, ""band_mult_short"": 1.25, ""skip_holidays"": false, ""stop_mode"": ""bandwidth"", ""flat_eod"": true, ""lookback"": 51, ""side"": ""Both"", ""daytype_hi"": 0.6, ""stop_k"": 1.25, ""exit_mode"": ""vwap""}"
305,NOISE,NOISE_1_0.py,NQ,5m,PASS,candidate,wf,2162,9.32,1.604,39.8,0.363,84.4,16485,581,estimate: optimize yrs x WF trade share,"{""daytype_lo"": 0.25, ""window"": ""all_day"", ""confirm_bars"": 4, ""daytype_mode"": ""skip_bot_short"", ""band_mult_long"": 0.75, ""vol_skip_pct"": 99.0, ""band_mult_short"": 1.25, ""skip_holidays"": false, ""stop_mode"": ""bandwidth"", ""flat_eod"": true, ""lookback"": 51, ""side"": ""Both"", ""daytype_hi"": 0.6, ""stop_k"": 1.25, ""exit_mode"": ""vwap""}"
305,NOISE,NOISE_1_0.py,NQ,5m,PASS,candidate,pre,3407,14.68,1.54,38.9,0.33,76.7,17310,581,optimize window,"{""daytype_lo"": 0.25, ""window"": ""all_day"", ""confirm_bars"": 4, ""daytype_mode"": ""skip_bot_short"", ""band_mult_long"": 0.75, ""vol_skip_pct"": 99.0, ""band_mult_short"": 1.25, ""skip_holidays"": false, ""stop_mode"": ""bandwidth"", ""flat_eod"": true, ""lookback"": 51, ""side"": ""Both"", ""daytype_hi"": 0.6, ""stop_k"": 1.25, ""exit_mode"": ""vwap""}"
305,NOISE,NOISE_1_0.py,NQ,5m,PASS,candidate,wf,2406,8.75,1.442,32.8,0.297,81.6,15376,556,estimate: optimize yrs x WF trade share,"{""daytype_lo"": 0.2, ""window"": ""all_day"", ""confirm_bars"": 4, ""daytype_mode"": ""skip_bot_short"", ""band_mult_long"": 0.5, ""vol_skip_pct"": 95.0, ""band_mult_short"": 0.75, ""skip_holidays"": false, ""stop_mode"": ""fixed"", ""flat_eod"": true, ""lookback"": 15, ""side"": ""Both"", ""daytype_hi"": 0.65, ""stop_k"": 1.25, ""exit_mode"": ""band""}"
305,NOISE,NOISE_1_0.py,NQ,5m,PASS,candidate,pre,4036,14.68,1.379,31.3,0.26,71.6,15614,556,optimize window,"{""daytype_lo"": 0.2, ""window"": ""all_day"", ""confirm_bars"": 4, ""daytype_mode"": ""skip_bot_short"", ""band_mult_long"": 0.5, ""vol_skip_pct"": 95.0, ""band_mult_short"": 0.75, ""skip_holidays"": false, ""stop_mode"": ""fixed"", ""flat_eod"": true, ""lookback"": 15, ""side"": ""Both"", ""daytype_hi"": 0.65, ""stop_k"": 1.25, ""exit_mode"": ""band""}"
305,NOISE,NOISE_1_0.py,NQ,5m,PASS,candidate,wf,996,9.4,1.549,42.3,0.317,33.6,8959,716,estimate: optimize yrs x WF trade share,"{""daytype_lo"": 0.25, ""window"": ""all_day"", ""confirm_bars"": 2, ""daytype_mode"": ""skip_bot_short"", ""band_mult_long"": 1.75, ""vol_skip_pct"": 99.0, ""band_mult_short"": 1.5, ""skip_holidays"": true, ""stop_mode"": ""atr"", ""flat_eod"": true, ""lookback"": 58, ""side"": ""Both"", ""daytype_hi"": 0.65, ""stop_k"": 0.5, ""exit_mode"": ""vwap""}"
305,NOISE,NOISE_1_0.py,NQ,5m,PASS,candidate,pre,1556,14.68,1.526,42.7,0.301,31.9,9950,716,optimize window,"{""daytype_lo"": 0.25, ""window"": ""all_day"", ""confirm_bars"": 2, ""daytype_mode"": ""skip_bot_short"", ""band_mult_long"": 1.75, ""vol_skip_pct"": 99.0, ""band_mult_short"": 1.5, ""skip_holidays"": true, ""stop_mode"": ""atr"", ""flat_eod"": true, ""lookback"": 58, ""side"": ""Both"", ""daytype_hi"": 0.65, ""stop_k"": 0.5, ""exit_mode"": ""vwap""}"
305,NOISE,NOISE_1_0.py,NQ,5m,PASS,candidate,wf,1338,9.28,1.618,38.4,0.381,54.9,12052,567,estimate: optimize yrs x WF trade share,"{""daytype_lo"": 0.15, ""window"": ""afternoon_block"", ""confirm_bars"": 1, ""daytype_mode"": ""skip_bot_short"", ""band_mult_long"": 1.0, ""vol_skip_pct"": 82.0, ""band_mult_short"": 1.5, ""skip_holidays"": true, ""stop_mode"": ""bandwidth"", ""flat_eod"": true, ""lookback"": 117, ""side"": ""Both"", ""daytype_hi"": 0.95, ""stop_k"": 0.75, ""exit_mode"": ""vwap""}"
305,NOISE,NOISE_1_0.py,NQ,5m,PASS,candidate,pre,2117,14.68,1.574,37.5,0.359,51.7,12877,567,optimize window,"{""daytype_lo"": 0.15, ""window"": ""afternoon_block"", ""confirm_bars"": 1, ""daytype_mode"": ""skip_bot_short"", ""band_mult_long"": 1.0, ""vol_skip_pct"": 82.0, ""band_mult_short"": 1.5, ""skip_holidays"": true, ""stop_mode"": ""bandwidth"", ""flat_eod"": true, ""lookback"": 117, ""side"": ""Both"", ""daytype_hi"": 0.95, ""stop_k"": 0.75, ""exit_mode"": ""vwap""}"
305,NOISE,NOISE_1_0.py,NQ,5m,PASS,candidate,wf,888,8.93,1.601,40.8,0.356,35.4,8694,701,estimate: optimize yrs x WF trade share,"{""daytype_lo"": 0.3, ""window"": ""afternoon_block"", ""confirm_bars"": 2, ""daytype_mode"": ""off"", ""band_mult_long"": 1.5, ""vol_skip_pct"": 80.0, ""band_mult_short"": 1.25, ""skip_holidays"": true, ""stop_mode"": ""off"", ""flat_eod"": false, ""lookback"": 76, ""side"": ""Both"", ""daytype_hi"": 0.95, ""stop_k"": 1.0, ""exit_mode"": ""vwap""}"
305,NOISE,NOISE_1_0.py,NQ,5m,PASS,candidate,pre,1459,14.68,1.538,39.5,0.325,32.3,9149,701,optimize window,"{""daytype_lo"": 0.3, ""window"": ""afternoon_block"", ""confirm_bars"": 2, ""daytype_mode"": ""off"", ""band_mult_long"": 1.5, ""vol_skip_pct"": 80.0, ""band_mult_short"": 1.25, ""skip_holidays"": true, ""stop_mode"": ""off"", ""flat_eod"": false, ""lookback"": 76, ""side"": ""Both"", ""daytype_hi"": 0.95, ""stop_k"": 1.0, ""exit_mode"": ""vwap""}"
305,NOISE,NOISE_1_0.py,NQ,5m,PASS,candidate,wf,1322,9.46,1.597,39.0,0.364,50.9,10991,605,estimate: optimize yrs x WF trade share,"{""daytype_lo"": 0.25, ""window"": ""all_day"", ""confirm_bars"": 2, ""daytype_mode"": ""skip_bot_all"", ""band_mult_long"": 1.5, ""vol_skip_pct"": 91.0, ""band_mult_short"": 1.0, ""skip_holidays"": false, ""stop_mode"": ""off"", ""flat_eod"": true, ""lookback"": 116, ""side"": ""Both"", ""daytype_hi"": 0.55, ""stop_k"": 3.75, ""exit_mode"": ""vwap""}"
305,NOISE,NOISE_1_0.py,NQ,5m,PASS,candidate,pre,2052,14.68,1.546,38.6,0.335,46.9,11733,605,optimize window,"{""daytype_lo"": 0.25, ""window"": ""all_day"", ""confirm_bars"": 2, ""daytype_mode"": ""skip_bot_all"", ""band_mult_long"": 1.5, ""vol_skip_pct"": 91.0, ""band_mult_short"": 1.0, ""skip_holidays"": false, ""stop_mode"": ""off"", ""flat_eod"": true, ""lookback"": 116, ""side"": ""Both"", ""daytype_hi"": 0.55, ""stop_k"": 3.75, ""exit_mode"": ""vwap""}"
305,NOISE,NOISE_1_0.py,NQ,5m,PASS,candidate,wf,983,9.44,1.633,41.0,0.373,38.9,9282,561,estimate: optimize yrs x WF trade share,"{""daytype_lo"": 0.3, ""window"": ""all_day"", ""confirm_bars"": 3, ""daytype_mode"": ""skip_bot_short"", ""band_mult_long"": 1.5, ""vol_skip_pct"": 92.0, ""band_mult_short"": 1.25, ""skip_holidays"": false, ""stop_mode"": ""atr"", ""flat_eod"": false, ""lookback"": 99, ""side"": ""Both"", ""daytype_hi"": 0.7, ""stop_k"": 3.25, ""exit_mode"": ""vwap""}"
305,NOISE,NOISE_1_0.py,NQ,5m,PASS,candidate,pre,1529,14.68,1.605,41.5,0.354,36.9,10319,561,optimize window,"{""daytype_lo"": 0.3, ""window"": ""all_day"", ""confirm_bars"": 3, ""daytype_mode"": ""skip_bot_short"", ""band_mult_long"": 1.5, ""vol_skip_pct"": 92.0, ""band_mult_short"": 1.25, ""skip_holidays"": false, ""stop_mode"": ""atr"", ""flat_eod"": false, ""lookback"": 99, ""side"": ""Both"", ""daytype_hi"": 0.7, ""stop_k"": 3.25, ""exit_mode"": ""vwap""}"
305,NOISE,NOISE_1_0.py,NQ,5m,PASS,candidate,wf,1309,9.27,1.651,29.6,0.458,64.7,10088,480,estimate: optimize yrs x WF trade share,"{""daytype_lo"": 0.2, ""window"": ""morning"", ""confirm_bars"": 2, ""daytype_mode"": ""skip_bot_all"", ""band_mult_long"": 0.75, ""vol_skip_pct"": 91.0, ""band_mult_short"": 1.25, ""skip_holidays"": false, ""stop_mode"": ""atr"", ""flat_eod"": false, ""lookback"": 95, ""side"": ""Both"", ""daytype_hi"": 0.65, ""stop_k"": 3.0, ""exit_mode"": ""band""}"
305,NOISE,NOISE_1_0.py,NQ,5m,PASS,candidate,pre,2074,14.68,1.62,28.1,0.446,63.0,11122,480,optimize window,"{""daytype_lo"": 0.2, ""window"": ""morning"", ""confirm_bars"": 2, ""daytype_mode"": ""skip_bot_all"", ""band_mult_long"": 0.75, ""vol_skip_pct"": 91.0, ""band_mult_short"": 1.25, ""skip_holidays"": false, ""stop_mode"": ""atr"", ""flat_eod"": false, ""lookback"": 95, ""side"": ""Both"", ""daytype_hi"": 0.65, ""stop_k"": 3.0, ""exit_mode"": ""band""}"
305,NOISE,NOISE_1_0.py,NQ,5m,PASS,candidate,wf,1358,9.06,1.326,39.1,0.199,29.8,7563,939,estimate: optimize yrs x WF trade share,"{""daytype_lo"": 0.35, ""window"": ""all_day"", ""confirm_bars"": 1, ""daytype_mode"": ""skip_top_long"", ""band_mult_long"": 1.5, ""vol_skip_pct"": 91.0, ""band_mult_short"": 1.25, ""skip_holidays"": true, ""stop_mode"": ""fixed"", ""flat_eod"": true, ""lookback"": 91, ""side"": ""Both"", ""daytype_hi"": 0.7, ""stop_k"": 3.25, ""exit_mode"": ""vwap""}"
305,NOISE,NOISE_1_0.py,NQ,5m,PASS,candidate,pre,2201,14.68,1.308,38.1,0.19,28.6,8279,939,optimize window,"{""daytype_lo"": 0.35, ""window"": ""all_day"", ""confirm_bars"": 1, ""daytype_mode"": ""skip_top_long"", ""band_mult_long"": 1.5, ""vol_skip_pct"": 91.0, ""band_mult_short"": 1.25, ""skip_holidays"": true, ""stop_mode"": ""fixed"", ""flat_eod"": true, ""lookback"": 91, ""side"": ""Both"", ""daytype_hi"": 0.7, ""stop_k"": 3.25, ""exit_mode"": ""vwap""}"
305,NOISE,NOISE_1_0.py,NQ,5m,PASS,candidate,wf,772,9.02,1.699,44.8,0.386,33.0,8987,625,estimate: optimize yrs x WF trade share,"{""daytype_lo"": 0.25, ""window"": ""afternoon_block"", ""confirm_bars"": 4, ""daytype_mode"": ""off"", ""band_mult_long"": 1.25, ""vol_skip_pct"": 88.0, ""band_mult_short"": 1.5, ""skip_holidays"": false, ""stop_mode"": ""atr"", ""flat_eod"": true, ""lookback"": 82, ""side"": ""Both"", ""daytype_hi"": 0.85, ""stop_k"": 3.5, ""exit_mode"": ""vwap""}"
305,NOISE,NOISE_1_0.py,NQ,5m,PASS,candidate,pre,1257,14.68,1.633,43.1,0.36,30.9,9567,625,optimize window,"{""daytype_lo"": 0.25, ""window"": ""afternoon_block"", ""confirm_bars"": 4, ""daytype_mode"": ""off"", ""band_mult_long"": 1.25, ""vol_skip_pct"": 88.0, ""band_mult_short"": 1.5, ""skip_holidays"": false, ""stop_mode"": ""atr"", ""flat_eod"": true, ""lookback"": 82, ""side"": ""Both"", ""daytype_hi"": 0.85, ""stop_k"": 3.5, ""exit_mode"": ""vwap""}"
306,NOISE,NOISE_1_0.py,NQ,5m,WEAK,champion,pre,2406,14.68,1.22,28.8,0.156,25.6,65427,10303,optimize window,"{""daytype_lo"": 0.25, ""window"": ""all_day"", ""confirm_bars"": 3, ""daytype_mode"": ""skip_top_long"", ""band_mult_long"": 0.5, ""vol_skip_pct"": 91.0, ""band_mult_short"": 1.5, ""skip_holidays"": true, ""stop_mode"": ""fixed"", ""flat_eod"": false, ""lookback"": 44, ""side"": ""Both"", ""daytype_hi"": 0.9, ""stop_k"": 3.5, ""exit_mode"": ""band""}"
306,NOISE,NOISE_1_0.py,NQ,5m,WEAK,candidate,wf,1358,9.06,1.326,39.1,0.199,29.8,7563,939,estimate: optimize yrs x WF trade share,"{""daytype_lo"": 0.35, ""window"": ""all_day"", ""confirm_bars"": 1, ""daytype_mode"": ""skip_top_long"", ""band_mult_long"": 1.5, ""vol_skip_pct"": 91.0, ""band_mult_short"": 1.25, ""skip_holidays"": true, ""stop_mode"": ""fixed"", ""flat_eod"": true, ""lookback"": 91, ""side"": ""Both"", ""daytype_hi"": 0.7, ""stop_k"": 3.25, ""exit_mode"": ""vwap""}"
306,NOISE,NOISE_1_0.py,NQ,5m,WEAK,candidate,pre,2201,14.68,1.308,38.1,0.19,28.6,8279,939,optimize window,"{""daytype_lo"": 0.35, ""window"": ""all_day"", ""confirm_bars"": 1, ""daytype_mode"": ""skip_top_long"", ""band_mult_long"": 1.5, ""vol_skip_pct"": 91.0, ""band_mult_short"": 1.25, ""skip_holidays"": true, ""stop_mode"": ""fixed"", ""flat_eod"": true, ""lookback"": 91, ""side"": ""Both"", ""daytype_hi"": 0.7, ""stop_k"": 3.25, ""exit_mode"": ""vwap""}"
306,NOISE,NOISE_1_0.py,NQ,5m,WEAK,candidate,wf,979,9.17,1.743,38.9,0.454,48.5,9880,787,estimate: optimize yrs x WF trade share,"{""daytype_lo"": 0.15, ""window"": ""morning"", ""confirm_bars"": 3, ""daytype_mode"": ""skip_top_long"", ""band_mult_long"": 0.5, ""vol_skip_pct"": 82.0, ""band_mult_short"": 1.5, ""skip_holidays"": true, ""stop_mode"": ""fixed"", ""flat_eod"": false, ""lookback"": 112, ""side"": ""Both"", ""daytype_hi"": 0.75, ""stop_k"": 4.0, ""exit_mode"": ""vwap""}"
306,NOISE,NOISE_1_0.py,NQ,5m,WEAK,candidate,pre,1567,14.68,1.658,37.7,0.41,43.7,10294,787,optimize window,"{""daytype_lo"": 0.15, ""window"": ""morning"", ""confirm_bars"": 3, ""daytype_mode"": ""skip_top_long"", ""band_mult_long"": 0.5, ""vol_skip_pct"": 82.0, ""band_mult_short"": 1.5, ""skip_holidays"": true, ""stop_mode"": ""fixed"", ""flat_eod"": false, ""lookback"": 112, ""side"": ""Both"", ""daytype_hi"": 0.75, ""stop_k"": 4.0, ""exit_mode"": ""vwap""}"
306,NOISE,NOISE_1_0.py,NQ,5m,WEAK,candidate,wf,1665,8.71,1.495,27.9,0.356,68.1,10171,789,estimate: optimize yrs x WF trade share,"{""daytype_lo"": 0.15, ""window"": ""all_day"", ""confirm_bars"": 2, ""daytype_mode"": ""skip_top_long"", ""band_mult_long"": 0.5, ""vol_skip_pct"": 83.0, ""band_mult_short"": 1.25, ""skip_holidays"": true, ""stop_mode"": ""fixed"", ""flat_eod"": true, ""lookback"": 72, ""side"": ""Both"", ""daytype_hi"": 0.6, ""stop_k"": 2.25, ""exit_mode"": ""band""}"
306,NOISE,NOISE_1_0.py,NQ,5m,WEAK,candidate,pre,2806,14.68,1.433,26.9,0.317,60.6,10506,789,optimize window,"{""daytype_lo"": 0.15, ""window"": ""all_day"", ""confirm_bars"": 2, ""daytype_mode"": ""skip_top_long"", ""band_mult_long"": 0.5, ""vol_skip_pct"": 83.0, ""band_mult_short"": 1.25, ""skip_holidays"": true, ""stop_mode"": ""fixed"", ""flat_eod"": true, ""lookback"": 72, ""side"": ""Both"", ""daytype_hi"": 0.6, ""stop_k"": 2.25, ""exit_mode"": ""band""}"
306,NOISE,NOISE_1_0.py,NQ,5m,WEAK,candidate,wf,2802,8.89,1.268,35.4,0.173,54.6,9854,987,estimate: optimize yrs x WF trade share,"{""daytype_lo"": 0.2, ""window"": ""all_day"", ""confirm_bars"": 1, ""daytype_mode"": ""skip_top_long"", ""band_mult_long"": 0.5, ""vol_skip_pct"": 85.0, ""band_mult_short"": 1.0, ""skip_holidays"": true, ""stop_mode"": ""fixed"", ""flat_eod"": true, ""lookback"": 57, ""side"": ""Both"", ""daytype_hi"": 0.7, ""stop_k"": 1.0, ""exit_mode"": ""vwap""}"
306,NOISE,NOISE_1_0.py,NQ,5m,WEAK,candidate,pre,4629,14.68,1.238,33.9,0.157,49.5,10222,987,optimize window,"{""daytype_lo"": 0.2, ""window"": ""all_day"", ""confirm_bars"": 1, ""daytype_mode"": ""skip_top_long"", ""band_mult_long"": 0.5, ""vol_skip_pct"": 85.0, ""band_mult_short"": 1.0, ""skip_holidays"": true, ""stop_mode"": ""fixed"", ""flat_eod"": true, ""lookback"": 57, ""side"": ""Both"", ""daytype_hi"": 0.7, ""stop_k"": 1.0, ""exit_mode"": ""vwap""}"
306,NOISE,NOISE_1_0.py,NQ,5m,WEAK,candidate,wf,1025,8.62,1.227,36.1,0.145,17.2,4310,1269,estimate: optimize yrs x WF trade share,"{""daytype_lo"": 0.25, ""window"": ""afternoon_block"", ""confirm_bars"": 1, ""daytype_mode"": ""skip_top_all"", ""band_mult_long"": 1.0, ""vol_skip_pct"": 94.0, ""band_mult_short"": 1.25, ""skip_holidays"": true, ""stop_mode"": ""fixed"", ""flat_eod"": true, ""lookback"": 111, ""side"": ""Both"", ""daytype_hi"": 0.65, ""stop_k"": 0.75, ""exit_mode"": ""vwap""}"
306,NOISE,NOISE_1_0.py,NQ,5m,WEAK,candidate,pre,1745,14.68,1.236,36.4,0.15,17.9,5206,1269,optimize window,"{""daytype_lo"": 0.25, ""window"": ""afternoon_block"", ""confirm_bars"": 1, ""daytype_mode"": ""skip_top_all"", ""band_mult_long"": 1.0, ""vol_skip_pct"": 94.0, ""band_mult_short"": 1.25, ""skip_holidays"": true, ""stop_mode"": ""fixed"", ""flat_eod"": true, ""lookback"": 111, ""side"": ""Both"", ""daytype_hi"": 0.65, ""stop_k"": 0.75, ""exit_mode"": ""vwap""}"
306,NOISE,NOISE_1_0.py,NQ,5m,WEAK,candidate,wf,1895,8.68,1.499,31.3,0.343,74.9,12170,780,estimate: optimize yrs x WF trade share,"{""daytype_lo"": 0.25, ""window"": ""all_day"", ""confirm_bars"": 3, ""daytype_mode"": ""skip_top_long"", ""band_mult_long"": 0.5, ""vol_skip_pct"": 91.0, ""band_mult_short"": 1.5, ""skip_holidays"": true, ""stop_mode"": ""fixed"", ""flat_eod"": false, ""lookback"": 44, ""side"": ""Both"", ""daytype_hi"": 0.9, ""stop_k"": 3.5, ""exit_mode"": ""band""}"
306,NOISE,NOISE_1_0.py,NQ,5m,WEAK,candidate,pre,3205,14.68,1.438,29.7,0.308,67.3,12716,780,optimize window,"{""daytype_lo"": 0.25, ""window"": ""all_day"", ""confirm_bars"": 3, ""daytype_mode"": ""skip_top_long"", ""band_mult_long"": 0.5, ""vol_skip_pct"": 91.0, ""band_mult_short"": 1.5, ""skip_holidays"": true, ""stop_mode"": ""fixed"", ""flat_eod"": false, ""lookback"": 44, ""side"": ""Both"", ""daytype_hi"": 0.9, ""stop_k"": 3.5, ""exit_mode"": ""band""}"
306,NOISE,NOISE_1_0.py,NQ,5m,WEAK,candidate,wf,627,8.75,1.628,41.3,0.369,26.4,6804,492,estimate: optimize yrs x WF trade share,"{""daytype_lo"": 0.35, ""window"": ""all_day"", ""confirm_bars"": 1, ""daytype_mode"": ""skip_top_long"", ""band_mult_long"": 2.25, ""vol_skip_pct"": 84.0, ""band_mult_short"": 1.75, ""skip_holidays"": true, ""stop_mode"": ""fixed"", ""flat_eod"": true, ""lookback"": 55, ""side"": ""Both"", ""daytype_hi"": 0.85, ""stop_k"": 1.5, ""exit_mode"": ""vwap""}"
306,NOISE,NOISE_1_0.py,NQ,5m,WEAK,candidate,pre,1052,14.68,1.541,40.5,0.322,23.0,6976,492,optimize window,"{""daytype_lo"": 0.35, ""window"": ""all_day"", ""confirm_bars"": 1, ""daytype_mode"": ""skip_top_long"", ""band_mult_long"": 2.25, ""vol_skip_pct"": 84.0, ""band_mult_short"": 1.75, ""skip_holidays"": true, ""stop_mode"": ""fixed"", ""flat_eod"": true, ""lookback"": 55, ""side"": ""Both"", ""daytype_hi"": 0.85, ""stop_k"": 1.5, ""exit_mode"": ""vwap""}"
306,NOISE,NOISE_1_0.py,NQ,5m,WEAK,candidate,wf,2744,8.76,1.254,23.5,0.194,60.8,7443,1061,estimate: optimize yrs x WF trade share,"{""daytype_lo"": 0.1, ""window"": ""all_day"", ""confirm_bars"": 1, ""daytype_mode"": ""skip_top_long"", ""band_mult_long"": 0.5, ""vol_skip_pct"": 98.0, ""band_mult_short"": 0.75, ""skip_holidays"": true, ""stop_mode"": ""off"", ""flat_eod"": true, ""lookback"": 67, ""side"": ""Long Only"", ""daytype_hi"": 0.95, ""stop_k"": 1.25, ""exit_mode"": ""band""}"
306,NOISE,NOISE_1_0.py,NQ,5m,WEAK,candidate,pre,4598,14.68,1.221,22.2,0.172,53.9,7606,1061,optimize window,"{""daytype_lo"": 0.1, ""window"": ""all_day"", ""confirm_bars"": 1, ""daytype_mode"": ""skip_top_long"", ""band_mult_long"": 0.5, ""vol_skip_pct"": 98.0, ""band_mult_short"": 0.75, ""skip_holidays"": true, ""stop_mode"": ""off"", ""flat_eod"": true, ""lookback"": 67, ""side"": ""Long Only"", ""daytype_hi"": 0.95, ""stop_k"": 1.25, ""exit_mode"": ""band""}"
306,NOISE,NOISE_1_0.py,NQ,5m,WEAK,candidate,wf,1114,8.99,1.553,34.3,0.363,45.0,7749,746,estimate: optimize yrs x WF trade share,"{""daytype_lo"": 0.35, ""window"": ""all_day"", ""confirm_bars"": 3, ""daytype_mode"": ""skip_top_long"", ""band_mult_long"": 0.75, ""vol_skip_pct"": 88.0, ""band_mult_short"": 2.25, ""skip_holidays"": true, ""stop_mode"": ""fixed"", ""flat_eod"": true, ""lookback"": 84, ""side"": ""Both"", ""daytype_hi"": 0.8, ""stop_k"": 3.25, ""exit_mode"": ""band""}"
306,NOISE,NOISE_1_0.py,NQ,5m,WEAK,candidate,pre,1819,14.68,1.51,32.5,0.345,42.7,8333,746,optimize window,"{""daytype_lo"": 0.35, ""window"": ""all_day"", ""confirm_bars"": 3, ""daytype_mode"": ""skip_top_long"", ""band_mult_long"": 0.75, ""vol_skip_pct"": 88.0, ""band_mult_short"": 2.25, ""skip_holidays"": true, ""stop_mode"": ""fixed"", ""flat_eod"": true, ""lookback"": 84, ""side"": ""Both"", ""daytype_hi"": 0.8, ""stop_k"": 3.25, ""exit_mode"": ""band""}"
306,NOISE,NOISE_1_0.py,NQ,5m,WEAK,candidate,wf,2867,9.41,1.29,16.0,0.244,74.3,6837,1098,estimate: optimize yrs x WF trade share,"{""daytype_lo"": 0.05, ""window"": ""morning"", ""confirm_bars"": 2, ""daytype_mode"": ""off"", ""band_mult_long"": 0.5, ""vol_skip_pct"": 98.0, ""band_mult_short"": 2.25, ""skip_holidays"": false, ""stop_mode"": ""atr"", ""flat_eod"": true, ""lookback"": 108, ""side"": ""Both"", ""daytype_hi"": 0.7, ""stop_k"": 2.5, ""exit_mode"": ""boundary""}"
306,NOISE,NOISE_1_0.py,NQ,5m,WEAK,candidate,pre,4474,14.68,1.258,15.1,0.219,66.9,7051,1098,optimize window,"{""daytype_lo"": 0.05, ""window"": ""morning"", ""confirm_bars"": 2, ""daytype_mode"": ""off"", ""band_mult_long"": 0.5, ""vol_skip_pct"": 98.0, ""band_mult_short"": 2.25, ""skip_holidays"": false, ""stop_mode"": ""atr"", ""flat_eod"": true, ""lookback"": 108, ""side"": ""Both"", ""daytype_hi"": 0.7, ""stop_k"": 2.5, ""exit_mode"": ""boundary""}"
307,NQDIP,NQDIP_1_0.py,NQ,5m,PASS,champion,pre,654,15.21,2.019,74.0,0.265,11.4,388627,44824,optimize window,"{""rsi_len"": 5, ""pb_hold"": 14, ""cap_mult"": 1.0, ""pb_ema"": 5, ""cost_pts_rt"": 0.783, ""trend_len"": 100, ""rsi_exit"": 9, ""cost_bps"": 2.0, ""notional"": 100000, ""use_pb"": true, ""cap_hold"": 5, ""use_rsi"": true, ""cap_q"": 0.3, ""rsi_thr"": 30, ""dbl_n"": 10, ""use_cap"": true, ""use_dbl"": true}"
307,NQDIP,NQDIP_1_0.py,NQ,5m,PASS,candidate,wf,704,9.39,2.098,74.6,0.279,20.9,453918,39092,estimate: optimize yrs x WF trade share,"{""rsi_len"": 2, ""pb_hold"": 12, ""cap_mult"": 1.25, ""pb_ema"": 5, ""cost_pts_rt"": 0.783, ""trend_len"": 200, ""rsi_exit"": 7, ""notional"": 100000, ""cost_bps"": 2.0, ""use_pb"": true, ""cap_hold"": 5, ""use_rsi"": true, ""cap_q"": 0.4, ""rsi_thr"": 30, ""dbl_n"": 5, ""use_cap"": true, ""use_dbl"": true}"
307,NQDIP,NQDIP_1_0.py,NQ,5m,PASS,candidate,pre,1141,15.21,1.875,72.0,0.245,18.4,573593,39092,optimize window,"{""rsi_len"": 2, ""pb_hold"": 12, ""cap_mult"": 1.25, ""pb_ema"": 5, ""cost_pts_rt"": 0.783, ""trend_len"": 200, ""rsi_exit"": 7, ""notional"": 100000, ""cost_bps"": 2.0, ""use_pb"": true, ""cap_hold"": 5, ""use_rsi"": true, ""cap_q"": 0.4, ""rsi_thr"": 30, ""dbl_n"": 5, ""use_cap"": true, ""use_dbl"": true}"
307,NQDIP,NQDIP_1_0.py,NQ,5m,PASS,candidate,wf,608,9.48,1.918,70.9,0.267,17.1,357987,38575,estimate: optimize yrs x WF trade share,"{""rsi_len"": 2, ""pb_hold"": 15, ""cap_mult"": 1.0, ""pb_ema"": 50, ""cost_pts_rt"": 0.783, ""trend_len"": 300, ""rsi_exit"": 8, ""notional"": 100000, ""cost_bps"": 2.0, ""use_pb"": true, ""cap_hold"": 6, ""use_rsi"": true, ""cap_q"": 0.3, ""rsi_thr"": 20, ""dbl_n"": 3, ""use_cap"": true, ""use_dbl"": true}"
307,NQDIP,NQDIP_1_0.py,NQ,5m,PASS,candidate,pre,976,15.21,1.902,69.6,0.275,17.6,522856,38575,optimize window,"{""rsi_len"": 2, ""pb_hold"": 15, ""cap_mult"": 1.0, ""pb_ema"": 50, ""cost_pts_rt"": 0.783, ""trend_len"": 300, ""rsi_exit"": 8, ""notional"": 100000, ""cost_bps"": 2.0, ""use_pb"": true, ""cap_hold"": 6, ""use_rsi"": true, ""cap_q"": 0.3, ""rsi_thr"": 20, ""dbl_n"": 3, ""use_cap"": true, ""use_dbl"": true}"
307,NQDIP,NQDIP_1_0.py,NQ,5m,PASS,candidate,wf,503,9.08,1.803,71.4,0.23,12.7,310685,42989,estimate: optimize yrs x WF trade share,"{""rsi_len"": 2, ""pb_hold"": 14, ""cap_mult"": 1.0, ""pb_ema"": 35, ""cost_pts_rt"": 0.783, ""trend_len"": 150, ""rsi_exit"": 8, ""notional"": 100000, ""cost_bps"": 2.0, ""use_pb"": true, ""cap_hold"": 4, ""use_rsi"": true, ""cap_q"": 0.4, ""rsi_thr"": 30, ""dbl_n"": 11, ""use_cap"": true, ""use_dbl"": true}"
307,NQDIP,NQDIP_1_0.py,NQ,5m,PASS,candidate,pre,843,15.21,1.82,70.6,0.241,13.4,474044,42989,optimize window,"{""rsi_len"": 2, ""pb_hold"": 14, ""cap_mult"": 1.0, ""pb_ema"": 35, ""cost_pts_rt"": 0.783, ""trend_len"": 150, ""rsi_exit"": 8, ""notional"": 100000, ""cost_bps"": 2.0, ""use_pb"": true, ""cap_hold"": 4, ""use_rsi"": true, ""cap_q"": 0.4, ""rsi_thr"": 30, ""dbl_n"": 11, ""use_cap"": true, ""use_dbl"": true}"
307,NQDIP,NQDIP_1_0.py,NQ,5m,PASS,candidate,wf,606,9.35,1.822,73.1,0.221,14.3,336377,45714,estimate: optimize yrs x WF trade share,"{""rsi_len"": 2, ""pb_hold"": 13, ""cap_mult"": 1.0, ""pb_ema"": 25, ""cost_pts_rt"": 0.783, ""trend_len"": 200, ""rsi_exit"": 10, ""notional"": 100000, ""cost_bps"": 2.0, ""use_pb"": true, ""cap_hold"": 5, ""use_rsi"": true, ""cap_q"": 0.25, ""rsi_thr"": 30, ""dbl_n"": 4, ""use_cap"": true, ""use_dbl"": true}"
307,NQDIP,NQDIP_1_0.py,NQ,5m,PASS,candidate,pre,986,15.21,1.818,70.7,0.24,15.5,497446,45714,optimize window,"{""rsi_len"": 2, ""pb_hold"": 13, ""cap_mult"": 1.0, ""pb_ema"": 25, ""cost_pts_rt"": 0.783, ""trend_len"": 200, ""rsi_exit"": 10, ""notional"": 100000, ""cost_bps"": 2.0, ""use_pb"": true, ""cap_hold"": 5, ""use_rsi"": true, ""cap_q"": 0.25, ""rsi_thr"": 30, ""dbl_n"": 4, ""use_cap"": true, ""use_dbl"": true}"
307,NQDIP,NQDIP_1_0.py,NQ,5m,PASS,candidate,wf,412,9.48,2.026,74.0,0.266,11.6,313642,41506,estimate: optimize yrs x WF trade share,"{""rsi_len"": 3, ""pb_hold"": 19, ""cap_mult"": 1.25, ""pb_ema"": 10, ""cost_pts_rt"": 0.783, ""trend_len"": 300, ""rsi_exit"": 7, ""notional"": 100000, ""cost_bps"": 2.0, ""use_pb"": true, ""cap_hold"": 4, ""use_rsi"": true, ""cap_q"": 0.4, ""rsi_thr"": 15, ""dbl_n"": 14, ""use_cap"": true, ""use_dbl"": true}"
307,NQDIP,NQDIP_1_0.py,NQ,5m,PASS,candidate,pre,661,15.21,2.072,73.5,0.284,12.3,472537,41506,optimize window,"{""rsi_len"": 3, ""pb_hold"": 19, ""cap_mult"": 1.25, ""pb_ema"": 10, ""cost_pts_rt"": 0.783, ""trend_len"": 300, ""rsi_exit"": 7, ""notional"": 100000, ""cost_bps"": 2.0, ""use_pb"": true, ""cap_hold"": 4, ""use_rsi"": true, ""cap_q"": 0.4, ""rsi_thr"": 15, ""dbl_n"": 14, ""use_cap"": true, ""use_dbl"": true}"
307,NQDIP,NQDIP_1_0.py,NQ,5m,PASS,candidate,wf,526,9.45,1.855,73.6,0.226,12.6,317322,44824,estimate: optimize yrs x WF trade share,"{""rsi_len"": 5, ""pb_hold"": 14, ""cap_mult"": 1.0, ""pb_ema"": 5, ""cost_pts_rt"": 0.783, ""trend_len"": 100, ""rsi_exit"": 9, ""notional"": 100000, ""cost_bps"": 2.0, ""use_pb"": true, ""cap_hold"": 5, ""use_rsi"": true, ""cap_q"": 0.3, ""rsi_thr"": 30, ""dbl_n"": 10, ""use_cap"": true, ""use_dbl"": true}"
307,NQDIP,NQDIP_1_0.py,NQ,5m,PASS,candidate,pre,847,15.21,1.811,72.3,0.225,12.5,456602,44824,optimize window,"{""rsi_len"": 5, ""pb_hold"": 14, ""cap_mult"": 1.0, ""pb_ema"": 5, ""cost_pts_rt"": 0.783, ""trend_len"": 100, ""rsi_exit"": 9, ""notional"": 100000, ""cost_bps"": 2.0, ""use_pb"": true, ""cap_hold"": 5, ""use_rsi"": true, ""cap_q"": 0.3, ""rsi_thr"": 30, ""dbl_n"": 10, ""use_cap"": true, ""use_dbl"": true}"
307,NQDIP,NQDIP_1_0.py,NQ,5m,PASS,candidate,wf,427,9.31,1.854,66.7,0.284,13.0,264437,34299,estimate: optimize yrs x WF trade share,"{""rsi_len"": 4, ""pb_hold"": 17, ""cap_mult"": 1.0, ""pb_ema"": 35, ""cost_pts_rt"": 0.783, ""trend_len"": 300, ""rsi_exit"": 8, ""notional"": 100000, ""cost_bps"": 2.0, ""use_pb"": true, ""cap_hold"": 2, ""use_rsi"": true, ""cap_q"": 0.3, ""rsi_thr"": 30, ""dbl_n"": 10, ""use_cap"": true, ""use_dbl"": true}"
307,NQDIP,NQDIP_1_0.py,NQ,5m,PASS,candidate,pre,698,15.21,1.913,68.1,0.292,13.4,425146,34299,optimize window,"{""rsi_len"": 4, ""pb_hold"": 17, ""cap_mult"": 1.0, ""pb_ema"": 35, ""cost_pts_rt"": 0.783, ""trend_len"": 300, ""rsi_exit"": 8, ""notional"": 100000, ""cost_bps"": 2.0, ""use_pb"": true, ""cap_hold"": 2, ""use_rsi"": true, ""cap_q"": 0.3, ""rsi_thr"": 30, ""dbl_n"": 10, ""use_cap"": true, ""use_dbl"": true}"
307,NQDIP,NQDIP_1_0.py,NQ,5m,PASS,candidate,wf,463,9.13,2.014,73.2,0.272,13.8,334374,38148,estimate: optimize yrs x WF trade share,"{""rsi_len"": 3, ""pb_hold"": 18, ""cap_mult"": 1.0, ""pb_ema"": 20, ""cost_pts_rt"": 0.783, ""trend_len"": 200, ""rsi_exit"": 10, ""notional"": 100000, ""cost_bps"": 2.0, ""use_pb"": true, ""cap_hold"": 4, ""use_rsi"": true, ""cap_q"": 0.2, ""rsi_thr"": 30, ""dbl_n"": 6, ""use_cap"": true, ""use_dbl"": true}"
307,NQDIP,NQDIP_1_0.py,NQ,5m,PASS,candidate,pre,771,15.21,1.924,72.2,0.256,13.0,473590,39743,optimize window,"{""rsi_len"": 3, ""pb_hold"": 18, ""cap_mult"": 1.0, ""pb_ema"": 20, ""cost_pts_rt"": 0.783, ""trend_len"": 200, ""rsi_exit"": 10, ""notional"": 100000, ""cost_bps"": 2.0, ""use_pb"": true, ""cap_hold"": 4, ""use_rsi"": true, ""cap_q"": 0.2, ""rsi_thr"": 30, ""dbl_n"": 6, ""use_cap"": true, ""use_dbl"": true}"
307,NQDIP,NQDIP_1_0.py,NQ,5m,PASS,candidate,wf,399,9.11,1.86,71.2,0.248,10.9,284957,38295,estimate: optimize yrs x WF trade share,"{""rsi_len"": 3, ""pb_hold"": 13, ""cap_mult"": 1.0, ""pb_ema"": 45, ""cost_pts_rt"": 0.783, ""trend_len"": 250, ""rsi_exit"": 9, ""notional"": 100000, ""cost_bps"": 2.0, ""use_pb"": true, ""cap_hold"": 6, ""use_rsi"": true, ""cap_q"": 0.25, ""rsi_thr"": 30, ""dbl_n"": 7, ""use_cap"": true, ""use_dbl"": true}"
307,NQDIP,NQDIP_1_0.py,NQ,5m,PASS,candidate,pre,666,15.21,1.891,71.3,0.256,11.2,452376,42246,optimize window,"{""rsi_len"": 3, ""pb_hold"": 13, ""cap_mult"": 1.0, ""pb_ema"": 45, ""cost_pts_rt"": 0.783, ""trend_len"": 250, ""rsi_exit"": 9, ""notional"": 100000, ""cost_bps"": 2.0, ""use_pb"": true, ""cap_hold"": 6, ""use_rsi"": true, ""cap_q"": 0.25, ""rsi_thr"": 30, ""dbl_n"": 7, ""use_cap"": true, ""use_dbl"": true}"
307,NQDIP,NQDIP_1_0.py,NQ,5m,PASS,candidate,wf,670,9.35,2.13,67.8,0.364,26.1,401449,45219,estimate: optimize yrs x WF trade share,"{""rsi_len"": 1, ""pb_hold"": 13, ""cap_mult"": 0.25, ""pb_ema"": 75, ""cost_pts_rt"": 0.783, ""trend_len"": 200, ""rsi_exit"": 7, ""notional"": 100000, ""cost_bps"": 2.0, ""use_pb"": true, ""cap_hold"": 5, ""use_rsi"": true, ""cap_q"": 0.15, ""rsi_thr"": 25, ""dbl_n"": 13, ""use_cap"": true, ""use_dbl"": true}"
307,NQDIP,NQDIP_1_0.py,NQ,5m,PASS,candidate,pre,1090,15.21,1.984,67.1,0.324,23.2,561465,45219,optimize window,"{""rsi_len"": 1, ""pb_hold"": 13, ""cap_mult"": 0.25, ""pb_ema"": 75, ""cost_pts_rt"": 0.783, ""trend_len"": 200, ""rsi_exit"": 7, ""notional"": 100000, ""cost_bps"": 2.0, ""use_pb"": true, ""cap_hold"": 5, ""use_rsi"": true, ""cap_q"": 0.15, ""rsi_thr"": 25, ""dbl_n"": 13, ""use_cap"": true, ""use_dbl"": true}"
308,NQDIP,NQDIP_1_0.py,QQQ,1d,FAIL,champion,pre,494,15.21,2.537,76.5,0.361,11.7,437093,40892,optimize window,"{""rsi_len"": 3, ""pb_hold"": 19, ""cap_mult"": 1.25, ""pb_ema"": 10, ""cost_pts_rt"": 0.783, ""trend_len"": 300, ""rsi_exit"": 7, ""cost_bps"": 2.0, ""notional"": 100000, ""use_pb"": true, ""cap_hold"": 4, ""use_rsi"": true, ""cap_q"": 0.4, ""rsi_thr"": 15, ""dbl_n"": 14, ""use_cap"": true, ""use_dbl"": true}"
309,ENGU-Q,ENGUQ_1M_ETH_ER_1_0.py,NQ,1m,PASS,champion,pre,1160,15.06,1.624,32.6,0.42,32.4,247231,13923,optimize window,"{""buf_atr"": 0.3, ""tl_len"": 206, ""trail_frac"": 2.5, ""ema_len"": 220, ""atr_len"": 52, ""act_R"": 1.5, ""breakeven_R"": 3.0, ""limit_atr"": 0.55, ""er_len"": 100, ""stop_mult"": 1.3, ""regime_len"": 10, ""min_brk"": 1.6, ""vol_mult"": 1.1, ""er_th"": 0.0}"
309,ENGU-Q,ENGUQ_1M_ETH_ER_1_0.py,NQ,1m,PASS,candidate,wf,996,9.32,1.566,14.9,0.482,51.5,15264,4312,estimate: optimize yrs x WF trade share,"{""buf_atr"": 0.35, ""tl_len"": 170, ""trail_frac"": 3.0, ""breakeven_R"": 0.5, ""atr_len"": 28, ""act_R"": 0.0, ""ema_len"": 260, ""limit_atr"": 0.1, ""er_len"": 80, ""stop_mult"": 2.0, ""regime_len"": 0, ""min_brk"": 2.0, ""vol_mult"": 0.1, ""er_th"": 0.2}"
309,ENGU-Q,ENGUQ_1M_ETH_ER_1_0.py,NQ,1m,PASS,candidate,pre,1609,15.06,1.584,15.6,0.493,52.7,17883,4312,optimize window,"{""buf_atr"": 0.35, ""tl_len"": 170, ""trail_frac"": 3.0, ""breakeven_R"": 0.5, ""atr_len"": 28, ""act_R"": 0.0, ""ema_len"": 260, ""limit_atr"": 0.1, ""er_len"": 80, ""stop_mult"": 2.0, ""regime_len"": 0, ""min_brk"": 2.0, ""vol_mult"": 0.1, ""er_th"": 0.2}"
309,ENGU-Q,ENGUQ_1M_ETH_ER_1_0.py,NQ,1m,PASS,candidate,wf,365,9.59,1.868,21.6,0.68,25.9,20490,4778,estimate: optimize yrs x WF trade share,"{""buf_atr"": 1.0, ""tl_len"": 234, ""trail_frac"": 4.0, ""breakeven_R"": 1.5, ""atr_len"": 68, ""act_R"": 0.5, ""ema_len"": 1340, ""limit_atr"": 0.8, ""er_len"": 100, ""stop_mult"": 1.7, ""regime_len"": 0, ""min_brk"": 2.6, ""vol_mult"": 0.1, ""er_th"": 0.05}"
309,ENGU-Q,ENGUQ_1M_ETH_ER_1_0.py,NQ,1m,PASS,candidate,pre,573,15.06,1.895,23.7,0.683,26.0,23613,4778,optimize window,"{""buf_atr"": 1.0, ""tl_len"": 234, ""trail_frac"": 4.0, ""breakeven_R"": 1.5, ""atr_len"": 68, ""act_R"": 0.5, ""ema_len"": 1340, ""limit_atr"": 0.8, ""er_len"": 100, ""stop_mult"": 1.7, ""regime_len"": 0, ""min_brk"": 2.6, ""vol_mult"": 0.1, ""er_th"": 0.05}"
309,ENGU-Q,ENGUQ_1M_ETH_ER_1_0.py,NQ,1m,PASS,candidate,wf,383,9.39,1.985,22.7,0.762,31.0,14830,2561,estimate: optimize yrs x WF trade share,"{""buf_atr"": 0.05, ""tl_len"": 266, ""trail_frac"": 4.0, ""breakeven_R"": 1.0, ""atr_len"": 20, ""act_R"": 1.5, ""ema_len"": 1140, ""limit_atr"": 0.8, ""er_len"": 40, ""stop_mult"": 1.6, ""regime_len"": 40, ""min_brk"": 2.5, ""vol_mult"": 0.5, ""er_th"": 0.35}"
309,ENGU-Q,ENGUQ_1M_ETH_ER_1_0.py,NQ,1m,PASS,candidate,pre,614,15.06,1.97,20.7,0.769,31.4,16571,2561,optimize window,"{""buf_atr"": 0.05, ""tl_len"": 266, ""trail_frac"": 4.0, ""breakeven_R"": 1.0, ""atr_len"": 20, ""act_R"": 1.5, ""ema_len"": 1140, ""limit_atr"": 0.8, ""er_len"": 40, ""stop_mult"": 1.6, ""regime_len"": 40, ""min_brk"": 2.5, ""vol_mult"": 0.5, ""er_th"": 0.35}"
309,ENGU-Q,ENGUQ_1M_ETH_ER_1_0.py,NQ,1m,PASS,candidate,wf,741,9.29,1.287,36.4,0.182,14.5,16156,4814,estimate: optimize yrs x WF trade share,"{""buf_atr"": 0.3, ""tl_len"": 238, ""trail_frac"": 3.0, ""breakeven_R"": 0.0, ""atr_len"": 56, ""act_R"": 0.5, ""ema_len"": 260, ""limit_atr"": 0.6, ""er_len"": 90, ""stop_mult"": 1.8, ""regime_len"": 0, ""min_brk"": 2.7, ""vol_mult"": 0.1, ""er_th"": 0.0}"
309,ENGU-Q,ENGUQ_1M_ETH_ER_1_0.py,NQ,1m,PASS,candidate,pre,1201,15.06,1.304,35.4,0.196,15.6,19271,4814,optimize window,"{""buf_atr"": 0.3, ""tl_len"": 238, ""trail_frac"": 3.0, ""breakeven_R"": 0.0, ""atr_len"": 56, ""act_R"": 0.5, ""ema_len"": 260, ""limit_atr"": 0.6, ""er_len"": 90, ""stop_mult"": 1.8, ""regime_len"": 0, ""min_brk"": 2.7, ""vol_mult"": 0.1, ""er_th"": 0.0}"
309,ENGU-Q,ENGUQ_1M_ETH_ER_1_0.py,NQ,1m,PASS,candidate,wf,632,9.96,1.558,14.9,0.475,30.2,15793,6523,estimate: optimize yrs x WF trade share,"{""buf_atr"": 0.55, ""tl_len"": 214, ""trail_frac"": 4.0, ""breakeven_R"": 1.0, ""atr_len"": 104, ""act_R"": 2.0, ""ema_len"": 740, ""limit_atr"": 0.35, ""er_len"": 90, ""stop_mult"": 1.2, ""regime_len"": 0, ""min_brk"": 1.8, ""vol_mult"": 1.0, ""er_th"": 0.1}"
309,ENGU-Q,ENGUQ_1M_ETH_ER_1_0.py,NQ,1m,PASS,candidate,pre,956,15.06,1.612,14.2,0.525,33.3,19057,6523,optimize window,"{""buf_atr"": 0.55, ""tl_len"": 214, ""trail_frac"": 4.0, ""breakeven_R"": 1.0, ""atr_len"": 104, ""act_R"": 2.0, ""ema_len"": 740, ""limit_atr"": 0.35, ""er_len"": 90, ""stop_mult"": 1.2, ""regime_len"": 0, ""min_brk"": 1.8, ""vol_mult"": 1.0, ""er_th"": 0.1}"
309,ENGU-Q,ENGUQ_1M_ETH_ER_1_0.py,NQ,1m,PASS,candidate,wf,446,9.86,1.817,31.4,0.56,25.3,21807,4061,estimate: optimize yrs x WF trade share,"{""buf_atr"": 0.95, ""tl_len"": 230, ""trail_frac"": 3.5, ""breakeven_R"": 2.0, ""atr_len"": 44, ""act_R"": 0.0, ""ema_len"": 1540, ""limit_atr"": 0.35, ""er_len"": 20, ""stop_mult"": 2.0, ""regime_len"": 5, ""min_brk"": 1.5, ""vol_mult"": 0.0, ""er_th"": 0.3}"
309,ENGU-Q,ENGUQ_1M_ETH_ER_1_0.py,NQ,1m,PASS,candidate,pre,681,15.06,1.817,31.4,0.56,25.3,24708,4061,optimize window,"{""buf_atr"": 0.95, ""tl_len"": 230, ""trail_frac"": 3.5, ""breakeven_R"": 2.0, ""atr_len"": 44, ""act_R"": 0.0, ""ema_len"": 1540, ""limit_atr"": 0.35, ""er_len"": 20, ""stop_mult"": 2.0, ""regime_len"": 5, ""min_brk"": 1.5, ""vol_mult"": 0.0, ""er_th"": 0.3}"
309,ENGU-Q,ENGUQ_1M_ETH_ER_1_0.py,NQ,1m,PASS,candidate,wf,1419,9.13,1.786,14.7,0.671,104.4,21116,4109,estimate: optimize yrs x WF trade share,"{""buf_atr"": 0.45, ""tl_len"": 206, ""trail_frac"": 3.0, ""breakeven_R"": 0.5, ""atr_len"": 52, ""act_R"": 1.5, ""ema_len"": 220, ""limit_atr"": 0.4, ""er_len"": 50, ""stop_mult"": 1.8, ""regime_len"": 5, ""min_brk"": 1.3, ""vol_mult"": 1.1, ""er_th"": 0.1}"
309,ENGU-Q,ENGUQ_1M_ETH_ER_1_0.py,NQ,1m,PASS,candidate,pre,2342,15.06,1.705,14.9,0.6,93.3,22457,4109,optimize window,"{""buf_atr"": 0.45, ""tl_len"": 206, ""trail_frac"": 3.0, ""breakeven_R"": 0.5, ""atr_len"": 52, ""act_R"": 1.5, ""ema_len"": 220, ""limit_atr"": 0.4, ""er_len"": 50, ""stop_mult"": 1.8, ""regime_len"": 5, ""min_brk"": 1.3, ""vol_mult"": 1.1, ""er_th"": 0.1}"
309,ENGU-Q,ENGUQ_1M_ETH_ER_1_0.py,NQ,1m,PASS,candidate,wf,434,9.45,1.646,29.5,0.455,20.9,19088,4888,estimate: optimize yrs x WF trade share,"{""buf_atr"": 0.6, ""tl_len"": 258, ""trail_frac"": 3.5, ""breakeven_R"": 3.0, ""atr_len"": 52, ""act_R"": 1.0, ""ema_len"": 180, ""limit_atr"": 0.8, ""er_len"": 50, ""stop_mult"": 1.7, ""regime_len"": 5, ""min_brk"": 1.5, ""vol_mult"": 1.0, ""er_th"": 0.0}"
309,ENGU-Q,ENGUQ_1M_ETH_ER_1_0.py,NQ,1m,PASS,candidate,pre,692,15.06,1.633,30.2,0.442,20.3,21412,4888,optimize window,"{""buf_atr"": 0.6, ""tl_len"": 258, ""trail_frac"": 3.5, ""breakeven_R"": 3.0, ""atr_len"": 52, ""act_R"": 1.0, ""ema_len"": 180, ""limit_atr"": 0.8, ""er_len"": 50, ""stop_mult"": 1.7, ""regime_len"": 5, ""min_brk"": 1.5, ""vol_mult"": 1.0, ""er_th"": 0.0}"
309,ENGU-Q,ENGUQ_1M_ETH_ER_1_0.py,NQ,1m,PASS,candidate,wf,895,8.96,1.715,36.8,0.452,45.2,23362,2220,estimate: optimize yrs x WF trade share,"{""buf_atr"": 0.3, ""tl_len"": 206, ""trail_frac"": 2.5, ""breakeven_R"": 3.0, ""atr_len"": 52, ""act_R"": 1.5, ""ema_len"": 220, ""limit_atr"": 0.55, ""er_len"": 100, ""stop_mult"": 1.3, ""regime_len"": 10, ""min_brk"": 1.6, ""vol_mult"": 1.1, ""er_th"": 0.0}"
309,ENGU-Q,ENGUQ_1M_ETH_ER_1_0.py,NQ,1m,PASS,candidate,pre,1505,15.06,1.656,33.6,0.436,43.5,25101,2220,optimize window,"{""buf_atr"": 0.3, ""tl_len"": 206, ""trail_frac"": 2.5, ""breakeven_R"": 3.0, ""atr_len"": 52, ""act_R"": 1.5, ""ema_len"": 220, ""limit_atr"": 0.55, ""er_len"": 100, ""stop_mult"": 1.3, ""regime_len"": 10, ""min_brk"": 1.6, ""vol_mult"": 1.1, ""er_th"": 0.0}"
309,ENGU-Q,ENGUQ_1M_ETH_ER_1_0.py,NQ,1m,PASS,candidate,wf,455,8.81,1.401,37.8,0.249,12.9,17181,5748,estimate: optimize yrs x WF trade share,"{""buf_atr"": -0.35, ""tl_len"": 206, ""trail_frac"": 3.5, ""breakeven_R"": 4.0, ""atr_len"": 96, ""act_R"": -1.5, ""ema_len"": 300, ""limit_atr"": 0.9, ""er_len"": 70, ""stop_mult"": 2.5, ""regime_len"": -45, ""min_brk"": -1.4, ""vol_mult"": 0.5, ""er_th"": -0.2}"
309,ENGU-Q,ENGUQ_1M_ETH_ER_1_0.py,NQ,1m,PASS,candidate,pre,778,15.06,1.415,37.3,0.261,13.5,20143,5748,optimize window,"{""buf_atr"": -0.35, ""tl_len"": 206, ""trail_frac"": 3.5, ""breakeven_R"": 4.0, ""atr_len"": 96, ""act_R"": -1.5, ""ema_len"": 300, ""limit_atr"": 0.9, ""er_len"": 70, ""stop_mult"": 2.5, ""regime_len"": -45, ""min_brk"": -1.4, ""vol_mult"": 0.5, ""er_th"": -0.2}"
310,ENGU-Q,ENGUQ_1M_ETH_LIM_1_0.py,NQ,1m,PASS,champion,pre,538,15.06,2.223,26.0,0.905,32.3,284145,27658,optimize window,"{""buf_atr"": 1.0, ""breakeven_R"": 1.5, ""ema_len"": 420, ""tl_len"": 238, ""vol_mult"": 0.8, ""stop_mult"": 1.7, ""trail_frac"": 4.0, ""regime_len"": 5, ""min_brk"": 0.4, ""limit_atr"": 0.7, ""atr_len"": 44, ""act_R"": 3.0}"
310,ENGU-Q,ENGUQ_1M_ETH_LIM_1_0.py,NQ,1m,PASS,candidate,wf,475,9.55,1.977,25.1,0.732,36.4,22915,3773,estimate: optimize yrs x WF trade share,"{""buf_atr"": 1.0, ""limit_atr"": 0.7, ""vol_mult"": 0.8, ""tl_len"": 238, ""breakeven_R"": 1.5, ""stop_mult"": 1.7, ""trail_frac"": 4.0, ""regime_len"": 5, ""min_brk"": 0.4, ""ema_len"": 420, ""atr_len"": 44, ""act_R"": 3.0}"
310,ENGU-Q,ENGUQ_1M_ETH_LIM_1_0.py,NQ,1m,PASS,candidate,pre,749,15.06,1.969,24.6,0.731,36.3,25907,3773,optimize window,"{""buf_atr"": 1.0, ""limit_atr"": 0.7, ""vol_mult"": 0.8, ""tl_len"": 238, ""breakeven_R"": 1.5, ""stop_mult"": 1.7, ""trail_frac"": 4.0, ""regime_len"": 5, ""min_brk"": 0.4, ""ema_len"": 420, ""atr_len"": 44, ""act_R"": 3.0}"
310,ENGU-Q,ENGUQ_1M_ETH_LIM_1_0.py,NQ,1m,PASS,candidate,wf,367,9.42,1.801,36.2,0.511,19.9,16863,3761,estimate: optimize yrs x WF trade share,"{""buf_atr"": 0.25, ""limit_atr"": 0.4, ""vol_mult"": 0.2, ""tl_len"": 226, ""breakeven_R"": 3.0, ""stop_mult"": 1.7, ""trail_frac"": 4.0, ""regime_len"": 45, ""min_brk"": 1.3, ""ema_len"": 540, ""atr_len"": 100, ""act_R"": 0.5}"
310,ENGU-Q,ENGUQ_1M_ETH_LIM_1_0.py,NQ,1m,PASS,candidate,pre,587,15.06,1.776,34.2,0.51,19.9,18680,3761,optimize window,"{""buf_atr"": 0.25, ""limit_atr"": 0.4, ""vol_mult"": 0.2, ""tl_len"": 226, ""breakeven_R"": 3.0, ""stop_mult"": 1.7, ""trail_frac"": 4.0, ""regime_len"": 45, ""min_brk"": 1.3, ""ema_len"": 540, ""atr_len"": 100, ""act_R"": 0.5}"
310,ENGU-Q,ENGUQ_1M_ETH_LIM_1_0.py,NQ,1m,PASS,candidate,wf,450,9.15,1.636,29.3,0.449,22.1,18654,5925,estimate: optimize yrs x WF trade share,"{""buf_atr"": 0.95, ""limit_atr"": 0.7, ""vol_mult"": 1.1, ""tl_len"": 218, ""breakeven_R"": 0.0, ""stop_mult"": 1.5, ""trail_frac"": 4.0, ""regime_len"": 5, ""min_brk"": 0.5, ""ema_len"": 340, ""atr_len"": 88, ""act_R"": 1.5}"
310,ENGU-Q,ENGUQ_1M_ETH_LIM_1_0.py,NQ,1m,PASS,candidate,pre,741,15.06,1.631,28.6,0.45,22.2,21076,5925,optimize window,"{""buf_atr"": 0.95, ""limit_atr"": 0.7, ""vol_mult"": 1.1, ""tl_len"": 218, ""breakeven_R"": 0.0, ""stop_mult"": 1.5, ""trail_frac"": 4.0, ""regime_len"": 5, ""min_brk"": 0.5, ""ema_len"": 340, ""atr_len"": 88, ""act_R"": 1.5}"
310,ENGU-Q,ENGUQ_1M_ETH_LIM_1_0.py,NQ,1m,PASS,candidate,wf,1183,9.3,1.282,32.5,0.19,24.2,17952,6261,estimate: optimize yrs x WF trade share,"{""buf_atr"": 0.5, ""limit_atr"": 0.35, ""vol_mult"": 1.0, ""tl_len"": 254, ""breakeven_R"": 1.5, ""stop_mult"": 1.5, ""trail_frac"": 2.5, ""regime_len"": 0, ""min_brk"": 2.7, ""ema_len"": 260, ""atr_len"": 144, ""act_R"": 1.5}"
310,ENGU-Q,ENGUQ_1M_ETH_LIM_1_0.py,NQ,1m,PASS,candidate,pre,1915,15.06,1.295,32.1,0.2,25.4,21221,6261,optimize window,"{""buf_atr"": 0.5, ""limit_atr"": 0.35, ""vol_mult"": 1.0, ""tl_len"": 254, ""breakeven_R"": 1.5, ""stop_mult"": 1.5, ""trail_frac"": 2.5, ""regime_len"": 0, ""min_brk"": 2.7, ""ema_len"": 260, ""atr_len"": 144, ""act_R"": 1.5}"
310,ENGU-Q,ENGUQ_1M_ETH_LIM_1_0.py,NQ,1m,PASS,candidate,wf,430,10.03,1.823,29.8,0.578,24.8,19025,3543,estimate: optimize yrs x WF trade share,"{""buf_atr"": 0.55, ""limit_atr"": 0.95, ""vol_mult"": 0.6, ""tl_len"": 278, ""breakeven_R"": 2.0, ""stop_mult"": 1.7, ""trail_frac"": 4.0, ""regime_len"": 10, ""min_brk"": 1.0, ""ema_len"": 580, ""atr_len"": 112, ""act_R"": 0.5}"
310,ENGU-Q,ENGUQ_1M_ETH_LIM_1_0.py,NQ,1m,PASS,candidate,pre,646,15.06,1.87,28.8,0.62,26.6,22329,3543,optimize window,"{""buf_atr"": 0.55, ""limit_atr"": 0.95, ""vol_mult"": 0.6, ""tl_len"": 278, ""breakeven_R"": 2.0, ""stop_mult"": 1.7, ""trail_frac"": 4.0, ""regime_len"": 10, ""min_brk"": 1.0, ""ema_len"": 580, ""atr_len"": 112, ""act_R"": 0.5}"
310,ENGU-Q,ENGUQ_1M_ETH_LIM_1_0.py,NQ,1m,PASS,candidate,wf,755,9.77,1.555,15.4,0.47,36.3,15829,6297,estimate: optimize yrs x WF trade share,"{""buf_atr"": 0.4, ""limit_atr"": 0.65, ""vol_mult"": 0.0, ""tl_len"": 274, ""breakeven_R"": 2.5, ""stop_mult"": 0.7, ""trail_frac"": 4.0, ""regime_len"": 0, ""min_brk"": 0.8, ""ema_len"": 1540, ""atr_len"": 84, ""act_R"": 3.0}"
310,ENGU-Q,ENGUQ_1M_ETH_LIM_1_0.py,NQ,1m,PASS,candidate,pre,1164,15.06,1.584,16.2,0.489,37.8,18712,6297,optimize window,"{""buf_atr"": 0.4, ""limit_atr"": 0.65, ""vol_mult"": 0.0, ""tl_len"": 274, ""breakeven_R"": 2.5, ""stop_mult"": 0.7, ""trail_frac"": 4.0, ""regime_len"": 0, ""min_brk"": 0.8, ""ema_len"": 1540, ""atr_len"": 84, ""act_R"": 3.0}"
310,ENGU-Q,ENGUQ_1M_ETH_LIM_1_0.py,NQ,1m,PASS,candidate,wf,425,9.65,1.656,28.5,0.469,20.6,18141,4920,estimate: optimize yrs x WF trade share,"{""buf_atr"": 0.45, ""limit_atr"": 0.3, ""vol_mult"": 1.2, ""tl_len"": 258, ""breakeven_R"": 2.5, ""stop_mult"": 1.6, ""trail_frac"": 4.0, ""regime_len"": 5, ""min_brk"": 2.5, ""ema_len"": 100, ""atr_len"": 88, ""act_R"": 0.5}"
310,ENGU-Q,ENGUQ_1M_ETH_LIM_1_0.py,NQ,1m,PASS,candidate,pre,663,15.06,1.65,28.5,0.465,20.5,20425,4920,optimize window,"{""buf_atr"": 0.45, ""limit_atr"": 0.3, ""vol_mult"": 1.2, ""tl_len"": 258, ""breakeven_R"": 2.5, ""stop_mult"": 1.6, ""trail_frac"": 4.0, ""regime_len"": 5, ""min_brk"": 2.5, ""ema_len"": 100, ""atr_len"": 88, ""act_R"": 0.5}"
310,ENGU-Q,ENGUQ_1M_ETH_LIM_1_0.py,NQ,1m,PASS,candidate,wf,550,9.75,1.573,22.4,0.445,25.1,16413,6093,estimate: optimize yrs x WF trade share,"{""buf_atr"": 0.1, ""limit_atr"": 1.0, ""vol_mult"": 1.6, ""tl_len"": 218, ""breakeven_R"": 1.5, ""stop_mult"": 1.8, ""trail_frac"": 4.0, ""regime_len"": 0, ""min_brk"": 0.1, ""ema_len"": 1260, ""atr_len"": 36, ""act_R"": 1.5}"
310,ENGU-Q,ENGUQ_1M_ETH_LIM_1_0.py,NQ,1m,PASS,candidate,pre,850,15.06,1.601,23.1,0.462,26.1,19178,6093,optimize window,"{""buf_atr"": 0.1, ""limit_atr"": 1.0, ""vol_mult"": 1.6, ""tl_len"": 218, ""breakeven_R"": 1.5, ""stop_mult"": 1.8, ""trail_frac"": 4.0, ""regime_len"": 0, ""min_brk"": 0.1, ""ema_len"": 1260, ""atr_len"": 36, ""act_R"": 1.5}"
310,ENGU-Q,ENGUQ_1M_ETH_LIM_1_0.py,NQ,1m,PASS,candidate,wf,289,9.8,1.851,27.7,0.615,18.1,20086,6013,estimate: optimize yrs x WF trade share,"{""buf_atr"": 0.3, ""limit_atr"": 0.85, ""vol_mult"": 0.1, ""tl_len"": 294, ""breakeven_R"": 3.0, ""stop_mult"": 1.6, ""trail_frac"": 4.0, ""regime_len"": 0, ""min_brk"": 0.2, ""ema_len"": 1540, ""atr_len"": 24, ""act_R"": 2.5}"
310,ENGU-Q,ENGUQ_1M_ETH_LIM_1_0.py,NQ,1m,PASS,candidate,pre,444,15.06,1.852,30.4,0.593,17.5,22690,6013,optimize window,"{""buf_atr"": 0.3, ""limit_atr"": 0.85, ""vol_mult"": 0.1, ""tl_len"": 294, ""breakeven_R"": 3.0, ""stop_mult"": 1.6, ""trail_frac"": 4.0, ""regime_len"": 0, ""min_brk"": 0.2, ""ema_len"": 1540, ""atr_len"": 24, ""act_R"": 2.5}"
310,ENGU-Q,ENGUQ_1M_ETH_LIM_1_0.py,NQ,1m,PASS,candidate,wf,2194,9.06,1.262,34.2,0.172,41.7,22608,4423,estimate: optimize yrs x WF trade share,"{""buf_atr"": -0.25, ""limit_atr"": 0.65, ""vol_mult"": 0.4, ""tl_len"": 126, ""breakeven_R"": 3.0, ""stop_mult"": 2.3, ""trail_frac"": 4.0, ""regime_len"": -35, ""min_brk"": -0.3, ""ema_len"": -600, ""atr_len"": 120, ""act_R"": 2.0}"
310,ENGU-Q,ENGUQ_1M_ETH_LIM_1_0.py,NQ,1m,PASS,candidate,pre,3646,15.06,1.254,33.0,0.17,41.2,25232,4423,optimize window,"{""buf_atr"": -0.25, ""limit_atr"": 0.65, ""vol_mult"": 0.4, ""tl_len"": 126, ""breakeven_R"": 3.0, ""stop_mult"": 2.3, ""trail_frac"": 4.0, ""regime_len"": -35, ""min_brk"": -0.3, ""ema_len"": -600, ""atr_len"": 120, ""act_R"": 2.0}"
311,BOOK,BOOK: ORB234 + ENGUQ-ETH226 + NQDIP307,,,PASS,champion,pre,5902,16.06,1.379,40.7,0.225,82.5,1037330,114107,optimize window,"{""book"": [""ORB_3_6_C2.py"", ""ENGUQ_1M_ETH_FROZEN_1_0.py"", ""NQDIP_1_0.py""]}"
312,BOOK,BOOK: ENGUQ-ETH NQ226 + ENGUQ-ETH ES(WEAK),,,PASS,champion,pre,3418,16.06,1.301,24.4,0.227,48.4,460124,109623,optimize window,"{""book"": [""ENGUQ_1M_ETH_FROZEN_1_0.py"", ""ENGUQ_1M_ETH_1_0.py""]}"
