rank,n,net,pf,dd,mar,win,evr,ryr,tpy,sh,so,avl,folds8,secs,params
1,5548,146392,1.325,16345,8.96,14.3,0.279,102.6,368.5,0.93,3.17,95,7,2,"{'lookback': 24, 'band_mult_long': 0.75, 'band_mult_short': 1.5, 'exit_mode': 'boundary', 'side': 'Both', 'window': 'morning', 'flat_eod': True, 'skip_holidays': True, 'stop_mode': 'bandwidth', 'confirm_bars': 1, 'daytype_mode': 'off', 'daytype_lo': 0.25, 'daytype_hi': 0.7, 'vol_skip_pct': 82.0, 'stop_k': 1.0}"
2,3155,188125,1.534,14043,13.4,21.4,0.42,88.0,209.5,1.23,3.47,142,7,5,"{'lookback': 46, 'band_mult_long': 0.75, 'band_mult_short': 1.5, 'exit_mode': 'boundary', 'side': 'Both', 'window': 'all_day', 'flat_eod': True, 'skip_holidays': True, 'stop_mode': 'atr', 'confirm_bars': 4, 'daytype_mode': 'skip_top_long', 'daytype_lo': 0.25, 'daytype_hi': 0.85, 'vol_skip_pct': 78.0, 'stop_k': 3.5}"
3,2721,95557,1.555,7211,13.25,14.1,0.476,86.1,180.7,0.96,3.78,74,6,2,"{'lookback': 117, 'band_mult_long': 0.75, 'band_mult_short': 2.25, 'exit_mode': 'boundary', 'side': 'Long Only', 'window': 'afternoon_block', 'flat_eod': True, 'skip_holidays': True, 'stop_mode': 'fixed', 'confirm_bars': 1, 'daytype_mode': 'skip_top_long', 'daytype_lo': 0.35, 'daytype_hi': 0.95, 'vol_skip_pct': 56.0, 'stop_k': 2.75}"
4,4419,146543,1.343,18444,7.95,15.2,0.291,85.4,293.5,1.0,2.98,114,7,3,"{'lookback': 9, 'band_mult_long': 0.5, 'band_mult_short': 2.0, 'exit_mode': 'boundary', 'side': 'Long Only', 'window': 'afternoon_block', 'flat_eod': True, 'skip_holidays': False, 'stop_mode': 'off', 'confirm_bars': 2, 'daytype_mode': 'off', 'daytype_lo': 0.1, 'daytype_hi': 0.7, 'vol_skip_pct': 78.0, 'stop_k': 2.75}"
5,4844,125123,1.303,17002,7.36,16.1,0.254,81.7,321.7,0.81,2.7,102,5,5,"{'lookback': 16, 'band_mult_long': 1.25, 'band_mult_short': 0.75, 'exit_mode': 'boundary', 'side': 'Both', 'window': 'all_day', 'flat_eod': True, 'skip_holidays': True, 'stop_mode': 'off', 'confirm_bars': 2, 'daytype_mode': 'skip_bot_short', 'daytype_lo': 0.25, 'daytype_hi': 0.75, 'vol_skip_pct': 63.0, 'stop_k': 1.5}"
6,2660,79525,1.518,10286,7.73,15.8,0.436,77.0,176.7,0.92,3.36,69,7,2,"{'lookback': 85, 'band_mult_long': 1.25, 'band_mult_short': 1.0, 'exit_mode': 'boundary', 'side': 'Long Only', 'window': 'afternoon_block', 'flat_eod': False, 'skip_holidays': False, 'stop_mode': 'fixed', 'confirm_bars': 1, 'daytype_mode': 'off', 'daytype_lo': 0.3, 'daytype_hi': 0.6, 'vol_skip_pct': 77.0, 'stop_k': 3.25}"
7,3843,121488,1.344,13239,9.18,17.1,0.285,72.7,255.2,0.87,2.83,111,7,6,"{'lookback': 47, 'band_mult_long': 1.25, 'band_mult_short': 1.5, 'exit_mode': 'boundary', 'side': 'Both', 'window': 'afternoon_block', 'flat_eod': True, 'skip_holidays': False, 'stop_mode': 'bandwidth', 'confirm_bars': 2, 'daytype_mode': 'off', 'daytype_lo': 0.3, 'daytype_hi': 0.8, 'vol_skip_pct': 83.0, 'stop_k': 0.5}"
8,4251,175183,1.32,16381,10.69,19.9,0.256,72.3,282.3,0.95,2.58,161,7,6,"{'lookback': 80, 'band_mult_long': 1.25, 'band_mult_short': 1.0, 'exit_mode': 'boundary', 'side': 'Both', 'window': 'all_day', 'flat_eod': True, 'skip_holidays': True, 'stop_mode': 'fixed', 'confirm_bars': 4, 'daytype_mode': 'off', 'daytype_lo': 0.35, 'daytype_hi': 0.6, 'vol_skip_pct': 93.0, 'stop_k': 3.0}"
9,3754,168259,1.355,18605,9.04,19.2,0.287,71.5,249.3,0.95,2.59,156,5,8,"{'lookback': 108, 'band_mult_long': 0.75, 'band_mult_short': 0.5, 'exit_mode': 'boundary', 'side': 'Both', 'window': 'all_day', 'flat_eod': True, 'skip_holidays': True, 'stop_mode': 'off', 'confirm_bars': 4, 'daytype_mode': 'skip_top_long', 'daytype_lo': 0.25, 'daytype_hi': 0.9, 'vol_skip_pct': 62.0, 'stop_k': 0.75}"
10,6140,82447,1.194,29384,2.81,11.4,0.172,70.3,407.8,0.54,1.94,78,3,2,"{'lookback': 98, 'band_mult_long': 0.75, 'band_mult_short': 0.5, 'exit_mode': 'boundary', 'side': 'Both', 'window': 'all_day', 'flat_eod': True, 'skip_holidays': True, 'stop_mode': 'off', 'confirm_bars': 1, 'daytype_mode': 'skip_bot_all', 'daytype_lo': 0.25, 'daytype_hi': 0.85, 'vol_skip_pct': 49.0, 'stop_k': 1.25}"
11,3392,155560,1.365,22878,6.8,15.4,0.309,69.6,225.3,0.93,2.72,148,5,7,"{'lookback': 73, 'band_mult_long': 0.5, 'band_mult_short': 0.5, 'exit_mode': 'boundary', 'side': 'Both', 'window': 'afternoon_block', 'flat_eod': False, 'skip_holidays': True, 'stop_mode': 'atr', 'confirm_bars': 3, 'daytype_mode': 'skip_top_all', 'daytype_lo': 0.4, 'daytype_hi': 0.75, 'vol_skip_pct': 71.0, 'stop_k': 1.25}"
12,6138,94993,1.193,16232,5.85,13.8,0.167,67.9,407.7,0.65,1.96,93,6,2,"{'lookback': 27, 'band_mult_long': 0.75, 'band_mult_short': 2.0, 'exit_mode': 'boundary', 'side': 'Both', 'window': 'afternoon_block', 'flat_eod': False, 'skip_holidays': False, 'stop_mode': 'off', 'confirm_bars': 1, 'daytype_mode': 'skip_top_all', 'daytype_lo': 0.35, 'daytype_hi': 0.85, 'vol_skip_pct': 94.0, 'stop_k': 2.75}"
13,2073,139384,1.618,13925,10.01,22.4,0.48,66.1,137.7,1.18,3.5,140,8,5,"{'lookback': 47, 'band_mult_long': 1.0, 'band_mult_short': 1.75, 'exit_mode': 'boundary', 'side': 'Both', 'window': 'afternoon_block', 'flat_eod': True, 'skip_holidays': True, 'stop_mode': 'fixed', 'confirm_bars': 4, 'daytype_mode': 'skip_bot_all', 'daytype_lo': 0.05, 'daytype_hi': 0.6, 'vol_skip_pct': 74.0, 'stop_k': 0.75}"
14,2013,100001,1.553,8329,12.01,20.3,0.441,59.0,133.7,1.01,3.18,113,6,4,"{'lookback': 46, 'band_mult_long': 0.75, 'band_mult_short': 2.0, 'exit_mode': 'boundary', 'side': 'Long Only', 'window': 'all_day', 'flat_eod': False, 'skip_holidays': True, 'stop_mode': 'bandwidth', 'confirm_bars': 3, 'daytype_mode': 'skip_bot_short', 'daytype_lo': 0.25, 'daytype_hi': 0.65, 'vol_skip_pct': 53.0, 'stop_k': 1.0}"
15,2844,97582,1.35,20212,4.83,12.7,0.306,57.8,188.9,0.65,2.49,112,6,2,"{'lookback': 68, 'band_mult_long': 2.25, 'band_mult_short': 1.0, 'exit_mode': 'boundary', 'side': 'Short Only', 'window': 'morning', 'flat_eod': True, 'skip_holidays': True, 'stop_mode': 'bandwidth', 'confirm_bars': 1, 'daytype_mode': 'skip_top_long', 'daytype_lo': 0.15, 'daytype_hi': 0.75, 'vol_skip_pct': 88.0, 'stop_k': 3.25}"
16,3523,139625,1.288,24200,5.77,14.5,0.246,57.5,234.0,0.72,2.2,161,4,5,"{'lookback': 105, 'band_mult_long': 0.75, 'band_mult_short': 0.5, 'exit_mode': 'boundary', 'side': 'Short Only', 'window': 'all_day', 'flat_eod': True, 'skip_holidays': True, 'stop_mode': 'fixed', 'confirm_bars': 3, 'daytype_mode': 'skip_top_long', 'daytype_lo': 0.35, 'daytype_hi': 0.65, 'vol_skip_pct': 82.0, 'stop_k': 2.5}"
17,4062,158176,1.25,18646,8.48,16.9,0.208,56.1,269.8,0.77,2.13,187,8,6,"{'lookback': 32, 'band_mult_long': 0.75, 'band_mult_short': 0.5, 'exit_mode': 'boundary', 'side': 'Both', 'window': 'morning', 'flat_eod': False, 'skip_holidays': True, 'stop_mode': 'bandwidth', 'confirm_bars': 3, 'daytype_mode': 'skip_top_all', 'daytype_lo': 0.2, 'daytype_hi': 0.9, 'vol_skip_pct': 95.0, 'stop_k': 3.25}"
18,2769,99890,1.369,9234,10.82,18.3,0.302,55.5,183.9,0.86,2.45,120,6,4,"{'lookback': 32, 'band_mult_long': 0.5, 'band_mult_short': 1.0, 'exit_mode': 'boundary', 'side': 'Long Only', 'window': 'all_day', 'flat_eod': False, 'skip_holidays': True, 'stop_mode': 'atr', 'confirm_bars': 3, 'daytype_mode': 'skip_top_long', 'daytype_lo': 0.05, 'daytype_hi': 0.95, 'vol_skip_pct': 58.0, 'stop_k': 3.75}"
19,2786,72972,1.348,12456,5.86,14.9,0.296,54.7,185.0,0.69,2.34,89,7,3,"{'lookback': 61, 'band_mult_long': 0.75, 'band_mult_short': 1.75, 'exit_mode': 'boundary', 'side': 'Both', 'window': 'morning', 'flat_eod': True, 'skip_holidays': True, 'stop_mode': 'atr', 'confirm_bars': 1, 'daytype_mode': 'skip_top_all', 'daytype_lo': 0.1, 'daytype_hi': 0.95, 'vol_skip_pct': 54.0, 'stop_k': 1.25}"
20,3397,83388,1.27,17394,4.79,10.5,0.241,54.4,225.6,0.55,2.14,102,5,2,"{'lookback': 86, 'band_mult_long': 2.5, 'band_mult_short': 0.75, 'exit_mode': 'boundary', 'side': 'Short Only', 'window': 'afternoon_block', 'flat_eod': True, 'skip_holidays': False, 'stop_mode': 'bandwidth', 'confirm_bars': 1, 'daytype_mode': 'skip_bot_all', 'daytype_lo': 0.35, 'daytype_hi': 0.7, 'vol_skip_pct': 90.0, 'stop_k': 3.25}"
21,3026,305758,1.433,15807,19.34,38.0,0.268,53.9,201.0,1.34,2.9,377,8,3,"{'lookback': 62, 'band_mult_long': 1.0, 'band_mult_short': 1.75, 'exit_mode': 'vwap', 'side': 'Both', 'window': 'all_day', 'flat_eod': False, 'skip_holidays': False, 'stop_mode': 'fixed', 'confirm_bars': 1, 'daytype_mode': 'skip_bot_all', 'daytype_lo': 0.05, 'daytype_hi': 0.95, 'vol_skip_pct': 95.0, 'stop_k': 3.75}"
22,2902,132077,1.316,23882,5.53,12.5,0.276,53.3,192.7,0.71,2.32,165,5,4,"{'lookback': 84, 'band_mult_long': 2.25, 'band_mult_short': 0.5, 'exit_mode': 'boundary', 'side': 'Short Only', 'window': 'morning', 'flat_eod': True, 'skip_holidays': False, 'stop_mode': 'off', 'confirm_bars': 2, 'daytype_mode': 'off', 'daytype_lo': 0.15, 'daytype_hi': 0.6, 'vol_skip_pct': 88.0, 'stop_k': 1.5}"
23,4192,213763,1.263,36450,5.86,28.3,0.188,52.4,278.4,0.81,2.1,271,6,7,"{'lookback': 31, 'band_mult_long': 1.0, 'band_mult_short': 1.5, 'exit_mode': 'band', 'side': 'Both', 'window': 'all_day', 'flat_eod': True, 'skip_holidays': True, 'stop_mode': 'fixed', 'confirm_bars': 2, 'daytype_mode': 'off', 'daytype_lo': 0.45, 'daytype_hi': 0.75, 'vol_skip_pct': 0.0, 'stop_k': 0.75}"
24,5408,139484,1.173,27227,5.12,17.1,0.143,51.5,359.2,0.53,1.68,180,7,5,"{'lookback': 38, 'band_mult_long': 0.5, 'band_mult_short': 1.25, 'exit_mode': 'boundary', 'side': 'Both', 'window': 'all_day', 'flat_eod': True, 'skip_holidays': True, 'stop_mode': 'bandwidth', 'confirm_bars': 3, 'daytype_mode': 'skip_top_long', 'daytype_lo': 0.45, 'daytype_hi': 0.55, 'vol_skip_pct': 0.0, 'stop_k': 1.0}"
25,2485,80466,1.356,10149,7.93,14.2,0.305,50.4,165.0,0.73,2.34,106,7,5,"{'lookback': 29, 'band_mult_long': 0.5, 'band_mult_short': 0.5, 'exit_mode': 'boundary', 'side': 'Long Only', 'window': 'afternoon_block', 'flat_eod': True, 'skip_holidays': True, 'stop_mode': 'off', 'confirm_bars': 2, 'daytype_mode': 'skip_top_long', 'daytype_lo': 0.4, 'daytype_hi': 0.95, 'vol_skip_pct': 51.0, 'stop_k': 0.25}"
26,1958,202879,1.564,12737,15.93,31.5,0.386,50.2,130.0,1.31,3.36,268,8,6,"{'lookback': 74, 'band_mult_long': 1.0, 'band_mult_short': 1.75, 'exit_mode': 'band', 'side': 'Both', 'window': 'afternoon_block', 'flat_eod': False, 'skip_holidays': False, 'stop_mode': 'atr', 'confirm_bars': 3, 'daytype_mode': 'skip_bot_short', 'daytype_lo': 0.1, 'daytype_hi': 0.95, 'vol_skip_pct': 93.0, 'stop_k': 0.75}"
27,2351,158877,1.44,9569,16.6,27.4,0.319,49.9,156.1,1.08,2.84,212,6,4,"{'lookback': 108, 'band_mult_long': 0.5, 'band_mult_short': 1.75, 'exit_mode': 'band', 'side': 'Both', 'window': 'all_day', 'flat_eod': True, 'skip_holidays': False, 'stop_mode': 'bandwidth', 'confirm_bars': 2, 'daytype_mode': 'skip_bot_all', 'daytype_lo': 0.05, 'daytype_hi': 0.9, 'vol_skip_pct': 54.0, 'stop_k': 4.0}"
28,3113,108035,1.277,17029,6.34,14.3,0.237,49.1,206.8,0.62,2.04,146,5,5,"{'lookback': 49, 'band_mult_long': 2.25, 'band_mult_short': 0.75, 'exit_mode': 'boundary', 'side': 'Short Only', 'window': 'all_day', 'flat_eod': True, 'skip_holidays': True, 'stop_mode': 'off', 'confirm_bars': 2, 'daytype_mode': 'skip_bot_short', 'daytype_lo': 0.4, 'daytype_hi': 0.55, 'vol_skip_pct': 0.0, 'stop_k': 1.5}"
29,2714,119522,1.305,22800,5.24,12.9,0.266,47.9,180.3,0.66,2.15,166,6,4,"{'lookback': 28, 'band_mult_long': 2.25, 'band_mult_short': 0.5, 'exit_mode': 'boundary', 'side': 'Short Only', 'window': 'morning', 'flat_eod': True, 'skip_holidays': False, 'stop_mode': 'fixed', 'confirm_bars': 2, 'daytype_mode': 'skip_bot_all', 'daytype_lo': 0.25, 'daytype_hi': 0.9, 'vol_skip_pct': 98.0, 'stop_k': 3.75}"
30,2986,102078,1.283,11218,9.1,14.9,0.241,47.8,198.3,0.63,2.11,142,6,4,"{'lookback': 88, 'band_mult_long': 2.0, 'band_mult_short': 1.25, 'exit_mode': 'boundary', 'side': 'Short Only', 'window': 'all_day', 'flat_eod': False, 'skip_holidays': True, 'stop_mode': 'off', 'confirm_bars': 2, 'daytype_mode': 'off', 'daytype_lo': 0.3, 'daytype_hi': 0.95, 'vol_skip_pct': 94.0, 'stop_k': 2.25}"
31,1959,83055,1.437,7441,11.16,19.0,0.354,46.0,130.1,0.76,2.38,120,6,4,"{'lookback': 117, 'band_mult_long': 1.5, 'band_mult_short': 1.5, 'exit_mode': 'boundary', 'side': 'Both', 'window': 'all_day', 'flat_eod': True, 'skip_holidays': False, 'stop_mode': 'atr', 'confirm_bars': 3, 'daytype_mode': 'skip_top_long', 'daytype_lo': 0.2, 'daytype_hi': 0.85, 'vol_skip_pct': 67.0, 'stop_k': 1.75}"
32,1811,108740,1.528,9673,11.24,27.8,0.382,45.9,120.3,1.01,2.78,157,7,1,"{'lookback': 13, 'band_mult_long': 1.0, 'band_mult_short': 0.75, 'exit_mode': 'band', 'side': 'Long Only', 'window': 'afternoon_block', 'flat_eod': True, 'skip_holidays': False, 'stop_mode': 'off', 'confirm_bars': 1, 'daytype_mode': 'skip_bot_short', 'daytype_lo': 0.4, 'daytype_hi': 0.85, 'vol_skip_pct': 62.0, 'stop_k': 2.25}"
33,1456,78413,1.587,9301,8.43,20.2,0.469,45.3,96.7,0.9,2.68,115,8,5,"{'lookback': 55, 'band_mult_long': 1.0, 'band_mult_short': 1.25, 'exit_mode': 'boundary', 'side': 'Long Only', 'window': 'afternoon_block', 'flat_eod': False, 'skip_holidays': False, 'stop_mode': 'off', 'confirm_bars': 3, 'daytype_mode': 'skip_top_all', 'daytype_lo': 0.15, 'daytype_hi': 0.9, 'vol_skip_pct': 70.0, 'stop_k': 1.75}"
34,2739,92084,1.295,16648,5.53,17.5,0.243,44.2,181.9,0.66,1.96,138,8,5,"{'lookback': 97, 'band_mult_long': 1.5, 'band_mult_short': 0.75, 'exit_mode': 'boundary', 'side': 'Both', 'window': 'afternoon_block', 'flat_eod': True, 'skip_holidays': True, 'stop_mode': 'atr', 'confirm_bars': 3, 'daytype_mode': 'skip_bot_short', 'daytype_lo': 0.45, 'daytype_hi': 0.55, 'vol_skip_pct': 88.0, 'stop_k': 3.25}"
35,2489,86853,1.314,14488,5.99,15.2,0.266,44.0,165.3,0.6,2.05,131,6,5,"{'lookback': 41, 'band_mult_long': 2.25, 'band_mult_short': 1.25, 'exit_mode': 'boundary', 'side': 'Short Only', 'window': 'all_day', 'flat_eod': False, 'skip_holidays': True, 'stop_mode': 'fixed', 'confirm_bars': 2, 'daytype_mode': 'off', 'daytype_lo': 0.35, 'daytype_hi': 0.7, 'vol_skip_pct': 79.0, 'stop_k': 4.0}"
36,1822,56287,1.423,7106,7.92,14.3,0.363,43.9,121.0,0.71,2.39,85,7,2,"{'lookback': 67, 'band_mult_long': 0.75, 'band_mult_short': 0.75, 'exit_mode': 'boundary', 'side': 'Long Only', 'window': 'morning', 'flat_eod': False, 'skip_holidays': False, 'stop_mode': 'atr', 'confirm_bars': 1, 'daytype_mode': 'skip_top_long', 'daytype_lo': 0.25, 'daytype_hi': 0.65, 'vol_skip_pct': 78.0, 'stop_k': 2.75}"
37,1372,156259,1.686,8937,17.48,30.6,0.476,43.4,91.1,1.17,3.41,239,6,6,"{'lookback': 106, 'band_mult_long': 1.25, 'band_mult_short': 1.5, 'exit_mode': 'band', 'side': 'Both', 'window': 'afternoon_block', 'flat_eod': True, 'skip_holidays': True, 'stop_mode': 'atr', 'confirm_bars': 3, 'daytype_mode': 'skip_bot_all', 'daytype_lo': 0.15, 'daytype_hi': 0.6, 'vol_skip_pct': 84.0, 'stop_k': 1.0}"
38,4999,65713,1.145,33641,1.95,10.8,0.13,43.0,332.0,0.39,1.4,101,3,2,"{'lookback': 101, 'band_mult_long': 0.5, 'band_mult_short': 0.75, 'exit_mode': 'boundary', 'side': 'Short Only', 'window': 'all_day', 'flat_eod': True, 'skip_holidays': False, 'stop_mode': 'off', 'confirm_bars': 1, 'daytype_mode': 'off', 'daytype_lo': 0.25, 'daytype_hi': 0.55, 'vol_skip_pct': 75.0, 'stop_k': 2.5}"
39,2567,70323,1.281,15101,4.66,11.1,0.249,42.5,170.5,0.5,1.85,110,5,1,"{'lookback': 29, 'band_mult_long': 2.25, 'band_mult_short': 0.75, 'exit_mode': 'boundary', 'side': 'Short Only', 'window': 'morning', 'flat_eod': False, 'skip_holidays': False, 'stop_mode': 'atr', 'confirm_bars': 1, 'daytype_mode': 'skip_bot_all', 'daytype_lo': 0.45, 'daytype_hi': 0.55, 'vol_skip_pct': 97.0, 'stop_k': 0.75}"
40,3512,219922,1.273,27492,8.0,33.4,0.182,42.5,233.3,0.95,2.11,344,7,6,"{'lookback': 89, 'band_mult_long': 0.75, 'band_mult_short': 0.5, 'exit_mode': 'vwap', 'side': 'Both', 'window': 'morning', 'flat_eod': True, 'skip_holidays': False, 'stop_mode': 'atr', 'confirm_bars': 3, 'daytype_mode': 'off', 'daytype_lo': 0.35, 'daytype_hi': 0.95, 'vol_skip_pct': 93.0, 'stop_k': 2.75}"
41,2239,64193,1.336,10102,6.35,15.0,0.285,42.4,148.7,0.56,2.12,100,4,3,"{'lookback': 55, 'band_mult_long': 0.75, 'band_mult_short': 1.75, 'exit_mode': 'boundary', 'side': 'Short Only', 'window': 'all_day', 'flat_eod': True, 'skip_holidays': False, 'stop_mode': 'fixed', 'confirm_bars': 1, 'daytype_mode': 'skip_bot_all', 'daytype_lo': 0.25, 'daytype_hi': 0.85, 'vol_skip_pct': 93.0, 'stop_k': 2.0}"
42,2616,77236,1.286,12647,6.11,15.5,0.242,42.1,173.7,0.56,1.89,122,5,5,"{'lookback': 53, 'band_mult_long': 2.25, 'band_mult_short': 1.25, 'exit_mode': 'boundary', 'side': 'Both', 'window': 'all_day', 'flat_eod': False, 'skip_holidays': True, 'stop_mode': 'atr', 'confirm_bars': 2, 'daytype_mode': 'skip_top_long', 'daytype_lo': 0.4, 'daytype_hi': 0.55, 'vol_skip_pct': 76.0, 'stop_k': 2.5}"
43,2607,159899,1.314,17362,9.21,23.0,0.242,41.9,173.2,0.87,2.24,253,7,6,"{'lookback': 25, 'band_mult_long': 0.5, 'band_mult_short': 0.5, 'exit_mode': 'band', 'side': 'Both', 'window': 'morning', 'flat_eod': False, 'skip_holidays': True, 'stop_mode': 'fixed', 'confirm_bars': 2, 'daytype_mode': 'off', 'daytype_lo': 0.45, 'daytype_hi': 0.75, 'vol_skip_pct': 59.0, 'stop_k': 3.5}"
44,1926,169604,1.529,11411,14.86,39.7,0.319,40.8,127.9,1.24,2.62,276,7,5,"{'lookback': 51, 'band_mult_long': 0.75, 'band_mult_short': 2.5, 'exit_mode': 'vwap', 'side': 'Long Only', 'window': 'all_day', 'flat_eod': True, 'skip_holidays': False, 'stop_mode': 'fixed', 'confirm_bars': 3, 'daytype_mode': 'skip_bot_short', 'daytype_lo': 0.15, 'daytype_hi': 0.65, 'vol_skip_pct': 77.0, 'stop_k': 2.25}"
45,3147,254383,1.311,31240,8.14,37.5,0.194,40.6,209.0,0.92,1.87,416,7,3,"{'lookback': 14, 'band_mult_long': 1.5, 'band_mult_short': 1.5, 'exit_mode': 'vwap', 'side': 'Both', 'window': 'all_day', 'flat_eod': True, 'skip_holidays': False, 'stop_mode': 'off', 'confirm_bars': 1, 'daytype_mode': 'off', 'daytype_lo': 0.2, 'daytype_hi': 0.8, 'vol_skip_pct': 0.0, 'stop_k': 1.0}"
46,1534,134753,1.597,7994,16.86,34.1,0.393,40.1,101.9,1.1,2.99,223,7,4,"{'lookback': 23, 'band_mult_long': 1.5, 'band_mult_short': 1.75, 'exit_mode': 'band', 'side': 'Both', 'window': 'all_day', 'flat_eod': True, 'skip_holidays': True, 'stop_mode': 'atr', 'confirm_bars': 3, 'daytype_mode': 'skip_bot_short', 'daytype_lo': 0.1, 'daytype_hi': 0.95, 'vol_skip_pct': 77.0, 'stop_k': 3.75}"
47,1997,127587,1.408,16850,7.57,25.9,0.302,40.1,132.6,0.85,2.59,212,5,4,"{'lookback': 10, 'band_mult_long': 1.5, 'band_mult_short': 0.75, 'exit_mode': 'band', 'side': 'Both', 'window': 'afternoon_block', 'flat_eod': True, 'skip_holidays': True, 'stop_mode': 'bandwidth', 'confirm_bars': 2, 'daytype_mode': 'skip_bot_all', 'daytype_lo': 0.4, 'daytype_hi': 0.65, 'vol_skip_pct': 80.0, 'stop_k': 1.25}"
48,1046,86214,1.74,9303,9.27,24.1,0.562,39.1,69.5,1.01,3.6,147,8,3,"{'lookback': 93, 'band_mult_long': 0.75, 'band_mult_short': 1.5, 'exit_mode': 'vwap', 'side': 'Long Only', 'window': 'morning', 'flat_eod': False, 'skip_holidays': True, 'stop_mode': 'bandwidth', 'confirm_bars': 2, 'daytype_mode': 'skip_top_long', 'daytype_lo': 0.1, 'daytype_hi': 0.8, 'vol_skip_pct': 63.0, 'stop_k': 0.25}"
49,1175,66368,1.644,5266,12.6,22.6,0.498,38.9,78.0,0.9,2.56,113,7,4,"{'lookback': 108, 'band_mult_long': 1.25, 'band_mult_short': 1.0, 'exit_mode': 'boundary', 'side': 'Long Only', 'window': 'all_day', 'flat_eod': False, 'skip_holidays': True, 'stop_mode': 'bandwidth', 'confirm_bars': 4, 'daytype_mode': 'skip_bot_short', 'daytype_lo': 0.3, 'daytype_hi': 0.8, 'vol_skip_pct': 68.0, 'stop_k': 2.0}"
50,2776,143838,1.328,11996,11.99,36.0,0.21,38.8,184.4,0.96,1.99,246,7,5,"{'lookback': 83, 'band_mult_long': 0.5, 'band_mult_short': 1.75, 'exit_mode': 'vwap', 'side': 'Long Only', 'window': 'all_day', 'flat_eod': True, 'skip_holidays': False, 'stop_mode': 'off', 'confirm_bars': 2, 'daytype_mode': 'skip_bot_short', 'daytype_lo': 0.25, 'daytype_hi': 0.7, 'vol_skip_pct': 68.0, 'stop_k': 3.0}"
51,1110,104587,1.766,8459,12.36,32.6,0.516,38.0,73.7,1.12,3.03,183,7,4,"{'lookback': 113, 'band_mult_long': 1.0, 'band_mult_short': 1.5, 'exit_mode': 'band', 'side': 'Long Only', 'window': 'all_day', 'flat_eod': True, 'skip_holidays': False, 'stop_mode': 'fixed', 'confirm_bars': 2, 'daytype_mode': 'skip_bot_all', 'daytype_lo': 0.25, 'daytype_hi': 0.85, 'vol_skip_pct': 69.0, 'stop_k': 1.75}"
52,2102,65899,1.353,12221,5.39,23.1,0.272,37.9,139.6,0.68,1.88,115,6,5,"{'lookback': 8, 'band_mult_long': 2.0, 'band_mult_short': 2.0, 'exit_mode': 'boundary', 'side': 'Both', 'window': 'all_day', 'flat_eod': False, 'skip_holidays': True, 'stop_mode': 'atr', 'confirm_bars': 3, 'daytype_mode': 'skip_bot_short', 'daytype_lo': 0.1, 'daytype_hi': 0.65, 'vol_skip_pct': 77.0, 'stop_k': 3.25}"
53,2086,142230,1.381,18898,7.53,28.1,0.274,37.9,138.5,0.91,2.46,249,6,5,"{'lookback': 112, 'band_mult_long': 1.0, 'band_mult_short': 0.75, 'exit_mode': 'band', 'side': 'Both', 'window': 'all_day', 'flat_eod': True, 'skip_holidays': False, 'stop_mode': 'bandwidth', 'confirm_bars': 3, 'daytype_mode': 'off', 'daytype_lo': 0.05, 'daytype_hi': 0.6, 'vol_skip_pct': 56.0, 'stop_k': 1.75}"
54,2772,91978,1.247,17390,5.29,16.9,0.205,37.7,184.1,0.57,1.67,162,6,7,"{'lookback': 14, 'band_mult_long': 2.25, 'band_mult_short': 1.0, 'exit_mode': 'boundary', 'side': 'Short Only', 'window': 'all_day', 'flat_eod': False, 'skip_holidays': False, 'stop_mode': 'atr', 'confirm_bars': 3, 'daytype_mode': 'skip_bot_short', 'daytype_lo': 0.15, 'daytype_hi': 0.7, 'vol_skip_pct': 98.0, 'stop_k': 0.75}"
55,2011,85566,1.332,18628,4.59,15.4,0.281,37.5,133.6,0.59,1.96,152,7,5,"{'lookback': 34, 'band_mult_long': 0.5, 'band_mult_short': 1.0, 'exit_mode': 'boundary', 'side': 'Short Only', 'window': 'morning', 'flat_eod': False, 'skip_holidays': False, 'stop_mode': 'atr', 'confirm_bars': 2, 'daytype_mode': 'skip_top_long', 'daytype_lo': 0.1, 'daytype_hi': 0.8, 'vol_skip_pct': 88.0, 'stop_k': 2.75}"
56,2115,117379,1.352,20336,5.77,24.8,0.265,37.2,140.5,0.73,2.16,210,6,2,"{'lookback': 100, 'band_mult_long': 1.75, 'band_mult_short': 1.0, 'exit_mode': 'band', 'side': 'Both', 'window': 'morning', 'flat_eod': False, 'skip_holidays': True, 'stop_mode': 'atr', 'confirm_bars': 1, 'daytype_mode': 'off', 'daytype_lo': 0.15, 'daytype_hi': 0.8, 'vol_skip_pct': 79.0, 'stop_k': 2.0}"
57,1692,72025,1.415,10506,6.86,22.0,0.324,36.4,112.4,0.76,2.08,131,6,7,"{'lookback': 52, 'band_mult_long': 0.75, 'band_mult_short': 2.5, 'exit_mode': 'boundary', 'side': 'Both', 'window': 'all_day', 'flat_eod': True, 'skip_holidays': True, 'stop_mode': 'off', 'confirm_bars': 4, 'daytype_mode': 'skip_top_all', 'daytype_lo': 0.05, 'daytype_hi': 0.85, 'vol_skip_pct': 58.0, 'stop_k': 0.5}"
58,1792,172812,1.483,21599,8.0,37.1,0.303,36.1,119.0,1.11,2.56,318,8,2,"{'lookback': 116, 'band_mult_long': 0.75, 'band_mult_short': 1.5, 'exit_mode': 'vwap', 'side': 'Both', 'window': 'afternoon_block', 'flat_eod': False, 'skip_holidays': False, 'stop_mode': 'off', 'confirm_bars': 1, 'daytype_mode': 'off', 'daytype_lo': 0.45, 'daytype_hi': 0.95, 'vol_skip_pct': 54.0, 'stop_k': 0.25}"
59,3707,80537,1.178,22172,3.63,18.2,0.145,35.8,246.2,0.54,1.32,149,5,4,"{'lookback': 6, 'band_mult_long': 0.5, 'band_mult_short': 0.5, 'exit_mode': 'boundary', 'side': 'Long Only', 'window': 'all_day', 'flat_eod': True, 'skip_holidays': True, 'stop_mode': 'bandwidth', 'confirm_bars': 3, 'daytype_mode': 'skip_top_all', 'daytype_lo': 0.2, 'daytype_hi': 0.75, 'vol_skip_pct': 98.0, 'stop_k': 2.5}"
60,1725,126258,1.428,11705,10.79,27.6,0.31,35.5,114.6,0.83,2.43,236,5,5,"{'lookback': 10, 'band_mult_long': 2.5, 'band_mult_short': 1.25, 'exit_mode': 'band', 'side': 'Short Only', 'window': 'all_day', 'flat_eod': False, 'skip_holidays': True, 'stop_mode': 'atr', 'confirm_bars': 2, 'daytype_mode': 'off', 'daytype_lo': 0.1, 'daytype_hi': 0.55, 'vol_skip_pct': 86.0, 'stop_k': 0.75}"
61,1136,126490,1.714,7642,16.55,34.3,0.469,35.4,75.5,1.2,3.02,237,7,5,"{'lookback': 69, 'band_mult_long': 0.75, 'band_mult_short': 2.0, 'exit_mode': 'band', 'side': 'Long Only', 'window': 'all_day', 'flat_eod': True, 'skip_holidays': True, 'stop_mode': 'off', 'confirm_bars': 4, 'daytype_mode': 'skip_bot_all', 'daytype_lo': 0.05, 'daytype_hi': 0.6, 'vol_skip_pct': 64.0, 'stop_k': 4.0}"
62,1757,64984,1.376,12008,5.41,20.2,0.3,35.0,116.7,0.65,1.92,123,6,5,"{'lookback': 23, 'band_mult_long': 1.5, 'band_mult_short': 1.75, 'exit_mode': 'boundary', 'side': 'Both', 'window': 'all_day', 'flat_eod': True, 'skip_holidays': True, 'stop_mode': 'fixed', 'confirm_bars': 3, 'daytype_mode': 'skip_top_long', 'daytype_lo': 0.4, 'daytype_hi': 0.55, 'vol_skip_pct': 72.0, 'stop_k': 1.0}"
63,1464,97484,1.522,11048,8.82,31.8,0.356,34.6,97.2,0.9,2.55,187,7,6,"{'lookback': 30, 'band_mult_long': 1.5, 'band_mult_short': 2.0, 'exit_mode': 'band', 'side': 'Both', 'window': 'all_day', 'flat_eod': True, 'skip_holidays': True, 'stop_mode': 'fixed', 'confirm_bars': 2, 'daytype_mode': 'off', 'daytype_lo': 0.3, 'daytype_hi': 0.95, 'vol_skip_pct': 61.0, 'stop_k': 1.75}"
64,2978,58386,1.203,17090,3.42,17.0,0.168,33.3,197.8,0.46,1.28,116,5,4,"{'lookback': 5, 'band_mult_long': 1.25, 'band_mult_short': 0.75, 'exit_mode': 'boundary', 'side': 'Both', 'window': 'all_day', 'flat_eod': True, 'skip_holidays': False, 'stop_mode': 'fixed', 'confirm_bars': 2, 'daytype_mode': 'skip_top_all', 'daytype_lo': 0.1, 'daytype_hi': 0.6, 'vol_skip_pct': 63.0, 'stop_k': 1.25}"
65,1384,143927,1.528,12115,11.88,32.5,0.357,32.8,91.9,1.12,2.65,292,8,4,"{'lookback': 82, 'band_mult_long': 0.75, 'band_mult_short': 1.25, 'exit_mode': 'band', 'side': 'Long Only', 'window': 'morning', 'flat_eod': True, 'skip_holidays': True, 'stop_mode': 'off', 'confirm_bars': 3, 'daytype_mode': 'skip_bot_short', 'daytype_lo': 0.15, 'daytype_hi': 0.95, 'vol_skip_pct': 94.0, 'stop_k': 0.25}"
66,1204,120495,1.604,11230,10.73,32.1,0.41,32.8,80.0,1.07,2.7,244,8,4,"{'lookback': 38, 'band_mult_long': 1.0, 'band_mult_short': 1.75, 'exit_mode': 'band', 'side': 'Both', 'window': 'afternoon_block', 'flat_eod': False, 'skip_holidays': True, 'stop_mode': 'off', 'confirm_bars': 4, 'daytype_mode': 'off', 'daytype_lo': 0.05, 'daytype_hi': 0.85, 'vol_skip_pct': 63.0, 'stop_k': 2.75}"
67,1702,118367,1.438,11261,10.51,33.7,0.291,32.8,113.0,0.99,2.34,239,8,5,"{'lookback': 20, 'band_mult_long': 1.0, 'band_mult_short': 2.5, 'exit_mode': 'band', 'side': 'Both', 'window': 'all_day', 'flat_eod': False, 'skip_holidays': True, 'stop_mode': 'fixed', 'confirm_bars': 3, 'daytype_mode': 'skip_top_long', 'daytype_lo': 0.15, 'daytype_hi': 0.85, 'vol_skip_pct': 84.0, 'stop_k': 0.75}"
68,2222,98003,1.263,22695,4.32,15.5,0.222,32.8,147.6,0.58,1.55,199,5,4,"{'lookback': 67, 'band_mult_long': 1.0, 'band_mult_short': 0.5, 'exit_mode': 'boundary', 'side': 'Short Only', 'window': 'afternoon_block', 'flat_eod': False, 'skip_holidays': True, 'stop_mode': 'off', 'confirm_bars': 4, 'daytype_mode': 'skip_top_long', 'daytype_lo': 0.45, 'daytype_hi': 0.9, 'vol_skip_pct': 78.0, 'stop_k': 1.5}"
69,2079,210725,1.391,30916,6.82,39.7,0.236,32.6,138.1,1.1,2.32,429,8,4,"{'lookback': 75, 'band_mult_long': 1.25, 'band_mult_short': 2.5, 'exit_mode': 'vwap', 'side': 'Both', 'window': 'all_day', 'flat_eod': True, 'skip_holidays': True, 'stop_mode': 'atr', 'confirm_bars': 1, 'daytype_mode': 'skip_bot_short', 'daytype_lo': 0.1, 'daytype_hi': 0.85, 'vol_skip_pct': 99.0, 'stop_k': 0.25}"
70,1078,83432,1.56,8289,10.07,19.7,0.45,32.2,71.6,0.76,2.41,172,6,5,"{'lookback': 112, 'band_mult_long': 0.5, 'band_mult_short': 1.5, 'exit_mode': 'boundary', 'side': 'Short Only', 'window': 'all_day', 'flat_eod': True, 'skip_holidays': False, 'stop_mode': 'off', 'confirm_bars': 4, 'daytype_mode': 'skip_bot_all', 'daytype_lo': 0.3, 'daytype_hi': 0.85, 'vol_skip_pct': 93.0, 'stop_k': 3.75}"
71,845,89259,1.847,7812,11.43,33.0,0.568,31.9,56.1,1.06,2.93,186,7,6,"{'lookback': 93, 'band_mult_long': 1.25, 'band_mult_short': 0.75, 'exit_mode': 'band', 'side': 'Long Only', 'window': 'afternoon_block', 'flat_eod': False, 'skip_holidays': False, 'stop_mode': 'bandwidth', 'confirm_bars': 2, 'daytype_mode': 'skip_bot_short', 'daytype_lo': 0.2, 'daytype_hi': 0.55, 'vol_skip_pct': 68.0, 'stop_k': 1.75}"
72,1181,129334,1.6,8758,14.77,34.2,0.395,31.0,78.4,1.13,2.74,277,8,4,"{'lookback': 108, 'band_mult_long': 0.75, 'band_mult_short': 1.25, 'exit_mode': 'band', 'side': 'Long Only', 'window': 'afternoon_block', 'flat_eod': False, 'skip_holidays': True, 'stop_mode': 'bandwidth', 'confirm_bars': 4, 'daytype_mode': 'off', 'daytype_lo': 0.15, 'daytype_hi': 0.55, 'vol_skip_pct': 77.0, 'stop_k': 1.75}"
73,1574,67029,1.366,9387,7.14,19.3,0.295,30.9,104.5,0.61,1.83,144,6,5,"{'lookback': 98, 'band_mult_long': 1.75, 'band_mult_short': 1.25, 'exit_mode': 'boundary', 'side': 'Both', 'window': 'all_day', 'flat_eod': False, 'skip_holidays': False, 'stop_mode': 'fixed', 'confirm_bars': 4, 'daytype_mode': 'skip_bot_all', 'daytype_lo': 0.1, 'daytype_hi': 0.55, 'vol_skip_pct': 65.0, 'stop_k': 1.75}"
74,2233,36092,1.245,10229,3.53,15.7,0.206,30.6,148.3,0.43,1.38,78,6,2,"{'lookback': 47, 'band_mult_long': 1.25, 'band_mult_short': 1.75, 'exit_mode': 'boundary', 'side': 'Both', 'window': 'morning', 'flat_eod': False, 'skip_holidays': False, 'stop_mode': 'fixed', 'confirm_bars': 1, 'daytype_mode': 'skip_bot_short', 'daytype_lo': 0.15, 'daytype_hi': 0.85, 'vol_skip_pct': 54.0, 'stop_k': 2.5}"
75,2836,145413,1.243,16523,8.8,33.2,0.162,30.6,188.4,0.73,1.59,316,7,4,"{'lookback': 22, 'band_mult_long': 1.25, 'band_mult_short': 0.75, 'exit_mode': 'vwap', 'side': 'Both', 'window': 'afternoon_block', 'flat_eod': True, 'skip_holidays': True, 'stop_mode': 'off', 'confirm_bars': 2, 'daytype_mode': 'skip_top_long', 'daytype_lo': 0.35, 'daytype_hi': 0.75, 'vol_skip_pct': 83.0, 'stop_k': 1.75}"
76,1893,126946,1.388,12203,10.4,37.5,0.242,30.5,125.7,0.93,1.99,277,7,2,"{'lookback': 105, 'band_mult_long': 0.75, 'band_mult_short': 2.0, 'exit_mode': 'vwap', 'side': 'Long Only', 'window': 'all_day', 'flat_eod': True, 'skip_holidays': False, 'stop_mode': 'atr', 'confirm_bars': 1, 'daytype_mode': 'off', 'daytype_lo': 0.3, 'daytype_hi': 0.7, 'vol_skip_pct': 63.0, 'stop_k': 1.25}"
77,2741,147716,1.259,22183,6.66,35.4,0.167,30.4,182.1,0.85,1.79,322,8,2,"{'lookback': 38, 'band_mult_long': 0.75, 'band_mult_short': 1.25, 'exit_mode': 'vwap', 'side': 'Long Only', 'window': 'afternoon_block', 'flat_eod': False, 'skip_holidays': False, 'stop_mode': 'fixed', 'confirm_bars': 1, 'daytype_mode': 'skip_bot_short', 'daytype_lo': 0.25, 'daytype_hi': 0.75, 'vol_skip_pct': 95.0, 'stop_k': 0.75}"
78,2216,70897,1.253,15154,4.68,18.2,0.207,30.4,147.2,0.56,1.5,155,5,5,"{'lookback': 26, 'band_mult_long': 1.5, 'band_mult_short': 0.75, 'exit_mode': 'boundary', 'side': 'Both', 'window': 'afternoon_block', 'flat_eod': False, 'skip_holidays': True, 'stop_mode': 'atr', 'confirm_bars': 4, 'daytype_mode': 'skip_bot_short', 'daytype_lo': 0.05, 'daytype_hi': 0.9, 'vol_skip_pct': 65.0, 'stop_k': 3.75}"
79,875,104468,1.787,10136,10.31,33.9,0.52,30.2,58.1,1.08,3.13,230,8,4,"{'lookback': 111, 'band_mult_long': 1.5, 'band_mult_short': 2.5, 'exit_mode': 'band', 'side': 'Both', 'window': 'all_day', 'flat_eod': True, 'skip_holidays': False, 'stop_mode': 'off', 'confirm_bars': 3, 'daytype_mode': 'skip_bot_all', 'daytype_lo': 0.35, 'daytype_hi': 0.75, 'vol_skip_pct': 92.0, 'stop_k': 0.5}"
80,2953,144666,1.227,34328,4.21,33.3,0.152,29.7,196.1,0.73,1.59,323,7,2,"{'lookback': 67, 'band_mult_long': 1.0, 'band_mult_short': 0.75, 'exit_mode': 'vwap', 'side': 'Both', 'window': 'afternoon_block', 'flat_eod': True, 'skip_holidays': False, 'stop_mode': 'fixed', 'confirm_bars': 1, 'daytype_mode': 'skip_top_all', 'daytype_lo': 0.45, 'daytype_hi': 0.85, 'vol_skip_pct': 81.0, 'stop_k': 2.0}"
81,1091,105245,1.567,10491,10.03,28.3,0.407,29.5,72.5,0.83,2.65,237,7,5,"{'lookback': 17, 'band_mult_long': 1.5, 'band_mult_short': 1.5, 'exit_mode': 'band', 'side': 'Short Only', 'window': 'all_day', 'flat_eod': True, 'skip_holidays': False, 'stop_mode': 'off', 'confirm_bars': 2, 'daytype_mode': 'skip_bot_all', 'daytype_lo': 0.25, 'daytype_hi': 0.7, 'vol_skip_pct': 91.0, 'stop_k': 1.25}"
82,2435,54214,1.209,16821,3.22,12.8,0.182,29.4,161.7,0.4,1.34,122,2,4,"{'lookback': 48, 'band_mult_long': 2.25, 'band_mult_short': 0.5, 'exit_mode': 'boundary', 'side': 'Short Only', 'window': 'all_day', 'flat_eod': True, 'skip_holidays': True, 'stop_mode': 'fixed', 'confirm_bars': 2, 'daytype_mode': 'skip_bot_short', 'daytype_lo': 0.4, 'daytype_hi': 0.65, 'vol_skip_pct': 60.0, 'stop_k': 2.75}"
83,1119,144965,1.513,19422,7.46,23.1,0.394,29.3,74.3,0.87,2.57,329,7,5,"{'lookback': 94, 'band_mult_long': 2.25, 'band_mult_short': 0.5, 'exit_mode': 'band', 'side': 'Short Only', 'window': 'morning', 'flat_eod': True, 'skip_holidays': True, 'stop_mode': 'bandwidth', 'confirm_bars': 3, 'daytype_mode': 'skip_bot_short', 'daytype_lo': 0.1, 'daytype_hi': 0.9, 'vol_skip_pct': 79.0, 'stop_k': 4.0}"
84,909,31046,1.569,5752,5.4,15.0,0.484,29.2,60.4,0.55,2.09,71,6,1,"{'lookback': 53, 'band_mult_long': 1.0, 'band_mult_short': 0.5, 'exit_mode': 'boundary', 'side': 'Long Only', 'window': 'all_day', 'flat_eod': False, 'skip_holidays': False, 'stop_mode': 'off', 'confirm_bars': 1, 'daytype_mode': 'skip_top_long', 'daytype_lo': 0.35, 'daytype_hi': 0.85, 'vol_skip_pct': 21.0, 'stop_k': 0.5}"
85,3225,105582,1.198,30145,3.5,31.3,0.136,29.1,214.2,0.56,1.38,241,4,4,"{'lookback': 81, 'band_mult_long': 2.5, 'band_mult_short': 0.5, 'exit_mode': 'vwap', 'side': 'Both', 'window': 'all_day', 'flat_eod': False, 'skip_holidays': False, 'stop_mode': 'fixed', 'confirm_bars': 2, 'daytype_mode': 'skip_bot_short', 'daytype_lo': 0.2, 'daytype_hi': 0.6, 'vol_skip_pct': 76.0, 'stop_k': 1.5}"
86,1627,160851,1.442,15219,10.57,39.3,0.268,29.0,108.1,1.07,2.23,369,8,2,"{'lookback': 111, 'band_mult_long': 1.0, 'band_mult_short': 2.25, 'exit_mode': 'vwap', 'side': 'Long Only', 'window': 'afternoon_block', 'flat_eod': True, 'skip_holidays': False, 'stop_mode': 'atr', 'confirm_bars': 1, 'daytype_mode': 'skip_bot_short', 'daytype_lo': 0.3, 'daytype_hi': 0.6, 'vol_skip_pct': 91.0, 'stop_k': 3.25}"
87,984,121191,1.676,12136,9.99,34.5,0.443,29.0,65.4,1.07,2.81,278,8,4,"{'lookback': 68, 'band_mult_long': 1.25, 'band_mult_short': 1.75, 'exit_mode': 'band', 'side': 'Both', 'window': 'morning', 'flat_eod': True, 'skip_holidays': True, 'stop_mode': 'bandwidth', 'confirm_bars': 4, 'daytype_mode': 'skip_bot_short', 'daytype_lo': 0.1, 'daytype_hi': 0.9, 'vol_skip_pct': 92.0, 'stop_k': 3.5}"
88,2181,148701,1.294,18823,7.9,33.3,0.196,28.4,144.9,0.78,1.79,347,7,2,"{'lookback': 39, 'band_mult_long': 1.75, 'band_mult_short': 0.75, 'exit_mode': 'vwap', 'side': 'Both', 'window': 'morning', 'flat_eod': True, 'skip_holidays': True, 'stop_mode': 'off', 'confirm_bars': 1, 'daytype_mode': 'skip_bot_short', 'daytype_lo': 0.25, 'daytype_hi': 0.95, 'vol_skip_pct': 91.0, 'stop_k': 4.0}"
89,1121,110785,1.554,11262,9.84,31.3,0.38,28.3,74.5,1.01,2.64,260,8,4,"{'lookback': 45, 'band_mult_long': 0.75, 'band_mult_short': 2.0, 'exit_mode': 'band', 'side': 'Both', 'window': 'morning', 'flat_eod': False, 'skip_holidays': True, 'stop_mode': 'fixed', 'confirm_bars': 3, 'daytype_mode': 'skip_bot_all', 'daytype_lo': 0.2, 'daytype_hi': 0.55, 'vol_skip_pct': 72.0, 'stop_k': 0.5}"
90,1201,116502,1.52,10672,10.92,32.1,0.353,28.2,79.8,0.98,2.32,275,7,4,"{'lookback': 37, 'band_mult_long': 0.5, 'band_mult_short': 1.75, 'exit_mode': 'band', 'side': 'Both', 'window': 'afternoon_block', 'flat_eod': True, 'skip_holidays': True, 'stop_mode': 'fixed', 'confirm_bars': 4, 'daytype_mode': 'skip_top_all', 'daytype_lo': 0.4, 'daytype_hi': 0.85, 'vol_skip_pct': 58.0, 'stop_k': 1.75}"
91,2163,146267,1.304,29812,4.91,35.6,0.196,28.1,143.7,0.85,1.8,346,8,5,"{'lookback': 66, 'band_mult_long': 0.5, 'band_mult_short': 2.0, 'exit_mode': 'vwap', 'side': 'Both', 'window': 'morning', 'flat_eod': False, 'skip_holidays': False, 'stop_mode': 'fixed', 'confirm_bars': 2, 'daytype_mode': 'skip_top_long', 'daytype_lo': 0.35, 'daytype_hi': 0.85, 'vol_skip_pct': 89.0, 'stop_k': 3.25}"
92,1522,32582,1.313,10026,3.25,12.0,0.275,27.8,101.1,0.44,1.56,78,4,1,"{'lookback': 72, 'band_mult_long': 0.5, 'band_mult_short': 1.25, 'exit_mode': 'boundary', 'side': 'Long Only', 'window': 'all_day', 'flat_eod': False, 'skip_holidays': False, 'stop_mode': 'off', 'confirm_bars': 1, 'daytype_mode': 'skip_top_long', 'daytype_lo': 0.2, 'daytype_hi': 0.9, 'vol_skip_pct': 20.0, 'stop_k': 3.0}"
93,987,94114,1.579,8284,11.36,26.8,0.424,27.8,65.6,0.8,2.62,225,7,5,"{'lookback': 98, 'band_mult_long': 2.0, 'band_mult_short': 1.25, 'exit_mode': 'band', 'side': 'Both', 'window': 'afternoon_block', 'flat_eod': True, 'skip_holidays': True, 'stop_mode': 'fixed', 'confirm_bars': 2, 'daytype_mode': 'skip_bot_all', 'daytype_lo': 0.4, 'daytype_hi': 0.85, 'vol_skip_pct': 83.0, 'stop_k': 2.5}"
94,1282,56587,1.402,10100,5.6,21.9,0.314,26.7,85.1,0.65,1.75,141,7,4,"{'lookback': 72, 'band_mult_long': 1.0, 'band_mult_short': 2.0, 'exit_mode': 'boundary', 'side': 'Both', 'window': 'morning', 'flat_eod': False, 'skip_holidays': True, 'stop_mode': 'atr', 'confirm_bars': 3, 'daytype_mode': 'skip_top_all', 'daytype_lo': 0.4, 'daytype_hi': 0.85, 'vol_skip_pct': 72.0, 'stop_k': 0.5}"
95,1359,99058,1.405,10098,9.81,27.2,0.295,26.6,90.3,0.83,2.02,247,8,3,"{'lookback': 71, 'band_mult_long': 0.5, 'band_mult_short': 1.25, 'exit_mode': 'band', 'side': 'Long Only', 'window': 'morning', 'flat_eod': False, 'skip_holidays': False, 'stop_mode': 'atr', 'confirm_bars': 2, 'daytype_mode': 'skip_top_all', 'daytype_lo': 0.15, 'daytype_hi': 0.9, 'vol_skip_pct': 71.0, 'stop_k': 2.75}"
96,1035,100914,1.537,10768,9.37,27.9,0.387,26.6,68.7,0.97,2.66,252,7,3,"{'lookback': 91, 'band_mult_long': 0.5, 'band_mult_short': 2.5, 'exit_mode': 'band', 'side': 'Long Only', 'window': 'morning', 'flat_eod': False, 'skip_holidays': True, 'stop_mode': 'bandwidth', 'confirm_bars': 4, 'daytype_mode': 'skip_bot_all', 'daytype_lo': 0.1, 'daytype_hi': 0.95, 'vol_skip_pct': 65.0, 'stop_k': 1.25}"
97,3702,135287,1.167,30296,4.47,35.5,0.108,26.5,245.9,0.57,1.16,339,6,7,"{'lookback': 10, 'band_mult_long': 1.75, 'band_mult_short': 0.75, 'exit_mode': 'vwap', 'side': 'Both', 'window': 'all_day', 'flat_eod': True, 'skip_holidays': True, 'stop_mode': 'fixed', 'confirm_bars': 4, 'daytype_mode': 'off', 'daytype_lo': 0.2, 'daytype_hi': 0.55, 'vol_skip_pct': 0.0, 'stop_k': 3.25}"
98,985,109954,1.561,9843,11.17,29.3,0.396,25.9,65.4,0.85,2.5,282,7,4,"{'lookback': 22, 'band_mult_long': 2.0, 'band_mult_short': 1.5, 'exit_mode': 'band', 'side': 'Short Only', 'window': 'all_day', 'flat_eod': False, 'skip_holidays': True, 'stop_mode': 'bandwidth', 'confirm_bars': 3, 'daytype_mode': 'skip_bot_short', 'daytype_lo': 0.15, 'daytype_hi': 0.8, 'vol_skip_pct': 96.0, 'stop_k': 3.0}"
99,712,90655,1.831,12616,7.19,34.0,0.548,25.9,47.3,1.08,2.94,232,8,5,"{'lookback': 19, 'band_mult_long': 1.0, 'band_mult_short': 2.0, 'exit_mode': 'band', 'side': 'Long Only', 'window': 'morning', 'flat_eod': False, 'skip_holidays': True, 'stop_mode': 'off', 'confirm_bars': 3, 'daytype_mode': 'off', 'daytype_lo': 0.3, 'daytype_hi': 0.85, 'vol_skip_pct': 61.0, 'stop_k': 0.5}"
100,3884,62647,1.123,29845,2.1,19.1,0.099,25.7,258.0,0.38,0.97,162,3,2,"{'lookback': 23, 'band_mult_long': 0.5, 'band_mult_short': 0.5, 'exit_mode': 'band', 'side': 'Both', 'window': 'all_day', 'flat_eod': False, 'skip_holidays': True, 'stop_mode': 'off', 'confirm_bars': 1, 'daytype_mode': 'off', 'daytype_lo': 0.45, 'daytype_hi': 0.6, 'vol_skip_pct': 35.0, 'stop_k': 2.5}"
101,1874,45008,1.246,11823,3.81,16.1,0.206,25.7,124.5,0.49,1.34,116,5,4,"{'lookback': 100, 'band_mult_long': 0.5, 'band_mult_short': 1.0, 'exit_mode': 'boundary', 'side': 'Long Only', 'window': 'all_day', 'flat_eod': True, 'skip_holidays': False, 'stop_mode': 'fixed', 'confirm_bars': 3, 'daytype_mode': 'skip_top_all', 'daytype_lo': 0.25, 'daytype_hi': 0.95, 'vol_skip_pct': 42.0, 'stop_k': 4.0}"
102,1281,106235,1.413,13129,8.09,27.5,0.299,25.5,85.1,0.74,2.02,277,5,5,"{'lookback': 112, 'band_mult_long': 2.0, 'band_mult_short': 0.5, 'exit_mode': 'band', 'side': 'Both', 'window': 'all_day', 'flat_eod': True, 'skip_holidays': False, 'stop_mode': 'fixed', 'confirm_bars': 4, 'daytype_mode': 'skip_bot_all', 'daytype_lo': 0.1, 'daytype_hi': 0.8, 'vol_skip_pct': 56.0, 'stop_k': 1.25}"
103,997,61362,1.517,9091,6.75,26.2,0.382,25.3,66.2,0.75,2.05,161,7,1,"{'lookback': 55, 'band_mult_long': 1.0, 'band_mult_short': 1.0, 'exit_mode': 'band', 'side': 'Long Only', 'window': 'afternoon_block', 'flat_eod': True, 'skip_holidays': False, 'stop_mode': 'atr', 'confirm_bars': 1, 'daytype_mode': 'skip_top_long', 'daytype_lo': 0.35, 'daytype_hi': 0.65, 'vol_skip_pct': 73.0, 'stop_k': 2.25}"
104,1575,142045,1.397,14957,9.5,39.2,0.241,25.2,104.6,0.96,1.96,374,8,3,"{'lookback': 116, 'band_mult_long': 1.0, 'band_mult_short': 0.75, 'exit_mode': 'vwap', 'side': 'Long Only', 'window': 'afternoon_block', 'flat_eod': True, 'skip_holidays': False, 'stop_mode': 'fixed', 'confirm_bars': 1, 'daytype_mode': 'off', 'daytype_lo': 0.35, 'daytype_hi': 0.65, 'vol_skip_pct': 89.0, 'stop_k': 3.0}"
105,1660,57994,1.3,13374,4.34,24.2,0.227,25.1,110.3,0.56,1.75,154,4,2,"{'lookback': 40, 'band_mult_long': 0.75, 'band_mult_short': 2.25, 'exit_mode': 'band', 'side': 'Both', 'window': 'all_day', 'flat_eod': False, 'skip_holidays': False, 'stop_mode': 'fixed', 'confirm_bars': 1, 'daytype_mode': 'skip_top_long', 'daytype_lo': 0.45, 'daytype_hi': 0.65, 'vol_skip_pct': 50.0, 'stop_k': 0.25}"
106,762,55157,1.683,9457,5.83,28.6,0.487,24.7,50.6,0.75,2.25,149,6,1,"{'lookback': 99, 'band_mult_long': 1.0, 'band_mult_short': 2.25, 'exit_mode': 'band', 'side': 'Long Only', 'window': 'afternoon_block', 'flat_eod': True, 'skip_holidays': True, 'stop_mode': 'atr', 'confirm_bars': 1, 'daytype_mode': 'skip_top_all', 'daytype_lo': 0.4, 'daytype_hi': 0.95, 'vol_skip_pct': 39.0, 'stop_k': 4.0}"
107,728,55719,1.679,7996,6.97,24.7,0.511,24.7,48.4,0.81,2.42,150,8,3,"{'lookback': 105, 'band_mult_long': 0.75, 'band_mult_short': 1.25, 'exit_mode': 'boundary', 'side': 'Long Only', 'window': 'morning', 'flat_eod': False, 'skip_holidays': True, 'stop_mode': 'atr', 'confirm_bars': 4, 'daytype_mode': 'skip_top_all', 'daytype_lo': 0.4, 'daytype_hi': 0.85, 'vol_skip_pct': 57.0, 'stop_k': 3.25}"
108,1779,102696,1.321,14276,7.19,35.5,0.207,24.5,118.2,0.72,1.66,279,6,5,"{'lookback': 104, 'band_mult_long': 1.25, 'band_mult_short': 0.75, 'exit_mode': 'vwap', 'side': 'Both', 'window': 'all_day', 'flat_eod': False, 'skip_holidays': False, 'stop_mode': 'fixed', 'confirm_bars': 4, 'daytype_mode': 'off', 'daytype_lo': 0.05, 'daytype_hi': 0.95, 'vol_skip_pct': 53.0, 'stop_k': 2.75}"
109,495,41173,2.002,6540,6.3,25.9,0.743,24.4,32.9,0.83,2.86,112,8,4,"{'lookback': 88, 'band_mult_long': 1.25, 'band_mult_short': 1.5, 'exit_mode': 'boundary', 'side': 'Long Only', 'window': 'afternoon_block', 'flat_eod': False, 'skip_holidays': True, 'stop_mode': 'bandwidth', 'confirm_bars': 4, 'daytype_mode': 'skip_bot_all', 'daytype_lo': 0.45, 'daytype_hi': 0.55, 'vol_skip_pct': 63.0, 'stop_k': 1.0}"
110,872,57389,1.524,10309,5.57,20.0,0.419,24.3,57.9,0.69,1.78,157,6,5,"{'lookback': 92, 'band_mult_long': 0.5, 'band_mult_short': 1.5, 'exit_mode': 'boundary', 'side': 'Long Only', 'window': 'afternoon_block', 'flat_eod': False, 'skip_holidays': False, 'stop_mode': 'atr', 'confirm_bars': 4, 'daytype_mode': 'skip_top_long', 'daytype_lo': 0.3, 'daytype_hi': 0.55, 'vol_skip_pct': 67.0, 'stop_k': 0.75}"
111,798,25752,1.538,3993,6.45,15.3,0.456,24.2,53.0,0.51,1.94,71,6,1,"{'lookback': 37, 'band_mult_long': 1.0, 'band_mult_short': 1.0, 'exit_mode': 'boundary', 'side': 'Long Only', 'window': 'morning', 'flat_eod': False, 'skip_holidays': True, 'stop_mode': 'off', 'confirm_bars': 1, 'daytype_mode': 'skip_top_all', 'daytype_lo': 0.4, 'daytype_hi': 0.8, 'vol_skip_pct': 38.0, 'stop_k': 3.0}"
112,1024,42122,1.438,5891,7.15,18.7,0.356,24.2,68.0,0.54,1.59,116,5,4,"{'lookback': 85, 'band_mult_long': 1.75, 'band_mult_short': 1.75, 'exit_mode': 'boundary', 'side': 'Both', 'window': 'afternoon_block', 'flat_eod': False, 'skip_holidays': True, 'stop_mode': 'bandwidth', 'confirm_bars': 3, 'daytype_mode': 'skip_top_long', 'daytype_lo': 0.25, 'daytype_hi': 0.95, 'vol_skip_pct': 54.0, 'stop_k': 3.5}"
113,3522,93830,1.15,25924,3.62,32.4,0.102,23.8,233.9,0.48,0.98,262,5,6,"{'lookback': 5, 'band_mult_long': 2.0, 'band_mult_short': 0.75, 'exit_mode': 'vwap', 'side': 'Both', 'window': 'all_day', 'flat_eod': True, 'skip_holidays': True, 'stop_mode': 'fixed', 'confirm_bars': 2, 'daytype_mode': 'skip_top_long', 'daytype_lo': 0.35, 'daytype_hi': 0.9, 'vol_skip_pct': 72.0, 'stop_k': 3.25}"
114,1536,87171,1.327,15640,5.57,29.2,0.232,23.7,102.0,0.66,1.67,245,6,6,"{'lookback': 66, 'band_mult_long': 1.25, 'band_mult_short': 2.0, 'exit_mode': 'band', 'side': 'Both', 'window': 'all_day', 'flat_eod': False, 'skip_holidays': True, 'stop_mode': 'off', 'confirm_bars': 2, 'daytype_mode': 'skip_top_long', 'daytype_lo': 0.4, 'daytype_hi': 0.55, 'vol_skip_pct': 87.0, 'stop_k': 0.5}"
115,1311,104172,1.438,11892,8.76,38.2,0.27,23.6,87.1,0.89,1.84,294,7,5,"{'lookback': 31, 'band_mult_long': 0.75, 'band_mult_short': 0.5, 'exit_mode': 'vwap', 'side': 'Long Only', 'window': 'all_day', 'flat_eod': False, 'skip_holidays': True, 'stop_mode': 'bandwidth', 'confirm_bars': 2, 'daytype_mode': 'skip_top_all', 'daytype_lo': 0.05, 'daytype_hi': 0.65, 'vol_skip_pct': 86.0, 'stop_k': 3.0}"
116,2379,33008,1.171,18575,1.78,12.4,0.149,23.6,158.0,0.31,1.08,93,3,1,"{'lookback': 8, 'band_mult_long': 1.75, 'band_mult_short': 1.0, 'exit_mode': 'boundary', 'side': 'Short Only', 'window': 'afternoon_block', 'flat_eod': True, 'skip_holidays': False, 'stop_mode': 'off', 'confirm_bars': 1, 'daytype_mode': 'skip_bot_short', 'daytype_lo': 0.3, 'daytype_hi': 0.95, 'vol_skip_pct': 64.0, 'stop_k': 0.5}"
117,1031,92905,1.47,18562,5.0,27.2,0.343,23.5,68.5,0.73,2.08,263,6,5,"{'lookback': 52, 'band_mult_long': 2.5, 'band_mult_short': 1.5, 'exit_mode': 'band', 'side': 'Both', 'window': 'all_day', 'flat_eod': True, 'skip_holidays': False, 'stop_mode': 'off', 'confirm_bars': 3, 'daytype_mode': 'skip_top_long', 'daytype_lo': 0.2, 'daytype_hi': 0.8, 'vol_skip_pct': 79.0, 'stop_k': 1.0}"
118,1363,113500,1.35,16284,6.97,27.0,0.255,23.1,90.5,0.7,1.89,326,6,5,"{'lookback': 83, 'band_mult_long': 1.5, 'band_mult_short': 1.25, 'exit_mode': 'band', 'side': 'Short Only', 'window': 'all_day', 'flat_eod': True, 'skip_holidays': False, 'stop_mode': 'fixed', 'confirm_bars': 3, 'daytype_mode': 'off', 'daytype_lo': 0.4, 'daytype_hi': 0.75, 'vol_skip_pct': 95.0, 'stop_k': 0.75}"
119,1494,122459,1.353,12860,9.52,34.2,0.232,23.1,99.2,0.76,1.73,353,7,4,"{'lookback': 33, 'band_mult_long': 2.5, 'band_mult_short': 1.0, 'exit_mode': 'vwap', 'side': 'Both', 'window': 'afternoon_block', 'flat_eod': False, 'skip_holidays': False, 'stop_mode': 'atr', 'confirm_bars': 3, 'daytype_mode': 'skip_bot_short', 'daytype_lo': 0.2, 'daytype_hi': 0.75, 'vol_skip_pct': 96.0, 'stop_k': 3.0}"
120,1223,100308,1.471,9651,10.39,39.8,0.283,23.0,81.2,0.89,1.9,290,7,5,"{'lookback': 78, 'band_mult_long': 0.75, 'band_mult_short': 2.0, 'exit_mode': 'vwap', 'side': 'Both', 'window': 'all_day', 'flat_eod': False, 'skip_holidays': False, 'stop_mode': 'off', 'confirm_bars': 3, 'daytype_mode': 'skip_bot_short', 'daytype_lo': 0.25, 'daytype_hi': 0.8, 'vol_skip_pct': 46.0, 'stop_k': 1.75}"
121,879,52755,1.54,10456,5.05,28.3,0.387,22.6,58.4,0.69,1.97,155,6,2,"{'lookback': 94, 'band_mult_long': 1.0, 'band_mult_short': 1.5, 'exit_mode': 'band', 'side': 'Long Only', 'window': 'afternoon_block', 'flat_eod': True, 'skip_holidays': False, 'stop_mode': 'atr', 'confirm_bars': 1, 'daytype_mode': 'skip_bot_short', 'daytype_lo': 0.25, 'daytype_hi': 0.8, 'vol_skip_pct': 42.0, 'stop_k': 2.25}"
122,734,73944,1.64,11749,6.29,28.2,0.46,22.4,48.8,0.85,2.2,219,6,4,"{'lookback': 39, 'band_mult_long': 0.75, 'band_mult_short': 2.25, 'exit_mode': 'band', 'side': 'Long Only', 'window': 'afternoon_block', 'flat_eod': False, 'skip_holidays': True, 'stop_mode': 'bandwidth', 'confirm_bars': 2, 'daytype_mode': 'skip_top_all', 'daytype_lo': 0.2, 'daytype_hi': 0.55, 'vol_skip_pct': 73.0, 'stop_k': 3.75}"
123,986,78086,1.487,9937,7.86,30.0,0.341,22.3,65.5,0.71,2.06,233,7,4,"{'lookback': 114, 'band_mult_long': 1.75, 'band_mult_short': 1.5, 'exit_mode': 'band', 'side': 'Both', 'window': 'morning', 'flat_eod': True, 'skip_holidays': False, 'stop_mode': 'bandwidth', 'confirm_bars': 2, 'daytype_mode': 'skip_bot_short', 'daytype_lo': 0.4, 'daytype_hi': 0.9, 'vol_skip_pct': 89.0, 'stop_k': 0.75}"
124,1081,60417,1.423,13516,4.47,26.9,0.309,22.2,71.8,0.69,1.82,181,8,2,"{'lookback': 19, 'band_mult_long': 0.75, 'band_mult_short': 1.5, 'exit_mode': 'band', 'side': 'Long Only', 'window': 'morning', 'flat_eod': False, 'skip_holidays': False, 'stop_mode': 'fixed', 'confirm_bars': 1, 'daytype_mode': 'skip_top_all', 'daytype_lo': 0.25, 'daytype_hi': 0.9, 'vol_skip_pct': 50.0, 'stop_k': 4.0}"
125,1127,82091,1.431,7111,11.54,32.6,0.29,21.7,74.9,0.74,1.91,251,4,4,"{'lookback': 13, 'band_mult_long': 0.75, 'band_mult_short': 1.5, 'exit_mode': 'band', 'side': 'Both', 'window': 'all_day', 'flat_eod': True, 'skip_holidays': True, 'stop_mode': 'fixed', 'confirm_bars': 4, 'daytype_mode': 'skip_bot_short', 'daytype_lo': 0.3, 'daytype_hi': 0.95, 'vol_skip_pct': 38.0, 'stop_k': 0.75}"
126,1098,104845,1.41,16430,6.38,27.4,0.297,21.7,72.9,0.71,1.88,321,6,4,"{'lookback': 101, 'band_mult_long': 1.25, 'band_mult_short': 0.75, 'exit_mode': 'band', 'side': 'Short Only', 'window': 'all_day', 'flat_eod': False, 'skip_holidays': False, 'stop_mode': 'off', 'confirm_bars': 4, 'daytype_mode': 'skip_bot_all', 'daytype_lo': 0.3, 'daytype_hi': 0.55, 'vol_skip_pct': 84.0, 'stop_k': 2.0}"
127,905,55747,1.451,12903,4.32,21.7,0.353,21.2,60.1,0.67,1.68,174,7,5,"{'lookback': 81, 'band_mult_long': 0.5, 'band_mult_short': 2.5, 'exit_mode': 'boundary', 'side': 'Both', 'window': 'morning', 'flat_eod': False, 'skip_holidays': False, 'stop_mode': 'fixed', 'confirm_bars': 4, 'daytype_mode': 'skip_top_long', 'daytype_lo': 0.3, 'daytype_hi': 0.55, 'vol_skip_pct': 71.0, 'stop_k': 3.5}"
128,687,76632,1.688,9126,8.4,32.5,0.464,21.2,45.6,0.83,2.42,240,8,3,"{'lookback': 23, 'band_mult_long': 2.0, 'band_mult_short': 1.5, 'exit_mode': 'band', 'side': 'Both', 'window': 'morning', 'flat_eod': True, 'skip_holidays': True, 'stop_mode': 'atr', 'confirm_bars': 3, 'daytype_mode': 'off', 'daytype_lo': 0.05, 'daytype_hi': 0.9, 'vol_skip_pct': 69.0, 'stop_k': 0.5}"
129,1674,117775,1.298,16124,7.3,36.7,0.189,21.0,111.2,0.8,1.8,373,7,7,"{'lookback': 9, 'band_mult_long': 1.0, 'band_mult_short': 2.0, 'exit_mode': 'vwap', 'side': 'Both', 'window': 'afternoon_block', 'flat_eod': False, 'skip_holidays': False, 'stop_mode': 'fixed', 'confirm_bars': 3, 'daytype_mode': 'skip_top_long', 'daytype_lo': 0.2, 'daytype_hi': 0.85, 'vol_skip_pct': 88.0, 'stop_k': 0.5}"
130,851,102478,1.63,12234,8.38,41.1,0.371,21.0,56.5,1.01,2.09,325,7,2,"{'lookback': 40, 'band_mult_long': 1.25, 'band_mult_short': 0.75, 'exit_mode': 'vwap', 'side': 'Long Only', 'window': 'all_day', 'flat_eod': True, 'skip_holidays': True, 'stop_mode': 'bandwidth', 'confirm_bars': 1, 'daytype_mode': 'off', 'daytype_lo': 0.25, 'daytype_hi': 0.65, 'vol_skip_pct': 59.0, 'stop_k': 3.5}"
131,1027,118054,1.529,22306,5.29,43.0,0.301,20.6,68.2,1.01,1.94,382,7,5,"{'lookback': 46, 'band_mult_long': 1.25, 'band_mult_short': 1.75, 'exit_mode': 'vwap', 'side': 'Long Only', 'window': 'all_day', 'flat_eod': True, 'skip_holidays': True, 'stop_mode': 'bandwidth', 'confirm_bars': 2, 'daytype_mode': 'skip_bot_all', 'daytype_lo': 0.2, 'daytype_hi': 0.6, 'vol_skip_pct': 98.0, 'stop_k': 2.75}"
132,1270,70927,1.32,21601,3.28,24.3,0.242,20.4,84.4,0.57,1.6,231,6,5,"{'lookback': 84, 'band_mult_long': 2.25, 'band_mult_short': 1.0, 'exit_mode': 'band', 'side': 'Both', 'window': 'afternoon_block', 'flat_eod': False, 'skip_holidays': True, 'stop_mode': 'bandwidth', 'confirm_bars': 2, 'daytype_mode': 'off', 'daytype_lo': 0.2, 'daytype_hi': 0.7, 'vol_skip_pct': 65.0, 'stop_k': 3.5}"
133,1541,118960,1.257,25827,4.61,22.8,0.198,20.3,102.4,0.61,1.63,389,7,4,"{'lookback': 108, 'band_mult_long': 1.0, 'band_mult_short': 0.5, 'exit_mode': 'band', 'side': 'Short Only', 'window': 'morning', 'flat_eod': False, 'skip_holidays': False, 'stop_mode': 'bandwidth', 'confirm_bars': 4, 'daytype_mode': 'off', 'daytype_lo': 0.15, 'daytype_hi': 0.7, 'vol_skip_pct': 98.0, 'stop_k': 1.75}"
134,684,19222,1.538,4268,4.5,18.0,0.441,20.0,45.4,0.47,1.56,64,7,1,"{'lookback': 24, 'band_mult_long': 1.5, 'band_mult_short': 2.0, 'exit_mode': 'boundary', 'side': 'Long Only', 'window': 'morning', 'flat_eod': False, 'skip_holidays': False, 'stop_mode': 'fixed', 'confirm_bars': 1, 'daytype_mode': 'skip_top_all', 'daytype_lo': 0.45, 'daytype_hi': 0.95, 'vol_skip_pct': 41.0, 'stop_k': 2.75}"
135,1246,34690,1.284,11152,3.11,14.8,0.242,20.0,82.8,0.46,1.47,115,6,3,"{'lookback': 79, 'band_mult_long': 0.5, 'band_mult_short': 1.5, 'exit_mode': 'boundary', 'side': 'Long Only', 'window': 'morning', 'flat_eod': False, 'skip_holidays': True, 'stop_mode': 'bandwidth', 'confirm_bars': 2, 'daytype_mode': 'skip_bot_short', 'daytype_lo': 0.45, 'daytype_hi': 0.95, 'vol_skip_pct': 34.0, 'stop_k': 1.0}"
136,674,113760,1.686,9154,12.43,35.5,0.443,19.8,44.8,0.87,2.34,381,7,2,"{'lookback': 113, 'band_mult_long': 1.75, 'band_mult_short': 1.25, 'exit_mode': 'vwap', 'side': 'Short Only', 'window': 'morning', 'flat_eod': True, 'skip_holidays': False, 'stop_mode': 'atr', 'confirm_bars': 1, 'daytype_mode': 'skip_bot_all', 'daytype_lo': 0.3, 'daytype_hi': 0.55, 'vol_skip_pct': 82.0, 'stop_k': 3.25}"
137,3286,88211,1.131,33494,2.63,31.0,0.091,19.8,218.2,0.42,0.93,297,4,3,"{'lookback': 64, 'band_mult_long': 2.25, 'band_mult_short': 0.75, 'exit_mode': 'vwap', 'side': 'Both', 'window': 'all_day', 'flat_eod': False, 'skip_holidays': True, 'stop_mode': 'atr', 'confirm_bars': 1, 'daytype_mode': 'skip_top_long', 'daytype_lo': 0.35, 'daytype_hi': 0.7, 'vol_skip_pct': 82.0, 'stop_k': 2.25}"
138,1472,38200,1.246,18566,2.06,18.0,0.202,19.8,97.8,0.43,1.14,128,5,5,"{'lookback': 6, 'band_mult_long': 1.5, 'band_mult_short': 1.75, 'exit_mode': 'boundary', 'side': 'Short Only', 'window': 'afternoon_block', 'flat_eod': False, 'skip_holidays': True, 'stop_mode': 'atr', 'confirm_bars': 2, 'daytype_mode': 'skip_bot_short', 'daytype_lo': 0.05, 'daytype_hi': 0.6, 'vol_skip_pct': 75.0, 'stop_k': 2.5}"
139,2106,25822,1.168,25813,1.0,16.2,0.141,19.7,139.9,0.34,0.9,87,6,2,"{'lookback': 71, 'band_mult_long': 1.25, 'band_mult_short': 1.75, 'exit_mode': 'boundary', 'side': 'Long Only', 'window': 'morning', 'flat_eod': True, 'skip_holidays': True, 'stop_mode': 'fixed', 'confirm_bars': 1, 'daytype_mode': 'skip_bot_all', 'daytype_lo': 0.2, 'daytype_hi': 0.55, 'vol_skip_pct': 92.0, 'stop_k': 0.75}"
140,623,110543,1.88,9208,12.01,47.0,0.466,19.3,41.4,1.17,2.53,381,8,4,"{'lookback': 96, 'band_mult_long': 1.25, 'band_mult_short': 2.25, 'exit_mode': 'vwap', 'side': 'Long Only', 'window': 'afternoon_block', 'flat_eod': False, 'skip_holidays': True, 'stop_mode': 'bandwidth', 'confirm_bars': 3, 'daytype_mode': 'skip_bot_short', 'daytype_lo': 0.45, 'daytype_hi': 0.95, 'vol_skip_pct': 78.0, 'stop_k': 2.0}"
141,1349,64975,1.278,14098,4.61,22.7,0.215,19.3,89.6,0.49,1.4,224,7,2,"{'lookback': 42, 'band_mult_long': 1.5, 'band_mult_short': 1.25, 'exit_mode': 'band', 'side': 'Short Only', 'window': 'afternoon_block', 'flat_eod': True, 'skip_holidays': False, 'stop_mode': 'off', 'confirm_bars': 1, 'daytype_mode': 'skip_bot_short', 'daytype_lo': 0.4, 'daytype_hi': 0.65, 'vol_skip_pct': 95.0, 'stop_k': 2.75}"
142,1562,35326,1.218,20723,1.7,16.1,0.183,19.0,103.7,0.35,1.08,124,4,3,"{'lookback': 18, 'band_mult_long': 2.0, 'band_mult_short': 1.25, 'exit_mode': 'boundary', 'side': 'Both', 'window': 'morning', 'flat_eod': False, 'skip_holidays': True, 'stop_mode': 'bandwidth', 'confirm_bars': 2, 'daytype_mode': 'skip_top_long', 'daytype_lo': 0.25, 'daytype_hi': 0.75, 'vol_skip_pct': 65.0, 'stop_k': 4.0}"
143,727,103985,1.716,7920,13.13,45.9,0.387,18.7,48.3,1.08,2.09,369,7,5,"{'lookback': 63, 'band_mult_long': 1.25, 'band_mult_short': 2.25, 'exit_mode': 'vwap', 'side': 'Long Only', 'window': 'all_day', 'flat_eod': False, 'skip_holidays': False, 'stop_mode': 'fixed', 'confirm_bars': 3, 'daytype_mode': 'off', 'daytype_lo': 0.45, 'daytype_hi': 0.75, 'vol_skip_pct': 72.0, 'stop_k': 2.5}"
144,1442,48768,1.235,19133,2.55,16.8,0.195,18.7,95.8,0.42,1.11,173,5,5,"{'lookback': 43, 'band_mult_long': 2.0, 'band_mult_short': 0.75, 'exit_mode': 'boundary', 'side': 'Both', 'window': 'morning', 'flat_eod': False, 'skip_holidays': False, 'stop_mode': 'fixed', 'confirm_bars': 4, 'daytype_mode': 'skip_bot_all', 'daytype_lo': 0.1, 'daytype_hi': 0.9, 'vol_skip_pct': 73.0, 'stop_k': 3.5}"
145,643,75556,1.672,11259,6.71,35.0,0.437,18.6,42.7,0.92,2.18,269,8,4,"{'lookback': 83, 'band_mult_long': 1.0, 'band_mult_short': 0.75, 'exit_mode': 'band', 'side': 'Long Only', 'window': 'morning', 'flat_eod': False, 'skip_holidays': True, 'stop_mode': 'fixed', 'confirm_bars': 4, 'daytype_mode': 'skip_bot_all', 'daytype_lo': 0.1, 'daytype_hi': 0.8, 'vol_skip_pct': 78.0, 'stop_k': 1.75}"
146,620,83096,1.775,7596,10.94,41.8,0.451,18.6,41.2,0.94,2.17,297,6,4,"{'lookback': 57, 'band_mult_long': 1.0, 'band_mult_short': 1.5, 'exit_mode': 'vwap', 'side': 'Long Only', 'window': 'all_day', 'flat_eod': False, 'skip_holidays': True, 'stop_mode': 'bandwidth', 'confirm_bars': 3, 'daytype_mode': 'skip_top_long', 'daytype_lo': 0.35, 'daytype_hi': 0.75, 'vol_skip_pct': 64.0, 'stop_k': 4.0}"
147,2577,29829,1.126,23687,1.26,13.4,0.109,18.6,171.2,0.28,0.83,106,3,4,"{'lookback': 28, 'band_mult_long': 0.75, 'band_mult_short': 0.5, 'exit_mode': 'boundary', 'side': 'Both', 'window': 'afternoon_block', 'flat_eod': True, 'skip_holidays': False, 'stop_mode': 'fixed', 'confirm_bars': 2, 'daytype_mode': 'skip_bot_all', 'daytype_lo': 0.4, 'daytype_hi': 0.9, 'vol_skip_pct': 39.0, 'stop_k': 0.5}"
148,897,25557,1.356,10564,2.42,13.4,0.308,18.4,59.6,0.43,1.38,92,4,2,"{'lookback': 104, 'band_mult_long': 0.5, 'band_mult_short': 2.25, 'exit_mode': 'boundary', 'side': 'Long Only', 'window': 'morning', 'flat_eod': False, 'skip_holidays': False, 'stop_mode': 'atr', 'confirm_bars': 1, 'daytype_mode': 'skip_bot_short', 'daytype_lo': 0.15, 'daytype_hi': 0.55, 'vol_skip_pct': 18.0, 'stop_k': 3.75}"
149,761,37831,1.454,7427,5.09,19.8,0.364,18.4,50.5,0.55,1.56,137,7,5,"{'lookback': 96, 'band_mult_long': 0.75, 'band_mult_short': 2.5, 'exit_mode': 'boundary', 'side': 'Long Only', 'window': 'afternoon_block', 'flat_eod': True, 'skip_holidays': True, 'stop_mode': 'bandwidth', 'confirm_bars': 4, 'daytype_mode': 'skip_bot_all', 'daytype_lo': 0.15, 'daytype_hi': 0.7, 'vol_skip_pct': 36.0, 'stop_k': 1.25}"
150,657,125546,1.728,10979,11.44,42.6,0.418,18.2,43.6,0.99,2.36,457,7,3,"{'lookback': 101, 'band_mult_long': 2.5, 'band_mult_short': 2.0, 'exit_mode': 'vwap', 'side': 'Both', 'window': 'all_day', 'flat_eod': True, 'skip_holidays': True, 'stop_mode': 'atr', 'confirm_bars': 1, 'daytype_mode': 'skip_bot_short', 'daytype_lo': 0.35, 'daytype_hi': 0.9, 'vol_skip_pct': 91.0, 'stop_k': 1.5}"
151,1264,124938,1.353,17059,7.32,39.0,0.215,18.1,84.0,0.81,1.65,459,8,4,"{'lookback': 103, 'band_mult_long': 1.0, 'band_mult_short': 1.5, 'exit_mode': 'vwap', 'side': 'Both', 'window': 'morning', 'flat_eod': True, 'skip_holidays': False, 'stop_mode': 'bandwidth', 'confirm_bars': 4, 'daytype_mode': 'skip_top_all', 'daytype_lo': 0.1, 'daytype_hi': 0.9, 'vol_skip_pct': 96.0, 'stop_k': 1.5}"
152,1450,73561,1.257,13488,5.45,27.4,0.186,17.9,96.3,0.61,1.5,272,6,3,"{'lookback': 85, 'band_mult_long': 0.5, 'band_mult_short': 0.75, 'exit_mode': 'band', 'side': 'Long Only', 'window': 'all_day', 'flat_eod': True, 'skip_holidays': False, 'stop_mode': 'bandwidth', 'confirm_bars': 4, 'daytype_mode': 'skip_top_long', 'daytype_lo': 0.45, 'daytype_hi': 0.55, 'vol_skip_pct': 97.0, 'stop_k': 1.0}"
153,1005,104937,1.428,16632,6.31,38.4,0.264,17.6,66.8,0.75,1.65,396,7,3,"{'lookback': 27, 'band_mult_long': 2.25, 'band_mult_short': 1.75, 'exit_mode': 'vwap', 'side': 'Both', 'window': 'all_day', 'flat_eod': True, 'skip_holidays': True, 'stop_mode': 'fixed', 'confirm_bars': 1, 'daytype_mode': 'skip_top_all', 'daytype_lo': 0.05, 'daytype_hi': 0.8, 'vol_skip_pct': 87.0, 'stop_k': 2.25}"
154,957,71218,1.37,11930,5.97,26.6,0.271,17.2,63.6,0.59,1.62,274,6,4,"{'lookback': 35, 'band_mult_long': 2.25, 'band_mult_short': 1.25, 'exit_mode': 'band', 'side': 'Short Only', 'window': 'all_day', 'flat_eod': False, 'skip_holidays': True, 'stop_mode': 'off', 'confirm_bars': 3, 'daytype_mode': 'off', 'daytype_lo': 0.45, 'daytype_hi': 0.75, 'vol_skip_pct': 73.0, 'stop_k': 2.75}"
155,1062,64644,1.388,7683,8.41,37.2,0.244,17.2,70.5,0.69,1.44,250,6,5,"{'lookback': 34, 'band_mult_long': 0.75, 'band_mult_short': 0.75, 'exit_mode': 'vwap', 'side': 'Long Only', 'window': 'all_day', 'flat_eod': False, 'skip_holidays': True, 'stop_mode': 'off', 'confirm_bars': 2, 'daytype_mode': 'skip_bot_all', 'daytype_lo': 0.1, 'daytype_hi': 0.85, 'vol_skip_pct': 40.0, 'stop_k': 2.75}"
156,2453,41384,1.131,24554,1.69,20.5,0.104,17.0,162.9,0.32,0.84,162,4,5,"{'lookback': 10, 'band_mult_long': 2.5, 'band_mult_short': 1.5, 'exit_mode': 'boundary', 'side': 'Both', 'window': 'all_day', 'flat_eod': True, 'skip_holidays': False, 'stop_mode': 'bandwidth', 'confirm_bars': 4, 'daytype_mode': 'off', 'daytype_lo': 0.45, 'daytype_hi': 0.9, 'vol_skip_pct': 94.0, 'stop_k': 0.5}"
157,657,75421,1.543,11165,6.76,28.3,0.39,17.0,43.6,0.7,1.99,295,6,5,"{'lookback': 29, 'band_mult_long': 2.25, 'band_mult_short': 1.5, 'exit_mode': 'band', 'side': 'Short Only', 'window': 'afternoon_block', 'flat_eod': False, 'skip_holidays': False, 'stop_mode': 'atr', 'confirm_bars': 3, 'daytype_mode': 'skip_bot_all', 'daytype_lo': 0.15, 'daytype_hi': 0.95, 'vol_skip_pct': 86.0, 'stop_k': 2.75}"
158,659,71415,1.575,12523,5.7,33.1,0.385,16.9,43.8,0.8,1.81,281,6,3,"{'lookback': 14, 'band_mult_long': 0.5, 'band_mult_short': 1.5, 'exit_mode': 'band', 'side': 'Long Only', 'window': 'afternoon_block', 'flat_eod': True, 'skip_holidays': False, 'stop_mode': 'fixed', 'confirm_bars': 4, 'daytype_mode': 'skip_top_long', 'daytype_lo': 0.1, 'daytype_hi': 0.6, 'vol_skip_pct': 64.0, 'stop_k': 3.5}"
159,487,108829,1.841,10061,10.82,38.2,0.52,16.8,32.3,0.93,2.37,430,6,2,"{'lookback': 48, 'band_mult_long': 2.25, 'band_mult_short': 1.75, 'exit_mode': 'vwap', 'side': 'Short Only', 'window': 'morning', 'flat_eod': True, 'skip_holidays': True, 'stop_mode': 'bandwidth', 'confirm_bars': 1, 'daytype_mode': 'skip_bot_short', 'daytype_lo': 0.2, 'daytype_hi': 0.8, 'vol_skip_pct': 88.0, 'stop_k': 3.5}"
160,612,23885,1.522,6743,3.54,21.4,0.41,16.7,40.6,0.51,1.7,95,7,3,"{'lookback': 84, 'band_mult_long': 1.25, 'band_mult_short': 1.0, 'exit_mode': 'boundary', 'side': 'Long Only', 'window': 'morning', 'flat_eod': True, 'skip_holidays': True, 'stop_mode': 'fixed', 'confirm_bars': 2, 'daytype_mode': 'skip_top_long', 'daytype_lo': 0.35, 'daytype_hi': 0.9, 'vol_skip_pct': 49.0, 'stop_k': 2.5}"
161,2186,66662,1.166,28406,2.35,31.0,0.114,16.6,145.2,0.43,0.97,266,4,5,"{'lookback': 83, 'band_mult_long': 1.75, 'band_mult_short': 0.5, 'exit_mode': 'vwap', 'side': 'Both', 'window': 'afternoon_block', 'flat_eod': True, 'skip_holidays': False, 'stop_mode': 'atr', 'confirm_bars': 3, 'daytype_mode': 'off', 'daytype_lo': 0.25, 'daytype_hi': 0.9, 'vol_skip_pct': 60.0, 'stop_k': 3.0}"
162,1469,68150,1.246,23186,2.94,30.6,0.171,16.6,97.6,0.52,1.21,272,5,4,"{'lookback': 10, 'band_mult_long': 1.75, 'band_mult_short': 0.5, 'exit_mode': 'vwap', 'side': 'Both', 'window': 'morning', 'flat_eod': True, 'skip_holidays': True, 'stop_mode': 'fixed', 'confirm_bars': 3, 'daytype_mode': 'skip_bot_all', 'daytype_lo': 0.25, 'daytype_hi': 0.75, 'vol_skip_pct': 62.0, 'stop_k': 3.5}"
163,872,73585,1.378,13611,5.41,24.7,0.285,16.5,57.9,0.6,1.6,296,7,6,"{'lookback': 46, 'band_mult_long': 1.25, 'band_mult_short': 1.5, 'exit_mode': 'band', 'side': 'Short Only', 'window': 'afternoon_block', 'flat_eod': True, 'skip_holidays': True, 'stop_mode': 'bandwidth', 'confirm_bars': 3, 'daytype_mode': 'skip_top_long', 'daytype_lo': 0.45, 'daytype_hi': 0.85, 'vol_skip_pct': 93.0, 'stop_k': 1.0}"
164,921,79862,1.434,11263,7.09,38.1,0.268,16.4,61.2,0.79,1.64,323,7,4,"{'lookback': 14, 'band_mult_long': 0.75, 'band_mult_short': 0.5, 'exit_mode': 'vwap', 'side': 'Long Only', 'window': 'morning', 'flat_eod': False, 'skip_holidays': True, 'stop_mode': 'fixed', 'confirm_bars': 4, 'daytype_mode': 'off', 'daytype_lo': 0.05, 'daytype_hi': 0.6, 'vol_skip_pct': 64.0, 'stop_k': 1.25}"
165,791,26890,1.374,5889,4.57,16.4,0.312,16.4,52.5,0.44,1.37,109,6,3,"{'lookback': 116, 'band_mult_long': 0.5, 'band_mult_short': 2.0, 'exit_mode': 'boundary', 'side': 'Both', 'window': 'morning', 'flat_eod': True, 'skip_holidays': False, 'stop_mode': 'bandwidth', 'confirm_bars': 2, 'daytype_mode': 'skip_top_all', 'daytype_lo': 0.1, 'daytype_hi': 0.6, 'vol_skip_pct': 39.0, 'stop_k': 2.25}"
166,1612,103351,1.226,21497,4.81,32.6,0.152,16.3,107.1,0.54,1.18,422,5,5,"{'lookback': 96, 'band_mult_long': 1.75, 'band_mult_short': 1.0, 'exit_mode': 'vwap', 'side': 'Short Only', 'window': 'afternoon_block', 'flat_eod': True, 'skip_holidays': True, 'stop_mode': 'fixed', 'confirm_bars': 2, 'daytype_mode': 'skip_bot_all', 'daytype_lo': 0.1, 'daytype_hi': 0.8, 'vol_skip_pct': 0.0, 'stop_k': 1.25}"
167,451,51319,1.682,9060,5.66,21.3,0.537,16.1,30.0,0.59,1.87,212,8,4,"{'lookback': 102, 'band_mult_long': 1.0, 'band_mult_short': 1.75, 'exit_mode': 'boundary', 'side': 'Short Only', 'window': 'morning', 'flat_eod': False, 'skip_holidays': True, 'stop_mode': 'atr', 'confirm_bars': 4, 'daytype_mode': 'skip_bot_all', 'daytype_lo': 0.35, 'daytype_hi': 0.7, 'vol_skip_pct': 98.0, 'stop_k': 2.25}"
168,1386,21909,1.2,10806,2.03,13.1,0.174,16.0,92.1,0.28,0.93,91,4,2,"{'lookback': 33, 'band_mult_long': 1.75, 'band_mult_short': 1.5, 'exit_mode': 'boundary', 'side': 'Short Only', 'window': 'afternoon_block', 'flat_eod': True, 'skip_holidays': True, 'stop_mode': 'off', 'confirm_bars': 1, 'daytype_mode': 'off', 'daytype_lo': 0.1, 'daytype_hi': 0.6, 'vol_skip_pct': 50.0, 'stop_k': 2.5}"
169,737,109514,1.617,9148,11.97,47.2,0.326,15.9,49.0,1.0,2.15,456,8,5,"{'lookback': 47, 'band_mult_long': 1.5, 'band_mult_short': 2.25, 'exit_mode': 'vwap', 'side': 'Both', 'window': 'all_day', 'flat_eod': False, 'skip_holidays': False, 'stop_mode': 'fixed', 'confirm_bars': 4, 'daytype_mode': 'skip_bot_short', 'daytype_lo': 0.2, 'daytype_hi': 0.95, 'vol_skip_pct': 77.0, 'stop_k': 0.75}"
170,2590,64356,1.132,30952,2.08,29.7,0.093,15.9,172.0,0.36,0.84,268,4,4,"{'lookback': 42, 'band_mult_long': 2.25, 'band_mult_short': 0.5, 'exit_mode': 'vwap', 'side': 'Short Only', 'window': 'afternoon_block', 'flat_eod': False, 'skip_holidays': True, 'stop_mode': 'off', 'confirm_bars': 3, 'daytype_mode': 'skip_bot_short', 'daytype_lo': 0.1, 'daytype_hi': 0.85, 'vol_skip_pct': 87.0, 'stop_k': 2.0}"
171,784,18822,1.358,9016,2.09,14.9,0.305,15.9,52.1,0.32,1.32,79,2,2,"{'lookback': 109, 'band_mult_long': 2.5, 'band_mult_short': 1.75, 'exit_mode': 'boundary', 'side': 'Short Only', 'window': 'all_day', 'flat_eod': True, 'skip_holidays': True, 'stop_mode': 'atr', 'confirm_bars': 1, 'daytype_mode': 'skip_top_all', 'daytype_lo': 0.25, 'daytype_hi': 0.6, 'vol_skip_pct': 57.0, 'stop_k': 1.5}"
172,1231,72408,1.284,12735,5.69,32.7,0.192,15.7,81.8,0.53,1.24,307,3,5,"{'lookback': 76, 'band_mult_long': 1.25, 'band_mult_short': 1.0, 'exit_mode': 'vwap', 'side': 'Short Only', 'window': 'all_day', 'flat_eod': False, 'skip_holidays': True, 'stop_mode': 'fixed', 'confirm_bars': 2, 'daytype_mode': 'skip_bot_short', 'daytype_lo': 0.25, 'daytype_hi': 0.85, 'vol_skip_pct': 72.0, 'stop_k': 3.25}"
173,3716,21828,1.072,43081,0.51,11.1,0.064,15.7,246.8,0.17,0.58,92,2,2,"{'lookback': 40, 'band_mult_long': 1.0, 'band_mult_short': 0.75, 'exit_mode': 'boundary', 'side': 'Short Only', 'window': 'all_day', 'flat_eod': False, 'skip_holidays': True, 'stop_mode': 'off', 'confirm_bars': 1, 'daytype_mode': 'skip_top_long', 'daytype_lo': 0.3, 'daytype_hi': 0.6, 'vol_skip_pct': 53.0, 'stop_k': 3.75}"
174,1876,85662,1.183,27575,3.11,31.5,0.125,15.6,124.6,0.46,1.03,365,6,3,"{'lookback': 85, 'band_mult_long': 1.25, 'band_mult_short': 1.0, 'exit_mode': 'vwap', 'side': 'Short Only', 'window': 'afternoon_block', 'flat_eod': True, 'skip_holidays': False, 'stop_mode': 'off', 'confirm_bars': 1, 'daytype_mode': 'off', 'daytype_lo': 0.2, 'daytype_hi': 0.9, 'vol_skip_pct': 89.0, 'stop_k': 3.0}"
175,3519,21137,1.074,38344,0.55,10.3,0.066,15.5,233.7,0.17,0.55,91,2,3,"{'lookback': 36, 'band_mult_long': 0.75, 'band_mult_short': 0.5, 'exit_mode': 'boundary', 'side': 'Short Only', 'window': 'all_day', 'flat_eod': True, 'skip_holidays': False, 'stop_mode': 'fixed', 'confirm_bars': 1, 'daytype_mode': 'skip_top_long', 'daytype_lo': 0.1, 'daytype_hi': 0.65, 'vol_skip_pct': 39.0, 'stop_k': 4.0}"
176,656,20935,1.448,8085,2.59,20.7,0.355,15.5,43.6,0.47,1.36,90,8,3,"{'lookback': 29, 'band_mult_long': 1.75, 'band_mult_short': 2.0, 'exit_mode': 'boundary', 'side': 'Long Only', 'window': 'morning', 'flat_eod': False, 'skip_holidays': False, 'stop_mode': 'bandwidth', 'confirm_bars': 2, 'daytype_mode': 'skip_top_long', 'daytype_lo': 0.1, 'daytype_hi': 0.75, 'vol_skip_pct': 88.0, 'stop_k': 3.0}"
177,382,25344,1.865,4453,5.69,29.3,0.612,15.5,25.4,0.65,1.78,108,8,4,"{'lookback': 8, 'band_mult_long': 1.75, 'band_mult_short': 2.5, 'exit_mode': 'boundary', 'side': 'Long Only', 'window': 'morning', 'flat_eod': True, 'skip_holidays': False, 'stop_mode': 'atr', 'confirm_bars': 4, 'daytype_mode': 'skip_bot_all', 'daytype_lo': 0.35, 'daytype_hi': 0.75, 'vol_skip_pct': 84.0, 'stop_k': 1.5}"
178,1034,79488,1.338,18308,4.34,33.7,0.225,15.4,68.7,0.62,1.43,342,6,6,"{'lookback': 30, 'band_mult_long': 2.25, 'band_mult_short': 1.0, 'exit_mode': 'vwap', 'side': 'Both', 'window': 'morning', 'flat_eod': False, 'skip_holidays': False, 'stop_mode': 'off', 'confirm_bars': 2, 'daytype_mode': 'skip_top_long', 'daytype_lo': 0.3, 'daytype_hi': 0.95, 'vol_skip_pct': 63.0, 'stop_k': 0.5}"
179,457,27658,1.757,5406,5.12,33.5,0.503,15.3,30.4,0.65,1.73,120,7,2,"{'lookback': 79, 'band_mult_long': 1.75, 'band_mult_short': 1.0, 'exit_mode': 'band', 'side': 'Long Only', 'window': 'afternoon_block', 'flat_eod': True, 'skip_holidays': False, 'stop_mode': 'fixed', 'confirm_bars': 1, 'daytype_mode': 'skip_bot_short', 'daytype_lo': 0.2, 'daytype_hi': 0.8, 'vol_skip_pct': 49.0, 'stop_k': 3.25}"
180,1047,59064,1.282,18988,3.11,22.2,0.219,15.3,69.5,0.47,1.51,257,5,5,"{'lookback': 72, 'band_mult_long': 2.0, 'band_mult_short': 1.0, 'exit_mode': 'band', 'side': 'Short Only', 'window': 'morning', 'flat_eod': False, 'skip_holidays': False, 'stop_mode': 'fixed', 'confirm_bars': 2, 'daytype_mode': 'off', 'daytype_lo': 0.3, 'daytype_hi': 0.85, 'vol_skip_pct': 75.0, 'stop_k': 0.25}"
181,625,24788,1.47,3974,6.24,22.4,0.365,15.2,41.5,0.44,1.37,109,6,3,"{'lookback': 32, 'band_mult_long': 1.5, 'band_mult_short': 2.25, 'exit_mode': 'boundary', 'side': 'Both', 'window': 'all_day', 'flat_eod': False, 'skip_holidays': True, 'stop_mode': 'off', 'confirm_bars': 4, 'daytype_mode': 'skip_top_all', 'daytype_lo': 0.45, 'daytype_hi': 0.85, 'vol_skip_pct': 34.0, 'stop_k': 0.5}"
182,2295,80060,1.146,35773,2.24,31.9,0.099,15.2,152.4,0.42,0.91,351,6,7,"{'lookback': 58, 'band_mult_long': 2.25, 'band_mult_short': 0.75, 'exit_mode': 'vwap', 'side': 'Both', 'window': 'afternoon_block', 'flat_eod': True, 'skip_holidays': False, 'stop_mode': 'fixed', 'confirm_bars': 3, 'daytype_mode': 'off', 'daytype_lo': 0.35, 'daytype_hi': 0.75, 'vol_skip_pct': 93.0, 'stop_k': 2.0}"
183,610,78542,1.564,15605,5.03,34.6,0.369,14.9,40.5,0.7,1.74,349,5,2,"{'lookback': 107, 'band_mult_long': 1.0, 'band_mult_short': 1.25, 'exit_mode': 'vwap', 'side': 'Short Only', 'window': 'afternoon_block', 'flat_eod': False, 'skip_holidays': True, 'stop_mode': 'atr', 'confirm_bars': 1, 'daytype_mode': 'skip_bot_short', 'daytype_lo': 0.4, 'daytype_hi': 0.65, 'vol_skip_pct': 71.0, 'stop_k': 3.0}"
184,995,27546,1.265,12567,2.19,14.9,0.226,14.9,66.1,0.38,1.04,122,4,4,"{'lookback': 42, 'band_mult_long': 0.5, 'band_mult_short': 2.25, 'exit_mode': 'boundary', 'side': 'Long Only', 'window': 'afternoon_block', 'flat_eod': True, 'skip_holidays': True, 'stop_mode': 'atr', 'confirm_bars': 3, 'daytype_mode': 'skip_bot_short', 'daytype_lo': 0.45, 'daytype_hi': 0.55, 'vol_skip_pct': 24.0, 'stop_k': 1.75}"
185,1722,17455,1.149,9286,1.88,13.4,0.129,14.8,114.4,0.23,0.78,79,5,2,"{'lookback': 51, 'band_mult_long': 1.5, 'band_mult_short': 1.25, 'exit_mode': 'boundary', 'side': 'Both', 'window': 'afternoon_block', 'flat_eod': False, 'skip_holidays': False, 'stop_mode': 'fixed', 'confirm_bars': 1, 'daytype_mode': 'skip_bot_all', 'daytype_lo': 0.35, 'daytype_hi': 0.65, 'vol_skip_pct': 42.0, 'stop_k': 3.25}"
186,640,100888,1.619,11400,8.85,43.6,0.349,14.8,42.5,0.85,1.86,452,7,4,"{'lookback': 113, 'band_mult_long': 1.75, 'band_mult_short': 2.0, 'exit_mode': 'vwap', 'side': 'Both', 'window': 'all_day', 'flat_eod': False, 'skip_holidays': False, 'stop_mode': 'atr', 'confirm_bars': 1, 'daytype_mode': 'skip_top_long', 'daytype_lo': 0.35, 'daytype_hi': 0.75, 'vol_skip_pct': 62.0, 'stop_k': 3.25}"
187,1457,68963,1.197,29803,2.31,23.0,0.152,14.7,96.8,0.44,1.07,312,3,4,"{'lookback': 90, 'band_mult_long': 1.25, 'band_mult_short': 0.5, 'exit_mode': 'band', 'side': 'Short Only', 'window': 'all_day', 'flat_eod': True, 'skip_holidays': True, 'stop_mode': 'off', 'confirm_bars': 3, 'daytype_mode': 'skip_top_all', 'daytype_lo': 0.3, 'daytype_hi': 0.85, 'vol_skip_pct': 75.0, 'stop_k': 1.25}"
188,2045,61830,1.151,35361,1.75,28.4,0.108,14.7,135.8,0.37,0.9,279,4,2,"{'lookback': 86, 'band_mult_long': 2.0, 'band_mult_short': 0.5, 'exit_mode': 'vwap', 'side': 'Short Only', 'window': 'morning', 'flat_eod': False, 'skip_holidays': False, 'stop_mode': 'off', 'confirm_bars': 1, 'daytype_mode': 'off', 'daytype_lo': 0.2, 'daytype_hi': 0.9, 'vol_skip_pct': 68.0, 'stop_k': 1.75}"
189,1185,66168,1.269,17107,3.87,32.5,0.181,14.3,78.7,0.51,1.2,308,3,4,"{'lookback': 83, 'band_mult_long': 2.25, 'band_mult_short': 1.0, 'exit_mode': 'vwap', 'side': 'Short Only', 'window': 'all_day', 'flat_eod': True, 'skip_holidays': True, 'stop_mode': 'fixed', 'confirm_bars': 3, 'daytype_mode': 'skip_top_long', 'daytype_lo': 0.4, 'daytype_hi': 0.55, 'vol_skip_pct': 64.0, 'stop_k': 1.0}"
190,1017,69515,1.288,21701,3.2,26.4,0.212,14.3,67.5,0.53,1.29,323,7,4,"{'lookback': 94, 'band_mult_long': 2.0, 'band_mult_short': 1.0, 'exit_mode': 'band', 'side': 'Both', 'window': 'afternoon_block', 'flat_eod': False, 'skip_holidays': False, 'stop_mode': 'bandwidth', 'confirm_bars': 4, 'daytype_mode': 'skip_top_long', 'daytype_lo': 0.25, 'daytype_hi': 0.65, 'vol_skip_pct': 77.0, 'stop_k': 3.0}"
191,2694,20262,1.088,30294,0.67,9.1,0.08,14.2,178.9,0.18,0.59,94,3,1,"{'lookback': 64, 'band_mult_long': 0.5, 'band_mult_short': 0.5, 'exit_mode': 'boundary', 'side': 'Short Only', 'window': 'afternoon_block', 'flat_eod': True, 'skip_holidays': False, 'stop_mode': 'fixed', 'confirm_bars': 1, 'daytype_mode': 'off', 'daytype_lo': 0.15, 'daytype_hi': 0.6, 'vol_skip_pct': 41.0, 'stop_k': 2.5}"
192,696,31819,1.363,10342,3.08,17.0,0.302,14.0,46.2,0.41,1.23,151,5,5,"{'lookback': 24, 'band_mult_long': 1.25, 'band_mult_short': 1.5, 'exit_mode': 'boundary', 'side': 'Short Only', 'window': 'afternoon_block', 'flat_eod': False, 'skip_holidays': False, 'stop_mode': 'atr', 'confirm_bars': 3, 'daytype_mode': 'skip_top_all', 'daytype_lo': 0.05, 'daytype_hi': 0.65, 'vol_skip_pct': 82.0, 'stop_k': 0.5}"
193,436,22908,1.585,4168,5.5,17.7,0.482,14.0,29.0,0.49,1.42,109,4,4,"{'lookback': 60, 'band_mult_long': 0.75, 'band_mult_short': 1.25, 'exit_mode': 'boundary', 'side': 'Long Only', 'window': 'afternoon_block', 'flat_eod': True, 'skip_holidays': True, 'stop_mode': 'fixed', 'confirm_bars': 3, 'daytype_mode': 'skip_bot_short', 'daytype_lo': 0.1, 'daytype_hi': 0.7, 'vol_skip_pct': 14.0, 'stop_k': 1.0}"
194,962,35544,1.269,11247,3.16,18.6,0.219,14.0,63.9,0.38,1.11,168,4,4,"{'lookback': 114, 'band_mult_long': 2.0, 'band_mult_short': 1.75, 'exit_mode': 'boundary', 'side': 'Short Only', 'window': 'all_day', 'flat_eod': True, 'skip_holidays': True, 'stop_mode': 'atr', 'confirm_bars': 3, 'daytype_mode': 'skip_bot_all', 'daytype_lo': 0.4, 'daytype_hi': 0.9, 'vol_skip_pct': 94.0, 'stop_k': 0.75}"
195,1548,29048,1.161,14067,2.06,15.8,0.135,13.9,102.8,0.28,0.83,139,5,5,"{'lookback': 68, 'band_mult_long': 1.25, 'band_mult_short': 2.0, 'exit_mode': 'boundary', 'side': 'Short Only', 'window': 'all_day', 'flat_eod': True, 'skip_holidays': False, 'stop_mode': 'atr', 'confirm_bars': 2, 'daytype_mode': 'off', 'daytype_lo': 0.3, 'daytype_hi': 0.6, 'vol_skip_pct': 92.0, 'stop_k': 0.25}"
196,235,10190,2.109,1958,5.2,20.0,0.887,13.8,15.6,0.39,1.88,49,5,4,"{'lookback': 51, 'band_mult_long': 2.25, 'band_mult_short': 1.0, 'exit_mode': 'boundary', 'side': 'Long Only', 'window': 'afternoon_block', 'flat_eod': True, 'skip_holidays': True, 'stop_mode': 'fixed', 'confirm_bars': 2, 'daytype_mode': 'skip_top_long', 'daytype_lo': 0.15, 'daytype_hi': 0.8, 'vol_skip_pct': 53.0, 'stop_k': 3.0}"
197,3042,55252,1.1,30096,1.84,31.7,0.068,13.8,202.0,0.3,0.64,266,3,7,"{'lookback': 5, 'band_mult_long': 0.5, 'band_mult_short': 0.75, 'exit_mode': 'vwap', 'side': 'Short Only', 'window': 'all_day', 'flat_eod': True, 'skip_holidays': True, 'stop_mode': 'off', 'confirm_bars': 4, 'daytype_mode': 'skip_top_long', 'daytype_lo': 0.05, 'daytype_hi': 0.55, 'vol_skip_pct': 91.0, 'stop_k': 2.75}"
198,1547,56209,1.194,17130,3.28,31.8,0.133,13.6,102.7,0.41,0.94,274,4,6,"{'lookback': 23, 'band_mult_long': 1.0, 'band_mult_short': 1.0, 'exit_mode': 'vwap', 'side': 'Short Only', 'window': 'all_day', 'flat_eod': False, 'skip_holidays': False, 'stop_mode': 'bandwidth', 'confirm_bars': 2, 'daytype_mode': 'skip_top_long', 'daytype_lo': 0.1, 'daytype_hi': 0.85, 'vol_skip_pct': 58.0, 'stop_k': 3.75}"
199,566,70356,1.568,15652,4.5,36.4,0.361,13.6,37.6,0.71,1.68,344,5,2,"{'lookback': 18, 'band_mult_long': 1.75, 'band_mult_short': 1.75, 'exit_mode': 'vwap', 'side': 'Short Only', 'window': 'afternoon_block', 'flat_eod': False, 'skip_holidays': False, 'stop_mode': 'atr', 'confirm_bars': 1, 'daytype_mode': 'skip_bot_all', 'daytype_lo': 0.25, 'daytype_hi': 0.55, 'vol_skip_pct': 69.0, 'stop_k': 1.75}"
200,1042,89931,1.325,21020,4.28,40.3,0.194,13.4,69.2,0.69,1.28,444,7,2,"{'lookback': 89, 'band_mult_long': 1.25, 'band_mult_short': 1.25, 'exit_mode': 'vwap', 'side': 'Long Only', 'window': 'morning', 'flat_eod': True, 'skip_holidays': False, 'stop_mode': 'bandwidth', 'confirm_bars': 1, 'daytype_mode': 'skip_top_all', 'daytype_lo': 0.25, 'daytype_hi': 0.95, 'vol_skip_pct': 98.0, 'stop_k': 2.25}"
201,616,82503,1.505,12481,6.61,36.0,0.323,13.2,40.9,0.7,1.73,415,6,3,"{'lookback': 34, 'band_mult_long': 2.0, 'band_mult_short': 1.5, 'exit_mode': 'vwap', 'side': 'Short Only', 'window': 'morning', 'flat_eod': True, 'skip_holidays': False, 'stop_mode': 'off', 'confirm_bars': 2, 'daytype_mode': 'off', 'daytype_lo': 0.1, 'daytype_hi': 0.75, 'vol_skip_pct': 80.0, 'stop_k': 1.5}"
202,227,14090,2.163,2474,5.7,24.7,0.876,13.2,15.1,0.51,1.84,71,6,3,"{'lookback': 20, 'band_mult_long': 2.5, 'band_mult_short': 2.25, 'exit_mode': 'boundary', 'side': 'Long Only', 'window': 'all_day', 'flat_eod': False, 'skip_holidays': True, 'stop_mode': 'off', 'confirm_bars': 3, 'daytype_mode': 'off', 'daytype_lo': 0.25, 'daytype_hi': 0.65, 'vol_skip_pct': 52.0, 'stop_k': 2.75}"
203,610,48618,1.53,9486,5.13,39.0,0.323,13.1,40.5,0.66,1.7,246,5,3,"{'lookback': 104, 'band_mult_long': 0.75, 'band_mult_short': 1.75, 'exit_mode': 'vwap', 'side': 'Long Only', 'window': 'all_day', 'flat_eod': True, 'skip_holidays': False, 'stop_mode': 'bandwidth', 'confirm_bars': 2, 'daytype_mode': 'skip_top_long', 'daytype_lo': 0.15, 'daytype_hi': 0.8, 'vol_skip_pct': 34.0, 'stop_k': 0.75}"
204,775,94199,1.446,27470,3.43,43.0,0.255,13.1,51.5,0.52,1.22,478,8,5,"{'lookback': 47, 'band_mult_long': 1.5, 'band_mult_short': 2.0, 'exit_mode': 'vwap', 'side': 'Long Only', 'window': 'all_day', 'flat_eod': True, 'skip_holidays': False, 'stop_mode': 'fixed', 'confirm_bars': 2, 'daytype_mode': 'skip_top_long', 'daytype_lo': 0.3, 'daytype_hi': 0.8, 'vol_skip_pct': 0.0, 'stop_k': 3.75}"
205,638,54881,1.441,13181,4.16,30.6,0.306,13.0,42.4,0.54,1.48,281,5,4,"{'lookback': 49, 'band_mult_long': 2.5, 'band_mult_short': 1.75, 'exit_mode': 'band', 'side': 'Short Only', 'window': 'morning', 'flat_eod': False, 'skip_holidays': False, 'stop_mode': 'bandwidth', 'confirm_bars': 2, 'daytype_mode': 'off', 'daytype_lo': 0.05, 'daytype_hi': 0.65, 'vol_skip_pct': 93.0, 'stop_k': 1.5}"
206,681,71206,1.45,10680,6.67,36.7,0.285,12.9,45.2,0.68,1.63,367,5,4,"{'lookback': 120, 'band_mult_long': 1.75, 'band_mult_short': 1.0, 'exit_mode': 'vwap', 'side': 'Both', 'window': 'morning', 'flat_eod': False, 'skip_holidays': False, 'stop_mode': 'fixed', 'confirm_bars': 3, 'daytype_mode': 'skip_bot_all', 'daytype_lo': 0.2, 'daytype_hi': 0.9, 'vol_skip_pct': 64.0, 'stop_k': 3.25}"
207,3862,18280,1.056,44633,0.41,10.0,0.05,12.9,256.5,0.14,0.45,94,2,2,"{'lookback': 76, 'band_mult_long': 2.0, 'band_mult_short': 0.5, 'exit_mode': 'boundary', 'side': 'Both', 'window': 'all_day', 'flat_eod': False, 'skip_holidays': False, 'stop_mode': 'off', 'confirm_bars': 1, 'daytype_mode': 'skip_top_all', 'daytype_lo': 0.45, 'daytype_hi': 0.65, 'vol_skip_pct': 69.0, 'stop_k': 2.25}"
208,564,71043,1.575,15664,4.54,40.8,0.341,12.8,37.5,0.7,1.58,370,7,2,"{'lookback': 26, 'band_mult_long': 2.25, 'band_mult_short': 2.0, 'exit_mode': 'vwap', 'side': 'Both', 'window': 'all_day', 'flat_eod': True, 'skip_holidays': True, 'stop_mode': 'off', 'confirm_bars': 1, 'daytype_mode': 'skip_top_all', 'daytype_lo': 0.35, 'daytype_hi': 0.8, 'vol_skip_pct': 57.0, 'stop_k': 2.5}"
209,425,19359,1.585,4325,4.48,22.4,0.454,12.8,28.2,0.48,1.73,100,7,4,"{'lookback': 82, 'band_mult_long': 1.25, 'band_mult_short': 2.25, 'exit_mode': 'boundary', 'side': 'Long Only', 'window': 'morning', 'flat_eod': True, 'skip_holidays': True, 'stop_mode': 'bandwidth', 'confirm_bars': 3, 'daytype_mode': 'off', 'daytype_lo': 0.25, 'daytype_hi': 0.85, 'vol_skip_pct': 42.0, 'stop_k': 3.25}"
210,604,13699,1.383,6571,2.08,16.7,0.319,12.8,40.1,0.37,1.22,71,5,4,"{'lookback': 114, 'band_mult_long': 1.75, 'band_mult_short': 1.0, 'exit_mode': 'boundary', 'side': 'Long Only', 'window': 'afternoon_block', 'flat_eod': False, 'skip_holidays': False, 'stop_mode': 'bandwidth', 'confirm_bars': 2, 'daytype_mode': 'skip_top_long', 'daytype_lo': 0.1, 'daytype_hi': 0.85, 'vol_skip_pct': 59.0, 'stop_k': 0.25}"
211,2170,35053,1.105,28349,1.24,16.2,0.088,12.7,144.1,0.24,0.68,183,2,2,"{'lookback': 13, 'band_mult_long': 2.25, 'band_mult_short': 0.5, 'exit_mode': 'band', 'side': 'Short Only', 'window': 'afternoon_block', 'flat_eod': False, 'skip_holidays': False, 'stop_mode': 'fixed', 'confirm_bars': 1, 'daytype_mode': 'skip_bot_short', 'daytype_lo': 0.15, 'daytype_hi': 0.95, 'vol_skip_pct': 59.0, 'stop_k': 2.75}"
212,597,49786,1.488,8179,6.09,34.5,0.319,12.7,39.7,0.64,1.39,261,6,4,"{'lookback': 78, 'band_mult_long': 0.75, 'band_mult_short': 0.75, 'exit_mode': 'band', 'side': 'Long Only', 'window': 'all_day', 'flat_eod': False, 'skip_holidays': True, 'stop_mode': 'off', 'confirm_bars': 4, 'daytype_mode': 'skip_top_long', 'daytype_lo': 0.35, 'daytype_hi': 0.65, 'vol_skip_pct': 61.0, 'stop_k': 1.0}"
213,1207,16377,1.172,14236,1.15,10.8,0.154,12.3,80.2,0.22,0.75,88,2,2,"{'lookback': 47, 'band_mult_long': 2.5, 'band_mult_short': 0.5, 'exit_mode': 'boundary', 'side': 'Both', 'window': 'morning', 'flat_eod': False, 'skip_holidays': True, 'stop_mode': 'atr', 'confirm_bars': 1, 'daytype_mode': 'skip_bot_short', 'daytype_lo': 0.3, 'daytype_hi': 0.65, 'vol_skip_pct': 27.0, 'stop_k': 2.5}"
214,367,13922,1.655,3249,4.28,22.6,0.506,12.3,24.4,0.43,1.52,75,6,4,"{'lookback': 15, 'band_mult_long': 2.0, 'band_mult_short': 1.5, 'exit_mode': 'boundary', 'side': 'Long Only', 'window': 'afternoon_block', 'flat_eod': True, 'skip_holidays': False, 'stop_mode': 'fixed', 'confirm_bars': 2, 'daytype_mode': 'skip_bot_short', 'daytype_lo': 0.05, 'daytype_hi': 0.75, 'vol_skip_pct': 33.0, 'stop_k': 4.0}"
215,625,72548,1.498,12251,5.92,40.6,0.296,12.3,41.5,0.75,1.53,393,7,4,"{'lookback': 87, 'band_mult_long': 1.0, 'band_mult_short': 2.25, 'exit_mode': 'vwap', 'side': 'Long Only', 'window': 'morning', 'flat_eod': False, 'skip_holidays': False, 'stop_mode': 'fixed', 'confirm_bars': 3, 'daytype_mode': 'skip_bot_all', 'daytype_lo': 0.45, 'daytype_hi': 0.55, 'vol_skip_pct': 99.0, 'stop_k': 2.0}"
216,1733,16243,1.118,31928,0.51,9.9,0.106,12.2,115.1,0.17,0.62,89,2,1,"{'lookback': 86, 'band_mult_long': 2.25, 'band_mult_short': 0.5, 'exit_mode': 'boundary', 'side': 'Both', 'window': 'all_day', 'flat_eod': True, 'skip_holidays': True, 'stop_mode': 'fixed', 'confirm_bars': 1, 'daytype_mode': 'off', 'daytype_lo': 0.05, 'daytype_hi': 0.95, 'vol_skip_pct': 19.0, 'stop_k': 3.5}"
217,696,74896,1.45,12897,5.81,41.2,0.264,12.2,46.2,0.69,1.44,407,7,4,"{'lookback': 23, 'band_mult_long': 2.0, 'band_mult_short': 2.25, 'exit_mode': 'vwap', 'side': 'Both', 'window': 'all_day', 'flat_eod': True, 'skip_holidays': False, 'stop_mode': 'bandwidth', 'confirm_bars': 2, 'daytype_mode': 'skip_top_long', 'daytype_lo': 0.35, 'daytype_hi': 0.8, 'vol_skip_pct': 74.0, 'stop_k': 2.75}"
218,552,22378,1.401,9584,2.33,18.7,0.327,12.0,36.7,0.35,1.19,124,5,5,"{'lookback': 75, 'band_mult_long': 1.75, 'band_mult_short': 2.0, 'exit_mode': 'boundary', 'side': 'Short Only', 'window': 'morning', 'flat_eod': True, 'skip_holidays': True, 'stop_mode': 'fixed', 'confirm_bars': 2, 'daytype_mode': 'skip_top_long', 'daytype_lo': 0.1, 'daytype_hi': 0.75, 'vol_skip_pct': 71.0, 'stop_k': 0.5}"
219,1951,27907,1.106,28000,1.0,12.9,0.093,12.0,129.6,0.22,0.78,154,4,5,"{'lookback': 21, 'band_mult_long': 2.5, 'band_mult_short': 0.75, 'exit_mode': 'band', 'side': 'Both', 'window': 'morning', 'flat_eod': True, 'skip_holidays': True, 'stop_mode': 'bandwidth', 'confirm_bars': 3, 'daytype_mode': 'skip_top_long', 'daytype_lo': 0.35, 'daytype_hi': 0.75, 'vol_skip_pct': 74.0, 'stop_k': 0.25}"
220,781,17918,1.28,9402,1.91,17.8,0.23,11.9,51.9,0.34,1.07,100,8,4,"{'lookback': 111, 'band_mult_long': 1.0, 'band_mult_short': 1.25, 'exit_mode': 'boundary', 'side': 'Long Only', 'window': 'morning', 'flat_eod': True, 'skip_holidays': False, 'stop_mode': 'fixed', 'confirm_bars': 2, 'daytype_mode': 'off', 'daytype_lo': 0.45, 'daytype_hi': 0.8, 'vol_skip_pct': 40.0, 'stop_k': 0.25}"
221,373,34454,1.699,5571,6.18,31.1,0.482,11.9,24.8,0.65,1.71,192,7,4,"{'lookback': 50, 'band_mult_long': 1.25, 'band_mult_short': 2.25, 'exit_mode': 'band', 'side': 'Long Only', 'window': 'afternoon_block', 'flat_eod': False, 'skip_holidays': True, 'stop_mode': 'off', 'confirm_bars': 3, 'daytype_mode': 'off', 'daytype_lo': 0.2, 'daytype_hi': 0.95, 'vol_skip_pct': 38.0, 'stop_k': 3.75}"
222,670,37558,1.396,10742,3.5,32.5,0.267,11.9,44.5,0.55,1.26,210,7,4,"{'lookback': 6, 'band_mult_long': 1.25, 'band_mult_short': 2.5, 'exit_mode': 'band', 'side': 'Long Only', 'window': 'morning', 'flat_eod': False, 'skip_holidays': True, 'stop_mode': 'atr', 'confirm_bars': 2, 'daytype_mode': 'skip_top_long', 'daytype_lo': 0.2, 'daytype_hi': 0.85, 'vol_skip_pct': 66.0, 'stop_k': 3.25}"
223,392,29846,1.616,5284,5.65,27.3,0.448,11.7,26.0,0.53,1.49,170,7,2,"{'lookback': 66, 'band_mult_long': 1.0, 'band_mult_short': 2.5, 'exit_mode': 'band', 'side': 'Both', 'window': 'afternoon_block', 'flat_eod': False, 'skip_holidays': False, 'stop_mode': 'off', 'confirm_bars': 1, 'daytype_mode': 'skip_top_long', 'daytype_lo': 0.25, 'daytype_hi': 0.75, 'vol_skip_pct': 20.0, 'stop_k': 3.75}"
224,558,40045,1.423,10103,3.96,26.2,0.312,11.6,37.1,0.49,1.43,230,5,4,"{'lookback': 74, 'band_mult_long': 1.0, 'band_mult_short': 1.5, 'exit_mode': 'band', 'side': 'Short Only', 'window': 'afternoon_block', 'flat_eod': True, 'skip_holidays': True, 'stop_mode': 'atr', 'confirm_bars': 2, 'daytype_mode': 'skip_top_all', 'daytype_lo': 0.45, 'daytype_hi': 0.85, 'vol_skip_pct': 61.0, 'stop_k': 0.25}"
225,439,37450,1.602,8565,4.37,33.7,0.399,11.6,29.2,0.62,1.56,214,8,3,"{'lookback': 101, 'band_mult_long': 1.0, 'band_mult_short': 2.5, 'exit_mode': 'band', 'side': 'Long Only', 'window': 'morning', 'flat_eod': True, 'skip_holidays': True, 'stop_mode': 'off', 'confirm_bars': 2, 'daytype_mode': 'skip_top_long', 'daytype_lo': 0.15, 'daytype_hi': 0.9, 'vol_skip_pct': 46.0, 'stop_k': 2.25}"
226,1675,21646,1.121,19048,1.14,14.7,0.103,11.5,111.3,0.22,0.64,125,5,6,"{'lookback': 76, 'band_mult_long': 1.25, 'band_mult_short': 0.75, 'exit_mode': 'boundary', 'side': 'Both', 'window': 'morning', 'flat_eod': False, 'skip_holidays': False, 'stop_mode': 'fixed', 'confirm_bars': 2, 'daytype_mode': 'skip_bot_all', 'daytype_lo': 0.05, 'daytype_hi': 0.7, 'vol_skip_pct': 39.0, 'stop_k': 4.0}"
227,447,31885,1.513,9293,3.43,26.0,0.38,11.3,29.7,0.55,1.81,188,8,3,"{'lookback': 52, 'band_mult_long': 1.0, 'band_mult_short': 1.75, 'exit_mode': 'vwap', 'side': 'Long Only', 'window': 'morning', 'flat_eod': True, 'skip_holidays': True, 'stop_mode': 'bandwidth', 'confirm_bars': 4, 'daytype_mode': 'skip_bot_all', 'daytype_lo': 0.45, 'daytype_hi': 0.8, 'vol_skip_pct': 57.0, 'stop_k': 0.25}"
228,2080,53213,1.117,50540,1.05,30.7,0.081,11.2,138.1,0.31,0.69,316,4,3,"{'lookback': 101, 'band_mult_long': 2.25, 'band_mult_short': 0.75, 'exit_mode': 'vwap', 'side': 'Both', 'window': 'afternoon_block', 'flat_eod': False, 'skip_holidays': False, 'stop_mode': 'bandwidth', 'confirm_bars': 1, 'daytype_mode': 'off', 'daytype_lo': 0.2, 'daytype_hi': 0.55, 'vol_skip_pct': 68.0, 'stop_k': 2.25}"
229,760,32963,1.296,7236,4.56,25.3,0.221,11.2,50.5,0.36,1.03,196,3,2,"{'lookback': 68, 'band_mult_long': 1.75, 'band_mult_short': 1.75, 'exit_mode': 'band', 'side': 'Short Only', 'window': 'all_day', 'flat_eod': True, 'skip_holidays': False, 'stop_mode': 'off', 'confirm_bars': 1, 'daytype_mode': 'skip_bot_all', 'daytype_lo': 0.35, 'daytype_hi': 0.65, 'vol_skip_pct': 67.0, 'stop_k': 0.75}"
230,1157,15953,1.168,17966,0.89,13.7,0.145,11.1,76.8,0.22,0.81,95,3,2,"{'lookback': 70, 'band_mult_long': 2.5, 'band_mult_short': 2.25, 'exit_mode': 'boundary', 'side': 'Short Only', 'window': 'all_day', 'flat_eod': True, 'skip_holidays': True, 'stop_mode': 'atr', 'confirm_bars': 1, 'daytype_mode': 'skip_bot_all', 'daytype_lo': 0.1, 'daytype_hi': 0.8, 'vol_skip_pct': 71.0, 'stop_k': 3.0}"
231,1070,32035,1.193,14197,2.26,19.3,0.156,11.1,71.1,0.31,0.77,192,4,5,"{'lookback': 80, 'band_mult_long': 0.5, 'band_mult_short': 2.0, 'exit_mode': 'boundary', 'side': 'Short Only', 'window': 'all_day', 'flat_eod': False, 'skip_holidays': False, 'stop_mode': 'atr', 'confirm_bars': 4, 'daytype_mode': 'off', 'daytype_lo': 0.25, 'daytype_hi': 0.8, 'vol_skip_pct': 96.0, 'stop_k': 1.75}"
232,1311,22172,1.146,20662,1.07,14.4,0.125,10.9,87.1,0.23,0.62,136,2,4,"{'lookback': 116, 'band_mult_long': 0.5, 'band_mult_short': 0.5, 'exit_mode': 'boundary', 'side': 'Both', 'window': 'all_day', 'flat_eod': True, 'skip_holidays': False, 'stop_mode': 'fixed', 'confirm_bars': 3, 'daytype_mode': 'skip_bot_all', 'daytype_lo': 0.15, 'daytype_hi': 0.6, 'vol_skip_pct': 15.0, 'stop_k': 2.75}"
233,1165,36145,1.203,32673,1.11,30.8,0.14,10.8,77.4,0.4,0.91,221,5,4,"{'lookback': 6, 'band_mult_long': 2.25, 'band_mult_short': 1.5, 'exit_mode': 'band', 'side': 'Both', 'window': 'afternoon_block', 'flat_eod': True, 'skip_holidays': True, 'stop_mode': 'bandwidth', 'confirm_bars': 2, 'daytype_mode': 'skip_top_all', 'daytype_lo': 0.45, 'daytype_hi': 0.7, 'vol_skip_pct': 85.0, 'stop_k': 1.0}"
234,764,18026,1.256,8610,2.09,17.0,0.212,10.8,50.7,0.32,0.87,111,6,4,"{'lookback': 58, 'band_mult_long': 0.75, 'band_mult_short': 2.0, 'exit_mode': 'boundary', 'side': 'Both', 'window': 'afternoon_block', 'flat_eod': True, 'skip_holidays': False, 'stop_mode': 'bandwidth', 'confirm_bars': 2, 'daytype_mode': 'skip_top_all', 'daytype_lo': 0.1, 'daytype_hi': 0.7, 'vol_skip_pct': 27.0, 'stop_k': 2.25}"
235,2133,56782,1.112,37905,1.5,32.3,0.076,10.7,141.7,0.31,0.65,351,4,5,"{'lookback': 42, 'band_mult_long': 2.5, 'band_mult_short': 0.75, 'exit_mode': 'vwap', 'side': 'Both', 'window': 'afternoon_block', 'flat_eod': False, 'skip_holidays': True, 'stop_mode': 'fixed', 'confirm_bars': 4, 'daytype_mode': 'skip_top_long', 'daytype_lo': 0.25, 'daytype_hi': 0.85, 'vol_skip_pct': 96.0, 'stop_k': 3.25}"
236,588,12535,1.319,4537,2.76,13.9,0.274,10.7,39.1,0.27,0.83,78,7,1,"{'lookback': 120, 'band_mult_long': 1.0, 'band_mult_short': 2.25, 'exit_mode': 'boundary', 'side': 'Long Only', 'window': 'afternoon_block', 'flat_eod': True, 'skip_holidays': True, 'stop_mode': 'off', 'confirm_bars': 1, 'daytype_mode': 'skip_top_all', 'daytype_lo': 0.05, 'daytype_hi': 0.6, 'vol_skip_pct': 32.0, 'stop_k': 1.0}"
237,583,61796,1.464,10628,5.81,42.2,0.268,10.4,38.7,0.74,1.43,395,8,4,"{'lookback': 15, 'band_mult_long': 1.25, 'band_mult_short': 1.5, 'exit_mode': 'vwap', 'side': 'Long Only', 'window': 'morning', 'flat_eod': False, 'skip_holidays': True, 'stop_mode': 'bandwidth', 'confirm_bars': 4, 'daytype_mode': 'skip_bot_short', 'daytype_lo': 0.05, 'daytype_hi': 0.55, 'vol_skip_pct': 82.0, 'stop_k': 2.0}"
238,420,26070,1.481,11279,2.31,22.6,0.372,10.4,27.9,0.4,1.15,167,4,4,"{'lookback': 44, 'band_mult_long': 0.5, 'band_mult_short': 2.0, 'exit_mode': 'boundary', 'side': 'Short Only', 'window': 'all_day', 'flat_eod': True, 'skip_holidays': True, 'stop_mode': 'bandwidth', 'confirm_bars': 4, 'daytype_mode': 'skip_top_all', 'daytype_lo': 0.2, 'daytype_hi': 0.55, 'vol_skip_pct': 78.0, 'stop_k': 1.0}"
239,737,29168,1.267,10468,2.79,21.6,0.209,10.3,49.0,0.38,1.03,189,5,1,"{'lookback': 76, 'band_mult_long': 0.5, 'band_mult_short': 1.25, 'exit_mode': 'band', 'side': 'Both', 'window': 'morning', 'flat_eod': False, 'skip_holidays': True, 'stop_mode': 'bandwidth', 'confirm_bars': 1, 'daytype_mode': 'off', 'daytype_lo': 0.4, 'daytype_hi': 0.7, 'vol_skip_pct': 17.0, 'stop_k': 1.75}"
240,1668,28702,1.131,26014,1.1,29.7,0.092,10.2,110.8,0.32,0.67,187,7,2,"{'lookback': 45, 'band_mult_long': 1.5, 'band_mult_short': 1.0, 'exit_mode': 'band', 'side': 'Long Only', 'window': 'afternoon_block', 'flat_eod': True, 'skip_holidays': True, 'stop_mode': 'bandwidth', 'confirm_bars': 1, 'daytype_mode': 'skip_bot_short', 'daytype_lo': 0.2, 'daytype_hi': 0.65, 'vol_skip_pct': 97.0, 'stop_k': 2.25}"
241,234,40950,2.21,4200,9.75,46.2,0.652,10.1,15.5,0.74,1.85,269,6,4,"{'lookback': 6, 'band_mult_long': 1.25, 'band_mult_short': 1.5, 'exit_mode': 'vwap', 'side': 'Long Only', 'window': 'all_day', 'flat_eod': False, 'skip_holidays': True, 'stop_mode': 'bandwidth', 'confirm_bars': 3, 'daytype_mode': 'skip_top_all', 'daytype_lo': 0.2, 'daytype_hi': 0.75, 'vol_skip_pct': 21.0, 'stop_k': 1.5}"
242,296,61005,1.945,8326,7.33,45.6,0.514,10.1,19.7,0.78,2.1,401,5,3,"{'lookback': 114, 'band_mult_long': 2.25, 'band_mult_short': 2.5, 'exit_mode': 'vwap', 'side': 'Both', 'window': 'all_day', 'flat_eod': True, 'skip_holidays': False, 'stop_mode': 'atr', 'confirm_bars': 1, 'daytype_mode': 'skip_top_long', 'daytype_lo': 0.05, 'daytype_hi': 0.85, 'vol_skip_pct': 55.0, 'stop_k': 3.0}"
243,1575,37931,1.132,30086,1.26,26.5,0.097,10.1,104.6,0.3,0.56,249,6,1,"{'lookback': 67, 'band_mult_long': 1.0, 'band_mult_short': 2.25, 'exit_mode': 'band', 'side': 'Long Only', 'window': 'morning', 'flat_eod': False, 'skip_holidays': True, 'stop_mode': 'off', 'confirm_bars': 1, 'daytype_mode': 'skip_top_all', 'daytype_lo': 0.35, 'daytype_hi': 0.8, 'vol_skip_pct': 0.0, 'stop_k': 3.75}"
244,637,48470,1.355,16398,2.96,32.5,0.239,10.1,42.3,0.47,1.21,318,6,4,"{'lookback': 86, 'band_mult_long': 2.0, 'band_mult_short': 0.75, 'exit_mode': 'vwap', 'side': 'Short Only', 'window': 'morning', 'flat_eod': True, 'skip_holidays': False, 'stop_mode': 'off', 'confirm_bars': 4, 'daytype_mode': 'skip_bot_all', 'daytype_lo': 0.35, 'daytype_hi': 0.65, 'vol_skip_pct': 69.0, 'stop_k': 3.0}"
245,415,39496,1.481,11962,3.3,24.1,0.365,10.1,27.6,0.48,1.31,261,6,3,"{'lookback': 63, 'band_mult_long': 2.5, 'band_mult_short': 1.25, 'exit_mode': 'band', 'side': 'Short Only', 'window': 'morning', 'flat_eod': True, 'skip_holidays': True, 'stop_mode': 'fixed', 'confirm_bars': 3, 'daytype_mode': 'off', 'daytype_lo': 0.25, 'daytype_hi': 0.55, 'vol_skip_pct': 53.0, 'stop_k': 1.5}"
246,562,54914,1.442,10279,5.34,39.0,0.27,10.1,37.3,0.58,1.29,362,5,4,"{'lookback': 77, 'band_mult_long': 1.25, 'band_mult_short': 1.5, 'exit_mode': 'vwap', 'side': 'Both', 'window': 'all_day', 'flat_eod': False, 'skip_holidays': True, 'stop_mode': 'atr', 'confirm_bars': 3, 'daytype_mode': 'skip_bot_all', 'daytype_lo': 0.25, 'daytype_hi': 0.6, 'vol_skip_pct': 39.0, 'stop_k': 4.0}"
247,1207,30473,1.154,21359,1.43,19.1,0.125,10.0,80.2,0.27,0.74,202,5,1,"{'lookback': 120, 'band_mult_long': 2.25, 'band_mult_short': 0.5, 'exit_mode': 'band', 'side': 'Both', 'window': 'morning', 'flat_eod': False, 'skip_holidays': True, 'stop_mode': 'fixed', 'confirm_bars': 1, 'daytype_mode': 'off', 'daytype_lo': 0.3, 'daytype_hi': 0.55, 'vol_skip_pct': 40.0, 'stop_k': 3.0}"
248,538,41070,1.38,14290,2.87,27.5,0.276,9.9,35.7,0.46,1.18,277,4,6,"{'lookback': 38, 'band_mult_long': 2.5, 'band_mult_short': 1.75, 'exit_mode': 'band', 'side': 'Both', 'window': 'morning', 'flat_eod': False, 'skip_holidays': False, 'stop_mode': 'bandwidth', 'confirm_bars': 3, 'daytype_mode': 'skip_top_long', 'daytype_lo': 0.05, 'daytype_hi': 0.65, 'vol_skip_pct': 87.0, 'stop_k': 3.0}"
249,273,12733,1.678,2692,4.73,20.5,0.539,9.8,18.1,0.4,1.29,87,7,3,"{'lookback': 94, 'band_mult_long': 1.75, 'band_mult_short': 2.5, 'exit_mode': 'boundary', 'side': 'Long Only', 'window': 'morning', 'flat_eod': False, 'skip_holidays': False, 'stop_mode': 'fixed', 'confirm_bars': 3, 'daytype_mode': 'skip_bot_all', 'daytype_lo': 0.4, 'daytype_hi': 0.75, 'vol_skip_pct': 62.0, 'stop_k': 1.75}"
250,220,15780,2.009,3257,4.84,33.6,0.67,9.8,14.6,0.54,2.07,107,5,5,"{'lookback': 27, 'band_mult_long': 2.5, 'band_mult_short': 1.5, 'exit_mode': 'band', 'side': 'Long Only', 'window': 'all_day', 'flat_eod': False, 'skip_holidays': False, 'stop_mode': 'off', 'confirm_bars': 2, 'daytype_mode': 'skip_bot_all', 'daytype_lo': 0.3, 'daytype_hi': 0.8, 'vol_skip_pct': 86.0, 'stop_k': 1.5}"
251,945,35056,1.206,24336,1.44,23.9,0.157,9.8,62.8,0.32,0.91,237,5,6,"{'lookback': 83, 'band_mult_long': 1.5, 'band_mult_short': 1.0, 'exit_mode': 'band', 'side': 'Short Only', 'window': 'all_day', 'flat_eod': False, 'skip_holidays': True, 'stop_mode': 'fixed', 'confirm_bars': 2, 'daytype_mode': 'skip_top_long', 'daytype_lo': 0.25, 'daytype_hi': 0.95, 'vol_skip_pct': 46.0, 'stop_k': 2.5}"
252,667,26933,1.298,11409,2.36,26.8,0.218,9.7,44.3,0.33,1.03,185,3,3,"{'lookback': 8, 'band_mult_long': 2.25, 'band_mult_short': 1.5, 'exit_mode': 'band', 'side': 'Short Only', 'window': 'all_day', 'flat_eod': True, 'skip_holidays': True, 'stop_mode': 'bandwidth', 'confirm_bars': 1, 'daytype_mode': 'skip_top_all', 'daytype_lo': 0.3, 'daytype_hi': 0.8, 'vol_skip_pct': 34.0, 'stop_k': 3.0}"
253,1517,39213,1.14,37248,1.05,31.6,0.096,9.7,100.8,0.29,0.68,270,3,2,"{'lookback': 24, 'band_mult_long': 2.5, 'band_mult_short': 1.0, 'exit_mode': 'vwap', 'side': 'Short Only', 'window': 'all_day', 'flat_eod': True, 'skip_holidays': True, 'stop_mode': 'bandwidth', 'confirm_bars': 1, 'daytype_mode': 'skip_bot_short', 'daytype_lo': 0.15, 'daytype_hi': 0.55, 'vol_skip_pct': 55.0, 'stop_k': 2.75}"
254,401,31750,1.509,8456,3.75,28.7,0.363,9.7,26.6,0.46,1.39,218,5,4,"{'lookback': 60, 'band_mult_long': 1.75, 'band_mult_short': 1.5, 'exit_mode': 'band', 'side': 'Short Only', 'window': 'afternoon_block', 'flat_eod': True, 'skip_holidays': False, 'stop_mode': 'atr', 'confirm_bars': 2, 'daytype_mode': 'skip_bot_all', 'daytype_lo': 0.45, 'daytype_hi': 0.65, 'vol_skip_pct': 59.0, 'stop_k': 2.0}"
255,1352,21148,1.126,13856,1.53,16.9,0.104,9.4,89.8,0.22,0.57,150,5,3,"{'lookback': 33, 'band_mult_long': 1.75, 'band_mult_short': 0.75, 'exit_mode': 'boundary', 'side': 'Both', 'window': 'morning', 'flat_eod': True, 'skip_holidays': False, 'stop_mode': 'atr', 'confirm_bars': 3, 'daytype_mode': 'skip_bot_short', 'daytype_lo': 0.35, 'daytype_hi': 0.7, 'vol_skip_pct': 59.0, 'stop_k': 0.75}"
256,470,52130,1.517,11611,4.49,42.6,0.297,9.3,31.2,0.67,1.2,373,8,5,"{'lookback': 7, 'band_mult_long': 1.5, 'band_mult_short': 2.25, 'exit_mode': 'vwap', 'side': 'Long Only', 'window': 'afternoon_block', 'flat_eod': False, 'skip_holidays': False, 'stop_mode': 'fixed', 'confirm_bars': 3, 'daytype_mode': 'skip_bot_all', 'daytype_lo': 0.45, 'daytype_hi': 0.7, 'vol_skip_pct': 0.0, 'stop_k': 2.25}"
257,509,44504,1.458,8858,5.02,40.3,0.274,9.3,33.8,0.57,1.1,319,7,5,"{'lookback': 88, 'band_mult_long': 1.0, 'band_mult_short': 2.0, 'exit_mode': 'vwap', 'side': 'Long Only', 'window': 'all_day', 'flat_eod': True, 'skip_holidays': True, 'stop_mode': 'off', 'confirm_bars': 2, 'daytype_mode': 'off', 'daytype_lo': 0.05, 'daytype_hi': 0.65, 'vol_skip_pct': 33.0, 'stop_k': 0.75}"
258,550,51650,1.381,24096,2.14,34.9,0.248,9.1,36.5,0.5,1.21,379,5,3,"{'lookback': 75, 'band_mult_long': 1.25, 'band_mult_short': 1.25, 'exit_mode': 'vwap', 'side': 'Short Only', 'window': 'morning', 'flat_eod': True, 'skip_holidays': False, 'stop_mode': 'atr', 'confirm_bars': 1, 'daytype_mode': 'skip_bot_short', 'daytype_lo': 0.25, 'daytype_hi': 0.7, 'vol_skip_pct': 62.0, 'stop_k': 0.5}"
259,708,41728,1.272,19384,2.15,30.4,0.189,8.9,47.0,0.43,1.04,311,6,5,"{'lookback': 104, 'band_mult_long': 1.5, 'band_mult_short': 1.75, 'exit_mode': 'band', 'side': 'Both', 'window': 'morning', 'flat_eod': True, 'skip_holidays': False, 'stop_mode': 'bandwidth', 'confirm_bars': 4, 'daytype_mode': 'skip_top_all', 'daytype_lo': 0.4, 'daytype_hi': 0.75, 'vol_skip_pct': 95.0, 'stop_k': 0.5}"
260,417,30755,1.452,6521,4.72,29.0,0.321,8.9,27.7,0.43,1.29,230,5,6,"{'lookback': 109, 'band_mult_long': 2.0, 'band_mult_short': 1.75, 'exit_mode': 'band', 'side': 'Short Only', 'window': 'all_day', 'flat_eod': True, 'skip_holidays': False, 'stop_mode': 'fixed', 'confirm_bars': 2, 'daytype_mode': 'skip_bot_all', 'daytype_lo': 0.45, 'daytype_hi': 0.65, 'vol_skip_pct': 67.0, 'stop_k': 3.5}"
261,655,68961,1.325,14510,4.75,38.0,0.202,8.8,43.5,0.54,1.12,522,6,5,"{'lookback': 105, 'band_mult_long': 0.75, 'band_mult_short': 1.5, 'exit_mode': 'vwap', 'side': 'Short Only', 'window': 'afternoon_block', 'flat_eod': True, 'skip_holidays': False, 'stop_mode': 'bandwidth', 'confirm_bars': 4, 'daytype_mode': 'skip_top_long', 'daytype_lo': 0.25, 'daytype_hi': 0.9, 'vol_skip_pct': 91.0, 'stop_k': 1.5}"
262,386,22145,1.426,9114,2.43,20.5,0.339,8.7,25.6,0.36,1.14,169,6,4,"{'lookback': 71, 'band_mult_long': 2.5, 'band_mult_short': 2.25, 'exit_mode': 'boundary', 'side': 'Short Only', 'window': 'afternoon_block', 'flat_eod': False, 'skip_holidays': False, 'stop_mode': 'off', 'confirm_bars': 4, 'daytype_mode': 'skip_bot_short', 'daytype_lo': 0.15, 'daytype_hi': 0.6, 'vol_skip_pct': 84.0, 'stop_k': 3.75}"
263,1006,18276,1.168,18094,1.01,22.7,0.13,8.7,66.8,0.28,0.55,140,4,3,"{'lookback': 11, 'band_mult_long': 1.5, 'band_mult_short': 1.75, 'exit_mode': 'boundary', 'side': 'Both', 'window': 'afternoon_block', 'flat_eod': True, 'skip_holidays': True, 'stop_mode': 'atr', 'confirm_bars': 4, 'daytype_mode': 'skip_top_all', 'daytype_lo': 0.05, 'daytype_hi': 0.65, 'vol_skip_pct': 72.0, 'stop_k': 4.0}"
264,215,13967,1.72,6266,2.23,19.1,0.583,8.3,14.3,0.33,1.21,111,5,5,"{'lookback': 80, 'band_mult_long': 2.5, 'band_mult_short': 2.25, 'exit_mode': 'boundary', 'side': 'Both', 'window': 'all_day', 'flat_eod': True, 'skip_holidays': True, 'stop_mode': 'atr', 'confirm_bars': 4, 'daytype_mode': 'skip_top_long', 'daytype_lo': 0.3, 'daytype_hi': 0.95, 'vol_skip_pct': 30.0, 'stop_k': 0.75}"
265,506,26001,1.364,7553,3.44,32.6,0.245,8.3,33.6,0.4,1.08,209,6,4,"{'lookback': 21, 'band_mult_long': 1.5, 'band_mult_short': 2.0, 'exit_mode': 'band', 'side': 'Both', 'window': 'morning', 'flat_eod': False, 'skip_holidays': True, 'stop_mode': 'off', 'confirm_bars': 2, 'daytype_mode': 'off', 'daytype_lo': 0.15, 'daytype_hi': 0.6, 'vol_skip_pct': 35.0, 'stop_k': 3.75}"
266,1887,27695,1.093,32599,0.85,28.7,0.066,8.3,125.3,0.21,0.49,222,3,2,"{'lookback': 43, 'band_mult_long': 1.25, 'band_mult_short': 0.5, 'exit_mode': 'vwap', 'side': 'Short Only', 'window': 'afternoon_block', 'flat_eod': True, 'skip_holidays': True, 'stop_mode': 'fixed', 'confirm_bars': 1, 'daytype_mode': 'skip_bot_short', 'daytype_lo': 0.4, 'daytype_hi': 0.95, 'vol_skip_pct': 60.0, 'stop_k': 1.75}"
267,1098,24314,1.151,13043,1.86,24.3,0.114,8.3,72.9,0.27,0.77,194,4,4,"{'lookback': 8, 'band_mult_long': 1.25, 'band_mult_short': 0.75, 'exit_mode': 'vwap', 'side': 'Both', 'window': 'morning', 'flat_eod': True, 'skip_holidays': False, 'stop_mode': 'bandwidth', 'confirm_bars': 4, 'daytype_mode': 'skip_top_all', 'daytype_lo': 0.45, 'daytype_hi': 0.95, 'vol_skip_pct': 33.0, 'stop_k': 0.5}"
268,675,20954,1.218,24647,0.85,16.3,0.182,8.2,44.8,0.27,0.75,170,5,4,"{'lookback': 102, 'band_mult_long': 1.25, 'band_mult_short': 1.0, 'exit_mode': 'boundary', 'side': 'Short Only', 'window': 'morning', 'flat_eod': True, 'skip_holidays': True, 'stop_mode': 'off', 'confirm_bars': 3, 'daytype_mode': 'skip_top_all', 'daytype_lo': 0.2, 'daytype_hi': 0.7, 'vol_skip_pct': 73.0, 'stop_k': 2.5}"
269,512,20232,1.287,8894,2.27,17.2,0.238,8.1,34.0,0.29,0.86,166,5,4,"{'lookback': 62, 'band_mult_long': 2.25, 'band_mult_short': 1.5, 'exit_mode': 'boundary', 'side': 'Short Only', 'window': 'morning', 'flat_eod': False, 'skip_holidays': False, 'stop_mode': 'bandwidth', 'confirm_bars': 3, 'daytype_mode': 'skip_bot_short', 'daytype_lo': 0.25, 'daytype_hi': 0.7, 'vol_skip_pct': 69.0, 'stop_k': 1.75}"
270,534,8003,1.286,4403,1.82,19.9,0.229,8.1,35.5,0.28,0.8,65,4,5,"{'lookback': 35, 'band_mult_long': 2.5, 'band_mult_short': 0.75, 'exit_mode': 'boundary', 'side': 'Long Only', 'window': 'all_day', 'flat_eod': True, 'skip_holidays': True, 'stop_mode': 'off', 'confirm_bars': 2, 'daytype_mode': 'skip_bot_short', 'daytype_lo': 0.05, 'daytype_hi': 0.65, 'vol_skip_pct': 84.0, 'stop_k': 0.5}"
271,635,40866,1.278,21385,1.91,31.5,0.19,8.0,42.2,0.41,0.96,338,4,4,"{'lookback': 53, 'band_mult_long': 0.5, 'band_mult_short': 1.0, 'exit_mode': 'vwap', 'side': 'Short Only', 'window': 'morning', 'flat_eod': False, 'skip_holidays': False, 'stop_mode': 'bandwidth', 'confirm_bars': 2, 'daytype_mode': 'skip_bot_all', 'daytype_lo': 0.25, 'daytype_hi': 0.9, 'vol_skip_pct': 59.0, 'stop_k': 1.5}"
272,374,29973,1.448,6576,4.56,28.3,0.321,8.0,24.8,0.47,1.07,250,6,5,"{'lookback': 11, 'band_mult_long': 0.5, 'band_mult_short': 2.0, 'exit_mode': 'band', 'side': 'Long Only', 'window': 'afternoon_block', 'flat_eod': False, 'skip_holidays': True, 'stop_mode': 'off', 'confirm_bars': 3, 'daytype_mode': 'skip_top_all', 'daytype_lo': 0.25, 'daytype_hi': 0.55, 'vol_skip_pct': 33.0, 'stop_k': 2.0}"
273,1242,26442,1.136,18816,1.41,30.8,0.094,7.8,82.5,0.27,0.62,226,3,4,"{'lookback': 57, 'band_mult_long': 1.0, 'band_mult_short': 0.5, 'exit_mode': 'vwap', 'side': 'Both', 'window': 'afternoon_block', 'flat_eod': True, 'skip_holidays': False, 'stop_mode': 'bandwidth', 'confirm_bars': 3, 'daytype_mode': 'skip_bot_short', 'daytype_lo': 0.3, 'daytype_hi': 0.95, 'vol_skip_pct': 28.0, 'stop_k': 1.25}"
274,880,19372,1.162,16091,1.2,19.0,0.131,7.7,58.4,0.21,0.74,168,5,4,"{'lookback': 93, 'band_mult_long': 2.5, 'band_mult_short': 1.0, 'exit_mode': 'band', 'side': 'Both', 'window': 'all_day', 'flat_eod': False, 'skip_holidays': True, 'stop_mode': 'bandwidth', 'confirm_bars': 2, 'daytype_mode': 'skip_bot_short', 'daytype_lo': 0.35, 'daytype_hi': 0.6, 'vol_skip_pct': 40.0, 'stop_k': 0.25}"
275,321,51763,1.677,5770,8.97,46.7,0.361,7.7,21.3,0.67,1.51,447,5,6,"{'lookback': 102, 'band_mult_long': 2.0, 'band_mult_short': 2.0, 'exit_mode': 'vwap', 'side': 'Both', 'window': 'all_day', 'flat_eod': True, 'skip_holidays': False, 'stop_mode': 'bandwidth', 'confirm_bars': 3, 'daytype_mode': 'skip_bot_all', 'daytype_lo': 0.35, 'daytype_hi': 0.9, 'vol_skip_pct': 62.0, 'stop_k': 2.5}"
276,2724,16637,1.053,23830,0.7,18.9,0.043,7.7,180.9,0.15,0.33,143,4,6,"{'lookback': 29, 'band_mult_long': 1.0, 'band_mult_short': 2.5, 'exit_mode': 'boundary', 'side': 'Both', 'window': 'all_day', 'flat_eod': True, 'skip_holidays': True, 'stop_mode': 'atr', 'confirm_bars': 3, 'daytype_mode': 'skip_top_long', 'daytype_lo': 0.05, 'daytype_hi': 0.6, 'vol_skip_pct': 96.0, 'stop_k': 3.5}"
277,341,67705,1.613,9615,7.04,45.2,0.336,7.6,22.6,0.65,1.43,590,5,7,"{'lookback': 83, 'band_mult_long': 0.75, 'band_mult_short': 2.0, 'exit_mode': 'vwap', 'side': 'Short Only', 'window': 'all_day', 'flat_eod': True, 'skip_holidays': True, 'stop_mode': 'off', 'confirm_bars': 4, 'daytype_mode': 'skip_top_long', 'daytype_lo': 0.2, 'daytype_hi': 0.85, 'vol_skip_pct': 78.0, 'stop_k': 2.75}"
278,433,24959,1.37,5239,4.76,28.4,0.265,7.6,28.8,0.4,0.99,217,5,4,"{'lookback': 76, 'band_mult_long': 1.5, 'band_mult_short': 1.5, 'exit_mode': 'band', 'side': 'Both', 'window': 'afternoon_block', 'flat_eod': True, 'skip_holidays': False, 'stop_mode': 'fixed', 'confirm_bars': 3, 'daytype_mode': 'skip_bot_short', 'daytype_lo': 0.4, 'daytype_hi': 0.8, 'vol_skip_pct': 35.0, 'stop_k': 3.75}"
279,433,10479,1.323,4777,2.19,19.6,0.26,7.5,28.8,0.27,0.78,93,5,4,"{'lookback': 97, 'band_mult_long': 1.5, 'band_mult_short': 1.5, 'exit_mode': 'boundary', 'side': 'Long Only', 'window': 'morning', 'flat_eod': True, 'skip_holidays': False, 'stop_mode': 'atr', 'confirm_bars': 3, 'daytype_mode': 'off', 'daytype_lo': 0.2, 'daytype_hi': 0.55, 'vol_skip_pct': 47.0, 'stop_k': 1.25}"
280,536,8128,1.256,6664,1.22,18.8,0.207,7.4,35.6,0.21,0.76,73,4,3,"{'lookback': 21, 'band_mult_long': 2.0, 'band_mult_short': 0.75, 'exit_mode': 'boundary', 'side': 'Long Only', 'window': 'all_day', 'flat_eod': False, 'skip_holidays': True, 'stop_mode': 'bandwidth', 'confirm_bars': 2, 'daytype_mode': 'skip_top_all', 'daytype_lo': 0.05, 'daytype_hi': 0.95, 'vol_skip_pct': 42.0, 'stop_k': 1.0}"
281,1366,8779,1.094,7228,1.21,14.1,0.081,7.3,90.7,0.14,0.43,79,5,2,"{'lookback': 27, 'band_mult_long': 2.25, 'band_mult_short': 1.75, 'exit_mode': 'boundary', 'side': 'Both', 'window': 'afternoon_block', 'flat_eod': True, 'skip_holidays': True, 'stop_mode': 'fixed', 'confirm_bars': 1, 'daytype_mode': 'skip_bot_all', 'daytype_lo': 0.3, 'daytype_hi': 0.55, 'vol_skip_pct': 50.0, 'stop_k': 2.75}"
282,347,39631,1.535,8793,4.51,40.9,0.316,7.3,23.0,0.59,1.25,362,8,3,"{'lookback': 109, 'band_mult_long': 1.0, 'band_mult_short': 2.0, 'exit_mode': 'vwap', 'side': 'Long Only', 'window': 'morning', 'flat_eod': False, 'skip_holidays': True, 'stop_mode': 'bandwidth', 'confirm_bars': 2, 'daytype_mode': 'skip_bot_all', 'daytype_lo': 0.45, 'daytype_hi': 0.85, 'vol_skip_pct': 54.0, 'stop_k': 3.75}"
283,571,33098,1.284,13482,2.45,32.4,0.192,7.3,37.9,0.39,0.9,302,4,4,"{'lookback': 107, 'band_mult_long': 0.5, 'band_mult_short': 1.0, 'exit_mode': 'vwap', 'side': 'Short Only', 'window': 'afternoon_block', 'flat_eod': False, 'skip_holidays': True, 'stop_mode': 'off', 'confirm_bars': 3, 'daytype_mode': 'skip_bot_all', 'daytype_lo': 0.35, 'daytype_hi': 0.95, 'vol_skip_pct': 57.0, 'stop_k': 1.75}"
284,320,29599,1.468,13178,2.25,28.8,0.333,7.1,21.3,0.41,1.15,278,5,4,"{'lookback': 76, 'band_mult_long': 0.75, 'band_mult_short': 2.25, 'exit_mode': 'band', 'side': 'Short Only', 'window': 'morning', 'flat_eod': False, 'skip_holidays': False, 'stop_mode': 'bandwidth', 'confirm_bars': 2, 'daytype_mode': 'skip_bot_short', 'daytype_lo': 0.05, 'daytype_hi': 0.95, 'vol_skip_pct': 86.0, 'stop_k': 3.5}"
285,451,49812,1.439,12652,3.94,46.8,0.234,7.0,30.0,0.64,1.15,473,8,6,"{'lookback': 103, 'band_mult_long': 1.5, 'band_mult_short': 1.0, 'exit_mode': 'vwap', 'side': 'Long Only', 'window': 'afternoon_block', 'flat_eod': False, 'skip_holidays': False, 'stop_mode': 'fixed', 'confirm_bars': 4, 'daytype_mode': 'skip_top_long', 'daytype_lo': 0.35, 'daytype_hi': 0.95, 'vol_skip_pct': 89.0, 'stop_k': 1.0}"
286,287,19536,1.541,5343,3.66,32.8,0.364,6.9,19.1,0.42,1.19,187,8,3,"{'lookback': 112, 'band_mult_long': 1.75, 'band_mult_short': 2.5, 'exit_mode': 'band', 'side': 'Both', 'window': 'morning', 'flat_eod': True, 'skip_holidays': True, 'stop_mode': 'bandwidth', 'confirm_bars': 2, 'daytype_mode': 'skip_top_all', 'daytype_lo': 0.25, 'daytype_hi': 0.9, 'vol_skip_pct': 47.0, 'stop_k': 2.75}"
287,194,16877,1.858,4049,4.17,38.1,0.531,6.8,12.9,0.45,1.28,164,7,1,"{'lookback': 66, 'band_mult_long': 1.75, 'band_mult_short': 2.0, 'exit_mode': 'band', 'side': 'Long Only', 'window': 'morning', 'flat_eod': False, 'skip_holidays': False, 'stop_mode': 'fixed', 'confirm_bars': 1, 'daytype_mode': 'off', 'daytype_lo': 0.4, 'daytype_hi': 0.75, 'vol_skip_pct': 30.0, 'stop_k': 1.25}"
288,1128,21171,1.127,24704,0.86,28.3,0.091,6.8,74.9,0.25,0.55,206,6,2,"{'lookback': 62, 'band_mult_long': 1.25, 'band_mult_short': 0.5, 'exit_mode': 'band', 'side': 'Long Only', 'window': 'afternoon_block', 'flat_eod': False, 'skip_holidays': True, 'stop_mode': 'atr', 'confirm_bars': 1, 'daytype_mode': 'skip_top_all', 'daytype_lo': 0.35, 'daytype_hi': 0.6, 'vol_skip_pct': 95.0, 'stop_k': 3.25}"
289,342,11771,1.356,8221,1.43,15.5,0.3,6.8,22.7,0.21,0.86,115,3,3,"{'lookback': 67, 'band_mult_long': 1.25, 'band_mult_short': 1.75, 'exit_mode': 'boundary', 'side': 'Short Only', 'window': 'all_day', 'flat_eod': True, 'skip_holidays': True, 'stop_mode': 'atr', 'confirm_bars': 3, 'daytype_mode': 'skip_top_all', 'daytype_lo': 0.1, 'daytype_hi': 0.65, 'vol_skip_pct': 38.0, 'stop_k': 0.75}"
290,1314,12552,1.09,16684,0.75,13.9,0.077,6.8,87.3,0.13,0.45,123,5,5,"{'lookback': 48, 'band_mult_long': 2.5, 'band_mult_short': 1.0, 'exit_mode': 'boundary', 'side': 'Short Only', 'window': 'all_day', 'flat_eod': True, 'skip_holidays': True, 'stop_mode': 'atr', 'confirm_bars': 2, 'daytype_mode': 'skip_bot_all', 'daytype_lo': 0.25, 'daytype_hi': 0.65, 'vol_skip_pct': 42.0, 'stop_k': 3.75}"
291,436,16226,1.285,11556,1.4,17.7,0.234,6.8,29.0,0.27,0.74,159,5,4,"{'lookback': 76, 'band_mult_long': 1.25, 'band_mult_short': 1.5, 'exit_mode': 'boundary', 'side': 'Short Only', 'window': 'morning', 'flat_eod': True, 'skip_holidays': False, 'stop_mode': 'fixed', 'confirm_bars': 3, 'daytype_mode': 'skip_top_all', 'daytype_lo': 0.3, 'daytype_hi': 0.95, 'vol_skip_pct': 52.0, 'stop_k': 1.25}"
292,667,20105,1.207,19369,1.04,25.9,0.153,6.8,44.3,0.27,0.71,197,3,2,"{'lookback': 96, 'band_mult_long': 2.5, 'band_mult_short': 2.25, 'exit_mode': 'band', 'side': 'Both', 'window': 'afternoon_block', 'flat_eod': True, 'skip_holidays': False, 'stop_mode': 'off', 'confirm_bars': 1, 'daytype_mode': 'skip_top_long', 'daytype_lo': 0.15, 'daytype_hi': 0.6, 'vol_skip_pct': 70.0, 'stop_k': 1.75}"
293,279,15326,1.558,5935,2.58,34.1,0.368,6.8,18.5,0.44,1.1,149,8,1,"{'lookback': 120, 'band_mult_long': 2.0, 'band_mult_short': 1.0, 'exit_mode': 'band', 'side': 'Long Only', 'window': 'morning', 'flat_eod': False, 'skip_holidays': True, 'stop_mode': 'atr', 'confirm_bars': 1, 'daytype_mode': 'skip_top_long', 'daytype_lo': 0.35, 'daytype_hi': 0.75, 'vol_skip_pct': 75.0, 'stop_k': 3.5}"
294,233,13947,1.547,7687,1.81,21.5,0.43,6.7,15.5,0.32,0.99,139,5,4,"{'lookback': 118, 'band_mult_long': 2.25, 'band_mult_short': 2.5, 'exit_mode': 'boundary', 'side': 'Short Only', 'window': 'all_day', 'flat_eod': True, 'skip_holidays': True, 'stop_mode': 'bandwidth', 'confirm_bars': 3, 'daytype_mode': 'skip_top_all', 'daytype_lo': 0.1, 'daytype_hi': 0.55, 'vol_skip_pct': 71.0, 'stop_k': 3.5}"
295,357,31674,1.397,9112,3.48,28.6,0.283,6.7,23.7,0.41,1.04,313,4,4,"{'lookback': 67, 'band_mult_long': 0.75, 'band_mult_short': 1.25, 'exit_mode': 'band', 'side': 'Short Only', 'window': 'afternoon_block', 'flat_eod': False, 'skip_holidays': True, 'stop_mode': 'atr', 'confirm_bars': 4, 'daytype_mode': 'skip_bot_short', 'daytype_lo': 0.4, 'daytype_hi': 0.8, 'vol_skip_pct': 63.0, 'stop_k': 3.5}"
296,108,10139,2.347,1411,7.18,31.5,0.923,6.6,7.2,0.44,1.59,102,6,4,"{'lookback': 73, 'band_mult_long': 2.25, 'band_mult_short': 2.25, 'exit_mode': 'band', 'side': 'Long Only', 'window': 'morning', 'flat_eod': False, 'skip_holidays': True, 'stop_mode': 'off', 'confirm_bars': 3, 'daytype_mode': 'off', 'daytype_lo': 0.25, 'daytype_hi': 0.7, 'vol_skip_pct': 66.0, 'stop_k': 1.75}"
297,979,10600,1.122,9046,1.17,16.3,0.102,6.6,65.0,0.17,0.46,106,5,4,"{'lookback': 56, 'band_mult_long': 1.25, 'band_mult_short': 1.25, 'exit_mode': 'boundary', 'side': 'Both', 'window': 'morning', 'flat_eod': False, 'skip_holidays': False, 'stop_mode': 'off', 'confirm_bars': 2, 'daytype_mode': 'skip_bot_short', 'daytype_lo': 0.35, 'daytype_hi': 0.65, 'vol_skip_pct': 33.0, 'stop_k': 2.0}"
298,65,6372,3.019,1065,5.99,24.6,1.522,6.6,4.3,0.34,2.12,64,5,5,"{'lookback': 34, 'band_mult_long': 2.5, 'band_mult_short': 1.5, 'exit_mode': 'boundary', 'side': 'Long Only', 'window': 'morning', 'flat_eod': False, 'skip_holidays': False, 'stop_mode': 'off', 'confirm_bars': 4, 'daytype_mode': 'skip_top_long', 'daytype_lo': 0.3, 'daytype_hi': 0.85, 'vol_skip_pct': 47.0, 'stop_k': 3.75}"
299,589,16402,1.207,9695,1.69,18.2,0.17,6.6,39.1,0.28,0.67,164,4,5,"{'lookback': 34, 'band_mult_long': 0.5, 'band_mult_short': 2.0, 'exit_mode': 'boundary', 'side': 'Long Only', 'window': 'morning', 'flat_eod': True, 'skip_holidays': False, 'stop_mode': 'off', 'confirm_bars': 4, 'daytype_mode': 'skip_bot_short', 'daytype_lo': 0.15, 'daytype_hi': 0.85, 'vol_skip_pct': 24.0, 'stop_k': 0.5}"
300,77,5025,2.562,1363,3.69,16.9,1.299,6.6,5.1,0.26,1.84,50,4,3,"{'lookback': 81, 'band_mult_long': 2.5, 'band_mult_short': 0.75, 'exit_mode': 'boundary', 'side': 'Long Only', 'window': 'afternoon_block', 'flat_eod': False, 'skip_holidays': True, 'stop_mode': 'off', 'confirm_bars': 2, 'daytype_mode': 'skip_bot_short', 'daytype_lo': 0.15, 'daytype_hi': 0.95, 'vol_skip_pct': 30.0, 'stop_k': 4.0}"
301,951,28237,1.148,31594,0.89,30.2,0.104,6.5,63.2,0.26,0.6,287,4,2,"{'lookback': 86, 'band_mult_long': 1.0, 'band_mult_short': 0.75, 'exit_mode': 'vwap', 'side': 'Short Only', 'window': 'morning', 'flat_eod': True, 'skip_holidays': False, 'stop_mode': 'fixed', 'confirm_bars': 1, 'daytype_mode': 'skip_bot_short', 'daytype_lo': 0.1, 'daytype_hi': 0.8, 'vol_skip_pct': 46.0, 'stop_k': 1.25}"
302,160,11924,1.904,2268,5.26,32.5,0.61,6.5,10.6,0.43,1.38,122,5,4,"{'lookback': 78, 'band_mult_long': 2.25, 'band_mult_short': 1.0, 'exit_mode': 'band', 'side': 'Long Only', 'window': 'all_day', 'flat_eod': False, 'skip_holidays': False, 'stop_mode': 'fixed', 'confirm_bars': 3, 'daytype_mode': 'skip_bot_all', 'daytype_lo': 0.15, 'daytype_hi': 0.6, 'vol_skip_pct': 59.0, 'stop_k': 0.5}"
303,887,24115,1.149,29434,0.82,25.4,0.111,6.5,58.9,0.24,0.59,245,2,4,"{'lookback': 32, 'band_mult_long': 1.25, 'band_mult_short': 0.5, 'exit_mode': 'band', 'side': 'Both', 'window': 'all_day', 'flat_eod': False, 'skip_holidays': True, 'stop_mode': 'atr', 'confirm_bars': 3, 'daytype_mode': 'skip_bot_all', 'daytype_lo': 0.25, 'daytype_hi': 0.6, 'vol_skip_pct': 25.0, 'stop_k': 1.25}"
304,488,37038,1.299,16155,2.29,34.4,0.196,6.4,32.4,0.4,0.94,387,4,3,"{'lookback': 94, 'band_mult_long': 1.0, 'band_mult_short': 1.0, 'exit_mode': 'vwap', 'side': 'Short Only', 'window': 'morning', 'flat_eod': True, 'skip_holidays': False, 'stop_mode': 'fixed', 'confirm_bars': 4, 'daytype_mode': 'skip_bot_all', 'daytype_lo': 0.15, 'daytype_hi': 0.75, 'vol_skip_pct': 61.0, 'stop_k': 2.0}"
305,525,7504,1.225,4727,1.59,18.3,0.184,6.4,34.9,0.21,0.64,78,5,4,"{'lookback': 15, 'band_mult_long': 1.5, 'band_mult_short': 2.0, 'exit_mode': 'boundary', 'side': 'Long Only', 'window': 'all_day', 'flat_eod': False, 'skip_holidays': False, 'stop_mode': 'atr', 'confirm_bars': 2, 'daytype_mode': 'skip_top_all', 'daytype_lo': 0.4, 'daytype_hi': 0.6, 'vol_skip_pct': 36.0, 'stop_k': 3.0}"
306,221,26099,1.699,8840,2.95,37.6,0.436,6.4,14.7,0.46,1.21,271,8,5,"{'lookback': 95, 'band_mult_long': 2.0, 'band_mult_short': 2.0, 'exit_mode': 'band', 'side': 'Both', 'window': 'morning', 'flat_eod': True, 'skip_holidays': True, 'stop_mode': 'bandwidth', 'confirm_bars': 4, 'daytype_mode': 'skip_bot_all', 'daytype_lo': 0.3, 'daytype_hi': 0.85, 'vol_skip_pct': 67.0, 'stop_k': 2.5}"
307,742,9909,1.167,7725,1.28,21.8,0.131,6.4,49.3,0.23,0.56,102,4,5,"{'lookback': 22, 'band_mult_long': 1.5, 'band_mult_short': 0.5, 'exit_mode': 'boundary', 'side': 'Long Only', 'window': 'all_day', 'flat_eod': False, 'skip_holidays': False, 'stop_mode': 'atr', 'confirm_bars': 4, 'daytype_mode': 'skip_top_long', 'daytype_lo': 0.4, 'daytype_hi': 0.7, 'vol_skip_pct': 69.0, 'stop_k': 3.75}"
308,257,7770,1.469,4380,1.77,19.8,0.376,6.4,17.1,0.26,0.74,80,4,4,"{'lookback': 66, 'band_mult_long': 2.0, 'band_mult_short': 1.0, 'exit_mode': 'boundary', 'side': 'Long Only', 'window': 'all_day', 'flat_eod': True, 'skip_holidays': False, 'stop_mode': 'off', 'confirm_bars': 3, 'daytype_mode': 'skip_bot_short', 'daytype_lo': 0.45, 'daytype_hi': 0.95, 'vol_skip_pct': 34.0, 'stop_k': 2.5}"
309,655,25183,1.207,8971,2.81,29.5,0.146,6.3,43.5,0.31,0.68,264,4,6,"{'lookback': 34, 'band_mult_long': 0.5, 'band_mult_short': 1.75, 'exit_mode': 'band', 'side': 'Both', 'window': 'all_day', 'flat_eod': True, 'skip_holidays': False, 'stop_mode': 'off', 'confirm_bars': 4, 'daytype_mode': 'skip_top_long', 'daytype_lo': 0.05, 'daytype_hi': 0.6, 'vol_skip_pct': 31.0, 'stop_k': 3.5}"
310,284,40008,1.539,12503,3.2,38.4,0.332,6.3,18.9,0.53,1.24,424,5,4,"{'lookback': 25, 'band_mult_long': 1.75, 'band_mult_short': 2.0, 'exit_mode': 'vwap', 'side': 'Short Only', 'window': 'morning', 'flat_eod': False, 'skip_holidays': False, 'stop_mode': 'fixed', 'confirm_bars': 2, 'daytype_mode': 'off', 'daytype_lo': 0.25, 'daytype_hi': 0.6, 'vol_skip_pct': 58.0, 'stop_k': 1.25}"
311,288,35960,1.535,12210,2.95,38.2,0.331,6.3,19.1,0.49,1.37,377,6,4,"{'lookback': 60, 'band_mult_long': 0.75, 'band_mult_short': 1.25, 'exit_mode': 'vwap', 'side': 'Short Only', 'window': 'morning', 'flat_eod': True, 'skip_holidays': True, 'stop_mode': 'fixed', 'confirm_bars': 4, 'daytype_mode': 'skip_bot_short', 'daytype_lo': 0.3, 'daytype_hi': 0.6, 'vol_skip_pct': 54.0, 'stop_k': 0.5}"
312,268,58968,1.65,11721,5.03,47.4,0.342,6.1,17.8,0.63,1.36,643,6,4,"{'lookback': 57, 'band_mult_long': 2.5, 'band_mult_short': 2.0, 'exit_mode': 'vwap', 'side': 'Short Only', 'window': 'afternoon_block', 'flat_eod': True, 'skip_holidays': True, 'stop_mode': 'bandwidth', 'confirm_bars': 4, 'daytype_mode': 'skip_bot_short', 'daytype_lo': 0.1, 'daytype_hi': 0.8, 'vol_skip_pct': 79.0, 'stop_k': 1.75}"
313,818,11078,1.137,13086,0.85,18.2,0.112,6.1,54.3,0.17,0.5,121,3,6,"{'lookback': 40, 'band_mult_long': 1.5, 'band_mult_short': 2.0, 'exit_mode': 'boundary', 'side': 'Short Only', 'window': 'all_day', 'flat_eod': True, 'skip_holidays': True, 'stop_mode': 'bandwidth', 'confirm_bars': 2, 'daytype_mode': 'skip_top_all', 'daytype_lo': 0.4, 'daytype_hi': 0.8, 'vol_skip_pct': 64.0, 'stop_k': 4.0}"
314,428,19080,1.27,17319,1.1,21.0,0.213,6.1,28.4,0.27,0.65,209,5,4,"{'lookback': 75, 'band_mult_long': 0.75, 'band_mult_short': 1.5, 'exit_mode': 'boundary', 'side': 'Short Only', 'window': 'morning', 'flat_eod': False, 'skip_holidays': False, 'stop_mode': 'off', 'confirm_bars': 4, 'daytype_mode': 'skip_top_all', 'daytype_lo': 0.3, 'daytype_hi': 0.7, 'vol_skip_pct': 85.0, 'stop_k': 0.25}"
315,267,42034,1.71,16346,2.57,51.3,0.346,6.1,17.7,0.68,1.37,455,7,2,"{'lookback': 39, 'band_mult_long': 2.0, 'band_mult_short': 0.5, 'exit_mode': 'vwap', 'side': 'Long Only', 'window': 'morning', 'flat_eod': True, 'skip_holidays': True, 'stop_mode': 'atr', 'confirm_bars': 1, 'daytype_mode': 'off', 'daytype_lo': 0.3, 'daytype_hi': 0.65, 'vol_skip_pct': 69.0, 'stop_k': 0.75}"
316,1314,26248,1.096,22479,1.17,31.5,0.066,5.8,87.3,0.23,0.47,303,5,2,"{'lookback': 25, 'band_mult_long': 0.75, 'band_mult_short': 1.0, 'exit_mode': 'vwap', 'side': 'Both', 'window': 'morning', 'flat_eod': False, 'skip_holidays': False, 'stop_mode': 'fixed', 'confirm_bars': 1, 'daytype_mode': 'off', 'daytype_lo': 0.3, 'daytype_hi': 0.95, 'vol_skip_pct': 32.0, 'stop_k': 2.75}"
317,231,15202,1.608,3903,3.9,39.0,0.371,5.7,15.3,0.43,1.13,177,6,4,"{'lookback': 17, 'band_mult_long': 2.0, 'band_mult_short': 0.5, 'exit_mode': 'band', 'side': 'Long Only', 'window': 'all_day', 'flat_eod': False, 'skip_holidays': True, 'stop_mode': 'bandwidth', 'confirm_bars': 4, 'daytype_mode': 'skip_bot_short', 'daytype_lo': 0.4, 'daytype_hi': 0.9, 'vol_skip_pct': 46.0, 'stop_k': 1.0}"
318,241,15276,1.493,4628,3.3,29.0,0.349,5.6,16.0,0.29,1.0,181,4,3,"{'lookback': 27, 'band_mult_long': 2.25, 'band_mult_short': 1.75, 'exit_mode': 'band', 'side': 'Both', 'window': 'all_day', 'flat_eod': True, 'skip_holidays': True, 'stop_mode': 'bandwidth', 'confirm_bars': 2, 'daytype_mode': 'skip_top_long', 'daytype_lo': 0.1, 'daytype_hi': 0.6, 'vol_skip_pct': 16.0, 'stop_k': 2.0}"
319,502,18059,1.211,14390,1.25,20.7,0.167,5.6,33.3,0.25,0.6,215,5,4,"{'lookback': 60, 'band_mult_long': 0.75, 'band_mult_short': 0.75, 'exit_mode': 'band', 'side': 'Both', 'window': 'afternoon_block', 'flat_eod': True, 'skip_holidays': True, 'stop_mode': 'fixed', 'confirm_bars': 2, 'daytype_mode': 'skip_top_all', 'daytype_lo': 0.2, 'daytype_hi': 0.95, 'vol_skip_pct': 11.0, 'stop_k': 2.75}"
320,741,14724,1.142,19862,0.74,21.1,0.112,5.5,49.2,0.21,0.52,177,2,3,"{'lookback': 15, 'band_mult_long': 0.75, 'band_mult_short': 0.75, 'exit_mode': 'band', 'side': 'Both', 'window': 'all_day', 'flat_eod': True, 'skip_holidays': False, 'stop_mode': 'bandwidth', 'confirm_bars': 2, 'daytype_mode': 'skip_bot_all', 'daytype_lo': 0.05, 'daytype_hi': 0.8, 'vol_skip_pct': 9.0, 'stop_k': 1.5}"
321,906,21877,1.135,17247,1.27,31.8,0.092,5.5,60.2,0.22,0.49,263,5,1,"{'lookback': 12, 'band_mult_long': 0.75, 'band_mult_short': 1.25, 'exit_mode': 'vwap', 'side': 'Both', 'window': 'all_day', 'flat_eod': True, 'skip_holidays': True, 'stop_mode': 'off', 'confirm_bars': 1, 'daytype_mode': 'skip_top_all', 'daytype_lo': 0.3, 'daytype_hi': 0.55, 'vol_skip_pct': 32.0, 'stop_k': 2.75}"
322,1112,21596,1.104,34193,0.63,28.4,0.074,5.5,73.9,0.2,0.44,262,3,1,"{'lookback': 28, 'band_mult_long': 2.5, 'band_mult_short': 0.75, 'exit_mode': 'vwap', 'side': 'Short Only', 'window': 'morning', 'flat_eod': False, 'skip_holidays': True, 'stop_mode': 'fixed', 'confirm_bars': 1, 'daytype_mode': 'off', 'daytype_lo': 0.1, 'daytype_hi': 0.7, 'vol_skip_pct': 45.0, 'stop_k': 1.75}"
323,261,24143,1.493,12212,1.98,37.2,0.31,5.4,17.3,0.43,0.95,299,8,4,"{'lookback': 74, 'band_mult_long': 2.25, 'band_mult_short': 2.5, 'exit_mode': 'band', 'side': 'Both', 'window': 'morning', 'flat_eod': False, 'skip_holidays': True, 'stop_mode': 'off', 'confirm_bars': 4, 'daytype_mode': 'skip_top_long', 'daytype_lo': 0.45, 'daytype_hi': 0.9, 'vol_skip_pct': 86.0, 'stop_k': 2.25}"
324,4272,24685,1.027,55644,0.44,28.9,0.019,5.4,283.7,0.1,0.22,303,4,3,"{'lookback': 44, 'band_mult_long': 1.0, 'band_mult_short': 0.5, 'exit_mode': 'vwap', 'side': 'Short Only', 'window': 'afternoon_block', 'flat_eod': True, 'skip_holidays': False, 'stop_mode': 'off', 'confirm_bars': 1, 'daytype_mode': 'skip_bot_short', 'daytype_lo': 0.05, 'daytype_hi': 0.9, 'vol_skip_pct': 0.0, 'stop_k': 0.25}"
325,309,28616,1.446,13397,2.14,40.5,0.265,5.4,20.5,0.42,0.9,349,6,3,"{'lookback': 80, 'band_mult_long': 1.0, 'band_mult_short': 2.5, 'exit_mode': 'vwap', 'side': 'Both', 'window': 'all_day', 'flat_eod': False, 'skip_holidays': True, 'stop_mode': 'bandwidth', 'confirm_bars': 4, 'daytype_mode': 'skip_bot_all', 'daytype_lo': 0.1, 'daytype_hi': 0.65, 'vol_skip_pct': 23.0, 'stop_k': 3.0}"
326,320,22344,1.375,15587,1.43,32.8,0.252,5.4,21.3,0.32,0.9,277,4,4,"{'lookback': 43, 'band_mult_long': 0.5, 'band_mult_short': 1.5, 'exit_mode': 'vwap', 'side': 'Short Only', 'window': 'all_day', 'flat_eod': True, 'skip_holidays': False, 'stop_mode': 'atr', 'confirm_bars': 2, 'daytype_mode': 'skip_bot_short', 'daytype_lo': 0.35, 'daytype_hi': 0.7, 'vol_skip_pct': 33.0, 'stop_k': 1.25}"
327,198,5646,1.503,4901,1.15,18.7,0.409,5.4,13.2,0.25,0.93,70,6,3,"{'lookback': 82, 'band_mult_long': 2.5, 'band_mult_short': 0.5, 'exit_mode': 'boundary', 'side': 'Long Only', 'window': 'afternoon_block', 'flat_eod': True, 'skip_holidays': True, 'stop_mode': 'off', 'confirm_bars': 3, 'daytype_mode': 'skip_top_long', 'daytype_lo': 0.45, 'daytype_hi': 0.8, 'vol_skip_pct': 88.0, 'stop_k': 3.5}"
328,795,25995,1.147,17804,1.46,32.2,0.1,5.3,52.8,0.26,0.55,327,4,6,"{'lookback': 111, 'band_mult_long': 2.0, 'band_mult_short': 1.0, 'exit_mode': 'vwap', 'side': 'Both', 'window': 'afternoon_block', 'flat_eod': True, 'skip_holidays': False, 'stop_mode': 'off', 'confirm_bars': 2, 'daytype_mode': 'skip_bot_short', 'daytype_lo': 0.15, 'daytype_hi': 0.65, 'vol_skip_pct': 46.0, 'stop_k': 2.5}"
329,1199,4429,1.078,9833,0.45,15.4,0.066,5.3,79.6,0.11,0.34,56,3,2,"{'lookback': 93, 'band_mult_long': 2.0, 'band_mult_short': 2.0, 'exit_mode': 'boundary', 'side': 'Long Only', 'window': 'all_day', 'flat_eod': True, 'skip_holidays': False, 'stop_mode': 'fixed', 'confirm_bars': 1, 'daytype_mode': 'off', 'daytype_lo': 0.45, 'daytype_hi': 0.95, 'vol_skip_pct': 71.0, 'stop_k': 4.0}"
330,191,32348,1.694,8986,3.6,40.8,0.411,5.2,12.7,0.53,1.28,412,5,2,"{'lookback': 69, 'band_mult_long': 1.75, 'band_mult_short': 2.25, 'exit_mode': 'vwap', 'side': 'Short Only', 'window': 'afternoon_block', 'flat_eod': False, 'skip_holidays': True, 'stop_mode': 'atr', 'confirm_bars': 1, 'daytype_mode': 'skip_top_all', 'daytype_lo': 0.1, 'daytype_hi': 0.8, 'vol_skip_pct': 57.0, 'stop_k': 0.75}"
331,270,13997,1.394,4466,3.13,27.0,0.287,5.2,17.9,0.33,0.79,180,5,1,"{'lookback': 72, 'band_mult_long': 1.0, 'band_mult_short': 2.5, 'exit_mode': 'band', 'side': 'Long Only', 'window': 'afternoon_block', 'flat_eod': False, 'skip_holidays': False, 'stop_mode': 'fixed', 'confirm_bars': 1, 'daytype_mode': 'skip_top_long', 'daytype_lo': 0.45, 'daytype_hi': 0.85, 'vol_skip_pct': 15.0, 'stop_k': 1.25}"
332,2232,16657,1.051,37322,0.45,30.8,0.035,5.2,148.2,0.13,0.29,213,3,5,"{'lookback': 39, 'band_mult_long': 0.5, 'band_mult_short': 0.5, 'exit_mode': 'vwap', 'side': 'Short Only', 'window': 'all_day', 'flat_eod': False, 'skip_holidays': False, 'stop_mode': 'off', 'confirm_bars': 2, 'daytype_mode': 'off', 'daytype_lo': 0.25, 'daytype_hi': 0.9, 'vol_skip_pct': 41.0, 'stop_k': 0.25}"
333,312,12819,1.339,6439,1.99,27.2,0.247,5.1,20.7,0.22,0.7,166,4,2,"{'lookback': 67, 'band_mult_long': 1.5, 'band_mult_short': 2.0, 'exit_mode': 'band', 'side': 'Both', 'window': 'all_day', 'flat_eod': True, 'skip_holidays': True, 'stop_mode': 'off', 'confirm_bars': 1, 'daytype_mode': 'skip_top_long', 'daytype_lo': 0.2, 'daytype_hi': 0.75, 'vol_skip_pct': 12.0, 'stop_k': 1.0}"
334,758,24250,1.131,37348,0.65,24.3,0.099,5.0,50.3,0.22,0.5,324,3,4,"{'lookback': 103, 'band_mult_long': 1.5, 'band_mult_short': 0.75, 'exit_mode': 'band', 'side': 'Short Only', 'window': 'afternoon_block', 'flat_eod': False, 'skip_holidays': True, 'stop_mode': 'fixed', 'confirm_bars': 4, 'daytype_mode': 'skip_top_long', 'daytype_lo': 0.35, 'daytype_hi': 0.8, 'vol_skip_pct': 55.0, 'stop_k': 3.75}"
335,167,4748,1.534,2785,1.7,15.6,0.451,5.0,11.1,0.25,0.89,63,5,2,"{'lookback': 75, 'band_mult_long': 2.0, 'band_mult_short': 2.25, 'exit_mode': 'boundary', 'side': 'Both', 'window': 'morning', 'flat_eod': True, 'skip_holidays': True, 'stop_mode': 'off', 'confirm_bars': 1, 'daytype_mode': 'skip_bot_short', 'daytype_lo': 0.3, 'daytype_hi': 0.55, 'vol_skip_pct': 15.0, 'stop_k': 4.0}"
336,612,13746,1.165,10908,1.26,26.0,0.122,5.0,40.6,0.18,0.48,184,3,2,"{'lookback': 41, 'band_mult_long': 0.5, 'band_mult_short': 1.75, 'exit_mode': 'band', 'side': 'Short Only', 'window': 'all_day', 'flat_eod': True, 'skip_holidays': True, 'stop_mode': 'bandwidth', 'confirm_bars': 1, 'daytype_mode': 'skip_bot_all', 'daytype_lo': 0.25, 'daytype_hi': 0.55, 'vol_skip_pct': 45.0, 'stop_k': 2.25}"
337,168,10860,1.578,3949,2.75,22.0,0.451,5.0,11.2,0.33,0.73,143,4,3,"{'lookback': 120, 'band_mult_long': 0.75, 'band_mult_short': 2.5, 'exit_mode': 'boundary', 'side': 'Both', 'window': 'afternoon_block', 'flat_eod': True, 'skip_holidays': False, 'stop_mode': 'atr', 'confirm_bars': 4, 'daytype_mode': 'skip_bot_all', 'daytype_lo': 0.1, 'daytype_hi': 0.7, 'vol_skip_pct': 7.0, 'stop_k': 1.25}"
338,740,6792,1.109,16001,0.42,9.6,0.099,4.9,49.1,0.11,0.4,93,3,1,"{'lookback': 66, 'band_mult_long': 0.75, 'band_mult_short': 0.5, 'exit_mode': 'boundary', 'side': 'Short Only', 'window': 'morning', 'flat_eod': False, 'skip_holidays': False, 'stop_mode': 'bandwidth', 'confirm_bars': 1, 'daytype_mode': 'skip_top_long', 'daytype_lo': 0.35, 'daytype_hi': 0.75, 'vol_skip_pct': 13.0, 'stop_k': 2.0}"
339,1044,10731,1.083,20494,0.52,14.7,0.071,4.9,69.3,0.13,0.35,145,3,4,"{'lookback': 105, 'band_mult_long': 2.0, 'band_mult_short': 1.0, 'exit_mode': 'boundary', 'side': 'Both', 'window': 'afternoon_block', 'flat_eod': False, 'skip_holidays': True, 'stop_mode': 'fixed', 'confirm_bars': 3, 'daytype_mode': 'off', 'daytype_lo': 0.3, 'daytype_hi': 0.75, 'vol_skip_pct': 41.0, 'stop_k': 3.25}"
340,238,29363,1.483,9158,3.21,37.8,0.3,4.7,15.8,0.44,1.05,411,5,4,"{'lookback': 46, 'band_mult_long': 2.25, 'band_mult_short': 1.75, 'exit_mode': 'vwap', 'side': 'Both', 'window': 'morning', 'flat_eod': True, 'skip_holidays': True, 'stop_mode': 'bandwidth', 'confirm_bars': 4, 'daytype_mode': 'off', 'daytype_lo': 0.35, 'daytype_hi': 0.55, 'vol_skip_pct': 46.0, 'stop_k': 2.75}"
341,334,19990,1.313,13999,1.43,34.1,0.206,4.6,22.2,0.32,0.68,291,7,3,"{'lookback': 5, 'band_mult_long': 1.75, 'band_mult_short': 2.25, 'exit_mode': 'band', 'side': 'Short Only', 'window': 'afternoon_block', 'flat_eod': False, 'skip_holidays': True, 'stop_mode': 'off', 'confirm_bars': 4, 'daytype_mode': 'off', 'daytype_lo': 0.4, 'daytype_hi': 0.85, 'vol_skip_pct': 55.0, 'stop_k': 2.75}"
342,341,28700,1.312,19502,1.47,35.2,0.202,4.6,22.6,0.36,0.81,417,5,5,"{'lookback': 48, 'band_mult_long': 2.25, 'band_mult_short': 1.75, 'exit_mode': 'vwap', 'side': 'Short Only', 'window': 'morning', 'flat_eod': True, 'skip_holidays': False, 'stop_mode': 'off', 'confirm_bars': 2, 'daytype_mode': 'skip_top_all', 'daytype_lo': 0.2, 'daytype_hi': 0.85, 'vol_skip_pct': 74.0, 'stop_k': 0.75}"
343,294,17701,1.344,8146,2.17,33.7,0.228,4.5,19.5,0.34,0.74,264,4,4,"{'lookback': 94, 'band_mult_long': 0.5, 'band_mult_short': 2.0, 'exit_mode': 'vwap', 'side': 'Long Only', 'window': 'afternoon_block', 'flat_eod': False, 'skip_holidays': False, 'stop_mode': 'atr', 'confirm_bars': 4, 'daytype_mode': 'skip_bot_short', 'daytype_lo': 0.3, 'daytype_hi': 0.9, 'vol_skip_pct': 11.0, 'stop_k': 1.5}"
344,304,27339,1.354,14250,1.92,37.5,0.221,4.5,20.2,0.35,0.76,406,4,2,"{'lookback': 38, 'band_mult_long': 2.25, 'band_mult_short': 2.0, 'exit_mode': 'vwap', 'side': 'Both', 'window': 'morning', 'flat_eod': False, 'skip_holidays': True, 'stop_mode': 'bandwidth', 'confirm_bars': 1, 'daytype_mode': 'skip_top_long', 'daytype_lo': 0.45, 'daytype_hi': 0.7, 'vol_skip_pct': 41.0, 'stop_k': 3.0}"
345,595,19132,1.143,27228,0.7,20.7,0.114,4.5,39.5,0.2,0.56,283,4,4,"{'lookback': 91, 'band_mult_long': 1.75, 'band_mult_short': 0.75, 'exit_mode': 'band', 'side': 'Short Only', 'window': 'morning', 'flat_eod': False, 'skip_holidays': False, 'stop_mode': 'bandwidth', 'confirm_bars': 2, 'daytype_mode': 'skip_top_all', 'daytype_lo': 0.25, 'daytype_hi': 0.55, 'vol_skip_pct': 72.0, 'stop_k': 1.25}"
346,562,18579,1.178,11443,1.62,33.6,0.118,4.4,37.3,0.26,0.53,280,6,4,"{'lookback': 27, 'band_mult_long': 0.5, 'band_mult_short': 2.25, 'exit_mode': 'vwap', 'side': 'Long Only', 'window': 'afternoon_block', 'flat_eod': False, 'skip_holidays': True, 'stop_mode': 'fixed', 'confirm_bars': 4, 'daytype_mode': 'skip_bot_all', 'daytype_lo': 0.05, 'daytype_hi': 0.8, 'vol_skip_pct': 20.0, 'stop_k': 2.25}"
347,522,9442,1.157,6919,1.36,18.8,0.128,4.4,34.7,0.17,0.43,142,3,4,"{'lookback': 41, 'band_mult_long': 1.75, 'band_mult_short': 2.0, 'exit_mode': 'boundary', 'side': 'Short Only', 'window': 'afternoon_block', 'flat_eod': False, 'skip_holidays': False, 'stop_mode': 'atr', 'confirm_bars': 3, 'daytype_mode': 'skip_top_long', 'daytype_lo': 0.05, 'daytype_hi': 0.75, 'vol_skip_pct': 54.0, 'stop_k': 1.25}"
348,94,4407,1.874,2104,2.09,19.1,0.706,4.4,6.2,0.22,0.85,66,3,5,"{'lookback': 100, 'band_mult_long': 2.25, 'band_mult_short': 0.5, 'exit_mode': 'boundary', 'side': 'Long Only', 'window': 'afternoon_block', 'flat_eod': False, 'skip_holidays': True, 'stop_mode': 'atr', 'confirm_bars': 3, 'daytype_mode': 'skip_bot_short', 'daytype_lo': 0.35, 'daytype_hi': 0.8, 'vol_skip_pct': 30.0, 'stop_k': 0.5}"
349,222,25813,1.553,4659,5.54,46.8,0.294,4.3,14.7,0.51,0.94,395,7,3,"{'lookback': 116, 'band_mult_long': 1.5, 'band_mult_short': 1.5, 'exit_mode': 'vwap', 'side': 'Long Only', 'window': 'afternoon_block', 'flat_eod': False, 'skip_holidays': True, 'stop_mode': 'atr', 'confirm_bars': 3, 'daytype_mode': 'skip_bot_short', 'daytype_lo': 0.45, 'daytype_hi': 0.6, 'vol_skip_pct': 45.0, 'stop_k': 1.0}"
350,49,7258,3.089,732,9.92,38.8,1.279,4.2,3.3,0.33,2.1,116,6,4,"{'lookback': 67, 'band_mult_long': 2.5, 'band_mult_short': 1.5, 'exit_mode': 'band', 'side': 'Long Only', 'window': 'afternoon_block', 'flat_eod': True, 'skip_holidays': False, 'stop_mode': 'fixed', 'confirm_bars': 2, 'daytype_mode': 'skip_top_long', 'daytype_lo': 0.3, 'daytype_hi': 0.75, 'vol_skip_pct': 37.0, 'stop_k': 0.25}"
351,305,11999,1.277,9193,1.31,24.9,0.208,4.2,20.3,0.28,0.64,189,5,1,"{'lookback': 72, 'band_mult_long': 0.75, 'band_mult_short': 2.0, 'exit_mode': 'band', 'side': 'Long Only', 'window': 'morning', 'flat_eod': False, 'skip_holidays': False, 'stop_mode': 'atr', 'confirm_bars': 1, 'daytype_mode': 'skip_top_all', 'daytype_lo': 0.2, 'daytype_hi': 0.7, 'vol_skip_pct': 23.0, 'stop_k': 1.0}"
352,187,19707,1.54,6798,2.9,36.9,0.341,4.2,12.4,0.41,0.97,309,5,3,"{'lookback': 62, 'band_mult_long': 1.25, 'band_mult_short': 2.5, 'exit_mode': 'vwap', 'side': 'Both', 'window': 'morning', 'flat_eod': True, 'skip_holidays': False, 'stop_mode': 'bandwidth', 'confirm_bars': 4, 'daytype_mode': 'skip_top_all', 'daytype_lo': 0.05, 'daytype_hi': 0.75, 'vol_skip_pct': 37.0, 'stop_k': 0.5}"
353,425,24234,1.225,17592,1.38,33.6,0.149,4.2,28.2,0.29,0.64,382,4,4,"{'lookback': 70, 'band_mult_long': 1.75, 'band_mult_short': 1.5, 'exit_mode': 'vwap', 'side': 'Short Only', 'window': 'afternoon_block', 'flat_eod': True, 'skip_holidays': False, 'stop_mode': 'fixed', 'confirm_bars': 2, 'daytype_mode': 'skip_top_long', 'daytype_lo': 0.35, 'daytype_hi': 0.55, 'vol_skip_pct': 49.0, 'stop_k': 2.5}"
354,421,9803,1.169,19104,0.51,14.3,0.145,4.1,28.0,0.14,0.44,160,3,4,"{'lookback': 99, 'band_mult_long': 2.5, 'band_mult_short': 1.0, 'exit_mode': 'boundary', 'side': 'Both', 'window': 'all_day', 'flat_eod': False, 'skip_holidays': True, 'stop_mode': 'fixed', 'confirm_bars': 4, 'daytype_mode': 'skip_top_long', 'daytype_lo': 0.2, 'daytype_hi': 0.85, 'vol_skip_pct': 18.0, 'stop_k': 2.5}"
355,148,39350,1.747,6856,5.74,43.9,0.419,4.1,9.8,0.52,1.26,635,5,5,"{'lookback': 93, 'band_mult_long': 1.0, 'band_mult_short': 2.25, 'exit_mode': 'vwap', 'side': 'Short Only', 'window': 'morning', 'flat_eod': True, 'skip_holidays': False, 'stop_mode': 'bandwidth', 'confirm_bars': 4, 'daytype_mode': 'skip_top_long', 'daytype_lo': 0.15, 'daytype_hi': 0.75, 'vol_skip_pct': 78.0, 'stop_k': 0.75}"
356,198,13816,1.452,5371,2.57,30.3,0.315,4.1,13.2,0.35,0.92,221,6,5,"{'lookback': 54, 'band_mult_long': 1.25, 'band_mult_short': 1.75, 'exit_mode': 'vwap', 'side': 'Long Only', 'window': 'all_day', 'flat_eod': False, 'skip_holidays': True, 'stop_mode': 'bandwidth', 'confirm_bars': 2, 'daytype_mode': 'skip_top_all', 'daytype_lo': 0.05, 'daytype_hi': 0.65, 'vol_skip_pct': 25.0, 'stop_k': 0.25}"
357,560,23350,1.172,8657,2.7,36.6,0.109,4.1,37.2,0.27,0.53,383,4,6,"{'lookback': 89, 'band_mult_long': 0.75, 'band_mult_short': 1.5, 'exit_mode': 'vwap', 'side': 'Both', 'window': 'afternoon_block', 'flat_eod': False, 'skip_holidays': False, 'stop_mode': 'bandwidth', 'confirm_bars': 4, 'daytype_mode': 'skip_top_long', 'daytype_lo': 0.15, 'daytype_hi': 0.9, 'vol_skip_pct': 30.0, 'stop_k': 2.75}"
358,140,23273,2.074,5850,3.98,58.6,0.445,4.1,9.3,0.66,1.3,374,6,4,"{'lookback': 27, 'band_mult_long': 2.5, 'band_mult_short': 1.5, 'exit_mode': 'vwap', 'side': 'Long Only', 'window': 'afternoon_block', 'flat_eod': False, 'skip_holidays': True, 'stop_mode': 'atr', 'confirm_bars': 3, 'daytype_mode': 'off', 'daytype_lo': 0.35, 'daytype_hi': 0.9, 'vol_skip_pct': 92.0, 'stop_k': 1.25}"
359,482,6240,1.14,14511,0.43,10.2,0.126,4.0,32.0,0.11,0.39,103,3,4,"{'lookback': 28, 'band_mult_long': 2.25, 'band_mult_short': 0.5, 'exit_mode': 'boundary', 'side': 'Short Only', 'window': 'afternoon_block', 'flat_eod': False, 'skip_holidays': True, 'stop_mode': 'off', 'confirm_bars': 2, 'daytype_mode': 'skip_bot_all', 'daytype_lo': 0.45, 'daytype_hi': 0.7, 'vol_skip_pct': 12.0, 'stop_k': 3.75}"
360,240,26797,1.383,20871,1.28,35.0,0.249,4.0,15.9,0.36,0.76,449,5,3,"{'lookback': 113, 'band_mult_long': 0.75, 'band_mult_short': 1.75, 'exit_mode': 'vwap', 'side': 'Short Only', 'window': 'morning', 'flat_eod': True, 'skip_holidays': False, 'stop_mode': 'off', 'confirm_bars': 1, 'daytype_mode': 'skip_top_all', 'daytype_lo': 0.1, 'daytype_hi': 0.65, 'vol_skip_pct': 67.0, 'stop_k': 2.25}"
361,257,14295,1.3,9624,1.49,23.0,0.231,3.9,17.1,0.23,0.65,241,3,4,"{'lookback': 88, 'band_mult_long': 2.25, 'band_mult_short': 1.5, 'exit_mode': 'band', 'side': 'Both', 'window': 'all_day', 'flat_eod': True, 'skip_holidays': False, 'stop_mode': 'atr', 'confirm_bars': 3, 'daytype_mode': 'skip_bot_all', 'daytype_lo': 0.35, 'daytype_hi': 0.65, 'vol_skip_pct': 31.0, 'stop_k': 2.0}"
362,249,24851,1.441,6000,4.14,46.2,0.237,3.9,16.5,0.45,0.87,421,7,4,"{'lookback': 81, 'band_mult_long': 1.75, 'band_mult_short': 2.0, 'exit_mode': 'vwap', 'side': 'Long Only', 'window': 'all_day', 'flat_eod': False, 'skip_holidays': False, 'stop_mode': 'atr', 'confirm_bars': 4, 'daytype_mode': 'skip_bot_all', 'daytype_lo': 0.2, 'daytype_hi': 0.65, 'vol_skip_pct': 73.0, 'stop_k': 2.75}"
363,343,17979,1.262,7822,2.3,35.0,0.17,3.9,22.8,0.31,0.62,308,4,4,"{'lookback': 52, 'band_mult_long': 0.75, 'band_mult_short': 2.5, 'exit_mode': 'vwap', 'side': 'Long Only', 'window': 'morning', 'flat_eod': False, 'skip_holidays': False, 'stop_mode': 'fixed', 'confirm_bars': 4, 'daytype_mode': 'skip_bot_all', 'daytype_lo': 0.35, 'daytype_hi': 0.6, 'vol_skip_pct': 38.0, 'stop_k': 1.5}"
364,487,11490,1.145,13577,0.85,19.9,0.116,3.8,32.3,0.17,0.39,203,3,3,"{'lookback': 63, 'band_mult_long': 1.75, 'band_mult_short': 2.25, 'exit_mode': 'boundary', 'side': 'Short Only', 'window': 'afternoon_block', 'flat_eod': False, 'skip_holidays': True, 'stop_mode': 'off', 'confirm_bars': 4, 'daytype_mode': 'off', 'daytype_lo': 0.1, 'daytype_hi': 0.6, 'vol_skip_pct': 87.0, 'stop_k': 2.0}"
365,313,9903,1.271,8412,1.18,31.9,0.184,3.8,20.8,0.25,0.54,172,5,2,"{'lookback': 34, 'band_mult_long': 1.5, 'band_mult_short': 1.25, 'exit_mode': 'band', 'side': 'Long Only', 'window': 'afternoon_block', 'flat_eod': True, 'skip_holidays': True, 'stop_mode': 'fixed', 'confirm_bars': 1, 'daytype_mode': 'off', 'daytype_lo': 0.45, 'daytype_hi': 0.75, 'vol_skip_pct': 24.0, 'stop_k': 1.25}"
366,87,3996,1.719,3002,1.33,9.2,0.653,3.8,5.8,0.15,0.76,70,3,2,"{'lookback': 25, 'band_mult_long': 1.75, 'band_mult_short': 1.25, 'exit_mode': 'boundary', 'side': 'Short Only', 'window': 'morning', 'flat_eod': False, 'skip_holidays': True, 'stop_mode': 'bandwidth', 'confirm_bars': 1, 'daytype_mode': 'skip_top_long', 'daytype_lo': 0.25, 'daytype_hi': 0.8, 'vol_skip_pct': 2.0, 'stop_k': 3.5}"
367,354,13571,1.231,7263,1.87,30.2,0.161,3.8,23.5,0.24,0.56,238,5,5,"{'lookback': 102, 'band_mult_long': 2.0, 'band_mult_short': 1.75, 'exit_mode': 'band', 'side': 'Both', 'window': 'afternoon_block', 'flat_eod': True, 'skip_holidays': False, 'stop_mode': 'fixed', 'confirm_bars': 3, 'daytype_mode': 'skip_bot_short', 'daytype_lo': 0.4, 'daytype_hi': 0.7, 'vol_skip_pct': 48.0, 'stop_k': 3.25}"
368,228,4372,1.31,3633,1.2,18.4,0.253,3.8,15.1,0.18,0.5,76,4,4,"{'lookback': 110, 'band_mult_long': 2.0, 'band_mult_short': 2.0, 'exit_mode': 'boundary', 'side': 'Long Only', 'window': 'afternoon_block', 'flat_eod': True, 'skip_holidays': False, 'stop_mode': 'atr', 'confirm_bars': 3, 'daytype_mode': 'skip_top_all', 'daytype_lo': 0.45, 'daytype_hi': 0.95, 'vol_skip_pct': 44.0, 'stop_k': 4.0}"
369,145,22829,1.66,10902,2.09,41.4,0.387,3.7,9.6,0.41,1.0,407,6,4,"{'lookback': 65, 'band_mult_long': 2.25, 'band_mult_short': 2.0, 'exit_mode': 'vwap', 'side': 'Both', 'window': 'morning', 'flat_eod': True, 'skip_holidays': True, 'stop_mode': 'atr', 'confirm_bars': 4, 'daytype_mode': 'skip_top_all', 'daytype_lo': 0.3, 'daytype_hi': 0.8, 'vol_skip_pct': 51.0, 'stop_k': 1.0}"
370,48,4146,2.373,1766,2.35,16.7,1.144,3.6,3.2,0.24,1.46,76,3,4,"{'lookback': 103, 'band_mult_long': 2.25, 'band_mult_short': 0.75, 'exit_mode': 'boundary', 'side': 'Long Only', 'window': 'afternoon_block', 'flat_eod': False, 'skip_holidays': True, 'stop_mode': 'off', 'confirm_bars': 4, 'daytype_mode': 'skip_bot_all', 'daytype_lo': 0.15, 'daytype_hi': 0.55, 'vol_skip_pct': 24.0, 'stop_k': 2.0}"
371,128,20390,1.777,5086,4.01,46.9,0.413,3.5,8.5,0.49,1.06,386,6,5,"{'lookback': 51, 'band_mult_long': 1.75, 'band_mult_short': 2.5, 'exit_mode': 'vwap', 'side': 'Long Only', 'window': 'afternoon_block', 'flat_eod': True, 'skip_holidays': True, 'stop_mode': 'bandwidth', 'confirm_bars': 2, 'daytype_mode': 'skip_bot_all', 'daytype_lo': 0.35, 'daytype_hi': 0.9, 'vol_skip_pct': 43.0, 'stop_k': 0.75}"
372,209,24287,1.43,10684,2.27,40.7,0.255,3.5,13.9,0.37,0.84,456,5,5,"{'lookback': 15, 'band_mult_long': 1.0, 'band_mult_short': 2.0, 'exit_mode': 'vwap', 'side': 'Short Only', 'window': 'morning', 'flat_eod': False, 'skip_holidays': True, 'stop_mode': 'fixed', 'confirm_bars': 4, 'daytype_mode': 'skip_bot_all', 'daytype_lo': 0.05, 'daytype_hi': 0.8, 'vol_skip_pct': 59.0, 'stop_k': 1.5}"
373,136,27405,1.702,5145,5.33,47.1,0.372,3.4,9.0,0.46,1.07,542,5,4,"{'lookback': 97, 'band_mult_long': 1.25, 'band_mult_short': 2.25, 'exit_mode': 'vwap', 'side': 'Short Only', 'window': 'all_day', 'flat_eod': False, 'skip_holidays': False, 'stop_mode': 'bandwidth', 'confirm_bars': 4, 'daytype_mode': 'skip_bot_short', 'daytype_lo': 0.3, 'daytype_hi': 0.9, 'vol_skip_pct': 67.0, 'stop_k': 1.25}"
374,47,6544,2.774,1396,4.69,38.3,1.095,3.4,3.1,0.31,1.13,127,6,5,"{'lookback': 95, 'band_mult_long': 2.25, 'band_mult_short': 2.0, 'exit_mode': 'band', 'side': 'Long Only', 'window': 'afternoon_block', 'flat_eod': True, 'skip_holidays': False, 'stop_mode': 'bandwidth', 'confirm_bars': 3, 'daytype_mode': 'skip_top_long', 'daytype_lo': 0.35, 'daytype_hi': 0.9, 'vol_skip_pct': 28.0, 'stop_k': 4.0}"
375,371,11980,1.193,6895,1.74,27.5,0.14,3.4,24.6,0.19,0.52,231,5,6,"{'lookback': 82, 'band_mult_long': 0.75, 'band_mult_short': 2.0, 'exit_mode': 'band', 'side': 'Short Only', 'window': 'all_day', 'flat_eod': True, 'skip_holidays': True, 'stop_mode': 'fixed', 'confirm_bars': 2, 'daytype_mode': 'skip_bot_short', 'daytype_lo': 0.15, 'daytype_hi': 0.8, 'vol_skip_pct': 51.0, 'stop_k': 3.75}"
376,349,15550,1.213,16424,0.95,33.5,0.142,3.3,23.2,0.26,0.54,315,4,3,"{'lookback': 109, 'band_mult_long': 0.5, 'band_mult_short': 1.25, 'exit_mode': 'vwap', 'side': 'Long Only', 'window': 'morning', 'flat_eod': True, 'skip_holidays': False, 'stop_mode': 'fixed', 'confirm_bars': 3, 'daytype_mode': 'skip_top_all', 'daytype_lo': 0.4, 'daytype_hi': 0.8, 'vol_skip_pct': 24.0, 'stop_k': 3.75}"
377,148,21182,1.614,4922,4.3,45.3,0.336,3.3,9.8,0.44,0.97,426,8,4,"{'lookback': 106, 'band_mult_long': 1.5, 'band_mult_short': 0.5, 'exit_mode': 'vwap', 'side': 'Long Only', 'window': 'morning', 'flat_eod': False, 'skip_holidays': False, 'stop_mode': 'fixed', 'confirm_bars': 2, 'daytype_mode': 'skip_bot_all', 'daytype_lo': 0.4, 'daytype_hi': 0.55, 'vol_skip_pct': 48.0, 'stop_k': 1.75}"
378,1195,14619,1.058,34320,0.43,30.7,0.04,3.2,79.4,0.13,0.27,306,4,4,"{'lookback': 115, 'band_mult_long': 1.0, 'band_mult_short': 0.75, 'exit_mode': 'vwap', 'side': 'Both', 'window': 'afternoon_block', 'flat_eod': True, 'skip_holidays': True, 'stop_mode': 'bandwidth', 'confirm_bars': 3, 'daytype_mode': 'skip_top_long', 'daytype_lo': 0.45, 'daytype_hi': 0.85, 'vol_skip_pct': 42.0, 'stop_k': 1.5}"
379,243,34250,1.388,15348,2.23,49.0,0.198,3.2,16.1,0.24,0.68,711,7,4,"{'lookback': 103, 'band_mult_long': 2.25, 'band_mult_short': 1.5, 'exit_mode': 'vwap', 'side': 'Long Only', 'window': 'all_day', 'flat_eod': True, 'skip_holidays': True, 'stop_mode': 'atr', 'confirm_bars': 4, 'daytype_mode': 'skip_bot_short', 'daytype_lo': 0.15, 'daytype_hi': 0.6, 'vol_skip_pct': 0.0, 'stop_k': 2.5}"
380,265,14340,1.252,8958,1.6,30.2,0.176,3.1,17.6,0.23,0.55,307,6,5,"{'lookback': 114, 'band_mult_long': 1.25, 'band_mult_short': 2.0, 'exit_mode': 'band', 'side': 'Short Only', 'window': 'afternoon_block', 'flat_eod': True, 'skip_holidays': True, 'stop_mode': 'off', 'confirm_bars': 3, 'daytype_mode': 'skip_top_all', 'daytype_lo': 0.35, 'daytype_hi': 0.85, 'vol_skip_pct': 63.0, 'stop_k': 4.0}"
381,162,20847,1.513,7067,2.95,43.2,0.291,3.1,10.8,0.42,0.89,442,7,4,"{'lookback': 71, 'band_mult_long': 1.75, 'band_mult_short': 1.0, 'exit_mode': 'vwap', 'side': 'Long Only', 'window': 'morning', 'flat_eod': False, 'skip_holidays': False, 'stop_mode': 'bandwidth', 'confirm_bars': 3, 'daytype_mode': 'skip_bot_all', 'daytype_lo': 0.45, 'daytype_hi': 0.85, 'vol_skip_pct': 83.0, 'stop_k': 1.25}"
382,58,13857,2.402,4673,2.97,43.1,0.797,3.1,3.9,0.33,1.63,300,4,5,"{'lookback': 93, 'band_mult_long': 2.25, 'band_mult_short': 2.25, 'exit_mode': 'band', 'side': 'Short Only', 'window': 'all_day', 'flat_eod': True, 'skip_holidays': True, 'stop_mode': 'atr', 'confirm_bars': 2, 'daytype_mode': 'off', 'daytype_lo': 0.35, 'daytype_hi': 0.95, 'vol_skip_pct': 15.0, 'stop_k': 0.5}"
383,229,4540,1.249,7186,0.63,20.1,0.199,3.0,15.2,0.16,0.48,100,7,3,"{'lookback': 109, 'band_mult_long': 1.5, 'band_mult_short': 0.5, 'exit_mode': 'boundary', 'side': 'Long Only', 'window': 'morning', 'flat_eod': True, 'skip_holidays': True, 'stop_mode': 'fixed', 'confirm_bars': 2, 'daytype_mode': 'skip_top_all', 'daytype_lo': 0.45, 'daytype_hi': 0.9, 'vol_skip_pct': 27.0, 'stop_k': 0.75}"
384,405,10643,1.164,13489,0.79,37.3,0.103,2.8,26.9,0.22,0.4,256,6,4,"{'lookback': 5, 'band_mult_long': 1.5, 'band_mult_short': 2.5, 'exit_mode': 'band', 'side': 'Both', 'window': 'morning', 'flat_eod': True, 'skip_holidays': False, 'stop_mode': 'fixed', 'confirm_bars': 4, 'daytype_mode': 'skip_top_all', 'daytype_lo': 0.1, 'daytype_hi': 0.85, 'vol_skip_pct': 48.0, 'stop_k': 1.25}"
385,87,11138,1.793,2597,4.29,39.1,0.483,2.8,5.8,0.43,1.01,265,7,4,"{'lookback': 46, 'band_mult_long': 1.0, 'band_mult_short': 2.0, 'exit_mode': 'band', 'side': 'Long Only', 'window': 'morning', 'flat_eod': False, 'skip_holidays': True, 'stop_mode': 'atr', 'confirm_bars': 3, 'daytype_mode': 'skip_top_all', 'daytype_lo': 0.1, 'daytype_hi': 0.6, 'vol_skip_pct': 18.0, 'stop_k': 1.25}"
386,90,15341,1.965,4223,3.63,51.1,0.472,2.8,6.0,0.45,0.92,361,6,4,"{'lookback': 53, 'band_mult_long': 2.5, 'band_mult_short': 2.5, 'exit_mode': 'vwap', 'side': 'Long Only', 'window': 'all_day', 'flat_eod': True, 'skip_holidays': True, 'stop_mode': 'fixed', 'confirm_bars': 3, 'daytype_mode': 'off', 'daytype_lo': 0.05, 'daytype_hi': 0.6, 'vol_skip_pct': 62.0, 'stop_k': 1.25}"
387,542,14297,1.112,17296,0.83,30.3,0.078,2.8,36.0,0.17,0.36,337,3,5,"{'lookback': 45, 'band_mult_long': 1.75, 'band_mult_short': 1.0, 'exit_mode': 'vwap', 'side': 'Both', 'window': 'morning', 'flat_eod': False, 'skip_holidays': False, 'stop_mode': 'fixed', 'confirm_bars': 3, 'daytype_mode': 'skip_top_long', 'daytype_lo': 0.35, 'daytype_hi': 0.6, 'vol_skip_pct': 37.0, 'stop_k': 4.0}"
388,41,5613,2.598,1586,3.54,36.6,1.013,2.8,2.7,0.27,0.99,135,4,4,"{'lookback': 69, 'band_mult_long': 2.5, 'band_mult_short': 0.75, 'exit_mode': 'band', 'side': 'Long Only', 'window': 'afternoon_block', 'flat_eod': False, 'skip_holidays': True, 'stop_mode': 'off', 'confirm_bars': 3, 'daytype_mode': 'skip_top_all', 'daytype_lo': 0.3, 'daytype_hi': 0.85, 'vol_skip_pct': 43.0, 'stop_k': 0.5}"
389,188,28485,1.398,10239,2.78,43.6,0.224,2.8,12.5,0.36,0.74,675,8,4,"{'lookback': 49, 'band_mult_long': 1.0, 'band_mult_short': 2.25, 'exit_mode': 'vwap', 'side': 'Short Only', 'window': 'morning', 'flat_eod': True, 'skip_holidays': False, 'stop_mode': 'atr', 'confirm_bars': 3, 'daytype_mode': 'skip_bot_short', 'daytype_lo': 0.2, 'daytype_hi': 0.9, 'vol_skip_pct': 92.0, 'stop_k': 0.5}"
390,575,8373,1.091,22254,0.38,17.9,0.075,2.8,38.2,0.11,0.28,195,4,4,"{'lookback': 88, 'band_mult_long': 2.0, 'band_mult_short': 0.75, 'exit_mode': 'boundary', 'side': 'Short Only', 'window': 'morning', 'flat_eod': False, 'skip_holidays': True, 'stop_mode': 'off', 'confirm_bars': 4, 'daytype_mode': 'skip_bot_all', 'daytype_lo': 0.4, 'daytype_hi': 0.75, 'vol_skip_pct': 51.0, 'stop_k': 4.0}"
391,289,12469,1.226,9652,1.29,34.6,0.148,2.8,19.2,0.24,0.52,292,4,4,"{'lookback': 73, 'band_mult_long': 0.5, 'band_mult_short': 2.0, 'exit_mode': 'vwap', 'side': 'Long Only', 'window': 'morning', 'flat_eod': False, 'skip_holidays': False, 'stop_mode': 'fixed', 'confirm_bars': 4, 'daytype_mode': 'skip_bot_all', 'daytype_lo': 0.25, 'daytype_hi': 0.55, 'vol_skip_pct': 19.0, 'stop_k': 2.75}"
392,647,6783,1.089,10175,0.67,28.9,0.063,2.7,43.0,0.11,0.28,165,3,1,"{'lookback': 27, 'band_mult_long': 2.0, 'band_mult_short': 2.25, 'exit_mode': 'band', 'side': 'Both', 'window': 'all_day', 'flat_eod': False, 'skip_holidays': False, 'stop_mode': 'fixed', 'confirm_bars': 1, 'daytype_mode': 'off', 'daytype_lo': 0.2, 'daytype_hi': 0.9, 'vol_skip_pct': 28.0, 'stop_k': 1.25}"
393,41,2331,2.288,1438,1.62,24.4,0.974,2.7,2.7,0.2,1.16,58,5,3,"{'lookback': 36, 'band_mult_long': 2.5, 'band_mult_short': 0.5, 'exit_mode': 'boundary', 'side': 'Long Only', 'window': 'afternoon_block', 'flat_eod': False, 'skip_holidays': True, 'stop_mode': 'fixed', 'confirm_bars': 4, 'daytype_mode': 'skip_top_long', 'daytype_lo': 0.15, 'daytype_hi': 0.85, 'vol_skip_pct': 20.0, 'stop_k': 1.75}"
394,209,13142,1.259,14386,0.91,26.3,0.191,2.6,13.9,0.22,0.53,329,6,3,"{'lookback': 45, 'band_mult_long': 2.5, 'band_mult_short': 1.5, 'exit_mode': 'band', 'side': 'Short Only', 'window': 'morning', 'flat_eod': True, 'skip_holidays': True, 'stop_mode': 'off', 'confirm_bars': 4, 'daytype_mode': 'skip_top_long', 'daytype_lo': 0.45, 'daytype_hi': 0.9, 'vol_skip_pct': 42.0, 'stop_k': 4.0}"
395,341,10125,1.149,16683,0.61,22.3,0.116,2.6,22.6,0.16,0.37,256,3,4,"{'lookback': 14, 'band_mult_long': 1.5, 'band_mult_short': 0.5, 'exit_mode': 'band', 'side': 'Short Only', 'window': 'afternoon_block', 'flat_eod': True, 'skip_holidays': False, 'stop_mode': 'fixed', 'confirm_bars': 4, 'daytype_mode': 'off', 'daytype_lo': 0.1, 'daytype_hi': 0.7, 'vol_skip_pct': 15.0, 'stop_k': 1.75}"
396,160,6484,1.366,5254,1.23,32.5,0.247,2.6,10.6,0.21,0.52,164,5,2,"{'lookback': 66, 'band_mult_long': 2.0, 'band_mult_short': 0.5, 'exit_mode': 'band', 'side': 'Long Only', 'window': 'afternoon_block', 'flat_eod': True, 'skip_holidays': False, 'stop_mode': 'atr', 'confirm_bars': 1, 'daytype_mode': 'skip_top_long', 'daytype_lo': 0.3, 'daytype_hi': 0.85, 'vol_skip_pct': 31.0, 'stop_k': 2.0}"
397,313,3505,1.142,5391,0.65,15.3,0.12,2.5,20.8,0.09,0.29,93,5,2,"{'lookback': 39, 'band_mult_long': 2.25, 'band_mult_short': 2.5, 'exit_mode': 'boundary', 'side': 'Short Only', 'window': 'morning', 'flat_eod': False, 'skip_holidays': True, 'stop_mode': 'off', 'confirm_bars': 1, 'daytype_mode': 'skip_bot_short', 'daytype_lo': 0.25, 'daytype_hi': 0.6, 'vol_skip_pct': 53.0, 'stop_k': 0.25}"
398,212,17750,1.298,16085,1.1,39.6,0.18,2.5,14.1,0.27,0.6,465,4,4,"{'lookback': 89, 'band_mult_long': 2.5, 'band_mult_short': 2.0, 'exit_mode': 'vwap', 'side': 'Both', 'window': 'all_day', 'flat_eod': False, 'skip_holidays': True, 'stop_mode': 'off', 'confirm_bars': 2, 'daytype_mode': 'skip_bot_short', 'daytype_lo': 0.2, 'daytype_hi': 0.75, 'vol_skip_pct': 38.0, 'stop_k': 1.5}"
399,245,7433,1.186,11862,0.63,20.8,0.147,2.4,16.3,0.12,0.41,206,3,2,"{'lookback': 119, 'band_mult_long': 2.5, 'band_mult_short': 1.5, 'exit_mode': 'band', 'side': 'Both', 'window': 'all_day', 'flat_eod': False, 'skip_holidays': False, 'stop_mode': 'atr', 'confirm_bars': 1, 'daytype_mode': 'skip_bot_short', 'daytype_lo': 0.1, 'daytype_hi': 0.65, 'vol_skip_pct': 12.0, 'stop_k': 3.5}"
400,482,5455,1.096,7780,0.7,20.3,0.076,2.4,32.0,0.11,0.26,148,5,4,"{'lookback': 15, 'band_mult_long': 1.25, 'band_mult_short': 1.75, 'exit_mode': 'boundary', 'side': 'Both', 'window': 'morning', 'flat_eod': False, 'skip_holidays': False, 'stop_mode': 'fixed', 'confirm_bars': 4, 'daytype_mode': 'skip_bot_short', 'daytype_lo': 0.15, 'daytype_hi': 0.9, 'vol_skip_pct': 27.0, 'stop_k': 3.25}"
401,169,6265,1.299,6028,1.04,28.4,0.214,2.4,11.2,0.21,0.42,173,4,2,"{'lookback': 66, 'band_mult_long': 0.75, 'band_mult_short': 2.25, 'exit_mode': 'band', 'side': 'Both', 'window': 'all_day', 'flat_eod': True, 'skip_holidays': True, 'stop_mode': 'bandwidth', 'confirm_bars': 1, 'daytype_mode': 'skip_bot_all', 'daytype_lo': 0.35, 'daytype_hi': 0.95, 'vol_skip_pct': 5.0, 'stop_k': 3.5}"
402,156,2269,1.263,4267,0.53,13.5,0.228,2.4,10.4,0.11,0.36,64,3,4,"{'lookback': 98, 'band_mult_long': 2.5, 'band_mult_short': 2.25, 'exit_mode': 'boundary', 'side': 'Long Only', 'window': 'afternoon_block', 'flat_eod': False, 'skip_holidays': False, 'stop_mode': 'bandwidth', 'confirm_bars': 2, 'daytype_mode': 'skip_top_all', 'daytype_lo': 0.3, 'daytype_hi': 0.9, 'vol_skip_pct': 51.0, 'stop_k': 1.75}"
403,382,15278,1.139,22238,0.69,35.6,0.089,2.3,25.4,0.19,0.36,448,5,4,"{'lookback': 14, 'band_mult_long': 2.25, 'band_mult_short': 1.5, 'exit_mode': 'vwap', 'side': 'Both', 'window': 'morning', 'flat_eod': True, 'skip_holidays': False, 'stop_mode': 'off', 'confirm_bars': 4, 'daytype_mode': 'skip_top_all', 'daytype_lo': 0.1, 'daytype_hi': 0.6, 'vol_skip_pct': 85.0, 'stop_k': 3.75}"
404,92,16644,1.6,6874,2.42,38.0,0.372,2.3,6.1,0.32,0.86,487,4,4,"{'lookback': 72, 'band_mult_long': 2.25, 'band_mult_short': 2.25, 'exit_mode': 'vwap', 'side': 'Short Only', 'window': 'morning', 'flat_eod': False, 'skip_holidays': True, 'stop_mode': 'atr', 'confirm_bars': 3, 'daytype_mode': 'skip_top_long', 'daytype_lo': 0.4, 'daytype_hi': 0.75, 'vol_skip_pct': 46.0, 'stop_k': 1.0}"
405,329,5743,1.119,11171,0.51,13.4,0.103,2.3,21.9,0.11,0.28,169,2,1,"{'lookback': 65, 'band_mult_long': 1.25, 'band_mult_short': 0.5, 'exit_mode': 'band', 'side': 'Short Only', 'window': 'afternoon_block', 'flat_eod': True, 'skip_holidays': True, 'stop_mode': 'fixed', 'confirm_bars': 1, 'daytype_mode': 'skip_top_all', 'daytype_lo': 0.15, 'daytype_hi': 0.75, 'vol_skip_pct': 10.0, 'stop_k': 4.0}"
406,146,9749,1.324,7194,1.36,30.8,0.224,2.2,9.7,0.23,0.54,298,5,3,"{'lookback': 103, 'band_mult_long': 1.0, 'band_mult_short': 2.5, 'exit_mode': 'band', 'side': 'Short Only', 'window': 'afternoon_block', 'flat_eod': False, 'skip_holidays': True, 'stop_mode': 'bandwidth', 'confirm_bars': 3, 'daytype_mode': 'skip_bot_all', 'daytype_lo': 0.2, 'daytype_hi': 0.8, 'vol_skip_pct': 62.0, 'stop_k': 1.5}"
407,1362,3195,1.027,25107,0.13,12.2,0.024,2.2,90.5,0.04,0.12,98,4,1,"{'lookback': 13, 'band_mult_long': 2.5, 'band_mult_short': 1.25, 'exit_mode': 'boundary', 'side': 'Short Only', 'window': 'morning', 'flat_eod': False, 'skip_holidays': False, 'stop_mode': 'bandwidth', 'confirm_bars': 1, 'daytype_mode': 'skip_bot_short', 'daytype_lo': 0.1, 'daytype_hi': 0.65, 'vol_skip_pct': 47.0, 'stop_k': 2.25}"
408,154,12348,1.413,4813,2.57,47.4,0.217,2.2,10.2,0.31,0.58,369,6,5,"{'lookback': 87, 'band_mult_long': 1.75, 'band_mult_short': 2.0, 'exit_mode': 'vwap', 'side': 'Long Only', 'window': 'all_day', 'flat_eod': True, 'skip_holidays': False, 'stop_mode': 'fixed', 'confirm_bars': 4, 'daytype_mode': 'skip_top_all', 'daytype_lo': 0.05, 'daytype_hi': 0.65, 'vol_skip_pct': 68.0, 'stop_k': 2.5}"
409,60,10725,2.008,2575,4.16,46.7,0.538,2.1,4.0,0.39,1.08,333,5,4,"{'lookback': 57, 'band_mult_long': 2.25, 'band_mult_short': 0.5, 'exit_mode': 'vwap', 'side': 'Long Only', 'window': 'afternoon_block', 'flat_eod': True, 'skip_holidays': True, 'stop_mode': 'fixed', 'confirm_bars': 2, 'daytype_mode': 'skip_bot_all', 'daytype_lo': 0.35, 'daytype_hi': 0.6, 'vol_skip_pct': 44.0, 'stop_k': 0.5}"
410,61,7115,1.781,4709,1.51,34.4,0.512,2.1,4.1,0.24,0.74,228,5,3,"{'lookback': 88, 'band_mult_long': 2.0, 'band_mult_short': 2.25, 'exit_mode': 'band', 'side': 'Both', 'window': 'morning', 'flat_eod': False, 'skip_holidays': True, 'stop_mode': 'off', 'confirm_bars': 3, 'daytype_mode': 'off', 'daytype_lo': 0.3, 'daytype_hi': 0.6, 'vol_skip_pct': 16.0, 'stop_k': 0.5}"
411,136,23420,1.408,11587,2.02,42.6,0.234,2.1,9.0,0.32,0.63,737,6,4,"{'lookback': 100, 'band_mult_long': 0.75, 'band_mult_short': 2.5, 'exit_mode': 'vwap', 'side': 'Short Only', 'window': 'morning', 'flat_eod': True, 'skip_holidays': False, 'stop_mode': 'bandwidth', 'confirm_bars': 4, 'daytype_mode': 'skip_top_long', 'daytype_lo': 0.05, 'daytype_hi': 0.55, 'vol_skip_pct': 88.0, 'stop_k': 3.0}"
412,144,13460,1.325,11182,1.2,36.1,0.208,2.0,9.6,0.22,0.55,450,4,3,"{'lookback': 79, 'band_mult_long': 1.25, 'band_mult_short': 1.75, 'exit_mode': 'vwap', 'side': 'Short Only', 'window': 'all_day', 'flat_eod': True, 'skip_holidays': True, 'stop_mode': 'off', 'confirm_bars': 2, 'daytype_mode': 'skip_top_all', 'daytype_lo': 0.1, 'daytype_hi': 0.55, 'vol_skip_pct': 43.0, 'stop_k': 4.0}"
413,75,9258,1.694,3252,2.85,41.3,0.407,2.0,5.0,0.33,0.84,303,5,4,"{'lookback': 120, 'band_mult_long': 2.25, 'band_mult_short': 2.25, 'exit_mode': 'vwap', 'side': 'Long Only', 'window': 'afternoon_block', 'flat_eod': True, 'skip_holidays': False, 'stop_mode': 'bandwidth', 'confirm_bars': 2, 'daytype_mode': 'skip_top_all', 'daytype_lo': 0.45, 'daytype_hi': 0.75, 'vol_skip_pct': 53.0, 'stop_k': 0.5}"
414,66,9256,2.018,2388,3.88,56.1,0.447,2.0,4.4,0.4,0.96,313,6,4,"{'lookback': 118, 'band_mult_long': 1.75, 'band_mult_short': 1.75, 'exit_mode': 'vwap', 'side': 'Long Only', 'window': 'afternoon_block', 'flat_eod': True, 'skip_holidays': True, 'stop_mode': 'bandwidth', 'confirm_bars': 3, 'daytype_mode': 'skip_top_all', 'daytype_lo': 0.3, 'daytype_hi': 0.55, 'vol_skip_pct': 45.0, 'stop_k': 2.5}"
415,72,10962,1.867,3763,2.91,51.4,0.422,2.0,4.8,0.35,0.89,361,5,6,"{'lookback': 75, 'band_mult_long': 2.25, 'band_mult_short': 0.75, 'exit_mode': 'vwap', 'side': 'Long Only', 'window': 'all_day', 'flat_eod': True, 'skip_holidays': False, 'stop_mode': 'fixed', 'confirm_bars': 2, 'daytype_mode': 'skip_top_all', 'daytype_lo': 0.1, 'daytype_hi': 0.9, 'vol_skip_pct': 41.0, 'stop_k': 2.0}"
416,50,3810,1.738,4148,0.92,18.0,0.605,2.0,3.3,0.13,0.69,126,3,3,"{'lookback': 59, 'band_mult_long': 1.25, 'band_mult_short': 1.0, 'exit_mode': 'boundary', 'side': 'Short Only', 'window': 'all_day', 'flat_eod': True, 'skip_holidays': True, 'stop_mode': 'fixed', 'confirm_bars': 3, 'daytype_mode': 'skip_bot_all', 'daytype_lo': 0.45, 'daytype_hi': 0.65, 'vol_skip_pct': 3.0, 'stop_k': 3.25}"
417,385,4468,1.091,10199,0.44,19.5,0.073,1.9,25.6,0.09,0.22,159,5,4,"{'lookback': 32, 'band_mult_long': 1.5, 'band_mult_short': 2.25, 'exit_mode': 'boundary', 'side': 'Short Only', 'window': 'afternoon_block', 'flat_eod': False, 'skip_holidays': False, 'stop_mode': 'atr', 'confirm_bars': 4, 'daytype_mode': 'skip_bot_short', 'daytype_lo': 0.2, 'daytype_hi': 0.85, 'vol_skip_pct': 72.0, 'stop_k': 3.0}"
418,151,9360,1.285,8582,1.09,33.8,0.189,1.9,10.0,0.2,0.4,328,3,4,"{'lookback': 34, 'band_mult_long': 1.0, 'band_mult_short': 1.5, 'exit_mode': 'vwap', 'side': 'Both', 'window': 'all_day', 'flat_eod': False, 'skip_holidays': False, 'stop_mode': 'off', 'confirm_bars': 3, 'daytype_mode': 'skip_bot_all', 'daytype_lo': 0.25, 'daytype_hi': 0.95, 'vol_skip_pct': 7.0, 'stop_k': 1.25}"
419,330,11312,1.13,15851,0.71,38.5,0.08,1.8,21.9,0.17,0.31,428,6,2,"{'lookback': 83, 'band_mult_long': 1.25, 'band_mult_short': 2.5, 'exit_mode': 'vwap', 'side': 'Both', 'window': 'morning', 'flat_eod': False, 'skip_holidays': False, 'stop_mode': 'off', 'confirm_bars': 1, 'daytype_mode': 'skip_bot_short', 'daytype_lo': 0.4, 'daytype_hi': 0.65, 'vol_skip_pct': 33.0, 'stop_k': 0.5}"
420,157,1935,1.207,3512,0.55,15.9,0.174,1.8,10.4,0.12,0.33,71,3,4,"{'lookback': 113, 'band_mult_long': 2.0, 'band_mult_short': 2.25, 'exit_mode': 'boundary', 'side': 'Long Only', 'window': 'afternoon_block', 'flat_eod': True, 'skip_holidays': True, 'stop_mode': 'off', 'confirm_bars': 4, 'daytype_mode': 'skip_top_long', 'daytype_lo': 0.05, 'daytype_hi': 0.65, 'vol_skip_pct': 52.0, 'stop_k': 0.25}"
421,79,3622,1.422,4194,0.86,19.0,0.342,1.8,5.2,0.2,0.57,134,4,3,"{'lookback': 108, 'band_mult_long': 1.0, 'band_mult_short': 1.5, 'exit_mode': 'boundary', 'side': 'Long Only', 'window': 'morning', 'flat_eod': False, 'skip_holidays': True, 'stop_mode': 'off', 'confirm_bars': 3, 'daytype_mode': 'skip_top_all', 'daytype_lo': 0.25, 'daytype_hi': 0.6, 'vol_skip_pct': 12.0, 'stop_k': 1.25}"
422,36,8646,2.453,2466,3.51,47.2,0.767,1.8,2.4,0.33,1.05,313,4,3,"{'lookback': 65, 'band_mult_long': 2.5, 'band_mult_short': 1.5, 'exit_mode': 'vwap', 'side': 'Long Only', 'window': 'morning', 'flat_eod': True, 'skip_holidays': True, 'stop_mode': 'fixed', 'confirm_bars': 2, 'daytype_mode': 'skip_top_all', 'daytype_lo': 0.15, 'daytype_hi': 0.85, 'vol_skip_pct': 40.0, 'stop_k': 2.75}"
423,248,4181,1.134,6938,0.6,18.1,0.11,1.8,16.5,0.11,0.29,153,4,4,"{'lookback': 83, 'band_mult_long': 1.0, 'band_mult_short': 2.25, 'exit_mode': 'boundary', 'side': 'Long Only', 'window': 'morning', 'flat_eod': False, 'skip_holidays': True, 'stop_mode': 'off', 'confirm_bars': 4, 'daytype_mode': 'skip_bot_all', 'daytype_lo': 0.1, 'daytype_hi': 0.95, 'vol_skip_pct': 21.0, 'stop_k': 1.75}"
424,287,3486,1.106,12433,0.28,12.9,0.093,1.8,19.1,0.08,0.23,131,2,6,"{'lookback': 90, 'band_mult_long': 1.25, 'band_mult_short': 1.0, 'exit_mode': 'boundary', 'side': 'Short Only', 'window': 'morning', 'flat_eod': False, 'skip_holidays': True, 'stop_mode': 'atr', 'confirm_bars': 2, 'daytype_mode': 'skip_top_long', 'daytype_lo': 0.25, 'daytype_hi': 0.95, 'vol_skip_pct': 15.0, 'stop_k': 1.0}"
425,491,5416,1.073,12315,0.44,26.5,0.054,1.8,32.6,0.08,0.21,205,4,1,"{'lookback': 96, 'band_mult_long': 2.5, 'band_mult_short': 1.75, 'exit_mode': 'band', 'side': 'Both', 'window': 'all_day', 'flat_eod': False, 'skip_holidays': False, 'stop_mode': 'bandwidth', 'confirm_bars': 1, 'daytype_mode': 'skip_top_long', 'daytype_lo': 0.35, 'daytype_hi': 0.75, 'vol_skip_pct': 31.0, 'stop_k': 4.0}"
426,276,14268,1.15,22591,0.63,35.1,0.097,1.8,18.3,0.16,0.32,532,4,2,"{'lookback': 48, 'band_mult_long': 2.5, 'band_mult_short': 2.0, 'exit_mode': 'vwap', 'side': 'Short Only', 'window': 'morning', 'flat_eod': False, 'skip_holidays': False, 'stop_mode': 'off', 'confirm_bars': 1, 'daytype_mode': 'skip_top_all', 'daytype_lo': 0.4, 'daytype_hi': 0.6, 'vol_skip_pct': 88.0, 'stop_k': 4.0}"
427,166,5620,1.241,7909,0.71,33.1,0.161,1.8,11.0,0.17,0.36,210,5,5,"{'lookback': 32, 'band_mult_long': 1.5, 'band_mult_short': 1.5, 'exit_mode': 'band', 'side': 'Long Only', 'window': 'morning', 'flat_eod': True, 'skip_holidays': False, 'stop_mode': 'fixed', 'confirm_bars': 2, 'daytype_mode': 'off', 'daytype_lo': 0.35, 'daytype_hi': 0.55, 'vol_skip_pct': 24.0, 'stop_k': 1.25}"
428,461,1850,1.069,3879,0.48,13.7,0.06,1.8,30.6,0.08,0.19,67,4,1,"{'lookback': 65, 'band_mult_long': 1.25, 'band_mult_short': 1.0, 'exit_mode': 'boundary', 'side': 'Long Only', 'window': 'all_day', 'flat_eod': False, 'skip_holidays': True, 'stop_mode': 'off', 'confirm_bars': 1, 'daytype_mode': 'off', 'daytype_lo': 0.25, 'daytype_hi': 0.8, 'vol_skip_pct': 11.0, 'stop_k': 2.5}"
429,58,5936,1.735,4349,1.36,37.9,0.456,1.8,3.9,0.23,0.86,224,4,3,"{'lookback': 104, 'band_mult_long': 2.5, 'band_mult_short': 2.25, 'exit_mode': 'band', 'side': 'Both', 'window': 'afternoon_block', 'flat_eod': False, 'skip_holidays': False, 'stop_mode': 'bandwidth', 'confirm_bars': 4, 'daytype_mode': 'skip_top_long', 'daytype_lo': 0.4, 'daytype_hi': 0.65, 'vol_skip_pct': 20.0, 'stop_k': 0.25}"
430,85,8744,1.495,6508,1.34,34.1,0.326,1.8,5.6,0.22,0.59,315,4,4,"{'lookback': 107, 'band_mult_long': 0.5, 'band_mult_short': 2.25, 'exit_mode': 'band', 'side': 'Short Only', 'window': 'afternoon_block', 'flat_eod': False, 'skip_holidays': False, 'stop_mode': 'off', 'confirm_bars': 4, 'daytype_mode': 'skip_bot_short', 'daytype_lo': 0.3, 'daytype_hi': 0.55, 'vol_skip_pct': 42.0, 'stop_k': 1.5}"
431,232,7102,1.153,10009,0.71,27.6,0.111,1.7,15.4,0.14,0.34,276,3,5,"{'lookback': 37, 'band_mult_long': 0.75, 'band_mult_short': 2.0, 'exit_mode': 'band', 'side': 'Short Only', 'window': 'afternoon_block', 'flat_eod': False, 'skip_holidays': False, 'stop_mode': 'bandwidth', 'confirm_bars': 4, 'daytype_mode': 'skip_top_long', 'daytype_lo': 0.1, 'daytype_hi': 0.65, 'vol_skip_pct': 48.0, 'stop_k': 2.0}"
432,164,3697,1.214,3452,1.07,28.0,0.154,1.7,10.9,0.15,0.33,147,4,4,"{'lookback': 114, 'band_mult_long': 2.25, 'band_mult_short': 1.75, 'exit_mode': 'band', 'side': 'Long Only', 'window': 'all_day', 'flat_eod': True, 'skip_holidays': True, 'stop_mode': 'atr', 'confirm_bars': 3, 'daytype_mode': 'skip_bot_short', 'daytype_lo': 0.45, 'daytype_hi': 0.9, 'vol_skip_pct': 60.0, 'stop_k': 3.5}"
433,112,5801,1.299,4123,1.41,28.6,0.214,1.6,7.4,0.2,0.41,242,4,3,"{'lookback': 66, 'band_mult_long': 1.0, 'band_mult_short': 1.25, 'exit_mode': 'band', 'side': 'Long Only', 'window': 'morning', 'flat_eod': True, 'skip_holidays': False, 'stop_mode': 'off', 'confirm_bars': 2, 'daytype_mode': 'skip_top_all', 'daytype_lo': 0.25, 'daytype_hi': 0.7, 'vol_skip_pct': 15.0, 'stop_k': 1.0}"
434,117,11108,1.336,13017,0.85,36.8,0.212,1.6,7.8,0.24,0.56,447,5,4,"{'lookback': 37, 'band_mult_long': 0.75, 'band_mult_short': 2.25, 'exit_mode': 'vwap', 'side': 'Short Only', 'window': 'morning', 'flat_eod': True, 'skip_holidays': False, 'stop_mode': 'fixed', 'confirm_bars': 3, 'daytype_mode': 'skip_top_all', 'daytype_lo': 0.3, 'daytype_hi': 0.55, 'vol_skip_pct': 76.0, 'stop_k': 0.5}"
435,531,3111,1.05,16567,0.19,11.1,0.044,1.6,35.3,0.05,0.14,132,3,5,"{'lookback': 50, 'band_mult_long': 2.0, 'band_mult_short': 0.5, 'exit_mode': 'boundary', 'side': 'Short Only', 'window': 'afternoon_block', 'flat_eod': True, 'skip_holidays': False, 'stop_mode': 'atr', 'confirm_bars': 3, 'daytype_mode': 'skip_bot_short', 'daytype_lo': 0.05, 'daytype_hi': 0.9, 'vol_skip_pct': 12.0, 'stop_k': 4.0}"
436,71,8113,1.579,4765,1.7,40.8,0.343,1.6,4.7,0.28,0.69,333,3,6,"{'lookback': 117, 'band_mult_long': 2.0, 'band_mult_short': 0.5, 'exit_mode': 'vwap', 'side': 'Long Only', 'window': 'all_day', 'flat_eod': False, 'skip_holidays': True, 'stop_mode': 'fixed', 'confirm_bars': 4, 'daytype_mode': 'skip_top_long', 'daytype_lo': 0.45, 'daytype_hi': 0.95, 'vol_skip_pct': 39.0, 'stop_k': 3.0}"
437,461,3170,1.064,9567,0.33,16.9,0.053,1.6,30.6,0.06,0.17,130,3,4,"{'lookback': 93, 'band_mult_long': 2.25, 'band_mult_short': 1.75, 'exit_mode': 'boundary', 'side': 'Both', 'window': 'afternoon_block', 'flat_eod': False, 'skip_holidays': False, 'stop_mode': 'atr', 'confirm_bars': 3, 'daytype_mode': 'skip_bot_all', 'daytype_lo': 0.35, 'daytype_hi': 0.75, 'vol_skip_pct': 48.0, 'stop_k': 0.5}"
438,97,4996,1.386,4338,1.15,38.1,0.239,1.5,6.4,0.2,0.4,216,6,3,"{'lookback': 97, 'band_mult_long': 1.5, 'band_mult_short': 1.25, 'exit_mode': 'band', 'side': 'Long Only', 'window': 'afternoon_block', 'flat_eod': False, 'skip_holidays': True, 'stop_mode': 'fixed', 'confirm_bars': 4, 'daytype_mode': 'skip_top_all', 'daytype_lo': 0.2, 'daytype_hi': 0.6, 'vol_skip_pct': 38.0, 'stop_k': 2.25}"
439,64,8153,1.632,4529,1.8,43.8,0.356,1.5,4.3,0.26,0.68,358,5,2,"{'lookback': 86, 'band_mult_long': 2.5, 'band_mult_short': 1.75, 'exit_mode': 'vwap', 'side': 'Long Only', 'window': 'all_day', 'flat_eod': False, 'skip_holidays': False, 'stop_mode': 'off', 'confirm_bars': 1, 'daytype_mode': 'skip_top_all', 'daytype_lo': 0.45, 'daytype_hi': 0.9, 'vol_skip_pct': 40.0, 'stop_k': 3.0}"
440,36,5086,2.058,3203,1.59,38.9,0.647,1.5,2.4,0.21,0.61,218,5,5,"{'lookback': 109, 'band_mult_long': 2.25, 'band_mult_short': 2.0, 'exit_mode': 'boundary', 'side': 'Short Only', 'window': 'morning', 'flat_eod': True, 'skip_holidays': False, 'stop_mode': 'off', 'confirm_bars': 4, 'daytype_mode': 'skip_bot_all', 'daytype_lo': 0.1, 'daytype_hi': 0.8, 'vol_skip_pct': 14.0, 'stop_k': 2.0}"
441,66,10341,1.709,4894,2.11,51.5,0.344,1.5,4.4,0.3,0.67,456,6,3,"{'lookback': 112, 'band_mult_long': 2.0, 'band_mult_short': 2.0, 'exit_mode': 'vwap', 'side': 'Short Only', 'window': 'afternoon_block', 'flat_eod': False, 'skip_holidays': True, 'stop_mode': 'atr', 'confirm_bars': 4, 'daytype_mode': 'skip_top_all', 'daytype_lo': 0.4, 'daytype_hi': 0.6, 'vol_skip_pct': 45.0, 'stop_k': 2.75}"
442,85,7274,1.475,3704,1.96,45.9,0.257,1.5,5.6,0.26,0.47,333,6,2,"{'lookback': 115, 'band_mult_long': 2.0, 'band_mult_short': 1.25, 'exit_mode': 'vwap', 'side': 'Long Only', 'window': 'morning', 'flat_eod': False, 'skip_holidays': False, 'stop_mode': 'fixed', 'confirm_bars': 1, 'daytype_mode': 'skip_top_all', 'daytype_lo': 0.35, 'daytype_hi': 0.65, 'vol_skip_pct': 51.0, 'stop_k': 3.5}"
443,632,11208,1.053,38070,0.29,32.1,0.036,1.5,42.0,0.09,0.17,497,6,1,"{'lookback': 19, 'band_mult_long': 0.5, 'band_mult_short': 1.75, 'exit_mode': 'vwap', 'side': 'Short Only', 'window': 'morning', 'flat_eod': True, 'skip_holidays': True, 'stop_mode': 'bandwidth', 'confirm_bars': 1, 'daytype_mode': 'skip_top_all', 'daytype_lo': 0.4, 'daytype_hi': 0.8, 'vol_skip_pct': 0.0, 'stop_k': 4.0}"
444,140,6743,1.215,7335,0.92,27.9,0.155,1.4,9.3,0.14,0.37,311,4,3,"{'lookback': 39, 'band_mult_long': 1.25, 'band_mult_short': 2.0, 'exit_mode': 'band', 'side': 'Short Only', 'window': 'morning', 'flat_eod': True, 'skip_holidays': True, 'stop_mode': 'off', 'confirm_bars': 4, 'daytype_mode': 'off', 'daytype_lo': 0.1, 'daytype_hi': 0.8, 'vol_skip_pct': 44.0, 'stop_k': 3.0}"
445,425,3398,1.059,10136,0.34,14.6,0.051,1.4,28.2,0.06,0.15,158,3,4,"{'lookback': 120, 'band_mult_long': 1.0, 'band_mult_short': 0.75, 'exit_mode': 'boundary', 'side': 'Both', 'window': 'afternoon_block', 'flat_eod': True, 'skip_holidays': True, 'stop_mode': 'atr', 'confirm_bars': 4, 'daytype_mode': 'skip_top_long', 'daytype_lo': 0.35, 'daytype_hi': 0.9, 'vol_skip_pct': 11.0, 'stop_k': 1.25}"
446,138,4989,1.176,10962,0.46,21.7,0.138,1.3,9.2,0.12,0.31,262,2,4,"{'lookback': 86, 'band_mult_long': 0.75, 'band_mult_short': 1.5, 'exit_mode': 'band', 'side': 'Short Only', 'window': 'afternoon_block', 'flat_eod': False, 'skip_holidays': True, 'stop_mode': 'fixed', 'confirm_bars': 3, 'daytype_mode': 'skip_top_all', 'daytype_lo': 0.1, 'daytype_hi': 0.55, 'vol_skip_pct': 36.0, 'stop_k': 1.75}"
447,272,2400,1.108,6494,0.37,34.9,0.07,1.3,18.1,0.09,0.2,126,5,2,"{'lookback': 13, 'band_mult_long': 2.25, 'band_mult_short': 1.5, 'exit_mode': 'band', 'side': 'Long Only', 'window': 'afternoon_block', 'flat_eod': False, 'skip_holidays': False, 'stop_mode': 'off', 'confirm_bars': 1, 'daytype_mode': 'skip_top_all', 'daytype_lo': 0.4, 'daytype_hi': 0.55, 'vol_skip_pct': 62.0, 'stop_k': 0.75}"
448,268,4778,1.086,12677,0.38,18.3,0.07,1.2,17.8,0.08,0.21,254,3,3,"{'lookback': 51, 'band_mult_long': 0.5, 'band_mult_short': 0.75, 'exit_mode': 'band', 'side': 'Short Only', 'window': 'morning', 'flat_eod': False, 'skip_holidays': False, 'stop_mode': 'off', 'confirm_bars': 2, 'daytype_mode': 'skip_bot_all', 'daytype_lo': 0.4, 'daytype_hi': 0.55, 'vol_skip_pct': 19.0, 'stop_k': 3.25}"
449,28,2322,1.931,1363,1.7,28.6,0.665,1.2,1.9,0.16,0.68,125,4,1,"{'lookback': 61, 'band_mult_long': 2.25, 'band_mult_short': 1.25, 'exit_mode': 'band', 'side': 'Long Only', 'window': 'morning', 'flat_eod': False, 'skip_holidays': False, 'stop_mode': 'off', 'confirm_bars': 1, 'daytype_mode': 'skip_bot_all', 'daytype_lo': 0.1, 'daytype_hi': 0.7, 'vol_skip_pct': 15.0, 'stop_k': 3.0}"
450,35,6302,1.819,2900,2.17,40.0,0.491,1.1,2.3,0.25,0.56,366,6,3,"{'lookback': 94, 'band_mult_long': 2.5, 'band_mult_short': 1.0, 'exit_mode': 'vwap', 'side': 'Long Only', 'window': 'morning', 'flat_eod': True, 'skip_holidays': False, 'stop_mode': 'off', 'confirm_bars': 3, 'daytype_mode': 'skip_top_all', 'daytype_lo': 0.15, 'daytype_hi': 0.9, 'vol_skip_pct': 48.0, 'stop_k': 1.0}"
451,135,2013,1.136,6784,0.3,13.3,0.118,1.1,9.0,0.07,0.2,126,3,3,"{'lookback': 8, 'band_mult_long': 1.75, 'band_mult_short': 1.75, 'exit_mode': 'boundary', 'side': 'Short Only', 'window': 'afternoon_block', 'flat_eod': False, 'skip_holidays': False, 'stop_mode': 'atr', 'confirm_bars': 3, 'daytype_mode': 'skip_top_all', 'daytype_lo': 0.1, 'daytype_hi': 0.75, 'vol_skip_pct': 8.0, 'stop_k': 2.75}"
452,196,4901,1.116,9186,0.53,34.2,0.076,1.0,13.0,0.1,0.24,328,6,4,"{'lookback': 42, 'band_mult_long': 1.5, 'band_mult_short': 2.25, 'exit_mode': 'band', 'side': 'Short Only', 'window': 'afternoon_block', 'flat_eod': True, 'skip_holidays': True, 'stop_mode': 'fixed', 'confirm_bars': 3, 'daytype_mode': 'skip_bot_short', 'daytype_lo': 0.1, 'daytype_hi': 0.8, 'vol_skip_pct': 53.0, 'stop_k': 0.5}"
453,56,5293,1.384,4981,1.06,32.1,0.26,1.0,3.7,0.19,0.34,363,4,3,"{'lookback': 29, 'band_mult_long': 0.75, 'band_mult_short': 0.75, 'exit_mode': 'band', 'side': 'Long Only', 'window': 'afternoon_block', 'flat_eod': False, 'skip_holidays': False, 'stop_mode': 'fixed', 'confirm_bars': 4, 'daytype_mode': 'skip_top_all', 'daytype_lo': 0.3, 'daytype_hi': 0.6, 'vol_skip_pct': 7.0, 'stop_k': 1.0}"
454,50,4517,1.472,3373,1.34,38.0,0.293,1.0,3.3,0.17,0.45,309,5,3,"{'lookback': 90, 'band_mult_long': 1.0, 'band_mult_short': 2.5, 'exit_mode': 'band', 'side': 'Short Only', 'window': 'morning', 'flat_eod': False, 'skip_holidays': False, 'stop_mode': 'fixed', 'confirm_bars': 4, 'daytype_mode': 'skip_bot_all', 'daytype_lo': 0.2, 'daytype_hi': 0.55, 'vol_skip_pct': 43.0, 'stop_k': 1.5}"
455,54,5514,1.485,3699,1.49,40.7,0.287,1.0,3.6,0.24,0.48,356,4,5,"{'lookback': 18, 'band_mult_long': 2.0, 'band_mult_short': 2.0, 'exit_mode': 'vwap', 'side': 'Long Only', 'window': 'morning', 'flat_eod': True, 'skip_holidays': False, 'stop_mode': 'off', 'confirm_bars': 2, 'daytype_mode': 'skip_top_long', 'daytype_lo': 0.15, 'daytype_hi': 0.8, 'vol_skip_pct': 20.0, 'stop_k': 1.0}"
456,679,1305,1.027,7429,0.18,20.6,0.022,1.0,45.1,0.04,0.08,89,5,4,"{'lookback': 53, 'band_mult_long': 1.75, 'band_mult_short': 1.0, 'exit_mode': 'boundary', 'side': 'Long Only', 'window': 'all_day', 'flat_eod': False, 'skip_holidays': True, 'stop_mode': 'fixed', 'confirm_bars': 3, 'daytype_mode': 'skip_top_long', 'daytype_lo': 0.4, 'daytype_hi': 0.65, 'vol_skip_pct': 85.0, 'stop_k': 3.25}"
457,91,6500,1.297,8338,0.78,46.2,0.16,1.0,6.0,0.18,0.32,446,5,4,"{'lookback': 58, 'band_mult_long': 2.25, 'band_mult_short': 2.5, 'exit_mode': 'vwap', 'side': 'Both', 'window': 'afternoon_block', 'flat_eod': False, 'skip_holidays': False, 'stop_mode': 'bandwidth', 'confirm_bars': 4, 'daytype_mode': 'skip_top_all', 'daytype_lo': 0.35, 'daytype_hi': 0.6, 'vol_skip_pct': 53.0, 'stop_k': 2.75}"
458,44,4786,1.445,4740,1.01,31.8,0.303,0.9,2.9,0.14,0.46,358,3,3,"{'lookback': 101, 'band_mult_long': 2.25, 'band_mult_short': 2.0, 'exit_mode': 'vwap', 'side': 'Both', 'window': 'morning', 'flat_eod': True, 'skip_holidays': False, 'stop_mode': 'bandwidth', 'confirm_bars': 2, 'daytype_mode': 'skip_bot_short', 'daytype_lo': 0.45, 'daytype_hi': 0.7, 'vol_skip_pct': 14.0, 'stop_k': 3.0}"
459,68,7315,1.384,5514,1.33,50.0,0.192,0.9,4.5,0.21,0.36,560,6,4,"{'lookback': 114, 'band_mult_long': 1.5, 'band_mult_short': 2.25, 'exit_mode': 'vwap', 'side': 'Long Only', 'window': 'all_day', 'flat_eod': True, 'skip_holidays': True, 'stop_mode': 'off', 'confirm_bars': 2, 'daytype_mode': 'skip_top_long', 'daytype_lo': 0.3, 'daytype_hi': 0.7, 'vol_skip_pct': 19.0, 'stop_k': 2.25}"
460,58,2110,1.327,4437,0.48,27.6,0.237,0.9,3.9,0.1,0.32,153,4,5,"{'lookback': 92, 'band_mult_long': 1.25, 'band_mult_short': 2.25, 'exit_mode': 'boundary', 'side': 'Short Only', 'window': 'morning', 'flat_eod': False, 'skip_holidays': False, 'stop_mode': 'atr', 'confirm_bars': 3, 'daytype_mode': 'skip_top_all', 'daytype_lo': 0.1, 'daytype_hi': 0.9, 'vol_skip_pct': 20.0, 'stop_k': 2.0}"
461,21,3221,2.017,1469,2.19,42.9,0.581,0.8,1.4,0.22,0.57,264,1,4,"{'lookback': 53, 'band_mult_long': 0.75, 'band_mult_short': 0.5, 'exit_mode': 'vwap', 'side': 'Long Only', 'window': 'all_day', 'flat_eod': False, 'skip_holidays': True, 'stop_mode': 'bandwidth', 'confirm_bars': 4, 'daytype_mode': 'skip_top_all', 'daytype_lo': 0.25, 'daytype_hi': 0.8, 'vol_skip_pct': 2.0, 'stop_k': 4.0}"
462,511,1803,1.028,17350,0.1,11.9,0.024,0.8,33.9,0.03,0.08,145,2,3,"{'lookback': 84, 'band_mult_long': 2.0, 'band_mult_short': 0.5, 'exit_mode': 'boundary', 'side': 'Short Only', 'window': 'afternoon_block', 'flat_eod': False, 'skip_holidays': False, 'stop_mode': 'off', 'confirm_bars': 3, 'daytype_mode': 'off', 'daytype_lo': 0.4, 'daytype_hi': 0.65, 'vol_skip_pct': 14.0, 'stop_k': 1.0}"
463,265,1780,1.059,6640,0.27,20.8,0.047,0.8,17.6,0.06,0.12,144,5,6,"{'lookback': 85, 'band_mult_long': 1.0, 'band_mult_short': 1.75, 'exit_mode': 'boundary', 'side': 'Long Only', 'window': 'morning', 'flat_eod': False, 'skip_holidays': True, 'stop_mode': 'atr', 'confirm_bars': 4, 'daytype_mode': 'skip_top_all', 'daytype_lo': 0.15, 'daytype_hi': 0.7, 'vol_skip_pct': 36.0, 'stop_k': 2.0}"
464,900,3366,1.019,21747,0.15,29.0,0.014,0.8,59.8,0.04,0.08,274,3,4,"{'lookback': 85, 'band_mult_long': 2.25, 'band_mult_short': 0.5, 'exit_mode': 'vwap', 'side': 'Both', 'window': 'morning', 'flat_eod': False, 'skip_holidays': False, 'stop_mode': 'atr', 'confirm_bars': 2, 'daytype_mode': 'off', 'daytype_lo': 0.2, 'daytype_hi': 0.9, 'vol_skip_pct': 32.0, 'stop_k': 3.5}"
465,123,3279,1.132,12533,0.26,30.9,0.091,0.7,8.2,0.08,0.2,293,3,3,"{'lookback': 104, 'band_mult_long': 2.0, 'band_mult_short': 2.5, 'exit_mode': 'band', 'side': 'Short Only', 'window': 'all_day', 'flat_eod': True, 'skip_holidays': False, 'stop_mode': 'fixed', 'confirm_bars': 4, 'daytype_mode': 'skip_top_all', 'daytype_lo': 0.35, 'daytype_hi': 0.8, 'vol_skip_pct': 55.0, 'stop_k': 3.5}"
466,34,3298,1.494,4389,0.75,38.2,0.305,0.7,2.3,0.18,0.39,318,2,3,"{'lookback': 100, 'band_mult_long': 1.0, 'band_mult_short': 1.5, 'exit_mode': 'vwap', 'side': 'Long Only', 'window': 'all_day', 'flat_eod': True, 'skip_holidays': False, 'stop_mode': 'off', 'confirm_bars': 4, 'daytype_mode': 'off', 'daytype_lo': 0.45, 'daytype_hi': 0.9, 'vol_skip_pct': 4.0, 'stop_k': 3.25}"
467,32,4404,1.512,6751,0.65,34.4,0.336,0.7,2.1,0.15,0.4,409,4,4,"{'lookback': 118, 'band_mult_long': 2.0, 'band_mult_short': 2.5, 'exit_mode': 'band', 'side': 'Short Only', 'window': 'all_day', 'flat_eod': False, 'skip_holidays': True, 'stop_mode': 'bandwidth', 'confirm_bars': 4, 'daytype_mode': 'skip_top_all', 'daytype_lo': 0.25, 'daytype_hi': 0.75, 'vol_skip_pct': 20.0, 'stop_k': 3.5}"
468,133,4872,1.138,11862,0.41,42.1,0.08,0.7,8.8,0.13,0.21,460,7,2,"{'lookback': 113, 'band_mult_long': 2.5, 'band_mult_short': 0.75, 'exit_mode': 'vwap', 'side': 'Long Only', 'window': 'afternoon_block', 'flat_eod': False, 'skip_holidays': True, 'stop_mode': 'atr', 'confirm_bars': 1, 'daytype_mode': 'skip_top_long', 'daytype_lo': 0.35, 'daytype_hi': 0.9, 'vol_skip_pct': 81.0, 'stop_k': 3.0}"
469,20,5487,1.662,5147,1.07,25.0,0.496,0.7,1.3,0.17,0.48,553,3,3,"{'lookback': 109, 'band_mult_long': 0.5, 'band_mult_short': 1.5, 'exit_mode': 'vwap', 'side': 'Short Only', 'window': 'morning', 'flat_eod': True, 'skip_holidays': True, 'stop_mode': 'off', 'confirm_bars': 3, 'daytype_mode': 'skip_bot_all', 'daytype_lo': 0.4, 'daytype_hi': 0.95, 'vol_skip_pct': 7.0, 'stop_k': 0.5}"
470,138,2354,1.091,7517,0.31,26.1,0.067,0.6,9.2,0.05,0.16,255,4,1,"{'lookback': 100, 'band_mult_long': 1.75, 'band_mult_short': 2.0, 'exit_mode': 'band', 'side': 'Short Only', 'window': 'all_day', 'flat_eod': True, 'skip_holidays': True, 'stop_mode': 'fixed', 'confirm_bars': 1, 'daytype_mode': 'skip_bot_short', 'daytype_lo': 0.45, 'daytype_hi': 0.55, 'vol_skip_pct': 23.0, 'stop_k': 2.25}"
471,133,1912,1.09,8109,0.24,30.1,0.063,0.6,8.8,0.06,0.14,229,4,6,"{'lookback': 85, 'band_mult_long': 1.0, 'band_mult_short': 2.5, 'exit_mode': 'band', 'side': 'Short Only', 'window': 'afternoon_block', 'flat_eod': False, 'skip_holidays': False, 'stop_mode': 'atr', 'confirm_bars': 2, 'daytype_mode': 'skip_top_all', 'daytype_lo': 0.2, 'daytype_hi': 0.85, 'vol_skip_pct': 42.0, 'stop_k': 3.75}"
472,92,1514,1.143,4462,0.34,30.4,0.099,0.6,6.1,0.08,0.16,166,6,5,"{'lookback': 114, 'band_mult_long': 2.25, 'band_mult_short': 1.0, 'exit_mode': 'band', 'side': 'Long Only', 'window': 'morning', 'flat_eod': True, 'skip_holidays': False, 'stop_mode': 'fixed', 'confirm_bars': 3, 'daytype_mode': 'skip_bot_all', 'daytype_lo': 0.1, 'daytype_hi': 0.7, 'vol_skip_pct': 68.0, 'stop_k': 3.5}"
473,15,2110,1.638,1458,1.45,26.7,0.468,0.5,1.0,0.15,0.46,301,2,4,"{'lookback': 86, 'band_mult_long': 0.5, 'band_mult_short': 2.5, 'exit_mode': 'band', 'side': 'Both', 'window': 'afternoon_block', 'flat_eod': True, 'skip_holidays': False, 'stop_mode': 'atr', 'confirm_bars': 3, 'daytype_mode': 'skip_top_long', 'daytype_lo': 0.15, 'daytype_hi': 0.75, 'vol_skip_pct': 1.0, 'stop_k': 3.0}"
474,175,987,1.05,11058,0.09,17.7,0.041,0.5,11.6,0.03,0.09,137,3,5,"{'lookback': 116, 'band_mult_long': 2.0, 'band_mult_short': 2.25, 'exit_mode': 'boundary', 'side': 'Short Only', 'window': 'all_day', 'flat_eod': False, 'skip_holidays': False, 'stop_mode': 'fixed', 'confirm_bars': 2, 'daytype_mode': 'skip_bot_all', 'daytype_lo': 0.05, 'daytype_hi': 0.85, 'vol_skip_pct': 20.0, 'stop_k': 1.75}"
475,259,543,1.034,8010,0.07,15.4,0.029,0.5,17.2,0.02,0.07,73,6,3,"{'lookback': 112, 'band_mult_long': 2.25, 'band_mult_short': 2.0, 'exit_mode': 'boundary', 'side': 'Long Only', 'window': 'morning', 'flat_eod': False, 'skip_holidays': False, 'stop_mode': 'bandwidth', 'confirm_bars': 2, 'daytype_mode': 'skip_top_all', 'daytype_lo': 0.3, 'daytype_hi': 0.75, 'vol_skip_pct': 76.0, 'stop_k': 4.0}"
476,92,3344,1.13,8666,0.39,46.7,0.069,0.4,6.1,0.1,0.18,524,6,4,"{'lookback': 68, 'band_mult_long': 1.25, 'band_mult_short': 2.5, 'exit_mode': 'vwap', 'side': 'Both', 'window': 'morning', 'flat_eod': False, 'skip_holidays': True, 'stop_mode': 'fixed', 'confirm_bars': 4, 'daytype_mode': 'skip_top_all', 'daytype_lo': 0.4, 'daytype_hi': 0.85, 'vol_skip_pct': 20.0, 'stop_k': 3.5}"
477,1311,1475,1.006,45658,0.03,31.0,0.004,0.4,87.1,0.01,0.03,269,3,3,"{'lookback': 85, 'band_mult_long': 1.5, 'band_mult_short': 0.75, 'exit_mode': 'vwap', 'side': 'Short Only', 'window': 'all_day', 'flat_eod': False, 'skip_holidays': False, 'stop_mode': 'fixed', 'confirm_bars': 1, 'daytype_mode': 'skip_top_all', 'daytype_lo': 0.1, 'daytype_hi': 0.75, 'vol_skip_pct': 50.0, 'stop_k': 3.5}"
478,102,3383,1.092,13606,0.25,41.2,0.054,0.4,6.8,0.06,0.13,613,3,4,"{'lookback': 92, 'band_mult_long': 1.75, 'band_mult_short': 2.25, 'exit_mode': 'vwap', 'side': 'Short Only', 'window': 'all_day', 'flat_eod': True, 'skip_holidays': True, 'stop_mode': 'atr', 'confirm_bars': 2, 'daytype_mode': 'skip_bot_all', 'daytype_lo': 0.25, 'daytype_hi': 0.95, 'vol_skip_pct': 35.0, 'stop_k': 1.5}"
479,34,2228,1.294,3663,0.61,47.1,0.155,0.4,2.3,0.14,0.24,421,4,5,"{'lookback': 48, 'band_mult_long': 1.5, 'band_mult_short': 2.5, 'exit_mode': 'vwap', 'side': 'Both', 'window': 'morning', 'flat_eod': False, 'skip_holidays': True, 'stop_mode': 'fixed', 'confirm_bars': 3, 'daytype_mode': 'skip_top_all', 'daytype_lo': 0.25, 'daytype_hi': 0.55, 'vol_skip_pct': 12.0, 'stop_k': 1.25}"
480,165,2761,1.056,20078,0.14,29.7,0.04,0.4,11.0,0.04,0.11,423,1,3,"{'lookback': 62, 'band_mult_long': 1.75, 'band_mult_short': 1.5, 'exit_mode': 'vwap', 'side': 'Short Only', 'window': 'all_day', 'flat_eod': True, 'skip_holidays': False, 'stop_mode': 'atr', 'confirm_bars': 4, 'daytype_mode': 'skip_bot_short', 'daytype_lo': 0.2, 'daytype_hi': 0.8, 'vol_skip_pct': 24.0, 'stop_k': 1.25}"
481,254,343,1.019,6000,0.06,18.5,0.015,0.3,16.9,0.01,0.04,89,5,4,"{'lookback': 86, 'band_mult_long': 1.5, 'band_mult_short': 1.5, 'exit_mode': 'boundary', 'side': 'Long Only', 'window': 'morning', 'flat_eod': False, 'skip_holidays': True, 'stop_mode': 'atr', 'confirm_bars': 2, 'daytype_mode': 'skip_top_all', 'daytype_lo': 0.1, 'daytype_hi': 0.7, 'vol_skip_pct': 41.0, 'stop_k': 3.5}"
482,48,1191,1.122,6796,0.18,20.8,0.096,0.3,3.2,0.04,0.14,258,4,3,"{'lookback': 82, 'band_mult_long': 2.25, 'band_mult_short': 0.75, 'exit_mode': 'band', 'side': 'Short Only', 'window': 'afternoon_block', 'flat_eod': False, 'skip_holidays': True, 'stop_mode': 'bandwidth', 'confirm_bars': 3, 'daytype_mode': 'skip_top_all', 'daytype_lo': 0.4, 'daytype_hi': 0.95, 'vol_skip_pct': 2.0, 'stop_k': 0.5}"
483,1390,410,1.004,21785,0.02,11.2,0.003,0.3,92.3,0.01,0.02,89,2,1,"{'lookback': 12, 'band_mult_long': 2.5, 'band_mult_short': 1.0, 'exit_mode': 'boundary', 'side': 'Short Only', 'window': 'all_day', 'flat_eod': True, 'skip_holidays': False, 'stop_mode': 'bandwidth', 'confirm_bars': 1, 'daytype_mode': 'skip_bot_all', 'daytype_lo': 0.2, 'daytype_hi': 0.95, 'vol_skip_pct': 22.0, 'stop_k': 4.0}"
484,69,1524,1.082,5413,0.28,40.6,0.049,0.2,4.6,0.05,0.1,453,4,3,"{'lookback': 107, 'band_mult_long': 2.0, 'band_mult_short': 0.75, 'exit_mode': 'vwap', 'side': 'Long Only', 'window': 'all_day', 'flat_eod': True, 'skip_holidays': False, 'stop_mode': 'fixed', 'confirm_bars': 3, 'daytype_mode': 'skip_top_long', 'daytype_lo': 0.1, 'daytype_hi': 0.95, 'vol_skip_pct': 28.0, 'stop_k': 0.5}"
485,57,222,1.054,2160,0.1,19.3,0.043,0.2,3.8,0.02,0.06,90,4,3,"{'lookback': 6, 'band_mult_long': 1.0, 'band_mult_short': 2.0, 'exit_mode': 'boundary', 'side': 'Both', 'window': 'morning', 'flat_eod': False, 'skip_holidays': True, 'stop_mode': 'off', 'confirm_bars': 4, 'daytype_mode': 'skip_top_all', 'daytype_lo': 0.2, 'daytype_hi': 0.6, 'vol_skip_pct': 3.0, 'stop_k': 1.25}"
486,39,1374,1.123,5243,0.26,48.7,0.063,0.2,2.6,0.06,0.09,560,5,4,"{'lookback': 69, 'band_mult_long': 2.5, 'band_mult_short': 1.5, 'exit_mode': 'vwap', 'side': 'Long Only', 'window': 'morning', 'flat_eod': False, 'skip_holidays': False, 'stop_mode': 'bandwidth', 'confirm_bars': 4, 'daytype_mode': 'skip_top_all', 'daytype_lo': 0.1, 'daytype_hi': 0.6, 'vol_skip_pct': 84.0, 'stop_k': 1.75}"
487,238,187,1.015,2994,0.06,11.8,0.013,0.2,15.8,0.01,0.03,61,2,2,"{'lookback': 27, 'band_mult_long': 1.75, 'band_mult_short': 2.0, 'exit_mode': 'boundary', 'side': 'Both', 'window': 'afternoon_block', 'flat_eod': True, 'skip_holidays': False, 'stop_mode': 'off', 'confirm_bars': 1, 'daytype_mode': 'skip_bot_short', 'daytype_lo': 0.4, 'daytype_hi': 0.55, 'vol_skip_pct': 6.0, 'stop_k': 1.25}"
488,36,1711,1.163,5148,0.33,38.9,0.099,0.2,2.4,0.08,0.15,478,5,5,"{'lookback': 62, 'band_mult_long': 1.5, 'band_mult_short': 2.25, 'exit_mode': 'vwap', 'side': 'Both', 'window': 'morning', 'flat_eod': False, 'skip_holidays': True, 'stop_mode': 'bandwidth', 'confirm_bars': 4, 'daytype_mode': 'skip_top_all', 'daytype_lo': 0.15, 'daytype_hi': 0.95, 'vol_skip_pct': 6.0, 'stop_k': 4.0}"
489,147,524,1.023,11011,0.05,15.0,0.02,0.2,9.8,0.01,0.04,180,3,3,"{'lookback': 103, 'band_mult_long': 1.0, 'band_mult_short': 1.25, 'exit_mode': 'boundary', 'side': 'Short Only', 'window': 'morning', 'flat_eod': False, 'skip_holidays': False, 'stop_mode': 'bandwidth', 'confirm_bars': 3, 'daytype_mode': 'skip_bot_short', 'daytype_lo': 0.25, 'daytype_hi': 0.6, 'vol_skip_pct': 15.0, 'stop_k': 0.75}"
490,3,293,2.295,206,1.42,33.3,0.863,0.2,0.2,0.14,0.37,113,0,3,"{'lookback': 67, 'band_mult_long': 2.5, 'band_mult_short': 1.25, 'exit_mode': 'vwap', 'side': 'Short Only', 'window': 'afternoon_block', 'flat_eod': True, 'skip_holidays': True, 'stop_mode': 'atr', 'confirm_bars': 4, 'daytype_mode': 'skip_top_all', 'daytype_lo': 0.45, 'daytype_hi': 0.75, 'vol_skip_pct': 1.0, 'stop_k': 3.75}"
491,167,429,1.022,4335,0.1,20.4,0.018,0.2,11.1,0.02,0.04,146,3,3,"{'lookback': 112, 'band_mult_long': 1.0, 'band_mult_short': 1.5, 'exit_mode': 'boundary', 'side': 'Long Only', 'window': 'morning', 'flat_eod': True, 'skip_holidays': True, 'stop_mode': 'fixed', 'confirm_bars': 4, 'daytype_mode': 'skip_top_long', 'daytype_lo': 0.1, 'daytype_hi': 0.7, 'vol_skip_pct': 24.0, 'stop_k': 0.5}"
492,62,1584,1.105,4792,0.33,45.2,0.058,0.2,4.1,0.06,0.09,444,4,2,"{'lookback': 85, 'band_mult_long': 2.0, 'band_mult_short': 2.25, 'exit_mode': 'vwap', 'side': 'Long Only', 'window': 'morning', 'flat_eod': True, 'skip_holidays': False, 'stop_mode': 'atr', 'confirm_bars': 1, 'daytype_mode': 'skip_top_long', 'daytype_lo': 0.35, 'daytype_hi': 0.65, 'vol_skip_pct': 35.0, 'stop_k': 2.0}"
493,870,216,1.002,19684,0.01,23.7,0.001,0.1,57.8,0.0,0.01,186,4,1,"{'lookback': 41, 'band_mult_long': 1.25, 'band_mult_short': 1.25, 'exit_mode': 'band', 'side': 'Both', 'window': 'afternoon_block', 'flat_eod': True, 'skip_holidays': True, 'stop_mode': 'off', 'confirm_bars': 1, 'daytype_mode': 'skip_top_long', 'daytype_lo': 0.4, 'daytype_hi': 0.9, 'vol_skip_pct': 24.0, 'stop_k': 1.5}"
494,507,213,1.004,11866,0.02,19.9,0.003,0.1,33.7,0.0,0.01,138,5,4,"{'lookback': 110, 'band_mult_long': 0.5, 'band_mult_short': 1.75, 'exit_mode': 'boundary', 'side': 'Short Only', 'window': 'morning', 'flat_eod': True, 'skip_holidays': False, 'stop_mode': 'fixed', 'confirm_bars': 2, 'daytype_mode': 'skip_bot_short', 'daytype_lo': 0.25, 'daytype_hi': 0.55, 'vol_skip_pct': 65.0, 'stop_k': 3.5}"
495,4,52,1.573,66,0.8,50.0,0.287,0.1,0.3,0.1,0.19,46,0,3,"{'lookback': 93, 'band_mult_long': 2.5, 'band_mult_short': 1.25, 'exit_mode': 'band', 'side': 'Long Only', 'window': 'morning', 'flat_eod': True, 'skip_holidays': True, 'stop_mode': 'off', 'confirm_bars': 2, 'daytype_mode': 'skip_top_long', 'daytype_lo': 0.35, 'daytype_hi': 0.85, 'vol_skip_pct': 9.0, 'stop_k': 2.75}"
496,131,484,1.019,6934,0.07,31.3,0.013,0.1,8.7,0.02,0.03,279,5,4,"{'lookback': 81, 'band_mult_long': 0.5, 'band_mult_short': 2.5, 'exit_mode': 'band', 'side': 'Short Only', 'window': 'afternoon_block', 'flat_eod': False, 'skip_holidays': True, 'stop_mode': 'atr', 'confirm_bars': 2, 'daytype_mode': 'skip_top_long', 'daytype_lo': 0.3, 'daytype_hi': 0.95, 'vol_skip_pct': 40.0, 'stop_k': 3.25}"
497,7,105,1.223,301,0.35,28.6,0.159,0.1,0.5,0.05,0.11,95,0,3,"{'lookback': 103, 'band_mult_long': 1.25, 'band_mult_short': 1.25, 'exit_mode': 'band', 'side': 'Short Only', 'window': 'morning', 'flat_eod': True, 'skip_holidays': True, 'stop_mode': 'fixed', 'confirm_bars': 2, 'daytype_mode': 'skip_top_long', 'daytype_lo': 0.15, 'daytype_hi': 0.75, 'vol_skip_pct': 1.0, 'stop_k': 3.25}"
498,958,-82,0.999,13796,-0.01,12.9,-0.001,-0.1,63.6,-0.0,-0.0,107,4,2,"{'lookback': 83, 'band_mult_long': 1.25, 'band_mult_short': 2.5, 'exit_mode': 'boundary', 'side': 'Short Only', 'window': 'afternoon_block', 'flat_eod': False, 'skip_holidays': True, 'stop_mode': 'atr', 'confirm_bars': 1, 'daytype_mode': 'skip_bot_all', 'daytype_lo': 0.25, 'daytype_hi': 0.65, 'vol_skip_pct': 97.0, 'stop_k': 3.25}"
499,301,-439,0.99,7324,-0.06,32.2,-0.007,-0.1,20.0,-0.01,-0.02,209,4,5,"{'lookback': 107, 'band_mult_long': 1.75, 'band_mult_short': 1.25, 'exit_mode': 'band', 'side': 'Long Only', 'window': 'all_day', 'flat_eod': True, 'skip_holidays': True, 'stop_mode': 'bandwidth', 'confirm_bars': 4, 'daytype_mode': 'skip_top_all', 'daytype_lo': 0.1, 'daytype_hi': 0.7, 'vol_skip_pct': 77.0, 'stop_k': 2.5}"
500,58,-317,0.977,5675,-0.06,32.8,-0.015,-0.1,3.9,-0.01,-0.02,357,3,4,"{'lookback': 110, 'band_mult_long': 1.75, 'band_mult_short': 1.75, 'exit_mode': 'vwap', 'side': 'Long Only', 'window': 'afternoon_block', 'flat_eod': True, 'skip_holidays': True, 'stop_mode': 'bandwidth', 'confirm_bars': 4, 'daytype_mode': 'skip_bot_short', 'daytype_lo': 0.4, 'daytype_hi': 0.7, 'vol_skip_pct': 24.0, 'stop_k': 0.5}"
501,2,-181,0.0,181,-1.0,0.0,-1.0,-0.1,0.1,0,0,91,0,1,"{'lookback': 19, 'band_mult_long': 2.5, 'band_mult_short': 2.25, 'exit_mode': 'band', 'side': 'Long Only', 'window': 'morning', 'flat_eod': True, 'skip_holidays': False, 'stop_mode': 'off', 'confirm_bars': 1, 'daytype_mode': 'skip_top_all', 'daytype_lo': 0.45, 'daytype_hi': 0.55, 'vol_skip_pct': 4.0, 'stop_k': 0.75}"
502,1238,-195,0.998,23048,-0.01,12.6,-0.001,-0.1,82.2,-0.0,-0.01,111,3,2,"{'lookback': 110, 'band_mult_long': 0.5, 'band_mult_short': 2.0, 'exit_mode': 'boundary', 'side': 'Short Only', 'window': 'afternoon_block', 'flat_eod': False, 'skip_holidays': False, 'stop_mode': 'off', 'confirm_bars': 1, 'daytype_mode': 'skip_top_all', 'daytype_lo': 0.45, 'daytype_hi': 0.8, 'vol_skip_pct': 87.0, 'stop_k': 2.5}"
503,2,-106,0.0,106,-1.0,0.0,-1.0,-0.1,0.1,0,0,53,0,4,"{'lookback': 73, 'band_mult_long': 2.5, 'band_mult_short': 2.5, 'exit_mode': 'boundary', 'side': 'Long Only', 'window': 'all_day', 'flat_eod': True, 'skip_holidays': True, 'stop_mode': 'bandwidth', 'confirm_bars': 3, 'daytype_mode': 'skip_bot_all', 'daytype_lo': 0.3, 'daytype_hi': 0.85, 'vol_skip_pct': 8.0, 'stop_k': 1.5}"
504,1,-201,0.0,201,-1.0,0.0,-1.0,-0.1,0.1,0,0,201,0,5,"{'lookback': 53, 'band_mult_long': 2.25, 'band_mult_short': 2.0, 'exit_mode': 'vwap', 'side': 'Long Only', 'window': 'afternoon_block', 'flat_eod': False, 'skip_holidays': False, 'stop_mode': 'bandwidth', 'confirm_bars': 2, 'daytype_mode': 'skip_top_all', 'daytype_lo': 0.4, 'daytype_hi': 0.85, 'vol_skip_pct': 1.0, 'stop_k': 3.25}"
505,37,-1024,0.863,5095,-0.2,32.4,-0.093,-0.2,2.5,-0.06,-0.11,299,4,3,"{'lookback': 29, 'band_mult_long': 0.75, 'band_mult_short': 2.25, 'exit_mode': 'vwap', 'side': 'Short Only', 'window': 'all_day', 'flat_eod': False, 'skip_holidays': True, 'stop_mode': 'bandwidth', 'confirm_bars': 2, 'daytype_mode': 'skip_bot_short', 'daytype_lo': 0.4, 'daytype_hi': 0.8, 'vol_skip_pct': 4.0, 'stop_k': 1.0}"
506,16,-911,0.713,1752,-0.52,25.0,-0.215,-0.2,1.1,-0.13,-0.19,265,3,1,"{'lookback': 120, 'band_mult_long': 2.0, 'band_mult_short': 1.0, 'exit_mode': 'vwap', 'side': 'Long Only', 'window': 'morning', 'flat_eod': False, 'skip_holidays': False, 'stop_mode': 'bandwidth', 'confirm_bars': 1, 'daytype_mode': 'skip_top_long', 'daytype_lo': 0.2, 'daytype_hi': 0.75, 'vol_skip_pct': 10.0, 'stop_k': 1.5}"
507,36,-1500,0.879,5248,-0.29,41.7,-0.071,-0.2,2.4,-0.06,-0.08,589,2,1,"{'lookback': 103, 'band_mult_long': 2.0, 'band_mult_short': 0.75, 'exit_mode': 'vwap', 'side': 'Long Only', 'window': 'afternoon_block', 'flat_eod': False, 'skip_holidays': True, 'stop_mode': 'bandwidth', 'confirm_bars': 1, 'daytype_mode': 'skip_bot_all', 'daytype_lo': 0.05, 'daytype_hi': 0.65, 'vol_skip_pct': 15.0, 'stop_k': 1.0}"
508,230,-441,0.983,8121,-0.05,20.0,-0.013,-0.2,15.3,-0.01,-0.03,144,4,3,"{'lookback': 74, 'band_mult_long': 1.5, 'band_mult_short': 2.25, 'exit_mode': 'boundary', 'side': 'Short Only', 'window': 'afternoon_block', 'flat_eod': False, 'skip_holidays': True, 'stop_mode': 'off', 'confirm_bars': 3, 'daytype_mode': 'skip_top_all', 'daytype_lo': 0.3, 'daytype_hi': 0.8, 'vol_skip_pct': 52.0, 'stop_k': 2.5}"
509,173,-565,0.975,8152,-0.07,18.5,-0.02,-0.2,11.5,-0.01,-0.04,161,3,3,"{'lookback': 61, 'band_mult_long': 0.5, 'band_mult_short': 2.5, 'exit_mode': 'boundary', 'side': 'Short Only', 'window': 'all_day', 'flat_eod': False, 'skip_holidays': False, 'stop_mode': 'fixed', 'confirm_bars': 4, 'daytype_mode': 'skip_top_all', 'daytype_lo': 0.35, 'daytype_hi': 0.75, 'vol_skip_pct': 40.0, 'stop_k': 1.0}"
510,5,-278,0.0,278,-1.0,0.0,-1.0,-0.3,0.3,-0.7,-0.45,56,0,4,"{'lookback': 49, 'band_mult_long': 2.0, 'band_mult_short': 2.5, 'exit_mode': 'band', 'side': 'Long Only', 'window': 'afternoon_block', 'flat_eod': False, 'skip_holidays': False, 'stop_mode': 'off', 'confirm_bars': 4, 'daytype_mode': 'off', 'daytype_lo': 0.25, 'daytype_hi': 0.85, 'vol_skip_pct': 1.0, 'stop_k': 3.75}"
511,24,-1811,0.752,3109,-0.58,33.3,-0.165,-0.3,1.6,-0.12,-0.14,457,2,3,"{'lookback': 105, 'band_mult_long': 1.5, 'band_mult_short': 2.25, 'exit_mode': 'vwap', 'side': 'Long Only', 'window': 'afternoon_block', 'flat_eod': True, 'skip_holidays': True, 'stop_mode': 'off', 'confirm_bars': 4, 'daytype_mode': 'skip_bot_short', 'daytype_lo': 0.1, 'daytype_hi': 0.9, 'vol_skip_pct': 8.0, 'stop_k': 3.5}"
512,67,-1789,0.889,11772,-0.15,32.8,-0.075,-0.3,4.5,-0.06,-0.14,358,3,3,"{'lookback': 101, 'band_mult_long': 0.5, 'band_mult_short': 2.5, 'exit_mode': 'band', 'side': 'Short Only', 'window': 'all_day', 'flat_eod': True, 'skip_holidays': True, 'stop_mode': 'off', 'confirm_bars': 4, 'daytype_mode': 'skip_bot_all', 'daytype_lo': 0.15, 'daytype_hi': 0.55, 'vol_skip_pct': 32.0, 'stop_k': 1.0}"
513,284,-1482,0.979,13746,-0.11,28.9,-0.015,-0.3,18.9,-0.02,-0.05,345,2,2,"{'lookback': 65, 'band_mult_long': 1.5, 'band_mult_short': 1.0, 'exit_mode': 'vwap', 'side': 'Both', 'window': 'morning', 'flat_eod': True, 'skip_holidays': True, 'stop_mode': 'atr', 'confirm_bars': 1, 'daytype_mode': 'skip_bot_short', 'daytype_lo': 0.05, 'daytype_hi': 0.75, 'vol_skip_pct': 12.0, 'stop_k': 1.75}"
514,124,-1062,0.939,4657,-0.23,33.1,-0.041,-0.3,8.2,-0.05,-0.09,210,1,3,"{'lookback': 24, 'band_mult_long': 1.5, 'band_mult_short': 1.5, 'exit_mode': 'band', 'side': 'Long Only', 'window': 'all_day', 'flat_eod': True, 'skip_holidays': False, 'stop_mode': 'bandwidth', 'confirm_bars': 4, 'daytype_mode': 'skip_top_all', 'daytype_lo': 0.15, 'daytype_hi': 0.95, 'vol_skip_pct': 12.0, 'stop_k': 3.0}"
515,83,-925,0.917,4125,-0.22,30.1,-0.058,-0.3,5.5,-0.04,-0.09,191,5,3,"{'lookback': 72, 'band_mult_long': 1.75, 'band_mult_short': 0.5, 'exit_mode': 'band', 'side': 'Long Only', 'window': 'afternoon_block', 'flat_eod': True, 'skip_holidays': True, 'stop_mode': 'off', 'confirm_bars': 3, 'daytype_mode': 'skip_top_long', 'daytype_lo': 0.1, 'daytype_hi': 0.6, 'vol_skip_pct': 31.0, 'stop_k': 3.0}"
516,4,-253,0.0,253,-1.0,0.0,-1.0,-0.3,0.3,-0.81,-0.43,63,0,1,"{'lookback': 70, 'band_mult_long': 2.0, 'band_mult_short': 1.5, 'exit_mode': 'band', 'side': 'Long Only', 'window': 'afternoon_block', 'flat_eod': False, 'skip_holidays': True, 'stop_mode': 'atr', 'confirm_bars': 1, 'daytype_mode': 'skip_top_all', 'daytype_lo': 0.4, 'daytype_hi': 0.6, 'vol_skip_pct': 2.0, 'stop_k': 1.75}"
517,87,-2437,0.912,10565,-0.23,31.0,-0.061,-0.4,5.8,-0.07,-0.13,460,4,5,"{'lookback': 91, 'band_mult_long': 2.5, 'band_mult_short': 1.75, 'exit_mode': 'vwap', 'side': 'Both', 'window': 'morning', 'flat_eod': True, 'skip_holidays': True, 'stop_mode': 'fixed', 'confirm_bars': 4, 'daytype_mode': 'skip_top_long', 'daytype_lo': 0.35, 'daytype_hi': 0.55, 'vol_skip_pct': 29.0, 'stop_k': 1.75}"
518,182,-1955,0.95,14638,-0.13,30.8,-0.034,-0.4,12.1,-0.04,-0.09,311,4,4,"{'lookback': 56, 'band_mult_long': 1.25, 'band_mult_short': 2.5, 'exit_mode': 'band', 'side': 'Short Only', 'window': 'morning', 'flat_eod': True, 'skip_holidays': False, 'stop_mode': 'fixed', 'confirm_bars': 2, 'daytype_mode': 'skip_top_all', 'daytype_lo': 0.15, 'daytype_hi': 0.9, 'vol_skip_pct': 71.0, 'stop_k': 1.25}"
519,48,-1732,0.806,6098,-0.28,25.0,-0.145,-0.5,3.2,-0.11,-0.18,248,4,3,"{'lookback': 75, 'band_mult_long': 0.75, 'band_mult_short': 1.0, 'exit_mode': 'vwap', 'side': 'Long Only', 'window': 'all_day', 'flat_eod': False, 'skip_holidays': True, 'stop_mode': 'bandwidth', 'confirm_bars': 2, 'daytype_mode': 'skip_top_long', 'daytype_lo': 0.2, 'daytype_hi': 0.95, 'vol_skip_pct': 2.0, 'stop_k': 3.5}"
520,156,-2958,0.934,14145,-0.21,28.2,-0.047,-0.5,10.4,-0.06,-0.12,401,4,3,"{'lookback': 45, 'band_mult_long': 2.25, 'band_mult_short': 1.5, 'exit_mode': 'vwap', 'side': 'Short Only', 'window': 'morning', 'flat_eod': True, 'skip_holidays': True, 'stop_mode': 'off', 'confirm_bars': 2, 'daytype_mode': 'skip_bot_short', 'daytype_lo': 0.25, 'daytype_hi': 0.9, 'vol_skip_pct': 26.0, 'stop_k': 2.5}"
521,38,-2855,0.713,4478,-0.64,28.9,-0.204,-0.5,2.5,-0.19,-0.26,368,2,4,"{'lookback': 37, 'band_mult_long': 1.75, 'band_mult_short': 2.5, 'exit_mode': 'vwap', 'side': 'Long Only', 'window': 'afternoon_block', 'flat_eod': True, 'skip_holidays': False, 'stop_mode': 'off', 'confirm_bars': 3, 'daytype_mode': 'skip_top_all', 'daytype_lo': 0.25, 'daytype_hi': 0.8, 'vol_skip_pct': 11.0, 'stop_k': 3.25}"
522,74,-3129,0.845,7900,-0.4,32.4,-0.105,-0.5,4.9,-0.11,-0.18,405,3,5,"{'lookback': 11, 'band_mult_long': 2.25, 'band_mult_short': 0.5, 'exit_mode': 'vwap', 'side': 'Long Only', 'window': 'morning', 'flat_eod': False, 'skip_holidays': False, 'stop_mode': 'atr', 'confirm_bars': 3, 'daytype_mode': 'off', 'daytype_lo': 0.35, 'daytype_hi': 0.75, 'vol_skip_pct': 29.0, 'stop_k': 1.5}"
523,20,-2123,0.538,3083,-0.69,15.0,-0.393,-0.5,1.3,-0.22,-0.32,270,2,4,"{'lookback': 90, 'band_mult_long': 1.5, 'band_mult_short': 1.25, 'exit_mode': 'band', 'side': 'Both', 'window': 'afternoon_block', 'flat_eod': False, 'skip_holidays': True, 'stop_mode': 'bandwidth', 'confirm_bars': 3, 'daytype_mode': 'skip_top_all', 'daytype_lo': 0.05, 'daytype_hi': 0.7, 'vol_skip_pct': 3.0, 'stop_k': 1.75}"
524,421,-1241,0.976,14832,-0.08,15.4,-0.02,-0.6,28.0,-0.02,-0.07,144,3,4,"{'lookback': 67, 'band_mult_long': 0.5, 'band_mult_short': 1.75, 'exit_mode': 'boundary', 'side': 'Short Only', 'window': 'all_day', 'flat_eod': True, 'skip_holidays': True, 'stop_mode': 'fixed', 'confirm_bars': 3, 'daytype_mode': 'skip_bot_all', 'daytype_lo': 0.2, 'daytype_hi': 0.8, 'vol_skip_pct': 33.0, 'stop_k': 1.75}"
525,19,-3313,0.348,3673,-0.9,21.1,-0.515,-0.6,1.3,-0.31,-0.33,339,1,1,"{'lookback': 40, 'band_mult_long': 2.5, 'band_mult_short': 2.25, 'exit_mode': 'band', 'side': 'Short Only', 'window': 'morning', 'flat_eod': True, 'skip_holidays': True, 'stop_mode': 'bandwidth', 'confirm_bars': 1, 'daytype_mode': 'skip_bot_all', 'daytype_lo': 0.15, 'daytype_hi': 0.6, 'vol_skip_pct': 2.0, 'stop_k': 2.0}"
526,26,-3662,0.52,5016,-0.73,26.9,-0.351,-0.6,1.7,-0.3,-0.34,401,2,5,"{'lookback': 12, 'band_mult_long': 2.0, 'band_mult_short': 2.0, 'exit_mode': 'vwap', 'side': 'Short Only', 'window': 'morning', 'flat_eod': True, 'skip_holidays': True, 'stop_mode': 'off', 'confirm_bars': 3, 'daytype_mode': 'skip_top_all', 'daytype_lo': 0.35, 'daytype_hi': 0.55, 'vol_skip_pct': 9.0, 'stop_k': 2.75}"
527,12,-406,0.162,406,-1.0,16.7,-0.698,-0.6,0.8,-0.54,-0.49,48,0,4,"{'lookback': 40, 'band_mult_long': 2.5, 'band_mult_short': 2.5, 'exit_mode': 'boundary', 'side': 'Long Only', 'window': 'afternoon_block', 'flat_eod': True, 'skip_holidays': True, 'stop_mode': 'fixed', 'confirm_bars': 4, 'daytype_mode': 'skip_bot_short', 'daytype_lo': 0.35, 'daytype_hi': 0.7, 'vol_skip_pct': 10.0, 'stop_k': 1.25}"
528,73,-1242,0.815,3494,-0.36,21.9,-0.144,-0.7,4.8,-0.12,-0.18,118,2,4,"{'lookback': 22, 'band_mult_long': 0.75, 'band_mult_short': 2.5, 'exit_mode': 'boundary', 'side': 'Short Only', 'window': 'afternoon_block', 'flat_eod': False, 'skip_holidays': True, 'stop_mode': 'bandwidth', 'confirm_bars': 3, 'daytype_mode': 'skip_top_all', 'daytype_lo': 0.45, 'daytype_hi': 0.65, 'vol_skip_pct': 24.0, 'stop_k': 2.75}"
529,373,-962,0.964,4632,-0.21,19.8,-0.029,-0.7,24.8,-0.04,-0.08,89,2,3,"{'lookback': 48, 'band_mult_long': 1.75, 'band_mult_short': 1.0, 'exit_mode': 'boundary', 'side': 'Long Only', 'window': 'afternoon_block', 'flat_eod': True, 'skip_holidays': False, 'stop_mode': 'atr', 'confirm_bars': 3, 'daytype_mode': 'skip_top_long', 'daytype_lo': 0.3, 'daytype_hi': 0.6, 'vol_skip_pct': 62.0, 'stop_k': 0.75}"
530,74,-1738,0.774,2423,-0.72,24.3,-0.171,-0.8,4.9,-0.17,-0.27,137,3,3,"{'lookback': 28, 'band_mult_long': 0.75, 'band_mult_short': 2.25, 'exit_mode': 'boundary', 'side': 'Short Only', 'window': 'afternoon_block', 'flat_eod': True, 'skip_holidays': False, 'stop_mode': 'atr', 'confirm_bars': 3, 'daytype_mode': 'off', 'daytype_lo': 0.4, 'daytype_hi': 0.75, 'vol_skip_pct': 8.0, 'stop_k': 3.75}"
531,467,-2398,0.965,17174,-0.14,28.5,-0.025,-0.8,31.0,-0.05,-0.1,203,3,5,"{'lookback': 31, 'band_mult_long': 2.5, 'band_mult_short': 2.5, 'exit_mode': 'band', 'side': 'Both', 'window': 'afternoon_block', 'flat_eod': False, 'skip_holidays': False, 'stop_mode': 'atr', 'confirm_bars': 2, 'daytype_mode': 'skip_top_long', 'daytype_lo': 0.2, 'daytype_hi': 0.7, 'vol_skip_pct': 65.0, 'stop_k': 1.25}"
532,503,-2552,0.969,34752,-0.07,24.1,-0.024,-0.8,33.4,-0.04,-0.1,212,4,1,"{'lookback': 46, 'band_mult_long': 2.0, 'band_mult_short': 1.25, 'exit_mode': 'band', 'side': 'Short Only', 'window': 'morning', 'flat_eod': True, 'skip_holidays': True, 'stop_mode': 'fixed', 'confirm_bars': 1, 'daytype_mode': 'skip_top_all', 'daytype_lo': 0.25, 'daytype_hi': 0.65, 'vol_skip_pct': 53.0, 'stop_k': 2.0}"
533,53,-2854,0.744,9348,-0.31,13.2,-0.222,-0.8,3.5,-0.1,-0.28,242,3,4,"{'lookback': 30, 'band_mult_long': 2.0, 'band_mult_short': 1.5, 'exit_mode': 'band', 'side': 'Both', 'window': 'all_day', 'flat_eod': False, 'skip_holidays': True, 'stop_mode': 'atr', 'confirm_bars': 3, 'daytype_mode': 'off', 'daytype_lo': 0.3, 'daytype_hi': 0.8, 'vol_skip_pct': 3.0, 'stop_k': 0.25}"
534,38,-3880,0.621,8641,-0.45,21.1,-0.299,-0.8,2.5,-0.25,-0.34,342,3,4,"{'lookback': 105, 'band_mult_long': 1.25, 'band_mult_short': 0.75, 'exit_mode': 'band', 'side': 'Both', 'window': 'morning', 'flat_eod': True, 'skip_holidays': True, 'stop_mode': 'off', 'confirm_bars': 4, 'daytype_mode': 'skip_top_all', 'daytype_lo': 0.15, 'daytype_hi': 0.55, 'vol_skip_pct': 5.0, 'stop_k': 2.5}"
535,81,-3633,0.748,8237,-0.44,32.1,-0.171,-0.9,5.4,-0.21,-0.26,262,3,4,"{'lookback': 25, 'band_mult_long': 1.5, 'band_mult_short': 2.5, 'exit_mode': 'band', 'side': 'Both', 'window': 'morning', 'flat_eod': False, 'skip_holidays': False, 'stop_mode': 'bandwidth', 'confirm_bars': 3, 'daytype_mode': 'skip_top_all', 'daytype_lo': 0.05, 'daytype_hi': 0.7, 'vol_skip_pct': 15.0, 'stop_k': 4.0}"
536,123,-6316,0.835,17498,-0.36,34.1,-0.109,-0.9,8.2,-0.17,-0.26,472,4,3,"{'lookback': 21, 'band_mult_long': 2.5, 'band_mult_short': 2.25, 'exit_mode': 'vwap', 'side': 'Both', 'window': 'morning', 'flat_eod': False, 'skip_holidays': True, 'stop_mode': 'fixed', 'confirm_bars': 2, 'daytype_mode': 'off', 'daytype_lo': 0.35, 'daytype_hi': 0.65, 'vol_skip_pct': 26.0, 'stop_k': 4.0}"
537,58,-2246,0.7,4169,-0.54,24.1,-0.228,-0.9,3.9,-0.21,-0.32,170,3,3,"{'lookback': 20, 'band_mult_long': 2.25, 'band_mult_short': 2.5, 'exit_mode': 'boundary', 'side': 'Short Only', 'window': 'morning', 'flat_eod': True, 'skip_holidays': False, 'stop_mode': 'atr', 'confirm_bars': 2, 'daytype_mode': 'skip_bot_all', 'daytype_lo': 0.45, 'daytype_hi': 0.9, 'vol_skip_pct': 15.0, 'stop_k': 1.0}"
538,436,-2545,0.958,14605,-0.17,26.1,-0.031,-0.9,29.0,-0.05,-0.11,190,3,1,"{'lookback': 78, 'band_mult_long': 1.25, 'band_mult_short': 1.5, 'exit_mode': 'band', 'side': 'Both', 'window': 'afternoon_block', 'flat_eod': False, 'skip_holidays': False, 'stop_mode': 'bandwidth', 'confirm_bars': 1, 'daytype_mode': 'skip_top_all', 'daytype_lo': 0.2, 'daytype_hi': 0.6, 'vol_skip_pct': 27.0, 'stop_k': 0.75}"
539,78,-7921,0.725,15858,-0.5,26.9,-0.201,-1.0,5.2,-0.19,-0.33,506,2,1,"{'lookback': 92, 'band_mult_long': 0.5, 'band_mult_short': 1.25, 'exit_mode': 'vwap', 'side': 'Short Only', 'window': 'afternoon_block', 'flat_eod': True, 'skip_holidays': False, 'stop_mode': 'bandwidth', 'confirm_bars': 1, 'daytype_mode': 'skip_bot_all', 'daytype_lo': 0.15, 'daytype_hi': 0.7, 'vol_skip_pct': 6.0, 'stop_k': 2.5}"
540,38,-4257,0.506,7061,-0.6,18.4,-0.403,-1.0,2.5,-0.27,-0.39,278,1,3,"{'lookback': 117, 'band_mult_long': 2.5, 'band_mult_short': 0.5, 'exit_mode': 'vwap', 'side': 'Short Only', 'window': 'all_day', 'flat_eod': False, 'skip_holidays': False, 'stop_mode': 'bandwidth', 'confirm_bars': 2, 'daytype_mode': 'skip_bot_all', 'daytype_lo': 0.25, 'daytype_hi': 0.9, 'vol_skip_pct': 1.0, 'stop_k': 3.5}"
541,373,-1170,0.949,7639,-0.15,19.0,-0.041,-1.0,24.8,-0.05,-0.12,76,4,5,"{'lookback': 45, 'band_mult_long': 1.75, 'band_mult_short': 2.5, 'exit_mode': 'boundary', 'side': 'Long Only', 'window': 'afternoon_block', 'flat_eod': False, 'skip_holidays': True, 'stop_mode': 'off', 'confirm_bars': 2, 'daytype_mode': 'skip_top_long', 'daytype_lo': 0.45, 'daytype_hi': 0.7, 'vol_skip_pct': 47.0, 'stop_k': 2.25}"
542,123,-3201,0.839,11211,-0.29,24.4,-0.122,-1.0,8.2,-0.09,-0.22,214,2,5,"{'lookback': 37, 'band_mult_long': 1.25, 'band_mult_short': 1.0, 'exit_mode': 'vwap', 'side': 'Short Only', 'window': 'all_day', 'flat_eod': False, 'skip_holidays': False, 'stop_mode': 'bandwidth', 'confirm_bars': 4, 'daytype_mode': 'skip_bot_short', 'daytype_lo': 0.25, 'daytype_hi': 0.6, 'vol_skip_pct': 4.0, 'stop_k': 3.5}"
543,271,-3769,0.923,12517,-0.3,25.8,-0.057,-1.0,18.0,-0.08,-0.16,245,1,2,"{'lookback': 65, 'band_mult_long': 2.5, 'band_mult_short': 0.5, 'exit_mode': 'vwap', 'side': 'Both', 'window': 'morning', 'flat_eod': False, 'skip_holidays': False, 'stop_mode': 'off', 'confirm_bars': 1, 'daytype_mode': 'skip_top_long', 'daytype_lo': 0.3, 'daytype_hi': 0.85, 'vol_skip_pct': 7.0, 'stop_k': 3.25}"
544,220,-5295,0.899,21115,-0.25,27.7,-0.073,-1.1,14.6,-0.1,-0.21,329,1,3,"{'lookback': 100, 'band_mult_long': 2.0, 'band_mult_short': 1.0, 'exit_mode': 'vwap', 'side': 'Both', 'window': 'afternoon_block', 'flat_eod': False, 'skip_holidays': True, 'stop_mode': 'off', 'confirm_bars': 3, 'daytype_mode': 'skip_bot_short', 'daytype_lo': 0.1, 'daytype_hi': 0.8, 'vol_skip_pct': 15.0, 'stop_k': 3.5}"
545,84,-649,0.768,964,-0.67,15.5,-0.196,-1.1,5.6,-0.19,-0.32,39,3,1,"{'lookback': 13, 'band_mult_long': 2.5, 'band_mult_short': 1.5, 'exit_mode': 'boundary', 'side': 'Long Only', 'window': 'all_day', 'flat_eod': False, 'skip_holidays': True, 'stop_mode': 'fixed', 'confirm_bars': 1, 'daytype_mode': 'skip_top_all', 'daytype_lo': 0.1, 'daytype_hi': 0.95, 'vol_skip_pct': 7.0, 'stop_k': 1.5}"
546,117,-5402,0.789,8135,-0.66,29.9,-0.148,-1.1,7.8,-0.18,-0.33,312,4,5,"{'lookback': 45, 'band_mult_long': 1.5, 'band_mult_short': 2.25, 'exit_mode': 'band', 'side': 'Short Only', 'window': 'morning', 'flat_eod': True, 'skip_holidays': True, 'stop_mode': 'fixed', 'confirm_bars': 2, 'daytype_mode': 'skip_bot_all', 'daytype_lo': 0.25, 'daytype_hi': 0.95, 'vol_skip_pct': 40.0, 'stop_k': 3.5}"
547,1312,-2395,0.984,18170,-0.13,12.8,-0.014,-1.2,87.1,-0.03,-0.07,130,3,4,"{'lookback': 73, 'band_mult_long': 1.5, 'band_mult_short': 0.5, 'exit_mode': 'boundary', 'side': 'Both', 'window': 'morning', 'flat_eod': True, 'skip_holidays': False, 'stop_mode': 'atr', 'confirm_bars': 2, 'daytype_mode': 'off', 'daytype_lo': 0.25, 'daytype_hi': 0.9, 'vol_skip_pct': 28.0, 'stop_k': 1.0}"
548,83,-1925,0.69,3673,-0.52,30.1,-0.216,-1.2,5.5,-0.28,-0.42,107,2,2,"{'lookback': 107, 'band_mult_long': 2.25, 'band_mult_short': 1.0, 'exit_mode': 'band', 'side': 'Long Only', 'window': 'morning', 'flat_eod': True, 'skip_holidays': True, 'stop_mode': 'atr', 'confirm_bars': 1, 'daytype_mode': 'skip_top_all', 'daytype_lo': 0.35, 'daytype_hi': 0.55, 'vol_skip_pct': 46.0, 'stop_k': 1.0}"
549,36,-4319,0.342,4319,-1.0,22.2,-0.512,-1.2,2.4,-0.38,-0.42,234,3,5,"{'lookback': 40, 'band_mult_long': 1.5, 'band_mult_short': 0.75, 'exit_mode': 'vwap', 'side': 'Short Only', 'window': 'afternoon_block', 'flat_eod': False, 'skip_holidays': True, 'stop_mode': 'atr', 'confirm_bars': 4, 'daytype_mode': 'skip_top_long', 'daytype_lo': 0.15, 'daytype_hi': 0.9, 'vol_skip_pct': 1.0, 'stop_k': 2.5}"
550,426,-2437,0.951,14110,-0.17,16.2,-0.041,-1.2,28.3,-0.05,-0.14,139,3,4,"{'lookback': 91, 'band_mult_long': 0.5, 'band_mult_short': 1.75, 'exit_mode': 'boundary', 'side': 'Short Only', 'window': 'afternoon_block', 'flat_eod': True, 'skip_holidays': True, 'stop_mode': 'bandwidth', 'confirm_bars': 2, 'daytype_mode': 'skip_top_long', 'daytype_lo': 0.2, 'daytype_hi': 0.6, 'vol_skip_pct': 33.0, 'stop_k': 1.25}"
551,404,-3892,0.941,18706,-0.21,24.0,-0.045,-1.2,26.8,-0.07,-0.14,216,1,6,"{'lookback': 14, 'band_mult_long': 1.25, 'band_mult_short': 1.0, 'exit_mode': 'vwap', 'side': 'Both', 'window': 'all_day', 'flat_eod': True, 'skip_holidays': True, 'stop_mode': 'fixed', 'confirm_bars': 4, 'daytype_mode': 'skip_bot_short', 'daytype_lo': 0.05, 'daytype_hi': 0.65, 'vol_skip_pct': 8.0, 'stop_k': 4.0}"
552,82,-3889,0.74,12007,-0.32,11.0,-0.232,-1.3,5.4,-0.11,-0.31,205,2,3,"{'lookback': 96, 'band_mult_long': 0.75, 'band_mult_short': 0.5, 'exit_mode': 'band', 'side': 'Short Only', 'window': 'afternoon_block', 'flat_eod': True, 'skip_holidays': True, 'stop_mode': 'bandwidth', 'confirm_bars': 2, 'daytype_mode': 'skip_bot_all', 'daytype_lo': 0.4, 'daytype_hi': 0.9, 'vol_skip_pct': 3.0, 'stop_k': 0.75}"
553,80,-5738,0.674,10256,-0.56,27.5,-0.237,-1.3,5.3,-0.33,-0.44,303,3,4,"{'lookback': 51, 'band_mult_long': 2.25, 'band_mult_short': 2.25, 'exit_mode': 'band', 'side': 'Short Only', 'window': 'afternoon_block', 'flat_eod': False, 'skip_holidays': True, 'stop_mode': 'fixed', 'confirm_bars': 3, 'daytype_mode': 'off', 'daytype_lo': 0.4, 'daytype_hi': 0.6, 'vol_skip_pct': 27.0, 'stop_k': 0.75}"
554,71,-11112,0.621,14623,-0.76,28.2,-0.272,-1.3,4.7,-0.34,-0.51,575,2,5,"{'lookback': 54, 'band_mult_long': 2.0, 'band_mult_short': 2.25, 'exit_mode': 'vwap', 'side': 'Short Only', 'window': 'morning', 'flat_eod': True, 'skip_holidays': False, 'stop_mode': 'bandwidth', 'confirm_bars': 2, 'daytype_mode': 'skip_top_long', 'daytype_lo': 0.3, 'daytype_hi': 0.7, 'vol_skip_pct': 27.0, 'stop_k': 1.5}"
555,117,-8767,0.753,14892,-0.59,26.5,-0.181,-1.4,7.8,-0.21,-0.34,413,2,2,"{'lookback': 12, 'band_mult_long': 1.75, 'band_mult_short': 2.5, 'exit_mode': 'vwap', 'side': 'Short Only', 'window': 'afternoon_block', 'flat_eod': True, 'skip_holidays': False, 'stop_mode': 'fixed', 'confirm_bars': 1, 'daytype_mode': 'skip_top_long', 'daytype_lo': 0.45, 'daytype_hi': 0.55, 'vol_skip_pct': 18.0, 'stop_k': 3.75}"
556,665,-3614,0.955,21057,-0.17,29.5,-0.032,-1.4,44.2,-0.07,-0.16,171,5,3,"{'lookback': 105, 'band_mult_long': 2.25, 'band_mult_short': 2.5, 'exit_mode': 'band', 'side': 'Long Only', 'window': 'afternoon_block', 'flat_eod': True, 'skip_holidays': False, 'stop_mode': 'fixed', 'confirm_bars': 1, 'daytype_mode': 'off', 'daytype_lo': 0.15, 'daytype_hi': 0.95, 'vol_skip_pct': 97.0, 'stop_k': 3.0}"
557,125,-4708,0.781,10345,-0.46,24.8,-0.165,-1.4,8.3,-0.2,-0.35,229,4,1,"{'lookback': 68, 'band_mult_long': 1.5, 'band_mult_short': 1.0, 'exit_mode': 'band', 'side': 'Both', 'window': 'afternoon_block', 'flat_eod': True, 'skip_holidays': False, 'stop_mode': 'off', 'confirm_bars': 1, 'daytype_mode': 'skip_top_all', 'daytype_lo': 0.35, 'daytype_hi': 0.6, 'vol_skip_pct': 6.0, 'stop_k': 3.5}"
558,818,-2379,0.969,17802,-0.13,10.8,-0.028,-1.5,54.3,-0.04,-0.11,104,1,1,"{'lookback': 49, 'band_mult_long': 2.5, 'band_mult_short': 1.0, 'exit_mode': 'boundary', 'side': 'Short Only', 'window': 'afternoon_block', 'flat_eod': True, 'skip_holidays': False, 'stop_mode': 'bandwidth', 'confirm_bars': 1, 'daytype_mode': 'skip_top_long', 'daytype_lo': 0.1, 'daytype_hi': 0.75, 'vol_skip_pct': 18.0, 'stop_k': 4.0}"
559,106,-4221,0.679,5020,-0.84,29.2,-0.227,-1.6,7.0,-0.29,-0.36,175,1,1,"{'lookback': 26, 'band_mult_long': 2.0, 'band_mult_short': 2.5, 'exit_mode': 'band', 'side': 'Both', 'window': 'afternoon_block', 'flat_eod': True, 'skip_holidays': True, 'stop_mode': 'bandwidth', 'confirm_bars': 1, 'daytype_mode': 'skip_top_all', 'daytype_lo': 0.3, 'daytype_hi': 0.85, 'vol_skip_pct': 7.0, 'stop_k': 0.25}"
560,116,-6197,0.685,10363,-0.6,32.8,-0.211,-1.6,7.7,-0.3,-0.41,253,3,3,"{'lookback': 112, 'band_mult_long': 1.25, 'band_mult_short': 1.25, 'exit_mode': 'band', 'side': 'Long Only', 'window': 'morning', 'flat_eod': True, 'skip_holidays': False, 'stop_mode': 'off', 'confirm_bars': 2, 'daytype_mode': 'skip_top_all', 'daytype_lo': 0.15, 'daytype_hi': 0.7, 'vol_skip_pct': 25.0, 'stop_k': 1.0}"
561,119,-4364,0.758,13185,-0.33,13.4,-0.21,-1.7,7.9,-0.13,-0.4,175,1,1,"{'lookback': 68, 'band_mult_long': 1.75, 'band_mult_short': 0.5, 'exit_mode': 'band', 'side': 'Short Only', 'window': 'all_day', 'flat_eod': False, 'skip_holidays': True, 'stop_mode': 'off', 'confirm_bars': 1, 'daytype_mode': 'skip_bot_short', 'daytype_lo': 0.15, 'daytype_hi': 0.65, 'vol_skip_pct': 2.0, 'stop_k': 2.5}"
562,109,-4945,0.734,10236,-0.48,10.1,-0.239,-1.7,7.2,-0.14,-0.39,190,2,2,"{'lookback': 62, 'band_mult_long': 1.5, 'band_mult_short': 0.5, 'exit_mode': 'band', 'side': 'Short Only', 'window': 'morning', 'flat_eod': True, 'skip_holidays': False, 'stop_mode': 'bandwidth', 'confirm_bars': 1, 'daytype_mode': 'skip_bot_short', 'daytype_lo': 0.35, 'daytype_hi': 0.7, 'vol_skip_pct': 3.0, 'stop_k': 4.0}"
563,501,-9041,0.932,39138,-0.23,22.8,-0.053,-1.8,33.3,-0.11,-0.23,342,3,4,"{'lookback': 92, 'band_mult_long': 1.0, 'band_mult_short': 0.75, 'exit_mode': 'band', 'side': 'Short Only', 'window': 'afternoon_block', 'flat_eod': False, 'skip_holidays': False, 'stop_mode': 'atr', 'confirm_bars': 4, 'daytype_mode': 'skip_top_all', 'daytype_lo': 0.4, 'daytype_hi': 0.85, 'vol_skip_pct': 43.0, 'stop_k': 2.75}"
564,495,-7767,0.924,25841,-0.3,24.8,-0.057,-1.9,32.9,-0.12,-0.23,273,3,3,"{'lookback': 37, 'band_mult_long': 2.25, 'band_mult_short': 1.0, 'exit_mode': 'vwap', 'side': 'Both', 'window': 'afternoon_block', 'flat_eod': False, 'skip_holidays': True, 'stop_mode': 'bandwidth', 'confirm_bars': 2, 'daytype_mode': 'off', 'daytype_lo': 0.4, 'daytype_hi': 0.7, 'vol_skip_pct': 22.0, 'stop_k': 0.75}"
565,130,-9481,0.711,16447,-0.58,18.5,-0.235,-2.0,8.6,-0.26,-0.49,310,3,8,"{'lookback': 83, 'band_mult_long': 1.0, 'band_mult_short': 1.5, 'exit_mode': 'band', 'side': 'Short Only', 'window': 'morning', 'flat_eod': True, 'skip_holidays': False, 'stop_mode': 'off', 'confirm_bars': 3, 'daytype_mode': 'off', 'daytype_lo': 0.2, 'daytype_hi': 0.6, 'vol_skip_pct': 24.0, 'stop_k': 4.0}"
566,370,-4084,0.898,13834,-0.3,17.0,-0.085,-2.1,24.6,-0.09,-0.28,130,2,2,"{'lookback': 28, 'band_mult_long': 0.75, 'band_mult_short': 0.75, 'exit_mode': 'band', 'side': 'Both', 'window': 'all_day', 'flat_eod': False, 'skip_holidays': False, 'stop_mode': 'fixed', 'confirm_bars': 1, 'daytype_mode': 'skip_bot_short', 'daytype_lo': 0.3, 'daytype_hi': 0.75, 'vol_skip_pct': 3.0, 'stop_k': 4.0}"
567,565,-8898,0.922,25765,-0.35,28.0,-0.056,-2.1,37.5,-0.13,-0.24,279,2,1,"{'lookback': 13, 'band_mult_long': 2.25, 'band_mult_short': 1.25, 'exit_mode': 'vwap', 'side': 'Short Only', 'window': 'afternoon_block', 'flat_eod': False, 'skip_holidays': True, 'stop_mode': 'off', 'confirm_bars': 1, 'daytype_mode': 'skip_top_long', 'daytype_lo': 0.4, 'daytype_hi': 0.95, 'vol_skip_pct': 27.0, 'stop_k': 1.0}"
568,63,-2181,0.336,2181,-1.0,15.9,-0.558,-2.3,4.2,-0.59,-0.7,62,1,3,"{'lookback': 8, 'band_mult_long': 2.5, 'band_mult_short': 1.0, 'exit_mode': 'boundary', 'side': 'Long Only', 'window': 'morning', 'flat_eod': True, 'skip_holidays': False, 'stop_mode': 'off', 'confirm_bars': 2, 'daytype_mode': 'skip_bot_all', 'daytype_lo': 0.45, 'daytype_hi': 0.85, 'vol_skip_pct': 20.0, 'stop_k': 2.5}"
569,531,-11350,0.903,32595,-0.35,31.5,-0.066,-2.3,35.3,-0.16,-0.27,322,3,3,"{'lookback': 73, 'band_mult_long': 1.25, 'band_mult_short': 0.75, 'exit_mode': 'vwap', 'side': 'Both', 'window': 'afternoon_block', 'flat_eod': True, 'skip_holidays': False, 'stop_mode': 'fixed', 'confirm_bars': 2, 'daytype_mode': 'skip_top_all', 'daytype_lo': 0.2, 'daytype_hi': 0.55, 'vol_skip_pct': 34.0, 'stop_k': 2.25}"
570,316,-2918,0.87,7771,-0.38,13.6,-0.112,-2.4,21.0,-0.1,-0.29,82,4,2,"{'lookback': 116, 'band_mult_long': 0.5, 'band_mult_short': 2.0, 'exit_mode': 'boundary', 'side': 'Short Only', 'window': 'afternoon_block', 'flat_eod': False, 'skip_holidays': True, 'stop_mode': 'fixed', 'confirm_bars': 1, 'daytype_mode': 'skip_top_all', 'daytype_lo': 0.1, 'daytype_hi': 0.7, 'vol_skip_pct': 32.0, 'stop_k': 0.5}"
571,768,-3740,0.941,13543,-0.28,20.3,-0.047,-2.4,51.0,-0.1,-0.21,104,4,6,"{'lookback': 79, 'band_mult_long': 2.0, 'band_mult_short': 2.5, 'exit_mode': 'boundary', 'side': 'Long Only', 'window': 'afternoon_block', 'flat_eod': False, 'skip_holidays': True, 'stop_mode': 'fixed', 'confirm_bars': 3, 'daytype_mode': 'skip_bot_short', 'daytype_lo': 0.2, 'daytype_hi': 0.95, 'vol_skip_pct': 96.0, 'stop_k': 3.25}"
572,1451,-4726,0.97,27874,-0.17,12.2,-0.026,-2.5,96.4,-0.05,-0.14,125,2,2,"{'lookback': 113, 'band_mult_long': 1.0, 'band_mult_short': 2.0, 'exit_mode': 'boundary', 'side': 'Short Only', 'window': 'morning', 'flat_eod': False, 'skip_holidays': True, 'stop_mode': 'bandwidth', 'confirm_bars': 1, 'daytype_mode': 'off', 'daytype_lo': 0.2, 'daytype_hi': 0.75, 'vol_skip_pct': 99.0, 'stop_k': 1.25}"
573,106,-18325,0.506,20276,-0.9,26.4,-0.364,-2.6,7.0,-0.6,-0.73,475,2,4,"{'lookback': 36, 'band_mult_long': 2.0, 'band_mult_short': 1.5, 'exit_mode': 'vwap', 'side': 'Both', 'window': 'morning', 'flat_eod': True, 'skip_holidays': False, 'stop_mode': 'off', 'confirm_bars': 3, 'daytype_mode': 'skip_top_all', 'daytype_lo': 0.35, 'daytype_hi': 0.65, 'vol_skip_pct': 21.0, 'stop_k': 0.75}"
574,399,-3711,0.88,11435,-0.32,13.8,-0.103,-2.7,26.5,-0.11,-0.32,90,3,1,"{'lookback': 82, 'band_mult_long': 1.25, 'band_mult_short': 1.75, 'exit_mode': 'boundary', 'side': 'Both', 'window': 'afternoon_block', 'flat_eod': False, 'skip_holidays': True, 'stop_mode': 'fixed', 'confirm_bars': 1, 'daytype_mode': 'skip_bot_all', 'daytype_lo': 0.15, 'daytype_hi': 0.55, 'vol_skip_pct': 9.0, 'stop_k': 0.25}"
575,287,-2023,0.836,4945,-0.41,10.1,-0.148,-2.8,19.1,-0.12,-0.41,48,2,2,"{'lookback': 118, 'band_mult_long': 2.5, 'band_mult_short': 2.25, 'exit_mode': 'boundary', 'side': 'Long Only', 'window': 'afternoon_block', 'flat_eod': False, 'skip_holidays': True, 'stop_mode': 'off', 'confirm_bars': 1, 'daytype_mode': 'skip_bot_short', 'daytype_lo': 0.1, 'daytype_hi': 0.6, 'vol_skip_pct': 59.0, 'stop_k': 3.0}"
576,319,-16046,0.813,28099,-0.57,27.6,-0.135,-2.9,21.2,-0.27,-0.47,372,1,4,"{'lookback': 41, 'band_mult_long': 2.0, 'band_mult_short': 1.25, 'exit_mode': 'vwap', 'side': 'Short Only', 'window': 'afternoon_block', 'flat_eod': False, 'skip_holidays': False, 'stop_mode': 'off', 'confirm_bars': 4, 'daytype_mode': 'skip_top_long', 'daytype_lo': 0.4, 'daytype_hi': 0.55, 'vol_skip_pct': 30.0, 'stop_k': 1.5}"
577,712,-9795,0.912,29027,-0.34,27.1,-0.064,-3.0,47.3,-0.14,-0.31,214,3,3,"{'lookback': 100, 'band_mult_long': 2.5, 'band_mult_short': 2.25, 'exit_mode': 'band', 'side': 'Both', 'window': 'afternoon_block', 'flat_eod': False, 'skip_holidays': False, 'stop_mode': 'off', 'confirm_bars': 1, 'daytype_mode': 'skip_top_all', 'daytype_lo': 0.2, 'daytype_hi': 0.65, 'vol_skip_pct': 91.0, 'stop_k': 3.25}"
578,486,-7016,0.894,20488,-0.34,12.8,-0.093,-3.0,32.3,-0.13,-0.33,156,1,4,"{'lookback': 75, 'band_mult_long': 2.25, 'band_mult_short': 1.0, 'exit_mode': 'boundary', 'side': 'Both', 'window': 'afternoon_block', 'flat_eod': False, 'skip_holidays': False, 'stop_mode': 'bandwidth', 'confirm_bars': 3, 'daytype_mode': 'skip_top_long', 'daytype_lo': 0.45, 'daytype_hi': 0.95, 'vol_skip_pct': 19.0, 'stop_k': 0.75}"
579,402,-4593,0.869,8033,-0.57,12.2,-0.115,-3.1,26.7,-0.11,-0.35,99,4,1,"{'lookback': 57, 'band_mult_long': 2.5, 'band_mult_short': 2.25, 'exit_mode': 'boundary', 'side': 'Short Only', 'window': 'morning', 'flat_eod': False, 'skip_holidays': False, 'stop_mode': 'atr', 'confirm_bars': 1, 'daytype_mode': 'skip_bot_short', 'daytype_lo': 0.45, 'daytype_hi': 0.95, 'vol_skip_pct': 62.0, 'stop_k': 1.5}"
580,163,-19293,0.589,28389,-0.68,21.5,-0.322,-3.5,10.8,-0.46,-0.75,367,3,3,"{'lookback': 51, 'band_mult_long': 0.75, 'band_mult_short': 1.0, 'exit_mode': 'vwap', 'side': 'Short Only', 'window': 'morning', 'flat_eod': False, 'skip_holidays': True, 'stop_mode': 'atr', 'confirm_bars': 4, 'daytype_mode': 'skip_top_all', 'daytype_lo': 0.1, 'daytype_hi': 0.55, 'vol_skip_pct': 32.0, 'stop_k': 1.5}"
581,251,-4070,0.763,5859,-0.69,12.4,-0.208,-3.5,16.7,-0.21,-0.51,78,3,1,"{'lookback': 65, 'band_mult_long': 1.25, 'band_mult_short': 1.25, 'exit_mode': 'boundary', 'side': 'Long Only', 'window': 'morning', 'flat_eod': True, 'skip_holidays': False, 'stop_mode': 'bandwidth', 'confirm_bars': 1, 'daytype_mode': 'skip_top_long', 'daytype_lo': 0.15, 'daytype_hi': 0.8, 'vol_skip_pct': 13.0, 'stop_k': 3.25}"
582,1982,-11524,0.969,77209,-0.15,15.1,-0.026,-3.5,131.6,-0.08,-0.18,222,5,3,"{'lookback': 73, 'band_mult_long': 1.75, 'band_mult_short': 0.5, 'exit_mode': 'boundary', 'side': 'Both', 'window': 'morning', 'flat_eod': True, 'skip_holidays': False, 'stop_mode': 'off', 'confirm_bars': 3, 'daytype_mode': 'skip_top_all', 'daytype_lo': 0.3, 'daytype_hi': 0.65, 'vol_skip_pct': 0.0, 'stop_k': 3.25}"
583,252,-12736,0.712,16987,-0.75,23.0,-0.222,-3.7,16.7,-0.33,-0.6,228,4,1,"{'lookback': 71, 'band_mult_long': 1.5, 'band_mult_short': 1.75, 'exit_mode': 'band', 'side': 'Short Only', 'window': 'morning', 'flat_eod': False, 'skip_holidays': True, 'stop_mode': 'fixed', 'confirm_bars': 1, 'daytype_mode': 'skip_bot_all', 'daytype_lo': 0.15, 'daytype_hi': 0.6, 'vol_skip_pct': 31.0, 'stop_k': 1.5}"
584,338,-15388,0.729,19782,-0.78,25.1,-0.203,-4.6,22.4,-0.34,-0.58,225,1,1,"{'lookback': 107, 'band_mult_long': 0.75, 'band_mult_short': 0.5, 'exit_mode': 'vwap', 'side': 'Short Only', 'window': 'all_day', 'flat_eod': True, 'skip_holidays': False, 'stop_mode': 'off', 'confirm_bars': 1, 'daytype_mode': 'skip_bot_all', 'daytype_lo': 0.1, 'daytype_hi': 0.7, 'vol_skip_pct': 4.0, 'stop_k': 3.0}"
585,161,-5974,0.345,6281,-0.95,10.6,-0.586,-6.3,10.7,-0.88,-1.18,63,0,2,"{'lookback': 118, 'band_mult_long': 2.5, 'band_mult_short': 2.25, 'exit_mode': 'boundary', 'side': 'Both', 'window': 'morning', 'flat_eod': False, 'skip_holidays': False, 'stop_mode': 'fixed', 'confirm_bars': 1, 'daytype_mode': 'skip_top_all', 'daytype_lo': 0.4, 'daytype_hi': 0.6, 'vol_skip_pct': 27.0, 'stop_k': 1.75}"
586,987,-17406,0.88,35316,-0.49,19.3,-0.097,-6.4,65.6,-0.23,-0.5,181,3,1,"{'lookback': 6, 'band_mult_long': 2.25, 'band_mult_short': 0.5, 'exit_mode': 'band', 'side': 'Both', 'window': 'afternoon_block', 'flat_eod': False, 'skip_holidays': True, 'stop_mode': 'fixed', 'confirm_bars': 1, 'daytype_mode': 'skip_top_all', 'daytype_lo': 0.45, 'daytype_hi': 0.75, 'vol_skip_pct': 24.0, 'stop_k': 1.25}"
587,494,-15977,0.753,30156,-0.53,11.9,-0.218,-7.2,32.8,-0.32,-0.8,148,2,4,"{'lookback': 85, 'band_mult_long': 1.25, 'band_mult_short': 1.0, 'exit_mode': 'boundary', 'side': 'Short Only', 'window': 'morning', 'flat_eod': False, 'skip_holidays': True, 'stop_mode': 'bandwidth', 'confirm_bars': 2, 'daytype_mode': 'skip_top_long', 'daytype_lo': 0.4, 'daytype_hi': 0.6, 'vol_skip_pct': 23.0, 'stop_k': 0.5}"
588,805,-19306,0.823,27849,-0.69,15.4,-0.15,-8.0,53.5,-0.28,-0.62,160,1,4,"{'lookback': 49, 'band_mult_long': 1.75, 'band_mult_short': 1.0, 'exit_mode': 'boundary', 'side': 'Both', 'window': 'afternoon_block', 'flat_eod': True, 'skip_holidays': False, 'stop_mode': 'off', 'confirm_bars': 3, 'daytype_mode': 'off', 'daytype_lo': 0.15, 'daytype_hi': 0.6, 'vol_skip_pct': 26.0, 'stop_k': 2.25}"
589,2485,-10310,0.945,40987,-0.25,10.8,-0.049,-8.1,165.0,-0.11,-0.34,84,1,2,"{'lookback': 7, 'band_mult_long': 1.25, 'band_mult_short': 0.75, 'exit_mode': 'boundary', 'side': 'Short Only', 'window': 'all_day', 'flat_eod': False, 'skip_holidays': False, 'stop_mode': 'fixed', 'confirm_bars': 1, 'daytype_mode': 'skip_top_long', 'daytype_lo': 0.1, 'daytype_hi': 0.6, 'vol_skip_pct': 28.0, 'stop_k': 2.0}"
590,779,-7454,0.796,11694,-0.64,11.6,-0.18,-9.3,51.7,-0.24,-0.78,53,1,2,"{'lookback': 120, 'band_mult_long': 2.25, 'band_mult_short': 0.75, 'exit_mode': 'boundary', 'side': 'Long Only', 'window': 'all_day', 'flat_eod': True, 'skip_holidays': False, 'stop_mode': 'bandwidth', 'confirm_bars': 1, 'daytype_mode': 'skip_bot_all', 'daytype_lo': 0.3, 'daytype_hi': 0.95, 'vol_skip_pct': 81.0, 'stop_k': 1.0}"
591,84,-173,0.991,7372,-0.02,46.4,-0.005,-0.0,5.6,-0.01,-0.01,413,4,4,"{'lookback': 81, 'band_mult_long': 2.25, 'band_mult_short': 1.75, 'exit_mode': 'vwap', 'side': 'Long Only', 'window': 'afternoon_block', 'flat_eod': False, 'skip_holidays': False, 'stop_mode': 'bandwidth', 'confirm_bars': 2, 'daytype_mode': 'skip_top_long', 'daytype_lo': 0.15, 'daytype_hi': 0.6, 'vol_skip_pct': 61.0, 'stop_k': 0.5}"
592,209,-52,0.997,9106,-0.01,16.3,-0.002,-0.0,13.9,-0.0,-0.0,116,3,3,"{'lookback': 16, 'band_mult_long': 2.25, 'band_mult_short': 1.75, 'exit_mode': 'boundary', 'side': 'Short Only', 'window': 'morning', 'flat_eod': False, 'skip_holidays': True, 'stop_mode': 'atr', 'confirm_bars': 2, 'daytype_mode': 'off', 'daytype_lo': 0.35, 'daytype_hi': 0.7, 'vol_skip_pct': 16.0, 'stop_k': 3.75}"
593,0,,,,,,,,,,,,,,"{'lookback': 74, 'band_mult_long': 2.5, 'band_mult_short': 2.0, 'exit_mode': 'vwap', 'side': 'Long Only', 'window': 'morning', 'flat_eod': True, 'skip_holidays': False, 'stop_mode': 'fixed', 'confirm_bars': 1, 'daytype_mode': 'skip_top_all', 'daytype_lo': 0.15, 'daytype_hi': 0.55, 'vol_skip_pct': 2.0, 'stop_k': 2.75}"
594,1264,-179,0.999,22137,-0.01,29.1,-0.001,-0.0,84.0,-0.0,-0.0,274,3,4,"{'lookback': 63, 'band_mult_long': 0.5, 'band_mult_short': 0.5, 'exit_mode': 'vwap', 'side': 'Both', 'window': 'morning', 'flat_eod': True, 'skip_holidays': True, 'stop_mode': 'fixed', 'confirm_bars': 3, 'daytype_mode': 'off', 'daytype_lo': 0.4, 'daytype_hi': 0.65, 'vol_skip_pct': 29.0, 'stop_k': 2.5}"
595,114,95,1.003,7977,0.01,35.1,0.002,0.0,7.6,0.0,0.0,416,4,3,"{'lookback': 31, 'band_mult_long': 1.0, 'band_mult_short': 1.5, 'exit_mode': 'vwap', 'side': 'Both', 'window': 'morning', 'flat_eod': False, 'skip_holidays': True, 'stop_mode': 'off', 'confirm_bars': 3, 'daytype_mode': 'skip_top_all', 'daytype_lo': 0.35, 'daytype_hi': 0.6, 'vol_skip_pct': 14.0, 'stop_k': 2.5}"
596,0,,,,,,,,,,,,,,"{'lookback': 80, 'band_mult_long': 2.25, 'band_mult_short': 2.0, 'exit_mode': 'vwap', 'side': 'Long Only', 'window': 'all_day', 'flat_eod': True, 'skip_holidays': False, 'stop_mode': 'fixed', 'confirm_bars': 2, 'daytype_mode': 'skip_top_long', 'daytype_lo': 0.3, 'daytype_hi': 0.6, 'vol_skip_pct': 1.0, 'stop_k': 3.25}"
597,3,148,1.339,246,0.6,33.3,0.226,0.0,0.2,0.06,0.12,218,0,3,"{'lookback': 34, 'band_mult_long': 0.5, 'band_mult_short': 2.5, 'exit_mode': 'vwap', 'side': 'Short Only', 'window': 'morning', 'flat_eod': False, 'skip_holidays': False, 'stop_mode': 'bandwidth', 'confirm_bars': 4, 'daytype_mode': 'skip_bot_all', 'daytype_lo': 0.15, 'daytype_hi': 0.55, 'vol_skip_pct': 2.0, 'stop_k': 1.75}"
598,54,24,1.001,7875,0.0,35.2,0.001,0.0,3.6,0.0,0.0,560,3,6,"{'lookback': 107, 'band_mult_long': 1.0, 'band_mult_short': 1.75, 'exit_mode': 'vwap', 'side': 'Short Only', 'window': 'morning', 'flat_eod': False, 'skip_holidays': True, 'stop_mode': 'atr', 'confirm_bars': 4, 'daytype_mode': 'off', 'daytype_lo': 0.15, 'daytype_hi': 0.95, 'vol_skip_pct': 22.0, 'stop_k': 2.0}"
599,127,-304,0.992,8436,-0.04,37.0,-0.005,-0.0,8.4,-0.01,-0.01,452,5,2,"{'lookback': 74, 'band_mult_long': 2.25, 'band_mult_short': 2.5, 'exit_mode': 'vwap', 'side': 'Both', 'window': 'afternoon_block', 'flat_eod': True, 'skip_holidays': False, 'stop_mode': 'fixed', 'confirm_bars': 1, 'daytype_mode': 'skip_top_all', 'daytype_lo': 0.45, 'daytype_hi': 0.9, 'vol_skip_pct': 27.0, 'stop_k': 3.5}"
600,258,-240,0.997,19391,-0.01,32.2,-0.002,-0.0,17.1,-0.0,-0.01,434,2,1,"{'lookback': 25, 'band_mult_long': 2.25, 'band_mult_short': 2.0, 'exit_mode': 'vwap', 'side': 'Short Only', 'window': 'afternoon_block', 'flat_eod': True, 'skip_holidays': True, 'stop_mode': 'off', 'confirm_bars': 1, 'daytype_mode': 'off', 'daytype_lo': 0.3, 'daytype_hi': 0.85, 'vol_skip_pct': 33.0, 'stop_k': 0.5}"
