rank,n,net,pf,dd,mar,win,evr,ryr,tpy,sh,so,avl,folds8,secs,params
1,3025,98948,1.174,33328,2.97,17.8,0.143,28.8,200.9,0.45,0.85,228,5,1,"{'or_bars': 4, 'trade_mode': 'First-candle dir', 'stop_frac': 1.0, 'vpace_filter': 0.2, 'breakout_buf': 0.15, 'close_confirm': False, 'partial_exit_R': 2.0, 'trail_bars': 19, 'be_after_R': 0.1, 'atr_filter': 0.0, 'target_R': 5.5, 'flat_eod': False, 'skip_holidays': True}"
2,2351,171023,1.24,40725,4.2,31.9,0.163,25.5,156.1,0.67,1.35,446,6,1,"{'or_bars': 3, 'trade_mode': 'First-candle dir', 'stop_frac': 1.0, 'vpace_filter': 0.1, 'breakout_buf': 0.35, 'close_confirm': True, 'partial_exit_R': 6.0, 'trail_bars': 20, 'be_after_R': 0.6, 'atr_filter': 0.7, 'target_R': 3.5, 'flat_eod': True, 'skip_holidays': False}"
3,2170,121407,1.249,22079,5.5,28.8,0.177,25.5,144.1,0.54,0.99,316,5,1,"{'or_bars': 10, 'trade_mode': 'First-candle dir', 'stop_frac': 1.0, 'vpace_filter': 0.0, 'breakout_buf': 0.25, 'close_confirm': False, 'partial_exit_R': 4.5, 'trail_bars': 11, 'be_after_R': 0.2, 'atr_filter': 0.7, 'target_R': 0.0, 'flat_eod': False, 'skip_holidays': False}"
4,1958,120688,1.272,41041,2.94,31.7,0.186,24.2,130.0,0.55,0.87,331,2,1,"{'or_bars': 12, 'trade_mode': 'First-candle dir', 'stop_frac': 2.0, 'vpace_filter': 0.0, 'breakout_buf': 0.25, 'close_confirm': True, 'partial_exit_R': 4.5, 'trail_bars': 1, 'be_after_R': 0.1, 'atr_filter': 0.6, 'target_R': 3.0, 'flat_eod': False, 'skip_holidays': True}"
5,2714,107734,1.173,29639,3.63,28.4,0.124,22.3,180.3,0.47,1.29,321,5,2,"{'or_bars': 3, 'trade_mode': 'Both', 'stop_frac': 2.5, 'vpace_filter': 0.7, 'breakout_buf': 0.4, 'close_confirm': True, 'partial_exit_R': 0.0, 'trail_bars': 14, 'be_after_R': 1.5, 'atr_filter': 0.8, 'target_R': 1.5, 'flat_eod': True, 'skip_holidays': False}"
6,2894,166758,1.171,38046,4.38,35.1,0.111,21.4,192.2,0.58,0.96,519,5,2,"{'or_bars': 5, 'trade_mode': 'First-candle dir', 'stop_frac': 1.25, 'vpace_filter': 0.5, 'breakout_buf': 0.05, 'close_confirm': True, 'partial_exit_R': 2.0, 'trail_bars': 4, 'be_after_R': 0.4, 'atr_filter': 0.3, 'target_R': 2.5, 'flat_eod': False, 'skip_holidays': False}"
7,3669,300440,1.173,65012,4.62,49.6,0.087,21.3,243.7,0.74,1.18,937,4,1,"{'or_bars': 2, 'trade_mode': 'Both', 'stop_frac': 2.5, 'vpace_filter': 0.3, 'breakout_buf': 0.35, 'close_confirm': True, 'partial_exit_R': 2.0, 'trail_bars': 17, 'be_after_R': 2.7, 'atr_filter': 0.1, 'target_R': 2.5, 'flat_eod': False, 'skip_holidays': False}"
8,2411,283401,1.258,35474,7.99,49.1,0.131,21.0,160.1,0.84,1.5,896,6,2,"{'or_bars': 2, 'trade_mode': 'First-candle dir', 'stop_frac': 2.0, 'vpace_filter': 0.7, 'breakout_buf': 0.25, 'close_confirm': True, 'partial_exit_R': 3.0, 'trail_bars': 3, 'be_after_R': 0.0, 'atr_filter': 0.7, 'target_R': 5.5, 'flat_eod': True, 'skip_holidays': True}"
9,2594,252908,1.229,33181,7.62,48.2,0.119,20.5,172.3,0.75,1.39,821,6,2,"{'or_bars': 2, 'trade_mode': 'First-candle dir', 'stop_frac': 1.75, 'vpace_filter': 0.4, 'breakout_buf': 0.4, 'close_confirm': True, 'partial_exit_R': 6.0, 'trail_bars': 9, 'be_after_R': 2.7, 'atr_filter': 0.4, 'target_R': 6.0, 'flat_eod': True, 'skip_holidays': True}"
10,1769,202818,1.268,26749,7.58,38.3,0.166,19.5,117.5,0.75,1.56,692,6,2,"{'or_bars': 2, 'trade_mode': 'Short Only', 'stop_frac': 1.25, 'vpace_filter': 0.8, 'breakout_buf': 0.4, 'close_confirm': True, 'partial_exit_R': 5.0, 'trail_bars': 16, 'be_after_R': 1.9, 'atr_filter': 0.7, 'target_R': 7.0, 'flat_eod': True, 'skip_holidays': False}"
11,1780,118041,1.219,48291,2.44,28.0,0.158,18.7,118.2,0.51,0.83,420,5,1,"{'or_bars': 5, 'trade_mode': 'First-candle dir', 'stop_frac': 1.5, 'vpace_filter': 0.4, 'breakout_buf': 0.05, 'close_confirm': False, 'partial_exit_R': 4.5, 'trail_bars': 13, 'be_after_R': 0.2, 'atr_filter': 1.0, 'target_R': 3.5, 'flat_eod': True, 'skip_holidays': True}"
12,2424,239528,1.234,32077,7.47,52.8,0.11,17.7,161.0,0.81,1.24,896,5,2,"{'or_bars': 3, 'trade_mode': 'First-candle dir', 'stop_frac': 2.25, 'vpace_filter': 0.5, 'breakout_buf': 0.4, 'close_confirm': True, 'partial_exit_R': 5.5, 'trail_bars': 5, 'be_after_R': 3.8, 'atr_filter': 0.5, 'target_R': 1.0, 'flat_eod': False, 'skip_holidays': False}"
13,2980,197811,1.171,35469,5.58,48.3,0.088,17.5,197.9,0.64,1.09,750,4,1,"{'or_bars': 9, 'trade_mode': 'Both', 'stop_frac': 1.0, 'vpace_filter': 0.7, 'breakout_buf': 0.2, 'close_confirm': True, 'partial_exit_R': 3.0, 'trail_bars': 13, 'be_after_R': 0.0, 'atr_filter': 0.2, 'target_R': 4.5, 'flat_eod': False, 'skip_holidays': True}"
14,3171,232729,1.155,50171,4.64,49.7,0.078,16.4,210.6,0.6,0.97,940,5,1,"{'or_bars': 6, 'trade_mode': 'First-candle dir', 'stop_frac': 1.75, 'vpace_filter': 0.6, 'breakout_buf': 0.0, 'close_confirm': False, 'partial_exit_R': 4.5, 'trail_bars': 9, 'be_after_R': 3.5, 'atr_filter': 0.0, 'target_R': 7.5, 'flat_eod': False, 'skip_holidays': False}"
15,3495,201146,1.14,41026,4.9,52.0,0.067,15.6,232.1,0.63,0.95,859,5,2,"{'or_bars': 2, 'trade_mode': 'Both', 'stop_frac': 1.75, 'vpace_filter': 0.4, 'breakout_buf': 0.5, 'close_confirm': True, 'partial_exit_R': 1.0, 'trail_bars': 19, 'be_after_R': 0.9, 'atr_filter': 0.5, 'target_R': 0.0, 'flat_eod': False, 'skip_holidays': True}"
16,1411,67498,1.222,41232,1.64,26.6,0.162,15.2,93.7,0.36,0.64,294,4,1,"{'or_bars': 12, 'trade_mode': 'First-candle dir', 'stop_frac': 1.5, 'vpace_filter': 0.7, 'breakout_buf': 0.4, 'close_confirm': True, 'partial_exit_R': 3.5, 'trail_bars': 17, 'be_after_R': 0.1, 'atr_filter': 0.7, 'target_R': 3.0, 'flat_eod': False, 'skip_holidays': True}"
17,2981,207843,1.144,49027,4.24,47.8,0.075,14.9,198.0,0.54,0.95,926,5,2,"{'or_bars': 2, 'trade_mode': 'First-candle dir', 'stop_frac': 2.0, 'vpace_filter': 0.5, 'breakout_buf': 0.3, 'close_confirm': False, 'partial_exit_R': 3.5, 'trail_bars': 20, 'be_after_R': 3.5, 'atr_filter': 0.0, 'target_R': 8.0, 'flat_eod': True, 'skip_holidays': True}"
18,1334,73790,1.228,22227,3.32,29.3,0.161,14.3,88.6,0.38,0.63,343,3,2,"{'or_bars': 4, 'trade_mode': 'Long Only', 'stop_frac': 2.5, 'vpace_filter': 0.9, 'breakout_buf': 0.4, 'close_confirm': True, 'partial_exit_R': 5.5, 'trail_bars': 20, 'be_after_R': 0.1, 'atr_filter': 0.2, 'target_R': 5.0, 'flat_eod': True, 'skip_holidays': True}"
19,3487,161714,1.114,96760,1.67,48.3,0.059,13.6,231.6,0.51,0.75,789,3,2,"{'or_bars': 4, 'trade_mode': 'Both', 'stop_frac': 1.5, 'vpace_filter': 0.4, 'breakout_buf': 0.4, 'close_confirm': False, 'partial_exit_R': 1.0, 'trail_bars': 1, 'be_after_R': 0.7, 'atr_filter': 0.3, 'target_R': 5.5, 'flat_eod': True, 'skip_holidays': False}"
20,3346,179468,1.118,89851,2.0,49.6,0.059,13.2,222.2,0.51,0.78,905,3,1,"{'or_bars': 3, 'trade_mode': 'Both', 'stop_frac': 2.0, 'vpace_filter': 0.6, 'breakout_buf': 0.5, 'close_confirm': False, 'partial_exit_R': 1.0, 'trail_bars': 0, 'be_after_R': 2.3, 'atr_filter': 0.6, 'target_R': 6.5, 'flat_eod': False, 'skip_holidays': False}"
21,2540,157797,1.132,28288,5.58,41.3,0.077,13.1,168.7,0.51,0.91,803,5,2,"{'or_bars': 2, 'trade_mode': 'First-candle dir', 'stop_frac': 1.25, 'vpace_filter': 0.9, 'breakout_buf': 0.1, 'close_confirm': False, 'partial_exit_R': 3.0, 'trail_bars': 3, 'be_after_R': 2.0, 'atr_filter': 0.0, 'target_R': 2.5, 'flat_eod': True, 'skip_holidays': False}"
22,2441,110833,1.136,46341,2.39,41.1,0.08,12.9,162.1,0.49,0.89,568,4,1,"{'or_bars': 12, 'trade_mode': 'First-candle dir', 'stop_frac': 0.5, 'vpace_filter': 0.3, 'breakout_buf': 0.15, 'close_confirm': False, 'partial_exit_R': 5.5, 'trail_bars': 20, 'be_after_R': 2.7, 'atr_filter': 0.6, 'target_R': 4.0, 'flat_eod': True, 'skip_holidays': False}"
23,3143,175495,1.123,53642,3.27,50.0,0.061,12.8,208.8,0.49,0.76,909,4,1,"{'or_bars': 4, 'trade_mode': 'Both', 'stop_frac': 2.25, 'vpace_filter': 0.7, 'breakout_buf': 0.4, 'close_confirm': True, 'partial_exit_R': 3.5, 'trail_bars': 11, 'be_after_R': 2.3, 'atr_filter': 0.2, 'target_R': 7.5, 'flat_eod': False, 'skip_holidays': False}"
24,1948,134755,1.186,20005,6.74,47.7,0.097,12.6,129.4,0.52,0.91,710,5,2,"{'or_bars': 4, 'trade_mode': 'Long Only', 'stop_frac': 1.5, 'vpace_filter': 0.7, 'breakout_buf': 0.45, 'close_confirm': False, 'partial_exit_R': 5.0, 'trail_bars': 4, 'be_after_R': 0.7, 'atr_filter': 0.3, 'target_R': 6.0, 'flat_eod': True, 'skip_holidays': False}"
25,1596,173801,1.231,27402,6.34,49.2,0.117,12.4,106.0,0.62,0.96,930,4,2,"{'or_bars': 4, 'trade_mode': 'Both', 'stop_frac': 2.5, 'vpace_filter': 1.1, 'breakout_buf': 0.45, 'close_confirm': False, 'partial_exit_R': 3.0, 'trail_bars': 18, 'be_after_R': 0.7, 'atr_filter': 0.0, 'target_R': 8.0, 'flat_eod': False, 'skip_holidays': True}"
26,1626,178997,1.232,31621,5.66,50.9,0.114,12.3,108.0,0.66,1.09,967,6,2,"{'or_bars': 2, 'trade_mode': 'First-candle dir', 'stop_frac': 2.25, 'vpace_filter': 1.0, 'breakout_buf': 0.35, 'close_confirm': True, 'partial_exit_R': 2.0, 'trail_bars': 12, 'be_after_R': 2.2, 'atr_filter': 0.1, 'target_R': 4.5, 'flat_eod': True, 'skip_holidays': True}"
27,2029,111137,1.153,46206,2.41,40.0,0.092,12.3,134.8,0.51,0.96,598,5,1,"{'or_bars': 10, 'trade_mode': 'First-candle dir', 'stop_frac': 0.5, 'vpace_filter': 0.8, 'breakout_buf': 0.05, 'close_confirm': True, 'partial_exit_R': 5.5, 'trail_bars': 14, 'be_after_R': 3.4, 'atr_filter': 0.7, 'target_R': 5.5, 'flat_eod': True, 'skip_holidays': True}"
28,1255,43320,1.166,42222,1.03,15.3,0.14,11.7,83.4,0.26,0.5,246,4,2,"{'or_bars': 5, 'trade_mode': 'Short Only', 'stop_frac': 1.25, 'vpace_filter': 0.9, 'breakout_buf': 0.4, 'close_confirm': True, 'partial_exit_R': 5.5, 'trail_bars': 1, 'be_after_R': 0.1, 'atr_filter': 0.7, 'target_R': 4.5, 'flat_eod': True, 'skip_holidays': False}"
29,1840,161844,1.196,37536,4.31,51.0,0.096,11.7,122.2,0.56,0.93,916,4,2,"{'or_bars': 12, 'trade_mode': 'First-candle dir', 'stop_frac': 1.25, 'vpace_filter': 0.9, 'breakout_buf': 0.0, 'close_confirm': True, 'partial_exit_R': 5.0, 'trail_bars': 11, 'be_after_R': 2.2, 'atr_filter': 0.6, 'target_R': 7.5, 'flat_eod': False, 'skip_holidays': True}"
30,1364,102079,1.198,27774,3.68,36.3,0.126,11.4,90.6,0.45,1.05,594,6,1,"{'or_bars': 3, 'trade_mode': 'First-candle dir', 'stop_frac': 0.75, 'vpace_filter': 0.7, 'breakout_buf': 0.5, 'close_confirm': False, 'partial_exit_R': 5.5, 'trail_bars': 2, 'be_after_R': 2.2, 'atr_filter': 1.0, 'target_R': 0.0, 'flat_eod': False, 'skip_holidays': False}"
31,2610,152115,1.135,36576,4.16,52.8,0.064,11.1,173.4,0.45,0.69,913,5,2,"{'or_bars': 5, 'trade_mode': 'Long Only', 'stop_frac': 2.5, 'vpace_filter': 0.4, 'breakout_buf': 0.1, 'close_confirm': False, 'partial_exit_R': 5.0, 'trail_bars': 13, 'be_after_R': 0.6, 'atr_filter': 0.2, 'target_R': 2.5, 'flat_eod': False, 'skip_holidays': True}"
32,3065,141745,1.093,88891,1.59,42.4,0.054,10.9,203.6,0.38,0.68,861,3,1,"{'or_bars': 3, 'trade_mode': 'Both', 'stop_frac': 1.25, 'vpace_filter': 0.3, 'breakout_buf': 0.2, 'close_confirm': False, 'partial_exit_R': 4.0, 'trail_bars': 20, 'be_after_R': 2.2, 'atr_filter': 0.8, 'target_R': 5.5, 'flat_eod': True, 'skip_holidays': False}"
33,2990,142037,1.102,39962,3.55,46.6,0.054,10.8,198.6,0.38,0.59,874,4,1,"{'or_bars': 5, 'trade_mode': 'Both', 'stop_frac': 2.25, 'vpace_filter': 0.8, 'breakout_buf': 0.25, 'close_confirm': True, 'partial_exit_R': 5.0, 'trail_bars': 19, 'be_after_R': 0.5, 'atr_filter': 0.2, 'target_R': 2.0, 'flat_eod': True, 'skip_holidays': False}"
34,2597,160383,1.116,113894,1.41,46.0,0.063,10.8,172.5,0.43,0.7,983,5,1,"{'or_bars': 3, 'trade_mode': 'Both', 'stop_frac': 1.75, 'vpace_filter': 0.4, 'breakout_buf': 0.0, 'close_confirm': True, 'partial_exit_R': 2.0, 'trail_bars': 19, 'be_after_R': 1.0, 'atr_filter': 0.9, 'target_R': 6.0, 'flat_eod': False, 'skip_holidays': True}"
35,1415,79294,1.229,14265,5.56,50.2,0.114,10.7,94.0,0.62,1.08,491,6,3,"{'or_bars': 1, 'trade_mode': 'First-candle dir', 'stop_frac': 1.0, 'vpace_filter': 1.1, 'breakout_buf': 0.3, 'close_confirm': True, 'partial_exit_R': 1.0, 'trail_bars': 18, 'be_after_R': 0.7, 'atr_filter': 0.3, 'target_R': 4.0, 'flat_eod': True, 'skip_holidays': True}"
36,3476,137451,1.086,40845,3.37,47.0,0.046,10.6,230.9,0.38,0.62,864,4,2,"{'or_bars': 9, 'trade_mode': 'Both', 'stop_frac': 1.0, 'vpace_filter': 0.7, 'breakout_buf': 0.0, 'close_confirm': False, 'partial_exit_R': 4.0, 'trail_bars': 14, 'be_after_R': 3.8, 'atr_filter': 0.1, 'target_R': 3.5, 'flat_eod': True, 'skip_holidays': False}"
37,1927,130016,1.155,27932,4.65,46.4,0.083,10.6,128.0,0.47,0.84,811,6,2,"{'or_bars': 4, 'trade_mode': 'First-candle dir', 'stop_frac': 1.25, 'vpace_filter': 0.8, 'breakout_buf': 0.45, 'close_confirm': True, 'partial_exit_R': 3.5, 'trail_bars': 20, 'be_after_R': 1.4, 'atr_filter': 0.2, 'target_R': 5.5, 'flat_eod': False, 'skip_holidays': True}"
38,2506,151693,1.125,45468,3.34,49.0,0.064,10.6,166.4,0.44,0.73,952,4,1,"{'or_bars': 5, 'trade_mode': 'Both', 'stop_frac': 1.75, 'vpace_filter': 0.9, 'breakout_buf': 0.4, 'close_confirm': False, 'partial_exit_R': 6.0, 'trail_bars': 2, 'be_after_R': 2.8, 'atr_filter': 0.0, 'target_R': 4.0, 'flat_eod': False, 'skip_holidays': False}"
39,1793,42926,1.115,38399,1.12,22.3,0.089,10.6,119.1,0.23,0.72,268,4,1,"{'or_bars': 12, 'trade_mode': 'Both', 'stop_frac': 1.25, 'vpace_filter': 0.8, 'breakout_buf': 0.4, 'close_confirm': False, 'partial_exit_R': 0.0, 'trail_bars': 20, 'be_after_R': 2.9, 'atr_filter': 0.8, 'target_R': 5.5, 'flat_eod': True, 'skip_holidays': False}"
40,2499,123961,1.125,42044,2.95,49.1,0.063,10.5,166.0,0.44,0.72,783,5,1,"{'or_bars': 11, 'trade_mode': 'Both', 'stop_frac': 1.0, 'vpace_filter': 0.8, 'breakout_buf': 0.3, 'close_confirm': False, 'partial_exit_R': 4.0, 'trail_bars': 9, 'be_after_R': 3.2, 'atr_filter': 0.0, 'target_R': 2.5, 'flat_eod': True, 'skip_holidays': False}"
41,3450,140194,1.089,84757,1.65,48.8,0.046,10.5,229.1,0.37,0.58,891,4,1,"{'or_bars': 5, 'trade_mode': 'Both', 'stop_frac': 1.75, 'vpace_filter': 0.0, 'breakout_buf': 0.25, 'close_confirm': True, 'partial_exit_R': 6.0, 'trail_bars': 19, 'be_after_R': 4.0, 'atr_filter': 0.4, 'target_R': 3.0, 'flat_eod': False, 'skip_holidays': True}"
42,2278,114672,1.111,50637,2.26,38.3,0.069,10.4,151.3,0.37,0.66,733,3,2,"{'or_bars': 2, 'trade_mode': 'Short Only', 'stop_frac': 1.75, 'vpace_filter': 0.5, 'breakout_buf': 0.5, 'close_confirm': False, 'partial_exit_R': 3.0, 'trail_bars': 6, 'be_after_R': 1.0, 'atr_filter': 0.0, 'target_R': 5.5, 'flat_eod': True, 'skip_holidays': True}"
43,1484,108471,1.18,43056,2.52,42.2,0.104,10.3,98.6,0.44,0.67,702,4,2,"{'or_bars': 4, 'trade_mode': 'Both', 'stop_frac': 2.5, 'vpace_filter': 1.1, 'breakout_buf': 0.45, 'close_confirm': True, 'partial_exit_R': 5.5, 'trail_bars': 12, 'be_after_R': 0.3, 'atr_filter': 0.0, 'target_R': 4.0, 'flat_eod': True, 'skip_holidays': True}"
44,371,50966,1.597,10516,4.85,30.7,0.414,10.2,24.6,0.46,0.9,332,5,1,"{'or_bars': 10, 'trade_mode': 'First-candle dir', 'stop_frac': 1.75, 'vpace_filter': 1.0, 'breakout_buf': 0.35, 'close_confirm': False, 'partial_exit_R': 3.0, 'trail_bars': 10, 'be_after_R': 0.1, 'atr_filter': 1.3, 'target_R': 5.5, 'flat_eod': True, 'skip_holidays': False}"
45,2810,133445,1.101,36237,3.68,46.9,0.054,10.0,186.6,0.41,0.65,883,7,2,"{'or_bars': 1, 'trade_mode': 'First-candle dir', 'stop_frac': 2.5, 'vpace_filter': 0.6, 'breakout_buf': 0.4, 'close_confirm': True, 'partial_exit_R': 4.0, 'trail_bars': 8, 'be_after_R': 1.2, 'atr_filter': 0.4, 'target_R': 2.0, 'flat_eod': False, 'skip_holidays': False}"
46,1443,85408,1.204,22204,3.85,50.0,0.102,9.8,95.8,0.45,0.92,580,7,1,"{'or_bars': 11, 'trade_mode': 'Long Only', 'stop_frac': 0.75, 'vpace_filter': 0.5, 'breakout_buf': 0.4, 'close_confirm': False, 'partial_exit_R': 5.5, 'trail_bars': 14, 'be_after_R': 2.4, 'atr_filter': 0.3, 'target_R': 7.5, 'flat_eod': False, 'skip_holidays': True}"
47,1423,91093,1.152,37700,2.42,31.7,0.104,9.8,94.5,0.38,0.64,617,5,2,"{'or_bars': 1, 'trade_mode': 'Short Only', 'stop_frac': 2.5, 'vpace_filter': 1.1, 'breakout_buf': 0.5, 'close_confirm': False, 'partial_exit_R': 6.0, 'trail_bars': 20, 'be_after_R': 0.5, 'atr_filter': 0.0, 'target_R': 5.5, 'flat_eod': False, 'skip_holidays': False}"
48,3405,76123,1.072,47709,1.6,40.3,0.043,9.7,226.2,0.33,0.57,523,4,1,"{'or_bars': 7, 'trade_mode': 'Both', 'stop_frac': 0.5, 'vpace_filter': 0.1, 'breakout_buf': 0.15, 'close_confirm': True, 'partial_exit_R': 2.0, 'trail_bars': 18, 'be_after_R': 2.0, 'atr_filter': 0.6, 'target_R': 5.0, 'flat_eod': False, 'skip_holidays': False}"
49,2401,118090,1.121,61240,1.93,50.0,0.06,9.6,159.5,0.37,0.56,815,4,1,"{'or_bars': 12, 'trade_mode': 'First-candle dir', 'stop_frac': 2.25, 'vpace_filter': 0.0, 'breakout_buf': 0.1, 'close_confirm': True, 'partial_exit_R': 5.5, 'trail_bars': 9, 'be_after_R': 0.4, 'atr_filter': 0.0, 'target_R': 5.5, 'flat_eod': True, 'skip_holidays': True}"
50,2149,60590,1.144,14896,4.07,55.0,0.065,9.2,142.7,0.47,0.68,436,5,2,"{'or_bars': 11, 'trade_mode': 'First-candle dir', 'stop_frac': 0.5, 'vpace_filter': 0.1, 'breakout_buf': 0.2, 'close_confirm': True, 'partial_exit_R': 0.5, 'trail_bars': 18, 'be_after_R': 2.2, 'atr_filter': 0.6, 'target_R': 3.0, 'flat_eod': False, 'skip_holidays': False}"
51,1616,108508,1.16,28938,3.75,47.3,0.085,9.1,107.3,0.44,0.74,795,6,2,"{'or_bars': 7, 'trade_mode': 'First-candle dir', 'stop_frac': 1.0, 'vpace_filter': 0.9, 'breakout_buf': 0.25, 'close_confirm': True, 'partial_exit_R': 4.0, 'trail_bars': 1, 'be_after_R': 1.2, 'atr_filter': 0.6, 'target_R': 5.5, 'flat_eod': False, 'skip_holidays': True}"
52,2709,48260,1.07,28425,1.7,27.9,0.05,9.1,179.9,0.26,0.47,354,4,1,"{'or_bars': 6, 'trade_mode': 'First-candle dir', 'stop_frac': 0.5, 'vpace_filter': 0.6, 'breakout_buf': 0.1, 'close_confirm': True, 'partial_exit_R': 5.5, 'trail_bars': 0, 'be_after_R': 0.8, 'atr_filter': 0.1, 'target_R': 2.5, 'flat_eod': False, 'skip_holidays': False}"
53,2397,127380,1.119,60127,2.12,51.8,0.057,9.1,159.2,0.38,0.57,929,5,1,"{'or_bars': 10, 'trade_mode': 'First-candle dir', 'stop_frac': 2.5, 'vpace_filter': 0.1, 'breakout_buf': 0.05, 'close_confirm': True, 'partial_exit_R': 5.0, 'trail_bars': 11, 'be_after_R': 3.8, 'atr_filter': 0.7, 'target_R': 4.0, 'flat_eod': True, 'skip_holidays': True}"
54,1862,70891,1.118,32761,2.16,37.9,0.073,9.0,123.7,0.33,0.5,520,5,2,"{'or_bars': 7, 'trade_mode': 'Long Only', 'stop_frac': 1.25, 'vpace_filter': 0.8, 'breakout_buf': 0.1, 'close_confirm': False, 'partial_exit_R': 2.5, 'trail_bars': 18, 'be_after_R': 0.3, 'atr_filter': 0.7, 'target_R': 1.5, 'flat_eod': True, 'skip_holidays': False}"
55,1950,118261,1.158,35879,3.3,56.8,0.068,8.9,129.5,0.5,0.72,886,5,1,"{'or_bars': 8, 'trade_mode': 'Both', 'stop_frac': 1.75, 'vpace_filter': 0.9, 'breakout_buf': 0.5, 'close_confirm': False, 'partial_exit_R': 0.5, 'trail_bars': 18, 'be_after_R': 3.0, 'atr_filter': 0.2, 'target_R': 3.5, 'flat_eod': False, 'skip_holidays': False}"
56,1647,81333,1.204,18275,4.45,60.0,0.082,8.9,109.4,0.58,0.9,606,3,2,"{'or_bars': 3, 'trade_mode': 'First-candle dir', 'stop_frac': 1.0, 'vpace_filter': 0.9, 'breakout_buf': 0.5, 'close_confirm': True, 'partial_exit_R': 0.5, 'trail_bars': 10, 'be_after_R': 1.7, 'atr_filter': 0.6, 'target_R': 6.0, 'flat_eod': True, 'skip_holidays': True}"
57,1887,97010,1.138,48301,2.01,51.6,0.067,8.4,125.3,0.38,0.6,770,3,1,"{'or_bars': 9, 'trade_mode': 'Long Only', 'stop_frac': 1.75, 'vpace_filter': 0.0, 'breakout_buf': 0.15, 'close_confirm': True, 'partial_exit_R': 6.0, 'trail_bars': 7, 'be_after_R': 3.0, 'atr_filter': 0.7, 'target_R': 8.0, 'flat_eod': True, 'skip_holidays': False}"
58,1585,128439,1.167,37646,3.41,52.7,0.079,8.3,105.3,0.49,0.72,1025,5,1,"{'or_bars': 2, 'trade_mode': 'First-candle dir', 'stop_frac': 2.5, 'vpace_filter': 0.0, 'breakout_buf': 0.45, 'close_confirm': False, 'partial_exit_R': 4.5, 'trail_bars': 9, 'be_after_R': 0.7, 'atr_filter': 1.0, 'target_R': 1.0, 'flat_eod': False, 'skip_holidays': False}"
59,1999,40646,1.082,26789,1.52,24.2,0.062,8.3,132.8,0.23,0.54,326,4,2,"{'or_bars': 3, 'trade_mode': 'Short Only', 'stop_frac': 1.75, 'vpace_filter': 0.7, 'breakout_buf': 0.35, 'close_confirm': False, 'partial_exit_R': 0.0, 'trail_bars': 16, 'be_after_R': 0.7, 'atr_filter': 0.7, 'target_R': 2.0, 'flat_eod': False, 'skip_holidays': False}"
60,832,110112,1.294,18686,5.89,49.6,0.148,8.2,55.3,0.56,0.96,895,5,2,"{'or_bars': 3, 'trade_mode': 'First-candle dir', 'stop_frac': 1.75, 'vpace_filter': 1.2, 'breakout_buf': 0.3, 'close_confirm': True, 'partial_exit_R': 6.0, 'trail_bars': 2, 'be_after_R': 3.6, 'atr_filter': 0.5, 'target_R': 6.0, 'flat_eod': False, 'skip_holidays': True}"
61,1820,100028,1.132,37869,2.64,49.8,0.066,8.0,120.9,0.38,0.59,829,5,1,"{'or_bars': 9, 'trade_mode': 'First-candle dir', 'stop_frac': 1.75, 'vpace_filter': 0.8, 'breakout_buf': 0.25, 'close_confirm': True, 'partial_exit_R': 2.5, 'trail_bars': 18, 'be_after_R': 0.6, 'atr_filter': 0.5, 'target_R': 4.5, 'flat_eod': True, 'skip_holidays': True}"
62,2035,101092,1.124,31855,3.17,52.2,0.059,8.0,135.2,0.38,0.6,841,4,2,"{'or_bars': 7, 'trade_mode': 'Long Only', 'stop_frac': 1.5, 'vpace_filter': 0.7, 'breakout_buf': 0.1, 'close_confirm': True, 'partial_exit_R': 3.0, 'trail_bars': 18, 'be_after_R': 2.2, 'atr_filter': 0.6, 'target_R': 2.5, 'flat_eod': True, 'skip_holidays': False}"
63,1101,85839,1.189,16659,5.15,42.7,0.109,7.9,73.1,0.44,0.75,718,5,2,"{'or_bars': 10, 'trade_mode': 'Short Only', 'stop_frac': 1.0, 'vpace_filter': 0.9, 'breakout_buf': 0.4, 'close_confirm': False, 'partial_exit_R': 4.5, 'trail_bars': 20, 'be_after_R': 1.2, 'atr_filter': 0.6, 'target_R': 3.5, 'flat_eod': True, 'skip_holidays': False}"
64,1897,97079,1.128,41924,2.32,51.8,0.062,7.8,126.0,0.37,0.58,827,4,1,"{'or_bars': 9, 'trade_mode': 'First-candle dir', 'stop_frac': 1.75, 'vpace_filter': 0.4, 'breakout_buf': 0.3, 'close_confirm': True, 'partial_exit_R': 3.5, 'trail_bars': 9, 'be_after_R': 1.9, 'atr_filter': 0.7, 'target_R': 0.0, 'flat_eod': True, 'skip_holidays': False}"
65,1759,115602,1.139,45773,2.53,52.1,0.066,7.7,116.8,0.38,0.58,991,6,1,"{'or_bars': 10, 'trade_mode': 'Both', 'stop_frac': 2.25, 'vpace_filter': 0.7, 'breakout_buf': 0.2, 'close_confirm': False, 'partial_exit_R': 6.0, 'trail_bars': 15, 'be_after_R': 3.1, 'atr_filter': 1.0, 'target_R': 1.5, 'flat_eod': False, 'skip_holidays': True}"
66,2612,106096,1.087,33390,3.18,50.1,0.044,7.6,173.5,0.35,0.54,932,6,2,"{'or_bars': 1, 'trade_mode': 'Long Only', 'stop_frac': 2.5, 'vpace_filter': 0.7, 'breakout_buf': 0.45, 'close_confirm': False, 'partial_exit_R': 1.5, 'trail_bars': 7, 'be_after_R': 1.9, 'atr_filter': 0.6, 'target_R': 7.0, 'flat_eod': False, 'skip_holidays': False}"
67,2264,94578,1.109,47280,2.0,53.4,0.051,7.6,150.4,0.36,0.53,824,4,2,"{'or_bars': 10, 'trade_mode': 'Long Only', 'stop_frac': 1.5, 'vpace_filter': 0.2, 'breakout_buf': 0.1, 'close_confirm': False, 'partial_exit_R': 1.5, 'trail_bars': 2, 'be_after_R': 4.0, 'atr_filter': 0.2, 'target_R': 8.0, 'flat_eod': True, 'skip_holidays': False}"
68,1803,89134,1.108,37641,2.37,42.2,0.063,7.5,119.8,0.33,0.6,789,5,2,"{'or_bars': 3, 'trade_mode': 'Short Only', 'stop_frac': 1.5, 'vpace_filter': 0.6, 'breakout_buf': 0.5, 'close_confirm': True, 'partial_exit_R': 4.5, 'trail_bars': 5, 'be_after_R': 3.6, 'atr_filter': 0.3, 'target_R': 0.0, 'flat_eod': False, 'skip_holidays': True}"
69,1257,120243,1.19,30009,4.01,52.5,0.09,7.5,83.5,0.47,0.69,1062,5,2,"{'or_bars': 11, 'trade_mode': 'First-candle dir', 'stop_frac': 2.5, 'vpace_filter': 1.0, 'breakout_buf': 0.0, 'close_confirm': False, 'partial_exit_R': 2.5, 'trail_bars': 10, 'be_after_R': 1.1, 'atr_filter': 0.9, 'target_R': 0.0, 'flat_eod': False, 'skip_holidays': True}"
70,2072,92237,1.114,48279,1.91,52.2,0.054,7.5,137.6,0.34,0.54,819,4,2,"{'or_bars': 5, 'trade_mode': 'Long Only', 'stop_frac': 1.75, 'vpace_filter': 0.1, 'breakout_buf': 0.3, 'close_confirm': True, 'partial_exit_R': 6.0, 'trail_bars': 13, 'be_after_R': 3.6, 'atr_filter': 0.4, 'target_R': 5.5, 'flat_eod': False, 'skip_holidays': False}"
71,3200,112217,1.087,54745,2.05,60.2,0.035,7.4,212.5,0.38,0.51,1008,4,1,"{'or_bars': 2, 'trade_mode': 'First-candle dir', 'stop_frac': 2.25, 'vpace_filter': 0.0, 'breakout_buf': 0.0, 'close_confirm': True, 'partial_exit_R': 0.5, 'trail_bars': 12, 'be_after_R': 0.5, 'atr_filter': 0.0, 'target_R': 4.0, 'flat_eod': False, 'skip_holidays': False}"
72,949,73359,1.192,18301,4.01,38.6,0.118,7.4,63.0,0.44,0.83,657,6,3,"{'or_bars': 2, 'trade_mode': 'Short Only', 'stop_frac': 1.0, 'vpace_filter': 1.2, 'breakout_buf': 0.2, 'close_confirm': True, 'partial_exit_R': 5.0, 'trail_bars': 4, 'be_after_R': 2.6, 'atr_filter': 0.3, 'target_R': 2.5, 'flat_eod': False, 'skip_holidays': False}"
73,3618,103021,1.059,122178,0.84,49.1,0.03,7.2,240.3,0.26,0.39,946,2,1,"{'or_bars': 5, 'trade_mode': 'Both', 'stop_frac': 2.0, 'vpace_filter': 0.1, 'breakout_buf': 0.25, 'close_confirm': False, 'partial_exit_R': 1.5, 'trail_bars': 10, 'be_after_R': 2.7, 'atr_filter': 0.5, 'target_R': 5.0, 'flat_eod': True, 'skip_holidays': False}"
74,1049,71887,1.162,48699,1.48,36.6,0.103,7.2,69.7,0.35,0.62,666,3,3,"{'or_bars': 1, 'trade_mode': 'Both', 'stop_frac': 2.25, 'vpace_filter': 1.3, 'breakout_buf': 0.5, 'close_confirm': False, 'partial_exit_R': 4.0, 'trail_bars': 6, 'be_after_R': 0.7, 'atr_filter': 0.5, 'target_R': 5.0, 'flat_eod': False, 'skip_holidays': True}"
75,1413,72810,1.156,21953,3.32,52.5,0.074,7.0,93.8,0.37,0.6,695,4,1,"{'or_bars': 12, 'trade_mode': 'Long Only', 'stop_frac': 1.25, 'vpace_filter': 0.6, 'breakout_buf': 0.25, 'close_confirm': True, 'partial_exit_R': 2.5, 'trail_bars': 14, 'be_after_R': 2.0, 'atr_filter': 0.7, 'target_R': 5.5, 'flat_eod': True, 'skip_holidays': True}"
76,2236,95749,1.096,40595,2.36,51.2,0.047,7.0,148.5,0.32,0.49,913,3,1,"{'or_bars': 7, 'trade_mode': 'First-candle dir', 'stop_frac': 1.5, 'vpace_filter': 0.3, 'breakout_buf': 0.2, 'close_confirm': True, 'partial_exit_R': 5.5, 'trail_bars': 12, 'be_after_R': 4.0, 'atr_filter': 0.7, 'target_R': 2.0, 'flat_eod': True, 'skip_holidays': False}"
77,1668,24233,1.074,25481,0.95,15.3,0.063,6.9,110.8,0.18,0.38,232,3,2,"{'or_bars': 3, 'trade_mode': 'Short Only', 'stop_frac': 0.5, 'vpace_filter': 0.8, 'breakout_buf': 0.35, 'close_confirm': False, 'partial_exit_R': 4.0, 'trail_bars': 20, 'be_after_R': 0.3, 'atr_filter': 0.8, 'target_R': 4.5, 'flat_eod': False, 'skip_holidays': False}"
78,2105,102006,1.104,36307,2.81,52.9,0.049,6.9,139.8,0.33,0.52,988,4,2,"{'or_bars': 4, 'trade_mode': 'Long Only', 'stop_frac': 2.0, 'vpace_filter': 0.8, 'breakout_buf': 0.2, 'close_confirm': False, 'partial_exit_R': 3.5, 'trail_bars': 4, 'be_after_R': 1.5, 'atr_filter': 0.5, 'target_R': 7.0, 'flat_eod': False, 'skip_holidays': False}"
79,2352,93321,1.091,60113,1.55,51.6,0.044,6.9,156.2,0.32,0.49,902,3,2,"{'or_bars': 6, 'trade_mode': 'Long Only', 'stop_frac': 1.5, 'vpace_filter': 0.2, 'breakout_buf': 0.1, 'close_confirm': False, 'partial_exit_R': 2.0, 'trail_bars': 11, 'be_after_R': 2.2, 'atr_filter': 0.7, 'target_R': 0.0, 'flat_eod': True, 'skip_holidays': False}"
80,1474,103858,1.139,40252,2.58,50.2,0.069,6.8,97.9,0.38,0.61,1015,6,2,"{'or_bars': 4, 'trade_mode': 'First-candle dir', 'stop_frac': 2.25, 'vpace_filter': 1.0, 'breakout_buf': 0.45, 'close_confirm': False, 'partial_exit_R': 5.5, 'trail_bars': 2, 'be_after_R': 3.3, 'atr_filter': 0.4, 'target_R': 0.0, 'flat_eod': False, 'skip_holidays': True}"
81,1011,88019,1.192,25966,3.39,46.9,0.102,6.8,67.1,0.41,0.63,853,5,2,"{'or_bars': 11, 'trade_mode': 'Short Only', 'stop_frac': 2.5, 'vpace_filter': 1.0, 'breakout_buf': 0.25, 'close_confirm': False, 'partial_exit_R': 3.0, 'trail_bars': 8, 'be_after_R': 0.7, 'atr_filter': 0.7, 'target_R': 8.0, 'flat_eod': True, 'skip_holidays': False}"
82,3475,82207,1.057,71163,1.16,48.0,0.03,6.8,230.8,0.22,0.33,800,3,1,"{'or_bars': 12, 'trade_mode': 'Both', 'stop_frac': 2.0, 'vpace_filter': 0.5, 'breakout_buf': 0.0, 'close_confirm': True, 'partial_exit_R': 6.0, 'trail_bars': 16, 'be_after_R': 0.4, 'atr_filter': 0.1, 'target_R': 5.5, 'flat_eod': False, 'skip_holidays': True}"
83,1458,82540,1.141,58641,1.41,50.9,0.069,6.7,96.8,0.34,0.53,820,4,2,"{'or_bars': 10, 'trade_mode': 'First-candle dir', 'stop_frac': 2.5, 'vpace_filter': 0.8, 'breakout_buf': 0.4, 'close_confirm': True, 'partial_exit_R': 5.0, 'trail_bars': 7, 'be_after_R': 2.9, 'atr_filter': 0.5, 'target_R': 8.0, 'flat_eod': True, 'skip_holidays': True}"
84,2670,49707,1.058,19512,2.55,34.8,0.038,6.7,177.3,0.24,0.44,491,5,2,"{'or_bars': 2, 'trade_mode': 'Long Only', 'stop_frac': 0.75, 'vpace_filter': 0.6, 'breakout_buf': 0.1, 'close_confirm': True, 'partial_exit_R': 5.0, 'trail_bars': 16, 'be_after_R': 2.5, 'atr_filter': 0.0, 'target_R': 3.0, 'flat_eod': False, 'skip_holidays': True}"
85,1580,77025,1.115,35106,2.19,44.6,0.064,6.7,104.9,0.32,0.54,766,3,2,"{'or_bars': 9, 'trade_mode': 'Short Only', 'stop_frac': 1.25, 'vpace_filter': 0.2, 'breakout_buf': 0.35, 'close_confirm': False, 'partial_exit_R': 4.0, 'trail_bars': 6, 'be_after_R': 3.7, 'atr_filter': 0.1, 'target_R': 4.5, 'flat_eod': True, 'skip_holidays': False}"
86,2197,90682,1.087,31002,2.93,47.2,0.046,6.7,145.9,0.31,0.49,900,5,2,"{'or_bars': 7, 'trade_mode': 'Both', 'stop_frac': 1.0, 'vpace_filter': 1.0, 'breakout_buf': 0.05, 'close_confirm': True, 'partial_exit_R': 2.0, 'trail_bars': 20, 'be_after_R': 3.3, 'atr_filter': 0.5, 'target_R': 3.0, 'flat_eod': True, 'skip_holidays': False}"
87,2492,90612,1.08,63994,1.42,50.0,0.04,6.6,165.5,0.28,0.44,912,5,1,"{'or_bars': 8, 'trade_mode': 'First-candle dir', 'stop_frac': 1.5, 'vpace_filter': 0.1, 'breakout_buf': 0.05, 'close_confirm': True, 'partial_exit_R': 2.5, 'trail_bars': 16, 'be_after_R': 1.4, 'atr_filter': 0.7, 'target_R': 4.5, 'flat_eod': True, 'skip_holidays': True}"
88,1244,35516,1.103,43382,0.82,21.9,0.08,6.6,82.6,0.21,0.46,357,4,1,"{'or_bars': 11, 'trade_mode': 'Short Only', 'stop_frac': 0.5, 'vpace_filter': 0.6, 'breakout_buf': 0.15, 'close_confirm': False, 'partial_exit_R': 6.0, 'trail_bars': 15, 'be_after_R': 0.6, 'atr_filter': 0.9, 'target_R': 8.0, 'flat_eod': False, 'skip_holidays': False}"
89,1545,94185,1.119,39433,2.39,46.0,0.064,6.6,102.6,0.34,0.54,951,4,2,"{'or_bars': 3, 'trade_mode': 'Short Only', 'stop_frac': 2.25, 'vpace_filter': 0.2, 'breakout_buf': 0.45, 'close_confirm': True, 'partial_exit_R': 2.5, 'trail_bars': 11, 'be_after_R': 3.7, 'atr_filter': 0.8, 'target_R': 6.0, 'flat_eod': True, 'skip_holidays': True}"
90,2623,92740,1.074,41032,2.26,49.4,0.037,6.5,174.2,0.29,0.43,948,4,1,"{'or_bars': 9, 'trade_mode': 'Both', 'stop_frac': 1.25, 'vpace_filter': 0.9, 'breakout_buf': 0.1, 'close_confirm': False, 'partial_exit_R': 4.5, 'trail_bars': 12, 'be_after_R': 2.3, 'atr_filter': 0.0, 'target_R': 1.5, 'flat_eod': False, 'skip_holidays': False}"
91,2640,102561,1.086,44487,2.31,57.8,0.036,6.4,175.3,0.34,0.46,1069,5,2,"{'or_bars': 4, 'trade_mode': 'First-candle dir', 'stop_frac': 2.25, 'vpace_filter': 0.7, 'breakout_buf': 0.15, 'close_confirm': False, 'partial_exit_R': 0.5, 'trail_bars': 6, 'be_after_R': 2.4, 'atr_filter': 0.7, 'target_R': 2.5, 'flat_eod': True, 'skip_holidays': False}"
92,1372,73657,1.127,26357,2.79,44.7,0.07,6.4,91.1,0.33,0.56,762,3,1,"{'or_bars': 10, 'trade_mode': 'Short Only', 'stop_frac': 1.25, 'vpace_filter': 0.7, 'breakout_buf': 0.4, 'close_confirm': False, 'partial_exit_R': 5.5, 'trail_bars': 2, 'be_after_R': 2.2, 'atr_filter': 0.5, 'target_R': 7.0, 'flat_eod': False, 'skip_holidays': False}"
93,1410,71566,1.12,29240,2.45,43.8,0.068,6.3,93.6,0.32,0.53,751,3,2,"{'or_bars': 8, 'trade_mode': 'Short Only', 'stop_frac': 1.25, 'vpace_filter': 0.4, 'breakout_buf': 0.4, 'close_confirm': True, 'partial_exit_R': 6.0, 'trail_bars': 9, 'be_after_R': 1.6, 'atr_filter': 0.3, 'target_R': 6.0, 'flat_eod': True, 'skip_holidays': False}"
94,695,82646,1.288,33999,2.43,52.9,0.135,6.3,46.2,0.5,0.75,878,5,2,"{'or_bars': 10, 'trade_mode': 'First-candle dir', 'stop_frac': 2.0, 'vpace_filter': 1.2, 'breakout_buf': 0.15, 'close_confirm': True, 'partial_exit_R': 5.5, 'trail_bars': 19, 'be_after_R': 1.6, 'atr_filter': 0.1, 'target_R': 2.5, 'flat_eod': False, 'skip_holidays': True}"
95,1915,59160,1.104,19157,3.09,54.2,0.048,6.1,127.2,0.32,0.47,649,3,1,"{'or_bars': 8, 'trade_mode': 'Long Only', 'stop_frac': 1.0, 'vpace_filter': 0.3, 'breakout_buf': 0.3, 'close_confirm': False, 'partial_exit_R': 0.5, 'trail_bars': 0, 'be_after_R': 2.0, 'atr_filter': 0.0, 'target_R': 5.0, 'flat_eod': True, 'skip_holidays': True}"
96,1489,96221,1.134,38163,2.52,54.3,0.061,6.0,98.9,0.36,0.53,1057,4,2,"{'or_bars': 4, 'trade_mode': 'Long Only', 'stop_frac': 2.25, 'vpace_filter': 0.2, 'breakout_buf': 0.0, 'close_confirm': True, 'partial_exit_R': 1.0, 'trail_bars': 16, 'be_after_R': 3.7, 'atr_filter': 1.0, 'target_R': 6.5, 'flat_eod': True, 'skip_holidays': False}"
97,1890,69411,1.102,29584,2.35,53.2,0.048,6.0,125.5,0.33,0.48,771,4,2,"{'or_bars': 9, 'trade_mode': 'Long Only', 'stop_frac': 1.25, 'vpace_filter': 0.7, 'breakout_buf': 0.2, 'close_confirm': False, 'partial_exit_R': 1.5, 'trail_bars': 15, 'be_after_R': 3.5, 'atr_filter': 0.2, 'target_R': 1.0, 'flat_eod': False, 'skip_holidays': True}"
98,2286,75748,1.081,32873,2.3,50.8,0.04,6.0,151.8,0.29,0.41,837,3,1,"{'or_bars': 8, 'trade_mode': 'First-candle dir', 'stop_frac': 1.5, 'vpace_filter': 0.6, 'breakout_buf': 0.2, 'close_confirm': True, 'partial_exit_R': 1.5, 'trail_bars': 9, 'be_after_R': 0.7, 'atr_filter': 0.2, 'target_R': 1.0, 'flat_eod': False, 'skip_holidays': True}"
99,870,28257,1.127,46196,0.61,19.4,0.102,5.9,57.8,0.15,0.32,317,3,1,"{'or_bars': 4, 'trade_mode': 'Both', 'stop_frac': 1.5, 'vpace_filter': 0.0, 'breakout_buf': 0.5, 'close_confirm': False, 'partial_exit_R': 5.0, 'trail_bars': 14, 'be_after_R': 0.1, 'atr_filter': 1.3, 'target_R': 2.5, 'flat_eod': False, 'skip_holidays': False}"
100,914,111034,1.22,29241,3.8,56.0,0.097,5.9,60.7,0.5,0.73,1253,6,1,"{'or_bars': 2, 'trade_mode': 'Both', 'stop_frac': 2.25, 'vpace_filter': 1.0, 'breakout_buf': 0.15, 'close_confirm': True, 'partial_exit_R': 5.5, 'trail_bars': 18, 'be_after_R': 2.3, 'atr_filter': 1.2, 'target_R': 1.0, 'flat_eod': True, 'skip_holidays': True}"
101,485,78127,1.42,21199,3.69,56.1,0.184,5.9,32.2,0.56,0.84,873,5,1,"{'or_bars': 11, 'trade_mode': 'First-candle dir', 'stop_frac': 2.5, 'vpace_filter': 1.2, 'breakout_buf': 0.2, 'close_confirm': True, 'partial_exit_R': 0.5, 'trail_bars': 19, 'be_after_R': 2.0, 'atr_filter': 0.9, 'target_R': 0.5, 'flat_eod': True, 'skip_holidays': False}"
102,2852,80124,1.06,53594,1.5,48.4,0.031,5.9,189.4,0.24,0.36,901,3,1,"{'or_bars': 6, 'trade_mode': 'First-candle dir', 'stop_frac': 1.5, 'vpace_filter': 0.1, 'breakout_buf': 0.05, 'close_confirm': True, 'partial_exit_R': 5.0, 'trail_bars': 6, 'be_after_R': 1.4, 'atr_filter': 0.0, 'target_R': 2.5, 'flat_eod': True, 'skip_holidays': True}"
103,1955,68057,1.094,30357,2.24,51.7,0.046,5.9,129.8,0.27,0.44,764,5,2,"{'or_bars': 9, 'trade_mode': 'Long Only', 'stop_frac': 1.25, 'vpace_filter': 0.4, 'breakout_buf': 0.25, 'close_confirm': False, 'partial_exit_R': 5.0, 'trail_bars': 4, 'be_after_R': 0.0, 'atr_filter': 0.4, 'target_R': 6.5, 'flat_eod': False, 'skip_holidays': True}"
104,914,37946,1.134,43948,0.86,27.1,0.098,5.9,60.7,0.22,0.33,425,4,1,"{'or_bars': 12, 'trade_mode': 'Short Only', 'stop_frac': 2.25, 'vpace_filter': 0.7, 'breakout_buf': 0.2, 'close_confirm': False, 'partial_exit_R': 2.5, 'trail_bars': 7, 'be_after_R': 0.1, 'atr_filter': 1.0, 'target_R': 2.0, 'flat_eod': False, 'skip_holidays': True}"
105,2746,65826,1.064,35262,1.87,50.9,0.031,5.7,182.4,0.25,0.35,762,5,1,"{'or_bars': 12, 'trade_mode': 'Both', 'stop_frac': 1.25, 'vpace_filter': 0.6, 'breakout_buf': 0.25, 'close_confirm': True, 'partial_exit_R': 1.0, 'trail_bars': 3, 'be_after_R': 2.5, 'atr_filter': 0.2, 'target_R': 5.5, 'flat_eod': False, 'skip_holidays': True}"
106,2590,85197,1.059,79214,1.08,44.1,0.033,5.7,172.0,0.24,0.4,993,4,1,"{'or_bars': 1, 'trade_mode': 'Both', 'stop_frac': 2.25, 'vpace_filter': 0.5, 'breakout_buf': 0.5, 'close_confirm': False, 'partial_exit_R': 6.0, 'trail_bars': 0, 'be_after_R': 2.7, 'atr_filter': 0.9, 'target_R': 3.0, 'flat_eod': False, 'skip_holidays': True}"
107,656,53843,1.2,50270,1.07,34.8,0.13,5.7,43.6,0.35,0.74,629,4,2,"{'or_bars': 3, 'trade_mode': 'Short Only', 'stop_frac': 0.75, 'vpace_filter': 1.2, 'breakout_buf': 0.1, 'close_confirm': False, 'partial_exit_R': 4.5, 'trail_bars': 19, 'be_after_R': 3.7, 'atr_filter': 1.0, 'target_R': 7.5, 'flat_eod': True, 'skip_holidays': False}"
108,1028,72250,1.167,36902,1.96,51.2,0.082,5.6,68.3,0.35,0.52,860,4,2,"{'or_bars': 12, 'trade_mode': 'First-candle dir', 'stop_frac': 2.25, 'vpace_filter': 1.0, 'breakout_buf': 0.35, 'close_confirm': False, 'partial_exit_R': 5.0, 'trail_bars': 5, 'be_after_R': 2.4, 'atr_filter': 0.7, 'target_R': 7.0, 'flat_eod': True, 'skip_holidays': True}"
109,2493,76843,1.082,35992,2.14,59.0,0.034,5.6,165.6,0.32,0.41,914,3,2,"{'or_bars': 8, 'trade_mode': 'Long Only', 'stop_frac': 1.5, 'vpace_filter': 0.5, 'breakout_buf': 0.0, 'close_confirm': False, 'partial_exit_R': 3.5, 'trail_bars': 8, 'be_after_R': 2.7, 'atr_filter': 0.6, 'target_R': 0.5, 'flat_eod': False, 'skip_holidays': True}"
110,983,64601,1.183,22498,2.87,54.1,0.084,5.5,65.3,0.33,0.57,782,6,1,"{'or_bars': 9, 'trade_mode': 'Long Only', 'stop_frac': 2.0, 'vpace_filter': 0.5, 'breakout_buf': 0.5, 'close_confirm': False, 'partial_exit_R': 3.5, 'trail_bars': 2, 'be_after_R': 2.0, 'atr_filter': 0.9, 'target_R': 6.0, 'flat_eod': False, 'skip_holidays': True}"
111,2199,25019,1.054,23315,1.07,30.1,0.038,5.5,146.1,0.18,0.36,301,4,2,"{'or_bars': 2, 'trade_mode': 'Short Only', 'stop_frac': 1.25, 'vpace_filter': 0.5, 'breakout_buf': 0.35, 'close_confirm': True, 'partial_exit_R': 0.0, 'trail_bars': 6, 'be_after_R': 0.8, 'atr_filter': 0.0, 'target_R': 2.0, 'flat_eod': False, 'skip_holidays': True}"
112,1409,50601,1.092,31486,1.61,39.0,0.056,5.3,93.6,0.25,0.46,639,3,2,"{'or_bars': 8, 'trade_mode': 'Short Only', 'stop_frac': 0.75, 'vpace_filter': 0.4, 'breakout_buf': 0.4, 'close_confirm': True, 'partial_exit_R': 6.0, 'trail_bars': 3, 'be_after_R': 3.8, 'atr_filter': 0.4, 'target_R': 8.0, 'flat_eod': False, 'skip_holidays': False}"
113,1079,48990,1.154,22908,2.14,53.3,0.072,5.2,71.7,0.29,0.49,632,7,1,"{'or_bars': 12, 'trade_mode': 'Long Only', 'stop_frac': 1.5, 'vpace_filter': 0.1, 'breakout_buf': 0.5, 'close_confirm': True, 'partial_exit_R': 2.0, 'trail_bars': 2, 'be_after_R': 3.1, 'atr_filter': 0.3, 'target_R': 5.0, 'flat_eod': False, 'skip_holidays': False}"
114,2307,69910,1.068,42413,1.65,51.5,0.033,5.1,153.2,0.23,0.34,914,4,1,"{'or_bars': 7, 'trade_mode': 'First-candle dir', 'stop_frac': 2.0, 'vpace_filter': 0.2, 'breakout_buf': 0.25, 'close_confirm': True, 'partial_exit_R': 4.0, 'trail_bars': 4, 'be_after_R': 0.0, 'atr_filter': 0.0, 'target_R': 0.0, 'flat_eod': False, 'skip_holidays': True}"
115,1761,19315,1.055,30407,0.64,24.1,0.042,4.9,117.0,0.11,0.31,262,3,1,"{'or_bars': 8, 'trade_mode': 'First-candle dir', 'stop_frac': 2.0, 'vpace_filter': 0.0, 'breakout_buf': 0.4, 'close_confirm': False, 'partial_exit_R': 0.0, 'trail_bars': 20, 'be_after_R': 1.1, 'atr_filter': 0.8, 'target_R': 8.0, 'flat_eod': False, 'skip_holidays': False}"
116,1024,48800,1.134,27493,1.78,46.6,0.072,4.9,68.0,0.31,0.52,666,7,1,"{'or_bars': 9, 'trade_mode': 'First-candle dir', 'stop_frac': 0.75, 'vpace_filter': 0.9, 'breakout_buf': 0.45, 'close_confirm': True, 'partial_exit_R': 2.0, 'trail_bars': 7, 'be_after_R': 1.2, 'atr_filter': 0.8, 'target_R': 4.5, 'flat_eod': False, 'skip_holidays': False}"
117,3559,70668,1.05,133679,0.53,58.6,0.021,4.9,236.4,0.23,0.31,965,2,1,"{'or_bars': 4, 'trade_mode': 'Both', 'stop_frac': 1.75, 'vpace_filter': 0.6, 'breakout_buf': 0.15, 'close_confirm': True, 'partial_exit_R': 0.5, 'trail_bars': 14, 'be_after_R': 3.4, 'atr_filter': 0.4, 'target_R': 8.0, 'flat_eod': True, 'skip_holidays': True}"
118,1109,64370,1.178,25335,2.54,64.5,0.063,4.7,73.7,0.45,0.61,918,7,3,"{'or_bars': 1, 'trade_mode': 'Both', 'stop_frac': 2.25, 'vpace_filter': 1.3, 'breakout_buf': 0.25, 'close_confirm': False, 'partial_exit_R': 0.5, 'trail_bars': 9, 'be_after_R': 0.5, 'atr_filter': 0.4, 'target_R': 1.5, 'flat_eod': True, 'skip_holidays': False}"
119,1668,59178,1.084,47188,1.25,49.9,0.042,4.7,110.8,0.23,0.36,841,4,1,"{'or_bars': 11, 'trade_mode': 'Both', 'stop_frac': 1.75, 'vpace_filter': 0.9, 'breakout_buf': 0.5, 'close_confirm': False, 'partial_exit_R': 2.5, 'trail_bars': 15, 'be_after_R': 3.2, 'atr_filter': 0.6, 'target_R': 2.0, 'flat_eod': True, 'skip_holidays': True}"
120,1595,60386,1.107,43878,1.38,59.1,0.044,4.6,105.9,0.33,0.45,868,5,2,"{'or_bars': 8, 'trade_mode': 'Both', 'stop_frac': 1.25, 'vpace_filter': 1.0, 'breakout_buf': 0.5, 'close_confirm': False, 'partial_exit_R': 0.5, 'trail_bars': 10, 'be_after_R': 2.3, 'atr_filter': 0.4, 'target_R': 2.0, 'flat_eod': True, 'skip_holidays': False}"
121,2843,58853,1.048,46773,1.26,50.0,0.024,4.6,188.8,0.18,0.28,855,4,1,"{'or_bars': 7, 'trade_mode': 'Both', 'stop_frac': 1.75, 'vpace_filter': 0.1, 'breakout_buf': 0.5, 'close_confirm': False, 'partial_exit_R': 2.5, 'trail_bars': 2, 'be_after_R': 2.6, 'atr_filter': 0.4, 'target_R': 5.5, 'flat_eod': False, 'skip_holidays': True}"
122,1602,51275,1.08,38140,1.34,46.5,0.043,4.6,106.4,0.25,0.41,745,5,1,"{'or_bars': 7, 'trade_mode': 'Long Only', 'stop_frac': 0.75, 'vpace_filter': 0.7, 'breakout_buf': 0.1, 'close_confirm': False, 'partial_exit_R': 2.0, 'trail_bars': 15, 'be_after_R': 3.3, 'atr_filter': 0.9, 'target_R': 3.5, 'flat_eod': True, 'skip_holidays': True}"
123,2113,68546,1.075,40260,1.7,55.9,0.033,4.6,140.3,0.26,0.35,983,3,1,"{'or_bars': 8, 'trade_mode': 'First-candle dir', 'stop_frac': 2.0, 'vpace_filter': 0.1, 'breakout_buf': 0.2, 'close_confirm': False, 'partial_exit_R': 0.5, 'trail_bars': 2, 'be_after_R': 3.9, 'atr_filter': 0.8, 'target_R': 4.5, 'flat_eod': False, 'skip_holidays': True}"
124,2468,64480,1.063,61727,1.04,55.6,0.028,4.6,163.9,0.23,0.29,932,4,2,"{'or_bars': 9, 'trade_mode': 'Long Only', 'stop_frac': 2.25, 'vpace_filter': 0.1, 'breakout_buf': 0.0, 'close_confirm': False, 'partial_exit_R': 5.0, 'trail_bars': 8, 'be_after_R': 3.6, 'atr_filter': 0.6, 'target_R': 0.5, 'flat_eod': True, 'skip_holidays': True}"
125,3299,57367,1.042,69455,0.83,50.5,0.021,4.5,219.1,0.17,0.23,845,4,2,"{'or_bars': 12, 'trade_mode': 'Both', 'stop_frac': 2.5, 'vpace_filter': 0.1, 'breakout_buf': 0.1, 'close_confirm': True, 'partial_exit_R': 1.0, 'trail_bars': 8, 'be_after_R': 3.4, 'atr_filter': 0.1, 'target_R': 2.5, 'flat_eod': False, 'skip_holidays': False}"
126,1477,61389,1.093,41080,1.49,51.5,0.045,4.5,98.1,0.23,0.36,916,4,1,"{'or_bars': 9, 'trade_mode': 'Both', 'stop_frac': 2.25, 'vpace_filter': 0.1, 'breakout_buf': 0.5, 'close_confirm': False, 'partial_exit_R': 2.0, 'trail_bars': 18, 'be_after_R': 3.1, 'atr_filter': 1.0, 'target_R': 8.0, 'flat_eod': False, 'skip_holidays': True}"
127,1678,51492,1.086,36304,1.42,52.8,0.04,4.5,111.4,0.24,0.37,759,5,2,"{'or_bars': 8, 'trade_mode': 'Long Only', 'stop_frac': 1.25, 'vpace_filter': 0.2, 'breakout_buf': 0.4, 'close_confirm': False, 'partial_exit_R': 2.0, 'trail_bars': 3, 'be_after_R': 1.5, 'atr_filter': 0.5, 'target_R': 6.5, 'flat_eod': True, 'skip_holidays': True}"
128,2273,62431,1.069,39074,1.6,56.9,0.03,4.5,151.0,0.26,0.34,918,4,2,"{'or_bars': 8, 'trade_mode': 'First-candle dir', 'stop_frac': 1.75, 'vpace_filter': 0.6, 'breakout_buf': 0.3, 'close_confirm': False, 'partial_exit_R': 1.5, 'trail_bars': 15, 'be_after_R': 1.9, 'atr_filter': 0.5, 'target_R': 0.5, 'flat_eod': False, 'skip_holidays': False}"
129,974,66128,1.146,47218,1.4,53.1,0.068,4.4,64.7,0.28,0.46,993,4,1,"{'or_bars': 11, 'trade_mode': 'First-candle dir', 'stop_frac': 1.75, 'vpace_filter': 0.0, 'breakout_buf': 0.2, 'close_confirm': True, 'partial_exit_R': 3.0, 'trail_bars': 10, 'be_after_R': 3.0, 'atr_filter': 1.1, 'target_R': 3.0, 'flat_eod': False, 'skip_holidays': True}"
130,1405,20347,1.063,23044,0.88,25.0,0.047,4.4,93.3,0.14,0.34,308,6,1,"{'or_bars': 5, 'trade_mode': 'First-candle dir', 'stop_frac': 2.25, 'vpace_filter': 0.3, 'breakout_buf': 0.05, 'close_confirm': False, 'partial_exit_R': 0.0, 'trail_bars': 15, 'be_after_R': 0.3, 'atr_filter': 1.1, 'target_R': 1.0, 'flat_eod': False, 'skip_holidays': False}"
131,1521,58734,1.076,37913,1.55,43.1,0.043,4.4,101.0,0.23,0.4,892,6,1,"{'or_bars': 2, 'trade_mode': 'Both', 'stop_frac': 1.25, 'vpace_filter': 0.7, 'breakout_buf': 0.35, 'close_confirm': True, 'partial_exit_R': 5.0, 'trail_bars': 5, 'be_after_R': 3.4, 'atr_filter': 1.1, 'target_R': 3.0, 'flat_eod': False, 'skip_holidays': False}"
132,668,54807,1.196,23476,2.33,50.1,0.097,4.3,44.4,0.35,0.53,842,5,2,"{'or_bars': 10, 'trade_mode': 'Both', 'stop_frac': 1.5, 'vpace_filter': 1.3, 'breakout_buf': 0.2, 'close_confirm': True, 'partial_exit_R': 5.5, 'trail_bars': 20, 'be_after_R': 1.1, 'atr_filter': 0.5, 'target_R': 6.0, 'flat_eod': False, 'skip_holidays': True}"
133,558,66537,1.23,25334,2.63,49.8,0.115,4.3,37.1,0.34,0.65,1034,3,1,"{'or_bars': 11, 'trade_mode': 'First-candle dir', 'stop_frac': 1.0, 'vpace_filter': 0.6, 'breakout_buf': 0.05, 'close_confirm': False, 'partial_exit_R': 3.5, 'trail_bars': 20, 'be_after_R': 3.9, 'atr_filter': 1.4, 'target_R': 5.0, 'flat_eod': False, 'skip_holidays': False}"
134,211,40021,1.547,7681,5.21,44.5,0.303,4.2,14.0,0.39,1.06,626,5,1,"{'or_bars': 3, 'trade_mode': 'Long Only', 'stop_frac': 0.75, 'vpace_filter': 1.1, 'breakout_buf': 0.5, 'close_confirm': True, 'partial_exit_R': 2.5, 'trail_bars': 3, 'be_after_R': 3.9, 'atr_filter': 1.4, 'target_R': 4.5, 'flat_eod': False, 'skip_holidays': True}"
135,2835,61072,1.045,68541,0.89,51.0,0.022,4.2,188.3,0.17,0.25,976,4,1,"{'or_bars': 8, 'trade_mode': 'First-candle dir', 'stop_frac': 2.5, 'vpace_filter': 0.0, 'breakout_buf': 0.1, 'close_confirm': False, 'partial_exit_R': 3.0, 'trail_bars': 10, 'be_after_R': 2.2, 'atr_filter': 0.4, 'target_R': 7.5, 'flat_eod': False, 'skip_holidays': True}"
136,1472,61570,1.086,41014,1.5,50.5,0.042,4.2,97.8,0.24,0.36,985,6,2,"{'or_bars': 8, 'trade_mode': 'First-candle dir', 'stop_frac': 2.0, 'vpace_filter': 1.0, 'breakout_buf': 0.2, 'close_confirm': False, 'partial_exit_R': 4.0, 'trail_bars': 13, 'be_after_R': 0.8, 'atr_filter': 0.0, 'target_R': 3.0, 'flat_eod': False, 'skip_holidays': False}"
137,1368,62848,1.096,34260,1.83,52.3,0.046,4.2,90.9,0.26,0.4,999,3,3,"{'or_bars': 5, 'trade_mode': 'Long Only', 'stop_frac': 1.75, 'vpace_filter': 1.0, 'breakout_buf': 0.1, 'close_confirm': False, 'partial_exit_R': 4.0, 'trail_bars': 9, 'be_after_R': 2.0, 'atr_filter': 0.6, 'target_R': 6.5, 'flat_eod': False, 'skip_holidays': True}"
138,346,48231,1.335,18021,2.68,46.8,0.178,4.1,23.0,0.3,0.75,783,4,1,"{'or_bars': 12, 'trade_mode': 'First-candle dir', 'stop_frac': 0.75, 'vpace_filter': 0.7, 'breakout_buf': 0.4, 'close_confirm': False, 'partial_exit_R': 5.5, 'trail_bars': 10, 'be_after_R': 2.6, 'atr_filter': 1.4, 'target_R': 6.5, 'flat_eod': True, 'skip_holidays': True}"
139,1720,56404,1.064,37550,1.5,43.0,0.036,4.1,114.2,0.2,0.33,905,4,2,"{'or_bars': 4, 'trade_mode': 'Short Only', 'stop_frac': 1.5, 'vpace_filter': 0.7, 'breakout_buf': 0.15, 'close_confirm': True, 'partial_exit_R': 3.5, 'trail_bars': 0, 'be_after_R': 4.0, 'atr_filter': 0.8, 'target_R': 2.0, 'flat_eod': True, 'skip_holidays': True}"
140,307,46607,1.429,19288,2.42,52.8,0.203,4.1,20.4,0.33,0.85,750,6,1,"{'or_bars': 10, 'trade_mode': 'Long Only', 'stop_frac': 0.75, 'vpace_filter': 0.4, 'breakout_buf': 0.4, 'close_confirm': False, 'partial_exit_R': 6.0, 'trail_bars': 8, 'be_after_R': 3.1, 'atr_filter': 1.4, 'target_R': 6.5, 'flat_eod': True, 'skip_holidays': True}"
141,1605,55397,1.072,37106,1.49,47.0,0.038,4.1,106.6,0.2,0.35,903,5,2,"{'or_bars': 2, 'trade_mode': 'Long Only', 'stop_frac': 1.75, 'vpace_filter': 0.9, 'breakout_buf': 0.3, 'close_confirm': False, 'partial_exit_R': 6.0, 'trail_bars': 14, 'be_after_R': 0.8, 'atr_filter': 0.8, 'target_R': 7.0, 'flat_eod': True, 'skip_holidays': False}"
142,2104,57755,1.081,37085,1.56,65.0,0.028,4.0,139.7,0.31,0.39,967,4,2,"{'or_bars': 4, 'trade_mode': 'First-candle dir', 'stop_frac': 1.25, 'vpace_filter': 0.9, 'breakout_buf': 0.1, 'close_confirm': True, 'partial_exit_R': 5.0, 'trail_bars': 7, 'be_after_R': 3.7, 'atr_filter': 0.2, 'target_R': 0.5, 'flat_eod': True, 'skip_holidays': False}"
143,536,66310,1.21,24332,2.73,46.5,0.112,4.0,35.6,0.35,0.59,1103,4,2,"{'or_bars': 4, 'trade_mode': 'Short Only', 'stop_frac': 1.5, 'vpace_filter': 1.1, 'breakout_buf': 0.0, 'close_confirm': False, 'partial_exit_R': 2.5, 'trail_bars': 2, 'be_after_R': 1.7, 'atr_filter': 1.2, 'target_R': 6.0, 'flat_eod': False, 'skip_holidays': True}"
144,1412,46399,1.092,36017,1.29,53.8,0.043,4.0,93.8,0.23,0.33,769,5,2,"{'or_bars': 8, 'trade_mode': 'Long Only', 'stop_frac': 1.75, 'vpace_filter': 0.3, 'breakout_buf': 0.45, 'close_confirm': True, 'partial_exit_R': 2.0, 'trail_bars': 4, 'be_after_R': 1.4, 'atr_filter': 0.6, 'target_R': 1.5, 'flat_eod': False, 'skip_holidays': False}"
145,1334,40207,1.073,31897,1.26,38.8,0.045,4.0,88.6,0.22,0.38,670,4,1,"{'or_bars': 1, 'trade_mode': 'Short Only', 'stop_frac': 1.25, 'vpace_filter': 0.1, 'breakout_buf': 0.5, 'close_confirm': True, 'partial_exit_R': 2.0, 'trail_bars': 4, 'be_after_R': 2.0, 'atr_filter': 1.0, 'target_R': 8.0, 'flat_eod': False, 'skip_holidays': False}"
146,2785,26183,1.03,40059,0.65,27.8,0.022,4.0,185.0,0.13,0.26,433,5,1,"{'or_bars': 1, 'trade_mode': 'Both', 'stop_frac': 0.75, 'vpace_filter': 0.9, 'breakout_buf': 0.25, 'close_confirm': True, 'partial_exit_R': 3.5, 'trail_bars': 4, 'be_after_R': 3.0, 'atr_filter': 0.7, 'target_R': 5.0, 'flat_eod': True, 'skip_holidays': True}"
147,407,71068,1.289,33189,2.14,50.6,0.143,3.9,27.0,0.33,0.69,1223,6,1,"{'or_bars': 2, 'trade_mode': 'First-candle dir', 'stop_frac': 2.5, 'vpace_filter': 0.8, 'breakout_buf': 0.1, 'close_confirm': True, 'partial_exit_R': 3.5, 'trail_bars': 12, 'be_after_R': 1.0, 'atr_filter': 1.5, 'target_R': 0.0, 'flat_eod': True, 'skip_holidays': False}"
148,899,48081,1.12,37712,1.27,46.2,0.064,3.8,59.7,0.25,0.46,831,5,1,"{'or_bars': 8, 'trade_mode': 'Both', 'stop_frac': 0.75, 'vpace_filter': 1.0, 'breakout_buf': 0.35, 'close_confirm': False, 'partial_exit_R': 6.0, 'trail_bars': 14, 'be_after_R': 3.5, 'atr_filter': 1.1, 'target_R': 7.5, 'flat_eod': True, 'skip_holidays': True}"
149,944,57221,1.128,25230,2.27,52.9,0.06,3.8,62.7,0.25,0.39,1008,4,1,"{'or_bars': 9, 'trade_mode': 'Both', 'stop_frac': 2.25, 'vpace_filter': 0.7, 'breakout_buf': 0.3, 'close_confirm': True, 'partial_exit_R': 2.0, 'trail_bars': 16, 'be_after_R': 2.2, 'atr_filter': 1.2, 'target_R': 5.0, 'flat_eod': False, 'skip_holidays': True}"
150,984,54440,1.107,24785,2.2,47.0,0.057,3.7,65.4,0.25,0.36,972,4,3,"{'or_bars': 5, 'trade_mode': 'Short Only', 'stop_frac': 2.5, 'vpace_filter': 1.1, 'breakout_buf': 0.3, 'close_confirm': True, 'partial_exit_R': 1.0, 'trail_bars': 8, 'be_after_R': 2.1, 'atr_filter': 0.2, 'target_R': 1.5, 'flat_eod': False, 'skip_holidays': False}"
151,1278,46401,1.084,41528,1.12,48.9,0.043,3.7,84.9,0.2,0.33,842,5,1,"{'or_bars': 6, 'trade_mode': 'Long Only', 'stop_frac': 1.25, 'vpace_filter': 0.3, 'breakout_buf': 0.25, 'close_confirm': False, 'partial_exit_R': 4.0, 'trail_bars': 12, 'be_after_R': 0.9, 'atr_filter': 1.0, 'target_R': 8.0, 'flat_eod': True, 'skip_holidays': True}"
152,1671,41453,1.083,41414,1.0,61.3,0.032,3.6,111.0,0.25,0.33,775,5,1,"{'or_bars': 6, 'trade_mode': 'Long Only', 'stop_frac': 1.25, 'vpace_filter': 0.0, 'breakout_buf': 0.45, 'close_confirm': True, 'partial_exit_R': 0.5, 'trail_bars': 8, 'be_after_R': 3.6, 'atr_filter': 0.3, 'target_R': 5.0, 'flat_eod': True, 'skip_holidays': True}"
153,795,50783,1.131,51429,0.99,47.4,0.069,3.6,52.8,0.26,0.4,927,3,1,"{'or_bars': 8, 'trade_mode': 'Short Only', 'stop_frac': 2.25, 'vpace_filter': 0.8, 'breakout_buf': 0.5, 'close_confirm': True, 'partial_exit_R': 6.0, 'trail_bars': 14, 'be_after_R': 3.7, 'atr_filter': 0.9, 'target_R': 0.0, 'flat_eod': False, 'skip_holidays': False}"
154,346,52120,1.292,14757,3.53,47.1,0.155,3.6,23.0,0.33,0.49,975,5,1,"{'or_bars': 12, 'trade_mode': 'Short Only', 'stop_frac': 2.25, 'vpace_filter': 1.1, 'breakout_buf': 0.1, 'close_confirm': True, 'partial_exit_R': 1.5, 'trail_bars': 13, 'be_after_R': 0.4, 'atr_filter': 1.2, 'target_R': 1.0, 'flat_eod': False, 'skip_holidays': True}"
155,611,45730,1.198,22741,2.01,55.6,0.088,3.6,40.6,0.29,0.47,852,6,1,"{'or_bars': 9, 'trade_mode': 'Long Only', 'stop_frac': 2.25, 'vpace_filter': 0.3, 'breakout_buf': 0.5, 'close_confirm': False, 'partial_exit_R': 1.0, 'trail_bars': 15, 'be_after_R': 3.8, 'atr_filter': 1.1, 'target_R': 1.5, 'flat_eod': False, 'skip_holidays': True}"
156,870,49941,1.119,73520,0.68,48.5,0.061,3.5,57.8,0.25,0.39,939,3,3,"{'or_bars': 5, 'trade_mode': 'Both', 'stop_frac': 2.25, 'vpace_filter': 1.3, 'breakout_buf': 0.25, 'close_confirm': False, 'partial_exit_R': 1.0, 'trail_bars': 2, 'be_after_R': 2.9, 'atr_filter': 0.1, 'target_R': 7.0, 'flat_eod': True, 'skip_holidays': True}"
157,1849,16395,1.036,39089,0.42,20.4,0.029,3.5,122.8,0.09,0.17,308,3,2,"{'or_bars': 5, 'trade_mode': 'First-candle dir', 'stop_frac': 0.75, 'vpace_filter': 0.9, 'breakout_buf': 0.25, 'close_confirm': True, 'partial_exit_R': 5.0, 'trail_bars': 17, 'be_after_R': 0.3, 'atr_filter': 0.1, 'target_R': 0.0, 'flat_eod': False, 'skip_holidays': False}"
158,1577,45853,1.061,35896,1.28,46.2,0.033,3.5,104.7,0.18,0.28,882,2,1,"{'or_bars': 7, 'trade_mode': 'Short Only', 'stop_frac': 2.0, 'vpace_filter': 0.5, 'breakout_buf': 0.45, 'close_confirm': False, 'partial_exit_R': 5.0, 'trail_bars': 11, 'be_after_R': 2.9, 'atr_filter': 0.5, 'target_R': 1.5, 'flat_eod': False, 'skip_holidays': False}"
159,440,42424,1.245,34597,1.23,52.5,0.116,3.4,29.2,0.33,0.52,830,3,3,"{'or_bars': 3, 'trade_mode': 'Long Only', 'stop_frac': 2.25, 'vpace_filter': 1.3, 'breakout_buf': 0.1, 'close_confirm': True, 'partial_exit_R': 1.0, 'trail_bars': 4, 'be_after_R': 2.8, 'atr_filter': 0.1, 'target_R': 6.0, 'flat_eod': False, 'skip_holidays': True}"
160,345,49143,1.347,23095,2.13,57.4,0.148,3.4,22.9,0.39,0.57,964,6,1,"{'or_bars': 9, 'trade_mode': 'First-candle dir', 'stop_frac': 2.25, 'vpace_filter': 1.2, 'breakout_buf': 0.35, 'close_confirm': False, 'partial_exit_R': 1.0, 'trail_bars': 1, 'be_after_R': 2.9, 'atr_filter': 1.1, 'target_R': 7.0, 'flat_eod': False, 'skip_holidays': False}"
161,688,42322,1.15,32498,1.3,50.4,0.074,3.4,45.7,0.26,0.38,826,4,1,"{'or_bars': 12, 'trade_mode': 'Both', 'stop_frac': 2.5, 'vpace_filter': 1.2, 'breakout_buf': 0.5, 'close_confirm': False, 'partial_exit_R': 2.5, 'trail_bars': 9, 'be_after_R': 1.2, 'atr_filter': 0.4, 'target_R': 8.0, 'flat_eod': True, 'skip_holidays': False}"
162,419,53127,1.212,33598,1.58,43.4,0.12,3.3,27.8,0.28,0.53,1055,6,1,"{'or_bars': 2, 'trade_mode': 'Both', 'stop_frac': 1.75, 'vpace_filter': 1.0, 'breakout_buf': 0.2, 'close_confirm': False, 'partial_exit_R': 3.0, 'trail_bars': 12, 'be_after_R': 0.9, 'atr_filter': 1.5, 'target_R': 5.5, 'flat_eod': True, 'skip_holidays': True}"
163,1077,55652,1.08,52961,1.05,43.3,0.046,3.3,71.5,0.2,0.33,1132,6,1,"{'or_bars': 2, 'trade_mode': 'Short Only', 'stop_frac': 2.0, 'vpace_filter': 0.9, 'breakout_buf': 0.0, 'close_confirm': False, 'partial_exit_R': 6.0, 'trail_bars': 2, 'be_after_R': 1.4, 'atr_filter': 1.1, 'target_R': 7.0, 'flat_eod': False, 'skip_holidays': False}"
164,1740,42163,1.054,45672,0.92,47.7,0.028,3.3,115.6,0.18,0.26,852,4,2,"{'or_bars': 9, 'trade_mode': 'Short Only', 'stop_frac': 1.25, 'vpace_filter': 0.2, 'breakout_buf': 0.15, 'close_confirm': True, 'partial_exit_R': 1.0, 'trail_bars': 19, 'be_after_R': 3.0, 'atr_filter': 0.4, 'target_R': 3.5, 'flat_eod': False, 'skip_holidays': True}"
165,1955,39170,1.063,44691,0.88,59.2,0.026,3.3,129.8,0.2,0.28,782,2,2,"{'or_bars': 5, 'trade_mode': 'Long Only', 'stop_frac': 1.25, 'vpace_filter': 0.5, 'breakout_buf': 0.25, 'close_confirm': True, 'partial_exit_R': 0.5, 'trail_bars': 17, 'be_after_R': 3.4, 'atr_filter': 0.7, 'target_R': 8.0, 'flat_eod': False, 'skip_holidays': False}"
166,557,44602,1.188,28836,1.55,51.9,0.091,3.3,37.0,0.31,0.43,885,5,2,"{'or_bars': 11, 'trade_mode': 'Short Only', 'stop_frac': 2.5, 'vpace_filter': 1.2, 'breakout_buf': 0.15, 'close_confirm': True, 'partial_exit_R': 0.5, 'trail_bars': 5, 'be_after_R': 3.0, 'atr_filter': 0.8, 'target_R': 0.0, 'flat_eod': True, 'skip_holidays': False}"
167,2747,43589,1.037,55631,0.78,50.7,0.018,3.3,182.5,0.14,0.19,867,3,1,"{'or_bars': 7, 'trade_mode': 'Both', 'stop_frac': 2.5, 'vpace_filter': 0.1, 'breakout_buf': 0.45, 'close_confirm': True, 'partial_exit_R': 1.0, 'trail_bars': 17, 'be_after_R': 2.5, 'atr_filter': 0.4, 'target_R': 6.5, 'flat_eod': False, 'skip_holidays': True}"
168,1196,45284,1.082,36066,1.26,50.6,0.041,3.2,79.4,0.19,0.33,930,5,1,"{'or_bars': 8, 'trade_mode': 'First-candle dir', 'stop_frac': 1.25, 'vpace_filter': 0.7, 'breakout_buf': 0.35, 'close_confirm': False, 'partial_exit_R': 3.0, 'trail_bars': 5, 'be_after_R': 4.0, 'atr_filter': 1.0, 'target_R': 6.5, 'flat_eod': True, 'skip_holidays': False}"
169,425,37427,1.184,31397,1.19,38.6,0.113,3.2,28.2,0.27,0.54,778,4,1,"{'or_bars': 4, 'trade_mode': 'Short Only', 'stop_frac': 0.75, 'vpace_filter': 1.1, 'breakout_buf': 0.2, 'close_confirm': True, 'partial_exit_R': 4.5, 'trail_bars': 10, 'be_after_R': 0.0, 'atr_filter': 1.2, 'target_R': 5.0, 'flat_eod': True, 'skip_holidays': True}"
170,1349,45704,1.068,50119,0.91,47.3,0.036,3.2,89.6,0.18,0.26,939,3,1,"{'or_bars': 9, 'trade_mode': 'Short Only', 'stop_frac': 2.5, 'vpace_filter': 0.3, 'breakout_buf': 0.3, 'close_confirm': False, 'partial_exit_R': 5.5, 'trail_bars': 1, 'be_after_R': 2.9, 'atr_filter': 0.8, 'target_R': 2.0, 'flat_eod': False, 'skip_holidays': True}"
171,465,42343,1.222,31278,1.35,55.1,0.1,3.1,30.9,0.27,0.51,912,5,1,"{'or_bars': 9, 'trade_mode': 'Long Only', 'stop_frac': 1.5, 'vpace_filter': 0.9, 'breakout_buf': 0.35, 'close_confirm': True, 'partial_exit_R': 2.5, 'trail_bars': 2, 'be_after_R': 1.1, 'atr_filter': 1.1, 'target_R': 7.0, 'flat_eod': False, 'skip_holidays': True}"
172,289,35786,1.279,13172,2.72,43.3,0.158,3.0,19.2,0.31,0.52,782,4,2,"{'or_bars': 4, 'trade_mode': 'First-candle dir', 'stop_frac': 2.25, 'vpace_filter': 1.3, 'breakout_buf': 0.05, 'close_confirm': False, 'partial_exit_R': 5.0, 'trail_bars': 18, 'be_after_R': 0.5, 'atr_filter': 1.3, 'target_R': 6.5, 'flat_eod': False, 'skip_holidays': False}"
173,1286,36604,1.066,27740,1.32,46.6,0.035,3.0,85.4,0.17,0.26,811,3,2,"{'or_bars': 11, 'trade_mode': 'Short Only', 'stop_frac': 1.5, 'vpace_filter': 0.7, 'breakout_buf': 0.3, 'close_confirm': True, 'partial_exit_R': 1.0, 'trail_bars': 20, 'be_after_R': 3.5, 'atr_filter': 0.6, 'target_R': 3.0, 'flat_eod': True, 'skip_holidays': True}"
174,578,34266,1.153,38512,0.89,48.8,0.078,3.0,38.4,0.25,0.42,758,5,2,"{'or_bars': 12, 'trade_mode': 'First-candle dir', 'stop_frac': 0.75, 'vpace_filter': 1.2, 'breakout_buf': 0.3, 'close_confirm': False, 'partial_exit_R': 5.0, 'trail_bars': 3, 'be_after_R': 3.8, 'atr_filter': 0.7, 'target_R': 2.0, 'flat_eod': False, 'skip_holidays': False}"
175,382,50596,1.263,25494,1.98,56.8,0.114,2.9,25.4,0.34,0.47,1166,5,1,"{'or_bars': 12, 'trade_mode': 'Both', 'stop_frac': 2.0, 'vpace_filter': 1.1, 'breakout_buf': 0.1, 'close_confirm': False, 'partial_exit_R': 0.5, 'trail_bars': 17, 'be_after_R': 4.0, 'atr_filter': 1.4, 'target_R': 3.0, 'flat_eod': True, 'skip_holidays': False}"
176,640,30950,1.11,39505,0.78,37.5,0.068,2.9,42.5,0.21,0.4,706,5,2,"{'or_bars': 1, 'trade_mode': 'First-candle dir', 'stop_frac': 1.25, 'vpace_filter': 1.2, 'breakout_buf': 0.15, 'close_confirm': False, 'partial_exit_R': 3.0, 'trail_bars': 16, 'be_after_R': 3.4, 'atr_filter': 1.1, 'target_R': 6.5, 'flat_eod': False, 'skip_holidays': False}"
177,839,34216,1.094,40963,0.84,44.5,0.052,2.9,55.7,0.2,0.33,785,4,2,"{'or_bars': 10, 'trade_mode': 'Both', 'stop_frac': 0.75, 'vpace_filter': 1.3, 'breakout_buf': 0.0, 'close_confirm': False, 'partial_exit_R': 5.0, 'trail_bars': 16, 'be_after_R': 2.7, 'atr_filter': 0.0, 'target_R': 6.0, 'flat_eod': True, 'skip_holidays': True}"
178,3614,43085,1.023,153992,0.28,48.6,0.012,2.9,240.0,0.1,0.16,996,3,1,"{'or_bars': 5, 'trade_mode': 'Both', 'stop_frac': 2.0, 'vpace_filter': 0.0, 'breakout_buf': 0.0, 'close_confirm': True, 'partial_exit_R': 4.5, 'trail_bars': 4, 'be_after_R': 2.0, 'atr_filter': 0.6, 'target_R': 4.5, 'flat_eod': True, 'skip_holidays': True}"
179,1752,13544,1.036,23490,0.58,30.4,0.025,2.9,116.4,0.12,0.22,310,3,1,"{'or_bars': 5, 'trade_mode': 'Short Only', 'stop_frac': 1.0, 'vpace_filter': 0.0, 'breakout_buf': 0.5, 'close_confirm': False, 'partial_exit_R': 0.0, 'trail_bars': 14, 'be_after_R': 3.2, 'atr_filter': 0.6, 'target_R': 1.0, 'flat_eod': True, 'skip_holidays': False}"
180,1027,38825,1.078,33513,1.16,47.0,0.041,2.8,68.2,0.18,0.27,919,3,1,"{'or_bars': 9, 'trade_mode': 'Short Only', 'stop_frac': 1.75, 'vpace_filter': 0.4, 'breakout_buf': 0.3, 'close_confirm': True, 'partial_exit_R': 3.0, 'trail_bars': 4, 'be_after_R': 2.8, 'atr_filter': 0.9, 'target_R': 0.0, 'flat_eod': True, 'skip_holidays': True}"
181,381,33209,1.225,17346,1.91,51.4,0.109,2.8,25.3,0.29,0.45,799,3,2,"{'or_bars': 10, 'trade_mode': 'Long Only', 'stop_frac': 1.25, 'vpace_filter': 1.3, 'breakout_buf': 0.0, 'close_confirm': False, 'partial_exit_R': 1.0, 'trail_bars': 1, 'be_after_R': 3.0, 'atr_filter': 0.0, 'target_R': 0.0, 'flat_eod': True, 'skip_holidays': True}"
182,3239,40336,1.025,152160,0.27,49.5,0.013,2.7,215.1,0.1,0.15,993,2,1,"{'or_bars': 6, 'trade_mode': 'Both', 'stop_frac': 2.25, 'vpace_filter': 0.5, 'breakout_buf': 0.25, 'close_confirm': False, 'partial_exit_R': 2.0, 'trail_bars': 15, 'be_after_R': 1.2, 'atr_filter': 0.7, 'target_R': 8.0, 'flat_eod': False, 'skip_holidays': False}"
183,638,14008,1.085,40099,0.35,25.4,0.064,2.7,42.4,0.11,0.2,345,4,2,"{'or_bars': 4, 'trade_mode': 'Long Only', 'stop_frac': 1.25, 'vpace_filter': 1.1, 'breakout_buf': 0.25, 'close_confirm': True, 'partial_exit_R': 4.0, 'trail_bars': 14, 'be_after_R': 0.2, 'atr_filter': 0.9, 'target_R': 2.0, 'flat_eod': False, 'skip_holidays': True}"
184,818,41224,1.109,32171,1.28,53.8,0.05,2.7,54.3,0.2,0.31,1002,5,1,"{'or_bars': 11, 'trade_mode': 'Both', 'stop_frac': 2.25, 'vpace_filter': 0.9, 'breakout_buf': 0.5, 'close_confirm': False, 'partial_exit_R': 1.0, 'trail_bars': 16, 'be_after_R': 1.3, 'atr_filter': 1.1, 'target_R': 8.0, 'flat_eod': True, 'skip_holidays': True}"
185,2661,21517,1.026,47577,0.45,42.3,0.015,2.7,176.7,0.12,0.18,529,3,1,"{'or_bars': 8, 'trade_mode': 'Both', 'stop_frac': 0.5, 'vpace_filter': 0.2, 'breakout_buf': 0.35, 'close_confirm': True, 'partial_exit_R': 2.0, 'trail_bars': 13, 'be_after_R': 3.7, 'atr_filter': 0.7, 'target_R': 2.0, 'flat_eod': False, 'skip_holidays': False}"
186,1440,30333,1.059,36652,0.83,53.2,0.028,2.7,95.6,0.15,0.22,757,5,1,"{'or_bars': 8, 'trade_mode': 'Long Only', 'stop_frac': 1.5, 'vpace_filter': 0.4, 'breakout_buf': 0.45, 'close_confirm': True, 'partial_exit_R': 1.5, 'trail_bars': 3, 'be_after_R': 2.1, 'atr_filter': 0.4, 'target_R': 1.5, 'flat_eod': True, 'skip_holidays': False}"
187,3696,38563,1.02,153842,0.25,48.5,0.01,2.6,245.5,0.09,0.13,1001,2,2,"{'or_bars': 6, 'trade_mode': 'Both', 'stop_frac': 2.25, 'vpace_filter': 0.4, 'breakout_buf': 0.1, 'close_confirm': False, 'partial_exit_R': 2.5, 'trail_bars': 19, 'be_after_R': 1.4, 'atr_filter': 0.4, 'target_R': 1.5, 'flat_eod': False, 'skip_holidays': False}"
188,763,34320,1.105,48141,0.71,51.9,0.05,2.6,50.7,0.21,0.29,891,3,2,"{'or_bars': 10, 'trade_mode': 'Both', 'stop_frac': 2.25, 'vpace_filter': 1.3, 'breakout_buf': 0.15, 'close_confirm': False, 'partial_exit_R': 0.5, 'trail_bars': 20, 'be_after_R': 0.4, 'atr_filter': 0.3, 'target_R': 0.5, 'flat_eod': False, 'skip_holidays': False}"
189,1618,47196,1.048,89895,0.53,49.1,0.025,2.6,107.5,0.14,0.22,1186,3,1,"{'or_bars': 4, 'trade_mode': 'Both', 'stop_frac': 2.0, 'vpace_filter': 0.2, 'breakout_buf': 0.2, 'close_confirm': False, 'partial_exit_R': 5.0, 'trail_bars': 12, 'be_after_R': 1.8, 'atr_filter': 1.1, 'target_R': 6.5, 'flat_eod': False, 'skip_holidays': False}"
190,886,29957,1.096,27506,1.09,54.3,0.044,2.6,58.8,0.18,0.28,772,6,1,"{'or_bars': 11, 'trade_mode': 'Long Only', 'stop_frac': 1.75, 'vpace_filter': 0.8, 'breakout_buf': 0.5, 'close_confirm': True, 'partial_exit_R': 2.0, 'trail_bars': 2, 'be_after_R': 2.0, 'atr_filter': 0.5, 'target_R': 1.5, 'flat_eod': False, 'skip_holidays': False}"
191,1733,31194,1.048,41226,0.76,53.0,0.022,2.6,115.1,0.13,0.2,804,3,2,"{'or_bars': 7, 'trade_mode': 'Long Only', 'stop_frac': 1.5, 'vpace_filter': 0.2, 'breakout_buf': 0.35, 'close_confirm': True, 'partial_exit_R': 4.5, 'trail_bars': 13, 'be_after_R': 1.6, 'atr_filter': 0.2, 'target_R': 3.0, 'flat_eod': False, 'skip_holidays': False}"
192,700,30927,1.11,33129,0.93,50.7,0.054,2.5,46.5,0.2,0.29,812,3,1,"{'or_bars': 11, 'trade_mode': 'Both', 'stop_frac': 1.25, 'vpace_filter': 1.2, 'breakout_buf': 0.45, 'close_confirm': True, 'partial_exit_R': 1.0, 'trail_bars': 12, 'be_after_R': 3.6, 'atr_filter': 0.3, 'target_R': 6.5, 'flat_eod': False, 'skip_holidays': True}"
193,394,37697,1.211,28239,1.33,54.6,0.096,2.5,26.2,0.25,0.37,999,3,1,"{'or_bars': 12, 'trade_mode': 'First-candle dir', 'stop_frac': 2.25, 'vpace_filter': 0.2, 'breakout_buf': 0.35, 'close_confirm': False, 'partial_exit_R': 0.5, 'trail_bars': 16, 'be_after_R': 1.2, 'atr_filter': 1.4, 'target_R': 6.0, 'flat_eod': True, 'skip_holidays': False}"
194,607,8861,1.074,28382,0.31,16.6,0.061,2.5,40.3,0.08,0.17,238,3,1,"{'or_bars': 7, 'trade_mode': 'First-candle dir', 'stop_frac': 0.75, 'vpace_filter': 0.5, 'breakout_buf': 0.35, 'close_confirm': False, 'partial_exit_R': 6.0, 'trail_bars': 6, 'be_after_R': 0.1, 'atr_filter': 1.3, 'target_R': 3.5, 'flat_eod': True, 'skip_holidays': False}"
195,1724,24942,1.036,37066,0.67,39.3,0.022,2.5,114.5,0.12,0.2,663,3,2,"{'or_bars': 7, 'trade_mode': 'Short Only', 'stop_frac': 0.75, 'vpace_filter': 0.2, 'breakout_buf': 0.25, 'close_confirm': True, 'partial_exit_R': 4.5, 'trail_bars': 8, 'be_after_R': 3.6, 'atr_filter': 0.2, 'target_R': 3.0, 'flat_eod': False, 'skip_holidays': True}"
196,877,27151,1.067,40882,0.66,37.5,0.042,2.5,58.2,0.12,0.22,735,5,1,"{'or_bars': 5, 'trade_mode': 'First-candle dir', 'stop_frac': 1.5, 'vpace_filter': 0.9, 'breakout_buf': 0.35, 'close_confirm': False, 'partial_exit_R': 3.0, 'trail_bars': 6, 'be_after_R': 0.4, 'atr_filter': 1.1, 'target_R': 4.0, 'flat_eod': True, 'skip_holidays': True}"
197,1102,19382,1.052,24174,0.8,37.0,0.033,2.4,73.2,0.13,0.23,534,6,1,"{'or_bars': 10, 'trade_mode': 'Both', 'stop_frac': 0.5, 'vpace_filter': 0.8, 'breakout_buf': 0.3, 'close_confirm': True, 'partial_exit_R': 3.5, 'trail_bars': 0, 'be_after_R': 1.1, 'atr_filter': 1.1, 'target_R': 0.0, 'flat_eod': False, 'skip_holidays': True}"
198,313,35951,1.206,17251,2.08,44.7,0.114,2.4,20.8,0.26,0.46,1008,3,1,"{'or_bars': 7, 'trade_mode': 'Short Only', 'stop_frac': 1.25, 'vpace_filter': 0.6, 'breakout_buf': 0.45, 'close_confirm': False, 'partial_exit_R': 5.5, 'trail_bars': 1, 'be_after_R': 0.0, 'atr_filter': 1.4, 'target_R': 4.0, 'flat_eod': True, 'skip_holidays': False}"
199,321,18513,1.173,26902,0.69,34.9,0.112,2.4,21.3,0.2,0.3,513,4,2,"{'or_bars': 8, 'trade_mode': 'Short Only', 'stop_frac': 2.5, 'vpace_filter': 1.4, 'breakout_buf': 0.4, 'close_confirm': True, 'partial_exit_R': 0.0, 'trail_bars': 0, 'be_after_R': 0.2, 'atr_filter': 0.4, 'target_R': 6.5, 'flat_eod': False, 'skip_holidays': True}"
200,800,35396,1.094,35764,0.99,52.8,0.044,2.4,53.1,0.2,0.26,998,4,2,"{'or_bars': 6, 'trade_mode': 'Short Only', 'stop_frac': 2.5, 'vpace_filter': 1.1, 'breakout_buf': 0.45, 'close_confirm': True, 'partial_exit_R': 2.0, 'trail_bars': 12, 'be_after_R': 0.7, 'atr_filter': 0.7, 'target_R': 0.5, 'flat_eod': True, 'skip_holidays': False}"
201,1721,12982,1.031,59434,0.22,35.0,0.02,2.3,114.3,0.07,0.09,376,4,2,"{'or_bars': 7, 'trade_mode': 'Long Only', 'stop_frac': 2.25, 'vpace_filter': 0.1, 'breakout_buf': 0.35, 'close_confirm': True, 'partial_exit_R': 0.5, 'trail_bars': 15, 'be_after_R': 0.1, 'atr_filter': 0.2, 'target_R': 5.0, 'flat_eod': False, 'skip_holidays': True}"
202,2403,28498,1.033,82161,0.35,57.0,0.014,2.3,159.6,0.13,0.16,823,2,2,"{'or_bars': 4, 'trade_mode': 'Long Only', 'stop_frac': 1.75, 'vpace_filter': 0.5, 'breakout_buf': 0.15, 'close_confirm': True, 'partial_exit_R': 5.5, 'trail_bars': 2, 'be_after_R': 0.4, 'atr_filter': 0.0, 'target_R': 0.5, 'flat_eod': False, 'skip_holidays': True}"
203,289,37149,1.289,12478,2.98,57.8,0.122,2.3,19.2,0.34,0.47,1052,4,1,"{'or_bars': 12, 'trade_mode': 'First-candle dir', 'stop_frac': 1.25, 'vpace_filter': 1.0, 'breakout_buf': 0.2, 'close_confirm': True, 'partial_exit_R': 1.0, 'trail_bars': 1, 'be_after_R': 2.8, 'atr_filter': 1.4, 'target_R': 0.0, 'flat_eod': False, 'skip_holidays': True}"
204,398,10097,1.111,14529,0.69,24.4,0.084,2.2,26.4,0.14,0.3,303,5,1,"{'or_bars': 9, 'trade_mode': 'Long Only', 'stop_frac': 1.0, 'vpace_filter': 0.1, 'breakout_buf': 0.0, 'close_confirm': False, 'partial_exit_R': 0.0, 'trail_bars': 17, 'be_after_R': 1.6, 'atr_filter': 1.5, 'target_R': 5.0, 'flat_eod': False, 'skip_holidays': True}"
205,2008,11875,1.022,64388,0.18,23.3,0.017,2.2,133.4,0.05,0.08,355,4,2,"{'or_bars': 9, 'trade_mode': 'First-candle dir', 'stop_frac': 1.5, 'vpace_filter': 0.9, 'breakout_buf': 0.0, 'close_confirm': True, 'partial_exit_R': 1.0, 'trail_bars': 3, 'be_after_R': 0.1, 'atr_filter': 0.5, 'target_R': 3.5, 'flat_eod': True, 'skip_holidays': True}"
206,292,29285,1.258,13705,2.14,55.5,0.115,2.2,19.4,0.27,0.4,872,4,2,"{'or_bars': 7, 'trade_mode': 'Long Only', 'stop_frac': 1.5, 'vpace_filter': 1.2, 'breakout_buf': 0.45, 'close_confirm': True, 'partial_exit_R': 3.5, 'trail_bars': 11, 'be_after_R': 2.8, 'atr_filter': 0.7, 'target_R': 3.0, 'flat_eod': False, 'skip_holidays': False}"
207,596,30723,1.125,33270,0.92,56.2,0.055,2.2,39.6,0.18,0.3,944,5,1,"{'or_bars': 11, 'trade_mode': 'Long Only', 'stop_frac': 2.0, 'vpace_filter': 0.9, 'breakout_buf': 0.35, 'close_confirm': False, 'partial_exit_R': 1.5, 'trail_bars': 14, 'be_after_R': 0.6, 'atr_filter': 1.0, 'target_R': 5.0, 'flat_eod': True, 'skip_holidays': True}"
208,1029,16116,1.05,34644,0.47,34.1,0.033,2.2,68.3,0.11,0.22,478,5,1,"{'or_bars': 5, 'trade_mode': 'Long Only', 'stop_frac': 0.5, 'vpace_filter': 0.2, 'breakout_buf': 0.25, 'close_confirm': False, 'partial_exit_R': 4.5, 'trail_bars': 2, 'be_after_R': 1.8, 'atr_filter': 1.1, 'target_R': 0.0, 'flat_eod': False, 'skip_holidays': False}"
209,1343,28352,1.043,52514,0.54,46.5,0.023,2.1,89.2,0.12,0.17,909,3,2,"{'or_bars': 11, 'trade_mode': 'Short Only', 'stop_frac': 1.5, 'vpace_filter': 0.4, 'breakout_buf': 0.15, 'close_confirm': True, 'partial_exit_R': 2.0, 'trail_bars': 17, 'be_after_R': 2.1, 'atr_filter': 0.8, 'target_R': 5.5, 'flat_eod': False, 'skip_holidays': True}"
210,620,22687,1.086,50024,0.45,40.3,0.051,2.1,41.2,0.12,0.21,716,4,1,"{'or_bars': 4, 'trade_mode': 'Long Only', 'stop_frac': 1.5, 'vpace_filter': 0.3, 'breakout_buf': 0.3, 'close_confirm': False, 'partial_exit_R': 4.0, 'trail_bars': 4, 'be_after_R': 0.4, 'atr_filter': 1.3, 'target_R': 6.5, 'flat_eod': True, 'skip_holidays': False}"
211,1675,14756,1.025,32024,0.46,23.6,0.019,2.1,111.3,0.06,0.1,468,5,2,"{'or_bars': 9, 'trade_mode': 'Short Only', 'stop_frac': 1.25, 'vpace_filter': 0.9, 'breakout_buf': 0.05, 'close_confirm': False, 'partial_exit_R': 4.0, 'trail_bars': 1, 'be_after_R': 0.2, 'atr_filter': 0.0, 'target_R': 3.5, 'flat_eod': False, 'skip_holidays': True}"
212,2429,29259,1.023,72468,0.4,43.8,0.013,2.1,161.3,0.08,0.13,941,3,2,"{'or_bars': 3, 'trade_mode': 'Short Only', 'stop_frac': 2.5, 'vpace_filter': 0.2, 'breakout_buf': 0.1, 'close_confirm': True, 'partial_exit_R': 1.5, 'trail_bars': 3, 'be_after_R': 2.2, 'atr_filter': 0.0, 'target_R': 7.0, 'flat_eod': False, 'skip_holidays': False}"
213,1231,25263,1.047,25432,0.99,46.1,0.025,2.1,81.8,0.12,0.19,814,2,1,"{'or_bars': 10, 'trade_mode': 'Short Only', 'stop_frac': 1.25, 'vpace_filter': 0.7, 'breakout_buf': 0.5, 'close_confirm': False, 'partial_exit_R': 2.0, 'trail_bars': 17, 'be_after_R': 4.0, 'atr_filter': 0.5, 'target_R': 4.0, 'flat_eod': True, 'skip_holidays': True}"
214,1059,35042,1.063,38146,0.92,54.1,0.029,2.0,70.3,0.15,0.22,1136,4,1,"{'or_bars': 3, 'trade_mode': 'Long Only', 'stop_frac': 2.5, 'vpace_filter': 0.0, 'breakout_buf': 0.35, 'close_confirm': False, 'partial_exit_R': 1.0, 'trail_bars': 18, 'be_after_R': 1.6, 'atr_filter': 1.1, 'target_R': 7.0, 'flat_eod': True, 'skip_holidays': True}"
215,522,33507,1.109,49192,0.68,48.3,0.057,2.0,34.7,0.16,0.3,1136,4,1,"{'or_bars': 12, 'trade_mode': 'Both', 'stop_frac': 1.0, 'vpace_filter': 0.3, 'breakout_buf': 0.1, 'close_confirm': False, 'partial_exit_R': 6.0, 'trail_bars': 8, 'be_after_R': 3.4, 'atr_filter': 1.5, 'target_R': 5.5, 'flat_eod': False, 'skip_holidays': True}"
216,662,34426,1.1,39195,0.88,53.5,0.047,2.0,44.0,0.16,0.27,1117,3,1,"{'or_bars': 4, 'trade_mode': 'Long Only', 'stop_frac': 2.5, 'vpace_filter': 0.6, 'breakout_buf': 0.05, 'close_confirm': True, 'partial_exit_R': 4.5, 'trail_bars': 20, 'be_after_R': 3.2, 'atr_filter': 1.3, 'target_R': 5.0, 'flat_eod': False, 'skip_holidays': True}"
217,143,24306,1.599,7716,3.15,65.0,0.209,2.0,9.5,0.43,0.62,812,3,1,"{'or_bars': 3, 'trade_mode': 'Long Only', 'stop_frac': 1.5, 'vpace_filter': 1.3, 'breakout_buf': 0.4, 'close_confirm': True, 'partial_exit_R': 0.5, 'trail_bars': 20, 'be_after_R': 0.9, 'atr_filter': 1.3, 'target_R': 0.5, 'flat_eod': False, 'skip_holidays': False}"
218,447,24684,1.121,27962,0.88,45.9,0.066,1.9,29.7,0.15,0.32,841,6,1,"{'or_bars': 7, 'trade_mode': 'Long Only', 'stop_frac': 0.75, 'vpace_filter': 0.4, 'breakout_buf': 0.2, 'close_confirm': False, 'partial_exit_R': 5.5, 'trail_bars': 2, 'be_after_R': 1.9, 'atr_filter': 1.4, 'target_R': 7.0, 'flat_eod': True, 'skip_holidays': True}"
219,176,25456,1.314,17628,1.44,47.7,0.164,1.9,11.7,0.25,0.45,881,4,1,"{'or_bars': 11, 'trade_mode': 'Short Only', 'stop_frac': 1.5, 'vpace_filter': 0.7, 'breakout_buf': 0.5, 'close_confirm': True, 'partial_exit_R': 5.0, 'trail_bars': 13, 'be_after_R': 1.5, 'atr_filter': 1.5, 'target_R': 3.5, 'flat_eod': True, 'skip_holidays': True}"
220,1280,21825,1.044,34300,0.64,49.8,0.022,1.9,85.0,0.14,0.2,777,5,2,"{'or_bars': 7, 'trade_mode': 'Short Only', 'stop_frac': 0.75, 'vpace_filter': 1.0, 'breakout_buf': 0.1, 'close_confirm': True, 'partial_exit_R': 1.0, 'trail_bars': 19, 'be_after_R': 1.6, 'atr_filter': 0.6, 'target_R': 1.5, 'flat_eod': True, 'skip_holidays': False}"
221,369,23805,1.165,24569,0.97,52.6,0.078,1.9,24.5,0.22,0.36,827,3,3,"{'or_bars': 1, 'trade_mode': 'Long Only', 'stop_frac': 2.5, 'vpace_filter': 1.4, 'breakout_buf': 0.2, 'close_confirm': True, 'partial_exit_R': 1.0, 'trail_bars': 19, 'be_after_R': 3.4, 'atr_filter': 0.1, 'target_R': 2.0, 'flat_eod': True, 'skip_holidays': True}"
222,2446,25337,1.02,61168,0.41,41.8,0.012,1.9,162.5,0.07,0.11,870,3,1,"{'or_bars': 6, 'trade_mode': 'Short Only', 'stop_frac': 2.0, 'vpace_filter': 0.0, 'breakout_buf': 0.05, 'close_confirm': False, 'partial_exit_R': 5.5, 'trail_bars': 7, 'be_after_R': 0.7, 'atr_filter': 0.6, 'target_R': 3.5, 'flat_eod': True, 'skip_holidays': False}"
223,1994,8154,1.02,43186,0.19,26.4,0.015,1.9,132.4,0.05,0.1,281,4,1,"{'or_bars': 8, 'trade_mode': 'First-candle dir', 'stop_frac': 1.0, 'vpace_filter': 0.7, 'breakout_buf': 0.3, 'close_confirm': True, 'partial_exit_R': 0.0, 'trail_bars': 14, 'be_after_R': 3.1, 'atr_filter': 0.3, 'target_R': 8.0, 'flat_eod': False, 'skip_holidays': False}"
224,2164,26425,1.025,44264,0.6,46.4,0.013,1.9,143.7,0.08,0.12,917,3,2,"{'or_bars': 11, 'trade_mode': 'Short Only', 'stop_frac': 1.75, 'vpace_filter': 0.1, 'breakout_buf': 0.0, 'close_confirm': False, 'partial_exit_R': 5.5, 'trail_bars': 2, 'be_after_R': 3.1, 'atr_filter': 0.4, 'target_R': 6.0, 'flat_eod': True, 'skip_holidays': False}"
225,440,24945,1.119,20420,1.22,45.2,0.065,1.9,29.2,0.15,0.31,868,3,1,"{'or_bars': 5, 'trade_mode': 'Long Only', 'stop_frac': 1.0, 'vpace_filter': 0.8, 'breakout_buf': 0.05, 'close_confirm': True, 'partial_exit_R': 6.0, 'trail_bars': 5, 'be_after_R': 1.1, 'atr_filter': 1.4, 'target_R': 5.5, 'flat_eod': True, 'skip_holidays': True}"
226,2568,22089,1.021,92516,0.24,49.7,0.011,1.8,170.6,0.07,0.11,798,2,1,"{'or_bars': 12, 'trade_mode': 'Both', 'stop_frac': 2.5, 'vpace_filter': 0.0, 'breakout_buf': 0.4, 'close_confirm': False, 'partial_exit_R': 3.5, 'trail_bars': 0, 'be_after_R': 3.1, 'atr_filter': 0.2, 'target_R': 4.0, 'flat_eod': True, 'skip_holidays': True}"
227,388,17351,1.112,15217,1.14,36.6,0.071,1.8,25.8,0.14,0.21,631,3,1,"{'or_bars': 8, 'trade_mode': 'Short Only', 'stop_frac': 2.5, 'vpace_filter': 0.4, 'breakout_buf': 0.45, 'close_confirm': False, 'partial_exit_R': 1.0, 'trail_bars': 4, 'be_after_R': 0.2, 'atr_filter': 1.3, 'target_R': 6.5, 'flat_eod': False, 'skip_holidays': False}"
228,357,30757,1.163,26272,1.17,54.1,0.075,1.8,23.7,0.21,0.32,1150,5,1,"{'or_bars': 10, 'trade_mode': 'Both', 'stop_frac': 1.75, 'vpace_filter': 0.8, 'breakout_buf': 0.45, 'close_confirm': False, 'partial_exit_R': 3.0, 'trail_bars': 8, 'be_after_R': 2.5, 'atr_filter': 1.5, 'target_R': 1.0, 'flat_eod': True, 'skip_holidays': False}"
229,956,11617,1.041,51375,0.23,30.9,0.028,1.8,63.5,0.08,0.11,428,6,1,"{'or_bars': 3, 'trade_mode': 'First-candle dir', 'stop_frac': 1.5, 'vpace_filter': 0.1, 'breakout_buf': 0.2, 'close_confirm': True, 'partial_exit_R': 4.5, 'trail_bars': 16, 'be_after_R': 0.2, 'atr_filter': 1.2, 'target_R': 1.0, 'flat_eod': False, 'skip_holidays': False}"
230,382,20499,1.153,14363,1.43,52.9,0.072,1.8,25.4,0.22,0.35,745,5,2,"{'or_bars': 7, 'trade_mode': 'Long Only', 'stop_frac': 0.75, 'vpace_filter': 1.3, 'breakout_buf': 0.1, 'close_confirm': False, 'partial_exit_R': 4.0, 'trail_bars': 19, 'be_after_R': 2.4, 'atr_filter': 0.0, 'target_R': 1.0, 'flat_eod': True, 'skip_holidays': False}"
231,344,28883,1.147,20536,1.41,48.5,0.076,1.7,22.8,0.19,0.29,1109,4,1,"{'or_bars': 12, 'trade_mode': 'Short Only', 'stop_frac': 2.0, 'vpace_filter': 0.7, 'breakout_buf': 0.15, 'close_confirm': False, 'partial_exit_R': 1.0, 'trail_bars': 14, 'be_after_R': 0.9, 'atr_filter': 1.4, 'target_R': 3.5, 'flat_eod': False, 'skip_holidays': True}"
232,729,23920,1.075,20958,1.14,52.8,0.035,1.7,48.4,0.14,0.21,925,4,2,"{'or_bars': 6, 'trade_mode': 'Long Only', 'stop_frac': 2.25, 'vpace_filter': 1.1, 'breakout_buf': 0.25, 'close_confirm': True, 'partial_exit_R': 1.5, 'trail_bars': 5, 'be_after_R': 1.9, 'atr_filter': 0.0, 'target_R': 8.0, 'flat_eod': False, 'skip_holidays': False}"
233,1125,28310,1.045,45553,0.62,50.7,0.022,1.7,74.7,0.1,0.16,1136,2,1,"{'or_bars': 10, 'trade_mode': 'Both', 'stop_frac': 2.25, 'vpace_filter': 0.7, 'breakout_buf': 0.1, 'close_confirm': False, 'partial_exit_R': 5.5, 'trail_bars': 7, 'be_after_R': 1.7, 'atr_filter': 1.2, 'target_R': 6.0, 'flat_eod': False, 'skip_holidays': True}"
234,899,12211,1.042,29825,0.41,33.1,0.028,1.7,59.7,0.09,0.17,481,5,1,"{'or_bars': 9, 'trade_mode': 'First-candle dir', 'stop_frac': 0.5, 'vpace_filter': 0.9, 'breakout_buf': 0.35, 'close_confirm': False, 'partial_exit_R': 4.0, 'trail_bars': 12, 'be_after_R': 1.0, 'atr_filter': 1.0, 'target_R': 4.0, 'flat_eod': True, 'skip_holidays': True}"
235,387,14027,1.1,25629,0.55,37.0,0.063,1.6,25.7,0.12,0.27,574,3,4,"{'or_bars': 1, 'trade_mode': 'Long Only', 'stop_frac': 1.25, 'vpace_filter': 1.4, 'breakout_buf': 0.35, 'close_confirm': False, 'partial_exit_R': 5.0, 'trail_bars': 3, 'be_after_R': 0.0, 'atr_filter': 0.1, 'target_R': 5.5, 'flat_eod': False, 'skip_holidays': True}"
236,84,22735,1.771,6994,3.25,61.9,0.294,1.6,5.6,0.33,0.71,922,5,1,"{'or_bars': 9, 'trade_mode': 'Long Only', 'stop_frac': 1.5, 'vpace_filter': 1.1, 'breakout_buf': 0.5, 'close_confirm': True, 'partial_exit_R': 2.0, 'trail_bars': 0, 'be_after_R': 2.3, 'atr_filter': 1.5, 'target_R': 4.5, 'flat_eod': True, 'skip_holidays': False}"
237,305,28125,1.172,18798,1.5,54.8,0.078,1.6,20.3,0.21,0.33,1182,5,1,"{'or_bars': 9, 'trade_mode': 'First-candle dir', 'stop_frac': 1.5, 'vpace_filter': 0.9, 'breakout_buf': 0.1, 'close_confirm': True, 'partial_exit_R': 4.5, 'trail_bars': 6, 'be_after_R': 1.7, 'atr_filter': 1.5, 'target_R': 1.5, 'flat_eod': True, 'skip_holidays': True}"
238,2107,22204,1.027,34116,0.65,57.9,0.011,1.6,139.9,0.1,0.13,936,5,2,"{'or_bars': 6, 'trade_mode': 'First-candle dir', 'stop_frac': 1.5, 'vpace_filter': 0.8, 'breakout_buf': 0.35, 'close_confirm': False, 'partial_exit_R': 0.5, 'trail_bars': 16, 'be_after_R': 2.2, 'atr_filter': 0.4, 'target_R': 1.0, 'flat_eod': True, 'skip_holidays': False}"
239,196,5687,1.157,15418,0.37,22.4,0.122,1.6,13.0,0.11,0.17,238,4,1,"{'or_bars': 6, 'trade_mode': 'Long Only', 'stop_frac': 1.25, 'vpace_filter': 1.3, 'breakout_buf': 0.3, 'close_confirm': False, 'partial_exit_R': 3.5, 'trail_bars': 2, 'be_after_R': 0.1, 'atr_filter': 1.1, 'target_R': 5.0, 'flat_eod': False, 'skip_holidays': False}"
240,408,24580,1.128,28835,0.85,56.9,0.055,1.5,27.1,0.2,0.27,1093,4,1,"{'or_bars': 10, 'trade_mode': 'Short Only', 'stop_frac': 1.75, 'vpace_filter': 0.6, 'breakout_buf': 0.3, 'close_confirm': False, 'partial_exit_R': 0.5, 'trail_bars': 3, 'be_after_R': 0.8, 'atr_filter': 1.3, 'target_R': 3.0, 'flat_eod': False, 'skip_holidays': True}"
241,168,19678,1.33,10695,1.84,59.5,0.134,1.5,11.2,0.25,0.34,877,5,2,"{'or_bars': 11, 'trade_mode': 'Long Only', 'stop_frac': 2.25, 'vpace_filter': 1.3, 'breakout_buf': 0.4, 'close_confirm': True, 'partial_exit_R': 0.0, 'trail_bars': 0, 'be_after_R': 0.9, 'atr_filter': 0.1, 'target_R': 4.0, 'flat_eod': True, 'skip_holidays': True}"
242,426,26724,1.108,30802,0.87,50.2,0.054,1.5,28.3,0.16,0.23,1165,5,1,"{'or_bars': 5, 'trade_mode': 'Both', 'stop_frac': 2.5, 'vpace_filter': 1.2, 'breakout_buf': 0.15, 'close_confirm': True, 'partial_exit_R': 4.0, 'trail_bars': 19, 'be_after_R': 0.9, 'atr_filter': 1.3, 'target_R': 4.0, 'flat_eod': False, 'skip_holidays': True}"
243,1033,16084,1.039,61963,0.26,45.8,0.021,1.4,68.6,0.1,0.16,741,4,2,"{'or_bars': 7, 'trade_mode': 'Both', 'stop_frac': 0.75, 'vpace_filter': 1.2, 'breakout_buf': 0.3, 'close_confirm': False, 'partial_exit_R': 3.0, 'trail_bars': 0, 'be_after_R': 3.4, 'atr_filter': 0.6, 'target_R': 1.5, 'flat_eod': True, 'skip_holidays': True}"
244,354,4281,1.077,11425,0.37,27.1,0.056,1.3,23.5,0.08,0.2,215,3,3,"{'or_bars': 11, 'trade_mode': 'Long Only', 'stop_frac': 2.0, 'vpace_filter': 1.3, 'breakout_buf': 0.0, 'close_confirm': False, 'partial_exit_R': 0.0, 'trail_bars': 8, 'be_after_R': 3.6, 'atr_filter': 0.7, 'target_R': 8.0, 'flat_eod': True, 'skip_holidays': True}"
245,360,15051,1.122,17791,0.85,55.6,0.054,1.3,23.9,0.13,0.2,771,4,1,"{'or_bars': 11, 'trade_mode': 'Long Only', 'stop_frac': 2.5, 'vpace_filter': 0.7, 'breakout_buf': 0.5, 'close_confirm': True, 'partial_exit_R': 0.5, 'trail_bars': 16, 'be_after_R': 2.7, 'atr_filter': 1.2, 'target_R': 5.0, 'flat_eod': False, 'skip_holidays': False}"
246,98,9132,1.34,10028,0.91,42.9,0.194,1.3,6.5,0.19,0.45,480,2,1,"{'or_bars': 9, 'trade_mode': 'Long Only', 'stop_frac': 0.5, 'vpace_filter': 1.4, 'breakout_buf': 0.5, 'close_confirm': True, 'partial_exit_R': 3.5, 'trail_bars': 16, 'be_after_R': 2.4, 'atr_filter': 0.8, 'target_R': 3.0, 'flat_eod': False, 'skip_holidays': True}"
247,179,19413,1.217,11062,1.75,51.4,0.106,1.3,11.9,0.21,0.33,1027,5,1,"{'or_bars': 8, 'trade_mode': 'Long Only', 'stop_frac': 1.5, 'vpace_filter': 1.1, 'breakout_buf': 0.15, 'close_confirm': False, 'partial_exit_R': 4.5, 'trail_bars': 16, 'be_after_R': 2.8, 'atr_filter': 1.5, 'target_R': 0.0, 'flat_eod': True, 'skip_holidays': True}"
248,354,12661,1.142,15878,0.8,61.9,0.054,1.3,23.5,0.15,0.25,658,6,1,"{'or_bars': 12, 'trade_mode': 'Long Only', 'stop_frac': 0.75, 'vpace_filter': 0.6, 'breakout_buf': 0.5, 'close_confirm': True, 'partial_exit_R': 0.5, 'trail_bars': 15, 'be_after_R': 1.5, 'atr_filter': 1.2, 'target_R': 6.0, 'flat_eod': True, 'skip_holidays': False}"
249,1064,21736,1.033,59969,0.36,50.0,0.017,1.2,70.7,0.08,0.13,1237,3,1,"{'or_bars': 4, 'trade_mode': 'Both', 'stop_frac': 2.25, 'vpace_filter': 0.8, 'breakout_buf': 0.35, 'close_confirm': False, 'partial_exit_R': 1.5, 'trail_bars': 2, 'be_after_R': 3.9, 'atr_filter': 1.2, 'target_R': 2.5, 'flat_eod': True, 'skip_holidays': True}"
250,3656,5547,1.007,49550,0.11,26.9,0.005,1.2,242.8,0.03,0.06,311,5,1,"{'or_bars': 2, 'trade_mode': 'Both', 'stop_frac': 2.25, 'vpace_filter': 0.6, 'breakout_buf': 0.3, 'close_confirm': False, 'partial_exit_R': 0.0, 'trail_bars': 12, 'be_after_R': 3.5, 'atr_filter': 0.3, 'target_R': 6.0, 'flat_eod': True, 'skip_holidays': True}"
251,397,20263,1.086,35431,0.57,53.1,0.041,1.1,26.4,0.11,0.18,1260,5,1,"{'or_bars': 7, 'trade_mode': 'First-candle dir', 'stop_frac': 2.0, 'vpace_filter': 0.7, 'breakout_buf': 0.1, 'close_confirm': True, 'partial_exit_R': 6.0, 'trail_bars': 16, 'be_after_R': 1.9, 'atr_filter': 1.5, 'target_R': 5.5, 'flat_eod': False, 'skip_holidays': True}"
252,320,20743,1.109,23354,0.89,51.9,0.052,1.1,21.3,0.14,0.19,1237,4,1,"{'or_bars': 8, 'trade_mode': 'Short Only', 'stop_frac': 2.5, 'vpace_filter': 1.0, 'breakout_buf': 0.35, 'close_confirm': False, 'partial_exit_R': 2.0, 'trail_bars': 14, 'be_after_R': 2.7, 'atr_filter': 1.3, 'target_R': 5.0, 'flat_eod': False, 'skip_holidays': True}"
253,1414,13057,1.022,32499,0.4,44.5,0.012,1.1,93.9,0.06,0.09,756,3,1,"{'or_bars': 12, 'trade_mode': 'Short Only', 'stop_frac': 1.0, 'vpace_filter': 0.2, 'breakout_buf': 0.25, 'close_confirm': True, 'partial_exit_R': 3.5, 'trail_bars': 12, 'be_after_R': 2.9, 'atr_filter': 0.2, 'target_R': 2.0, 'flat_eod': False, 'skip_holidays': True}"
254,395,17571,1.089,25739,0.68,52.7,0.042,1.1,26.2,0.13,0.19,1057,4,1,"{'or_bars': 9, 'trade_mode': 'Both', 'stop_frac': 1.5, 'vpace_filter': 1.2, 'breakout_buf': 0.4, 'close_confirm': False, 'partial_exit_R': 2.5, 'trail_bars': 2, 'be_after_R': 3.5, 'atr_filter': 1.2, 'target_R': 7.5, 'flat_eod': False, 'skip_holidays': False}"
255,586,15636,1.059,41207,0.38,52.6,0.028,1.1,38.9,0.08,0.13,948,5,1,"{'or_bars': 12, 'trade_mode': 'Both', 'stop_frac': 2.5, 'vpace_filter': 0.3, 'breakout_buf': 0.45, 'close_confirm': True, 'partial_exit_R': 5.5, 'trail_bars': 18, 'be_after_R': 3.6, 'atr_filter': 1.3, 'target_R': 7.0, 'flat_eod': False, 'skip_holidays': True}"
256,866,16377,1.033,62087,0.26,47.9,0.017,1.0,57.5,0.07,0.11,1106,3,1,"{'or_bars': 11, 'trade_mode': 'Both', 'stop_frac': 1.25, 'vpace_filter': 0.7, 'breakout_buf': 0.05, 'close_confirm': False, 'partial_exit_R': 5.5, 'trail_bars': 12, 'be_after_R': 3.3, 'atr_filter': 1.3, 'target_R': 5.0, 'flat_eod': True, 'skip_holidays': False}"
257,311,13055,1.088,27736,0.47,43.4,0.05,1.0,20.7,0.12,0.22,839,4,1,"{'or_bars': 6, 'trade_mode': 'First-candle dir', 'stop_frac': 0.75, 'vpace_filter': 1.1, 'breakout_buf': 0.3, 'close_confirm': False, 'partial_exit_R': 6.0, 'trail_bars': 4, 'be_after_R': 1.7, 'atr_filter': 1.4, 'target_R': 7.5, 'flat_eod': False, 'skip_holidays': True}"
258,411,16582,1.077,33650,0.49,50.9,0.038,1.0,27.3,0.12,0.16,1073,4,1,"{'or_bars': 12, 'trade_mode': 'Short Only', 'stop_frac': 1.25, 'vpace_filter': 0.1, 'breakout_buf': 0.25, 'close_confirm': False, 'partial_exit_R': 1.0, 'trail_bars': 6, 'be_after_R': 4.0, 'atr_filter': 1.3, 'target_R': 2.0, 'flat_eod': True, 'skip_holidays': False}"
259,220,8701,1.11,23492,0.37,35.5,0.071,1.0,14.6,0.11,0.24,557,5,1,"{'or_bars': 2, 'trade_mode': 'First-candle dir', 'stop_frac': 0.75, 'vpace_filter': 1.2, 'breakout_buf': 0.1, 'close_confirm': True, 'partial_exit_R': 2.5, 'trail_bars': 19, 'be_after_R': 1.6, 'atr_filter': 1.5, 'target_R': 8.0, 'flat_eod': True, 'skip_holidays': False}"
260,258,14585,1.11,21922,0.67,53.5,0.051,0.9,17.1,0.11,0.17,1106,2,1,"{'or_bars': 11, 'trade_mode': 'Both', 'stop_frac': 1.75, 'vpace_filter': 1.1, 'breakout_buf': 0.45, 'close_confirm': True, 'partial_exit_R': 5.0, 'trail_bars': 4, 'be_after_R': 2.1, 'atr_filter': 1.4, 'target_R': 5.0, 'flat_eod': False, 'skip_holidays': False}"
261,140,10884,1.235,10497,1.04,60.7,0.092,0.9,9.3,0.17,0.23,844,4,2,"{'or_bars': 12, 'trade_mode': 'Long Only', 'stop_frac': 2.25, 'vpace_filter': 1.4, 'breakout_buf': 0.25, 'close_confirm': True, 'partial_exit_R': 3.0, 'trail_bars': 3, 'be_after_R': 2.2, 'atr_filter': 0.6, 'target_R': 3.0, 'flat_eod': True, 'skip_holidays': True}"
262,697,16421,1.047,36588,0.45,59.4,0.019,0.9,46.3,0.09,0.12,1244,2,1,"{'or_bars': 4, 'trade_mode': 'Long Only', 'stop_frac': 2.25, 'vpace_filter': 0.4, 'breakout_buf': 0.1, 'close_confirm': False, 'partial_exit_R': 0.5, 'trail_bars': 6, 'be_after_R': 2.9, 'atr_filter': 1.3, 'target_R': 6.0, 'flat_eod': False, 'skip_holidays': True}"
263,92,6854,1.215,18742,0.37,33.7,0.143,0.9,6.1,0.11,0.26,522,3,1,"{'or_bars': 2, 'trade_mode': 'Long Only', 'stop_frac': 1.0, 'vpace_filter': 1.4, 'breakout_buf': 0.25, 'close_confirm': True, 'partial_exit_R': 1.5, 'trail_bars': 11, 'be_after_R': 0.6, 'atr_filter': 1.5, 'target_R': 4.0, 'flat_eod': True, 'skip_holidays': True}"
264,338,11734,1.069,26256,0.45,41.7,0.04,0.9,22.4,0.1,0.17,862,4,1,"{'or_bars': 9, 'trade_mode': 'Short Only', 'stop_frac': 0.75, 'vpace_filter': 0.1, 'breakout_buf': 0.2, 'close_confirm': True, 'partial_exit_R': 2.5, 'trail_bars': 2, 'be_after_R': 2.5, 'atr_filter': 1.4, 'target_R': 6.0, 'flat_eod': True, 'skip_holidays': True}"
265,107,8616,1.288,7395,1.17,56.1,0.126,0.9,7.1,0.19,0.37,637,6,1,"{'or_bars': 7, 'trade_mode': 'Long Only', 'stop_frac': 0.5, 'vpace_filter': 1.2, 'breakout_buf': 0.35, 'close_confirm': False, 'partial_exit_R': 1.0, 'trail_bars': 19, 'be_after_R': 4.0, 'atr_filter': 1.5, 'target_R': 8.0, 'flat_eod': True, 'skip_holidays': False}"
266,1628,7030,1.013,52143,0.13,41.2,0.007,0.8,108.1,0.04,0.07,579,3,2,"{'or_bars': 11, 'trade_mode': 'Short Only', 'stop_frac': 0.5, 'vpace_filter': 0.7, 'breakout_buf': 0.2, 'close_confirm': False, 'partial_exit_R': 1.5, 'trail_bars': 7, 'be_after_R': 2.0, 'atr_filter': 0.3, 'target_R': 7.5, 'flat_eod': False, 'skip_holidays': True}"
267,321,15318,1.082,20669,0.74,52.6,0.039,0.8,21.3,0.09,0.15,1234,2,1,"{'or_bars': 5, 'trade_mode': 'Long Only', 'stop_frac': 2.5, 'vpace_filter': 0.7, 'breakout_buf': 0.3, 'close_confirm': False, 'partial_exit_R': 3.5, 'trail_bars': 11, 'be_after_R': 2.7, 'atr_filter': 1.5, 'target_R': 3.5, 'flat_eod': True, 'skip_holidays': True}"
268,324,11145,1.075,24710,0.45,48.5,0.038,0.8,21.5,0.1,0.16,895,4,1,"{'or_bars': 11, 'trade_mode': 'Long Only', 'stop_frac': 0.75, 'vpace_filter': 0.7, 'breakout_buf': 0.1, 'close_confirm': False, 'partial_exit_R': 1.5, 'trail_bars': 5, 'be_after_R': 3.9, 'atr_filter': 1.5, 'target_R': 6.5, 'flat_eod': True, 'skip_holidays': False}"
269,439,10731,1.047,54994,0.2,44.4,0.026,0.8,29.2,0.07,0.13,943,6,1,"{'or_bars': 4, 'trade_mode': 'First-candle dir', 'stop_frac': 1.0, 'vpace_filter': 1.2, 'breakout_buf': 0.15, 'close_confirm': False, 'partial_exit_R': 3.5, 'trail_bars': 16, 'be_after_R': 3.2, 'atr_filter': 1.2, 'target_R': 6.5, 'flat_eod': True, 'skip_holidays': True}"
270,841,13390,1.027,44759,0.3,44.7,0.015,0.8,55.9,0.06,0.09,1072,3,2,"{'or_bars': 8, 'trade_mode': 'Short Only', 'stop_frac': 1.75, 'vpace_filter': 1.1, 'breakout_buf': 0.05, 'close_confirm': False, 'partial_exit_R': 6.0, 'trail_bars': 13, 'be_after_R': 3.1, 'atr_filter': 0.9, 'target_R': 0.0, 'flat_eod': False, 'skip_holidays': True}"
271,561,15668,1.042,74428,0.21,51.0,0.021,0.8,37.3,0.07,0.11,1360,4,1,"{'or_bars': 3, 'trade_mode': 'First-candle dir', 'stop_frac': 2.0, 'vpace_filter': 0.4, 'breakout_buf': 0.3, 'close_confirm': False, 'partial_exit_R': 1.5, 'trail_bars': 19, 'be_after_R': 2.5, 'atr_filter': 1.4, 'target_R': 4.0, 'flat_eod': True, 'skip_holidays': True}"
272,484,8862,1.039,37341,0.24,38.4,0.024,0.8,32.1,0.06,0.12,764,4,1,"{'or_bars': 5, 'trade_mode': 'Both', 'stop_frac': 0.75, 'vpace_filter': 1.0, 'breakout_buf': 0.35, 'close_confirm': False, 'partial_exit_R': 6.0, 'trail_bars': 12, 'be_after_R': 1.6, 'atr_filter': 1.4, 'target_R': 7.5, 'flat_eod': False, 'skip_holidays': True}"
273,310,6916,1.05,21131,0.33,32.3,0.034,0.7,20.6,0.06,0.13,664,2,1,"{'or_bars': 9, 'trade_mode': 'Short Only', 'stop_frac': 0.5, 'vpace_filter': 0.1, 'breakout_buf': 0.15, 'close_confirm': False, 'partial_exit_R': 4.5, 'trail_bars': 8, 'be_after_R': 2.5, 'atr_filter': 1.5, 'target_R': 5.5, 'flat_eod': False, 'skip_holidays': False}"
274,1100,9236,1.019,57157,0.16,51.0,0.009,0.7,73.1,0.04,0.07,914,5,1,"{'or_bars': 12, 'trade_mode': 'Both', 'stop_frac': 1.5, 'vpace_filter': 0.1, 'breakout_buf': 0.45, 'close_confirm': False, 'partial_exit_R': 5.5, 'trail_bars': 20, 'be_after_R': 3.9, 'atr_filter': 1.1, 'target_R': 5.5, 'flat_eod': False, 'skip_holidays': True}"
275,836,6681,1.032,20607,0.32,58.7,0.013,0.7,55.5,0.07,0.1,610,4,2,"{'or_bars': 12, 'trade_mode': 'Long Only', 'stop_frac': 0.75, 'vpace_filter': 0.8, 'breakout_buf': 0.5, 'close_confirm': True, 'partial_exit_R': 0.5, 'trail_bars': 12, 'be_after_R': 2.0, 'atr_filter': 0.2, 'target_R': 4.5, 'flat_eod': False, 'skip_holidays': True}"
276,88,8327,1.261,7868,1.06,55.7,0.116,0.7,5.8,0.15,0.22,817,4,1,"{'or_bars': 10, 'trade_mode': 'Long Only', 'stop_frac': 1.5, 'vpace_filter': 1.4, 'breakout_buf': 0.35, 'close_confirm': True, 'partial_exit_R': 5.5, 'trail_bars': 20, 'be_after_R': 0.5, 'atr_filter': 1.1, 'target_R': 8.0, 'flat_eod': False, 'skip_holidays': False}"
277,188,11346,1.137,21255,0.53,59.0,0.056,0.7,12.5,0.12,0.18,1074,4,1,"{'or_bars': 10, 'trade_mode': 'Long Only', 'stop_frac': 2.0, 'vpace_filter': 0.2, 'breakout_buf': 0.5, 'close_confirm': True, 'partial_exit_R': 1.0, 'trail_bars': 11, 'be_after_R': 1.8, 'atr_filter': 1.5, 'target_R': 7.0, 'flat_eod': False, 'skip_holidays': False}"
278,2607,2709,1.005,45191,0.06,25.5,0.004,0.6,173.2,0.01,0.03,290,4,1,"{'or_bars': 8, 'trade_mode': 'Both', 'stop_frac': 1.0, 'vpace_filter': 0.0, 'breakout_buf': 0.45, 'close_confirm': True, 'partial_exit_R': 0.0, 'trail_bars': 20, 'be_after_R': 3.6, 'atr_filter': 0.6, 'target_R': 5.5, 'flat_eod': True, 'skip_holidays': False}"
279,119,8436,1.148,14110,0.6,47.9,0.077,0.6,7.9,0.12,0.21,921,5,1,"{'or_bars': 3, 'trade_mode': 'Long Only', 'stop_frac': 1.25, 'vpace_filter': 1.2, 'breakout_buf': 0.4, 'close_confirm': True, 'partial_exit_R': 6.0, 'trail_bars': 17, 'be_after_R': 3.2, 'atr_filter': 1.5, 'target_R': 6.5, 'flat_eod': False, 'skip_holidays': True}"
280,325,9630,1.047,26975,0.36,41.5,0.028,0.6,21.6,0.06,0.12,1068,6,1,"{'or_bars': 3, 'trade_mode': 'Short Only', 'stop_frac': 1.25, 'vpace_filter': 0.6, 'breakout_buf': 0.25, 'close_confirm': True, 'partial_exit_R': 5.5, 'trail_bars': 0, 'be_after_R': 2.6, 'atr_filter': 1.5, 'target_R': 4.5, 'flat_eod': False, 'skip_holidays': True}"
281,278,6044,1.056,19598,0.31,38.5,0.034,0.6,18.5,0.07,0.1,633,4,1,"{'or_bars': 7, 'trade_mode': 'Short Only', 'stop_frac': 2.5, 'vpace_filter': 1.4, 'breakout_buf': 0.35, 'close_confirm': True, 'partial_exit_R': 2.0, 'trail_bars': 1, 'be_after_R': 0.3, 'atr_filter': 0.9, 'target_R': 6.5, 'flat_eod': True, 'skip_holidays': False}"
282,394,9543,1.047,30329,0.31,48.7,0.024,0.6,26.2,0.06,0.11,1016,3,1,"{'or_bars': 8, 'trade_mode': 'Long Only', 'stop_frac': 1.25, 'vpace_filter': 0.8, 'breakout_buf': 0.15, 'close_confirm': False, 'partial_exit_R': 2.5, 'trail_bars': 20, 'be_after_R': 3.7, 'atr_filter': 1.4, 'target_R': 4.0, 'flat_eod': False, 'skip_holidays': False}"
283,283,7716,1.06,32341,0.24,48.8,0.031,0.6,18.8,0.06,0.12,886,2,3,"{'or_bars': 3, 'trade_mode': 'Long Only', 'stop_frac': 2.0, 'vpace_filter': 1.4, 'breakout_buf': 0.25, 'close_confirm': False, 'partial_exit_R': 6.0, 'trail_bars': 17, 'be_after_R': 3.9, 'atr_filter': 0.4, 'target_R': 1.5, 'flat_eod': False, 'skip_holidays': False}"
284,299,7785,1.055,24200,0.32,55.2,0.024,0.5,19.9,0.06,0.09,1066,4,1,"{'or_bars': 8, 'trade_mode': 'Long Only', 'stop_frac': 2.25, 'vpace_filter': 0.1, 'breakout_buf': 0.5, 'close_confirm': False, 'partial_exit_R': 1.0, 'trail_bars': 13, 'be_after_R': 2.0, 'atr_filter': 1.4, 'target_R': 0.0, 'flat_eod': True, 'skip_holidays': False}"
285,458,3402,1.036,11698,0.29,55.7,0.016,0.5,30.4,0.06,0.07,465,5,3,"{'or_bars': 3, 'trade_mode': 'First-candle dir', 'stop_frac': 1.0, 'vpace_filter': 1.4, 'breakout_buf': 0.35, 'close_confirm': False, 'partial_exit_R': 5.5, 'trail_bars': 11, 'be_after_R': 0.2, 'atr_filter': 0.3, 'target_R': 0.5, 'flat_eod': True, 'skip_holidays': False}"
286,340,8352,1.038,38528,0.22,54.7,0.017,0.4,22.6,0.05,0.07,1423,4,1,"{'or_bars': 5, 'trade_mode': 'First-candle dir', 'stop_frac': 2.25, 'vpace_filter': 0.5, 'breakout_buf': 0.4, 'close_confirm': True, 'partial_exit_R': 1.5, 'trail_bars': 5, 'be_after_R': 1.3, 'atr_filter': 1.5, 'target_R': 1.0, 'flat_eod': True, 'skip_holidays': False}"
287,714,1601,1.01,22523,0.07,20.7,0.008,0.4,47.4,0.02,0.04,296,3,1,"{'or_bars': 1, 'trade_mode': 'First-candle dir', 'stop_frac': 0.5, 'vpace_filter': 0.7, 'breakout_buf': 0.4, 'close_confirm': True, 'partial_exit_R': 0.0, 'trail_bars': 0, 'be_after_R': 3.8, 'atr_filter': 1.3, 'target_R': 5.0, 'flat_eod': True, 'skip_holidays': False}"
288,360,4479,1.032,15228,0.29,42.8,0.018,0.4,23.9,0.04,0.07,678,5,1,"{'or_bars': 9, 'trade_mode': 'Both', 'stop_frac': 0.75, 'vpace_filter': 1.4, 'breakout_buf': 0.15, 'close_confirm': True, 'partial_exit_R': 6.0, 'trail_bars': 3, 'be_after_R': 1.5, 'atr_filter': 1.0, 'target_R': 8.0, 'flat_eod': False, 'skip_holidays': False}"
289,1006,6402,1.012,54351,0.12,49.8,0.006,0.4,66.8,0.03,0.04,1069,3,2,"{'or_bars': 6, 'trade_mode': 'First-candle dir', 'stop_frac': 1.75, 'vpace_filter': 1.1, 'breakout_buf': 0.15, 'close_confirm': True, 'partial_exit_R': 6.0, 'trail_bars': 9, 'be_after_R': 3.3, 'atr_filter': 0.8, 'target_R': 8.0, 'flat_eod': True, 'skip_holidays': False}"
290,1140,6464,1.011,66304,0.1,50.2,0.005,0.4,75.7,0.03,0.04,1052,4,1,"{'or_bars': 11, 'trade_mode': 'Both', 'stop_frac': 1.25, 'vpace_filter': 0.1, 'breakout_buf': 0.1, 'close_confirm': True, 'partial_exit_R': 4.5, 'trail_bars': 5, 'be_after_R': 1.4, 'atr_filter': 1.2, 'target_R': 4.0, 'flat_eod': True, 'skip_holidays': False}"
291,280,2749,1.043,12355,0.22,63.2,0.016,0.3,18.6,0.05,0.08,615,3,3,"{'or_bars': 4, 'trade_mode': 'Long Only', 'stop_frac': 0.75, 'vpace_filter': 1.4, 'breakout_buf': 0.15, 'close_confirm': False, 'partial_exit_R': 0.5, 'trail_bars': 2, 'be_after_R': 0.6, 'atr_filter': 0.6, 'target_R': 2.0, 'flat_eod': True, 'skip_holidays': True}"
292,286,4526,1.034,28602,0.16,56.3,0.015,0.3,19.0,0.03,0.05,1052,6,1,"{'or_bars': 11, 'trade_mode': 'Long Only', 'stop_frac': 2.25, 'vpace_filter': 0.2, 'breakout_buf': 0.35, 'close_confirm': True, 'partial_exit_R': 2.5, 'trail_bars': 1, 'be_after_R': 1.5, 'atr_filter': 1.4, 'target_R': 5.5, 'flat_eod': True, 'skip_holidays': True}"
293,1989,1132,1.003,28489,0.04,32.0,0.002,0.3,132.1,0.01,0.02,281,3,2,"{'or_bars': 3, 'trade_mode': 'Short Only', 'stop_frac': 2.5, 'vpace_filter': 0.1, 'breakout_buf': 0.25, 'close_confirm': True, 'partial_exit_R': 0.0, 'trail_bars': 4, 'be_after_R': 2.3, 'atr_filter': 0.7, 'target_R': 6.5, 'flat_eod': True, 'skip_holidays': True}"
294,284,6167,1.033,32802,0.19,50.0,0.017,0.3,18.9,0.04,0.06,1308,3,1,"{'or_bars': 10, 'trade_mode': 'Short Only', 'stop_frac': 2.0, 'vpace_filter': 0.5, 'breakout_buf': 0.2, 'close_confirm': False, 'partial_exit_R': 5.5, 'trail_bars': 14, 'be_after_R': 2.7, 'atr_filter': 1.5, 'target_R': 1.0, 'flat_eod': True, 'skip_holidays': False}"
295,2238,3607,1.003,57503,0.06,43.2,0.002,0.3,148.6,0.01,0.02,880,2,2,"{'or_bars': 7, 'trade_mode': 'Short Only', 'stop_frac': 1.25, 'vpace_filter': 0.2, 'breakout_buf': 0.1, 'close_confirm': False, 'partial_exit_R': 3.0, 'trail_bars': 18, 'be_after_R': 2.8, 'atr_filter': 0.5, 'target_R': 5.0, 'flat_eod': True, 'skip_holidays': False}"
296,247,2334,1.025,10368,0.23,42.1,0.014,0.2,16.4,0.03,0.05,664,5,2,"{'or_bars': 7, 'trade_mode': 'Short Only', 'stop_frac': 0.75, 'vpace_filter': 1.4, 'breakout_buf': 0.3, 'close_confirm': True, 'partial_exit_R': 6.0, 'trail_bars': 16, 'be_after_R': 2.8, 'atr_filter': 1.0, 'target_R': 6.5, 'flat_eod': False, 'skip_holidays': False}"
297,302,2984,1.021,16053,0.19,50.7,0.01,0.2,20.1,0.03,0.04,960,5,1,"{'or_bars': 9, 'trade_mode': 'Both', 'stop_frac': 2.5, 'vpace_filter': 1.4, 'breakout_buf': 0.25, 'close_confirm': False, 'partial_exit_R': 5.5, 'trail_bars': 11, 'be_after_R': 1.7, 'atr_filter': 1.1, 'target_R': 1.5, 'flat_eod': False, 'skip_holidays': True}"
298,435,2913,1.01,81192,0.04,50.3,0.005,0.1,28.9,0.01,0.02,1395,4,1,"{'or_bars': 4, 'trade_mode': 'First-candle dir', 'stop_frac': 1.75, 'vpace_filter': 0.1, 'breakout_buf': 0.2, 'close_confirm': False, 'partial_exit_R': 5.0, 'trail_bars': 5, 'be_after_R': 2.5, 'atr_filter': 1.5, 'target_R': 4.0, 'flat_eod': True, 'skip_holidays': True}"
299,161,1010,1.012,15552,0.06,33.5,0.008,0.1,10.7,0.01,0.02,775,3,1,"{'or_bars': 6, 'trade_mode': 'Short Only', 'stop_frac': 0.75, 'vpace_filter': 1.2, 'breakout_buf': 0.25, 'close_confirm': True, 'partial_exit_R': 5.0, 'trail_bars': 3, 'be_after_R': 1.2, 'atr_filter': 1.5, 'target_R': 3.0, 'flat_eod': True, 'skip_holidays': False}"
300,1233,-1398,0.998,111923,-0.01,46.7,-0.001,-0.1,81.9,-0.0,-0.01,1199,3,1,"{'or_bars': 3, 'trade_mode': 'Both', 'stop_frac': 1.75, 'vpace_filter': 0.6, 'breakout_buf': 0.15, 'close_confirm': False, 'partial_exit_R': 2.0, 'trail_bars': 1, 'be_after_R': 2.2, 'atr_filter': 1.2, 'target_R': 2.5, 'flat_eod': True, 'skip_holidays': True}"
301,561,-2608,0.99,53537,-0.05,51.2,-0.005,-0.2,37.3,-0.01,-0.02,960,4,1,"{'or_bars': 6, 'trade_mode': 'Long Only', 'stop_frac': 1.25, 'vpace_filter': 0.8, 'breakout_buf': 0.35, 'close_confirm': True, 'partial_exit_R': 3.5, 'trail_bars': 14, 'be_after_R': 1.0, 'atr_filter': 1.2, 'target_R': 5.5, 'flat_eod': False, 'skip_holidays': True}"
302,2859,-1172,0.999,63189,-0.02,24.0,-0.001,-0.2,189.9,-0.0,-0.01,451,2,1,"{'or_bars': 1, 'trade_mode': 'Short Only', 'stop_frac': 1.0, 'vpace_filter': 0.0, 'breakout_buf': 0.3, 'close_confirm': False, 'partial_exit_R': 4.0, 'trail_bars': 13, 'be_after_R': 1.7, 'atr_filter': 0.1, 'target_R': 7.5, 'flat_eod': False, 'skip_holidays': True}"
303,649,-735,0.995,38941,-0.02,26.3,-0.004,-0.2,43.1,-0.01,-0.01,309,2,1,"{'or_bars': 12, 'trade_mode': 'Both', 'stop_frac': 1.25, 'vpace_filter': 0.0, 'breakout_buf': 0.45, 'close_confirm': False, 'partial_exit_R': 3.5, 'trail_bars': 10, 'be_after_R': 0.1, 'atr_filter': 1.3, 'target_R': 1.0, 'flat_eod': False, 'skip_holidays': False}"
304,1186,-3558,0.992,36836,-0.1,41.6,-0.004,-0.3,78.8,-0.02,-0.03,683,2,2,"{'or_bars': 10, 'trade_mode': 'Short Only', 'stop_frac': 0.75, 'vpace_filter': 0.3, 'breakout_buf': 0.45, 'close_confirm': True, 'partial_exit_R': 2.0, 'trail_bars': 0, 'be_after_R': 3.1, 'atr_filter': 0.5, 'target_R': 4.5, 'flat_eod': False, 'skip_holidays': True}"
305,1500,-4058,0.994,37786,-0.11,49.7,-0.003,-0.3,99.6,-0.02,-0.02,874,3,2,"{'or_bars': 12, 'trade_mode': 'Short Only', 'stop_frac': 2.0, 'vpace_filter': 0.3, 'breakout_buf': 0.3, 'close_confirm': False, 'partial_exit_R': 0.5, 'trail_bars': 20, 'be_after_R': 2.9, 'atr_filter': 0.4, 'target_R': 3.5, 'flat_eod': False, 'skip_holidays': False}"
306,543,-2943,0.968,14162,-0.21,67.8,-0.01,-0.4,36.1,-0.06,-0.08,527,3,4,"{'or_bars': 1, 'trade_mode': 'Long Only', 'stop_frac': 1.0, 'vpace_filter': 1.3, 'breakout_buf': 0.2, 'close_confirm': True, 'partial_exit_R': 3.5, 'trail_bars': 15, 'be_after_R': 3.0, 'atr_filter': 0.2, 'target_R': 0.5, 'flat_eod': True, 'skip_holidays': True}"
307,319,-4689,0.966,23187,-0.2,45.8,-0.018,-0.4,21.2,-0.05,-0.07,799,3,2,"{'or_bars': 7, 'trade_mode': 'First-candle dir', 'stop_frac': 1.0, 'vpace_filter': 1.4, 'breakout_buf': 0.5, 'close_confirm': False, 'partial_exit_R': 2.0, 'trail_bars': 12, 'be_after_R': 2.9, 'atr_filter': 0.6, 'target_R': 7.5, 'flat_eod': False, 'skip_holidays': True}"
308,104,-6626,0.893,21253,-0.31,43.3,-0.061,-0.4,6.9,-0.09,-0.13,1047,2,1,"{'or_bars': 12, 'trade_mode': 'Short Only', 'stop_frac': 2.25, 'vpace_filter': 1.3, 'breakout_buf': 0.4, 'close_confirm': False, 'partial_exit_R': 4.5, 'trail_bars': 11, 'be_after_R': 1.4, 'atr_filter': 1.5, 'target_R': 1.0, 'flat_eod': True, 'skip_holidays': False}"
309,446,-4427,0.972,19925,-0.22,40.1,-0.017,-0.5,29.6,-0.05,-0.08,596,4,2,"{'or_bars': 10, 'trade_mode': 'Short Only', 'stop_frac': 0.5, 'vpace_filter': 1.3, 'breakout_buf': 0.35, 'close_confirm': False, 'partial_exit_R': 2.0, 'trail_bars': 20, 'be_after_R': 2.5, 'atr_filter': 0.3, 'target_R': 2.0, 'flat_eod': True, 'skip_holidays': True}"
310,474,-6389,0.971,28316,-0.23,43.5,-0.016,-0.5,31.5,-0.05,-0.08,822,3,1,"{'or_bars': 6, 'trade_mode': 'Long Only', 'stop_frac': 0.75, 'vpace_filter': 0.2, 'breakout_buf': 0.2, 'close_confirm': False, 'partial_exit_R': 2.5, 'trail_bars': 8, 'be_after_R': 1.7, 'atr_filter': 1.4, 'target_R': 3.0, 'flat_eod': True, 'skip_holidays': True}"
311,177,-7093,0.936,41030,-0.17,39.0,-0.039,-0.5,11.8,-0.06,-0.11,1032,2,1,"{'or_bars': 2, 'trade_mode': 'Both', 'stop_frac': 1.75, 'vpace_filter': 1.4, 'breakout_buf': 0.35, 'close_confirm': False, 'partial_exit_R': 4.0, 'trail_bars': 2, 'be_after_R': 1.3, 'atr_filter': 1.5, 'target_R': 3.0, 'flat_eod': False, 'skip_holidays': True}"
312,245,-8561,0.936,27866,-0.31,44.5,-0.036,-0.6,16.3,-0.08,-0.12,979,2,2,"{'or_bars': 1, 'trade_mode': 'Long Only', 'stop_frac': 2.25, 'vpace_filter': 1.4, 'breakout_buf': 0.05, 'close_confirm': False, 'partial_exit_R': 4.0, 'trail_bars': 13, 'be_after_R': 3.4, 'atr_filter': 1.2, 'target_R': 6.0, 'flat_eod': True, 'skip_holidays': True}"
313,523,-9849,0.965,55294,-0.18,52.8,-0.017,-0.6,34.7,-0.05,-0.08,1132,4,1,"{'or_bars': 5, 'trade_mode': 'Long Only', 'stop_frac': 2.25, 'vpace_filter': 0.3, 'breakout_buf': 0.35, 'close_confirm': True, 'partial_exit_R': 4.0, 'trail_bars': 19, 'be_after_R': 1.0, 'atr_filter': 1.3, 'target_R': 8.0, 'flat_eod': True, 'skip_holidays': False}"
314,114,-11960,0.811,19448,-0.61,53.5,-0.088,-0.7,7.6,-0.17,-0.2,1192,3,1,"{'or_bars': 8, 'trade_mode': 'First-candle dir', 'stop_frac': 1.75, 'vpace_filter': 1.4, 'breakout_buf': 0.45, 'close_confirm': False, 'partial_exit_R': 0.5, 'trail_bars': 9, 'be_after_R': 2.8, 'atr_filter': 1.4, 'target_R': 5.5, 'flat_eod': True, 'skip_holidays': True}"
315,584,-8585,0.965,37817,-0.23,47.8,-0.018,-0.7,38.8,-0.07,-0.09,806,4,2,"{'or_bars': 11, 'trade_mode': 'Both', 'stop_frac': 1.0, 'vpace_filter': 1.3, 'breakout_buf': 0.4, 'close_confirm': False, 'partial_exit_R': 1.5, 'trail_bars': 20, 'be_after_R': 2.4, 'atr_filter': 0.2, 'target_R': 6.0, 'flat_eod': True, 'skip_holidays': False}"
316,70,-15576,0.662,15634,-1.0,54.3,-0.154,-0.7,4.6,-0.22,-0.25,1442,2,1,"{'or_bars': 7, 'trade_mode': 'Long Only', 'stop_frac': 1.0, 'vpace_filter': 1.4, 'breakout_buf': 0.2, 'close_confirm': True, 'partial_exit_R': 5.5, 'trail_bars': 2, 'be_after_R': 2.8, 'atr_filter': 1.5, 'target_R': 4.0, 'flat_eod': False, 'skip_holidays': False}"
317,1301,-6130,0.982,39176,-0.16,47.6,-0.01,-0.8,86.4,-0.06,-0.08,496,5,1,"{'or_bars': 12, 'trade_mode': 'Long Only', 'stop_frac': 0.5, 'vpace_filter': 0.3, 'breakout_buf': 0.45, 'close_confirm': False, 'partial_exit_R': 5.5, 'trail_bars': 3, 'be_after_R': 2.7, 'atr_filter': 0.0, 'target_R': 1.5, 'flat_eod': False, 'skip_holidays': True}"
318,1376,-13214,0.98,57799,-0.23,52.6,-0.009,-0.8,91.4,-0.06,-0.08,1038,5,1,"{'or_bars': 6, 'trade_mode': 'Both', 'stop_frac': 1.25, 'vpace_filter': 0.3, 'breakout_buf': 0.4, 'close_confirm': True, 'partial_exit_R': 1.0, 'trail_bars': 18, 'be_after_R': 2.3, 'atr_filter': 1.1, 'target_R': 1.5, 'flat_eod': True, 'skip_holidays': False}"
319,231,-14932,0.91,34613,-0.43,43.7,-0.05,-0.8,15.3,-0.11,-0.14,1282,2,1,"{'or_bars': 6, 'trade_mode': 'Short Only', 'stop_frac': 2.5, 'vpace_filter': 1.2, 'breakout_buf': 0.05, 'close_confirm': True, 'partial_exit_R': 5.0, 'trail_bars': 5, 'be_after_R': 0.7, 'atr_filter': 1.4, 'target_R': 4.5, 'flat_eod': True, 'skip_holidays': True}"
320,455,-15800,0.941,41855,-0.38,56.0,-0.026,-0.8,30.2,-0.1,-0.13,1343,2,1,"{'or_bars': 5, 'trade_mode': 'Short Only', 'stop_frac': 2.25, 'vpace_filter': 0.2, 'breakout_buf': 0.35, 'close_confirm': True, 'partial_exit_R': 0.5, 'trail_bars': 1, 'be_after_R': 2.4, 'atr_filter': 1.3, 'target_R': 2.0, 'flat_eod': True, 'skip_holidays': True}"
321,388,-19481,0.927,63825,-0.31,53.4,-0.034,-0.9,25.8,-0.1,-0.15,1469,3,1,"{'or_bars': 8, 'trade_mode': 'First-candle dir', 'stop_frac': 2.25, 'vpace_filter': 0.2, 'breakout_buf': 0.15, 'close_confirm': True, 'partial_exit_R': 6.0, 'trail_bars': 2, 'be_after_R': 2.2, 'atr_filter': 1.5, 'target_R': 0.0, 'flat_eod': True, 'skip_holidays': False}"
322,3225,-3886,0.994,29817,-0.13,27.9,-0.004,-0.9,214.2,-0.03,-0.05,283,4,2,"{'or_bars': 2, 'trade_mode': 'First-candle dir', 'stop_frac': 1.0, 'vpace_filter': 0.6, 'breakout_buf': 0.1, 'close_confirm': False, 'partial_exit_R': 0.0, 'trail_bars': 7, 'be_after_R': 3.7, 'atr_filter': 0.5, 'target_R': 2.0, 'flat_eod': False, 'skip_holidays': True}"
323,835,-11486,0.969,33993,-0.34,47.9,-0.016,-0.9,55.5,-0.08,-0.1,859,2,1,"{'or_bars': 10, 'trade_mode': 'Short Only', 'stop_frac': 1.0, 'vpace_filter': 1.0, 'breakout_buf': 0.45, 'close_confirm': True, 'partial_exit_R': 5.5, 'trail_bars': 17, 'be_after_R': 1.9, 'atr_filter': 0.2, 'target_R': 1.0, 'flat_eod': True, 'skip_holidays': True}"
324,124,-13443,0.805,27409,-0.49,46.0,-0.105,-0.9,8.2,-0.16,-0.18,1031,1,1,"{'or_bars': 9, 'trade_mode': 'First-candle dir', 'stop_frac': 2.5, 'vpace_filter': 1.4, 'breakout_buf': 0.3, 'close_confirm': True, 'partial_exit_R': 1.5, 'trail_bars': 8, 'be_after_R': 0.4, 'atr_filter': 1.4, 'target_R': 3.0, 'flat_eod': True, 'skip_holidays': True}"
325,1423,-14797,0.982,90066,-0.16,46.3,-0.01,-0.9,94.5,-0.05,-0.08,1091,3,3,"{'or_bars': 3, 'trade_mode': 'Both', 'stop_frac': 2.25, 'vpace_filter': 1.2, 'breakout_buf': 0.0, 'close_confirm': False, 'partial_exit_R': 3.5, 'trail_bars': 16, 'be_after_R': 3.0, 'atr_filter': 0.6, 'target_R': 5.5, 'flat_eod': False, 'skip_holidays': False}"
326,158,-18146,0.831,28709,-0.63,42.4,-0.098,-1.0,10.5,-0.19,-0.26,1177,4,1,"{'or_bars': 3, 'trade_mode': 'Short Only', 'stop_frac': 2.25, 'vpace_filter': 1.4, 'breakout_buf': 0.1, 'close_confirm': True, 'partial_exit_R': 5.5, 'trail_bars': 2, 'be_after_R': 3.6, 'atr_filter': 1.4, 'target_R': 2.0, 'flat_eod': False, 'skip_holidays': True}"
327,346,-14372,0.916,33796,-0.43,49.1,-0.043,-1.0,23.0,-0.12,-0.16,975,4,2,"{'or_bars': 7, 'trade_mode': 'First-candle dir', 'stop_frac': 1.75, 'vpace_filter': 1.4, 'breakout_buf': 0.4, 'close_confirm': False, 'partial_exit_R': 5.0, 'trail_bars': 11, 'be_after_R': 1.7, 'atr_filter': 0.0, 'target_R': 0.0, 'flat_eod': True, 'skip_holidays': True}"
328,216,-11633,0.889,35615,-0.33,33.3,-0.074,-1.1,14.3,-0.1,-0.15,730,1,1,"{'or_bars': 9, 'trade_mode': 'Short Only', 'stop_frac': 2.25, 'vpace_filter': 0.3, 'breakout_buf': 0.5, 'close_confirm': False, 'partial_exit_R': 1.5, 'trail_bars': 11, 'be_after_R': 0.2, 'atr_filter': 1.5, 'target_R': 4.5, 'flat_eod': True, 'skip_holidays': True}"
329,300,-6584,0.872,14142,-0.47,55.3,-0.057,-1.1,19.9,-0.18,-0.26,384,3,1,"{'or_bars': 1, 'trade_mode': 'Long Only', 'stop_frac': 0.75, 'vpace_filter': 1.2, 'breakout_buf': 0.35, 'close_confirm': True, 'partial_exit_R': 0.5, 'trail_bars': 15, 'be_after_R': 0.4, 'atr_filter': 1.3, 'target_R': 0.0, 'flat_eod': True, 'skip_holidays': False}"
330,367,-8893,0.931,32668,-0.27,27.0,-0.051,-1.2,24.4,-0.08,-0.11,479,2,2,"{'or_bars': 6, 'trade_mode': 'Short Only', 'stop_frac': 2.0, 'vpace_filter': 1.4, 'breakout_buf': 0.4, 'close_confirm': False, 'partial_exit_R': 4.5, 'trail_bars': 8, 'be_after_R': 0.2, 'atr_filter': 0.7, 'target_R': 3.5, 'flat_eod': True, 'skip_holidays': False}"
331,224,-21649,0.84,33339,-0.65,47.8,-0.084,-1.2,14.9,-0.2,-0.24,1155,3,1,"{'or_bars': 7, 'trade_mode': 'Short Only', 'stop_frac': 2.25, 'vpace_filter': 1.4, 'breakout_buf': 0.0, 'close_confirm': False, 'partial_exit_R': 5.0, 'trail_bars': 18, 'be_after_R': 1.4, 'atr_filter': 1.2, 'target_R': 4.0, 'flat_eod': False, 'skip_holidays': False}"
332,891,-23341,0.955,63443,-0.37,54.3,-0.021,-1.2,59.2,-0.11,-0.15,1267,3,1,"{'or_bars': 5, 'trade_mode': 'Short Only', 'stop_frac': 2.5, 'vpace_filter': 0.6, 'breakout_buf': 0.2, 'close_confirm': True, 'partial_exit_R': 1.5, 'trail_bars': 19, 'be_after_R': 3.1, 'atr_filter': 1.1, 'target_R': 0.5, 'flat_eod': True, 'skip_holidays': False}"
333,1147,-14734,0.972,41529,-0.35,45.4,-0.015,-1.2,76.2,-0.07,-0.1,843,2,1,"{'or_bars': 11, 'trade_mode': 'Short Only', 'stop_frac': 2.5, 'vpace_filter': 0.1, 'breakout_buf': 0.45, 'close_confirm': True, 'partial_exit_R': 1.5, 'trail_bars': 3, 'be_after_R': 2.8, 'atr_filter': 0.0, 'target_R': 2.0, 'flat_eod': False, 'skip_holidays': True}"
334,342,-14523,0.914,41950,-0.35,31.9,-0.059,-1.3,22.7,-0.11,-0.16,726,4,1,"{'or_bars': 5, 'trade_mode': 'Short Only', 'stop_frac': 1.5, 'vpace_filter': 0.4, 'breakout_buf': 0.4, 'close_confirm': True, 'partial_exit_R': 1.0, 'trail_bars': 20, 'be_after_R': 0.3, 'atr_filter': 1.4, 'target_R': 1.5, 'flat_eod': True, 'skip_holidays': True}"
335,1735,-18563,0.974,65763,-0.28,57.6,-0.011,-1.3,115.2,-0.09,-0.11,975,3,2,"{'or_bars': 8, 'trade_mode': 'Short Only', 'stop_frac': 1.25, 'vpace_filter': 0.6, 'breakout_buf': 0.1, 'close_confirm': False, 'partial_exit_R': 0.5, 'trail_bars': 14, 'be_after_R': 4.0, 'atr_filter': 0.8, 'target_R': 6.5, 'flat_eod': False, 'skip_holidays': False}"
336,151,-23267,0.761,41754,-0.56,47.0,-0.126,-1.3,10.0,-0.24,-0.3,1218,2,1,"{'or_bars': 12, 'trade_mode': 'Short Only', 'stop_frac': 2.5, 'vpace_filter': 1.3, 'breakout_buf': 0.45, 'close_confirm': False, 'partial_exit_R': 5.0, 'trail_bars': 15, 'be_after_R': 2.4, 'atr_filter': 1.3, 'target_R': 1.5, 'flat_eod': True, 'skip_holidays': True}"
337,356,-13114,0.922,45378,-0.29,26.1,-0.058,-1.4,23.6,-0.11,-0.19,639,4,1,"{'or_bars': 6, 'trade_mode': 'Short Only', 'stop_frac': 0.75, 'vpace_filter': 1.1, 'breakout_buf': 0.05, 'close_confirm': True, 'partial_exit_R': 4.5, 'trail_bars': 0, 'be_after_R': 0.8, 'atr_filter': 1.3, 'target_R': 0.0, 'flat_eod': False, 'skip_holidays': False}"
338,692,-20731,0.937,64508,-0.32,52.0,-0.03,-1.4,46.0,-0.11,-0.18,984,4,1,"{'or_bars': 12, 'trade_mode': 'Long Only', 'stop_frac': 1.0, 'vpace_filter': 0.3, 'breakout_buf': 0.15, 'close_confirm': False, 'partial_exit_R': 5.0, 'trail_bars': 14, 'be_after_R': 1.8, 'atr_filter': 1.2, 'target_R': 4.5, 'flat_eod': True, 'skip_holidays': True}"
339,339,-4904,0.922,13552,-0.36,21.8,-0.061,-1.4,22.5,-0.09,-0.21,239,3,1,"{'or_bars': 11, 'trade_mode': 'First-candle dir', 'stop_frac': 1.0, 'vpace_filter': 1.4, 'breakout_buf': 0.2, 'close_confirm': True, 'partial_exit_R': 0.0, 'trail_bars': 13, 'be_after_R': 3.9, 'atr_filter': 0.0, 'target_R': 1.5, 'flat_eod': False, 'skip_holidays': False}"
340,472,-9842,0.934,31168,-0.32,30.7,-0.046,-1.4,31.3,-0.11,-0.2,455,3,2,"{'or_bars': 1, 'trade_mode': 'Both', 'stop_frac': 1.0, 'vpace_filter': 1.4, 'breakout_buf': 0.5, 'close_confirm': True, 'partial_exit_R': 2.5, 'trail_bars': 7, 'be_after_R': 1.7, 'atr_filter': 1.0, 'target_R': 5.5, 'flat_eod': False, 'skip_holidays': False}"
341,426,-5806,0.916,24838,-0.23,28.6,-0.06,-1.7,28.3,-0.1,-0.23,229,2,3,"{'or_bars': 4, 'trade_mode': 'Long Only', 'stop_frac': 2.0, 'vpace_filter': 1.3, 'breakout_buf': 0.05, 'close_confirm': True, 'partial_exit_R': 0.0, 'trail_bars': 5, 'be_after_R': 0.4, 'atr_filter': 0.2, 'target_R': 4.5, 'flat_eod': True, 'skip_holidays': False}"
342,399,-26948,0.87,48551,-0.56,45.4,-0.071,-1.9,26.5,-0.2,-0.27,953,3,2,"{'or_bars': 10, 'trade_mode': 'Short Only', 'stop_frac': 2.5, 'vpace_filter': 1.3, 'breakout_buf': 0.5, 'close_confirm': False, 'partial_exit_R': 6.0, 'trail_bars': 14, 'be_after_R': 2.4, 'atr_filter': 0.5, 'target_R': 6.5, 'flat_eod': False, 'skip_holidays': False}"
343,678,-37583,0.908,68498,-0.55,53.7,-0.042,-1.9,45.0,-0.19,-0.24,1308,4,1,"{'or_bars': 8, 'trade_mode': 'Both', 'stop_frac': 2.0, 'vpace_filter': 0.1, 'breakout_buf': 0.2, 'close_confirm': False, 'partial_exit_R': 0.5, 'trail_bars': 7, 'be_after_R': 1.0, 'atr_filter': 1.4, 'target_R': 7.0, 'flat_eod': True, 'skip_holidays': True}"
344,193,-12979,0.647,13029,-1.0,58.5,-0.146,-1.9,12.8,-0.5,-0.56,459,1,1,"{'or_bars': 2, 'trade_mode': 'First-candle dir', 'stop_frac': 0.5, 'vpace_filter': 1.3, 'breakout_buf': 0.1, 'close_confirm': False, 'partial_exit_R': 2.0, 'trail_bars': 14, 'be_after_R': 3.9, 'atr_filter': 1.5, 'target_R': 0.5, 'flat_eod': False, 'skip_holidays': True}"
345,2200,-11208,0.983,59827,-0.19,23.2,-0.013,-1.9,146.1,-0.05,-0.09,402,2,2,"{'or_bars': 6, 'trade_mode': 'Short Only', 'stop_frac': 0.75, 'vpace_filter': 0.1, 'breakout_buf': 0.2, 'close_confirm': False, 'partial_exit_R': 3.0, 'trail_bars': 13, 'be_after_R': 0.5, 'atr_filter': 0.1, 'target_R': 0.0, 'flat_eod': True, 'skip_holidays': False}"
346,244,-30863,0.783,56602,-0.55,42.2,-0.125,-2.0,16.2,-0.25,-0.4,1008,2,1,"{'or_bars': 5, 'trade_mode': 'First-candle dir', 'stop_frac': 1.5, 'vpace_filter': 1.4, 'breakout_buf': 0.15, 'close_confirm': False, 'partial_exit_R': 5.5, 'trail_bars': 16, 'be_after_R': 0.9, 'atr_filter': 1.2, 'target_R': 1.5, 'flat_eod': False, 'skip_holidays': False}"
347,1539,-33493,0.947,43619,-0.77,61.8,-0.02,-2.1,102.2,-0.17,-0.2,1079,2,1,"{'or_bars': 9, 'trade_mode': 'Both', 'stop_frac': 1.0, 'vpace_filter': 0.3, 'breakout_buf': 0.15, 'close_confirm': False, 'partial_exit_R': 5.0, 'trail_bars': 13, 'be_after_R': 1.9, 'atr_filter': 1.1, 'target_R': 0.5, 'flat_eod': True, 'skip_holidays': True}"
348,726,-26902,0.927,56326,-0.48,40.2,-0.044,-2.1,48.2,-0.16,-0.27,848,1,1,"{'or_bars': 1, 'trade_mode': 'Long Only', 'stop_frac': 1.5, 'vpace_filter': 0.4, 'breakout_buf': 0.25, 'close_confirm': True, 'partial_exit_R': 3.5, 'trail_bars': 9, 'be_after_R': 2.5, 'atr_filter': 1.3, 'target_R': 7.5, 'flat_eod': True, 'skip_holidays': True}"
349,2304,-30447,0.976,75969,-0.4,43.9,-0.014,-2.1,153.0,-0.09,-0.13,968,3,1,"{'or_bars': 4, 'trade_mode': 'Short Only', 'stop_frac': 2.25, 'vpace_filter': 0.0, 'breakout_buf': 0.05, 'close_confirm': True, 'partial_exit_R': 2.0, 'trail_bars': 13, 'be_after_R': 3.8, 'atr_filter': 0.6, 'target_R': 0.0, 'flat_eod': False, 'skip_holidays': True}"
350,799,-16147,0.914,21255,-0.76,51.2,-0.042,-2.2,53.1,-0.24,-0.32,481,4,1,"{'or_bars': 3, 'trade_mode': 'Short Only', 'stop_frac': 0.5, 'vpace_filter': 0.7, 'breakout_buf': 0.5, 'close_confirm': True, 'partial_exit_R': 6.0, 'trail_bars': 6, 'be_after_R': 3.4, 'atr_filter': 1.1, 'target_R': 1.0, 'flat_eod': False, 'skip_holidays': True}"
351,1155,-37749,0.946,78138,-0.48,46.4,-0.029,-2.2,76.7,-0.14,-0.2,1130,2,2,"{'or_bars': 8, 'trade_mode': 'Short Only', 'stop_frac': 2.25, 'vpace_filter': 0.4, 'breakout_buf': 0.05, 'close_confirm': True, 'partial_exit_R': 2.0, 'trail_bars': 13, 'be_after_R': 3.7, 'atr_filter': 1.0, 'target_R': 5.0, 'flat_eod': False, 'skip_holidays': False}"
352,1861,-9023,0.976,32895,-0.27,26.3,-0.017,-2.2,123.6,-0.07,-0.15,279,2,1,"{'or_bars': 11, 'trade_mode': 'First-candle dir', 'stop_frac': 1.25, 'vpace_filter': 0.0, 'breakout_buf': 0.1, 'close_confirm': False, 'partial_exit_R': 0.0, 'trail_bars': 20, 'be_after_R': 0.0, 'atr_filter': 0.9, 'target_R': 1.0, 'flat_eod': True, 'skip_holidays': True}"
353,568,-18774,0.89,30184,-0.62,48.1,-0.057,-2.2,37.7,-0.23,-0.34,578,4,1,"{'or_bars': 5, 'trade_mode': 'Long Only', 'stop_frac': 0.5, 'vpace_filter': 0.9, 'breakout_buf': 0.0, 'close_confirm': False, 'partial_exit_R': 1.0, 'trail_bars': 17, 'be_after_R': 2.2, 'atr_filter': 1.3, 'target_R': 8.0, 'flat_eod': False, 'skip_holidays': True}"
354,3471,-30725,0.98,102892,-0.3,52.1,-0.009,-2.2,230.5,-0.09,-0.12,946,2,1,"{'or_bars': 8, 'trade_mode': 'Both', 'stop_frac': 2.5, 'vpace_filter': 0.5, 'breakout_buf': 0.1, 'close_confirm': True, 'partial_exit_R': 0.5, 'trail_bars': 16, 'be_after_R': 3.9, 'atr_filter': 0.2, 'target_R': 0.5, 'flat_eod': False, 'skip_holidays': False}"
355,210,-39308,0.69,46697,-0.84,45.2,-0.17,-2.4,13.9,-0.41,-0.52,1103,2,2,"{'or_bars': 5, 'trade_mode': 'First-candle dir', 'stop_frac': 1.5, 'vpace_filter': 1.4, 'breakout_buf': 0.35, 'close_confirm': False, 'partial_exit_R': 3.0, 'trail_bars': 1, 'be_after_R': 3.1, 'atr_filter': 1.2, 'target_R': 7.0, 'flat_eod': False, 'skip_holidays': False}"
356,574,-11015,0.899,18487,-0.6,38.0,-0.062,-2.4,38.1,-0.19,-0.3,307,2,1,"{'or_bars': 1, 'trade_mode': 'Long Only', 'stop_frac': 0.75, 'vpace_filter': 0.9, 'breakout_buf': 0.3, 'close_confirm': True, 'partial_exit_R': 0.5, 'trail_bars': 17, 'be_after_R': 2.0, 'atr_filter': 1.3, 'target_R': 6.5, 'flat_eod': True, 'skip_holidays': True}"
357,2429,-38958,0.971,68886,-0.57,46.3,-0.016,-2.5,161.3,-0.12,-0.17,1027,2,2,"{'or_bars': 2, 'trade_mode': 'Short Only', 'stop_frac': 2.25, 'vpace_filter': 0.7, 'breakout_buf': 0.15, 'close_confirm': False, 'partial_exit_R': 1.0, 'trail_bars': 2, 'be_after_R': 3.5, 'atr_filter': 0.7, 'target_R': 0.0, 'flat_eod': True, 'skip_holidays': True}"
358,561,-49893,0.866,76911,-0.65,50.4,-0.066,-2.5,37.3,-0.27,-0.35,1344,2,1,"{'or_bars': 8, 'trade_mode': 'Short Only', 'stop_frac': 2.5, 'vpace_filter': 0.5, 'breakout_buf': 0.1, 'close_confirm': False, 'partial_exit_R': 0.5, 'trail_bars': 6, 'be_after_R': 2.0, 'atr_filter': 1.3, 'target_R': 5.0, 'flat_eod': True, 'skip_holidays': False}"
359,126,-45202,0.517,45609,-0.99,37.3,-0.303,-2.5,8.4,-0.57,-0.64,1185,2,1,"{'or_bars': 6, 'trade_mode': 'Short Only', 'stop_frac': 1.5, 'vpace_filter': 1.4, 'breakout_buf': 0.45, 'close_confirm': False, 'partial_exit_R': 2.5, 'trail_bars': 10, 'be_after_R': 0.7, 'atr_filter': 1.4, 'target_R': 1.5, 'flat_eod': False, 'skip_holidays': True}"
360,1335,-32785,0.931,52880,-0.62,59.2,-0.028,-2.5,88.7,-0.21,-0.27,874,1,1,"{'or_bars': 4, 'trade_mode': 'Short Only', 'stop_frac': 1.25, 'vpace_filter': 0.0, 'breakout_buf': 0.5, 'close_confirm': False, 'partial_exit_R': 0.5, 'trail_bars': 9, 'be_after_R': 0.0, 'atr_filter': 0.9, 'target_R': 5.0, 'flat_eod': True, 'skip_holidays': False}"
361,737,-23253,0.916,40920,-0.57,35.8,-0.054,-2.6,49.0,-0.2,-0.33,586,2,1,"{'or_bars': 5, 'trade_mode': 'First-candle dir', 'stop_frac': 0.5, 'vpace_filter': 0.5, 'breakout_buf': 0.1, 'close_confirm': True, 'partial_exit_R': 3.5, 'trail_bars': 17, 'be_after_R': 4.0, 'atr_filter': 1.3, 'target_R': 2.0, 'flat_eod': True, 'skip_holidays': False}"
362,706,-23819,0.903,30990,-0.77,41.8,-0.056,-2.6,46.9,-0.24,-0.35,597,1,1,"{'or_bars': 6, 'trade_mode': 'Long Only', 'stop_frac': 0.5, 'vpace_filter': 0.0, 'breakout_buf': 0.05, 'close_confirm': False, 'partial_exit_R': 1.5, 'trail_bars': 3, 'be_after_R': 3.5, 'atr_filter': 1.3, 'target_R': 7.0, 'flat_eod': False, 'skip_holidays': False}"
363,298,-15514,0.815,24783,-0.63,24.8,-0.139,-2.7,19.8,-0.17,-0.25,375,2,1,"{'or_bars': 5, 'trade_mode': 'Both', 'stop_frac': 2.25, 'vpace_filter': 1.3, 'breakout_buf': 0.35, 'close_confirm': True, 'partial_exit_R': 0.0, 'trail_bars': 14, 'be_after_R': 2.1, 'atr_filter': 1.3, 'target_R': 1.5, 'flat_eod': True, 'skip_holidays': True}"
364,2343,-20078,0.971,39882,-0.5,40.3,-0.017,-2.7,155.6,-0.13,-0.2,496,3,2,"{'or_bars': 2, 'trade_mode': 'Short Only', 'stop_frac': 0.75, 'vpace_filter': 0.1, 'breakout_buf': 0.25, 'close_confirm': True, 'partial_exit_R': 5.5, 'trail_bars': 14, 'be_after_R': 2.9, 'atr_filter': 0.4, 'target_R': 1.5, 'flat_eod': False, 'skip_holidays': True}"
365,340,-30194,0.824,31446,-0.96,30.6,-0.122,-2.8,22.6,-0.25,-0.33,727,2,1,"{'or_bars': 8, 'trade_mode': 'Both', 'stop_frac': 1.25, 'vpace_filter': 1.2, 'breakout_buf': 0.0, 'close_confirm': False, 'partial_exit_R': 3.5, 'trail_bars': 1, 'be_after_R': 0.3, 'atr_filter': 1.4, 'target_R': 2.0, 'flat_eod': True, 'skip_holidays': True}"
366,429,-12908,0.847,23931,-0.54,32.2,-0.103,-2.9,28.5,-0.18,-0.22,291,2,1,"{'or_bars': 7, 'trade_mode': 'Long Only', 'stop_frac': 2.5, 'vpace_filter': 0.1, 'breakout_buf': 0.15, 'close_confirm': True, 'partial_exit_R': 0.0, 'trail_bars': 4, 'be_after_R': 3.4, 'atr_filter': 1.4, 'target_R': 8.0, 'flat_eod': True, 'skip_holidays': False}"
367,737,-13876,0.91,41729,-0.33,30.7,-0.062,-3.1,49.0,-0.13,-0.21,302,1,1,"{'or_bars': 8, 'trade_mode': 'Both', 'stop_frac': 1.5, 'vpace_filter': 0.7, 'breakout_buf': 0.3, 'close_confirm': True, 'partial_exit_R': 0.0, 'trail_bars': 4, 'be_after_R': 1.4, 'atr_filter': 1.3, 'target_R': 1.0, 'flat_eod': True, 'skip_holidays': False}"
368,670,-45460,0.872,46138,-0.99,40.0,-0.077,-3.4,44.5,-0.3,-0.45,883,0,1,"{'or_bars': 6, 'trade_mode': 'Both', 'stop_frac': 0.75, 'vpace_filter': 0.7, 'breakout_buf': 0.1, 'close_confirm': True, 'partial_exit_R': 2.0, 'trail_bars': 9, 'be_after_R': 2.8, 'atr_filter': 1.4, 'target_R': 3.5, 'flat_eod': False, 'skip_holidays': True}"
369,3670,-13421,0.981,40933,-0.33,28.0,-0.014,-3.4,243.8,-0.08,-0.16,264,3,1,"{'or_bars': 2, 'trade_mode': 'Both', 'stop_frac': 1.25, 'vpace_filter': 0.2, 'breakout_buf': 0.4, 'close_confirm': False, 'partial_exit_R': 0.0, 'trail_bars': 6, 'be_after_R': 0.4, 'atr_filter': 0.5, 'target_R': 7.0, 'flat_eod': False, 'skip_holidays': True}"
370,610,-21883,0.894,36840,-0.59,18.5,-0.086,-3.5,40.5,-0.17,-0.31,415,2,1,"{'or_bars': 2, 'trade_mode': 'Short Only', 'stop_frac': 1.0, 'vpace_filter': 0.5, 'breakout_buf': 0.4, 'close_confirm': False, 'partial_exit_R': 3.0, 'trail_bars': 19, 'be_after_R': 0.4, 'atr_filter': 1.3, 'target_R': 6.0, 'flat_eod': False, 'skip_holidays': True}"
371,3536,-62889,0.962,151157,-0.42,52.7,-0.018,-4.2,234.9,-0.18,-0.23,1002,2,1,"{'or_bars': 6, 'trade_mode': 'Both', 'stop_frac': 2.5, 'vpace_filter': 0.2, 'breakout_buf': 0.15, 'close_confirm': True, 'partial_exit_R': 5.0, 'trail_bars': 0, 'be_after_R': 1.0, 'atr_filter': 0.4, 'target_R': 0.5, 'flat_eod': True, 'skip_holidays': True}"
372,568,-20695,0.83,35985,-0.58,21.1,-0.134,-5.1,37.7,-0.27,-0.42,272,4,1,"{'or_bars': 6, 'trade_mode': 'Long Only', 'stop_frac': 0.5, 'vpace_filter': 0.5, 'breakout_buf': 0.3, 'close_confirm': False, 'partial_exit_R': 4.5, 'trail_bars': 2, 'be_after_R': 0.3, 'atr_filter': 1.3, 'target_R': 8.0, 'flat_eod': True, 'skip_holidays': False}"
373,3186,-21342,0.967,62760,-0.34,25.1,-0.024,-5.2,211.6,-0.13,-0.26,274,3,1,"{'or_bars': 6, 'trade_mode': 'Both', 'stop_frac': 1.25, 'vpace_filter': 0.0, 'breakout_buf': 0.4, 'close_confirm': False, 'partial_exit_R': 0.0, 'trail_bars': 16, 'be_after_R': 2.6, 'atr_filter': 0.6, 'target_R': 1.5, 'flat_eod': True, 'skip_holidays': True}"
374,1441,-63311,0.886,78526,-0.81,48.1,-0.059,-5.6,95.7,-0.43,-0.59,745,1,2,"{'or_bars': 1, 'trade_mode': 'Short Only', 'stop_frac': 1.25, 'vpace_filter': 0.9, 'breakout_buf': 0.0, 'close_confirm': False, 'partial_exit_R': 5.5, 'trail_bars': 12, 'be_after_R': 3.4, 'atr_filter': 1.0, 'target_R': 1.0, 'flat_eod': False, 'skip_holidays': True}"
375,811,-42421,0.796,45579,-0.93,48.2,-0.106,-5.7,53.9,-0.58,-0.76,495,1,2,"{'or_bars': 4, 'trade_mode': 'Both', 'stop_frac': 0.5, 'vpace_filter': 1.3, 'breakout_buf': 0.45, 'close_confirm': False, 'partial_exit_R': 6.0, 'trail_bars': 17, 'be_after_R': 2.3, 'atr_filter': 0.0, 'target_R': 1.0, 'flat_eod': True, 'skip_holidays': False}"
376,2452,-26652,0.95,53878,-0.49,27.4,-0.036,-5.9,162.9,-0.17,-0.37,301,1,2,"{'or_bars': 2, 'trade_mode': 'Short Only', 'stop_frac': 0.75, 'vpace_filter': 0.1, 'breakout_buf': 0.2, 'close_confirm': True, 'partial_exit_R': 0.0, 'trail_bars': 7, 'be_after_R': 2.0, 'atr_filter': 0.1, 'target_R': 5.0, 'flat_eod': True, 'skip_holidays': False}"
377,2491,-60402,0.897,62131,-0.97,65.4,-0.036,-5.9,165.4,-0.45,-0.53,682,0,2,"{'or_bars': 2, 'trade_mode': 'Short Only', 'stop_frac': 1.0, 'vpace_filter': 0.4, 'breakout_buf': 0.15, 'close_confirm': True, 'partial_exit_R': 6.0, 'trail_bars': 9, 'be_after_R': 1.9, 'atr_filter': 0.2, 'target_R': 0.5, 'flat_eod': True, 'skip_holidays': False}"
378,740,-52853,0.826,60618,-0.87,29.1,-0.123,-6.1,49.1,-0.44,-0.73,580,4,1,"{'or_bars': 5, 'trade_mode': 'Short Only', 'stop_frac': 0.5, 'vpace_filter': 0.2, 'breakout_buf': 0.25, 'close_confirm': False, 'partial_exit_R': 0.0, 'trail_bars': 0, 'be_after_R': 2.3, 'atr_filter': 1.2, 'target_R': 3.0, 'flat_eod': True, 'skip_holidays': False}"
379,1580,-42089,0.898,51630,-0.82,41.6,-0.06,-6.3,104.9,-0.39,-0.58,446,1,1,"{'or_bars': 1, 'trade_mode': 'Long Only', 'stop_frac': 0.75, 'vpace_filter': 0.4, 'breakout_buf': 0.45, 'close_confirm': False, 'partial_exit_R': 3.0, 'trail_bars': 6, 'be_after_R': 2.6, 'atr_filter': 1.0, 'target_R': 1.5, 'flat_eod': False, 'skip_holidays': False}"
380,2319,-94074,0.915,99150,-0.95,50.9,-0.042,-6.4,154.0,-0.34,-0.44,975,1,1,"{'or_bars': 5, 'trade_mode': 'Short Only', 'stop_frac': 2.25, 'vpace_filter': 0.0, 'breakout_buf': 0.05, 'close_confirm': True, 'partial_exit_R': 6.0, 'trail_bars': 6, 'be_after_R': 1.4, 'atr_filter': 0.0, 'target_R': 0.5, 'flat_eod': True, 'skip_holidays': False}"
381,827,-49408,0.826,72922,-0.68,31.9,-0.118,-6.5,54.9,-0.32,-0.42,505,3,1,"{'or_bars': 10, 'trade_mode': 'Both', 'stop_frac': 1.25, 'vpace_filter': 0.4, 'breakout_buf': 0.45, 'close_confirm': True, 'partial_exit_R': 4.5, 'trail_bars': 6, 'be_after_R': 0.2, 'atr_filter': 1.2, 'target_R': 1.0, 'flat_eod': True, 'skip_holidays': True}"
382,2031,-29169,0.904,34905,-0.84,49.5,-0.049,-6.6,134.9,-0.42,-0.58,295,2,1,"{'or_bars': 1, 'trade_mode': 'Long Only', 'stop_frac': 0.5, 'vpace_filter': 0.1, 'breakout_buf': 0.1, 'close_confirm': True, 'partial_exit_R': 2.0, 'trail_bars': 10, 'be_after_R': 2.3, 'atr_filter': 0.9, 'target_R': 1.0, 'flat_eod': True, 'skip_holidays': True}"
383,460,-33004,0.739,33993,-0.97,16.1,-0.219,-6.7,30.6,-0.44,-0.72,328,2,2,"{'or_bars': 6, 'trade_mode': 'Short Only', 'stop_frac': 0.5, 'vpace_filter': 1.3, 'breakout_buf': 0.45, 'close_confirm': False, 'partial_exit_R': 6.0, 'trail_bars': 8, 'be_after_R': 0.4, 'atr_filter': 0.8, 'target_R': 3.5, 'flat_eod': False, 'skip_holidays': False}"
384,430,-31234,0.689,33656,-0.93,24.2,-0.235,-6.7,28.6,-0.52,-0.92,308,2,1,"{'or_bars': 3, 'trade_mode': 'Both', 'stop_frac': 2.0, 'vpace_filter': 1.2, 'breakout_buf': 0.3, 'close_confirm': True, 'partial_exit_R': 0.0, 'trail_bars': 8, 'be_after_R': 2.6, 'atr_filter': 1.3, 'target_R': 4.5, 'flat_eod': False, 'skip_holidays': False}"
385,2452,-33392,0.945,50356,-0.66,24.4,-0.042,-6.8,162.9,-0.18,-0.42,328,1,2,"{'or_bars': 3, 'trade_mode': 'Short Only', 'stop_frac': 2.0, 'vpace_filter': 0.2, 'breakout_buf': 0.2, 'close_confirm': False, 'partial_exit_R': 0.0, 'trail_bars': 13, 'be_after_R': 1.0, 'atr_filter': 0.6, 'target_R': 2.5, 'flat_eod': True, 'skip_holidays': True}"
386,926,-24755,0.868,47473,-0.52,15.4,-0.112,-6.9,61.5,-0.2,-0.34,239,2,1,"{'or_bars': 10, 'trade_mode': 'First-candle dir', 'stop_frac': 0.75, 'vpace_filter': 0.6, 'breakout_buf': 0.0, 'close_confirm': True, 'partial_exit_R': 3.5, 'trail_bars': 1, 'be_after_R': 0.1, 'atr_filter': 1.2, 'target_R': 3.0, 'flat_eod': False, 'skip_holidays': True}"
387,1225,-45658,0.876,48596,-0.94,28.4,-0.089,-7.2,81.4,-0.34,-0.61,421,2,1,"{'or_bars': 3, 'trade_mode': 'Both', 'stop_frac': 0.5, 'vpace_filter': 0.2, 'breakout_buf': 0.25, 'close_confirm': True, 'partial_exit_R': 2.5, 'trail_bars': 2, 'be_after_R': 1.2, 'atr_filter': 1.2, 'target_R': 7.5, 'flat_eod': False, 'skip_holidays': False}"
388,892,-40932,0.83,46783,-0.87,20.3,-0.135,-8.0,59.2,-0.31,-0.4,339,2,1,"{'or_bars': 2, 'trade_mode': 'Long Only', 'stop_frac': 1.75, 'vpace_filter': 0.5, 'breakout_buf': 0.2, 'close_confirm': True, 'partial_exit_R': 1.5, 'trail_bars': 5, 'be_after_R': 0.1, 'atr_filter': 1.2, 'target_R': 7.5, 'flat_eod': False, 'skip_holidays': False}"
389,3739,-82746,0.944,118434,-0.7,41.7,-0.033,-8.1,248.3,-0.32,-0.46,679,3,1,"{'or_bars': 2, 'trade_mode': 'Both', 'stop_frac': 1.0, 'vpace_filter': 0.1, 'breakout_buf': 0.2, 'close_confirm': False, 'partial_exit_R': 5.0, 'trail_bars': 11, 'be_after_R': 3.9, 'atr_filter': 0.3, 'target_R': 1.5, 'flat_eod': False, 'skip_holidays': True}"
390,2929,-106140,0.884,107948,-0.98,63.8,-0.042,-8.2,194.5,-0.57,-0.68,863,0,2,"{'or_bars': 1, 'trade_mode': 'Short Only', 'stop_frac': 1.75, 'vpace_filter': 0.3, 'breakout_buf': 0.25, 'close_confirm': False, 'partial_exit_R': 1.5, 'trail_bars': 3, 'be_after_R': 1.7, 'atr_filter': 0.3, 'target_R': 0.5, 'flat_eod': True, 'skip_holidays': False}"
391,394,-39045,0.605,40018,-0.98,18.8,-0.321,-8.4,26.2,-0.63,-1.2,309,1,1,"{'or_bars': 10, 'trade_mode': 'Short Only', 'stop_frac': 0.75, 'vpace_filter': 0.8, 'breakout_buf': 0.25, 'close_confirm': False, 'partial_exit_R': 0.0, 'trail_bars': 12, 'be_after_R': 0.6, 'atr_filter': 1.3, 'target_R': 5.5, 'flat_eod': True, 'skip_holidays': True}"
392,1866,-96333,0.817,97329,-0.99,62.9,-0.068,-8.4,123.9,-0.75,-0.87,761,0,2,"{'or_bars': 2, 'trade_mode': 'Short Only', 'stop_frac': 1.0, 'vpace_filter': 0.9, 'breakout_buf': 0.1, 'close_confirm': False, 'partial_exit_R': 2.5, 'trail_bars': 10, 'be_after_R': 0.4, 'atr_filter': 0.8, 'target_R': 0.5, 'flat_eod': False, 'skip_holidays': False}"
393,1311,-33795,0.856,52882,-0.64,29.5,-0.101,-8.8,87.1,-0.29,-0.68,255,2,1,"{'or_bars': 5, 'trade_mode': 'Long Only', 'stop_frac': 2.5, 'vpace_filter': 0.1, 'breakout_buf': 0.5, 'close_confirm': False, 'partial_exit_R': 0.0, 'trail_bars': 7, 'be_after_R': 3.4, 'atr_filter': 0.9, 'target_R': 8.0, 'flat_eod': False, 'skip_holidays': True}"
394,2764,-106395,0.878,107925,-0.99,56.7,-0.053,-9.7,183.6,-0.53,-0.7,729,0,2,"{'or_bars': 1, 'trade_mode': 'Short Only', 'stop_frac': 1.75, 'vpace_filter': 0.1, 'breakout_buf': 0.4, 'close_confirm': False, 'partial_exit_R': 0.5, 'trail_bars': 9, 'be_after_R': 1.7, 'atr_filter': 0.3, 'target_R': 6.5, 'flat_eod': True, 'skip_holidays': True}"
395,744,-37024,0.665,42133,-0.88,33.6,-0.222,-11.0,49.4,-0.82,-1.3,224,0,1,"{'or_bars': 11, 'trade_mode': 'Short Only', 'stop_frac': 0.5, 'vpace_filter': 0.0, 'breakout_buf': 0.45, 'close_confirm': False, 'partial_exit_R': 0.0, 'trail_bars': 1, 'be_after_R': 0.5, 'atr_filter': 1.0, 'target_R': 2.5, 'flat_eod': False, 'skip_holidays': True}"
396,2201,-155898,0.848,161199,-0.97,44.3,-0.085,-12.4,146.2,-0.59,-0.73,835,1,2,"{'or_bars': 6, 'trade_mode': 'Short Only', 'stop_frac': 2.25, 'vpace_filter': 0.5, 'breakout_buf': 0.05, 'close_confirm': True, 'partial_exit_R': 0.5, 'trail_bars': 18, 'be_after_R': 0.3, 'atr_filter': 0.4, 'target_R': 0.5, 'flat_eod': False, 'skip_holidays': False}"
397,3077,-48267,0.921,50143,-0.96,22.1,-0.062,-12.6,204.4,-0.35,-0.59,255,4,1,"{'or_bars': 2, 'trade_mode': 'Both', 'stop_frac': 0.5, 'vpace_filter': 0.0, 'breakout_buf': 0.15, 'close_confirm': False, 'partial_exit_R': 5.5, 'trail_bars': 11, 'be_after_R': 0.5, 'atr_filter': 0.8, 'target_R': 2.5, 'flat_eod': False, 'skip_holidays': True}"
398,2415,-53031,0.855,53064,-1.0,32.2,-0.098,-15.8,160.4,-0.52,-0.91,223,1,1,"{'or_bars': 6, 'trade_mode': 'First-candle dir', 'stop_frac': 2.25, 'vpace_filter': 0.2, 'breakout_buf': 0.35, 'close_confirm': False, 'partial_exit_R': 0.0, 'trail_bars': 3, 'be_after_R': 1.8, 'atr_filter': 0.6, 'target_R': 4.0, 'flat_eod': False, 'skip_holidays': False}"
399,967,-74631,0.657,76004,-0.98,25.1,-0.257,-16.5,64.2,-0.93,-1.43,300,2,1,"{'or_bars': 8, 'trade_mode': 'First-candle dir', 'stop_frac': 1.5, 'vpace_filter': 0.8, 'breakout_buf': 0.25, 'close_confirm': False, 'partial_exit_R': 0.0, 'trail_bars': 11, 'be_after_R': 1.8, 'atr_filter': 1.1, 'target_R': 5.0, 'flat_eod': False, 'skip_holidays': False}"
400,3611,-156954,0.705,157506,-1.0,61.9,-0.112,-27.0,239.8,-1.78,-2.03,387,0,1,"{'or_bars': 2, 'trade_mode': 'Both', 'stop_frac': 0.5, 'vpace_filter': 0.7, 'breakout_buf': 0.2, 'close_confirm': False, 'partial_exit_R': 3.5, 'trail_bars': 12, 'be_after_R': 2.7, 'atr_filter': 0.1, 'target_R': 0.5, 'flat_eod': False, 'skip_holidays': False}"
