,Open,High,Low,Close,Volume
2026-08-31 04:00:00-04:00,4.04,4.0939,4.0,4.0939,0
2026-08-31 04:01:00-04:00,4.0692,4.0692,4.0692,4.0692,0
2026-08-31 04:02:00-04:00,4.0308,4.067,4.0308,4.067,0
2026-08-31 04:03:00-04:00,4.067,4.067,4.066,4.066,0
2026-08-31 04:13:00-04:00,4.06,4.06,4.06,4.06,0
2026-08-31 04:17:00-04:00,4.0,4.0628,4.0,4.0628,0
2026-08-31 04:18:00-04:00,4.0056,4.0056,4.0056,4.0056,0
2026-08-31 04:19:00-04:00,3.9977,3.9977,3.9977,3.9977,0
2026-08-31 04:20:00-04:00,3.99,3.99,3.99,3.99,0
2026-08-31 04:21:00-04:00,3.9964,3.9964,3.9964,3.9964,0
2026-08-31 04:29:00-04:00,3.9871,3.9871,3.9871,3.9871,0
2026-08-31 04:32:00-04:00,3.9872,3.9872,3.9872,3.9872,0
2026-08-31 04:33:00-04:00,4.06,4.06,4.06,4.06,0
2026-08-31 04:34:00-04:00,4.06,4.06,4.06,4.06,0
2026-08-31 04:40:00-04:00,4.06,4.06,3.9872,3.9872,0
2026-08-31 04:44:00-04:00,4.06,4.06,4.06,4.06,0
2026-08-31 04:50:00-04:00,3.9872,3.9872,3.9872,3.9872,0
2026-08-31 05:01:00-04:00,3.9871,3.9871,3.9871,3.9871,0
2026-08-31 05:06:00-04:00,4.0,4.0,4.0,4.0,0
2026-08-31 05:13:00-04:00,3.9872,3.9872,3.9872,3.9872,0
2026-08-31 05:15:00-04:00,3.9872,3.9872,3.9872,3.9872,0
2026-08-31 05:26:00-04:00,3.9871,3.9871,3.9871,3.9871,0
2026-08-31 05:29:00-04:00,3.9871,3.9871,3.9871,3.9871,0
2026-08-31 05:48:00-04:00,3.9871,3.9871,3.9871,3.9871,0
2026-08-31 05:50:00-04:00,3.99,3.99,3.99,3.99,0
2026-08-31 05:52:00-04:00,4.0629,4.0629,4.0629,4.0629,0
2026-08-31 05:57:00-04:00,4.0344,4.0344,4.0344,4.0344,0
2026-08-31 05:59:00-04:00,4.0444,4.0444,4.0444,4.0444,0
2026-08-31 06:02:00-04:00,3.9871,3.9871,3.9871,3.9871,0
2026-08-31 06:08:00-04:00,3.9871,3.9871,3.9871,3.9871,0
2026-08-31 06:10:00-04:00,3.9872,3.9872,3.9872,3.9872,0
2026-08-31 06:13:00-04:00,3.99,3.99,3.99,3.99,0
2026-08-31 06:19:00-04:00,3.9872,3.9872,3.9872,3.9872,0
2026-08-31 06:21:00-04:00,4.0697,4.0697,4.0697,4.0697,0
2026-08-31 06:24:00-04:00,3.98,3.98,3.98,3.98,0
2026-08-31 06:26:00-04:00,3.95,3.95,3.95,3.95,0
2026-08-31 06:27:00-04:00,3.95,3.95,3.95,3.95,0
2026-08-31 06:39:00-04:00,3.9779,3.9779,3.9779,3.9779,0
2026-08-31 06:52:00-04:00,3.9779,3.9779,3.9779,3.9779,0
2026-08-31 06:53:00-04:00,3.9779,3.9779,3.9779,3.9779,0
2026-08-31 06:54:00-04:00,3.9779,3.9779,3.9779,3.9779,0
2026-08-31 06:58:00-04:00,3.96,3.99,3.96,3.99,0
2026-08-31 06:59:00-04:00,3.96,3.96,3.96,3.96,0
2026-08-31 07:02:00-04:00,3.9236,3.9236,3.9236,3.9236,0
2026-08-31 07:03:00-04:00,3.92,3.92,3.92,3.92,0
2026-08-31 07:04:00-04:00,3.92,3.92,3.92,3.92,0
2026-08-31 07:11:00-04:00,3.8944,3.8944,3.8944,3.8944,0
2026-08-31 07:12:00-04:00,3.9,3.9,3.8999,3.8999,0
2026-08-31 07:16:00-04:00,3.8852,3.886,3.8852,3.886,0
2026-08-31 07:18:00-04:00,3.9015,3.9015,3.9015,3.9015,0
2026-08-31 07:20:00-04:00,3.9071,3.9071,3.9071,3.9071,0
2026-08-31 07:24:00-04:00,3.9,3.9,3.9,3.9,0
2026-08-31 07:27:00-04:00,3.9828,3.9828,3.9828,3.9828,0
2026-08-31 07:30:00-04:00,3.98,3.9885,3.98,3.9885,0
2026-08-31 07:31:00-04:00,3.98,3.98,3.98,3.98,0
2026-08-31 07:40:00-04:00,3.9,3.9,3.9,3.9,0
2026-08-31 07:56:00-04:00,4.0533,4.0533,4.0533,4.0533,0
2026-08-31 08:01:00-04:00,3.94,3.94,3.94,3.94,0
2026-08-31 08:05:00-04:00,3.97,3.97,3.97,3.97,0
2026-08-31 08:14:00-04:00,4.0525,4.0525,4.0525,4.0525,0
2026-08-31 08:30:00-04:00,4.01,4.01,4.01,4.01,0
2026-08-31 08:33:00-04:00,3.8659,3.8659,3.8659,3.8659,0
2026-08-31 08:50:00-04:00,3.97,3.97,3.97,3.97,0
2026-08-31 08:51:00-04:00,3.97,3.97,3.97,3.97,0
2026-08-31 09:00:00-04:00,3.87,3.87,3.87,3.87,0
2026-08-31 09:01:00-04:00,3.87,3.87,3.87,3.87,0
2026-08-31 09:02:00-04:00,3.87,3.87,3.87,3.87,0
2026-08-31 09:03:00-04:00,3.87,3.87,3.87,3.87,0
2026-08-31 09:11:00-04:00,3.85,3.85,3.85,3.85,0
2026-08-31 09:12:00-04:00,3.82,3.82,3.82,3.82,0
2026-08-31 09:14:00-04:00,3.88,3.88,3.88,3.88,0
2026-08-31 09:16:00-04:00,3.8,3.803,3.8,3.803,0
2026-08-31 09:17:00-04:00,3.99,3.99,3.99,3.99,0
2026-08-31 09:22:00-04:00,3.8291,3.84,3.8291,3.84,0
2026-08-31 09:23:00-04:00,3.84,3.84,3.84,3.84,0
2026-08-31 09:30:00-04:00,3.809999942779541,3.809999942779541,3.809999942779541,3.809999942779541,15223
2026-08-31 09:34:00-04:00,3.843400001525879,3.8499999046325684,3.7799999713897705,3.7988998889923096,9788
2026-08-31 09:35:00-04:00,3.819999933242798,3.819999933242798,3.819999933242798,3.819999933242798,1337
2026-08-31 09:37:00-04:00,3.819999933242798,3.8399999141693115,3.819999933242798,3.8399999141693115,308
2026-08-31 09:42:00-04:00,3.9200000762939453,3.9200000762939453,3.9200000762939453,3.9200000762939453,473
2026-08-31 09:46:00-04:00,3.819999933242798,3.8399999141693115,3.819999933242798,3.8399999141693115,1254
2026-08-31 09:48:00-04:00,3.880000114440918,3.880000114440918,3.880000114440918,3.880000114440918,427
2026-08-31 09:51:00-04:00,3.9149999618530273,3.9149999618530273,3.9149999618530273,3.9149999618530273,1033
2026-08-31 09:52:00-04:00,3.9000000953674316,3.9049999713897705,3.9000000953674316,3.9049999713897705,1353
2026-08-31 09:54:00-04:00,3.880000114440918,3.880000114440918,3.880000114440918,3.880000114440918,1071
2026-08-31 10:01:00-04:00,3.8801000118255615,3.8801000118255615,3.8801000118255615,3.8801000118255615,305
2026-08-31 10:02:00-04:00,3.9100000858306885,3.9100000858306885,3.9100000858306885,3.9100000858306885,3843
2026-08-31 10:04:00-04:00,3.88100004196167,3.88100004196167,3.859999895095825,3.859999895095825,53
2026-08-31 10:07:00-04:00,3.8613998889923096,3.8613998889923096,3.8613998889923096,3.8613998889923096,528
2026-08-31 10:13:00-04:00,3.860100030899048,3.860100030899048,3.860100030899048,3.860100030899048,200
2026-08-31 10:14:00-04:00,3.8603999614715576,3.8603999614715576,3.8603999614715576,3.8603999614715576,235
2026-08-31 10:25:00-04:00,3.9200000762939453,3.9200000762939453,3.9200000762939453,3.9200000762939453,591
2026-08-31 10:28:00-04:00,3.9100000858306885,3.9100000858306885,3.9100000858306885,3.9100000858306885,1387
2026-08-31 10:44:00-04:00,3.880000114440918,3.8835999965667725,3.859999895095825,3.8835999965667725,3427
2026-08-31 10:46:00-04:00,3.8350000381469727,3.8350000381469727,3.8350000381469727,3.8350000381469727,0
2026-08-31 10:48:00-04:00,3.84060001373291,3.84060001373291,3.84060001373291,3.84060001373291,1918
2026-08-31 11:01:00-04:00,3.9200000762939453,3.9200000762939453,3.9200000762939453,3.9200000762939453,1652
2026-08-31 11:14:00-04:00,3.9653000831604004,3.9653000831604004,3.9653000831604004,3.9653000831604004,474
2026-08-31 11:18:00-04:00,3.9800000190734863,3.9800000190734863,3.9800000190734863,3.9800000190734863,802
2026-08-31 11:20:00-04:00,3.9746999740600586,3.9746999740600586,3.850100040435791,3.850100040435791,1110
2026-08-31 11:23:00-04:00,3.9089999198913574,3.9089999198913574,3.9089999198913574,3.9089999198913574,0
2026-08-31 11:40:00-04:00,3.9100000858306885,3.9100000858306885,3.9100000858306885,3.9100000858306885,300
2026-08-31 11:41:00-04:00,3.934799909591675,3.984999895095825,3.934799909591675,3.984999895095825,1326
2026-08-31 11:53:00-04:00,3.9899001121520996,3.9899001121520996,3.9899001121520996,3.9899001121520996,550
2026-08-31 12:03:00-04:00,3.950000047683716,3.950000047683716,3.950000047683716,3.950000047683716,1801
2026-08-31 12:16:00-04:00,3.940000057220459,3.940000057220459,3.940000057220459,3.940000057220459,153
2026-08-31 12:22:00-04:00,3.940000057220459,3.940000057220459,3.940000057220459,3.940000057220459,387
2026-08-31 12:29:00-04:00,3.9700000286102295,3.9700000286102295,3.9100000858306885,3.9100000858306885,1756
2026-08-31 12:30:00-04:00,3.9100000858306885,3.9100000858306885,3.9100000858306885,3.9100000858306885,0
2026-08-31 12:31:00-04:00,3.9700000286102295,3.9700000286102295,3.9700000286102295,3.9700000286102295,369
2026-08-31 12:43:00-04:00,3.9200000762939453,3.9200000762939453,3.9200000762939453,3.9200000762939453,350
2026-08-31 12:47:00-04:00,3.9177000522613525,3.9177000522613525,3.9177000522613525,3.9177000522613525,243
2026-08-31 12:50:00-04:00,3.9200000762939453,3.9200000762939453,3.9200000762939453,3.9200000762939453,451
2026-08-31 12:55:00-04:00,3.9374001026153564,3.9374001026153564,3.9374001026153564,3.9374001026153564,200
2026-08-31 12:57:00-04:00,3.9516000747680664,3.9516000747680664,3.9516000747680664,3.9516000747680664,658
2026-08-31 13:20:00-04:00,3.9997000694274902,3.9997000694274902,3.9997000694274902,3.9997000694274902,635
2026-08-31 13:26:00-04:00,3.9899001121520996,3.9899001121520996,3.9899001121520996,3.9899001121520996,246
2026-08-31 13:29:00-04:00,3.990000009536743,3.990000009536743,3.990000009536743,3.990000009536743,12354
2026-08-31 13:30:00-04:00,3.9800000190734863,3.9800000190734863,3.9800000190734863,3.9800000190734863,0
2026-08-31 13:40:00-04:00,4.005000114440918,4.005000114440918,4.005000114440918,4.005000114440918,283
2026-08-31 13:41:00-04:00,4.049600124359131,4.054999828338623,4.049600124359131,4.054999828338623,250
2026-08-31 13:45:00-04:00,4.059999942779541,4.059999942779541,4.059999942779541,4.059999942779541,450
2026-08-31 13:47:00-04:00,4.079999923706055,4.079999923706055,4.03000020980835,4.03000020980835,1470
2026-08-31 13:49:00-04:00,4.119900226593018,4.119900226593018,4.119900226593018,4.119900226593018,324
2026-08-31 13:58:00-04:00,4.070000171661377,4.090000152587891,4.059999942779541,4.069399833679199,1550
2026-08-31 13:59:00-04:00,4.057400226593018,4.057400226593018,4.057400226593018,4.057400226593018,1240
2026-08-31 14:04:00-04:00,4.019999980926514,4.039999961853027,4.019999980926514,4.039999961853027,2373
2026-08-31 14:06:00-04:00,4.054999828338623,4.054999828338623,4.054999828338623,4.054999828338623,137
2026-08-31 14:07:00-04:00,4.039999961853027,4.039999961853027,4.039999961853027,4.039999961853027,217
2026-08-31 14:17:00-04:00,4.054999828338623,4.090000152587891,4.054999828338623,4.090000152587891,5191
2026-08-31 14:22:00-04:00,4.060100078582764,4.060100078582764,4.060100078582764,4.060100078582764,965
2026-08-31 14:29:00-04:00,4.059999942779541,4.079999923706055,4.059999942779541,4.079999923706055,2260
2026-08-31 14:33:00-04:00,4.085299968719482,4.090000152587891,4.050000190734863,4.050000190734863,8153
2026-08-31 15:02:00-04:00,4.079999923706055,4.079999923706055,4.079999923706055,4.079999923706055,1244
2026-08-31 15:08:00-04:00,4.059999942779541,4.059999942779541,4.059999942779541,4.059999942779541,898
2026-08-31 15:15:00-04:00,4.059999942779541,4.059999942779541,4.059999942779541,4.059999942779541,1376
2026-08-31 15:16:00-04:00,4.070000171661377,4.070000171661377,4.059999942779541,4.059999942779541,498
2026-08-31 15:25:00-04:00,4.040999889373779,4.040999889373779,4.039999961853027,4.039999961853027,1485
2026-08-31 15:35:00-04:00,4.039999961853027,4.039999961853027,4.039999961853027,4.039999961853027,294
2026-08-31 15:36:00-04:00,4.039999961853027,4.039999961853027,4.039999961853027,4.039999961853027,865
2026-08-31 15:46:00-04:00,4.039999961853027,4.039999961853027,4.039999961853027,4.039999961853027,1332
2026-08-31 15:55:00-04:00,4.099999904632568,4.099999904632568,4.099999904632568,4.099999904632568,417
2026-08-31 15:56:00-04:00,4.079999923706055,4.090000152587891,4.079999923706055,4.090000152587891,829
2026-08-31 15:58:00-04:00,4.110000133514404,4.110000133514404,4.099999904632568,4.099999904632568,1083
2026-08-31 15:59:00-04:00,4.079999923706055,4.079999923706055,4.079999923706055,4.079999923706055,400
2026-08-31 16:00:00-04:00,3.98,4.075,3.98,4.075,0
2026-08-31 16:01:00-04:00,4.12,4.12,4.12,4.12,0
2026-08-31 16:02:00-04:00,3.98,3.98,3.98,3.98,0
2026-08-31 16:04:00-04:00,4.075,4.075,3.98,3.98,0
2026-08-31 16:06:00-04:00,4.119,4.119,4.119,4.119,0
2026-08-31 16:10:00-04:00,4.075,4.075,4.075,4.075,0
2026-08-31 16:13:00-04:00,4.11,4.11,4.11,4.11,0
2026-08-31 16:26:00-04:00,4.01,4.01,4.01,4.01,0
2026-08-31 16:39:00-04:00,4.11,4.11,4.11,4.11,0
2026-08-31 16:40:00-04:00,3.98,3.98,3.98,3.98,0
2026-08-31 17:17:00-04:00,4.03,4.03,4.03,4.03,0
2026-08-31 17:18:00-04:00,4.03,4.03,4.03,4.03,0
2026-08-31 17:54:00-04:00,4.01,4.01,3.98,3.98,0
2026-08-31 18:17:00-04:00,4.0,4.0,4.0,4.0,0
2026-08-31 18:27:00-04:00,4.0,4.0,4.0,4.0,0
2026-08-31 18:55:00-04:00,3.91,3.91,3.91,3.91,0
2026-08-31 19:05:00-04:00,3.9587,3.9587,3.9587,3.9587,0
2026-08-31 19:30:00-04:00,3.92,3.92,3.9148,3.9148,0
2026-08-31 19:34:00-04:00,3.96,3.96,3.96,3.96,0
2026-08-31 19:40:00-04:00,3.91,3.91,3.91,3.91,0
2026-08-31 19:43:00-04:00,3.96,3.96,3.96,3.96,0
2026-09-01 04:00:00-04:00,3.97,4.0,3.97,3.99,0
2026-09-01 04:08:00-04:00,3.9921,3.9921,3.9921,3.9921,0
2026-09-01 04:12:00-04:00,3.9171,3.9171,3.9171,3.9171,0
2026-09-01 04:16:00-04:00,3.9267,3.9267,3.9267,3.9267,0
2026-09-01 04:23:00-04:00,3.93,3.93,3.93,3.93,0
2026-09-01 04:29:00-04:00,3.96,3.96,3.96,3.96,0
2026-09-01 04:39:00-04:00,3.9232,3.9232,3.9232,3.9232,0
2026-09-01 04:42:00-04:00,3.9264,3.9264,3.9264,3.9264,0
2026-09-01 05:06:00-04:00,3.9264,3.9264,3.9264,3.9264,0
2026-09-01 05:26:00-04:00,3.95,3.95,3.95,3.95,0
2026-09-01 05:34:00-04:00,3.966,3.966,3.966,3.966,0
2026-09-01 05:35:00-04:00,3.966,3.966,3.966,3.966,0
2026-09-01 05:37:00-04:00,3.966,3.966,3.966,3.966,0
2026-09-01 06:00:00-04:00,3.97,3.97,3.97,3.97,0
2026-09-01 06:14:00-04:00,3.9332,3.9332,3.9332,3.9332,0
2026-09-01 06:16:00-04:00,3.9332,3.9332,3.9332,3.9332,0
2026-09-01 06:17:00-04:00,3.9318,3.9332,3.9318,3.9332,0
2026-09-01 06:19:00-04:00,3.95,3.95,3.93,3.93,0
2026-09-01 06:20:00-04:00,3.94,3.94,3.94,3.94,0
2026-09-01 07:05:00-04:00,3.94,3.94,3.94,3.94,0
2026-09-01 07:06:00-04:00,3.927,3.927,3.927,3.927,0
2026-09-01 07:07:00-04:00,3.9104,3.9104,3.9104,3.9104,0
2026-09-01 07:13:00-04:00,3.9368,3.9368,3.9368,3.9368,0
2026-09-01 07:21:00-04:00,3.93,3.93,3.93,3.93,0
2026-09-01 07:28:00-04:00,3.9,3.9,3.9,3.9,0
2026-09-01 07:34:00-04:00,3.9221,3.9221,3.9221,3.9221,0
2026-09-01 07:35:00-04:00,3.93,3.93,3.93,3.93,0
2026-09-01 07:36:00-04:00,3.9221,3.9221,3.9221,3.9221,0
2026-09-01 07:37:00-04:00,3.92,3.92,3.92,3.92,0
2026-09-01 07:43:00-04:00,3.916,3.916,3.916,3.916,0
2026-09-01 07:46:00-04:00,3.916,3.916,3.916,3.916,0
2026-09-01 07:52:00-04:00,3.916,3.916,3.916,3.916,0
2026-09-01 08:00:00-04:00,3.9,3.9,3.9,3.9,0
2026-09-01 08:04:00-04:00,3.9252,3.9252,3.91,3.92,0
2026-09-01 08:07:00-04:00,3.89,3.89,3.89,3.89,0
2026-09-01 08:08:00-04:00,3.93,3.93,3.93,3.93,0
2026-09-01 08:09:00-04:00,3.87,3.87,3.85,3.85,0
2026-09-01 08:13:00-04:00,3.87,3.87,3.87,3.87,0
2026-09-01 08:42:00-04:00,3.864,3.864,3.864,3.864,0
2026-09-01 08:52:00-04:00,3.87,3.87,3.87,3.87,0
2026-09-01 08:56:00-04:00,3.89,3.89,3.89,3.89,0
2026-09-01 09:02:00-04:00,3.8677,3.8715,3.8677,3.8677,0
2026-09-01 09:11:00-04:00,3.86,3.86,3.86,3.86,0
2026-09-01 09:17:00-04:00,3.8715,3.8715,3.8715,3.8715,0
2026-09-01 09:19:00-04:00,3.86,3.86,3.86,3.86,0
2026-09-01 09:22:00-04:00,3.89,3.89,3.86,3.86,0
2026-09-01 09:25:00-04:00,3.8615,3.8615,3.8615,3.8615,0
2026-09-01 09:30:00-04:00,3.9000000953674316,3.9000000953674316,3.9000000953674316,3.9000000953674316,7799
2026-09-01 09:32:00-04:00,3.884999990463257,3.9047000408172607,3.884999990463257,3.9047000408172607,1569
2026-09-01 09:35:00-04:00,3.884999990463257,3.890000104904175,3.859999895095825,3.859999895095825,1147
2026-09-01 09:38:00-04:00,3.8299999237060547,3.8299999237060547,3.8299999237060547,3.8299999237060547,102
2026-09-01 09:39:00-04:00,3.8399999141693115,3.9000000953674316,3.799999952316284,3.809999942779541,8203
2026-09-01 09:42:00-04:00,3.834700107574463,3.834700107574463,3.834700107574463,3.834700107574463,703
2026-09-01 09:45:00-04:00,3.809999942779541,3.809999942779541,3.809999942779541,3.809999942779541,335
2026-09-01 09:47:00-04:00,3.809999942779541,3.809999942779541,3.799999952316284,3.799999952316284,990
2026-09-01 09:50:00-04:00,3.8450000286102295,3.8450000286102295,3.8450000286102295,3.8450000286102295,400
2026-09-01 09:51:00-04:00,3.8450000286102295,3.8450000286102295,3.7950000762939453,3.7950000762939453,852
2026-09-01 09:52:00-04:00,3.799999952316284,3.799999952316284,3.799999952316284,3.799999952316284,500
2026-09-01 09:54:00-04:00,3.799999952316284,3.799999952316284,3.799999952316284,3.799999952316284,0
2026-09-01 09:55:00-04:00,3.8450000286102295,3.8450000286102295,3.8450000286102295,3.8450000286102295,236
2026-09-01 10:00:00-04:00,3.81030011177063,3.81030011177063,3.81030011177063,3.81030011177063,3152
2026-09-01 10:02:00-04:00,3.8812999725341797,3.8812999725341797,3.8812999725341797,3.8812999725341797,450
2026-09-01 10:04:00-04:00,3.7699999809265137,3.7699999809265137,3.7600998878479004,3.7699999809265137,1522
2026-09-01 10:05:00-04:00,3.7850000858306885,3.7850000858306885,3.7850000858306885,3.7850000858306885,1065
2026-09-01 10:06:00-04:00,3.75,3.75,3.75,3.75,2590
2026-09-01 10:07:00-04:00,3.759999990463257,3.759999990463257,3.759999990463257,3.759999990463257,0
2026-09-01 10:10:00-04:00,3.805000066757202,3.805000066757202,3.805000066757202,3.805000066757202,256
2026-09-01 10:11:00-04:00,3.7899999618530273,3.7976999282836914,3.7699999809265137,3.7701001167297363,3606
2026-09-01 10:16:00-04:00,3.7701001167297363,3.7701001167297363,3.7701001167297363,3.7701001167297363,509
2026-09-01 10:19:00-04:00,3.7699999809265137,3.7699999809265137,3.7699999809265137,3.7699999809265137,440
2026-09-01 10:22:00-04:00,3.759999990463257,3.759999990463257,3.759999990463257,3.759999990463257,2537
2026-09-01 10:25:00-04:00,3.7500998973846436,3.7506000995635986,3.7500998973846436,3.7506000995635986,1464
2026-09-01 10:45:00-04:00,3.819999933242798,3.819999933242798,3.819999933242798,3.819999933242798,702
2026-09-01 11:00:00-04:00,3.7500998973846436,3.7500998973846436,3.7500998973846436,3.7500998973846436,191
2026-09-01 11:01:00-04:00,3.7518999576568604,3.75819993019104,3.75,3.75,2509
2026-09-01 11:06:00-04:00,3.759999990463257,3.759999990463257,3.759999990463257,3.759999990463257,553
2026-09-01 11:07:00-04:00,3.7688000202178955,3.7688000202178955,3.75,3.75,4625
2026-09-01 11:11:00-04:00,3.768399953842163,3.768399953842163,3.75,3.75,0
2026-09-01 11:20:00-04:00,3.75,3.75,3.75,3.75,413
2026-09-01 11:29:00-04:00,3.765000104904175,3.765000104904175,3.765000104904175,3.765000104904175,938
2026-09-01 11:35:00-04:00,3.7699999809265137,3.7699999809265137,3.7699999809265137,3.7699999809265137,200
2026-09-01 11:38:00-04:00,3.771699905395508,3.771699905395508,3.771699905395508,3.771699905395508,219
2026-09-01 11:52:00-04:00,3.7699999809265137,3.7699999809265137,3.7699999809265137,3.7699999809265137,1479
2026-09-01 12:05:00-04:00,3.7850000858306885,3.7850000858306885,3.7850000858306885,3.7850000858306885,1016
2026-09-01 12:10:00-04:00,3.7799999713897705,3.7799999713897705,3.759999990463257,3.759999990463257,4253
2026-09-01 12:11:00-04:00,3.7753000259399414,3.7753000259399414,3.7750000953674316,3.7750000953674316,705
2026-09-01 12:40:00-04:00,3.7799999713897705,3.789900064468384,3.7799999713897705,3.789900064468384,732
2026-09-01 12:42:00-04:00,3.7699999809265137,3.7699999809265137,3.75,3.75,1141
2026-09-01 13:25:00-04:00,3.7999000549316406,3.7999000549316406,3.7999000549316406,3.7999000549316406,183
2026-09-01 13:32:00-04:00,3.799999952316284,3.799999952316284,3.799999952316284,3.799999952316284,541
2026-09-01 13:42:00-04:00,3.799999952316284,3.799999952316284,3.7500998973846436,3.7500998973846436,5562
2026-09-01 13:57:00-04:00,3.755000114440918,3.755000114440918,3.755000114440918,3.755000114440918,1187
2026-09-01 13:58:00-04:00,3.740000009536743,3.740000009536743,3.740000009536743,3.740000009536743,353
2026-09-01 14:05:00-04:00,3.759999990463257,3.759999990463257,3.759999990463257,3.759999990463257,150
2026-09-01 14:10:00-04:00,3.75,3.75,3.75,3.75,340
2026-09-01 14:19:00-04:00,3.7300000190734863,3.740000009536743,3.7300000190734863,3.740000009536743,616
2026-09-01 14:24:00-04:00,3.7300000190734863,3.740000009536743,3.7300000190734863,3.740000009536743,455
2026-09-01 14:29:00-04:00,3.740000009536743,3.740000009536743,3.740000009536743,3.740000009536743,312
2026-09-01 14:30:00-04:00,3.740000009536743,3.740000009536743,3.740000009536743,3.740000009536743,363
2026-09-01 14:45:00-04:00,3.7300000190734863,3.7300000190734863,3.7300000190734863,3.7300000190734863,945
2026-09-01 14:52:00-04:00,3.740000009536743,3.740000009536743,3.740000009536743,3.740000009536743,0
2026-09-01 14:55:00-04:00,3.734999895095825,3.740000009536743,3.734999895095825,3.740000009536743,906
2026-09-01 15:12:00-04:00,3.7300000190734863,3.7300000190734863,3.7300000190734863,3.7300000190734863,220
2026-09-01 15:13:00-04:00,3.7200000286102295,3.7200000286102295,3.7200000286102295,3.7200000286102295,407
2026-09-01 15:15:00-04:00,3.7100000381469727,3.7100000381469727,3.7100000381469727,3.7100000381469727,1030
2026-09-01 15:18:00-04:00,3.7200000286102295,3.7200000286102295,3.7200000286102295,3.7200000286102295,2359
2026-09-01 15:35:00-04:00,3.7100000381469727,3.7100000381469727,3.7100000381469727,3.7100000381469727,208
2026-09-01 15:36:00-04:00,3.7298998832702637,3.7298998832702637,3.700000047683716,3.701900005340576,13304
2026-09-01 15:55:00-04:00,3.7100000381469727,3.7100000381469727,3.7100000381469727,3.7100000381469727,895
2026-09-01 15:56:00-04:00,3.6500000953674316,3.6700000762939453,3.630000114440918,3.6700000762939453,8131
2026-09-01 15:57:00-04:00,3.6558001041412354,3.6558001041412354,3.6558001041412354,3.6558001041412354,439
2026-09-01 15:58:00-04:00,3.6886000633239746,3.7049999237060547,3.6886000633239746,3.7049999237060547,1514
2026-09-01 15:59:00-04:00,3.690000057220459,3.690000057220459,3.690000057220459,3.690000057220459,730
2026-09-01 16:00:00-04:00,3.7,3.7,3.7,3.7,0
2026-09-01 16:01:00-04:00,3.717,3.717,3.717,3.717,0
2026-09-01 16:04:00-04:00,3.755,3.8094,3.7,3.8086,0
2026-09-01 16:08:00-04:00,3.799,3.799,3.71,3.71,0
2026-09-01 16:10:00-04:00,3.7,3.71,3.7,3.71,0
2026-09-01 16:17:00-04:00,3.8,3.8,3.8,3.8,0
2026-09-01 16:31:00-04:00,3.7,3.7,3.7,3.7,0
2026-09-01 16:37:00-04:00,3.72,3.72,3.72,3.72,0
2026-09-01 16:44:00-04:00,3.77,3.77,3.77,3.77,0
2026-09-01 17:31:00-04:00,3.77,3.77,3.77,3.77,0
2026-09-01 17:40:00-04:00,3.7001,3.7001,3.7001,3.7001,0
2026-09-01 17:41:00-04:00,3.8,3.8,3.8,3.8,0
2026-09-01 17:42:00-04:00,3.7001,3.7001,3.7001,3.7001,0
2026-09-01 17:43:00-04:00,3.8,3.8,3.8,3.8,0
2026-09-01 17:48:00-04:00,3.8,3.8,3.8,3.8,0
2026-09-01 17:49:00-04:00,3.7,3.7,3.7,3.7,0
2026-09-01 17:52:00-04:00,3.8,3.8,3.8,3.8,0
2026-09-01 18:01:00-04:00,3.8,3.8,3.8,3.8,0
2026-09-01 18:06:00-04:00,3.6501,3.6501,3.6501,3.6501,0
2026-09-01 18:07:00-04:00,3.78,3.78,3.78,3.78,0
2026-09-01 18:08:00-04:00,3.6501,3.6501,3.6501,3.6501,0
2026-09-01 18:09:00-04:00,3.78,3.78,3.78,3.78,0
2026-09-01 18:11:00-04:00,3.77,3.77,3.77,3.77,0
2026-09-01 18:26:00-04:00,3.7101,3.7101,3.7101,3.7101,0
2026-09-01 18:27:00-04:00,3.78,3.78,3.78,3.78,0
2026-09-01 18:28:00-04:00,3.77,3.77,3.77,3.77,0
2026-09-01 18:36:00-04:00,3.77,3.77,3.77,3.77,0
2026-09-01 18:42:00-04:00,3.77,3.77,3.71,3.71,0
2026-09-01 19:00:00-04:00,3.7115,3.77,3.7115,3.77,0
2026-09-01 19:03:00-04:00,3.77,3.77,3.77,3.77,0
2026-09-01 19:05:00-04:00,3.71,3.71,3.71,3.71,0
2026-09-01 19:28:00-04:00,3.72,3.72,3.72,3.72,0
2026-09-01 19:29:00-04:00,3.7218,3.7218,3.7218,3.7218,0
2026-09-01 19:30:00-04:00,3.72,3.72,3.7115,3.72,0
2026-09-01 19:43:00-04:00,3.78,3.78,3.78,3.78,0
2026-09-01 19:44:00-04:00,3.72,3.72,3.72,3.72,0
2026-09-01 19:50:00-04:00,3.78,3.78,3.78,3.78,0
2026-09-02 04:00:00-04:00,3.73,3.76,3.73,3.76,0
2026-09-02 04:06:00-04:00,3.7944,3.7944,3.7944,3.7944,0
2026-09-02 04:08:00-04:00,3.75,3.75,3.75,3.75,0
2026-09-02 04:19:00-04:00,3.7428,3.7428,3.7428,3.7428,0
2026-09-02 04:20:00-04:00,3.6671,3.6671,3.6671,3.6671,0
2026-09-02 04:22:00-04:00,3.72,3.7428,3.72,3.7428,0
2026-09-02 04:23:00-04:00,3.7032,3.7032,3.7032,3.7032,0
2026-09-02 04:24:00-04:00,3.7,3.7,3.7,3.7,0
2026-09-02 04:27:00-04:00,3.7,3.7,3.7,3.7,0
2026-09-02 04:28:00-04:00,3.7293,3.7293,3.7293,3.7293,0
2026-09-02 04:31:00-04:00,3.72,3.72,3.72,3.72,0
2026-09-02 04:33:00-04:00,3.7007,3.7007,3.7007,3.7007,0
2026-09-02 04:34:00-04:00,3.7007,3.7007,3.7007,3.7007,0
2026-09-02 04:41:00-04:00,3.64,3.64,3.64,3.64,0
2026-09-02 04:45:00-04:00,3.72,3.72,3.72,3.72,0
2026-09-02 04:47:00-04:00,3.72,3.72,3.72,3.72,0
2026-09-02 04:48:00-04:00,3.72,3.7597,3.72,3.7597,0
2026-09-02 04:49:00-04:00,3.76,3.76,3.76,3.76,0
2026-09-02 04:54:00-04:00,3.76,3.76,3.76,3.76,0
2026-09-02 04:59:00-04:00,3.72,3.72,3.72,3.72,0
2026-09-02 05:00:00-04:00,3.6712,3.6712,3.6712,3.6712,0
2026-09-02 05:14:00-04:00,3.72,3.72,3.72,3.72,0
2026-09-02 05:15:00-04:00,3.72,3.72,3.72,3.72,0
2026-09-02 05:16:00-04:00,3.72,3.72,3.72,3.72,0
2026-09-02 05:22:00-04:00,3.68,3.72,3.68,3.72,0
2026-09-02 05:40:00-04:00,3.72,3.72,3.72,3.72,0
2026-09-02 05:43:00-04:00,3.7056,3.7056,3.7056,3.7056,0
2026-09-02 05:54:00-04:00,3.72,3.72,3.686,3.686,0
2026-09-02 05:55:00-04:00,3.686,3.686,3.686,3.686,0
2026-09-02 06:16:00-04:00,3.6606,3.6606,3.6606,3.6606,0
2026-09-02 06:26:00-04:00,3.72,3.72,3.72,3.72,0
2026-09-02 06:30:00-04:00,3.67,3.67,3.65,3.6597,0
2026-09-02 06:34:00-04:00,3.73,3.73,3.73,3.73,0
2026-09-02 06:36:00-04:00,3.6409,3.6409,3.6409,3.6409,0
2026-09-02 06:39:00-04:00,3.72,3.72,3.72,3.72,0
2026-09-02 06:40:00-04:00,3.72,3.72,3.72,3.72,0
2026-09-02 06:57:00-04:00,3.65,3.7597,3.65,3.7597,0
2026-09-02 06:58:00-04:00,3.6503,3.6503,3.6503,3.6503,0
2026-09-02 07:00:00-04:00,3.66,3.66,3.66,3.66,0
2026-09-02 07:06:00-04:00,3.7497,3.7497,3.7497,3.7497,0
2026-09-02 07:10:00-04:00,3.65,3.65,3.65,3.65,0
2026-09-02 07:11:00-04:00,3.6518,3.6518,3.6518,3.6518,0
2026-09-02 07:12:00-04:00,3.7521,3.7521,3.66,3.66,0
2026-09-02 07:13:00-04:00,3.65,3.65,3.65,3.65,0
2026-09-02 07:14:00-04:00,3.6495,3.6495,3.6495,3.6495,0
2026-09-02 07:16:00-04:00,3.6495,3.65,3.6495,3.65,0
2026-09-02 07:18:00-04:00,3.6497,3.6497,3.6497,3.6497,0
2026-09-02 07:19:00-04:00,3.6498,3.6498,3.6498,3.6498,0
2026-09-02 07:20:00-04:00,3.65,3.65,3.65,3.65,0
2026-09-02 07:21:00-04:00,3.6497,3.6497,3.56,3.5982,0
2026-09-02 07:22:00-04:00,3.55,3.5781,3.41,3.52,0
2026-09-02 07:23:00-04:00,3.51,3.51,3.35,3.35,0
2026-09-02 07:24:00-04:00,3.51,3.51,3.5,3.5,0
2026-09-02 07:25:00-04:00,3.55,3.55,3.4894,3.4894,0
2026-09-02 07:26:00-04:00,3.42,3.56,3.42,3.56,0
2026-09-02 07:27:00-04:00,3.56,3.56,3.56,3.56,0
2026-09-02 07:28:00-04:00,3.55,3.55,3.55,3.55,0
2026-09-02 07:29:00-04:00,3.45,3.45,3.4203,3.4203,0
2026-09-02 07:31:00-04:00,3.4507,3.4507,3.4507,3.4507,0
2026-09-02 07:40:00-04:00,3.56,3.56,3.56,3.56,0
2026-09-02 07:42:00-04:00,3.51,3.51,3.51,3.51,0
2026-09-02 08:00:00-04:00,3.52,3.52,3.52,3.52,0
2026-09-02 08:10:00-04:00,3.65,3.65,3.65,3.65,0
2026-09-02 08:20:00-04:00,3.54,3.54,3.54,3.54,0
2026-09-02 08:47:00-04:00,3.43,3.43,3.43,3.43,0
2026-09-02 08:49:00-04:00,3.51,3.51,3.51,3.51,0
2026-09-02 08:52:00-04:00,3.46,3.46,3.46,3.46,0
2026-09-02 08:56:00-04:00,3.4808,3.4808,3.4808,3.4808,0
2026-09-02 08:57:00-04:00,3.6417,3.6417,3.6417,3.6417,0
2026-09-02 09:09:00-04:00,3.6397,3.6397,3.6397,3.6397,0
2026-09-02 09:17:00-04:00,3.43,3.43,3.43,3.43,0
2026-09-02 09:21:00-04:00,3.5,3.5,3.5,3.5,0
2026-09-02 09:27:00-04:00,3.5997,3.5997,3.5997,3.5997,0
2026-09-02 09:28:00-04:00,3.65,3.65,3.61,3.61,0
2026-09-02 09:30:00-04:00,3.680000066757202,3.680000066757202,3.680000066757202,3.680000066757202,33550
2026-09-02 09:32:00-04:00,3.559999942779541,3.5725998878479004,3.430000066757202,3.5725998878479004,3260
2026-09-02 09:33:00-04:00,3.536799907684326,3.536799907684326,3.536799907684326,3.536799907684326,331
2026-09-02 09:35:00-04:00,3.509999990463257,3.509999990463257,3.509999990463257,3.509999990463257,423
2026-09-02 09:36:00-04:00,3.509999990463257,3.509999990463257,3.5,3.5,3149
2026-09-02 09:51:00-04:00,3.559999942779541,3.5899999141693115,3.5199999809265137,3.5199999809265137,1738
2026-09-02 10:11:00-04:00,3.5299999713897705,3.549999952316284,3.5201001167297363,3.549999952316284,1048
2026-09-02 10:14:00-04:00,3.5899999141693115,3.5899999141693115,3.5399999618530273,3.5399999618530273,805
2026-09-02 10:26:00-04:00,3.5399999618530273,3.5399999618530273,3.5399999618530273,3.5399999618530273,925
2026-09-02 10:40:00-04:00,3.5999999046325684,3.5999999046325684,3.5999999046325684,3.5999999046325684,399
2026-09-02 10:41:00-04:00,3.549999952316284,3.549999952316284,3.5250000953674316,3.5250000953674316,16
2026-09-02 10:47:00-04:00,3.5399999618530273,3.5399999618530273,3.5399999618530273,3.5399999618530273,826
2026-09-02 10:49:00-04:00,3.61680006980896,3.61680006980896,3.61680006980896,3.61680006980896,550
2026-09-02 10:50:00-04:00,3.5799999237060547,3.5799999237060547,3.5799999237060547,3.5799999237060547,61
2026-09-02 11:00:00-04:00,3.530900001525879,3.530900001525879,3.530900001525879,3.530900001525879,302
2026-09-02 11:23:00-04:00,3.565000057220459,3.565000057220459,3.565000057220459,3.565000057220459,283
2026-09-02 11:27:00-04:00,3.6498000621795654,3.6498000621795654,3.6498000621795654,3.6498000621795654,2609
2026-09-02 11:55:00-04:00,3.6500000953674316,3.6500000953674316,3.6500000953674316,3.6500000953674316,1462
2026-09-02 11:59:00-04:00,3.6600000858306885,3.6600000858306885,3.6600000858306885,3.6600000858306885,0
2026-09-02 12:06:00-04:00,3.6500000953674316,3.6500000953674316,3.6500000953674316,3.6500000953674316,201
2026-09-02 12:20:00-04:00,3.690000057220459,3.690000057220459,3.690000057220459,3.690000057220459,277
2026-09-02 12:36:00-04:00,3.680000066757202,3.7799999713897705,3.674999952316284,3.674999952316284,8048
2026-09-02 12:54:00-04:00,3.6842000484466553,3.7100000381469727,3.6842000484466553,3.7100000381469727,2382
2026-09-02 13:08:00-04:00,3.670099973678589,3.670099973678589,3.670099973678589,3.670099973678589,2000
2026-09-02 13:18:00-04:00,3.6700000762939453,3.6700000762939453,3.6700000762939453,3.6700000762939453,0
2026-09-02 13:28:00-04:00,3.700000047683716,3.700000047683716,3.700000047683716,3.700000047683716,199
2026-09-02 13:35:00-04:00,3.6600000858306885,3.6600000858306885,3.6449999809265137,3.6449999809265137,1682
2026-09-02 13:41:00-04:00,3.6600000858306885,3.6600000858306885,3.6500000953674316,3.6500000953674316,1193
2026-09-02 13:45:00-04:00,3.6500000953674316,3.6500000953674316,3.6500000953674316,3.6500000953674316,442
2026-09-02 14:19:00-04:00,3.690000057220459,3.690000057220459,3.690000057220459,3.690000057220459,410
2026-09-02 14:23:00-04:00,3.690000057220459,3.690000057220459,3.690000057220459,3.690000057220459,314
2026-09-02 14:31:00-04:00,3.6603000164031982,3.6603000164031982,3.6603000164031982,3.6603000164031982,246
2026-09-02 15:03:00-04:00,3.6050000190734863,3.6050000190734863,3.6050000190734863,3.6050000190734863,2588
2026-09-02 15:10:00-04:00,3.76990008354187,3.76990008354187,3.76990008354187,3.76990008354187,286
2026-09-02 15:18:00-04:00,3.684999942779541,3.684999942779541,3.684999942779541,3.684999942779541,535
2026-09-02 15:24:00-04:00,3.7300000190734863,3.7300000190734863,3.7300000190734863,3.7300000190734863,745
2026-09-02 15:46:00-04:00,3.6500000953674316,3.6500000953674316,3.6500000953674316,3.6500000953674316,400
2026-09-02 15:49:00-04:00,3.6649999618530273,3.6649999618530273,3.6649999618530273,3.6649999618530273,200
2026-09-02 15:50:00-04:00,3.7100000381469727,3.7200000286102295,3.6649999618530273,3.6649999618530273,688
2026-09-02 15:58:00-04:00,3.690000057220459,3.7200000286102295,3.690000057220459,3.690000057220459,2252
2026-09-02 15:59:00-04:00,3.690000057220459,3.700000047683716,3.690000057220459,3.700000047683716,1502
2026-09-02 16:00:00-04:00,3.74,3.74,3.72,3.72,0
2026-09-02 16:01:00-04:00,3.703,3.703,3.703,3.703,0
2026-09-02 16:02:00-04:00,3.71,3.71,3.71,3.71,0
2026-09-02 16:04:00-04:00,3.74,3.74,3.74,3.74,0
2026-09-02 16:06:00-04:00,3.7,3.72,3.7,3.72,0
2026-09-02 16:07:00-04:00,3.61,3.61,3.61,3.61,0
2026-09-02 16:10:00-04:00,3.74,3.74,3.74,3.74,0
2026-09-02 16:14:00-04:00,3.6108,3.6108,3.6108,3.6108,0
2026-09-02 16:15:00-04:00,3.72,3.72,3.72,3.72,0
2026-09-02 16:21:00-04:00,3.63,3.63,3.63,3.63,0
2026-09-02 16:22:00-04:00,3.69,3.69,3.69,3.69,0
2026-09-02 16:39:00-04:00,3.67,3.67,3.67,3.67,0
2026-09-02 16:44:00-04:00,3.65,3.65,3.61,3.61,0
2026-09-02 16:48:00-04:00,3.6889,3.6889,3.6889,3.6889,0
2026-09-02 16:52:00-04:00,3.64,3.69,3.64,3.69,0
2026-09-02 17:14:00-04:00,3.68,3.68,3.68,3.68,0
2026-09-02 17:17:00-04:00,3.68,3.68,3.67,3.68,0
2026-09-02 17:24:00-04:00,3.611,3.611,3.611,3.611,0
2026-09-02 17:28:00-04:00,3.69,3.69,3.69,3.69,0
2026-09-02 18:23:00-04:00,3.69,3.69,3.69,3.69,0
2026-09-02 19:13:00-04:00,3.66,3.66,3.66,3.66,0
2026-09-02 19:30:00-04:00,3.655,3.655,3.655,3.655,0
2026-09-02 19:57:00-04:00,3.69,3.69,3.69,3.69,0
2026-09-03 04:00:00-04:00,3.7,3.73,3.7,3.72,0
2026-09-03 04:04:00-04:00,3.7917,3.7917,3.7917,3.7917,0
2026-09-03 04:11:00-04:00,3.62,3.62,3.62,3.62,0
2026-09-03 04:18:00-04:00,3.7273,3.7273,3.7273,3.7273,0
2026-09-03 04:28:00-04:00,3.7273,3.7273,3.7273,3.7273,0
2026-09-03 05:01:00-04:00,3.71,3.74,3.71,3.74,0
2026-09-03 05:17:00-04:00,3.71,3.71,3.71,3.71,0
2026-09-03 05:25:00-04:00,3.74,3.74,3.74,3.74,0
2026-09-03 05:30:00-04:00,3.73,3.73,3.73,3.73,0
2026-09-03 05:31:00-04:00,3.73,3.73,3.73,3.73,0
2026-09-03 05:45:00-04:00,3.73,3.73,3.73,3.73,0
2026-09-03 05:49:00-04:00,3.71,3.71,3.71,3.71,0
2026-09-03 05:50:00-04:00,3.71,3.71,3.7,3.7,0
2026-09-03 05:59:00-04:00,3.7,3.7,3.7,3.7,0
2026-09-03 06:00:00-04:00,3.7,3.7,3.7,3.7,0
2026-09-03 06:01:00-04:00,3.5987,3.5987,3.5987,3.5987,0
2026-09-03 06:23:00-04:00,3.6394,3.6394,3.6394,3.6394,0
2026-09-03 06:24:00-04:00,3.7949,3.7949,3.7949,3.7949,0
2026-09-03 06:56:00-04:00,3.61,3.61,3.61,3.61,0
2026-09-03 07:06:00-04:00,3.6579,3.6579,3.6579,3.6579,0
2026-09-03 07:07:00-04:00,3.75,3.75,3.75,3.75,0
2026-09-03 07:11:00-04:00,3.7497,3.7497,3.74,3.7497,0
2026-09-03 07:22:00-04:00,3.73,3.74,3.73,3.74,0
2026-09-03 07:49:00-04:00,3.66,3.66,3.66,3.66,0
2026-09-03 07:54:00-04:00,3.68,3.68,3.68,3.68,0
2026-09-03 08:20:00-04:00,3.68,3.68,3.68,3.68,0
2026-09-03 08:33:00-04:00,3.67,3.67,3.67,3.67,0
2026-09-03 08:38:00-04:00,3.7486,3.7486,3.7486,3.7486,0
2026-09-03 08:39:00-04:00,3.6211,3.6211,3.6211,3.6211,0
2026-09-03 08:43:00-04:00,3.6559,3.6559,3.6559,3.6559,0
2026-09-03 09:06:00-04:00,3.6877,3.6877,3.6877,3.6877,0
2026-09-03 09:09:00-04:00,3.71,3.71,3.6939,3.6939,0
2026-09-03 09:11:00-04:00,3.67,3.67,3.67,3.67,0
2026-09-03 09:17:00-04:00,3.68,3.6808,3.68,3.6808,0
2026-09-03 09:27:00-04:00,3.6703,3.6703,3.6703,3.6703,0
2026-09-03 09:30:00-04:00,3.7799999713897705,3.7799999713897705,3.740000009536743,3.740000009536743,6405
2026-09-03 09:32:00-04:00,3.75,3.75,3.75,3.75,148
2026-09-03 09:34:00-04:00,3.7300000190734863,3.7300000190734863,3.7300000190734863,3.7300000190734863,101
2026-09-03 09:36:00-04:00,3.7300000190734863,3.7300000190734863,3.7300000190734863,3.7300000190734863,205
2026-09-03 09:39:00-04:00,3.674999952316284,3.674999952316284,3.674999952316284,3.674999952316284,278
2026-09-03 09:44:00-04:00,3.674999952316284,3.674999952316284,3.674999952316284,3.674999952316284,411
2026-09-03 09:57:00-04:00,3.6809000968933105,3.690000057220459,3.6809000968933105,3.690000057220459,3185
2026-09-03 10:17:00-04:00,3.690000057220459,3.690000057220459,3.690000057220459,3.690000057220459,296
2026-09-03 10:22:00-04:00,3.691999912261963,3.691999912261963,3.691999912261963,3.691999912261963,347
2026-09-03 10:42:00-04:00,3.7200000286102295,3.7200000286102295,3.7200000286102295,3.7200000286102295,1108
2026-09-03 11:00:00-04:00,3.690200090408325,3.690200090408325,3.690000057220459,3.690000057220459,1048
2026-09-03 11:08:00-04:00,3.7100000381469727,3.7100000381469727,3.7100000381469727,3.7100000381469727,1002
2026-09-03 11:10:00-04:00,3.7100000381469727,3.7100000381469727,3.690000057220459,3.690000057220459,200
2026-09-03 11:11:00-04:00,3.700000047683716,3.700000047683716,3.700000047683716,3.700000047683716,900
2026-09-03 11:12:00-04:00,3.7155001163482666,3.7155001163482666,3.7155001163482666,3.7155001163482666,177
2026-09-03 11:24:00-04:00,3.729099988937378,3.729099988937378,3.680000066757202,3.680000066757202,561
2026-09-03 11:26:00-04:00,3.7300000190734863,3.7300000190734863,3.7300000190734863,3.7300000190734863,385
2026-09-03 11:36:00-04:00,3.680000066757202,3.680000066757202,3.680000066757202,3.680000066757202,688
2026-09-03 11:40:00-04:00,3.7100000381469727,3.7200000286102295,3.7100000381469727,3.7200000286102295,1603
2026-09-03 11:46:00-04:00,3.7100000381469727,3.7100000381469727,3.7100000381469727,3.7100000381469727,188
2026-09-03 11:56:00-04:00,3.7163000106811523,3.7163000106811523,3.700000047683716,3.700000047683716,1757
2026-09-03 13:05:00-04:00,3.71370005607605,3.71370005607605,3.71370005607605,3.71370005607605,179
2026-09-03 13:08:00-04:00,3.700000047683716,3.700000047683716,3.6649999618530273,3.6649999618530273,1230
2026-09-03 13:44:00-04:00,3.680999994277954,3.680999994277954,3.680999994277954,3.680999994277954,744
2026-09-03 13:51:00-04:00,3.7385001182556152,3.7385001182556152,3.7100000381469727,3.7100000381469727,1253
2026-09-03 13:52:00-04:00,3.7100000381469727,3.7100000381469727,3.7100000381469727,3.7100000381469727,678
2026-09-03 14:28:00-04:00,3.719599962234497,3.719599962234497,3.719599962234497,3.719599962234497,323
2026-09-03 14:54:00-04:00,3.706899881362915,3.706899881362915,3.684999942779541,3.684999942779541,1664
2026-09-03 14:56:00-04:00,3.700000047683716,3.700000047683716,3.700000047683716,3.700000047683716,110
2026-09-03 15:04:00-04:00,3.690000057220459,3.690000057220459,3.690000057220459,3.690000057220459,260
2026-09-03 15:13:00-04:00,3.690000057220459,3.690000057220459,3.690000057220459,3.690000057220459,1203
2026-09-03 15:26:00-04:00,3.6500000953674316,3.6600000858306885,3.6500000953674316,3.6600000858306885,380
2026-09-03 15:32:00-04:00,3.6556999683380127,3.6556999683380127,3.6556999683380127,3.6556999683380127,280
2026-09-03 15:50:00-04:00,3.674999952316284,3.674999952316284,3.674999952316284,3.674999952316284,600
2026-09-03 15:52:00-04:00,3.6600000858306885,3.6600000858306885,3.6600000858306885,3.6600000858306885,0
2026-09-03 15:53:00-04:00,3.6600000858306885,3.6600000858306885,3.6600000858306885,3.6600000858306885,527
2026-09-03 16:00:00-04:00,3.67,3.67,3.67,3.67,1352
2026-09-03 16:03:00-04:00,3.7321,4.06,3.61,4.0597,0
2026-09-03 16:04:00-04:00,4.06,4.27,3.67,4.12,0
2026-09-03 16:05:00-04:00,4.1037,4.32,4.0203,4.25,0
2026-09-03 16:06:00-04:00,4.25,4.27,4.03,4.11,0
2026-09-03 16:07:00-04:00,4.1,4.24,4.07,4.1316,0
2026-09-03 16:08:00-04:00,4.14,4.24,4.12,4.2,0
2026-09-03 16:09:00-04:00,4.1895,4.24,4.0201,4.08,0
2026-09-03 16:10:00-04:00,4.09,4.18,4.07,4.12,0
2026-09-03 16:11:00-04:00,4.11,4.14,4.08,4.13,0
2026-09-03 16:12:00-04:00,4.12,4.25,4.1,4.2,0
2026-09-03 16:13:00-04:00,4.2,4.44,4.17,4.38,0
2026-09-03 16:14:00-04:00,4.37,4.42,4.26,4.37,0
2026-09-03 16:15:00-04:00,4.3566,4.4,4.26,4.35,0
2026-09-03 16:16:00-04:00,4.3492,4.47,4.3403,4.4028,0
2026-09-03 16:17:00-04:00,4.37,4.4,4.26,4.3141,0
2026-09-03 16:18:00-04:00,4.32,4.32,4.18,4.2561,0
2026-09-03 16:19:00-04:00,4.26,4.3,4.06,4.1423,0
2026-09-03 16:20:00-04:00,4.123,4.23,4.08,4.1201,0
2026-09-03 16:21:00-04:00,4.13,4.19,4.11,4.17,0
2026-09-03 16:22:00-04:00,4.1401,4.2,4.08,4.2,0
2026-09-03 16:23:00-04:00,4.18,4.2,4.12,4.16,0
2026-09-03 16:24:00-04:00,4.15,4.16,3.99,4.05,0
2026-09-03 16:25:00-04:00,4.05,4.09,4.03,4.0601,0
2026-09-03 16:26:00-04:00,4.0799,4.1,4.06,4.0803,0
2026-09-03 16:27:00-04:00,4.08,4.08,3.97,3.97,0
2026-09-03 16:28:00-04:00,3.951,3.99,3.85,3.9686,0
2026-09-03 16:29:00-04:00,3.95,4.04,3.9,3.94,0
2026-09-03 16:30:00-04:00,4.0,4.0,3.9,3.9441,0
2026-09-03 16:31:00-04:00,3.9,3.97,3.87,3.93,0
2026-09-03 16:32:00-04:00,3.97,4.0,3.91,3.99,0
2026-09-03 16:33:00-04:00,3.9954,3.9954,3.92,3.97,0
2026-09-03 16:34:00-04:00,3.97,4.07,3.97,4.02,0
2026-09-03 16:35:00-04:00,4.02,4.02,3.98,4.0,0
2026-09-03 16:36:00-04:00,3.9806,4.01,3.98,4.0,0
2026-09-03 16:37:00-04:00,3.9996,4.035,3.98,4.035,0
2026-09-03 16:38:00-04:00,4.035,4.04,3.95,3.97,0
2026-09-03 16:39:00-04:00,3.9518,3.99,3.93,3.9497,0
2026-09-03 16:40:00-04:00,3.94,3.95,3.86,3.9,0
2026-09-03 16:41:00-04:00,3.899,3.92,3.88,3.8906,0
2026-09-03 16:42:00-04:00,3.9,3.95,3.88,3.9391,0
2026-09-03 16:43:00-04:00,3.9376,3.94,3.89,3.89,0
2026-09-03 16:44:00-04:00,3.88,3.94,3.88,3.9303,0
2026-09-03 16:45:00-04:00,3.9397,3.98,3.92,3.98,0
2026-09-03 16:46:00-04:00,3.9796,3.98,3.92,3.97,0
2026-09-03 16:47:00-04:00,3.966,3.98,3.93,3.98,0
2026-09-03 16:48:00-04:00,3.97,3.98,3.95,3.976,0
2026-09-03 16:49:00-04:00,3.975,4.05,3.96,4.03,0
2026-09-03 16:50:00-04:00,4.0319,4.04,3.97,3.9701,0
2026-09-03 16:51:00-04:00,4.0,4.01,3.93,3.9403,0
2026-09-03 16:52:00-04:00,3.94,4.02,3.94,4.02,0
2026-09-03 16:53:00-04:00,4.02,4.02,3.95,3.96,0
2026-09-03 16:54:00-04:00,3.97,3.99,3.96,3.96,0
2026-09-03 16:55:00-04:00,3.99,4.0,3.92,3.9602,0
2026-09-03 16:56:00-04:00,3.95,4.0,3.95,3.9853,0
2026-09-03 16:57:00-04:00,3.9758,4.0,3.97,3.97,0
2026-09-03 16:58:00-04:00,3.9899,3.99,3.97,3.9785,0
2026-09-03 16:59:00-04:00,3.97,3.98,3.97,3.97,0
2026-09-03 17:00:00-04:00,3.973,3.98,3.93,3.97,0
2026-09-03 17:01:00-04:00,3.9585,3.96,3.95,3.95,0
2026-09-03 17:02:00-04:00,3.94,3.95,3.91,3.91,0
2026-09-03 17:03:00-04:00,3.9607,3.9607,3.91,3.92,0
2026-09-03 17:04:00-04:00,3.92,3.94,3.91,3.92,0
2026-09-03 17:05:00-04:00,3.91,3.94,3.91,3.92,0
2026-09-03 17:06:00-04:00,3.96,3.96,3.9326,3.9522,0
2026-09-03 17:07:00-04:00,3.95,3.96,3.93,3.93,0
2026-09-03 17:08:00-04:00,3.94,3.941,3.92,3.9252,0
2026-09-03 17:09:00-04:00,3.96,3.96,3.9,3.9,0
2026-09-03 17:10:00-04:00,3.92,3.94,3.9,3.94,0
2026-09-03 17:11:00-04:00,3.94,3.94,3.9203,3.9203,0
2026-09-03 17:12:00-04:00,3.93,3.95,3.93,3.95,0
2026-09-03 17:13:00-04:00,3.9497,4.01,3.93,4.01,0
2026-09-03 17:14:00-04:00,4.02,4.1,3.96,4.0666,0
2026-09-03 17:15:00-04:00,4.04,4.2497,4.04,4.19,0
2026-09-03 17:16:00-04:00,4.13,4.22,4.08,4.1395,0
2026-09-03 17:17:00-04:00,4.16,4.18,4.1,4.1393,0
2026-09-03 17:18:00-04:00,4.14,4.16,4.12,4.15,0
2026-09-03 17:19:00-04:00,4.135,4.14,4.03,4.0666,0
2026-09-03 17:20:00-04:00,4.07,4.13,4.06,4.1107,0
2026-09-03 17:21:00-04:00,4.11,4.12,4.0346,4.05,0
2026-09-03 17:22:00-04:00,4.0497,4.08,4.03,4.08,0
2026-09-03 17:23:00-04:00,4.0589,4.11,4.05,4.1,0
2026-09-03 17:24:00-04:00,4.0923,4.13,4.0923,4.1228,0
2026-09-03 17:25:00-04:00,4.13,4.13,4.1,4.129,0
2026-09-03 17:26:00-04:00,4.12,4.12,4.1,4.1,0
2026-09-03 17:27:00-04:00,4.1072,4.12,4.1,4.1,0
2026-09-03 17:28:00-04:00,4.1001,4.11,4.04,4.08,0
2026-09-03 17:29:00-04:00,4.051,4.1,4.05,4.08,0
2026-09-03 17:30:00-04:00,4.08,4.21,4.08,4.18,0
2026-09-03 17:31:00-04:00,4.2,4.2,4.17,4.17,0
2026-09-03 17:32:00-04:00,4.17,4.28,4.17,4.26,0
2026-09-03 17:33:00-04:00,4.2301,4.29,4.22,4.2758,0
2026-09-03 17:34:00-04:00,4.28,4.28,4.19,4.23,0
2026-09-03 17:35:00-04:00,4.2,4.23,4.05,4.15,0
2026-09-03 17:36:00-04:00,4.14,4.15,4.07,4.15,0
2026-09-03 17:37:00-04:00,4.1,4.11,4.07,4.1,0
2026-09-03 17:38:00-04:00,4.1,4.11,4.1,4.11,0
2026-09-03 17:39:00-04:00,4.12,4.15,4.12,4.13,0
2026-09-03 17:40:00-04:00,4.15,4.15,4.1,4.1,0
2026-09-03 17:41:00-04:00,4.09,4.1,4.07,4.1,0
2026-09-03 17:42:00-04:00,4.1,4.13,4.09,4.11,0
2026-09-03 17:43:00-04:00,4.11,4.11,4.09,4.11,0
2026-09-03 17:44:00-04:00,4.0999,4.1,4.09,4.09,0
2026-09-03 17:45:00-04:00,4.0703,4.0703,4.01,4.03,0
2026-09-03 17:46:00-04:00,4.02,4.04,4.01,4.02,0
2026-09-03 17:47:00-04:00,4.03,4.05,4.02,4.04,0
2026-09-03 17:48:00-04:00,4.0301,4.05,4.03,4.0322,0
2026-09-03 17:49:00-04:00,4.041,4.1197,4.041,4.1,0
2026-09-03 17:50:00-04:00,4.09,4.1,4.09,4.1,0
2026-09-03 17:51:00-04:00,4.09,4.1,4.06,4.1,0
2026-09-03 17:52:00-04:00,4.08,4.1,4.05,4.07,0
2026-09-03 17:53:00-04:00,4.1,4.1,4.09,4.1,0
2026-09-03 17:54:00-04:00,4.07,4.1,4.07,4.0994,0
2026-09-03 17:55:00-04:00,4.0501,4.1,4.05,4.05,0
2026-09-03 17:56:00-04:00,4.1,4.14,4.05,4.05,0
2026-09-03 17:57:00-04:00,4.18,4.18,4.11,4.18,0
2026-09-03 17:58:00-04:00,4.18,4.18,4.12,4.15,0
2026-09-03 17:59:00-04:00,4.17,4.18,4.09,4.13,0
2026-09-03 18:00:00-04:00,4.13,4.18,4.11,4.16,0
2026-09-03 18:01:00-04:00,4.16,4.17,4.11,4.149,0
2026-09-03 18:02:00-04:00,4.15,4.15,4.11,4.15,0
2026-09-03 18:03:00-04:00,4.13,4.1493,4.11,4.1134,0
2026-09-03 18:04:00-04:00,4.12,4.1685,4.1003,4.1685,0
2026-09-03 18:05:00-04:00,4.17,4.17,4.14,4.16,0
2026-09-03 18:06:00-04:00,4.16,4.17,4.16,4.17,0
2026-09-03 18:07:00-04:00,4.17,4.17,4.13,4.1497,0
2026-09-03 18:08:00-04:00,4.13,4.15,4.13,4.15,0
2026-09-03 18:09:00-04:00,4.14,4.15,4.1306,4.15,0
2026-09-03 18:10:00-04:00,4.15,4.15,4.1499,4.15,0
2026-09-03 18:11:00-04:00,4.17,4.2,4.165,4.1951,0
2026-09-03 18:12:00-04:00,4.2,4.23,4.18,4.21,0
2026-09-03 18:13:00-04:00,4.2098,4.22,4.14,4.21,0
2026-09-03 18:14:00-04:00,4.2,4.2,4.1923,4.2,0
2026-09-03 18:15:00-04:00,4.19,4.2,4.14,4.18,0
2026-09-03 18:16:00-04:00,4.18,4.19,4.18,4.18,0
2026-09-03 18:17:00-04:00,4.15,4.18,4.14,4.18,0
2026-09-03 18:18:00-04:00,4.14,4.17,4.13,4.13,0
2026-09-03 18:19:00-04:00,4.18,4.18,4.14,4.1674,0
2026-09-03 18:20:00-04:00,4.16,4.16,4.14,4.14,0
2026-09-03 18:21:00-04:00,4.18,4.18,4.169,4.17,0
2026-09-03 18:22:00-04:00,4.17,4.22,4.17,4.22,0
2026-09-03 18:23:00-04:00,4.23,4.2657,4.2081,4.2598,0
2026-09-03 18:24:00-04:00,4.2403,4.27,4.23,4.23,0
2026-09-03 18:25:00-04:00,4.26,4.26,4.21,4.24,0
2026-09-03 18:26:00-04:00,4.2009,4.24,4.2,4.21,0
2026-09-03 18:27:00-04:00,4.2003,4.2103,4.16,4.1987,0
2026-09-03 18:28:00-04:00,4.2,4.2,4.15,4.17,0
2026-09-03 18:29:00-04:00,4.17,4.24,4.17,4.2,0
2026-09-03 18:30:00-04:00,4.23,4.23,4.16,4.1996,0
2026-09-03 18:31:00-04:00,4.1991,4.2397,4.1991,4.2397,0
2026-09-03 18:32:00-04:00,4.2295,4.23,4.2006,4.2006,0
2026-09-03 18:33:00-04:00,4.2,4.23,4.2,4.23,0
2026-09-03 18:34:00-04:00,4.23,4.23,4.2,4.2,0
2026-09-03 18:35:00-04:00,4.21,4.23,4.16,4.16,0
2026-09-03 18:36:00-04:00,4.19,4.23,4.16,4.23,0
2026-09-03 18:37:00-04:00,4.23,4.23,4.18,4.23,0
2026-09-03 18:38:00-04:00,4.23,4.23,4.18,4.22,0
2026-09-03 18:39:00-04:00,4.2,4.22,4.18,4.1808,0
2026-09-03 18:40:00-04:00,4.2,4.2,4.2,4.2,0
2026-09-03 18:41:00-04:00,4.22,4.22,4.18,4.19,0
2026-09-03 18:42:00-04:00,4.2,4.21,4.19,4.19,0
2026-09-03 18:43:00-04:00,4.19,4.21,4.19,4.1908,0
2026-09-03 18:44:00-04:00,4.19,4.2091,4.19,4.2091,0
2026-09-03 18:45:00-04:00,4.1903,4.21,4.19,4.21,0
2026-09-03 18:46:00-04:00,4.2093,4.21,4.19,4.19,0
2026-09-03 18:47:00-04:00,4.19,4.2,4.19,4.1903,0
2026-09-03 18:48:00-04:00,4.1903,4.21,4.19,4.21,0
2026-09-03 18:49:00-04:00,4.19,4.21,4.19,4.21,0
2026-09-03 18:50:00-04:00,4.21,4.2108,4.2,4.21,0
2026-09-03 18:51:00-04:00,4.2198,4.22,4.1903,4.2,0
2026-09-03 18:52:00-04:00,4.2,4.2,4.19,4.2,0
2026-09-03 18:53:00-04:00,4.2,4.21,4.1962,4.1962,0
2026-09-03 18:54:00-04:00,4.19,4.2,4.19,4.2,0
2026-09-03 18:55:00-04:00,4.2,4.21,4.2,4.2,0
2026-09-03 18:56:00-04:00,4.1909,4.22,4.1909,4.22,0
2026-09-03 18:57:00-04:00,4.23,4.23,4.19,4.19,0
2026-09-03 18:58:00-04:00,4.22,4.22,4.2,4.2102,0
2026-09-03 18:59:00-04:00,4.2101,4.2199,4.2076,4.2098,0
2026-09-03 19:00:00-04:00,4.2,4.2,4.14,4.14,0
2026-09-03 19:01:00-04:00,4.15,4.18,4.15,4.1603,0
2026-09-03 19:02:00-04:00,4.2,4.2,4.16,4.19,0
2026-09-03 19:03:00-04:00,4.19,4.19,4.16,4.1672,0
2026-09-03 19:04:00-04:00,4.1603,4.17,4.16,4.16,0
2026-09-03 19:05:00-04:00,4.16,4.17,4.16,4.17,0
2026-09-03 19:06:00-04:00,4.1697,4.1701,4.16,4.17,0
2026-09-03 19:07:00-04:00,4.17,4.18,4.17,4.17,0
2026-09-03 19:08:00-04:00,4.17,4.19,4.1602,4.1602,0
2026-09-03 19:09:00-04:00,4.17,4.19,4.17,4.18,0
2026-09-03 19:10:00-04:00,4.19,4.19,4.17,4.19,0
2026-09-03 19:11:00-04:00,4.18,4.18,4.1701,4.1799,0
2026-09-03 19:12:00-04:00,4.17,4.1702,4.17,4.17,0
2026-09-03 19:13:00-04:00,4.1798,4.18,4.17,4.1701,0
2026-09-03 19:14:00-04:00,4.18,4.18,4.16,4.16,0
2026-09-03 19:15:00-04:00,4.16,4.17,4.16,4.17,0
2026-09-03 19:16:00-04:00,4.1603,4.17,4.16,4.17,0
2026-09-03 19:17:00-04:00,4.17,4.17,4.16,4.17,0
2026-09-03 19:18:00-04:00,4.16,4.17,4.16,4.17,0
2026-09-03 19:19:00-04:00,4.17,4.1799,4.16,4.1799,0
2026-09-03 19:20:00-04:00,4.1793,4.18,4.16,4.1701,0
2026-09-03 19:21:00-04:00,4.17,4.1809,4.17,4.1809,0
2026-09-03 19:22:00-04:00,4.19,4.19,4.18,4.1815,0
2026-09-03 19:23:00-04:00,4.2,4.21,4.2,4.21,0
2026-09-03 19:24:00-04:00,4.21,4.23,4.21,4.23,0
2026-09-03 19:25:00-04:00,4.23,4.24,4.22,4.2201,0
2026-09-03 19:26:00-04:00,4.2269,4.2269,4.2008,4.22,0
2026-09-03 19:27:00-04:00,4.22,4.22,4.218,4.22,0
2026-09-03 19:28:00-04:00,4.22,4.22,4.18,4.18,0
2026-09-03 19:29:00-04:00,4.2,4.22,4.2,4.22,0
2026-09-03 19:30:00-04:00,4.22,4.25,4.18,4.23,0
2026-09-03 19:31:00-04:00,4.2423,4.25,4.2423,4.25,0
2026-09-03 19:32:00-04:00,4.25,4.34,4.23,4.3,0
2026-09-03 19:33:00-04:00,4.34,4.37,4.25,4.37,0
2026-09-03 19:34:00-04:00,4.37,4.44,4.3211,4.4,0
2026-09-03 19:35:00-04:00,4.365,4.46,4.365,4.4498,0
2026-09-03 19:36:00-04:00,4.4499,4.46,4.3,4.43,0
2026-09-03 19:37:00-04:00,4.42,4.51,4.4,4.4355,0
2026-09-03 19:38:00-04:00,4.44,4.47,4.36,4.4331,0
2026-09-03 19:39:00-04:00,4.44,4.45,4.35,4.4,0
2026-09-03 19:40:00-04:00,4.3618,4.45,4.3618,4.4,0
2026-09-03 19:41:00-04:00,4.42,4.4299,4.38,4.38,0
2026-09-03 19:42:00-04:00,4.4,4.4,4.38,4.4,0
2026-09-03 19:43:00-04:00,4.4,4.44,4.39,4.4395,0
2026-09-03 19:44:00-04:00,4.44,4.45,4.42,4.43,0
2026-09-03 19:45:00-04:00,4.42,4.44,4.38,4.3805,0
2026-09-03 19:46:00-04:00,4.38,4.4,4.38,4.4,0
2026-09-03 19:47:00-04:00,4.4,4.44,4.4,4.43,0
2026-09-03 19:48:00-04:00,4.3904,4.45,4.3904,4.4489,0
2026-09-03 19:49:00-04:00,4.45,4.53,4.42,4.51,0
2026-09-03 19:50:00-04:00,4.53,4.53,4.4408,4.47,0
2026-09-03 19:51:00-04:00,4.4576,4.47,4.41,4.46,0
2026-09-03 19:52:00-04:00,4.47,4.47,4.41,4.45,0
2026-09-03 19:53:00-04:00,4.45,4.46,4.41,4.46,0
2026-09-03 19:54:00-04:00,4.4526,4.48,4.45,4.47,0
2026-09-03 19:55:00-04:00,4.48,4.48,4.4531,4.4697,0
2026-09-03 19:56:00-04:00,4.4697,4.47,4.45,4.47,0
2026-09-03 19:57:00-04:00,4.46,4.4815,4.45,4.46,0
2026-09-03 19:58:00-04:00,4.4503,4.49,4.45,4.4793,0
2026-09-03 19:59:00-04:00,4.4604,4.5,4.45,4.4872,0
2026-09-04 04:00:00-04:00,4.33,4.79,4.33,4.41,0
2026-09-04 04:01:00-04:00,4.41,4.71,4.25,4.35,0
2026-09-04 04:02:00-04:00,4.34,4.5491,4.34,4.49,0
2026-09-04 04:03:00-04:00,4.49,4.57,4.45,4.5003,0
2026-09-04 04:04:00-04:00,4.5,4.53,4.43,4.4645,0
2026-09-04 04:05:00-04:00,4.4669,4.4897,4.4109,4.4791,0
2026-09-04 04:06:00-04:00,4.45,4.71,4.4209,4.4382,0
2026-09-04 04:07:00-04:00,4.4395,4.44,4.4,4.41,0
2026-09-04 04:08:00-04:00,4.4109,4.4395,4.41,4.4222,0
2026-09-04 04:09:00-04:00,4.4211,4.45,4.42,4.44,0
2026-09-04 04:10:00-04:00,4.45,4.4991,4.44,4.4991,0
2026-09-04 04:11:00-04:00,4.4991,4.5,4.4311,4.4491,0
2026-09-04 04:12:00-04:00,4.45,4.45,4.41,4.4288,0
2026-09-04 04:13:00-04:00,4.4315,4.45,4.4106,4.422,0
2026-09-04 04:14:00-04:00,4.412,4.43,4.35,4.3612,0
2026-09-04 04:15:00-04:00,4.3612,4.39,4.36,4.3825,0
2026-09-04 04:16:00-04:00,4.379,4.38,4.36,4.3608,0
2026-09-04 04:17:00-04:00,4.37,4.37,4.29,4.34,0
2026-09-04 04:18:00-04:00,4.32,4.43,4.32,4.4295,0
2026-09-04 04:19:00-04:00,4.42,4.48,4.41,4.48,0
2026-09-04 04:20:00-04:00,4.48,4.48,4.4405,4.4416,0
2026-09-04 04:21:00-04:00,4.4477,4.45,4.3917,4.3917,0
2026-09-04 04:22:00-04:00,4.3982,4.4229,4.39,4.4229,0
2026-09-04 04:23:00-04:00,4.4,4.4197,4.35,4.3601,0
2026-09-04 04:24:00-04:00,4.3612,4.37,4.3107,4.3107,0
2026-09-04 04:25:00-04:00,4.3123,4.34,4.29,4.31,0
2026-09-04 04:26:00-04:00,4.3,4.31,4.25,4.27,0
2026-09-04 04:27:00-04:00,4.2778,4.3,4.26,4.26,0
2026-09-04 04:28:00-04:00,4.27,4.27,4.22,4.27,0
2026-09-04 04:29:00-04:00,4.272,4.2889,4.2603,4.2603,0
2026-09-04 04:30:00-04:00,4.2652,4.27,4.2377,4.27,0
2026-09-04 04:31:00-04:00,4.2697,4.2697,4.25,4.25,0
2026-09-04 04:32:00-04:00,4.25,4.2623,4.25,4.2511,0
2026-09-04 04:33:00-04:00,4.25,4.2795,4.25,4.2777,0
2026-09-04 04:34:00-04:00,4.2623,4.2879,4.26,4.2879,0
2026-09-04 04:35:00-04:00,4.29,4.32,4.2812,4.32,0
2026-09-04 04:36:00-04:00,4.3,4.34,4.2973,4.3382,0
2026-09-04 04:37:00-04:00,4.3312,4.39,4.3312,4.3711,0
2026-09-04 04:38:00-04:00,4.39,4.39,4.35,4.3606,0
2026-09-04 04:39:00-04:00,4.3771,4.3789,4.3605,4.3611,0
2026-09-04 04:40:00-04:00,4.3411,4.3411,4.317,4.3185,0
2026-09-04 04:41:00-04:00,4.2982,4.32,4.2906,4.3177,0
2026-09-04 04:42:00-04:00,4.3006,4.3189,4.3,4.3,0
2026-09-04 04:43:00-04:00,4.3119,4.3639,4.3119,4.3601,0
2026-09-04 04:44:00-04:00,4.38,4.38,4.36,4.37,0
2026-09-04 04:45:00-04:00,4.3782,4.3798,4.33,4.344,0
2026-09-04 04:46:00-04:00,4.3659,4.3659,4.33,4.33,0
2026-09-04 04:47:00-04:00,4.36,4.36,4.3323,4.35,0
2026-09-04 04:48:00-04:00,4.3307,4.3797,4.3307,4.3797,0
2026-09-04 04:49:00-04:00,4.3782,4.38,4.3627,4.38,0
2026-09-04 04:50:00-04:00,4.39,4.3995,4.38,4.3988,0
2026-09-04 04:51:00-04:00,4.3999,4.4,4.39,4.3917,0
2026-09-04 04:52:00-04:00,4.39,4.4,4.37,4.37,0
2026-09-04 04:53:00-04:00,4.3589,4.3589,4.3014,4.3216,0
2026-09-04 04:54:00-04:00,4.34,4.34,4.32,4.34,0
2026-09-04 04:55:00-04:00,4.3304,4.35,4.33,4.3388,0
2026-09-04 04:56:00-04:00,4.3382,4.34,4.3202,4.3207,0
2026-09-04 04:57:00-04:00,4.37,4.37,4.3441,4.37,0
2026-09-04 04:58:00-04:00,4.3659,4.385,4.35,4.385,0
2026-09-04 04:59:00-04:00,4.38,4.43,4.38,4.42,0
2026-09-04 05:00:00-04:00,4.4184,4.42,4.4,4.4023,0
2026-09-04 05:01:00-04:00,4.3941,4.3941,4.3811,4.3823,0
2026-09-04 05:02:00-04:00,4.3967,4.399,4.37,4.3811,0
2026-09-04 05:03:00-04:00,4.38,4.3959,4.3728,4.3797,0
2026-09-04 05:04:00-04:00,4.3782,4.3782,4.34,4.35,0
2026-09-04 05:05:00-04:00,4.35,4.39,4.35,4.3735,0
2026-09-04 05:06:00-04:00,4.37,4.37,4.35,4.35,0
2026-09-04 05:07:00-04:00,4.37,4.4,4.37,4.3869,0
2026-09-04 05:09:00-04:00,4.39,4.39,4.3783,4.3783,0
2026-09-04 05:10:00-04:00,4.37,4.37,4.35,4.35,0
2026-09-04 05:11:00-04:00,4.37,4.37,4.37,4.37,0
2026-09-04 05:12:00-04:00,4.3859,4.3881,4.36,4.36,0
2026-09-04 05:13:00-04:00,4.3603,4.39,4.36,4.36,0
2026-09-04 05:14:00-04:00,4.38,4.38,4.3777,4.3778,0
2026-09-04 05:15:00-04:00,4.37,4.3795,4.35,4.3677,0
2026-09-04 05:16:00-04:00,4.3677,4.3677,4.35,4.36,0
2026-09-04 05:17:00-04:00,4.3503,4.3503,4.33,4.33,0
2026-09-04 05:18:00-04:00,4.33,4.33,4.31,4.3204,0
2026-09-04 05:19:00-04:00,4.33,4.34,4.32,4.32,0
2026-09-04 05:20:00-04:00,4.32,4.36,4.3018,4.33,0
2026-09-04 05:21:00-04:00,4.34,4.34,4.3305,4.34,0
2026-09-04 05:22:00-04:00,4.37,4.378,4.37,4.378,0
2026-09-04 05:23:00-04:00,4.37,4.37,4.3659,4.3659,0
2026-09-04 05:24:00-04:00,4.3677,4.3677,4.3677,4.3677,0
2026-09-04 05:25:00-04:00,4.36,4.36,4.34,4.34,0
2026-09-04 05:26:00-04:00,4.3419,4.37,4.3419,4.36,0
2026-09-04 05:27:00-04:00,4.3579,4.3579,4.3578,4.3578,0
2026-09-04 05:28:00-04:00,4.3589,4.37,4.3403,4.37,0
2026-09-04 05:29:00-04:00,4.35,4.37,4.35,4.36,0
2026-09-04 05:30:00-04:00,4.37,4.3777,4.37,4.3759,0
2026-09-04 05:31:00-04:00,4.3788,4.3788,4.3783,4.3783,0
2026-09-04 05:32:00-04:00,4.3781,4.39,4.37,4.39,0
2026-09-04 05:33:00-04:00,4.4,4.4,4.3888,4.39,0
2026-09-04 05:34:00-04:00,4.38,4.3895,4.38,4.385,0
2026-09-04 05:35:00-04:00,4.379,4.3897,4.37,4.3897,0
2026-09-04 05:38:00-04:00,4.38,4.38,4.38,4.38,0
2026-09-04 05:39:00-04:00,4.38,4.38,4.38,4.38,0
2026-09-04 05:40:00-04:00,4.3777,4.38,4.35,4.38,0
2026-09-04 05:41:00-04:00,4.38,4.38,4.35,4.35,0
2026-09-04 05:42:00-04:00,4.37,4.37,4.37,4.37,0
2026-09-04 05:43:00-04:00,4.35,4.3502,4.35,4.3502,0
2026-09-04 05:44:00-04:00,4.3403,4.35,4.3403,4.3403,0
2026-09-04 05:45:00-04:00,4.3498,4.3498,4.34,4.34,0
2026-09-04 05:46:00-04:00,4.349,4.43,4.349,4.4282,0
2026-09-04 05:47:00-04:00,4.43,4.4697,4.4,4.46,0
2026-09-04 05:48:00-04:00,4.46,4.46,4.36,4.44,0
2026-09-04 05:49:00-04:00,4.44,4.46,4.43,4.44,0
2026-09-04 05:50:00-04:00,4.45,4.4511,4.42,4.43,0
2026-09-04 05:51:00-04:00,4.43,4.46,4.4203,4.4597,0
2026-09-04 05:52:00-04:00,4.4592,4.48,4.43,4.48,0
2026-09-04 05:53:00-04:00,4.48,4.7,4.47,4.6982,0
2026-09-04 05:54:00-04:00,4.6988,4.7098,4.53,4.6297,0
2026-09-04 05:55:00-04:00,4.6298,4.8,4.37,4.5253,0
2026-09-04 05:56:00-04:00,4.5,4.5254,4.31,4.3169,0
2026-09-04 05:57:00-04:00,4.31,4.3982,4.2,4.3222,0
2026-09-04 05:58:00-04:00,4.35,4.4,4.28,4.3,0
2026-09-04 05:59:00-04:00,4.3275,4.3679,4.3,4.3208,0
2026-09-04 06:00:00-04:00,4.3213,4.36,4.3,4.31,0
2026-09-04 06:01:00-04:00,4.29,4.34,4.26,4.28,0
2026-09-04 06:02:00-04:00,4.28,4.31,4.24,4.27,0
2026-09-04 06:03:00-04:00,4.2655,4.33,4.26,4.2688,0
2026-09-04 06:04:00-04:00,4.27,4.29,4.2,4.23,0
2026-09-04 06:05:00-04:00,4.22,4.25,4.21,4.2489,0
2026-09-04 06:06:00-04:00,4.2495,4.25,4.22,4.2212,0
2026-09-04 06:07:00-04:00,4.2299,4.2993,4.2241,4.2993,0
2026-09-04 06:08:00-04:00,4.28,4.2963,4.26,4.27,0
2026-09-04 06:09:00-04:00,4.27,4.27,4.2,4.2459,0
2026-09-04 06:10:00-04:00,4.24,4.2598,4.2176,4.2545,0
2026-09-04 06:11:00-04:00,4.2492,4.27,4.24,4.25,0
2026-09-04 06:12:00-04:00,4.25,4.25,4.2031,4.2362,0
2026-09-04 06:13:00-04:00,4.22,4.26,4.2196,4.2403,0
2026-09-04 06:14:00-04:00,4.2423,4.27,4.2415,4.2501,0
2026-09-04 06:15:00-04:00,4.25,4.26,4.2411,4.2433,0
2026-09-04 06:16:00-04:00,4.25,4.2698,4.24,4.2431,0
2026-09-04 06:17:00-04:00,4.25,4.2916,4.2418,4.2912,0
2026-09-04 06:18:00-04:00,4.2902,4.2902,4.23,4.24,0
2026-09-04 06:19:00-04:00,4.23,4.2546,4.23,4.2499,0
2026-09-04 06:20:00-04:00,4.24,4.25,4.23,4.24,0
2026-09-04 06:21:00-04:00,4.25,4.25,4.12,4.16,0
2026-09-04 06:22:00-04:00,4.18,4.2075,4.16,4.17,0
2026-09-04 06:23:00-04:00,4.17,4.19,4.16,4.17,0
2026-09-04 06:24:00-04:00,4.17,4.18,4.14,4.1482,0
2026-09-04 06:25:00-04:00,4.14,4.16,4.1,4.12,0
2026-09-04 06:26:00-04:00,4.1241,4.21,4.12,4.15,0
2026-09-04 06:27:00-04:00,4.16,4.2,4.16,4.1877,0
2026-09-04 06:28:00-04:00,4.18,4.1889,4.1603,4.18,0
2026-09-04 06:29:00-04:00,4.1798,4.18,4.16,4.17,0
2026-09-04 06:30:00-04:00,4.17,4.18,4.16,4.18,0
2026-09-04 06:31:00-04:00,4.1705,4.1882,4.16,4.1619,0
2026-09-04 06:32:00-04:00,4.1613,4.1696,4.13,4.16,0
2026-09-04 06:33:00-04:00,4.1422,4.18,4.14,4.16,0
2026-09-04 06:34:00-04:00,4.1656,4.1682,4.14,4.15,0
2026-09-04 06:35:00-04:00,4.15,4.1691,4.1452,4.15,0
2026-09-04 06:36:00-04:00,4.15,4.2,4.15,4.1783,0
2026-09-04 06:37:00-04:00,4.1671,4.177,4.14,4.1405,0
2026-09-04 06:38:00-04:00,4.15,4.1695,4.15,4.16,0
2026-09-04 06:39:00-04:00,4.16,4.1775,4.1551,4.16,0
2026-09-04 06:40:00-04:00,4.1759,4.1759,4.1522,4.1666,0
2026-09-04 06:41:00-04:00,4.17,4.19,4.17,4.19,0
2026-09-04 06:42:00-04:00,4.169,4.17,4.1188,4.1188,0
2026-09-04 06:43:00-04:00,4.1189,4.1612,4.1118,4.12,0
2026-09-04 06:44:00-04:00,4.13,4.14,4.13,4.14,0
2026-09-04 06:45:00-04:00,4.14,4.15,4.14,4.14,0
2026-09-04 06:46:00-04:00,4.14,4.16,4.13,4.13,0
2026-09-04 06:47:00-04:00,4.1212,4.14,4.12,4.1323,0
2026-09-04 06:48:00-04:00,4.13,4.1407,4.13,4.13,0
2026-09-04 06:49:00-04:00,4.12,4.13,4.1,4.1,0
2026-09-04 06:50:00-04:00,4.11,4.13,4.06,4.13,0
2026-09-04 06:51:00-04:00,4.15,4.15,4.0919,4.1,0
2026-09-04 06:52:00-04:00,4.09,4.13,4.09,4.12,0
2026-09-04 06:53:00-04:00,4.1288,4.1801,4.1288,4.18,0
2026-09-04 06:54:00-04:00,4.1759,4.18,4.12,4.1223,0
2026-09-04 06:55:00-04:00,4.1241,4.15,4.1222,4.1223,0
2026-09-04 06:56:00-04:00,4.1222,4.1639,4.1222,4.1639,0
2026-09-04 06:57:00-04:00,4.15,4.16,4.13,4.1337,0
2026-09-04 06:58:00-04:00,4.12,4.13,4.101,4.12,0
2026-09-04 06:59:00-04:00,4.12,4.1697,4.1,4.11,0
2026-09-04 07:00:00-04:00,4.12,4.1654,4.12,4.14,0
2026-09-04 07:01:00-04:00,4.1491,4.15,4.13,4.15,0
2026-09-04 07:02:00-04:00,4.146,4.15,4.06,4.0632,0
2026-09-04 07:03:00-04:00,4.0623,4.14,4.06,4.11,0
2026-09-04 07:04:00-04:00,4.09,4.1,4.06,4.0989,0
2026-09-04 07:05:00-04:00,4.0812,4.11,4.08,4.1018,0
2026-09-04 07:06:00-04:00,4.11,4.12,4.08,4.1058,0
2026-09-04 07:07:00-04:00,4.1399,4.14,4.1121,4.1388,0
2026-09-04 07:08:00-04:00,4.1399,4.14,4.1302,4.14,0
2026-09-04 07:09:00-04:00,4.14,4.14,4.13,4.14,0
2026-09-04 07:10:00-04:00,4.1301,4.19,4.13,4.17,0
2026-09-04 07:11:00-04:00,4.1734,4.22,4.16,4.1988,0
2026-09-04 07:12:00-04:00,4.2088,4.22,4.2,4.2107,0
2026-09-04 07:13:00-04:00,4.2009,4.2099,4.14,4.15,0
2026-09-04 07:14:00-04:00,4.15,4.15,4.0845,4.09,0
2026-09-04 07:15:00-04:00,4.09,4.13,4.09,4.12,0
2026-09-04 07:16:00-04:00,4.1189,4.12,4.1,4.12,0
2026-09-04 07:17:00-04:00,4.12,4.1285,4.1,4.1,0
2026-09-04 07:18:00-04:00,4.0901,4.13,4.07,4.09,0
2026-09-04 07:19:00-04:00,4.09,4.16,4.09,4.16,0
2026-09-04 07:20:00-04:00,4.13,4.1997,4.13,4.19,0
2026-09-04 07:21:00-04:00,4.19,4.19,4.16,4.1669,0
2026-09-04 07:22:00-04:00,4.17,4.17,4.15,4.15,0
2026-09-04 07:23:00-04:00,4.16,4.16,4.11,4.11,0
2026-09-04 07:24:00-04:00,4.1101,4.16,4.1101,4.1577,0
2026-09-04 07:25:00-04:00,4.16,4.23,4.14,4.23,0
2026-09-04 07:26:00-04:00,4.2076,4.2076,4.155,4.2,0
2026-09-04 07:27:00-04:00,4.1997,4.25,4.14,4.2307,0
2026-09-04 07:28:00-04:00,4.25,4.27,4.2,4.2003,0
2026-09-04 07:29:00-04:00,4.2382,4.25,4.2,4.2317,0
2026-09-04 07:30:00-04:00,4.2017,4.2397,4.2,4.22,0
2026-09-04 07:31:00-04:00,4.22,4.23,4.2,4.2283,0
2026-09-04 07:32:00-04:00,4.23,4.24,4.22,4.23,0
2026-09-04 07:33:00-04:00,4.22,4.2201,4.1577,4.16,0
2026-09-04 07:34:00-04:00,4.1615,4.24,4.15,4.24,0
2026-09-04 07:35:00-04:00,4.24,4.24,4.16,4.16,0
2026-09-04 07:36:00-04:00,4.1784,4.24,4.16,4.2007,0
2026-09-04 07:37:00-04:00,4.24,4.3,4.23,4.3,0
2026-09-04 07:38:00-04:00,4.27,4.2904,4.2,4.2,0
2026-09-04 07:39:00-04:00,4.22,4.24,4.21,4.23,0
2026-09-04 07:40:00-04:00,4.24,4.24,4.18,4.18,0
2026-09-04 07:41:00-04:00,4.1945,4.2297,4.18,4.19,0
2026-09-04 07:42:00-04:00,4.1784,4.2097,4.17,4.18,0
2026-09-04 07:43:00-04:00,4.23,4.23,4.18,4.2,0
2026-09-04 07:44:00-04:00,4.21,4.21,4.18,4.19,0
2026-09-04 07:45:00-04:00,4.1892,4.19,4.17,4.18,0
2026-09-04 07:46:00-04:00,4.18,4.19,4.1705,4.19,0
2026-09-04 07:47:00-04:00,4.2,4.24,4.2,4.24,0
2026-09-04 07:48:00-04:00,4.2259,4.25,4.2009,4.247,0
2026-09-04 07:49:00-04:00,4.2477,4.3,4.22,4.2845,0
2026-09-04 07:50:00-04:00,4.2845,4.32,4.25,4.28,0
2026-09-04 07:51:00-04:00,4.28,4.28,4.26,4.27,0
2026-09-04 07:52:00-04:00,4.26,4.28,4.25,4.26,0
2026-09-04 07:53:00-04:00,4.26,4.28,4.25,4.27,0
2026-09-04 07:54:00-04:00,4.26,4.26,4.25,4.2518,0
2026-09-04 07:55:00-04:00,4.26,4.28,4.25,4.2689,0
2026-09-04 07:56:00-04:00,4.2698,4.32,4.2696,4.2969,0
2026-09-04 07:57:00-04:00,4.28,4.3,4.2707,4.2707,0
2026-09-04 07:58:00-04:00,4.28,4.3088,4.27,4.3,0
2026-09-04 07:59:00-04:00,4.3018,4.32,4.3,4.32,0
2026-09-04 08:00:00-04:00,4.3189,4.47,4.3097,4.46,0
2026-09-04 08:01:00-04:00,4.4589,4.7,4.45,4.6169,0
2026-09-04 08:02:00-04:00,4.6199,4.79,4.51,4.73,0
2026-09-04 08:03:00-04:00,4.72,4.77,4.61,4.68,0
2026-09-04 08:04:00-04:00,4.71,4.8,4.62,4.6297,0
2026-09-04 08:05:00-04:00,4.6298,4.72,4.6,4.63,0
2026-09-04 08:06:00-04:00,4.61,4.68,4.55,4.56,0
2026-09-04 08:07:00-04:00,4.57,4.74,4.558,4.7,0
2026-09-04 08:08:00-04:00,4.6999,6.15,4.6501,5.5098,0
2026-09-04 08:09:00-04:00,5.51,5.66,5.22,5.3377,0
2026-09-04 08:10:00-04:00,5.3377,5.45,5.3,5.36,0
2026-09-04 08:11:00-04:00,5.346,5.51,5.21,5.2903,0
2026-09-04 08:12:00-04:00,5.3116,5.5,5.25,5.3466,0
2026-09-04 08:13:00-04:00,5.3477,5.44,5.28,5.4,0
2026-09-04 08:14:00-04:00,5.4,5.4,5.1201,5.2377,0
2026-09-04 08:15:00-04:00,5.2103,5.3,5.12,5.23,0
2026-09-04 08:16:00-04:00,5.2476,5.25,5.03,5.1344,0
2026-09-04 08:17:00-04:00,5.1371,5.2899,4.97,5.16,0
2026-09-04 08:18:00-04:00,5.16,5.26,5.05,5.24,0
2026-09-04 08:19:00-04:00,5.17,5.29,5.04,5.09,0
2026-09-04 08:20:00-04:00,5.1,5.22,5.02,5.1698,0
2026-09-04 08:21:00-04:00,5.14,5.4,5.09,5.32,0
2026-09-04 08:22:00-04:00,5.3239,5.54,5.27,5.3697,0
2026-09-04 08:23:00-04:00,5.3303,5.4,5.27,5.37,0
2026-09-04 08:24:00-04:00,5.39,5.48,5.33,5.3362,0
2026-09-04 08:25:00-04:00,5.33,5.45,5.3101,5.36,0
2026-09-04 08:26:00-04:00,5.4,5.46,5.28,5.43,0
2026-09-04 08:27:00-04:00,5.41,5.44,5.27,5.3168,0
2026-09-04 08:28:00-04:00,5.3199,5.38,5.21,5.31,0
2026-09-04 08:29:00-04:00,5.31,5.39,5.21,5.2911,0
2026-09-04 08:30:00-04:00,5.31,5.45,5.17,5.2697,0
2026-09-04 08:31:00-04:00,5.2502,5.32,5.0301,5.0995,0
2026-09-04 08:32:00-04:00,5.0973,5.14,5.05,5.09,0
2026-09-04 08:33:00-04:00,5.0854,5.09,4.55,4.59,0
2026-09-04 08:34:00-04:00,4.5971,4.68,4.09,4.2996,0
2026-09-04 08:35:00-04:00,4.3,4.3499,4.2401,4.301,0
2026-09-04 08:36:00-04:00,4.32,4.44,4.26,4.35,0
2026-09-04 08:37:00-04:00,4.33,4.35,4.21,4.26,0
2026-09-04 08:38:00-04:00,4.25,4.35,4.1923,4.35,0
2026-09-04 08:39:00-04:00,4.3382,4.35,4.26,4.3,0
2026-09-04 08:40:00-04:00,4.2996,4.33,4.28,4.28,0
2026-09-04 08:41:00-04:00,4.3,4.39,4.28,4.3648,0
2026-09-04 08:42:00-04:00,4.38,4.39,4.3267,4.3725,0
2026-09-04 08:43:00-04:00,4.3871,4.45,4.3731,4.4305,0
2026-09-04 08:44:00-04:00,4.43,4.47,4.39,4.45,0
2026-09-04 08:45:00-04:00,4.4497,4.47,4.37,4.39,0
2026-09-04 08:46:00-04:00,4.3888,4.43,4.32,4.3912,0
2026-09-04 08:47:00-04:00,4.39,4.4,4.34,4.37,0
2026-09-04 08:48:00-04:00,4.3681,4.39,4.35,4.3799,0
2026-09-04 08:49:00-04:00,4.38,4.4,4.29,4.3111,0
2026-09-04 08:50:00-04:00,4.326,4.4,4.31,4.4,0
2026-09-04 08:51:00-04:00,4.3912,4.43,4.39,4.43,0
2026-09-04 08:52:00-04:00,4.4,4.43,4.35,4.3682,0
2026-09-04 08:53:00-04:00,4.36,4.39,4.33,4.39,0
2026-09-04 08:54:00-04:00,4.3723,4.39,4.29,4.36,0
2026-09-04 08:55:00-04:00,4.35,4.38,4.3,4.3398,0
2026-09-04 08:56:00-04:00,4.34,4.34,4.3,4.3082,0
2026-09-04 08:57:00-04:00,4.31,4.31,4.27,4.282,0
2026-09-04 08:58:00-04:00,4.29,4.342,4.28,4.342,0
2026-09-04 08:59:00-04:00,4.3403,4.35,4.34,4.342,0
2026-09-04 09:00:00-04:00,4.35,4.36,4.33,4.3317,0
2026-09-04 09:01:00-04:00,4.33,4.34,4.29,4.3099,0
2026-09-04 09:02:00-04:00,4.3095,4.32,4.2904,4.3097,0
2026-09-04 09:03:00-04:00,4.3082,4.32,4.3,4.31,0
2026-09-04 09:04:00-04:00,4.31,4.33,4.3,4.3103,0
2026-09-04 09:05:00-04:00,4.3106,4.35,4.31,4.3469,0
2026-09-04 09:06:00-04:00,4.35,4.45,4.34,4.39,0
2026-09-04 09:07:00-04:00,4.3901,4.41,4.37,4.3723,0
2026-09-04 09:08:00-04:00,4.37,4.42,4.37,4.39,0
2026-09-04 09:09:00-04:00,4.3997,4.41,4.38,4.4021,0
2026-09-04 09:10:00-04:00,4.4082,4.4397,4.4,4.4397,0
2026-09-04 09:11:00-04:00,4.44,4.46,4.4101,4.45,0
2026-09-04 09:12:00-04:00,4.44,4.45,4.3403,4.39,0
2026-09-04 09:13:00-04:00,4.4,4.41,4.38,4.4,0
2026-09-04 09:14:00-04:00,4.3982,4.4,4.3682,4.38,0
2026-09-04 09:15:00-04:00,4.3782,4.39,4.3623,4.3623,0
2026-09-04 09:16:00-04:00,4.37,4.38,4.36,4.38,0
2026-09-04 09:17:00-04:00,4.37,4.4,4.37,4.4,0
2026-09-04 09:18:00-04:00,4.4,4.4,4.37,4.3915,0
2026-09-04 09:19:00-04:00,4.39,4.41,4.39,4.4082,0
2026-09-04 09:20:00-04:00,4.4,4.41,4.37,4.37,0
2026-09-04 09:21:00-04:00,4.3703,4.38,4.32,4.33,0
2026-09-04 09:22:00-04:00,4.3459,4.37,4.32,4.36,0
2026-09-04 09:23:00-04:00,4.36,4.3842,4.35,4.38,0
2026-09-04 09:24:00-04:00,4.3885,4.43,4.38,4.4,0
2026-09-04 09:25:00-04:00,4.41,4.42,4.39,4.41,0
2026-09-04 09:26:00-04:00,4.42,4.44,4.41,4.4375,0
2026-09-04 09:27:00-04:00,4.44,4.45,4.4011,4.4299,0
2026-09-04 09:28:00-04:00,4.4,4.45,4.39,4.4001,0
2026-09-04 09:29:00-04:00,4.4,4.4,4.33,4.35,0
2026-09-04 09:30:00-04:00,4.329999923706055,4.420000076293945,4.28000020980835,4.289000034332275,15581211
2026-09-04 09:31:00-04:00,4.284999847412109,4.440000057220459,4.27869987487793,4.385000228881836,72786
2026-09-04 09:32:00-04:00,4.389999866485596,4.399400234222412,4.25,4.296500205993652,77137
2026-09-04 09:33:00-04:00,4.28000020980835,4.309899806976318,4.130000114440918,4.139999866485596,159854
2026-09-04 09:34:00-04:00,4.130099773406982,4.159999847412109,4.079999923706055,4.099999904632568,161165
2026-09-04 09:35:00-04:00,4.150000095367432,4.244999885559082,4.110000133514404,4.239999771118164,78064
2026-09-04 09:36:00-04:00,4.244999885559082,4.380000114440918,4.199999809265137,4.324999809265137,151930
2026-09-04 09:37:00-04:00,4.313499927520752,4.409999847412109,4.239999771118164,4.320000171661377,138467
2026-09-04 09:38:00-04:00,4.309999942779541,4.329999923706055,4.25,4.28000020980835,43851
2026-09-04 09:39:00-04:00,4.279099941253662,4.309999942779541,4.269999980926514,4.28000020980835,47243
2026-09-04 09:40:00-04:00,4.269999980926514,4.320000171661377,4.269999980926514,4.289999961853027,38337
2026-09-04 09:41:00-04:00,4.2835001945495605,4.289999961853027,4.190000057220459,4.210000038146973,94199
2026-09-04 09:42:00-04:00,4.179999828338623,4.235300064086914,4.170000076293945,4.210000038146973,46569
2026-09-04 09:43:00-04:00,4.199999809265137,4.230000019073486,4.199999809265137,4.200300216674805,21827
2026-09-04 09:44:00-04:00,4.210000038146973,4.230000019073486,4.150000095367432,4.150000095367432,51517
2026-09-04 09:45:00-04:00,4.150000095367432,4.208899974822998,4.081099987030029,4.1194000244140625,64601
2026-09-04 09:46:00-04:00,4.117000102996826,4.150000095367432,4.099999904632568,4.11929988861084,62150
2026-09-04 09:47:00-04:00,4.110000133514404,4.170000076293945,4.099999904632568,4.1596999168396,31066
2026-09-04 09:48:00-04:00,4.15500020980835,4.199999809265137,4.130000114440918,4.199900150299072,30793
2026-09-04 09:49:00-04:00,4.1996002197265625,4.269999980926514,4.190000057220459,4.25,51143
2026-09-04 09:50:00-04:00,4.239999771118164,4.25,4.21999979019165,4.230000019073486,29163
2026-09-04 09:51:00-04:00,4.239999771118164,4.25,4.179999828338623,4.220099925994873,32179
2026-09-04 09:52:00-04:00,4.210000038146973,4.239999771118164,4.179999828338623,4.199999809265137,14598
2026-09-04 09:53:00-04:00,4.204999923706055,4.229899883270264,4.190000057220459,4.190000057220459,14202
2026-09-04 09:54:00-04:00,4.190000057220459,4.190000057220459,4.130000114440918,4.150000095367432,30599
2026-09-04 09:55:00-04:00,4.164999961853027,4.164999961853027,4.099999904632568,4.119999885559082,41210
2026-09-04 09:56:00-04:00,4.135000228881836,4.179999828338623,4.119999885559082,4.179999828338623,18670
2026-09-04 09:57:00-04:00,4.170000076293945,4.190000057220459,4.170000076293945,4.179999828338623,10622
2026-09-04 09:58:00-04:00,4.170100212097168,4.21999979019165,4.159999847412109,4.180099964141846,25340
2026-09-04 09:59:00-04:00,4.199999809265137,4.210000038146973,4.170000076293945,4.170000076293945,11607
2026-09-04 10:00:00-04:00,4.179999828338623,4.239999771118164,4.159999847412109,4.210000038146973,24744
2026-09-04 10:01:00-04:00,4.224999904632568,4.239999771118164,4.210000038146973,4.21999979019165,16314
2026-09-04 10:02:00-04:00,4.224999904632568,4.224999904632568,4.179999828338623,4.190000057220459,24052
2026-09-04 10:03:00-04:00,4.190000057220459,4.190000057220459,4.159999847412109,4.169899940490723,11096
2026-09-04 10:04:00-04:00,4.142000198364258,4.197500228881836,4.139999866485596,4.184999942779541,16284
2026-09-04 10:05:00-04:00,4.190000057220459,4.21999979019165,4.181300163269043,4.210000038146973,7862
2026-09-04 10:06:00-04:00,4.2017998695373535,4.230000019073486,4.199999809265137,4.230000019073486,21407
2026-09-04 10:07:00-04:00,4.238999843597412,4.313300132751465,4.230800151824951,4.309199810028076,88612
2026-09-04 10:08:00-04:00,4.300000190734863,4.329400062561035,4.289999961853027,4.309999942779541,40895
2026-09-04 10:09:00-04:00,4.309999942779541,4.329999923706055,4.239999771118164,4.260000228881836,52145
2026-09-04 10:10:00-04:00,4.269000053405762,4.289999961853027,4.239999771118164,4.260000228881836,12523
2026-09-04 10:11:00-04:00,4.289999961853027,4.309999942779541,4.269999980926514,4.300000190734863,21963
2026-09-04 10:12:00-04:00,4.293799877166748,4.300000190734863,4.260000228881836,4.264999866485596,12905
2026-09-04 10:13:00-04:00,4.259900093078613,4.269199848175049,4.25,4.260000228881836,7457
2026-09-04 10:14:00-04:00,4.257400035858154,4.309999942779541,4.25,4.304999828338623,12454
2026-09-04 10:15:00-04:00,4.304999828338623,4.389999866485596,4.300000190734863,4.349999904632568,92019
2026-09-04 10:16:00-04:00,4.349999904632568,4.400000095367432,4.320000171661377,4.3491997718811035,57298
2026-09-04 10:17:00-04:00,4.359899997711182,4.359899997711182,4.260000228881836,4.285299777984619,33295
2026-09-04 10:18:00-04:00,4.289999961853027,4.309999942779541,4.269999980926514,4.280099868774414,18269
2026-09-04 10:19:00-04:00,4.28000020980835,4.318699836730957,4.28000020980835,4.300000190734863,25063
2026-09-04 10:20:00-04:00,4.281000137329102,4.300000190734863,4.28000020980835,4.289999961853027,8728
2026-09-04 10:21:00-04:00,4.289999961853027,4.349999904632568,4.28000020980835,4.328700065612793,28750
2026-09-04 10:22:00-04:00,4.310200214385986,4.326399803161621,4.190000057220459,4.260000228881836,48489
2026-09-04 10:23:00-04:00,4.215000152587891,4.25,4.159999847412109,4.199900150299072,74035
2026-09-04 10:24:00-04:00,4.204999923706055,4.239999771118164,4.190000057220459,4.20989990234375,25784
2026-09-04 10:25:00-04:00,4.199999809265137,4.210000038146973,4.199999809265137,4.199999809265137,11768
2026-09-04 10:26:00-04:00,4.210000038146973,4.215000152587891,4.150000095367432,4.170000076293945,26429
2026-09-04 10:27:00-04:00,4.179999828338623,4.199999809265137,4.170000076293945,4.185800075531006,6465
2026-09-04 10:28:00-04:00,4.195000171661377,4.195000171661377,4.170000076293945,4.170899868011475,13167
2026-09-04 10:29:00-04:00,4.170199871063232,4.199999809265137,4.159999847412109,4.199999809265137,16751
2026-09-04 10:30:00-04:00,4.199999809265137,4.199999809265137,4.170000076293945,4.179999828338623,5178
2026-09-04 10:31:00-04:00,4.170000076293945,4.187900066375732,4.159999847412109,4.180099964141846,5171
2026-09-04 10:32:00-04:00,4.171000003814697,4.189899921417236,4.170000076293945,4.179999828338623,7875
2026-09-04 10:33:00-04:00,4.179999828338623,4.230000019073486,4.170000076293945,4.190100193023682,14746
2026-09-04 10:34:00-04:00,4.200799942016602,4.210000038146973,4.199999809265137,4.210000038146973,5557
2026-09-04 10:35:00-04:00,4.20989990234375,4.20989990234375,4.170000076293945,4.170000076293945,11606
2026-09-04 10:36:00-04:00,4.184999942779541,4.199999809265137,4.170000076293945,4.199999809265137,9916
2026-09-04 10:37:00-04:00,4.190800189971924,4.210000038146973,4.190000057220459,4.190999984741211,7830
2026-09-04 10:38:00-04:00,4.195000171661377,4.199999809265137,4.190000057220459,4.190100193023682,5848
2026-09-04 10:39:00-04:00,4.198200225830078,4.289999961853027,4.190000057220459,4.250100135803223,25949
2026-09-04 10:40:00-04:00,4.269999980926514,4.28000020980835,4.230000019073486,4.230000019073486,12971
2026-09-04 10:41:00-04:00,4.233099937438965,4.233099937438965,4.199999809265137,4.21999979019165,11536
2026-09-04 10:42:00-04:00,4.21999979019165,4.21999979019165,4.179999828338623,4.179999828338623,23176
2026-09-04 10:43:00-04:00,4.204999923706055,4.239999771118164,4.200099945068359,4.213699817657471,13115
2026-09-04 10:44:00-04:00,4.210000038146973,4.239999771118164,4.179999828338623,4.190000057220459,21097
2026-09-04 10:45:00-04:00,4.179999828338623,4.210000038146973,4.179999828338623,4.195000171661377,9216
2026-09-04 10:46:00-04:00,4.195000171661377,4.21999979019165,4.195000171661377,4.204999923706055,11177
2026-09-04 10:47:00-04:00,4.208899974822998,4.210000038146973,4.190000057220459,4.199999809265137,7041
2026-09-04 10:48:00-04:00,4.204999923706055,4.21999979019165,4.199999809265137,4.219900131225586,10388
2026-09-04 10:49:00-04:00,4.215000152587891,4.215000152587891,4.190000057220459,4.190000057220459,7303
2026-09-04 10:50:00-04:00,4.179999828338623,4.195000171661377,4.170000076293945,4.189899921417236,21683
2026-09-04 10:51:00-04:00,4.177599906921387,4.179900169372559,4.159999847412109,4.179599761962891,11428
2026-09-04 10:52:00-04:00,4.175000190734863,4.189700126647949,4.170000076293945,4.1717000007629395,11117
2026-09-04 10:53:00-04:00,4.177700042724609,4.184999942779541,4.170000076293945,4.170000076293945,3304
2026-09-04 10:54:00-04:00,4.175000190734863,4.190000057220459,4.175000190734863,4.179999828338623,6533
2026-09-04 10:55:00-04:00,4.172399997711182,4.199999809265137,4.172399997711182,4.190000057220459,14882
2026-09-04 10:56:00-04:00,4.190700054168701,4.199999809265137,4.190000057220459,4.190000057220459,3599
2026-09-04 10:57:00-04:00,4.1819000244140625,4.199900150299072,4.18179988861084,4.18179988861084,2141
2026-09-04 10:58:00-04:00,4.195000171661377,4.199999809265137,4.139999866485596,4.144999980926514,20623
2026-09-04 10:59:00-04:00,4.144999980926514,4.179999828338623,4.139999866485596,4.159999847412109,31107
2026-09-04 11:00:00-04:00,4.150000095367432,4.210000038146973,4.150000095367432,4.170000076293945,24081
2026-09-04 11:01:00-04:00,4.179900169372559,4.179900169372559,4.139999866485596,4.139999866485596,12076
2026-09-04 11:02:00-04:00,4.140500068664551,4.159999847412109,4.139999866485596,4.139999866485596,7386
2026-09-04 11:03:00-04:00,4.149199962615967,4.160200119018555,4.139999866485596,4.150000095367432,14192
2026-09-04 11:04:00-04:00,4.144999980926514,4.149899959564209,3.940000057220459,4.050000190734863,263164
2026-09-04 11:05:00-04:00,4.034999847412109,4.130000114440918,3.9149999618530273,3.950000047683716,99822
2026-09-04 11:06:00-04:00,3.9549999237060547,4.039999961853027,3.9200000762939453,4.0,64771
2026-09-04 11:07:00-04:00,4.010000228881836,4.019999980926514,3.9700000286102295,3.99399995803833,26823
2026-09-04 11:08:00-04:00,3.9900999069213867,3.9939000606536865,3.950000047683716,3.950000047683716,15525
2026-09-04 11:09:00-04:00,3.950900077819824,3.9600000381469727,3.7899999618530273,3.930000066757202,84930
2026-09-04 11:10:00-04:00,3.924999952316284,3.940000057220459,3.9000000953674316,3.9200000762939453,28253
2026-09-04 11:11:00-04:00,3.9316999912261963,3.940000057220459,3.9000000953674316,3.9100000858306885,23430
2026-09-04 11:12:00-04:00,3.9049999713897705,4.010000228881836,3.9000000953674316,4.009300231933594,27571
2026-09-04 11:13:00-04:00,3.9700000286102295,3.985300064086914,3.950000047683716,3.950000047683716,8034
2026-09-04 11:14:00-04:00,3.944999933242798,3.969899892807007,3.9200000762939453,3.969899892807007,15359
2026-09-04 11:15:00-04:00,3.967600107192993,3.9800000190734863,3.940000057220459,3.950000047683716,10611
2026-09-04 11:16:00-04:00,3.950000047683716,3.950000047683716,3.9209001064300537,3.930000066757202,5278
2026-09-04 11:17:00-04:00,3.9300999641418457,3.950000047683716,3.9223999977111816,3.949199914932251,13306
2026-09-04 11:18:00-04:00,3.9400999546051025,3.9899001121520996,3.9400999546051025,3.9700000286102295,19780
2026-09-04 11:19:00-04:00,3.9800000190734863,3.990000009536743,3.9707999229431152,3.9707999229431152,7585
2026-09-04 11:20:00-04:00,3.9791998863220215,3.9800000190734863,3.9700000286102295,3.9749999046325684,4056
2026-09-04 11:21:00-04:00,3.9749999046325684,3.9800000190734863,3.970099925994873,3.9749999046325684,2666
2026-09-04 11:22:00-04:00,3.9749999046325684,3.9800000190734863,3.950000047683716,3.9586000442504883,14434
2026-09-04 11:23:00-04:00,3.950000047683716,3.9549999237060547,3.930000066757202,3.940000057220459,9044
2026-09-04 11:24:00-04:00,3.949899911880493,3.9800000190734863,3.940000057220459,3.9600000381469727,24945
2026-09-04 11:25:00-04:00,3.9649999141693115,3.9649999141693115,3.859999895095825,3.865000009536743,30042
2026-09-04 11:26:00-04:00,3.8592000007629395,3.8592000007629395,3.6700000762939453,3.713900089263916,135662
2026-09-04 11:27:00-04:00,3.734999895095825,3.799999952316284,3.690000057220459,3.746799945831299,37677
2026-09-04 11:28:00-04:00,3.75,3.7899999618530273,3.7300000190734863,3.75,20242
2026-09-04 11:29:00-04:00,3.7490999698638916,3.765000104904175,3.7200000286102295,3.765000104904175,19956
2026-09-04 11:30:00-04:00,3.7506000995635986,3.7899999618530273,3.7506000995635986,3.759999990463257,14349
2026-09-04 11:31:00-04:00,3.7899999618530273,3.7899999618530273,3.759999990463257,3.759999990463257,18158
2026-09-04 11:32:00-04:00,3.7690000534057617,3.7690000534057617,3.7300000190734863,3.738600015640259,14772
2026-09-04 11:33:00-04:00,3.7300000190734863,3.756999969482422,3.7300000190734863,3.734999895095825,9907
2026-09-04 11:34:00-04:00,3.7320001125335693,3.75,3.7300000190734863,3.75,9201
2026-09-04 11:35:00-04:00,3.75,3.759200096130371,3.7400999069213867,3.7500998973846436,3929
2026-09-04 11:36:00-04:00,3.740999937057495,3.7499001026153564,3.7100000381469727,3.7200000286102295,14007
2026-09-04 11:37:00-04:00,3.7200000286102295,3.734999895095825,3.7100000381469727,3.720099925994873,6679
2026-09-04 11:38:00-04:00,3.7300000190734863,3.734999895095825,3.7100000381469727,3.710099935531616,9835
2026-09-04 11:39:00-04:00,3.7100000381469727,3.7300000190734863,3.7100000381469727,3.7200000286102295,9705
2026-09-04 11:40:00-04:00,3.7191998958587646,3.7191998958587646,3.680000066757202,3.6900999546051025,13121
2026-09-04 11:41:00-04:00,3.6888999938964844,3.7492001056671143,3.640000104904175,3.7492001056671143,57548
2026-09-04 11:42:00-04:00,3.75,3.809999942779541,3.740000009536743,3.780100107192993,35670
2026-09-04 11:43:00-04:00,3.7899999618530273,3.79010009765625,3.7790000438690186,3.79010009765625,11687
2026-09-04 11:44:00-04:00,3.7899999618530273,3.7899999618530273,3.759999990463257,3.7799999713897705,10201
2026-09-04 11:45:00-04:00,3.7699999809265137,3.7899999618530273,3.7620999813079834,3.787899971008301,6548
2026-09-04 11:46:00-04:00,3.7799999713897705,3.7799999713897705,3.76990008354187,3.76990008354187,1611
2026-09-04 11:47:00-04:00,3.76990008354187,3.7699999809265137,3.744999885559082,3.766700029373169,5755
2026-09-04 11:48:00-04:00,3.76990008354187,3.7750000953674316,3.7502999305725098,3.7502999305725098,3356
2026-09-04 11:49:00-04:00,3.759999990463257,3.759999990463257,3.680000066757202,3.7249999046325684,11364
2026-09-04 11:50:00-04:00,3.7100000381469727,3.7393999099731445,3.700000047683716,3.7100000381469727,7763
2026-09-04 11:51:00-04:00,3.7300000190734863,3.7300000190734863,3.7100000381469727,3.7200000286102295,3718
2026-09-04 11:52:00-04:00,3.740000009536743,3.759999990463257,3.7200000286102295,3.740000009536743,3792
2026-09-04 11:53:00-04:00,3.760999917984009,3.7899999618530273,3.759999990463257,3.7850000858306885,3957
2026-09-04 11:54:00-04:00,3.7799999713897705,3.7999000549316406,3.7799999713897705,3.7799999713897705,4050
2026-09-04 11:55:00-04:00,3.7799999713897705,3.7850000858306885,3.7799999713897705,3.7799999713897705,2927
2026-09-04 11:56:00-04:00,3.7699999809265137,3.7843000888824463,3.759999990463257,3.759999990463257,2024
2026-09-04 11:57:00-04:00,3.7699999809265137,3.7699999809265137,3.75,3.759999990463257,1789
2026-09-04 11:58:00-04:00,3.75,3.75,3.7300000190734863,3.740000009536743,4387
2026-09-04 11:59:00-04:00,3.740000009536743,3.75,3.7100000381469727,3.7235000133514404,16286
2026-09-04 12:00:00-04:00,3.7200000286102295,3.759999990463257,3.7100000381469727,3.755000114440918,9353
2026-09-04 12:01:00-04:00,3.7516000270843506,3.759999990463257,3.75,3.750999927520752,2924
2026-09-04 12:02:00-04:00,3.7599000930786133,3.765000104904175,3.7599000930786133,3.765000104904175,1805
2026-09-04 12:03:00-04:00,3.775399923324585,3.775399923324585,3.7607998847961426,3.7699999809265137,496
2026-09-04 12:04:00-04:00,3.7699999809265137,3.7699999809265137,3.755000114440918,3.755000114440918,6509
2026-09-04 12:05:00-04:00,3.7599000930786133,3.7699999809265137,3.75,3.7665998935699463,6150
2026-09-04 12:06:00-04:00,3.7699999809265137,3.7699999809265137,3.759999990463257,3.7699999809265137,2757
2026-09-04 12:07:00-04:00,3.779099941253662,3.779099941253662,3.7632999420166016,3.7690000534057617,4671
2026-09-04 12:08:00-04:00,3.75,3.750999927520752,3.75,3.750999927520752,3389
2026-09-04 12:09:00-04:00,3.75,3.75,3.7200000286102295,3.7300000190734863,9212
2026-09-04 12:10:00-04:00,3.7300000190734863,3.7699999809265137,3.7200000286102295,3.7695999145507812,5546
2026-09-04 12:11:00-04:00,3.765000104904175,3.7697999477386475,3.765000104904175,3.7697999477386475,875
2026-09-04 12:12:00-04:00,3.7699999809265137,3.7899999618530273,3.759999990463257,3.7899999618530273,13139
2026-09-04 12:13:00-04:00,3.7899999618530273,3.8499999046325684,3.7799999713897705,3.8350000381469727,21489
2026-09-04 12:14:00-04:00,3.8299999237060547,3.839900016784668,3.819999933242798,3.8299999237060547,7903
2026-09-04 12:15:00-04:00,3.8299999237060547,3.8299999237060547,3.7799999713897705,3.8199000358581543,10469
2026-09-04 12:16:00-04:00,3.819999933242798,3.825000047683716,3.7899999618530273,3.819999933242798,3303
2026-09-04 12:17:00-04:00,3.819999933242798,3.849400043487549,3.819999933242798,3.8454999923706055,6856
2026-09-04 12:18:00-04:00,3.8499999046325684,3.869999885559082,3.819999933242798,3.8447000980377197,6079
2026-09-04 12:19:00-04:00,3.8498001098632812,3.8499999046325684,3.830399990081787,3.8499999046325684,5370
2026-09-04 12:20:00-04:00,3.8489999771118164,3.890000104904175,3.819999933242798,3.889899969100952,17557
2026-09-04 12:21:00-04:00,3.880000114440918,3.890000104904175,3.8499999046325684,3.8891000747680664,6851
2026-09-04 12:22:00-04:00,3.890000104904175,3.890000104904175,3.859999895095825,3.859999895095825,11223
2026-09-04 12:23:00-04:00,3.8550000190734863,3.859999895095825,3.8499999046325684,3.8534998893737793,5513
2026-09-04 12:24:00-04:00,3.8519999980926514,3.859999895095825,3.8499999046325684,3.8499999046325684,7107
2026-09-04 12:25:00-04:00,3.8510000705718994,3.859999895095825,3.8499999046325684,3.8499999046325684,6285
2026-09-04 12:26:00-04:00,3.8598999977111816,3.859999895095825,3.8499999046325684,3.8499999046325684,4637
2026-09-04 12:27:00-04:00,3.8499999046325684,3.8499999046325684,3.8399999141693115,3.846299886703491,1505
2026-09-04 12:28:00-04:00,3.8301000595092773,3.8399999141693115,3.8301000595092773,3.8399999141693115,1010
2026-09-04 12:29:00-04:00,3.8399999141693115,3.8475000858306885,3.8341000080108643,3.8341000080108643,1736
2026-09-04 12:30:00-04:00,3.8399999141693115,3.859999895095825,3.8399999141693115,3.8499999046325684,7236
2026-09-04 12:31:00-04:00,3.8499999046325684,3.859100103378296,3.8499999046325684,3.859100103378296,498
2026-09-04 12:32:00-04:00,3.8499999046325684,3.8550000190734863,3.8399999141693115,3.8399999141693115,7891
2026-09-04 12:34:00-04:00,3.8582000732421875,3.859999895095825,3.8399999141693115,3.859999895095825,4834
2026-09-04 12:35:00-04:00,3.859999895095825,3.869999885559082,3.8550000190734863,3.859999895095825,7092
2026-09-04 12:36:00-04:00,3.867799997329712,3.869999885559082,3.8499999046325684,3.8499999046325684,3500
2026-09-04 12:37:00-04:00,3.8508999347686768,3.8596999645233154,3.8499999046325684,3.8584001064300537,4304
2026-09-04 12:38:00-04:00,3.859999895095825,3.869999885559082,3.850100040435791,3.869999885559082,1468
2026-09-04 12:39:00-04:00,3.8666999340057373,3.869999885559082,3.8666999340057373,3.869499921798706,3611
2026-09-04 12:40:00-04:00,3.8577001094818115,3.859999895095825,3.8499999046325684,3.8550000190734863,11298
2026-09-04 12:41:00-04:00,3.8513998985290527,3.8513998985290527,3.8513998985290527,3.8513998985290527,305
2026-09-04 12:42:00-04:00,3.8499999046325684,3.8499999046325684,3.8399999141693115,3.8401999473571777,3551
2026-09-04 12:43:00-04:00,3.84089994430542,3.8499999046325684,3.819999933242798,3.8499999046325684,7048
2026-09-04 12:44:00-04:00,3.8399999141693115,3.8399999141693115,3.825000047683716,3.8299999237060547,1602
2026-09-04 12:45:00-04:00,3.8399999141693115,3.8399999141693115,3.8399999141693115,3.8399999141693115,142
2026-09-04 12:46:00-04:00,3.819999933242798,3.8299999237060547,3.819999933242798,3.8227999210357666,1296
2026-09-04 12:48:00-04:00,3.8399999141693115,3.8450000286102295,3.8299999237060547,3.8450000286102295,2563
2026-09-04 12:49:00-04:00,3.8450000286102295,3.8450000286102295,3.8450000286102295,3.8450000286102295,815
2026-09-04 12:50:00-04:00,3.849100112915039,3.8499999046325684,3.8399999141693115,3.8499999046325684,2198
2026-09-04 12:51:00-04:00,3.8499999046325684,3.8499999046325684,3.8499999046325684,3.8499999046325684,391
2026-09-04 12:52:00-04:00,3.8480000495910645,3.8480000495910645,3.8480000495910645,3.8480000495910645,242
2026-09-04 12:53:00-04:00,3.8499999046325684,3.8499999046325684,3.8405001163482666,3.8405001163482666,1091
2026-09-04 12:54:00-04:00,3.859999895095825,3.884999990463257,3.8399999141693115,3.884999990463257,3098
2026-09-04 12:55:00-04:00,3.880000114440918,3.930000066757202,3.869999885559082,3.903700113296509,16902
2026-09-04 12:56:00-04:00,3.9247000217437744,3.930000066757202,3.9000000953674316,3.9200000762939453,6958
2026-09-04 12:57:00-04:00,3.940000057220459,3.969899892807007,3.9200000762939453,3.930000066757202,14678
2026-09-04 12:58:00-04:00,3.930000066757202,3.940000057220459,3.9000000953674316,3.9000000953674316,10564
2026-09-04 12:59:00-04:00,3.9049999713897705,3.9200000762939453,3.890000104904175,3.9049999713897705,7800
2026-09-04 13:00:00-04:00,3.9000000953674316,3.9298999309539795,3.9000000953674316,3.9035000801086426,2423
2026-09-04 13:01:00-04:00,3.9291000366210938,3.930000066757202,3.9149999618530273,3.930000066757202,1891
2026-09-04 13:02:00-04:00,3.930000066757202,3.934999942779541,3.9000000953674316,3.9291999340057373,8848
2026-09-04 13:03:00-04:00,3.9200000762939453,3.9200000762939453,3.9200000762939453,3.9200000762939453,1865
2026-09-04 13:04:00-04:00,3.9100000858306885,3.9100000858306885,3.890000104904175,3.890000104904175,3972
2026-09-04 13:05:00-04:00,3.890000104904175,3.930000066757202,3.884999990463257,3.884999990463257,9972
2026-09-04 13:06:00-04:00,3.880000114440918,3.880000114440918,3.8499999046325684,3.8499999046325684,10029
2026-09-04 13:07:00-04:00,3.853600025177002,3.853600025177002,3.8399999141693115,3.8399999141693115,6712
2026-09-04 13:08:00-04:00,3.8399999141693115,3.8399999141693115,3.799999952316284,3.8299999237060547,12219
2026-09-04 13:09:00-04:00,3.819999933242798,3.819999933242798,3.819999933242798,3.819999933242798,286
2026-09-04 13:10:00-04:00,3.809999942779541,3.819999933242798,3.809999942779541,3.819999933242798,2794
2026-09-04 13:11:00-04:00,3.839900016784668,3.839900016784668,3.8101000785827637,3.831399917602539,2189
2026-09-04 13:13:00-04:00,3.825000047683716,3.825000047683716,3.825000047683716,3.825000047683716,431
2026-09-04 13:14:00-04:00,3.825000047683716,3.825000047683716,3.809999942779541,3.8101000785827637,2805
2026-09-04 13:15:00-04:00,3.809999942779541,3.819999933242798,3.809999942779541,3.819999933242798,1162
2026-09-04 13:16:00-04:00,3.809999942779541,3.813800096511841,3.809999942779541,3.813800096511841,946
2026-09-04 13:17:00-04:00,3.809999942779541,3.809999942779541,3.8036999702453613,3.8036999702453613,2126
2026-09-04 13:18:00-04:00,3.799999952316284,3.819999933242798,3.799999952316284,3.809999942779541,6841
2026-09-04 13:19:00-04:00,3.8152999877929688,3.8152999877929688,3.799999952316284,3.799999952316284,1495
2026-09-04 13:20:00-04:00,3.8001999855041504,3.805299997329712,3.799999952316284,3.799999952316284,2506
2026-09-04 13:21:00-04:00,3.8199000358581543,3.8199000358581543,3.809999942779541,3.809999942779541,884
2026-09-04 13:22:00-04:00,3.8199000358581543,3.8199000358581543,3.8199000358581543,3.8199000358581543,1619
2026-09-04 13:23:00-04:00,3.8125,3.8399999141693115,3.799999952316284,3.8299999237060547,3003
2026-09-04 13:24:00-04:00,3.8499999046325684,3.8499999046325684,3.8299999237060547,3.8301000595092773,1434
2026-09-04 13:25:00-04:00,3.8399999141693115,3.8420000076293945,3.8399999141693115,3.8420000076293945,1840
2026-09-04 13:26:00-04:00,3.8299999237060547,3.8399999141693115,3.8299999237060547,3.8299999237060547,4368
2026-09-04 13:27:00-04:00,3.8010001182556152,3.8010001182556152,3.7950000762939453,3.7950000762939453,2316
2026-09-04 13:28:00-04:00,3.7899999618530273,3.7950000762939453,3.75,3.7699999809265137,12040
2026-09-04 13:30:00-04:00,3.7899999618530273,3.7899999618530273,3.7899999618530273,3.7899999618530273,1158
2026-09-04 13:31:00-04:00,3.7799999713897705,3.819999933242798,3.7799999713897705,3.819999933242798,2868
2026-09-04 13:32:00-04:00,3.799999952316284,3.8097000122070312,3.799999952316284,3.805000066757202,1950
2026-09-04 13:33:00-04:00,3.810499906539917,3.8285999298095703,3.810499906539917,3.8285999298095703,939
2026-09-04 13:35:00-04:00,3.8299999237060547,3.8299999237060547,3.8299999237060547,3.8299999237060547,357
2026-09-04 13:36:00-04:00,3.809999942779541,3.809999942779541,3.809999942779541,3.809999942779541,685
2026-09-04 13:38:00-04:00,3.809999942779541,3.809999942779541,3.809999942779541,3.809999942779541,589
2026-09-04 13:39:00-04:00,3.809999942779541,3.809999942779541,3.809999942779541,3.809999942779541,731
2026-09-04 13:40:00-04:00,3.8217999935150146,3.8217999935150146,3.8217999935150146,3.8217999935150146,826
2026-09-04 13:42:00-04:00,3.8299999237060547,3.8299999237060547,3.799999952316284,3.799999952316284,9525
2026-09-04 13:44:00-04:00,3.7923998832702637,3.805000066757202,3.7923998832702637,3.805000066757202,2750
2026-09-04 13:45:00-04:00,3.805000066757202,3.805000066757202,3.805000066757202,3.805000066757202,717
2026-09-04 13:46:00-04:00,3.7899999618530273,3.7899999618530273,3.7899999618530273,3.7899999618530273,5102
2026-09-04 13:47:00-04:00,3.8196001052856445,3.8196001052856445,3.8196001052856445,3.8196001052856445,2840
2026-09-04 13:51:00-04:00,3.809999942779541,3.809999942779541,3.799999952316284,3.799999952316284,1761
2026-09-04 13:52:00-04:00,3.8299999237060547,3.8299999237060547,3.8299999237060547,3.8299999237060547,910
2026-09-04 13:53:00-04:00,3.809999942779541,3.8159000873565674,3.800800085067749,3.815000057220459,1442
2026-09-04 13:55:00-04:00,3.8299999237060547,3.8299999237060547,3.8299999237060547,3.8299999237060547,7796
2026-09-04 13:56:00-04:00,3.819999933242798,3.8285000324249268,3.809999942779541,3.819999933242798,4498
2026-09-04 13:57:00-04:00,3.809999942779541,3.809999942779541,3.7899999618530273,3.7899999618530273,3348
2026-09-04 13:58:00-04:00,3.799999952316284,3.799999952316284,3.7899999618530273,3.7978999614715576,3052
2026-09-04 13:59:00-04:00,3.7899999618530273,3.7899999618530273,3.7899999618530273,3.7899999618530273,323
2026-09-04 14:00:00-04:00,3.7899999618530273,3.7899999618530273,3.75,3.7699999809265137,3919
2026-09-04 14:01:00-04:00,3.75,3.7799999713897705,3.75,3.7799999713897705,5138
2026-09-04 14:02:00-04:00,3.7699999809265137,3.7699999809265137,3.75,3.75,6775
2026-09-04 14:03:00-04:00,3.75,3.78629994392395,3.75,3.78629994392395,1122
2026-09-04 14:04:00-04:00,3.7750000953674316,3.7750000953674316,3.759999990463257,3.759999990463257,1765
2026-09-04 14:05:00-04:00,3.75,3.7500998973846436,3.7490999698638916,3.7490999698638916,1336
2026-09-04 14:06:00-04:00,3.7300000190734863,3.7479000091552734,3.72160005569458,3.744999885559082,7716
2026-09-04 14:07:00-04:00,3.740000009536743,3.744999885559082,3.7300000190734863,3.730600118637085,7588
2026-09-04 14:08:00-04:00,3.7200000286102295,3.7300000190734863,3.7200000286102295,3.72979998588562,1354
2026-09-04 14:09:00-04:00,3.7300000190734863,3.7316999435424805,3.7200000286102295,3.73009991645813,5147
2026-09-04 14:10:00-04:00,3.7200000286102295,3.7298998832702637,3.7049999237060547,3.7200000286102295,20169
2026-09-04 14:11:00-04:00,3.7200000286102295,3.7298998832702637,3.7200000286102295,3.7200000286102295,1670
2026-09-04 14:12:00-04:00,3.7200000286102295,3.7200000286102295,3.7200000286102295,3.7200000286102295,1288
2026-09-04 14:13:00-04:00,3.7300000190734863,3.734999895095825,3.7200000286102295,3.734999895095825,4241
2026-09-04 14:14:00-04:00,3.7300000190734863,3.7300000190734863,3.7249999046325684,3.7249999046325684,2374
2026-09-04 14:15:00-04:00,3.7100000381469727,3.710099935531616,3.7100000381469727,3.710099935531616,3609
2026-09-04 14:16:00-04:00,3.7200000286102295,3.7200000286102295,3.700000047683716,3.7100000381469727,10281
2026-09-04 14:17:00-04:00,3.7049999237060547,3.7049999237060547,3.700000047683716,3.7000999450683594,4515
2026-09-04 14:18:00-04:00,3.694999933242798,3.694999933242798,3.6500000953674316,3.650599956512451,55213
2026-09-04 14:19:00-04:00,3.6700000762939453,3.677000045776367,3.6500000953674316,3.674999952316284,18500
2026-09-04 14:20:00-04:00,3.6791000366210938,3.700000047683716,3.6700000762939453,3.6879000663757324,4433
2026-09-04 14:21:00-04:00,3.684999942779541,3.690000057220459,3.6649999618530273,3.6691999435424805,4494
2026-09-04 14:22:00-04:00,3.6649999618530273,3.6649999618530273,3.6500000953674316,3.6649999618530273,7078
2026-09-04 14:23:00-04:00,3.6791000366210938,3.680000066757202,3.6791000366210938,3.680000066757202,2202
2026-09-04 14:24:00-04:00,3.6700000762939453,3.680000066757202,3.6700000762939453,3.673799991607666,3029
2026-09-04 14:25:00-04:00,3.6600000858306885,3.6679000854492188,3.6500000953674316,3.6600000858306885,5598
2026-09-04 14:26:00-04:00,3.6603000164031982,3.6700000762939453,3.6603000164031982,3.6700000762939453,1997
2026-09-04 14:27:00-04:00,3.6600000858306885,3.6600000858306885,3.6600000858306885,3.6600000858306885,921
2026-09-04 14:28:00-04:00,3.6649999618530273,3.684999942779541,3.6600000858306885,3.684999942779541,2020
2026-09-04 14:29:00-04:00,3.690000057220459,3.7065999507904053,3.6700000762939453,3.694999933242798,2661
2026-09-04 14:30:00-04:00,3.7100000381469727,3.899399995803833,3.690000057220459,3.8017001152038574,43554
2026-09-04 14:31:00-04:00,3.819999933242798,3.819999933242798,3.759999990463257,3.7750000953674316,16221
2026-09-04 14:32:00-04:00,3.7750000953674316,3.7899999618530273,3.759999990463257,3.7699999809265137,4176
2026-09-04 14:34:00-04:00,3.759999990463257,3.787899971008301,3.759999990463257,3.759999990463257,6782
2026-09-04 14:35:00-04:00,3.7699999809265137,3.8099000453948975,3.7699999809265137,3.8097000122070312,4771
2026-09-04 14:36:00-04:00,3.809999942779541,3.8197999000549316,3.784899950027466,3.8197999000549316,5595
2026-09-04 14:37:00-04:00,3.819999933242798,3.8248000144958496,3.799999952316284,3.805000066757202,13298
2026-09-04 14:39:00-04:00,3.7950000762939453,3.7981998920440674,3.7899999618530273,3.7981998920440674,2213
2026-09-04 14:40:00-04:00,3.79010009765625,3.799299955368042,3.7899999618530273,3.7899999618530273,7228
2026-09-04 14:41:00-04:00,3.799999952316284,3.799999952316284,3.7950000762939453,3.7950000762939453,3763
2026-09-04 14:42:00-04:00,3.7999000549316406,3.805000066757202,3.79010009765625,3.805000066757202,3531
2026-09-04 14:43:00-04:00,3.805000066757202,3.8399999141693115,3.799999952316284,3.8389999866485596,4486
2026-09-04 14:44:00-04:00,3.8364999294281006,3.8399999141693115,3.759999990463257,3.7799999713897705,17819
2026-09-04 14:45:00-04:00,3.7699999809265137,3.7699999809265137,3.7200000286102295,3.7200000286102295,23651
2026-09-04 14:46:00-04:00,3.734999895095825,3.755199909210205,3.7200000286102295,3.755199909210205,4882
2026-09-04 14:47:00-04:00,3.740000009536743,3.740000009536743,3.740000009536743,3.740000009536743,1395
2026-09-04 14:48:00-04:00,3.7300000190734863,3.7699999809265137,3.7300000190734863,3.759999990463257,2514
2026-09-04 14:49:00-04:00,3.755000114440918,3.755000114440918,3.755000114440918,3.755000114440918,410
2026-09-04 14:50:00-04:00,3.7300000190734863,3.7300000190734863,3.7300000190734863,3.7300000190734863,395
2026-09-04 14:51:00-04:00,3.7799999713897705,3.7799999713897705,3.7300000190734863,3.7300000190734863,1145
2026-09-04 14:52:00-04:00,3.7311999797821045,3.7311999797821045,3.7311999797821045,3.7311999797821045,334
2026-09-04 14:53:00-04:00,3.7339000701904297,3.7339000701904297,3.7300000190734863,3.7300000190734863,1299
2026-09-04 14:54:00-04:00,3.720099925994873,3.755000114440918,3.7200000286102295,3.7200000286102295,5043
2026-09-04 14:55:00-04:00,3.7200000286102295,3.759999990463257,3.7200000286102295,3.7488999366760254,11541
2026-09-04 14:56:00-04:00,3.759999990463257,3.759999990463257,3.6500000953674316,3.6500000953674316,13079
2026-09-04 14:57:00-04:00,3.700000047683716,3.700000047683716,3.6500000953674316,3.6879000663757324,2119
2026-09-04 14:58:00-04:00,3.700000047683716,3.700000047683716,3.6700000762939453,3.690000057220459,6946
2026-09-04 14:59:00-04:00,3.700000047683716,3.700000047683716,3.680000066757202,3.6816000938415527,5771
2026-09-04 15:00:00-04:00,3.700000047683716,3.700000047683716,3.680000066757202,3.69950008392334,2696
2026-09-04 15:01:00-04:00,3.700000047683716,3.700000047683716,3.680000066757202,3.680000066757202,3550
2026-09-04 15:02:00-04:00,3.680000066757202,3.7200000286102295,3.6600000858306885,3.7200000286102295,7011
2026-09-04 15:03:00-04:00,3.75,3.75,3.7300000190734863,3.7300000190734863,2071
2026-09-04 15:04:00-04:00,3.75,3.75,3.7200000286102295,3.7300000190734863,3114
2026-09-04 15:05:00-04:00,3.75,3.75,3.6700000762939453,3.6700000762939453,8268
2026-09-04 15:06:00-04:00,3.6737000942230225,3.700000047683716,3.6700000762939453,3.684999942779541,2228
2026-09-04 15:07:00-04:00,3.6700000762939453,3.680000066757202,3.6700000762939453,3.680000066757202,2125
2026-09-04 15:08:00-04:00,3.680000066757202,3.680000066757202,3.680000066757202,3.680000066757202,1612
2026-09-04 15:10:00-04:00,3.699199914932251,3.699199914932251,3.690000057220459,3.690000057220459,4623
2026-09-04 15:11:00-04:00,3.7100000381469727,3.7100000381469727,3.7100000381469727,3.7100000381469727,503
2026-09-04 15:12:00-04:00,3.7049999237060547,3.7049999237060547,3.7049999237060547,3.7049999237060547,1346
2026-09-04 15:15:00-04:00,3.7100000381469727,3.7200000286102295,3.680000066757202,3.680000066757202,3104
2026-09-04 15:16:00-04:00,3.700000047683716,3.700000047683716,3.700000047683716,3.700000047683716,2793
2026-09-04 15:17:00-04:00,3.7012999057769775,3.7100000381469727,3.680000066757202,3.680000066757202,3173
2026-09-04 15:18:00-04:00,3.692500114440918,3.7049999237060547,3.6700000762939453,3.6700000762939453,14281
2026-09-04 15:19:00-04:00,3.6963000297546387,3.6963000297546387,3.5199999809265137,3.549999952316284,50579
2026-09-04 15:20:00-04:00,3.569999933242798,3.5899999141693115,3.5399999618530273,3.559999942779541,13524
2026-09-04 15:21:00-04:00,3.588399887084961,3.5982000827789307,3.3499999046325684,3.390000104904175,66629
2026-09-04 15:22:00-04:00,3.3949999809265137,3.549999952316284,3.359999895095825,3.5099000930786133,33748
2026-09-04 15:23:00-04:00,3.509999990463257,3.509999990463257,3.359999895095825,3.3987998962402344,30840
2026-09-04 15:24:00-04:00,3.360100030899048,3.4149999618530273,3.360100030899048,3.4149999618530273,12872
2026-09-04 15:25:00-04:00,3.4200000762939453,3.440000057220459,3.4200000762939453,3.440000057220459,3665
2026-09-04 15:26:00-04:00,3.440000057220459,3.4600000381469727,3.440000057220459,3.450000047683716,5352
2026-09-04 15:27:00-04:00,3.450000047683716,3.4798998832702637,3.4463999271392822,3.4463999271392822,8146
2026-09-04 15:28:00-04:00,3.450000047683716,3.4783999919891357,3.450000047683716,3.4783999919891357,3969
2026-09-04 15:29:00-04:00,3.4644999504089355,3.4800000190734863,3.4600000381469727,3.4800000190734863,2944
2026-09-04 15:30:00-04:00,3.4446001052856445,3.4700000286102295,3.4446001052856445,3.4700000286102295,5859
2026-09-04 15:31:00-04:00,3.4700000286102295,3.479099988937378,3.453399896621704,3.4700000286102295,4892
2026-09-04 15:32:00-04:00,3.4600000381469727,3.509999990463257,3.459199905395508,3.4835000038146973,4566
2026-09-04 15:33:00-04:00,3.5,3.5199999809265137,3.48009991645813,3.5,5630
2026-09-04 15:34:00-04:00,3.5000998973846436,3.630000114440918,3.490000009536743,3.5160999298095703,27893
2026-09-04 15:35:00-04:00,3.51990008354187,3.5399999618530273,3.51990008354187,3.5350000858306885,6718
2026-09-04 15:36:00-04:00,3.5199999809265137,3.5388998985290527,3.5199999809265137,3.5388998985290527,1936
2026-09-04 15:37:00-04:00,3.5388998985290527,3.549999952316284,3.5350000858306885,3.549999952316284,3293
2026-09-04 15:38:00-04:00,3.549999952316284,3.549999952316284,3.5308001041412354,3.539099931716919,8958
2026-09-04 15:39:00-04:00,3.5350000858306885,3.5899999141693115,3.5350000858306885,3.5899999141693115,14203
2026-09-04 15:40:00-04:00,3.549999952316284,3.549999952316284,3.4800000190734863,3.5299999713897705,6235
2026-09-04 15:41:00-04:00,3.515000104904175,3.5250000953674316,3.515000104904175,3.5250000953674316,952
2026-09-04 15:42:00-04:00,3.5299999713897705,3.549999952316284,3.5299999713897705,3.5499000549316406,3262
2026-09-04 15:43:00-04:00,3.549999952316284,3.549999952316284,3.5299999713897705,3.5299999713897705,2208
2026-09-04 15:44:00-04:00,3.5199999809265137,3.5299999713897705,3.4000000953674316,3.4000000953674316,13128
2026-09-04 15:45:00-04:00,3.390000104904175,3.4000000953674316,3.369999885559082,3.369999885559082,19962
2026-09-04 15:46:00-04:00,3.4000000953674316,3.4000000953674316,3.380000114440918,3.390000104904175,7392
2026-09-04 15:47:00-04:00,3.3949999809265137,3.450000047683716,3.390000104904175,3.4100000858306885,10460
2026-09-04 15:48:00-04:00,3.4100000858306885,3.4463000297546387,3.4100000858306885,3.424999952316284,5319
2026-09-04 15:49:00-04:00,3.4100000858306885,3.440000057220459,3.4100000858306885,3.440000057220459,8013
2026-09-04 15:50:00-04:00,3.43969988822937,3.43969988822937,3.299999952316284,3.3399999141693115,42459
2026-09-04 15:51:00-04:00,3.384999990463257,3.440000057220459,3.369999885559082,3.4149999618530273,9325
2026-09-04 15:52:00-04:00,3.4100000858306885,3.430000066757202,3.4100000858306885,3.4100000858306885,6036
2026-09-04 15:53:00-04:00,3.430000066757202,3.4398999214172363,3.4000000953674316,3.4100000858306885,4662
2026-09-04 15:54:00-04:00,3.4258999824523926,3.4258999824523926,3.4100000858306885,3.4200000762939453,762
2026-09-04 15:55:00-04:00,3.430000066757202,3.430000066757202,3.4000000953674316,3.4149999618530273,10136
2026-09-04 15:56:00-04:00,3.4200000762939453,3.430000066757202,3.4100000858306885,3.4100000858306885,6126
2026-09-04 15:57:00-04:00,3.4200000762939453,3.4200000762939453,3.390000104904175,3.4000000953674316,3380
2026-09-04 15:58:00-04:00,3.3949999809265137,3.4200000762939453,3.390000104904175,3.3949999809265137,10705
2026-09-04 15:59:00-04:00,3.4000000953674316,3.4000000953674316,3.2699999809265137,3.3499999046325684,45677
2026-09-04 16:00:00-04:00,3.34,3.4,3.33,3.35,0
2026-09-04 16:01:00-04:00,3.2913,3.35,3.2913,3.35,0
2026-09-04 16:02:00-04:00,3.29,3.31,3.27,3.31,0
2026-09-04 16:03:00-04:00,3.31,3.35,3.31,3.32,0
2026-09-04 16:04:00-04:00,3.35,3.35,3.31,3.31,0
2026-09-04 16:05:00-04:00,3.31,3.32,3.3,3.32,0
2026-09-04 16:06:00-04:00,3.3192,3.32,3.2902,3.3,0
2026-09-04 16:07:00-04:00,3.32,3.32,3.2,3.2,0
2026-09-04 16:08:00-04:00,3.26,3.2905,3.25,3.27,0
2026-09-04 16:09:00-04:00,3.28,3.42,3.2697,3.37,0
2026-09-04 16:10:00-04:00,3.35,3.37,3.32,3.33,0
2026-09-04 16:11:00-04:00,3.31,3.3153,3.25,3.27,0
2026-09-04 16:12:00-04:00,3.28,3.28,3.25,3.28,0
2026-09-04 16:13:00-04:00,3.3093,3.3093,3.28,3.3,0
2026-09-04 16:14:00-04:00,3.2998,3.31,3.29,3.3,0
2026-09-04 16:15:00-04:00,3.35,3.3551,3.3,3.33,0
2026-09-04 16:16:00-04:00,3.34,3.34,3.32,3.3299,0
2026-09-04 16:17:00-04:00,3.33,3.3593,3.33,3.3593,0
2026-09-04 16:18:00-04:00,3.34,3.37,3.34,3.37,0
2026-09-04 16:19:00-04:00,3.35,3.37,3.35,3.3693,0
2026-09-04 16:20:00-04:00,3.351,3.351,3.34,3.34,0
2026-09-04 16:21:00-04:00,3.3301,3.35,3.33,3.34,0
2026-09-04 16:22:00-04:00,3.34,3.39,3.34,3.3508,0
2026-09-04 16:23:00-04:00,3.35,3.38,3.35,3.38,0
2026-09-04 16:24:00-04:00,3.38,3.4,3.36,3.36,0
2026-09-04 16:25:00-04:00,3.41,3.47,3.3903,3.47,0
2026-09-04 16:26:00-04:00,3.45,3.47,3.4,3.42,0
2026-09-04 16:27:00-04:00,3.44,3.44,3.42,3.4361,0
2026-09-04 16:28:00-04:00,3.4303,3.4391,3.42,3.4293,0
2026-09-04 16:29:00-04:00,3.41,3.43,3.39,3.39,0
2026-09-04 16:30:00-04:00,3.39,3.42,3.39,3.42,0
2026-09-04 16:31:00-04:00,3.4,3.4,3.4,3.4,0
2026-09-04 16:32:00-04:00,3.4192,3.4194,3.4,3.4,0
2026-09-04 16:33:00-04:00,3.4,3.42,3.39,3.41,0
2026-09-04 16:34:00-04:00,3.4,3.41,3.38,3.41,0
2026-09-04 16:35:00-04:00,3.41,3.45,3.38,3.45,0
2026-09-04 16:36:00-04:00,3.45,3.47,3.39,3.4688,0
2026-09-04 16:37:00-04:00,3.4695,3.4695,3.38,3.38,0
2026-09-04 16:38:00-04:00,3.38,3.39,3.38,3.3803,0
2026-09-04 16:39:00-04:00,3.44,3.45,3.4381,3.45,0
2026-09-04 16:40:00-04:00,3.4108,3.45,3.4108,3.45,0
2026-09-04 16:41:00-04:00,3.47,3.58,3.4101,3.44,0
2026-09-04 16:42:00-04:00,3.5,3.5,3.44,3.47,0
2026-09-04 16:43:00-04:00,3.5,3.5,3.45,3.5,0
2026-09-04 16:44:00-04:00,3.48,3.57,3.48,3.57,0
2026-09-04 16:45:00-04:00,3.55,3.57,3.52,3.57,0
2026-09-04 16:46:00-04:00,3.53,3.57,3.53,3.57,0
2026-09-04 16:47:00-04:00,3.558,3.63,3.54,3.6,0
2026-09-04 16:48:00-04:00,3.63,3.63,3.51,3.59,0
2026-09-04 16:49:00-04:00,3.52,3.6,3.51,3.55,0
2026-09-04 16:50:00-04:00,3.6,3.61,3.5967,3.61,0
2026-09-04 16:51:00-04:00,3.62,3.63,3.6,3.62,0
2026-09-04 16:52:00-04:00,3.62,3.63,3.51,3.51,0
2026-09-04 16:53:00-04:00,3.58,3.58,3.577,3.58,0
2026-09-04 16:54:00-04:00,3.59,3.6,3.59,3.59,0
2026-09-04 16:55:00-04:00,3.6,3.6,3.59,3.59,0
2026-09-04 16:56:00-04:00,3.58,3.6,3.58,3.5961,0
2026-09-04 16:57:00-04:00,3.6,3.6,3.5807,3.5807,0
2026-09-04 16:58:00-04:00,3.59,3.59,3.58,3.58,0
2026-09-04 16:59:00-04:00,3.59,3.6,3.59,3.6,0
2026-09-04 17:00:00-04:00,3.5961,3.5961,3.52,3.56,0
2026-09-04 17:01:00-04:00,3.53,3.56,3.53,3.56,0
2026-09-04 17:02:00-04:00,3.56,3.67,3.56,3.67,0
2026-09-04 17:03:00-04:00,3.7,3.7,3.57,3.57,0
2026-09-04 17:04:00-04:00,3.65,3.7,3.64,3.6823,0
2026-09-04 17:05:00-04:00,3.68,3.74,3.68,3.68,0
2026-09-04 17:06:00-04:00,3.68,3.75,3.6562,3.69,0
2026-09-04 17:07:00-04:00,3.72,3.72,3.6,3.62,0
2026-09-04 17:08:00-04:00,3.6196,3.72,3.54,3.5405,0
2026-09-04 17:09:00-04:00,3.6,3.7,3.5997,3.5997,0
2026-09-04 17:10:00-04:00,3.6,3.631,3.5624,3.631,0
2026-09-04 17:11:00-04:00,3.62,3.62,3.55,3.6,0
2026-09-04 17:12:00-04:00,3.62,3.67,3.6003,3.67,0
2026-09-04 17:13:00-04:00,3.64,3.7,3.64,3.68,0
2026-09-04 17:14:00-04:00,3.66,3.66,3.6596,3.6596,0
2026-09-04 17:15:00-04:00,3.631,3.631,3.55,3.56,0
2026-09-04 17:16:00-04:00,3.55,3.6,3.55,3.58,0
2026-09-04 17:17:00-04:00,3.62,3.62,3.58,3.58,0
2026-09-04 17:18:00-04:00,3.6,3.6273,3.6,3.6273,0
2026-09-04 17:19:00-04:00,3.61,3.6418,3.61,3.6418,0
2026-09-04 17:20:00-04:00,3.64,3.69,3.63,3.69,0
2026-09-04 17:21:00-04:00,3.69,3.69,3.58,3.68,0
2026-09-04 17:22:00-04:00,3.65,3.68,3.58,3.68,0
2026-09-04 17:23:00-04:00,3.6598,3.6785,3.581,3.6499,0
2026-09-04 17:24:00-04:00,3.65,3.65,3.581,3.65,0
2026-09-04 17:25:00-04:00,3.65,3.65,3.62,3.62,0
2026-09-04 17:26:00-04:00,3.63,3.65,3.58,3.58,0
2026-09-04 17:27:00-04:00,3.66,3.66,3.65,3.65,0
2026-09-04 17:28:00-04:00,3.65,3.68,3.65,3.68,0
2026-09-04 17:29:00-04:00,3.68,3.68,3.63,3.63,0
2026-09-04 17:30:00-04:00,3.67,3.67,3.61,3.61,0
2026-09-04 17:31:00-04:00,3.65,3.68,3.65,3.68,0
2026-09-04 17:33:00-04:00,3.6593,3.6599,3.63,3.6305,0
2026-09-04 17:34:00-04:00,3.6,3.6,3.58,3.5819,0
2026-09-04 17:35:00-04:00,3.62,3.62,3.58,3.58,0
2026-09-04 17:36:00-04:00,3.63,3.63,3.63,3.63,0
2026-09-04 17:37:00-04:00,3.65,3.65,3.58,3.58,0
2026-09-04 17:38:00-04:00,3.61,3.61,3.58,3.58,0
2026-09-04 17:39:00-04:00,3.5992,3.62,3.58,3.62,0
2026-09-04 17:40:00-04:00,3.59,3.59,3.58,3.58,0
2026-09-04 17:41:00-04:00,3.58,3.59,3.58,3.59,0
2026-09-04 17:42:00-04:00,3.58,3.59,3.55,3.55,0
2026-09-04 17:43:00-04:00,3.551,3.56,3.551,3.56,0
2026-09-04 17:44:00-04:00,3.58,3.58,3.53,3.53,0
2026-09-04 17:45:00-04:00,3.5,3.58,3.5,3.5,0
2026-09-04 17:46:00-04:00,3.51,3.55,3.51,3.55,0
2026-09-04 17:47:00-04:00,3.54,3.5486,3.51,3.5486,0
2026-09-04 17:48:00-04:00,3.49,3.51,3.49,3.49,0
2026-09-04 17:49:00-04:00,3.491,3.5,3.49,3.49,0
2026-09-04 17:50:00-04:00,3.49,3.51,3.49,3.502,0
2026-09-04 17:51:00-04:00,3.5,3.5195,3.5,3.5195,0
2026-09-04 17:52:00-04:00,3.51,3.51,3.5002,3.5002,0
2026-09-04 17:53:00-04:00,3.5,3.51,3.5,3.51,0
2026-09-04 17:54:00-04:00,3.5,3.5198,3.5,3.5198,0
2026-09-04 17:55:00-04:00,3.51,3.51,3.5,3.5064,0
2026-09-04 17:56:00-04:00,3.5,3.5098,3.5,3.5097,0
2026-09-04 17:57:00-04:00,3.511,3.57,3.51,3.55,0
2026-09-04 17:58:00-04:00,3.55,3.5506,3.55,3.55,0
2026-09-04 17:59:00-04:00,3.5505,3.57,3.5505,3.57,0
2026-09-04 18:00:00-04:00,3.55,3.55,3.55,3.55,0
2026-09-04 18:01:00-04:00,3.55,3.55,3.52,3.52,0
2026-09-04 18:02:00-04:00,3.5211,3.5211,3.52,3.52,0
2026-09-04 18:03:00-04:00,3.52,3.52,3.52,3.52,0
2026-09-04 18:04:00-04:00,3.52,3.52,3.52,3.52,0
2026-09-04 18:05:00-04:00,3.5201,3.56,3.51,3.51,0
2026-09-04 18:06:00-04:00,3.51,3.52,3.51,3.51,0
2026-09-04 18:07:00-04:00,3.4901,3.4901,3.45,3.45,0
2026-09-04 18:08:00-04:00,3.4602,3.49,3.4602,3.47,0
2026-09-04 18:09:00-04:00,3.45,3.45,3.43,3.43,0
2026-09-04 18:10:00-04:00,3.46,3.46,3.46,3.46,0
2026-09-04 18:11:00-04:00,3.46,3.46,3.45,3.45,0
2026-09-04 18:12:00-04:00,3.43,3.49,3.43,3.49,0
2026-09-04 18:13:00-04:00,3.5,3.5,3.48,3.49,0
2026-09-04 18:14:00-04:00,3.49,3.49,3.43,3.43,0
2026-09-04 18:15:00-04:00,3.49,3.49,3.44,3.45,0
2026-09-04 18:16:00-04:00,3.48,3.48,3.4774,3.4774,0
2026-09-04 18:17:00-04:00,3.45,3.45,3.45,3.45,0
2026-09-04 18:19:00-04:00,3.45,3.45,3.45,3.45,0
2026-09-04 18:21:00-04:00,3.45,3.45,3.45,3.45,0
2026-09-04 18:22:00-04:00,3.5,3.5,3.5,3.5,0
2026-09-04 18:23:00-04:00,3.55,3.55,3.55,3.55,0
2026-09-04 18:24:00-04:00,3.46,3.46,3.46,3.46,0
2026-09-04 18:25:00-04:00,3.56,3.56,3.55,3.55,0
2026-09-04 18:26:00-04:00,3.55,3.55,3.55,3.55,0
2026-09-04 18:27:00-04:00,3.5008,3.51,3.5,3.51,0
2026-09-04 18:28:00-04:00,3.5001,3.5108,3.5,3.5108,0
2026-09-04 18:29:00-04:00,3.5066,3.51,3.5066,3.51,0
2026-09-04 18:30:00-04:00,3.49,3.5,3.49,3.4993,0
2026-09-04 18:31:00-04:00,3.5,3.5,3.4997,3.4997,0
2026-09-04 18:33:00-04:00,3.472,3.48,3.47,3.48,0
2026-09-04 18:34:00-04:00,3.48,3.48,3.48,3.48,0
2026-09-04 18:35:00-04:00,3.4974,3.4974,3.48,3.48,0
2026-09-04 18:36:00-04:00,3.48,3.48,3.48,3.48,0
2026-09-04 18:37:00-04:00,3.4809,3.4809,3.47,3.47,0
2026-09-04 18:38:00-04:00,3.4983,3.4983,3.4966,3.4966,0
2026-09-04 18:39:00-04:00,3.48,3.48,3.48,3.48,0
2026-09-04 18:40:00-04:00,3.4612,3.4612,3.4612,3.4612,0
2026-09-04 18:41:00-04:00,3.46,3.46,3.45,3.4507,0
2026-09-04 18:42:00-04:00,3.45,3.48,3.45,3.48,0
2026-09-04 18:43:00-04:00,3.48,3.48,3.45,3.4774,0
2026-09-04 18:44:00-04:00,3.4774,3.48,3.46,3.46,0
2026-09-04 18:45:00-04:00,3.48,3.48,3.48,3.48,0
2026-09-04 18:46:00-04:00,3.5,3.5,3.5,3.5,0
2026-09-04 18:49:00-04:00,3.54,3.546,3.52,3.546,0
2026-09-04 18:50:00-04:00,3.5,3.5494,3.5,3.5494,0
2026-09-04 18:51:00-04:00,3.525,3.55,3.525,3.55,0
2026-09-04 18:52:00-04:00,3.55,3.55,3.525,3.5486,0
2026-09-04 18:53:00-04:00,3.55,3.55,3.539,3.5399,0
2026-09-04 18:54:00-04:00,3.5,3.53,3.5,3.5062,0
2026-09-04 18:55:00-04:00,3.5199,3.5199,3.49,3.49,0
2026-09-04 18:56:00-04:00,3.49,3.49,3.47,3.47,0
2026-09-04 18:58:00-04:00,3.51,3.5194,3.51,3.5194,0
2026-09-04 18:59:00-04:00,3.5,3.52,3.5,3.52,0
2026-09-04 19:01:00-04:00,3.45,3.51,3.45,3.4504,0
2026-09-04 19:02:00-04:00,3.45,3.45,3.45,3.45,0
2026-09-04 19:03:00-04:00,3.45,3.4513,3.45,3.45,0
2026-09-04 19:04:00-04:00,3.45,3.45,3.45,3.45,0
2026-09-04 19:05:00-04:00,3.45,3.46,3.45,3.46,0
2026-09-04 19:06:00-04:00,3.48,3.48,3.47,3.47,0
2026-09-04 19:07:00-04:00,3.5,3.5,3.47,3.47,0
2026-09-04 19:08:00-04:00,3.4808,3.5,3.4808,3.5,0
2026-09-04 19:09:00-04:00,3.4964,3.4964,3.46,3.46,0
2026-09-04 19:11:00-04:00,3.46,3.46,3.46,3.46,0
2026-09-04 19:12:00-04:00,3.47,3.49,3.47,3.49,0
2026-09-04 19:13:00-04:00,3.4964,3.4964,3.47,3.49,0
2026-09-04 19:14:00-04:00,3.47,3.4731,3.47,3.4731,0
2026-09-04 19:16:00-04:00,3.4702,3.4702,3.4702,3.4702,0
2026-09-04 19:17:00-04:00,3.48,3.48,3.48,3.48,0
2026-09-04 19:20:00-04:00,3.47,3.47,3.47,3.47,0
2026-09-04 19:22:00-04:00,3.47,3.5,3.47,3.5,0
2026-09-04 19:23:00-04:00,3.5,3.5,3.5,3.5,0
2026-09-04 19:24:00-04:00,3.47,3.47,3.47,3.47,0
2026-09-04 19:25:00-04:00,3.47,3.48,3.47,3.48,0
2026-09-04 19:28:00-04:00,3.48,3.48,3.48,3.48,0
2026-09-04 19:29:00-04:00,3.4794,3.48,3.4794,3.48,0
2026-09-04 19:30:00-04:00,3.47,3.47,3.4672,3.4672,0
2026-09-04 19:31:00-04:00,3.46,3.5,3.46,3.5,0
2026-09-04 19:32:00-04:00,3.49,3.49,3.46,3.46,0
2026-09-04 19:35:00-04:00,3.45,3.45,3.44,3.44,0
2026-09-04 19:36:00-04:00,3.43,3.43,3.42,3.42,0
2026-09-04 19:37:00-04:00,3.4404,3.4864,3.4404,3.4864,0
2026-09-04 19:38:00-04:00,3.49,3.49,3.44,3.4404,0
2026-09-04 19:39:00-04:00,3.5,3.5,3.5,3.5,0
2026-09-04 19:40:00-04:00,3.44,3.4738,3.43,3.46,0
2026-09-04 19:41:00-04:00,3.48,3.48,3.43,3.44,0
2026-09-04 19:42:00-04:00,3.43,3.43,3.43,3.43,0
2026-09-04 19:43:00-04:00,3.43,3.43,3.42,3.42,0
2026-09-04 19:44:00-04:00,3.42,3.42,3.41,3.41,0
2026-09-04 19:45:00-04:00,3.41,3.4487,3.4,3.4,0
2026-09-04 19:46:00-04:00,3.4274,3.43,3.4,3.43,0
2026-09-04 19:47:00-04:00,3.4,3.4004,3.4,3.4,0
2026-09-04 19:48:00-04:00,3.4,3.4,3.38,3.38,0
2026-09-04 19:49:00-04:00,3.39,3.39,3.36,3.37,0
2026-09-04 19:50:00-04:00,3.4,3.43,3.4,3.43,0
2026-09-04 19:51:00-04:00,3.4131,3.42,3.4,3.4,0
2026-09-04 19:52:00-04:00,3.4274,3.4274,3.4274,3.4274,0
2026-09-04 19:54:00-04:00,3.43,3.43,3.4,3.4,0
2026-09-04 19:55:00-04:00,3.43,3.43,3.43,3.43,0
2026-09-04 19:56:00-04:00,3.4006,3.41,3.4,3.4014,0
2026-09-04 19:57:00-04:00,3.41,3.41,3.41,3.41,0
2026-09-04 19:58:00-04:00,3.43,3.44,3.4,3.4384,0
2026-09-04 19:59:00-04:00,3.4,3.44,3.4,3.41,0
