,Open,High,Low,Close,Volume
2026-07-17 04:00:00-04:00,2.02,2.03,2.01,2.01,0
2026-07-17 04:01:00-04:00,2.01,2.04,2.01,2.04,0
2026-07-17 04:02:00-04:00,2.02,2.03,2.02,2.03,0
2026-07-17 04:03:00-04:00,2.03,2.03,2.02,2.02,0
2026-07-17 04:04:00-04:00,2.02,2.03,2.01,2.02,0
2026-07-17 04:06:00-04:00,2.04,2.04,2.03,2.03,0
2026-07-17 04:07:00-04:00,2.03,2.03,2.03,2.03,0
2026-07-17 04:10:00-04:00,2.025,2.025,2.025,2.025,0
2026-07-17 04:11:00-04:00,2.03,2.03,2.03,2.03,0
2026-07-17 04:12:00-04:00,2.02,2.02,2.0196,2.0196,0
2026-07-17 04:13:00-04:00,2.0196,2.0196,2.0196,2.0196,0
2026-07-17 04:17:00-04:00,2.0105,2.0105,2.0105,2.0105,0
2026-07-17 04:21:00-04:00,2.02,2.02,2.02,2.02,0
2026-07-17 04:29:00-04:00,2.01,2.01,2.01,2.01,0
2026-07-17 04:31:00-04:00,2.03,2.03,2.03,2.03,0
2026-07-17 04:41:00-04:00,2.01,2.01,2.01,2.01,0
2026-07-17 04:43:00-04:00,2.01,2.01,2.01,2.01,0
2026-07-17 04:45:00-04:00,2.02,2.02,2.02,2.02,0
2026-07-17 04:48:00-04:00,2.02,2.02,2.02,2.02,0
2026-07-17 04:50:00-04:00,2.01,2.01,2.01,2.01,0
2026-07-17 05:00:00-04:00,2.01,2.01,2.01,2.01,0
2026-07-17 05:01:00-04:00,2.03,2.03,2.02,2.02,0
2026-07-17 05:06:00-04:00,2.0101,2.0101,2.0101,2.0101,0
2026-07-17 05:08:00-04:00,2.0135,2.0135,2.0135,2.0135,0
2026-07-17 05:13:00-04:00,2.0115,2.0115,2.0115,2.0115,0
2026-07-17 05:19:00-04:00,2.01,2.01,2.01,2.01,0
2026-07-17 05:21:00-04:00,2.0104,2.0104,2.0104,2.0104,0
2026-07-17 05:28:00-04:00,2.01,2.01,2.01,2.01,0
2026-07-17 05:36:00-04:00,2.0134,2.0134,2.0134,2.0134,0
2026-07-17 05:38:00-04:00,2.0204,2.0204,2.0204,2.0204,0
2026-07-17 05:40:00-04:00,2.02,2.02,2.02,2.02,0
2026-07-17 05:43:00-04:00,2.02,2.02,2.02,2.02,0
2026-07-17 05:45:00-04:00,2.0204,2.0204,2.0204,2.0204,0
2026-07-17 05:51:00-04:00,2.0211,2.0211,2.021,2.021,0
2026-07-17 05:52:00-04:00,2.025,2.03,2.0205,2.0205,0
2026-07-17 05:53:00-04:00,2.0205,2.0205,2.0205,2.0205,0
2026-07-17 05:57:00-04:00,2.02,2.02,2.02,2.02,0
2026-07-17 06:02:00-04:00,2.02,2.02,2.02,2.02,0
2026-07-17 06:04:00-04:00,2.0,2.0,2.0,2.0,0
2026-07-17 06:12:00-04:00,2.02,2.02,2.02,2.02,0
2026-07-17 06:13:00-04:00,2.0024,2.0024,2.0024,2.0024,0
2026-07-17 06:14:00-04:00,2.0024,2.0024,2.0024,2.0024,0
2026-07-17 06:16:00-04:00,2.0024,2.0024,2.0024,2.0024,0
2026-07-17 06:17:00-04:00,2.03,2.03,2.03,2.03,0
2026-07-17 06:20:00-04:00,2.03,2.03,2.03,2.03,0
2026-07-17 06:21:00-04:00,2.03,2.03,2.03,2.03,0
2026-07-17 06:22:00-04:00,2.03,2.03,2.03,2.03,0
2026-07-17 06:29:00-04:00,2.03,2.03,2.03,2.03,0
2026-07-17 06:30:00-04:00,2.03,2.03,2.01,2.01,0
2026-07-17 06:31:00-04:00,2.03,2.03,2.03,2.03,0
2026-07-17 06:38:00-04:00,2.0024,2.0024,2.0024,2.0024,0
2026-07-17 06:42:00-04:00,2.02,2.02,2.02,2.02,0
2026-07-17 06:43:00-04:00,2.03,2.03,2.03,2.03,0
2026-07-17 06:44:00-04:00,2.03,2.03,2.03,2.03,0
2026-07-17 06:48:00-04:00,2.02,2.02,2.02,2.02,0
2026-07-17 06:54:00-04:00,2.03,2.03,2.03,2.03,0
2026-07-17 06:55:00-04:00,2.02,2.02,2.02,2.02,0
2026-07-17 07:00:00-04:00,2.03,2.03,2.02,2.02,0
2026-07-17 07:01:00-04:00,2.03,2.03,2.03,2.03,0
2026-07-17 07:02:00-04:00,2.0207,2.03,2.0207,2.0215,0
2026-07-17 07:03:00-04:00,2.0204,2.0204,2.0204,2.0204,0
2026-07-17 07:04:00-04:00,2.0211,2.0211,2.0211,2.0211,0
2026-07-17 07:05:00-04:00,2.03,2.03,2.03,2.03,0
2026-07-17 07:06:00-04:00,2.0299,2.0299,2.0299,2.0299,0
2026-07-17 07:07:00-04:00,2.03,2.03,2.0296,2.0296,0
2026-07-17 07:08:00-04:00,2.0297,2.03,2.0297,2.03,0
2026-07-17 07:09:00-04:00,2.0212,2.03,2.0212,2.03,0
2026-07-17 07:10:00-04:00,2.03,2.03,2.0204,2.0299,0
2026-07-17 07:11:00-04:00,2.0204,2.0204,2.0204,2.0204,0
2026-07-17 07:12:00-04:00,2.0204,2.021,2.0204,2.021,0
2026-07-17 07:13:00-04:00,2.03,2.03,2.03,2.03,0
2026-07-17 07:14:00-04:00,2.0204,2.0211,2.0204,2.0211,0
2026-07-17 07:15:00-04:00,2.0297,2.03,2.02,2.03,0
2026-07-17 07:17:00-04:00,2.0203,2.0211,2.02,2.0203,0
2026-07-17 07:18:00-04:00,2.0298,2.0298,2.0298,2.0298,0
2026-07-17 07:19:00-04:00,2.0299,2.0299,2.0213,2.0213,0
2026-07-17 07:21:00-04:00,2.02,2.02,2.02,2.02,0
2026-07-17 07:22:00-04:00,2.02,2.02,2.02,2.02,0
2026-07-17 07:24:00-04:00,2.03,2.03,2.03,2.03,0
2026-07-17 07:26:00-04:00,2.03,2.03,2.03,2.03,0
2026-07-17 07:27:00-04:00,2.0299,2.03,2.0299,2.03,0
2026-07-17 07:28:00-04:00,2.03,2.03,2.0299,2.0299,0
2026-07-17 07:29:00-04:00,2.021,2.021,2.0204,2.0204,0
2026-07-17 07:30:00-04:00,2.03,2.03,2.0201,2.0201,0
2026-07-17 07:31:00-04:00,2.03,2.03,2.03,2.03,0
2026-07-17 07:32:00-04:00,2.0213,2.03,2.0213,2.03,0
2026-07-17 07:33:00-04:00,2.03,2.03,2.03,2.03,0
2026-07-17 07:34:00-04:00,2.02,2.02,2.02,2.02,0
2026-07-17 07:35:00-04:00,2.0298,2.0298,2.0212,2.0212,0
2026-07-17 07:36:00-04:00,2.0208,2.03,2.0208,2.0299,0
2026-07-17 07:37:00-04:00,2.03,2.03,2.02,2.03,0
2026-07-17 07:39:00-04:00,2.03,2.03,2.02,2.02,0
2026-07-17 07:40:00-04:00,2.02,2.02,2.02,2.02,0
2026-07-17 07:42:00-04:00,2.02,2.02,2.02,2.02,0
2026-07-17 07:43:00-04:00,2.0204,2.0204,2.0204,2.0204,0
2026-07-17 07:44:00-04:00,2.0213,2.0213,2.0213,2.0213,0
2026-07-17 07:45:00-04:00,2.0213,2.0213,2.0201,2.0201,0
2026-07-17 07:47:00-04:00,2.03,2.03,2.0299,2.0299,0
2026-07-17 07:48:00-04:00,2.0213,2.03,2.0213,2.03,0
2026-07-17 07:49:00-04:00,2.0213,2.0213,2.0213,2.0213,0
2026-07-17 07:50:00-04:00,2.03,2.03,2.02,2.02,0
2026-07-17 07:51:00-04:00,2.0299,2.0299,2.0299,2.0299,0
2026-07-17 07:52:00-04:00,2.02,2.02,2.02,2.02,0
2026-07-17 07:53:00-04:00,2.03,2.03,2.0209,2.0209,0
2026-07-17 07:55:00-04:00,2.03,2.03,2.02,2.02,0
2026-07-17 07:56:00-04:00,2.03,2.04,2.03,2.03,0
2026-07-17 07:57:00-04:00,2.03,2.03,2.03,2.03,0
2026-07-17 07:58:00-04:00,2.04,2.04,2.0399,2.0399,0
2026-07-17 07:59:00-04:00,2.04,2.04,2.0309,2.0309,0
2026-07-17 08:00:00-04:00,2.04,2.04,2.04,2.04,0
2026-07-17 08:01:00-04:00,2.0398,2.0398,2.03,2.035,0
2026-07-17 08:02:00-04:00,2.03,2.0311,2.03,2.0311,0
2026-07-17 08:03:00-04:00,2.0385,2.04,2.035,2.035,0
2026-07-17 08:04:00-04:00,2.03,2.04,2.03,2.0312,0
2026-07-17 08:05:00-04:00,2.0313,2.0399,2.0313,2.0398,0
2026-07-17 08:06:00-04:00,2.0399,2.0399,2.0399,2.0399,0
2026-07-17 08:07:00-04:00,2.04,2.04,2.035,2.04,0
2026-07-17 08:08:00-04:00,2.04,2.04,2.0301,2.0301,0
2026-07-17 08:09:00-04:00,2.03,2.04,2.03,2.03,0
2026-07-17 08:11:00-04:00,2.035,2.035,2.035,2.035,0
2026-07-17 08:12:00-04:00,2.035,2.035,2.035,2.035,0
2026-07-17 08:13:00-04:00,2.0399,2.04,2.03,2.0394,0
2026-07-17 08:14:00-04:00,2.04,2.04,2.0394,2.0394,0
2026-07-17 08:15:00-04:00,2.04,2.04,2.04,2.04,0
2026-07-17 08:16:00-04:00,2.04,2.04,2.04,2.04,0
2026-07-17 08:17:00-04:00,2.0398,2.04,2.0397,2.0397,0
2026-07-17 08:20:00-04:00,2.0304,2.04,2.0304,2.0304,0
2026-07-17 08:22:00-04:00,2.04,2.04,2.0399,2.0399,0
2026-07-17 08:23:00-04:00,2.0399,2.0399,2.0396,2.0396,0
2026-07-17 08:24:00-04:00,2.0315,2.0315,2.0315,2.0315,0
2026-07-17 08:25:00-04:00,2.04,2.04,2.0398,2.0398,0
2026-07-17 08:26:00-04:00,2.0309,2.0309,2.03,2.03,0
2026-07-17 08:27:00-04:00,2.03,2.035,2.03,2.03,0
2026-07-17 08:28:00-04:00,2.03,2.03,2.03,2.03,0
2026-07-17 08:29:00-04:00,2.0313,2.0313,2.0313,2.0313,0
2026-07-17 08:30:00-04:00,2.04,2.04,2.02,2.0285,0
2026-07-17 08:31:00-04:00,2.025,2.025,2.025,2.025,0
2026-07-17 08:32:00-04:00,2.03,2.03,2.0209,2.0221,0
2026-07-17 08:33:00-04:00,2.03,2.03,2.02,2.03,0
2026-07-17 08:34:00-04:00,2.0285,2.03,2.0285,2.03,0
2026-07-17 08:35:00-04:00,2.03,2.03,2.02,2.03,0
2026-07-17 08:36:00-04:00,2.0298,2.03,2.02,2.02,0
2026-07-17 08:37:00-04:00,2.03,2.03,2.03,2.03,0
2026-07-17 08:39:00-04:00,2.03,2.03,2.025,2.025,0
2026-07-17 08:40:00-04:00,2.02,2.0298,2.02,2.025,0
2026-07-17 08:41:00-04:00,2.03,2.03,2.0213,2.0213,0
2026-07-17 08:42:00-04:00,2.0297,2.0299,2.0297,2.0299,0
2026-07-17 08:43:00-04:00,2.02,2.03,2.02,2.0212,0
2026-07-17 08:44:00-04:00,2.0203,2.0203,2.0201,2.0201,0
2026-07-17 08:45:00-04:00,2.03,2.03,2.025,2.025,0
2026-07-17 08:46:00-04:00,2.0202,2.0202,2.02,2.02,0
2026-07-17 08:47:00-04:00,2.02,2.02,2.01,2.02,0
2026-07-17 08:48:00-04:00,2.015,2.015,2.0113,2.0113,0
2026-07-17 08:49:00-04:00,2.011,2.02,2.011,2.02,0
2026-07-17 08:50:00-04:00,2.0102,2.0102,2.0102,2.0102,0
2026-07-17 08:52:00-04:00,2.015,2.02,2.0103,2.02,0
2026-07-17 08:53:00-04:00,2.01,2.01,2.01,2.01,0
2026-07-17 08:54:00-04:00,2.02,2.02,2.01,2.015,0
2026-07-17 08:55:00-04:00,2.0199,2.0199,2.011,2.015,0
2026-07-17 08:56:00-04:00,2.015,2.015,2.015,2.015,0
2026-07-17 08:57:00-04:00,2.02,2.02,2.02,2.02,0
2026-07-17 08:58:00-04:00,2.02,2.02,2.0111,2.0111,0
2026-07-17 08:59:00-04:00,2.0101,2.0101,2.0101,2.0101,0
2026-07-17 09:00:00-04:00,2.01,2.015,2.01,2.015,0
2026-07-17 09:01:00-04:00,2.02,2.02,2.015,2.015,0
2026-07-17 09:02:00-04:00,2.0102,2.0102,2.0102,2.0102,0
2026-07-17 09:03:00-04:00,2.015,2.02,2.01,2.02,0
2026-07-17 09:04:00-04:00,2.0185,2.02,2.01,2.01,0
2026-07-17 09:05:00-04:00,2.015,2.0198,2.015,2.0197,0
2026-07-17 09:06:00-04:00,2.02,2.02,2.01,2.0103,0
2026-07-17 09:07:00-04:00,2.02,2.02,2.015,2.015,0
2026-07-17 09:08:00-04:00,2.015,2.0199,2.015,2.0199,0
2026-07-17 09:09:00-04:00,2.01,2.02,2.01,2.0197,0
2026-07-17 09:10:00-04:00,2.01,2.02,2.01,2.0198,0
2026-07-17 09:11:00-04:00,2.02,2.02,2.01,2.01,0
2026-07-17 09:12:00-04:00,2.015,2.015,2.01,2.01,0
2026-07-17 09:13:00-04:00,2.0112,2.0112,2.0112,2.0112,0
2026-07-17 09:14:00-04:00,2.01,2.02,2.01,2.02,0
2026-07-17 09:30:00-04:00,2.0,2.0199999809265137,2.0,2.015000104904175,616241
2026-07-17 09:31:00-04:00,2.015000104904175,2.0199999809265137,2.0,2.009999990463257,126427
2026-07-17 09:32:00-04:00,2.015000104904175,2.049999952316284,2.009999990463257,2.0476999282836914,140665
2026-07-17 09:33:00-04:00,2.0450000762939453,2.049999952316284,2.009999990463257,2.0250000953674316,225348
2026-07-17 09:34:00-04:00,2.0250000953674316,2.0299999713897705,2.009999990463257,2.015000104904175,48693
2026-07-17 09:35:00-04:00,2.0199999809265137,2.0199999809265137,2.009999990463257,2.015000104904175,69465
2026-07-17 09:36:00-04:00,2.0199999809265137,2.0271999835968018,1.9700000286102295,1.9700000286102295,543896
2026-07-17 09:37:00-04:00,1.975000023841858,2.015000104904175,1.9700000286102295,2.009999990463257,390010
2026-07-17 09:38:00-04:00,2.0097999572753906,2.009999990463257,1.9800000190734863,1.9873000383377075,1551748
2026-07-17 09:39:00-04:00,1.9873000383377075,1.9900000095367432,1.9700000286102295,1.9850000143051147,406320
2026-07-17 09:40:00-04:00,1.9819999933242798,1.9850000143051147,1.9700000286102295,1.975000023841858,86474
2026-07-17 09:41:00-04:00,1.9723000526428223,1.9950000047683716,1.9723000526428223,1.9950000047683716,288144
2026-07-17 09:42:00-04:00,1.9900000095367432,2.0,1.9900000095367432,1.9950000047683716,26932
2026-07-17 09:43:00-04:00,1.9967999458312988,2.0,1.9800000190734863,1.9800000190734863,477245
2026-07-17 09:44:00-04:00,1.975000023841858,1.9800000190734863,1.9600000381469727,1.9620000123977661,104682
2026-07-17 09:45:00-04:00,1.965000033378601,1.965000033378601,1.9500000476837158,1.9550000429153442,226711
2026-07-17 09:46:00-04:00,1.9550000429153442,1.9600000381469727,1.940000057220459,1.9400999546051025,363383
2026-07-17 09:47:00-04:00,1.9459999799728394,1.9500000476837158,1.940000057220459,1.9500000476837158,67316
2026-07-17 09:48:00-04:00,1.9456000328063965,1.9500000476837158,1.940000057220459,1.9400999546051025,91349
2026-07-17 09:49:00-04:00,1.9486000537872314,1.9600000381469727,1.940000057220459,1.9600000381469727,158734
2026-07-17 09:50:00-04:00,1.958899974822998,1.965000033378601,1.9500000476837158,1.9550000429153442,162039
2026-07-17 09:51:00-04:00,1.9599000215530396,1.9600000381469727,1.940000057220459,1.9499000310897827,220740
2026-07-17 09:52:00-04:00,1.947700023651123,1.9500000476837158,1.940000057220459,1.9496999979019165,27790
2026-07-17 09:53:00-04:00,1.9450000524520874,1.9500000476837158,1.9299999475479126,1.934999942779541,218828
2026-07-17 09:54:00-04:00,1.930299997329712,1.9450000524520874,1.899999976158142,1.9149999618530273,1592025
2026-07-17 09:55:00-04:00,1.9199999570846558,1.940000057220459,1.909999966621399,1.9299999475479126,150070
2026-07-17 09:56:00-04:00,1.934999942779541,1.940000057220459,1.9300999641418457,1.9371999502182007,40847
2026-07-17 09:57:00-04:00,1.934999942779541,1.9500000476837158,1.934999942779541,1.9500000476837158,129048
2026-07-17 09:58:00-04:00,1.9450000524520874,1.9600000381469727,1.9450000524520874,1.9600000381469727,57600
2026-07-17 09:59:00-04:00,1.955199956893921,1.9600000381469727,1.9500000476837158,1.9589999914169312,197038
2026-07-17 10:00:00-04:00,1.9550000429153442,1.9585000276565552,1.9500000476837158,1.9565999507904053,52167
2026-07-17 10:01:00-04:00,1.9600000381469727,1.9800000190734863,1.9600000381469727,1.975000023841858,197856
2026-07-17 10:02:00-04:00,1.9700000286102295,1.975000023841858,1.965000033378601,1.9731999635696411,70715
2026-07-17 10:03:00-04:00,1.9800000190734863,1.9800000190734863,1.9700000286102295,1.975000023841858,46875
2026-07-17 10:04:00-04:00,1.975000023841858,1.9800000190734863,1.9700000286102295,1.9700000286102295,27397
2026-07-17 10:05:00-04:00,1.9747999906539917,1.979200005531311,1.9700000286102295,1.975000023841858,23498
2026-07-17 10:06:00-04:00,1.975000023841858,1.9800000190734863,1.9700000286102295,1.9779000282287598,195184
2026-07-17 10:07:00-04:00,1.9772000312805176,1.9800000190734863,1.9700000286102295,1.9700000286102295,44388
2026-07-17 10:08:00-04:00,1.9701000452041626,1.9800000190734863,1.9700000286102295,1.975000023841858,29162
2026-07-17 10:09:00-04:00,1.975000023841858,1.978600025177002,1.9600000381469727,1.965000033378601,86870
2026-07-17 10:10:00-04:00,1.9700000286102295,1.975000023841858,1.965000033378601,1.965000033378601,120770
2026-07-17 10:11:00-04:00,1.965000033378601,1.9696999788284302,1.9600000381469727,1.965000033378601,11714
2026-07-17 10:12:00-04:00,1.965000033378601,1.9700000286102295,1.9622999429702759,1.965000033378601,17321
2026-07-17 10:13:00-04:00,1.965000033378601,1.965000033378601,1.9600000381469727,1.961300015449524,15863
2026-07-17 10:14:00-04:00,1.9637000560760498,1.9785000085830688,1.9637000560760498,1.9785000085830688,96021
2026-07-17 10:15:00-04:00,1.9700000286102295,1.9800000190734863,1.965000033378601,1.9738999605178833,54013
2026-07-17 10:16:00-04:00,1.975000023841858,1.9800000190734863,1.965000033378601,1.9677000045776367,68732
2026-07-17 10:17:00-04:00,1.9700000286102295,1.9700000286102295,1.9500000476837158,1.9515999555587769,182219
2026-07-17 10:18:00-04:00,1.952299952507019,1.9598000049591064,1.952299952507019,1.9550000429153442,22991
2026-07-17 10:19:00-04:00,1.9550000429153442,1.9600000381469727,1.9550000429153442,1.9550000429153442,39183
2026-07-17 10:20:00-04:00,1.9550000429153442,1.9600000381469727,1.9500999450683594,1.9550000429153442,24277
2026-07-17 10:21:00-04:00,1.9500000476837158,1.958299994468689,1.9500000476837158,1.9550000429153442,11894
2026-07-17 10:22:00-04:00,1.9500000476837158,1.9598000049591064,1.934999942779541,1.9400999546051025,151016
2026-07-17 10:23:00-04:00,1.9400999546051025,1.9500000476837158,1.940000057220459,1.9426000118255615,62756
2026-07-17 10:24:00-04:00,1.9450000524520874,1.9500000476837158,1.940000057220459,1.940000057220459,35220
2026-07-17 10:25:00-04:00,1.9450000524520874,1.9599000215530396,1.9450000524520874,1.9565999507904053,85725
2026-07-17 10:26:00-04:00,1.9500000476837158,1.9600000381469727,1.9500000476837158,1.9500999450683594,22447
2026-07-17 10:27:00-04:00,1.9550000429153442,1.9600000381469727,1.9450000524520874,1.9550000429153442,90452
2026-07-17 10:28:00-04:00,1.9596999883651733,1.9600000381469727,1.9500000476837158,1.9500000476837158,15838
2026-07-17 10:29:00-04:00,1.9500000476837158,1.9577000141143799,1.9500000476837158,1.9550000429153442,53699
2026-07-17 10:30:00-04:00,1.9550000429153442,1.9600000381469727,1.909999966621399,1.9149999618530273,1184419
2026-07-17 10:31:00-04:00,1.913100004196167,1.9299999475479126,1.909999966621399,1.9198999404907227,332603
2026-07-17 10:32:00-04:00,1.9163999557495117,1.9257999658584595,1.909999966621399,1.9199999570846558,78572
2026-07-17 10:33:00-04:00,1.9199999570846558,1.9299999475479126,1.9199999570846558,1.9299999475479126,37914
2026-07-17 10:34:00-04:00,1.9249999523162842,1.940000057220459,1.9199999570846558,1.940000057220459,280158
2026-07-17 10:35:00-04:00,1.940000057220459,1.940000057220459,1.9299999475479126,1.934999942779541,10822
2026-07-17 10:36:00-04:00,1.940000057220459,1.940000057220459,1.9299999475479126,1.9399000406265259,30268
2026-07-17 10:37:00-04:00,1.9301999807357788,1.940000057220459,1.9299999475479126,1.934999942779541,42964
2026-07-17 10:38:00-04:00,1.9319000244140625,1.9399000406265259,1.9299999475479126,1.9299999475479126,23956
2026-07-17 10:39:00-04:00,1.934999942779541,1.968400001525879,1.9299999475479126,1.9550000429153442,499274
2026-07-17 10:40:00-04:00,1.9550000429153442,1.958899974822998,1.940000057220459,1.940000057220459,58153
2026-07-17 10:41:00-04:00,1.9450000524520874,1.9464000463485718,1.940000057220459,1.9450000524520874,18743
2026-07-17 10:42:00-04:00,1.940000057220459,1.9500000476837158,1.940000057220459,1.940000057220459,48562
2026-07-17 10:43:00-04:00,1.940000057220459,1.9452999830245972,1.940000057220459,1.9428999423980713,19283
2026-07-17 10:44:00-04:00,1.940000057220459,1.9474999904632568,1.940000057220459,1.9474999904632568,17490
2026-07-17 10:45:00-04:00,1.940000057220459,1.9500000476837158,1.940000057220459,1.9450000524520874,21092
2026-07-17 10:46:00-04:00,1.9500000476837158,1.9500000476837158,1.9327000379562378,1.940000057220459,65505
2026-07-17 10:47:00-04:00,1.934999942779541,1.9450000524520874,1.934999942779541,1.9450000524520874,50129
2026-07-17 10:48:00-04:00,1.940000057220459,1.9499000310897827,1.940000057220459,1.948799967765808,21477
2026-07-17 10:49:00-04:00,1.940000057220459,1.947700023651123,1.940000057220459,1.947700023651123,6663
2026-07-17 10:50:00-04:00,1.940000057220459,1.9500000476837158,1.940000057220459,1.940000057220459,7533
2026-07-17 10:51:00-04:00,1.9423999786376953,1.9450000524520874,1.9299999475479126,1.934999942779541,53797
2026-07-17 10:52:00-04:00,1.9299999475479126,1.934999942779541,1.9299999475479126,1.9299999475479126,9620
2026-07-17 10:53:00-04:00,1.934999942779541,1.9399000406265259,1.9300999641418457,1.934999942779541,33735
2026-07-17 10:54:00-04:00,1.9384000301361084,1.9499000310897827,1.934999942779541,1.9423999786376953,37709
2026-07-17 10:55:00-04:00,1.9450000524520874,1.9499000310897827,1.9450000524520874,1.9450000524520874,11781
2026-07-17 10:56:00-04:00,1.9450000524520874,1.9500000476837158,1.934999942779541,1.9377000331878662,47668
2026-07-17 10:57:00-04:00,1.934999942779541,1.9397000074386597,1.9299999475479126,1.934999942779541,11821
2026-07-17 10:58:00-04:00,1.9300999641418457,1.940000057220459,1.9299999475479126,1.934999942779541,20972
2026-07-17 10:59:00-04:00,1.934999942779541,1.934999942779541,1.9101999998092651,1.9249999523162842,679656
2026-07-17 11:00:00-04:00,1.9266910552978516,1.9299999475479126,1.9249999523162842,1.9249999523162842,29201
2026-07-17 11:01:00-04:00,1.9249999523162842,1.9276000261306763,1.909999966621399,1.9186999797821045,82463
2026-07-17 11:02:00-04:00,1.9198999404907227,1.9199999570846558,1.909999966621399,1.9149999618530273,22845
2026-07-17 11:03:00-04:00,1.9199999570846558,1.9199999570846558,1.909999966621399,1.9149999618530273,175059
2026-07-17 11:04:00-04:00,1.9149999618530273,1.9199999570846558,1.909999966621399,1.9199999570846558,34581
2026-07-17 11:05:00-04:00,1.9149999618530273,1.9199999570846558,1.909999966621399,1.9149999618530273,44677
2026-07-17 11:06:00-04:00,1.9149999618530273,1.9199999570846558,1.909999966621399,1.909999966621399,113033
2026-07-17 11:07:00-04:00,1.9186999797821045,1.9186999797821045,1.8949999809265137,1.909999966621399,831921
2026-07-17 11:08:00-04:00,1.899999976158142,1.909999966621399,1.899999976158142,1.9061000347137451,456754
2026-07-17 11:09:00-04:00,1.9097000360488892,1.909999966621399,1.899999976158142,1.9049999713897705,191177
2026-07-17 11:10:00-04:00,1.9049999713897705,1.909999966621399,1.899999976158142,1.909999966621399,85449
2026-07-17 11:11:00-04:00,1.9076999425888062,1.909999966621399,1.899999976158142,1.9049999713897705,50832
2026-07-17 11:12:00-04:00,1.9062000513076782,1.909999966621399,1.899999976158142,1.9049999713897705,84247
2026-07-17 11:13:00-04:00,1.909999966621399,1.9199999570846558,1.9049999713897705,1.9148000478744507,91448
2026-07-17 11:14:00-04:00,1.9119999408721924,1.9198999404907227,1.909999966621399,1.9198999404907227,60378
2026-07-17 11:15:00-04:00,1.913100004196167,1.9199999570846558,1.909999966621399,1.9198999404907227,65818
2026-07-17 11:16:00-04:00,1.9198999404907227,1.9199999570846558,1.909999966621399,1.913100004196167,30323
2026-07-17 11:17:00-04:00,1.9149999618530273,1.9198999404907227,1.909999966621399,1.9149999618530273,22749
2026-07-17 11:18:00-04:00,1.9172999858856201,1.9199999570846558,1.909999966621399,1.9199999570846558,36016
2026-07-17 11:19:00-04:00,1.9199999570846558,1.9199999570846558,1.909999966621399,1.909999966621399,13794
2026-07-17 11:20:00-04:00,1.9122999906539917,1.9199999570846558,1.9122999906539917,1.9149999618530273,25445
2026-07-17 11:21:00-04:00,1.9199999570846558,1.9249999523162842,1.909999966621399,1.9122999906539917,147291
2026-07-17 11:22:00-04:00,1.9149999618530273,1.9198999404907227,1.909999966621399,1.909999966621399,11965
2026-07-17 11:23:00-04:00,1.9184999465942383,1.9199999570846558,1.899999976158142,1.9098999500274658,94277
2026-07-17 11:24:00-04:00,1.909999966621399,1.9199999570846558,1.909999966621399,1.9198999404907227,58782
2026-07-17 11:25:00-04:00,1.909999966621399,1.9198999404907227,1.909999966621399,1.910099983215332,12162
2026-07-17 11:26:00-04:00,1.9149999618530273,1.919800043106079,1.909999966621399,1.909999966621399,20511
2026-07-17 11:27:00-04:00,1.9199999570846558,1.9199999570846558,1.909999966621399,1.909999966621399,35658
2026-07-17 11:28:00-04:00,1.9177000522613525,1.9199999570846558,1.909999966621399,1.9149999618530273,25763
2026-07-17 11:29:00-04:00,1.9149999618530273,1.9299999475479126,1.9149999618530273,1.9299999475479126,70760
2026-07-17 11:30:00-04:00,1.9249999523162842,1.9299999475479126,1.92330002784729,1.9299999475479126,62581
2026-07-17 11:31:00-04:00,1.926900029182434,1.9299999475479126,1.9249999523162842,1.9299999475479126,27534
2026-07-17 11:32:00-04:00,1.9265999794006348,1.9299999475479126,1.9200999736785889,1.929900050163269,28698
2026-07-17 11:33:00-04:00,1.9249999523162842,1.934999942779541,1.9199999570846558,1.9249999523162842,60285
2026-07-17 11:34:00-04:00,1.9299999475479126,1.9299999475479126,1.9249999523162842,1.9299999475479126,11956
2026-07-17 11:35:00-04:00,1.9249999523162842,1.9397000074386597,1.9225000143051147,1.9225000143051147,122338
2026-07-17 11:36:00-04:00,1.9249999523162842,1.9299999475479126,1.9249999523162842,1.9299999475479126,7592
2026-07-17 11:37:00-04:00,1.9299999475479126,1.9550000429153442,1.9299999475479126,1.9550000429153442,317102
2026-07-17 11:38:00-04:00,1.9500000476837158,1.9600000381469727,1.9500000476837158,1.9500000476837158,48984
2026-07-17 11:39:00-04:00,1.9550000429153442,1.9600000381469727,1.9500000476837158,1.9550000429153442,79581
2026-07-17 11:40:00-04:00,1.9523999691009521,1.9574999809265137,1.9450000524520874,1.9450000524520874,228861
2026-07-17 11:41:00-04:00,1.9450000524520874,1.9500000476837158,1.9450000524520874,1.9450000524520874,25216
2026-07-17 11:42:00-04:00,1.9450000524520874,1.9500000476837158,1.9402999877929688,1.948699951171875,7285
2026-07-17 11:43:00-04:00,1.9450000524520874,1.9600000381469727,1.9450000524520874,1.9550000429153442,96867
2026-07-17 11:44:00-04:00,1.9550000429153442,1.9599000215530396,1.9500000476837158,1.9550000429153442,31436
2026-07-17 11:45:00-04:00,1.9599000215530396,1.9600000381469727,1.9500000476837158,1.9550000429153442,109614
2026-07-17 11:46:00-04:00,1.9550000429153442,1.9600000381469727,1.9500000476837158,1.9600000381469727,183197
2026-07-17 11:47:00-04:00,1.9550000429153442,1.9600000381469727,1.9500000476837158,1.9550000429153442,24126
2026-07-17 11:48:00-04:00,1.9592000246047974,1.9600000381469727,1.9550000429153442,1.9600000381469727,215639
2026-07-17 11:49:00-04:00,1.9599000215530396,1.9600000381469727,1.9500999450683594,1.9600000381469727,306214
2026-07-17 11:50:00-04:00,1.9599000215530396,1.9677000045776367,1.9550000429153442,1.965000033378601,284617
2026-07-17 11:51:00-04:00,1.9639999866485596,1.965000033378601,1.9520000219345093,1.9600000381469727,121107
2026-07-17 11:52:00-04:00,1.9599000215530396,1.9700000286102295,1.9556000232696533,1.968500018119812,157423
2026-07-17 11:53:00-04:00,1.9600000381469727,1.9799000024795532,1.9600000381469727,1.9735000133514404,110372
2026-07-17 11:54:00-04:00,1.9737000465393066,1.975000023841858,1.952299952507019,1.964900016784668,651564
2026-07-17 11:55:00-04:00,1.965000033378601,1.9700000286102295,1.9600000381469727,1.9632999897003174,90604
2026-07-17 11:56:00-04:00,1.9601000547409058,1.9700000286102295,1.9600000381469727,1.9634000062942505,40253
2026-07-17 11:57:00-04:00,1.965000033378601,1.9700000286102295,1.9600000381469727,1.965000033378601,24355
2026-07-17 11:58:00-04:00,1.965000033378601,1.9700000286102295,1.9600000381469727,1.9600000381469727,29227
2026-07-17 11:59:00-04:00,1.9636000394821167,1.9700000286102295,1.9600000381469727,1.9700000286102295,11224
2026-07-17 12:00:00-04:00,1.9700000286102295,1.9758000373840332,1.9627000093460083,1.975000023841858,122758
2026-07-17 12:01:00-04:00,1.975000023841858,1.9800000190734863,1.965000033378601,1.972000002861023,275978
2026-07-17 12:02:00-04:00,1.9723000526428223,1.975000023841858,1.9600000381469727,1.965000033378601,58815
2026-07-17 12:03:00-04:00,1.9635000228881836,1.9700000286102295,1.9600000381469727,1.9601000547409058,41829
2026-07-17 12:04:00-04:00,1.9600000381469727,1.9700000286102295,1.9600000381469727,1.9600000381469727,9024
2026-07-17 12:05:00-04:00,1.9641000032424927,1.9686000347137451,1.9600000381469727,1.965000033378601,9354
2026-07-17 12:06:00-04:00,1.9600000381469727,1.9700000286102295,1.9600000381469727,1.9666999578475952,6220
2026-07-17 12:07:00-04:00,1.9622999429702759,1.9700000286102295,1.9600000381469727,1.9699000120162964,16740
2026-07-17 12:08:00-04:00,1.965000033378601,1.9700000286102295,1.965000033378601,1.9664000272750854,19365
2026-07-17 12:09:00-04:00,1.9600000381469727,1.9700000286102295,1.9600000381469727,1.9700000286102295,45080
2026-07-17 12:10:00-04:00,1.965000033378601,1.9700000286102295,1.965000033378601,1.967900037765503,72273
2026-07-17 12:11:00-04:00,1.9700000286102295,1.9700000286102295,1.9600000381469727,1.9699000120162964,325928
2026-07-17 12:12:00-04:00,1.9664000272750854,1.9700000286102295,1.965000033378601,1.9666999578475952,322386
2026-07-17 12:13:00-04:00,1.9696999788284302,1.9800000190734863,1.965000033378601,1.975000023841858,387552
2026-07-17 12:14:00-04:00,1.975000023841858,1.979699969291687,1.9700000286102295,1.9723000526428223,216571
2026-07-17 12:15:00-04:00,1.9701000452041626,1.9800000190734863,1.9700000286102295,1.9731999635696411,51832
2026-07-17 12:16:00-04:00,1.975000023841858,1.9800000190734863,1.9700000286102295,1.975000023841858,100543
2026-07-17 12:17:00-04:00,1.9718999862670898,1.975000023841858,1.9600000381469727,1.965000033378601,146890
2026-07-17 12:18:00-04:00,1.965000033378601,1.9700000286102295,1.965000033378601,1.965000033378601,11454
2026-07-17 12:19:00-04:00,1.9615000486373901,1.965000033378601,1.9600000381469727,1.9600000381469727,10493
2026-07-17 12:20:00-04:00,1.9600000381469727,1.965000033378601,1.9600000381469727,1.965000033378601,10300
2026-07-17 12:21:00-04:00,1.9601000547409058,1.9700000286102295,1.9600000381469727,1.9642000198364258,16004
2026-07-17 12:22:00-04:00,1.965000033378601,1.9700000286102295,1.9600000381469727,1.9699000120162964,19339
2026-07-17 12:23:00-04:00,1.9700000286102295,1.9700000286102295,1.9601000547409058,1.9697999954223633,14591
2026-07-17 12:24:00-04:00,1.965000033378601,1.9800000190734863,1.965000033378601,1.975000023841858,182663
2026-07-17 12:25:00-04:00,1.9776999950408936,1.9800000190734863,1.9701999425888062,1.9768999814987183,14987
2026-07-17 12:26:00-04:00,1.9778000116348267,1.9800000190734863,1.975000023841858,1.976099967956543,110950
2026-07-17 12:27:00-04:00,1.9800000190734863,1.98989999294281,1.9723000526428223,1.982300043106079,103748
2026-07-17 12:28:00-04:00,1.9900000095367432,1.9900000095367432,1.9850000143051147,1.9850000143051147,11377
2026-07-17 12:29:00-04:00,1.9850000143051147,1.9900000095367432,1.9850000143051147,1.988700032234192,13650
2026-07-17 12:30:00-04:00,1.9850000143051147,1.9900000095367432,1.9800000190734863,1.9850000143051147,51931
2026-07-17 12:31:00-04:00,1.982300043106079,1.989799976348877,1.9801000356674194,1.9850000143051147,9552
2026-07-17 12:32:00-04:00,1.9850000143051147,1.9900000095367432,1.982300043106079,1.9900000095367432,23673
2026-07-17 12:33:00-04:00,1.9850000143051147,1.98989999294281,1.9800000190734863,1.9850000143051147,54474
2026-07-17 12:34:00-04:00,1.982300043106079,1.9900000095367432,1.9815000295639038,1.9876999855041504,7824
2026-07-17 12:35:00-04:00,1.9850000143051147,1.9900000095367432,1.9850000143051147,1.9860999584197998,8144
2026-07-17 12:36:00-04:00,1.9883999824523926,1.9900000095367432,1.9800000190734863,1.9900000095367432,55545
2026-07-17 12:37:00-04:00,1.9850000143051147,1.9900000095367432,1.975000023841858,1.9799000024795532,75037
2026-07-17 12:38:00-04:00,1.9759999513626099,1.9759999513626099,1.975000023841858,1.975000023841858,19159
2026-07-17 12:39:00-04:00,1.9700000286102295,1.9775999784469604,1.9700000286102295,1.9775999784469604,21460
2026-07-17 12:40:00-04:00,1.9700000286102295,1.975000023841858,1.9700000286102295,1.9700000286102295,5901
2026-07-17 12:41:00-04:00,1.9788999557495117,1.9799000024795532,1.9700000286102295,1.975000023841858,40395
2026-07-17 12:42:00-04:00,1.9782999753952026,1.9900000095367432,1.9723000526428223,1.9850000143051147,103978
2026-07-17 12:43:00-04:00,1.9900000095367432,1.9900000095367432,1.982300043106079,1.9850000143051147,19624
2026-07-17 12:44:00-04:00,1.9850000143051147,1.9900000095367432,1.9800000190734863,1.9800000190734863,44589
2026-07-17 12:45:00-04:00,1.9872000217437744,1.9900000095367432,1.9800000190734863,1.9800000190734863,37393
2026-07-17 12:46:00-04:00,1.9900000095367432,1.9900000095367432,1.9801000356674194,1.98989999294281,53873
2026-07-17 12:47:00-04:00,1.9800000190734863,1.9900000095367432,1.9800000190734863,1.9800000190734863,11821
2026-07-17 12:48:00-04:00,1.9850000143051147,2.0,1.9801000356674194,1.9900000095367432,127877
2026-07-17 12:49:00-04:00,1.9950000047683716,2.0,1.9900000095367432,2.0,89586
2026-07-17 12:50:00-04:00,1.9950000047683716,2.0,1.9900000095367432,1.9950000047683716,40300
2026-07-17 12:51:00-04:00,1.9950000047683716,2.0183000564575195,1.9901000261306763,2.015000104904175,174808
2026-07-17 12:52:00-04:00,2.015000104904175,2.0199999809265137,1.9850000143051147,1.9850000143051147,266407
2026-07-17 12:53:00-04:00,1.9850000143051147,1.98989999294281,1.975000023841858,1.975000023841858,68706
2026-07-17 12:54:00-04:00,1.975000023841858,1.9800000190734863,1.975000023841858,1.975000023841858,20732
2026-07-17 12:55:00-04:00,1.975000023841858,1.9850000143051147,1.975000023841858,1.9800000190734863,49155
2026-07-17 12:56:00-04:00,1.982300043106079,1.982300043106079,1.9700000286102295,1.9700000286102295,57766
2026-07-17 12:57:00-04:00,1.97353994846344,1.9788999557495117,1.9700000286102295,1.9745999574661255,11536
2026-07-17 12:58:00-04:00,1.975000023841858,1.9800000190734863,1.975000023841858,1.9797999858856201,17268
2026-07-17 12:59:00-04:00,1.975000023841858,1.9800000190734863,1.973099946975708,1.975000023841858,151057
2026-07-17 13:00:00-04:00,1.975000023841858,1.9800000190734863,1.975000023841858,1.9800000190734863,58139
2026-07-17 13:01:00-04:00,1.9773000478744507,1.9900000095367432,1.975000023841858,1.9850000143051147,163575
2026-07-17 13:02:00-04:00,1.9850000143051147,1.9850000143051147,1.9800000190734863,1.9800000190734863,58461
2026-07-17 13:03:00-04:00,1.9850000143051147,1.9876999855041504,1.975000023841858,1.9876999855041504,56541
2026-07-17 13:04:00-04:00,1.9850000143051147,1.9900000095367432,1.9800000190734863,1.9800000190734863,9049
2026-07-17 13:05:00-04:00,1.9800000190734863,1.9900000095367432,1.9800000190734863,1.9874000549316406,8535
2026-07-17 13:06:00-04:00,1.9900000095367432,1.9900000095367432,1.9800000190734863,1.9801000356674194,7999
2026-07-17 13:07:00-04:00,1.9850000143051147,1.9900000095367432,1.9850000143051147,1.9900000095367432,5120
2026-07-17 13:08:00-04:00,1.9850000143051147,1.9850000143051147,1.9850000143051147,1.9850000143051147,15786
2026-07-17 13:09:00-04:00,1.9850000143051147,1.9890999794006348,1.9800000190734863,1.9850000143051147,15174
2026-07-17 13:10:00-04:00,1.9800000190734863,1.9895000457763672,1.9800000190734863,1.9850000143051147,19192
2026-07-17 13:11:00-04:00,1.9850000143051147,1.9867000579833984,1.982300043106079,1.9850000143051147,14931
2026-07-17 13:12:00-04:00,1.9850000143051147,1.9900000095367432,1.9800000190734863,1.9850000143051147,44920
2026-07-17 13:13:00-04:00,1.9800000190734863,1.9850000143051147,1.9800000190734863,1.9800000190734863,27183
2026-07-17 13:14:00-04:00,1.9850000143051147,1.9900000095367432,1.9800000190734863,1.9850000143051147,8498
2026-07-17 13:15:00-04:00,1.9800000190734863,1.9850000143051147,1.9800000190734863,1.9800000190734863,167048
2026-07-17 13:16:00-04:00,1.9800000190734863,1.9850000143051147,1.9700000286102295,1.9800000190734863,162371
2026-07-17 13:17:00-04:00,1.9800000190734863,1.9850000143051147,1.9800000190734863,1.980299949645996,21476
2026-07-17 13:18:00-04:00,1.982699990272522,1.9900000095367432,1.9800000190734863,1.9810999631881714,38723
2026-07-17 13:19:00-04:00,1.9850000143051147,1.9874000549316406,1.9700000286102295,1.975000023841858,82664
2026-07-17 13:20:00-04:00,1.975000023841858,1.975600004196167,1.975000023841858,1.975600004196167,4634
2026-07-17 13:21:00-04:00,1.975000023841858,1.9800000190734863,1.9700000286102295,1.9761409759521484,13565
2026-07-17 13:22:00-04:00,1.9784679412841797,1.9799000024795532,1.9700000286102295,1.975000023841858,11421
2026-07-17 13:23:00-04:00,1.9700000286102295,1.9799000024795532,1.9700000286102295,1.975000023841858,10270
2026-07-17 13:24:00-04:00,1.975000023841858,1.975000023841858,1.9700000286102295,1.975000023841858,20250
2026-07-17 13:25:00-04:00,1.975000023841858,1.9799000024795532,1.9700000286102295,1.975000023841858,8717
2026-07-17 13:26:00-04:00,1.9700000286102295,1.975000023841858,1.9700000286102295,1.975000023841858,16027
2026-07-17 13:27:00-04:00,1.975000023841858,1.9800000190734863,1.9700000286102295,1.975000023841858,14076
2026-07-17 13:28:00-04:00,1.975000023841858,1.9800000190734863,1.975000023841858,1.975000023841858,8770
2026-07-17 13:29:00-04:00,1.975000023841858,1.9800000190734863,1.9708000421524048,1.975000023841858,8982
2026-07-17 13:30:00-04:00,1.975000023841858,1.9759999513626099,1.9700000286102295,1.9700000286102295,4918
2026-07-17 13:31:00-04:00,1.975000023841858,1.9800000190734863,1.9700000286102295,1.9708000421524048,10318
2026-07-17 13:32:00-04:00,1.975000023841858,1.9786560535430908,1.9700000286102295,1.975000023841858,8659
2026-07-17 13:33:00-04:00,1.975000023841858,1.9800000190734863,1.975000023841858,1.9773000478744507,99964
2026-07-17 13:34:00-04:00,1.9799000024795532,1.986899971961975,1.979599952697754,1.9846999645233154,117909
2026-07-17 13:35:00-04:00,1.989300012588501,1.98989999294281,1.9850000143051147,1.9850000143051147,9086
2026-07-17 13:36:00-04:00,1.9800000190734863,1.9900000095367432,1.9800000190734863,1.9850000143051147,24825
2026-07-17 13:37:00-04:00,1.9824999570846558,1.9900000095367432,1.9800000190734863,1.9850000143051147,18303
2026-07-17 13:38:00-04:00,1.9850000143051147,1.9871000051498413,1.9800000190734863,1.9853999614715576,14048
2026-07-17 13:39:00-04:00,1.98989999294281,1.98989999294281,1.9800000190734863,1.9850000143051147,19980
2026-07-17 13:40:00-04:00,1.9800000190734863,1.98989999294281,1.9800000190734863,1.9850000143051147,10047
2026-07-17 13:41:00-04:00,1.9850000143051147,1.98989999294281,1.9801000356674194,1.9874999523162842,24820
2026-07-17 13:42:00-04:00,1.9800000190734863,1.9850000143051147,1.9800000190734863,1.9800000190734863,35237
2026-07-17 13:43:00-04:00,1.9823999404907227,1.9850000143051147,1.9800000190734863,1.9850000143051147,35520
2026-07-17 13:44:00-04:00,1.9850000143051147,1.98989999294281,1.975000023841858,1.9799000024795532,96356
2026-07-17 13:45:00-04:00,1.975000023841858,1.9799000024795532,1.9700000286102295,1.975000023841858,32447
2026-07-17 13:46:00-04:00,1.9799000024795532,1.9800000190734863,1.975000023841858,1.9800000190734863,8387
2026-07-17 13:47:00-04:00,1.9797999858856201,1.9797999858856201,1.975000023841858,1.975000023841858,6494
2026-07-17 13:48:00-04:00,1.975000023841858,1.9799000024795532,1.975000023841858,1.975000023841858,16956
2026-07-17 13:49:00-04:00,1.9776999950408936,1.9793000221252441,1.9700000286102295,1.975000023841858,10322
2026-07-17 13:50:00-04:00,1.975000023841858,1.9800000190734863,1.975000023841858,1.975000023841858,13266
2026-07-17 13:51:00-04:00,1.975000023841858,1.9797999858856201,1.9723000526428223,1.975000023841858,11474
2026-07-17 13:52:00-04:00,1.975000023841858,1.9800000190734863,1.9700000286102295,1.975000023841858,11884
2026-07-17 13:53:00-04:00,1.9700000286102295,1.9866000413894653,1.9700000286102295,1.9850000143051147,66026
2026-07-17 13:54:00-04:00,1.9850000143051147,1.9881999492645264,1.9850000143051147,1.9850000143051147,16959
2026-07-17 13:55:00-04:00,1.9850000143051147,1.9850000143051147,1.975000023841858,1.975000023841858,135135
2026-07-17 13:56:00-04:00,1.9800000190734863,1.9878000020980835,1.9800000190734863,1.9850000143051147,44192
2026-07-17 13:57:00-04:00,1.9801000356674194,1.9851000308990479,1.975000023841858,1.9850000143051147,85782
2026-07-17 13:58:00-04:00,1.982300043106079,1.9850000143051147,1.9800000190734863,1.9800000190734863,24678
2026-07-17 13:59:00-04:00,1.9800000190734863,1.9850000143051147,1.9700000286102295,1.975000023841858,143847
2026-07-17 14:00:00-04:00,1.975000023841858,1.9800000190734863,1.9700000286102295,1.9800000190734863,8892
2026-07-17 14:01:00-04:00,1.9800000190734863,1.9800000190734863,1.9700000286102295,1.9731999635696411,62787
2026-07-17 14:02:00-04:00,1.975000023841858,1.9768999814987183,1.965000033378601,1.9716999530792236,172667
2026-07-17 14:03:00-04:00,1.975000023841858,1.975000023841858,1.9600000381469727,1.9601000547409058,75967
2026-07-17 14:04:00-04:00,1.965000033378601,1.9700000286102295,1.9600000381469727,1.9637000560760498,54982
2026-07-17 14:05:00-04:00,1.9600000381469727,1.9600000381469727,1.940000057220459,1.9550000429153442,344339
2026-07-17 14:06:00-04:00,1.9572999477386475,1.9700000286102295,1.9550000429153442,1.9550000429153442,143453
2026-07-17 14:07:00-04:00,1.9599000215530396,1.9600000381469727,1.9500000476837158,1.9577000141143799,13154
2026-07-17 14:08:00-04:00,1.9600000381469727,1.9600000381469727,1.9500000476837158,1.9550000429153442,94895
2026-07-17 14:09:00-04:00,1.9550000429153442,1.9600000381469727,1.9550000429153442,1.9600000381469727,8415
2026-07-17 14:10:00-04:00,1.9600000381469727,1.9600000381469727,1.9550000429153442,1.955399990081787,14845
2026-07-17 14:11:00-04:00,1.9550000429153442,1.9599000215530396,1.9550000429153442,1.9599000215530396,3834
2026-07-17 14:12:00-04:00,1.9577000141143799,1.9577000141143799,1.9500000476837158,1.9550000429153442,17258
2026-07-17 14:13:00-04:00,1.9550000429153442,1.9600000381469727,1.9500000476837158,1.9600000381469727,13069
2026-07-17 14:14:00-04:00,1.9550000429153442,1.9600000381469727,1.9500000476837158,1.9500000476837158,6806
2026-07-17 14:15:00-04:00,1.9550000429153442,1.9600000381469727,1.9500000476837158,1.9500999450683594,30248
2026-07-17 14:16:00-04:00,1.9500000476837158,1.955399990081787,1.943600058555603,1.9500999450683594,170681
2026-07-17 14:17:00-04:00,1.9500000476837158,1.9577000141143799,1.9500000476837158,1.9550000429153442,39185
2026-07-17 14:18:00-04:00,1.9500000476837158,1.9523999691009521,1.9500000476837158,1.9523999691009521,5660
2026-07-17 14:19:00-04:00,1.9507999420166016,1.9507999420166016,1.940000057220459,1.9500000476837158,94571
2026-07-17 14:20:00-04:00,1.9450000524520874,1.9493999481201172,1.934999942779541,1.9450000524520874,129325
2026-07-17 14:21:00-04:00,1.9450000524520874,1.9500000476837158,1.940000057220459,1.9500000476837158,10762
2026-07-17 14:22:00-04:00,1.9450000524520874,1.9500000476837158,1.940000057220459,1.9450000524520874,32737
2026-07-17 14:23:00-04:00,1.9422999620437622,1.9450000524520874,1.940000057220459,1.9450000524520874,42351
2026-07-17 14:24:00-04:00,1.940000057220459,1.9500000476837158,1.940000057220459,1.9499000310897827,8643
2026-07-17 14:25:00-04:00,1.9450000524520874,1.9459999799728394,1.940000057220459,1.940000057220459,31991
2026-07-17 14:26:00-04:00,1.940000057220459,1.9500000476837158,1.940000057220459,1.940000057220459,94036
2026-07-17 14:27:00-04:00,1.9450000524520874,1.9500000476837158,1.940000057220459,1.940000057220459,51978
2026-07-17 14:28:00-04:00,1.940000057220459,1.9500000476837158,1.940000057220459,1.9499000310897827,9653
2026-07-17 14:29:00-04:00,1.9450000524520874,1.9500000476837158,1.940000057220459,1.940000057220459,18860
2026-07-17 14:30:00-04:00,1.9450000524520874,1.9450000524520874,1.9450000524520874,1.9450000524520874,5364
2026-07-17 14:31:00-04:00,1.9450000524520874,1.9500000476837158,1.9400999546051025,1.9500000476837158,34739
2026-07-17 14:32:00-04:00,1.9450000524520874,1.9500000476837158,1.9450000524520874,1.9450000524520874,51227
2026-07-17 14:33:00-04:00,1.9422999620437622,1.9500000476837158,1.940000057220459,1.9450000524520874,22580
2026-07-17 14:34:00-04:00,1.940000057220459,1.9500000476837158,1.940000057220459,1.9450000524520874,18511
2026-07-17 14:35:00-04:00,1.940000057220459,1.9500000476837158,1.940000057220459,1.9450000524520874,7908
2026-07-17 14:36:00-04:00,1.9450000524520874,1.9500000476837158,1.9450000524520874,1.9450000524520874,16116
2026-07-17 14:37:00-04:00,1.940000057220459,1.9488999843597412,1.940000057220459,1.9450000524520874,13286
2026-07-17 14:38:00-04:00,1.940000057220459,1.9499000310897827,1.940000057220459,1.9436999559402466,8505
2026-07-17 14:39:00-04:00,1.940000057220459,1.9450000524520874,1.9333000183105469,1.934999942779541,118545
2026-07-17 14:40:00-04:00,1.940000057220459,1.940000057220459,1.934999942779541,1.934999942779541,26262
2026-07-17 14:41:00-04:00,1.9399000406265259,1.9399000406265259,1.9300999641418457,1.934999942779541,21698
2026-07-17 14:42:00-04:00,1.934999942779541,1.9378000497817993,1.9299999475479126,1.934999942779541,8157
2026-07-17 14:43:00-04:00,1.934999942779541,1.9450000524520874,1.934999942779541,1.9400999546051025,58543
2026-07-17 14:44:00-04:00,1.9499000310897827,1.9499000310897827,1.940000057220459,1.9499000310897827,8170
2026-07-17 14:45:00-04:00,1.940000057220459,1.9500000476837158,1.940000057220459,1.9431999921798706,8060
2026-07-17 14:46:00-04:00,1.940000057220459,1.940000057220459,1.9299999475479126,1.9299999475479126,33540
2026-07-17 14:47:00-04:00,1.9399000406265259,1.940000057220459,1.930299997329712,1.9342999458312988,125153
2026-07-17 14:48:00-04:00,1.940000057220459,1.940000057220459,1.930799961090088,1.940000057220459,21932
2026-07-17 14:49:00-04:00,1.940000057220459,1.9492000341415405,1.934999942779541,1.9450000524520874,54780
2026-07-17 14:50:00-04:00,1.940000057220459,1.9500000476837158,1.940000057220459,1.9450000524520874,44564
2026-07-17 14:51:00-04:00,1.9450000524520874,1.9499000310897827,1.9402999877929688,1.9499000310897827,10494
2026-07-17 14:52:00-04:00,1.9471999406814575,1.9500000476837158,1.940000057220459,1.9500000476837158,31742
2026-07-17 14:53:00-04:00,1.9424999952316284,1.9464000463485718,1.940000057220459,1.940000057220459,7503
2026-07-17 14:54:00-04:00,1.9455000162124634,1.9500000476837158,1.9450000524520874,1.9450000524520874,4521
2026-07-17 14:55:00-04:00,1.9450000524520874,1.9500000476837158,1.9400999546051025,1.9499000310897827,19594
2026-07-17 14:56:00-04:00,1.9500000476837158,1.9500000476837158,1.9450000524520874,1.9500000476837158,5022
2026-07-17 14:57:00-04:00,1.9450000524520874,1.9500000476837158,1.940000057220459,1.9500000476837158,90513
2026-07-17 14:58:00-04:00,1.9450000524520874,1.9500000476837158,1.9450000524520874,1.9500000476837158,40765
2026-07-17 14:59:00-04:00,1.9500000476837158,1.9500000476837158,1.9422999620437622,1.9450000524520874,72354
2026-07-17 15:00:00-04:00,1.940000057220459,1.9500000476837158,1.940000057220459,1.9450000524520874,20639
2026-07-17 15:01:00-04:00,1.9450000524520874,1.9500000476837158,1.9299999475479126,1.9299999475479126,79364
2026-07-17 15:02:00-04:00,1.940000057220459,1.940000057220459,1.9299999475479126,1.934999942779541,85831
2026-07-17 15:03:00-04:00,1.9300999641418457,1.940000057220459,1.9299999475479126,1.940000057220459,72986
2026-07-17 15:04:00-04:00,1.940000057220459,1.9500000476837158,1.9299999475479126,1.934999942779541,66184
2026-07-17 15:05:00-04:00,1.9377000331878662,1.940000057220459,1.9299999475479126,1.9399000406265259,10434
2026-07-17 15:06:00-04:00,1.934999942779541,1.940000057220459,1.9299999475479126,1.934999942779541,16686
2026-07-17 15:07:00-04:00,1.934999942779541,1.940000057220459,1.9299999475479126,1.934999942779541,11203
2026-07-17 15:08:00-04:00,1.9345999956130981,1.9399000406265259,1.9299999475479126,1.9299999475479126,7875
2026-07-17 15:09:00-04:00,1.934999942779541,1.9399000406265259,1.9299999475479126,1.9299999475479126,9689
2026-07-17 15:10:00-04:00,1.934999942779541,1.9399000406265259,1.9299999475479126,1.934999942779541,75503
2026-07-17 15:11:00-04:00,1.9299999475479126,1.940000057220459,1.9299999475479126,1.9299999475479126,42189
2026-07-17 15:12:00-04:00,1.934999942779541,1.934999942779541,1.9299999475479126,1.9299999475479126,9496
2026-07-17 15:13:00-04:00,1.9299999475479126,1.940000057220459,1.9299999475479126,1.934999942779541,11578
2026-07-17 15:14:00-04:00,1.9299999475479126,1.934999942779541,1.9299999475479126,1.9299999475479126,13652
2026-07-17 15:15:00-04:00,1.9299999475479126,1.940000057220459,1.9299999475479126,1.934999942779541,22789
2026-07-17 15:16:00-04:00,1.934999942779541,1.934999942779541,1.9299999475479126,1.934999942779541,31440
2026-07-17 15:17:00-04:00,1.9299999475479126,1.940000057220459,1.9299999475479126,1.934999942779541,54423
2026-07-17 15:18:00-04:00,1.9299999475479126,1.934999942779541,1.9299999475479126,1.9299999475479126,18263
2026-07-17 15:19:00-04:00,1.9299999475479126,1.940000057220459,1.9299999475479126,1.934999942779541,59027
2026-07-17 15:20:00-04:00,1.940000057220459,1.940000057220459,1.9299999475479126,1.9299999475479126,57672
2026-07-17 15:21:00-04:00,1.9299999475479126,1.9395999908447266,1.9299999475479126,1.934999942779541,15058
2026-07-17 15:22:00-04:00,1.933500051498413,1.9366999864578247,1.9299999475479126,1.9322999715805054,6186
2026-07-17 15:23:00-04:00,1.9299999475479126,1.940000057220459,1.9299999475479126,1.9355000257492065,39047
2026-07-17 15:24:00-04:00,1.9299999475479126,1.940000057220459,1.9299999475479126,1.934999942779541,5984
2026-07-17 15:25:00-04:00,1.9337999820709229,1.940000057220459,1.9337999820709229,1.934999942779541,17915
2026-07-17 15:26:00-04:00,1.934999942779541,1.940000057220459,1.9299999475479126,1.940000057220459,44367
2026-07-17 15:27:00-04:00,1.934999942779541,1.9399000406265259,1.9299999475479126,1.934999942779541,13946
2026-07-17 15:28:00-04:00,1.934999942779541,1.940000057220459,1.934999942779541,1.934999942779541,26164
2026-07-17 15:29:00-04:00,1.9299999475479126,1.9499000310897827,1.9299999475479126,1.9450000524520874,72627
2026-07-17 15:30:00-04:00,1.9450000524520874,1.9450000524520874,1.9299999475479126,1.9299999475479126,189853
2026-07-17 15:31:00-04:00,1.9398000240325928,1.940000057220459,1.9299999475479126,1.9299999475479126,23564
2026-07-17 15:32:00-04:00,1.938099980354309,1.9399000406265259,1.9299999475479126,1.9300999641418457,90221
2026-07-17 15:33:00-04:00,1.9299999475479126,1.9299999475479126,1.9199999570846558,1.9199999570846558,145215
2026-07-17 15:34:00-04:00,1.9249999523162842,1.9299999475479126,1.9149999618530273,1.9249999523162842,814236
2026-07-17 15:35:00-04:00,1.9199999570846558,1.9299999475479126,1.9149999618530273,1.9149999618530273,155180
2026-07-17 15:36:00-04:00,1.9149999618530273,1.9199999570846558,1.909999966621399,1.9199999570846558,37287
2026-07-17 15:37:00-04:00,1.913699984550476,1.9198999404907227,1.909999966621399,1.9149999618530273,117559
2026-07-17 15:38:00-04:00,1.9149999618530273,1.9198999404907227,1.909999966621399,1.909999966621399,24925
2026-07-17 15:39:00-04:00,1.909999966621399,1.9199999570846558,1.909999966621399,1.9199999570846558,449788
2026-07-17 15:40:00-04:00,1.909999966621399,1.9198999404907227,1.909999966621399,1.9149999618530273,36775
2026-07-17 15:41:00-04:00,1.9149999618530273,1.9199999570846558,1.909999966621399,1.910099983215332,35437
2026-07-17 15:42:00-04:00,1.9199999570846558,1.9299999475479126,1.909999966621399,1.9249999523162842,597789
2026-07-17 15:43:00-04:00,1.9249999523162842,1.929800033569336,1.909999966621399,1.9199999570846558,143144
2026-07-17 15:44:00-04:00,1.9199999570846558,1.9299999475479126,1.9199999570846558,1.9249999523162842,159994
2026-07-17 15:45:00-04:00,1.9261000156402588,1.9261000156402588,1.9199999570846558,1.922700047492981,33075
2026-07-17 15:46:00-04:00,1.9199999570846558,1.9299999475479126,1.9199999570846558,1.9199999570846558,95917
2026-07-17 15:47:00-04:00,1.9249999523162842,1.9299999475479126,1.9199999570846558,1.9249999523162842,86803
2026-07-17 15:48:00-04:00,1.9249999523162842,1.929900050163269,1.909999966621399,1.9198999404907227,406614
2026-07-17 15:49:00-04:00,1.9149999618530273,1.9199999570846558,1.899999976158142,1.9049999713897705,239253
2026-07-17 15:50:00-04:00,1.9049999713897705,1.909999966621399,1.899999976158142,1.9049999713897705,398107
2026-07-17 15:51:00-04:00,1.899999976158142,1.909999966621399,1.899999976158142,1.9049999713897705,405770
2026-07-17 15:52:00-04:00,1.9049999713897705,1.909999966621399,1.899999976158142,1.9049999713897705,142175
2026-07-17 15:53:00-04:00,1.899999976158142,1.9199999570846558,1.899999976158142,1.9149999618530273,207139
2026-07-17 15:54:00-04:00,1.9149999618530273,1.9199999570846558,1.909999966621399,1.909999966621399,70461
2026-07-17 15:55:00-04:00,1.909999966621399,1.9199999570846558,1.909999966621399,1.9199999570846558,110737
2026-07-17 15:56:00-04:00,1.9149999618530273,1.940000057220459,1.9149999618530273,1.934999942779541,637261
2026-07-17 15:57:00-04:00,1.934999942779541,1.940000057220459,1.9299999475479126,1.934999942779541,325399
2026-07-17 15:58:00-04:00,1.934999942779541,1.940000057220459,1.9149999618530273,1.9249999523162842,719598
2026-07-17 15:59:00-04:00,1.9249999523162842,1.934999942779541,1.9199999570846558,1.9199999570846558,1102446
2026-07-17 16:00:00-04:00,1.925,1.94,1.916,1.94,1382093
2026-07-17 16:01:00-04:00,1.9294,1.94,1.91,1.92,0
2026-07-17 16:02:00-04:00,1.9293,1.93,1.926,1.93,0
2026-07-17 16:03:00-04:00,1.93,1.93,1.91,1.92,0
2026-07-17 16:04:00-04:00,1.9198,1.94,1.91,1.94,0
2026-07-17 16:05:00-04:00,1.9285,1.93,1.92,1.9203,0
2026-07-17 16:06:00-04:00,1.9299,1.93,1.9201,1.93,0
2026-07-17 16:07:00-04:00,1.93,1.93,1.9295,1.9299,0
2026-07-17 16:08:00-04:00,1.93,1.93,1.9297,1.93,0
2026-07-17 16:09:00-04:00,1.9297,1.93,1.92,1.93,0
2026-07-17 16:10:00-04:00,1.94,1.94,1.9201,1.93,0
2026-07-17 16:11:00-04:00,1.9297,1.93,1.9297,1.93,0
2026-07-17 16:12:00-04:00,1.93,1.93,1.92,1.9298,0
2026-07-17 16:13:00-04:00,1.93,1.93,1.92,1.93,0
2026-07-17 16:14:00-04:00,1.93,1.93,1.9203,1.9285,0
2026-07-17 16:15:00-04:00,1.9202,1.93,1.9202,1.93,0
2026-07-17 16:16:00-04:00,1.9297,1.93,1.92,1.92,0
2026-07-17 16:17:00-04:00,1.9203,1.93,1.9201,1.93,0
2026-07-17 16:18:00-04:00,1.93,1.93,1.92,1.9296,0
2026-07-17 16:19:00-04:00,1.915,1.93,1.915,1.9203,0
2026-07-17 16:20:00-04:00,1.93,1.93,1.9215,1.93,0
2026-07-17 16:21:00-04:00,1.93,1.93,1.925,1.9292,0
2026-07-17 16:22:00-04:00,1.93,1.93,1.9299,1.9299,0
2026-07-17 16:23:00-04:00,1.9206,1.93,1.9206,1.929,0
2026-07-17 16:24:00-04:00,1.9201,1.93,1.92,1.93,0
2026-07-17 16:25:00-04:00,1.93,1.93,1.93,1.93,0
2026-07-17 16:26:00-04:00,1.93,1.93,1.92,1.93,0
2026-07-17 16:27:00-04:00,1.9297,1.93,1.9213,1.9297,0
2026-07-17 16:28:00-04:00,1.93,1.93,1.9289,1.9289,0
2026-07-17 16:29:00-04:00,1.9289,1.929,1.9289,1.929,0
2026-07-17 16:30:00-04:00,1.93,1.93,1.92,1.92,0
2026-07-17 16:31:00-04:00,1.929,1.929,1.929,1.929,0
2026-07-17 16:32:00-04:00,1.9297,1.9298,1.9287,1.9287,0
2026-07-17 16:34:00-04:00,1.93,1.93,1.9208,1.93,0
2026-07-17 16:35:00-04:00,1.93,1.93,1.9298,1.93,0
2026-07-17 16:36:00-04:00,1.93,1.93,1.9299,1.93,0
2026-07-17 16:37:00-04:00,1.93,1.93,1.93,1.93,0
2026-07-17 16:38:00-04:00,1.93,1.93,1.92,1.92,0
2026-07-17 16:39:00-04:00,1.9212,1.929,1.9202,1.929,0
2026-07-17 16:40:00-04:00,1.93,1.93,1.9297,1.9297,0
2026-07-17 16:41:00-04:00,1.9299,1.9299,1.9201,1.9201,0
2026-07-17 16:42:00-04:00,1.93,1.93,1.9213,1.9217,0
2026-07-17 16:43:00-04:00,1.93,1.93,1.9287,1.9287,0
2026-07-17 16:44:00-04:00,1.9203,1.93,1.9203,1.93,0
2026-07-17 16:45:00-04:00,1.93,1.93,1.929,1.929,0
2026-07-17 16:46:00-04:00,1.92,1.93,1.92,1.9287,0
2026-07-17 16:47:00-04:00,1.9299,1.9299,1.9299,1.9299,0
2026-07-17 16:48:00-04:00,1.9287,1.9287,1.9203,1.9203,0
2026-07-17 16:49:00-04:00,1.9285,1.93,1.9203,1.93,0
2026-07-17 16:50:00-04:00,1.9217,1.93,1.92,1.93,0
2026-07-17 16:51:00-04:00,1.9288,1.9288,1.9288,1.9288,0
2026-07-17 16:52:00-04:00,1.9297,1.94,1.92,1.92,0
2026-07-17 16:53:00-04:00,1.9297,1.93,1.9201,1.93,0
2026-07-17 16:54:00-04:00,1.93,1.93,1.9299,1.9299,0
2026-07-17 16:55:00-04:00,1.9299,1.93,1.92,1.9215,0
2026-07-17 16:56:00-04:00,1.9298,1.93,1.9203,1.9203,0
2026-07-17 16:57:00-04:00,1.9298,1.93,1.9298,1.93,0
2026-07-17 16:58:00-04:00,1.9204,1.93,1.92,1.93,0
2026-07-17 16:59:00-04:00,1.93,1.93,1.9299,1.9299,0
2026-07-17 17:00:00-04:00,1.9299,1.93,1.9296,1.93,0
2026-07-17 17:01:00-04:00,1.93,1.9383,1.9297,1.9383,0
2026-07-17 17:02:00-04:00,1.94,1.94,1.93,1.94,0
2026-07-17 17:03:00-04:00,1.94,1.94,1.94,1.94,0
2026-07-17 17:04:00-04:00,1.94,1.94,1.9385,1.9385,0
2026-07-17 17:05:00-04:00,1.9385,1.9385,1.9385,1.9385,0
2026-07-17 17:06:00-04:00,1.94,1.94,1.9385,1.94,0
2026-07-17 17:08:00-04:00,1.94,1.94,1.9399,1.94,0
2026-07-17 17:09:00-04:00,1.94,1.94,1.9399,1.94,0
2026-07-17 17:10:00-04:00,1.9397,1.94,1.9397,1.9398,0
2026-07-17 17:11:00-04:00,1.9398,1.94,1.9398,1.94,0
2026-07-17 17:12:00-04:00,1.9399,1.94,1.9385,1.94,0
2026-07-17 17:14:00-04:00,1.9398,1.9398,1.9398,1.9398,0
2026-07-17 17:15:00-04:00,1.94,1.94,1.94,1.94,0
2026-07-17 17:16:00-04:00,1.93,1.9302,1.93,1.9302,0
2026-07-17 17:17:00-04:00,1.94,1.94,1.9393,1.9393,0
2026-07-17 17:18:00-04:00,1.94,1.94,1.93,1.9399,0
2026-07-17 17:19:00-04:00,1.94,1.94,1.9399,1.94,0
2026-07-17 17:20:00-04:00,1.94,1.94,1.93,1.93,0
2026-07-17 17:21:00-04:00,1.93,1.94,1.93,1.94,0
2026-07-17 17:22:00-04:00,1.94,1.95,1.94,1.95,0
2026-07-17 17:24:00-04:00,1.9331,1.94,1.9331,1.94,0
2026-07-17 17:26:00-04:00,1.945,1.945,1.945,1.945,0
2026-07-17 17:27:00-04:00,1.9485,1.9485,1.945,1.945,0
2026-07-17 17:28:00-04:00,1.94,1.95,1.94,1.95,0
2026-07-17 17:29:00-04:00,1.9403,1.95,1.9403,1.945,0
2026-07-17 17:30:00-04:00,1.95,1.95,1.945,1.945,0
2026-07-17 17:32:00-04:00,1.95,1.95,1.9499,1.9499,0
2026-07-17 17:33:00-04:00,1.95,1.95,1.9485,1.95,0
2026-07-17 17:34:00-04:00,1.95,1.95,1.9499,1.9499,0
2026-07-17 17:35:00-04:00,1.9497,1.95,1.9497,1.9499,0
2026-07-17 17:36:00-04:00,1.9403,1.95,1.9403,1.95,0
2026-07-17 17:37:00-04:00,1.96,1.96,1.96,1.96,0
2026-07-17 17:38:00-04:00,1.96,1.96,1.95,1.95,0
2026-07-17 17:39:00-04:00,1.9515,1.96,1.9503,1.9503,0
2026-07-17 17:40:00-04:00,1.95,1.95,1.95,1.95,0
2026-07-17 17:41:00-04:00,1.95,1.95,1.95,1.95,0
2026-07-17 17:42:00-04:00,1.9503,1.96,1.95,1.96,0
2026-07-17 17:43:00-04:00,1.95,1.95,1.95,1.95,0
2026-07-17 17:44:00-04:00,1.95,1.96,1.95,1.96,0
2026-07-17 17:45:00-04:00,1.96,1.96,1.9599,1.96,0
2026-07-17 17:46:00-04:00,1.96,1.96,1.9599,1.96,0
2026-07-17 17:47:00-04:00,1.96,1.96,1.95,1.95,0
2026-07-17 17:48:00-04:00,1.96,1.96,1.9501,1.96,0
2026-07-17 17:49:00-04:00,1.9597,1.96,1.9597,1.96,0
2026-07-17 17:50:00-04:00,1.9599,1.9599,1.955,1.9599,0
2026-07-17 17:51:00-04:00,1.95,1.96,1.95,1.95,0
2026-07-17 17:53:00-04:00,1.9598,1.9598,1.9598,1.9598,0
2026-07-17 17:54:00-04:00,1.96,1.96,1.96,1.96,0
2026-07-17 17:55:00-04:00,1.95,1.96,1.95,1.96,0
2026-07-17 17:57:00-04:00,1.9599,1.96,1.9599,1.96,0
2026-07-17 17:58:00-04:00,1.95,1.96,1.95,1.95,0
2026-07-17 17:59:00-04:00,1.96,1.96,1.95,1.95,0
2026-07-17 18:00:00-04:00,1.959,1.959,1.959,1.959,0
2026-07-17 18:01:00-04:00,1.9503,1.96,1.9503,1.96,0
2026-07-17 18:04:00-04:00,1.95,1.95,1.95,1.95,0
2026-07-17 18:05:00-04:00,1.95,1.96,1.95,1.96,0
2026-07-17 18:06:00-04:00,1.96,1.96,1.9599,1.9599,0
2026-07-17 18:07:00-04:00,1.9597,1.9597,1.9597,1.9597,0
2026-07-17 18:08:00-04:00,1.96,1.96,1.96,1.96,0
2026-07-17 18:09:00-04:00,1.9597,1.97,1.9597,1.97,0
2026-07-17 18:10:00-04:00,1.97,1.97,1.97,1.97,0
2026-07-17 18:11:00-04:00,1.97,1.97,1.97,1.97,0
2026-07-17 18:12:00-04:00,1.97,1.97,1.96,1.97,0
2026-07-17 18:13:00-04:00,1.97,1.97,1.9699,1.97,0
2026-07-17 18:14:00-04:00,1.97,1.97,1.969,1.969,0
2026-07-17 18:15:00-04:00,1.9685,1.9685,1.96,1.965,0
2026-07-17 18:16:00-04:00,1.97,1.97,1.97,1.97,0
2026-07-17 18:17:00-04:00,1.9685,1.97,1.96,1.965,0
2026-07-17 18:18:00-04:00,1.97,1.97,1.9601,1.97,0
2026-07-17 18:19:00-04:00,1.9685,1.97,1.9685,1.97,0
2026-07-17 18:20:00-04:00,1.97,1.97,1.96,1.96,0
2026-07-17 18:22:00-04:00,1.97,1.97,1.9615,1.9615,0
2026-07-17 18:23:00-04:00,1.97,1.97,1.9603,1.9603,0
2026-07-17 18:24:00-04:00,1.97,1.97,1.9615,1.9699,0
2026-07-17 18:25:00-04:00,1.97,1.97,1.96,1.97,0
2026-07-17 18:26:00-04:00,1.97,1.97,1.965,1.97,0
2026-07-17 18:27:00-04:00,1.97,1.97,1.97,1.97,0
2026-07-17 18:28:00-04:00,1.96,1.96,1.96,1.96,0
2026-07-17 18:29:00-04:00,1.96,1.96,1.96,1.96,0
2026-07-17 18:30:00-04:00,1.97,1.97,1.9602,1.965,0
2026-07-17 18:31:00-04:00,1.965,1.965,1.965,1.965,0
2026-07-17 18:32:00-04:00,1.97,1.97,1.97,1.97,0
2026-07-17 18:33:00-04:00,1.97,1.97,1.96,1.9699,0
2026-07-17 18:34:00-04:00,1.9615,1.9615,1.96,1.96,0
2026-07-17 18:35:00-04:00,1.9697,1.97,1.9697,1.97,0
2026-07-17 18:36:00-04:00,1.965,1.965,1.965,1.965,0
2026-07-17 18:37:00-04:00,1.9602,1.97,1.9602,1.97,0
2026-07-17 18:38:00-04:00,1.9699,1.97,1.9601,1.9699,0
2026-07-17 18:39:00-04:00,1.97,1.97,1.968,1.968,0
2026-07-17 18:40:00-04:00,1.97,1.97,1.9697,1.9697,0
2026-07-17 18:41:00-04:00,1.9699,1.97,1.9699,1.97,0
2026-07-17 18:42:00-04:00,1.965,1.97,1.965,1.97,0
2026-07-17 18:43:00-04:00,1.98,1.98,1.98,1.98,0
2026-07-17 18:44:00-04:00,1.98,1.98,1.97,1.98,0
2026-07-17 18:45:00-04:00,1.98,1.98,1.97,1.9701,0
2026-07-17 18:46:00-04:00,1.98,1.98,1.97,1.98,0
2026-07-17 18:47:00-04:00,1.98,1.98,1.98,1.98,0
2026-07-17 18:48:00-04:00,1.98,1.98,1.9797,1.9798,0
2026-07-17 18:49:00-04:00,1.98,1.98,1.98,1.98,0
2026-07-17 18:50:00-04:00,1.9797,1.9797,1.9797,1.9797,0
2026-07-17 18:51:00-04:00,1.97,1.9701,1.97,1.9701,0
2026-07-17 18:52:00-04:00,1.97,1.97,1.97,1.97,0
2026-07-17 18:53:00-04:00,1.97,1.98,1.97,1.98,0
2026-07-17 18:54:00-04:00,1.98,1.98,1.97,1.97,0
2026-07-17 18:55:00-04:00,1.9799,1.9799,1.97,1.97,0
2026-07-17 18:56:00-04:00,1.98,1.98,1.9799,1.9799,0
2026-07-17 18:57:00-04:00,1.98,1.98,1.9797,1.9797,0
2026-07-17 18:58:00-04:00,1.9797,1.9797,1.9797,1.9797,0
2026-07-17 18:59:00-04:00,1.9799,1.98,1.97,1.972,0
2026-07-17 19:00:00-04:00,1.98,1.98,1.98,1.98,0
2026-07-17 19:01:00-04:00,1.9799,1.98,1.9797,1.98,0
2026-07-17 19:02:00-04:00,1.9799,1.9799,1.96,1.96,0
2026-07-17 19:03:00-04:00,1.97,1.97,1.97,1.97,0
2026-07-17 19:04:00-04:00,1.97,1.97,1.97,1.97,0
2026-07-17 19:05:00-04:00,1.97,1.97,1.97,1.97,0
2026-07-17 19:06:00-04:00,1.97,1.97,1.9698,1.97,0
2026-07-17 19:07:00-04:00,1.98,1.98,1.97,1.98,0
2026-07-17 19:08:00-04:00,1.97,1.9701,1.97,1.9701,0
2026-07-17 19:09:00-04:00,1.97,1.9797,1.97,1.9797,0
2026-07-17 19:10:00-04:00,1.9797,1.98,1.9797,1.98,0
2026-07-17 19:12:00-04:00,1.9797,1.9797,1.9797,1.9797,0
2026-07-17 19:13:00-04:00,1.9785,1.9785,1.9785,1.9785,0
2026-07-17 19:14:00-04:00,1.98,1.98,1.98,1.98,0
2026-07-17 19:15:00-04:00,1.98,1.98,1.98,1.98,0
2026-07-17 19:17:00-04:00,1.97,1.98,1.97,1.98,0
2026-07-17 19:20:00-04:00,1.97,1.97,1.97,1.97,0
2026-07-17 19:21:00-04:00,1.96,1.965,1.96,1.9601,0
2026-07-17 19:22:00-04:00,1.96,1.97,1.96,1.97,0
2026-07-17 19:23:00-04:00,1.97,1.97,1.9699,1.9699,0
2026-07-17 19:24:00-04:00,1.96,1.9601,1.96,1.9601,0
2026-07-17 19:25:00-04:00,1.98,1.98,1.97,1.97,0
2026-07-17 19:26:00-04:00,1.97,1.97,1.97,1.97,0
2026-07-17 19:27:00-04:00,1.97,1.98,1.97,1.9715,0
2026-07-17 19:29:00-04:00,1.9702,1.9702,1.9702,1.9702,0
2026-07-17 19:30:00-04:00,1.97,1.97,1.94,1.94,0
2026-07-17 19:31:00-04:00,1.94,1.9563,1.92,1.9563,0
2026-07-17 19:32:00-04:00,1.98,1.98,1.95,1.95,0
2026-07-17 19:33:00-04:00,1.95,1.98,1.95,1.95,0
2026-07-17 19:34:00-04:00,1.96,1.98,1.96,1.98,0
2026-07-17 19:35:00-04:00,1.97,1.97,1.97,1.97,0
2026-07-17 19:37:00-04:00,1.96,1.96,1.96,1.96,0
2026-07-17 19:38:00-04:00,1.9603,1.9698,1.9603,1.9698,0
2026-07-17 19:39:00-04:00,1.96,1.97,1.96,1.9699,0
2026-07-17 19:40:00-04:00,1.9602,1.97,1.9602,1.97,0
2026-07-17 19:41:00-04:00,1.9696,1.97,1.96,1.97,0
2026-07-17 19:42:00-04:00,1.9699,1.97,1.9699,1.97,0
2026-07-17 19:43:00-04:00,1.96,1.97,1.96,1.9699,0
2026-07-17 19:44:00-04:00,1.97,1.97,1.9699,1.9699,0
2026-07-17 19:45:00-04:00,1.9615,1.97,1.9615,1.97,0
2026-07-17 19:46:00-04:00,1.97,1.97,1.95,1.95,0
2026-07-17 19:47:00-04:00,1.9488,1.9488,1.9488,1.9488,0
2026-07-17 19:48:00-04:00,1.95,1.95,1.92,1.92,0
2026-07-17 19:50:00-04:00,1.9433,1.95,1.9433,1.95,0
2026-07-17 19:51:00-04:00,1.95,1.95,1.94,1.94,0
2026-07-17 19:52:00-04:00,1.94,1.95,1.94,1.95,0
2026-07-17 19:53:00-04:00,1.9498,1.95,1.9498,1.95,0
2026-07-17 19:54:00-04:00,1.95,1.95,1.9402,1.9402,0
2026-07-17 19:55:00-04:00,1.94,1.9498,1.94,1.9485,0
2026-07-17 19:56:00-04:00,1.95,1.95,1.94,1.95,0
2026-07-17 19:57:00-04:00,1.9497,1.95,1.94,1.9499,0
2026-07-17 19:58:00-04:00,1.9401,1.95,1.9401,1.9499,0
2026-07-17 19:59:00-04:00,1.95,1.95,1.94,1.9498,0
2026-07-20 04:00:00-04:00,1.98,2.06,1.98,2.03,0
2026-07-20 04:01:00-04:00,2.02,2.02,2.0,2.0,0
2026-07-20 04:02:00-04:00,2.0,2.04,2.0,2.01,0
2026-07-20 04:03:00-04:00,2.01,2.01,2.01,2.01,0
2026-07-20 04:04:00-04:00,2.01,2.01,2.0,2.0032,0
2026-07-20 04:05:00-04:00,2.01,2.04,2.0,2.01,0
2026-07-20 04:06:00-04:00,2.01,2.05,2.01,2.02,0
2026-07-20 04:07:00-04:00,2.0196,2.02,2.0196,2.02,0
2026-07-20 04:08:00-04:00,2.03,2.03,2.03,2.03,0
2026-07-20 04:10:00-04:00,2.02,2.02,2.02,2.02,0
2026-07-20 04:11:00-04:00,2.03,2.03,2.02,2.02,0
2026-07-20 04:13:00-04:00,2.02,2.02,1.99,1.99,0
2026-07-20 04:14:00-04:00,1.98,1.99,1.98,1.99,0
2026-07-20 04:15:00-04:00,1.99,1.99,1.96,1.98,0
2026-07-20 04:16:00-04:00,1.98,1.98,1.97,1.98,0
2026-07-20 04:17:00-04:00,1.98,1.98,1.98,1.98,0
2026-07-20 04:18:00-04:00,1.98,1.98,1.97,1.98,0
2026-07-20 04:21:00-04:00,1.9732,1.9732,1.9732,1.9732,0
2026-07-20 04:22:00-04:00,1.98,1.98,1.97,1.98,0
2026-07-20 04:24:00-04:00,1.98,1.98,1.97,1.98,0
2026-07-20 04:25:00-04:00,1.98,1.98,1.97,1.97,0
2026-07-20 04:27:00-04:00,1.9884,1.99,1.9874,1.99,0
2026-07-20 04:28:00-04:00,1.9867,1.99,1.98,1.989,0
2026-07-20 04:29:00-04:00,1.98,1.99,1.97,1.98,0
2026-07-20 04:30:00-04:00,1.98,1.98,1.98,1.98,0
2026-07-20 04:31:00-04:00,1.97,1.98,1.97,1.98,0
2026-07-20 04:32:00-04:00,1.98,1.99,1.964,1.964,0
2026-07-20 04:36:00-04:00,1.99,2.0,1.96,1.97,0
2026-07-20 04:37:00-04:00,1.99,2.0,1.97,1.97,0
2026-07-20 04:40:00-04:00,2.0068,2.0068,2.0068,2.0068,0
2026-07-20 04:41:00-04:00,1.98,2.01,1.97,2.01,0
2026-07-20 04:42:00-04:00,2.0196,2.02,2.0196,2.0196,0
2026-07-20 04:43:00-04:00,2.02,2.03,2.02,2.03,0
2026-07-20 04:46:00-04:00,2.02,2.02,2.02,2.02,0
2026-07-20 04:47:00-04:00,2.02,2.02,2.02,2.02,0
2026-07-20 04:49:00-04:00,2.01,2.01,2.01,2.01,0
2026-07-20 04:55:00-04:00,2.0358,2.0387,2.0358,2.0387,0
2026-07-20 04:56:00-04:00,2.034,2.034,2.034,2.034,0
2026-07-20 04:57:00-04:00,2.01,2.03,2.01,2.03,0
2026-07-20 04:58:00-04:00,2.0265,2.0265,2.02,2.02,0
2026-07-20 04:59:00-04:00,2.0276,2.0276,2.0276,2.0276,0
2026-07-20 05:00:00-04:00,2.01,2.0173,1.99,1.99,0
2026-07-20 05:02:00-04:00,2.016,2.016,2.0,2.0,0
2026-07-20 05:06:00-04:00,2.0,2.0,2.0,2.0,0
2026-07-20 05:07:00-04:00,2.01,2.01,2.0,2.0,0
2026-07-20 05:08:00-04:00,2.0,2.0196,2.0,2.0196,0
2026-07-20 05:09:00-04:00,1.99,1.9932,1.98,1.98,0
2026-07-20 05:11:00-04:00,2.0,2.0,2.0,2.0,0
2026-07-20 05:14:00-04:00,2.0,2.0,2.0,2.0,0
2026-07-20 05:15:00-04:00,2.0,2.0,2.0,2.0,0
2026-07-20 05:16:00-04:00,1.99,1.996,1.99,1.996,0
2026-07-20 05:17:00-04:00,1.996,1.996,1.996,1.996,0
2026-07-20 05:20:00-04:00,1.99,1.99,1.97,1.98,0
2026-07-20 05:23:00-04:00,2.0,2.0,2.0,2.0,0
2026-07-20 05:25:00-04:00,2.0,2.0,1.99,1.99,0
2026-07-20 05:28:00-04:00,1.99,2.01,1.99,2.01,0
2026-07-20 05:29:00-04:00,2.0,2.0,2.0,2.0,0
2026-07-20 05:30:00-04:00,1.99,1.99,1.99,1.99,0
2026-07-20 05:31:00-04:00,1.98,1.99,1.98,1.99,0
2026-07-20 05:32:00-04:00,2.0,2.0,2.0,2.0,0
2026-07-20 05:35:00-04:00,1.99,1.99,1.99,1.99,0
2026-07-20 05:37:00-04:00,2.0,2.0,2.0,2.0,0
2026-07-20 05:38:00-04:00,1.98,1.98,1.98,1.98,0
2026-07-20 05:40:00-04:00,2.0,2.0,2.0,2.0,0
2026-07-20 05:41:00-04:00,2.0,2.0,2.0,2.0,0
2026-07-20 05:43:00-04:00,2.0076,2.0076,2.0076,2.0076,0
2026-07-20 05:44:00-04:00,2.01,2.01,2.01,2.01,0
2026-07-20 05:46:00-04:00,2.01,2.01,2.01,2.01,0
2026-07-20 05:47:00-04:00,2.0,2.0088,2.0,2.0088,0
2026-07-20 05:48:00-04:00,2.0,2.0,2.0,2.0,0
2026-07-20 05:50:00-04:00,2.0096,2.0096,2.0096,2.0096,0
2026-07-20 05:51:00-04:00,2.0,2.01,2.0,2.01,0
2026-07-20 05:52:00-04:00,2.01,2.01,2.01,2.01,0
2026-07-20 05:55:00-04:00,2.01,2.01,2.0,2.005,0
2026-07-20 05:58:00-04:00,2.0,2.009,2.0,2.009,0
2026-07-20 06:01:00-04:00,2.0,2.002,2.0,2.002,0
2026-07-20 06:02:00-04:00,1.99,2.0,1.98,2.0,0
2026-07-20 06:03:00-04:00,1.99,1.99,1.98,1.99,0
2026-07-20 06:04:00-04:00,1.99,1.99,1.97,1.98,0
2026-07-20 06:05:00-04:00,1.98,1.98,1.97,1.97,0
2026-07-20 06:06:00-04:00,1.99,2.0,1.97,1.9869,0
2026-07-20 06:07:00-04:00,1.97,1.979,1.97,1.979,0
2026-07-20 06:08:00-04:00,1.97,1.9735,1.96,1.97,0
2026-07-20 06:10:00-04:00,2.0023,2.0023,2.0023,2.0023,0
2026-07-20 06:13:00-04:00,2.0,2.0,2.0,2.0,0
2026-07-20 06:14:00-04:00,1.995,1.995,1.995,1.995,0
2026-07-20 06:15:00-04:00,2.0,2.0,2.0,2.0,0
2026-07-20 06:17:00-04:00,1.995,1.995,1.995,1.995,0
2026-07-20 06:19:00-04:00,1.98,1.99,1.98,1.98,0
2026-07-20 06:20:00-04:00,1.985,1.99,1.98,1.99,0
2026-07-20 06:21:00-04:00,1.99,1.99,1.98,1.98,0
2026-07-20 06:22:00-04:00,1.98,1.98,1.97,1.97,0
2026-07-20 06:23:00-04:00,2.0,2.0,2.0,2.0,0
2026-07-20 06:24:00-04:00,2.0,2.01,2.0,2.0,0
2026-07-20 06:26:00-04:00,1.98,1.988,1.98,1.988,0
2026-07-20 06:27:00-04:00,1.98,1.99,1.98,1.98,0
2026-07-20 06:29:00-04:00,1.99,1.99,1.97,1.9799,0
2026-07-20 06:30:00-04:00,1.97,1.97,1.97,1.97,0
2026-07-20 06:32:00-04:00,1.99,1.99,1.9689,1.99,0
2026-07-20 06:35:00-04:00,1.99,2.0031,1.97,2.0031,0
2026-07-20 06:36:00-04:00,1.98,2.0,1.96,1.98,0
2026-07-20 06:37:00-04:00,1.95,1.95,1.9497,1.9497,0
2026-07-20 06:40:00-04:00,2.0,2.0,1.98,1.98,0
2026-07-20 06:41:00-04:00,2.0,2.0,2.0,2.0,0
2026-07-20 06:42:00-04:00,1.99,1.99,1.99,1.99,0
2026-07-20 06:43:00-04:00,1.95,1.95,1.9401,1.9401,0
2026-07-20 06:44:00-04:00,1.94,1.94,1.94,1.94,0
2026-07-20 06:45:00-04:00,1.94,1.94,1.94,1.94,0
2026-07-20 06:47:00-04:00,1.9558,1.9558,1.9558,1.9558,0
2026-07-20 06:48:00-04:00,2.0,2.0,1.951,1.9609,0
2026-07-20 06:49:00-04:00,2.0,2.0,1.9597,1.98,0
2026-07-20 06:50:00-04:00,1.98,1.985,1.94,1.9456,0
2026-07-20 06:51:00-04:00,1.95,1.96,1.94,1.96,0
2026-07-20 06:53:00-04:00,1.98,1.99,1.98,1.99,0
2026-07-20 06:55:00-04:00,1.99,1.99,1.99,1.99,0
2026-07-20 06:56:00-04:00,2.0,2.02,1.99,2.01,0
2026-07-20 06:57:00-04:00,2.0,2.23,2.0,2.21,0
2026-07-20 06:58:00-04:00,2.205,2.28,2.19,2.2,0
2026-07-20 06:59:00-04:00,2.201,2.32,2.13,2.1704,0
2026-07-20 07:00:00-04:00,2.17,2.26,2.15,2.1696,0
2026-07-20 07:01:00-04:00,2.16,2.22,2.13,2.1896,0
2026-07-20 07:02:00-04:00,2.1896,2.25,2.1798,2.2104,0
2026-07-20 07:03:00-04:00,2.2196,2.27,2.1904,2.25,0
2026-07-20 07:04:00-04:00,2.25,2.27,2.18,2.2396,0
2026-07-20 07:05:00-04:00,2.24,2.28,2.23,2.27,0
2026-07-20 07:06:00-04:00,2.2795,2.32,2.24,2.2905,0
2026-07-20 07:07:00-04:00,2.29,2.29,2.21,2.24,0
2026-07-20 07:08:00-04:00,2.24,2.24,2.19,2.22,0
2026-07-20 07:09:00-04:00,2.211,2.23,2.2,2.22,0
2026-07-20 07:10:00-04:00,2.2202,2.25,2.22,2.2415,0
2026-07-20 07:11:00-04:00,2.25,2.25,2.21,2.21,0
2026-07-20 07:12:00-04:00,2.2103,2.25,2.21,2.24,0
2026-07-20 07:13:00-04:00,2.2404,2.26,2.2,2.2089,0
2026-07-20 07:14:00-04:00,2.202,2.22,2.2,2.2004,0
2026-07-20 07:15:00-04:00,2.2021,2.24,2.2,2.24,0
2026-07-20 07:16:00-04:00,2.2398,2.27,2.2315,2.26,0
2026-07-20 07:17:00-04:00,2.27,2.27,2.25,2.2587,0
2026-07-20 07:18:00-04:00,2.26,2.26,2.22,2.2296,0
2026-07-20 07:19:00-04:00,2.2204,2.23,2.21,2.22,0
2026-07-20 07:20:00-04:00,2.22,2.2299,2.2,2.2004,0
2026-07-20 07:21:00-04:00,2.2004,2.22,2.19,2.2001,0
2026-07-20 07:22:00-04:00,2.2004,2.23,2.2,2.22,0
2026-07-20 07:23:00-04:00,2.23,2.25,2.22,2.2396,0
2026-07-20 07:24:00-04:00,2.2396,2.24,2.22,2.2396,0
2026-07-20 07:25:00-04:00,2.2313,2.26,2.23,2.251,0
2026-07-20 07:26:00-04:00,2.2596,2.26,2.25,2.26,0
2026-07-20 07:27:00-04:00,2.2596,2.32,2.25,2.312,0
2026-07-20 07:28:00-04:00,2.3102,2.32,2.28,2.29,0
2026-07-20 07:29:00-04:00,2.2885,2.29,2.23,2.2599,0
2026-07-20 07:30:00-04:00,2.2504,2.28,2.2504,2.27,0
2026-07-20 07:31:00-04:00,2.2697,2.27,2.23,2.23,0
2026-07-20 07:32:00-04:00,2.2303,2.25,2.22,2.2304,0
2026-07-20 07:33:00-04:00,2.2304,2.24,2.23,2.231,0
2026-07-20 07:34:00-04:00,2.2396,2.26,2.231,2.2596,0
2026-07-20 07:35:00-04:00,2.25,2.26,2.23,2.26,0
2026-07-20 07:36:00-04:00,2.259,2.26,2.25,2.255,0
2026-07-20 07:37:00-04:00,2.255,2.2596,2.23,2.25,0
2026-07-20 07:38:00-04:00,2.25,2.29,2.24,2.29,0
2026-07-20 07:39:00-04:00,2.2815,2.29,2.27,2.2702,0
2026-07-20 07:40:00-04:00,2.28,2.29,2.27,2.27,0
2026-07-20 07:41:00-04:00,2.28,2.28,2.26,2.2691,0
2026-07-20 07:42:00-04:00,2.26,2.2604,2.25,2.2518,0
2026-07-20 07:43:00-04:00,2.25,2.26,2.24,2.25,0
2026-07-20 07:44:00-04:00,2.2592,2.26,2.25,2.259,0
2026-07-20 07:45:00-04:00,2.2504,2.27,2.2504,2.259,0
2026-07-20 07:46:00-04:00,2.25,2.26,2.24,2.2489,0
2026-07-20 07:47:00-04:00,2.25,2.26,2.24,2.25,0
2026-07-20 07:48:00-04:00,2.2496,2.25,2.24,2.249,0
2026-07-20 07:49:00-04:00,2.2415,2.25,2.24,2.25,0
2026-07-20 07:50:00-04:00,2.2401,2.27,2.24,2.26,0
2026-07-20 07:51:00-04:00,2.26,2.29,2.26,2.26,0
2026-07-20 07:52:00-04:00,2.2687,2.29,2.26,2.2795,0
2026-07-20 07:53:00-04:00,2.28,2.28,2.27,2.271,0
2026-07-20 07:54:00-04:00,2.27,2.29,2.27,2.2885,0
2026-07-20 07:55:00-04:00,2.2899,2.29,2.27,2.2705,0
2026-07-20 07:56:00-04:00,2.2795,2.28,2.24,2.25,0
2026-07-20 07:57:00-04:00,2.2497,2.25,2.24,2.2485,0
2026-07-20 07:58:00-04:00,2.249,2.25,2.23,2.23,0
2026-07-20 07:59:00-04:00,2.23,2.24,2.2217,2.2217,0
2026-07-20 08:00:00-04:00,2.22,2.25,2.22,2.2404,0
2026-07-20 08:01:00-04:00,2.2483,2.25,2.24,2.24,0
2026-07-20 08:02:00-04:00,2.2404,2.25,2.23,2.24,0
2026-07-20 08:03:00-04:00,2.2304,2.24,2.2,2.2204,0
2026-07-20 08:04:00-04:00,2.2296,2.23,2.21,2.2196,0
2026-07-20 08:05:00-04:00,2.22,2.23,2.2,2.225,0
2026-07-20 08:06:00-04:00,2.2297,2.23,2.22,2.22,0
2026-07-20 08:07:00-04:00,2.23,2.23,2.22,2.2204,0
2026-07-20 08:08:00-04:00,2.22,2.24,2.21,2.24,0
2026-07-20 08:09:00-04:00,2.2387,2.24,2.23,2.2385,0
2026-07-20 08:10:00-04:00,2.2315,2.24,2.23,2.24,0
2026-07-20 08:11:00-04:00,2.24,2.27,2.24,2.2689,0
2026-07-20 08:12:00-04:00,2.2687,2.27,2.26,2.2604,0
2026-07-20 08:13:00-04:00,2.26,2.27,2.26,2.2604,0
2026-07-20 08:14:00-04:00,2.2603,2.27,2.26,2.26,0
2026-07-20 08:15:00-04:00,2.2598,2.285,2.25,2.2795,0
2026-07-20 08:16:00-04:00,2.2705,2.29,2.27,2.2787,0
2026-07-20 08:17:00-04:00,2.2788,2.3,2.27,2.2995,0
2026-07-20 08:18:00-04:00,2.29,2.3,2.29,2.2995,0
2026-07-20 08:19:00-04:00,2.2911,2.3,2.27,2.279,0
2026-07-20 08:20:00-04:00,2.2715,2.2798,2.26,2.26,0
2026-07-20 08:21:00-04:00,2.25,2.26,2.24,2.26,0
2026-07-20 08:22:00-04:00,2.2596,2.26,2.25,2.2513,0
2026-07-20 08:23:00-04:00,2.26,2.26,2.25,2.26,0
2026-07-20 08:24:00-04:00,2.259,2.26,2.25,2.2516,0
2026-07-20 08:25:00-04:00,2.2597,2.26,2.24,2.2489,0
2026-07-20 08:26:00-04:00,2.241,2.25,2.24,2.24,0
2026-07-20 08:27:00-04:00,2.2404,2.2603,2.24,2.2603,0
2026-07-20 08:28:00-04:00,2.2601,2.27,2.26,2.2618,0
2026-07-20 08:29:00-04:00,2.27,2.27,2.26,2.27,0
2026-07-20 08:30:00-04:00,2.26,2.3,2.26,2.2805,0
2026-07-20 08:31:00-04:00,2.29,2.3,2.28,2.3,0
2026-07-20 08:32:00-04:00,2.3,2.35,2.2903,2.348,0
2026-07-20 08:33:00-04:00,2.34,2.38,2.33,2.3398,0
2026-07-20 08:34:00-04:00,2.335,2.36,2.33,2.36,0
2026-07-20 08:35:00-04:00,2.3595,2.36,2.31,2.31,0
2026-07-20 08:36:00-04:00,2.31,2.3398,2.31,2.32,0
2026-07-20 08:37:00-04:00,2.32,2.34,2.3,2.3291,0
2026-07-20 08:38:00-04:00,2.33,2.34,2.3,2.3099,0
2026-07-20 08:39:00-04:00,2.3098,2.31,2.28,2.3,0
2026-07-20 08:40:00-04:00,2.305,2.31,2.25,2.2895,0
2026-07-20 08:41:00-04:00,2.29,2.3,2.28,2.2895,0
2026-07-20 08:42:00-04:00,2.29,2.29,2.27,2.2805,0
2026-07-20 08:43:00-04:00,2.29,2.3,2.28,2.2999,0
2026-07-20 08:44:00-04:00,2.3,2.3,2.28,2.2895,0
2026-07-20 08:45:00-04:00,2.29,2.29,2.28,2.2805,0
2026-07-20 08:46:00-04:00,2.29,2.29,2.28,2.2895,0
2026-07-20 08:47:00-04:00,2.29,2.29,2.25,2.255,0
2026-07-20 08:48:00-04:00,2.26,2.285,2.2504,2.2604,0
2026-07-20 08:49:00-04:00,2.27,2.27,2.23,2.2404,0
2026-07-20 08:50:00-04:00,2.25,2.25,2.2,2.2398,0
2026-07-20 08:51:00-04:00,2.24,2.27,2.23,2.26,0
2026-07-20 08:52:00-04:00,2.27,2.27,2.25,2.26,0
2026-07-20 08:53:00-04:00,2.27,2.27,2.24,2.2496,0
2026-07-20 08:54:00-04:00,2.25,2.26,2.23,2.26,0
2026-07-20 08:55:00-04:00,2.27,2.27,2.25,2.2598,0
2026-07-20 08:56:00-04:00,2.26,2.26,2.25,2.2504,0
2026-07-20 08:57:00-04:00,2.2504,2.27,2.25,2.26,0
2026-07-20 08:58:00-04:00,2.25,2.2697,2.25,2.2604,0
2026-07-20 08:59:00-04:00,2.27,2.3,2.26,2.282,0
2026-07-20 09:00:00-04:00,2.2805,2.29,2.26,2.2603,0
2026-07-20 09:01:00-04:00,2.27,2.27,2.26,2.2682,0
2026-07-20 09:02:00-04:00,2.27,2.27,2.25,2.26,0
2026-07-20 09:03:00-04:00,2.26,2.26,2.25,2.26,0
2026-07-20 09:04:00-04:00,2.26,2.26,2.25,2.2504,0
2026-07-20 09:05:00-04:00,2.26,2.26,2.25,2.2504,0
2026-07-20 09:06:00-04:00,2.26,2.26,2.25,2.26,0
2026-07-20 09:07:00-04:00,2.26,2.26,2.25,2.25,0
2026-07-20 09:08:00-04:00,2.26,2.26,2.21,2.23,0
2026-07-20 09:09:00-04:00,2.24,2.25,2.24,2.2402,0
2026-07-20 09:10:00-04:00,2.25,2.25,2.24,2.245,0
2026-07-20 09:11:00-04:00,2.25,2.25,2.24,2.249,0
2026-07-20 09:12:00-04:00,2.2416,2.25,2.2,2.21,0
2026-07-20 09:13:00-04:00,2.22,2.24,2.21,2.2385,0
2026-07-20 09:14:00-04:00,2.24,2.24,2.2104,2.219,0
2026-07-20 09:30:00-04:00,2.200000047683716,2.200000047683716,2.0999999046325684,2.1600000858306885,26326276
2026-07-20 09:31:00-04:00,2.1623001098632812,2.299999952316284,2.160799980163574,2.2850000858306885,2372589
2026-07-20 09:32:00-04:00,2.2850000858306885,2.305000066757202,2.259999990463257,2.2899999618530273,2146386
2026-07-20 09:33:00-04:00,2.2999000549316406,2.315000057220459,2.2699999809265137,2.2750000953674316,1621369
2026-07-20 09:34:00-04:00,2.2750000953674316,2.2799999713897705,2.190000057220459,2.2049999237060547,2129742
2026-07-20 09:35:00-04:00,2.200900077819824,2.2100000381469727,2.1500000953674316,2.197700023651123,1789788
2026-07-20 09:36:00-04:00,2.196199893951416,2.2049999237060547,2.1500000953674316,2.1779000759124756,1207805
2026-07-20 09:37:00-04:00,2.180000066757202,2.200000047683716,2.170099973678589,2.184999942779541,529957
2026-07-20 09:38:00-04:00,2.184999942779541,2.2300000190734863,2.180000066757202,2.219899892807007,2776112
2026-07-20 09:39:00-04:00,2.219899892807007,2.2597999572753906,2.200000047683716,2.2249999046325684,1939559
2026-07-20 09:40:00-04:00,2.2249999046325684,2.2799999713897705,2.2200000286102295,2.2643001079559326,1238302
2026-07-20 09:41:00-04:00,2.2679998874664307,2.2799999713897705,2.190000057220459,2.2149999141693115,1871536
2026-07-20 09:42:00-04:00,2.2149999141693115,2.259999990463257,2.200000047683716,2.259000062942505,807889
2026-07-20 09:43:00-04:00,2.25,2.299999952316284,2.25,2.2850000858306885,2325646
2026-07-20 09:44:00-04:00,2.2899999618530273,2.319999933242798,2.2850000858306885,2.3076999187469482,2280224
2026-07-20 09:45:00-04:00,2.300100088119507,2.390000104904175,2.299999952316284,2.365000009536743,2818363
2026-07-20 09:46:00-04:00,2.369999885559082,2.380000114440918,2.319999933242798,2.3299999237060547,1276702
2026-07-20 09:47:00-04:00,2.325000047683716,2.3499999046325684,2.319999933242798,2.329900026321411,555732
2026-07-20 09:48:00-04:00,2.3299999237060547,2.3499999046325684,2.309999942779541,2.315000057220459,1027112
2026-07-20 09:49:00-04:00,2.315000057220459,2.319999933242798,2.2300000190734863,2.257499933242798,2294002
2026-07-20 09:50:00-04:00,2.2553000450134277,2.259999990463257,2.2300000190734863,2.259999990463257,716522
2026-07-20 09:51:00-04:00,2.2576000690460205,2.2699999809265137,2.244999885559082,2.265000104904175,405329
2026-07-20 09:52:00-04:00,2.265000104904175,2.2699999809265137,2.1700000762939453,2.194999933242798,1743026
2026-07-20 09:53:00-04:00,2.1998000144958496,2.206899881362915,2.1700000762939453,2.184999942779541,1171427
2026-07-20 09:54:00-04:00,2.184999942779541,2.2100000381469727,2.184999942779541,2.2018001079559326,1003286
2026-07-20 09:55:00-04:00,2.200000047683716,2.2100000381469727,2.180000066757202,2.194999933242798,783730
2026-07-20 09:56:00-04:00,2.197999954223633,2.200000047683716,2.140000104904175,2.1600000858306885,1789569
2026-07-20 09:57:00-04:00,2.1682000160217285,2.180000066757202,2.1500000953674316,2.1700000762939453,752502
2026-07-20 09:58:00-04:00,2.1649999618530273,2.180000066757202,2.1600000858306885,2.160099983215332,216217
2026-07-20 09:59:00-04:00,2.1677000522613525,2.200000047683716,2.160900115966797,2.194999933242798,706039
2026-07-20 10:00:00-04:00,2.1951000690460205,2.200000047683716,2.190000057220459,2.194999933242798,264368
2026-07-20 10:01:00-04:00,2.194999933242798,2.200000047683716,2.180000066757202,2.184999942779541,295796
2026-07-20 10:02:00-04:00,2.190000057220459,2.2100000381469727,2.140000104904175,2.1500000953674316,1117413
2026-07-20 10:03:00-04:00,2.159899950027466,2.1649999618530273,2.140000104904175,2.1600000858306885,616296
2026-07-20 10:04:00-04:00,2.1600000858306885,2.1600000858306885,2.119999885559082,2.134999990463257,750491
2026-07-20 10:05:00-04:00,2.134999990463257,2.1600000858306885,2.130000114440918,2.151400089263916,434645
2026-07-20 10:06:00-04:00,2.1549999713897705,2.1549999713897705,2.130000114440918,2.1301000118255615,256288
2026-07-20 10:07:00-04:00,2.1301000118255615,2.1600000858306885,2.130000114440918,2.1600000858306885,479096
2026-07-20 10:08:00-04:00,2.1600000858306885,2.1600000858306885,2.1500000953674316,2.1549999713897705,250682
2026-07-20 10:09:00-04:00,2.1500000953674316,2.1600000858306885,2.1500000953674316,2.1600000858306885,165008
2026-07-20 10:10:00-04:00,2.157900094985962,2.1600000858306885,2.1500000953674316,2.1579999923706055,141494
2026-07-20 10:11:00-04:00,2.1549999713897705,2.174999952316284,2.1500000953674316,2.1549999713897705,719984
2026-07-20 10:12:00-04:00,2.1500000953674316,2.1700000762939453,2.130000114440918,2.1422998905181885,915139
2026-07-20 10:13:00-04:00,2.140000104904175,2.1600000858306885,2.140000104904175,2.1440000534057617,221002
2026-07-20 10:14:00-04:00,2.1401000022888184,2.1500000953674316,2.140000104904175,2.140000104904175,126529
2026-07-20 10:15:00-04:00,2.1449999809265137,2.1500000953674316,2.130000114440918,2.134999990463257,203735
2026-07-20 10:16:00-04:00,2.137500047683716,2.1500000953674316,2.119999885559082,2.119999885559082,407441
2026-07-20 10:17:00-04:00,2.1201000213623047,2.130000114440918,2.0999999046325684,2.1029999256134033,606022
2026-07-20 10:18:00-04:00,2.1008999347686768,2.119999885559082,2.0999999046325684,2.1196999549865723,281097
2026-07-20 10:19:00-04:00,2.119999885559082,2.1500000953674316,2.115000009536743,2.1449999809265137,288402
2026-07-20 10:20:00-04:00,2.1435999870300293,2.1500000953674316,2.134999990463257,2.1366000175476074,284149
2026-07-20 10:21:00-04:00,2.134999990463257,2.1600000858306885,2.130000114440918,2.150899887084961,501900
2026-07-20 10:22:00-04:00,2.155100107192993,2.1600000858306885,2.140000104904175,2.1449999809265137,247023
2026-07-20 10:23:00-04:00,2.1470000743865967,2.1600000858306885,2.140199899673462,2.1549999713897705,148680
2026-07-20 10:24:00-04:00,2.1549999713897705,2.180000066757202,2.1549999713897705,2.1649999618530273,511909
2026-07-20 10:25:00-04:00,2.1700000762939453,2.190000057220459,2.1600000858306885,2.1675000190734863,445066
2026-07-20 10:26:00-04:00,2.1698999404907227,2.190000057220459,2.1600000858306885,2.180000066757202,176192
2026-07-20 10:27:00-04:00,2.1800999641418457,2.190000057220459,2.1600000858306885,2.1672000885009766,184420
2026-07-20 10:28:00-04:00,2.1649999618530273,2.174999952316284,2.1600000858306885,2.1700000762939453,121215
2026-07-20 10:29:00-04:00,2.174999952316284,2.180000066757202,2.1700000762939453,2.180000066757202,72342
2026-07-20 10:30:00-04:00,2.1796998977661133,2.200000047683716,2.174999952316284,2.1900999546051025,519651
2026-07-20 10:31:00-04:00,2.194999933242798,2.200000047683716,2.180000066757202,2.1898999214172363,305046
2026-07-20 10:32:00-04:00,2.184999942779541,2.190000057220459,2.180000066757202,2.184999942779541,96194
2026-07-20 10:33:00-04:00,2.183500051498413,2.200000047683716,2.1800999641418457,2.184999942779541,381523
2026-07-20 10:34:00-04:00,2.184999942779541,2.2100000381469727,2.180000066757202,2.194999933242798,523493
2026-07-20 10:35:00-04:00,2.194999933242798,2.200000047683716,2.1700000762939453,2.1798999309539795,280392
2026-07-20 10:36:00-04:00,2.180000066757202,2.190000057220459,2.1700000762939453,2.1898999214172363,132414
2026-07-20 10:37:00-04:00,2.1891000270843506,2.190000057220459,2.180000066757202,2.184999942779541,66321
2026-07-20 10:38:00-04:00,2.184999942779541,2.190000057220459,2.180000066757202,2.184999942779541,184453
2026-07-20 10:39:00-04:00,2.184999942779541,2.200000047683716,2.180000066757202,2.194999933242798,171671
2026-07-20 10:40:00-04:00,2.194999933242798,2.200000047683716,2.190000057220459,2.1909000873565674,101461
2026-07-20 10:41:00-04:00,2.190000057220459,2.200000047683716,2.190000057220459,2.194999933242798,131541
2026-07-20 10:42:00-04:00,2.194999933242798,2.2100000381469727,2.180000066757202,2.190000057220459,697048
2026-07-20 10:43:00-04:00,2.190000057220459,2.190000057220459,2.180000066757202,2.1821000576019287,157848
2026-07-20 10:44:00-04:00,2.1854000091552734,2.18969988822937,2.1600000858306885,2.180000066757202,403942
2026-07-20 10:45:00-04:00,2.1709001064300537,2.200000047683716,2.1700000762939453,2.194999933242798,148623
2026-07-20 10:46:00-04:00,2.1991000175476074,2.234999895095825,2.190000057220459,2.2249999046325684,900871
2026-07-20 10:47:00-04:00,2.2227001190185547,2.2300000190734863,2.2200000286102295,2.2211999893188477,377056
2026-07-20 10:48:00-04:00,2.2200000286102295,2.2300000190734863,2.200000047683716,2.2049999237060547,296092
2026-07-20 10:49:00-04:00,2.2100000381469727,2.2200000286102295,2.2049999237060547,2.2049999237060547,386262
2026-07-20 10:50:00-04:00,2.2049999237060547,2.2100000381469727,2.200000047683716,2.2035000324249268,119516
2026-07-20 10:51:00-04:00,2.2049999237060547,2.2100000381469727,2.200000047683716,2.2100000381469727,73749
2026-07-20 10:52:00-04:00,2.2054998874664307,2.2100000381469727,2.190000057220459,2.1909000873565674,241907
2026-07-20 10:53:00-04:00,2.190000057220459,2.200000047683716,2.1800999641418457,2.1800999641418457,151185
2026-07-20 10:54:00-04:00,2.182300090789795,2.1963999271392822,2.180000066757202,2.190000057220459,129639
2026-07-20 10:55:00-04:00,2.184999942779541,2.190000057220459,2.180000066757202,2.1898999214172363,125424
2026-07-20 10:56:00-04:00,2.1882998943328857,2.190000057220459,2.1700000762939453,2.180000066757202,425683
2026-07-20 10:57:00-04:00,2.184999942779541,2.1953999996185303,2.180000066757202,2.1900999546051025,164723
2026-07-20 10:58:00-04:00,2.194999933242798,2.199899911880493,2.180000066757202,2.1863999366760254,225128
2026-07-20 10:59:00-04:00,2.184999942779541,2.200000047683716,2.180000066757202,2.194999933242798,140695
2026-07-20 11:00:00-04:00,2.194999933242798,2.200000047683716,2.180000066757202,2.1809000968933105,295759
2026-07-20 11:01:00-04:00,2.1863999366760254,2.200000047683716,2.180000066757202,2.1991000175476074,181080
2026-07-20 11:02:00-04:00,2.1949000358581543,2.200000047683716,2.190000057220459,2.194999933242798,122829
2026-07-20 11:03:00-04:00,2.194999933242798,2.2100000381469727,2.190000057220459,2.2049999237060547,275433
2026-07-20 11:04:00-04:00,2.2049999237060547,2.2100000381469727,2.200000047683716,2.2049999237060547,47689
2026-07-20 11:05:00-04:00,2.2049999237060547,2.2172999382019043,2.200000047683716,2.2049999237060547,344015
2026-07-20 11:06:00-04:00,2.20989990234375,2.240000009536743,2.200000047683716,2.2376999855041504,459909
2026-07-20 11:07:00-04:00,2.240000009536743,2.25,2.23009991645813,2.244999885559082,802830
2026-07-20 11:08:00-04:00,2.244999885559082,2.255000114440918,2.234999895095825,2.244999885559082,1477710
2026-07-20 11:09:00-04:00,2.249799966812134,2.259999990463257,2.240000009536743,2.255000114440918,318097
2026-07-20 11:10:00-04:00,2.255000114440918,2.2699999809265137,2.244999885559082,2.265000104904175,1000547
2026-07-20 11:11:00-04:00,2.265000104904175,2.2699999809265137,2.2200000286102295,2.2249999046325684,1114859
2026-07-20 11:12:00-04:00,2.2249999046325684,2.259999990463257,2.2200000286102295,2.250200033187866,523618
2026-07-20 11:13:00-04:00,2.255000114440918,2.259999990463257,2.2400999069213867,2.25,294379
2026-07-20 11:14:00-04:00,2.244999885559082,2.2699999809265137,2.240000009536743,2.2528998851776123,618677
2026-07-20 11:15:00-04:00,2.2535998821258545,2.2699999809265137,2.25,2.265000104904175,484586
2026-07-20 11:16:00-04:00,2.266200065612793,2.2799999713897705,2.259999990463257,2.2716000080108643,386032
2026-07-20 11:17:00-04:00,2.2750000953674316,2.2799999713897705,2.259999990463257,2.265000104904175,206817
2026-07-20 11:18:00-04:00,2.265000104904175,2.2750000953674316,2.259999990463257,2.2750000953674316,223769
2026-07-20 11:19:00-04:00,2.2723000049591064,2.2799999713897705,2.259999990463257,2.2623000144958496,194148
2026-07-20 11:20:00-04:00,2.26990008354187,2.2799999713897705,2.26990008354187,2.2699999809265137,281947
2026-07-20 11:21:00-04:00,2.2699999809265137,2.2950000762939453,2.2699999809265137,2.2850000858306885,571279
2026-07-20 11:22:00-04:00,2.2899999618530273,2.2899999618530273,2.2799999713897705,2.289900064468384,135173
2026-07-20 11:23:00-04:00,2.2850000858306885,2.299999952316284,2.2799999713897705,2.2950000762939453,422404
2026-07-20 11:24:00-04:00,2.29229998588562,2.299999952316284,2.2699999809265137,2.2750000953674316,427271
2026-07-20 11:25:00-04:00,2.2701001167297363,2.2799999713897705,2.2699999809265137,2.276099920272827,181630
2026-07-20 11:26:00-04:00,2.272200107574463,2.2799999713897705,2.2699999809265137,2.2720000743865967,130307
2026-07-20 11:27:00-04:00,2.276700019836426,2.2799999713897705,2.2699999809265137,2.2750000953674316,116795
2026-07-20 11:28:00-04:00,2.2699999809265137,2.2799999713897705,2.2699999809265137,2.2723000049591064,139965
2026-07-20 11:29:00-04:00,2.2750000953674316,2.2899999618530273,2.2702999114990234,2.2850000858306885,167650
2026-07-20 11:30:00-04:00,2.289099931716919,2.299999952316284,2.2799999713897705,2.296099901199341,172224
2026-07-20 11:31:00-04:00,2.2908999919891357,2.319999933242798,2.2899999618530273,2.315000057220459,1184588
2026-07-20 11:32:00-04:00,2.312000036239624,2.319999933242798,2.2899999618530273,2.2950000762939453,417461
2026-07-20 11:33:00-04:00,2.299999952316284,2.309999942779541,2.2899999618530273,2.2950000762939453,277789
2026-07-20 11:34:00-04:00,2.2899999618530273,2.299099922180176,2.2799999713897705,2.2899999618530273,339820
2026-07-20 11:35:00-04:00,2.2899999618530273,2.299999952316284,2.2799999713897705,2.2950000762939453,128369
2026-07-20 11:36:00-04:00,2.2899999618530273,2.299999952316284,2.2899999618530273,2.2950000762939453,59554
2026-07-20 11:37:00-04:00,2.2901999950408936,2.299999952316284,2.2899999618530273,2.29010009765625,132903
2026-07-20 11:38:00-04:00,2.2950000762939453,2.309999942779541,2.2950000762939453,2.305000066757202,347777
2026-07-20 11:39:00-04:00,2.3001999855041504,2.315000057220459,2.299999952316284,2.309999942779541,315581
2026-07-20 11:40:00-04:00,2.300100088119507,2.3299999237060547,2.299999952316284,2.319999933242798,676915
2026-07-20 11:41:00-04:00,2.325000047683716,2.3299999237060547,2.319999933242798,2.325000047683716,179381
2026-07-20 11:42:00-04:00,2.325000047683716,2.3299999237060547,2.315000057220459,2.325000047683716,329148
2026-07-20 11:43:00-04:00,2.3208999633789062,2.3299999237060547,2.319999933242798,2.327699899673462,132981
2026-07-20 11:44:00-04:00,2.325000047683716,2.3399999141693115,2.319999933242798,2.3222999572753906,636980
2026-07-20 11:45:00-04:00,2.325000047683716,2.3299999237060547,2.319999933242798,2.3208999633789062,143743
2026-07-20 11:46:00-04:00,2.3227999210357666,2.3399999141693115,2.315000057220459,2.3299999237060547,659622
2026-07-20 11:47:00-04:00,2.322200059890747,2.3399999141693115,2.3201000690460205,2.3350000381469727,359086
2026-07-20 11:48:00-04:00,2.3350000381469727,2.3399999141693115,2.319999933242798,2.3301000595092773,448834
2026-07-20 11:49:00-04:00,2.3350000381469727,2.3399999141693115,2.3299999237060547,2.3350000381469727,185039
2026-07-20 11:50:00-04:00,2.3350000381469727,2.3499999046325684,2.3299999237060547,2.3399999141693115,469568
2026-07-20 11:51:00-04:00,2.339900016784668,2.3499999046325684,2.3101000785827637,2.325000047683716,1459958
2026-07-20 11:52:00-04:00,2.3255999088287354,2.3399999141693115,2.319999933242798,2.3201000690460205,248236
2026-07-20 11:53:00-04:00,2.319999933242798,2.325000047683716,2.2899999618530273,2.2950000762939453,1536155
2026-07-20 11:54:00-04:00,2.2899999618530273,2.299999952316284,2.2899999618530273,2.297800064086914,296803
2026-07-20 11:55:00-04:00,2.299999952316284,2.309999942779541,2.2950000762939453,2.3011999130249023,474613
2026-07-20 11:56:00-04:00,2.305000066757202,2.319999933242798,2.299999952316284,2.309999942779541,451987
2026-07-20 11:57:00-04:00,2.315000057220459,2.319999933242798,2.309999942779541,2.319999933242798,90014
2026-07-20 11:58:00-04:00,2.315000057220459,2.319999933242798,2.299999952316284,2.3101000785827637,274447
2026-07-20 11:59:00-04:00,2.315000057220459,2.319999933242798,2.309999942779541,2.309999942779541,74320
2026-07-20 12:00:00-04:00,2.315000057220459,2.319999933242798,2.309999942779541,2.309999942779541,113635
2026-07-20 12:01:00-04:00,2.309999942779541,2.319999933242798,2.2899999618530273,2.2950000762939453,282750
2026-07-20 12:02:00-04:00,2.2950000762939453,2.309999942779541,2.2899999618530273,2.299999952316284,198348
2026-07-20 12:03:00-04:00,2.305000066757202,2.3299999237060547,2.299999952316284,2.319999933242798,405772
2026-07-20 12:04:00-04:00,2.3299999237060547,2.3299999237060547,2.319999933242798,2.3299999237060547,154924
2026-07-20 12:05:00-04:00,2.329400062561035,2.3399999141693115,2.319999933242798,2.3350000381469727,356515
2026-07-20 12:06:00-04:00,2.3350000381469727,2.3399999141693115,2.3299999237060547,2.3350000381469727,174795
2026-07-20 12:07:00-04:00,2.3399999141693115,2.359999895095825,2.3310000896453857,2.3550000190734863,744409
2026-07-20 12:08:00-04:00,2.3550000190734863,2.380000114440918,2.3499999046325684,2.371000051498413,660453
2026-07-20 12:09:00-04:00,2.377700090408325,2.380000114440918,2.367000102996826,2.375,290361
2026-07-20 12:10:00-04:00,2.375,2.380000114440918,2.359999895095825,2.359999895095825,385032
2026-07-20 12:11:00-04:00,2.369999885559082,2.369999885559082,2.359999895095825,2.3601999282836914,176784
2026-07-20 12:12:00-04:00,2.3608999252319336,2.369999885559082,2.3499999046325684,2.350100040435791,160263
2026-07-20 12:13:00-04:00,2.3577001094818115,2.359999895095825,2.3499999046325684,2.3550000190734863,97174
2026-07-20 12:14:00-04:00,2.3550000190734863,2.359999895095825,2.3499999046325684,2.3499999046325684,109890
2026-07-20 12:15:00-04:00,2.3550000190734863,2.359999895095825,2.3499999046325684,2.3596999645233154,188907
2026-07-20 12:16:00-04:00,2.3550000190734863,2.369999885559082,2.3499999046325684,2.362299919128418,254631
2026-07-20 12:17:00-04:00,2.365000009536743,2.369999885559082,2.3450000286102295,2.3499999046325684,389997
2026-07-20 12:18:00-04:00,2.3550000190734863,2.359999895095825,2.3450000286102295,2.3450000286102295,186750
2026-07-20 12:19:00-04:00,2.3450000286102295,2.3559000492095947,2.3399999141693115,2.3550000190734863,215384
2026-07-20 12:20:00-04:00,2.350100040435791,2.359999895095825,2.3499999046325684,2.3587000370025635,71435
2026-07-20 12:21:00-04:00,2.3550000190734863,2.359999895095825,2.3499999046325684,2.3550000190734863,68371
2026-07-20 12:22:00-04:00,2.3550000190734863,2.380000114440918,2.3499999046325684,2.365000009536743,575933
2026-07-20 12:23:00-04:00,2.369999885559082,2.375,2.359999895095825,2.369999885559082,488687
2026-07-20 12:24:00-04:00,2.3677000999450684,2.380000114440918,2.365000009536743,2.375,770450
2026-07-20 12:25:00-04:00,2.3733999729156494,2.384999990463257,2.369999885559082,2.384999990463257,373673
2026-07-20 12:26:00-04:00,2.3850998878479004,2.430000066757202,2.380000114440918,2.428999900817871,1697224
2026-07-20 12:27:00-04:00,2.424999952316284,2.440000057220459,2.4000000953674316,2.4100000858306885,1097818
2026-07-20 12:28:00-04:00,2.4089999198913574,2.4100000858306885,2.390000104904175,2.3949999809265137,564147
2026-07-20 12:29:00-04:00,2.3949999809265137,2.4100000858306885,2.390000104904175,2.394399881362915,720617
2026-07-20 12:30:00-04:00,2.3949999809265137,2.3986001014709473,2.380000114440918,2.3801000118255615,450818
2026-07-20 12:31:00-04:00,2.384999990463257,2.390000104904175,2.362799882888794,2.375,645643
2026-07-20 12:32:00-04:00,2.372299909591675,2.380000114440918,2.369999885559082,2.375,135897
2026-07-20 12:33:00-04:00,2.375,2.375,2.3499999046325684,2.3671998977661133,621579
2026-07-20 12:34:00-04:00,2.3650999069213867,2.380000114440918,2.359999895095825,2.3696999549865723,153222
2026-07-20 12:35:00-04:00,2.359999895095825,2.380000114440918,2.359999895095825,2.375,226118
2026-07-20 12:36:00-04:00,2.3775999546051025,2.380000114440918,2.369999885559082,2.369999885559082,219714
2026-07-20 12:37:00-04:00,2.3798999786376953,2.380000114440918,2.369999885559082,2.369999885559082,84028
2026-07-20 12:38:00-04:00,2.370800018310547,2.3798999786376953,2.359999895095825,2.3677000999450684,261033
2026-07-20 12:39:00-04:00,2.3698999881744385,2.380000114440918,2.360100030899048,2.380000114440918,168501
2026-07-20 12:40:00-04:00,2.378700017929077,2.380000114440918,2.369999885559082,2.378200054168701,184232
2026-07-20 12:41:00-04:00,2.371799945831299,2.380000114440918,2.359999895095825,2.375,290891
2026-07-20 12:42:00-04:00,2.375,2.380000114440918,2.359999895095825,2.3698999881744385,178265
2026-07-20 12:43:00-04:00,2.3689000606536865,2.3698999881744385,2.3499999046325684,2.3673999309539795,225881
2026-07-20 12:44:00-04:00,2.3631999492645264,2.369999885559082,2.359999895095825,2.365000009536743,109686
2026-07-20 12:45:00-04:00,2.359999895095825,2.3698999881744385,2.359999895095825,2.365000009536743,55704
2026-07-20 12:46:00-04:00,2.365000009536743,2.369999885559082,2.359999895095825,2.365000009536743,89070
2026-07-20 12:47:00-04:00,2.3678998947143555,2.369999885559082,2.359999895095825,2.362299919128418,75028
2026-07-20 12:48:00-04:00,2.360100030899048,2.369999885559082,2.359999895095825,2.365000009536743,56896
2026-07-20 12:49:00-04:00,2.365000009536743,2.369999885559082,2.359999895095825,2.3698999881744385,63933
2026-07-20 12:50:00-04:00,2.365000009536743,2.369999885559082,2.3399999141693115,2.3543999195098877,482728
2026-07-20 12:51:00-04:00,2.3524999618530273,2.359999895095825,2.3499999046325684,2.3550000190734863,108249
2026-07-20 12:52:00-04:00,2.3550000190734863,2.359999895095825,2.3499999046325684,2.359999895095825,80397
2026-07-20 12:53:00-04:00,2.3589000701904297,2.359999895095825,2.3499999046325684,2.3552000522613525,69997
2026-07-20 12:54:00-04:00,2.3550000190734863,2.359999895095825,2.3399999141693115,2.3450000286102295,239098
2026-07-20 12:55:00-04:00,2.3399999141693115,2.3499999046325684,2.3299999237060547,2.3299999237060547,544615
2026-07-20 12:56:00-04:00,2.3399999141693115,2.3399999141693115,2.3299999237060547,2.3350000381469727,118296
2026-07-20 12:57:00-04:00,2.3350000381469727,2.3399999141693115,2.3299999237060547,2.339900016784668,208684
2026-07-20 12:58:00-04:00,2.3350000381469727,2.3499999046325684,2.3350000381469727,2.3450000286102295,299315
2026-07-20 12:59:00-04:00,2.3422999382019043,2.3499999046325684,2.3399999141693115,2.3450000286102295,64907
2026-07-20 13:00:00-04:00,2.3399999141693115,2.3499999046325684,2.3299999237060547,2.339900016784668,271673
2026-07-20 13:01:00-04:00,2.3299999237060547,2.3399999141693115,2.3201000690460205,2.325000047683716,522620
2026-07-20 13:02:00-04:00,2.3201000690460205,2.3299999237060547,2.319999933242798,2.329900026321411,144564
2026-07-20 13:03:00-04:00,2.325000047683716,2.3299999237060547,2.319999933242798,2.322000026702881,91886
2026-07-20 13:04:00-04:00,2.3203001022338867,2.3299999237060547,2.319999933242798,2.325000047683716,57518
2026-07-20 13:05:00-04:00,2.319999933242798,2.3299999237060547,2.319999933242798,2.3222999572753906,67030
2026-07-20 13:06:00-04:00,2.326900005340576,2.3299999237060547,2.319999933242798,2.3239998817443848,95796
2026-07-20 13:07:00-04:00,2.319999933242798,2.329900026321411,2.305000066757202,2.315000057220459,345230
2026-07-20 13:08:00-04:00,2.3199000358581543,2.3299999237060547,2.309999942779541,2.32450008392334,232689
2026-07-20 13:09:00-04:00,2.325000047683716,2.3299999237060547,2.319999933242798,2.325000047683716,45118
2026-07-20 13:10:00-04:00,2.319999933242798,2.3299999237060547,2.319999933242798,2.325000047683716,182955
2026-07-20 13:11:00-04:00,2.325000047683716,2.3299999237060547,2.319999933242798,2.325000047683716,63149
2026-07-20 13:12:00-04:00,2.325700044631958,2.3299999237060547,2.319999933242798,2.325000047683716,55048
2026-07-20 13:13:00-04:00,2.325000047683716,2.3299999237060547,2.319999933242798,2.319999933242798,55759
2026-07-20 13:14:00-04:00,2.325000047683716,2.329900026321411,2.309999942779541,2.3120999336242676,160405
2026-07-20 13:15:00-04:00,2.309999942779541,2.315000057220459,2.299999952316284,2.3008999824523926,233330
2026-07-20 13:16:00-04:00,2.305000066757202,2.3199000358581543,2.299999952316284,2.315000057220459,158339
2026-07-20 13:17:00-04:00,2.315000057220459,2.319999933242798,2.309999942779541,2.315000057220459,59731
2026-07-20 13:18:00-04:00,2.3101000785827637,2.319999933242798,2.309999942779541,2.315000057220459,69779
2026-07-20 13:19:00-04:00,2.319999933242798,2.319999933242798,2.309999942779541,2.315000057220459,47975
2026-07-20 13:20:00-04:00,2.315000057220459,2.315000057220459,2.299999952316284,2.305000066757202,162589
2026-07-20 13:21:00-04:00,2.306467056274414,2.325000047683716,2.299999952316284,2.323699951171875,226620
2026-07-20 13:22:00-04:00,2.325000047683716,2.3299999237060547,2.319999933242798,2.319999933242798,108620
2026-07-20 13:23:00-04:00,2.325500011444092,2.380000114440918,2.3201000690460205,2.372299909591675,1349683
2026-07-20 13:24:00-04:00,2.3726000785827637,2.380000114440918,2.369999885559082,2.3701000213623047,245055
2026-07-20 13:25:00-04:00,2.3701000213623047,2.380000114440918,2.369999885559082,2.372299909591675,136319
2026-07-20 13:26:00-04:00,2.3778998851776123,2.380000114440918,2.365000009536743,2.374000072479248,197976
2026-07-20 13:27:00-04:00,2.3701000213623047,2.380000114440918,2.359999895095825,2.365000009536743,245053
2026-07-20 13:28:00-04:00,2.365000009536743,2.4100000858306885,2.360100030899048,2.384999990463257,1686449
2026-07-20 13:29:00-04:00,2.390000104904175,2.390000104904175,2.360100030899048,2.365000009536743,328432
2026-07-20 13:30:00-04:00,2.365000009536743,2.369999885559082,2.359999895095825,2.364300012588501,248029
2026-07-20 13:31:00-04:00,2.365000009536743,2.4100000858306885,2.359999895095825,2.384999990463257,1217769
2026-07-20 13:32:00-04:00,2.4000000953674316,2.4049999713897705,2.390000104904175,2.4000000953674316,545037
2026-07-20 13:33:00-04:00,2.4000000953674316,2.4100000858306885,2.390000104904175,2.397599935531616,446344
2026-07-20 13:34:00-04:00,2.396199941635132,2.4000000953674316,2.390000104904175,2.390000104904175,125919
2026-07-20 13:35:00-04:00,2.3949999809265137,2.4000000953674316,2.369999885559082,2.387399911880493,430809
2026-07-20 13:36:00-04:00,2.384999990463257,2.4000000953674316,2.380000114440918,2.3958001136779785,94219
2026-07-20 13:37:00-04:00,2.392899990081787,2.4200000762939453,2.390000104904175,2.4121999740600586,1126472
2026-07-20 13:38:00-04:00,2.4149999618530273,2.440000057220459,2.4100000858306885,2.438499927520752,412363
2026-07-20 13:39:00-04:00,2.4300999641418457,2.440000057220459,2.430000066757202,2.440000057220459,244118
2026-07-20 13:40:00-04:00,2.4330999851226807,2.440000057220459,2.430000066757202,2.434999942779541,210187
2026-07-20 13:41:00-04:00,2.4300999641418457,2.440000057220459,2.4200000762939453,2.4200000762939453,362016
2026-07-20 13:42:00-04:00,2.4231998920440674,2.440000057220459,2.4200000762939453,2.434999942779541,249989
2026-07-20 13:43:00-04:00,2.430000066757202,2.440000057220459,2.4200000762939453,2.424999952316284,189862
2026-07-20 13:44:00-04:00,2.4242000579833984,2.440000057220459,2.4200000762939453,2.434999942779541,174998
2026-07-20 13:45:00-04:00,2.434999942779541,2.450000047683716,2.430000066757202,2.444999933242798,411737
2026-07-20 13:46:00-04:00,2.4400999546051025,2.450000047683716,2.430000066757202,2.4300999641418457,237407
2026-07-20 13:47:00-04:00,2.434999942779541,2.440000057220459,2.4200000762939453,2.4202001094818115,199892
2026-07-20 13:48:00-04:00,2.422300100326538,2.430000066757202,2.4100000858306885,2.424999952316284,401686
2026-07-20 13:49:00-04:00,2.4230000972747803,2.430000066757202,2.4200000762939453,2.420099973678589,60930
2026-07-20 13:50:00-04:00,2.425100088119507,2.440000057220459,2.424999952316284,2.436199903488159,241165
2026-07-20 13:51:00-04:00,2.4328999519348145,2.440000057220459,2.430000066757202,2.430000066757202,46027
2026-07-20 13:52:00-04:00,2.434999942779541,2.440000057220459,2.430000066757202,2.434999942779541,68700
2026-07-20 13:53:00-04:00,2.430000066757202,2.440000057220459,2.430000066757202,2.434999942779541,159995
2026-07-20 13:54:00-04:00,2.434000015258789,2.440000057220459,2.430000066757202,2.437700033187866,261362
2026-07-20 13:55:00-04:00,2.434999942779541,2.440000057220459,2.4200000762939453,2.424999952316284,751170
2026-07-20 13:56:00-04:00,2.4223999977111816,2.430000066757202,2.4200000762939453,2.420099973678589,140476
2026-07-20 13:57:00-04:00,2.4200000762939453,2.430000066757202,2.4200000762939453,2.420300006866455,113589
2026-07-20 13:58:00-04:00,2.421299934387207,2.430000066757202,2.4100000858306885,2.412100076675415,168093
2026-07-20 13:59:00-04:00,2.4149999618530273,2.4200000762939453,2.4100000858306885,2.4149999618530273,172857
2026-07-20 14:00:00-04:00,2.4100000858306885,2.4200000762939453,2.4100000858306885,2.410099983215332,94417
2026-07-20 14:01:00-04:00,2.410099983215332,2.434999942779541,2.4100000858306885,2.4163999557495117,418705
2026-07-20 14:02:00-04:00,2.4196999073028564,2.430000066757202,2.4196999073028564,2.424999952316284,166817
2026-07-20 14:03:00-04:00,2.4277000427246094,2.4277000427246094,2.4100000858306885,2.4149999618530273,118333
2026-07-20 14:04:00-04:00,2.4100000858306885,2.4298999309539795,2.4100000858306885,2.420099973678589,182007
2026-07-20 14:05:00-04:00,2.4200000762939453,2.430000066757202,2.4200000762939453,2.4200000762939453,55848
2026-07-20 14:06:00-04:00,2.4200000762939453,2.430000066757202,2.4149999618530273,2.424999952316284,136472
2026-07-20 14:07:00-04:00,2.430000066757202,2.449899911880493,2.430000066757202,2.4363999366760254,203708
2026-07-20 14:08:00-04:00,2.4398999214172363,2.440000057220459,2.430000066757202,2.440000057220459,73586
2026-07-20 14:09:00-04:00,2.434999942779541,2.440000057220459,2.430000066757202,2.434999942779541,151140
2026-07-20 14:10:00-04:00,2.4344000816345215,2.440000057220459,2.430000066757202,2.434999942779541,64798
2026-07-20 14:11:00-04:00,2.4300999641418457,2.437701940536499,2.4200000762939453,2.4247000217437744,96866
2026-07-20 14:12:00-04:00,2.426500082015991,2.430000066757202,2.4200000762939453,2.424999952316284,43457
2026-07-20 14:13:00-04:00,2.424999952316284,2.440000057220459,2.4200000762939453,2.4300999641418457,148819
2026-07-20 14:14:00-04:00,2.43149995803833,2.440000057220459,2.430000066757202,2.434999942779541,43513
2026-07-20 14:15:00-04:00,2.4326999187469482,2.440000057220459,2.4149999618530273,2.4173998832702637,254140
2026-07-20 14:16:00-04:00,2.4100000858306885,2.4189000129699707,2.3949999809265137,2.4010000228881836,571639
2026-07-20 14:17:00-04:00,2.4077000617980957,2.4077000617980957,2.380000114440918,2.390000104904175,650440
2026-07-20 14:18:00-04:00,2.3949999809265137,2.4000000953674316,2.380000114440918,2.3949999809265137,409433
2026-07-20 14:19:00-04:00,2.390000104904175,2.4000000953674316,2.3842999935150146,2.390000104904175,80520
2026-07-20 14:20:00-04:00,2.380000114440918,2.390000104904175,2.380000114440918,2.390000104904175,209502
2026-07-20 14:21:00-04:00,2.390199899673462,2.4200000762939453,2.390000104904175,2.4149999618530273,505996
2026-07-20 14:22:00-04:00,2.4179999828338623,2.4200000762939453,2.4100000858306885,2.410099983215332,70003
2026-07-20 14:23:00-04:00,2.4100000858306885,2.4198999404907227,2.4100000858306885,2.4100000858306885,50978
2026-07-20 14:24:00-04:00,2.414099931716919,2.4189999103546143,2.400099992752075,2.404099941253662,151958
2026-07-20 14:25:00-04:00,2.4049999713897705,2.4200000762939453,2.4049999713897705,2.4163999557495117,143170
2026-07-20 14:26:00-04:00,2.4112000465393066,2.4200000762939453,2.4100000858306885,2.417099952697754,94986
2026-07-20 14:27:00-04:00,2.4149999618530273,2.430000066757202,2.4100000858306885,2.420099973678589,165087
2026-07-20 14:28:00-04:00,2.430000066757202,2.430000066757202,2.4200000762939453,2.424999952316284,36844
2026-07-20 14:29:00-04:00,2.430000066757202,2.430000066757202,2.4000000953674316,2.4149999618530273,433176
2026-07-20 14:30:00-04:00,2.4100000858306885,2.4200000762939453,2.4100000858306885,2.4124999046325684,40474
2026-07-20 14:31:00-04:00,2.4149999618530273,2.4200000762939453,2.4100000858306885,2.4149999618530273,77057
2026-07-20 14:32:00-04:00,2.4149999618530273,2.4200000762939453,2.4100000858306885,2.4149999618530273,96498
2026-07-20 14:33:00-04:00,2.4149999618530273,2.4200000762939453,2.4000000953674316,2.4049999713897705,345796
2026-07-20 14:34:00-04:00,2.4049999713897705,2.4100000858306885,2.4000000953674316,2.4049999713897705,61544
2026-07-20 14:35:00-04:00,2.4000000953674316,2.4200000762939453,2.4000000953674316,2.4149999618530273,141951
2026-07-20 14:36:00-04:00,2.4149999618530273,2.4177000522613525,2.4100000858306885,2.4149999618530273,55353
2026-07-20 14:37:00-04:00,2.4100000858306885,2.4200000762939453,2.4000000953674316,2.4123001098632812,685674
2026-07-20 14:38:00-04:00,2.4149999618530273,2.4149999618530273,2.4000000953674316,2.4049999713897705,231414
2026-07-20 14:39:00-04:00,2.4065001010894775,2.4100000858306885,2.3949999809265137,2.4049999713897705,212663
2026-07-20 14:40:00-04:00,2.4049999713897705,2.4100000858306885,2.4000000953674316,2.403599977493286,81816
2026-07-20 14:41:00-04:00,2.4049999713897705,2.4100000858306885,2.4000000953674316,2.4001998901367188,106836
2026-07-20 14:42:00-04:00,2.4049999713897705,2.4100000858306885,2.4000000953674316,2.4049999713897705,68122
2026-07-20 14:43:00-04:00,2.4049999713897705,2.4100000858306885,2.390000104904175,2.3949999809265137,296961
2026-07-20 14:44:00-04:00,2.397200107574463,2.4200000762939453,2.397200107574463,2.4149999618530273,356795
2026-07-20 14:45:00-04:00,2.4149999618530273,2.4200000762939453,2.4100000858306885,2.4149999618530273,83661
2026-07-20 14:46:00-04:00,2.4149999618530273,2.4200000762939453,2.4100000858306885,2.4100000858306885,57091
2026-07-20 14:47:00-04:00,2.413100004196167,2.413100004196167,2.4000000953674316,2.4049999713897705,175122
2026-07-20 14:48:00-04:00,2.4033000469207764,2.4100000858306885,2.4000000953674316,2.4000000953674316,67720
2026-07-20 14:49:00-04:00,2.409899950027466,2.4200000762939453,2.4000000953674316,2.4126999378204346,170964
2026-07-20 14:50:00-04:00,2.4100000858306885,2.4200000762939453,2.4100000858306885,2.4200000762939453,132688
2026-07-20 14:51:00-04:00,2.4189999103546143,2.430000066757202,2.4100000858306885,2.425299882888794,254945
2026-07-20 14:52:00-04:00,2.4200000762939453,2.430000066757202,2.4200000762939453,2.4298999309539795,280192
2026-07-20 14:53:00-04:00,2.424999952316284,2.440000057220459,2.4200000762939453,2.436500072479248,531368
2026-07-20 14:54:00-04:00,2.4398000240325928,2.440000057220459,2.430000066757202,2.430000066757202,108853
2026-07-20 14:55:00-04:00,2.432300090789795,2.440000057220459,2.4200000762939453,2.4228999614715576,217377
2026-07-20 14:56:00-04:00,2.430000066757202,2.430000066757202,2.4200000762939453,2.430000066757202,48461
2026-07-20 14:57:00-04:00,2.430000066757202,2.430000066757202,2.4149999618530273,2.420099973678589,266827
2026-07-20 14:58:00-04:00,2.4200000762939453,2.430000066757202,2.4200000762939453,2.424299955368042,82839
2026-07-20 14:59:00-04:00,2.4200000762939453,2.430000066757202,2.4200000762939453,2.4249000549316406,64467
2026-07-20 15:00:00-04:00,2.424999952316284,2.424999952316284,2.4000000953674316,2.4100000858306885,275659
2026-07-20 15:01:00-04:00,2.410099983215332,2.4200000762939453,2.4100000858306885,2.4149999618530273,62552
2026-07-20 15:02:00-04:00,2.4200000762939453,2.4200000762939453,2.4000000953674316,2.4100000858306885,243294
2026-07-20 15:03:00-04:00,2.4012999534606934,2.4100000858306885,2.4000000953674316,2.40120005607605,150332
2026-07-20 15:04:00-04:00,2.4000000953674316,2.4100000858306885,2.380000114440918,2.390000104904175,632254
2026-07-20 15:05:00-04:00,2.390000104904175,2.4000000953674316,2.369999885559082,2.384999990463257,703308
2026-07-20 15:06:00-04:00,2.384999990463257,2.390000104904175,2.3731000423431396,2.3738999366760254,140740
2026-07-20 15:07:00-04:00,2.375,2.390000104904175,2.369999885559082,2.389899969100952,204541
2026-07-20 15:08:00-04:00,2.3824000358581543,2.390000104904175,2.380000114440918,2.384999990463257,98292
2026-07-20 15:09:00-04:00,2.390000104904175,2.390000104904175,2.369999885559082,2.3763999938964844,132702
2026-07-20 15:10:00-04:00,2.369999885559082,2.380000114440918,2.369999885559082,2.380000114440918,150685
2026-07-20 15:11:00-04:00,2.380000114440918,2.380000114440918,2.359999895095825,2.365000009536743,234124
2026-07-20 15:12:00-04:00,2.365000009536743,2.369999885559082,2.359999895095825,2.3635001182556152,126203
2026-07-20 15:13:00-04:00,2.365000009536743,2.369999885559082,2.3399999141693115,2.3450000286102295,581994
2026-07-20 15:14:00-04:00,2.3422999382019043,2.369999885559082,2.3399999141693115,2.359999895095825,270522
2026-07-20 15:15:00-04:00,2.365000009536743,2.369999885559082,2.359999895095825,2.365000009536743,79966
2026-07-20 15:16:00-04:00,2.365000009536743,2.369999885559082,2.359999895095825,2.369999885559082,120024
2026-07-20 15:17:00-04:00,2.365000009536743,2.390000104904175,2.365000009536743,2.386699914932251,372763
2026-07-20 15:18:00-04:00,2.390000104904175,2.390000104904175,2.380000114440918,2.390000104904175,61334
2026-07-20 15:19:00-04:00,2.384999990463257,2.390000104904175,2.380000114440918,2.384999990463257,191772
2026-07-20 15:20:00-04:00,2.389899969100952,2.390000104904175,2.380000114440918,2.384999990463257,65752
2026-07-20 15:21:00-04:00,2.3889999389648438,2.3949999809265137,2.380000114440918,2.384999990463257,276782
2026-07-20 15:22:00-04:00,2.390000104904175,2.430000066757202,2.384999990463257,2.4198999404907227,803519
2026-07-20 15:23:00-04:00,2.4198999404907227,2.4200000762939453,2.4000000953674316,2.4049999713897705,166686
2026-07-20 15:24:00-04:00,2.4000000953674316,2.4100000858306885,2.4000000953674316,2.4049999713897705,94706
2026-07-20 15:25:00-04:00,2.4000000953674316,2.4100000858306885,2.390000104904175,2.4000000953674316,279035
2026-07-20 15:26:00-04:00,2.3931000232696533,2.4000000953674316,2.390000104904175,2.390000104904175,52431
2026-07-20 15:27:00-04:00,2.3912999629974365,2.4000000953674316,2.390000104904175,2.3910000324249268,54559
2026-07-20 15:28:00-04:00,2.3949999809265137,2.4000000953674316,2.390000104904175,2.3949999809265137,74642
2026-07-20 15:29:00-04:00,2.3949999809265137,2.4100000858306885,2.390000104904175,2.4066998958587646,101844
2026-07-20 15:30:00-04:00,2.4049999713897705,2.4100000858306885,2.4000000953674316,2.4049999713897705,106701
2026-07-20 15:31:00-04:00,2.4000000953674316,2.4100000858306885,2.390000104904175,2.4012999534606934,565799
2026-07-20 15:32:00-04:00,2.4001998901367188,2.409899950027466,2.4000000953674316,2.4000000953674316,35066
2026-07-20 15:33:00-04:00,2.4000000953674316,2.4000000953674316,2.369999885559082,2.3901000022888184,933832
2026-07-20 15:34:00-04:00,2.3949999809265137,2.4000000953674316,2.390000104904175,2.4000000953674316,223792
2026-07-20 15:35:00-04:00,2.3949999809265137,2.444999933242798,2.3949999809265137,2.4430999755859375,1159391
2026-07-20 15:36:00-04:00,2.444999933242798,2.450000047683716,2.430000066757202,2.434999942779541,249042
2026-07-20 15:37:00-04:00,2.430000066757202,2.450000047683716,2.430000066757202,2.4489998817443848,325256
2026-07-20 15:38:00-04:00,2.450000047683716,2.450000047683716,2.430000066757202,2.4400999546051025,722145
2026-07-20 15:39:00-04:00,2.450000047683716,2.450000047683716,2.440000057220459,2.444999933242798,98669
2026-07-20 15:40:00-04:00,2.4400999546051025,2.450000047683716,2.440000057220459,2.444999933242798,676230
2026-07-20 15:41:00-04:00,2.449899911880493,2.4600000381469727,2.440000057220459,2.4423000812530518,395389
2026-07-20 15:42:00-04:00,2.4402999877929688,2.4600000381469727,2.4402999877929688,2.4549999237060547,394298
2026-07-20 15:43:00-04:00,2.4600000381469727,2.4600000381469727,2.450000047683716,2.4560000896453857,128937
2026-07-20 15:44:00-04:00,2.45770001411438,2.4600000381469727,2.450000047683716,2.4540998935699463,248404
2026-07-20 15:45:00-04:00,2.4560000896453857,2.4600000381469727,2.430000066757202,2.4300999641418457,813244
2026-07-20 15:46:00-04:00,2.437299966812134,2.440000057220459,2.430000066757202,2.434999942779541,235932
2026-07-20 15:47:00-04:00,2.440000057220459,2.450000047683716,2.434000015258789,2.440000057220459,454118
2026-07-20 15:48:00-04:00,2.4400999546051025,2.450000047683716,2.430000066757202,2.444999933242798,437512
2026-07-20 15:49:00-04:00,2.444999933242798,2.450000047683716,2.440000057220459,2.450000047683716,197621
2026-07-20 15:50:00-04:00,2.444999933242798,2.4700000286102295,2.440000057220459,2.4600000381469727,1044306
2026-07-20 15:51:00-04:00,2.4600000381469727,2.4700000286102295,2.450000047683716,2.4549999237060547,507912
2026-07-20 15:52:00-04:00,2.4600000381469727,2.4600000381469727,2.450000047683716,2.4549999237060547,128588
2026-07-20 15:53:00-04:00,2.4549999237060547,2.4600000381469727,2.440000057220459,2.4549999237060547,556080
2026-07-20 15:54:00-04:00,2.450000047683716,2.45770001411438,2.440000057220459,2.440000057220459,433171
2026-07-20 15:55:00-04:00,2.444999933242798,2.4600000381469727,2.440000057220459,2.450000047683716,757101
2026-07-20 15:56:00-04:00,2.4549999237060547,2.4600000381469727,2.450000047683716,2.4600000381469727,471664
2026-07-20 15:57:00-04:00,2.4549999237060547,2.4800000190734863,2.450000047683716,2.4700000286102295,1292040
2026-07-20 15:58:00-04:00,2.4600000381469727,2.4800000190734863,2.4600000381469727,2.4749999046325684,944358
2026-07-20 15:59:00-04:00,2.4700000286102295,2.4800000190734863,2.450000047683716,2.4549999237060547,1301092
2026-07-20 16:00:00-04:00,2.46,2.46,2.45,2.4599,899218
2026-07-20 16:01:00-04:00,2.46,2.46,2.45,2.45,0
2026-07-20 16:02:00-04:00,2.46,2.46,2.45,2.46,0
2026-07-20 16:03:00-04:00,2.45,2.46,2.45,2.45,0
2026-07-20 16:04:00-04:00,2.45,2.46,2.44,2.4415,0
2026-07-20 16:05:00-04:00,2.45,2.45,2.43,2.4303,0
2026-07-20 16:06:00-04:00,2.4303,2.45,2.4303,2.44,0
2026-07-20 16:07:00-04:00,2.44,2.45,2.44,2.45,0
2026-07-20 16:08:00-04:00,2.45,2.45,2.44,2.4415,0
2026-07-20 16:09:00-04:00,2.45,2.45,2.44,2.4401,0
2026-07-20 16:10:00-04:00,2.4497,2.46,2.44,2.44,0
2026-07-20 16:11:00-04:00,2.4489,2.54,2.4,2.54,0
2026-07-20 16:12:00-04:00,2.54,2.54,2.45,2.4685,0
2026-07-20 16:13:00-04:00,2.4509,2.47,2.45,2.4695,0
2026-07-20 16:14:00-04:00,2.46,2.47,2.45,2.46,0
2026-07-20 16:15:00-04:00,2.4502,2.46,2.45,2.45,0
2026-07-20 16:16:00-04:00,2.4597,2.46,2.45,2.4501,0
2026-07-20 16:17:00-04:00,2.4502,2.47,2.45,2.47,0
2026-07-20 16:18:00-04:00,2.4605,2.47,2.46,2.46,0
2026-07-20 16:19:00-04:00,2.4699,2.47,2.46,2.46,0
2026-07-20 16:20:00-04:00,2.4699,2.47,2.46,2.4699,0
2026-07-20 16:21:00-04:00,2.4697,2.47,2.46,2.4607,0
2026-07-20 16:22:00-04:00,2.46,2.47,2.4507,2.46,0
2026-07-20 16:23:00-04:00,2.4503,2.46,2.45,2.4597,0
2026-07-20 16:24:00-04:00,2.45,2.46,2.4492,2.45,0
2026-07-20 16:25:00-04:00,2.44,2.45,2.44,2.4401,0
2026-07-20 16:26:00-04:00,2.4401,2.45,2.43,2.4301,0
2026-07-20 16:27:00-04:00,2.432,2.44,2.43,2.4301,0
2026-07-20 16:28:00-04:00,2.4302,2.4422,2.43,2.4348,0
2026-07-20 16:29:00-04:00,2.44,2.45,2.43,2.4399,0
2026-07-20 16:30:00-04:00,2.4303,2.44,2.43,2.4301,0
2026-07-20 16:31:00-04:00,2.4303,2.44,2.42,2.4203,0
2026-07-20 16:32:00-04:00,2.4292,2.44,2.425,2.4397,0
2026-07-20 16:33:00-04:00,2.43,2.44,2.43,2.43,0
2026-07-20 16:34:00-04:00,2.44,2.45,2.43,2.43,0
2026-07-20 16:35:00-04:00,2.4396,2.44,2.43,2.4325,0
2026-07-20 16:36:00-04:00,2.44,2.44,2.43,2.43,0
2026-07-20 16:37:00-04:00,2.43,2.44,2.43,2.44,0
2026-07-20 16:38:00-04:00,2.4399,2.44,2.42,2.42,0
2026-07-20 16:39:00-04:00,2.42,2.4226,2.41,2.41,0
2026-07-20 16:40:00-04:00,2.42,2.42,2.41,2.4101,0
2026-07-20 16:41:00-04:00,2.4119,2.43,2.41,2.4201,0
2026-07-20 16:42:00-04:00,2.4201,2.43,2.4,2.42,0
2026-07-20 16:43:00-04:00,2.43,2.43,2.4,2.428,0
2026-07-20 16:44:00-04:00,2.42,2.45,2.42,2.45,0
2026-07-20 16:45:00-04:00,2.45,2.46,2.44,2.46,0
2026-07-20 16:46:00-04:00,2.45,2.46,2.44,2.4493,0
2026-07-20 16:47:00-04:00,2.45,2.45,2.44,2.4494,0
2026-07-20 16:48:00-04:00,2.45,2.45,2.44,2.44,0
2026-07-20 16:49:00-04:00,2.45,2.45,2.44,2.4492,0
2026-07-20 16:50:00-04:00,2.45,2.45,2.44,2.4499,0
2026-07-20 16:51:00-04:00,2.4402,2.45,2.44,2.4424,0
2026-07-20 16:52:00-04:00,2.4498,2.45,2.44,2.4433,0
2026-07-20 16:53:00-04:00,2.4491,2.45,2.44,2.45,0
2026-07-20 16:54:00-04:00,2.44,2.45,2.44,2.4499,0
2026-07-20 16:55:00-04:00,2.4423,2.45,2.44,2.45,0
2026-07-20 16:56:00-04:00,2.45,2.45,2.44,2.44,0
2026-07-20 16:57:00-04:00,2.44,2.45,2.44,2.45,0
2026-07-20 16:58:00-04:00,2.45,2.45,2.44,2.44,0
2026-07-20 16:59:00-04:00,2.4497,2.45,2.44,2.4499,0
2026-07-20 17:00:00-04:00,2.4411,2.45,2.44,2.45,0
2026-07-20 17:01:00-04:00,2.4499,2.46,2.44,2.46,0
2026-07-20 17:02:00-04:00,2.4598,2.46,2.45,2.4598,0
2026-07-20 17:03:00-04:00,2.4509,2.46,2.45,2.4585,0
2026-07-20 17:04:00-04:00,2.46,2.46,2.45,2.46,0
2026-07-20 17:05:00-04:00,2.46,2.46,2.45,2.46,0
2026-07-20 17:06:00-04:00,2.46,2.46,2.45,2.46,0
2026-07-20 17:07:00-04:00,2.4591,2.46,2.45,2.46,0
2026-07-20 17:08:00-04:00,2.4589,2.46,2.45,2.45,0
2026-07-20 17:09:00-04:00,2.46,2.46,2.45,2.4588,0
2026-07-20 17:10:00-04:00,2.46,2.46,2.45,2.4588,0
2026-07-20 17:11:00-04:00,2.4501,2.46,2.45,2.46,0
2026-07-20 17:12:00-04:00,2.4584,2.46,2.45,2.45,0
2026-07-20 17:13:00-04:00,2.45,2.46,2.45,2.46,0
2026-07-20 17:14:00-04:00,2.46,2.46,2.45,2.4599,0
2026-07-20 17:15:00-04:00,2.4501,2.46,2.45,2.45,0
2026-07-20 17:16:00-04:00,2.45,2.46,2.45,2.4585,0
2026-07-20 17:17:00-04:00,2.45,2.46,2.45,2.45,0
2026-07-20 17:18:00-04:00,2.46,2.46,2.45,2.45,0
2026-07-20 17:19:00-04:00,2.4584,2.46,2.45,2.4502,0
2026-07-20 17:20:00-04:00,2.4597,2.46,2.45,2.4502,0
2026-07-20 17:21:00-04:00,2.4513,2.46,2.4501,2.4583,0
2026-07-20 17:22:00-04:00,2.46,2.46,2.45,2.46,0
2026-07-20 17:23:00-04:00,2.45,2.4508,2.44,2.4403,0
2026-07-20 17:24:00-04:00,2.4401,2.45,2.44,2.4402,0
2026-07-20 17:25:00-04:00,2.4402,2.45,2.44,2.44,0
2026-07-20 17:26:00-04:00,2.4498,2.45,2.44,2.45,0
2026-07-20 17:27:00-04:00,2.4499,2.45,2.44,2.4413,0
2026-07-20 17:28:00-04:00,2.4485,2.45,2.4403,2.45,0
2026-07-20 17:29:00-04:00,2.4497,2.45,2.4403,2.4403,0
2026-07-20 17:30:00-04:00,2.4422,2.45,2.44,2.45,0
2026-07-20 17:31:00-04:00,2.44,2.45,2.44,2.44,0
2026-07-20 17:32:00-04:00,2.45,2.45,2.44,2.4401,0
2026-07-20 17:33:00-04:00,2.4405,2.45,2.44,2.45,0
2026-07-20 17:34:00-04:00,2.4402,2.45,2.44,2.4499,0
2026-07-20 17:35:00-04:00,2.4498,2.45,2.44,2.4403,0
2026-07-20 17:36:00-04:00,2.4401,2.45,2.44,2.4498,0
2026-07-20 17:37:00-04:00,2.45,2.45,2.44,2.44,0
2026-07-20 17:38:00-04:00,2.45,2.45,2.44,2.45,0
2026-07-20 17:39:00-04:00,2.4485,2.45,2.44,2.44,0
2026-07-20 17:40:00-04:00,2.4401,2.45,2.44,2.45,0
2026-07-20 17:41:00-04:00,2.4424,2.45,2.44,2.445,0
2026-07-20 17:42:00-04:00,2.45,2.45,2.44,2.4401,0
2026-07-20 17:43:00-04:00,2.4412,2.45,2.44,2.45,0
2026-07-20 17:44:00-04:00,2.44,2.45,2.44,2.4424,0
2026-07-20 17:45:00-04:00,2.44,2.45,2.44,2.4423,0
2026-07-20 17:46:00-04:00,2.45,2.45,2.44,2.45,0
2026-07-20 17:47:00-04:00,2.45,2.45,2.44,2.444,0
2026-07-20 17:48:00-04:00,2.4415,2.45,2.4401,2.45,0
2026-07-20 17:49:00-04:00,2.45,2.4878,2.4462,2.4797,0
2026-07-20 17:50:00-04:00,2.4708,2.53,2.4708,2.518,0
2026-07-20 17:51:00-04:00,2.52,2.52,2.4891,2.5001,0
2026-07-20 17:52:00-04:00,2.5003,2.55,2.5,2.54,0
2026-07-20 17:53:00-04:00,2.5397,2.54,2.51,2.52,0
2026-07-20 17:54:00-04:00,2.52,2.52,2.51,2.5199,0
2026-07-20 17:55:00-04:00,2.52,2.52,2.51,2.52,0
2026-07-20 17:56:00-04:00,2.51,2.52,2.5,2.5,0
2026-07-20 17:57:00-04:00,2.5,2.5099,2.49,2.5,0
2026-07-20 17:58:00-04:00,2.5,2.51,2.49,2.51,0
2026-07-20 17:59:00-04:00,2.51,2.51,2.5,2.5,0
2026-07-20 18:00:00-04:00,2.5,2.51,2.5,2.509,0
2026-07-20 18:01:00-04:00,2.5099,2.51,2.5,2.5098,0
2026-07-20 18:02:00-04:00,2.5,2.51,2.49,2.4998,0
2026-07-20 18:03:00-04:00,2.5,2.51,2.4901,2.5099,0
2026-07-20 18:04:00-04:00,2.51,2.51,2.48,2.49,0
2026-07-20 18:05:00-04:00,2.49,2.49,2.48,2.4898,0
2026-07-20 18:06:00-04:00,2.48,2.49,2.47,2.4799,0
2026-07-20 18:07:00-04:00,2.47,2.48,2.47,2.4794,0
2026-07-20 18:08:00-04:00,2.48,2.48,2.47,2.4785,0
2026-07-20 18:09:00-04:00,2.4792,2.48,2.47,2.48,0
2026-07-20 18:10:00-04:00,2.48,2.48,2.47,2.4785,0
2026-07-20 18:11:00-04:00,2.47,2.48,2.47,2.4798,0
2026-07-20 18:12:00-04:00,2.4796,2.48,2.47,2.478,0
2026-07-20 18:13:00-04:00,2.47,2.48,2.47,2.48,0
2026-07-20 18:14:00-04:00,2.4795,2.48,2.47,2.47,0
2026-07-20 18:15:00-04:00,2.47,2.48,2.47,2.4715,0
2026-07-20 18:16:00-04:00,2.48,2.48,2.47,2.4796,0
2026-07-20 18:17:00-04:00,2.4792,2.48,2.47,2.48,0
2026-07-20 18:18:00-04:00,2.47,2.48,2.47,2.48,0
2026-07-20 18:19:00-04:00,2.4711,2.48,2.47,2.48,0
2026-07-20 18:20:00-04:00,2.472,2.48,2.47,2.48,0
2026-07-20 18:21:00-04:00,2.48,2.48,2.47,2.47,0
2026-07-20 18:22:00-04:00,2.47,2.48,2.47,2.4701,0
2026-07-20 18:23:00-04:00,2.48,2.48,2.47,2.47,0
2026-07-20 18:24:00-04:00,2.4711,2.48,2.47,2.47,0
2026-07-20 18:25:00-04:00,2.4703,2.48,2.47,2.4797,0
2026-07-20 18:26:00-04:00,2.48,2.48,2.4701,2.4703,0
2026-07-20 18:27:00-04:00,2.48,2.48,2.47,2.47,0
2026-07-20 18:28:00-04:00,2.4787,2.48,2.47,2.47,0
2026-07-20 18:29:00-04:00,2.4702,2.48,2.47,2.4714,0
2026-07-20 18:30:00-04:00,2.47,2.48,2.47,2.4799,0
2026-07-20 18:31:00-04:00,2.47,2.4799,2.47,2.4799,0
2026-07-20 18:32:00-04:00,2.4799,2.48,2.47,2.47,0
2026-07-20 18:33:00-04:00,2.47,2.47,2.45,2.45,0
2026-07-20 18:34:00-04:00,2.4525,2.46,2.45,2.46,0
2026-07-20 18:35:00-04:00,2.4506,2.46,2.43,2.46,0
2026-07-20 18:36:00-04:00,2.45,2.46,2.45,2.4594,0
2026-07-20 18:37:00-04:00,2.46,2.46,2.45,2.45,0
2026-07-20 18:38:00-04:00,2.45,2.45,2.44,2.45,0
2026-07-20 18:39:00-04:00,2.442,2.45,2.44,2.45,0
2026-07-20 18:40:00-04:00,2.45,2.45,2.44,2.45,0
2026-07-20 18:41:00-04:00,2.45,2.46,2.44,2.4502,0
2026-07-20 18:42:00-04:00,2.45,2.46,2.45,2.45,0
2026-07-20 18:43:00-04:00,2.46,2.46,2.45,2.45,0
2026-07-20 18:44:00-04:00,2.45,2.46,2.45,2.4597,0
2026-07-20 18:45:00-04:00,2.4502,2.46,2.44,2.44,0
2026-07-20 18:46:00-04:00,2.45,2.45,2.44,2.4403,0
2026-07-20 18:47:00-04:00,2.4401,2.45,2.44,2.45,0
2026-07-20 18:48:00-04:00,2.45,2.45,2.44,2.45,0
2026-07-20 18:49:00-04:00,2.44,2.45,2.44,2.4499,0
2026-07-20 18:50:00-04:00,2.45,2.45,2.44,2.4403,0
2026-07-20 18:51:00-04:00,2.4403,2.45,2.44,2.45,0
2026-07-20 18:52:00-04:00,2.45,2.45,2.44,2.4498,0
2026-07-20 18:53:00-04:00,2.44,2.4599,2.44,2.45,0
2026-07-20 18:54:00-04:00,2.46,2.46,2.45,2.4599,0
2026-07-20 18:55:00-04:00,2.46,2.46,2.45,2.46,0
2026-07-20 18:56:00-04:00,2.4599,2.46,2.45,2.45,0
2026-07-20 18:57:00-04:00,2.4599,2.46,2.45,2.46,0
2026-07-20 18:58:00-04:00,2.45,2.46,2.45,2.46,0
2026-07-20 18:59:00-04:00,2.4502,2.47,2.45,2.4697,0
2026-07-20 19:00:00-04:00,2.4603,2.47,2.46,2.47,0
2026-07-20 19:01:00-04:00,2.47,2.47,2.46,2.4697,0
2026-07-20 19:02:00-04:00,2.47,2.47,2.46,2.4602,0
2026-07-20 19:03:00-04:00,2.46,2.47,2.46,2.4695,0
2026-07-20 19:04:00-04:00,2.47,2.47,2.46,2.47,0
2026-07-20 19:05:00-04:00,2.4685,2.47,2.46,2.47,0
2026-07-20 19:06:00-04:00,2.46,2.4692,2.46,2.4601,0
2026-07-20 19:07:00-04:00,2.46,2.47,2.46,2.47,0
2026-07-20 19:08:00-04:00,2.4603,2.4698,2.46,2.46,0
2026-07-20 19:09:00-04:00,2.46,2.47,2.46,2.4697,0
2026-07-20 19:10:00-04:00,2.4692,2.47,2.46,2.47,0
2026-07-20 19:11:00-04:00,2.46,2.46,2.45,2.46,0
2026-07-20 19:12:00-04:00,2.46,2.46,2.4502,2.4505,0
2026-07-20 19:13:00-04:00,2.4591,2.46,2.45,2.45,0
2026-07-20 19:14:00-04:00,2.45,2.4688,2.45,2.46,0
2026-07-20 19:15:00-04:00,2.4685,2.4699,2.46,2.4688,0
2026-07-20 19:16:00-04:00,2.47,2.47,2.46,2.46,0
2026-07-20 19:17:00-04:00,2.46,2.47,2.46,2.47,0
2026-07-20 19:18:00-04:00,2.46,2.47,2.45,2.4699,0
2026-07-20 19:19:00-04:00,2.47,2.47,2.46,2.469,0
2026-07-20 19:20:00-04:00,2.4687,2.47,2.46,2.47,0
2026-07-20 19:21:00-04:00,2.46,2.47,2.46,2.46,0
2026-07-20 19:22:00-04:00,2.4686,2.47,2.46,2.4699,0
2026-07-20 19:23:00-04:00,2.468,2.47,2.46,2.4615,0
2026-07-20 19:24:00-04:00,2.46,2.47,2.46,2.46,0
2026-07-20 19:25:00-04:00,2.4691,2.47,2.46,2.47,0
2026-07-20 19:26:00-04:00,2.4603,2.47,2.46,2.46,0
2026-07-20 19:27:00-04:00,2.46,2.4697,2.45,2.46,0
2026-07-20 19:28:00-04:00,2.45,2.4568,2.45,2.4506,0
2026-07-20 19:29:00-04:00,2.4504,2.46,2.45,2.45,0
2026-07-20 19:30:00-04:00,2.45,2.46,2.45,2.46,0
2026-07-20 19:31:00-04:00,2.46,2.46,2.45,2.46,0
2026-07-20 19:32:00-04:00,2.45,2.4685,2.45,2.4685,0
2026-07-20 19:33:00-04:00,2.46,2.47,2.46,2.47,0
2026-07-20 19:34:00-04:00,2.47,2.47,2.46,2.46,0
2026-07-20 19:35:00-04:00,2.47,2.47,2.46,2.4692,0
2026-07-20 19:36:00-04:00,2.47,2.47,2.46,2.4685,0
2026-07-20 19:37:00-04:00,2.4601,2.47,2.46,2.47,0
2026-07-20 19:38:00-04:00,2.46,2.48,2.46,2.465,0
2026-07-20 19:39:00-04:00,2.4695,2.47,2.46,2.47,0
2026-07-20 19:40:00-04:00,2.4697,2.47,2.46,2.4601,0
2026-07-20 19:41:00-04:00,2.46,2.46,2.44,2.44,0
2026-07-20 19:42:00-04:00,2.4499,2.45,2.44,2.45,0
2026-07-20 19:43:00-04:00,2.4409,2.45,2.44,2.4409,0
2026-07-20 19:44:00-04:00,2.45,2.45,2.44,2.45,0
2026-07-20 19:45:00-04:00,2.4498,2.46,2.44,2.45,0
2026-07-20 19:46:00-04:00,2.45,2.45,2.44,2.44,0
2026-07-20 19:47:00-04:00,2.45,2.45,2.4405,2.4414,0
2026-07-20 19:48:00-04:00,2.45,2.45,2.44,2.4498,0
2026-07-20 19:49:00-04:00,2.4401,2.45,2.44,2.45,0
2026-07-20 19:50:00-04:00,2.44,2.45,2.44,2.4499,0
2026-07-20 19:51:00-04:00,2.45,2.45,2.44,2.4401,0
2026-07-20 19:52:00-04:00,2.45,2.45,2.44,2.45,0
2026-07-20 19:53:00-04:00,2.4497,2.45,2.44,2.44,0
2026-07-20 19:54:00-04:00,2.4414,2.45,2.44,2.45,0
2026-07-20 19:55:00-04:00,2.4485,2.46,2.44,2.46,0
2026-07-20 19:56:00-04:00,2.45,2.46,2.45,2.45,0
2026-07-20 19:57:00-04:00,2.45,2.45,2.44,2.4402,0
2026-07-20 19:58:00-04:00,2.45,2.45,2.44,2.45,0
2026-07-20 19:59:00-04:00,2.45,2.4599,2.44,2.4599,0
