,Open,High,Low,Close,Volume
2026-08-31 04:00:00-04:00,1.01,1.02,1.01,1.02,0
2026-08-31 04:01:00-04:00,1.02,1.024,1.02,1.024,0
2026-08-31 04:03:00-04:00,1.02,1.02,1.02,1.02,0
2026-08-31 04:05:00-04:00,0.9996,0.9996,0.9996,0.9996,0
2026-08-31 04:09:00-04:00,1.03,1.03,1.0,1.0,0
2026-08-31 04:11:00-04:00,1.01,1.01,1.0003,1.01,0
2026-08-31 04:17:00-04:00,1.0003,1.0003,1.0003,1.0003,0
2026-08-31 04:24:00-04:00,1.04,1.04,1.0,1.0,0
2026-08-31 04:26:00-04:00,1.0,1.0,1.0,1.0,0
2026-08-31 04:29:00-04:00,1.004,1.004,1.004,1.004,0
2026-08-31 04:30:00-04:00,1.0009,1.0009,1.0009,1.0009,0
2026-08-31 04:37:00-04:00,1.01,1.01,1.0,1.0,0
2026-08-31 04:42:00-04:00,1.004,1.004,1.004,1.004,0
2026-08-31 04:51:00-04:00,1.0016,1.0016,1.0016,1.0016,0
2026-08-31 04:52:00-04:00,1.0002,1.0002,1.0002,1.0002,0
2026-08-31 04:53:00-04:00,1.01,1.01,1.0,1.0,0
2026-08-31 04:59:00-04:00,1.01,1.01,1.01,1.01,0
2026-08-31 05:01:00-04:00,1.04,1.04,1.04,1.04,0
2026-08-31 05:02:00-04:00,1.0032,1.0032,1.0032,1.0032,0
2026-08-31 05:03:00-04:00,1.01,1.01,1.01,1.01,0
2026-08-31 05:12:00-04:00,1.04,1.04,1.04,1.04,0
2026-08-31 05:13:00-04:00,1.04,1.04,1.04,1.04,0
2026-08-31 05:14:00-04:00,1.0102,1.0102,1.0102,1.0102,0
2026-08-31 05:17:00-04:00,1.0124,1.0124,1.0124,1.0124,0
2026-08-31 05:19:00-04:00,1.0397,1.0397,1.0397,1.0397,0
2026-08-31 05:20:00-04:00,1.04,1.04,1.0124,1.0124,0
2026-08-31 05:31:00-04:00,1.0102,1.0102,1.0102,1.0102,0
2026-08-31 05:32:00-04:00,1.0124,1.0124,1.0124,1.0124,0
2026-08-31 05:49:00-04:00,1.01,1.01,1.01,1.01,0
2026-08-31 05:52:00-04:00,1.01,1.01,1.01,1.01,0
2026-08-31 05:53:00-04:00,1.01,1.01,1.01,1.01,0
2026-08-31 06:21:00-04:00,1.02,1.02,1.02,1.02,0
2026-08-31 06:41:00-04:00,1.02,1.02,1.02,1.02,0
2026-08-31 06:45:00-04:00,1.02,1.02,1.02,1.02,0
2026-08-31 06:53:00-04:00,1.02,1.02,1.01,1.01,0
2026-08-31 07:01:00-04:00,0.9995,0.9995,0.9995,0.9995,0
2026-08-31 07:07:00-04:00,0.98,0.98,0.98,0.98,0
2026-08-31 07:09:00-04:00,0.9995,0.9995,0.9995,0.9995,0
2026-08-31 07:12:00-04:00,1.0148,1.0148,1.0148,1.0148,0
2026-08-31 07:18:00-04:00,1.0284,1.0284,1.0284,1.0284,0
2026-08-31 07:19:00-04:00,1.0284,1.0284,1.0284,1.0284,0
2026-08-31 07:29:00-04:00,1.0299,1.0299,1.01,1.01,0
2026-08-31 07:31:00-04:00,0.995,0.995,0.995,0.995,0
2026-08-31 07:33:00-04:00,0.995,0.995,0.995,0.995,0
2026-08-31 07:35:00-04:00,1.02,1.02,1.02,1.02,0
2026-08-31 07:36:00-04:00,1.0199,1.0199,1.0103,1.0103,0
2026-08-31 07:37:00-04:00,1.02,1.02,1.01,1.01,0
2026-08-31 07:38:00-04:00,1.02,1.02,1.02,1.02,0
2026-08-31 07:39:00-04:00,1.0184,1.0184,1.0184,1.0184,0
2026-08-31 07:40:00-04:00,1.0184,1.0184,1.0184,1.0184,0
2026-08-31 07:41:00-04:00,1.0199,1.0199,1.0199,1.0199,0
2026-08-31 07:43:00-04:00,1.0016,1.0016,1.0016,1.0016,0
2026-08-31 07:44:00-04:00,1.01,1.01,1.01,1.01,0
2026-08-31 07:46:00-04:00,1.0101,1.0101,1.0101,1.0101,0
2026-08-31 07:47:00-04:00,1.01,1.01,1.01,1.01,0
2026-08-31 07:49:00-04:00,1.01,1.02,1.01,1.02,0
2026-08-31 07:52:00-04:00,1.02,1.02,1.02,1.02,0
2026-08-31 07:53:00-04:00,1.02,1.02,1.02,1.02,0
2026-08-31 07:54:00-04:00,1.0032,1.0032,1.0032,1.0032,0
2026-08-31 07:55:00-04:00,1.0014,1.0014,1.0014,1.0014,0
2026-08-31 08:06:00-04:00,1.0,1.0,1.0,1.0,0
2026-08-31 08:10:00-04:00,1.0011,1.0011,1.0011,1.0011,0
2026-08-31 08:12:00-04:00,1.0,1.0008,1.0,1.0,0
2026-08-31 08:14:00-04:00,1.0032,1.0032,1.0032,1.0032,0
2026-08-31 08:15:00-04:00,1.0,1.0,1.0,1.0,0
2026-08-31 08:19:00-04:00,1.0002,1.0002,1.0002,1.0002,0
2026-08-31 08:26:00-04:00,1.0,1.0,1.0,1.0,0
2026-08-31 08:37:00-04:00,1.0,1.0,1.0,1.0,0
2026-08-31 08:43:00-04:00,1.0202,1.0202,1.0202,1.0202,0
2026-08-31 08:47:00-04:00,1.0216,1.0216,1.0216,1.0216,0
2026-08-31 08:56:00-04:00,1.0216,1.0216,1.0216,1.0216,0
2026-08-31 09:00:00-04:00,1.0216,1.0216,1.0216,1.0216,0
2026-08-31 09:02:00-04:00,1.02,1.02,1.02,1.02,0
2026-08-31 09:03:00-04:00,1.01,1.01,1.01,1.01,0
2026-08-31 09:16:00-04:00,1.02,1.02,1.02,1.02,0
2026-08-31 09:17:00-04:00,1.02,1.02,1.02,1.02,0
2026-08-31 09:21:00-04:00,1.02,1.02,1.02,1.02,0
2026-08-31 09:29:00-04:00,1.04,1.04,1.04,1.04,0
2026-08-31 09:30:00-04:00,1.0299999713897705,1.034000039100647,1.0299999713897705,1.034000039100647,126265
2026-08-31 09:31:00-04:00,1.0299999713897705,1.0499999523162842,1.0199999809265137,1.0499999523162842,12317
2026-08-31 09:32:00-04:00,1.059999942779541,1.0800000429153442,1.059999942779541,1.0800000429153442,3789
2026-08-31 09:34:00-04:00,1.059999942779541,1.059999942779541,1.0210000276565552,1.0210000276565552,1092
2026-08-31 09:37:00-04:00,1.0499999523162842,1.0499999523162842,1.0347000360488892,1.0347000360488892,2843
2026-08-31 09:39:00-04:00,1.0759999752044678,1.0759999752044678,1.0759999752044678,1.0759999752044678,140
2026-08-31 09:40:00-04:00,1.0499999523162842,1.0700000524520874,1.0499999523162842,1.065000057220459,9842
2026-08-31 09:41:00-04:00,1.1100000143051147,1.1100000143051147,1.1100000143051147,1.1100000143051147,190
2026-08-31 09:42:00-04:00,1.100000023841858,1.100000023841858,1.100000023841858,1.100000023841858,780
2026-08-31 09:43:00-04:00,1.100000023841858,1.100000023841858,1.0820000171661377,1.089400053024292,1433
2026-08-31 09:44:00-04:00,1.0800000429153442,1.0800000429153442,1.0470000505447388,1.0750000476837158,3123
2026-08-31 09:49:00-04:00,1.100000023841858,1.100000023841858,1.100000023841858,1.100000023841858,462
2026-08-31 09:50:00-04:00,1.090000033378601,1.090000033378601,1.090000033378601,1.090000033378601,54
2026-08-31 09:51:00-04:00,1.0800000429153442,1.1100000143051147,1.0800000429153442,1.1019999980926514,4953
2026-08-31 09:52:00-04:00,1.1100000143051147,1.1100000143051147,1.1100000143051147,1.1100000143051147,3919
2026-08-31 09:53:00-04:00,1.1100000143051147,1.1100000143051147,1.1004999876022339,1.1004999876022339,1282
2026-08-31 09:54:00-04:00,1.108299970626831,1.108299970626831,1.0800000429153442,1.0850000381469727,898
2026-08-31 09:57:00-04:00,1.0800000429153442,1.0800000429153442,1.0800000429153442,1.0800000429153442,1055
2026-08-31 10:00:00-04:00,1.0800000429153442,1.0800000429153442,1.0800000429153442,1.0800000429153442,200
2026-08-31 10:01:00-04:00,1.0800000429153442,1.0800000429153442,1.059999942779541,1.059999942779541,2282
2026-08-31 10:05:00-04:00,1.0800000429153442,1.0800000429153442,1.0615999698638916,1.0615999698638916,2064
2026-08-31 10:06:00-04:00,1.090000033378601,1.090000033378601,1.090000033378601,1.090000033378601,1276
2026-08-31 10:07:00-04:00,1.0996999740600586,1.0996999740600586,1.0996999740600586,1.0996999740600586,500
2026-08-31 10:08:00-04:00,1.0750000476837158,1.0750000476837158,1.0750000476837158,1.0750000476837158,308
2026-08-31 10:12:00-04:00,1.0750000476837158,1.0750000476837158,1.0750000476837158,1.0750000476837158,2452
2026-08-31 10:13:00-04:00,1.0750000476837158,1.0750000476837158,1.051200032234192,1.0750000476837158,1931
2026-08-31 10:14:00-04:00,1.0750000476837158,1.0750000476837158,1.0750000476837158,1.0750000476837158,2303
2026-08-31 10:15:00-04:00,1.059999942779541,1.059999942779541,1.0399999618530273,1.0499999523162842,13062
2026-08-31 10:16:00-04:00,1.0449999570846558,1.0449999570846558,1.0399999618530273,1.0399999618530273,2221
2026-08-31 10:18:00-04:00,1.0299999713897705,1.0299999713897705,1.0299999713897705,1.0299999713897705,1329
2026-08-31 10:19:00-04:00,1.0499999523162842,1.0499999523162842,1.0499999523162842,1.0499999523162842,1353
2026-08-31 10:21:00-04:00,1.0449999570846558,1.0449999570846558,1.0449999570846558,1.0449999570846558,917
2026-08-31 10:23:00-04:00,1.0399999618530273,1.0399999618530273,1.034999966621399,1.034999966621399,869
2026-08-31 10:26:00-04:00,1.0499999523162842,1.0499999523162842,1.0499999523162842,1.0499999523162842,131
2026-08-31 10:27:00-04:00,1.0499999523162842,1.0499999523162842,1.0499999523162842,1.0499999523162842,513
2026-08-31 10:28:00-04:00,1.0299999713897705,1.0299999713897705,1.0299999713897705,1.0299999713897705,300
2026-08-31 10:29:00-04:00,1.0299999713897705,1.0299999713897705,1.0199999809265137,1.0202000141143799,7441
2026-08-31 10:30:00-04:00,1.0202000141143799,1.0331000089645386,1.0199999809265137,1.0331000089645386,2297
2026-08-31 10:31:00-04:00,1.0210000276565552,1.0211000442504883,1.0199999809265137,1.0199999809265137,8993
2026-08-31 10:32:00-04:00,1.0200999975204468,1.0200999975204468,1.0200999975204468,1.0200999975204468,6071
2026-08-31 10:35:00-04:00,1.0299999713897705,1.0299999713897705,1.0299999713897705,1.0299999713897705,1960
2026-08-31 10:36:00-04:00,1.0199999809265137,1.0399999618530273,1.0199999809265137,1.0399999618530273,6026
2026-08-31 10:39:00-04:00,1.0399999618530273,1.0399999618530273,1.0399999618530273,1.0399999618530273,1260
2026-08-31 10:40:00-04:00,1.0399999618530273,1.0399999618530273,1.0399999618530273,1.0399999618530273,1412
2026-08-31 10:41:00-04:00,1.0449999570846558,1.0449999570846558,1.0449999570846558,1.0449999570846558,2400
2026-08-31 10:43:00-04:00,1.0449999570846558,1.0449999570846558,1.020900011062622,1.020900011062622,0
2026-08-31 10:44:00-04:00,1.0528000593185425,1.0528000593185425,1.0199999809265137,1.0199999809265137,1827
2026-08-31 10:45:00-04:00,1.0449999570846558,1.0449999570846558,1.0449999570846558,1.0449999570846558,428
2026-08-31 10:47:00-04:00,1.0449999570846558,1.100000023841858,1.0449999570846558,1.100000023841858,48316
2026-08-31 10:48:00-04:00,1.0750000476837158,1.0750000476837158,1.0750000476837158,1.0750000476837158,5996
2026-08-31 10:51:00-04:00,1.0499999523162842,1.0549999475479126,1.0454000234603882,1.0549999475479126,3000
2026-08-31 10:52:00-04:00,1.0478999614715576,1.0478999614715576,1.0478999614715576,1.0478999614715576,516
2026-08-31 10:55:00-04:00,1.0399999618530273,1.0399999618530273,1.0399999618530273,1.0399999618530273,301
2026-08-31 10:57:00-04:00,1.0299999713897705,1.0299999713897705,1.0299999713897705,1.0299999713897705,1400
2026-08-31 10:58:00-04:00,1.0449999570846558,1.0449999570846558,1.0449999570846558,1.0449999570846558,1648
2026-08-31 11:02:00-04:00,1.0396000146865845,1.0396000146865845,1.0396000146865845,1.0396000146865845,189
2026-08-31 11:03:00-04:00,1.0399999618530273,1.0399999618530273,1.0399999618530273,1.0399999618530273,510
2026-08-31 11:05:00-04:00,1.0399999618530273,1.051900029182434,1.030400037765503,1.0449999570846558,9536
2026-08-31 11:08:00-04:00,1.0399999618530273,1.0449999570846558,1.0399999618530273,1.0449999570846558,1853
2026-08-31 11:12:00-04:00,1.0404000282287598,1.0404000282287598,1.0399999618530273,1.0399999618530273,366
2026-08-31 11:16:00-04:00,1.0449999570846558,1.0449999570846558,1.0449999570846558,1.0449999570846558,1864
2026-08-31 11:18:00-04:00,1.0399999618530273,1.0399999618530273,1.0399999618530273,1.0399999618530273,1004
2026-08-31 11:26:00-04:00,1.034999966621399,1.034999966621399,1.034999966621399,1.034999966621399,606
2026-08-31 11:27:00-04:00,1.0374000072479248,1.0374000072479248,1.0374000072479248,1.0374000072479248,428
2026-08-31 11:32:00-04:00,1.0399999618530273,1.0399999618530273,1.0306999683380127,1.0306999683380127,532
2026-08-31 11:35:00-04:00,1.0399999618530273,1.0399999618530273,1.0399999618530273,1.0399999618530273,400
2026-08-31 11:36:00-04:00,1.0399999618530273,1.0399999618530273,1.0399999618530273,1.0399999618530273,343
2026-08-31 11:38:00-04:00,1.045699954032898,1.045699954032898,1.045699954032898,1.045699954032898,400
2026-08-31 11:39:00-04:00,1.0399999618530273,1.0399999618530273,1.0399999618530273,1.0399999618530273,800
2026-08-31 11:41:00-04:00,1.0399999618530273,1.0399999618530273,1.0299999713897705,1.0299999713897705,5399
2026-08-31 11:42:00-04:00,1.0199999809265137,1.0199999809265137,1.0199999809265137,1.0199999809265137,14465
2026-08-31 11:45:00-04:00,1.034999966621399,1.034999966621399,1.034999966621399,1.034999966621399,1184
2026-08-31 11:58:00-04:00,1.0199999809265137,1.0199999809265137,1.0199999809265137,1.0199999809265137,650
2026-08-31 11:59:00-04:00,1.0199999809265137,1.0199999809265137,1.0199999809265137,1.0199999809265137,3132
2026-08-31 12:01:00-04:00,1.0202000141143799,1.0202000141143799,1.0199999809265137,1.0199999809265137,2189
2026-08-31 12:07:00-04:00,1.0299999713897705,1.0299999713897705,1.0299999713897705,1.0299999713897705,121
2026-08-31 12:09:00-04:00,1.0399999618530273,1.0399999618530273,1.0399999618530273,1.0399999618530273,330
2026-08-31 12:15:00-04:00,1.0299999713897705,1.0299999713897705,1.0199999809265137,1.0299999713897705,4404
2026-08-31 12:16:00-04:00,1.0399999618530273,1.0399999618530273,1.034999966621399,1.034999966621399,300
2026-08-31 12:18:00-04:00,1.0399999618530273,1.0399999618530273,1.034999966621399,1.034999966621399,2863
2026-08-31 12:20:00-04:00,1.034999966621399,1.034999966621399,1.034999966621399,1.034999966621399,869
2026-08-31 12:21:00-04:00,1.0399999618530273,1.0399999618530273,1.0399999618530273,1.0399999618530273,487
2026-08-31 12:23:00-04:00,1.0399999618530273,1.0399999618530273,1.0399999618530273,1.0399999618530273,252
2026-08-31 12:24:00-04:00,1.0399999618530273,1.0399999618530273,1.0399999618530273,1.0399999618530273,776
2026-08-31 12:25:00-04:00,1.0399999618530273,1.0399999618530273,1.0399999618530273,1.0399999618530273,789
2026-08-31 12:32:00-04:00,1.0499999523162842,1.0499999523162842,1.0499999523162842,1.0499999523162842,9115
2026-08-31 12:36:00-04:00,1.0299999713897705,1.0299999713897705,1.0299999713897705,1.0299999713897705,7111
2026-08-31 12:42:00-04:00,1.0405000448226929,1.0405000448226929,1.0405000448226929,1.0405000448226929,303
2026-08-31 12:44:00-04:00,1.065000057220459,1.065000057220459,1.065000057220459,1.065000057220459,2606
2026-08-31 12:46:00-04:00,1.0499999523162842,1.0499999523162842,1.0499999523162842,1.0499999523162842,670
2026-08-31 12:51:00-04:00,1.065000057220459,1.065000057220459,1.065000057220459,1.065000057220459,1019
2026-08-31 12:57:00-04:00,1.0399999618530273,1.0399999618530273,1.0399999618530273,1.0399999618530273,200
2026-08-31 12:58:00-04:00,1.0392999649047852,1.0400999784469604,1.0392999649047852,1.0400999784469604,444
2026-08-31 13:00:00-04:00,1.0399999618530273,1.0399999618530273,1.0399999618530273,1.0399999618530273,521
2026-08-31 13:02:00-04:00,1.0400999784469604,1.0499999523162842,1.0400999784469604,1.0499999523162842,1512
2026-08-31 13:05:00-04:00,1.0299999713897705,1.0299999713897705,1.0299999713897705,1.0299999713897705,2035
2026-08-31 13:09:00-04:00,1.034999966621399,1.034999966621399,1.034999966621399,1.034999966621399,300
2026-08-31 13:12:00-04:00,1.0299999713897705,1.0299999713897705,1.0299999713897705,1.0299999713897705,442
2026-08-31 13:21:00-04:00,1.0322999954223633,1.0322999954223633,1.0322999954223633,1.0322999954223633,4000
2026-08-31 13:22:00-04:00,1.0393999814987183,1.0393999814987183,1.0328999757766724,1.0328999757766724,0
2026-08-31 13:35:00-04:00,1.0299999713897705,1.0299999713897705,1.0199999809265137,1.0199999809265137,1772
2026-08-31 13:36:00-04:00,1.0199999809265137,1.0199999809265137,1.0199999809265137,1.0199999809265137,301
2026-08-31 13:40:00-04:00,1.0268000364303589,1.0268000364303589,1.0268000364303589,1.0268000364303589,2937
2026-08-31 13:47:00-04:00,1.0104000568389893,1.0104000568389893,1.0104000568389893,1.0104000568389893,2134
2026-08-31 13:49:00-04:00,1.0199999809265137,1.0199999809265137,1.0199999809265137,1.0199999809265137,1217
2026-08-31 13:50:00-04:00,1.0149999856948853,1.0149999856948853,1.0149999856948853,1.0149999856948853,111
2026-08-31 13:51:00-04:00,1.0199999809265137,1.0199999809265137,1.0199999809265137,1.0199999809265137,844
2026-08-31 13:53:00-04:00,1.0299999713897705,1.0399999618530273,1.0299999713897705,1.0399999618530273,9902
2026-08-31 13:57:00-04:00,1.0299999713897705,1.0364999771118164,1.0299999713897705,1.0364999771118164,1840
2026-08-31 14:04:00-04:00,1.0299999713897705,1.0299999713897705,1.0299999713897705,1.0299999713897705,771
2026-08-31 14:06:00-04:00,1.0299999713897705,1.0399999618530273,1.0299999713897705,1.0399999618530273,23594
2026-08-31 14:08:00-04:00,1.0299999713897705,1.0299999713897705,1.0299999713897705,1.0299999713897705,421
2026-08-31 14:10:00-04:00,1.0299999713897705,1.0299999713897705,1.0299999713897705,1.0299999713897705,248
2026-08-31 14:12:00-04:00,1.0199999809265137,1.0199999809265137,1.0199999809265137,1.0199999809265137,464
2026-08-31 14:16:00-04:00,1.0299999713897705,1.0299999713897705,1.0299999713897705,1.0299999713897705,250
2026-08-31 14:17:00-04:00,1.024999976158142,1.024999976158142,1.024999976158142,1.024999976158142,1147
2026-08-31 14:29:00-04:00,1.0206999778747559,1.0299999713897705,1.0206999778747559,1.0299999713897705,640
2026-08-31 14:32:00-04:00,1.0299999713897705,1.0299999713897705,1.0299999713897705,1.0299999713897705,202
2026-08-31 14:33:00-04:00,1.0299999713897705,1.0299999713897705,1.0204999446868896,1.0299999713897705,640
2026-08-31 14:35:00-04:00,1.0204999446868896,1.0299999713897705,1.0204999446868896,1.0299999713897705,88
2026-08-31 14:37:00-04:00,1.0204999446868896,1.0299999713897705,1.0199999809265137,1.0299999713897705,6496
2026-08-31 14:38:00-04:00,1.0299999713897705,1.0299999713897705,1.0299999713897705,1.0299999713897705,706
2026-08-31 14:42:00-04:00,1.039199948310852,1.0399999618530273,1.0199999809265137,1.0199999809265137,1326
2026-08-31 14:48:00-04:00,1.0299999713897705,1.0299999713897705,1.0299999713897705,1.0299999713897705,1187
2026-08-31 14:51:00-04:00,1.0199999809265137,1.0199999809265137,1.0199999809265137,1.0199999809265137,183
2026-08-31 15:00:00-04:00,1.0219999551773071,1.0219999551773071,1.0219999551773071,1.0219999551773071,176
2026-08-31 15:02:00-04:00,1.0277999639511108,1.0277999639511108,1.0277999639511108,1.0277999639511108,320
2026-08-31 15:03:00-04:00,1.0399999618530273,1.0399999618530273,1.0399999618530273,1.0399999618530273,8
2026-08-31 15:07:00-04:00,1.0299999713897705,1.0299999713897705,1.0299999713897705,1.0299999713897705,300
2026-08-31 15:08:00-04:00,1.0399999618530273,1.0399999618530273,1.0399999618530273,1.0399999618530273,50
2026-08-31 15:11:00-04:00,1.0399999618530273,1.0399999618530273,1.0396000146865845,1.0396000146865845,1100
2026-08-31 15:13:00-04:00,1.0399999618530273,1.0399999618530273,1.0399999618530273,1.0399999618530273,0
2026-08-31 15:16:00-04:00,1.0399999618530273,1.0399999618530273,1.0399999618530273,1.0399999618530273,213
2026-08-31 15:18:00-04:00,1.0299999713897705,1.0399999618530273,1.0199999809265137,1.0199999809265137,1800
2026-08-31 15:20:00-04:00,1.0399999618530273,1.0399999618530273,1.0399999618530273,1.0399999618530273,125
2026-08-31 15:22:00-04:00,1.0299999713897705,1.0399999618530273,1.0299999713897705,1.0399999618530273,977
2026-08-31 15:24:00-04:00,1.031999945640564,1.0399999618530273,1.031999945640564,1.0399999618530273,800
2026-08-31 15:25:00-04:00,1.031999945640564,1.031999945640564,1.031999945640564,1.031999945640564,242
2026-08-31 15:26:00-04:00,1.034999966621399,1.034999966621399,1.0299999713897705,1.031000018119812,5476
2026-08-31 15:29:00-04:00,1.0399999618530273,1.0399999618530273,1.0299999713897705,1.0299999713897705,7900
2026-08-31 15:30:00-04:00,1.0399999618530273,1.0399999618530273,1.0399999618530273,1.0399999618530273,0
2026-08-31 15:31:00-04:00,1.0299999713897705,1.0299999713897705,1.0299999713897705,1.0299999713897705,632
2026-08-31 15:32:00-04:00,1.030400037765503,1.0398000478744507,1.030400037765503,1.0398000478744507,2970
2026-08-31 15:33:00-04:00,1.0396000146865845,1.0396000146865845,1.0299999713897705,1.0299999713897705,1355
2026-08-31 15:36:00-04:00,1.0299999713897705,1.0364999771118164,1.0299999713897705,1.0364999771118164,795
2026-08-31 15:37:00-04:00,1.0299999713897705,1.034999966621399,1.0299999713897705,1.0299999713897705,2905
2026-08-31 15:38:00-04:00,1.0299999713897705,1.0399999618530273,1.0299999713897705,1.034999966621399,474
2026-08-31 15:39:00-04:00,1.0363999605178833,1.0363999605178833,1.0299999713897705,1.0299999713897705,596
2026-08-31 15:40:00-04:00,1.0299999713897705,1.034999966621399,1.0299999713897705,1.034999966621399,314
2026-08-31 15:41:00-04:00,1.0300999879837036,1.0300999879837036,1.0300999879837036,1.0300999879837036,898
2026-08-31 15:42:00-04:00,1.034999966621399,1.034999966621399,1.0300999879837036,1.0300999879837036,1974
2026-08-31 15:43:00-04:00,1.034999966621399,1.0499999523162842,1.034999966621399,1.0399999618530273,19672
2026-08-31 15:44:00-04:00,1.034999966621399,1.0398000478744507,1.034999966621399,1.0398000478744507,1006
2026-08-31 15:45:00-04:00,1.0399999618530273,1.0399999618530273,1.0399999618530273,1.0399999618530273,200
2026-08-31 15:46:00-04:00,1.0399999618530273,1.0399999618530273,1.034999966621399,1.0399999618530273,2215
2026-08-31 15:50:00-04:00,1.034999966621399,1.034999966621399,1.034999966621399,1.034999966621399,1276
2026-08-31 15:51:00-04:00,1.0299999713897705,1.034999966621399,1.0299999713897705,1.034999966621399,400
2026-08-31 15:52:00-04:00,1.034999966621399,1.034999966621399,1.0300999879837036,1.034999966621399,1500
2026-08-31 15:53:00-04:00,1.0199999809265137,1.0299999713897705,1.0199999809265137,1.0299999713897705,1718
2026-08-31 15:54:00-04:00,1.0299999713897705,1.0299999713897705,1.0299999713897705,1.0299999713897705,699
2026-08-31 15:55:00-04:00,1.0299999713897705,1.0299999713897705,1.0299999713897705,1.0299999713897705,2405
2026-08-31 15:56:00-04:00,1.0299999713897705,1.0299999713897705,1.0299999713897705,1.0299999713897705,1956
2026-08-31 15:57:00-04:00,1.0297000408172607,1.0299999713897705,1.024999976158142,1.024999976158142,4369
2026-08-31 15:58:00-04:00,1.027999997138977,1.034999966621399,1.027999997138977,1.0299999713897705,8517
2026-08-31 15:59:00-04:00,1.0299999713897705,1.0299999713897705,1.024999976158142,1.024999976158142,3139
2026-08-31 16:00:00-04:00,1.01,1.03,1.01,1.03,4539
2026-08-31 16:04:00-04:00,1.01,1.01,1.01,1.01,0
2026-08-31 16:10:00-04:00,1.01,1.01,1.01,1.01,0
2026-08-31 16:12:00-04:00,1.0103,1.0103,1.0103,1.0103,0
2026-08-31 16:13:00-04:00,1.02,1.0297,1.02,1.0297,0
2026-08-31 16:15:00-04:00,1.01,1.01,1.01,1.01,0
2026-08-31 16:16:00-04:00,1.01,1.01,1.01,1.01,0
2026-08-31 16:17:00-04:00,1.0119,1.012,1.01,1.01,0
2026-08-31 16:24:00-04:00,1.03,1.03,1.03,1.03,0
2026-08-31 16:30:00-04:00,1.02,1.02,1.02,1.02,0
2026-08-31 16:32:00-04:00,1.02,1.02,1.02,1.02,0
2026-08-31 16:35:00-04:00,1.0299,1.0299,1.02,1.02,0
2026-08-31 16:36:00-04:00,1.03,1.03,1.0228,1.0228,0
2026-08-31 16:38:00-04:00,1.02,1.02,1.01,1.01,0
2026-08-31 16:41:00-04:00,1.01,1.01,1.01,1.01,0
2026-08-31 16:45:00-04:00,1.0,1.0001,1.0,1.0001,0
2026-08-31 16:46:00-04:00,1.0,1.0,1.0,1.0,0
2026-08-31 16:52:00-04:00,1.0098,1.0098,1.0098,1.0098,0
2026-08-31 16:56:00-04:00,1.0,1.0,1.0,1.0,0
2026-08-31 17:01:00-04:00,1.0,1.0,1.0,1.0,0
2026-08-31 17:04:00-04:00,1.0,1.0,0.99,0.99,0
2026-08-31 17:06:00-04:00,0.982,0.982,0.98,0.98,0
2026-08-31 17:07:00-04:00,0.98,0.98,0.96,0.96,0
2026-08-31 17:08:00-04:00,0.9607,0.9607,0.94,0.95,0
2026-08-31 17:09:00-04:00,0.95,0.95,0.95,0.95,0
2026-08-31 17:23:00-04:00,0.9746,0.9746,0.9746,0.9746,0
2026-08-31 17:26:00-04:00,0.98,0.98,0.98,0.98,0
2026-08-31 17:27:00-04:00,0.9799,0.9799,0.9799,0.9799,0
2026-08-31 17:29:00-04:00,0.9799,0.9799,0.975,0.9799,0
2026-08-31 17:31:00-04:00,0.9701,0.9701,0.9701,0.9701,0
2026-08-31 17:41:00-04:00,0.998,0.998,0.998,0.998,0
2026-08-31 17:44:00-04:00,0.998,0.998,0.998,0.998,0
2026-08-31 17:45:00-04:00,1.01,1.01,1.01,1.01,0
2026-08-31 17:46:00-04:00,1.01,1.01,1.01,1.01,0
2026-08-31 17:48:00-04:00,1.0,1.0,1.0,1.0,0
2026-08-31 17:50:00-04:00,1.0004,1.0004,1.0004,1.0004,0
2026-08-31 17:52:00-04:00,1.01,1.01,1.01,1.01,0
2026-08-31 17:54:00-04:00,1.0,1.0,1.0,1.0,0
2026-08-31 18:16:00-04:00,0.9999,0.9999,0.9999,0.9999,0
2026-08-31 18:25:00-04:00,0.9999,0.9999,0.9999,0.9999,0
2026-08-31 18:31:00-04:00,1.0,1.0,1.0,1.0,0
2026-08-31 18:32:00-04:00,1.0,1.0,0.9999,0.9999,0
2026-08-31 18:53:00-04:00,1.0,1.0,1.0,1.0,0
2026-08-31 19:07:00-04:00,1.0,1.0,1.0,1.0,0
2026-08-31 19:08:00-04:00,0.971,0.971,0.971,0.971,0
2026-08-31 19:09:00-04:00,0.971,0.971,0.971,0.971,0
2026-08-31 19:17:00-04:00,0.9999,0.9999,0.9999,0.9999,0
2026-08-31 19:18:00-04:00,0.971,0.9905,0.971,0.9905,0
2026-08-31 19:30:00-04:00,0.971,0.971,0.971,0.971,0
2026-08-31 19:34:00-04:00,0.9721,0.9721,0.9721,0.9721,0
2026-08-31 19:45:00-04:00,0.9899,0.9899,0.9899,0.9899,0
2026-08-31 19:48:00-04:00,0.9999,0.9999,0.9999,0.9999,0
2026-08-31 19:50:00-04:00,0.98,0.98,0.98,0.98,0
2026-08-31 19:54:00-04:00,0.98,0.98,0.98,0.98,0
2026-08-31 19:56:00-04:00,0.98,0.98,0.98,0.98,0
2026-09-01 04:00:00-04:00,1.03,1.03,0.9797,0.98,0
2026-09-01 04:08:00-04:00,0.9816,0.9816,0.9803,0.9803,0
2026-09-01 04:14:00-04:00,1.0,1.0,1.0,1.0,0
2026-09-01 04:17:00-04:00,1.01,1.01,1.01,1.01,0
2026-09-01 04:22:00-04:00,1.01,1.01,1.01,1.01,0
2026-09-01 04:29:00-04:00,1.01,1.01,1.0003,1.0003,0
2026-09-01 05:05:00-04:00,1.01,1.01,1.0003,1.0003,0
2026-09-01 05:29:00-04:00,1.0018,1.0018,1.0018,1.0018,0
2026-09-01 05:33:00-04:00,1.03,1.0497,1.03,1.0497,0
2026-09-01 05:43:00-04:00,1.01,1.01,1.01,1.01,0
2026-09-01 06:03:00-04:00,1.0,1.0,1.0,1.0,0
2026-09-01 06:12:00-04:00,1.0032,1.0032,1.0032,1.0032,0
2026-09-01 06:13:00-04:00,1.03,1.03,1.03,1.03,0
2026-09-01 06:14:00-04:00,1.0067,1.0067,1.0067,1.0067,0
2026-09-01 06:20:00-04:00,1.01,1.01,1.01,1.01,0
2026-09-01 06:24:00-04:00,1.0291,1.0291,1.0291,1.0291,0
2026-09-01 06:26:00-04:00,1.0032,1.0032,1.0032,1.0032,0
2026-09-01 06:41:00-04:00,1.03,1.03,1.03,1.03,0
2026-09-01 06:47:00-04:00,1.03,1.03,1.03,1.03,0
2026-09-01 06:53:00-04:00,1.0184,1.0184,1.0184,1.0184,0
2026-09-01 06:54:00-04:00,1.0191,1.02,1.0191,1.02,0
2026-09-01 07:00:00-04:00,1.01,1.01,1.01,1.01,0
2026-09-01 07:06:00-04:00,1.002,1.002,1.002,1.002,0
2026-09-01 07:07:00-04:00,1.0,1.0,1.0,1.0,0
2026-09-01 07:08:00-04:00,1.001,1.001,1.001,1.001,0
2026-09-01 07:14:00-04:00,1.004,1.004,1.004,1.004,0
2026-09-01 07:15:00-04:00,1.0011,1.0011,1.0011,1.0011,0
2026-09-01 07:20:00-04:00,1.0,1.0018,1.0,1.0018,0
2026-09-01 07:55:00-04:00,1.0032,1.0032,1.0032,1.0032,0
2026-09-01 07:56:00-04:00,1.04,1.04,1.04,1.04,0
2026-09-01 07:59:00-04:00,1.0,1.0,1.0,1.0,0
2026-09-01 08:09:00-04:00,1.0,1.0,1.0,1.0,0
2026-09-01 08:16:00-04:00,1.02,1.02,1.02,1.02,0
2026-09-01 08:27:00-04:00,1.01,1.01,1.01,1.01,0
2026-09-01 08:29:00-04:00,1.0,1.01,1.0,1.01,0
2026-09-01 08:31:00-04:00,1.01,1.01,1.0,1.0,0
2026-09-01 08:33:00-04:00,1.0,1.0,1.0,1.0,0
2026-09-01 08:34:00-04:00,1.0,1.0,1.0,1.0,0
2026-09-01 08:35:00-04:00,1.0,1.0,1.0,1.0,0
2026-09-01 08:38:00-04:00,1.0,1.0,1.0,1.0,0
2026-09-01 08:41:00-04:00,1.0,1.0,1.0,1.0,0
2026-09-01 08:43:00-04:00,1.01,1.01,1.01,1.01,0
2026-09-01 08:56:00-04:00,1.0,1.0,1.0,1.0,0
2026-09-01 09:03:00-04:00,1.01,1.01,1.01,1.01,0
2026-09-01 09:09:00-04:00,0.995,0.995,0.995,0.995,0
2026-09-01 09:11:00-04:00,1.0397,1.0397,1.0397,1.0397,0
2026-09-01 09:12:00-04:00,1.02,1.02,1.02,1.02,0
2026-09-01 09:23:00-04:00,1.02,1.02,1.02,1.02,0
2026-09-01 09:30:00-04:00,1.0199999809265137,1.0199999809265137,1.0199999809265137,1.0199999809265137,29731
2026-09-01 09:31:00-04:00,1.0299999713897705,1.0299999713897705,1.0199999809265137,1.0199999809265137,701
2026-09-01 09:32:00-04:00,1.0210000276565552,1.0210000276565552,1.0210000276565552,1.0210000276565552,402
2026-09-01 09:33:00-04:00,1.0299999713897705,1.0399999618530273,1.0199999809265137,1.0399999618530273,8004
2026-09-01 09:34:00-04:00,1.0399999618530273,1.0399999618530273,1.0199999809265137,1.0199999809265137,1896
2026-09-01 09:35:00-04:00,1.0199999809265137,1.0199999809265137,1.0199999809265137,1.0199999809265137,1749
2026-09-01 09:37:00-04:00,1.024999976158142,1.024999976158142,1.024999976158142,1.024999976158142,17400
2026-09-01 09:38:00-04:00,1.0119999647140503,1.024999976158142,1.0119999647140503,1.024999976158142,0
2026-09-01 09:39:00-04:00,1.024999976158142,1.024999976158142,1.024999976158142,1.024999976158142,229
2026-09-01 09:42:00-04:00,1.024999976158142,1.0299999713897705,1.024999976158142,1.0299999713897705,300
2026-09-01 09:43:00-04:00,1.024999976158142,1.0299999713897705,1.010699987411499,1.010699987411499,16117
2026-09-01 09:44:00-04:00,1.034999966621399,1.0398999452590942,1.024999976158142,1.024999976158142,18561
2026-09-01 09:45:00-04:00,1.0299999713897705,1.0299999713897705,1.0299999713897705,1.0299999713897705,0
2026-09-01 09:47:00-04:00,1.0202000141143799,1.0202000141143799,1.0199999809265137,1.0202000141143799,3001
2026-09-01 09:48:00-04:00,1.024999976158142,1.024999976158142,1.024999976158142,1.024999976158142,3016
2026-09-01 09:49:00-04:00,1.024999976158142,1.024999976158142,1.0169999599456787,1.0169999599456787,11538
2026-09-01 09:50:00-04:00,1.0199999809265137,1.0199999809265137,1.0199999809265137,1.0199999809265137,1201
2026-09-01 09:51:00-04:00,1.0149999856948853,1.0149999856948853,1.0149999856948853,1.0149999856948853,200
2026-09-01 09:52:00-04:00,1.0149999856948853,1.0149999856948853,1.0149999856948853,1.0149999856948853,4151
2026-09-01 09:56:00-04:00,1.0099999904632568,1.0099999904632568,1.0099999904632568,1.0099999904632568,184
2026-09-01 10:01:00-04:00,1.0099999904632568,1.0099999904632568,1.0099999904632568,1.0099999904632568,5327
2026-09-01 10:03:00-04:00,1.000100016593933,1.000100016593933,1.000100016593933,1.000100016593933,1945
2026-09-01 10:13:00-04:00,1.001099944114685,1.001099944114685,1.001099944114685,1.001099944114685,200
2026-09-01 10:15:00-04:00,1.0099999904632568,1.0099999904632568,1.0099999904632568,1.0099999904632568,386
2026-09-01 10:19:00-04:00,1.0099999904632568,1.0099999904632568,1.0,1.0,1794
2026-09-01 10:22:00-04:00,1.0049999952316284,1.0049999952316284,1.0049999952316284,1.0049999952316284,215
2026-09-01 10:25:00-04:00,1.0003000497817993,1.0003000497817993,1.0003000497817993,1.0003000497817993,599
2026-09-01 10:26:00-04:00,1.0049999952316284,1.0049999952316284,1.0,1.0,450
2026-09-01 10:27:00-04:00,1.0,1.0,1.0,1.0,590
2026-09-01 10:29:00-04:00,1.0049999952316284,1.0049999952316284,1.0019999742507935,1.0019999742507935,1275
2026-09-01 10:31:00-04:00,1.0049999952316284,1.0049999952316284,1.0,1.0049999952316284,2299
2026-09-01 10:33:00-04:00,0.9997000098228455,0.9997000098228455,0.9997000098228455,0.9997000098228455,316
2026-09-01 10:34:00-04:00,0.9979000091552734,0.9979000091552734,0.9979000091552734,0.9979000091552734,934
2026-09-01 10:35:00-04:00,0.9979000091552734,1.0,0.9979000091552734,1.0,1624
2026-09-01 10:37:00-04:00,0.9997000098228455,0.9997000098228455,0.9900000095367432,0.9900000095367432,2965
2026-09-01 10:42:00-04:00,1.0049999952316284,1.0049999952316284,0.9900000095367432,0.9900000095367432,17207
2026-09-01 10:48:00-04:00,1.0099999904632568,1.0099999904632568,1.0099999904632568,1.0099999904632568,10501
2026-09-01 10:49:00-04:00,1.0,1.0,1.0,1.0,8185
2026-09-01 10:50:00-04:00,1.0098999738693237,1.0098999738693237,1.0098999738693237,1.0098999738693237,0
2026-09-01 10:51:00-04:00,1.0098999738693237,1.0098999738693237,1.0098999738693237,1.0098999738693237,4850
2026-09-01 10:52:00-04:00,1.0098999738693237,1.0098999738693237,1.0,1.0049999952316284,10356
2026-09-01 10:53:00-04:00,1.0,1.0,1.0,1.0,5025
2026-09-01 10:55:00-04:00,1.0049999952316284,1.0049999952316284,1.0049999952316284,1.0049999952316284,200
2026-09-01 10:56:00-04:00,0.9907000064849854,0.9907000064849854,0.9907000064849854,0.9907000064849854,254
2026-09-01 10:57:00-04:00,1.0087000131607056,1.016700029373169,0.9800000190734863,0.9800000190734863,2873
2026-09-01 10:58:00-04:00,1.0,1.0,1.0,1.0,300
2026-09-01 10:59:00-04:00,1.0,1.0,1.0,1.0,3754
2026-09-01 11:00:00-04:00,1.0,1.0,1.0,1.0,48
2026-09-01 11:01:00-04:00,0.9900000095367432,1.0054999589920044,0.9800999760627747,1.0054999589920044,4075
2026-09-01 11:02:00-04:00,0.9800999760627747,0.9800999760627747,0.9800999760627747,0.9800999760627747,247
2026-09-01 11:07:00-04:00,0.9901000261306763,0.9901000261306763,0.9901000261306763,0.9901000261306763,2063
2026-09-01 11:08:00-04:00,0.9937000274658203,0.9937000274658203,0.9901000261306763,0.9901000261306763,500
2026-09-01 11:10:00-04:00,1.0,1.0199999809265137,1.0,1.0051000118255615,1881
2026-09-01 11:15:00-04:00,1.000100016593933,1.000100016593933,1.000100016593933,1.000100016593933,165
2026-09-01 11:19:00-04:00,1.0,1.0,1.0,1.0,343
2026-09-01 11:21:00-04:00,1.000100016593933,1.000100016593933,1.000100016593933,1.000100016593933,429
2026-09-01 11:24:00-04:00,0.9901000261306763,0.9901999831199646,0.9901000261306763,0.9901999831199646,514
2026-09-01 11:25:00-04:00,1.0054999589920044,1.0054999589920044,1.0054999589920044,1.0054999589920044,0
2026-09-01 11:26:00-04:00,1.000100016593933,1.000100016593933,1.000100016593933,1.000100016593933,124
2026-09-01 11:28:00-04:00,1.0080000162124634,1.0080000162124634,1.0080000162124634,1.0080000162124634,781
2026-09-01 11:32:00-04:00,1.0051000118255615,1.0051000118255615,1.0051000118255615,1.0051000118255615,286
2026-09-01 11:36:00-04:00,1.0,1.0,1.0,1.0,1277
2026-09-01 11:41:00-04:00,1.0,1.0,0.9998000264167786,0.9998000264167786,4870
2026-09-01 11:46:00-04:00,1.0,1.0,1.0,1.0,220
2026-09-01 11:47:00-04:00,1.0048999786376953,1.0048999786376953,1.0048999786376953,1.0048999786376953,471
2026-09-01 11:53:00-04:00,1.0,1.0,1.0,1.0,892
2026-09-01 12:01:00-04:00,1.0,1.0,1.0,1.0,609
2026-09-01 12:08:00-04:00,0.9905999898910522,0.9905999898910522,0.9905999898910522,0.9905999898910522,1458
2026-09-01 12:10:00-04:00,0.9908000230789185,0.9908000230789185,0.9908000230789185,0.9908000230789185,7671
2026-09-01 12:12:00-04:00,0.995199978351593,0.995199978351593,0.995199978351593,0.995199978351593,0
2026-09-01 12:13:00-04:00,1.0,1.0,1.0,1.0,4917
2026-09-01 12:18:00-04:00,1.0,1.0,1.0,1.0,390
2026-09-01 12:27:00-04:00,1.000100016593933,1.0003999471664429,1.000100016593933,1.0003999471664429,323
2026-09-01 12:29:00-04:00,1.0049999952316284,1.0049999952316284,1.0049999952316284,1.0049999952316284,408
2026-09-01 12:31:00-04:00,1.000100016593933,1.000100016593933,1.000100016593933,1.000100016593933,204
2026-09-01 12:33:00-04:00,1.0,1.0049999952316284,0.9800000190734863,0.9800000190734863,8042
2026-09-01 12:38:00-04:00,0.9900000095367432,0.9901000261306763,0.9900000095367432,0.9901000261306763,3809
2026-09-01 12:41:00-04:00,0.9800999760627747,0.9800999760627747,0.9800999760627747,0.9800999760627747,217
2026-09-01 12:43:00-04:00,1.0099999904632568,1.0099999904632568,0.9950000047683716,0.9987999796867371,12000
2026-09-01 12:44:00-04:00,1.0099999904632568,1.0099999904632568,1.0099999904632568,1.0099999904632568,54
2026-09-01 12:45:00-04:00,1.0,1.0,1.0,1.0,800
2026-09-01 12:49:00-04:00,1.0,1.0,1.0,1.0,2500
2026-09-01 12:52:00-04:00,1.0189000368118286,1.0189000368118286,1.0189000368118286,1.0189000368118286,676
2026-09-01 12:55:00-04:00,1.0099999904632568,1.0099999904632568,1.0099999904632568,1.0099999904632568,600
2026-09-01 12:56:00-04:00,1.0199999809265137,1.0199999809265137,1.0099999904632568,1.0099999904632568,592
2026-09-01 12:57:00-04:00,1.0103000402450562,1.0103000402450562,1.0103000402450562,1.0103000402450562,519
2026-09-01 12:58:00-04:00,1.0099999904632568,1.01010000705719,1.0099999904632568,1.0099999904632568,731
2026-09-01 13:01:00-04:00,1.0099999904632568,1.0099999904632568,1.0,1.0,2870
2026-09-01 13:02:00-04:00,1.0199999809265137,1.0199999809265137,1.0199999809265137,1.0199999809265137,0
2026-09-01 13:08:00-04:00,1.0099999904632568,1.0099999904632568,1.0,1.0,1050
2026-09-01 13:12:00-04:00,1.0063999891281128,1.0063999891281128,1.0063999891281128,1.0063999891281128,1600
2026-09-01 13:13:00-04:00,1.0199999809265137,1.0199999809265137,1.0199999809265137,1.0199999809265137,0
2026-09-01 13:15:00-04:00,1.0099999904632568,1.0099999904632568,1.0099999904632568,1.0099999904632568,112
2026-09-01 13:16:00-04:00,1.0198999643325806,1.0199999809265137,1.0190000534057617,1.0199999809265137,423
2026-09-01 13:18:00-04:00,1.0099999904632568,1.0099999904632568,1.0099999904632568,1.0099999904632568,482
2026-09-01 13:24:00-04:00,1.000100016593933,1.000100016593933,1.000100016593933,1.000100016593933,340
2026-09-01 13:25:00-04:00,1.0,1.0099999904632568,1.0,1.0099999904632568,1421
2026-09-01 13:27:00-04:00,1.0099999904632568,1.0099999904632568,1.0099999904632568,1.0099999904632568,2324
2026-09-01 13:29:00-04:00,1.0,1.0,1.0,1.0,1007
2026-09-01 14:00:00-04:00,1.0199999809265137,1.0199999809265137,1.0199999809265137,1.0199999809265137,252
2026-09-01 14:07:00-04:00,1.0199999809265137,1.0199999809265137,1.0199999809265137,1.0199999809265137,581
2026-09-01 14:08:00-04:00,1.0,1.0,1.0,1.0,0
2026-09-01 14:16:00-04:00,1.0,1.0,0.9800000190734863,0.9800000190734863,686
2026-09-01 14:21:00-04:00,1.0,1.0,1.0,1.0,405
2026-09-01 14:29:00-04:00,0.9998000264167786,1.000100016593933,0.9998000264167786,1.000100016593933,1673
2026-09-01 14:39:00-04:00,0.9810000061988831,0.9810000061988831,0.9810000061988831,0.9810000061988831,600
2026-09-01 14:40:00-04:00,1.000499963760376,1.000499963760376,1.000499963760376,1.000499963760376,263
2026-09-01 14:50:00-04:00,0.9879999756813049,0.9879999756813049,0.9810000061988831,0.9879999756813049,722
2026-09-01 15:02:00-04:00,1.0,1.0,1.0,1.0,645
2026-09-01 15:04:00-04:00,1.0049999952316284,1.0049999952316284,1.0049999952316284,1.0049999952316284,1400
2026-09-01 15:06:00-04:00,1.0049999952316284,1.0049999952316284,1.0049999952316284,1.0049999952316284,424
2026-09-01 15:12:00-04:00,1.0008000135421753,1.0008000135421753,1.0008000135421753,1.0008000135421753,558
2026-09-01 15:18:00-04:00,1.0047999620437622,1.0047999620437622,1.0047999620437622,1.0047999620437622,800
2026-09-01 15:21:00-04:00,1.0099999904632568,1.0099999904632568,1.0099999904632568,1.0099999904632568,2600
2026-09-01 15:30:00-04:00,1.0049999952316284,1.0049999952316284,1.0049999952316284,1.0049999952316284,0
2026-09-01 15:51:00-04:00,1.0049999952316284,1.0049999952316284,1.0049999952316284,1.0049999952316284,740
2026-09-01 15:56:00-04:00,1.0049999952316284,1.0049999952316284,1.0049999952316284,1.0049999952316284,255
2026-09-01 15:59:00-04:00,1.0049999952316284,1.0054999589920044,1.0049999952316284,1.0054999589920044,565
2026-09-01 16:00:00-04:00,1.0,1.0,1.0,1.0,1689
2026-09-01 16:04:00-04:00,1.0,1.0,1.0,1.0,0
2026-09-01 16:06:00-04:00,1.009,1.009,1.009,1.009,0
2026-09-01 16:10:00-04:00,1.0,1.0,1.0,1.0,0
2026-09-01 16:15:00-04:00,1.0,1.0099,1.0,1.0099,0
2026-09-01 16:20:00-04:00,1.01,1.01,1.01,1.01,0
2026-09-01 16:26:00-04:00,1.0099,1.01,1.0099,1.01,0
2026-09-01 16:28:00-04:00,1.0,1.0,1.0,1.0,0
2026-09-01 16:33:00-04:00,1.0,1.0,1.0,1.0,0
2026-09-01 16:34:00-04:00,1.0,1.0,1.0,1.0,0
2026-09-01 16:37:00-04:00,1.0,1.0,1.0,1.0,0
2026-09-01 16:38:00-04:00,1.01,1.01,1.01,1.01,0
2026-09-01 16:41:00-04:00,1.01,1.01,1.01,1.01,0
2026-09-01 16:51:00-04:00,1.0,1.0,0.9801,0.9801,0
2026-09-01 16:57:00-04:00,1.01,1.01,1.01,1.01,0
2026-09-01 17:03:00-04:00,1.01,1.01,1.01,1.01,0
2026-09-01 17:10:00-04:00,1.01,1.01,1.01,1.01,0
2026-09-01 17:34:00-04:00,0.981,0.981,0.981,0.981,0
2026-09-01 17:42:00-04:00,0.981,0.981,0.981,0.981,0
2026-09-01 17:43:00-04:00,0.9811,0.9811,0.9811,0.9811,0
2026-09-01 17:44:00-04:00,0.981,0.981,0.981,0.981,0
2026-09-01 18:07:00-04:00,0.9815,0.9815,0.9815,0.9815,0
2026-09-01 18:18:00-04:00,0.98,0.98,0.98,0.98,0
2026-09-01 18:26:00-04:00,0.98,0.98,0.98,0.98,0
2026-09-01 18:33:00-04:00,1.0,1.0,1.0,1.0,0
2026-09-01 18:43:00-04:00,0.9801,0.9801,0.9801,0.9801,0
2026-09-01 19:13:00-04:00,1.0,1.0,1.0,1.0,0
2026-09-01 19:19:00-04:00,0.9999,0.9999,0.9999,0.9999,0
2026-09-01 19:39:00-04:00,0.98,0.98,0.98,0.98,0
2026-09-02 04:00:00-04:00,0.98,0.9801,0.9797,0.9801,0
2026-09-02 04:51:00-04:00,0.9801,0.9801,0.9801,0.9801,0
2026-09-02 05:07:00-04:00,0.98,0.98,0.98,0.98,0
2026-09-02 05:24:00-04:00,0.9856,0.9856,0.9856,0.9856,0
2026-09-02 05:32:00-04:00,0.9856,0.9856,0.9856,0.9856,0
2026-09-02 05:57:00-04:00,0.9969,0.9969,0.9969,0.9969,0
2026-09-02 06:11:00-04:00,0.9855,0.9855,0.9855,0.9855,0
2026-09-02 07:08:00-04:00,0.9855,0.9855,0.9855,0.9855,0
2026-09-02 07:09:00-04:00,0.9968,0.9968,0.9968,0.9968,0
2026-09-02 07:10:00-04:00,0.98,0.9968,0.98,0.9968,0
2026-09-02 07:15:00-04:00,0.9801,0.9801,0.9801,0.9801,0
2026-09-02 07:16:00-04:00,0.9801,0.9801,0.9801,0.9801,0
2026-09-02 07:17:00-04:00,0.9801,0.9801,0.9801,0.9801,0
2026-09-02 07:33:00-04:00,0.9801,0.9801,0.9801,0.9801,0
2026-09-02 07:39:00-04:00,0.982,0.982,0.98,0.982,0
2026-09-02 08:02:00-04:00,0.98,0.98,0.98,0.98,0
2026-09-02 08:30:00-04:00,0.98,0.98,0.98,0.98,0
2026-09-02 08:40:00-04:00,0.98,0.98,0.98,0.98,0
2026-09-02 08:47:00-04:00,0.96,0.96,0.96,0.96,0
2026-09-02 08:48:00-04:00,0.9506,0.9506,0.9506,0.9506,0
2026-09-02 08:49:00-04:00,0.9505,0.9505,0.9505,0.9505,0
2026-09-02 08:50:00-04:00,0.9506,0.9506,0.9506,0.9506,0
2026-09-02 08:52:00-04:00,0.9353,0.9353,0.9353,0.9353,0
2026-09-02 08:53:00-04:00,0.9499,0.9499,0.9353,0.9353,0
2026-09-02 08:55:00-04:00,0.9499,0.9499,0.9499,0.9499,0
2026-09-02 08:56:00-04:00,0.9506,0.9506,0.9506,0.9506,0
2026-09-02 08:58:00-04:00,0.9253,0.9253,0.9251,0.9251,0
2026-09-02 09:01:00-04:00,0.9506,0.9506,0.9506,0.9506,0
2026-09-02 09:02:00-04:00,0.9506,0.9506,0.9506,0.9506,0
2026-09-02 09:07:00-04:00,0.92,0.92,0.92,0.92,0
2026-09-02 09:08:00-04:00,0.9225,0.9225,0.9225,0.9225,0
2026-09-02 09:10:00-04:00,0.9225,0.9225,0.9225,0.9225,0
2026-09-02 09:16:00-04:00,0.9268,0.9268,0.9228,0.9228,0
2026-09-02 09:19:00-04:00,0.9502,0.9502,0.9502,0.9502,0
2026-09-02 09:24:00-04:00,0.9506,0.9506,0.9506,0.9506,0
2026-09-02 09:30:00-04:00,0.9768000245094299,0.9768000245094299,0.9768000245094299,0.9768000245094299,27719
2026-09-02 09:31:00-04:00,0.9610000252723694,0.965499997138977,0.9510999917984009,0.9569000005722046,3343
2026-09-02 09:33:00-04:00,0.9800000190734863,0.9800000190734863,0.9800000190734863,0.9800000190734863,494
2026-09-02 09:34:00-04:00,0.9513000249862671,0.9513000249862671,0.9513000249862671,0.9513000249862671,1668
2026-09-02 09:36:00-04:00,0.9656999707221985,0.9656999707221985,0.9656999707221985,0.9656999707221985,126
2026-09-02 09:37:00-04:00,0.9656999707221985,0.9656999707221985,0.9606999754905701,0.9606999754905701,4561
2026-09-02 09:40:00-04:00,0.9925000071525574,0.9925000071525574,0.9925000071525574,0.9925000071525574,1259
2026-09-02 09:43:00-04:00,0.9926000237464905,1.0062999725341797,0.9926000237464905,1.0062999725341797,635
2026-09-02 09:44:00-04:00,1.0198999643325806,1.0198999643325806,0.9976000189781189,0.9980999827384949,506
2026-09-02 09:45:00-04:00,1.0099999904632568,1.0099999904632568,1.0099999904632568,1.0099999904632568,300
2026-09-02 09:46:00-04:00,1.0,1.0,1.0,1.0,360
2026-09-02 09:47:00-04:00,1.0099999904632568,1.0099999904632568,1.0099999904632568,1.0099999904632568,580
2026-09-02 09:48:00-04:00,1.0,1.0,1.0,1.0,2379
2026-09-02 09:55:00-04:00,0.9850999712944031,0.9850999712944031,0.9850999712944031,0.9850999712944031,512
2026-09-02 09:56:00-04:00,0.9700999855995178,0.9700999855995178,0.9700999855995178,0.9700999855995178,72
2026-09-02 09:57:00-04:00,0.9800000190734863,0.9800000190734863,0.9800000190734863,0.9800000190734863,173
2026-09-02 09:59:00-04:00,0.9739000201225281,0.9739000201225281,0.9739000201225281,0.9739000201225281,4492
2026-09-02 10:04:00-04:00,0.9700999855995178,0.9700999855995178,0.9700999855995178,0.9700999855995178,24442
2026-09-02 10:05:00-04:00,0.9700999855995178,0.9998999834060669,0.9700999855995178,0.9998999834060669,2640
2026-09-02 10:10:00-04:00,0.9750000238418579,0.9750000238418579,0.9700000286102295,0.9700000286102295,1532
2026-09-02 10:11:00-04:00,0.965499997138977,0.9656999707221985,0.9649999737739563,0.9649999737739563,1986
2026-09-02 10:12:00-04:00,0.9825000166893005,0.982699990272522,0.9825000166893005,0.982699990272522,247
2026-09-02 10:13:00-04:00,0.9900000095367432,0.9900000095367432,0.9900000095367432,0.9900000095367432,976
2026-09-02 10:14:00-04:00,0.9901000261306763,0.9901000261306763,0.9901000261306763,0.9901000261306763,1665
2026-09-02 10:17:00-04:00,0.9649999737739563,0.9649999737739563,0.9510999917984009,0.9510999917984009,10863
2026-09-02 10:18:00-04:00,0.9832000136375427,0.9832000136375427,0.9832000136375427,0.9832000136375427,0
2026-09-02 10:19:00-04:00,0.9871000051498413,0.9871000051498413,0.9869999885559082,0.9869999885559082,1321
2026-09-02 10:22:00-04:00,0.9919000267982483,0.9919000267982483,0.9606999754905701,0.9606999754905701,315
2026-09-02 10:23:00-04:00,0.9610000252723694,0.9610000252723694,0.9610000252723694,0.9610000252723694,140
2026-09-02 10:25:00-04:00,0.9643999934196472,0.9643999934196472,0.9610999822616577,0.9610999822616577,1932
2026-09-02 10:27:00-04:00,0.9850000143051147,0.9850000143051147,0.9850000143051147,0.9850000143051147,132
2026-09-02 10:29:00-04:00,0.9700999855995178,0.9700999855995178,0.9700999855995178,0.9700999855995178,2450
2026-09-02 10:30:00-04:00,0.9700999855995178,0.9700999855995178,0.9700999855995178,0.9700999855995178,0
2026-09-02 10:31:00-04:00,0.9818000197410583,0.9818000197410583,0.9818000197410583,0.9818000197410583,4443
2026-09-02 10:45:00-04:00,0.9700000286102295,0.9700000286102295,0.9610000252723694,0.9610000252723694,9130
2026-09-02 10:46:00-04:00,0.9610000252723694,0.9610000252723694,0.9610000252723694,0.9610000252723694,0
2026-09-02 10:50:00-04:00,0.9817000031471252,0.9817000031471252,0.9817000031471252,0.9817000031471252,650
2026-09-02 10:51:00-04:00,0.9758999943733215,0.9758999943733215,0.9758999943733215,0.9758999943733215,122
2026-09-02 10:54:00-04:00,0.9700999855995178,0.9700999855995178,0.9700999855995178,0.9700999855995178,1000
2026-09-02 10:55:00-04:00,0.9758999943733215,0.9758999943733215,0.9700999855995178,0.9700999855995178,198
2026-09-02 10:56:00-04:00,0.9700000286102295,0.9700000286102295,0.9700000286102295,0.9700000286102295,1235
2026-09-02 10:57:00-04:00,0.9700999855995178,0.9700999855995178,0.9700999855995178,0.9700999855995178,146
2026-09-02 11:00:00-04:00,0.9700999855995178,0.9700999855995178,0.9700999855995178,0.9700999855995178,110
2026-09-02 11:04:00-04:00,0.9702000021934509,0.9760000109672546,0.9702000021934509,0.9760000109672546,334
2026-09-02 11:07:00-04:00,0.9700000286102295,0.9700000286102295,0.9700000286102295,0.9700000286102295,1531
2026-09-02 11:08:00-04:00,0.9656999707221985,0.9656999707221985,0.9656999707221985,0.9656999707221985,674
2026-09-02 11:10:00-04:00,0.9765999913215637,0.9765999913215637,0.9765999913215637,0.9765999913215637,429
2026-09-02 11:12:00-04:00,0.9610000252723694,0.9610000252723694,0.9610000252723694,0.9610000252723694,259
2026-09-02 11:13:00-04:00,0.9801999926567078,0.9801999926567078,0.9801999926567078,0.9801999926567078,361
2026-09-02 11:20:00-04:00,0.9611999988555908,0.9611999988555908,0.9611999988555908,0.9611999988555908,200
2026-09-02 11:21:00-04:00,0.9611999988555908,0.9611999988555908,0.9610999822616577,0.9610999822616577,352
2026-09-02 11:25:00-04:00,0.9807000160217285,0.9807000160217285,0.9807000160217285,0.9807000160217285,194
2026-09-02 11:32:00-04:00,0.9613000154495239,0.9613000154495239,0.9613000154495239,0.9613000154495239,496
2026-09-02 11:42:00-04:00,0.9613000154495239,0.9613000154495239,0.9613000154495239,0.9613000154495239,200
2026-09-02 11:45:00-04:00,0.9621999859809875,0.9621999859809875,0.9621999859809875,0.9621999859809875,2520
2026-09-02 11:46:00-04:00,0.9700000286102295,0.9700000286102295,0.9700000286102295,0.9700000286102295,2240
2026-09-02 11:47:00-04:00,0.9700000286102295,0.9700000286102295,0.9700000286102295,0.9700000286102295,0
2026-09-02 11:49:00-04:00,0.9799000024795532,0.9800999760627747,0.9799000024795532,0.9800999760627747,2101
2026-09-02 11:50:00-04:00,0.9800000190734863,0.9800000190734863,0.9700999855995178,0.9700999855995178,1850
2026-09-02 11:55:00-04:00,0.9700999855995178,0.9700999855995178,0.9700999855995178,0.9700999855995178,0
2026-09-02 11:56:00-04:00,0.9750999808311462,0.9750999808311462,0.9750000238418579,0.9750000238418579,669
2026-09-02 12:06:00-04:00,0.9750999808311462,0.9751999974250793,0.9750999808311462,0.9751999974250793,2415
2026-09-02 12:12:00-04:00,0.987500011920929,0.987500011920929,0.987500011920929,0.987500011920929,511
2026-09-02 12:17:00-04:00,0.9775999784469604,0.9775999784469604,0.9775999784469604,0.9775999784469604,1400
2026-09-02 12:18:00-04:00,0.9750000238418579,0.9750000238418579,0.9750000238418579,0.9750000238418579,1297
2026-09-02 12:27:00-04:00,0.9700000286102295,0.9700000286102295,0.9700000286102295,0.9700000286102295,226
2026-09-02 12:29:00-04:00,0.9725000262260437,0.9725000262260437,0.9700000286102295,0.9700000286102295,2101
2026-09-02 12:34:00-04:00,0.9690999984741211,0.9690999984741211,0.9690999984741211,0.9690999984741211,221
2026-09-02 12:35:00-04:00,0.951200008392334,0.951200008392334,0.951200008392334,0.951200008392334,260
2026-09-02 12:39:00-04:00,0.9627000093460083,0.9627000093460083,0.9627000093460083,0.9627000093460083,638
2026-09-02 12:44:00-04:00,0.9650999903678894,0.9653000235557556,0.9650999903678894,0.9653000235557556,277
2026-09-02 12:48:00-04:00,0.9656999707221985,0.9656999707221985,0.9656999707221985,0.9656999707221985,545
2026-09-02 13:05:00-04:00,0.9656000137329102,0.9656000137329102,0.9656000137329102,0.9656000137329102,570
2026-09-02 13:09:00-04:00,0.9656999707221985,0.9656999707221985,0.9656999707221985,0.9656999707221985,128
2026-09-02 13:10:00-04:00,0.9656000137329102,0.9656000137329102,0.9656000137329102,0.9656000137329102,305
2026-09-02 13:19:00-04:00,0.9678999781608582,0.9678999781608582,0.9678999781608582,0.9678999781608582,362
2026-09-02 13:26:00-04:00,0.9657999873161316,0.9657999873161316,0.9649999737739563,0.9649999737739563,3964
2026-09-02 13:31:00-04:00,0.9599000215530396,0.9599000215530396,0.9599000215530396,0.9599000215530396,200
2026-09-02 13:32:00-04:00,0.9580000042915344,0.9580000042915344,0.9580000042915344,0.9580000042915344,1926
2026-09-02 13:48:00-04:00,0.9570000171661377,0.9570000171661377,0.9570000171661377,0.9570000171661377,400
2026-09-02 13:49:00-04:00,0.9580000042915344,0.9580000042915344,0.9580000042915344,0.9580000042915344,90
2026-09-02 13:56:00-04:00,0.9599999785423279,0.9599999785423279,0.9599999785423279,0.9599999785423279,400
2026-09-02 14:05:00-04:00,0.9581999778747559,0.9581999778747559,0.9581999778747559,0.9581999778747559,400
2026-09-02 14:06:00-04:00,0.960099995136261,0.960099995136261,0.960099995136261,0.960099995136261,20
2026-09-02 14:07:00-04:00,0.9700000286102295,0.9700000286102295,0.9700000286102295,0.9700000286102295,90
2026-09-02 14:09:00-04:00,0.9679999947547913,0.9679999947547913,0.9562000036239624,0.9562000036239624,8696
2026-09-02 14:10:00-04:00,0.9681000113487244,0.9800000190734863,0.9681000113487244,0.9800000190734863,10932
2026-09-02 14:18:00-04:00,0.9779999852180481,0.9779999852180481,0.9779999852180481,0.9779999852180481,289
2026-09-02 14:28:00-04:00,0.991100013256073,0.991100013256073,0.991100013256073,0.991100013256073,308
2026-09-02 14:29:00-04:00,0.9865000247955322,0.9950000047683716,0.9865000247955322,0.9950000047683716,688
2026-09-02 14:31:00-04:00,0.9950000047683716,0.9950000047683716,0.9950000047683716,0.9950000047683716,120
2026-09-02 14:40:00-04:00,0.9900000095367432,0.9900000095367432,0.9900000095367432,0.9900000095367432,600
2026-09-02 14:42:00-04:00,0.9900000095367432,0.9900000095367432,0.9900000095367432,0.9900000095367432,2984
2026-09-02 14:43:00-04:00,0.9900000095367432,0.9901000261306763,0.9898999929428101,0.9898999929428101,0
2026-09-02 14:52:00-04:00,0.9731000065803528,0.9731000065803528,0.9731000065803528,0.9731000065803528,392
2026-09-02 15:01:00-04:00,0.9731000065803528,0.9731000065803528,0.9731000065803528,0.9731000065803528,2120
2026-09-02 15:04:00-04:00,0.9765999913215637,0.9765999913215637,0.9765999913215637,0.9765999913215637,258
2026-09-02 15:13:00-04:00,0.9729999899864197,0.9732000231742859,0.9729999899864197,0.9732000231742859,640
2026-09-02 15:17:00-04:00,0.9602000117301941,0.9729999899864197,0.9602000117301941,0.9729999899864197,845
2026-09-02 15:18:00-04:00,0.9800000190734863,0.9800000190734863,0.9800000190734863,0.9800000190734863,85
2026-09-02 15:22:00-04:00,0.9707000255584717,0.9707000255584717,0.9700000286102295,0.9700000286102295,1974
2026-09-02 15:23:00-04:00,0.9602000117301941,0.9602000117301941,0.9602000117301941,0.9602000117301941,1273
2026-09-02 15:35:00-04:00,0.9603000283241272,0.9603000283241272,0.9603000283241272,0.9603000283241272,800
2026-09-02 15:37:00-04:00,0.9603999853134155,0.9702000021934509,0.9603999853134155,0.9702000021934509,2530
2026-09-02 15:43:00-04:00,0.960099995136261,0.960099995136261,0.960099995136261,0.960099995136261,0
2026-09-02 15:45:00-04:00,0.9650999903678894,0.9650999903678894,0.9650999903678894,0.9650999903678894,443
2026-09-02 15:48:00-04:00,0.9602000117301941,0.9602000117301941,0.9602000117301941,0.9602000117301941,375
2026-09-02 15:57:00-04:00,0.9562000036239624,0.9562000036239624,0.9562000036239624,0.9562000036239624,226
2026-09-02 15:58:00-04:00,0.9702000021934509,0.9702000021934509,0.9702000021934509,0.9702000021934509,200
2026-09-02 15:59:00-04:00,0.9631999731063843,0.9700000286102295,0.9631999731063843,0.9631999731063843,464
2026-09-02 16:00:00-04:00,0.9632,0.9632,0.9632,0.9632,0
2026-09-02 16:04:00-04:00,0.9632,0.9632,0.9632,0.9632,0
2026-09-02 16:05:00-04:00,0.955,0.955,0.955,0.955,0
2026-09-02 16:07:00-04:00,0.9632,0.9632,0.9413,0.9413,0
2026-09-02 16:10:00-04:00,0.9632,0.9632,0.9632,0.9632,0
2026-09-02 16:15:00-04:00,0.9632,0.9632,0.95,0.95,0
2026-09-02 16:22:00-04:00,0.9797,0.9797,0.9797,0.9797,0
2026-09-02 16:26:00-04:00,0.9741,0.9741,0.9741,0.9741,0
2026-09-02 16:32:00-04:00,0.9799,0.9799,0.9604,0.9604,0
2026-09-02 16:33:00-04:00,0.95,0.95,0.9412,0.9412,0
2026-09-02 16:44:00-04:00,0.9342,0.9342,0.9342,0.9342,0
2026-09-02 17:10:00-04:00,0.9528,0.9528,0.9528,0.9528,0
2026-09-02 17:16:00-04:00,0.95,0.95,0.95,0.95,0
2026-09-02 17:18:00-04:00,0.95,0.95,0.95,0.95,0
2026-09-02 17:25:00-04:00,0.9501,0.9501,0.9501,0.9501,0
2026-09-02 17:27:00-04:00,0.95,0.95,0.95,0.95,0
2026-09-02 17:28:00-04:00,0.945,0.945,0.945,0.945,0
2026-09-02 17:30:00-04:00,0.94,0.94,0.94,0.94,0
2026-09-02 18:56:00-04:00,0.93,0.93,0.93,0.93,0
2026-09-02 18:58:00-04:00,0.935,0.935,0.935,0.935,0
2026-09-02 19:02:00-04:00,0.9406,0.9406,0.9406,0.9406,0
2026-09-02 19:18:00-04:00,0.94,0.94,0.94,0.94,0
2026-09-02 19:30:00-04:00,0.94,0.94,0.94,0.94,0
2026-09-02 19:33:00-04:00,0.9406,0.9406,0.9406,0.9406,0
2026-09-02 19:59:00-04:00,0.9382,0.9382,0.9382,0.9382,0
2026-09-03 04:00:00-04:00,0.9632,0.9632,0.8652,0.8947,0
2026-09-03 04:01:00-04:00,0.9081,0.9154,0.8715,0.9154,0
2026-09-03 04:05:00-04:00,0.9075,0.9149,0.9062,0.9149,0
2026-09-03 04:24:00-04:00,0.921,0.921,0.92,0.92,0
2026-09-03 04:25:00-04:00,0.9208,0.9208,0.9208,0.9208,0
2026-09-03 04:37:00-04:00,0.9201,0.9201,0.9201,0.9201,0
2026-09-03 05:21:00-04:00,0.9221,0.9221,0.9203,0.9213,0
2026-09-03 05:53:00-04:00,0.9213,0.9213,0.9213,0.9213,0
2026-09-03 06:07:00-04:00,0.945,0.945,0.942,0.942,0
2026-09-03 07:02:00-04:00,0.9746,0.9746,0.949,0.949,0
2026-09-03 07:09:00-04:00,0.9491,0.9632,0.9491,0.9632,0
2026-09-03 07:12:00-04:00,0.9632,0.9632,0.9632,0.9632,0
2026-09-03 07:13:00-04:00,0.9495,0.9495,0.9495,0.9495,0
2026-09-03 07:19:00-04:00,0.9494,0.9494,0.9494,0.9494,0
2026-09-03 07:21:00-04:00,0.9494,0.9494,0.9494,0.9494,0
2026-09-03 07:33:00-04:00,0.9494,0.9494,0.9494,0.9494,0
2026-09-03 07:34:00-04:00,0.9494,0.9494,0.9494,0.9494,0
2026-09-03 07:36:00-04:00,0.9494,0.9494,0.9494,0.9494,0
2026-09-03 08:02:00-04:00,0.9493,0.9493,0.9493,0.9493,0
2026-09-03 08:03:00-04:00,0.9493,0.9493,0.9493,0.9493,0
2026-09-03 08:17:00-04:00,0.9428,0.9428,0.9428,0.9428,0
2026-09-03 08:20:00-04:00,0.9354,0.9354,0.9354,0.9354,0
2026-09-03 08:28:00-04:00,0.9355,0.9355,0.9355,0.9355,0
2026-09-03 08:33:00-04:00,0.9494,0.9494,0.9494,0.9494,0
2026-09-03 08:38:00-04:00,0.9494,0.9494,0.9494,0.9494,0
2026-09-03 08:42:00-04:00,0.9494,0.9494,0.9494,0.9494,0
2026-09-03 09:12:00-04:00,0.9354,0.9354,0.9354,0.9354,0
2026-09-03 09:13:00-04:00,0.9413,0.9413,0.9413,0.9413,0
2026-09-03 09:16:00-04:00,0.9415,0.9415,0.9415,0.9415,0
2026-09-03 09:20:00-04:00,0.9415,0.9415,0.9415,0.9415,0
2026-09-03 09:21:00-04:00,0.9355,0.9355,0.9355,0.9355,0
2026-09-03 09:22:00-04:00,0.9354,0.9354,0.9354,0.9354,0
2026-09-03 09:26:00-04:00,0.9414,0.9414,0.9414,0.9414,0
2026-09-03 09:27:00-04:00,0.9415,0.9415,0.9415,0.9415,0
2026-09-03 09:30:00-04:00,0.9415000081062317,0.9415000081062317,0.9355000257492065,0.9359999895095825,59844
2026-09-03 09:32:00-04:00,0.9358000159263611,0.9358000159263611,0.9358000159263611,0.9358000159263611,839
2026-09-03 09:33:00-04:00,0.935699999332428,0.935699999332428,0.935699999332428,0.935699999332428,1404
2026-09-03 09:34:00-04:00,0.9358000159263611,0.9358000159263611,0.9358000159263611,0.9358000159263611,1443
2026-09-03 09:35:00-04:00,0.9358000159263611,0.9358000159263611,0.9358000159263611,0.9358000159263611,2988
2026-09-03 09:36:00-04:00,0.9424999952316284,0.9424999952316284,0.9424999952316284,0.9424999952316284,110
2026-09-03 09:37:00-04:00,0.9424999952316284,0.9424999952316284,0.9424999952316284,0.9424999952316284,3305
2026-09-03 09:38:00-04:00,0.9447000026702881,0.9447000026702881,0.9447000026702881,0.9447000026702881,561
2026-09-03 09:40:00-04:00,0.9447000026702881,0.9447000026702881,0.9447000026702881,0.9447000026702881,342
2026-09-03 09:41:00-04:00,0.9447000026702881,0.9447000026702881,0.9447000026702881,0.9447000026702881,2229
2026-09-03 09:46:00-04:00,0.9469000101089478,0.9469000101089478,0.9469000101089478,0.9469000101089478,600
2026-09-03 09:47:00-04:00,0.9469000101089478,0.9469000101089478,0.9469000101089478,0.9469000101089478,100
2026-09-03 09:48:00-04:00,0.9469000101089478,0.9469000101089478,0.9469000101089478,0.9469000101089478,0
2026-09-03 09:49:00-04:00,0.945900022983551,0.945900022983551,0.945900022983551,0.945900022983551,684
2026-09-03 09:51:00-04:00,0.9447000026702881,0.9448999762535095,0.9447000026702881,0.9448999762535095,2493
2026-09-03 09:54:00-04:00,0.9434999823570251,0.9434999823570251,0.9434999823570251,0.9434999823570251,1005
2026-09-03 09:57:00-04:00,0.9355999827384949,0.9355999827384949,0.9354000091552734,0.9355000257492065,1292
2026-09-03 09:58:00-04:00,0.9300000071525574,0.9300000071525574,0.925599992275238,0.925599992275238,2976
2026-09-03 09:59:00-04:00,0.9215999841690063,0.9298999905586243,0.9212999939918518,0.9298999905586243,867
2026-09-03 10:00:00-04:00,0.9305999875068665,0.9305999875068665,0.9305999875068665,0.9305999875068665,819
2026-09-03 10:03:00-04:00,0.9214000105857849,0.9214000105857849,0.9031999707221985,0.9031999707221985,5980
2026-09-03 10:05:00-04:00,0.9215999841690063,0.9398000240325928,0.9099000096321106,0.9121999740600586,24940
2026-09-03 10:06:00-04:00,0.9262999892234802,0.9262999892234802,0.9262999892234802,0.9262999892234802,152
2026-09-03 10:07:00-04:00,0.917900025844574,0.917900025844574,0.917900025844574,0.917900025844574,324
2026-09-03 10:08:00-04:00,0.9101999998092651,0.9101999998092651,0.9101999998092651,0.9101999998092651,204
2026-09-03 10:09:00-04:00,0.9179999828338623,0.9179999828338623,0.9179999828338623,0.9179999828338623,602
2026-09-03 10:10:00-04:00,0.9259999990463257,0.9259999990463257,0.9259999990463257,0.9259999990463257,743
2026-09-03 10:11:00-04:00,0.9179999828338623,0.9179999828338623,0.9179999828338623,0.9179999828338623,3652
2026-09-03 10:12:00-04:00,0.9179999828338623,0.9179999828338623,0.9031999707221985,0.9032999873161316,16840
2026-09-03 10:13:00-04:00,0.9032999873161316,0.9132000207901001,0.9031999707221985,0.9031999707221985,4510
2026-09-03 10:15:00-04:00,0.9031999707221985,0.9031999707221985,0.9031999707221985,0.9031999707221985,581
2026-09-03 10:18:00-04:00,0.9140999913215637,0.9140999913215637,0.9140999913215637,0.9140999913215637,501
2026-09-03 10:19:00-04:00,0.9140999913215637,0.9140999913215637,0.9140999913215637,0.9140999913215637,1983
2026-09-03 10:25:00-04:00,0.9100000262260437,0.917900025844574,0.9100000262260437,0.9139000177383423,1465
2026-09-03 10:28:00-04:00,0.9050999879837036,0.9050999879837036,0.8860999941825867,0.8860999941825867,26052
2026-09-03 10:34:00-04:00,0.9089999794960022,0.9089999794960022,0.9000999927520752,0.9000999927520752,4131
2026-09-03 10:35:00-04:00,0.8881000280380249,0.8881000280380249,0.8881000280380249,0.8881000280380249,793
2026-09-03 10:37:00-04:00,0.9178000092506409,0.9178000092506409,0.9178000092506409,0.9178000092506409,621
2026-09-03 10:39:00-04:00,0.8999000191688538,0.8999000191688538,0.8999000191688538,0.8999000191688538,292
2026-09-03 10:40:00-04:00,0.8801000118255615,0.8816999793052673,0.8801000118255615,0.8816999793052673,2100
2026-09-03 10:41:00-04:00,0.8820000290870667,0.8998000025749207,0.8799999952316284,0.8998000025749207,1558
2026-09-03 10:44:00-04:00,0.8899999856948853,0.8899999856948853,0.8899999856948853,0.8899999856948853,317
2026-09-03 10:45:00-04:00,0.9063000082969666,0.9063000082969666,0.9063000082969666,0.9063000082969666,200
2026-09-03 10:46:00-04:00,0.8999999761581421,0.8999999761581421,0.8999999761581421,0.8999999761581421,526
2026-09-03 10:47:00-04:00,0.9174000024795532,0.9174000024795532,0.9174000024795532,0.9174000024795532,161
2026-09-03 10:49:00-04:00,0.9174000024795532,0.9174000024795532,0.9088000059127808,0.9088000059127808,380
2026-09-03 10:50:00-04:00,0.8999999761581421,0.9038000106811523,0.8901000022888184,0.9038000106811523,7087
2026-09-03 10:51:00-04:00,0.9038000106811523,0.9038000106811523,0.9038000106811523,0.9038000106811523,3529
2026-09-03 10:57:00-04:00,0.9107999801635742,0.9107999801635742,0.9107999801635742,0.9107999801635742,1400
2026-09-03 11:00:00-04:00,0.9049000144004822,0.9053999781608582,0.9049000144004822,0.9053999781608582,5995
2026-09-03 11:04:00-04:00,0.9039999842643738,0.9039999842643738,0.8999999761581421,0.8999999761581421,414
2026-09-03 11:05:00-04:00,0.8999999761581421,0.8999999761581421,0.8999999761581421,0.8999999761581421,234
2026-09-03 11:12:00-04:00,0.8999999761581421,0.9039999842643738,0.8999999761581421,0.9039999842643738,2141
2026-09-03 11:13:00-04:00,0.8970000147819519,0.8999000191688538,0.8970000147819519,0.8970000147819519,812
2026-09-03 11:14:00-04:00,0.8970000147819519,0.8970000147819519,0.8970000147819519,0.8970000147819519,560
2026-09-03 11:21:00-04:00,0.9039000272750854,0.9039000272750854,0.9036999940872192,0.9036999940872192,531
2026-09-03 11:25:00-04:00,0.8970000147819519,0.8970000147819519,0.8970000147819519,0.8970000147819519,400
2026-09-03 11:26:00-04:00,0.8931999802589417,0.8931999802589417,0.8899999856948853,0.8901000022888184,2231
2026-09-03 11:29:00-04:00,0.9174000024795532,0.9174000024795532,0.9174000024795532,0.9174000024795532,200
2026-09-03 11:30:00-04:00,0.9103000164031982,0.9103000164031982,0.9038000106811523,0.9038000106811523,1517
2026-09-03 11:33:00-04:00,0.9100000262260437,0.9100000262260437,0.9100000262260437,0.9100000262260437,355
2026-09-03 11:43:00-04:00,0.8906000256538391,0.8906000256538391,0.8899999856948853,0.8899999856948853,3116
2026-09-03 11:49:00-04:00,0.9038000106811523,0.9038000106811523,0.9038000106811523,0.9038000106811523,177
2026-09-03 11:53:00-04:00,0.8901000022888184,0.8901000022888184,0.8901000022888184,0.8901000022888184,312
2026-09-03 11:54:00-04:00,0.8899999856948853,0.8899999856948853,0.8899999856948853,0.8899999856948853,3535
2026-09-03 12:01:00-04:00,0.8823000192642212,0.8824999928474426,0.8823000192642212,0.8823000192642212,3548
2026-09-03 12:04:00-04:00,0.8823000192642212,0.8823000192642212,0.8823000192642212,0.8823000192642212,900
2026-09-03 12:05:00-04:00,0.8823000192642212,0.8823000192642212,0.8823000192642212,0.8823000192642212,4682
2026-09-03 12:06:00-04:00,0.8823000192642212,0.8823000192642212,0.8823000192642212,0.8823000192642212,200
2026-09-03 12:07:00-04:00,0.8822000026702881,0.8822000026702881,0.8822000026702881,0.8822000026702881,319
2026-09-03 12:13:00-04:00,0.8823000192642212,0.9000999927520752,0.8823000192642212,0.9000999927520752,3087
2026-09-03 12:14:00-04:00,0.8823000192642212,0.8823000192642212,0.8823000192642212,0.8823000192642212,3828
2026-09-03 12:15:00-04:00,0.8999999761581421,0.8999999761581421,0.8999999761581421,0.8999999761581421,800
2026-09-03 12:16:00-04:00,0.917900025844574,0.917900025844574,0.917900025844574,0.917900025844574,141
2026-09-03 12:17:00-04:00,0.8992000222206116,0.8992000222206116,0.8992000222206116,0.8992000222206116,5592
2026-09-03 12:18:00-04:00,0.885200023651123,0.8899000287055969,0.8827000260353088,0.8827000260353088,11600
2026-09-03 12:19:00-04:00,0.8837000131607056,0.8837000131607056,0.8837000131607056,0.8837000131607056,0
2026-09-03 12:22:00-04:00,0.8838000297546387,0.8838000297546387,0.8838000297546387,0.8838000297546387,852
2026-09-03 12:27:00-04:00,0.8838000297546387,0.8838000297546387,0.8805000185966492,0.8805000185966492,2061
2026-09-03 12:29:00-04:00,0.8920999765396118,0.8942999839782715,0.8920999765396118,0.8942999839782715,859
2026-09-03 12:31:00-04:00,0.8942999839782715,0.8942999839782715,0.8942999839782715,0.8942999839782715,620
2026-09-03 12:50:00-04:00,0.8848999738693237,0.8848999738693237,0.8848999738693237,0.8848999738693237,2371
2026-09-03 13:01:00-04:00,0.8870999813079834,0.8870999813079834,0.8805000185966492,0.8805000185966492,22082
2026-09-03 13:03:00-04:00,0.9100000262260437,0.9100000262260437,0.9100000262260437,0.9100000262260437,0
2026-09-03 13:04:00-04:00,0.8952999711036682,0.8952999711036682,0.8952999711036682,0.8952999711036682,103
2026-09-03 13:09:00-04:00,0.8952999711036682,0.8952999711036682,0.8952999711036682,0.8952999711036682,200
2026-09-03 13:16:00-04:00,0.8901000022888184,0.8952999711036682,0.8901000022888184,0.8952999711036682,2142
2026-09-03 13:21:00-04:00,0.8901000022888184,0.8902000188827515,0.8901000022888184,0.8902000188827515,310
2026-09-03 13:29:00-04:00,0.8902000188827515,0.8902000188827515,0.8902000188827515,0.8902000188827515,832
2026-09-03 13:31:00-04:00,0.8981000185012817,0.9081000089645386,0.8981000185012817,0.9081000089645386,2345
2026-09-03 13:32:00-04:00,0.9031000137329102,0.9031000137329102,0.9031000137329102,0.9031000137329102,0
2026-09-03 13:35:00-04:00,0.8981999754905701,0.8981999754905701,0.8981000185012817,0.8981000185012817,355
2026-09-03 13:37:00-04:00,0.8912000060081482,0.8912000060081482,0.8912000060081482,0.8912000060081482,1650
2026-09-03 13:41:00-04:00,0.8899999856948853,0.8989999890327454,0.8899999856948853,0.8989999890327454,1872
2026-09-03 13:51:00-04:00,0.8989999890327454,0.8989999890327454,0.8989999890327454,0.8989999890327454,1612
2026-09-03 13:59:00-04:00,0.8899999856948853,0.8899999856948853,0.8899999856948853,0.8899999856948853,12400
2026-09-03 14:01:00-04:00,0.887499988079071,0.8888000249862671,0.885200023651123,0.8876000046730042,0
2026-09-03 14:03:00-04:00,0.8847000002861023,0.8847000002861023,0.8847000002861023,0.8847000002861023,1505
2026-09-03 14:05:00-04:00,0.8799999952316284,0.8799999952316284,0.8799999952316284,0.8799999952316284,7298
2026-09-03 14:06:00-04:00,0.8845000267028809,0.8845000267028809,0.8845000267028809,0.8845000267028809,1059
2026-09-03 14:08:00-04:00,0.8845000267028809,0.8880000114440918,0.8845000267028809,0.8880000114440918,300
2026-09-03 14:09:00-04:00,0.8799999952316284,0.8799999952316284,0.8799999952316284,0.8799999952316284,20981
2026-09-03 14:19:00-04:00,0.8888000249862671,0.8888000249862671,0.8888000249862671,0.8888000249862671,366
2026-09-03 14:22:00-04:00,0.8888000249862671,0.8888000249862671,0.8888000249862671,0.8888000249862671,403
2026-09-03 14:27:00-04:00,0.8849999904632568,0.8849999904632568,0.8849999904632568,0.8849999904632568,550
2026-09-03 14:29:00-04:00,0.8851000070571899,0.8851000070571899,0.8851000070571899,0.8851000070571899,444
2026-09-03 14:35:00-04:00,0.8849999904632568,0.8851000070571899,0.8849999904632568,0.8849999904632568,12671
2026-09-03 14:36:00-04:00,0.8849999904632568,0.8851000070571899,0.8799999952316284,0.8851000070571899,0
2026-09-03 14:37:00-04:00,0.8799999952316284,0.8799999952316284,0.8799999952316284,0.8799999952316284,9073
2026-09-03 14:38:00-04:00,0.8611000180244446,0.8618999719619751,0.8600000143051147,0.8600999712944031,18404
2026-09-03 14:39:00-04:00,0.8600999712944031,0.8698999881744385,0.8600999712944031,0.8626999855041504,6693
2026-09-03 14:40:00-04:00,0.8723999857902527,0.8723999857902527,0.8723999857902527,0.8723999857902527,487
2026-09-03 14:41:00-04:00,0.8748999834060669,0.8748999834060669,0.8748999834060669,0.8748999834060669,100
2026-09-03 14:42:00-04:00,0.8740000128746033,0.8740000128746033,0.8740000128746033,0.8740000128746033,1500
2026-09-03 14:43:00-04:00,0.8748000264167786,0.8748000264167786,0.8748000264167786,0.8748000264167786,0
2026-09-03 14:49:00-04:00,0.8748000264167786,0.8824999928474426,0.8748000264167786,0.8824999928474426,2899
2026-09-03 14:50:00-04:00,0.8848000168800354,0.8848000168800354,0.8848000168800354,0.8848000168800354,151
2026-09-03 14:52:00-04:00,0.8823999762535095,0.8937000036239624,0.8823999762535095,0.8937000036239624,7906
2026-09-03 14:53:00-04:00,0.8917999863624573,0.8917999863624573,0.8917999863624573,0.8917999863624573,0
2026-09-03 14:55:00-04:00,0.8931000232696533,0.8931000232696533,0.8931000232696533,0.8931000232696533,264
2026-09-03 15:01:00-04:00,0.9068999886512756,0.9068999886512756,0.9068999886512756,0.9068999886512756,1394
2026-09-03 15:02:00-04:00,0.8985000252723694,0.8985000252723694,0.8985000252723694,0.8985000252723694,642
2026-09-03 15:08:00-04:00,0.8899999856948853,0.8899999856948853,0.8899999856948853,0.8899999856948853,2171
2026-09-03 15:10:00-04:00,0.8999000191688538,0.917900025844574,0.8998000025749207,0.9175000190734863,18178
2026-09-03 15:16:00-04:00,0.8967000246047974,0.8967000246047974,0.8967000246047974,0.8967000246047974,612
2026-09-03 15:17:00-04:00,0.8899999856948853,0.8899999856948853,0.8899999856948853,0.8899999856948853,0
2026-09-03 15:18:00-04:00,0.902999997138977,0.9031000137329102,0.902999997138977,0.902999997138977,3145
2026-09-03 15:36:00-04:00,0.901199996471405,0.9179999828338623,0.8996000289916992,0.8999000191688538,21485
2026-09-03 15:37:00-04:00,0.9000999927520752,0.9089000225067139,0.9000999927520752,0.9089000225067139,996
2026-09-03 15:40:00-04:00,0.9169999957084656,0.9169999957084656,0.9169999957084656,0.9169999957084656,270
2026-09-03 15:41:00-04:00,0.9002000093460083,0.9002000093460083,0.9002000093460083,0.9002000093460083,1065
2026-09-03 15:42:00-04:00,0.9100000262260437,0.916700005531311,0.9100000262260437,0.916700005531311,23442
2026-09-03 15:43:00-04:00,0.9164000153541565,0.9164000153541565,0.9150000214576721,0.9150000214576721,1937
2026-09-03 15:46:00-04:00,0.9172999858856201,0.9172999858856201,0.9171000123023987,0.9171000123023987,1708
2026-09-03 15:47:00-04:00,0.9135000109672546,0.9172999858856201,0.9100000262260437,0.9172999858856201,1052
2026-09-03 15:48:00-04:00,0.9136000275611877,0.9136000275611877,0.9135000109672546,0.9135000109672546,12177
2026-09-03 15:53:00-04:00,0.8956999778747559,0.8956999778747559,0.8956999778747559,0.8956999778747559,1506
2026-09-03 15:57:00-04:00,0.8939999938011169,0.909600019454956,0.8937000036239624,0.909600019454956,1803
2026-09-03 16:00:00-04:00,0.8997,0.8997,0.8997,0.8997,0
2026-09-03 16:04:00-04:00,0.8997,0.8997,0.8997,0.8997,0
2026-09-03 16:10:00-04:00,0.8997,0.8997,0.8997,0.8997,0
2026-09-03 16:14:00-04:00,0.8997,0.8997,0.8997,0.8997,0
2026-09-03 16:15:00-04:00,0.8997,0.8997,0.8997,0.8997,0
2026-09-03 16:25:00-04:00,0.9176,0.9176,0.9176,0.9176,0
2026-09-03 17:05:00-04:00,0.9149,0.9149,0.9149,0.9149,0
2026-09-03 17:23:00-04:00,0.91,0.91,0.9,0.9,0
2026-09-03 18:14:00-04:00,0.8998,0.8998,0.8998,0.8998,0
2026-09-03 18:15:00-04:00,0.9,0.9,0.9,0.9,0
2026-09-03 18:20:00-04:00,0.915,0.915,0.915,0.915,0
2026-09-03 19:30:00-04:00,0.9,0.9,0.9,0.9,0
2026-09-03 19:31:00-04:00,0.91,0.91,0.91,0.91,0
2026-09-03 19:54:00-04:00,0.915,0.915,0.915,0.915,0
2026-09-04 04:00:00-04:00,0.8835,0.8999,0.8835,0.8835,0
2026-09-04 04:08:00-04:00,0.8835,0.8835,0.8835,0.8835,0
2026-09-04 04:12:00-04:00,0.9,0.9,0.9,0.9,0
2026-09-04 04:14:00-04:00,0.9073,0.915,0.9073,0.915,0
2026-09-04 04:15:00-04:00,0.9,0.9,0.9,0.9,0
2026-09-04 04:49:00-04:00,0.9217,0.9217,0.9217,0.9217,0
2026-09-04 05:28:00-04:00,0.922,0.922,0.922,0.922,0
2026-09-04 05:29:00-04:00,0.91,0.91,0.91,0.91,0
2026-09-04 05:39:00-04:00,0.922,0.922,0.922,0.922,0
2026-09-04 05:56:00-04:00,0.91,0.91,0.91,0.91,0
2026-09-04 06:20:00-04:00,0.91,0.91,0.91,0.91,0
2026-09-04 07:16:00-04:00,0.905,0.905,0.905,0.905,0
2026-09-04 07:19:00-04:00,0.9083,0.9083,0.9051,0.9051,0
2026-09-04 07:21:00-04:00,0.905,0.905,0.905,0.905,0
2026-09-04 07:22:00-04:00,0.9125,0.9125,0.9125,0.9125,0
2026-09-04 07:57:00-04:00,0.92,0.92,0.92,0.92,0
2026-09-04 08:06:00-04:00,0.9305,0.9305,0.9305,0.9305,0
2026-09-04 08:10:00-04:00,0.901,0.901,0.901,0.901,0
2026-09-04 08:14:00-04:00,0.9158,0.9158,0.9158,0.9158,0
2026-09-04 08:16:00-04:00,0.93,0.93,0.93,0.93,0
2026-09-04 08:27:00-04:00,0.9158,0.9158,0.9158,0.9158,0
2026-09-04 08:38:00-04:00,0.9304,0.9304,0.9304,0.9304,0
2026-09-04 08:43:00-04:00,0.9305,0.9305,0.9305,0.9305,0
2026-09-04 08:45:00-04:00,0.901,0.901,0.901,0.901,0
2026-09-04 08:47:00-04:00,0.9305,0.9305,0.901,0.9305,0
2026-09-04 08:50:00-04:00,0.9297,0.9297,0.9297,0.9297,0
2026-09-04 08:57:00-04:00,0.9011,0.9011,0.9011,0.9011,0
2026-09-04 09:08:00-04:00,0.9155,0.9155,0.9155,0.9155,0
2026-09-04 09:10:00-04:00,0.9305,0.9305,0.9305,0.9305,0
2026-09-04 09:30:00-04:00,0.9139000177383423,0.9139000177383423,0.9139000177383423,0.9139000177383423,12194
2026-09-04 09:31:00-04:00,0.916100025177002,0.9459999799728394,0.916100025177002,0.9459999799728394,8904
2026-09-04 09:32:00-04:00,0.949999988079071,0.9990000128746033,0.949999988079071,0.9990000128746033,4446
2026-09-04 09:33:00-04:00,0.9990000128746033,0.9990000128746033,0.9520999789237976,0.9520999789237976,10212
2026-09-04 09:34:00-04:00,0.9990000128746033,1.0,0.9520999789237976,0.9998999834060669,4145
2026-09-04 09:35:00-04:00,0.9997000098228455,1.021399974822998,0.9983999729156494,1.0149999856948853,28342
2026-09-04 09:36:00-04:00,1.0149999856948853,1.0262999534606934,1.0,1.0098999738693237,27410
2026-09-04 09:37:00-04:00,0.9799000024795532,1.0099999904632568,0.9799000024795532,1.0099999904632568,7553
2026-09-04 09:38:00-04:00,0.9900000095367432,1.0499999523162842,0.9857000112533569,1.0499999523162842,30154
2026-09-04 09:39:00-04:00,1.0500999689102173,1.1799999475479126,1.034999966621399,1.1497999429702759,137808
2026-09-04 09:40:00-04:00,1.1490000486373901,1.3300000429153442,1.1490000486373901,1.2899999618530273,789323
2026-09-04 09:41:00-04:00,1.249500036239624,1.309999942779541,1.159999966621399,1.2300000190734863,1011194
2026-09-04 09:42:00-04:00,1.2200000286102295,1.3799999952316284,1.1699999570846558,1.3497999906539917,1269681
2026-09-04 09:43:00-04:00,1.3401000499725342,1.422700047492981,1.2699999809265137,1.3049999475479126,1306456
2026-09-04 09:44:00-04:00,1.309999942779541,1.3200000524520874,1.100000023841858,1.100100040435791,1315188
2026-09-04 09:45:00-04:00,1.0902999639511108,1.2000000476837158,1.0800000429153442,1.159999966621399,1089207
2026-09-04 09:46:00-04:00,1.160099983215332,1.2000000476837158,1.1299999952316284,1.1799999475479126,484792
2026-09-04 09:47:00-04:00,1.1799999475479126,1.2000000476837158,1.1200000047683716,1.179900050163269,499141
2026-09-04 09:48:00-04:00,1.170300006866455,1.2200000286102295,1.149999976158142,1.1950000524520874,659719
2026-09-04 09:49:00-04:00,1.190000057220459,1.2799999713897705,1.1799999475479126,1.2568999528884888,1055718
2026-09-04 09:50:00-04:00,1.2597999572753906,1.2699999809265137,1.1799999475479126,1.2400000095367432,647545
2026-09-04 09:51:00-04:00,1.2350000143051147,1.2899999618530273,1.2000000476837158,1.2598999738693237,1176396
2026-09-04 09:52:00-04:00,1.2549999952316284,1.2999999523162842,1.2200000286102295,1.2798999547958374,863777
2026-09-04 09:53:00-04:00,1.2898999452590942,1.340000033378601,1.2100000381469727,1.315000057220459,1523074
2026-09-04 09:54:00-04:00,1.315000057220459,1.350000023841858,1.25,1.340000033378601,994280
2026-09-04 09:55:00-04:00,1.3350000381469727,1.399999976158142,1.3300000429153442,1.3700000047683716,1412669
2026-09-04 09:56:00-04:00,1.3697999715805054,1.3899999856948853,1.309999942779541,1.3309999704360962,1039999
2026-09-04 09:57:00-04:00,1.340000033378601,1.350000023841858,1.26010000705719,1.26010000705719,891570
2026-09-04 09:58:00-04:00,1.2649999856948853,1.409999966621399,1.26010000705719,1.4049999713897705,1559214
2026-09-04 09:59:00-04:00,1.4083000421524048,1.4299999475479126,1.3700000047683716,1.3949999809265137,1255306
2026-09-04 10:00:00-04:00,1.3949999809265137,1.3949999809265137,1.2300000190734863,1.250100016593933,1366402
2026-09-04 10:01:00-04:00,1.2596999406814575,1.3200000524520874,1.2400000095367432,1.2431999444961548,751275
2026-09-04 10:02:00-04:00,1.2402000427246094,1.2599999904632568,1.2100000381469727,1.2598999738693237,655988
2026-09-04 10:03:00-04:00,1.250100016593933,1.2799999713897705,1.2300000190734863,1.236799955368042,351396
2026-09-04 10:04:00-04:00,1.2400000095367432,1.2400000095367432,1.1799999475479126,1.2231999635696411,561721
2026-09-04 10:05:00-04:00,1.225000023841858,1.2599999904632568,1.2100000381469727,1.2400000095367432,300741
2026-09-04 10:06:00-04:00,1.25,1.25,1.1399999856948853,1.1649999618530273,607656
2026-09-04 10:07:00-04:00,1.1699999570846558,1.1699999570846558,1.1200000047683716,1.1532000303268433,563048
2026-09-04 10:08:00-04:00,1.1549999713897705,1.159999966621399,1.1299999952316284,1.1349999904632568,275177
2026-09-04 10:09:00-04:00,1.1331000328063965,1.149999976158142,1.1200000047683716,1.145900011062622,234685
2026-09-04 10:10:00-04:00,1.1432000398635864,1.1799999475479126,1.1402000188827515,1.1698999404907227,351343
2026-09-04 10:11:00-04:00,1.1698999404907227,1.1698999404907227,1.090000033378601,1.1167999505996704,448045
2026-09-04 10:12:00-04:00,1.1150000095367432,1.1200000047683716,1.100000023841858,1.1150000095367432,173479
2026-09-04 10:13:00-04:00,1.1200000047683716,1.1299999952316284,1.090000033378601,1.1200000047683716,189634
2026-09-04 10:14:00-04:00,1.1200000047683716,1.1699999570846558,1.1200000047683716,1.169700026512146,280221
2026-09-04 10:15:00-04:00,1.1649999618530273,1.2000000476837158,1.149999976158142,1.1996999979019165,251509
2026-09-04 10:16:00-04:00,1.1998000144958496,1.2000000476837158,1.1799999475479126,1.1799999475479126,180034
2026-09-04 10:17:00-04:00,1.184999942779541,1.2200000286102295,1.1799999475479126,1.2031999826431274,264593
2026-09-04 10:18:00-04:00,1.2067999839782715,1.2100000381469727,1.1399999856948853,1.1401000022888184,315266
2026-09-04 10:19:00-04:00,1.1399999856948853,1.2100000381469727,1.1399999856948853,1.2031999826431274,233898
2026-09-04 10:20:00-04:00,1.2100000381469727,1.2100000381469727,1.1799999475479126,1.190000057220459,111730
2026-09-04 10:21:00-04:00,1.1801999807357788,1.2300000190734863,1.159999966621399,1.2199000120162964,326852
2026-09-04 10:22:00-04:00,1.215000033378601,1.2200000286102295,1.190000057220459,1.2031999826431274,250875
2026-09-04 10:23:00-04:00,1.2065999507904053,1.2100000381469727,1.190000057220459,1.1900999546051025,92691
2026-09-04 10:24:00-04:00,1.1950000524520874,1.2300000190734863,1.1950000524520874,1.225000023841858,290999
2026-09-04 10:25:00-04:00,1.2300000190734863,1.2400000095367432,1.2200000286102295,1.2209999561309814,183810
2026-09-04 10:26:00-04:00,1.2200000286102295,1.2200000286102295,1.1799999475479126,1.1950000524520874,185813
2026-09-04 10:27:00-04:00,1.2000000476837158,1.2898999452590942,1.1900999546051025,1.2100000381469727,88112
2026-09-04 10:28:00-04:00,1.2100000381469727,1.215000033378601,1.1900999546051025,1.1931999921798706,102807
2026-09-04 10:29:00-04:00,1.1950000524520874,1.25,1.190000057220459,1.23989999294281,344970
2026-09-04 10:30:00-04:00,1.2350000143051147,1.2599999904632568,1.2301000356674194,1.2596999406814575,235012
2026-09-04 10:31:00-04:00,1.2598999738693237,1.2699999809265137,1.2400000095367432,1.2698999643325806,291188
2026-09-04 10:32:00-04:00,1.2599999904632568,1.2699999809265137,1.2300000190734863,1.2301000356674194,261083
2026-09-04 10:33:00-04:00,1.230299949645996,1.2400000095367432,1.2300000190734863,1.2300000190734863,86850
2026-09-04 10:34:00-04:00,1.2300000190734863,1.2350000143051147,1.1799999475479126,1.184999942779541,327254
2026-09-04 10:35:00-04:00,1.184999942779541,1.1950000524520874,1.1699999570846558,1.184999942779541,236437
2026-09-04 10:36:00-04:00,1.1800999641418457,1.2000000476837158,1.1799999475479126,1.190000057220459,53629
2026-09-04 10:37:00-04:00,1.1950000524520874,1.2000000476837158,1.1900999546051025,1.1931999921798706,35433
2026-09-04 10:38:00-04:00,1.1931999921798706,1.2000000476837158,1.1749999523162842,1.1800999641418457,67067
2026-09-04 10:39:00-04:00,1.1734000444412231,1.1799999475479126,1.159999966621399,1.1749999523162842,90265
2026-09-04 10:40:00-04:00,1.1797000169754028,1.2000000476837158,1.1797000169754028,1.2000000476837158,69600
2026-09-04 10:41:00-04:00,1.1950000524520874,1.2000000476837158,1.190000057220459,1.1902999877929688,54787
2026-09-04 10:42:00-04:00,1.1902999877929688,1.2000000476837158,1.170300006866455,1.184999942779541,94830
2026-09-04 10:43:00-04:00,1.1832000017166138,1.2400000095367432,1.1801999807357788,1.2400000095367432,217055
2026-09-04 10:44:00-04:00,1.25,1.25,1.2000000476837158,1.2400000095367432,223002
2026-09-04 10:45:00-04:00,1.2301000356674194,1.2999999523162842,1.2301000356674194,1.2940000295639038,398069
2026-09-04 10:46:00-04:00,1.2900999784469604,1.350000023841858,1.2699999809265137,1.350000023841858,785505
2026-09-04 10:47:00-04:00,1.350000023841858,1.350000023841858,1.2999999523162842,1.3199000358581543,631813
2026-09-04 10:48:00-04:00,1.3300000429153442,1.3700000047683716,1.2999999523162842,1.329800009727478,739926
2026-09-04 10:49:00-04:00,1.3250000476837158,1.350000023841858,1.3200000524520874,1.3300000429153442,313488
2026-09-04 10:50:00-04:00,1.3279999494552612,1.3300000429153442,1.2599999904632568,1.2949999570846558,510931
2026-09-04 10:51:00-04:00,1.2899999618530273,1.3700000047683716,1.2899999618530273,1.3431999683380127,646098
2026-09-04 10:52:00-04:00,1.340000033378601,1.3700000047683716,1.3200000524520874,1.3567999601364136,564178
2026-09-04 10:53:00-04:00,1.3550000190734863,1.399999976158142,1.3300000429153442,1.399899959564209,791862
2026-09-04 10:54:00-04:00,1.3932000398635864,1.600000023841858,1.340000033378601,1.5667999982833862,2636438
2026-09-04 10:55:00-04:00,1.5601999759674072,1.5700000524520874,1.4299999475479126,1.475000023841858,1597707
2026-09-04 10:56:00-04:00,1.4700000286102295,1.5499999523162842,1.4500000476837158,1.5198999643325806,1386461
2026-09-04 10:57:00-04:00,1.5149999856948853,1.5499999523162842,1.5,1.5202000141143799,761083
2026-09-04 10:58:00-04:00,1.5199999809265137,1.5499999523162842,1.4800000190734863,1.5199999809265137,872275
2026-09-04 10:59:00-04:00,1.5299999713897705,1.5299999713897705,1.4900000095367432,1.499899983406067,434043
2026-09-04 11:00:00-04:00,1.4900000095367432,1.5800000429153442,1.3600000143051147,1.4049999713897705,2086922
2026-09-04 11:01:00-04:00,1.4049999713897705,1.4199999570846558,1.3700000047683716,1.3799999952316284,545366
2026-09-04 11:02:00-04:00,1.3799999952316284,1.4299999475479126,1.3799999952316284,1.4270999431610107,498380
2026-09-04 11:03:00-04:00,1.4200999736785889,1.4900000095367432,1.4199999570846558,1.4850000143051147,613399
2026-09-04 11:04:00-04:00,1.4850000143051147,1.5800000429153442,1.4700000286102295,1.5568000078201294,1220063
2026-09-04 11:05:00-04:00,1.5499999523162842,1.5700000524520874,1.5099999904632568,1.5232000350952148,1001385
2026-09-04 11:06:00-04:00,1.524999976158142,1.5499999523162842,1.5199999809265137,1.5299999713897705,476137
2026-09-04 11:07:00-04:00,1.5219000577926636,1.5700000524520874,1.4900000095367432,1.5196000337600708,875760
2026-09-04 11:08:00-04:00,1.5149999856948853,1.600000023841858,1.5099999904632568,1.5801000595092773,1205876
2026-09-04 11:09:00-04:00,1.5850000381469727,1.590000033378601,1.4700000286102295,1.5398999452590942,1161430
2026-09-04 11:10:00-04:00,1.5399999618530273,1.5499999523162842,1.4900000095367432,1.5049999952316284,507808
2026-09-04 11:11:00-04:00,1.5068000555038452,1.5299999713897705,1.4900000095367432,1.5099999904632568,284198
2026-09-04 11:12:00-04:00,1.5099999904632568,1.5099999904632568,1.409999966621399,1.4399000406265259,784353
2026-09-04 11:13:00-04:00,1.440000057220459,1.5,1.4299999475479126,1.4700000286102295,439089
2026-09-04 11:14:00-04:00,1.4630999565124512,1.4700000286102295,1.4299999475479126,1.4299999475479126,257514
2026-09-04 11:15:00-04:00,1.430299997329712,1.4900000095367432,1.4199999570846558,1.475000023841858,574131
2026-09-04 11:16:00-04:00,1.4797999858856201,1.4800000190734863,1.4500000476837158,1.4501999616622925,194449
2026-09-04 11:17:00-04:00,1.4501999616622925,1.4600000381469727,1.3799999952316284,1.4200999736785889,819765
2026-09-04 11:18:00-04:00,1.4299999475479126,1.4299999475479126,1.4149999618530273,1.4199999570846558,224332
2026-09-04 11:19:00-04:00,1.4199999570846558,1.4500000476837158,1.3931000232696533,1.4500000476837158,269606
2026-09-04 11:20:00-04:00,1.4500000476837158,1.465000033378601,1.4199999570846558,1.4363000392913818,312942
2026-09-04 11:21:00-04:00,1.440000057220459,1.440000057220459,1.3799999952316284,1.4077999591827393,333558
2026-09-04 11:22:00-04:00,1.4098000526428223,1.4199999570846558,1.399999976158142,1.399999976158142,122438
2026-09-04 11:23:00-04:00,1.4000999927520752,1.4600000381469727,1.399999976158142,1.4400999546051025,505736
2026-09-04 11:24:00-04:00,1.4400999546051025,1.4600000381469727,1.4299999475479126,1.4599000215530396,162913
2026-09-04 11:25:00-04:00,1.4534000158309937,1.4600000381469727,1.4299999475479126,1.440000057220459,119370
2026-09-04 11:26:00-04:00,1.4299999475479126,1.4399000406265259,1.2599999904632568,1.260200023651123,799155
2026-09-04 11:27:00-04:00,1.267699956893921,1.340000033378601,1.2599999904632568,1.3300000429153442,689215
2026-09-04 11:28:00-04:00,1.3300000429153442,1.350000023841858,1.3200000524520874,1.3402999639511108,234205
2026-09-04 11:29:00-04:00,1.3401000499725342,1.350000023841858,1.3300000429153442,1.350000023841858,98948
2026-09-04 11:30:00-04:00,1.3499000072479248,1.350000023841858,1.320099949836731,1.320099949836731,100460
2026-09-04 11:31:00-04:00,1.3200000524520874,1.3300000429153442,1.2999999523162842,1.3032000064849854,180538
2026-09-04 11:32:00-04:00,1.2999999523162842,1.3200000524520874,1.2999999523162842,1.3003000020980835,195100
2026-09-04 11:33:00-04:00,1.309999942779541,1.3200000524520874,1.2999999523162842,1.309999942779541,86250
2026-09-04 11:34:00-04:00,1.3100999593734741,1.3200000524520874,1.309999942779541,1.309999942779541,62151
2026-09-04 11:35:00-04:00,1.315000057220459,1.340000033378601,1.309999942779541,1.3350000381469727,112526
2026-09-04 11:36:00-04:00,1.3365999460220337,1.3799999952316284,1.3300000429153442,1.3550000190734863,381200
2026-09-04 11:37:00-04:00,1.3531999588012695,1.3899999856948853,1.3531999588012695,1.3700000047683716,188723
2026-09-04 11:38:00-04:00,1.3650000095367432,1.3700000047683716,1.3300000429153442,1.3600000143051147,142292
2026-09-04 11:39:00-04:00,1.3509999513626099,1.409999966621399,1.350000023841858,1.3949999809265137,246849
2026-09-04 11:40:00-04:00,1.3901000022888184,1.4500000476837158,1.3899999856948853,1.4299999475479126,596917
2026-09-04 11:41:00-04:00,1.4368000030517578,1.440000057220459,1.4199999570846558,1.4199999570846558,205547
2026-09-04 11:42:00-04:00,1.4265999794006348,1.4299999475479126,1.3799999952316284,1.399999976158142,282295
2026-09-04 11:43:00-04:00,1.4002000093460083,1.409999966621399,1.3899999856948853,1.391800045967102,128045
2026-09-04 11:44:00-04:00,1.3968000411987305,1.4299999475479126,1.3899999856948853,1.426800012588501,171985
2026-09-04 11:45:00-04:00,1.420199990272522,1.4600000381469727,1.409999966621399,1.4498000144958496,365557
2026-09-04 11:46:00-04:00,1.4467999935150146,1.4799000024795532,1.440000057220459,1.4700000286102295,337709
2026-09-04 11:47:00-04:00,1.465000033378601,1.4700000286102295,1.409999966621399,1.429900050163269,289134
2026-09-04 11:48:00-04:00,1.4299999475479126,1.440000057220459,1.4132000207901,1.4149999618530273,171577
2026-09-04 11:49:00-04:00,1.409999966621399,1.4299999475479126,1.3700000047683716,1.409999966621399,278816
2026-09-04 11:50:00-04:00,1.4199999570846558,1.4199999570846558,1.3899999856948853,1.4032000303268433,124252
2026-09-04 11:51:00-04:00,1.4000999927520752,1.4199999570846558,1.399999976158142,1.4149999618530273,85906
2026-09-04 11:52:00-04:00,1.4149999618530273,1.4149999618530273,1.340000033378601,1.3949999809265137,238744
2026-09-04 11:53:00-04:00,1.3901000022888184,1.399999976158142,1.3799999952316284,1.3801000118255615,73261
2026-09-04 11:54:00-04:00,1.371000051498413,1.3980000019073486,1.3700000047683716,1.3819999694824219,124540
2026-09-04 11:55:00-04:00,1.3801000118255615,1.3899999856948853,1.3700000047683716,1.3849999904632568,64928
2026-09-04 11:56:00-04:00,1.3866000175476074,1.3899999856948853,1.3799999952316284,1.3799999952316284,45609
2026-09-04 11:57:00-04:00,1.3849999904632568,1.399999976158142,1.350000023841858,1.3600000143051147,220510
2026-09-04 11:58:00-04:00,1.3600000143051147,1.3700000047683716,1.3300000429153442,1.340999960899353,182865
2026-09-04 11:59:00-04:00,1.350000023841858,1.350000023841858,1.340000033378601,1.3499000072479248,81348
2026-09-04 12:00:00-04:00,1.3450000286102295,1.3799999952316284,1.340000033378601,1.3696999549865723,111181
2026-09-04 12:01:00-04:00,1.3700000047683716,1.3700000047683716,1.3600000143051147,1.3600000143051147,55261
2026-09-04 12:02:00-04:00,1.360200047492981,1.3799999952316284,1.3600000143051147,1.3701000213623047,99990
2026-09-04 12:03:00-04:00,1.3799999952316284,1.3799999952316284,1.3601000308990479,1.375,86264
2026-09-04 12:04:00-04:00,1.375,1.375,1.340000033378601,1.340000033378601,101780
2026-09-04 12:05:00-04:00,1.3401999473571777,1.3700000047683716,1.3350000381469727,1.350000023841858,91939
2026-09-04 12:06:00-04:00,1.350000023841858,1.3597999811172485,1.340000033378601,1.340000033378601,64749
2026-09-04 12:07:00-04:00,1.340000033378601,1.340000033378601,1.2999999523162842,1.2999999523162842,328920
2026-09-04 12:08:00-04:00,1.2999999523162842,1.3200000524520874,1.2999999523162842,1.313099980354309,163619
2026-09-04 12:09:00-04:00,1.3200000524520874,1.3200000524520874,1.2599999904632568,1.2698999643325806,247832
2026-09-04 12:10:00-04:00,1.2699999809265137,1.309999942779541,1.2599999904632568,1.3079999685287476,245946
2026-09-04 12:11:00-04:00,1.3049999475479126,1.309999942779541,1.2899999618530273,1.291700005531311,77810
2026-09-04 12:12:00-04:00,1.2999999523162842,1.309999942779541,1.2899999618530273,1.3000999689102173,69218
2026-09-04 12:13:00-04:00,1.3049999475479126,1.3200000524520874,1.3000999689102173,1.3167999982833862,139575
2026-09-04 12:14:00-04:00,1.3068000078201294,1.3200000524520874,1.3032000064849854,1.3199000358581543,96357
2026-09-04 12:15:00-04:00,1.315000057220459,1.3200000524520874,1.309999942779541,1.3102999925613403,61201
2026-09-04 12:16:00-04:00,1.319700002670288,1.340000033378601,1.309999942779541,1.326799988746643,124212
2026-09-04 12:17:00-04:00,1.3300000429153442,1.3600000143051147,1.3200000524520874,1.3550000190734863,97988
2026-09-04 12:18:00-04:00,1.350000023841858,1.3600000143051147,1.340000033378601,1.340000033378601,100162
2026-09-04 12:19:00-04:00,1.3450000286102295,1.3450000286102295,1.320099949836731,1.320199966430664,61758
2026-09-04 12:20:00-04:00,1.3300000429153442,1.339900016784668,1.3100999593734741,1.3350000381469727,74290
2026-09-04 12:21:00-04:00,1.3301000595092773,1.3301000595092773,1.309999942779541,1.315000057220459,64134
2026-09-04 12:22:00-04:00,1.3167999982833862,1.3300000429153442,1.309999942779541,1.3299000263214111,29299
2026-09-04 12:23:00-04:00,1.340000033378601,1.3600000143051147,1.3325999975204468,1.3598999977111816,115136
2026-09-04 12:24:00-04:00,1.3600000143051147,1.3600000143051147,1.3301000595092773,1.3467999696731567,86224
2026-09-04 12:25:00-04:00,1.3431999683380127,1.3431999683380127,1.320099949836731,1.3289999961853027,33516
2026-09-04 12:26:00-04:00,1.329800009727478,1.3300000429153442,1.3200000524520874,1.3250000476837158,24033
2026-09-04 12:27:00-04:00,1.3299000263214111,1.3299000263214111,1.3200000524520874,1.3209999799728394,20626
2026-09-04 12:28:00-04:00,1.3300000429153442,1.3300000429153442,1.3200000524520874,1.323099970817566,32100
2026-09-04 12:29:00-04:00,1.3300000429153442,1.3300000429153442,1.309999942779541,1.3100999593734741,34471
2026-09-04 12:30:00-04:00,1.315000057220459,1.3200000524520874,1.309999942779541,1.3200000524520874,33045
2026-09-04 12:31:00-04:00,1.3169000148773193,1.350000023841858,1.309999942779541,1.350000023841858,69442
2026-09-04 12:32:00-04:00,1.340000033378601,1.3450000286102295,1.3250000476837158,1.3301000595092773,59701
2026-09-04 12:33:00-04:00,1.3301000595092773,1.340000033378601,1.313099980354309,1.3134000301361084,29202
2026-09-04 12:34:00-04:00,1.315000057220459,1.3300000429153442,1.315000057220459,1.3200000524520874,26799
2026-09-04 12:35:00-04:00,1.3202999830245972,1.3250000476837158,1.309999942779541,1.315000057220459,27673
2026-09-04 12:36:00-04:00,1.3133000135421753,1.319700002670288,1.2999999523162842,1.2999999523162842,49235
2026-09-04 12:37:00-04:00,1.3049999475479126,1.309999942779541,1.2899999618530273,1.2999999523162842,88177
2026-09-04 12:38:00-04:00,1.2899999618530273,1.3200000524520874,1.2899999618530273,1.2901999950408936,41315
2026-09-04 12:39:00-04:00,1.2900999784469604,1.309999942779541,1.2899999618530273,1.3069000244140625,40149
2026-09-04 12:40:00-04:00,1.2999999523162842,1.3200000524520874,1.2899999618530273,1.3101999759674072,86100
2026-09-04 12:41:00-04:00,1.3100999593734741,1.3200000524520874,1.309999942779541,1.3100999593734741,19850
2026-09-04 12:42:00-04:00,1.3100999593734741,1.3200000524520874,1.2899999618530273,1.2949999570846558,50742
2026-09-04 12:43:00-04:00,1.2949999570846558,1.2999999523162842,1.2899999618530273,1.2933000326156616,8795
2026-09-04 12:44:00-04:00,1.2932000160217285,1.2949999570846558,1.2799999713897705,1.2949999570846558,64567
2026-09-04 12:45:00-04:00,1.2970000505447388,1.2999999523162842,1.2899999618530273,1.2900999784469604,35669
2026-09-04 12:46:00-04:00,1.2999999523162842,1.2999999523162842,1.2799999713897705,1.2800999879837036,47542
2026-09-04 12:47:00-04:00,1.2865999937057495,1.2999999523162842,1.2800999879837036,1.2901999950408936,29130
2026-09-04 12:48:00-04:00,1.2999999523162842,1.2999999523162842,1.2899999618530273,1.2901999950408936,12280
2026-09-04 12:49:00-04:00,1.2900999784469604,1.2999999523162842,1.2899999618530273,1.2998000383377075,17872
2026-09-04 12:50:00-04:00,1.2949999570846558,1.2999999523162842,1.2699999809265137,1.2700999975204468,83687
2026-09-04 12:51:00-04:00,1.274999976158142,1.2899999618530273,1.2699999809265137,1.284999966621399,44785
2026-09-04 12:52:00-04:00,1.2869000434875488,1.2899999618530273,1.2799999713897705,1.2799999713897705,30396
2026-09-04 12:53:00-04:00,1.2732000350952148,1.2799999713897705,1.2699999809265137,1.2799999713897705,31628
2026-09-04 12:54:00-04:00,1.270300030708313,1.340000033378601,1.2700999975204468,1.3299000263214111,213287
2026-09-04 12:55:00-04:00,1.3200000524520874,1.3300000429153442,1.3100999593734741,1.3300000429153442,61831
2026-09-04 12:56:00-04:00,1.3260999917984009,1.3300000429153442,1.3133000135421753,1.3199000358581543,64727
2026-09-04 12:57:00-04:00,1.3199000358581543,1.3300000429153442,1.309999942779541,1.3221999406814575,36027
2026-09-04 12:58:00-04:00,1.329699993133545,1.3300000429153442,1.3102999925613403,1.315000057220459,31995
2026-09-04 12:59:00-04:00,1.315000057220459,1.3200000524520874,1.3100999593734741,1.3101999759674072,15717
2026-09-04 13:00:00-04:00,1.3198000192642212,1.3200000524520874,1.2899999618530273,1.2970000505447388,60590
2026-09-04 13:01:00-04:00,1.2949999570846558,1.2999999523162842,1.2833000421524048,1.2999000549316406,38139
2026-09-04 13:02:00-04:00,1.2903000116348267,1.340000033378601,1.2903000116348267,1.3301000595092773,122175
2026-09-04 13:03:00-04:00,1.340000033378601,1.350000023841858,1.3300000429153442,1.3431999683380127,143162
2026-09-04 13:04:00-04:00,1.3450000286102295,1.350000023841858,1.340000033378601,1.3402999639511108,98600
2026-09-04 13:05:00-04:00,1.34660005569458,1.3600000143051147,1.3432999849319458,1.350000023841858,106056
2026-09-04 13:06:00-04:00,1.350000023841858,1.350000023841858,1.3200000524520874,1.3250000476837158,82625
2026-09-04 13:07:00-04:00,1.326799988746643,1.3300000429153442,1.309999942779541,1.326799988746643,54750
2026-09-04 13:08:00-04:00,1.323199987411499,1.323199987411499,1.309999942779541,1.309999942779541,34754
2026-09-04 13:09:00-04:00,1.3101999759674072,1.3200000524520874,1.2999999523162842,1.3049999475479126,53595
2026-09-04 13:10:00-04:00,1.3049999475479126,1.3200000524520874,1.3000999689102173,1.3068000078201294,47134
2026-09-04 13:11:00-04:00,1.3070000410079956,1.309999942779541,1.2999999523162842,1.3049999475479126,47837
2026-09-04 13:12:00-04:00,1.309999942779541,1.309999942779541,1.3030999898910522,1.3077000379562378,24195
2026-09-04 13:13:00-04:00,1.3000999689102173,1.309999942779541,1.2999999523162842,1.309999942779541,24454
2026-09-04 13:14:00-04:00,1.3001999855041504,1.309999942779541,1.2999999523162842,1.2999999523162842,34818
2026-09-04 13:15:00-04:00,1.3032000064849854,1.309999942779541,1.2999999523162842,1.3099000453948975,12527
2026-09-04 13:16:00-04:00,1.3003000020980835,1.309999942779541,1.2599999904632568,1.2649999856948853,165169
2026-09-04 13:17:00-04:00,1.25,1.276900053024292,1.25,1.271299958229065,177127
2026-09-04 13:18:00-04:00,1.2766000032424927,1.2799999713897705,1.2699999809265137,1.270300030708313,21118
2026-09-04 13:19:00-04:00,1.2699999809265137,1.2799999713897705,1.2699999809265137,1.2732000350952148,27254
2026-09-04 13:20:00-04:00,1.2799999713897705,1.2799999713897705,1.2599999904632568,1.2699999809265137,25915
2026-09-04 13:21:00-04:00,1.2699999809265137,1.2699999809265137,1.2599999904632568,1.2599999904632568,56832
2026-09-04 13:22:00-04:00,1.26010000705719,1.2699999809265137,1.2599999904632568,1.2666000127792358,42327
2026-09-04 13:23:00-04:00,1.2649999856948853,1.2699999809265137,1.2599999904632568,1.263200044631958,16868
2026-09-04 13:24:00-04:00,1.2699999809265137,1.2699999809265137,1.2599999904632568,1.2609000205993652,25417
2026-09-04 13:25:00-04:00,1.2599999904632568,1.2899999618530273,1.2599999904632568,1.284999966621399,53435
2026-09-04 13:26:00-04:00,1.2799999713897705,1.2899999618530273,1.2699999809265137,1.284999966621399,82398
2026-09-04 13:27:00-04:00,1.284999966621399,1.2899999618530273,1.2699999809265137,1.278499960899353,31185
2026-09-04 13:28:00-04:00,1.277999997138977,1.2799999713897705,1.2699999809265137,1.2797000408172607,20370
2026-09-04 13:29:00-04:00,1.2799999713897705,1.2799999713897705,1.2699999809265137,1.274999976158142,12415
2026-09-04 13:30:00-04:00,1.274999976158142,1.2799999713897705,1.2699999809265137,1.2768000364303589,17583
2026-09-04 13:31:00-04:00,1.2799999713897705,1.2799999713897705,1.2699999809265137,1.2732000350952148,7304
2026-09-04 13:32:00-04:00,1.2790000438690186,1.2899999618530273,1.2700999975204468,1.2899999618530273,44970
2026-09-04 13:33:00-04:00,1.2890000343322754,1.2999999523162842,1.2800999879837036,1.2928999662399292,54946
2026-09-04 13:34:00-04:00,1.2999999523162842,1.2999999523162842,1.2900999784469604,1.2999999523162842,22566
2026-09-04 13:35:00-04:00,1.2965999841690063,1.340000033378601,1.2929999828338623,1.3300000429153442,142186
2026-09-04 13:36:00-04:00,1.3350000381469727,1.340000033378601,1.3200000524520874,1.323199987411499,47678
2026-09-04 13:37:00-04:00,1.3250000476837158,1.3300000429153442,1.3200000524520874,1.3289999961853027,26176
2026-09-04 13:38:00-04:00,1.3289999961853027,1.3300000429153442,1.309999942779541,1.3125,26880
2026-09-04 13:39:00-04:00,1.3109999895095825,1.3199000358581543,1.309999942779541,1.319000005722046,12142
2026-09-04 13:40:00-04:00,1.319000005722046,1.3200000524520874,1.309999942779541,1.319700002670288,19076
2026-09-04 13:41:00-04:00,1.319599986076355,1.340000033378601,1.2899999618530273,1.2999999523162842,111739
2026-09-04 13:42:00-04:00,1.2949999570846558,1.2999999523162842,1.2899999618530273,1.2968000173568726,27605
2026-09-04 13:43:00-04:00,1.2939000129699707,1.2999999523162842,1.2900999784469604,1.2949999570846558,12332
2026-09-04 13:44:00-04:00,1.2905999422073364,1.2999999523162842,1.2899999618530273,1.2968000173568726,17637
2026-09-04 13:45:00-04:00,1.2997000217437744,1.2999999523162842,1.2899999618530273,1.2920000553131104,8453
2026-09-04 13:46:00-04:00,1.2997000217437744,1.3200000524520874,1.2997000217437744,1.319000005722046,21286
2026-09-04 13:47:00-04:00,1.3200000524520874,1.3200000524520874,1.3100999593734741,1.319700002670288,14520
2026-09-04 13:48:00-04:00,1.319000005722046,1.3200000524520874,1.309999942779541,1.3200000524520874,13208
2026-09-04 13:49:00-04:00,1.3100999593734741,1.3300000429153442,1.309999942779541,1.3265999555587769,53173
2026-09-04 13:50:00-04:00,1.329699993133545,1.3300000429153442,1.2999999523162842,1.31659996509552,25027
2026-09-04 13:51:00-04:00,1.319700002670288,1.3200000524520874,1.309999942779541,1.315000057220459,8524
2026-09-04 13:52:00-04:00,1.315000057220459,1.3200000524520874,1.315000057220459,1.319700002670288,4311
2026-09-04 13:53:00-04:00,1.319700002670288,1.3200000524520874,1.309999942779541,1.3102999925613403,7064
2026-09-04 13:54:00-04:00,1.3200000524520874,1.3200000524520874,1.309999942779541,1.3100999593734741,9818
2026-09-04 13:55:00-04:00,1.319700002670288,1.340000033378601,1.309999942779541,1.3200000524520874,76117
2026-09-04 13:56:00-04:00,1.3350000381469727,1.339900016784668,1.3200000524520874,1.339900016784668,16111
2026-09-04 13:57:00-04:00,1.3331999778747559,1.340000033378601,1.3300000429153442,1.3300000429153442,14922
2026-09-04 13:58:00-04:00,1.3350000381469727,1.350000023841858,1.3300000429153442,1.3450000286102295,84676
2026-09-04 13:59:00-04:00,1.3496999740600586,1.350000023841858,1.340000033378601,1.3496999740600586,58278
2026-09-04 14:00:00-04:00,1.3401000499725342,1.350000023841858,1.309999942779541,1.320099949836731,55679
2026-09-04 14:01:00-04:00,1.3279999494552612,1.340000033378601,1.3200000524520874,1.340000033378601,32569
2026-09-04 14:02:00-04:00,1.340000033378601,1.340000033378601,1.3300000429153442,1.330299973487854,15592
2026-09-04 14:03:00-04:00,1.3350000381469727,1.340000033378601,1.3300000429153442,1.340000033378601,15650
2026-09-04 14:04:00-04:00,1.3398000001907349,1.3600000143051147,1.323099970817566,1.3531999588012695,69327
2026-09-04 14:05:00-04:00,1.350000023841858,1.4199999570846558,1.350000023841858,1.4068000316619873,433938
2026-09-04 14:06:00-04:00,1.4098999500274658,1.4199999570846558,1.3899999856948853,1.3930000066757202,220423
2026-09-04 14:07:00-04:00,1.3949999809265137,1.4299999475479126,1.3899999856948853,1.4049999713897705,324387
2026-09-04 14:08:00-04:00,1.4098999500274658,1.409999966621399,1.399999976158142,1.4098999500274658,95701
2026-09-04 14:09:00-04:00,1.399999976158142,1.4097000360488892,1.3899999856948853,1.3949999809265137,74963
2026-09-04 14:10:00-04:00,1.3899999856948853,1.399999976158142,1.3700000047683716,1.375,105125
2026-09-04 14:11:00-04:00,1.375,1.3899999856948853,1.3700000047683716,1.3849999904632568,118199
2026-09-04 14:12:00-04:00,1.3804999589920044,1.409999966621399,1.3804999589920044,1.409999966621399,126341
2026-09-04 14:13:00-04:00,1.409000039100647,1.440000057220459,1.399999976158142,1.4249999523162842,289909
2026-09-04 14:14:00-04:00,1.429900050163269,1.4600000381469727,1.4199999570846558,1.4530999660491943,276599
2026-09-04 14:15:00-04:00,1.4599000215530396,1.4600000381469727,1.4199999570846558,1.4460999965667725,257356
2026-09-04 14:16:00-04:00,1.4450000524520874,1.4500000476837158,1.440000057220459,1.440000057220459,67547
2026-09-04 14:17:00-04:00,1.4430999755859375,1.4450000524520874,1.399999976158142,1.4199999570846558,238024
2026-09-04 14:18:00-04:00,1.4199999570846558,1.4199999570846558,1.3600000143051147,1.3849999904632568,238161
2026-09-04 14:19:00-04:00,1.3899999856948853,1.409999966621399,1.3799999952316284,1.4049999713897705,101619
2026-09-04 14:20:00-04:00,1.4049999713897705,1.4056999683380127,1.3799999952316284,1.3868000507354736,56872
2026-09-04 14:21:00-04:00,1.3799999952316284,1.3899999856948853,1.3799999952316284,1.3849999904632568,30393
2026-09-04 14:22:00-04:00,1.38100004196167,1.399999976158142,1.3799999952316284,1.3949999809265137,62720
2026-09-04 14:23:00-04:00,1.3949999809265137,1.399999976158142,1.3600000143051147,1.3650000095367432,104124
2026-09-04 14:24:00-04:00,1.3650000095367432,1.3799999952316284,1.3600000143051147,1.375,55185
2026-09-04 14:25:00-04:00,1.3799999952316284,1.3799999952316284,1.3700000047683716,1.3702000379562378,23265
2026-09-04 14:26:00-04:00,1.3701000213623047,1.3799999952316284,1.2899999618530273,1.315000057220459,273017
2026-09-04 14:27:00-04:00,1.3100999593734741,1.3200000524520874,1.2899999618530273,1.2949999570846558,137120
2026-09-04 14:28:00-04:00,1.2934000492095947,1.2999999523162842,1.2699999809265137,1.2799999713897705,105386
2026-09-04 14:29:00-04:00,1.2799999713897705,1.2999999523162842,1.2699999809265137,1.2899999618530273,125267
2026-09-04 14:30:00-04:00,1.284999966621399,1.2999999523162842,1.2799999713897705,1.2949999570846558,63558
2026-09-04 14:31:00-04:00,1.2969000339508057,1.2999999523162842,1.2799999713897705,1.2832000255584717,88902
2026-09-04 14:32:00-04:00,1.284999966621399,1.2999999523162842,1.2800999879837036,1.2999000549316406,85090
2026-09-04 14:33:00-04:00,1.2949999570846558,1.2999999523162842,1.2899999618530273,1.2949999570846558,61339
2026-09-04 14:34:00-04:00,1.2999999523162842,1.3200000524520874,1.2949999570846558,1.3049999475479126,84675
2026-09-04 14:35:00-04:00,1.3049999475479126,1.309999942779541,1.2999999523162842,1.3049999475479126,82953
2026-09-04 14:36:00-04:00,1.309999942779541,1.309999942779541,1.2999999523162842,1.309000015258789,20558
2026-09-04 14:37:00-04:00,1.3068000078201294,1.309999942779541,1.2999999523162842,1.309000015258789,41768
2026-09-04 14:38:00-04:00,1.3049999475479126,1.309999942779541,1.2999999523162842,1.3033000230789185,13547
2026-09-04 14:39:00-04:00,1.3000999689102173,1.309999942779541,1.2999999523162842,1.3068000078201294,16485
2026-09-04 14:40:00-04:00,1.3049999475479126,1.309999942779541,1.2999999523162842,1.3049999475479126,19774
2026-09-04 14:41:00-04:00,1.3097000122070312,1.3099000453948975,1.2999999523162842,1.3049999475479126,10396
2026-09-04 14:42:00-04:00,1.2999999523162842,1.309999942779541,1.2999999523162842,1.3049999475479126,24433
2026-09-04 14:43:00-04:00,1.309999942779541,1.309999942779541,1.2999999523162842,1.3003000020980835,18218
2026-09-04 14:44:00-04:00,1.3063000440597534,1.309999942779541,1.2999999523162842,1.2999999523162842,16654
2026-09-04 14:45:00-04:00,1.3049999475479126,1.3099000453948975,1.2999999523162842,1.3000999689102173,9991
2026-09-04 14:46:00-04:00,1.3049999475479126,1.3099000453948975,1.2699999809265137,1.2768000364303589,135826
2026-09-04 14:47:00-04:00,1.274999976158142,1.2799999713897705,1.2699999809265137,1.2699999809265137,48504
2026-09-04 14:48:00-04:00,1.2699999809265137,1.284999966621399,1.2699999809265137,1.284999966621399,28762
2026-09-04 14:49:00-04:00,1.284999966621399,1.2999999523162842,1.284999966621399,1.2999000549316406,29548
2026-09-04 14:50:00-04:00,1.2999999523162842,1.2999999523162842,1.2899999618530273,1.2949999570846558,17723
2026-09-04 14:51:00-04:00,1.2949999570846558,1.2999999523162842,1.2799999713897705,1.2800999879837036,30375
2026-09-04 14:52:00-04:00,1.284999966621399,1.284999966621399,1.2699999809265137,1.274999976158142,26407
2026-09-04 14:53:00-04:00,1.2768000364303589,1.2799999713897705,1.2699999809265137,1.2766000032424927,28814
2026-09-04 14:54:00-04:00,1.274999976158142,1.2899999618530273,1.2700999975204468,1.2890000343322754,12573
2026-09-04 14:55:00-04:00,1.2832000255584717,1.2899999618530273,1.2799999713897705,1.2890000343322754,17545
2026-09-04 14:56:00-04:00,1.284999966621399,1.2899999618530273,1.2799999713897705,1.284999966621399,10720
2026-09-04 14:57:00-04:00,1.284999966621399,1.2899999618530273,1.2699999809265137,1.2699999809265137,18159
2026-09-04 14:58:00-04:00,1.274999976158142,1.2899999618530273,1.2699999809265137,1.2890000343322754,18517
2026-09-04 14:59:00-04:00,1.2799999713897705,1.2890000343322754,1.2799999713897705,1.2802000045776367,11043
2026-09-04 15:00:00-04:00,1.2800999879837036,1.2890000343322754,1.2799999713897705,1.2799999713897705,12354
2026-09-04 15:01:00-04:00,1.284999966621399,1.2899999618530273,1.2799999713897705,1.2890000343322754,7331
2026-09-04 15:02:00-04:00,1.2802000045776367,1.3600000143051147,1.2799999713897705,1.3450000286102295,118038
2026-09-04 15:03:00-04:00,1.3423999547958374,1.3468999862670898,1.309999942779541,1.3194999694824219,75207
2026-09-04 15:04:00-04:00,1.3200000524520874,1.340000033378601,1.315000057220459,1.3250000476837158,42713
2026-09-04 15:05:00-04:00,1.3242000341415405,1.3300000429153442,1.3200000524520874,1.3200000524520874,14680
2026-09-04 15:06:00-04:00,1.3250000476837158,1.3250000476837158,1.309999942779541,1.3199000358581543,27943
2026-09-04 15:07:00-04:00,1.3200000524520874,1.3300000429153442,1.309999942779541,1.320099949836731,20194
2026-09-04 15:08:00-04:00,1.3300000429153442,1.3300000429153442,1.3200000524520874,1.329699993133545,35530
2026-09-04 15:09:00-04:00,1.320099949836731,1.3300000429153442,1.309999942779541,1.315000057220459,24558
2026-09-04 15:10:00-04:00,1.315000057220459,1.3200000524520874,1.309999942779541,1.3131999969482422,9386
2026-09-04 15:11:00-04:00,1.315000057220459,1.315000057220459,1.2999999523162842,1.3000999689102173,21196
2026-09-04 15:12:00-04:00,1.2999999523162842,1.3068000078201294,1.2799999713897705,1.284999966621399,19654
2026-09-04 15:13:00-04:00,1.284999966621399,1.2899999618530273,1.2799999713897705,1.284999966621399,16964
2026-09-04 15:14:00-04:00,1.284999966621399,1.309999942779541,1.284999966621399,1.3049999475479126,33487
2026-09-04 15:15:00-04:00,1.309999942779541,1.3600000143051147,1.309999942779541,1.3300000429153442,128115
2026-09-04 15:16:00-04:00,1.3367999792099,1.340000033378601,1.3300000429153442,1.3350000381469727,24542
2026-09-04 15:17:00-04:00,1.3350000381469727,1.340000033378601,1.3200000524520874,1.3300000429153442,36387
2026-09-04 15:18:00-04:00,1.3299000263214111,1.3299000263214111,1.3200000524520874,1.3250000476837158,20881
2026-09-04 15:19:00-04:00,1.3250000476837158,1.3300000429153442,1.309999942779541,1.3100999593734741,25257
2026-09-04 15:20:00-04:00,1.315000057220459,1.3200000524520874,1.309999942779541,1.3169000148773193,19287
2026-09-04 15:21:00-04:00,1.3200000524520874,1.3200000524520874,1.309999942779541,1.309999942779541,10309
2026-09-04 15:22:00-04:00,1.3000999689102173,1.309999942779541,1.2999999523162842,1.309999942779541,19724
2026-09-04 15:23:00-04:00,1.309999942779541,1.309999942779541,1.3000999689102173,1.309999942779541,12879
2026-09-04 15:24:00-04:00,1.309000015258789,1.309999942779541,1.3049999475479126,1.309999942779541,3260
2026-09-04 15:25:00-04:00,1.3003000020980835,1.3300000429153442,1.3003000020980835,1.3250000476837158,22743
2026-09-04 15:26:00-04:00,1.3250000476837158,1.3269000053405762,1.3100999593734741,1.3100999593734741,28295
2026-09-04 15:27:00-04:00,1.3131999969482422,1.3700000047683716,1.309999942779541,1.340000033378601,123056
2026-09-04 15:28:00-04:00,1.3499000072479248,1.350000023841858,1.3300000429153442,1.340000033378601,35476
2026-09-04 15:29:00-04:00,1.3350000381469727,1.3350000381469727,1.2999999523162842,1.3200000524520874,49372
2026-09-04 15:30:00-04:00,1.3200000524520874,1.3200000524520874,1.309999942779541,1.319000005722046,13253
2026-09-04 15:31:00-04:00,1.309999942779541,1.309999942779541,1.2999999523162842,1.3003000020980835,17754
2026-09-04 15:32:00-04:00,1.2999999523162842,1.309999942779541,1.2999999523162842,1.309999942779541,8655
2026-09-04 15:33:00-04:00,1.315000057220459,1.3199000358581543,1.309999942779541,1.315000057220459,5603
2026-09-04 15:34:00-04:00,1.315000057220459,1.3200000524520874,1.309999942779541,1.315000057220459,10690
2026-09-04 15:35:00-04:00,1.315000057220459,1.350000023841858,1.315000057220459,1.323699951171875,73587
2026-09-04 15:36:00-04:00,1.340000033378601,1.350000023841858,1.3300000429153442,1.340000033378601,25866
2026-09-04 15:37:00-04:00,1.340000033378601,1.340000033378601,1.3300000429153442,1.3350000381469727,21733
2026-09-04 15:38:00-04:00,1.340000033378601,1.3489999771118164,1.3300000429153442,1.3489999771118164,16960
2026-09-04 15:39:00-04:00,1.3450000286102295,1.3600000143051147,1.3416999578475952,1.350100040435791,44309
2026-09-04 15:40:00-04:00,1.350000023841858,1.3600000143051147,1.3401000499725342,1.3450000286102295,17169
2026-09-04 15:41:00-04:00,1.350000023841858,1.350000023841858,1.340000033378601,1.340000033378601,29820
2026-09-04 15:42:00-04:00,1.3350000381469727,1.340000033378601,1.2999999523162842,1.3000999689102173,96477
2026-09-04 15:43:00-04:00,1.3049999475479126,1.309999942779541,1.2899999618530273,1.3032000064849854,59237
2026-09-04 15:44:00-04:00,1.3032000064849854,1.309999942779541,1.2999999523162842,1.2999999523162842,10053
2026-09-04 15:45:00-04:00,1.2999999523162842,1.309999942779541,1.2999999523162842,1.3049999475479126,17491
2026-09-04 15:46:00-04:00,1.3033000230789185,1.309999942779541,1.2999999523162842,1.2999999523162842,24060
2026-09-04 15:47:00-04:00,1.3065999746322632,1.3200000524520874,1.3000999689102173,1.315000057220459,70380
2026-09-04 15:48:00-04:00,1.319000005722046,1.3200000524520874,1.3049999475479126,1.3200000524520874,32947
2026-09-04 15:49:00-04:00,1.315000057220459,1.3200000524520874,1.309999942779541,1.309999942779541,28040
2026-09-04 15:50:00-04:00,1.319000005722046,1.3200000524520874,1.309999942779541,1.3200000524520874,19282
2026-09-04 15:51:00-04:00,1.3200000524520874,1.3200000524520874,1.309999942779541,1.315000057220459,32208
2026-09-04 15:52:00-04:00,1.319000005722046,1.319000005722046,1.2999999523162842,1.3049999475479126,26352
2026-09-04 15:53:00-04:00,1.309000015258789,1.309999942779541,1.2999999523162842,1.3098000288009644,44949
2026-09-04 15:54:00-04:00,1.3049999475479126,1.309999942779541,1.2999999523162842,1.3049999475479126,12240
2026-09-04 15:55:00-04:00,1.309999942779541,1.340000033378601,1.3032000064849854,1.3265999555587769,63063
2026-09-04 15:56:00-04:00,1.3265000581741333,1.3300000429153442,1.315000057220459,1.315000057220459,25801
2026-09-04 15:57:00-04:00,1.309999942779541,1.3300000429153442,1.309999942779541,1.3179999589920044,48811
2026-09-04 15:58:00-04:00,1.3200000524520874,1.3200000524520874,1.2999999523162842,1.2999999523162842,52505
2026-09-04 15:59:00-04:00,1.309999942779541,1.315000057220459,1.2999999523162842,1.309999942779541,81713
2026-09-04 16:00:00-04:00,1.31,1.33,1.31,1.33,0
2026-09-04 16:01:00-04:00,1.3203,1.33,1.32,1.33,0
2026-09-04 16:02:00-04:00,1.32,1.32,1.3,1.3001,0
2026-09-04 16:03:00-04:00,1.3001,1.32,1.3,1.32,0
2026-09-04 16:04:00-04:00,1.325,1.33,1.32,1.3299,0
2026-09-04 16:05:00-04:00,1.3215,1.3215,1.3,1.31,0
2026-09-04 16:06:00-04:00,1.3003,1.31,1.3,1.3098,0
2026-09-04 16:07:00-04:00,1.3,1.33,1.3,1.3297,0
2026-09-04 16:08:00-04:00,1.3297,1.3297,1.32,1.3269,0
2026-09-04 16:09:00-04:00,1.3203,1.33,1.31,1.3103,0
2026-09-04 16:10:00-04:00,1.32,1.32,1.3,1.3,0
2026-09-04 16:11:00-04:00,1.3064,1.3099,1.28,1.29,0
2026-09-04 16:12:00-04:00,1.28,1.3,1.28,1.2901,0
2026-09-04 16:13:00-04:00,1.2901,1.3,1.29,1.3,0
2026-09-04 16:14:00-04:00,1.2931,1.3,1.29,1.3,0
2026-09-04 16:15:00-04:00,1.3,1.3,1.28,1.28,0
2026-09-04 16:16:00-04:00,1.28,1.2898,1.26,1.26,0
2026-09-04 16:17:00-04:00,1.263,1.3,1.263,1.29,0
2026-09-04 16:18:00-04:00,1.2901,1.3028,1.29,1.3,0
2026-09-04 16:19:00-04:00,1.3002,1.31,1.3,1.3003,0
2026-09-04 16:20:00-04:00,1.303,1.3102,1.3,1.3,0
2026-09-04 16:21:00-04:00,1.3003,1.31,1.3003,1.3099,0
2026-09-04 16:22:00-04:00,1.3002,1.31,1.3,1.3,0
2026-09-04 16:23:00-04:00,1.3,1.31,1.3,1.3,0
2026-09-04 16:24:00-04:00,1.3001,1.303,1.3,1.3,0
2026-09-04 16:25:00-04:00,1.31,1.31,1.3,1.3001,0
2026-09-04 16:26:00-04:00,1.3003,1.3015,1.3,1.3015,0
2026-09-04 16:27:00-04:00,1.3003,1.31,1.3,1.31,0
2026-09-04 16:28:00-04:00,1.31,1.31,1.3,1.31,0
2026-09-04 16:29:00-04:00,1.3029,1.3099,1.3,1.3,0
2026-09-04 16:30:00-04:00,1.3,1.31,1.3,1.3,0
2026-09-04 16:31:00-04:00,1.31,1.31,1.3,1.3098,0
2026-09-04 16:32:00-04:00,1.3097,1.4031,1.3,1.4031,0
2026-09-04 16:33:00-04:00,1.41,1.41,1.3801,1.3997,0
2026-09-04 16:34:00-04:00,1.4,1.4,1.36,1.37,0
2026-09-04 16:35:00-04:00,1.36,1.43,1.36,1.3997,0
2026-09-04 16:36:00-04:00,1.3999,1.4098,1.37,1.387,0
2026-09-04 16:37:00-04:00,1.385,1.39,1.38,1.38,0
2026-09-04 16:38:00-04:00,1.3899,1.395,1.37,1.3799,0
2026-09-04 16:39:00-04:00,1.38,1.38,1.33,1.34,0
2026-09-04 16:40:00-04:00,1.3399,1.35,1.3395,1.34,0
2026-09-04 16:41:00-04:00,1.34,1.35,1.34,1.35,0
2026-09-04 16:42:00-04:00,1.345,1.35,1.34,1.345,0
2026-09-04 16:43:00-04:00,1.34,1.3499,1.34,1.34,0
2026-09-04 16:44:00-04:00,1.3429,1.35,1.34,1.34,0
2026-09-04 16:45:00-04:00,1.34,1.35,1.34,1.34,0
2026-09-04 16:46:00-04:00,1.34,1.35,1.34,1.3402,0
2026-09-04 16:47:00-04:00,1.34,1.35,1.34,1.35,0
2026-09-04 16:48:00-04:00,1.35,1.38,1.3496,1.377,0
2026-09-04 16:49:00-04:00,1.3701,1.39,1.37,1.3898,0
2026-09-04 16:50:00-04:00,1.3897,1.39,1.38,1.3814,0
2026-09-04 16:51:00-04:00,1.3815,1.39,1.37,1.3798,0
2026-09-04 16:52:00-04:00,1.37,1.38,1.36,1.3797,0
2026-09-04 16:53:00-04:00,1.38,1.38,1.37,1.3797,0
2026-09-04 16:54:00-04:00,1.38,1.38,1.37,1.38,0
2026-09-04 16:55:00-04:00,1.3701,1.38,1.37,1.37,0
2026-09-04 16:56:00-04:00,1.38,1.42,1.377,1.413,0
2026-09-04 16:57:00-04:00,1.42,1.42,1.4,1.4131,0
2026-09-04 16:58:00-04:00,1.4195,1.44,1.41,1.435,0
2026-09-04 16:59:00-04:00,1.44,1.44,1.4,1.41,0
2026-09-04 17:00:00-04:00,1.41,1.44,1.41,1.43,0
2026-09-04 17:01:00-04:00,1.43,1.44,1.41,1.43,0
2026-09-04 17:02:00-04:00,1.4298,1.44,1.41,1.437,0
2026-09-04 17:03:00-04:00,1.4397,1.44,1.43,1.4369,0
2026-09-04 17:04:00-04:00,1.43,1.4302,1.39,1.39,0
2026-09-04 17:05:00-04:00,1.39,1.3997,1.37,1.37,0
2026-09-04 17:06:00-04:00,1.3731,1.4,1.37,1.397,0
2026-09-04 17:07:00-04:00,1.397,1.4,1.38,1.383,0
2026-09-04 17:08:00-04:00,1.3872,1.39,1.37,1.38,0
2026-09-04 17:09:00-04:00,1.375,1.4,1.373,1.393,0
2026-09-04 17:10:00-04:00,1.39,1.41,1.39,1.4031,0
2026-09-04 17:11:00-04:00,1.405,1.41,1.4031,1.41,0
2026-09-04 17:12:00-04:00,1.4099,1.42,1.4,1.4198,0
2026-09-04 17:13:00-04:00,1.42,1.44,1.41,1.44,0
2026-09-04 17:14:00-04:00,1.44,1.44,1.42,1.4201,0
2026-09-04 17:15:00-04:00,1.4201,1.43,1.42,1.4297,0
2026-09-04 17:16:00-04:00,1.4202,1.44,1.42,1.43,0
2026-09-04 17:17:00-04:00,1.4301,1.44,1.43,1.43,0
2026-09-04 17:18:00-04:00,1.43,1.4327,1.42,1.4298,0
2026-09-04 17:19:00-04:00,1.4264,1.4298,1.41,1.4101,0
2026-09-04 17:20:00-04:00,1.4199,1.42,1.39,1.3901,0
2026-09-04 17:21:00-04:00,1.39,1.41,1.39,1.4031,0
2026-09-04 17:22:00-04:00,1.41,1.4269,1.4,1.4201,0
2026-09-04 17:23:00-04:00,1.423,1.43,1.41,1.42,0
2026-09-04 17:24:00-04:00,1.4199,1.42,1.41,1.419,0
2026-09-04 17:25:00-04:00,1.42,1.42,1.4,1.4,0
2026-09-04 17:26:00-04:00,1.41,1.42,1.4,1.42,0
2026-09-04 17:27:00-04:00,1.4198,1.43,1.41,1.4298,0
2026-09-04 17:28:00-04:00,1.43,1.4697,1.4271,1.4599,0
2026-09-04 17:29:00-04:00,1.4599,1.46,1.42,1.4227,0
2026-09-04 17:30:00-04:00,1.4229,1.4299,1.38,1.4028,0
2026-09-04 17:31:00-04:00,1.4,1.41,1.37,1.38,0
2026-09-04 17:32:00-04:00,1.3897,1.4,1.38,1.3803,0
2026-09-04 17:33:00-04:00,1.3802,1.39,1.35,1.3627,0
2026-09-04 17:34:00-04:00,1.37,1.38,1.36,1.3798,0
2026-09-04 17:35:00-04:00,1.37,1.39,1.37,1.37,0
2026-09-04 17:36:00-04:00,1.37,1.37,1.36,1.3699,0
2026-09-04 17:37:00-04:00,1.36,1.37,1.34,1.3627,0
2026-09-04 17:38:00-04:00,1.3615,1.37,1.35,1.36,0
2026-09-04 17:39:00-04:00,1.36,1.37,1.35,1.3697,0
2026-09-04 17:40:00-04:00,1.37,1.37,1.36,1.3699,0
2026-09-04 17:41:00-04:00,1.3603,1.37,1.36,1.3698,0
2026-09-04 17:42:00-04:00,1.3699,1.37,1.36,1.37,0
2026-09-04 17:43:00-04:00,1.3601,1.37,1.36,1.36,0
2026-09-04 17:44:00-04:00,1.3627,1.37,1.36,1.37,0
2026-09-04 17:45:00-04:00,1.36,1.3885,1.36,1.385,0
2026-09-04 17:46:00-04:00,1.3873,1.39,1.37,1.3701,0
2026-09-04 17:47:00-04:00,1.37,1.38,1.37,1.3799,0
2026-09-04 17:48:00-04:00,1.3702,1.38,1.37,1.371,0
2026-09-04 17:49:00-04:00,1.3799,1.38,1.37,1.379,0
2026-09-04 17:50:00-04:00,1.3702,1.38,1.36,1.3602,0
2026-09-04 17:51:00-04:00,1.3673,1.37,1.36,1.3698,0
2026-09-04 17:52:00-04:00,1.3628,1.365,1.3506,1.3573,0
2026-09-04 17:53:00-04:00,1.36,1.36,1.34,1.3402,0
2026-09-04 17:54:00-04:00,1.34,1.35,1.32,1.33,0
2026-09-04 17:55:00-04:00,1.327,1.327,1.3003,1.315,0
2026-09-04 17:56:00-04:00,1.32,1.35,1.32,1.3415,0
2026-09-04 17:57:00-04:00,1.35,1.35,1.34,1.34,0
2026-09-04 17:58:00-04:00,1.331,1.3399,1.33,1.3373,0
2026-09-04 17:59:00-04:00,1.3398,1.34,1.32,1.33,0
2026-09-04 18:00:00-04:00,1.3308,1.35,1.33,1.34,0
2026-09-04 18:01:00-04:00,1.3373,1.34,1.33,1.3399,0
2026-09-04 18:02:00-04:00,1.3399,1.34,1.33,1.3328,0
2026-09-04 18:03:00-04:00,1.3373,1.3397,1.33,1.33,0
2026-09-04 18:04:00-04:00,1.34,1.34,1.33,1.33,0
2026-09-04 18:05:00-04:00,1.33,1.34,1.33,1.33,0
2026-09-04 18:06:00-04:00,1.3373,1.34,1.32,1.33,0
2026-09-04 18:07:00-04:00,1.33,1.33,1.31,1.3199,0
2026-09-04 18:08:00-04:00,1.31,1.33,1.31,1.33,0
2026-09-04 18:09:00-04:00,1.3201,1.33,1.31,1.3103,0
2026-09-04 18:10:00-04:00,1.3101,1.32,1.31,1.3197,0
2026-09-04 18:11:00-04:00,1.32,1.33,1.32,1.33,0
2026-09-04 18:12:00-04:00,1.32,1.33,1.32,1.32,0
2026-09-04 18:13:00-04:00,1.31,1.33,1.31,1.33,0
2026-09-04 18:14:00-04:00,1.3301,1.34,1.33,1.3372,0
2026-09-04 18:15:00-04:00,1.335,1.34,1.335,1.34,0
2026-09-04 18:16:00-04:00,1.3399,1.34,1.33,1.34,0
2026-09-04 18:17:00-04:00,1.33,1.34,1.33,1.3302,0
2026-09-04 18:18:00-04:00,1.34,1.34,1.3303,1.34,0
2026-09-04 18:19:00-04:00,1.3372,1.3399,1.3372,1.3399,0
2026-09-04 18:20:00-04:00,1.3301,1.3301,1.33,1.33,0
2026-09-04 18:21:00-04:00,1.339,1.34,1.33,1.34,0
2026-09-04 18:22:00-04:00,1.3372,1.34,1.33,1.34,0
2026-09-04 18:23:00-04:00,1.34,1.35,1.33,1.3397,0
2026-09-04 18:24:00-04:00,1.34,1.34,1.33,1.33,0
2026-09-04 18:25:00-04:00,1.338,1.34,1.33,1.3302,0
2026-09-04 18:26:00-04:00,1.34,1.34,1.33,1.33,0
2026-09-04 18:27:00-04:00,1.34,1.34,1.33,1.3301,0
2026-09-04 18:28:00-04:00,1.3303,1.34,1.33,1.33,0
2026-09-04 18:29:00-04:00,1.33,1.3397,1.33,1.3397,0
2026-09-04 18:30:00-04:00,1.33,1.34,1.33,1.3397,0
2026-09-04 18:31:00-04:00,1.33,1.3397,1.33,1.3397,0
2026-09-04 18:32:00-04:00,1.34,1.34,1.33,1.33,0
2026-09-04 18:33:00-04:00,1.33,1.3303,1.33,1.3301,0
2026-09-04 18:34:00-04:00,1.34,1.35,1.34,1.34,0
2026-09-04 18:35:00-04:00,1.35,1.36,1.35,1.35,0
2026-09-04 18:36:00-04:00,1.34,1.34,1.3303,1.3303,0
2026-09-04 18:37:00-04:00,1.335,1.335,1.33,1.33,0
2026-09-04 18:38:00-04:00,1.3399,1.3399,1.33,1.33,0
2026-09-04 18:39:00-04:00,1.33,1.3303,1.33,1.33,0
2026-09-04 18:40:00-04:00,1.3302,1.3303,1.33,1.33,0
2026-09-04 18:41:00-04:00,1.33,1.34,1.33,1.3399,0
2026-09-04 18:42:00-04:00,1.3301,1.3399,1.33,1.33,0
2026-09-04 18:43:00-04:00,1.3303,1.3399,1.33,1.33,0
2026-09-04 18:44:00-04:00,1.33,1.34,1.33,1.34,0
2026-09-04 18:45:00-04:00,1.34,1.34,1.33,1.3398,0
2026-09-04 18:46:00-04:00,1.3303,1.34,1.33,1.3302,0
2026-09-04 18:47:00-04:00,1.3397,1.3397,1.33,1.335,0
2026-09-04 18:48:00-04:00,1.3315,1.34,1.33,1.33,0
2026-09-04 18:49:00-04:00,1.3373,1.3398,1.33,1.3303,0
2026-09-04 18:50:00-04:00,1.33,1.34,1.33,1.33,0
2026-09-04 18:51:00-04:00,1.34,1.35,1.34,1.35,0
2026-09-04 18:52:00-04:00,1.35,1.35,1.3401,1.3401,0
2026-09-04 18:53:00-04:00,1.35,1.35,1.34,1.34,0
2026-09-04 18:54:00-04:00,1.34,1.34,1.33,1.33,0
2026-09-04 18:55:00-04:00,1.3397,1.34,1.33,1.3302,0
2026-09-04 18:56:00-04:00,1.3303,1.3373,1.33,1.33,0
2026-09-04 18:57:00-04:00,1.3372,1.34,1.33,1.3301,0
2026-09-04 18:58:00-04:00,1.34,1.34,1.33,1.3301,0
2026-09-04 18:59:00-04:00,1.33,1.3303,1.33,1.33,0
2026-09-04 19:00:00-04:00,1.33,1.34,1.33,1.3302,0
2026-09-04 19:01:00-04:00,1.3303,1.3399,1.33,1.33,0
2026-09-04 19:02:00-04:00,1.33,1.3303,1.33,1.3302,0
2026-09-04 19:03:00-04:00,1.33,1.3315,1.33,1.33,0
2026-09-04 19:04:00-04:00,1.33,1.3303,1.33,1.3303,0
2026-09-04 19:05:00-04:00,1.3301,1.3303,1.33,1.3302,0
2026-09-04 19:06:00-04:00,1.34,1.34,1.33,1.3397,0
2026-09-04 19:07:00-04:00,1.3303,1.335,1.33,1.33,0
2026-09-04 19:08:00-04:00,1.34,1.34,1.33,1.34,0
2026-09-04 19:09:00-04:00,1.3315,1.3399,1.33,1.33,0
2026-09-04 19:10:00-04:00,1.3301,1.34,1.33,1.33,0
2026-09-04 19:11:00-04:00,1.33,1.3302,1.33,1.33,0
2026-09-04 19:12:00-04:00,1.34,1.34,1.33,1.33,0
2026-09-04 19:13:00-04:00,1.33,1.34,1.33,1.3301,0
2026-09-04 19:14:00-04:00,1.33,1.33,1.33,1.33,0
2026-09-04 19:15:00-04:00,1.33,1.33,1.3,1.3073,0
2026-09-04 19:16:00-04:00,1.3028,1.32,1.3,1.3,0
2026-09-04 19:17:00-04:00,1.3,1.31,1.29,1.29,0
2026-09-04 19:18:00-04:00,1.2908,1.3,1.28,1.29,0
2026-09-04 19:19:00-04:00,1.29,1.2999,1.29,1.2999,0
2026-09-04 19:20:00-04:00,1.2999,1.3,1.29,1.29,0
2026-09-04 19:21:00-04:00,1.29,1.3,1.29,1.29,0
2026-09-04 19:22:00-04:00,1.29,1.2999,1.29,1.29,0
2026-09-04 19:23:00-04:00,1.29,1.3,1.29,1.2915,0
2026-09-04 19:24:00-04:00,1.2927,1.3,1.29,1.29,0
2026-09-04 19:25:00-04:00,1.29,1.29,1.29,1.29,0
2026-09-04 19:26:00-04:00,1.29,1.3,1.29,1.29,0
2026-09-04 19:27:00-04:00,1.3,1.3,1.29,1.29,0
2026-09-04 19:28:00-04:00,1.3,1.3,1.29,1.2999,0
2026-09-04 19:29:00-04:00,1.29,1.295,1.29,1.2902,0
2026-09-04 19:30:00-04:00,1.29,1.2903,1.29,1.29,0
2026-09-04 19:31:00-04:00,1.2999,1.3,1.29,1.29,0
2026-09-04 19:32:00-04:00,1.2902,1.2903,1.29,1.29,0
2026-09-04 19:33:00-04:00,1.2927,1.2927,1.2903,1.2903,0
2026-09-04 19:34:00-04:00,1.3,1.3,1.29,1.2903,0
2026-09-04 19:35:00-04:00,1.29,1.3,1.29,1.3,0
2026-09-04 19:36:00-04:00,1.3,1.3,1.29,1.2902,0
2026-09-04 19:37:00-04:00,1.2903,1.2999,1.29,1.2903,0
2026-09-04 19:38:00-04:00,1.2901,1.3,1.29,1.29,0
2026-09-04 19:39:00-04:00,1.29,1.3,1.29,1.3,0
2026-09-04 19:40:00-04:00,1.29,1.29,1.29,1.29,0
2026-09-04 19:41:00-04:00,1.29,1.3,1.29,1.29,0
2026-09-04 19:42:00-04:00,1.29,1.29,1.29,1.29,0
2026-09-04 19:43:00-04:00,1.29,1.29,1.29,1.29,0
2026-09-04 19:44:00-04:00,1.29,1.2902,1.29,1.29,0
2026-09-04 19:45:00-04:00,1.2903,1.2998,1.29,1.2998,0
2026-09-04 19:46:00-04:00,1.2903,1.2903,1.29,1.2903,0
2026-09-04 19:47:00-04:00,1.29,1.29,1.28,1.285,0
2026-09-04 19:48:00-04:00,1.28,1.28,1.28,1.28,0
2026-09-04 19:49:00-04:00,1.28,1.29,1.28,1.28,0
2026-09-04 19:50:00-04:00,1.2803,1.285,1.28,1.28,0
2026-09-04 19:51:00-04:00,1.29,1.29,1.26,1.26,0
2026-09-04 19:52:00-04:00,1.27,1.28,1.27,1.2795,0
2026-09-04 19:53:00-04:00,1.28,1.29,1.28,1.29,0
2026-09-04 19:54:00-04:00,1.29,1.29,1.28,1.285,0
2026-09-04 19:55:00-04:00,1.2899,1.33,1.2899,1.33,0
2026-09-04 19:57:00-04:00,1.3,1.3,1.3,1.3,0
2026-09-04 19:58:00-04:00,1.2906,1.2906,1.2799,1.285,0
2026-09-04 19:59:00-04:00,1.3,1.31,1.26,1.26,0
