,Open,High,Low,Close,Volume
2026-09-13 18:10:00-04:00,7609.5,7611.5,7608.0,7609.0,0
2026-09-13 18:11:00-04:00,7608.75,7610.0,7608.0,7608.75,277
2026-09-13 18:12:00-04:00,7608.75,7610.75,7607.75,7608.5,374
2026-09-13 18:13:00-04:00,7608.25,7611.5,7608.25,7609.0,472
2026-09-13 18:14:00-04:00,7609.25,7613.0,7609.25,7612.5,336
2026-09-13 18:15:00-04:00,7612.25,7614.0,7611.25,7612.0,404
2026-09-13 18:16:00-04:00,7612.0,7612.75,7610.25,7612.5,262
2026-09-13 18:17:00-04:00,7612.25,7613.0,7610.75,7611.5,243
2026-09-13 18:18:00-04:00,7611.5,7611.5,7609.75,7610.0,194
2026-09-13 18:19:00-04:00,7609.75,7614.0,7609.25,7613.5,322
2026-09-13 18:20:00-04:00,7613.5,7615.0,7613.0,7614.25,439
2026-09-13 18:21:00-04:00,7614.0,7614.75,7613.0,7614.25,286
2026-09-13 18:22:00-04:00,7614.0,7615.5,7613.0,7613.25,212
2026-09-13 18:23:00-04:00,7613.25,7614.25,7612.25,7612.75,176
2026-09-13 18:24:00-04:00,7613.25,7614.25,7612.0,7614.0,131
2026-09-13 18:25:00-04:00,7614.0,7615.75,7614.0,7615.75,140
2026-09-13 18:26:00-04:00,7615.5,7616.25,7615.0,7616.0,251
2026-09-13 18:27:00-04:00,7616.0,7618.0,7615.25,7617.5,455
2026-09-13 18:28:00-04:00,7617.25,7618.75,7616.75,7618.25,257
2026-09-13 18:29:00-04:00,7618.0,7619.0,7617.75,7619.0,192
2026-09-13 18:30:00-04:00,7618.75,7621.0,7618.5,7619.5,432
2026-09-13 18:31:00-04:00,7619.75,7620.25,7619.25,7619.5,131
2026-09-13 18:32:00-04:00,7619.75,7620.0,7618.25,7618.5,279
2026-09-13 18:33:00-04:00,7618.5,7621.75,7618.5,7621.25,241
2026-09-13 18:34:00-04:00,7621.25,7622.75,7621.25,7622.25,300
2026-09-13 18:35:00-04:00,7622.25,7622.75,7620.25,7620.75,278
2026-09-13 18:36:00-04:00,7620.5,7621.0,7617.5,7620.0,428
2026-09-13 18:37:00-04:00,7620.25,7622.25,7620.25,7621.25,201
2026-09-13 18:38:00-04:00,7621.25,7621.5,7620.0,7620.0,101
2026-09-13 18:39:00-04:00,7620.0,7620.75,7618.5,7620.75,149
2026-09-13 18:40:00-04:00,7621.0,7621.0,7618.75,7619.25,109
2026-09-13 18:41:00-04:00,7619.0,7619.75,7618.5,7619.5,77
2026-09-13 18:42:00-04:00,7619.5,7620.0,7619.25,7619.5,87
2026-09-13 18:43:00-04:00,7619.5,7619.5,7616.75,7618.75,265
2026-09-13 18:44:00-04:00,7618.75,7618.75,7617.25,7617.5,170
2026-09-13 18:45:00-04:00,7617.5,7619.5,7616.5,7619.5,248
2026-09-13 18:46:00-04:00,7619.25,7619.5,7617.75,7618.5,104
2026-09-13 18:47:00-04:00,7618.5,7619.25,7617.75,7618.25,77
2026-09-13 18:48:00-04:00,7618.5,7618.5,7617.75,7618.25,55
2026-09-13 18:49:00-04:00,7618.0,7619.0,7617.75,7618.25,64
2026-09-13 18:50:00-04:00,7618.25,7619.25,7618.0,7618.75,131
2026-09-13 18:51:00-04:00,7618.75,7619.75,7618.75,7619.25,109
2026-09-13 18:52:00-04:00,7619.25,7620.25,7619.25,7619.5,122
2026-09-13 18:53:00-04:00,7619.5,7619.75,7619.0,7619.5,64
2026-09-13 18:54:00-04:00,7619.75,7619.75,7619.0,7619.25,47
2026-09-13 18:55:00-04:00,7619.25,7620.0,7618.5,7619.5,83
2026-09-13 18:56:00-04:00,7619.75,7619.75,7618.5,7619.25,82
2026-09-13 18:57:00-04:00,7619.75,7621.25,7619.25,7620.0,143
2026-09-13 18:58:00-04:00,7620.0,7621.5,7618.75,7619.0,219
2026-09-13 18:59:00-04:00,7618.75,7619.25,7618.25,7618.75,85
2026-09-13 19:00:00-04:00,7618.5,7619.5,7618.25,7619.5,134
2026-09-13 19:01:00-04:00,7619.75,7619.75,7618.25,7619.0,59
2026-09-13 19:02:00-04:00,7619.0,7619.25,7618.0,7618.25,94
2026-09-13 19:03:00-04:00,7618.75,7618.75,7617.25,7618.0,117
2026-09-13 19:04:00-04:00,7618.0,7618.75,7617.25,7618.0,73
2026-09-13 19:05:00-04:00,7618.5,7618.5,7617.25,7618.0,76
2026-09-13 19:06:00-04:00,7617.75,7618.25,7617.75,7618.0,48
2026-09-13 19:07:00-04:00,7618.0,7618.25,7617.75,7617.75,32
2026-09-13 19:08:00-04:00,7618.0,7619.0,7617.75,7619.0,59
2026-09-13 19:09:00-04:00,7618.75,7619.75,7618.75,7619.25,56
2026-09-13 19:10:00-04:00,7619.25,7619.5,7618.75,7619.5,24
2026-09-13 19:11:00-04:00,7619.5,7620.25,7619.0,7619.5,50
2026-09-13 19:12:00-04:00,7619.0,7619.75,7619.0,7619.25,22
2026-09-13 19:13:00-04:00,7619.5,7619.5,7619.0,7619.5,29
2026-09-13 19:14:00-04:00,7619.5,7620.25,7619.25,7620.0,57
2026-09-13 19:15:00-04:00,7619.75,7620.25,7619.75,7619.75,43
2026-09-13 19:16:00-04:00,7620.0,7620.25,7619.5,7619.5,26
2026-09-13 19:17:00-04:00,7619.5,7619.5,7619.0,7619.5,28
2026-09-13 19:18:00-04:00,7619.25,7619.25,7618.75,7619.25,32
2026-09-13 19:19:00-04:00,7619.25,7619.25,7619.0,7619.0,8
2026-09-13 19:20:00-04:00,7619.0,7619.5,7619.0,7619.0,24
2026-09-13 19:21:00-04:00,7618.75,7619.25,7618.75,7619.25,11
2026-09-13 19:22:00-04:00,7619.25,7620.25,7619.25,7620.0,69
2026-09-13 19:23:00-04:00,7620.25,7622.25,7620.25,7622.25,275
2026-09-13 19:24:00-04:00,7622.25,7624.0,7622.0,7624.0,321
2026-09-13 19:25:00-04:00,7623.5,7624.75,7623.25,7624.25,264
2026-09-13 19:26:00-04:00,7624.0,7624.5,7622.5,7623.0,149
2026-09-13 19:27:00-04:00,7623.25,7624.25,7623.0,7623.25,160
2026-09-13 19:28:00-04:00,7623.25,7623.75,7622.75,7623.5,88
2026-09-13 19:29:00-04:00,7623.5,7624.75,7623.25,7624.5,134
2026-09-13 19:30:00-04:00,7624.5,7625.5,7624.25,7624.75,251
2026-09-13 19:31:00-04:00,7624.5,7625.0,7624.0,7624.75,102
2026-09-13 19:32:00-04:00,7624.75,7624.75,7624.0,7624.25,55
2026-09-13 19:33:00-04:00,7624.0,7625.0,7624.0,7624.5,95
2026-09-13 19:34:00-04:00,7624.75,7625.0,7623.75,7623.75,145
2026-09-13 19:35:00-04:00,7623.5,7623.5,7621.0,7621.75,361
2026-09-13 19:36:00-04:00,7621.5,7621.75,7620.25,7620.25,163
2026-09-13 19:37:00-04:00,7620.5,7620.75,7618.0,7619.25,505
2026-09-13 19:38:00-04:00,7619.25,7621.0,7618.75,7620.0,221
2026-09-13 19:39:00-04:00,7620.25,7621.5,7619.5,7619.75,133
2026-09-13 19:40:00-04:00,7619.75,7620.5,7619.25,7620.25,86
2026-09-13 19:41:00-04:00,7620.5,7621.0,7619.75,7620.0,187
2026-09-13 19:42:00-04:00,7620.0,7620.5,7618.5,7619.0,278
2026-09-13 19:43:00-04:00,7619.0,7619.25,7617.5,7618.75,325
2026-09-13 19:44:00-04:00,7619.0,7619.25,7618.25,7619.0,173
2026-09-13 19:45:00-04:00,7618.75,7618.75,7616.75,7617.0,400
2026-09-13 19:46:00-04:00,7617.25,7617.5,7615.75,7616.25,324
2026-09-13 19:47:00-04:00,7616.25,7617.0,7616.0,7616.75,91
2026-09-13 19:48:00-04:00,7617.0,7617.75,7616.75,7616.75,153
2026-09-13 19:49:00-04:00,7617.0,7617.25,7616.25,7616.75,102
2026-09-13 19:50:00-04:00,7616.5,7617.5,7616.0,7616.25,151
2026-09-13 19:51:00-04:00,7616.25,7617.5,7616.25,7617.25,94
2026-09-13 19:52:00-04:00,7617.25,7618.75,7617.0,7618.75,283
2026-09-13 19:53:00-04:00,7618.75,7619.25,7617.5,7619.0,176
2026-09-13 19:54:00-04:00,7619.0,7619.75,7616.75,7617.0,204
2026-09-13 19:55:00-04:00,7617.0,7617.5,7616.0,7617.0,133
2026-09-13 19:56:00-04:00,7616.75,7616.75,7614.75,7616.0,209
2026-09-13 19:57:00-04:00,7615.75,7616.5,7614.75,7615.5,167
2026-09-13 19:58:00-04:00,7615.5,7615.75,7614.75,7615.25,101
2026-09-13 19:59:00-04:00,7615.5,7616.75,7615.0,7615.5,183
2026-09-13 20:00:00-04:00,7615.25,7616.25,7614.0,7615.0,414
2026-09-13 20:01:00-04:00,7614.75,7618.5,7614.75,7617.5,495
2026-09-13 20:02:00-04:00,7617.5,7618.5,7617.25,7617.5,128
2026-09-13 20:03:00-04:00,7617.5,7620.0,7617.5,7619.0,263
2026-09-13 20:04:00-04:00,7619.0,7619.0,7617.5,7618.75,166
2026-09-13 20:05:00-04:00,7618.75,7620.25,7618.5,7620.0,272
2026-09-13 20:06:00-04:00,7619.75,7621.75,7619.75,7621.5,278
2026-09-13 20:07:00-04:00,7621.75,7622.25,7621.25,7622.0,236
2026-09-13 20:08:00-04:00,7621.75,7623.0,7621.75,7622.5,232
2026-09-13 20:09:00-04:00,7622.75,7623.0,7621.75,7622.25,135
2026-09-13 20:10:00-04:00,7622.5,7622.5,7620.25,7621.75,214
2026-09-13 20:11:00-04:00,7621.5,7621.5,7619.5,7621.0,220
2026-09-13 20:12:00-04:00,7621.0,7623.5,7620.5,7622.75,256
2026-09-13 20:13:00-04:00,7622.75,7623.0,7621.25,7622.0,140
2026-09-13 20:14:00-04:00,7621.75,7622.0,7620.0,7621.0,88
2026-09-13 20:15:00-04:00,7621.25,7622.75,7620.25,7622.0,169
2026-09-13 20:16:00-04:00,7621.75,7621.75,7620.0,7620.75,213
2026-09-13 20:17:00-04:00,7621.25,7622.25,7620.5,7622.25,133
2026-09-13 20:18:00-04:00,7622.25,7623.0,7621.5,7622.0,202
2026-09-13 20:19:00-04:00,7622.25,7622.75,7621.25,7621.25,162
2026-09-13 20:20:00-04:00,7621.5,7621.5,7620.0,7621.5,210
2026-09-13 20:21:00-04:00,7621.5,7621.5,7619.5,7619.5,185
2026-09-13 20:22:00-04:00,7619.5,7620.75,7619.25,7620.75,218
2026-09-13 20:23:00-04:00,7620.75,7621.25,7619.75,7620.5,281
2026-09-13 20:24:00-04:00,7620.5,7620.75,7619.5,7620.5,107
2026-09-13 20:25:00-04:00,7620.75,7621.25,7618.25,7618.75,164
2026-09-13 20:26:00-04:00,7618.5,7619.5,7617.5,7618.25,351
2026-09-13 20:27:00-04:00,7618.25,7620.25,7618.25,7619.5,193
2026-09-13 20:28:00-04:00,7619.0,7619.25,7618.25,7618.5,100
2026-09-13 20:29:00-04:00,7618.25,7620.25,7618.0,7620.0,136
2026-09-13 20:30:00-04:00,7620.0,7621.0,7619.75,7620.5,176
2026-09-13 20:31:00-04:00,7620.25,7622.5,7619.25,7622.5,242
2026-09-13 20:32:00-04:00,7622.25,7622.5,7621.25,7622.25,100
2026-09-13 20:33:00-04:00,7622.25,7622.25,7620.75,7621.75,91
2026-09-13 20:34:00-04:00,7621.5,7622.0,7620.75,7621.25,99
2026-09-13 20:35:00-04:00,7621.25,7622.0,7620.0,7620.5,94
2026-09-13 20:36:00-04:00,7620.5,7621.75,7620.25,7620.5,74
2026-09-13 20:37:00-04:00,7620.5,7620.5,7619.0,7619.75,107
2026-09-13 20:38:00-04:00,7619.75,7620.25,7619.5,7619.5,40
2026-09-13 20:39:00-04:00,7619.5,7619.75,7619.25,7619.75,51
2026-09-13 20:40:00-04:00,7619.75,7620.5,7619.25,7620.5,66
2026-09-13 20:41:00-04:00,7620.25,7620.25,7619.25,7619.75,103
2026-09-13 20:42:00-04:00,7619.75,7620.5,7619.25,7619.25,160
2026-09-13 20:43:00-04:00,7619.75,7621.25,7619.75,7621.0,171
2026-09-13 20:44:00-04:00,7621.25,7623.0,7621.25,7622.75,226
2026-09-13 20:45:00-04:00,7623.0,7624.0,7621.75,7622.25,365
2026-09-13 20:46:00-04:00,7622.25,7623.0,7622.0,7622.5,160
2026-09-13 20:47:00-04:00,7622.5,7623.25,7622.0,7623.25,88
2026-09-13 20:48:00-04:00,7623.0,7624.25,7622.75,7623.25,133
2026-09-13 20:49:00-04:00,7623.0,7623.75,7623.0,7623.25,165
2026-09-13 20:50:00-04:00,7623.0,7624.25,7620.5,7622.75,523
2026-09-13 20:51:00-04:00,7623.0,7624.25,7623.0,7623.5,89
2026-09-13 20:52:00-04:00,7623.75,7624.0,7623.0,7623.25,53
2026-09-13 20:53:00-04:00,7623.25,7624.0,7622.25,7624.0,105
2026-09-13 20:54:00-04:00,7624.0,7624.25,7623.5,7624.0,117
2026-09-13 20:55:00-04:00,7623.75,7624.25,7623.75,7624.0,40
2026-09-13 20:56:00-04:00,7624.0,7624.5,7623.0,7623.75,116
2026-09-13 20:57:00-04:00,7623.25,7623.5,7623.0,7623.0,68
2026-09-13 20:58:00-04:00,7622.75,7623.25,7621.5,7621.75,128
2026-09-13 20:59:00-04:00,7621.75,7622.0,7620.25,7621.75,227
2026-09-13 21:00:00-04:00,7621.75,7622.75,7620.5,7621.75,249
2026-09-13 21:01:00-04:00,7622.0,7622.75,7621.0,7622.25,165
2026-09-13 21:02:00-04:00,7622.5,7624.0,7622.0,7623.5,408
2026-09-13 21:03:00-04:00,7623.25,7624.25,7622.75,7623.75,284
2026-09-13 21:04:00-04:00,7623.5,7623.75,7622.25,7622.5,197
2026-09-13 21:05:00-04:00,7622.25,7623.75,7622.25,7623.0,148
2026-09-13 21:06:00-04:00,7623.25,7623.25,7622.25,7622.5,57
2026-09-13 21:07:00-04:00,7622.75,7623.75,7622.5,7623.5,93
2026-09-13 21:08:00-04:00,7623.25,7623.25,7622.75,7623.0,41
2026-09-13 21:09:00-04:00,7622.75,7624.5,7622.75,7624.25,89
2026-09-13 21:10:00-04:00,7624.25,7625.75,7624.0,7624.75,323
2026-09-13 21:11:00-04:00,7624.5,7625.25,7624.0,7624.25,92
2026-09-13 21:12:00-04:00,7624.25,7624.5,7622.5,7622.75,152
2026-09-13 21:13:00-04:00,7622.75,7623.0,7621.75,7622.0,95
2026-09-13 21:14:00-04:00,7622.0,7623.0,7621.75,7622.0,108
2026-09-13 21:15:00-04:00,7622.0,7622.5,7621.25,7622.5,109
2026-09-13 21:16:00-04:00,7622.25,7622.5,7620.5,7620.75,186
2026-09-13 21:17:00-04:00,7621.0,7622.0,7620.75,7621.5,75
2026-09-13 21:18:00-04:00,7621.5,7622.25,7621.25,7622.0,83
2026-09-13 21:19:00-04:00,7622.0,7622.0,7621.0,7621.0,61
2026-09-13 21:20:00-04:00,7621.25,7621.5,7620.25,7620.5,88
2026-09-13 21:21:00-04:00,7620.5,7620.75,7620.25,7620.75,70
2026-09-13 21:22:00-04:00,7620.75,7621.25,7620.5,7620.75,67
2026-09-13 21:23:00-04:00,7620.75,7621.0,7620.25,7620.25,34
2026-09-13 21:24:00-04:00,7620.5,7623.0,7620.25,7622.25,173
2026-09-13 21:25:00-04:00,7621.75,7621.75,7620.75,7621.5,81
2026-09-13 21:26:00-04:00,7621.75,7623.0,7621.5,7622.75,138
2026-09-13 21:27:00-04:00,7622.5,7623.75,7622.0,7623.25,137
2026-09-13 21:28:00-04:00,7623.25,7623.5,7622.25,7623.25,78
2026-09-13 21:29:00-04:00,7623.25,7624.0,7622.75,7623.25,74
2026-09-13 21:30:00-04:00,7623.5,7623.75,7623.0,7623.25,72
2026-09-13 21:31:00-04:00,7623.0,7623.75,7623.0,7623.0,81
2026-09-13 21:32:00-04:00,7623.25,7623.5,7622.5,7622.75,71
2026-09-13 21:33:00-04:00,7622.75,7622.75,7621.75,7622.0,139
2026-09-13 21:34:00-04:00,7622.0,7622.5,7621.5,7622.5,54
2026-09-13 21:35:00-04:00,7622.0,7624.25,7621.75,7624.25,88
2026-09-13 21:36:00-04:00,7624.25,7625.0,7624.25,7624.75,185
2026-09-13 21:37:00-04:00,7624.75,7625.25,7624.25,7624.25,77
2026-09-13 21:38:00-04:00,7624.5,7625.75,7624.5,7625.5,95
2026-09-13 21:39:00-04:00,7625.75,7627.0,7625.5,7626.5,348
2026-09-13 21:40:00-04:00,7626.5,7627.25,7626.25,7626.25,240
2026-09-13 21:41:00-04:00,7626.5,7628.25,7626.0,7627.5,212
2026-09-13 21:42:00-04:00,7627.75,7627.75,7626.5,7626.75,126
2026-09-13 21:43:00-04:00,7626.5,7626.75,7625.5,7626.5,143
2026-09-13 21:44:00-04:00,7626.5,7626.75,7626.25,7626.75,71
2026-09-13 21:45:00-04:00,7626.75,7627.25,7626.75,7627.0,81
2026-09-13 21:46:00-04:00,7627.25,7629.0,7626.75,7628.5,184
2026-09-13 21:47:00-04:00,7628.5,7630.0,7628.25,7630.0,348
2026-09-13 21:48:00-04:00,7629.75,7630.25,7629.25,7629.5,310
2026-09-13 21:49:00-04:00,7629.75,7630.5,7629.5,7630.25,421
2026-09-13 21:50:00-04:00,7630.5,7630.75,7630.0,7630.75,170
2026-09-13 21:51:00-04:00,7630.75,7631.0,7630.25,7630.75,128
2026-09-13 21:52:00-04:00,7630.75,7631.5,7630.0,7631.5,186
2026-09-13 21:53:00-04:00,7631.5,7632.25,7631.25,7631.75,207
2026-09-13 21:54:00-04:00,7631.75,7632.25,7631.5,7631.75,120
2026-09-13 21:55:00-04:00,7631.75,7632.25,7631.5,7632.0,140
2026-09-13 21:56:00-04:00,7632.25,7633.75,7632.0,7633.75,209
2026-09-13 21:57:00-04:00,7633.75,7634.5,7633.25,7633.75,538
2026-09-13 21:58:00-04:00,7634.0,7634.5,7633.5,7633.5,179
2026-09-13 21:59:00-04:00,7633.5,7633.75,7632.75,7632.75,136
2026-09-13 22:00:00-04:00,7633.0,7633.5,7632.5,7633.0,193
2026-09-13 22:01:00-04:00,7633.0,7634.0,7632.75,7633.5,139
2026-09-13 22:02:00-04:00,7633.5,7633.5,7631.75,7632.25,272
2026-09-13 22:03:00-04:00,7632.25,7632.75,7631.75,7631.75,116
2026-09-13 22:04:00-04:00,7632.0,7632.25,7631.5,7631.5,100
2026-09-13 22:05:00-04:00,7631.5,7632.75,7631.5,7632.25,128
2026-09-13 22:06:00-04:00,7632.5,7633.5,7631.75,7633.5,143
2026-09-13 22:07:00-04:00,7633.5,7634.0,7632.75,7633.75,120
2026-09-13 22:08:00-04:00,7633.5,7633.5,7632.75,7633.5,76
2026-09-13 22:09:00-04:00,7633.5,7633.5,7632.25,7632.75,110
2026-09-13 22:10:00-04:00,7632.75,7633.75,7632.5,7632.5,98
2026-09-13 22:11:00-04:00,7632.5,7633.0,7632.5,7633.0,52
2026-09-13 22:12:00-04:00,7633.25,7633.25,7632.75,7633.0,42
2026-09-13 22:13:00-04:00,7632.75,7633.0,7632.5,7633.0,52
2026-09-13 22:14:00-04:00,7632.75,7632.75,7632.0,7632.25,101
2026-09-13 22:15:00-04:00,7632.5,7632.75,7631.75,7632.75,129
2026-09-13 22:16:00-04:00,7632.0,7633.0,7632.0,7632.5,70
2026-09-13 22:17:00-04:00,7632.25,7632.5,7632.25,7632.25,33
2026-09-13 22:18:00-04:00,7632.25,7632.5,7631.25,7632.0,126
2026-09-13 22:19:00-04:00,7632.0,7632.5,7632.0,7632.5,80
2026-09-13 22:20:00-04:00,7632.25,7633.5,7632.25,7633.25,75
2026-09-13 22:21:00-04:00,7633.0,7633.25,7632.5,7632.5,51
2026-09-13 22:22:00-04:00,7632.5,7633.25,7632.5,7632.75,40
2026-09-13 22:23:00-04:00,7633.25,7633.25,7632.75,7632.75,11
2026-09-13 22:24:00-04:00,7632.75,7632.75,7631.75,7632.0,87
2026-09-13 22:25:00-04:00,7632.25,7632.75,7631.75,7632.5,67
2026-09-13 22:26:00-04:00,7632.5,7632.75,7632.25,7632.25,17
2026-09-13 22:27:00-04:00,7632.5,7632.5,7632.0,7632.25,45
2026-09-13 22:28:00-04:00,7632.0,7632.25,7632.0,7632.25,31
2026-09-13 22:29:00-04:00,7632.5,7632.75,7632.0,7632.0,137
2026-09-13 22:30:00-04:00,7632.25,7633.0,7631.5,7632.75,229
2026-09-13 22:31:00-04:00,7633.0,7633.5,7632.5,7632.75,104
2026-09-13 22:32:00-04:00,7633.0,7633.0,7632.25,7632.5,50
2026-09-13 22:33:00-04:00,7632.5,7632.5,7632.25,7632.25,37
2026-09-13 22:34:00-04:00,7632.25,7632.75,7632.25,7632.25,23
2026-09-13 22:35:00-04:00,7632.25,7632.25,7631.0,7631.0,230
2026-09-13 22:36:00-04:00,7631.25,7632.5,7631.0,7632.0,396
2026-09-13 22:37:00-04:00,7632.0,7632.75,7631.5,7632.0,128
2026-09-13 22:38:00-04:00,7632.0,7632.25,7631.25,7631.75,97
2026-09-13 22:39:00-04:00,7631.5,7632.25,7631.0,7631.0,61
2026-09-13 22:40:00-04:00,7631.0,7631.5,7630.0,7630.25,204
2026-09-13 22:41:00-04:00,7630.5,7630.5,7629.5,7629.75,153
2026-09-13 22:42:00-04:00,7629.75,7630.0,7629.0,7629.75,171
2026-09-13 22:43:00-04:00,7629.75,7631.0,7629.5,7630.5,135
2026-09-13 22:44:00-04:00,7630.5,7630.5,7629.25,7629.25,102
2026-09-13 22:45:00-04:00,7629.5,7631.5,7629.0,7631.25,147
2026-09-13 22:46:00-04:00,7631.25,7631.75,7630.75,7631.25,79
2026-09-13 22:47:00-04:00,7631.5,7631.75,7631.0,7631.5,68
2026-09-13 22:48:00-04:00,7631.25,7631.5,7630.5,7631.25,76
2026-09-13 22:49:00-04:00,7631.25,7631.75,7631.25,7631.5,37
2026-09-13 22:50:00-04:00,7631.75,7632.25,7631.5,7631.75,78
2026-09-13 22:51:00-04:00,7631.75,7632.0,7631.5,7631.5,94
2026-09-13 22:52:00-04:00,7631.5,7631.75,7631.5,7631.5,33
2026-09-13 22:53:00-04:00,7631.75,7631.75,7631.0,7631.25,42
2026-09-13 22:54:00-04:00,7631.25,7631.5,7631.0,7631.5,51
2026-09-13 22:55:00-04:00,7631.25,7631.25,7629.75,7630.0,161
2026-09-13 22:56:00-04:00,7629.75,7630.25,7629.5,7629.75,67
2026-09-13 22:57:00-04:00,7630.0,7630.0,7629.5,7630.0,52
2026-09-13 22:58:00-04:00,7630.0,7630.0,7629.5,7629.75,41
2026-09-13 22:59:00-04:00,7629.75,7629.75,7629.5,7629.75,40
2026-09-13 23:00:00-04:00,7629.5,7629.75,7628.25,7629.0,177
2026-09-13 23:01:00-04:00,7628.75,7628.75,7628.0,7628.25,153
2026-09-13 23:02:00-04:00,7628.0,7628.5,7627.75,7628.25,107
2026-09-13 23:03:00-04:00,7627.75,7628.0,7627.5,7628.0,101
2026-09-13 23:04:00-04:00,7628.0,7628.0,7627.0,7627.0,109
2026-09-13 23:05:00-04:00,7627.25,7627.75,7627.0,7627.0,185
2026-09-13 23:06:00-04:00,7627.25,7628.0,7627.25,7627.75,74
2026-09-13 23:07:00-04:00,7627.75,7627.75,7627.0,7627.75,79
2026-09-13 23:08:00-04:00,7628.0,7628.25,7627.75,7628.0,86
2026-09-13 23:09:00-04:00,7627.75,7627.75,7627.25,7627.75,58
2026-09-13 23:10:00-04:00,7627.75,7627.75,7626.25,7626.75,197
2026-09-13 23:11:00-04:00,7626.5,7626.5,7625.75,7626.0,146
2026-09-13 23:12:00-04:00,7626.25,7626.25,7625.25,7625.5,132
2026-09-13 23:13:00-04:00,7625.5,7626.0,7625.25,7625.75,58
2026-09-13 23:14:00-04:00,7625.75,7626.0,7625.25,7625.5,39
2026-09-13 23:15:00-04:00,7625.75,7626.5,7625.5,7626.0,107
2026-09-13 23:16:00-04:00,7626.0,7626.0,7624.5,7624.75,230
2026-09-13 23:17:00-04:00,7625.0,7625.25,7623.5,7624.25,302
2026-09-13 23:18:00-04:00,7624.25,7625.0,7624.25,7625.0,56
2026-09-13 23:19:00-04:00,7625.0,7625.25,7624.75,7625.0,71
2026-09-13 23:20:00-04:00,7625.0,7625.25,7624.5,7625.0,48
2026-09-13 23:21:00-04:00,7625.0,7625.25,7624.75,7625.0,71
2026-09-13 23:22:00-04:00,7625.0,7625.75,7625.0,7625.25,103
2026-09-13 23:23:00-04:00,7625.25,7625.5,7623.75,7624.75,120
2026-09-13 23:24:00-04:00,7624.75,7625.5,7624.75,7625.25,50
2026-09-13 23:25:00-04:00,7625.0,7625.25,7624.75,7624.75,49
2026-09-13 23:26:00-04:00,7624.75,7625.25,7624.25,7625.0,50
2026-09-13 23:27:00-04:00,7625.25,7625.25,7624.75,7625.0,38
2026-09-13 23:28:00-04:00,7625.25,7626.0,7625.0,7626.0,95
2026-09-13 23:29:00-04:00,7626.0,7626.75,7625.75,7626.5,129
2026-09-13 23:30:00-04:00,7626.25,7626.5,7624.75,7625.0,165
2026-09-13 23:31:00-04:00,7625.0,7625.0,7623.75,7624.25,141
2026-09-13 23:32:00-04:00,7624.5,7624.75,7624.0,7624.25,44
2026-09-13 23:33:00-04:00,7624.0,7624.5,7623.25,7624.5,131
2026-09-13 23:34:00-04:00,7624.0,7624.5,7624.0,7624.5,54
2026-09-13 23:35:00-04:00,7624.5,7624.75,7624.0,7624.25,63
2026-09-13 23:36:00-04:00,7624.0,7624.0,7623.5,7623.75,74
2026-09-13 23:37:00-04:00,7623.75,7624.25,7623.75,7624.25,55
2026-09-13 23:38:00-04:00,7624.0,7624.25,7623.25,7623.25,55
2026-09-13 23:39:00-04:00,7623.25,7624.25,7623.25,7624.0,55
2026-09-13 23:40:00-04:00,7624.0,7624.0,7623.0,7623.0,62
2026-09-13 23:41:00-04:00,7623.0,7623.5,7623.0,7623.0,37
2026-09-13 23:42:00-04:00,7623.0,7623.0,7622.25,7622.75,127
2026-09-13 23:43:00-04:00,7622.75,7622.75,7622.5,7622.75,48
2026-09-13 23:44:00-04:00,7622.75,7623.0,7622.5,7622.5,74
2026-09-13 23:45:00-04:00,7622.75,7623.25,7622.5,7623.0,66
2026-09-13 23:46:00-04:00,7623.0,7623.25,7622.25,7622.5,73
2026-09-13 23:47:00-04:00,7622.5,7622.75,7621.75,7622.75,117
2026-09-13 23:48:00-04:00,7622.25,7623.5,7622.25,7623.25,70
2026-09-13 23:49:00-04:00,7623.5,7623.75,7622.75,7623.0,59
2026-09-13 23:50:00-04:00,7622.75,7623.0,7622.0,7622.5,45
2026-09-13 23:51:00-04:00,7622.5,7623.25,7622.5,7622.75,56
2026-09-13 23:52:00-04:00,7623.0,7623.0,7622.5,7622.75,22
2026-09-13 23:53:00-04:00,7622.75,7624.0,7622.75,7623.0,92
2026-09-13 23:54:00-04:00,7623.0,7624.0,7623.0,7623.75,37
2026-09-13 23:55:00-04:00,7623.75,7623.75,7623.0,7623.25,53
2026-09-13 23:56:00-04:00,7623.25,7623.25,7622.75,7622.75,35
2026-09-13 23:57:00-04:00,7623.0,7623.25,7622.5,7622.5,33
2026-09-13 23:58:00-04:00,7622.5,7622.5,7622.0,7622.5,34
2026-09-14 00:00:00-04:00,7622.5,7623.0,7622.25,7622.5,47
2026-09-14 00:01:00-04:00,7622.75,7624.0,7622.75,7623.5,182
2026-09-14 00:02:00-04:00,7623.5,7623.75,7623.0,7623.0,37
2026-09-14 00:03:00-04:00,7623.25,7624.0,7623.0,7624.0,35
2026-09-14 00:04:00-04:00,7624.25,7624.25,7623.75,7624.0,34
2026-09-14 00:05:00-04:00,7624.0,7624.25,7623.5,7623.75,58
2026-09-14 00:06:00-04:00,7623.75,7624.25,7623.5,7623.75,58
2026-09-14 00:07:00-04:00,7624.25,7624.75,7623.75,7623.75,108
2026-09-14 00:08:00-04:00,7623.75,7623.75,7623.0,7623.0,47
2026-09-14 00:09:00-04:00,7622.75,7623.0,7622.5,7623.0,44
2026-09-14 00:10:00-04:00,7623.0,7623.0,7620.75,7621.25,154
2026-09-14 00:11:00-04:00,7621.25,7622.25,7620.75,7622.0,82
2026-09-14 00:12:00-04:00,7622.0,7622.0,7621.25,7621.5,56
2026-09-14 00:13:00-04:00,7621.5,7622.0,7621.5,7622.0,18
2026-09-14 00:14:00-04:00,7621.75,7622.0,7621.0,7621.25,51
2026-09-14 00:15:00-04:00,7621.5,7621.75,7621.0,7621.5,62
2026-09-14 00:16:00-04:00,7621.75,7621.75,7621.0,7621.5,57
2026-09-14 00:17:00-04:00,7621.25,7621.5,7620.75,7621.5,32
2026-09-14 00:18:00-04:00,7621.5,7622.25,7621.25,7622.25,62
2026-09-14 00:19:00-04:00,7622.0,7622.25,7622.0,7622.0,17
2026-09-14 00:20:00-04:00,7622.25,7622.25,7621.25,7621.25,36
2026-09-14 00:21:00-04:00,7621.25,7621.75,7621.25,7621.75,20
2026-09-14 00:22:00-04:00,7621.75,7622.0,7621.5,7621.5,23
2026-09-14 00:23:00-04:00,7622.0,7622.0,7621.5,7621.75,8
2026-09-14 00:24:00-04:00,7621.75,7622.25,7621.75,7622.25,26
2026-09-14 00:25:00-04:00,7622.5,7623.0,7622.25,7622.5,69
2026-09-14 00:26:00-04:00,7622.5,7622.75,7622.5,7622.75,21
2026-09-14 00:27:00-04:00,7622.75,7623.0,7622.5,7622.5,30
2026-09-14 00:28:00-04:00,7622.5,7622.5,7622.0,7622.25,23
2026-09-14 00:29:00-04:00,7622.25,7622.5,7622.0,7622.0,25
2026-09-14 00:30:00-04:00,7622.25,7622.25,7621.25,7621.25,55
2026-09-14 00:31:00-04:00,7621.25,7621.5,7619.75,7620.25,173
2026-09-14 00:32:00-04:00,7620.25,7620.75,7620.0,7620.75,51
2026-09-14 00:33:00-04:00,7620.5,7620.75,7619.5,7620.0,83
2026-09-14 00:34:00-04:00,7620.0,7620.25,7619.25,7619.25,99
2026-09-14 00:35:00-04:00,7619.75,7621.25,7619.5,7620.5,180
2026-09-14 00:36:00-04:00,7620.25,7620.5,7620.0,7620.0,78
2026-09-14 00:37:00-04:00,7620.0,7620.0,7619.25,7619.75,45
2026-09-14 00:38:00-04:00,7619.75,7620.75,7619.0,7620.25,86
2026-09-14 00:39:00-04:00,7620.25,7622.5,7620.25,7622.5,100
2026-09-14 00:40:00-04:00,7622.25,7622.75,7622.0,7622.25,86
2026-09-14 00:41:00-04:00,7622.0,7622.25,7621.5,7621.75,51
2026-09-14 00:42:00-04:00,7622.0,7622.0,7621.5,7621.75,28
2026-09-14 00:43:00-04:00,7621.75,7622.0,7620.5,7620.5,53
2026-09-14 00:44:00-04:00,7620.25,7620.5,7619.25,7620.0,80
2026-09-14 00:45:00-04:00,7620.25,7620.75,7620.25,7620.75,31
2026-09-14 00:46:00-04:00,7620.75,7621.5,7620.5,7621.25,49
2026-09-14 00:47:00-04:00,7621.25,7621.5,7620.75,7620.75,46
2026-09-14 00:48:00-04:00,7621.0,7622.0,7621.0,7621.75,41
2026-09-14 00:49:00-04:00,7622.0,7622.5,7621.75,7621.75,53
2026-09-14 00:50:00-04:00,7622.0,7623.75,7622.0,7623.5,280
2026-09-14 00:51:00-04:00,7623.25,7623.25,7621.25,7621.75,70
2026-09-14 00:52:00-04:00,7621.75,7622.5,7621.5,7621.5,46
2026-09-14 00:53:00-04:00,7621.25,7621.25,7620.5,7620.5,66
2026-09-14 00:54:00-04:00,7620.25,7620.75,7620.25,7620.25,26
2026-09-14 00:55:00-04:00,7620.75,7621.0,7620.5,7621.0,29
2026-09-14 00:56:00-04:00,7620.75,7621.5,7620.5,7620.75,45
2026-09-14 00:57:00-04:00,7620.5,7620.75,7619.5,7620.0,68
2026-09-14 00:58:00-04:00,7620.0,7620.25,7619.75,7620.0,25
2026-09-14 00:59:00-04:00,7620.0,7620.5,7619.75,7620.25,43
2026-09-14 01:00:00-04:00,7620.0,7621.0,7620.0,7620.5,104
2026-09-14 01:01:00-04:00,7620.75,7620.75,7619.75,7619.75,44
2026-09-14 01:02:00-04:00,7620.25,7620.25,7619.5,7619.5,44
2026-09-14 01:03:00-04:00,7619.5,7620.75,7619.25,7620.75,50
2026-09-14 01:04:00-04:00,7620.75,7621.0,7620.5,7620.75,44
2026-09-14 01:05:00-04:00,7620.5,7621.0,7620.25,7620.25,37
2026-09-14 01:06:00-04:00,7620.75,7621.0,7620.0,7620.0,44
2026-09-14 01:07:00-04:00,7620.25,7621.25,7620.0,7621.25,36
2026-09-14 01:08:00-04:00,7621.0,7621.0,7620.75,7620.75,16
2026-09-14 01:09:00-04:00,7620.5,7620.5,7620.0,7620.0,22
2026-09-14 01:10:00-04:00,7620.0,7620.25,7619.5,7619.5,44
2026-09-14 01:11:00-04:00,7619.25,7619.75,7618.5,7619.25,113
2026-09-14 01:12:00-04:00,7619.25,7619.75,7618.75,7619.75,47
2026-09-14 01:13:00-04:00,7619.75,7619.75,7618.5,7619.5,48
2026-09-14 01:14:00-04:00,7619.75,7620.5,7619.75,7620.25,50
2026-09-14 01:15:00-04:00,7620.5,7620.5,7619.75,7620.0,50
2026-09-14 01:16:00-04:00,7620.0,7620.0,7618.75,7619.0,22
2026-09-14 01:17:00-04:00,7618.75,7619.25,7618.0,7618.75,101
2026-09-14 01:18:00-04:00,7618.75,7619.0,7618.5,7618.75,42
2026-09-14 01:19:00-04:00,7619.0,7619.0,7618.5,7618.75,26
2026-09-14 01:20:00-04:00,7618.75,7619.0,7617.75,7618.25,96
2026-09-14 01:21:00-04:00,7618.0,7618.25,7617.5,7617.5,149
2026-09-14 01:22:00-04:00,7617.5,7617.75,7617.25,7617.5,56
2026-09-14 01:23:00-04:00,7617.25,7617.5,7616.25,7616.75,200
2026-09-14 01:24:00-04:00,7616.25,7616.75,7616.0,7616.25,133
2026-09-14 01:25:00-04:00,7616.25,7617.5,7616.0,7617.5,115
2026-09-14 01:26:00-04:00,7617.5,7618.25,7617.25,7618.25,38
2026-09-14 01:27:00-04:00,7618.25,7619.75,7618.25,7619.25,123
2026-09-14 01:28:00-04:00,7619.5,7619.5,7618.75,7618.75,63
2026-09-14 01:29:00-04:00,7618.75,7619.0,7618.25,7618.75,40
2026-09-14 01:30:00-04:00,7619.0,7619.25,7618.25,7619.0,49
2026-09-14 01:31:00-04:00,7618.5,7618.75,7617.75,7618.0,40
2026-09-14 01:32:00-04:00,7618.25,7619.25,7618.25,7619.25,37
2026-09-14 01:33:00-04:00,7619.25,7620.0,7619.0,7619.25,66
2026-09-14 01:34:00-04:00,7619.5,7619.75,7618.5,7618.75,36
2026-09-14 01:35:00-04:00,7618.75,7619.5,7618.25,7619.25,40
2026-09-14 01:36:00-04:00,7619.25,7619.5,7617.75,7618.5,57
2026-09-14 01:37:00-04:00,7618.5,7619.5,7618.5,7619.5,36
2026-09-14 01:38:00-04:00,7619.5,7620.0,7619.0,7620.0,73
2026-09-14 01:39:00-04:00,7620.0,7620.5,7619.0,7619.0,64
2026-09-14 01:40:00-04:00,7619.0,7619.5,7618.0,7618.25,51
2026-09-14 01:41:00-04:00,7618.25,7618.25,7616.75,7616.75,74
2026-09-14 01:42:00-04:00,7617.0,7617.25,7615.25,7615.25,329
2026-09-14 01:43:00-04:00,7615.5,7616.75,7615.25,7616.0,112
2026-09-14 01:44:00-04:00,7616.0,7617.0,7615.75,7616.75,45
2026-09-14 01:45:00-04:00,7616.75,7618.0,7616.5,7616.5,133
2026-09-14 01:46:00-04:00,7616.5,7617.5,7616.25,7616.75,45
2026-09-14 01:47:00-04:00,7616.75,7617.0,7616.5,7616.75,61
2026-09-14 01:48:00-04:00,7616.75,7616.75,7616.0,7616.5,55
2026-09-14 01:49:00-04:00,7616.25,7616.25,7615.5,7615.75,46
2026-09-14 01:50:00-04:00,7615.75,7616.0,7615.75,7616.0,17
2026-09-14 01:51:00-04:00,7616.0,7616.5,7615.5,7616.0,31
2026-09-14 01:52:00-04:00,7616.0,7616.5,7616.0,7616.0,32
2026-09-14 01:53:00-04:00,7616.25,7617.5,7616.25,7617.25,45
2026-09-14 01:54:00-04:00,7617.25,7619.25,7617.25,7619.25,73
2026-09-14 01:55:00-04:00,7619.25,7619.75,7618.75,7618.75,201
2026-09-14 01:56:00-04:00,7618.75,7619.25,7618.5,7618.5,62
2026-09-14 01:57:00-04:00,7618.5,7619.0,7617.75,7618.75,69
2026-09-14 01:58:00-04:00,7618.5,7619.25,7618.25,7619.25,35
2026-09-14 01:59:00-04:00,7619.25,7620.25,7619.25,7620.0,85
2026-09-14 02:00:00-04:00,7620.0,7621.5,7619.5,7619.75,348
2026-09-14 02:01:00-04:00,7620.0,7622.75,7619.75,7622.25,302
2026-09-14 02:02:00-04:00,7622.25,7623.0,7621.75,7622.0,238
2026-09-14 02:03:00-04:00,7622.25,7623.0,7621.75,7621.75,128
2026-09-14 02:04:00-04:00,7622.0,7622.75,7622.0,7622.75,60
2026-09-14 02:05:00-04:00,7622.75,7623.0,7621.75,7622.0,95
2026-09-14 02:06:00-04:00,7622.0,7622.25,7621.5,7621.5,73
2026-09-14 02:07:00-04:00,7621.5,7623.5,7621.5,7623.25,91
2026-09-14 02:08:00-04:00,7623.25,7623.5,7622.75,7623.0,67
2026-09-14 02:09:00-04:00,7623.0,7623.25,7622.25,7622.75,53
2026-09-14 02:10:00-04:00,7622.5,7622.75,7622.0,7622.5,38
2026-09-14 02:11:00-04:00,7623.0,7624.75,7623.0,7623.75,230
2026-09-14 02:12:00-04:00,7624.0,7624.0,7622.5,7622.75,67
2026-09-14 02:13:00-04:00,7622.75,7623.75,7622.5,7623.0,117
2026-09-14 02:14:00-04:00,7623.0,7623.75,7622.75,7623.25,63
2026-09-14 02:15:00-04:00,7623.5,7623.75,7622.75,7623.0,44
2026-09-14 02:16:00-04:00,7623.25,7624.25,7623.0,7624.0,41
2026-09-14 02:17:00-04:00,7624.0,7624.25,7623.5,7623.5,42
2026-09-14 02:18:00-04:00,7623.25,7623.25,7622.5,7623.25,79
2026-09-14 02:19:00-04:00,7623.0,7623.75,7623.0,7623.5,71
2026-09-14 02:20:00-04:00,7623.25,7624.0,7623.25,7623.75,40
2026-09-14 02:21:00-04:00,7624.0,7624.0,7621.75,7622.0,126
2026-09-14 02:22:00-04:00,7622.0,7622.25,7621.0,7621.0,123
2026-09-14 02:23:00-04:00,7621.0,7622.0,7621.0,7622.0,115
2026-09-14 02:24:00-04:00,7622.25,7623.25,7622.25,7623.0,82
2026-09-14 02:25:00-04:00,7623.0,7623.75,7622.5,7622.75,78
2026-09-14 02:26:00-04:00,7622.75,7623.25,7622.5,7623.25,58
2026-09-14 02:27:00-04:00,7623.0,7624.0,7622.25,7622.25,159
2026-09-14 02:28:00-04:00,7622.5,7622.5,7621.5,7621.75,69
2026-09-14 02:29:00-04:00,7622.0,7622.5,7621.0,7621.0,85
2026-09-14 02:30:00-04:00,7621.0,7621.0,7620.0,7620.25,184
2026-09-14 02:31:00-04:00,7620.25,7620.75,7618.25,7618.25,302
2026-09-14 02:32:00-04:00,7618.25,7618.5,7617.25,7617.5,130
2026-09-14 02:33:00-04:00,7617.5,7618.0,7617.0,7617.25,163
2026-09-14 02:34:00-04:00,7617.5,7617.75,7616.25,7617.25,145
2026-09-14 02:35:00-04:00,7617.5,7617.5,7616.0,7616.25,171
2026-09-14 02:36:00-04:00,7616.25,7617.75,7616.25,7617.0,94
2026-09-14 02:37:00-04:00,7617.25,7617.5,7616.25,7616.25,55
2026-09-14 02:38:00-04:00,7616.25,7617.5,7616.0,7617.5,53
2026-09-14 02:39:00-04:00,7617.25,7617.5,7616.75,7616.75,95
2026-09-14 02:40:00-04:00,7616.75,7617.0,7616.0,7617.0,97
2026-09-14 02:41:00-04:00,7617.25,7617.25,7615.5,7616.75,139
2026-09-14 02:42:00-04:00,7616.5,7616.5,7613.0,7613.5,540
2026-09-14 02:43:00-04:00,7613.25,7614.25,7612.25,7612.5,286
2026-09-14 02:44:00-04:00,7612.5,7614.25,7612.0,7614.25,220
2026-09-14 02:45:00-04:00,7614.25,7615.5,7614.0,7614.5,179
2026-09-14 02:46:00-04:00,7614.75,7615.25,7614.0,7615.25,65
2026-09-14 02:47:00-04:00,7615.0,7615.5,7614.75,7615.0,62
2026-09-14 02:48:00-04:00,7614.75,7615.25,7613.25,7613.5,66
2026-09-14 02:49:00-04:00,7613.25,7613.5,7611.75,7612.0,213
2026-09-14 02:50:00-04:00,7612.25,7613.0,7611.5,7612.0,265
2026-09-14 02:51:00-04:00,7611.75,7612.0,7611.5,7612.0,85
2026-09-14 02:52:00-04:00,7611.75,7614.25,7611.75,7613.75,128
2026-09-14 02:53:00-04:00,7613.5,7613.75,7613.0,7613.0,62
2026-09-14 02:54:00-04:00,7613.0,7613.0,7612.0,7613.0,94
2026-09-14 02:55:00-04:00,7613.0,7614.0,7612.5,7612.75,72
2026-09-14 02:56:00-04:00,7612.75,7612.75,7611.75,7611.75,106
2026-09-14 02:57:00-04:00,7611.75,7611.75,7607.75,7608.75,912
2026-09-14 02:58:00-04:00,7608.75,7610.75,7608.5,7610.25,390
2026-09-14 02:59:00-04:00,7610.25,7610.5,7609.0,7609.5,201
2026-09-14 03:00:00-04:00,7609.75,7611.0,7606.75,7608.5,461
2026-09-14 03:01:00-04:00,7608.5,7609.5,7607.25,7608.5,151
2026-09-14 03:02:00-04:00,7608.25,7611.0,7608.0,7610.0,229
2026-09-14 03:03:00-04:00,7610.0,7610.0,7608.25,7608.5,151
2026-09-14 03:04:00-04:00,7608.5,7613.5,7608.5,7613.25,331
2026-09-14 03:05:00-04:00,7613.5,7615.5,7613.0,7614.0,317
2026-09-14 03:06:00-04:00,7614.25,7615.0,7612.5,7612.75,143
2026-09-14 03:07:00-04:00,7613.0,7614.0,7611.5,7612.0,186
2026-09-14 03:08:00-04:00,7612.25,7613.5,7611.5,7613.0,92
2026-09-14 03:09:00-04:00,7613.0,7613.25,7612.0,7613.25,133
2026-09-14 03:10:00-04:00,7613.0,7613.25,7611.5,7612.25,135
2026-09-14 03:11:00-04:00,7612.25,7613.25,7611.75,7613.25,99
2026-09-14 03:12:00-04:00,7613.0,7613.25,7611.5,7612.25,106
2026-09-14 03:13:00-04:00,7612.25,7613.75,7612.25,7613.75,79
2026-09-14 03:14:00-04:00,7613.75,7615.5,7613.5,7614.75,260
2026-09-14 03:15:00-04:00,7614.5,7614.75,7613.25,7613.75,178
2026-09-14 03:16:00-04:00,7614.0,7615.5,7613.5,7614.5,93
2026-09-14 03:17:00-04:00,7614.5,7615.25,7614.0,7614.5,57
2026-09-14 03:18:00-04:00,7614.25,7614.5,7612.0,7613.75,159
2026-09-14 03:19:00-04:00,7614.0,7614.0,7612.0,7612.75,88
2026-09-14 03:20:00-04:00,7612.25,7612.75,7610.75,7612.25,189
2026-09-14 03:21:00-04:00,7612.25,7613.0,7611.5,7612.75,60
2026-09-14 03:22:00-04:00,7612.75,7613.25,7612.5,7613.25,74
2026-09-14 03:23:00-04:00,7613.0,7614.75,7612.5,7614.5,85
2026-09-14 03:24:00-04:00,7614.5,7615.25,7613.75,7614.0,110
2026-09-14 03:25:00-04:00,7614.0,7614.5,7611.75,7612.25,89
2026-09-14 03:26:00-04:00,7611.75,7613.75,7611.75,7613.0,75
2026-09-14 03:27:00-04:00,7613.0,7613.5,7611.0,7612.25,161
2026-09-14 03:28:00-04:00,7612.0,7612.75,7611.5,7611.75,113
2026-09-14 03:29:00-04:00,7611.75,7612.0,7610.75,7611.25,214
2026-09-14 03:30:00-04:00,7611.25,7679.75,7610.5,7679.75,3281
2026-09-14 03:31:00-04:00,7679.75,7680.5,7679.0,7679.75,156
2026-09-14 03:32:00-04:00,7679.5,7679.5,7678.0,7679.0,255
2026-09-14 03:33:00-04:00,7679.0,7679.25,7678.25,7678.75,198
2026-09-14 03:34:00-04:00,7679.0,7679.0,7678.0,7678.75,166
2026-09-14 03:35:00-04:00,7678.5,7679.5,7678.0,7678.25,133
2026-09-14 03:36:00-04:00,7678.25,7679.0,7677.5,7678.5,191
2026-09-14 03:37:00-04:00,7678.5,7678.75,7677.75,7677.75,201
2026-09-14 03:38:00-04:00,7678.0,7678.5,7677.5,7678.0,241
2026-09-14 03:39:00-04:00,7678.25,7678.25,7677.0,7677.5,399
2026-09-14 03:40:00-04:00,7677.5,7678.5,7677.25,7677.5,148
2026-09-14 03:41:00-04:00,7677.5,7678.0,7676.0,7676.5,159
2026-09-14 03:42:00-04:00,7676.25,7676.75,7674.0,7674.75,647
2026-09-14 03:43:00-04:00,7675.0,7675.25,7674.0,7674.25,283
2026-09-14 03:44:00-04:00,7674.5,7674.5,7672.25,7673.5,492
2026-09-14 03:45:00-04:00,7673.75,7674.75,7673.25,7673.25,294
2026-09-14 03:46:00-04:00,7673.25,7674.0,7672.5,7673.5,237
2026-09-14 03:47:00-04:00,7673.5,7673.75,7672.25,7673.75,312
2026-09-14 03:48:00-04:00,7673.75,7676.0,7673.75,7674.25,393
2026-09-14 03:49:00-04:00,7674.25,7675.5,7674.0,7675.5,144
2026-09-14 03:50:00-04:00,7675.25,7675.5,7673.75,7673.75,212
2026-09-14 03:51:00-04:00,7673.75,7674.25,7673.25,7673.25,318
2026-09-14 03:52:00-04:00,7673.25,7673.25,7671.5,7672.25,436
2026-09-14 03:53:00-04:00,7672.5,7672.75,7671.5,7672.25,246
2026-09-14 03:54:00-04:00,7672.25,7673.5,7672.25,7673.25,213
2026-09-14 03:55:00-04:00,7673.25,7674.25,7673.25,7674.0,174
2026-09-14 03:56:00-04:00,7673.75,7675.25,7673.5,7674.25,180
2026-09-14 03:57:00-04:00,7674.25,7675.5,7674.0,7674.75,131
2026-09-14 03:58:00-04:00,7674.75,7676.75,7674.25,7676.75,261
2026-09-14 03:59:00-04:00,7676.5,7676.5,7675.25,7675.75,129
2026-09-14 04:00:00-04:00,7676.25,7677.25,7675.0,7675.5,434
2026-09-14 04:01:00-04:00,7675.25,7677.0,7675.0,7675.25,198
2026-09-14 04:02:00-04:00,7675.75,7676.5,7674.75,7675.75,286
2026-09-14 04:03:00-04:00,7675.75,7678.75,7675.0,7678.5,511
2026-09-14 04:04:00-04:00,7678.25,7680.75,7678.25,7679.0,952
2026-09-14 04:05:00-04:00,7679.0,7680.25,7677.5,7679.5,539
2026-09-14 04:06:00-04:00,7679.5,7680.75,7679.0,7679.75,240
2026-09-14 04:07:00-04:00,7679.5,7680.0,7678.0,7679.0,245
2026-09-14 04:08:00-04:00,7678.75,7679.5,7678.75,7679.25,148
2026-09-14 04:09:00-04:00,7679.25,7680.5,7679.0,7680.5,128
2026-09-14 04:10:00-04:00,7680.5,7680.5,7678.0,7678.5,193
2026-09-14 04:11:00-04:00,7678.5,7678.5,7677.75,7678.25,149
2026-09-14 04:12:00-04:00,7678.25,7678.25,7677.0,7677.25,237
2026-09-14 04:13:00-04:00,7677.0,7677.75,7675.75,7675.75,422
2026-09-14 04:14:00-04:00,7675.75,7678.5,7675.75,7677.75,181
2026-09-14 04:15:00-04:00,7678.0,7678.0,7676.25,7676.25,169
2026-09-14 04:16:00-04:00,7676.25,7676.75,7676.0,7676.5,150
2026-09-14 04:17:00-04:00,7676.25,7677.25,7676.0,7676.25,157
2026-09-14 04:18:00-04:00,7676.5,7676.5,7674.75,7675.25,178
2026-09-14 04:19:00-04:00,7675.25,7675.75,7673.75,7674.75,272
2026-09-14 04:20:00-04:00,7674.75,7676.0,7674.75,7675.25,105
2026-09-14 04:21:00-04:00,7675.5,7676.25,7675.5,7675.75,118
2026-09-14 04:22:00-04:00,7675.75,7676.0,7674.0,7674.75,185
2026-09-14 04:23:00-04:00,7675.25,7675.25,7674.0,7674.5,254
2026-09-14 04:24:00-04:00,7674.75,7674.75,7673.5,7674.0,198
2026-09-14 04:25:00-04:00,7674.25,7674.75,7674.25,7674.5,86
2026-09-14 04:26:00-04:00,7674.25,7674.25,7673.5,7674.0,115
2026-09-14 04:27:00-04:00,7674.0,7674.0,7673.5,7674.0,139
2026-09-14 04:28:00-04:00,7673.75,7674.0,7672.75,7673.0,240
2026-09-14 04:29:00-04:00,7672.75,7672.75,7670.75,7670.75,790
2026-09-14 04:30:00-04:00,7670.75,7673.0,7670.75,7672.75,278
2026-09-14 04:31:00-04:00,7672.75,7674.0,7672.5,7673.0,247
2026-09-14 04:32:00-04:00,7673.0,7674.0,7672.75,7673.75,265
2026-09-14 04:33:00-04:00,7673.5,7673.75,7672.5,7673.0,167
2026-09-14 04:34:00-04:00,7673.0,7673.25,7672.25,7673.0,193
2026-09-14 04:35:00-04:00,7673.25,7675.0,7673.25,7675.0,267
2026-09-14 04:36:00-04:00,7675.0,7676.0,7674.0,7674.5,205
2026-09-14 04:37:00-04:00,7674.75,7676.5,7674.25,7675.75,203
2026-09-14 04:38:00-04:00,7676.0,7676.25,7675.25,7675.25,80
2026-09-14 04:39:00-04:00,7675.0,7676.5,7675.0,7676.5,122
2026-09-14 04:40:00-04:00,7676.75,7677.25,7674.5,7675.25,286
2026-09-14 04:41:00-04:00,7675.5,7676.5,7675.25,7676.5,183
2026-09-14 04:42:00-04:00,7676.75,7677.5,7676.25,7676.25,207
2026-09-14 04:43:00-04:00,7676.5,7677.0,7675.25,7675.5,119
2026-09-14 04:44:00-04:00,7675.25,7675.5,7674.5,7674.75,211
2026-09-14 04:45:00-04:00,7675.0,7676.25,7673.75,7674.25,206
2026-09-14 04:46:00-04:00,7674.0,7674.25,7673.25,7673.5,145
2026-09-14 04:47:00-04:00,7673.25,7674.25,7672.25,7672.25,220
2026-09-14 04:48:00-04:00,7672.25,7672.5,7671.5,7672.0,196
2026-09-14 04:49:00-04:00,7671.75,7672.5,7669.75,7672.0,741
2026-09-14 04:50:00-04:00,7672.0,7672.5,7671.5,7672.0,140
2026-09-14 04:51:00-04:00,7672.0,7672.75,7671.5,7672.5,135
2026-09-14 04:52:00-04:00,7672.5,7673.75,7672.0,7673.75,130
2026-09-14 04:53:00-04:00,7673.5,7673.5,7670.75,7670.75,314
2026-09-14 04:54:00-04:00,7671.0,7671.0,7669.5,7669.75,287
2026-09-14 04:55:00-04:00,7669.75,7672.0,7669.75,7671.5,288
2026-09-14 04:56:00-04:00,7671.25,7671.5,7669.5,7670.0,180
2026-09-14 04:57:00-04:00,7669.75,7670.5,7669.5,7670.5,99
2026-09-14 04:58:00-04:00,7670.75,7673.0,7670.75,7673.0,251
2026-09-14 04:59:00-04:00,7673.0,7675.5,7673.0,7675.25,362
2026-09-14 05:00:00-04:00,7675.25,7676.75,7674.25,7675.75,526
2026-09-14 05:01:00-04:00,7675.5,7676.75,7675.25,7676.75,150
2026-09-14 05:02:00-04:00,7676.5,7677.0,7674.75,7674.75,111
2026-09-14 05:03:00-04:00,7675.0,7676.0,7675.0,7675.75,98
2026-09-14 05:04:00-04:00,7675.5,7675.5,7673.75,7674.25,183
2026-09-14 05:05:00-04:00,7674.25,7675.25,7674.0,7674.0,144
2026-09-14 05:06:00-04:00,7673.75,7674.75,7673.75,7674.0,205
2026-09-14 05:07:00-04:00,7673.75,7674.25,7673.25,7673.75,65
2026-09-14 05:08:00-04:00,7673.75,7675.0,7673.0,7674.25,103
2026-09-14 05:09:00-04:00,7674.5,7675.5,7673.0,7674.0,416
2026-09-14 05:10:00-04:00,7673.75,7674.75,7673.0,7674.0,199
2026-09-14 05:11:00-04:00,7674.0,7674.0,7670.25,7670.5,426
2026-09-14 05:12:00-04:00,7670.5,7670.75,7668.25,7668.25,484
2026-09-14 05:13:00-04:00,7668.0,7668.5,7667.0,7667.75,770
2026-09-14 05:14:00-04:00,7667.75,7668.5,7667.0,7668.5,164
2026-09-14 05:15:00-04:00,7668.25,7668.5,7666.25,7666.5,250
2026-09-14 05:16:00-04:00,7666.75,7667.5,7666.25,7666.75,196
2026-09-14 05:17:00-04:00,7666.5,7667.0,7665.75,7667.0,224
2026-09-14 05:18:00-04:00,7667.0,7667.75,7666.0,7666.0,295
2026-09-14 05:19:00-04:00,7666.0,7666.25,7665.25,7665.75,393
2026-09-14 05:20:00-04:00,7665.75,7666.5,7665.5,7665.75,123
2026-09-14 05:21:00-04:00,7665.75,7666.0,7663.75,7664.75,452
2026-09-14 05:22:00-04:00,7664.75,7665.25,7663.5,7664.25,280
2026-09-14 05:23:00-04:00,7664.25,7664.75,7664.0,7664.25,128
2026-09-14 05:24:00-04:00,7664.25,7664.25,7661.25,7662.25,522
2026-09-14 05:25:00-04:00,7662.25,7663.5,7661.75,7662.0,326
2026-09-14 05:26:00-04:00,7662.0,7663.5,7662.0,7663.5,188
2026-09-14 05:27:00-04:00,7663.0,7665.25,7662.75,7665.0,218
2026-09-14 05:28:00-04:00,7665.0,7666.0,7665.0,7665.75,437
2026-09-14 05:29:00-04:00,7665.75,7668.0,7665.75,7666.75,872
2026-09-14 05:30:00-04:00,7666.75,7668.5,7666.5,7667.5,358
2026-09-14 05:31:00-04:00,7667.75,7668.75,7666.75,7666.75,219
2026-09-14 05:32:00-04:00,7667.0,7668.25,7666.0,7666.25,209
2026-09-14 05:33:00-04:00,7666.0,7668.5,7666.0,7668.0,319
2026-09-14 05:34:00-04:00,7668.0,7668.25,7666.5,7666.5,554
2026-09-14 05:35:00-04:00,7666.5,7666.5,7664.75,7665.0,331
2026-09-14 05:36:00-04:00,7665.25,7665.75,7665.0,7665.5,201
2026-09-14 05:37:00-04:00,7665.5,7666.0,7665.0,7665.75,272
2026-09-14 05:38:00-04:00,7665.75,7666.0,7665.0,7665.0,269
2026-09-14 05:39:00-04:00,7665.0,7665.0,7662.5,7663.5,252
2026-09-14 05:40:00-04:00,7663.5,7666.5,7662.5,7662.5,1143
2026-09-14 05:41:00-04:00,7662.5,7664.25,7662.5,7664.0,199
2026-09-14 05:42:00-04:00,7664.0,7665.25,7663.0,7663.0,425
2026-09-14 05:43:00-04:00,7663.25,7663.75,7663.0,7663.25,137
2026-09-14 05:44:00-04:00,7663.0,7663.25,7661.75,7662.25,159
2026-09-14 05:45:00-04:00,7662.25,7663.25,7661.75,7662.75,233
2026-09-14 05:46:00-04:00,7663.0,7663.5,7662.5,7662.75,235
2026-09-14 05:47:00-04:00,7663.0,7663.5,7662.75,7663.25,188
2026-09-14 05:48:00-04:00,7663.25,7665.0,7663.25,7664.25,152
2026-09-14 05:49:00-04:00,7664.25,7664.25,7662.75,7663.0,197
2026-09-14 05:50:00-04:00,7663.0,7663.25,7662.0,7662.25,179
2026-09-14 05:51:00-04:00,7662.25,7663.5,7661.75,7663.0,188
2026-09-14 05:52:00-04:00,7663.0,7665.0,7662.75,7664.5,161
2026-09-14 05:53:00-04:00,7664.75,7665.25,7664.5,7665.25,128
2026-09-14 05:54:00-04:00,7665.25,7666.0,7665.0,7665.5,121
2026-09-14 05:55:00-04:00,7665.5,7666.5,7664.25,7664.25,298
2026-09-14 05:56:00-04:00,7664.25,7664.5,7662.75,7664.0,215
2026-09-14 05:57:00-04:00,7664.0,7665.0,7663.75,7664.25,110
2026-09-14 05:58:00-04:00,7664.25,7664.25,7662.75,7663.0,180
2026-09-14 05:59:00-04:00,7662.75,7664.0,7662.25,7664.0,141
2026-09-14 06:00:00-04:00,7664.0,7665.5,7663.75,7665.0,79
2026-09-14 06:01:00-04:00,7665.25,7665.25,7663.5,7664.25,115
2026-09-14 06:02:00-04:00,7664.0,7666.25,7663.75,7665.25,116
2026-09-14 06:03:00-04:00,7665.5,7665.5,7664.0,7664.5,105
2026-09-14 06:04:00-04:00,7664.75,7665.0,7664.5,7664.75,62
2026-09-14 06:05:00-04:00,7665.0,7666.0,7665.0,7666.0,120
2026-09-14 06:06:00-04:00,7666.0,7667.0,7664.5,7664.5,200
2026-09-14 06:07:00-04:00,7664.5,7665.25,7664.5,7665.0,76
2026-09-14 06:08:00-04:00,7665.25,7665.25,7664.5,7664.75,70
2026-09-14 06:09:00-04:00,7664.75,7665.75,7664.5,7665.5,107
2026-09-14 06:10:00-04:00,7665.5,7665.75,7665.0,7665.75,97
2026-09-14 06:11:00-04:00,7665.5,7666.5,7665.0,7666.5,111
2026-09-14 06:12:00-04:00,7666.5,7668.25,7666.5,7667.25,348
2026-09-14 06:13:00-04:00,7667.25,7667.75,7667.25,7667.75,99
2026-09-14 06:14:00-04:00,7667.5,7667.5,7666.0,7666.75,145
2026-09-14 06:15:00-04:00,7666.75,7667.25,7666.0,7666.0,113
2026-09-14 06:16:00-04:00,7666.25,7666.25,7663.5,7664.75,319
2026-09-14 06:17:00-04:00,7664.75,7665.0,7663.75,7664.25,196
2026-09-14 06:18:00-04:00,7664.25,7665.0,7664.0,7664.25,140
2026-09-14 06:19:00-04:00,7664.5,7665.25,7664.0,7665.25,217
2026-09-14 06:20:00-04:00,7665.25,7667.0,7665.25,7667.0,66
2026-09-14 06:21:00-04:00,7667.25,7669.5,7666.75,7669.0,410
2026-09-14 06:22:00-04:00,7669.0,7670.0,7669.0,7669.5,212
2026-09-14 06:23:00-04:00,7669.5,7669.5,7668.75,7669.0,67
2026-09-14 06:24:00-04:00,7669.25,7670.25,7669.25,7669.5,159
2026-09-14 06:25:00-04:00,7669.5,7670.5,7669.5,7670.5,134
2026-09-14 06:26:00-04:00,7670.75,7670.75,7670.0,7670.25,120
2026-09-14 06:27:00-04:00,7670.0,7670.75,7669.75,7670.0,65
2026-09-14 06:28:00-04:00,7670.25,7672.0,7670.0,7671.25,146
2026-09-14 06:29:00-04:00,7671.0,7671.5,7670.75,7671.25,88
2026-09-14 06:30:00-04:00,7671.25,7671.75,7670.75,7671.0,47
2026-09-14 06:31:00-04:00,7671.0,7671.5,7670.5,7671.5,120
2026-09-14 06:32:00-04:00,7671.25,7671.5,7670.5,7671.0,89
2026-09-14 06:33:00-04:00,7671.0,7672.75,7671.0,7672.0,124
2026-09-14 06:34:00-04:00,7672.25,7672.75,7672.0,7672.5,68
2026-09-14 06:35:00-04:00,7672.5,7672.75,7672.25,7672.5,58
2026-09-14 06:36:00-04:00,7672.5,7674.25,7672.5,7674.25,182
2026-09-14 06:37:00-04:00,7674.0,7674.5,7673.5,7673.75,80
2026-09-14 06:38:00-04:00,7673.5,7674.0,7673.25,7673.75,77
2026-09-14 06:39:00-04:00,7674.0,7674.0,7672.25,7672.5,84
2026-09-14 06:40:00-04:00,7672.5,7672.75,7672.25,7672.5,26
2026-09-14 06:41:00-04:00,7672.25,7675.25,7672.25,7675.25,192
2026-09-14 06:42:00-04:00,7675.25,7676.25,7675.25,7675.5,167
2026-09-14 06:43:00-04:00,7675.75,7675.75,7674.5,7674.5,54
2026-09-14 06:44:00-04:00,7675.0,7675.75,7674.25,7675.0,267
2026-09-14 06:45:00-04:00,7675.25,7675.75,7675.0,7675.5,83
2026-09-14 06:46:00-04:00,7675.5,7676.25,7675.0,7675.25,77
2026-09-14 06:47:00-04:00,7675.25,7676.0,7675.0,7676.0,63
2026-09-14 06:48:00-04:00,7676.0,7677.0,7675.75,7676.75,115
2026-09-14 06:49:00-04:00,7676.5,7677.0,7676.0,7676.25,84
2026-09-14 06:50:00-04:00,7676.25,7676.5,7676.0,7676.0,125
2026-09-14 06:51:00-04:00,7676.25,7676.75,7676.0,7676.5,97
2026-09-14 06:52:00-04:00,7676.25,7676.25,7675.0,7675.5,175
2026-09-14 06:53:00-04:00,7675.25,7676.0,7674.75,7674.75,125
2026-09-14 06:54:00-04:00,7674.75,7674.75,7673.75,7674.0,258
2026-09-14 06:55:00-04:00,7674.0,7675.75,7674.0,7675.5,87
2026-09-14 06:56:00-04:00,7676.0,7677.5,7675.5,7677.25,127
2026-09-14 06:57:00-04:00,7677.25,7677.5,7676.0,7676.5,75
2026-09-14 06:58:00-04:00,7676.5,7677.5,7676.5,7677.0,128
2026-09-14 06:59:00-04:00,7677.0,7678.25,7676.25,7676.5,267
2026-09-14 07:00:00-04:00,7676.75,7676.75,7674.0,7676.0,528
2026-09-14 07:01:00-04:00,7676.5,7677.5,7676.0,7676.75,232
2026-09-14 07:02:00-04:00,7676.75,7678.75,7676.75,7677.25,201
2026-09-14 07:03:00-04:00,7677.25,7677.5,7675.5,7677.0,583
2026-09-14 07:04:00-04:00,7677.5,7679.5,7676.5,7679.25,225
2026-09-14 07:05:00-04:00,7679.25,7680.25,7678.25,7678.25,486
2026-09-14 07:06:00-04:00,7678.5,7680.0,7678.25,7679.75,194
2026-09-14 07:07:00-04:00,7680.0,7680.25,7678.25,7679.25,197
2026-09-14 07:08:00-04:00,7679.25,7679.75,7678.75,7679.5,103
2026-09-14 07:09:00-04:00,7679.75,7680.25,7679.0,7679.75,103
2026-09-14 07:10:00-04:00,7679.75,7679.75,7677.0,7677.5,249
2026-09-14 07:11:00-04:00,7677.75,7681.0,7677.5,7680.0,218
2026-09-14 07:12:00-04:00,7680.0,7681.0,7680.0,7681.0,193
2026-09-14 07:13:00-04:00,7681.25,7681.25,7680.25,7680.25,169
2026-09-14 07:14:00-04:00,7680.5,7680.5,7677.5,7679.25,573
2026-09-14 07:15:00-04:00,7679.25,7680.75,7679.25,7680.25,262
2026-09-14 07:16:00-04:00,7680.25,7681.0,7679.5,7680.0,138
2026-09-14 07:17:00-04:00,7680.25,7681.25,7680.0,7681.0,162
2026-09-14 07:18:00-04:00,7680.75,7681.0,7680.5,7681.0,92
2026-09-14 07:19:00-04:00,7681.0,7681.0,7680.0,7680.75,170
2026-09-14 07:20:00-04:00,7680.75,7682.25,7680.5,7682.0,210
2026-09-14 07:21:00-04:00,7681.75,7681.75,7679.5,7680.25,350
2026-09-14 07:22:00-04:00,7680.0,7681.25,7680.0,7680.5,188
2026-09-14 07:23:00-04:00,7680.25,7682.25,7680.25,7682.0,160
2026-09-14 07:24:00-04:00,7681.75,7682.75,7681.5,7682.5,270
2026-09-14 07:25:00-04:00,7682.25,7682.5,7681.5,7682.25,226
2026-09-14 07:26:00-04:00,7682.25,7683.75,7682.25,7682.75,251
2026-09-14 07:27:00-04:00,7683.0,7683.5,7682.0,7683.25,94
2026-09-14 07:28:00-04:00,7683.25,7684.5,7683.0,7684.5,210
2026-09-14 07:29:00-04:00,7684.5,7684.75,7684.0,7684.0,166
2026-09-14 07:30:00-04:00,7684.25,7684.75,7683.5,7684.0,103
2026-09-14 07:31:00-04:00,7684.0,7685.0,7683.75,7683.75,160
2026-09-14 07:32:00-04:00,7683.75,7684.5,7683.25,7683.25,130
2026-09-14 07:33:00-04:00,7683.25,7683.75,7682.25,7682.75,140
2026-09-14 07:34:00-04:00,7682.75,7682.75,7680.5,7681.5,246
2026-09-14 07:35:00-04:00,7681.25,7681.5,7680.0,7680.5,102
2026-09-14 07:36:00-04:00,7680.5,7680.5,7679.75,7680.25,106
2026-09-14 07:37:00-04:00,7680.0,7680.0,7677.75,7679.75,259
2026-09-14 07:38:00-04:00,7680.0,7682.0,7679.75,7682.0,150
2026-09-14 07:39:00-04:00,7681.75,7682.25,7680.25,7681.5,91
2026-09-14 07:40:00-04:00,7681.75,7682.5,7681.0,7682.5,212
2026-09-14 07:41:00-04:00,7682.25,7682.75,7681.25,7681.5,184
2026-09-14 07:42:00-04:00,7681.5,7682.75,7681.25,7682.75,129
2026-09-14 07:43:00-04:00,7682.75,7684.25,7682.5,7683.5,756
2026-09-14 07:44:00-04:00,7683.75,7684.0,7681.75,7682.25,594
2026-09-14 07:45:00-04:00,7682.5,7683.75,7681.0,7683.25,1016
2026-09-14 07:46:00-04:00,7683.5,7683.75,7683.0,7683.25,82
2026-09-14 07:47:00-04:00,7683.0,7684.0,7682.75,7683.25,85
2026-09-14 07:48:00-04:00,7683.25,7683.5,7681.0,7682.25,303
2026-09-14 07:49:00-04:00,7682.5,7684.0,7682.25,7683.25,228
2026-09-14 07:50:00-04:00,7683.25,7683.25,7680.0,7680.25,182
2026-09-14 07:51:00-04:00,7680.25,7681.75,7679.75,7681.75,163
2026-09-14 07:52:00-04:00,7681.5,7681.5,7679.0,7679.75,362
2026-09-14 07:53:00-04:00,7679.75,7680.5,7679.25,7679.5,180
2026-09-14 07:54:00-04:00,7679.5,7680.75,7679.25,7680.5,221
2026-09-14 07:55:00-04:00,7680.75,7681.75,7680.5,7681.0,228
2026-09-14 07:56:00-04:00,7681.0,7681.0,7678.75,7679.0,254
2026-09-14 07:57:00-04:00,7679.5,7680.0,7679.0,7679.5,99
2026-09-14 07:58:00-04:00,7679.25,7679.5,7678.5,7679.5,104
2026-09-14 07:59:00-04:00,7679.5,7679.75,7678.75,7678.75,215
2026-09-14 08:00:00-04:00,7678.75,7679.0,7676.75,7676.75,255
2026-09-14 08:01:00-04:00,7677.0,7677.5,7675.75,7677.0,365
2026-09-14 08:02:00-04:00,7677.0,7677.5,7675.75,7676.0,213
2026-09-14 08:03:00-04:00,7676.0,7676.75,7675.75,7675.75,210
2026-09-14 08:04:00-04:00,7675.5,7675.75,7674.25,7675.5,509
2026-09-14 08:05:00-04:00,7675.25,7675.5,7673.75,7675.0,279
2026-09-14 08:06:00-04:00,7675.0,7675.5,7673.75,7675.0,453
2026-09-14 08:07:00-04:00,7675.0,7677.25,7674.75,7676.5,600
2026-09-14 08:08:00-04:00,7676.5,7677.25,7675.5,7675.5,281
2026-09-14 08:09:00-04:00,7676.25,7677.25,7676.25,7677.0,215
2026-09-14 08:10:00-04:00,7677.0,7679.25,7677.0,7679.0,331
2026-09-14 08:11:00-04:00,7679.25,7679.5,7678.75,7679.0,241
2026-09-14 08:12:00-04:00,7678.75,7679.5,7678.25,7678.25,504
2026-09-14 08:13:00-04:00,7678.25,7678.75,7675.75,7676.0,381
2026-09-14 08:14:00-04:00,7676.0,7677.25,7675.5,7677.0,254
2026-09-14 08:15:00-04:00,7677.0,7678.75,7676.5,7678.5,300
2026-09-14 08:16:00-04:00,7678.5,7682.0,7676.75,7680.25,2794
2026-09-14 08:17:00-04:00,7680.0,7681.75,7679.5,7681.0,1239
2026-09-14 08:18:00-04:00,7681.0,7681.0,7678.0,7678.25,658
2026-09-14 08:19:00-04:00,7678.25,7680.25,7676.75,7677.75,1214
2026-09-14 08:20:00-04:00,7678.0,7679.25,7676.0,7676.75,424
2026-09-14 08:21:00-04:00,7677.0,7677.75,7676.25,7676.75,447
2026-09-14 08:22:00-04:00,7676.75,7677.75,7676.5,7676.5,356
2026-09-14 08:23:00-04:00,7676.75,7678.75,7675.75,7678.0,819
2026-09-14 08:24:00-04:00,7678.0,7678.25,7676.5,7677.5,164
2026-09-14 08:25:00-04:00,7677.5,7677.75,7675.5,7675.75,250
2026-09-14 08:26:00-04:00,7676.0,7676.0,7674.75,7675.75,392
2026-09-14 08:27:00-04:00,7675.75,7676.25,7675.5,7675.5,225
2026-09-14 08:28:00-04:00,7675.75,7676.5,7675.5,7676.0,126
2026-09-14 08:29:00-04:00,7676.0,7678.0,7675.75,7676.75,238
2026-09-14 08:30:00-04:00,7676.75,7677.75,7675.0,7676.0,296
2026-09-14 08:31:00-04:00,7676.25,7679.5,7676.0,7679.0,416
2026-09-14 08:32:00-04:00,7678.75,7678.75,7675.25,7675.75,259
2026-09-14 08:33:00-04:00,7676.0,7676.25,7673.5,7673.75,350
2026-09-14 08:34:00-04:00,7673.75,7674.25,7672.75,7674.0,412
2026-09-14 08:35:00-04:00,7673.75,7673.75,7666.75,7667.5,3560
2026-09-14 08:36:00-04:00,7667.5,7669.5,7666.25,7668.5,1418
2026-09-14 08:37:00-04:00,7668.5,7669.0,7665.75,7666.5,898
2026-09-14 08:38:00-04:00,7666.5,7666.5,7663.0,7664.25,1188
2026-09-14 08:39:00-04:00,7664.5,7668.75,7664.5,7667.75,1025
2026-09-14 08:40:00-04:00,7667.75,7670.0,7665.5,7669.5,948
2026-09-14 08:41:00-04:00,7669.5,7669.75,7663.5,7667.75,1578
2026-09-14 08:42:00-04:00,7668.0,7670.5,7667.75,7669.75,823
2026-09-14 08:43:00-04:00,7670.0,7673.75,7669.75,7673.0,1335
2026-09-14 08:44:00-04:00,7673.25,7675.0,7673.0,7674.25,753
2026-09-14 08:45:00-04:00,7674.25,7676.0,7673.0,7673.5,560
2026-09-14 08:46:00-04:00,7673.5,7673.5,7670.25,7671.25,410
2026-09-14 08:47:00-04:00,7671.25,7673.25,7671.25,7673.0,274
2026-09-14 08:48:00-04:00,7672.75,7673.0,7671.0,7671.5,287
2026-09-14 08:49:00-04:00,7671.25,7672.75,7670.75,7672.75,293
2026-09-14 08:50:00-04:00,7672.75,7673.5,7672.0,7673.25,337
2026-09-14 08:51:00-04:00,7673.25,7674.25,7672.25,7672.5,281
2026-09-14 08:52:00-04:00,7672.5,7672.75,7671.5,7672.5,188
2026-09-14 08:53:00-04:00,7672.5,7672.75,7671.25,7672.0,444
2026-09-14 08:54:00-04:00,7672.0,7672.25,7670.0,7670.5,267
2026-09-14 08:55:00-04:00,7670.75,7671.25,7668.75,7669.0,257
2026-09-14 08:56:00-04:00,7669.0,7670.0,7668.5,7669.25,343
2026-09-14 08:57:00-04:00,7669.25,7670.5,7669.0,7670.25,219
2026-09-14 08:58:00-04:00,7670.25,7672.5,7669.5,7672.0,497
2026-09-14 08:59:00-04:00,7672.0,7674.25,7671.5,7673.5,384
2026-09-14 09:00:00-04:00,7673.5,7673.5,7670.0,7670.75,660
2026-09-14 09:01:00-04:00,7670.5,7671.0,7668.75,7669.0,495
2026-09-14 09:02:00-04:00,7669.25,7671.0,7669.25,7669.5,508
2026-09-14 09:03:00-04:00,7669.5,7669.5,7666.0,7666.25,1047
2026-09-14 09:04:00-04:00,7666.25,7666.75,7664.75,7665.75,711
2026-09-14 09:05:00-04:00,7666.0,7668.5,7665.75,7668.25,1392
2026-09-14 09:06:00-04:00,7668.25,7668.5,7665.75,7666.0,748
2026-09-14 09:07:00-04:00,7666.0,7666.0,7664.0,7664.25,1057
2026-09-14 09:08:00-04:00,7664.25,7665.0,7663.5,7664.5,734
2026-09-14 09:09:00-04:00,7664.5,7666.0,7664.5,7666.0,671
2026-09-14 09:10:00-04:00,7666.0,7668.0,7665.5,7668.0,607
2026-09-14 09:11:00-04:00,7668.0,7671.25,7668.0,7671.25,919
2026-09-14 09:12:00-04:00,7671.0,7671.25,7669.5,7669.75,414
2026-09-14 09:13:00-04:00,7669.75,7671.75,7669.75,7671.75,417
2026-09-14 09:14:00-04:00,7671.5,7674.0,7671.5,7673.25,610
2026-09-14 09:15:00-04:00,7673.0,7673.5,7671.75,7673.0,522
2026-09-14 09:16:00-04:00,7673.0,7675.0,7672.5,7673.75,1147
2026-09-14 09:17:00-04:00,7673.75,7675.5,7673.75,7675.0,403
2026-09-14 09:18:00-04:00,7675.0,7675.75,7674.5,7675.75,360
2026-09-14 09:19:00-04:00,7675.75,7675.75,7673.5,7674.75,471
2026-09-14 09:20:00-04:00,7675.0,7675.5,7674.0,7674.75,228
2026-09-14 09:21:00-04:00,7674.5,7676.5,7674.25,7675.5,373
2026-09-14 09:22:00-04:00,7675.5,7676.25,7674.75,7675.75,304
2026-09-14 09:23:00-04:00,7675.5,7676.0,7674.5,7675.25,301
2026-09-14 09:24:00-04:00,7675.25,7676.0,7674.75,7674.75,254
2026-09-14 09:25:00-04:00,7674.75,7674.75,7673.25,7674.0,878
2026-09-14 09:26:00-04:00,7674.5,7675.5,7674.25,7675.5,430
2026-09-14 09:27:00-04:00,7675.0,7676.0,7673.0,7674.0,680
2026-09-14 09:28:00-04:00,7673.75,7675.25,7672.5,7674.75,636
2026-09-14 09:29:00-04:00,7675.0,7675.75,7673.0,7673.0,767
2026-09-14 09:30:00-04:00,7673.25,7676.0,7670.0,7670.75,5603
2026-09-14 09:31:00-04:00,7670.75,7674.0,7669.25,7671.75,3764
2026-09-14 09:32:00-04:00,7672.0,7675.0,7671.0,7673.5,2463
2026-09-14 09:33:00-04:00,7673.5,7674.0,7671.25,7671.5,1831
2026-09-14 09:34:00-04:00,7671.5,7672.5,7670.25,7670.5,1304
2026-09-14 09:35:00-04:00,7670.25,7672.75,7669.25,7671.25,2219
2026-09-14 09:36:00-04:00,7671.25,7671.5,7668.5,7669.0,2193
2026-09-14 09:37:00-04:00,7669.0,7671.0,7668.25,7669.5,2220
2026-09-14 09:38:00-04:00,7669.25,7670.5,7668.25,7669.0,2326
2026-09-14 09:39:00-04:00,7669.25,7670.0,7668.0,7669.25,1343
2026-09-14 09:40:00-04:00,7669.25,7674.25,7668.0,7673.25,2803
2026-09-14 09:41:00-04:00,7673.25,7674.25,7672.0,7673.75,1636
2026-09-14 09:42:00-04:00,7674.0,7676.5,7673.5,7675.75,2068
2026-09-14 09:43:00-04:00,7676.0,7677.25,7675.0,7675.75,1429
2026-09-14 09:44:00-04:00,7675.75,7678.75,7675.75,7677.5,1591
2026-09-14 09:45:00-04:00,7677.75,7680.75,7677.5,7678.5,1885
2026-09-14 09:46:00-04:00,7678.5,7680.75,7678.5,7679.25,1433
2026-09-14 09:47:00-04:00,7679.25,7683.25,7679.25,7683.25,1939
2026-09-14 09:48:00-04:00,7683.25,7685.5,7682.0,7685.5,2140
2026-09-14 09:49:00-04:00,7685.25,7689.5,7685.25,7686.5,2825
2026-09-14 09:50:00-04:00,7686.75,7689.75,7686.75,7687.75,1799
2026-09-14 09:51:00-04:00,7687.25,7687.75,7684.25,7684.75,3567
2026-09-14 09:52:00-04:00,7684.75,7689.75,7684.5,7686.75,4262
2026-09-14 09:53:00-04:00,7686.75,7689.0,7685.75,7688.25,1588
2026-09-14 09:54:00-04:00,7688.25,7688.25,7685.25,7685.5,1813
2026-09-14 09:55:00-04:00,7685.5,7686.0,7682.25,7683.5,2611
2026-09-14 09:56:00-04:00,7683.5,7684.25,7681.75,7683.75,2010
2026-09-14 09:57:00-04:00,7683.75,7684.25,7681.25,7683.75,2000
2026-09-14 09:58:00-04:00,7683.75,7686.0,7681.25,7683.5,4277
2026-09-14 09:59:00-04:00,7683.75,7685.0,7683.0,7683.25,1921
2026-09-14 10:00:00-04:00,7683.25,7687.5,7682.25,7686.25,1957
2026-09-14 10:01:00-04:00,7686.25,7689.25,7685.25,7689.0,2069
2026-09-14 10:02:00-04:00,7689.0,7689.0,7685.0,7685.0,1546
2026-09-14 10:03:00-04:00,7685.25,7687.25,7685.25,7686.25,896
2026-09-14 10:04:00-04:00,7686.0,7688.25,7686.0,7688.0,1386
2026-09-14 10:05:00-04:00,7688.0,7688.5,7686.25,7687.25,907
2026-09-14 10:06:00-04:00,7687.0,7692.0,7687.0,7690.5,2372
2026-09-14 10:07:00-04:00,7690.75,7693.0,7690.25,7692.75,1721
2026-09-14 10:08:00-04:00,7692.75,7694.75,7692.75,7693.25,1733
2026-09-14 10:09:00-04:00,7693.25,7693.75,7691.75,7692.0,1320
2026-09-14 10:10:00-04:00,7692.0,7694.0,7690.0,7690.5,1604
2026-09-14 10:11:00-04:00,7690.5,7692.75,7690.25,7690.5,1135
2026-09-14 10:12:00-04:00,7690.25,7690.75,7687.5,7688.0,1793
2026-09-14 10:13:00-04:00,7688.0,7690.75,7687.5,7690.0,1607
2026-09-14 10:14:00-04:00,7690.0,7691.0,7687.75,7687.75,1809
2026-09-14 10:15:00-04:00,7688.0,7690.0,7687.75,7687.75,1363
2026-09-14 10:16:00-04:00,7687.75,7688.25,7685.75,7686.75,1554
2026-09-14 10:17:00-04:00,7686.75,7686.75,7683.75,7684.25,1309
2026-09-14 10:18:00-04:00,7684.0,7684.75,7681.25,7682.0,1549
2026-09-14 10:19:00-04:00,7682.0,7682.5,7680.75,7682.0,1211
2026-09-14 10:20:00-04:00,7681.75,7681.75,7678.5,7678.75,2796
2026-09-14 10:21:00-04:00,7679.0,7679.25,7675.75,7676.5,2460
2026-09-14 10:22:00-04:00,7676.75,7677.25,7674.75,7676.0,1710
2026-09-14 10:23:00-04:00,7676.25,7677.25,7674.75,7675.5,1537
2026-09-14 10:24:00-04:00,7675.75,7676.0,7671.0,7671.0,2901
2026-09-14 10:25:00-04:00,7671.25,7671.75,7669.0,7669.25,1866
2026-09-14 10:26:00-04:00,7669.25,7669.75,7665.25,7666.75,3854
2026-09-14 10:27:00-04:00,7666.5,7668.5,7666.25,7668.5,3088
2026-09-14 10:28:00-04:00,7668.5,7671.25,7668.0,7669.25,2482
2026-09-14 10:29:00-04:00,7669.0,7671.5,7667.25,7671.25,1767
2026-09-14 10:30:00-04:00,7671.0,7672.5,7669.5,7669.75,2271
2026-09-14 10:31:00-04:00,7669.75,7671.5,7668.25,7670.5,1757
2026-09-14 10:32:00-04:00,7670.25,7671.75,7668.75,7671.75,1156
2026-09-14 10:33:00-04:00,7671.5,7672.5,7670.5,7672.5,1426
2026-09-14 10:34:00-04:00,7672.5,7674.25,7672.5,7674.0,1650
2026-09-14 10:35:00-04:00,7673.75,7674.0,7669.25,7669.75,1826
2026-09-14 10:36:00-04:00,7669.75,7670.75,7666.75,7666.75,1275
2026-09-14 10:37:00-04:00,7666.75,7668.25,7666.25,7668.0,1268
2026-09-14 10:38:00-04:00,7668.0,7668.25,7666.25,7667.5,1430
2026-09-14 10:39:00-04:00,7667.5,7668.25,7666.0,7668.0,1406
2026-09-14 10:40:00-04:00,7667.75,7667.75,7664.75,7665.5,1577
2026-09-14 10:41:00-04:00,7665.25,7666.0,7664.0,7665.0,2156
2026-09-14 10:42:00-04:00,7665.0,7668.5,7664.75,7667.5,1987
2026-09-14 10:43:00-04:00,7667.75,7667.75,7665.0,7665.75,1431
2026-09-14 10:44:00-04:00,7666.0,7669.75,7665.5,7669.75,1521
2026-09-14 10:45:00-04:00,7670.0,7672.5,7668.75,7672.25,1761
2026-09-14 10:46:00-04:00,7672.25,7673.75,7670.25,7670.75,1364
2026-09-14 10:47:00-04:00,7670.75,7671.0,7667.75,7669.0,1536
2026-09-14 10:48:00-04:00,7669.25,7671.25,7669.0,7670.0,888
2026-09-14 10:49:00-04:00,7670.25,7670.25,7668.0,7669.75,940
2026-09-14 10:50:00-04:00,7669.5,7669.75,7666.25,7667.25,1308
2026-09-14 10:51:00-04:00,7667.0,7669.0,7666.5,7667.75,1140
2026-09-14 10:52:00-04:00,7667.75,7667.75,7665.0,7665.25,945
2026-09-14 10:53:00-04:00,7665.5,7666.0,7664.5,7664.75,1021
2026-09-14 10:54:00-04:00,7664.5,7666.0,7664.0,7665.5,1054
2026-09-14 10:55:00-04:00,7665.25,7665.5,7662.5,7664.0,2312
2026-09-14 10:56:00-04:00,7664.0,7664.0,7662.5,7663.75,912
2026-09-14 10:57:00-04:00,7663.75,7666.5,7662.5,7666.25,1588
2026-09-14 10:58:00-04:00,7666.25,7668.25,7665.25,7668.0,1207
2026-09-14 10:59:00-04:00,7668.25,7669.25,7666.0,7669.0,1136
2026-09-14 11:00:00-04:00,7668.75,7669.0,7667.0,7668.25,1508
2026-09-14 11:01:00-04:00,7668.0,7668.5,7665.0,7667.75,1360
2026-09-14 11:02:00-04:00,7667.75,7668.75,7665.75,7666.25,1824
2026-09-14 11:03:00-04:00,7666.5,7668.5,7666.0,7668.5,764
2026-09-14 11:04:00-04:00,7668.5,7668.5,7664.75,7665.0,758
2026-09-14 11:05:00-04:00,7665.0,7679.5,7664.75,7674.0,10549
2026-09-14 11:06:00-04:00,7674.0,7682.25,7673.75,7677.5,11691
2026-09-14 11:07:00-04:00,7677.5,7678.0,7674.0,7676.0,3114
2026-09-14 11:08:00-04:00,7676.25,7676.25,7672.75,7675.0,1574
2026-09-14 11:09:00-04:00,7674.75,7677.0,7673.5,7674.5,1122
2026-09-14 11:10:00-04:00,7674.5,7675.25,7673.25,7674.25,954
2026-09-14 11:11:00-04:00,7674.5,7674.75,7671.25,7671.25,1282
2026-09-14 11:12:00-04:00,7671.25,7672.5,7671.0,7671.25,865
2026-09-14 11:13:00-04:00,7671.5,7673.5,7671.0,7672.75,808
2026-09-14 11:14:00-04:00,7673.25,7674.0,7669.25,7669.5,1324
2026-09-14 11:15:00-04:00,7669.25,7671.25,7668.25,7670.75,1130
2026-09-14 11:16:00-04:00,7670.75,7673.0,7668.5,7672.75,1065
2026-09-14 11:17:00-04:00,7673.0,7674.75,7672.25,7673.75,989
2026-09-14 11:18:00-04:00,7673.5,7674.5,7673.0,7673.25,689
2026-09-14 11:19:00-04:00,7673.5,7675.25,7673.25,7673.75,681
2026-09-14 11:20:00-04:00,7674.0,7675.25,7673.0,7674.0,710
2026-09-14 11:21:00-04:00,7674.25,7675.5,7673.0,7674.5,816
2026-09-14 11:22:00-04:00,7674.5,7676.5,7674.25,7674.25,1103
2026-09-14 11:23:00-04:00,7674.25,7677.25,7673.75,7676.25,979
2026-09-14 11:24:00-04:00,7676.25,7679.25,7676.0,7678.75,1383
2026-09-14 11:25:00-04:00,7678.5,7679.75,7676.25,7677.25,1433
2026-09-14 11:26:00-04:00,7677.0,7680.25,7676.75,7680.25,798
2026-09-14 11:27:00-04:00,7680.5,7682.25,7679.5,7679.5,1201
2026-09-14 11:28:00-04:00,7679.5,7681.0,7679.5,7680.25,1088
2026-09-14 11:29:00-04:00,7680.5,7680.75,7679.0,7679.25,854
2026-09-14 11:30:00-04:00,7679.25,7681.25,7679.0,7680.75,1112
2026-09-14 11:31:00-04:00,7680.5,7680.5,7678.0,7678.5,952
2026-09-14 11:32:00-04:00,7678.5,7687.5,7678.0,7685.75,7964
2026-09-14 11:33:00-04:00,7685.75,7689.5,7682.75,7689.25,4062
2026-09-14 11:34:00-04:00,7689.0,7692.5,7688.25,7691.5,3569
2026-09-14 11:35:00-04:00,7691.25,7694.0,7690.25,7690.25,2833
2026-09-14 11:36:00-04:00,7690.5,7691.25,7688.0,7689.25,1624
2026-09-14 11:37:00-04:00,7689.5,7695.0,7689.5,7694.75,2564
2026-09-14 11:38:00-04:00,7694.75,7695.75,7692.75,7695.25,2049
2026-09-14 11:39:00-04:00,7695.5,7696.25,7694.5,7696.0,1536
2026-09-14 11:40:00-04:00,7696.0,7699.0,7694.0,7696.25,4344
2026-09-14 11:41:00-04:00,7696.25,7700.5,7694.0,7700.0,2519
2026-09-14 11:42:00-04:00,7700.0,7703.0,7698.0,7698.5,3488
2026-09-14 11:43:00-04:00,7698.5,7704.25,7698.25,7704.0,2686
2026-09-14 11:44:00-04:00,7703.75,7706.5,7703.5,7705.0,2403
2026-09-14 11:45:00-04:00,7705.0,7705.5,7702.5,7702.75,1912
2026-09-14 11:46:00-04:00,7702.75,7702.75,7700.0,7701.25,2080
2026-09-14 11:47:00-04:00,7701.5,7702.0,7699.5,7700.5,1199
2026-09-14 11:48:00-04:00,7700.75,7702.0,7698.75,7701.5,1435
2026-09-14 11:49:00-04:00,7701.5,7701.75,7698.5,7698.75,1006
2026-09-14 11:50:00-04:00,7698.5,7699.5,7696.75,7698.5,1097
2026-09-14 11:51:00-04:00,7698.25,7699.5,7697.5,7699.5,825
2026-09-14 11:52:00-04:00,7699.75,7702.25,7699.5,7700.25,970
2026-09-14 11:53:00-04:00,7700.0,7702.75,7699.5,7702.25,752
2026-09-14 11:54:00-04:00,7702.25,7702.75,7700.5,7702.5,907
2026-09-14 11:55:00-04:00,7702.25,7702.25,7701.0,7702.0,564
2026-09-14 11:56:00-04:00,7701.75,7702.0,7701.0,7701.5,567
2026-09-14 11:57:00-04:00,7701.75,7703.25,7701.5,7703.0,759
2026-09-14 11:58:00-04:00,7702.75,7704.5,7702.75,7703.0,969
2026-09-14 11:59:00-04:00,7703.0,7703.0,7701.5,7702.0,692
2026-09-14 12:00:00-04:00,7701.75,7703.5,7700.0,7700.0,1020
2026-09-14 12:01:00-04:00,7700.25,7701.0,7698.25,7698.75,998
2026-09-14 12:02:00-04:00,7698.75,7698.75,7697.25,7698.25,715
2026-09-14 12:03:00-04:00,7698.0,7700.0,7697.5,7699.25,669
2026-09-14 12:04:00-04:00,7699.25,7699.5,7697.25,7697.25,658
2026-09-14 12:05:00-04:00,7697.0,7697.75,7696.25,7697.5,936
2026-09-14 12:06:00-04:00,7697.5,7699.0,7697.0,7697.75,702
2026-09-14 12:07:00-04:00,7697.75,7699.25,7697.5,7698.25,1389
2026-09-14 12:08:00-04:00,7698.25,7698.25,7695.75,7697.25,983
2026-09-14 12:09:00-04:00,7697.25,7698.5,7696.75,7698.0,308
2026-09-14 12:10:00-04:00,7698.25,7700.25,7697.75,7698.25,969
2026-09-14 12:11:00-04:00,7698.5,7700.0,7698.0,7699.25,490
2026-09-14 12:12:00-04:00,7699.25,7701.0,7698.75,7700.0,950
2026-09-14 12:13:00-04:00,7700.25,7700.25,7699.0,7699.25,520
2026-09-14 12:14:00-04:00,7699.25,7699.75,7698.25,7699.0,738
2026-09-14 12:15:00-04:00,7699.0,7705.75,7698.75,7705.0,1635
2026-09-14 12:16:00-04:00,7704.75,7707.5,7704.5,7705.75,1619
2026-09-14 12:17:00-04:00,7705.75,7707.75,7705.0,7707.5,898
2026-09-14 12:18:00-04:00,7707.5,7708.75,7706.5,7708.0,1499
2026-09-14 12:19:00-04:00,7708.0,7708.75,7707.5,7708.25,629
2026-09-14 12:20:00-04:00,7708.25,7708.5,7705.25,7706.5,1241
2026-09-14 12:21:00-04:00,7706.5,7706.75,7704.25,7705.25,842
2026-09-14 12:22:00-04:00,7705.25,7706.25,7704.5,7705.5,584
2026-09-14 12:23:00-04:00,7705.5,7708.75,7705.25,7708.75,742
2026-09-14 12:24:00-04:00,7709.0,7710.5,7708.0,7708.5,1482
2026-09-14 12:25:00-04:00,7708.25,7708.75,7706.0,7706.0,1582
2026-09-14 12:26:00-04:00,7706.0,7706.5,7703.5,7703.5,897
2026-09-14 12:27:00-04:00,7703.5,7705.0,7703.0,7705.0,1111
2026-09-14 12:28:00-04:00,7705.0,7705.0,7703.0,7703.0,583
2026-09-14 12:29:00-04:00,7703.25,7704.75,7703.0,7704.25,575
2026-09-14 12:30:00-04:00,7704.25,7705.5,7703.5,7704.25,853
2026-09-14 12:31:00-04:00,7704.5,7708.0,7704.25,7705.0,2402
2026-09-14 12:32:00-04:00,7705.0,7707.5,7704.25,7705.25,1438
2026-09-14 12:33:00-04:00,7705.5,7706.75,7705.0,7706.25,388
2026-09-14 12:34:00-04:00,7706.25,7707.0,7703.5,7703.75,620
2026-09-14 12:35:00-04:00,7703.5,7703.75,7702.25,7703.0,574
2026-09-14 12:36:00-04:00,7703.0,7703.75,7702.75,7703.5,449
2026-09-14 12:37:00-04:00,7703.5,7705.25,7703.0,7704.0,367
2026-09-14 12:38:00-04:00,7704.0,7705.25,7703.5,7704.5,1145
2026-09-14 12:39:00-04:00,7704.25,7705.0,7703.25,7704.75,324
2026-09-14 12:40:00-04:00,7704.5,7705.5,7703.25,7705.5,455
2026-09-14 12:41:00-04:00,7705.25,7705.25,7704.25,7705.25,406
2026-09-14 12:42:00-04:00,7705.5,7705.75,7703.75,7704.75,381
2026-09-14 12:43:00-04:00,7704.75,7706.5,7704.25,7705.75,700
2026-09-14 12:44:00-04:00,7705.75,7707.0,7705.0,7707.0,479
2026-09-14 12:45:00-04:00,7707.25,7707.25,7704.5,7705.25,603
2026-09-14 12:46:00-04:00,7705.5,7706.25,7705.0,7705.75,340
2026-09-14 12:47:00-04:00,7705.75,7713.0,7705.5,7711.0,5844
2026-09-14 12:48:00-04:00,7710.75,7718.75,7710.75,7717.5,4582
2026-09-14 12:49:00-04:00,7717.5,7719.25,7716.0,7717.0,2400
2026-09-14 12:50:00-04:00,7717.25,7717.5,7715.25,7716.25,1277
2026-09-14 12:51:00-04:00,7716.25,7718.25,7715.5,7718.0,1027
2026-09-14 12:52:00-04:00,7718.0,7719.75,7716.75,7718.75,999
2026-09-14 12:53:00-04:00,7719.0,7719.0,7717.0,7717.0,1035
2026-09-14 12:54:00-04:00,7717.25,7717.25,7714.5,7715.0,1008
2026-09-14 12:55:00-04:00,7714.75,7715.5,7713.75,7714.25,759
2026-09-14 12:56:00-04:00,7714.25,7714.75,7712.25,7712.5,617
2026-09-14 12:57:00-04:00,7712.5,7713.0,7710.75,7711.5,794
2026-09-14 12:58:00-04:00,7711.25,7711.75,7709.5,7710.0,736
2026-09-14 12:59:00-04:00,7710.25,7713.0,7710.25,7712.75,653
2026-09-14 13:00:00-04:00,7713.0,7714.75,7712.0,7714.25,878
2026-09-14 13:01:00-04:00,7714.0,7714.25,7711.25,7711.5,747
2026-09-14 13:02:00-04:00,7711.5,7712.75,7710.75,7710.75,436
2026-09-14 13:03:00-04:00,7711.0,7711.5,7709.0,7710.25,736
2026-09-14 13:04:00-04:00,7710.25,7711.25,7710.0,7710.5,527
2026-09-14 13:05:00-04:00,7710.5,7711.0,7709.75,7710.5,394
2026-09-14 13:06:00-04:00,7710.75,7712.0,7710.75,7710.75,418
2026-09-14 13:07:00-04:00,7710.75,7710.75,7709.0,7709.0,403
2026-09-14 13:08:00-04:00,7709.25,7709.25,7707.75,7708.75,625
2026-09-14 13:09:00-04:00,7708.75,7709.25,7707.25,7708.5,572
2026-09-14 13:10:00-04:00,7708.5,7709.5,7707.75,7708.5,527
2026-09-14 13:11:00-04:00,7708.5,7711.25,7708.5,7709.75,791
2026-09-14 13:12:00-04:00,7710.0,7712.75,7709.75,7709.75,838
2026-09-14 13:13:00-04:00,7710.0,7710.5,7707.25,7707.5,540
2026-09-14 13:14:00-04:00,7707.5,7708.0,7705.5,7705.75,901
2026-09-14 13:15:00-04:00,7705.5,7706.25,7704.5,7705.75,633
2026-09-14 13:16:00-04:00,7705.75,7706.75,7704.75,7705.5,591
2026-09-14 13:17:00-04:00,7705.5,7706.5,7704.75,7705.25,502
2026-09-14 13:18:00-04:00,7705.25,7705.25,7703.0,7704.5,931
2026-09-14 13:19:00-04:00,7704.75,7705.5,7704.25,7704.5,391
2026-09-14 13:20:00-04:00,7704.5,7707.5,7704.25,7706.5,983
2026-09-14 13:21:00-04:00,7706.5,7706.75,7704.5,7705.75,403
2026-09-14 13:22:00-04:00,7705.5,7707.75,7705.5,7707.5,442
2026-09-14 13:23:00-04:00,7707.5,7708.25,7707.0,7707.0,445
2026-09-14 13:24:00-04:00,7707.0,7707.75,7706.5,7706.75,413
2026-09-14 13:25:00-04:00,7707.0,7709.0,7706.5,7706.5,465
2026-09-14 13:26:00-04:00,7706.5,7708.0,7705.75,7708.0,410
2026-09-14 13:27:00-04:00,7707.5,7708.0,7706.25,7708.0,384
2026-09-14 13:28:00-04:00,7708.0,7709.75,7707.0,7709.25,731
2026-09-14 13:29:00-04:00,7709.5,7711.25,7708.5,7711.25,831
2026-09-14 13:30:00-04:00,7711.5,7712.25,7709.5,7712.25,851
2026-09-14 13:31:00-04:00,7712.25,7712.25,7710.5,7710.75,677
2026-09-14 13:32:00-04:00,7711.0,7712.75,7710.75,7711.5,366
2026-09-14 13:33:00-04:00,7711.25,7711.25,7709.0,7709.75,1145
2026-09-14 13:34:00-04:00,7710.0,7711.0,7709.5,7710.75,388
2026-09-14 13:35:00-04:00,7710.75,7711.5,7709.0,7709.5,378
2026-09-14 13:36:00-04:00,7709.5,7710.75,7709.5,7710.25,450
2026-09-14 13:37:00-04:00,7710.25,7711.5,7709.75,7711.25,436
2026-09-14 13:38:00-04:00,7711.25,7712.75,7711.0,7711.75,525
2026-09-14 13:39:00-04:00,7712.0,7712.5,7711.75,7712.25,219
2026-09-14 13:40:00-04:00,7712.25,7712.5,7711.0,7712.0,415
2026-09-14 13:41:00-04:00,7712.0,7712.0,7709.5,7709.75,427
2026-09-14 13:42:00-04:00,7709.5,7710.5,7709.5,7709.75,328
2026-09-14 13:43:00-04:00,7709.5,7711.0,7709.25,7711.0,339
2026-09-14 13:44:00-04:00,7710.75,7711.25,7709.75,7710.0,362
2026-09-14 13:45:00-04:00,7710.25,7711.75,7709.25,7710.0,389
2026-09-14 13:46:00-04:00,7710.0,7711.0,7709.5,7710.25,343
2026-09-14 13:47:00-04:00,7710.25,7711.75,7710.25,7711.75,359
2026-09-14 13:48:00-04:00,7711.75,7712.5,7711.25,7712.0,482
2026-09-14 13:49:00-04:00,7712.0,7712.25,7710.75,7710.75,408
2026-09-14 13:50:00-04:00,7710.75,7711.5,7709.75,7710.0,592
2026-09-14 13:51:00-04:00,7710.25,7711.25,7710.0,7710.75,379
2026-09-14 13:52:00-04:00,7710.75,7712.75,7710.75,7712.5,488
2026-09-14 13:53:00-04:00,7712.5,7712.75,7711.0,7711.25,355
2026-09-14 13:54:00-04:00,7711.25,7712.75,7711.25,7712.0,231
2026-09-14 13:55:00-04:00,7712.0,7712.5,7711.0,7711.75,395
2026-09-14 13:56:00-04:00,7712.0,7712.5,7711.5,7711.75,376
2026-09-14 13:57:00-04:00,7712.0,7712.0,7710.25,7710.75,322
2026-09-14 13:58:00-04:00,7710.5,7711.0,7708.25,7708.25,608
2026-09-14 13:59:00-04:00,7708.75,7708.75,7707.25,7707.5,794
2026-09-14 14:00:00-04:00,7707.5,7712.25,7707.25,7708.5,2418
2026-09-14 14:01:00-04:00,7708.75,7709.0,7708.0,7709.0,455
2026-09-14 14:02:00-04:00,7709.0,7709.25,7708.0,7708.25,478
2026-09-14 14:03:00-04:00,7708.5,7708.5,7706.0,7706.25,600
2026-09-14 14:04:00-04:00,7706.25,7707.25,7706.0,7706.5,414
2026-09-14 14:05:00-04:00,7706.75,7707.0,7705.0,7706.5,495
2026-09-14 14:06:00-04:00,7706.75,7707.5,7706.25,7706.5,457
2026-09-14 14:07:00-04:00,7706.25,7708.75,7706.25,7708.0,543
2026-09-14 14:08:00-04:00,7708.25,7710.0,7708.0,7709.5,511
2026-09-14 14:09:00-04:00,7709.5,7710.0,7708.25,7708.5,290
2026-09-14 14:10:00-04:00,7708.25,7708.75,7707.5,7708.5,375
2026-09-14 14:11:00-04:00,7708.25,7708.75,7707.0,7707.0,327
2026-09-14 14:12:00-04:00,7706.75,7707.0,7706.25,7706.25,323
2026-09-14 14:13:00-04:00,7706.75,7706.75,7705.5,7706.25,445
2026-09-14 14:14:00-04:00,7706.25,7707.75,7706.25,7707.5,441
2026-09-14 14:15:00-04:00,7707.75,7709.0,7707.0,7708.5,498
2026-09-14 14:16:00-04:00,7708.0,7708.0,7706.75,7707.5,466
2026-09-14 14:17:00-04:00,7707.5,7707.5,7706.25,7707.0,513
2026-09-14 14:18:00-04:00,7707.0,7707.0,7705.75,7706.25,286
2026-09-14 14:19:00-04:00,7706.25,7707.25,7706.25,7706.75,208
2026-09-14 14:20:00-04:00,7706.75,7707.5,7706.5,7706.75,281
2026-09-14 14:21:00-04:00,7706.75,7707.25,7706.0,7706.0,351
2026-09-14 14:22:00-04:00,7706.0,7706.25,7705.5,7706.25,501
2026-09-14 14:23:00-04:00,7706.0,7706.25,7705.25,7705.5,315
2026-09-14 14:24:00-04:00,7705.5,7706.5,7705.5,7705.5,286
2026-09-14 14:25:00-04:00,7705.5,7706.0,7705.0,7705.75,395
2026-09-14 14:26:00-04:00,7705.75,7706.0,7704.75,7705.5,768
2026-09-14 14:27:00-04:00,7705.5,7705.75,7704.25,7704.25,639
2026-09-14 14:28:00-04:00,7704.25,7704.25,7703.25,7703.75,978
2026-09-14 14:29:00-04:00,7703.5,7704.75,7703.5,7704.5,379
2026-09-14 14:30:00-04:00,7704.75,7705.75,7704.25,7705.0,787
2026-09-14 14:31:00-04:00,7705.0,7705.25,7703.75,7704.25,622
2026-09-14 14:32:00-04:00,7704.5,7705.75,7704.25,7705.0,281
2026-09-14 14:33:00-04:00,7705.25,7707.5,7705.25,7707.0,771
2026-09-14 14:34:00-04:00,7707.0,7708.0,7706.5,7706.5,492
2026-09-14 14:35:00-04:00,7706.5,7707.75,7706.25,7707.5,357
2026-09-14 14:36:00-04:00,7707.5,7708.5,7707.25,7707.75,461
2026-09-14 14:37:00-04:00,7707.5,7709.25,7707.5,7708.25,347
2026-09-14 14:38:00-04:00,7708.5,7708.75,7707.75,7708.25,240
2026-09-14 14:39:00-04:00,7708.25,7708.25,7707.25,7707.5,378
2026-09-14 14:40:00-04:00,7707.5,7708.25,7706.75,7708.25,349
2026-09-14 14:41:00-04:00,7708.25,7709.25,7708.0,7708.5,483
2026-09-14 14:42:00-04:00,7708.5,7709.25,7707.75,7708.75,448
2026-09-14 14:43:00-04:00,7709.0,7709.5,7708.75,7708.75,420
2026-09-14 14:44:00-04:00,7708.75,7709.0,7708.0,7708.0,304
2026-09-14 14:45:00-04:00,7708.0,7708.75,7707.75,7708.0,238
2026-09-14 14:46:00-04:00,7708.25,7708.5,7705.5,7706.25,1804
2026-09-14 14:47:00-04:00,7706.25,7707.5,7705.5,7707.25,1217
2026-09-14 14:48:00-04:00,7707.5,7709.5,7707.0,7709.5,433
2026-09-14 14:49:00-04:00,7709.5,7709.75,7708.75,7709.5,364
2026-09-14 14:50:00-04:00,7709.25,7710.0,7708.25,7708.75,454
2026-09-14 14:51:00-04:00,7709.0,7709.0,7707.5,7708.0,513
2026-09-14 14:52:00-04:00,7708.0,7709.0,7707.75,7708.75,314
2026-09-14 14:53:00-04:00,7709.0,7709.0,7707.75,7708.5,397
2026-09-14 14:54:00-04:00,7708.5,7708.5,7707.25,7707.5,278
2026-09-14 14:55:00-04:00,7707.5,7708.25,7706.75,7708.25,364
2026-09-14 14:56:00-04:00,7708.25,7709.0,7708.25,7708.25,469
2026-09-14 14:57:00-04:00,7708.75,7709.0,7707.0,7707.0,541
2026-09-14 14:58:00-04:00,7707.0,7707.0,7705.25,7705.75,801
2026-09-14 14:59:00-04:00,7705.75,7706.0,7705.25,7705.5,321
2026-09-14 15:00:00-04:00,7705.75,7706.5,7704.0,7705.25,864
2026-09-14 15:01:00-04:00,7705.0,7705.0,7703.5,7704.0,664
2026-09-14 15:02:00-04:00,7703.75,7704.5,7703.5,7703.5,502
2026-09-14 15:03:00-04:00,7703.75,7704.75,7703.25,7704.25,498
2026-09-14 15:04:00-04:00,7704.25,7705.0,7702.75,7703.75,2714
2026-09-14 15:05:00-04:00,7703.75,7704.0,7702.25,7702.5,575
2026-09-14 15:06:00-04:00,7702.5,7703.25,7701.5,7701.75,824
2026-09-14 15:07:00-04:00,7701.75,7702.75,7701.75,7701.75,601
2026-09-14 15:08:00-04:00,7701.75,7702.25,7700.5,7702.25,952
2026-09-14 15:09:00-04:00,7702.25,7704.25,7702.25,7703.0,1096
2026-09-14 15:10:00-04:00,7703.0,7703.75,7702.75,7703.5,332
2026-09-14 15:11:00-04:00,7703.75,7704.0,7702.5,7703.5,257
2026-09-14 15:12:00-04:00,7703.5,7705.25,7703.5,7704.5,529
2026-09-14 15:13:00-04:00,7704.5,7704.75,7703.75,7703.75,338
2026-09-14 15:14:00-04:00,7703.75,7705.5,7703.75,7704.75,407
2026-09-14 15:15:00-04:00,7704.75,7705.0,7702.75,7703.25,825
2026-09-14 15:16:00-04:00,7703.25,7703.75,7702.75,7703.0,376
2026-09-14 15:17:00-04:00,7703.0,7703.5,7702.5,7703.25,373
2026-09-14 15:18:00-04:00,7703.5,7704.0,7703.0,7703.25,240
2026-09-14 15:19:00-04:00,7703.5,7703.75,7702.25,7703.25,559
2026-09-14 15:20:00-04:00,7703.5,7704.0,7702.5,7702.5,456
2026-09-14 15:21:00-04:00,7702.5,7703.0,7701.75,7701.75,762
2026-09-14 15:22:00-04:00,7701.75,7702.0,7701.0,7701.5,592
2026-09-14 15:23:00-04:00,7701.5,7701.75,7701.0,7701.5,380
2026-09-14 15:24:00-04:00,7701.5,7703.0,7701.25,7702.5,486
2026-09-14 15:25:00-04:00,7702.5,7703.25,7701.5,7701.75,505
2026-09-14 15:26:00-04:00,7701.75,7702.5,7701.75,7702.25,386
2026-09-14 15:27:00-04:00,7702.25,7703.0,7702.0,7702.0,252
2026-09-14 15:28:00-04:00,7701.75,7702.75,7701.75,7702.5,319
2026-09-14 15:29:00-04:00,7702.5,7703.25,7702.0,7702.0,689
2026-09-14 15:30:00-04:00,7701.75,7704.25,7701.75,7702.75,808
2026-09-14 15:31:00-04:00,7703.0,7703.75,7702.75,7703.25,304
2026-09-14 15:32:00-04:00,7703.25,7704.0,7702.75,7702.75,423
2026-09-14 15:33:00-04:00,7703.0,7703.25,7702.25,7702.5,502
2026-09-14 15:34:00-04:00,7702.25,7702.75,7701.25,7701.75,385
2026-09-14 15:35:00-04:00,7702.25,7702.25,7700.25,7700.75,645
2026-09-14 15:36:00-04:00,7700.75,7701.0,7700.25,7700.5,595
2026-09-14 15:37:00-04:00,7700.5,7701.5,7700.25,7700.75,546
2026-09-14 15:38:00-04:00,7701.0,7701.5,7700.75,7701.0,371
2026-09-14 15:39:00-04:00,7701.0,7701.25,7700.75,7700.75,334
2026-09-14 15:40:00-04:00,7701.0,7702.0,7700.5,7701.5,567
2026-09-14 15:41:00-04:00,7701.75,7701.75,7701.0,7701.0,511
2026-09-14 15:42:00-04:00,7701.0,7701.5,7700.5,7700.75,371
2026-09-14 15:43:00-04:00,7700.5,7701.0,7700.0,7700.5,736
2026-09-14 15:44:00-04:00,7700.5,7701.0,7700.0,7700.75,512
2026-09-14 15:45:00-04:00,7700.5,7702.0,7700.25,7702.0,1033
2026-09-14 15:46:00-04:00,7701.75,7703.0,7701.75,7702.0,729
2026-09-14 15:47:00-04:00,7701.75,7702.5,7701.5,7702.0,524
2026-09-14 15:48:00-04:00,7701.75,7702.0,7701.0,7701.75,535
2026-09-14 15:49:00-04:00,7701.75,7702.0,7700.5,7702.0,1202
2026-09-14 15:50:00-04:00,7701.75,7703.0,7698.5,7699.0,2852
2026-09-14 15:51:00-04:00,7699.25,7699.25,7698.0,7698.75,955
2026-09-14 15:52:00-04:00,7698.75,7699.75,7697.0,7697.75,1861
2026-09-14 15:53:00-04:00,7697.5,7698.0,7695.5,7697.25,1271
2026-09-14 15:54:00-04:00,7697.0,7697.75,7696.75,7697.0,1189
2026-09-14 15:55:00-04:00,7697.25,7697.25,7692.5,7694.5,3983
2026-09-14 15:56:00-04:00,7694.5,7695.75,7693.75,7694.75,1140
2026-09-14 15:57:00-04:00,7694.75,7696.75,7693.5,7696.25,1282
2026-09-14 15:58:00-04:00,7696.25,7698.25,7695.5,7696.0,1446
2026-09-14 15:59:00-04:00,7696.0,7696.25,7691.25,7692.5,7502
2026-09-14 16:00:00-04:00,7692.5,7694.75,7691.5,7692.0,2563
2026-09-14 16:01:00-04:00,7692.0,7692.5,7690.75,7691.5,606
2026-09-14 16:02:00-04:00,7691.25,7691.5,7690.5,7691.0,406
2026-09-14 16:03:00-04:00,7690.75,7691.25,7690.5,7691.25,277
2026-09-14 16:04:00-04:00,7691.25,7692.5,7691.25,7692.25,315
2026-09-14 16:05:00-04:00,7692.25,7692.5,7690.5,7691.5,564
2026-09-14 16:06:00-04:00,7691.5,7691.5,7690.75,7691.5,154
2026-09-14 16:07:00-04:00,7691.5,7692.5,7691.5,7692.25,175
2026-09-14 16:08:00-04:00,7692.25,7692.25,7691.25,7691.25,165
2026-09-14 16:09:00-04:00,7691.25,7691.75,7691.0,7691.25,215
2026-09-14 16:10:00-04:00,7691.25,7692.0,7690.75,7691.75,154
2026-09-14 16:11:00-04:00,7691.75,7692.0,7691.25,7692.0,190
2026-09-14 16:12:00-04:00,7692.0,7692.5,7691.5,7692.5,217
2026-09-14 16:13:00-04:00,7692.5,7693.0,7692.25,7692.75,153
2026-09-14 16:14:00-04:00,7692.5,7693.0,7692.0,7692.25,269
2026-09-14 16:15:00-04:00,7692.5,7692.75,7691.0,7691.25,165
2026-09-14 16:16:00-04:00,7691.0,7691.25,7689.5,7690.0,406
2026-09-14 16:17:00-04:00,7690.0,7691.25,7689.75,7690.75,221
2026-09-14 16:18:00-04:00,7690.75,7691.5,7690.75,7691.0,138
2026-09-14 16:19:00-04:00,7691.0,7692.25,7690.5,7692.25,117
2026-09-14 16:20:00-04:00,7692.25,7693.25,7692.25,7693.25,154
2026-09-14 16:21:00-04:00,7693.25,7693.75,7693.0,7693.0,175
2026-09-14 16:22:00-04:00,7693.0,7693.75,7693.0,7693.75,85
2026-09-14 16:23:00-04:00,7693.75,7694.0,7693.0,7693.0,168
2026-09-14 16:24:00-04:00,7693.5,7694.75,7692.75,7694.5,250
2026-09-14 16:25:00-04:00,7694.5,7695.0,7694.0,7694.75,89
2026-09-14 16:26:00-04:00,7694.75,7694.75,7694.0,7694.5,54
2026-09-14 16:27:00-04:00,7694.75,7694.75,7694.5,7694.75,75
2026-09-14 16:28:00-04:00,7694.75,7695.25,7694.75,7695.0,90
2026-09-14 16:29:00-04:00,7695.0,7695.75,7694.75,7695.5,107
2026-09-14 16:30:00-04:00,7695.25,7695.75,7695.0,7695.25,191
2026-09-14 16:31:00-04:00,7695.25,7695.25,7694.25,7694.25,84
2026-09-14 16:32:00-04:00,7694.25,7694.5,7694.0,7694.0,86
2026-09-14 16:33:00-04:00,7694.25,7694.75,7694.0,7694.5,148
2026-09-14 16:34:00-04:00,7694.5,7694.75,7694.25,7694.5,118
2026-09-14 16:35:00-04:00,7694.75,7695.25,7694.5,7695.25,168
2026-09-14 16:36:00-04:00,7695.0,7695.0,7694.5,7694.5,65
2026-09-14 16:37:00-04:00,7694.5,7695.0,7694.5,7695.0,59
2026-09-14 16:38:00-04:00,7695.0,7695.5,7695.0,7695.0,107
2026-09-14 16:39:00-04:00,7695.25,7695.5,7695.0,7695.0,114
2026-09-14 16:40:00-04:00,7695.25,7695.5,7695.0,7695.5,139
2026-09-14 16:41:00-04:00,7695.5,7695.5,7695.0,7695.25,50
2026-09-14 16:42:00-04:00,7695.25,7695.25,7694.75,7694.75,85
2026-09-14 16:43:00-04:00,7695.0,7695.25,7694.75,7695.25,82
2026-09-14 16:44:00-04:00,7695.0,7695.5,7694.75,7694.75,145
2026-09-14 16:45:00-04:00,7695.25,7696.25,7694.75,7696.0,196
2026-09-14 16:46:00-04:00,7695.75,7696.25,7695.5,7696.0,114
2026-09-14 16:47:00-04:00,7696.0,7697.0,7696.0,7696.75,94
2026-09-14 16:48:00-04:00,7697.0,7698.25,7696.75,7698.0,148
2026-09-14 16:49:00-04:00,7697.5,7698.0,7697.5,7698.0,107
2026-09-14 16:50:00-04:00,7698.25,7698.5,7697.75,7698.5,192
2026-09-14 16:51:00-04:00,7698.25,7699.25,7698.25,7699.0,166
2026-09-14 16:52:00-04:00,7698.75,7699.25,7698.25,7698.75,124
2026-09-14 16:53:00-04:00,7698.75,7699.0,7698.5,7698.75,233
2026-09-14 16:54:00-04:00,7699.0,7699.25,7698.75,7699.25,149
2026-09-14 16:55:00-04:00,7699.0,7699.25,7698.75,7699.0,100
2026-09-14 16:56:00-04:00,7699.0,7699.25,7698.25,7698.5,97
2026-09-14 16:57:00-04:00,7698.5,7700.25,7698.25,7699.75,179
2026-09-14 16:58:00-04:00,7699.75,7699.75,7699.0,7699.75,114
2026-09-14 16:59:00-04:00,7700.0,7700.5,7699.5,7700.25,168
2026-09-14 18:00:00-04:00,7700.25,7700.5,7696.0,7696.75,0
2026-09-14 18:01:00-04:00,7697.5,7698.0,7696.5,7697.0,216
2026-09-14 18:02:00-04:00,7697.25,7698.5,7697.0,7697.5,174
2026-09-14 18:03:00-04:00,7697.5,7698.0,7697.0,7697.25,130
2026-09-14 18:04:00-04:00,7697.75,7698.5,7697.0,7697.5,197
2026-09-14 18:05:00-04:00,7697.75,7699.25,7695.5,7695.75,658
2026-09-14 18:06:00-04:00,7696.0,7697.5,7696.0,7697.0,138
2026-09-14 18:07:00-04:00,7697.0,7697.0,7695.75,7696.0,87
2026-09-14 18:08:00-04:00,7696.25,7697.0,7696.0,7697.0,102
2026-09-14 18:09:00-04:00,7697.0,7697.0,7695.75,7696.0,153
2026-09-14 18:10:00-04:00,7696.0,7697.0,7696.0,7696.75,80
2026-09-14 18:11:00-04:00,7696.75,7697.0,7695.75,7695.75,119
2026-09-14 18:12:00-04:00,7696.0,7696.75,7696.0,7696.5,74
2026-09-14 18:13:00-04:00,7696.75,7697.25,7696.5,7696.75,50
2026-09-14 18:14:00-04:00,7696.5,7696.75,7696.25,7696.75,53
2026-09-14 18:15:00-04:00,7696.75,7697.75,7696.75,7697.0,144
2026-09-14 18:16:00-04:00,7696.75,7697.0,7696.0,7696.25,98
2026-09-14 18:17:00-04:00,7696.0,7696.25,7695.25,7696.0,313
2026-09-14 18:18:00-04:00,7696.25,7696.5,7695.25,7696.5,131
2026-09-14 18:19:00-04:00,7696.25,7696.75,7696.25,7696.5,52
2026-09-14 18:20:00-04:00,7696.5,7696.5,7696.0,7696.25,80
2026-09-14 18:21:00-04:00,7696.0,7696.75,7696.0,7696.75,32
2026-09-14 18:22:00-04:00,7696.5,7696.75,7696.0,7696.75,18
2026-09-14 18:23:00-04:00,7696.75,7696.75,7696.0,7696.5,44
2026-09-14 18:24:00-04:00,7696.25,7696.5,7695.75,7696.0,95
2026-09-14 18:25:00-04:00,7696.0,7696.25,7695.75,7695.75,52
2026-09-14 18:26:00-04:00,7696.0,7696.0,7695.0,7695.0,82
2026-09-14 18:27:00-04:00,7695.0,7695.75,7694.75,7695.75,138
2026-09-14 18:28:00-04:00,7695.25,7695.75,7695.0,7695.75,81
2026-09-14 18:29:00-04:00,7695.5,7696.5,7695.5,7696.25,62
2026-09-14 18:30:00-04:00,7696.25,7696.75,7696.25,7696.5,97
2026-09-14 18:31:00-04:00,7696.5,7697.25,7696.5,7697.0,113
2026-09-14 18:32:00-04:00,7697.0,7697.25,7696.75,7697.0,66
2026-09-14 18:33:00-04:00,7697.25,7697.25,7696.75,7697.25,116
2026-09-14 18:34:00-04:00,7697.25,7697.25,7696.75,7697.0,14
2026-09-14 18:35:00-04:00,7696.75,7697.25,7696.75,7697.0,23
2026-09-14 18:36:00-04:00,7697.0,7697.0,7696.5,7696.75,89
2026-09-14 18:37:00-04:00,7697.0,7697.25,7696.75,7696.75,50
2026-09-14 18:38:00-04:00,7696.75,7696.75,7696.25,7696.75,55
2026-09-14 18:39:00-04:00,7696.5,7696.75,7696.5,7696.5,18
2026-09-14 18:40:00-04:00,7696.25,7696.5,7695.5,7695.75,82
2026-09-14 18:41:00-04:00,7696.0,7696.25,7695.75,7695.75,53
2026-09-14 18:42:00-04:00,7695.5,7696.0,7695.5,7695.75,59
2026-09-14 18:43:00-04:00,7696.0,7696.0,7695.75,7695.75,8
2026-09-14 18:44:00-04:00,7695.75,7695.75,7695.25,7695.75,44
2026-09-14 18:45:00-04:00,7695.75,7696.5,7695.5,7696.5,111
2026-09-14 18:46:00-04:00,7696.5,7697.0,7696.5,7696.75,34
2026-09-14 18:47:00-04:00,7696.75,7697.0,7696.75,7697.0,75
2026-09-14 18:48:00-04:00,7697.0,7697.0,7696.75,7696.75,22
2026-09-14 18:49:00-04:00,7697.0,7697.75,7697.0,7697.25,45
2026-09-14 18:50:00-04:00,7697.5,7698.0,7697.5,7697.5,126
2026-09-14 18:51:00-04:00,7697.75,7698.5,7697.75,7698.5,157
2026-09-14 18:52:00-04:00,7698.5,7698.5,7698.25,7698.5,101
2026-09-14 18:53:00-04:00,7698.25,7698.25,7697.75,7698.0,171
2026-09-14 18:54:00-04:00,7698.25,7698.25,7697.5,7697.75,69
2026-09-14 18:55:00-04:00,7698.0,7698.0,7697.75,7697.75,29
2026-09-14 18:56:00-04:00,7697.5,7697.75,7697.5,7697.5,22
2026-09-14 18:57:00-04:00,7697.25,7697.75,7697.0,7697.75,33
2026-09-14 18:58:00-04:00,7697.75,7697.75,7696.75,7697.0,53
2026-09-14 18:59:00-04:00,7697.0,7697.25,7696.5,7696.5,48
2026-09-14 19:00:00-04:00,7696.75,7697.0,7695.75,7696.5,250
2026-09-14 19:01:00-04:00,7696.5,7696.5,7695.5,7695.75,109
2026-09-14 19:02:00-04:00,7695.75,7696.25,7694.75,7695.75,191
2026-09-14 19:03:00-04:00,7696.0,7696.25,7695.75,7696.25,56
2026-09-14 19:04:00-04:00,7695.75,7696.25,7695.5,7696.0,27
2026-09-14 19:05:00-04:00,7696.0,7696.25,7695.75,7696.0,24
2026-09-14 19:06:00-04:00,7695.75,7695.75,7695.25,7695.25,34
2026-09-14 19:07:00-04:00,7695.25,7695.75,7695.25,7695.5,33
2026-09-14 19:08:00-04:00,7695.5,7696.25,7695.5,7695.75,26
2026-09-14 19:09:00-04:00,7696.25,7696.5,7696.0,7696.25,51
2026-09-14 19:10:00-04:00,7696.25,7696.25,7695.75,7696.25,82
2026-09-14 19:11:00-04:00,7696.25,7696.5,7696.0,7696.5,32
2026-09-14 19:12:00-04:00,7696.5,7697.25,7696.5,7697.25,80
2026-09-14 19:13:00-04:00,7697.0,7697.5,7697.0,7697.0,119
2026-09-14 19:14:00-04:00,7697.25,7697.25,7696.75,7697.0,130
2026-09-14 19:15:00-04:00,7697.0,7697.25,7696.75,7696.75,49
2026-09-14 19:16:00-04:00,7697.0,7697.25,7695.75,7696.25,78
2026-09-14 19:17:00-04:00,7696.0,7696.5,7695.75,7696.0,92
2026-09-14 19:18:00-04:00,7695.75,7696.25,7695.5,7695.5,70
2026-09-14 19:19:00-04:00,7695.5,7695.5,7694.75,7695.0,113
2026-09-14 19:20:00-04:00,7695.0,7695.25,7694.5,7694.75,137
2026-09-14 19:21:00-04:00,7694.75,7695.75,7694.75,7695.5,98
2026-09-14 19:22:00-04:00,7695.5,7695.75,7695.5,7695.75,30
2026-09-14 19:23:00-04:00,7695.75,7696.5,7695.75,7696.25,69
2026-09-14 19:24:00-04:00,7696.5,7696.5,7696.0,7696.25,52
2026-09-14 19:25:00-04:00,7696.25,7696.25,7696.0,7696.0,25
2026-09-14 19:26:00-04:00,7696.0,7696.75,7696.0,7696.5,24
2026-09-14 19:27:00-04:00,7696.5,7696.5,7696.25,7696.5,20
2026-09-14 19:28:00-04:00,7696.25,7696.25,7695.75,7695.75,43
2026-09-14 19:29:00-04:00,7695.75,7695.75,7694.75,7695.25,250
2026-09-14 19:30:00-04:00,7695.0,7695.5,7695.0,7695.25,98
2026-09-14 19:31:00-04:00,7695.25,7696.25,7695.25,7695.75,149
2026-09-14 19:32:00-04:00,7696.0,7696.25,7695.75,7696.0,57
2026-09-14 19:33:00-04:00,7695.75,7695.75,7695.5,7695.5,38
2026-09-14 19:34:00-04:00,7695.5,7695.75,7695.25,7695.75,126
2026-09-14 19:35:00-04:00,7695.75,7696.0,7695.75,7696.0,79
2026-09-14 19:36:00-04:00,7696.0,7696.25,7695.75,7695.75,29
2026-09-14 19:37:00-04:00,7696.0,7696.0,7695.5,7696.0,47
2026-09-14 19:38:00-04:00,7695.75,7696.5,7695.75,7696.5,18
2026-09-14 19:39:00-04:00,7696.25,7696.75,7696.25,7696.75,54
2026-09-14 19:40:00-04:00,7696.5,7697.0,7696.25,7696.75,156
2026-09-14 19:41:00-04:00,7696.75,7697.0,7696.25,7696.25,141
2026-09-14 19:42:00-04:00,7696.25,7696.75,7696.0,7696.25,36
2026-09-14 19:43:00-04:00,7696.25,7696.25,7695.25,7696.0,129
2026-09-14 19:44:00-04:00,7696.0,7696.0,7696.0,7696.0,23
2026-09-14 19:45:00-04:00,7696.0,7696.0,7694.75,7695.5,169
2026-09-14 19:46:00-04:00,7695.5,7696.5,7695.5,7696.0,131
2026-09-14 19:47:00-04:00,7696.0,7696.25,7695.0,7695.5,61
2026-09-14 19:48:00-04:00,7695.25,7695.5,7695.25,7695.5,100
2026-09-14 19:49:00-04:00,7695.5,7695.75,7695.25,7695.5,23
2026-09-14 19:50:00-04:00,7695.5,7695.5,7695.0,7695.5,89
2026-09-14 19:51:00-04:00,7695.5,7695.5,7695.0,7695.5,21
2026-09-14 19:52:00-04:00,7695.25,7695.25,7694.25,7694.25,95
2026-09-14 19:53:00-04:00,7694.25,7694.5,7694.0,7694.25,190
2026-09-14 19:54:00-04:00,7694.5,7695.0,7694.25,7694.75,107
2026-09-14 19:55:00-04:00,7695.0,7695.5,7694.75,7695.0,76
2026-09-14 19:56:00-04:00,7695.0,7696.25,7695.0,7695.5,137
2026-09-14 19:57:00-04:00,7695.5,7695.5,7694.75,7695.0,77
2026-09-14 19:58:00-04:00,7694.75,7696.5,7694.75,7696.5,128
2026-09-14 19:59:00-04:00,7696.0,7696.25,7695.75,7696.25,124
2026-09-14 20:00:00-04:00,7696.0,7697.75,7695.25,7696.25,721
2026-09-14 20:01:00-04:00,7696.25,7696.5,7694.75,7694.75,251
2026-09-14 20:02:00-04:00,7694.75,7695.25,7693.5,7693.5,305
2026-09-14 20:03:00-04:00,7693.5,7694.25,7693.0,7693.75,215
2026-09-14 20:04:00-04:00,7693.75,7695.0,7693.5,7694.0,213
2026-09-14 20:05:00-04:00,7694.0,7694.5,7692.0,7693.0,378
2026-09-14 20:06:00-04:00,7693.25,7694.25,7692.0,7692.25,298
2026-09-14 20:07:00-04:00,7692.5,7695.0,7692.25,7694.75,196
2026-09-14 20:08:00-04:00,7695.0,7696.5,7695.0,7696.0,254
2026-09-14 20:09:00-04:00,7696.25,7697.0,7695.75,7696.0,249
2026-09-14 20:10:00-04:00,7696.25,7696.25,7695.0,7695.25,141
2026-09-14 20:11:00-04:00,7695.25,7695.25,7693.75,7694.75,361
2026-09-14 20:12:00-04:00,7694.75,7696.25,7694.75,7695.0,183
2026-09-14 20:13:00-04:00,7695.25,7696.5,7695.25,7696.0,87
2026-09-14 20:14:00-04:00,7696.0,7696.5,7695.75,7696.0,111
2026-09-14 20:15:00-04:00,7696.0,7696.0,7694.5,7695.25,190
2026-09-14 20:16:00-04:00,7695.0,7695.25,7693.25,7693.75,174
2026-09-14 20:17:00-04:00,7693.5,7694.0,7692.75,7693.25,208
2026-09-14 20:18:00-04:00,7693.5,7693.5,7692.5,7693.0,112
2026-09-14 20:19:00-04:00,7693.0,7694.5,7693.0,7694.0,232
2026-09-14 20:20:00-04:00,7693.75,7694.75,7692.75,7694.25,194
2026-09-14 20:21:00-04:00,7694.25,7695.5,7694.25,7694.75,132
2026-09-14 20:22:00-04:00,7694.75,7695.25,7694.5,7695.0,61
2026-09-14 20:23:00-04:00,7694.75,7695.75,7694.75,7695.25,134
2026-09-14 20:24:00-04:00,7695.25,7696.25,7694.75,7696.25,123
2026-09-14 20:25:00-04:00,7696.25,7696.75,7695.75,7696.25,198
2026-09-14 20:26:00-04:00,7696.25,7696.5,7696.0,7696.0,110
2026-09-14 20:27:00-04:00,7696.0,7696.25,7694.25,7694.25,81
2026-09-14 20:28:00-04:00,7694.5,7695.25,7694.5,7694.75,61
2026-09-14 20:29:00-04:00,7695.0,7695.5,7694.75,7695.0,88
2026-09-14 20:30:00-04:00,7695.0,7695.25,7694.75,7695.0,41
2026-09-14 20:31:00-04:00,7694.75,7695.5,7694.75,7695.25,69
2026-09-14 20:32:00-04:00,7695.5,7695.5,7694.75,7694.75,51
2026-09-14 20:33:00-04:00,7695.25,7695.5,7694.75,7695.0,33
2026-09-14 20:34:00-04:00,7695.0,7695.0,7694.0,7694.0,182
2026-09-14 20:35:00-04:00,7694.25,7695.25,7694.0,7695.25,86
2026-09-14 20:36:00-04:00,7695.25,7696.75,7695.25,7696.5,150
2026-09-14 20:37:00-04:00,7696.5,7696.75,7695.75,7696.0,93
2026-09-14 20:38:00-04:00,7696.25,7696.5,7696.0,7696.25,71
2026-09-14 20:39:00-04:00,7696.0,7697.75,7696.0,7697.5,207
2026-09-14 20:40:00-04:00,7697.5,7698.75,7697.5,7698.75,277
2026-09-14 20:41:00-04:00,7698.5,7699.25,7698.25,7698.75,165
2026-09-14 20:42:00-04:00,7698.75,7699.75,7698.75,7699.75,176
2026-09-14 20:43:00-04:00,7699.75,7700.25,7699.5,7699.75,315
2026-09-14 20:44:00-04:00,7699.75,7700.0,7698.75,7699.25,217
2026-09-14 20:45:00-04:00,7699.5,7699.5,7698.75,7698.75,199
2026-09-14 20:46:00-04:00,7698.75,7698.75,7697.5,7697.5,365
2026-09-14 20:47:00-04:00,7697.5,7698.0,7697.25,7697.5,70
2026-09-14 20:48:00-04:00,7697.5,7698.0,7697.0,7697.75,75
2026-09-14 20:49:00-04:00,7697.5,7699.0,7697.5,7698.75,185
2026-09-14 20:50:00-04:00,7698.5,7699.75,7698.5,7699.5,140
2026-09-14 20:51:00-04:00,7699.25,7699.5,7698.5,7698.75,94
2026-09-14 20:52:00-04:00,7699.0,7700.5,7699.0,7700.0,179
2026-09-14 20:53:00-04:00,7700.0,7700.25,7699.75,7700.0,77
2026-09-14 20:54:00-04:00,7700.0,7700.0,7699.0,7699.5,169
2026-09-14 20:55:00-04:00,7699.5,7700.25,7699.25,7700.25,46
2026-09-14 20:56:00-04:00,7699.75,7700.0,7699.0,7699.0,82
2026-09-14 20:57:00-04:00,7699.0,7699.25,7698.5,7699.25,95
2026-09-14 20:58:00-04:00,7699.0,7699.0,7697.25,7697.5,270
2026-09-14 20:59:00-04:00,7697.5,7698.25,7697.25,7698.0,123
2026-09-14 21:00:00-04:00,7697.75,7697.75,7696.0,7696.5,435
2026-09-14 21:01:00-04:00,7696.75,7698.25,7696.25,7698.0,191
2026-09-14 21:02:00-04:00,7697.75,7697.75,7696.25,7697.5,108
2026-09-14 21:03:00-04:00,7697.25,7699.75,7697.25,7699.75,199
2026-09-14 21:04:00-04:00,7699.25,7701.0,7699.25,7699.75,357
2026-09-14 21:05:00-04:00,7699.75,7700.0,7699.0,7699.0,96
2026-09-14 21:06:00-04:00,7698.75,7699.25,7697.25,7697.75,149
2026-09-14 21:07:00-04:00,7698.0,7698.5,7697.75,7697.75,61
2026-09-14 21:08:00-04:00,7697.75,7699.5,7697.75,7699.25,92
2026-09-14 21:09:00-04:00,7699.5,7699.75,7698.5,7698.5,124
2026-09-14 21:10:00-04:00,7698.25,7699.0,7698.25,7699.0,54
2026-09-14 21:11:00-04:00,7699.25,7700.0,7699.0,7699.5,76
2026-09-14 21:12:00-04:00,7699.75,7700.75,7699.5,7700.0,75
2026-09-14 21:13:00-04:00,7700.0,7700.0,7699.25,7700.0,51
2026-09-14 21:14:00-04:00,7699.5,7700.5,7699.25,7700.5,107
2026-09-14 21:15:00-04:00,7700.5,7700.75,7700.0,7700.25,76
2026-09-14 21:16:00-04:00,7700.5,7701.0,7700.25,7700.75,173
2026-09-14 21:17:00-04:00,7700.75,7701.0,7700.25,7700.5,62
2026-09-14 21:18:00-04:00,7700.5,7700.75,7699.75,7700.25,70
2026-09-14 21:19:00-04:00,7700.0,7700.5,7700.0,7700.25,86
2026-09-14 21:20:00-04:00,7700.0,7700.5,7699.75,7700.0,110
2026-09-14 21:21:00-04:00,7699.75,7700.25,7699.75,7700.0,37
2026-09-14 21:22:00-04:00,7700.0,7700.0,7699.5,7700.0,67
2026-09-14 21:23:00-04:00,7699.75,7700.0,7699.25,7699.25,29
2026-09-14 21:24:00-04:00,7699.5,7700.25,7699.25,7699.75,58
2026-09-14 21:25:00-04:00,7700.0,7700.0,7699.5,7699.75,63
2026-09-14 21:26:00-04:00,7700.0,7700.0,7699.0,7699.0,43
2026-09-14 21:27:00-04:00,7699.25,7699.25,7698.25,7698.5,90
2026-09-14 21:28:00-04:00,7698.5,7699.0,7697.75,7697.75,87
2026-09-14 21:29:00-04:00,7698.0,7698.0,7697.5,7698.0,119
2026-09-14 21:30:00-04:00,7698.0,7698.25,7697.25,7697.5,202
2026-09-14 21:31:00-04:00,7697.5,7698.5,7696.75,7698.0,170
2026-09-14 21:32:00-04:00,7698.0,7698.25,7697.0,7697.5,106
2026-09-14 21:33:00-04:00,7697.5,7698.5,7697.25,7697.5,127
2026-09-14 21:34:00-04:00,7697.0,7697.25,7695.0,7695.5,372
2026-09-14 21:35:00-04:00,7695.25,7695.5,7694.25,7694.25,265
2026-09-14 21:36:00-04:00,7694.25,7695.0,7693.75,7693.75,273
2026-09-14 21:37:00-04:00,7693.75,7694.0,7693.0,7693.25,189
2026-09-14 21:38:00-04:00,7693.25,7695.0,7693.25,7694.25,153
2026-09-14 21:39:00-04:00,7694.25,7694.75,7693.25,7694.25,110
2026-09-14 21:40:00-04:00,7694.5,7694.5,7690.75,7691.25,952
2026-09-14 21:41:00-04:00,7691.25,7691.5,7690.5,7690.75,204
2026-09-14 21:42:00-04:00,7690.5,7691.75,7690.0,7691.5,324
2026-09-14 21:43:00-04:00,7691.5,7692.25,7691.25,7691.75,97
2026-09-14 21:44:00-04:00,7692.0,7692.5,7691.75,7692.25,98
2026-09-14 21:45:00-04:00,7692.0,7692.25,7690.5,7691.75,133
2026-09-14 21:46:00-04:00,7691.75,7692.25,7691.0,7691.5,89
2026-09-14 21:47:00-04:00,7691.75,7692.25,7691.5,7691.75,144
2026-09-14 21:48:00-04:00,7691.5,7692.25,7691.5,7692.25,89
2026-09-14 21:49:00-04:00,7692.25,7693.75,7692.0,7693.75,185
2026-09-14 21:50:00-04:00,7693.5,7693.75,7691.25,7692.0,183
2026-09-14 21:51:00-04:00,7691.75,7691.75,7690.75,7691.0,75
2026-09-14 21:52:00-04:00,7691.0,7692.75,7690.5,7692.5,128
2026-09-14 21:53:00-04:00,7692.75,7695.0,7692.5,7695.0,287
2026-09-14 21:54:00-04:00,7694.75,7695.0,7693.5,7693.5,211
2026-09-14 21:55:00-04:00,7693.25,7694.75,7693.25,7694.5,105
2026-09-14 21:56:00-04:00,7694.75,7694.75,7693.25,7693.75,49
2026-09-14 21:57:00-04:00,7693.75,7694.0,7693.0,7693.5,63
2026-09-14 21:58:00-04:00,7693.5,7693.5,7692.75,7693.0,337
2026-09-14 21:59:00-04:00,7693.0,7693.75,7692.5,7693.25,283
2026-09-14 22:00:00-04:00,7693.25,7693.5,7692.5,7693.0,149
2026-09-14 22:01:00-04:00,7693.0,7695.0,7692.75,7694.75,208
2026-09-14 22:02:00-04:00,7694.75,7695.25,7694.5,7695.0,118
2026-09-14 22:03:00-04:00,7695.25,7695.25,7693.5,7693.5,109
2026-09-14 22:04:00-04:00,7693.75,7694.75,7693.75,7694.75,89
2026-09-14 22:05:00-04:00,7694.5,7694.75,7693.5,7693.5,70
2026-09-14 22:06:00-04:00,7693.75,7693.75,7692.75,7693.25,164
2026-09-14 22:07:00-04:00,7693.25,7694.25,7693.25,7693.5,148
2026-09-14 22:08:00-04:00,7693.25,7694.25,7692.75,7694.0,105
2026-09-14 22:09:00-04:00,7693.75,7694.5,7693.25,7694.0,62
2026-09-14 22:10:00-04:00,7694.25,7694.25,7693.25,7693.75,50
2026-09-14 22:11:00-04:00,7693.75,7694.0,7693.25,7693.75,73
2026-09-14 22:12:00-04:00,7693.75,7694.75,7693.75,7693.75,136
2026-09-14 22:13:00-04:00,7693.75,7694.0,7693.0,7693.5,78
2026-09-14 22:14:00-04:00,7693.25,7693.75,7693.25,7693.5,68
2026-09-14 22:15:00-04:00,7693.5,7693.5,7692.25,7693.25,82
2026-09-14 22:16:00-04:00,7693.25,7693.5,7693.0,7693.25,59
2026-09-14 22:17:00-04:00,7693.25,7693.25,7692.75,7692.75,40
2026-09-14 22:18:00-04:00,7693.0,7693.0,7692.0,7692.5,50
2026-09-14 22:19:00-04:00,7692.5,7693.0,7692.0,7692.25,84
2026-09-14 22:20:00-04:00,7692.25,7692.75,7692.25,7692.75,35
2026-09-14 22:21:00-04:00,7692.75,7692.75,7691.5,7691.5,81
2026-09-14 22:22:00-04:00,7691.5,7692.25,7691.5,7692.25,63
2026-09-14 22:23:00-04:00,7692.25,7692.25,7691.75,7691.75,42
2026-09-14 22:24:00-04:00,7692.0,7693.0,7692.0,7693.0,79
2026-09-14 22:25:00-04:00,7692.75,7693.5,7692.75,7693.25,110
2026-09-14 22:26:00-04:00,7693.25,7693.5,7692.0,7692.75,47
2026-09-14 22:27:00-04:00,7692.75,7693.25,7692.75,7692.75,28
2026-09-14 22:28:00-04:00,7692.5,7692.75,7692.25,7692.5,45
2026-09-14 22:29:00-04:00,7692.75,7692.75,7692.25,7692.25,62
2026-09-14 22:30:00-04:00,7692.5,7692.75,7691.75,7692.25,72
2026-09-14 22:31:00-04:00,7692.5,7693.5,7692.25,7692.5,101
2026-09-14 22:32:00-04:00,7692.5,7692.5,7691.75,7691.75,77
2026-09-14 22:33:00-04:00,7691.75,7692.25,7691.5,7691.75,46
2026-09-14 22:34:00-04:00,7692.0,7692.75,7692.0,7692.25,48
2026-09-14 22:35:00-04:00,7692.0,7692.75,7691.75,7692.0,94
2026-09-14 22:36:00-04:00,7692.0,7692.75,7691.5,7692.75,102
2026-09-14 22:37:00-04:00,7692.5,7692.5,7690.75,7691.0,159
2026-09-14 22:38:00-04:00,7691.0,7691.5,7690.75,7690.75,106
2026-09-14 22:39:00-04:00,7691.0,7691.5,7690.5,7691.5,110
2026-09-14 22:40:00-04:00,7691.5,7692.25,7691.25,7691.5,52
2026-09-14 22:41:00-04:00,7691.75,7691.75,7691.25,7691.25,41
2026-09-14 22:42:00-04:00,7691.25,7691.25,7690.0,7690.75,173
2026-09-14 22:43:00-04:00,7691.0,7692.0,7690.5,7691.5,120
2026-09-14 22:44:00-04:00,7691.75,7692.0,7690.75,7690.75,220
2026-09-14 22:45:00-04:00,7690.75,7691.25,7690.5,7690.75,111
2026-09-14 22:46:00-04:00,7690.25,7691.0,7690.25,7690.75,67
2026-09-14 22:47:00-04:00,7690.5,7690.75,7690.0,7690.75,49
2026-09-14 22:48:00-04:00,7690.5,7691.25,7690.5,7691.0,69
2026-09-14 22:49:00-04:00,7691.25,7692.0,7691.0,7691.75,403
2026-09-14 22:50:00-04:00,7691.5,7691.75,7690.75,7690.75,112
2026-09-14 22:51:00-04:00,7691.25,7691.25,7690.0,7690.5,190
2026-09-14 22:52:00-04:00,7690.5,7691.5,7690.5,7691.25,68
2026-09-14 22:53:00-04:00,7691.25,7691.75,7690.75,7691.75,35
2026-09-14 22:54:00-04:00,7691.75,7691.75,7690.75,7691.25,108
2026-09-14 22:55:00-04:00,7691.25,7691.75,7691.0,7691.25,47
2026-09-14 22:56:00-04:00,7691.5,7692.25,7691.25,7691.75,57
2026-09-14 22:57:00-04:00,7692.0,7692.0,7690.75,7691.0,51
2026-09-14 22:58:00-04:00,7691.25,7691.25,7690.5,7690.5,66
2026-09-14 22:59:00-04:00,7690.75,7691.0,7690.25,7690.5,157
2026-09-14 23:00:00-04:00,7690.5,7691.5,7690.0,7691.5,331
2026-09-14 23:01:00-04:00,7691.5,7691.5,7691.0,7691.0,43
2026-09-14 23:02:00-04:00,7691.25,7691.5,7690.75,7690.75,72
2026-09-14 23:03:00-04:00,7690.75,7691.25,7690.5,7690.5,57
2026-09-14 23:04:00-04:00,7690.25,7690.5,7689.25,7690.0,202
2026-09-14 23:05:00-04:00,7689.75,7690.0,7689.25,7689.5,156
2026-09-14 23:06:00-04:00,7689.5,7689.5,7688.5,7689.0,260
2026-09-14 23:07:00-04:00,7688.75,7689.25,7688.5,7688.75,170
2026-09-14 23:08:00-04:00,7688.75,7689.25,7688.25,7688.75,144
2026-09-14 23:09:00-04:00,7688.5,7689.0,7688.5,7688.5,53
2026-09-14 23:10:00-04:00,7688.25,7688.5,7688.25,7688.5,162
2026-09-14 23:11:00-04:00,7688.25,7688.5,7687.75,7688.0,211
2026-09-14 23:12:00-04:00,7688.25,7688.75,7688.0,7688.75,47
2026-09-14 23:13:00-04:00,7688.75,7689.25,7688.75,7689.25,68
2026-09-14 23:14:00-04:00,7689.0,7689.25,7688.75,7689.0,53
2026-09-14 23:15:00-04:00,7689.0,7689.25,7688.25,7688.75,87
2026-09-14 23:16:00-04:00,7689.0,7689.0,7687.75,7687.75,86
2026-09-14 23:17:00-04:00,7687.75,7688.25,7687.75,7688.0,100
2026-09-14 23:18:00-04:00,7688.0,7688.75,7688.0,7688.5,44
2026-09-14 23:19:00-04:00,7688.75,7688.75,7687.75,7687.75,79
2026-09-14 23:20:00-04:00,7688.0,7688.25,7687.75,7687.75,34
2026-09-14 23:21:00-04:00,7688.25,7688.5,7688.25,7688.5,20
2026-09-14 23:22:00-04:00,7688.25,7688.5,7688.0,7688.5,41
2026-09-14 23:23:00-04:00,7688.25,7688.25,7687.75,7688.0,59
2026-09-14 23:24:00-04:00,7688.0,7688.0,7687.75,7688.0,20
2026-09-14 23:25:00-04:00,7688.25,7688.25,7687.5,7687.75,64
2026-09-14 23:26:00-04:00,7688.0,7688.0,7687.5,7688.0,102
2026-09-14 23:27:00-04:00,7688.0,7688.25,7687.75,7688.0,151
2026-09-14 23:28:00-04:00,7688.0,7688.0,7687.75,7687.75,41
2026-09-14 23:29:00-04:00,7688.0,7688.25,7687.5,7688.0,97
2026-09-14 23:30:00-04:00,7688.0,7688.0,7687.0,7688.0,163
2026-09-14 23:31:00-04:00,7688.25,7688.25,7687.5,7687.5,61
2026-09-14 23:32:00-04:00,7687.5,7688.25,7687.5,7688.0,59
2026-09-14 23:33:00-04:00,7687.75,7688.75,7687.75,7687.75,45
2026-09-14 23:34:00-04:00,7688.0,7688.0,7687.75,7688.0,45
2026-09-14 23:35:00-04:00,7688.25,7688.75,7688.25,7688.75,51
2026-09-14 23:36:00-04:00,7688.75,7688.75,7687.75,7687.75,59
2026-09-14 23:37:00-04:00,7687.75,7688.25,7687.25,7687.5,89
2026-09-14 23:38:00-04:00,7687.5,7687.75,7687.25,7687.75,84
2026-09-14 23:39:00-04:00,7687.75,7687.75,7687.5,7687.5,47
2026-09-14 23:40:00-04:00,7687.25,7687.75,7687.25,7687.5,26
2026-09-14 23:41:00-04:00,7687.5,7687.75,7687.5,7687.75,33
2026-09-14 23:42:00-04:00,7687.5,7687.75,7687.25,7687.5,24
2026-09-14 23:43:00-04:00,7687.5,7687.75,7687.5,7687.5,16
2026-09-14 23:44:00-04:00,7687.25,7687.5,7687.25,7687.5,47
2026-09-14 23:45:00-04:00,7688.0,7688.75,7687.5,7687.5,109
2026-09-14 23:46:00-04:00,7687.25,7687.75,7686.5,7686.5,111
2026-09-14 23:47:00-04:00,7686.75,7687.25,7686.5,7686.5,213
2026-09-14 23:48:00-04:00,7686.75,7686.75,7685.75,7686.0,294
2026-09-14 23:49:00-04:00,7685.75,7686.5,7685.75,7686.25,104
2026-09-14 23:50:00-04:00,7686.5,7686.75,7685.75,7686.0,125
2026-09-14 23:51:00-04:00,7686.0,7686.25,7685.75,7685.75,160
2026-09-14 23:52:00-04:00,7686.0,7686.25,7685.75,7686.0,132
2026-09-14 23:53:00-04:00,7685.75,7686.5,7685.75,7686.0,76
2026-09-14 23:54:00-04:00,7686.0,7686.0,7683.25,7683.25,748
2026-09-14 23:55:00-04:00,7683.25,7683.5,7682.5,7682.75,242
2026-09-14 23:56:00-04:00,7683.0,7683.25,7682.0,7682.0,106
2026-09-14 23:57:00-04:00,7682.0,7682.25,7681.75,7682.25,118
2026-09-14 23:58:00-04:00,7682.0,7682.25,7681.75,7682.25,51
2026-09-15 00:09:00-04:00,7682.0,7682.0,7681.5,7682.0,34
2026-09-15 00:10:00-04:00,7682.0,7682.75,7682.0,7682.0,35
2026-09-15 00:11:00-04:00,7681.75,7681.75,7680.75,7681.0,67
2026-09-15 00:12:00-04:00,7681.0,7681.5,7680.5,7681.0,115
2026-09-15 00:13:00-04:00,7681.0,7681.25,7680.5,7680.5,41
2026-09-15 00:14:00-04:00,7680.5,7681.25,7680.25,7680.5,84
2026-09-15 00:15:00-04:00,7680.75,7681.0,7679.75,7680.75,222
2026-09-15 00:16:00-04:00,7680.5,7680.5,7680.0,7680.0,60
2026-09-15 00:17:00-04:00,7680.0,7680.75,7679.75,7680.25,76
2026-09-15 00:18:00-04:00,7680.25,7680.5,7679.75,7679.75,81
2026-09-15 00:19:00-04:00,7679.75,7680.25,7679.25,7680.0,203
2026-09-15 00:20:00-04:00,7680.0,7680.5,7679.5,7679.75,134
2026-09-15 00:21:00-04:00,7679.75,7679.75,7678.25,7678.5,160
2026-09-15 00:22:00-04:00,7678.5,7678.5,7677.25,7678.25,205
2026-09-15 00:23:00-04:00,7678.25,7678.25,7677.5,7677.5,168
2026-09-15 00:24:00-04:00,7677.25,7677.5,7676.5,7677.0,149
2026-09-15 00:25:00-04:00,7676.75,7677.25,7676.25,7676.75,131
2026-09-15 00:26:00-04:00,7676.5,7676.5,7675.75,7675.75,158
2026-09-15 00:27:00-04:00,7676.0,7676.0,7675.5,7675.5,91
2026-09-15 00:28:00-04:00,7675.5,7675.75,7675.0,7675.25,285
2026-09-15 00:29:00-04:00,7675.25,7676.0,7674.25,7675.5,370
2026-09-15 00:30:00-04:00,7675.75,7676.25,7675.5,7675.5,178
2026-09-15 00:31:00-04:00,7675.75,7677.0,7675.5,7676.25,114
2026-09-15 00:32:00-04:00,7676.75,7676.75,7675.5,7675.75,91
2026-09-15 00:33:00-04:00,7675.75,7675.75,7675.0,7675.0,81
2026-09-15 00:34:00-04:00,7675.0,7675.75,7675.0,7675.5,139
2026-09-15 00:35:00-04:00,7675.5,7675.75,7675.25,7675.5,110
2026-09-15 00:36:00-04:00,7675.0,7675.25,7673.75,7674.5,186
2026-09-15 00:37:00-04:00,7674.25,7674.5,7671.5,7672.0,459
2026-09-15 00:38:00-04:00,7672.0,7673.5,7672.0,7673.25,143
2026-09-15 00:39:00-04:00,7673.25,7674.0,7673.0,7673.5,130
2026-09-15 00:40:00-04:00,7673.5,7673.75,7673.0,7673.75,87
2026-09-15 00:41:00-04:00,7673.75,7675.75,7673.75,7675.5,430
2026-09-15 00:42:00-04:00,7675.75,7676.75,7675.5,7676.75,227
2026-09-15 00:43:00-04:00,7676.75,7677.0,7676.0,7676.25,91
2026-09-15 00:44:00-04:00,7676.25,7676.25,7675.25,7675.75,135
2026-09-15 00:45:00-04:00,7675.5,7675.75,7674.25,7675.0,117
2026-09-15 00:46:00-04:00,7674.75,7675.0,7674.5,7674.75,50
2026-09-15 00:47:00-04:00,7674.5,7675.5,7674.5,7675.25,53
2026-09-15 00:48:00-04:00,7675.5,7676.75,7675.5,7676.75,101
2026-09-15 00:49:00-04:00,7676.75,7676.75,7674.75,7675.0,234
2026-09-15 00:50:00-04:00,7674.75,7675.25,7672.5,7672.75,153
2026-09-15 00:51:00-04:00,7673.0,7673.25,7672.0,7672.0,158
2026-09-15 00:52:00-04:00,7672.25,7672.25,7671.25,7671.25,109
2026-09-15 00:53:00-04:00,7671.25,7671.75,7670.5,7671.75,161
2026-09-15 00:54:00-04:00,7672.0,7672.75,7671.75,7672.25,146
2026-09-15 00:55:00-04:00,7672.0,7672.0,7671.25,7672.0,61
2026-09-15 00:56:00-04:00,7671.5,7671.75,7670.0,7670.5,166
2026-09-15 00:57:00-04:00,7670.75,7671.25,7670.25,7670.5,74
2026-09-15 00:58:00-04:00,7670.25,7670.75,7670.0,7670.5,47
2026-09-15 00:59:00-04:00,7670.75,7670.75,7668.75,7669.0,275
2026-09-15 01:00:00-04:00,7669.0,7671.25,7668.75,7670.75,295
2026-09-15 01:01:00-04:00,7670.5,7671.0,7670.25,7670.25,79
2026-09-15 01:02:00-04:00,7670.0,7670.5,7669.0,7669.5,241
2026-09-15 01:03:00-04:00,7669.25,7669.75,7668.75,7669.25,95
2026-09-15 01:04:00-04:00,7668.75,7669.25,7668.75,7669.0,46
2026-09-15 01:05:00-04:00,7669.0,7669.75,7668.75,7669.5,65
2026-09-15 01:06:00-04:00,7669.5,7669.5,7668.5,7668.75,62
2026-09-15 01:07:00-04:00,7668.75,7669.0,7668.0,7668.0,317
2026-09-15 01:08:00-04:00,7668.0,7668.5,7666.5,7666.75,217
2026-09-15 01:09:00-04:00,7666.75,7667.75,7666.0,7666.25,314
2026-09-15 01:10:00-04:00,7666.0,7666.25,7665.5,7666.0,174
2026-09-15 01:11:00-04:00,7666.0,7666.75,7665.75,7665.75,173
2026-09-15 01:12:00-04:00,7665.5,7665.75,7664.5,7664.75,377
2026-09-15 01:13:00-04:00,7665.0,7666.5,7664.75,7665.75,183
2026-09-15 01:14:00-04:00,7665.75,7666.0,7665.25,7665.5,109
2026-09-15 01:15:00-04:00,7665.75,7665.75,7664.0,7664.25,209
2026-09-15 01:16:00-04:00,7664.25,7665.0,7663.5,7664.25,335
2026-09-15 01:17:00-04:00,7664.5,7665.0,7663.5,7663.75,158
2026-09-15 01:18:00-04:00,7664.0,7665.75,7664.0,7665.25,265
2026-09-15 01:19:00-04:00,7665.0,7665.25,7663.0,7664.25,208
2026-09-15 01:20:00-04:00,7664.0,7666.0,7664.0,7665.25,190
2026-09-15 01:21:00-04:00,7665.5,7665.5,7663.75,7664.5,88
2026-09-15 01:22:00-04:00,7664.5,7665.25,7664.0,7664.75,164
2026-09-15 01:23:00-04:00,7665.0,7665.5,7664.5,7665.5,109
2026-09-15 01:24:00-04:00,7665.0,7666.0,7664.5,7665.0,147
2026-09-15 01:25:00-04:00,7664.75,7665.25,7664.5,7664.5,96
2026-09-15 01:26:00-04:00,7665.25,7665.75,7664.5,7665.25,77
2026-09-15 01:27:00-04:00,7665.5,7667.25,7665.5,7667.25,188
2026-09-15 01:28:00-04:00,7667.25,7668.0,7666.5,7668.0,169
2026-09-15 01:29:00-04:00,7668.25,7668.75,7668.0,7668.5,156
2026-09-15 01:30:00-04:00,7668.25,7668.5,7667.25,7668.25,224
2026-09-15 01:31:00-04:00,7668.25,7668.25,7667.0,7668.0,93
2026-09-15 01:32:00-04:00,7668.0,7668.5,7668.0,7668.25,65
2026-09-15 01:33:00-04:00,7668.5,7670.0,7668.0,7669.0,368
2026-09-15 01:34:00-04:00,7669.25,7669.25,7668.0,7669.25,124
2026-09-15 01:35:00-04:00,7669.25,7669.5,7667.0,7668.0,152
2026-09-15 01:36:00-04:00,7667.75,7668.25,7667.0,7668.0,88
2026-09-15 01:37:00-04:00,7668.0,7668.5,7667.0,7667.0,96
2026-09-15 01:38:00-04:00,7667.0,7667.25,7666.0,7666.0,147
2026-09-15 01:39:00-04:00,7666.25,7668.75,7666.0,7668.25,218
2026-09-15 01:40:00-04:00,7668.75,7671.5,7668.5,7671.0,509
2026-09-15 01:41:00-04:00,7671.25,7673.0,7671.0,7672.5,236
2026-09-15 01:42:00-04:00,7672.75,7673.25,7672.5,7673.0,193
2026-09-15 01:43:00-04:00,7672.75,7673.0,7672.25,7673.0,135
2026-09-15 01:44:00-04:00,7673.0,7675.0,7673.0,7674.5,422
2026-09-15 01:45:00-04:00,7674.5,7675.75,7674.5,7675.0,262
2026-09-15 01:46:00-04:00,7675.0,7675.0,7673.0,7674.0,258
2026-09-15 01:47:00-04:00,7674.0,7674.5,7673.75,7674.0,103
2026-09-15 01:48:00-04:00,7674.25,7675.75,7674.25,7675.75,159
2026-09-15 01:49:00-04:00,7675.75,7677.0,7674.5,7674.5,323
2026-09-15 01:50:00-04:00,7674.75,7676.0,7674.0,7676.0,158
2026-09-15 01:51:00-04:00,7675.75,7677.75,7675.75,7676.75,345
2026-09-15 01:52:00-04:00,7677.0,7679.25,7676.75,7679.25,431
2026-09-15 01:53:00-04:00,7679.0,7679.25,7677.75,7677.75,227
2026-09-15 01:54:00-04:00,7677.75,7679.25,7677.75,7679.25,135
2026-09-15 01:55:00-04:00,7679.0,7679.0,7677.0,7677.0,146
2026-09-15 01:56:00-04:00,7677.25,7677.25,7674.5,7675.25,154
2026-09-15 01:57:00-04:00,7675.25,7676.0,7675.25,7675.5,67
2026-09-15 01:58:00-04:00,7675.25,7675.25,7674.75,7674.75,80
2026-09-15 01:59:00-04:00,7674.75,7675.0,7674.5,7674.75,101
2026-09-15 02:00:00-04:00,7675.0,7677.0,7674.75,7676.0,221
2026-09-15 02:01:00-04:00,7676.0,7677.25,7675.75,7676.5,190
2026-09-15 02:02:00-04:00,7676.25,7677.5,7676.25,7677.0,265
2026-09-15 02:03:00-04:00,7677.25,7677.75,7675.75,7677.5,166
2026-09-15 02:04:00-04:00,7677.25,7677.75,7676.5,7676.75,153
2026-09-15 02:05:00-04:00,7676.5,7677.0,7675.0,7675.0,150
2026-09-15 02:06:00-04:00,7675.0,7675.5,7673.5,7673.75,313
2026-09-15 02:07:00-04:00,7673.75,7676.0,7673.75,7675.75,154
2026-09-15 02:08:00-04:00,7675.75,7675.75,7674.75,7675.0,72
2026-09-15 02:09:00-04:00,7675.25,7675.75,7674.25,7674.5,190
2026-09-15 02:10:00-04:00,7674.5,7675.0,7673.75,7673.75,68
2026-09-15 02:11:00-04:00,7673.75,7674.0,7673.0,7673.25,181
2026-09-15 02:12:00-04:00,7673.5,7674.25,7673.25,7673.75,116
2026-09-15 02:13:00-04:00,7674.0,7675.75,7674.0,7675.25,144
2026-09-15 02:14:00-04:00,7675.25,7675.75,7674.5,7675.0,71
2026-09-15 02:15:00-04:00,7674.5,7675.0,7673.5,7674.25,181
2026-09-15 02:16:00-04:00,7674.25,7674.5,7673.5,7674.25,74
2026-09-15 02:17:00-04:00,7674.0,7675.5,7674.0,7675.25,96
2026-09-15 02:18:00-04:00,7675.0,7675.0,7674.25,7675.0,72
2026-09-15 02:19:00-04:00,7674.75,7675.25,7674.5,7675.0,87
2026-09-15 02:20:00-04:00,7674.75,7675.0,7674.0,7674.25,93
2026-09-15 02:21:00-04:00,7674.5,7675.0,7673.75,7674.25,113
2026-09-15 02:22:00-04:00,7674.25,7674.75,7673.5,7673.75,62
2026-09-15 02:23:00-04:00,7674.0,7675.5,7673.75,7675.0,95
2026-09-15 02:24:00-04:00,7674.75,7675.0,7673.0,7673.0,91
2026-09-15 02:25:00-04:00,7673.25,7673.5,7672.5,7673.0,129
2026-09-15 02:26:00-04:00,7673.0,7673.25,7672.25,7672.5,134
2026-09-15 02:27:00-04:00,7672.75,7672.75,7672.0,7672.25,178
2026-09-15 02:28:00-04:00,7672.0,7673.0,7672.0,7672.75,88
2026-09-15 02:29:00-04:00,7673.0,7673.0,7671.5,7672.0,113
2026-09-15 02:30:00-04:00,7672.0,7672.25,7670.5,7670.75,559
2026-09-15 02:31:00-04:00,7670.75,7671.0,7669.5,7670.75,448
2026-09-15 02:32:00-04:00,7671.0,7671.5,7670.5,7670.5,204
2026-09-15 02:33:00-04:00,7670.5,7670.75,7669.5,7669.5,93
2026-09-15 02:34:00-04:00,7669.5,7669.75,7669.25,7669.25,130
2026-09-15 02:35:00-04:00,7669.75,7671.75,7669.25,7669.25,273
2026-09-15 02:36:00-04:00,7669.25,7669.25,7668.0,7669.0,290
2026-09-15 02:37:00-04:00,7668.75,7669.25,7668.25,7668.25,92
2026-09-15 02:38:00-04:00,7668.5,7669.5,7668.25,7669.25,118
2026-09-15 02:39:00-04:00,7669.5,7669.5,7668.25,7669.25,76
2026-09-15 02:40:00-04:00,7669.25,7670.0,7669.25,7669.5,193
2026-09-15 02:41:00-04:00,7669.5,7670.5,7669.25,7670.5,134
2026-09-15 02:42:00-04:00,7670.5,7671.0,7669.5,7670.25,142
2026-09-15 02:43:00-04:00,7670.5,7670.5,7668.25,7668.25,227
2026-09-15 02:44:00-04:00,7668.25,7668.5,7667.5,7668.0,258
2026-09-15 02:45:00-04:00,7668.0,7670.0,7667.25,7669.0,134
2026-09-15 02:46:00-04:00,7669.25,7669.5,7669.25,7669.5,54
2026-09-15 02:47:00-04:00,7669.25,7670.0,7668.75,7668.75,118
2026-09-15 02:48:00-04:00,7668.75,7669.25,7668.75,7668.75,68
2026-09-15 02:49:00-04:00,7669.0,7669.5,7667.75,7668.25,128
2026-09-15 02:50:00-04:00,7668.25,7668.5,7667.5,7668.0,101
2026-09-15 02:51:00-04:00,7668.0,7668.25,7667.5,7668.0,81
2026-09-15 02:52:00-04:00,7668.25,7668.5,7666.5,7666.75,216
2026-09-15 02:53:00-04:00,7666.5,7667.0,7666.0,7666.25,128
2026-09-15 02:54:00-04:00,7666.25,7667.25,7666.0,7666.75,96
2026-09-15 02:55:00-04:00,7666.25,7666.5,7665.5,7666.0,209
2026-09-15 02:56:00-04:00,7666.0,7667.25,7665.0,7667.0,210
2026-09-15 02:57:00-04:00,7667.0,7668.5,7667.0,7668.25,286
2026-09-15 02:58:00-04:00,7668.25,7668.75,7667.75,7668.0,77
2026-09-15 02:59:00-04:00,7668.0,7668.5,7667.5,7667.5,200
2026-09-15 03:00:00-04:00,7667.5,7668.25,7664.75,7668.25,717
2026-09-15 03:01:00-04:00,7667.75,7667.75,7664.75,7665.0,318
2026-09-15 03:02:00-04:00,7665.0,7665.75,7664.25,7664.75,335
2026-09-15 03:03:00-04:00,7664.75,7668.0,7664.5,7667.25,466
2026-09-15 03:04:00-04:00,7667.5,7670.0,7667.0,7668.0,375
2026-09-15 03:05:00-04:00,7668.0,7669.25,7665.75,7666.25,421
2026-09-15 03:06:00-04:00,7666.0,7667.0,7665.25,7666.25,248
2026-09-15 03:07:00-04:00,7666.25,7666.75,7664.0,7665.25,290
2026-09-15 03:08:00-04:00,7665.5,7666.5,7665.25,7665.25,286
2026-09-15 03:09:00-04:00,7665.25,7666.25,7664.25,7666.25,179
2026-09-15 03:10:00-04:00,7666.5,7667.25,7664.75,7664.75,325
2026-09-15 03:11:00-04:00,7664.75,7665.0,7662.75,7663.0,407
2026-09-15 03:12:00-04:00,7663.0,7663.75,7660.5,7662.5,1155
2026-09-15 03:13:00-04:00,7662.5,7664.25,7661.75,7662.0,401
2026-09-15 03:14:00-04:00,7662.25,7662.25,7660.0,7660.75,506
2026-09-15 03:15:00-04:00,7660.75,7662.25,7660.5,7661.5,271
2026-09-15 03:16:00-04:00,7661.5,7663.5,7661.25,7662.5,387
2026-09-15 03:17:00-04:00,7662.25,7662.75,7661.0,7661.25,272
2026-09-15 03:18:00-04:00,7661.5,7662.5,7660.75,7662.0,140
2026-09-15 03:19:00-04:00,7662.25,7664.25,7661.75,7664.25,156
2026-09-15 03:20:00-04:00,7664.0,7666.0,7664.0,7665.75,463
2026-09-15 03:21:00-04:00,7665.5,7665.75,7664.5,7664.5,217
2026-09-15 03:22:00-04:00,7664.75,7665.5,7663.25,7664.25,238
2026-09-15 03:23:00-04:00,7664.0,7667.5,7663.75,7667.25,256
2026-09-15 03:24:00-04:00,7667.0,7668.25,7665.5,7668.25,263
2026-09-15 03:25:00-04:00,7668.25,7669.0,7666.25,7666.25,330
2026-09-15 03:26:00-04:00,7666.5,7667.25,7665.0,7665.25,220
2026-09-15 03:27:00-04:00,7664.75,7665.75,7663.5,7664.0,217
2026-09-15 03:28:00-04:00,7664.25,7664.25,7662.75,7663.75,216
2026-09-15 03:29:00-04:00,7663.75,7665.25,7663.5,7665.25,130
2026-09-15 03:30:00-04:00,7665.25,7666.0,7664.0,7664.25,169
2026-09-15 03:31:00-04:00,7664.5,7666.25,7664.0,7666.25,169
2026-09-15 03:32:00-04:00,7666.5,7666.75,7665.0,7665.75,244
2026-09-15 03:33:00-04:00,7665.75,7665.75,7665.0,7665.25,157
2026-09-15 03:34:00-04:00,7665.5,7665.5,7664.5,7665.0,164
2026-09-15 03:35:00-04:00,7664.75,7665.25,7663.0,7664.0,268
2026-09-15 03:36:00-04:00,7664.0,7664.0,7661.5,7662.0,264
2026-09-15 03:37:00-04:00,7662.0,7662.25,7661.5,7661.75,144
2026-09-15 03:38:00-04:00,7662.0,7662.75,7660.75,7660.75,200
2026-09-15 03:39:00-04:00,7661.0,7662.0,7660.0,7660.75,204
2026-09-15 03:40:00-04:00,7660.75,7661.25,7659.0,7660.25,434
2026-09-15 03:41:00-04:00,7660.5,7660.5,7656.75,7657.0,867
2026-09-15 03:42:00-04:00,7657.25,7658.25,7656.25,7657.75,434
2026-09-15 03:43:00-04:00,7658.0,7659.25,7657.5,7657.5,640
2026-09-15 03:44:00-04:00,7657.75,7658.0,7656.25,7656.5,219
2026-09-15 03:45:00-04:00,7656.5,7657.75,7656.0,7656.75,343
2026-09-15 03:46:00-04:00,7656.75,7658.0,7656.75,7657.5,264
2026-09-15 03:47:00-04:00,7657.75,7659.75,7656.25,7657.0,1376
2026-09-15 03:48:00-04:00,7656.75,7658.25,7656.5,7658.25,119
2026-09-15 03:49:00-04:00,7658.25,7658.25,7656.5,7657.75,266
2026-09-15 03:50:00-04:00,7658.25,7659.0,7657.75,7658.25,252
2026-09-15 03:51:00-04:00,7658.25,7658.25,7655.5,7655.5,345
2026-09-15 03:52:00-04:00,7655.5,7655.75,7653.5,7655.0,679
2026-09-15 03:53:00-04:00,7655.0,7656.75,7654.5,7656.75,236
2026-09-15 03:54:00-04:00,7656.5,7657.5,7656.0,7656.25,287
2026-09-15 03:55:00-04:00,7656.0,7656.0,7654.5,7655.0,335
2026-09-15 03:56:00-04:00,7654.75,7656.25,7654.75,7656.25,216
2026-09-15 03:57:00-04:00,7656.5,7659.0,7656.5,7657.75,423
2026-09-15 03:58:00-04:00,7658.0,7658.25,7656.25,7657.5,709
2026-09-15 03:59:00-04:00,7657.25,7659.0,7657.25,7658.5,303
2026-09-15 04:00:00-04:00,7658.75,7658.75,7654.25,7654.25,497
2026-09-15 04:01:00-04:00,7654.0,7655.0,7653.0,7654.75,682
2026-09-15 04:02:00-04:00,7654.75,7655.75,7653.25,7653.5,296
2026-09-15 04:03:00-04:00,7653.75,7655.25,7653.0,7654.25,239
2026-09-15 04:04:00-04:00,7654.25,7655.25,7653.5,7653.75,609
2026-09-15 04:05:00-04:00,7654.0,7654.25,7653.25,7654.0,276
2026-09-15 04:06:00-04:00,7653.75,7654.75,7653.5,7654.5,213
2026-09-15 04:07:00-04:00,7654.25,7654.5,7651.0,7651.0,670
2026-09-15 04:08:00-04:00,7651.0,7651.25,7648.0,7648.0,1126
2026-09-15 04:09:00-04:00,7648.0,7649.5,7647.25,7647.25,360
2026-09-15 04:10:00-04:00,7647.0,7647.0,7645.25,7645.5,482
2026-09-15 04:11:00-04:00,7645.5,7649.25,7644.75,7649.25,499
2026-09-15 04:12:00-04:00,7649.25,7650.0,7648.25,7649.25,375
2026-09-15 04:13:00-04:00,7649.0,7652.0,7649.0,7651.25,408
2026-09-15 04:14:00-04:00,7651.25,7653.75,7650.5,7653.0,839
2026-09-15 04:15:00-04:00,7653.25,7656.0,7653.0,7655.5,518
2026-09-15 04:16:00-04:00,7655.75,7656.0,7652.75,7654.25,322
2026-09-15 04:17:00-04:00,7654.5,7655.5,7654.25,7655.0,136
2026-09-15 04:18:00-04:00,7654.75,7657.25,7654.5,7657.0,312
2026-09-15 04:19:00-04:00,7657.0,7658.5,7656.5,7658.5,309
2026-09-15 04:20:00-04:00,7658.25,7660.0,7658.25,7658.25,310
2026-09-15 04:21:00-04:00,7658.75,7659.0,7657.5,7658.25,286
2026-09-15 04:22:00-04:00,7658.0,7659.0,7657.25,7658.25,348
2026-09-15 04:23:00-04:00,7658.5,7658.75,7657.0,7657.0,169
2026-09-15 04:24:00-04:00,7657.0,7657.0,7655.0,7655.25,414
2026-09-15 04:25:00-04:00,7655.5,7656.0,7654.75,7655.5,192
2026-09-15 04:26:00-04:00,7655.5,7656.25,7655.25,7655.25,226
2026-09-15 04:27:00-04:00,7655.5,7657.25,7653.5,7653.75,514
2026-09-15 04:28:00-04:00,7653.5,7656.5,7651.75,7653.5,1382
2026-09-15 04:29:00-04:00,7653.25,7655.0,7650.75,7654.0,732
2026-09-15 04:30:00-04:00,7654.0,7655.0,7652.5,7654.0,335
2026-09-15 04:31:00-04:00,7654.0,7654.75,7653.25,7653.75,180
2026-09-15 04:32:00-04:00,7653.75,7654.25,7652.75,7653.25,98
2026-09-15 04:33:00-04:00,7653.0,7654.0,7651.5,7652.75,614
2026-09-15 04:34:00-04:00,7652.75,7653.5,7652.25,7652.25,346
2026-09-15 04:35:00-04:00,7652.25,7653.5,7650.75,7652.75,396
2026-09-15 04:36:00-04:00,7652.5,7654.0,7651.25,7651.5,233
2026-09-15 04:37:00-04:00,7652.25,7652.5,7651.25,7652.25,159
2026-09-15 04:38:00-04:00,7652.5,7655.0,7651.0,7651.5,661
2026-09-15 04:39:00-04:00,7651.75,7653.0,7651.0,7652.5,164
2026-09-15 04:40:00-04:00,7652.75,7652.75,7651.0,7652.0,72
2026-09-15 04:41:00-04:00,7651.75,7652.25,7651.0,7651.75,56
2026-09-15 04:42:00-04:00,7651.75,7652.25,7650.75,7652.25,305
2026-09-15 04:43:00-04:00,7652.25,7652.5,7650.25,7652.25,243
2026-09-15 04:44:00-04:00,7652.25,7652.5,7649.5,7650.25,175
2026-09-15 04:45:00-04:00,7650.25,7650.75,7649.5,7649.5,167
2026-09-15 04:46:00-04:00,7649.5,7650.75,7649.25,7649.75,203
2026-09-15 04:47:00-04:00,7649.5,7650.5,7649.0,7650.0,64
2026-09-15 04:48:00-04:00,7650.25,7650.5,7649.5,7650.25,234
2026-09-15 04:49:00-04:00,7650.25,7650.75,7650.0,7650.25,73
2026-09-15 04:50:00-04:00,7650.25,7651.5,7650.0,7650.5,208
2026-09-15 04:51:00-04:00,7650.5,7650.75,7650.0,7650.75,118
2026-09-15 04:52:00-04:00,7650.75,7651.75,7650.25,7650.75,72
2026-09-15 04:53:00-04:00,7650.75,7652.25,7650.5,7650.5,120
2026-09-15 04:54:00-04:00,7650.75,7651.5,7650.5,7651.25,55
2026-09-15 04:55:00-04:00,7651.25,7651.5,7650.0,7650.5,151
2026-09-15 04:56:00-04:00,7650.75,7651.5,7650.75,7651.25,47
2026-09-15 04:57:00-04:00,7651.25,7654.0,7650.25,7651.5,742
2026-09-15 04:58:00-04:00,7651.25,7651.75,7650.75,7650.75,124
2026-09-15 04:59:00-04:00,7650.75,7652.5,7650.75,7651.0,154
2026-09-15 05:00:00-04:00,7651.0,7651.5,7649.5,7649.5,218
2026-09-15 05:01:00-04:00,7649.75,7651.0,7649.75,7650.5,88
2026-09-15 05:02:00-04:00,7650.25,7650.5,7648.5,7648.5,237
2026-09-15 05:03:00-04:00,7648.5,7651.0,7648.0,7650.0,219
2026-09-15 05:04:00-04:00,7650.0,7651.0,7649.5,7650.75,356
2026-09-15 05:05:00-04:00,7650.5,7653.0,7650.0,7653.0,312
2026-09-15 05:06:00-04:00,7652.75,7653.0,7651.25,7651.25,195
2026-09-15 05:07:00-04:00,7651.0,7651.75,7649.5,7649.5,173
2026-09-15 05:08:00-04:00,7650.0,7650.75,7649.0,7650.5,171
2026-09-15 05:09:00-04:00,7650.25,7650.75,7649.5,7649.5,97
2026-09-15 05:10:00-04:00,7649.25,7649.75,7648.5,7648.5,139
2026-09-15 05:11:00-04:00,7648.75,7651.75,7648.75,7651.75,140
2026-09-15 05:12:00-04:00,7651.75,7651.75,7649.25,7649.5,201
2026-09-15 05:13:00-04:00,7649.25,7649.75,7648.5,7648.75,229
2026-09-15 05:14:00-04:00,7648.75,7651.25,7648.5,7650.25,434
2026-09-15 05:15:00-04:00,7650.0,7650.25,7648.25,7650.25,119
2026-09-15 05:16:00-04:00,7649.75,7651.0,7648.75,7649.0,138
2026-09-15 05:17:00-04:00,7649.25,7649.25,7647.0,7647.25,367
2026-09-15 05:18:00-04:00,7647.0,7647.5,7645.75,7646.5,484
2026-09-15 05:19:00-04:00,7646.5,7647.5,7646.25,7647.0,285
2026-09-15 05:20:00-04:00,7647.0,7648.25,7646.75,7648.0,105
2026-09-15 05:21:00-04:00,7647.5,7647.75,7647.0,7647.25,79
2026-09-15 05:22:00-04:00,7647.0,7649.5,7646.5,7648.75,194
2026-09-15 05:23:00-04:00,7648.75,7652.25,7646.5,7648.5,1123
2026-09-15 05:24:00-04:00,7648.5,7649.0,7647.0,7647.25,256
2026-09-15 05:25:00-04:00,7647.75,7649.25,7647.0,7647.75,92
2026-09-15 05:26:00-04:00,7648.0,7649.75,7647.75,7649.0,146
2026-09-15 05:27:00-04:00,7648.5,7651.25,7648.5,7650.25,115
2026-09-15 05:28:00-04:00,7650.5,7652.25,7650.25,7651.5,277
2026-09-15 05:29:00-04:00,7651.75,7652.0,7651.25,7651.75,367
2026-09-15 05:30:00-04:00,7652.0,7653.0,7651.25,7651.75,247
2026-09-15 05:31:00-04:00,7651.75,7653.25,7651.75,7652.0,252
2026-09-15 05:32:00-04:00,7652.25,7653.25,7651.0,7652.5,217
2026-09-15 05:33:00-04:00,7652.25,7652.25,7650.75,7651.75,133
2026-09-15 05:34:00-04:00,7652.0,7654.5,7651.25,7654.25,237
2026-09-15 05:35:00-04:00,7654.0,7656.0,7653.75,7656.0,530
2026-09-15 05:36:00-04:00,7655.75,7657.0,7655.75,7656.75,376
2026-09-15 05:37:00-04:00,7656.75,7658.0,7656.75,7657.75,339
2026-09-15 05:38:00-04:00,7657.75,7658.5,7657.25,7658.0,316
2026-09-15 05:39:00-04:00,7657.75,7659.0,7657.75,7658.25,111
2026-09-15 05:40:00-04:00,7658.25,7658.75,7657.5,7657.5,129
2026-09-15 05:41:00-04:00,7657.5,7658.0,7656.75,7658.0,166
2026-09-15 05:42:00-04:00,7658.0,7659.0,7657.5,7658.5,212
2026-09-15 05:43:00-04:00,7658.5,7658.75,7658.0,7658.0,148
2026-09-15 05:44:00-04:00,7658.0,7658.0,7657.0,7657.5,121
2026-09-15 05:45:00-04:00,7657.75,7658.5,7657.5,7657.75,102
2026-09-15 05:46:00-04:00,7658.0,7660.0,7658.0,7659.75,251
2026-09-15 05:47:00-04:00,7659.75,7661.5,7659.75,7661.25,415
2026-09-15 05:48:00-04:00,7661.25,7663.75,7661.25,7663.5,434
2026-09-15 05:49:00-04:00,7663.75,7664.25,7663.0,7663.25,234
2026-09-15 05:50:00-04:00,7663.0,7664.5,7663.0,7664.25,169
2026-09-15 05:51:00-04:00,7664.25,7664.75,7663.75,7664.75,199
2026-09-15 05:52:00-04:00,7664.75,7666.5,7663.0,7664.0,616
2026-09-15 05:53:00-04:00,7664.0,7664.0,7663.0,7663.75,215
2026-09-15 05:54:00-04:00,7663.75,7665.75,7663.5,7665.75,130
2026-09-15 05:55:00-04:00,7665.75,7666.5,7665.25,7666.25,149
2026-09-15 05:56:00-04:00,7666.0,7666.0,7665.5,7665.75,100
2026-09-15 05:57:00-04:00,7665.75,7666.0,7664.75,7665.0,105
2026-09-15 05:58:00-04:00,7665.0,7665.0,7663.75,7664.25,111
2026-09-15 05:59:00-04:00,7664.25,7666.25,7664.0,7666.25,122
2026-09-15 06:00:00-04:00,7666.25,7667.5,7665.25,7667.5,438
2026-09-15 06:01:00-04:00,7667.5,7667.5,7666.0,7666.25,73
2026-09-15 06:02:00-04:00,7666.5,7667.75,7666.5,7666.75,146
2026-09-15 06:03:00-04:00,7666.75,7667.5,7666.25,7667.25,87
2026-09-15 06:04:00-04:00,7667.0,7667.25,7665.0,7665.5,433
2026-09-15 06:05:00-04:00,7665.25,7666.25,7664.75,7665.5,238
2026-09-15 06:06:00-04:00,7665.75,7665.75,7665.25,7665.5,97
2026-09-15 06:07:00-04:00,7666.0,7666.75,7665.5,7665.75,127
2026-09-15 06:08:00-04:00,7665.75,7667.25,7665.75,7666.75,95
2026-09-15 06:09:00-04:00,7666.75,7667.25,7666.25,7666.75,179
2026-09-15 06:10:00-04:00,7666.75,7668.25,7666.5,7667.75,144
2026-09-15 06:11:00-04:00,7667.75,7671.75,7667.75,7668.25,1099
2026-09-15 06:12:00-04:00,7668.5,7669.0,7666.75,7666.75,249
2026-09-15 06:13:00-04:00,7667.0,7667.5,7667.0,7667.25,95
2026-09-15 06:14:00-04:00,7667.0,7668.0,7667.0,7667.75,137
2026-09-15 06:15:00-04:00,7667.5,7667.5,7665.75,7666.75,247
2026-09-15 06:16:00-04:00,7666.75,7666.75,7665.0,7665.5,163
2026-09-15 06:17:00-04:00,7665.5,7666.25,7665.25,7666.0,166
2026-09-15 06:18:00-04:00,7666.0,7666.5,7665.0,7666.0,211
2026-09-15 06:19:00-04:00,7666.25,7666.25,7665.75,7666.0,88
2026-09-15 06:20:00-04:00,7666.25,7668.0,7666.0,7667.75,167
2026-09-15 06:21:00-04:00,7668.0,7668.0,7666.5,7666.75,179
2026-09-15 06:22:00-04:00,7666.75,7667.0,7666.0,7666.75,86
2026-09-15 06:23:00-04:00,7667.25,7668.75,7667.0,7668.0,143
2026-09-15 06:24:00-04:00,7668.0,7669.0,7668.0,7669.0,155
2026-09-15 06:25:00-04:00,7668.75,7669.0,7667.75,7668.25,121
2026-09-15 06:26:00-04:00,7668.5,7668.75,7667.75,7668.0,185
2026-09-15 06:27:00-04:00,7668.0,7668.25,7667.75,7667.75,65
2026-09-15 06:28:00-04:00,7667.75,7668.0,7667.25,7668.0,959
2026-09-15 06:29:00-04:00,7667.75,7668.5,7667.75,7668.25,72
2026-09-15 06:30:00-04:00,7668.25,7668.5,7667.5,7668.0,100
2026-09-15 06:31:00-04:00,7668.0,7668.0,7666.75,7667.5,84
2026-09-15 06:32:00-04:00,7667.75,7669.0,7667.75,7668.5,165
2026-09-15 06:33:00-04:00,7668.75,7669.75,7668.25,7669.5,248
2026-09-15 06:34:00-04:00,7669.75,7670.0,7668.75,7669.5,166
2026-09-15 06:35:00-04:00,7669.25,7670.0,7669.25,7670.0,207
2026-09-15 06:36:00-04:00,7670.0,7670.75,7670.0,7670.0,126
2026-09-15 06:37:00-04:00,7670.0,7670.5,7668.75,7670.0,168
2026-09-15 06:38:00-04:00,7670.25,7670.5,7670.0,7670.0,138
2026-09-15 06:39:00-04:00,7670.0,7671.5,7669.0,7671.25,162
2026-09-15 06:40:00-04:00,7671.0,7671.75,7670.75,7671.75,115
2026-09-15 06:41:00-04:00,7671.5,7671.5,7670.5,7670.75,115
2026-09-15 06:42:00-04:00,7671.0,7674.0,7670.75,7672.25,784
2026-09-15 06:43:00-04:00,7672.25,7672.5,7671.0,7671.75,494
2026-09-15 06:44:00-04:00,7671.5,7672.75,7671.25,7672.0,111
2026-09-15 06:45:00-04:00,7672.0,7672.25,7671.75,7671.75,108
2026-09-15 06:46:00-04:00,7671.75,7671.75,7671.25,7671.5,76
2026-09-15 06:47:00-04:00,7671.75,7671.75,7670.25,7670.5,161
2026-09-15 06:48:00-04:00,7670.75,7671.75,7670.5,7671.25,69
2026-09-15 06:49:00-04:00,7671.75,7673.75,7671.25,7673.0,145
2026-09-15 06:50:00-04:00,7673.0,7673.75,7672.75,7673.25,156
2026-09-15 06:51:00-04:00,7673.0,7674.5,7673.0,7674.5,204
2026-09-15 06:52:00-04:00,7674.5,7675.25,7674.25,7675.25,219
2026-09-15 06:53:00-04:00,7675.0,7675.75,7674.5,7675.5,133
2026-09-15 06:54:00-04:00,7675.75,7676.5,7675.25,7676.0,564
2026-09-15 06:55:00-04:00,7676.0,7678.5,7675.75,7678.0,511
2026-09-15 06:56:00-04:00,7677.75,7677.75,7676.0,7676.25,284
2026-09-15 06:57:00-04:00,7676.5,7676.5,7675.5,7675.75,177
2026-09-15 06:58:00-04:00,7676.25,7676.5,7675.75,7676.25,136
2026-09-15 06:59:00-04:00,7676.25,7676.5,7675.25,7675.75,210
2026-09-15 07:00:00-04:00,7676.0,7678.0,7675.25,7677.25,322
2026-09-15 07:01:00-04:00,7677.25,7677.75,7676.5,7677.75,164
2026-09-15 07:02:00-04:00,7677.75,7678.5,7677.25,7677.5,179
2026-09-15 07:03:00-04:00,7677.25,7677.25,7676.0,7676.25,181
2026-09-15 07:04:00-04:00,7676.25,7677.25,7676.25,7677.25,211
2026-09-15 07:05:00-04:00,7677.25,7677.25,7675.25,7676.5,198
2026-09-15 07:06:00-04:00,7676.5,7677.25,7675.75,7676.0,227
2026-09-15 07:07:00-04:00,7676.0,7677.75,7675.75,7677.5,121
2026-09-15 07:08:00-04:00,7677.5,7678.0,7677.0,7677.75,429
2026-09-15 07:09:00-04:00,7677.5,7680.25,7677.25,7679.5,581
2026-09-15 07:10:00-04:00,7679.75,7680.5,7679.0,7680.25,529
2026-09-15 07:11:00-04:00,7680.0,7680.5,7679.25,7679.25,304
2026-09-15 07:12:00-04:00,7679.0,7679.5,7678.25,7678.5,273
2026-09-15 07:13:00-04:00,7678.5,7679.0,7678.5,7679.0,148
2026-09-15 07:14:00-04:00,7679.0,7679.0,7678.25,7678.75,174
2026-09-15 07:15:00-04:00,7678.75,7679.25,7677.75,7678.25,152
2026-09-15 07:16:00-04:00,7678.25,7679.25,7678.0,7678.5,117
2026-09-15 07:17:00-04:00,7678.75,7679.75,7678.5,7679.5,102
2026-09-15 07:18:00-04:00,7679.5,7680.75,7679.5,7680.75,220
2026-09-15 07:19:00-04:00,7680.75,7681.5,7680.0,7680.0,412
2026-09-15 07:20:00-04:00,7680.25,7680.25,7679.25,7680.0,176
2026-09-15 07:21:00-04:00,7680.0,7681.0,7679.5,7679.5,135
2026-09-15 07:22:00-04:00,7679.25,7681.0,7678.75,7680.5,246
2026-09-15 07:23:00-04:00,7680.5,7680.75,7679.25,7679.5,374
2026-09-15 07:24:00-04:00,7679.5,7679.75,7678.5,7678.75,156
2026-09-15 07:25:00-04:00,7679.0,7679.5,7678.25,7678.5,145
2026-09-15 07:26:00-04:00,7678.25,7679.0,7677.75,7678.0,128
2026-09-15 07:27:00-04:00,7678.0,7678.25,7677.25,7678.0,570
2026-09-15 07:28:00-04:00,7678.0,7679.25,7677.5,7679.0,221
2026-09-15 07:29:00-04:00,7678.75,7678.75,7677.5,7678.25,67
2026-09-15 07:30:00-04:00,7678.0,7678.0,7677.0,7677.25,145
2026-09-15 07:31:00-04:00,7677.0,7677.5,7676.5,7676.75,172
2026-09-15 07:32:00-04:00,7676.75,7677.0,7675.5,7676.5,293
2026-09-15 07:33:00-04:00,7676.5,7676.75,7676.0,7676.5,145
2026-09-15 07:34:00-04:00,7676.25,7678.75,7676.25,7678.75,221
2026-09-15 07:35:00-04:00,7678.5,7680.0,7678.5,7679.0,370
2026-09-15 07:36:00-04:00,7678.75,7679.5,7678.25,7679.25,119
2026-09-15 07:37:00-04:00,7679.25,7679.25,7678.0,7679.25,216
2026-09-15 07:38:00-04:00,7679.0,7679.5,7678.0,7678.25,332
2026-09-15 07:39:00-04:00,7678.25,7678.25,7677.0,7677.25,220
2026-09-15 07:40:00-04:00,7677.25,7678.75,7676.75,7677.5,329
2026-09-15 07:41:00-04:00,7677.5,7677.75,7676.75,7677.0,220
2026-09-15 07:42:00-04:00,7677.25,7677.75,7677.0,7677.5,86
2026-09-15 07:43:00-04:00,7677.75,7678.75,7677.5,7678.75,116
2026-09-15 07:44:00-04:00,7678.5,7679.0,7678.25,7678.25,252
2026-09-15 07:45:00-04:00,7678.0,7679.0,7677.5,7679.0,136
2026-09-15 07:46:00-04:00,7678.75,7679.0,7678.25,7678.25,147
2026-09-15 07:47:00-04:00,7678.25,7679.75,7677.5,7678.5,290
2026-09-15 07:48:00-04:00,7678.25,7679.0,7677.75,7678.75,125
2026-09-15 07:49:00-04:00,7678.75,7678.75,7677.75,7678.0,115
2026-09-15 07:50:00-04:00,7678.0,7680.75,7678.0,7680.5,406
2026-09-15 07:51:00-04:00,7680.5,7681.25,7680.25,7680.75,243
2026-09-15 07:52:00-04:00,7680.5,7680.75,7679.25,7679.5,241
2026-09-15 07:53:00-04:00,7679.5,7680.0,7678.5,7678.5,351
2026-09-15 07:54:00-04:00,7678.5,7679.0,7677.75,7678.5,160
2026-09-15 07:55:00-04:00,7678.5,7678.75,7678.0,7678.25,131
2026-09-15 07:56:00-04:00,7678.25,7680.25,7678.25,7679.75,126
2026-09-15 07:57:00-04:00,7679.75,7681.5,7679.75,7681.25,299
2026-09-15 07:58:00-04:00,7681.25,7681.5,7680.5,7680.5,171
2026-09-15 07:59:00-04:00,7680.5,7682.25,7680.5,7682.0,450
2026-09-15 08:00:00-04:00,7681.75,7682.75,7681.0,7682.75,550
2026-09-15 08:01:00-04:00,7682.75,7683.25,7681.75,7682.75,459
2026-09-15 08:02:00-04:00,7682.5,7682.5,7680.25,7680.25,350
2026-09-15 08:03:00-04:00,7680.25,7680.5,7679.25,7680.5,313
2026-09-15 08:04:00-04:00,7680.25,7682.0,7679.75,7682.0,234
2026-09-15 08:05:00-04:00,7681.75,7682.0,7680.25,7680.25,311
2026-09-15 08:06:00-04:00,7680.5,7681.5,7680.25,7681.0,190
2026-09-15 08:07:00-04:00,7680.75,7681.75,7680.5,7681.75,206
2026-09-15 08:08:00-04:00,7681.5,7682.0,7680.75,7680.75,205
2026-09-15 08:09:00-04:00,7680.75,7680.75,7679.5,7680.75,169
2026-09-15 08:10:00-04:00,7681.0,7682.25,7680.5,7681.5,208
2026-09-15 08:11:00-04:00,7682.25,7684.25,7681.75,7684.25,819
2026-09-15 08:12:00-04:00,7684.0,7684.5,7683.25,7683.25,200
2026-09-15 08:13:00-04:00,7683.5,7683.5,7682.5,7682.75,161
2026-09-15 08:14:00-04:00,7682.75,7684.25,7682.5,7684.0,123
2026-09-15 08:15:00-04:00,7683.75,7684.0,7682.5,7682.5,230
2026-09-15 08:16:00-04:00,7682.5,7682.75,7681.75,7682.75,179
2026-09-15 08:17:00-04:00,7682.5,7684.0,7682.25,7683.75,226
2026-09-15 08:18:00-04:00,7684.0,7685.0,7682.25,7682.75,606
2026-09-15 08:19:00-04:00,7682.5,7683.75,7681.75,7683.5,329
2026-09-15 08:20:00-04:00,7683.5,7684.0,7681.25,7681.75,453
2026-09-15 08:21:00-04:00,7681.75,7683.0,7681.75,7682.25,124
2026-09-15 08:22:00-04:00,7682.25,7682.5,7681.75,7681.75,225
2026-09-15 08:23:00-04:00,7681.75,7681.75,7679.0,7679.75,776
2026-09-15 08:24:00-04:00,7679.5,7680.0,7678.5,7679.5,432
2026-09-15 08:25:00-04:00,7679.25,7681.25,7679.25,7680.75,281
2026-09-15 08:26:00-04:00,7680.75,7681.75,7680.25,7681.75,187
2026-09-15 08:27:00-04:00,7681.75,7683.75,7681.5,7683.25,399
2026-09-15 08:28:00-04:00,7683.25,7683.5,7682.0,7682.0,175
2026-09-15 08:29:00-04:00,7682.25,7683.25,7681.75,7683.0,162
2026-09-15 08:30:00-04:00,7683.0,7683.5,7681.5,7681.75,511
2026-09-15 08:31:00-04:00,7682.25,7682.75,7681.25,7681.25,321
2026-09-15 08:32:00-04:00,7681.5,7681.5,7679.75,7680.5,375
2026-09-15 08:33:00-04:00,7680.5,7680.5,7679.75,7680.5,164
2026-09-15 08:34:00-04:00,7680.75,7685.75,7680.75,7685.75,877
2026-09-15 08:35:00-04:00,7685.75,7686.25,7684.0,7685.0,640
2026-09-15 08:36:00-04:00,7685.0,7686.25,7684.0,7684.5,539
2026-09-15 08:37:00-04:00,7684.25,7685.75,7684.25,7684.75,263
2026-09-15 08:38:00-04:00,7684.75,7686.25,7684.75,7685.0,264
2026-09-15 08:39:00-04:00,7685.25,7686.0,7684.75,7685.25,249
2026-09-15 08:40:00-04:00,7685.25,7685.5,7684.25,7685.25,192
2026-09-15 08:41:00-04:00,7685.25,7685.25,7683.25,7683.25,372
2026-09-15 08:42:00-04:00,7683.25,7683.25,7681.75,7681.75,460
2026-09-15 08:43:00-04:00,7682.0,7684.0,7681.75,7684.0,401
2026-09-15 08:44:00-04:00,7683.75,7685.0,7683.25,7684.25,622
2026-09-15 08:45:00-04:00,7684.25,7686.5,7683.25,7685.75,1404
2026-09-15 08:46:00-04:00,7685.75,7688.5,7685.5,7687.75,1376
2026-09-15 08:47:00-04:00,7687.5,7689.25,7686.5,7688.25,1750
2026-09-15 08:48:00-04:00,7688.25,7695.0,7687.0,7694.5,3362
2026-09-15 08:49:00-04:00,7694.5,7694.5,7692.25,7692.5,1892
2026-09-15 08:50:00-04:00,7692.25,7693.25,7691.0,7692.5,1271
2026-09-15 08:51:00-04:00,7692.25,7693.75,7690.75,7692.5,1170
2026-09-15 08:52:00-04:00,7692.5,7693.0,7691.5,7692.25,439
2026-09-15 08:53:00-04:00,7692.25,7695.25,7692.0,7694.75,865
2026-09-15 08:54:00-04:00,7694.75,7696.25,7694.0,7695.75,1342
2026-09-15 08:55:00-04:00,7696.0,7697.5,7690.25,7692.75,4854
2026-09-15 08:56:00-04:00,7693.0,7693.5,7691.0,7691.25,2348
2026-09-15 08:57:00-04:00,7691.0,7691.0,7689.75,7690.5,1041
2026-09-15 08:58:00-04:00,7690.75,7690.75,7688.75,7688.75,810
2026-09-15 08:59:00-04:00,7689.0,7689.75,7688.75,7689.25,592
2026-09-15 09:00:00-04:00,7689.25,7690.25,7688.0,7689.0,1441
2026-09-15 09:01:00-04:00,7689.25,7689.75,7688.25,7688.25,909
2026-09-15 09:02:00-04:00,7688.25,7689.25,7688.25,7688.75,631
2026-09-15 09:03:00-04:00,7689.0,7690.25,7688.0,7690.0,562
2026-09-15 09:04:00-04:00,7690.25,7692.25,7690.0,7692.25,746
2026-09-15 09:05:00-04:00,7692.0,7692.5,7691.0,7691.25,569
2026-09-15 09:06:00-04:00,7691.25,7691.5,7690.5,7691.25,864
2026-09-15 09:07:00-04:00,7691.5,7691.5,7690.25,7691.25,850
2026-09-15 09:08:00-04:00,7691.25,7691.75,7690.5,7691.5,532
2026-09-15 09:09:00-04:00,7691.5,7691.75,7689.25,7689.75,591
2026-09-15 09:10:00-04:00,7690.0,7691.0,7689.5,7690.75,979
2026-09-15 09:11:00-04:00,7691.0,7691.0,7689.5,7690.0,419
2026-09-15 09:12:00-04:00,7690.0,7690.0,7689.0,7689.25,527
2026-09-15 09:13:00-04:00,7689.25,7690.0,7689.0,7689.0,305
2026-09-15 09:14:00-04:00,7689.0,7689.0,7688.0,7688.75,432
2026-09-15 09:15:00-04:00,7688.5,7689.25,7688.0,7688.5,432
2026-09-15 09:16:00-04:00,7688.5,7692.25,7688.0,7689.75,1667
2026-09-15 09:17:00-04:00,7690.0,7691.0,7689.5,7690.75,353
2026-09-15 09:18:00-04:00,7690.5,7690.75,7688.0,7688.25,576
2026-09-15 09:19:00-04:00,7688.25,7689.25,7687.75,7689.25,479
2026-09-15 09:20:00-04:00,7689.0,7690.0,7688.5,7688.5,265
2026-09-15 09:21:00-04:00,7688.5,7690.25,7687.75,7690.25,1075
2026-09-15 09:22:00-04:00,7690.0,7690.0,7687.5,7688.5,1328
2026-09-15 09:23:00-04:00,7688.25,7691.0,7688.25,7690.25,1138
2026-09-15 09:24:00-04:00,7690.0,7691.0,7689.25,7690.25,535
2026-09-15 09:25:00-04:00,7690.25,7693.0,7689.75,7692.0,1527
2026-09-15 09:26:00-04:00,7691.75,7691.75,7689.5,7690.25,1760
2026-09-15 09:27:00-04:00,7690.25,7690.25,7688.5,7689.25,1041
2026-09-15 09:28:00-04:00,7689.0,7689.0,7686.5,7686.75,1654
2026-09-15 09:29:00-04:00,7686.5,7686.5,7684.25,7684.25,1660
2026-09-15 09:30:00-04:00,7684.25,7687.0,7680.75,7682.25,11036
2026-09-15 09:31:00-04:00,7682.0,7683.25,7674.0,7674.75,8032
2026-09-15 09:32:00-04:00,7674.5,7676.25,7672.5,7675.0,5235
2026-09-15 09:33:00-04:00,7674.75,7676.75,7671.0,7671.25,4736
2026-09-15 09:34:00-04:00,7671.25,7673.0,7670.25,7672.0,5032
2026-09-15 09:35:00-04:00,7672.0,7677.5,7671.75,7677.0,5722
2026-09-15 09:36:00-04:00,7676.75,7679.75,7676.25,7678.25,4500
2026-09-15 09:37:00-04:00,7678.5,7680.0,7677.25,7677.5,2896
2026-09-15 09:38:00-04:00,7677.5,7681.75,7677.5,7681.0,2823
2026-09-15 09:39:00-04:00,7681.25,7681.75,7678.75,7681.25,2086
2026-09-15 09:40:00-04:00,7681.0,7681.75,7678.0,7680.75,3009
2026-09-15 09:41:00-04:00,7681.0,7681.5,7678.0,7679.5,2133
2026-09-15 09:42:00-04:00,7679.5,7680.0,7677.25,7677.75,2190
2026-09-15 09:43:00-04:00,7677.75,7680.0,7677.0,7679.5,1831
2026-09-15 09:44:00-04:00,7679.75,7683.25,7679.25,7682.25,3359
2026-09-15 09:45:00-04:00,7682.5,7684.75,7680.5,7680.5,4561
2026-09-15 09:46:00-04:00,7680.75,7681.5,7679.5,7680.5,2056
2026-09-15 09:47:00-04:00,7680.75,7681.0,7677.25,7678.25,2380
2026-09-15 09:48:00-04:00,7678.25,7678.5,7676.0,7676.25,1968
2026-09-15 09:49:00-04:00,7676.25,7676.75,7675.0,7676.5,2602
2026-09-15 09:50:00-04:00,7676.5,7677.75,7675.0,7675.5,1891
2026-09-15 09:51:00-04:00,7675.5,7678.25,7674.5,7677.75,2362
2026-09-15 09:52:00-04:00,7677.5,7680.5,7677.0,7680.0,2639
2026-09-15 09:53:00-04:00,7679.75,7680.75,7677.75,7680.25,1957
2026-09-15 09:54:00-04:00,7680.25,7680.5,7677.5,7679.75,1740
2026-09-15 09:55:00-04:00,7679.5,7679.75,7678.0,7678.75,1381
2026-09-15 09:56:00-04:00,7678.75,7679.0,7677.0,7677.5,1978
2026-09-15 09:57:00-04:00,7677.75,7679.0,7677.25,7678.5,1351
2026-09-15 09:58:00-04:00,7678.25,7679.0,7676.75,7678.25,1297
2026-09-15 09:59:00-04:00,7678.5,7678.75,7676.25,7678.25,1308
2026-09-15 10:00:00-04:00,7678.25,7678.5,7674.75,7675.0,2451
2026-09-15 10:01:00-04:00,7675.0,7675.25,7673.25,7674.75,2226
2026-09-15 10:02:00-04:00,7674.5,7674.75,7673.0,7673.5,1779
2026-09-15 10:03:00-04:00,7673.75,7674.0,7672.0,7672.0,1788
2026-09-15 10:04:00-04:00,7672.25,7674.0,7671.0,7671.0,2989
2026-09-15 10:05:00-04:00,7671.0,7674.0,7671.0,7671.75,3194
2026-09-15 10:06:00-04:00,7672.0,7673.0,7669.25,7669.5,3028
2026-09-15 10:07:00-04:00,7669.75,7670.75,7668.0,7670.0,3748
2026-09-15 10:08:00-04:00,7670.25,7670.5,7667.75,7668.25,2003
2026-09-15 10:09:00-04:00,7668.25,7668.75,7667.5,7668.0,1766
2026-09-15 10:10:00-04:00,7667.75,7668.0,7665.25,7665.5,3419
2026-09-15 10:11:00-04:00,7665.75,7665.75,7663.0,7664.25,3787
2026-09-15 10:12:00-04:00,7664.5,7664.75,7662.75,7664.0,2652
2026-09-15 10:13:00-04:00,7664.0,7665.0,7661.75,7662.0,3366
2026-09-15 10:14:00-04:00,7661.75,7663.5,7661.5,7662.25,3286
2026-09-15 10:15:00-04:00,7662.25,7664.0,7661.75,7663.5,3282
2026-09-15 10:16:00-04:00,7663.25,7664.75,7661.75,7662.5,3775
2026-09-15 10:17:00-04:00,7662.25,7665.25,7661.75,7665.25,2478
2026-09-15 10:18:00-04:00,7665.0,7667.25,7663.75,7665.0,4551
2026-09-15 10:19:00-04:00,7665.25,7666.25,7664.0,7664.75,1825
2026-09-15 10:20:00-04:00,7665.0,7666.25,7664.0,7666.0,1731
2026-09-15 10:21:00-04:00,7665.5,7665.75,7658.5,7658.75,4364
2026-09-15 10:22:00-04:00,7659.0,7659.25,7656.5,7656.75,5277
2026-09-15 10:23:00-04:00,7656.75,7657.0,7654.0,7654.25,3849
2026-09-15 10:24:00-04:00,7654.0,7659.25,7654.0,7659.0,4130
2026-09-15 10:25:00-04:00,7659.0,7659.75,7657.25,7658.0,2582
2026-09-15 10:26:00-04:00,7658.0,7658.75,7657.0,7658.25,2602
2026-09-15 10:27:00-04:00,7658.25,7659.25,7657.0,7657.5,1694
2026-09-15 10:28:00-04:00,7657.75,7659.75,7657.25,7659.0,1213
2026-09-15 10:29:00-04:00,7659.0,7659.25,7656.75,7657.0,2503
2026-09-15 10:30:00-04:00,7657.25,7658.75,7654.25,7654.5,3530
2026-09-15 10:31:00-04:00,7654.5,7658.5,7654.25,7658.0,2773
2026-09-15 10:32:00-04:00,7658.25,7658.25,7654.75,7655.5,1792
2026-09-15 10:33:00-04:00,7655.75,7658.5,7654.75,7656.25,3348
2026-09-15 10:34:00-04:00,7655.75,7656.25,7653.0,7656.0,3996
2026-09-15 10:35:00-04:00,7655.75,7658.5,7655.25,7656.75,3344
2026-09-15 10:36:00-04:00,7656.5,7657.75,7655.25,7657.75,1369
2026-09-15 10:37:00-04:00,7657.5,7658.25,7654.0,7655.0,2219
2026-09-15 10:38:00-04:00,7654.75,7654.75,7653.0,7653.75,1922
2026-09-15 10:39:00-04:00,7653.5,7655.0,7652.5,7653.5,2503
2026-09-15 10:40:00-04:00,7653.5,7653.75,7650.75,7652.0,3244
2026-09-15 10:41:00-04:00,7651.75,7653.25,7651.75,7652.75,2102
2026-09-15 10:42:00-04:00,7652.5,7654.0,7652.25,7653.0,1402
2026-09-15 10:43:00-04:00,7653.0,7654.75,7652.0,7652.5,1644
2026-09-15 10:44:00-04:00,7652.25,7654.25,7652.25,7654.25,1093
2026-09-15 10:45:00-04:00,7654.0,7656.0,7654.0,7655.0,2468
2026-09-15 10:46:00-04:00,7654.75,7655.5,7653.75,7654.25,1783
2026-09-15 10:47:00-04:00,7654.25,7655.0,7653.0,7655.0,1604
2026-09-15 10:48:00-04:00,7655.0,7655.0,7652.5,7652.75,1337
2026-09-15 10:49:00-04:00,7652.75,7653.25,7651.25,7651.5,1703
2026-09-15 10:50:00-04:00,7651.25,7651.25,7648.5,7649.0,4033
2026-09-15 10:51:00-04:00,7649.0,7652.25,7645.0,7645.0,13290
2026-09-15 10:52:00-04:00,7645.0,7647.0,7644.5,7646.75,3872
2026-09-15 10:53:00-04:00,7646.5,7646.75,7643.5,7645.5,3056
2026-09-15 10:54:00-04:00,7645.5,7648.0,7645.25,7647.75,3111
2026-09-15 10:55:00-04:00,7647.75,7648.25,7646.0,7646.75,2342
2026-09-15 10:56:00-04:00,7646.5,7648.0,7645.5,7647.75,1723
2026-09-15 10:57:00-04:00,7648.0,7650.75,7647.5,7650.75,2288
2026-09-15 10:58:00-04:00,7650.5,7650.75,7646.75,7649.25,6004
2026-09-15 10:59:00-04:00,7649.5,7649.75,7646.25,7646.25,1957
2026-09-15 11:00:00-04:00,7646.5,7651.25,7646.25,7650.0,3396
2026-09-15 11:01:00-04:00,7650.0,7651.75,7647.5,7651.75,3660
2026-09-15 11:02:00-04:00,7651.75,7651.75,7647.75,7648.75,2410
2026-09-15 11:03:00-04:00,7649.0,7653.0,7648.25,7652.75,2143
2026-09-15 11:04:00-04:00,7652.5,7654.0,7652.5,7654.0,1932
2026-09-15 11:05:00-04:00,7654.0,7655.0,7652.5,7653.25,2972
2026-09-15 11:06:00-04:00,7653.0,7654.25,7652.25,7653.5,1431
2026-09-15 11:07:00-04:00,7653.25,7653.75,7651.5,7652.5,1966
2026-09-15 11:08:00-04:00,7652.5,7652.5,7650.0,7650.25,1708
2026-09-15 11:09:00-04:00,7650.5,7651.75,7650.0,7650.75,1509
2026-09-15 11:10:00-04:00,7650.75,7652.0,7649.75,7649.75,1659
2026-09-15 11:11:00-04:00,7650.0,7652.0,7649.0,7651.75,2111
2026-09-15 11:12:00-04:00,7651.5,7652.25,7650.0,7650.5,2539
2026-09-15 11:13:00-04:00,7650.5,7652.0,7649.5,7650.0,1242
2026-09-15 11:14:00-04:00,7650.0,7652.75,7649.75,7651.75,1378
2026-09-15 11:15:00-04:00,7651.5,7652.25,7650.25,7651.25,1183
2026-09-15 11:16:00-04:00,7651.25,7653.25,7649.75,7653.0,1335
2026-09-15 11:17:00-04:00,7653.0,7654.5,7652.5,7654.25,1324
2026-09-15 11:18:00-04:00,7654.25,7655.75,7653.75,7655.25,1741
2026-09-15 11:19:00-04:00,7655.25,7655.5,7653.75,7654.5,1406
2026-09-15 11:20:00-04:00,7654.5,7655.25,7653.25,7653.75,1477
2026-09-15 11:21:00-04:00,7654.0,7654.0,7651.5,7652.5,1627
2026-09-15 11:22:00-04:00,7652.75,7655.25,7651.75,7652.5,1460
2026-09-15 11:23:00-04:00,7652.5,7656.75,7652.5,7656.25,2219
2026-09-15 11:24:00-04:00,7656.25,7657.25,7655.25,7656.75,1227
2026-09-15 11:25:00-04:00,7656.75,7657.25,7655.5,7655.5,1765
2026-09-15 11:26:00-04:00,7655.75,7656.5,7653.75,7656.5,1325
2026-09-15 11:27:00-04:00,7656.25,7657.0,7655.0,7656.75,606
2026-09-15 11:28:00-04:00,7656.75,7656.75,7655.25,7656.25,898
2026-09-15 11:29:00-04:00,7656.25,7657.0,7655.0,7657.0,1055
2026-09-15 11:30:00-04:00,7657.0,7658.0,7655.0,7655.25,1957
2026-09-15 11:31:00-04:00,7655.25,7656.0,7653.75,7654.5,1646
2026-09-15 11:32:00-04:00,7654.5,7654.5,7651.25,7652.75,2739
2026-09-15 11:33:00-04:00,7652.75,7654.75,7651.75,7652.25,2630
2026-09-15 11:34:00-04:00,7652.25,7655.5,7651.5,7655.25,2629
2026-09-15 11:35:00-04:00,7655.5,7656.0,7653.5,7654.5,1632
2026-09-15 11:36:00-04:00,7654.5,7657.25,7654.25,7656.75,1413
2026-09-15 11:37:00-04:00,7656.75,7657.0,7653.5,7654.5,1100
2026-09-15 11:38:00-04:00,7654.75,7656.75,7654.25,7656.75,815
2026-09-15 11:39:00-04:00,7656.25,7656.75,7655.0,7655.0,521
2026-09-15 11:40:00-04:00,7655.0,7658.0,7655.0,7658.0,1233
2026-09-15 11:41:00-04:00,7658.0,7659.0,7656.25,7657.75,2790
2026-09-15 11:42:00-04:00,7657.75,7659.5,7657.5,7659.25,1170
2026-09-15 11:43:00-04:00,7659.25,7659.75,7658.0,7659.5,1327
2026-09-15 11:44:00-04:00,7659.5,7659.5,7656.75,7657.5,1247
2026-09-15 11:45:00-04:00,7657.25,7657.75,7655.75,7657.0,1223
2026-09-15 11:46:00-04:00,7657.0,7657.25,7655.25,7656.5,1231
2026-09-15 11:47:00-04:00,7656.5,7657.0,7654.5,7654.5,950
2026-09-15 11:48:00-04:00,7654.75,7655.75,7654.5,7655.0,903
2026-09-15 11:49:00-04:00,7655.0,7655.25,7651.0,7652.0,2360
2026-09-15 11:50:00-04:00,7651.75,7657.5,7651.5,7655.0,10406
2026-09-15 11:51:00-04:00,7654.75,7655.25,7653.0,7653.25,1162
2026-09-15 11:52:00-04:00,7653.5,7654.25,7652.75,7653.25,753
2026-09-15 11:53:00-04:00,7653.25,7654.25,7652.75,7653.5,976
2026-09-15 11:54:00-04:00,7653.75,7653.75,7652.25,7652.75,818
2026-09-15 11:55:00-04:00,7653.0,7657.75,7651.5,7657.25,5054
2026-09-15 11:56:00-04:00,7657.25,7657.25,7653.0,7654.25,1856
2026-09-15 11:57:00-04:00,7654.25,7655.25,7654.0,7654.75,854
2026-09-15 11:58:00-04:00,7654.75,7655.25,7652.5,7652.75,896
2026-09-15 11:59:00-04:00,7653.0,7654.25,7652.75,7653.0,772
2026-09-15 12:00:00-04:00,7653.0,7654.25,7651.75,7653.25,1033
2026-09-15 12:01:00-04:00,7653.25,7655.0,7653.0,7654.25,906
2026-09-15 12:02:00-04:00,7654.25,7654.75,7653.25,7654.25,1173
2026-09-15 12:03:00-04:00,7654.0,7654.5,7653.25,7654.25,463
2026-09-15 12:04:00-04:00,7654.25,7655.25,7653.75,7655.25,646
2026-09-15 12:05:00-04:00,7655.0,7655.0,7652.75,7653.75,633
2026-09-15 12:06:00-04:00,7653.75,7654.25,7652.5,7652.5,776
2026-09-15 12:07:00-04:00,7652.5,7652.5,7650.0,7651.0,1770
2026-09-15 12:08:00-04:00,7651.0,7651.25,7649.5,7650.0,1160
2026-09-15 12:09:00-04:00,7649.75,7650.5,7647.75,7649.25,2067
2026-09-15 12:10:00-04:00,7649.25,7650.0,7649.0,7649.5,895
2026-09-15 12:11:00-04:00,7649.25,7650.25,7648.5,7650.25,836
2026-09-15 12:12:00-04:00,7650.0,7650.25,7649.0,7649.5,862
2026-09-15 12:13:00-04:00,7649.25,7650.5,7648.5,7650.0,802
2026-09-15 12:14:00-04:00,7650.0,7650.25,7649.0,7649.75,550
2026-09-15 12:15:00-04:00,7649.5,7650.5,7648.75,7649.75,1077
2026-09-15 12:16:00-04:00,7649.5,7650.25,7649.25,7649.5,650
2026-09-15 12:17:00-04:00,7649.75,7651.5,7649.75,7651.25,1036
2026-09-15 12:18:00-04:00,7651.25,7652.0,7650.5,7651.75,888
2026-09-15 12:19:00-04:00,7651.75,7653.0,7651.25,7653.0,943
2026-09-15 12:20:00-04:00,7652.75,7653.75,7652.75,7653.0,1051
2026-09-15 12:21:00-04:00,7652.75,7654.75,7652.75,7654.0,1057
2026-09-15 12:22:00-04:00,7654.25,7656.25,7654.25,7655.75,1495
2026-09-15 12:23:00-04:00,7655.5,7658.25,7655.5,7657.75,3315
2026-09-15 12:24:00-04:00,7657.5,7659.0,7657.5,7658.75,1241
2026-09-15 12:25:00-04:00,7658.75,7659.5,7658.0,7658.25,1001
2026-09-15 12:26:00-04:00,7658.5,7659.5,7658.0,7659.0,1397
2026-09-15 12:27:00-04:00,7659.0,7660.25,7658.5,7659.5,1562
2026-09-15 12:28:00-04:00,7659.5,7661.0,7659.25,7660.25,1401
2026-09-15 12:29:00-04:00,7660.25,7660.25,7657.0,7657.75,1749
2026-09-15 12:30:00-04:00,7657.75,7658.0,7655.0,7656.25,2325
2026-09-15 12:31:00-04:00,7656.0,7658.0,7655.5,7658.0,2021
2026-09-15 12:32:00-04:00,7658.0,7660.25,7657.25,7659.75,1563
2026-09-15 12:33:00-04:00,7660.0,7660.0,7658.75,7659.0,824
2026-09-15 12:34:00-04:00,7659.0,7659.75,7658.0,7658.5,1027
2026-09-15 12:35:00-04:00,7658.5,7659.0,7657.0,7657.75,821
2026-09-15 12:36:00-04:00,7657.75,7659.0,7657.5,7658.75,649
2026-09-15 12:37:00-04:00,7659.0,7659.5,7658.5,7658.5,567
2026-09-15 12:38:00-04:00,7658.5,7658.75,7657.5,7657.5,612
2026-09-15 12:39:00-04:00,7657.5,7657.75,7656.5,7657.25,968
2026-09-15 12:40:00-04:00,7657.25,7658.0,7656.75,7657.25,717
2026-09-15 12:41:00-04:00,7657.0,7658.5,7656.5,7658.25,672
2026-09-15 12:42:00-04:00,7658.25,7658.75,7657.75,7657.75,350
2026-09-15 12:43:00-04:00,7658.0,7658.25,7657.25,7658.25,391
2026-09-15 12:44:00-04:00,7658.0,7658.5,7657.25,7658.25,465
2026-09-15 12:45:00-04:00,7658.25,7659.5,7657.75,7658.25,1037
2026-09-15 12:46:00-04:00,7658.25,7659.25,7658.0,7658.75,491
2026-09-15 12:47:00-04:00,7658.75,7659.0,7657.25,7657.75,688
2026-09-15 12:48:00-04:00,7657.5,7657.75,7655.25,7655.5,1170
2026-09-15 12:49:00-04:00,7655.25,7656.75,7655.25,7656.5,777
2026-09-15 12:50:00-04:00,7656.5,7657.25,7656.25,7656.75,738
2026-09-15 12:51:00-04:00,7656.75,7658.25,7656.75,7657.0,911
2026-09-15 12:52:00-04:00,7657.25,7660.75,7657.25,7660.25,1544
2026-09-15 12:53:00-04:00,7660.5,7661.75,7660.25,7661.25,1214
2026-09-15 12:54:00-04:00,7661.5,7662.25,7661.25,7662.0,1323
2026-09-15 12:55:00-04:00,7662.0,7662.75,7661.25,7662.0,1219
2026-09-15 12:56:00-04:00,7661.75,7662.0,7659.0,7659.25,1787
2026-09-15 12:57:00-04:00,7659.0,7659.75,7658.5,7658.75,871
2026-09-15 12:58:00-04:00,7658.5,7659.25,7657.75,7659.25,795
2026-09-15 12:59:00-04:00,7659.25,7659.5,7657.5,7659.5,664
2026-09-15 13:00:00-04:00,7659.25,7659.75,7658.5,7658.75,938
2026-09-15 13:01:00-04:00,7659.0,7660.5,7658.75,7660.25,596
2026-09-15 13:02:00-04:00,7660.0,7660.25,7654.75,7655.75,3453
2026-09-15 13:03:00-04:00,7656.0,7656.25,7654.25,7655.0,1110
2026-09-15 13:04:00-04:00,7655.0,7655.75,7653.25,7653.5,1257
2026-09-15 13:05:00-04:00,7653.5,7654.25,7652.75,7653.0,1334
2026-09-15 13:06:00-04:00,7652.75,7654.0,7652.25,7653.5,1398
2026-09-15 13:07:00-04:00,7653.5,7656.25,7653.5,7655.0,1410
2026-09-15 13:08:00-04:00,7655.25,7655.5,7654.0,7654.75,837
2026-09-15 13:09:00-04:00,7654.5,7655.25,7654.0,7654.0,908
2026-09-15 13:10:00-04:00,7654.0,7656.75,7654.0,7656.25,1228
2026-09-15 13:11:00-04:00,7656.5,7657.5,7656.5,7656.5,910
2026-09-15 13:12:00-04:00,7656.5,7656.5,7654.0,7654.0,1014
2026-09-15 13:13:00-04:00,7654.25,7655.5,7654.0,7655.0,691
2026-09-15 13:14:00-04:00,7654.75,7655.25,7652.75,7653.0,671
2026-09-15 13:15:00-04:00,7652.75,7653.25,7652.0,7652.25,831
2026-09-15 13:16:00-04:00,7652.25,7652.75,7651.75,7652.75,640
2026-09-15 13:17:00-04:00,7652.5,7652.75,7650.5,7651.0,1271
2026-09-15 13:18:00-04:00,7651.25,7651.5,7650.75,7650.75,589
2026-09-15 13:19:00-04:00,7651.0,7652.25,7650.5,7652.25,927
2026-09-15 13:20:00-04:00,7652.25,7652.75,7651.5,7652.5,1017
2026-09-15 13:21:00-04:00,7652.5,7652.5,7651.25,7651.5,747
2026-09-15 13:22:00-04:00,7651.5,7651.5,7649.0,7650.0,1556
2026-09-15 13:23:00-04:00,7649.75,7650.25,7649.25,7650.0,672
2026-09-15 13:24:00-04:00,7650.0,7650.0,7648.25,7648.75,855
2026-09-15 13:25:00-04:00,7648.5,7650.25,7647.75,7649.5,1981
2026-09-15 13:26:00-04:00,7649.5,7650.75,7649.25,7650.25,1038
2026-09-15 13:27:00-04:00,7650.25,7651.25,7649.75,7650.25,652
2026-09-15 13:28:00-04:00,7650.5,7651.0,7648.5,7649.75,944
2026-09-15 13:29:00-04:00,7649.75,7651.0,7649.0,7651.0,790
2026-09-15 13:30:00-04:00,7651.0,7652.0,7650.25,7650.5,1560
2026-09-15 13:31:00-04:00,7650.5,7653.0,7650.5,7652.5,2138
2026-09-15 13:32:00-04:00,7652.5,7654.0,7652.5,7653.75,1052
2026-09-15 13:33:00-04:00,7653.5,7653.75,7652.5,7653.5,1132
2026-09-15 13:34:00-04:00,7653.5,7653.75,7652.0,7652.0,780
2026-09-15 13:35:00-04:00,7652.25,7653.75,7651.5,7653.5,1135
2026-09-15 13:36:00-04:00,7653.25,7653.25,7651.75,7652.5,648
2026-09-15 13:37:00-04:00,7652.5,7653.5,7651.5,7653.5,670
2026-09-15 13:38:00-04:00,7653.5,7653.5,7652.0,7652.75,601
2026-09-15 13:39:00-04:00,7652.75,7653.5,7652.0,7653.25,582
2026-09-15 13:40:00-04:00,7653.5,7654.75,7652.5,7654.25,1327
2026-09-15 13:41:00-04:00,7654.25,7654.25,7652.75,7653.25,711
2026-09-15 13:42:00-04:00,7653.25,7653.25,7651.25,7651.75,863
2026-09-15 13:43:00-04:00,7651.75,7653.5,7651.0,7653.5,977
2026-09-15 13:44:00-04:00,7653.25,7654.25,7653.25,7653.5,587
2026-09-15 13:45:00-04:00,7653.5,7654.5,7653.5,7654.5,541
2026-09-15 13:46:00-04:00,7654.5,7654.75,7653.0,7653.0,573
2026-09-15 13:47:00-04:00,7653.25,7653.75,7652.75,7652.75,545
2026-09-15 13:48:00-04:00,7653.0,7653.0,7652.0,7652.25,639
2026-09-15 13:49:00-04:00,7652.25,7652.5,7651.25,7651.75,642
2026-09-15 13:50:00-04:00,7651.75,7652.75,7651.75,7652.75,489
2026-09-15 13:51:00-04:00,7652.75,7653.75,7652.5,7653.25,428
2026-09-15 13:52:00-04:00,7653.25,7654.25,7652.75,7653.75,513
2026-09-15 13:53:00-04:00,7653.75,7654.5,7653.0,7654.5,870
2026-09-15 13:54:00-04:00,7654.5,7655.25,7653.25,7655.0,1024
2026-09-15 13:55:00-04:00,7654.75,7655.0,7653.75,7655.0,679
2026-09-15 13:56:00-04:00,7655.0,7656.25,7654.75,7656.25,1310
2026-09-15 13:57:00-04:00,7656.0,7656.25,7655.25,7656.0,562
2026-09-15 13:58:00-04:00,7655.75,7656.0,7655.0,7655.5,449
2026-09-15 13:59:00-04:00,7655.5,7656.0,7654.75,7655.5,540
2026-09-15 14:00:00-04:00,7655.5,7656.5,7653.5,7654.25,1203
2026-09-15 14:01:00-04:00,7654.0,7656.25,7653.75,7656.25,686
2026-09-15 14:02:00-04:00,7656.0,7657.5,7655.5,7657.0,1069
2026-09-15 14:03:00-04:00,7657.25,7657.5,7656.25,7657.5,528
2026-09-15 14:04:00-04:00,7657.5,7657.75,7656.75,7657.75,549
2026-09-15 14:05:00-04:00,7657.5,7657.5,7656.5,7657.0,748
2026-09-15 14:06:00-04:00,7657.0,7658.5,7657.0,7658.0,767
2026-09-15 14:07:00-04:00,7658.0,7658.25,7657.5,7658.25,493
2026-09-15 14:08:00-04:00,7658.0,7658.25,7657.5,7658.0,420
2026-09-15 14:09:00-04:00,7657.75,7659.0,7657.75,7659.0,799
2026-09-15 14:10:00-04:00,7659.25,7659.5,7658.0,7658.0,780
2026-09-15 14:11:00-04:00,7658.25,7660.5,7658.25,7659.75,1016
2026-09-15 14:12:00-04:00,7660.0,7660.5,7659.75,7660.25,869
2026-09-15 14:13:00-04:00,7660.25,7662.0,7660.0,7661.0,1442
2026-09-15 14:14:00-04:00,7661.25,7661.25,7659.75,7660.25,1079
2026-09-15 14:15:00-04:00,7660.25,7661.0,7658.75,7659.25,1559
2026-09-15 14:16:00-04:00,7659.25,7659.25,7657.5,7657.75,1781
2026-09-15 14:17:00-04:00,7658.0,7658.0,7657.0,7657.5,1093
2026-09-15 14:18:00-04:00,7657.75,7658.25,7657.25,7657.75,650
2026-09-15 14:19:00-04:00,7657.75,7658.25,7657.0,7657.5,563
2026-09-15 14:20:00-04:00,7657.5,7658.75,7657.5,7658.0,1105
2026-09-15 14:21:00-04:00,7658.0,7658.5,7657.75,7658.0,451
2026-09-15 14:22:00-04:00,7657.75,7658.0,7657.5,7657.5,449
2026-09-15 14:23:00-04:00,7657.25,7657.25,7656.25,7656.5,912
2026-09-15 14:24:00-04:00,7656.5,7657.0,7656.25,7657.0,572
2026-09-15 14:25:00-04:00,7657.0,7657.75,7656.25,7657.75,830
2026-09-15 14:26:00-04:00,7657.75,7657.75,7656.25,7657.25,819
2026-09-15 14:27:00-04:00,7657.0,7657.0,7655.75,7656.5,623
2026-09-15 14:28:00-04:00,7656.5,7659.0,7656.5,7659.0,1367
2026-09-15 14:29:00-04:00,7659.0,7659.25,7658.25,7659.0,803
2026-09-15 14:30:00-04:00,7659.0,7659.0,7656.25,7656.5,1111
2026-09-15 14:31:00-04:00,7656.75,7657.0,7655.0,7655.5,1070
2026-09-15 14:32:00-04:00,7655.75,7656.0,7654.0,7654.0,1157
2026-09-15 14:33:00-04:00,7653.75,7654.75,7653.5,7654.25,1122
2026-09-15 14:34:00-04:00,7654.25,7654.5,7653.75,7654.25,674
2026-09-15 14:35:00-04:00,7654.25,7655.5,7654.25,7655.0,907
2026-09-15 14:36:00-04:00,7654.75,7655.0,7654.0,7655.0,548
2026-09-15 14:37:00-04:00,7654.75,7655.0,7653.75,7654.5,497
2026-09-15 14:38:00-04:00,7654.5,7655.5,7654.5,7655.0,310
2026-09-15 14:39:00-04:00,7655.25,7655.5,7654.5,7654.75,577
2026-09-15 14:40:00-04:00,7655.0,7655.0,7653.5,7654.0,599
2026-09-15 14:41:00-04:00,7654.0,7658.75,7654.0,7657.5,4450
2026-09-15 14:42:00-04:00,7657.5,7657.5,7655.0,7655.0,1763
2026-09-15 14:43:00-04:00,7655.25,7655.25,7654.5,7654.75,600
2026-09-15 14:44:00-04:00,7654.5,7655.0,7654.0,7654.25,619
2026-09-15 14:45:00-04:00,7654.25,7654.5,7652.75,7653.25,1339
2026-09-15 14:46:00-04:00,7653.5,7654.0,7652.25,7652.25,770
2026-09-15 14:47:00-04:00,7652.5,7653.0,7651.5,7651.75,948
2026-09-15 14:48:00-04:00,7651.5,7652.0,7650.5,7651.0,1216
2026-09-15 14:49:00-04:00,7651.0,7651.25,7649.5,7650.75,1857
2026-09-15 14:50:00-04:00,7650.75,7652.75,7650.75,7651.75,1351
2026-09-15 14:51:00-04:00,7651.75,7653.0,7651.25,7652.0,794
2026-09-15 14:52:00-04:00,7652.25,7653.25,7652.0,7653.0,514
2026-09-15 14:53:00-04:00,7653.0,7653.75,7652.25,7652.75,968
2026-09-15 14:54:00-04:00,7652.75,7653.5,7652.75,7653.0,587
2026-09-15 14:55:00-04:00,7653.0,7654.25,7652.75,7653.25,586
2026-09-15 14:56:00-04:00,7653.25,7654.5,7653.0,7654.5,810
2026-09-15 14:57:00-04:00,7654.5,7655.75,7654.25,7655.0,773
2026-09-15 14:58:00-04:00,7655.0,7656.25,7654.75,7655.75,830
2026-09-15 14:59:00-04:00,7655.75,7657.25,7655.5,7657.25,1136
2026-09-15 15:00:00-04:00,7657.25,7658.5,7656.0,7658.25,1460
2026-09-15 15:01:00-04:00,7658.5,7658.75,7656.25,7656.25,1198
2026-09-15 15:02:00-04:00,7656.25,7656.75,7655.0,7656.5,1442
2026-09-15 15:03:00-04:00,7656.25,7656.25,7655.75,7656.25,665
2026-09-15 15:04:00-04:00,7656.5,7657.25,7655.5,7655.75,694
2026-09-15 15:05:00-04:00,7655.75,7656.25,7655.25,7655.75,488
2026-09-15 15:06:00-04:00,7655.5,7656.0,7655.0,7655.5,477
2026-09-15 15:07:00-04:00,7655.5,7656.0,7654.5,7656.0,677
2026-09-15 15:08:00-04:00,7656.0,7656.5,7655.25,7655.75,819
2026-09-15 15:09:00-04:00,7655.75,7656.25,7655.25,7655.75,322
2026-09-15 15:10:00-04:00,7655.75,7656.0,7655.25,7655.25,521
2026-09-15 15:11:00-04:00,7655.5,7655.5,7654.75,7654.75,1009
2026-09-15 15:12:00-04:00,7654.75,7654.75,7653.5,7654.25,987
2026-09-15 15:13:00-04:00,7654.0,7654.0,7653.0,7653.5,621
2026-09-15 15:14:00-04:00,7653.25,7654.5,7653.25,7654.0,589
2026-09-15 15:15:00-04:00,7654.0,7654.0,7653.25,7653.5,720
2026-09-15 15:16:00-04:00,7653.5,7654.5,7653.0,7653.5,846
2026-09-15 15:17:00-04:00,7653.5,7654.25,7653.25,7654.0,511
2026-09-15 15:18:00-04:00,7654.0,7654.75,7653.75,7654.25,407
2026-09-15 15:19:00-04:00,7654.25,7655.25,7654.0,7654.5,738
2026-09-15 15:20:00-04:00,7654.25,7654.75,7653.25,7653.25,762
2026-09-15 15:21:00-04:00,7653.25,7654.25,7653.0,7653.75,508
2026-09-15 15:22:00-04:00,7653.75,7654.25,7653.5,7653.75,310
2026-09-15 15:23:00-04:00,7653.75,7654.5,7653.75,7654.25,412
2026-09-15 15:24:00-04:00,7654.0,7654.5,7653.0,7653.75,383
2026-09-15 15:25:00-04:00,7653.25,7653.25,7651.75,7652.25,1154
2026-09-15 15:26:00-04:00,7652.0,7653.5,7652.0,7653.25,633
2026-09-15 15:27:00-04:00,7653.5,7654.0,7653.25,7653.75,423
2026-09-15 15:28:00-04:00,7653.5,7653.75,7652.5,7653.0,352
2026-09-15 15:29:00-04:00,7652.75,7653.0,7652.5,7652.5,437
2026-09-15 15:30:00-04:00,7652.5,7652.75,7651.75,7652.5,1255
2026-09-15 15:31:00-04:00,7652.5,7653.0,7652.0,7652.0,817
2026-09-15 15:32:00-04:00,7652.0,7653.5,7652.0,7652.5,802
2026-09-15 15:33:00-04:00,7652.75,7653.0,7652.25,7652.5,590
2026-09-15 15:34:00-04:00,7652.5,7652.5,7651.5,7652.0,781
2026-09-15 15:35:00-04:00,7651.75,7652.0,7650.75,7651.0,712
2026-09-15 15:36:00-04:00,7651.25,7651.75,7651.0,7651.5,800
2026-09-15 15:37:00-04:00,7651.25,7651.75,7650.0,7650.75,1012
2026-09-15 15:38:00-04:00,7651.0,7651.25,7649.5,7649.75,877
2026-09-15 15:39:00-04:00,7649.75,7649.75,7648.5,7649.5,1477
2026-09-15 15:40:00-04:00,7649.25,7649.75,7648.25,7649.5,841
2026-09-15 15:41:00-04:00,7649.5,7650.5,7649.25,7649.75,864
2026-09-15 15:42:00-04:00,7649.75,7650.25,7648.75,7649.0,658
2026-09-15 15:43:00-04:00,7649.0,7650.0,7648.0,7649.75,1182
2026-09-15 15:44:00-04:00,7649.75,7651.0,7649.75,7650.25,975
2026-09-15 15:45:00-04:00,7650.0,7650.5,7649.25,7649.5,1435
2026-09-15 15:46:00-04:00,7649.5,7651.75,7649.5,7651.5,1181
2026-09-15 15:47:00-04:00,7651.25,7652.75,7651.0,7651.5,1665
2026-09-15 15:48:00-04:00,7651.5,7651.75,7650.75,7651.25,881
2026-09-15 15:49:00-04:00,7651.25,7653.0,7651.25,7652.75,895
2026-09-15 15:50:00-04:00,7652.75,7653.5,7650.0,7650.0,2885
2026-09-15 15:51:00-04:00,7650.0,7651.25,7649.5,7650.25,1080
2026-09-15 15:52:00-04:00,7650.25,7650.5,7648.75,7648.75,1850
2026-09-15 15:53:00-04:00,7649.0,7650.25,7648.75,7649.75,1639
2026-09-15 15:54:00-04:00,7650.0,7653.0,7649.5,7653.0,2424
2026-09-15 15:55:00-04:00,7653.0,7653.5,7650.75,7652.5,2656
2026-09-15 15:56:00-04:00,7652.75,7653.5,7652.0,7652.5,941
2026-09-15 15:57:00-04:00,7652.5,7653.5,7652.25,7652.75,1267
2026-09-15 15:58:00-04:00,7652.75,7655.75,7651.5,7655.5,5793
2026-09-15 15:59:00-04:00,7655.5,7657.75,7653.5,7657.0,12332
2026-09-15 16:00:00-04:00,7657.0,7660.5,7656.75,7660.0,3414
2026-09-15 16:01:00-04:00,7659.75,7661.25,7659.75,7661.0,1187
2026-09-15 16:02:00-04:00,7661.0,7661.5,7660.25,7661.0,680
2026-09-15 16:03:00-04:00,7661.0,7661.75,7660.0,7661.25,559
2026-09-15 16:04:00-04:00,7661.25,7662.25,7661.0,7661.75,584
2026-09-15 16:05:00-04:00,7661.75,7662.0,7661.0,7661.75,637
2026-09-15 16:06:00-04:00,7661.75,7661.75,7661.0,7661.25,207
2026-09-15 16:07:00-04:00,7661.25,7662.5,7661.25,7662.5,365
2026-09-15 16:08:00-04:00,7662.5,7662.75,7662.0,7662.0,234
2026-09-15 16:09:00-04:00,7662.0,7662.0,7661.5,7661.75,324
2026-09-15 16:10:00-04:00,7662.0,7664.0,7661.5,7664.0,1157
2026-09-15 16:11:00-04:00,7664.0,7665.0,7663.75,7664.5,699
2026-09-15 16:12:00-04:00,7664.5,7664.75,7664.0,7664.0,231
2026-09-15 16:13:00-04:00,7664.0,7664.75,7664.0,7664.25,220
2026-09-15 16:14:00-04:00,7664.5,7664.75,7664.0,7664.5,190
2026-09-15 16:15:00-04:00,7664.5,7664.75,7664.0,7664.5,230
2026-09-15 16:16:00-04:00,7664.5,7664.5,7663.0,7663.5,574
2026-09-15 16:17:00-04:00,7663.5,7664.0,7663.5,7663.75,204
2026-09-15 16:18:00-04:00,7663.75,7664.5,7663.75,7664.5,172
2026-09-15 16:19:00-04:00,7664.5,7664.5,7663.5,7663.75,99
2026-09-15 16:20:00-04:00,7663.75,7664.25,7663.5,7663.75,124
2026-09-15 16:21:00-04:00,7664.0,7664.0,7663.25,7663.75,118
2026-09-15 16:22:00-04:00,7663.75,7663.75,7663.25,7663.5,109
2026-09-15 16:23:00-04:00,7663.25,7663.5,7663.0,7663.5,186
2026-09-15 16:24:00-04:00,7663.75,7664.0,7663.5,7664.0,108
2026-09-15 16:25:00-04:00,7663.75,7664.0,7663.75,7663.75,137
2026-09-15 16:26:00-04:00,7663.75,7664.0,7663.25,7663.25,81
2026-09-15 16:27:00-04:00,7663.0,7663.5,7662.75,7663.25,152
2026-09-15 16:28:00-04:00,7663.25,7663.5,7663.0,7663.25,73
2026-09-15 16:29:00-04:00,7663.5,7663.75,7663.0,7663.25,88
2026-09-15 16:30:00-04:00,7663.5,7664.0,7663.0,7663.25,377
2026-09-15 16:31:00-04:00,7663.5,7663.5,7663.25,7663.5,56
2026-09-15 16:32:00-04:00,7663.25,7665.0,7663.25,7663.75,587
2026-09-15 16:33:00-04:00,7663.5,7663.75,7663.25,7663.25,142
2026-09-15 16:34:00-04:00,7663.5,7664.0,7663.25,7663.75,140
2026-09-15 16:35:00-04:00,7663.5,7664.25,7663.5,7663.75,115
2026-09-15 16:36:00-04:00,7663.5,7663.75,7663.0,7663.25,200
2026-09-15 16:37:00-04:00,7663.25,7663.5,7663.0,7663.25,62
2026-09-15 16:38:00-04:00,7663.25,7663.75,7663.25,7663.5,41
2026-09-15 16:39:00-04:00,7663.75,7663.75,7663.0,7663.25,108
2026-09-15 16:40:00-04:00,7663.0,7663.5,7663.0,7663.0,59
2026-09-15 16:41:00-04:00,7663.25,7664.0,7663.0,7663.75,90
2026-09-15 16:42:00-04:00,7664.0,7664.25,7663.75,7664.0,129
2026-09-15 16:43:00-04:00,7663.75,7664.0,7663.25,7663.25,140
2026-09-15 16:44:00-04:00,7663.5,7663.75,7663.25,7663.75,251
2026-09-15 16:45:00-04:00,7663.5,7664.0,7663.25,7664.0,226
2026-09-15 16:46:00-04:00,7664.0,7664.0,7663.25,7663.25,133
2026-09-15 16:47:00-04:00,7663.0,7663.75,7663.0,7663.75,86
2026-09-15 16:48:00-04:00,7663.5,7663.75,7663.25,7663.25,64
2026-09-15 16:49:00-04:00,7663.25,7664.5,7663.25,7664.25,128
2026-09-15 16:50:00-04:00,7664.5,7664.5,7663.75,7663.75,180
2026-09-15 16:51:00-04:00,7663.5,7663.75,7663.25,7663.25,115
2026-09-15 16:52:00-04:00,7663.25,7664.0,7663.25,7663.5,58
2026-09-15 16:53:00-04:00,7663.5,7663.75,7663.5,7663.5,41
2026-09-15 16:54:00-04:00,7663.75,7663.75,7663.25,7663.5,53
2026-09-15 16:55:00-04:00,7663.5,7664.0,7663.25,7663.75,209
2026-09-15 16:56:00-04:00,7664.0,7664.0,7663.5,7663.5,82
2026-09-15 16:57:00-04:00,7663.5,7663.75,7663.25,7663.5,93
2026-09-15 16:58:00-04:00,7663.75,7663.75,7663.5,7663.75,117
2026-09-15 16:59:00-04:00,7663.75,7664.0,7663.5,7663.75,223
2026-09-15 18:00:00-04:00,7663.75,7664.75,7661.75,7662.0,0
2026-09-15 18:01:00-04:00,7662.75,7664.5,7662.25,7664.0,248
2026-09-15 18:02:00-04:00,7664.0,7664.5,7663.0,7664.0,173
2026-09-15 18:03:00-04:00,7663.75,7664.25,7663.0,7663.0,110
2026-09-15 18:04:00-04:00,7663.5,7663.75,7663.0,7663.5,63
2026-09-15 18:05:00-04:00,7663.5,7663.75,7662.25,7663.0,135
2026-09-15 18:06:00-04:00,7662.75,7663.75,7662.5,7663.0,99
2026-09-15 18:07:00-04:00,7662.75,7663.5,7662.5,7663.5,67
2026-09-15 18:08:00-04:00,7663.0,7663.5,7662.25,7662.5,106
2026-09-15 18:09:00-04:00,7662.25,7663.0,7661.75,7662.75,111
2026-09-15 18:10:00-04:00,7663.0,7663.0,7662.5,7662.75,103
2026-09-15 18:11:00-04:00,7662.75,7663.0,7662.0,7662.0,40
2026-09-15 18:12:00-04:00,7662.0,7662.25,7661.5,7662.0,104
2026-09-15 18:13:00-04:00,7662.0,7662.25,7661.5,7662.0,41
2026-09-15 18:14:00-04:00,7661.75,7662.25,7661.5,7661.75,48
2026-09-15 18:15:00-04:00,7662.0,7663.0,7661.75,7662.75,194
2026-09-15 18:16:00-04:00,7662.75,7663.0,7662.0,7662.0,66
2026-09-15 18:17:00-04:00,7662.25,7662.25,7661.75,7661.75,79
2026-09-15 18:18:00-04:00,7662.0,7662.0,7661.5,7662.0,66
2026-09-15 18:19:00-04:00,7662.0,7662.25,7661.75,7661.75,45
2026-09-15 18:20:00-04:00,7661.75,7662.25,7661.25,7662.0,87
2026-09-15 18:21:00-04:00,7662.25,7663.75,7662.25,7663.25,203
2026-09-15 18:22:00-04:00,7663.25,7663.25,7662.75,7663.0,97
2026-09-15 18:23:00-04:00,7663.0,7663.5,7662.75,7663.5,72
2026-09-15 18:24:00-04:00,7663.5,7663.5,7662.5,7663.0,235
2026-09-15 18:25:00-04:00,7662.75,7663.25,7662.5,7662.75,70
2026-09-15 18:26:00-04:00,7662.5,7663.25,7662.5,7663.0,69
2026-09-15 18:27:00-04:00,7663.0,7663.5,7662.5,7663.5,80
2026-09-15 18:28:00-04:00,7663.25,7663.5,7663.0,7663.25,29
2026-09-15 18:29:00-04:00,7663.25,7663.25,7662.75,7663.0,51
2026-09-15 18:30:00-04:00,7662.75,7664.25,7662.75,7664.25,184
2026-09-15 18:31:00-04:00,7664.25,7664.5,7663.75,7663.75,126
2026-09-15 18:32:00-04:00,7663.75,7664.0,7663.5,7663.75,19
2026-09-15 18:33:00-04:00,7663.75,7664.5,7663.5,7664.5,70
2026-09-15 18:34:00-04:00,7664.25,7665.0,7664.25,7664.25,143
2026-09-15 18:35:00-04:00,7664.5,7665.0,7664.5,7664.75,131
2026-09-15 18:36:00-04:00,7665.0,7665.5,7664.75,7665.5,215
2026-09-15 18:37:00-04:00,7665.5,7666.0,7665.5,7665.75,223
2026-09-15 18:38:00-04:00,7666.0,7666.5,7665.5,7666.25,202
2026-09-15 18:39:00-04:00,7666.25,7666.5,7666.0,7666.5,128
2026-09-15 18:40:00-04:00,7666.25,7666.25,7665.0,7665.25,148
2026-09-15 18:41:00-04:00,7665.0,7666.0,7665.0,7666.0,97
2026-09-15 18:42:00-04:00,7666.0,7666.25,7665.75,7666.0,79
2026-09-15 18:43:00-04:00,7666.0,7666.0,7665.5,7665.75,90
2026-09-15 18:44:00-04:00,7665.75,7666.0,7665.25,7666.0,53
2026-09-15 18:45:00-04:00,7665.75,7666.0,7665.5,7665.5,64
2026-09-15 18:46:00-04:00,7665.5,7665.75,7665.25,7665.5,40
2026-09-15 18:47:00-04:00,7665.5,7666.0,7665.5,7665.5,35
2026-09-15 18:48:00-04:00,7665.75,7666.75,7665.75,7666.5,160
2026-09-15 18:49:00-04:00,7666.5,7666.75,7666.5,7666.75,58
2026-09-15 18:50:00-04:00,7666.5,7666.75,7666.5,7666.75,52
2026-09-15 18:51:00-04:00,7666.5,7666.75,7666.25,7666.5,73
2026-09-15 18:52:00-04:00,7666.75,7667.25,7666.5,7666.75,110
2026-09-15 18:53:00-04:00,7666.75,7667.0,7666.5,7667.0,29
2026-09-15 18:54:00-04:00,7667.0,7667.0,7666.75,7666.75,54
2026-09-15 18:55:00-04:00,7667.0,7667.25,7666.75,7666.75,39
2026-09-15 18:56:00-04:00,7666.75,7667.0,7666.75,7667.0,37
2026-09-15 18:57:00-04:00,7666.75,7667.0,7666.75,7666.75,23
2026-09-15 18:58:00-04:00,7667.0,7667.0,7666.25,7666.5,46
2026-09-15 18:59:00-04:00,7666.75,7666.75,7666.25,7666.75,97
2026-09-15 19:00:00-04:00,7666.25,7666.75,7665.75,7666.75,113
2026-09-15 19:01:00-04:00,7666.75,7666.75,7665.5,7665.75,149
2026-09-15 19:02:00-04:00,7665.75,7666.0,7665.5,7665.75,55
2026-09-15 19:03:00-04:00,7665.75,7665.75,7665.25,7665.25,74
2026-09-15 19:04:00-04:00,7665.0,7665.25,7664.75,7665.0,66
2026-09-15 19:05:00-04:00,7665.0,7665.0,7664.75,7665.0,44
2026-09-15 19:06:00-04:00,7665.0,7665.25,7664.75,7665.0,57
2026-09-15 19:07:00-04:00,7665.0,7665.0,7664.5,7664.5,39
2026-09-15 19:08:00-04:00,7664.75,7665.0,7664.75,7665.0,54
2026-09-15 19:09:00-04:00,7665.0,7665.0,7664.75,7664.75,18
2026-09-15 19:10:00-04:00,7664.75,7665.0,7664.75,7665.0,73
2026-09-15 19:11:00-04:00,7664.75,7665.25,7664.75,7665.0,30
2026-09-15 19:12:00-04:00,7665.0,7665.25,7664.5,7664.5,44
2026-09-15 19:13:00-04:00,7664.75,7665.0,7664.25,7664.25,79
2026-09-15 19:14:00-04:00,7664.5,7664.5,7664.0,7664.25,51
2026-09-15 19:15:00-04:00,7664.5,7664.75,7664.25,7664.75,43
2026-09-15 19:16:00-04:00,7664.75,7664.75,7664.25,7664.25,40
2026-09-15 19:17:00-04:00,7664.5,7664.5,7664.25,7664.5,12
2026-09-15 19:18:00-04:00,7664.25,7664.25,7663.25,7664.0,150
2026-09-15 19:19:00-04:00,7664.0,7664.25,7663.75,7664.0,32
2026-09-15 19:20:00-04:00,7664.0,7664.0,7663.5,7663.5,41
2026-09-15 19:21:00-04:00,7663.5,7663.75,7663.25,7663.75,60
2026-09-15 19:22:00-04:00,7663.75,7663.75,7663.25,7663.25,19
2026-09-15 19:23:00-04:00,7663.5,7663.75,7663.5,7663.5,24
2026-09-15 19:24:00-04:00,7663.5,7663.5,7663.0,7663.5,133
2026-09-15 19:25:00-04:00,7663.5,7663.75,7663.25,7663.5,51
2026-09-15 19:26:00-04:00,7663.5,7663.75,7663.0,7663.0,129
2026-09-15 19:27:00-04:00,7663.0,7663.25,7662.75,7662.75,85
2026-09-15 19:28:00-04:00,7662.75,7663.0,7662.5,7662.5,109
2026-09-15 19:29:00-04:00,7662.75,7663.0,7662.5,7662.75,62
2026-09-15 19:30:00-04:00,7662.75,7663.5,7662.5,7663.5,92
2026-09-15 19:31:00-04:00,7663.5,7663.5,7663.0,7663.0,69
2026-09-15 19:32:00-04:00,7662.75,7663.25,7662.75,7663.0,23
2026-09-15 19:33:00-04:00,7663.25,7663.25,7662.75,7663.25,40
2026-09-15 19:34:00-04:00,7663.25,7663.5,7663.25,7663.25,33
2026-09-15 19:35:00-04:00,7663.0,7663.0,7663.0,7663.0,39
2026-09-15 19:36:00-04:00,7663.0,7663.0,7662.75,7662.75,26
2026-09-15 19:37:00-04:00,7662.75,7663.5,7662.5,7663.5,77
2026-09-15 19:38:00-04:00,7663.25,7664.0,7663.25,7664.0,180
2026-09-15 19:39:00-04:00,7664.0,7664.75,7664.0,7664.5,108
2026-09-15 19:40:00-04:00,7664.5,7665.75,7664.0,7665.75,194
2026-09-15 19:41:00-04:00,7665.25,7665.75,7665.0,7665.5,149
2026-09-15 19:42:00-04:00,7665.25,7665.5,7665.0,7665.5,111
2026-09-15 19:43:00-04:00,7665.5,7666.5,7665.25,7665.75,217
2026-09-15 19:44:00-04:00,7665.75,7666.0,7665.75,7665.75,50
2026-09-15 19:45:00-04:00,7665.75,7666.0,7665.25,7665.75,171
2026-09-15 19:46:00-04:00,7665.75,7666.5,7665.5,7666.0,142
2026-09-15 19:47:00-04:00,7665.75,7666.0,7664.75,7664.75,94
2026-09-15 19:48:00-04:00,7665.0,7665.5,7664.75,7664.75,106
2026-09-15 19:49:00-04:00,7664.75,7665.25,7664.5,7665.0,78
2026-09-15 19:50:00-04:00,7665.0,7666.25,7665.0,7666.25,72
2026-09-15 19:51:00-04:00,7666.0,7666.25,7665.0,7665.25,167
2026-09-15 19:52:00-04:00,7665.25,7665.5,7665.25,7665.5,32
2026-09-15 19:53:00-04:00,7665.25,7666.75,7665.25,7666.25,111
2026-09-15 19:54:00-04:00,7666.25,7666.75,7666.25,7666.75,34
2026-09-15 19:55:00-04:00,7666.5,7666.5,7665.5,7665.5,44
2026-09-15 19:56:00-04:00,7665.5,7665.5,7664.75,7665.25,104
2026-09-15 19:57:00-04:00,7665.25,7665.5,7665.0,7665.25,51
2026-09-15 19:58:00-04:00,7665.25,7665.75,7665.25,7665.75,27
2026-09-15 19:59:00-04:00,7665.5,7665.75,7665.0,7665.5,70
2026-09-15 20:00:00-04:00,7665.5,7667.0,7665.5,7666.25,361
2026-09-15 20:01:00-04:00,7666.5,7666.5,7664.75,7665.0,294
2026-09-15 20:02:00-04:00,7664.75,7664.75,7663.0,7664.25,267
2026-09-15 20:03:00-04:00,7664.25,7665.75,7664.25,7665.0,264
2026-09-15 20:04:00-04:00,7665.0,7665.5,7663.75,7664.25,130
2026-09-15 20:05:00-04:00,7664.5,7666.0,7664.25,7665.5,140
2026-09-15 20:06:00-04:00,7665.5,7666.0,7664.75,7665.0,134
2026-09-15 20:07:00-04:00,7665.0,7665.75,7664.5,7665.25,149
2026-09-15 20:08:00-04:00,7664.75,7665.25,7664.75,7664.75,43
2026-09-15 20:09:00-04:00,7665.0,7665.0,7664.0,7664.0,93
2026-09-15 20:10:00-04:00,7664.5,7664.5,7663.5,7663.5,90
2026-09-15 20:11:00-04:00,7663.75,7666.75,7663.75,7666.5,168
2026-09-15 20:12:00-04:00,7666.25,7667.5,7666.0,7666.5,340
2026-09-15 20:13:00-04:00,7666.5,7666.5,7666.0,7666.0,119
2026-09-15 20:14:00-04:00,7666.0,7667.0,7666.0,7666.5,86
2026-09-15 20:15:00-04:00,7666.5,7666.5,7665.0,7665.25,151
2026-09-15 20:16:00-04:00,7665.25,7667.0,7665.25,7666.0,133
2026-09-15 20:17:00-04:00,7666.0,7667.0,7666.0,7666.75,120
2026-09-15 20:18:00-04:00,7666.75,7666.75,7666.0,7666.25,193
2026-09-15 20:19:00-04:00,7666.25,7666.75,7666.0,7666.5,36
2026-09-15 20:20:00-04:00,7666.5,7666.5,7666.0,7666.25,91
2026-09-15 20:21:00-04:00,7666.0,7666.5,7666.0,7666.25,37
2026-09-15 20:22:00-04:00,7666.0,7666.25,7665.5,7665.75,81
2026-09-15 20:23:00-04:00,7665.75,7665.75,7665.0,7665.0,48
2026-09-15 20:24:00-04:00,7665.0,7665.75,7665.0,7665.25,42
2026-09-15 20:25:00-04:00,7665.0,7665.25,7664.5,7664.5,79
2026-09-15 20:26:00-04:00,7664.5,7665.5,7664.5,7665.5,68
2026-09-15 20:27:00-04:00,7665.5,7665.75,7665.0,7665.25,28
2026-09-15 20:28:00-04:00,7665.5,7666.5,7665.5,7666.5,49
2026-09-15 20:29:00-04:00,7666.5,7666.5,7666.0,7666.25,79
2026-09-15 20:30:00-04:00,7666.25,7667.25,7666.0,7666.5,126
2026-09-15 20:31:00-04:00,7666.25,7666.25,7665.5,7666.0,81
2026-09-15 20:32:00-04:00,7666.0,7666.25,7665.5,7665.5,22
2026-09-15 20:33:00-04:00,7665.75,7665.75,7665.25,7665.25,35
2026-09-15 20:34:00-04:00,7665.0,7665.25,7664.5,7664.75,66
2026-09-15 20:35:00-04:00,7664.5,7664.5,7663.75,7664.5,151
2026-09-15 20:36:00-04:00,7664.5,7665.75,7664.5,7665.25,116
2026-09-15 20:37:00-04:00,7665.0,7665.75,7664.75,7665.75,67
2026-09-15 20:38:00-04:00,7665.25,7665.5,7664.75,7665.25,56
2026-09-15 20:39:00-04:00,7665.75,7665.75,7665.5,7665.5,41
2026-09-15 20:40:00-04:00,7665.25,7665.5,7664.75,7665.0,55
2026-09-15 20:41:00-04:00,7665.0,7665.5,7664.75,7665.25,49
2026-09-15 20:42:00-04:00,7665.0,7665.25,7664.5,7664.75,47
2026-09-15 20:43:00-04:00,7664.75,7665.25,7664.5,7664.75,59
2026-09-15 20:44:00-04:00,7664.75,7664.75,7664.25,7664.25,57
2026-09-15 20:45:00-04:00,7664.5,7665.25,7664.25,7664.5,78
2026-09-15 20:46:00-04:00,7664.5,7664.5,7663.75,7664.0,94
2026-09-15 20:47:00-04:00,7663.75,7664.5,7663.75,7664.5,82
2026-09-15 20:48:00-04:00,7664.75,7666.25,7664.5,7666.0,111
2026-09-15 20:49:00-04:00,7666.0,7666.5,7665.5,7665.5,80
2026-09-15 20:50:00-04:00,7665.75,7666.0,7665.0,7665.25,57
2026-09-15 20:51:00-04:00,7665.25,7665.5,7665.0,7665.5,36
2026-09-15 20:52:00-04:00,7665.5,7666.25,7665.5,7666.0,99
2026-09-15 20:53:00-04:00,7666.25,7666.25,7665.75,7665.75,117
2026-09-15 20:54:00-04:00,7665.5,7665.75,7665.25,7665.5,31
2026-09-15 20:55:00-04:00,7665.5,7665.5,7664.0,7664.0,87
2026-09-15 20:56:00-04:00,7664.0,7665.5,7664.0,7665.5,118
2026-09-15 20:57:00-04:00,7665.75,7665.75,7665.25,7665.25,29
2026-09-15 20:58:00-04:00,7665.5,7666.0,7665.25,7665.25,49
2026-09-15 20:59:00-04:00,7665.0,7665.75,7664.75,7665.0,70
2026-09-15 21:00:00-04:00,7665.0,7665.75,7664.75,7665.5,192
2026-09-15 21:01:00-04:00,7665.25,7665.75,7664.5,7664.5,116
2026-09-15 21:02:00-04:00,7664.75,7664.75,7663.75,7664.75,104
2026-09-15 21:03:00-04:00,7664.5,7665.5,7664.25,7664.25,99
2026-09-15 21:04:00-04:00,7664.5,7664.5,7663.25,7663.5,161
2026-09-15 21:05:00-04:00,7663.25,7663.5,7662.25,7663.25,246
2026-09-15 21:06:00-04:00,7663.25,7663.5,7662.5,7662.5,180
2026-09-15 21:07:00-04:00,7662.75,7662.75,7661.0,7661.25,463
2026-09-15 21:08:00-04:00,7661.25,7661.75,7661.0,7661.75,214
2026-09-15 21:09:00-04:00,7661.25,7661.75,7660.0,7660.75,525
2026-09-15 21:10:00-04:00,7660.75,7662.25,7660.0,7662.0,399
2026-09-15 21:11:00-04:00,7662.0,7662.75,7661.75,7662.5,242
2026-09-15 21:12:00-04:00,7662.25,7663.0,7662.0,7662.5,148
2026-09-15 21:13:00-04:00,7662.5,7665.75,7662.5,7665.75,473
2026-09-15 21:14:00-04:00,7665.75,7666.5,7665.25,7666.5,258
2026-09-15 21:15:00-04:00,7666.25,7667.0,7665.75,7666.25,300
2026-09-15 21:16:00-04:00,7666.5,7666.5,7665.5,7666.25,147
2026-09-15 21:17:00-04:00,7666.0,7666.0,7665.0,7665.75,125
2026-09-15 21:18:00-04:00,7665.5,7666.0,7665.0,7665.5,57
2026-09-15 21:19:00-04:00,7665.5,7666.0,7665.5,7666.0,79
2026-09-15 21:20:00-04:00,7665.75,7666.0,7665.75,7666.0,73
2026-09-15 21:21:00-04:00,7665.75,7666.25,7665.5,7666.0,58
2026-09-15 21:22:00-04:00,7666.25,7667.0,7666.0,7666.5,88
2026-09-15 21:23:00-04:00,7666.75,7667.0,7666.5,7666.75,61
2026-09-15 21:24:00-04:00,7666.75,7667.5,7666.75,7666.75,199
2026-09-15 21:25:00-04:00,7667.0,7668.0,7666.75,7667.75,260
2026-09-15 21:26:00-04:00,7667.75,7667.75,7666.0,7666.0,115
2026-09-15 21:27:00-04:00,7666.0,7666.75,7666.0,7666.75,87
2026-09-15 21:28:00-04:00,7666.25,7666.5,7666.25,7666.5,9
2026-09-15 21:29:00-04:00,7666.0,7666.5,7666.0,7666.0,51
2026-09-15 21:30:00-04:00,7666.0,7666.0,7664.25,7664.5,247
2026-09-15 21:31:00-04:00,7664.5,7664.75,7663.25,7663.5,165
2026-09-15 21:32:00-04:00,7663.75,7665.5,7663.75,7665.0,149
2026-09-15 21:33:00-04:00,7664.5,7665.0,7664.5,7664.75,27
2026-09-15 21:34:00-04:00,7664.75,7665.5,7664.75,7665.0,59
2026-09-15 21:35:00-04:00,7665.25,7665.75,7664.75,7664.75,92
2026-09-15 21:36:00-04:00,7664.5,7664.5,7662.75,7663.25,190
2026-09-15 21:37:00-04:00,7663.25,7663.25,7662.25,7662.25,140
2026-09-15 21:38:00-04:00,7662.25,7662.5,7661.75,7662.5,231
2026-09-15 21:39:00-04:00,7662.25,7662.5,7661.75,7662.5,87
2026-09-15 21:40:00-04:00,7662.25,7662.75,7662.0,7662.75,67
2026-09-15 21:41:00-04:00,7663.0,7663.75,7662.5,7663.0,97
2026-09-15 21:42:00-04:00,7663.0,7663.25,7662.5,7663.0,40
2026-09-15 21:43:00-04:00,7663.0,7663.0,7662.25,7662.25,50
2026-09-15 21:44:00-04:00,7662.0,7662.75,7662.0,7662.25,52
2026-09-15 21:45:00-04:00,7662.5,7664.0,7662.25,7663.25,120
2026-09-15 21:46:00-04:00,7663.5,7663.75,7662.5,7662.5,150
2026-09-15 21:47:00-04:00,7662.25,7663.0,7662.25,7662.75,350
2026-09-15 21:48:00-04:00,7663.0,7663.0,7662.0,7662.25,82
2026-09-15 21:49:00-04:00,7662.25,7662.5,7661.5,7661.75,102
2026-09-15 21:50:00-04:00,7661.5,7662.0,7660.25,7660.25,281
2026-09-15 21:51:00-04:00,7660.0,7660.75,7659.75,7660.75,448
2026-09-15 21:52:00-04:00,7660.75,7660.75,7660.25,7660.5,60
2026-09-15 21:53:00-04:00,7660.5,7660.5,7659.5,7659.75,291
2026-09-15 21:54:00-04:00,7660.0,7660.25,7659.0,7659.75,253
2026-09-15 21:55:00-04:00,7659.75,7660.5,7659.25,7659.5,180
2026-09-15 21:56:00-04:00,7659.5,7660.0,7659.25,7659.5,82
2026-09-15 21:57:00-04:00,7659.5,7659.75,7659.0,7659.0,107
2026-09-15 21:58:00-04:00,7659.25,7659.75,7659.0,7659.25,101
2026-09-15 21:59:00-04:00,7659.5,7659.5,7658.75,7659.25,163
2026-09-15 22:00:00-04:00,7659.25,7660.5,7658.75,7660.5,169
2026-09-15 22:01:00-04:00,7660.5,7662.25,7660.5,7661.75,457
2026-09-15 22:02:00-04:00,7662.0,7664.25,7661.5,7664.0,541
2026-09-15 22:03:00-04:00,7663.75,7663.75,7662.75,7662.75,287
2026-09-15 22:04:00-04:00,7662.75,7663.5,7662.5,7663.25,117
2026-09-15 22:05:00-04:00,7663.25,7663.5,7661.75,7662.0,150
2026-09-15 22:06:00-04:00,7662.0,7662.5,7661.0,7661.75,98
2026-09-15 22:07:00-04:00,7661.5,7661.5,7660.5,7661.25,110
2026-09-15 22:08:00-04:00,7661.25,7662.25,7661.25,7661.75,78
2026-09-15 22:09:00-04:00,7662.0,7662.5,7661.5,7662.25,110
2026-09-15 22:10:00-04:00,7662.5,7663.5,7662.0,7662.5,124
2026-09-15 22:11:00-04:00,7662.5,7662.75,7661.0,7661.0,113
2026-09-15 22:12:00-04:00,7661.25,7661.5,7659.75,7661.0,447
2026-09-15 22:13:00-04:00,7661.0,7661.25,7660.75,7661.0,78
2026-09-15 22:14:00-04:00,7660.75,7660.75,7660.25,7660.5,40
2026-09-15 22:15:00-04:00,7660.75,7661.75,7660.5,7661.75,121
2026-09-15 22:16:00-04:00,7661.5,7662.0,7660.75,7661.75,98
2026-09-15 22:17:00-04:00,7661.75,7662.5,7661.75,7662.0,148
2026-09-15 22:18:00-04:00,7662.0,7662.5,7661.5,7661.75,117
2026-09-15 22:19:00-04:00,7662.0,7662.5,7661.75,7662.25,135
2026-09-15 22:20:00-04:00,7662.0,7662.0,7661.25,7661.75,44
2026-09-15 22:21:00-04:00,7661.5,7662.25,7661.5,7662.25,32
2026-09-15 22:22:00-04:00,7662.25,7662.75,7661.75,7662.0,56
2026-09-15 22:23:00-04:00,7661.75,7662.25,7661.75,7662.25,34
2026-09-15 22:24:00-04:00,7662.0,7663.75,7662.0,7663.5,160
2026-09-15 22:25:00-04:00,7663.25,7664.0,7663.25,7663.75,130
2026-09-15 22:26:00-04:00,7663.75,7664.5,7663.75,7664.5,137
2026-09-15 22:27:00-04:00,7664.5,7665.5,7664.5,7665.25,285
2026-09-15 22:28:00-04:00,7665.25,7665.5,7665.0,7665.0,84
2026-09-15 22:29:00-04:00,7665.25,7666.25,7665.0,7666.25,319
2026-09-15 22:30:00-04:00,7666.0,7667.75,7665.5,7667.25,546
2026-09-15 22:31:00-04:00,7667.0,7667.75,7666.75,7667.5,148
2026-09-15 22:32:00-04:00,7667.75,7668.25,7666.5,7666.75,292
2026-09-15 22:33:00-04:00,7666.75,7667.0,7665.5,7665.5,222
2026-09-15 22:34:00-04:00,7665.75,7667.5,7665.75,7667.0,184
2026-09-15 22:35:00-04:00,7667.0,7668.0,7667.0,7667.75,127
2026-09-15 22:36:00-04:00,7668.0,7668.75,7667.75,7668.0,220
2026-09-15 22:37:00-04:00,7667.75,7668.0,7667.5,7667.5,82
2026-09-15 22:38:00-04:00,7667.5,7667.75,7666.75,7667.0,151
2026-09-15 22:39:00-04:00,7667.0,7667.0,7666.25,7666.5,110
2026-09-15 22:40:00-04:00,7666.5,7667.0,7666.0,7666.25,91
2026-09-15 22:41:00-04:00,7666.25,7666.25,7665.75,7666.0,122
2026-09-15 22:42:00-04:00,7666.0,7666.0,7664.5,7664.75,337
2026-09-15 22:43:00-04:00,7664.75,7666.25,7664.75,7665.0,112
2026-09-15 22:44:00-04:00,7665.0,7665.0,7664.0,7665.0,235
2026-09-15 22:45:00-04:00,7665.0,7665.5,7664.75,7665.5,112
2026-09-15 22:46:00-04:00,7665.5,7666.0,7665.5,7665.75,90
2026-09-15 22:47:00-04:00,7665.75,7665.75,7665.0,7665.25,48
2026-09-15 22:48:00-04:00,7665.5,7666.25,7665.25,7666.25,53
2026-09-15 22:49:00-04:00,7666.0,7666.25,7665.75,7665.75,101
2026-09-15 22:50:00-04:00,7665.5,7666.0,7665.0,7666.0,49
2026-09-15 22:51:00-04:00,7666.0,7667.0,7665.75,7666.75,109
2026-09-15 22:52:00-04:00,7666.75,7666.75,7666.5,7666.75,40
2026-09-15 22:53:00-04:00,7666.25,7667.5,7666.25,7667.25,69
2026-09-15 22:54:00-04:00,7667.25,7667.5,7666.5,7666.75,54
2026-09-15 22:55:00-04:00,7666.5,7667.0,7666.5,7666.75,32
2026-09-15 22:56:00-04:00,7667.0,7667.5,7667.0,7667.25,46
2026-09-15 22:57:00-04:00,7667.25,7667.5,7667.0,7667.0,60
2026-09-15 22:58:00-04:00,7667.0,7667.25,7666.75,7667.25,37
2026-09-15 22:59:00-04:00,7667.0,7668.25,7667.0,7668.0,144
2026-09-15 23:00:00-04:00,7668.0,7669.25,7668.0,7669.0,315
2026-09-15 23:01:00-04:00,7669.0,7669.5,7668.75,7669.5,191
2026-09-15 23:02:00-04:00,7669.25,7670.25,7669.0,7669.75,405
2026-09-15 23:03:00-04:00,7669.75,7671.0,7669.5,7671.0,265
2026-09-15 23:04:00-04:00,7671.0,7671.25,7669.75,7670.0,176
2026-09-15 23:05:00-04:00,7670.0,7670.5,7669.5,7670.25,184
2026-09-15 23:06:00-04:00,7670.25,7671.5,7670.0,7671.5,274
2026-09-15 23:07:00-04:00,7671.25,7671.5,7670.0,7670.5,125
2026-09-15 23:08:00-04:00,7670.5,7670.75,7670.25,7670.75,46
2026-09-15 23:09:00-04:00,7671.0,7671.25,7669.75,7670.25,149
2026-09-15 23:10:00-04:00,7670.5,7671.0,7670.25,7670.25,207
2026-09-15 23:11:00-04:00,7670.5,7670.5,7669.75,7670.0,259
2026-09-15 23:12:00-04:00,7670.0,7670.75,7670.0,7670.75,185
2026-09-15 23:13:00-04:00,7670.75,7671.5,7670.25,7671.25,161
2026-09-15 23:14:00-04:00,7671.5,7673.25,7671.25,7672.75,488
2026-09-15 23:15:00-04:00,7672.75,7673.0,7672.25,7673.0,114
2026-09-15 23:16:00-04:00,7673.0,7674.25,7672.5,7674.0,323
2026-09-15 23:17:00-04:00,7674.25,7676.0,7673.5,7675.75,635
2026-09-15 23:18:00-04:00,7675.75,7675.75,7674.5,7675.25,255
2026-09-15 23:19:00-04:00,7675.0,7675.75,7674.5,7675.5,192
2026-09-15 23:20:00-04:00,7675.5,7676.0,7674.75,7675.5,175
2026-09-15 23:21:00-04:00,7675.25,7678.25,7675.25,7678.25,870
2026-09-15 23:22:00-04:00,7678.0,7678.0,7676.75,7677.0,199
2026-09-15 23:23:00-04:00,7677.0,7677.75,7676.75,7677.25,93
2026-09-15 23:24:00-04:00,7677.0,7677.25,7676.0,7676.75,188
2026-09-15 23:25:00-04:00,7676.75,7676.75,7676.25,7676.75,91
2026-09-15 23:26:00-04:00,7676.75,7677.25,7676.75,7677.25,71
2026-09-15 23:27:00-04:00,7677.0,7677.5,7675.25,7675.5,152
2026-09-15 23:28:00-04:00,7675.5,7675.75,7674.5,7674.5,184
2026-09-15 23:29:00-04:00,7674.75,7674.75,7673.5,7673.75,157
2026-09-15 23:30:00-04:00,7673.75,7674.25,7672.5,7672.75,249
2026-09-15 23:31:00-04:00,7672.75,7673.75,7672.5,7672.75,179
2026-09-15 23:32:00-04:00,7672.5,7672.75,7671.75,7672.0,229
2026-09-15 23:33:00-04:00,7672.0,7672.5,7671.75,7672.0,136
2026-09-15 23:34:00-04:00,7672.25,7672.25,7671.25,7671.25,98
2026-09-15 23:35:00-04:00,7671.75,7672.0,7671.25,7671.5,106
2026-09-15 23:36:00-04:00,7671.75,7671.75,7670.75,7670.75,129
2026-09-15 23:37:00-04:00,7670.75,7671.25,7670.0,7670.25,280
2026-09-15 23:38:00-04:00,7670.5,7671.25,7670.5,7671.25,119
2026-09-15 23:39:00-04:00,7671.25,7671.75,7671.25,7671.5,107
2026-09-15 23:40:00-04:00,7671.75,7672.25,7671.5,7671.75,116
2026-09-15 23:41:00-04:00,7671.75,7671.75,7671.25,7671.25,59
2026-09-15 23:42:00-04:00,7671.25,7671.75,7671.0,7671.5,45
2026-09-15 23:43:00-04:00,7671.5,7672.5,7671.5,7672.5,54
2026-09-15 23:44:00-04:00,7672.25,7672.75,7671.75,7672.0,149
2026-09-15 23:45:00-04:00,7672.25,7673.5,7672.25,7673.0,186
2026-09-15 23:46:00-04:00,7673.0,7673.75,7672.75,7673.5,65
2026-09-15 23:47:00-04:00,7673.5,7674.0,7672.75,7673.5,164
2026-09-15 23:48:00-04:00,7673.5,7673.75,7672.75,7673.25,103
2026-09-15 23:49:00-04:00,7673.25,7673.25,7672.5,7672.5,78
2026-09-15 23:50:00-04:00,7672.75,7673.0,7672.25,7673.0,100
2026-09-15 23:51:00-04:00,7673.0,7673.0,7672.5,7672.75,70
2026-09-15 23:52:00-04:00,7672.75,7673.5,7672.75,7673.5,64
2026-09-15 23:53:00-04:00,7673.5,7674.0,7673.25,7673.5,60
2026-09-15 23:54:00-04:00,7673.25,7673.5,7672.25,7672.25,151
2026-09-15 23:55:00-04:00,7672.25,7673.0,7672.0,7672.75,66
2026-09-15 23:56:00-04:00,7672.75,7673.25,7672.25,7672.75,79
2026-09-15 23:57:00-04:00,7673.0,7673.5,7672.75,7672.75,49
2026-09-15 23:58:00-04:00,7672.75,7673.0,7672.5,7672.5,38
2026-09-16 00:09:00-04:00,7672.75,7673.0,7672.5,7672.75,24
2026-09-16 00:10:00-04:00,7672.5,7673.25,7672.5,7673.0,23
2026-09-16 00:11:00-04:00,7673.0,7673.0,7672.5,7673.0,49
2026-09-16 00:12:00-04:00,7672.75,7672.75,7672.25,7672.5,69
2026-09-16 00:13:00-04:00,7672.25,7672.75,7672.0,7672.75,89
2026-09-16 00:14:00-04:00,7672.5,7672.5,7672.25,7672.25,17
2026-09-16 00:15:00-04:00,7672.5,7672.5,7671.5,7672.25,128
2026-09-16 00:16:00-04:00,7672.0,7672.5,7671.75,7672.0,52
2026-09-16 00:17:00-04:00,7672.0,7672.25,7671.75,7672.0,33
2026-09-16 00:18:00-04:00,7671.75,7672.0,7671.5,7671.5,48
2026-09-16 00:19:00-04:00,7671.75,7671.75,7671.25,7671.25,86
2026-09-16 00:20:00-04:00,7671.5,7673.25,7671.5,7673.25,95
2026-09-16 00:21:00-04:00,7673.0,7673.0,7672.25,7672.75,42
2026-09-16 00:22:00-04:00,7672.75,7673.25,7672.5,7672.5,73
2026-09-16 00:23:00-04:00,7672.5,7673.25,7672.5,7673.25,27
2026-09-16 00:24:00-04:00,7673.25,7673.25,7672.5,7672.5,29
2026-09-16 00:25:00-04:00,7672.5,7672.75,7672.0,7672.0,55
2026-09-16 00:26:00-04:00,7671.75,7672.0,7671.5,7671.5,51
2026-09-16 00:27:00-04:00,7671.5,7671.75,7671.25,7671.25,40
2026-09-16 00:28:00-04:00,7671.5,7671.5,7670.25,7670.5,133
2026-09-16 00:29:00-04:00,7670.5,7671.0,7670.5,7670.75,47
2026-09-16 00:30:00-04:00,7670.5,7670.75,7670.0,7670.75,66
2026-09-16 00:31:00-04:00,7670.75,7670.75,7670.0,7670.25,74
2026-09-16 00:32:00-04:00,7670.25,7670.25,7669.0,7669.25,180
2026-09-16 00:33:00-04:00,7669.25,7669.5,7667.5,7667.5,309
2026-09-16 00:34:00-04:00,7668.0,7668.5,7667.75,7668.0,104
2026-09-16 00:35:00-04:00,7667.75,7668.25,7667.25,7667.5,79
2026-09-16 00:36:00-04:00,7667.75,7668.0,7667.0,7668.0,74
2026-09-16 00:37:00-04:00,7668.0,7669.0,7667.5,7669.0,99
2026-09-16 00:38:00-04:00,7669.0,7669.0,7668.0,7668.0,51
2026-09-16 00:39:00-04:00,7668.0,7668.5,7668.0,7668.5,40
2026-09-16 00:40:00-04:00,7668.5,7668.75,7668.25,7668.75,28
2026-09-16 00:41:00-04:00,7668.25,7669.75,7668.25,7669.0,66
2026-09-16 00:42:00-04:00,7669.0,7669.25,7668.75,7669.0,54
2026-09-16 00:43:00-04:00,7669.25,7669.25,7667.25,7667.25,51
2026-09-16 00:44:00-04:00,7667.5,7668.25,7667.5,7668.0,49
2026-09-16 00:45:00-04:00,7668.0,7668.75,7667.75,7668.75,41
2026-09-16 00:46:00-04:00,7668.75,7669.25,7668.75,7669.25,49
2026-09-16 00:47:00-04:00,7669.0,7670.0,7669.0,7670.0,51
2026-09-16 00:48:00-04:00,7670.0,7670.25,7669.5,7669.75,74
2026-09-16 00:49:00-04:00,7669.25,7669.75,7669.25,7669.75,23
2026-09-16 00:50:00-04:00,7669.75,7670.25,7669.75,7670.0,51
2026-09-16 00:51:00-04:00,7670.0,7670.0,7668.75,7669.25,67
2026-09-16 00:52:00-04:00,7669.0,7670.25,7668.5,7670.25,54
2026-09-16 00:53:00-04:00,7670.25,7670.25,7669.5,7669.5,24
2026-09-16 00:54:00-04:00,7669.25,7669.5,7669.0,7669.0,34
2026-09-16 00:55:00-04:00,7668.75,7669.25,7668.0,7669.0,64
2026-09-16 00:56:00-04:00,7669.0,7669.0,7668.5,7668.5,36
2026-09-16 00:57:00-04:00,7668.25,7669.25,7668.25,7669.25,17
2026-09-16 00:58:00-04:00,7669.5,7669.5,7668.75,7669.0,45
2026-09-16 00:59:00-04:00,7669.25,7669.25,7668.0,7668.0,69
2026-09-16 01:00:00-04:00,7667.75,7668.5,7667.75,7668.25,118
2026-09-16 01:01:00-04:00,7668.25,7668.25,7666.0,7666.0,253
2026-09-16 01:02:00-04:00,7666.0,7666.25,7665.5,7666.0,190
2026-09-16 01:03:00-04:00,7666.25,7667.25,7665.75,7667.0,138
2026-09-16 01:04:00-04:00,7666.75,7668.5,7666.75,7668.5,160
2026-09-16 01:05:00-04:00,7668.5,7668.5,7667.5,7668.0,82
2026-09-16 01:06:00-04:00,7668.0,7668.5,7667.25,7667.5,64
2026-09-16 01:07:00-04:00,7667.5,7668.5,7667.25,7668.5,46
2026-09-16 01:08:00-04:00,7668.5,7669.0,7667.75,7667.75,69
2026-09-16 01:09:00-04:00,7668.0,7669.0,7667.75,7669.0,133
2026-09-16 01:10:00-04:00,7669.0,7669.75,7668.0,7668.5,167
2026-09-16 01:11:00-04:00,7668.5,7669.25,7668.5,7669.0,42
2026-09-16 01:12:00-04:00,7668.75,7669.0,7668.5,7669.0,53
2026-09-16 01:13:00-04:00,7668.75,7669.75,7668.5,7669.75,109
2026-09-16 01:14:00-04:00,7670.0,7670.25,7669.25,7669.25,71
2026-09-16 01:15:00-04:00,7669.25,7670.5,7669.0,7670.25,80
2026-09-16 01:16:00-04:00,7670.25,7670.75,7670.0,7670.75,102
2026-09-16 01:17:00-04:00,7670.75,7671.25,7670.75,7670.75,101
2026-09-16 01:18:00-04:00,7670.75,7671.25,7670.0,7670.5,96
2026-09-16 01:19:00-04:00,7670.5,7670.75,7670.25,7670.75,32
2026-09-16 01:20:00-04:00,7670.25,7670.75,7670.0,7670.25,197
2026-09-16 01:21:00-04:00,7670.0,7670.75,7670.0,7670.5,29
2026-09-16 01:22:00-04:00,7670.5,7670.5,7668.5,7669.0,184
2026-09-16 01:23:00-04:00,7669.0,7669.75,7669.0,7669.5,38
2026-09-16 01:24:00-04:00,7669.5,7669.5,7669.0,7669.5,37
2026-09-16 01:25:00-04:00,7669.5,7670.75,7669.0,7670.25,231
2026-09-16 01:26:00-04:00,7670.5,7670.5,7669.75,7669.75,33
2026-09-16 01:27:00-04:00,7669.75,7670.25,7669.5,7670.25,129
2026-09-16 01:28:00-04:00,7670.25,7670.25,7669.0,7669.0,38
2026-09-16 01:29:00-04:00,7669.0,7671.5,7669.0,7671.5,273
2026-09-16 01:30:00-04:00,7671.25,7671.25,7669.75,7670.25,85
2026-09-16 01:31:00-04:00,7670.25,7671.0,7669.75,7670.5,50
2026-09-16 01:32:00-04:00,7670.75,7670.75,7670.25,7670.5,30
2026-09-16 01:33:00-04:00,7670.25,7671.25,7670.25,7670.75,51
2026-09-16 01:34:00-04:00,7671.0,7671.0,7670.5,7670.75,31
2026-09-16 01:35:00-04:00,7670.75,7671.25,7670.5,7671.25,178
2026-09-16 01:36:00-04:00,7671.0,7672.0,7670.75,7671.25,133
2026-09-16 01:37:00-04:00,7671.0,7671.25,7670.25,7670.75,66
2026-09-16 01:38:00-04:00,7670.75,7671.25,7670.5,7671.25,42
2026-09-16 01:39:00-04:00,7671.25,7671.5,7671.0,7671.25,64
2026-09-16 01:40:00-04:00,7671.25,7672.5,7671.25,7672.5,139
2026-09-16 01:41:00-04:00,7672.25,7672.5,7671.75,7672.25,58
2026-09-16 01:42:00-04:00,7672.0,7672.25,7671.5,7672.25,84
2026-09-16 01:43:00-04:00,7672.0,7672.0,7671.5,7671.75,29
2026-09-16 01:44:00-04:00,7672.0,7673.75,7672.0,7673.5,225
2026-09-16 01:45:00-04:00,7673.5,7673.75,7673.0,7673.5,113
2026-09-16 01:46:00-04:00,7673.5,7674.0,7673.25,7673.25,65
2026-09-16 01:47:00-04:00,7673.75,7673.75,7672.0,7672.0,111
2026-09-16 01:48:00-04:00,7672.25,7672.25,7671.75,7671.75,60
2026-09-16 01:49:00-04:00,7671.75,7672.0,7670.0,7670.25,101
2026-09-16 01:50:00-04:00,7670.25,7671.0,7670.25,7670.5,85
2026-09-16 01:51:00-04:00,7670.5,7671.25,7670.25,7671.0,198
2026-09-16 01:52:00-04:00,7670.75,7671.0,7669.75,7669.75,81
2026-09-16 01:53:00-04:00,7670.0,7670.75,7670.0,7670.5,96
2026-09-16 01:54:00-04:00,7670.5,7671.75,7670.5,7671.5,93
2026-09-16 01:55:00-04:00,7671.5,7672.0,7671.25,7671.75,44
2026-09-16 01:56:00-04:00,7671.75,7671.75,7671.0,7671.75,68
2026-09-16 01:57:00-04:00,7672.0,7672.0,7671.5,7671.75,21
2026-09-16 01:58:00-04:00,7671.75,7671.75,7671.0,7671.25,46
2026-09-16 01:59:00-04:00,7671.25,7671.25,7670.5,7670.75,85
2026-09-16 02:00:00-04:00,7670.5,7674.0,7670.25,7674.0,436
2026-09-16 02:01:00-04:00,7673.75,7674.25,7673.0,7673.75,218
2026-09-16 02:02:00-04:00,7674.0,7674.0,7672.75,7673.0,109
2026-09-16 02:03:00-04:00,7672.75,7672.75,7669.25,7670.0,195
2026-09-16 02:04:00-04:00,7670.0,7670.5,7669.5,7670.25,84
2026-09-16 02:05:00-04:00,7670.25,7671.25,7670.25,7671.25,111
2026-09-16 02:06:00-04:00,7671.0,7672.75,7670.5,7672.5,131
2026-09-16 02:07:00-04:00,7672.75,7673.25,7671.75,7673.0,105
2026-09-16 02:08:00-04:00,7673.25,7674.25,7672.25,7672.5,186
2026-09-16 02:09:00-04:00,7672.75,7673.0,7672.0,7673.0,62
2026-09-16 02:10:00-04:00,7673.0,7673.75,7672.75,7673.5,109
2026-09-16 02:11:00-04:00,7673.75,7674.25,7673.25,7674.25,79
2026-09-16 02:12:00-04:00,7674.0,7675.0,7673.75,7674.75,333
2026-09-16 02:13:00-04:00,7674.75,7675.25,7674.5,7674.75,147
2026-09-16 02:14:00-04:00,7674.75,7675.0,7673.5,7673.5,79
2026-09-16 02:15:00-04:00,7673.5,7673.75,7672.25,7672.25,99
2026-09-16 02:16:00-04:00,7672.5,7673.0,7672.25,7673.0,73
2026-09-16 02:17:00-04:00,7672.75,7673.25,7672.25,7672.5,111
2026-09-16 02:18:00-04:00,7672.25,7673.75,7672.25,7673.25,138
2026-09-16 02:19:00-04:00,7673.25,7674.25,7672.5,7674.25,95
2026-09-16 02:20:00-04:00,7674.0,7674.25,7673.75,7674.0,69
2026-09-16 02:21:00-04:00,7674.0,7674.25,7672.75,7673.5,74
2026-09-16 02:22:00-04:00,7673.5,7673.5,7672.5,7672.75,48
2026-09-16 02:23:00-04:00,7672.5,7672.75,7671.0,7671.5,140
2026-09-16 02:24:00-04:00,7671.5,7672.0,7671.25,7672.0,52
2026-09-16 02:25:00-04:00,7672.0,7672.5,7671.75,7672.5,61
2026-09-16 02:26:00-04:00,7672.25,7672.75,7671.75,7671.75,160
2026-09-16 02:27:00-04:00,7671.75,7671.75,7669.75,7670.25,127
2026-09-16 02:28:00-04:00,7670.25,7670.5,7669.75,7670.25,116
2026-09-16 02:29:00-04:00,7670.5,7671.75,7670.0,7671.5,115
2026-09-16 02:30:00-04:00,7671.5,7671.5,7670.25,7671.5,207
2026-09-16 02:31:00-04:00,7672.0,7672.0,7670.5,7670.5,100
2026-09-16 02:32:00-04:00,7670.25,7671.0,7669.75,7670.5,81
2026-09-16 02:33:00-04:00,7671.0,7671.0,7670.0,7670.5,33
2026-09-16 02:34:00-04:00,7670.75,7672.0,7670.5,7671.75,115
2026-09-16 02:35:00-04:00,7671.5,7671.5,7670.5,7670.75,61
2026-09-16 02:36:00-04:00,7671.0,7671.25,7670.0,7670.25,142
2026-09-16 02:37:00-04:00,7670.0,7670.75,7670.0,7670.5,46
2026-09-16 02:38:00-04:00,7670.5,7671.75,7670.25,7671.0,99
2026-09-16 02:39:00-04:00,7671.0,7671.0,7670.5,7670.75,70
2026-09-16 02:40:00-04:00,7671.0,7671.0,7670.0,7670.0,63
2026-09-16 02:41:00-04:00,7670.25,7670.5,7669.5,7669.5,73
2026-09-16 02:42:00-04:00,7669.5,7670.25,7669.5,7670.0,103
2026-09-16 02:43:00-04:00,7670.0,7670.5,7670.0,7670.0,99
2026-09-16 02:44:00-04:00,7670.25,7671.25,7670.25,7671.0,67
2026-09-16 02:45:00-04:00,7671.0,7671.25,7670.75,7671.25,75
2026-09-16 02:46:00-04:00,7671.25,7671.5,7670.0,7670.0,77
2026-09-16 02:47:00-04:00,7670.75,7670.75,7670.25,7670.5,47
2026-09-16 02:48:00-04:00,7670.5,7671.75,7669.5,7671.5,99
2026-09-16 02:49:00-04:00,7671.25,7671.5,7671.0,7671.0,130
2026-09-16 02:50:00-04:00,7670.75,7672.25,7670.75,7671.5,50
2026-09-16 02:51:00-04:00,7671.75,7673.75,7671.75,7673.5,101
2026-09-16 02:52:00-04:00,7673.5,7674.5,7673.0,7673.0,120
2026-09-16 02:53:00-04:00,7673.0,7673.0,7672.0,7672.5,57
2026-09-16 02:54:00-04:00,7672.5,7672.75,7672.5,7672.75,24
2026-09-16 02:55:00-04:00,7672.75,7673.25,7672.5,7673.0,48
2026-09-16 02:56:00-04:00,7673.0,7673.0,7672.0,7672.25,36
2026-09-16 02:57:00-04:00,7672.25,7673.0,7672.25,7672.75,29
2026-09-16 02:58:00-04:00,7672.75,7673.0,7672.5,7672.75,52
2026-09-16 02:59:00-04:00,7672.75,7674.25,7672.75,7673.75,133
2026-09-16 03:00:00-04:00,7673.75,7675.5,7672.5,7675.0,518
2026-09-16 03:01:00-04:00,7675.0,7676.5,7674.5,7675.75,276
2026-09-16 03:02:00-04:00,7675.5,7676.25,7674.75,7675.75,175
2026-09-16 03:03:00-04:00,7675.75,7677.75,7675.5,7677.75,321
2026-09-16 03:04:00-04:00,7677.75,7678.0,7677.0,7677.5,204
2026-09-16 03:05:00-04:00,7677.5,7677.75,7677.0,7677.5,181
2026-09-16 03:06:00-04:00,7677.25,7677.25,7674.25,7675.75,660
2026-09-16 03:07:00-04:00,7675.75,7676.25,7675.0,7676.25,132
2026-09-16 03:08:00-04:00,7676.0,7676.25,7674.75,7676.0,192
2026-09-16 03:09:00-04:00,7676.25,7676.5,7676.0,7676.25,62
2026-09-16 03:10:00-04:00,7676.25,7677.0,7675.5,7676.25,189
2026-09-16 03:11:00-04:00,7676.25,7676.5,7675.25,7675.75,69
2026-09-16 03:12:00-04:00,7675.5,7677.0,7675.5,7676.75,186
2026-09-16 03:13:00-04:00,7677.0,7677.5,7676.0,7676.25,156
2026-09-16 03:14:00-04:00,7676.25,7676.5,7675.25,7676.5,401
2026-09-16 03:15:00-04:00,7676.5,7676.75,7676.0,7676.0,100
2026-09-16 03:16:00-04:00,7676.0,7676.0,7674.5,7675.5,198
2026-09-16 03:17:00-04:00,7675.5,7676.5,7675.5,7676.0,125
2026-09-16 03:18:00-04:00,7675.75,7675.75,7672.75,7672.75,229
2026-09-16 03:19:00-04:00,7673.0,7674.0,7672.25,7672.25,222
2026-09-16 03:20:00-04:00,7672.25,7673.0,7671.75,7673.0,153
2026-09-16 03:21:00-04:00,7673.0,7673.75,7672.75,7673.75,113
2026-09-16 03:22:00-04:00,7673.5,7674.25,7673.5,7673.5,70
2026-09-16 03:23:00-04:00,7673.75,7675.75,7673.75,7674.75,239
2026-09-16 03:24:00-04:00,7673.75,7675.5,7673.75,7674.75,87
2026-09-16 03:25:00-04:00,7674.25,7674.75,7674.25,7674.75,89
2026-09-16 03:26:00-04:00,7674.75,7675.75,7674.25,7674.25,68
2026-09-16 03:27:00-04:00,7674.5,7675.25,7674.25,7674.5,77
2026-09-16 03:28:00-04:00,7674.75,7675.5,7674.75,7675.25,25
2026-09-16 03:29:00-04:00,7675.25,7675.25,7674.25,7674.5,41
2026-09-16 03:30:00-04:00,7674.75,7676.75,7674.5,7675.75,190
2026-09-16 03:31:00-04:00,7675.75,7676.5,7674.75,7675.0,157
2026-09-16 03:32:00-04:00,7675.25,7675.75,7675.0,7675.0,44
2026-09-16 03:33:00-04:00,7675.0,7675.25,7674.5,7674.5,147
2026-09-16 03:34:00-04:00,7674.25,7675.0,7674.25,7674.75,54
2026-09-16 03:35:00-04:00,7675.25,7675.25,7674.25,7674.75,75
2026-09-16 03:36:00-04:00,7674.5,7675.0,7674.0,7674.25,99
2026-09-16 03:37:00-04:00,7674.25,7674.5,7673.5,7674.25,211
2026-09-16 03:38:00-04:00,7674.0,7674.25,7673.75,7673.75,24
2026-09-16 03:39:00-04:00,7673.5,7673.75,7672.75,7673.25,114
2026-09-16 03:40:00-04:00,7673.0,7673.75,7673.0,7673.25,50
2026-09-16 03:41:00-04:00,7673.0,7673.25,7672.0,7672.5,111
2026-09-16 03:42:00-04:00,7672.25,7672.5,7672.0,7672.5,83
2026-09-16 03:43:00-04:00,7672.25,7672.75,7672.25,7672.75,48
2026-09-16 03:44:00-04:00,7673.0,7673.0,7672.25,7672.25,110
2026-09-16 03:45:00-04:00,7672.5,7672.75,7671.5,7671.75,122
2026-09-16 03:46:00-04:00,7672.0,7672.5,7671.75,7672.25,63
2026-09-16 03:47:00-04:00,7672.25,7673.0,7672.25,7672.75,66
2026-09-16 03:48:00-04:00,7672.5,7672.75,7672.5,7672.75,14
2026-09-16 03:49:00-04:00,7672.5,7672.5,7672.0,7672.0,53
2026-09-16 03:50:00-04:00,7672.0,7672.0,7671.5,7671.75,67
2026-09-16 03:51:00-04:00,7671.75,7671.75,7670.75,7671.25,127
2026-09-16 03:52:00-04:00,7671.25,7672.0,7671.0,7671.5,23
2026-09-16 03:53:00-04:00,7671.25,7672.0,7671.0,7671.0,102
2026-09-16 03:54:00-04:00,7671.0,7671.0,7669.75,7669.75,168
2026-09-16 03:55:00-04:00,7669.75,7672.0,7669.75,7672.0,100
2026-09-16 03:56:00-04:00,7672.0,7672.75,7671.75,7672.75,106
2026-09-16 03:57:00-04:00,7672.5,7673.0,7672.25,7672.75,74
2026-09-16 03:58:00-04:00,7672.5,7672.5,7671.0,7671.0,68
2026-09-16 03:59:00-04:00,7670.75,7671.25,7670.75,7670.75,77
2026-09-16 04:00:00-04:00,7670.5,7671.0,7670.0,7670.5,144
2026-09-16 04:01:00-04:00,7670.75,7670.75,7669.25,7670.0,197
2026-09-16 04:02:00-04:00,7670.0,7670.25,7669.0,7669.5,194
2026-09-16 04:03:00-04:00,7669.25,7670.25,7668.75,7669.25,277
2026-09-16 04:04:00-04:00,7669.25,7669.5,7667.0,7667.25,303
2026-09-16 04:05:00-04:00,7667.0,7668.25,7667.0,7667.0,138
2026-09-16 04:06:00-04:00,7667.25,7667.5,7665.75,7667.0,291
2026-09-16 04:07:00-04:00,7667.0,7667.0,7665.25,7665.75,210
2026-09-16 04:08:00-04:00,7665.75,7666.5,7665.0,7665.75,250
2026-09-16 04:09:00-04:00,7665.5,7666.5,7665.25,7666.5,142
2026-09-16 04:10:00-04:00,7666.0,7666.0,7665.0,7665.25,107
2026-09-16 04:11:00-04:00,7665.25,7665.25,7663.5,7665.25,352
2026-09-16 04:12:00-04:00,7665.25,7666.5,7664.75,7666.0,180
2026-09-16 04:13:00-04:00,7666.0,7666.25,7665.25,7666.25,235
2026-09-16 04:14:00-04:00,7666.5,7666.5,7665.75,7666.0,88
2026-09-16 04:15:00-04:00,7666.25,7667.75,7665.75,7667.0,203
2026-09-16 04:16:00-04:00,7666.75,7668.25,7666.75,7668.0,131
2026-09-16 04:17:00-04:00,7668.25,7670.0,7668.0,7669.75,241
2026-09-16 04:18:00-04:00,7669.5,7669.75,7668.5,7668.75,183
2026-09-16 04:19:00-04:00,7668.75,7672.25,7666.75,7668.5,2376
2026-09-16 04:20:00-04:00,7668.5,7670.0,7667.0,7667.5,1300
2026-09-16 04:21:00-04:00,7667.5,7671.25,7666.5,7669.75,1174
2026-09-16 04:22:00-04:00,7669.75,7671.0,7669.0,7670.0,569
2026-09-16 04:23:00-04:00,7670.0,7670.0,7667.25,7667.5,313
2026-09-16 04:24:00-04:00,7667.5,7667.5,7666.5,7666.75,127
2026-09-16 04:25:00-04:00,7666.75,7667.25,7666.0,7666.5,180
2026-09-16 04:26:00-04:00,7666.75,7666.75,7665.25,7666.0,235
2026-09-16 04:27:00-04:00,7666.25,7667.75,7665.75,7667.0,174
2026-09-16 04:28:00-04:00,7667.5,7667.5,7666.25,7666.5,165
2026-09-16 04:29:00-04:00,7666.25,7668.75,7666.0,7668.5,276
2026-09-16 04:30:00-04:00,7668.5,7669.75,7667.5,7669.75,286
2026-09-16 04:31:00-04:00,7669.5,7671.0,7668.75,7670.5,225
2026-09-16 04:32:00-04:00,7670.5,7670.5,7668.5,7668.5,291
2026-09-16 04:33:00-04:00,7668.75,7668.75,7666.75,7667.0,203
2026-09-16 04:34:00-04:00,7667.0,7667.75,7666.25,7667.75,210
2026-09-16 04:35:00-04:00,7667.75,7668.5,7667.75,7667.75,136
2026-09-16 04:36:00-04:00,7668.0,7668.0,7667.0,7667.5,160
2026-09-16 04:37:00-04:00,7667.5,7668.0,7667.25,7667.25,125
2026-09-16 04:38:00-04:00,7667.5,7667.5,7666.0,7666.0,128
2026-09-16 04:39:00-04:00,7666.0,7666.5,7666.0,7666.0,92
2026-09-16 04:40:00-04:00,7665.75,7667.0,7665.5,7667.0,436
2026-09-16 04:41:00-04:00,7667.0,7668.0,7666.75,7668.0,73
2026-09-16 04:42:00-04:00,7667.75,7667.75,7666.5,7667.5,125
2026-09-16 04:43:00-04:00,7667.75,7670.25,7667.75,7669.25,186
2026-09-16 04:44:00-04:00,7669.25,7670.25,7669.0,7670.25,93
2026-09-16 04:45:00-04:00,7670.25,7671.0,7669.75,7670.5,170
2026-09-16 04:46:00-04:00,7670.5,7671.0,7669.25,7670.25,158
2026-09-16 04:47:00-04:00,7670.0,7670.5,7669.25,7669.5,82
2026-09-16 04:48:00-04:00,7669.75,7671.0,7669.25,7670.25,76
2026-09-16 04:49:00-04:00,7670.0,7670.5,7668.75,7669.0,60
2026-09-16 04:50:00-04:00,7669.0,7669.5,7669.0,7669.25,109
2026-09-16 04:51:00-04:00,7669.25,7669.75,7668.75,7669.5,87
2026-09-16 04:52:00-04:00,7669.5,7670.25,7669.5,7670.25,36
2026-09-16 04:53:00-04:00,7670.25,7671.25,7670.0,7671.0,141
2026-09-16 04:54:00-04:00,7671.25,7672.25,7671.0,7671.75,222
2026-09-16 04:55:00-04:00,7671.5,7672.5,7671.25,7671.75,166
2026-09-16 04:56:00-04:00,7672.0,7672.5,7671.75,7672.0,88
2026-09-16 04:57:00-04:00,7672.25,7673.5,7672.0,7673.25,116
2026-09-16 04:58:00-04:00,7673.0,7673.0,7671.5,7672.0,242
2026-09-16 04:59:00-04:00,7672.0,7672.5,7672.0,7672.5,46
2026-09-16 05:00:00-04:00,7672.75,7673.0,7671.75,7672.5,220
2026-09-16 05:01:00-04:00,7672.25,7672.5,7671.75,7672.25,129
2026-09-16 05:02:00-04:00,7672.0,7672.75,7670.75,7672.75,209
2026-09-16 05:03:00-04:00,7672.75,7673.25,7672.25,7672.75,83
2026-09-16 05:04:00-04:00,7672.75,7672.75,7671.75,7672.75,129
2026-09-16 05:05:00-04:00,7672.75,7673.75,7672.75,7672.75,138
2026-09-16 05:06:00-04:00,7672.5,7672.75,7672.0,7672.0,81
2026-09-16 05:07:00-04:00,7672.0,7672.25,7671.0,7671.75,101
2026-09-16 05:08:00-04:00,7671.75,7671.75,7671.0,7671.5,66
2026-09-16 05:09:00-04:00,7671.25,7672.75,7671.25,7672.25,367
2026-09-16 05:10:00-04:00,7672.0,7672.5,7671.25,7672.0,60
2026-09-16 05:11:00-04:00,7672.25,7672.25,7671.0,7671.0,109
2026-09-16 05:12:00-04:00,7670.75,7671.25,7670.75,7671.0,107
2026-09-16 05:13:00-04:00,7670.75,7670.75,7669.25,7669.75,173
2026-09-16 05:14:00-04:00,7669.75,7669.75,7669.0,7669.5,138
2026-09-16 05:15:00-04:00,7669.25,7669.75,7669.0,7669.25,97
2026-09-16 05:16:00-04:00,7669.25,7669.5,7668.25,7669.0,166
2026-09-16 05:17:00-04:00,7668.75,7668.75,7668.0,7668.25,147
2026-09-16 05:18:00-04:00,7668.25,7668.25,7666.25,7666.5,230
2026-09-16 05:19:00-04:00,7666.5,7666.5,7665.75,7665.75,202
2026-09-16 05:20:00-04:00,7665.75,7667.0,7665.5,7667.0,167
2026-09-16 05:21:00-04:00,7667.0,7667.75,7666.75,7667.5,116
2026-09-16 05:22:00-04:00,7667.75,7668.0,7667.0,7667.0,76
2026-09-16 05:23:00-04:00,7667.25,7667.75,7666.5,7666.5,100
2026-09-16 05:24:00-04:00,7666.5,7666.75,7665.5,7665.75,185
2026-09-16 05:25:00-04:00,7666.0,7669.0,7665.5,7668.0,1205
2026-09-16 05:26:00-04:00,7668.25,7670.0,7668.25,7668.75,652
2026-09-16 05:27:00-04:00,7668.75,7671.0,7667.75,7669.75,430
2026-09-16 05:28:00-04:00,7669.0,7669.0,7667.0,7667.75,173
2026-09-16 05:29:00-04:00,7667.75,7668.0,7667.0,7667.5,96
2026-09-16 05:30:00-04:00,7667.5,7668.0,7667.25,7667.5,120
2026-09-16 05:31:00-04:00,7667.75,7668.5,7667.0,7667.5,158
2026-09-16 05:32:00-04:00,7667.5,7669.5,7667.5,7669.25,247
2026-09-16 05:33:00-04:00,7669.0,7669.25,7668.25,7669.25,88
2026-09-16 05:34:00-04:00,7669.0,7669.5,7668.5,7669.0,68
2026-09-16 05:35:00-04:00,7669.25,7669.5,7669.0,7669.0,98
2026-09-16 05:36:00-04:00,7669.0,7669.5,7668.5,7669.0,245
2026-09-16 05:37:00-04:00,7668.75,7670.5,7668.75,7669.5,165
2026-09-16 05:38:00-04:00,7669.5,7670.5,7669.5,7669.75,81
2026-09-16 05:39:00-04:00,7669.75,7672.0,7669.75,7671.75,234
2026-09-16 05:40:00-04:00,7671.75,7673.25,7671.25,7672.75,278
2026-09-16 05:41:00-04:00,7673.0,7673.5,7673.0,7673.0,86
2026-09-16 05:42:00-04:00,7673.0,7673.5,7672.25,7673.5,127
2026-09-16 05:43:00-04:00,7673.5,7674.75,7673.5,7674.5,203
2026-09-16 05:44:00-04:00,7674.75,7674.75,7673.5,7673.5,88
2026-09-16 05:45:00-04:00,7673.75,7673.75,7670.75,7671.25,222
2026-09-16 05:46:00-04:00,7671.0,7671.5,7670.5,7671.25,104
2026-09-16 05:47:00-04:00,7671.25,7671.5,7671.0,7671.0,102
2026-09-16 05:48:00-04:00,7671.5,7672.0,7671.0,7671.75,118
2026-09-16 05:49:00-04:00,7671.75,7672.0,7671.75,7671.75,54
2026-09-16 05:50:00-04:00,7672.0,7672.75,7672.0,7672.5,109
2026-09-16 05:51:00-04:00,7672.75,7673.5,7672.5,7673.25,100
2026-09-16 05:52:00-04:00,7673.0,7674.0,7673.0,7673.75,111
2026-09-16 05:53:00-04:00,7674.0,7674.25,7673.5,7674.0,115
2026-09-16 05:54:00-04:00,7673.75,7674.0,7673.5,7673.75,64
2026-09-16 05:55:00-04:00,7673.75,7674.25,7673.5,7674.0,49
2026-09-16 05:56:00-04:00,7674.0,7674.25,7674.0,7674.25,79
2026-09-16 05:57:00-04:00,7674.5,7675.0,7674.25,7674.5,51
2026-09-16 05:58:00-04:00,7674.75,7675.0,7674.5,7675.0,76
2026-09-16 05:59:00-04:00,7674.75,7674.75,7673.25,7673.25,139
2026-09-16 06:00:00-04:00,7673.0,7673.5,7672.75,7673.5,103
2026-09-16 06:01:00-04:00,7673.5,7674.0,7672.75,7673.0,170
2026-09-16 06:02:00-04:00,7673.0,7673.25,7672.25,7672.75,55
2026-09-16 06:03:00-04:00,7672.75,7673.25,7672.75,7673.25,20
2026-09-16 06:04:00-04:00,7673.25,7673.25,7671.25,7671.25,102
2026-09-16 06:05:00-04:00,7671.0,7671.75,7670.25,7670.5,221
2026-09-16 06:06:00-04:00,7670.5,7672.0,7670.0,7672.0,172
2026-09-16 06:07:00-04:00,7671.75,7672.5,7671.25,7672.25,175
2026-09-16 06:08:00-04:00,7672.5,7672.5,7671.75,7672.5,103
2026-09-16 06:09:00-04:00,7672.5,7673.5,7672.5,7673.0,173
2026-09-16 06:10:00-04:00,7673.0,7673.25,7672.0,7672.0,83
2026-09-16 06:11:00-04:00,7672.25,7673.25,7672.25,7673.25,349
2026-09-16 06:12:00-04:00,7673.25,7673.75,7671.75,7671.75,157
2026-09-16 06:13:00-04:00,7671.75,7671.75,7669.5,7671.5,314
2026-09-16 06:14:00-04:00,7671.25,7671.75,7670.75,7671.75,135
2026-09-16 06:15:00-04:00,7671.75,7672.75,7671.5,7671.75,110
2026-09-16 06:16:00-04:00,7671.5,7671.5,7670.75,7671.25,167
2026-09-16 06:17:00-04:00,7671.0,7671.25,7670.5,7671.0,87
2026-09-16 06:18:00-04:00,7670.75,7671.25,7670.75,7671.25,40
2026-09-16 06:19:00-04:00,7671.5,7672.25,7671.25,7672.25,106
2026-09-16 06:20:00-04:00,7672.25,7673.25,7671.5,7672.5,266
2026-09-16 06:21:00-04:00,7672.5,7672.75,7672.25,7672.75,43
2026-09-16 06:22:00-04:00,7672.5,7672.5,7671.5,7671.5,121
2026-09-16 06:23:00-04:00,7671.5,7672.0,7671.0,7671.75,137
2026-09-16 06:24:00-04:00,7671.75,7672.25,7671.75,7672.0,40
2026-09-16 06:25:00-04:00,7671.75,7672.0,7671.5,7671.75,12
2026-09-16 06:26:00-04:00,7671.75,7672.5,7671.5,7672.5,85
2026-09-16 06:27:00-04:00,7672.75,7673.0,7671.75,7672.0,113
2026-09-16 06:28:00-04:00,7672.25,7672.5,7672.0,7672.5,78
2026-09-16 06:29:00-04:00,7672.5,7673.0,7672.25,7673.0,81
2026-09-16 06:30:00-04:00,7672.75,7673.0,7672.0,7672.25,46
2026-09-16 06:31:00-04:00,7672.25,7673.0,7672.25,7672.75,17
2026-09-16 06:32:00-04:00,7673.0,7673.0,7672.0,7672.5,81
2026-09-16 06:33:00-04:00,7672.5,7673.0,7672.0,7672.25,111
2026-09-16 06:34:00-04:00,7672.25,7672.5,7671.75,7671.75,29
2026-09-16 06:35:00-04:00,7672.25,7672.5,7671.75,7671.75,94
2026-09-16 06:36:00-04:00,7672.0,7672.5,7671.75,7672.25,90
2026-09-16 06:37:00-04:00,7672.5,7673.25,7672.0,7672.75,78
2026-09-16 06:38:00-04:00,7673.0,7673.0,7672.75,7672.75,57
2026-09-16 06:39:00-04:00,7672.75,7673.25,7672.25,7673.25,108
2026-09-16 06:40:00-04:00,7673.25,7673.75,7672.75,7673.75,88
2026-09-16 06:41:00-04:00,7673.5,7673.5,7673.0,7673.25,47
2026-09-16 06:42:00-04:00,7673.25,7673.25,7673.0,7673.25,53
2026-09-16 06:43:00-04:00,7673.25,7673.25,7673.0,7673.0,60
2026-09-16 06:44:00-04:00,7673.25,7673.5,7673.0,7673.5,129
2026-09-16 06:45:00-04:00,7673.25,7673.25,7673.0,7673.25,71
2026-09-16 06:46:00-04:00,7673.25,7673.5,7672.0,7672.0,163
2026-09-16 06:47:00-04:00,7672.0,7673.25,7672.0,7673.25,50
2026-09-16 06:48:00-04:00,7672.75,7673.25,7672.75,7673.0,35
2026-09-16 06:49:00-04:00,7673.0,7673.25,7673.0,7673.0,55
2026-09-16 06:50:00-04:00,7673.0,7673.25,7672.75,7672.75,46
2026-09-16 06:51:00-04:00,7672.5,7672.75,7672.25,7672.75,92
2026-09-16 06:52:00-04:00,7672.5,7672.5,7672.0,7672.0,31
2026-09-16 06:53:00-04:00,7672.0,7672.5,7671.75,7672.25,70
2026-09-16 06:54:00-04:00,7672.0,7672.25,7671.5,7672.0,60
2026-09-16 06:55:00-04:00,7672.0,7672.25,7671.75,7672.0,20
2026-09-16 06:56:00-04:00,7672.25,7672.75,7672.25,7672.25,27
2026-09-16 06:57:00-04:00,7672.5,7672.75,7672.25,7672.25,49
2026-09-16 06:58:00-04:00,7672.5,7673.0,7672.5,7672.75,69
2026-09-16 06:59:00-04:00,7672.5,7677.25,7671.75,7676.5,954
2026-09-16 07:00:00-04:00,7676.5,7681.5,7676.0,7680.0,5816
2026-09-16 07:01:00-04:00,7680.0,7680.0,7675.5,7676.0,991
2026-09-16 07:02:00-04:00,7676.0,7676.75,7675.0,7675.5,394
2026-09-16 07:03:00-04:00,7675.5,7675.75,7674.5,7675.75,315
2026-09-16 07:04:00-04:00,7675.5,7676.25,7674.75,7675.75,210
2026-09-16 07:05:00-04:00,7675.75,7676.75,7675.25,7675.25,162
2026-09-16 07:06:00-04:00,7675.25,7675.25,7674.75,7674.75,233
2026-09-16 07:07:00-04:00,7674.5,7674.75,7673.75,7674.5,256
2026-09-16 07:08:00-04:00,7674.75,7675.5,7673.25,7675.0,490
2026-09-16 07:09:00-04:00,7674.5,7678.0,7674.5,7676.5,601
2026-09-16 07:10:00-04:00,7676.25,7677.25,7676.25,7676.75,190
2026-09-16 07:11:00-04:00,7676.75,7676.75,7674.5,7675.0,211
2026-09-16 07:12:00-04:00,7675.0,7675.75,7674.75,7675.5,85
2026-09-16 07:13:00-04:00,7675.5,7675.5,7674.25,7674.25,80
2026-09-16 07:14:00-04:00,7674.25,7674.25,7673.5,7673.5,146
2026-09-16 07:15:00-04:00,7673.75,7673.75,7672.0,7672.25,282
2026-09-16 07:16:00-04:00,7672.5,7673.0,7672.25,7672.75,79
2026-09-16 07:17:00-04:00,7672.75,7674.0,7672.75,7673.0,166
2026-09-16 07:18:00-04:00,7673.25,7673.75,7672.5,7673.25,120
2026-09-16 07:19:00-04:00,7673.0,7674.25,7672.75,7674.0,119
2026-09-16 07:20:00-04:00,7674.0,7674.5,7673.5,7674.0,177
2026-09-16 07:21:00-04:00,7673.75,7674.0,7673.0,7673.25,221
2026-09-16 07:22:00-04:00,7673.25,7673.5,7672.75,7673.25,109
2026-09-16 07:23:00-04:00,7673.5,7674.5,7673.25,7674.5,127
2026-09-16 07:24:00-04:00,7674.75,7675.25,7674.5,7674.75,131
2026-09-16 07:25:00-04:00,7675.0,7676.25,7674.5,7676.0,113
2026-09-16 07:26:00-04:00,7675.75,7676.25,7675.5,7675.75,101
2026-09-16 07:27:00-04:00,7676.0,7676.5,7675.75,7676.0,88
2026-09-16 07:28:00-04:00,7676.25,7676.25,7674.75,7676.0,103
2026-09-16 07:29:00-04:00,7676.0,7676.25,7675.25,7675.25,87
2026-09-16 07:30:00-04:00,7675.5,7675.75,7674.75,7675.0,205
2026-09-16 07:31:00-04:00,7675.25,7676.0,7675.0,7675.75,141
2026-09-16 07:32:00-04:00,7675.5,7676.5,7675.0,7675.5,201
2026-09-16 07:33:00-04:00,7675.75,7677.75,7675.75,7677.25,258
2026-09-16 07:34:00-04:00,7677.25,7677.75,7676.75,7677.5,140
2026-09-16 07:35:00-04:00,7677.5,7677.5,7676.75,7677.25,169
2026-09-16 07:36:00-04:00,7677.25,7678.0,7677.25,7678.0,156
2026-09-16 07:37:00-04:00,7678.25,7679.5,7677.5,7677.75,286
2026-09-16 07:38:00-04:00,7678.0,7678.25,7677.25,7678.25,216
2026-09-16 07:39:00-04:00,7678.25,7679.0,7678.0,7678.5,167
2026-09-16 07:40:00-04:00,7678.75,7679.0,7675.25,7678.0,2098
2026-09-16 07:41:00-04:00,7678.0,7680.5,7677.75,7678.25,543
2026-09-16 07:42:00-04:00,7678.5,7679.25,7677.0,7679.0,260
2026-09-16 07:43:00-04:00,7679.25,7681.0,7679.25,7680.75,264
2026-09-16 07:44:00-04:00,7680.5,7680.5,7679.25,7680.0,257
2026-09-16 07:45:00-04:00,7680.25,7680.5,7679.5,7680.25,225
2026-09-16 07:46:00-04:00,7680.5,7680.75,7679.75,7680.5,144
2026-09-16 07:47:00-04:00,7680.5,7681.25,7680.0,7680.75,117
2026-09-16 07:48:00-04:00,7680.75,7681.25,7680.0,7680.0,152
2026-09-16 07:49:00-04:00,7680.0,7681.0,7680.0,7680.75,121
2026-09-16 07:50:00-04:00,7681.0,7681.25,7680.5,7681.25,155
2026-09-16 07:51:00-04:00,7681.0,7682.0,7680.75,7681.75,201
2026-09-16 07:52:00-04:00,7681.75,7682.5,7681.0,7682.5,393
2026-09-16 07:53:00-04:00,7682.25,7682.5,7681.75,7682.0,209
2026-09-16 07:54:00-04:00,7682.0,7682.75,7682.0,7682.75,149
2026-09-16 07:55:00-04:00,7682.75,7683.0,7682.25,7682.25,290
2026-09-16 07:56:00-04:00,7682.25,7683.0,7682.0,7682.75,157
2026-09-16 07:57:00-04:00,7682.5,7683.5,7682.0,7682.25,277
2026-09-16 07:58:00-04:00,7682.25,7682.75,7681.5,7682.5,293
2026-09-16 07:59:00-04:00,7682.25,7683.25,7682.25,7683.25,239
2026-09-16 08:00:00-04:00,7683.0,7684.0,7682.75,7683.0,332
2026-09-16 08:01:00-04:00,7683.25,7686.0,7683.0,7684.5,1521
2026-09-16 08:02:00-04:00,7684.5,7684.5,7682.25,7683.0,647
2026-09-16 08:03:00-04:00,7683.0,7683.5,7682.75,7683.5,215
2026-09-16 08:04:00-04:00,7683.25,7684.25,7682.75,7684.0,368
2026-09-16 08:05:00-04:00,7684.0,7684.0,7682.75,7683.0,292
2026-09-16 08:06:00-04:00,7683.25,7684.5,7683.0,7684.5,236
2026-09-16 08:07:00-04:00,7684.5,7686.0,7684.5,7685.5,447
2026-09-16 08:08:00-04:00,7685.5,7686.5,7685.25,7685.25,288
2026-09-16 08:09:00-04:00,7685.25,7685.75,7685.0,7685.5,169
2026-09-16 08:10:00-04:00,7685.0,7685.5,7684.5,7684.75,212
2026-09-16 08:11:00-04:00,7685.0,7685.5,7684.25,7684.75,206
2026-09-16 08:12:00-04:00,7684.75,7685.0,7684.5,7685.0,182
2026-09-16 08:13:00-04:00,7684.75,7685.0,7683.75,7684.0,503
2026-09-16 08:14:00-04:00,7684.0,7684.0,7683.0,7683.0,250
2026-09-16 08:15:00-04:00,7683.0,7684.0,7683.0,7683.75,182
2026-09-16 08:16:00-04:00,7683.5,7683.75,7682.75,7683.5,242
2026-09-16 08:17:00-04:00,7683.5,7684.0,7682.5,7682.75,224
2026-09-16 08:18:00-04:00,7682.75,7684.25,7681.75,7682.0,1280
2026-09-16 08:19:00-04:00,7682.25,7683.25,7682.25,7683.0,365
2026-09-16 08:20:00-04:00,7683.0,7683.25,7681.0,7682.0,523
2026-09-16 08:21:00-04:00,7682.0,7682.75,7681.25,7682.25,391
2026-09-16 08:22:00-04:00,7682.25,7682.5,7681.25,7682.5,178
2026-09-16 08:23:00-04:00,7682.5,7682.75,7681.25,7681.25,517
2026-09-16 08:24:00-04:00,7681.25,7681.25,7679.5,7680.0,715
2026-09-16 08:25:00-04:00,7680.0,7681.25,7679.75,7681.0,434
2026-09-16 08:26:00-04:00,7681.0,7681.5,7680.75,7681.0,95
2026-09-16 08:27:00-04:00,7681.25,7682.25,7680.5,7681.0,627
2026-09-16 08:28:00-04:00,7681.0,7681.75,7681.0,7681.75,161
2026-09-16 08:29:00-04:00,7681.75,7684.0,7681.75,7683.5,460
2026-09-16 08:30:00-04:00,7683.5,7684.25,7682.0,7683.0,730
2026-09-16 08:31:00-04:00,7683.25,7683.25,7681.25,7682.0,753
2026-09-16 08:32:00-04:00,7682.0,7682.0,7679.75,7680.0,686
2026-09-16 08:33:00-04:00,7680.0,7681.75,7679.25,7681.5,602
2026-09-16 08:34:00-04:00,7681.5,7682.0,7680.75,7681.25,223
2026-09-16 08:35:00-04:00,7681.0,7681.5,7680.25,7680.25,279
2026-09-16 08:36:00-04:00,7680.25,7680.5,7678.25,7678.5,506
2026-09-16 08:37:00-04:00,7678.5,7679.0,7678.0,7678.25,299
2026-09-16 08:38:00-04:00,7678.5,7678.5,7675.5,7676.0,907
2026-09-16 08:39:00-04:00,7675.75,7676.75,7675.5,7676.5,404
2026-09-16 08:40:00-04:00,7676.5,7676.75,7675.75,7676.5,300
2026-09-16 08:41:00-04:00,7676.25,7676.75,7676.0,7676.5,262
2026-09-16 08:42:00-04:00,7676.25,7677.5,7676.25,7676.25,344
2026-09-16 08:43:00-04:00,7676.25,7676.5,7674.75,7675.75,538
2026-09-16 08:44:00-04:00,7675.75,7676.25,7675.0,7675.0,224
2026-09-16 08:45:00-04:00,7675.0,7675.0,7674.0,7674.5,438
2026-09-16 08:46:00-04:00,7675.0,7675.25,7674.5,7675.0,188
2026-09-16 08:47:00-04:00,7674.75,7675.75,7674.25,7675.5,212
2026-09-16 08:48:00-04:00,7675.25,7676.75,7675.25,7676.5,526
2026-09-16 08:49:00-04:00,7676.25,7679.0,7676.25,7678.75,581
2026-09-16 08:50:00-04:00,7678.75,7680.25,7678.75,7680.0,738
2026-09-16 08:51:00-04:00,7680.0,7681.0,7679.25,7679.5,534
2026-09-16 08:52:00-04:00,7679.5,7679.75,7677.75,7678.0,306
2026-09-16 08:53:00-04:00,7677.75,7678.25,7676.0,7677.75,714
2026-09-16 08:54:00-04:00,7677.75,7678.0,7676.0,7676.0,292
2026-09-16 08:55:00-04:00,7676.0,7676.75,7675.5,7676.75,604
2026-09-16 08:56:00-04:00,7676.75,7677.5,7676.0,7677.25,194
2026-09-16 08:57:00-04:00,7677.5,7679.0,7677.0,7678.5,526
2026-09-16 08:58:00-04:00,7678.5,7678.75,7677.75,7678.0,200
2026-09-16 08:59:00-04:00,7677.75,7680.75,7677.75,7679.75,828
2026-09-16 09:00:00-04:00,7679.5,7681.0,7676.75,7676.75,2209
2026-09-16 09:01:00-04:00,7676.75,7676.75,7675.0,7676.0,897
2026-09-16 09:02:00-04:00,7675.75,7676.5,7674.75,7675.5,429
2026-09-16 09:03:00-04:00,7675.25,7675.5,7673.75,7674.0,565
2026-09-16 09:04:00-04:00,7674.0,7674.25,7673.25,7673.5,752
2026-09-16 09:05:00-04:00,7673.75,7675.0,7673.5,7673.75,745
2026-09-16 09:06:00-04:00,7674.0,7674.25,7673.25,7674.25,342
2026-09-16 09:07:00-04:00,7674.0,7675.5,7674.0,7675.5,438
2026-09-16 09:08:00-04:00,7675.0,7676.0,7674.75,7675.75,202
2026-09-16 09:09:00-04:00,7676.0,7677.25,7676.0,7676.75,310
2026-09-16 09:10:00-04:00,7677.0,7677.0,7676.25,7676.75,384
2026-09-16 09:11:00-04:00,7677.0,7677.75,7676.5,7677.25,474
2026-09-16 09:12:00-04:00,7677.25,7679.75,7677.25,7679.75,763
2026-09-16 09:13:00-04:00,7679.75,7680.0,7679.0,7680.0,520
2026-09-16 09:14:00-04:00,7680.0,7680.75,7679.75,7680.25,400
2026-09-16 09:15:00-04:00,7680.5,7680.5,7678.75,7679.25,626
2026-09-16 09:16:00-04:00,7679.0,7681.25,7679.0,7680.25,1239
2026-09-16 09:17:00-04:00,7680.5,7680.75,7679.0,7679.25,380
2026-09-16 09:18:00-04:00,7679.25,7680.5,7678.75,7679.0,597
2026-09-16 09:19:00-04:00,7679.0,7679.25,7677.5,7678.0,459
2026-09-16 09:20:00-04:00,7678.0,7679.75,7677.0,7679.0,1278
2026-09-16 09:21:00-04:00,7679.25,7681.75,7678.75,7681.25,1339
2026-09-16 09:22:00-04:00,7681.5,7682.25,7680.5,7680.5,912
2026-09-16 09:23:00-04:00,7680.75,7681.0,7679.5,7680.25,595
2026-09-16 09:24:00-04:00,7680.25,7680.75,7679.5,7679.75,211
2026-09-16 09:25:00-04:00,7680.0,7681.0,7678.25,7679.0,1212
2026-09-16 09:26:00-04:00,7678.75,7679.5,7678.75,7679.0,378
2026-09-16 09:27:00-04:00,7679.0,7680.5,7679.0,7680.5,616
2026-09-16 09:28:00-04:00,7680.5,7680.5,7679.25,7679.75,527
2026-09-16 09:29:00-04:00,7679.5,7679.5,7676.0,7676.25,1828
2026-09-16 09:30:00-04:00,7676.5,7679.0,7673.5,7677.0,8827
2026-09-16 09:31:00-04:00,7676.75,7678.75,7674.5,7675.25,4159
2026-09-16 09:32:00-04:00,7675.0,7675.75,7673.75,7674.5,2660
2026-09-16 09:33:00-04:00,7674.5,7677.25,7673.75,7676.25,2580
2026-09-16 09:34:00-04:00,7676.25,7677.25,7673.25,7674.0,2541
2026-09-16 09:35:00-04:00,7674.0,7676.75,7673.5,7675.25,3105
2026-09-16 09:36:00-04:00,7675.0,7675.0,7672.75,7673.75,3034
2026-09-16 09:37:00-04:00,7673.75,7674.75,7672.5,7673.0,1955
2026-09-16 09:38:00-04:00,7673.0,7673.25,7670.5,7671.5,3432
2026-09-16 09:39:00-04:00,7671.25,7671.5,7669.25,7670.0,2929
2026-09-16 09:40:00-04:00,7670.25,7672.0,7669.25,7671.75,3168
2026-09-16 09:41:00-04:00,7671.75,7673.25,7669.5,7670.0,2829
2026-09-16 09:42:00-04:00,7670.25,7671.0,7669.0,7669.75,2271
2026-09-16 09:43:00-04:00,7670.0,7671.0,7669.25,7670.0,2020
2026-09-16 09:44:00-04:00,7669.75,7671.25,7669.75,7670.0,1754
2026-09-16 09:45:00-04:00,7669.75,7677.75,7669.5,7676.0,8708
2026-09-16 09:46:00-04:00,7676.25,7680.75,7675.25,7678.75,4778
2026-09-16 09:47:00-04:00,7678.75,7681.0,7677.75,7681.0,2385
2026-09-16 09:48:00-04:00,7681.25,7681.25,7678.0,7678.5,1947
2026-09-16 09:49:00-04:00,7678.5,7681.75,7677.5,7681.25,2213
2026-09-16 09:50:00-04:00,7681.0,7684.0,7680.75,7682.5,3714
2026-09-16 09:51:00-04:00,7682.75,7685.0,7681.0,7684.75,2622
2026-09-16 09:52:00-04:00,7684.75,7685.25,7683.0,7683.75,2329
2026-09-16 09:53:00-04:00,7683.75,7686.5,7682.25,7686.25,3299
2026-09-16 09:54:00-04:00,7686.25,7686.25,7683.0,7684.5,2311
2026-09-16 09:55:00-04:00,7684.25,7686.25,7683.75,7684.25,1339
2026-09-16 09:56:00-04:00,7684.25,7684.25,7682.75,7683.5,1339
2026-09-16 09:57:00-04:00,7683.5,7685.0,7683.0,7684.0,982
2026-09-16 09:58:00-04:00,7684.0,7684.25,7681.75,7683.0,1535
2026-09-16 09:59:00-04:00,7682.75,7685.0,7682.0,7684.25,1517
2026-09-16 10:00:00-04:00,7684.5,7686.5,7683.25,7683.5,2872
2026-09-16 10:01:00-04:00,7683.5,7683.75,7681.75,7682.75,2083
2026-09-16 10:02:00-04:00,7682.75,7682.75,7681.0,7681.25,1954
2026-09-16 10:03:00-04:00,7681.25,7681.75,7679.0,7679.5,2349
2026-09-16 10:04:00-04:00,7679.5,7679.75,7678.25,7678.75,1942
2026-09-16 10:05:00-04:00,7678.75,7679.0,7676.5,7677.0,2465
2026-09-16 10:06:00-04:00,7677.0,7678.5,7675.25,7676.5,2579
2026-09-16 10:07:00-04:00,7676.5,7678.5,7675.5,7678.25,2427
2026-09-16 10:08:00-04:00,7678.5,7679.5,7677.5,7679.25,2669
2026-09-16 10:09:00-04:00,7679.25,7680.75,7678.25,7679.25,2412
2026-09-16 10:10:00-04:00,7679.0,7680.0,7678.25,7679.75,1422
2026-09-16 10:11:00-04:00,7679.75,7680.0,7677.0,7678.25,2061
2026-09-16 10:12:00-04:00,7678.5,7678.75,7675.0,7675.25,2285
2026-09-16 10:13:00-04:00,7675.25,7675.5,7673.0,7675.25,2852
2026-09-16 10:14:00-04:00,7675.25,7677.75,7674.75,7677.5,2192
2026-09-16 10:15:00-04:00,7677.5,7679.25,7676.75,7678.5,2869
2026-09-16 10:16:00-04:00,7678.5,7679.25,7677.75,7678.0,1218
2026-09-16 10:17:00-04:00,7678.0,7678.25,7675.75,7677.75,1433
2026-09-16 10:18:00-04:00,7677.5,7678.25,7675.5,7676.75,1269
2026-09-16 10:19:00-04:00,7677.0,7677.5,7674.0,7674.75,1787
2026-09-16 10:20:00-04:00,7674.75,7675.5,7673.75,7674.25,1231
2026-09-16 10:21:00-04:00,7674.25,7675.25,7674.0,7674.5,1112
2026-09-16 10:22:00-04:00,7674.5,7674.5,7671.75,7672.25,2373
2026-09-16 10:23:00-04:00,7672.0,7673.25,7671.25,7673.0,1924
2026-09-16 10:24:00-04:00,7673.0,7673.0,7671.5,7671.75,1615
2026-09-16 10:25:00-04:00,7671.5,7672.25,7670.75,7671.25,1277
2026-09-16 10:26:00-04:00,7671.25,7672.25,7670.75,7671.25,1184
2026-09-16 10:27:00-04:00,7671.5,7671.75,7669.25,7670.25,1975
2026-09-16 10:28:00-04:00,7670.5,7672.0,7670.0,7670.75,1640
2026-09-16 10:29:00-04:00,7670.75,7672.25,7670.75,7671.75,1689
2026-09-16 10:30:00-04:00,7671.75,7673.5,7671.5,7673.0,2422
2026-09-16 10:31:00-04:00,7673.0,7673.25,7670.75,7672.25,1543
2026-09-16 10:32:00-04:00,7672.25,7672.25,7669.75,7670.75,2377
2026-09-16 10:33:00-04:00,7671.0,7674.25,7670.5,7674.0,2269
2026-09-16 10:34:00-04:00,7674.0,7674.25,7672.5,7673.5,1572
2026-09-16 10:35:00-04:00,7673.5,7674.75,7673.25,7673.25,1556
2026-09-16 10:36:00-04:00,7673.5,7674.25,7671.5,7671.75,1642
2026-09-16 10:37:00-04:00,7671.75,7676.0,7671.25,7675.75,2689
2026-09-16 10:38:00-04:00,7675.5,7677.25,7674.75,7677.0,2205
2026-09-16 10:39:00-04:00,7677.0,7677.0,7675.5,7675.75,1194
2026-09-16 10:40:00-04:00,7675.75,7678.25,7675.25,7678.25,1323
2026-09-16 10:41:00-04:00,7678.5,7679.25,7677.75,7678.25,2107
2026-09-16 10:42:00-04:00,7678.25,7679.75,7677.0,7679.0,1732
2026-09-16 10:43:00-04:00,7679.25,7680.75,7678.75,7680.25,1363
2026-09-16 10:44:00-04:00,7680.5,7681.0,7679.25,7680.75,1656
2026-09-16 10:45:00-04:00,7680.75,7682.0,7679.75,7680.75,2154
2026-09-16 10:46:00-04:00,7680.75,7681.75,7680.0,7680.75,1007
2026-09-16 10:47:00-04:00,7680.75,7681.25,7679.75,7680.5,1517
2026-09-16 10:48:00-04:00,7680.5,7681.0,7679.75,7680.0,1350
2026-09-16 10:49:00-04:00,7679.75,7680.0,7678.0,7678.25,2355
2026-09-16 10:50:00-04:00,7678.5,7679.75,7678.25,7678.75,894
2026-09-16 10:51:00-04:00,7678.5,7680.0,7678.25,7678.75,1042
2026-09-16 10:52:00-04:00,7678.5,7680.25,7678.0,7680.0,1094
2026-09-16 10:53:00-04:00,7680.0,7681.25,7679.75,7680.0,1299
2026-09-16 10:54:00-04:00,7680.0,7680.5,7678.75,7678.75,1091
2026-09-16 10:55:00-04:00,7679.0,7680.25,7679.0,7680.0,851
2026-09-16 10:56:00-04:00,7680.0,7681.0,7679.75,7680.75,995
2026-09-16 10:57:00-04:00,7680.5,7681.0,7679.5,7680.25,958
2026-09-16 10:58:00-04:00,7680.25,7681.75,7679.25,7681.75,1238
2026-09-16 10:59:00-04:00,7681.75,7685.0,7681.5,7684.5,3080
2026-09-16 11:00:00-04:00,7684.5,7687.5,7684.25,7687.5,5164
2026-09-16 11:01:00-04:00,7687.25,7688.5,7686.5,7686.5,2794
2026-09-16 11:02:00-04:00,7686.5,7687.0,7683.75,7683.75,2730
2026-09-16 11:03:00-04:00,7683.75,7687.0,7683.75,7686.75,1518
2026-09-16 11:04:00-04:00,7686.75,7688.5,7686.5,7687.25,1431
2026-09-16 11:05:00-04:00,7687.5,7687.75,7686.0,7686.5,1598
2026-09-16 11:06:00-04:00,7686.75,7687.75,7685.0,7687.75,2114
2026-09-16 11:07:00-04:00,7687.75,7692.75,7686.75,7689.75,7215
2026-09-16 11:08:00-04:00,7689.5,7691.75,7688.5,7691.5,4053
2026-09-16 11:09:00-04:00,7691.5,7692.75,7690.5,7691.5,2986
2026-09-16 11:10:00-04:00,7691.5,7692.0,7689.75,7689.75,2678
2026-09-16 11:11:00-04:00,7690.0,7692.5,7688.25,7688.5,5090
2026-09-16 11:12:00-04:00,7688.5,7689.25,7687.0,7688.25,2147
2026-09-16 11:13:00-04:00,7688.25,7689.5,7687.75,7689.5,1492
2026-09-16 11:14:00-04:00,7689.25,7690.25,7688.75,7690.0,1221
2026-09-16 11:15:00-04:00,7690.0,7690.5,7687.0,7687.5,1803
2026-09-16 11:16:00-04:00,7687.5,7687.75,7686.25,7686.75,1453
2026-09-16 11:17:00-04:00,7686.75,7687.5,7685.75,7687.0,1382
2026-09-16 11:18:00-04:00,7687.0,7687.5,7685.75,7686.75,772
2026-09-16 11:19:00-04:00,7686.75,7688.75,7686.5,7688.5,1475
2026-09-16 11:20:00-04:00,7688.5,7688.5,7687.25,7687.75,1252
2026-09-16 11:21:00-04:00,7688.0,7688.25,7686.25,7686.5,1268
2026-09-16 11:22:00-04:00,7686.5,7687.5,7686.5,7687.25,761
2026-09-16 11:23:00-04:00,7687.5,7688.0,7686.5,7687.0,913
2026-09-16 11:24:00-04:00,7687.0,7688.25,7686.75,7688.0,1080
2026-09-16 11:25:00-04:00,7687.75,7690.5,7687.0,7690.5,1930
2026-09-16 11:26:00-04:00,7690.5,7690.5,7688.5,7688.75,1521
2026-09-16 11:27:00-04:00,7688.75,7689.0,7687.5,7687.75,907
2026-09-16 11:28:00-04:00,7687.75,7688.25,7685.5,7685.75,1363
2026-09-16 11:29:00-04:00,7685.5,7686.5,7685.25,7686.0,1964
2026-09-16 11:30:00-04:00,7686.0,7687.0,7683.75,7684.0,2925
2026-09-16 11:31:00-04:00,7684.0,7684.75,7683.25,7684.0,1600
2026-09-16 11:32:00-04:00,7684.0,7684.0,7682.5,7682.75,1211
2026-09-16 11:33:00-04:00,7682.75,7683.0,7682.0,7682.5,1087
2026-09-16 11:34:00-04:00,7682.75,7684.25,7682.5,7683.5,1580
2026-09-16 11:35:00-04:00,7683.75,7684.75,7683.5,7684.75,1712
2026-09-16 11:36:00-04:00,7684.75,7685.75,7683.75,7684.75,1417
2026-09-16 11:37:00-04:00,7684.75,7685.5,7683.75,7684.25,841
2026-09-16 11:38:00-04:00,7684.25,7686.5,7684.25,7686.5,1078
2026-09-16 11:39:00-04:00,7686.5,7688.0,7686.0,7686.25,1946
2026-09-16 11:40:00-04:00,7686.25,7688.0,7686.0,7687.25,943
2026-09-16 11:41:00-04:00,7687.25,7687.25,7685.75,7686.0,1055
2026-09-16 11:42:00-04:00,7686.0,7687.5,7685.25,7687.25,939
2026-09-16 11:43:00-04:00,7687.25,7687.5,7686.25,7687.0,603
2026-09-16 11:44:00-04:00,7687.0,7688.25,7687.0,7688.0,801
2026-09-16 11:45:00-04:00,7687.75,7688.5,7687.0,7687.75,1159
2026-09-16 11:46:00-04:00,7688.0,7688.5,7687.5,7688.25,947
2026-09-16 11:47:00-04:00,7688.0,7699.0,7687.5,7694.0,26986
2026-09-16 11:48:00-04:00,7694.25,7694.5,7691.75,7694.25,2932
2026-09-16 11:49:00-04:00,7694.25,7694.25,7691.25,7692.5,1527
2026-09-16 11:50:00-04:00,7692.75,7693.0,7690.25,7691.25,2202
2026-09-16 11:51:00-04:00,7691.25,7691.5,7689.75,7690.25,1306
2026-09-16 11:52:00-04:00,7690.25,7691.25,7688.75,7691.0,1528
2026-09-16 11:53:00-04:00,7691.0,7692.5,7690.5,7691.0,1022
2026-09-16 11:54:00-04:00,7691.25,7691.75,7689.75,7689.75,552
2026-09-16 11:55:00-04:00,7690.0,7690.75,7688.5,7690.5,1096
2026-09-16 11:56:00-04:00,7690.5,7690.5,7688.75,7690.25,611
2026-09-16 11:57:00-04:00,7690.25,7690.75,7688.5,7689.75,512
2026-09-16 11:58:00-04:00,7690.0,7690.75,7689.5,7690.25,541
2026-09-16 11:59:00-04:00,7690.5,7690.75,7688.25,7688.75,784
2026-09-16 12:00:00-04:00,7689.0,7689.5,7687.75,7689.25,1754
2026-09-16 12:01:00-04:00,7689.25,7689.25,7687.0,7687.0,970
2026-09-16 12:02:00-04:00,7687.25,7687.75,7686.25,7686.75,1173
2026-09-16 12:03:00-04:00,7686.75,7687.0,7685.25,7685.5,1711
2026-09-16 12:04:00-04:00,7685.5,7686.0,7685.0,7685.5,989
2026-09-16 12:05:00-04:00,7685.25,7686.25,7685.25,7685.75,866
2026-09-16 12:06:00-04:00,7685.75,7686.75,7685.25,7686.0,554
2026-09-16 12:07:00-04:00,7686.0,7686.25,7685.0,7685.5,531
2026-09-16 12:08:00-04:00,7685.25,7686.25,7685.0,7685.75,774
2026-09-16 12:09:00-04:00,7686.0,7687.25,7685.75,7687.0,603
2026-09-16 12:10:00-04:00,7687.0,7687.25,7686.0,7686.0,465
2026-09-16 12:11:00-04:00,7685.75,7686.0,7684.75,7685.0,730
2026-09-16 12:12:00-04:00,7685.25,7685.5,7683.75,7684.0,1363
2026-09-16 12:13:00-04:00,7684.0,7686.0,7684.0,7686.0,809
2026-09-16 12:14:00-04:00,7685.75,7686.0,7684.75,7686.0,560
2026-09-16 12:15:00-04:00,7686.0,7686.75,7685.5,7686.75,802
2026-09-16 12:16:00-04:00,7686.75,7686.75,7685.0,7685.5,841
2026-09-16 12:17:00-04:00,7685.25,7686.25,7684.75,7686.25,594
2026-09-16 12:18:00-04:00,7686.25,7686.75,7685.75,7686.0,703
2026-09-16 12:19:00-04:00,7685.75,7686.0,7685.25,7685.25,398
2026-09-16 12:20:00-04:00,7685.25,7685.25,7683.5,7684.25,1303
2026-09-16 12:21:00-04:00,7684.0,7684.25,7682.0,7682.5,1073
2026-09-16 12:22:00-04:00,7682.5,7682.5,7681.25,7682.25,1216
2026-09-16 12:23:00-04:00,7682.25,7683.0,7681.75,7682.5,701
2026-09-16 12:24:00-04:00,7682.25,7683.0,7681.5,7681.5,571
2026-09-16 12:25:00-04:00,7681.75,7682.5,7681.25,7682.25,922
2026-09-16 12:26:00-04:00,7682.0,7682.75,7682.0,7682.75,496
2026-09-16 12:27:00-04:00,7683.0,7683.0,7681.0,7681.0,410
2026-09-16 12:28:00-04:00,7681.0,7681.75,7680.25,7681.5,802
2026-09-16 12:29:00-04:00,7681.75,7683.5,7681.5,7683.0,1042
2026-09-16 12:30:00-04:00,7683.0,7684.0,7682.75,7683.5,654
2026-09-16 12:31:00-04:00,7683.25,7683.75,7681.0,7681.0,621
2026-09-16 12:32:00-04:00,7681.25,7681.5,7679.0,7679.5,1573
2026-09-16 12:33:00-04:00,7679.25,7680.0,7678.25,7678.75,1478
2026-09-16 12:34:00-04:00,7678.5,7679.25,7678.25,7678.5,616
2026-09-16 12:35:00-04:00,7678.5,7680.25,7678.5,7679.75,946
2026-09-16 12:36:00-04:00,7679.75,7680.5,7679.5,7679.75,512
2026-09-16 12:37:00-04:00,7679.5,7680.5,7679.25,7680.0,459
2026-09-16 12:38:00-04:00,7680.0,7681.0,7680.0,7680.5,674
2026-09-16 12:39:00-04:00,7680.5,7681.25,7680.0,7680.75,513
2026-09-16 12:40:00-04:00,7680.5,7681.25,7680.25,7681.25,468
2026-09-16 12:41:00-04:00,7681.25,7681.25,7680.0,7680.5,398
2026-09-16 12:42:00-04:00,7680.25,7680.75,7679.75,7680.5,386
2026-09-16 12:43:00-04:00,7680.25,7681.25,7680.0,7681.25,235
2026-09-16 12:44:00-04:00,7681.25,7682.0,7680.5,7680.5,1047
2026-09-16 12:45:00-04:00,7680.75,7682.5,7680.75,7682.5,743
2026-09-16 12:46:00-04:00,7682.25,7683.25,7682.0,7682.75,614
2026-09-16 12:47:00-04:00,7683.0,7683.5,7682.25,7683.25,556
2026-09-16 12:48:00-04:00,7683.25,7683.5,7682.75,7683.25,502
2026-09-16 12:49:00-04:00,7683.25,7683.25,7682.75,7682.75,395
2026-09-16 12:50:00-04:00,7682.5,7683.0,7680.5,7680.5,1256
2026-09-16 12:51:00-04:00,7680.5,7681.25,7679.75,7679.75,627
2026-09-16 12:52:00-04:00,7680.0,7680.0,7678.75,7679.75,834
2026-09-16 12:53:00-04:00,7679.75,7680.25,7679.0,7680.0,557
2026-09-16 12:54:00-04:00,7680.0,7680.75,7679.75,7680.75,500
2026-09-16 12:55:00-04:00,7680.75,7681.75,7680.5,7681.5,558
2026-09-16 12:56:00-04:00,7681.5,7682.0,7680.5,7680.5,355
2026-09-16 12:57:00-04:00,7680.5,7681.25,7680.0,7680.75,333
2026-09-16 12:58:00-04:00,7680.75,7681.0,7680.5,7681.0,230
2026-09-16 12:59:00-04:00,7681.0,7681.0,7679.25,7679.25,408
2026-09-16 13:00:00-04:00,7679.5,7679.75,7676.5,7676.75,2020
2026-09-16 13:01:00-04:00,7676.75,7677.0,7675.5,7676.0,1139
2026-09-16 13:02:00-04:00,7676.0,7676.5,7675.25,7675.5,810
2026-09-16 13:03:00-04:00,7675.5,7676.0,7674.0,7674.5,1286
2026-09-16 13:04:00-04:00,7674.5,7676.0,7674.25,7675.5,872
2026-09-16 13:05:00-04:00,7675.5,7676.5,7675.25,7675.5,732
2026-09-16 13:06:00-04:00,7675.5,7676.5,7675.5,7675.75,463
2026-09-16 13:07:00-04:00,7675.75,7676.5,7675.75,7676.0,593
2026-09-16 13:08:00-04:00,7676.25,7677.25,7676.0,7676.75,1207
2026-09-16 13:09:00-04:00,7677.0,7677.5,7676.5,7677.5,608
2026-09-16 13:10:00-04:00,7677.25,7678.0,7676.5,7676.75,508
2026-09-16 13:11:00-04:00,7676.5,7677.5,7676.25,7676.25,505
2026-09-16 13:12:00-04:00,7676.25,7676.75,7675.75,7676.5,450
2026-09-16 13:13:00-04:00,7676.5,7677.75,7676.5,7677.5,522
2026-09-16 13:14:00-04:00,7677.5,7679.75,7677.5,7678.75,1128
2026-09-16 13:15:00-04:00,7678.75,7679.0,7678.25,7678.5,731
2026-09-16 13:16:00-04:00,7678.5,7679.75,7678.25,7679.75,576
2026-09-16 13:17:00-04:00,7679.5,7680.0,7679.0,7679.0,786
2026-09-16 13:18:00-04:00,7678.75,7680.0,7678.75,7679.5,425
2026-09-16 13:19:00-04:00,7679.25,7679.25,7678.75,7679.25,421
2026-09-16 13:20:00-04:00,7679.0,7680.25,7679.0,7680.0,451
2026-09-16 13:21:00-04:00,7680.0,7680.75,7679.75,7680.25,485
2026-09-16 13:22:00-04:00,7680.0,7680.5,7678.25,7678.5,616
2026-09-16 13:23:00-04:00,7678.5,7678.5,7677.0,7677.0,763
2026-09-16 13:24:00-04:00,7677.0,7678.0,7676.75,7678.0,377
2026-09-16 13:25:00-04:00,7677.75,7680.0,7677.75,7679.75,745
2026-09-16 13:26:00-04:00,7679.75,7680.0,7678.75,7679.75,417
2026-09-16 13:27:00-04:00,7679.75,7680.5,7679.5,7680.5,389
2026-09-16 13:28:00-04:00,7680.5,7680.5,7679.75,7679.75,481
2026-09-16 13:29:00-04:00,7679.5,7681.0,7679.5,7681.0,346
2026-09-16 13:30:00-04:00,7681.0,7682.25,7680.0,7680.5,1320
2026-09-16 13:31:00-04:00,7680.25,7680.5,7678.0,7678.75,1067
2026-09-16 13:32:00-04:00,7678.75,7679.25,7678.25,7679.0,370
2026-09-16 13:33:00-04:00,7679.0,7679.25,7678.5,7679.0,385
2026-09-16 13:34:00-04:00,7679.0,7680.0,7678.5,7679.25,454
2026-09-16 13:35:00-04:00,7679.5,7679.5,7678.75,7679.5,436
2026-09-16 13:36:00-04:00,7680.0,7680.5,7679.5,7679.75,314
2026-09-16 13:37:00-04:00,7679.75,7680.25,7679.5,7679.75,274
2026-09-16 13:38:00-04:00,7679.5,7680.0,7678.75,7679.0,360
2026-09-16 13:39:00-04:00,7679.0,7679.5,7677.5,7677.75,364
2026-09-16 13:40:00-04:00,7677.75,7678.0,7676.25,7676.25,1099
2026-09-16 13:41:00-04:00,7676.25,7677.0,7675.75,7677.0,677
2026-09-16 13:42:00-04:00,7677.0,7677.0,7676.0,7676.5,285
2026-09-16 13:43:00-04:00,7676.5,7677.0,7674.75,7674.75,560
2026-09-16 13:44:00-04:00,7674.75,7675.25,7674.5,7675.0,845
2026-09-16 13:45:00-04:00,7674.75,7677.0,7674.75,7677.0,754
2026-09-16 13:46:00-04:00,7677.0,7678.5,7676.5,7678.25,611
2026-09-16 13:47:00-04:00,7678.25,7679.0,7678.25,7678.75,470
2026-09-16 13:48:00-04:00,7678.5,7678.75,7676.75,7677.0,440
2026-09-16 13:49:00-04:00,7677.0,7677.75,7676.75,7677.0,381
2026-09-16 13:50:00-04:00,7677.0,7677.5,7676.25,7677.25,442
2026-09-16 13:51:00-04:00,7677.25,7678.5,7677.25,7678.5,685
2026-09-16 13:52:00-04:00,7678.25,7679.5,7677.75,7679.5,741
2026-09-16 13:53:00-04:00,7679.5,7680.0,7678.5,7679.75,636
2026-09-16 13:54:00-04:00,7679.75,7680.0,7678.75,7679.5,669
2026-09-16 13:55:00-04:00,7679.25,7679.25,7678.0,7678.25,811
2026-09-16 13:56:00-04:00,7678.25,7680.0,7678.0,7680.0,664
2026-09-16 13:57:00-04:00,7679.75,7681.0,7679.5,7680.75,717
2026-09-16 13:58:00-04:00,7680.5,7684.0,7680.25,7683.75,1241
2026-09-16 13:59:00-04:00,7683.5,7684.5,7677.5,7683.5,836
2026-09-16 14:00:00-04:00,7684.0,7691.75,7676.25,7678.25,6702
2026-09-16 14:01:00-04:00,7678.0,7679.25,7669.5,7671.25,6990
2026-09-16 14:02:00-04:00,7671.5,7679.5,7669.25,7678.75,4444
2026-09-16 14:03:00-04:00,7678.75,7682.25,7677.0,7677.75,3066
2026-09-16 14:04:00-04:00,7677.75,7686.25,7676.25,7683.5,3130
2026-09-16 14:05:00-04:00,7684.0,7687.5,7683.0,7686.5,3171
2026-09-16 14:06:00-04:00,7686.5,7689.0,7683.25,7684.5,3552
2026-09-16 14:07:00-04:00,7684.25,7690.5,7683.5,7689.75,2579
2026-09-16 14:08:00-04:00,7689.75,7694.0,7689.75,7690.5,3515
2026-09-16 14:09:00-04:00,7690.75,7691.0,7687.75,7688.5,2419
2026-09-16 14:10:00-04:00,7688.25,7690.25,7683.25,7685.5,2172
2026-09-16 14:11:00-04:00,7685.25,7686.25,7682.5,7683.75,1427
2026-09-16 14:12:00-04:00,7683.5,7684.0,7680.5,7682.25,2035
2026-09-16 14:13:00-04:00,7682.25,7685.5,7679.75,7684.5,2276
2026-09-16 14:14:00-04:00,7684.75,7687.0,7679.75,7681.25,1562
2026-09-16 14:15:00-04:00,7681.25,7683.0,7680.25,7680.25,1742
2026-09-16 14:16:00-04:00,7680.25,7682.75,7679.75,7681.25,1501
2026-09-16 14:17:00-04:00,7681.5,7682.5,7679.0,7680.75,1176
2026-09-16 14:18:00-04:00,7680.5,7683.0,7678.0,7678.5,1588
2026-09-16 14:19:00-04:00,7678.75,7685.25,7678.0,7681.0,4014
2026-09-16 14:20:00-04:00,7681.0,7681.0,7677.5,7679.25,1845
2026-09-16 14:21:00-04:00,7679.25,7683.25,7679.25,7681.0,1443
2026-09-16 14:22:00-04:00,7681.0,7684.75,7681.0,7682.0,1207
2026-09-16 14:23:00-04:00,7682.0,7683.0,7679.75,7683.0,928
2026-09-16 14:24:00-04:00,7682.75,7683.25,7680.0,7680.0,737
2026-09-16 14:25:00-04:00,7680.25,7681.75,7677.0,7677.5,1280
2026-09-16 14:26:00-04:00,7677.75,7679.0,7675.25,7676.25,2162
2026-09-16 14:27:00-04:00,7676.5,7677.0,7670.0,7671.5,2807
2026-09-16 14:28:00-04:00,7671.5,7673.5,7669.25,7673.25,2380
2026-09-16 14:29:00-04:00,7673.25,7679.5,7673.25,7678.0,2232
2026-09-16 14:30:00-04:00,7678.0,7680.75,7673.5,7674.25,3082
2026-09-16 14:31:00-04:00,7674.0,7674.25,7667.5,7669.25,4142
2026-09-16 14:32:00-04:00,7669.0,7670.25,7659.75,7662.0,7172
2026-09-16 14:33:00-04:00,7661.75,7665.5,7658.0,7659.25,7638
2026-09-16 14:34:00-04:00,7659.5,7662.75,7656.5,7657.5,4134
2026-09-16 14:35:00-04:00,7657.25,7658.25,7648.75,7650.75,7015
2026-09-16 14:36:00-04:00,7650.75,7652.5,7641.25,7642.0,6523
2026-09-16 14:37:00-04:00,7642.25,7647.25,7641.0,7644.25,5725
2026-09-16 14:38:00-04:00,7644.25,7657.75,7644.25,7655.25,6050
2026-09-16 14:39:00-04:00,7655.5,7661.25,7654.75,7659.75,5279
2026-09-16 14:40:00-04:00,7659.75,7665.75,7658.75,7665.5,4089
2026-09-16 14:41:00-04:00,7665.5,7671.25,7662.5,7671.0,5359
2026-09-16 14:42:00-04:00,7671.0,7680.75,7670.75,7680.75,6405
2026-09-16 14:43:00-04:00,7680.5,7683.25,7679.0,7680.0,5604
2026-09-16 14:44:00-04:00,7680.25,7681.25,7671.25,7671.25,5125
2026-09-16 14:45:00-04:00,7671.25,7677.0,7669.25,7672.25,6410
2026-09-16 14:46:00-04:00,7672.25,7673.0,7666.75,7667.0,3135
2026-09-16 14:47:00-04:00,7667.0,7668.25,7661.25,7662.25,3586
2026-09-16 14:48:00-04:00,7662.0,7663.0,7658.5,7658.75,3240
2026-09-16 14:49:00-04:00,7658.5,7659.5,7655.25,7656.5,3369
2026-09-16 14:50:00-04:00,7656.25,7659.25,7651.75,7652.0,4416
2026-09-16 14:51:00-04:00,7652.25,7653.25,7648.0,7653.0,4212
2026-09-16 14:52:00-04:00,7653.0,7653.0,7639.5,7643.5,7148
2026-09-16 14:53:00-04:00,7643.5,7646.5,7635.5,7635.75,6659
2026-09-16 14:54:00-04:00,7636.0,7637.25,7631.0,7632.0,6053
2026-09-16 14:55:00-04:00,7632.0,7638.0,7630.5,7632.75,6862
2026-09-16 14:56:00-04:00,7633.0,7633.25,7625.75,7626.25,6609
2026-09-16 14:57:00-04:00,7626.0,7626.25,7619.0,7622.75,6229
2026-09-16 14:58:00-04:00,7623.0,7626.25,7621.0,7623.75,5161
2026-09-16 14:59:00-04:00,7623.75,7627.5,7617.5,7618.75,5879
2026-09-16 15:00:00-04:00,7618.75,7630.0,7617.0,7629.0,8015
2026-09-16 15:01:00-04:00,7629.0,7631.5,7623.0,7623.75,5135
2026-09-16 15:02:00-04:00,7623.75,7626.25,7620.5,7624.5,3714
2026-09-16 15:03:00-04:00,7624.25,7631.5,7622.75,7630.5,4216
2026-09-16 15:04:00-04:00,7630.5,7633.5,7625.75,7627.25,4501
2026-09-16 15:05:00-04:00,7627.5,7627.75,7619.25,7624.5,4800
2026-09-16 15:06:00-04:00,7624.25,7627.5,7623.0,7623.25,2947
2026-09-16 15:07:00-04:00,7623.25,7623.25,7617.25,7620.0,4373
2026-09-16 15:08:00-04:00,7619.75,7621.75,7611.25,7613.75,7285
2026-09-16 15:09:00-04:00,7613.75,7614.75,7609.75,7612.0,3835
2026-09-16 15:10:00-04:00,7611.75,7613.5,7602.5,7603.0,5497
2026-09-16 15:11:00-04:00,7603.0,7604.5,7598.0,7598.75,6222
2026-09-16 15:12:00-04:00,7598.75,7601.25,7595.25,7597.0,5431
2026-09-16 15:13:00-04:00,7596.75,7599.0,7591.75,7593.25,4735
2026-09-16 15:14:00-04:00,7593.25,7599.0,7591.0,7592.5,5522
2026-09-16 15:15:00-04:00,7592.5,7600.75,7591.75,7595.0,5299
2026-09-16 15:16:00-04:00,7595.0,7595.0,7590.0,7594.25,3706
2026-09-16 15:17:00-04:00,7594.5,7596.0,7590.5,7591.5,5040
2026-09-16 15:18:00-04:00,7591.5,7593.5,7588.5,7588.5,3927
2026-09-16 15:19:00-04:00,7588.5,7589.75,7584.25,7589.0,4292
2026-09-16 15:20:00-04:00,7589.0,7593.0,7585.25,7585.5,4463
2026-09-16 15:21:00-04:00,7585.5,7587.0,7582.5,7585.25,3884
2026-09-16 15:22:00-04:00,7585.5,7587.75,7581.0,7582.0,4264
2026-09-16 15:23:00-04:00,7581.75,7585.0,7581.25,7582.0,3235
2026-09-16 15:24:00-04:00,7581.75,7586.75,7580.5,7586.25,3600
2026-09-16 15:25:00-04:00,7586.5,7588.25,7576.75,7576.75,4675
2026-09-16 15:26:00-04:00,7576.75,7579.0,7575.75,7577.25,3084
2026-09-16 15:27:00-04:00,7577.25,7584.0,7575.25,7582.75,3137
2026-09-16 15:28:00-04:00,7582.5,7585.25,7579.75,7581.25,3166
2026-09-16 15:29:00-04:00,7581.25,7592.75,7581.25,7592.0,4593
2026-09-16 15:30:00-04:00,7591.75,7596.75,7590.25,7596.0,5415
2026-09-16 15:31:00-04:00,7596.25,7598.25,7594.75,7595.75,4663
2026-09-16 15:32:00-04:00,7596.0,7601.5,7595.0,7600.25,3836
2026-09-16 15:33:00-04:00,7600.25,7602.75,7596.0,7600.0,4390
2026-09-16 15:34:00-04:00,7600.25,7605.75,7599.75,7605.25,3155
2026-09-16 15:35:00-04:00,7605.5,7606.5,7600.25,7602.75,3427
2026-09-16 15:36:00-04:00,7603.0,7603.25,7594.0,7595.5,4386
2026-09-16 15:37:00-04:00,7595.5,7601.5,7594.0,7601.5,3215
2026-09-16 15:38:00-04:00,7601.25,7603.5,7598.5,7599.5,3157
2026-09-16 15:39:00-04:00,7599.5,7605.5,7599.5,7604.0,2735
2026-09-16 15:40:00-04:00,7604.0,7604.0,7601.0,7602.25,2683
2026-09-16 15:41:00-04:00,7602.25,7608.0,7599.75,7599.75,4044
2026-09-16 15:42:00-04:00,7599.5,7602.0,7597.25,7599.75,3032
2026-09-16 15:43:00-04:00,7599.75,7603.75,7599.5,7602.75,2450
2026-09-16 15:44:00-04:00,7602.25,7604.25,7599.75,7600.75,1796
2026-09-16 15:45:00-04:00,7600.75,7609.25,7600.5,7609.0,4199
2026-09-16 15:46:00-04:00,7609.0,7611.25,7607.5,7608.75,3671
2026-09-16 15:47:00-04:00,7608.75,7613.25,7608.0,7613.0,2309
2026-09-16 15:48:00-04:00,7613.0,7615.0,7611.0,7615.0,2699
2026-09-16 15:49:00-04:00,7614.75,7616.75,7614.0,7615.25,2438
2026-09-16 15:50:00-04:00,7615.25,7619.75,7614.0,7619.5,4328
2026-09-16 15:51:00-04:00,7619.25,7621.5,7616.25,7616.25,3566
2026-09-16 15:52:00-04:00,7616.25,7619.75,7615.0,7619.5,3574
2026-09-16 15:53:00-04:00,7619.5,7620.75,7617.0,7618.0,2119
2026-09-16 15:54:00-04:00,7618.25,7623.25,7616.25,7621.75,3271
2026-09-16 15:55:00-04:00,7621.75,7623.25,7618.25,7622.25,4056
2026-09-16 15:56:00-04:00,7622.5,7624.25,7620.5,7624.25,1840
2026-09-16 15:57:00-04:00,7624.0,7625.0,7620.25,7621.0,2415
2026-09-16 15:58:00-04:00,7621.25,7621.75,7619.5,7621.75,2074
2026-09-16 15:59:00-04:00,7621.75,7624.75,7619.75,7622.25,9776
2026-09-16 16:00:00-04:00,7622.25,7624.5,7620.25,7623.0,3304
2026-09-16 16:01:00-04:00,7622.75,7624.25,7622.0,7622.25,892
2026-09-16 16:02:00-04:00,7622.25,7624.0,7622.0,7623.75,647
2026-09-16 16:03:00-04:00,7623.75,7626.25,7623.5,7625.5,1368
2026-09-16 16:04:00-04:00,7625.5,7625.5,7622.0,7623.75,799
2026-09-16 16:05:00-04:00,7623.5,7624.25,7622.5,7622.5,451
2026-09-16 16:06:00-04:00,7622.5,7624.0,7622.5,7622.75,422
2026-09-16 16:07:00-04:00,7622.75,7623.0,7621.0,7621.0,556
2026-09-16 16:08:00-04:00,7621.25,7622.75,7620.75,7621.0,361
2026-09-16 16:09:00-04:00,7621.0,7622.25,7620.25,7622.0,409
2026-09-16 16:10:00-04:00,7621.75,7623.0,7621.75,7622.0,295
2026-09-16 16:11:00-04:00,7622.25,7622.25,7621.0,7621.5,227
2026-09-16 16:12:00-04:00,7621.5,7621.75,7620.75,7621.75,169
2026-09-16 16:13:00-04:00,7621.75,7622.0,7621.25,7621.5,127
2026-09-16 16:14:00-04:00,7621.25,7622.75,7621.0,7621.75,209
2026-09-16 16:15:00-04:00,7622.0,7622.5,7621.0,7622.25,192
2026-09-16 16:16:00-04:00,7622.5,7623.0,7620.0,7621.0,908
2026-09-16 16:17:00-04:00,7621.5,7622.75,7621.25,7622.75,239
2026-09-16 16:18:00-04:00,7623.0,7623.0,7621.0,7621.75,136
2026-09-16 16:19:00-04:00,7622.0,7622.0,7621.0,7621.5,110
2026-09-16 16:20:00-04:00,7621.25,7621.5,7620.25,7621.0,211
2026-09-16 16:21:00-04:00,7620.75,7621.5,7620.75,7621.25,95
2026-09-16 16:22:00-04:00,7621.25,7621.75,7621.0,7621.25,92
2026-09-16 16:23:00-04:00,7621.5,7621.5,7620.0,7620.25,227
2026-09-16 16:24:00-04:00,7620.5,7621.0,7620.0,7620.25,117
2026-09-16 16:25:00-04:00,7620.25,7620.25,7618.5,7619.25,495
2026-09-16 16:26:00-04:00,7619.0,7619.25,7617.25,7618.25,362
2026-09-16 16:27:00-04:00,7618.0,7618.5,7617.25,7617.75,267
2026-09-16 16:28:00-04:00,7617.75,7619.25,7617.75,7619.25,157
2026-09-16 16:29:00-04:00,7619.0,7620.5,7619.0,7620.5,185
2026-09-16 16:30:00-04:00,7620.25,7621.0,7618.75,7621.0,209
2026-09-16 16:31:00-04:00,7621.0,7621.75,7620.5,7621.75,210
2026-09-16 16:32:00-04:00,7621.25,7621.5,7620.5,7620.75,72
2026-09-16 16:33:00-04:00,7620.5,7621.0,7619.75,7621.0,154
2026-09-16 16:34:00-04:00,7621.0,7622.75,7621.0,7622.5,324
2026-09-16 16:35:00-04:00,7622.25,7622.5,7621.25,7621.25,135
2026-09-16 16:36:00-04:00,7621.25,7622.0,7620.25,7620.25,94
2026-09-16 16:37:00-04:00,7620.5,7622.0,7620.25,7622.0,58
2026-09-16 16:38:00-04:00,7622.0,7622.0,7621.0,7621.25,182
2026-09-16 16:39:00-04:00,7621.0,7622.5,7620.75,7622.5,158
2026-09-16 16:40:00-04:00,7622.5,7622.75,7622.0,7622.25,156
2026-09-16 16:41:00-04:00,7622.25,7623.0,7622.0,7622.25,78
2026-09-16 16:42:00-04:00,7622.0,7622.0,7620.75,7621.0,136
2026-09-16 16:43:00-04:00,7621.0,7621.25,7619.75,7620.25,466
2026-09-16 16:44:00-04:00,7620.25,7621.75,7620.25,7621.0,270
2026-09-16 16:45:00-04:00,7621.0,7621.75,7620.75,7620.75,182
2026-09-16 16:46:00-04:00,7620.75,7622.0,7620.25,7622.0,240
2026-09-16 16:47:00-04:00,7621.75,7622.0,7621.5,7621.75,79
2026-09-16 16:48:00-04:00,7622.0,7622.25,7621.75,7621.75,47
2026-09-16 16:49:00-04:00,7622.0,7622.5,7621.75,7622.25,141
2026-09-16 16:50:00-04:00,7622.25,7623.0,7622.0,7623.0,372
2026-09-16 16:51:00-04:00,7623.0,7623.0,7622.0,7622.0,90
2026-09-16 16:52:00-04:00,7621.75,7622.0,7621.0,7621.0,89
2026-09-16 16:53:00-04:00,7621.0,7621.5,7620.5,7621.5,94
2026-09-16 16:54:00-04:00,7621.5,7621.75,7621.25,7621.5,114
2026-09-16 16:55:00-04:00,7621.25,7622.25,7621.0,7621.25,156
2026-09-16 16:56:00-04:00,7621.25,7621.5,7618.5,7620.25,259
2026-09-16 16:57:00-04:00,7620.5,7621.25,7620.0,7621.25,93
2026-09-16 16:58:00-04:00,7621.25,7622.0,7620.75,7621.75,140
2026-09-16 16:59:00-04:00,7621.75,7622.25,7621.25,7622.0,270
2026-09-16 18:00:00-04:00,7624.0,7625.0,7621.75,7622.0,0
2026-09-16 18:01:00-04:00,7622.0,7623.25,7620.25,7620.25,284
2026-09-16 18:02:00-04:00,7620.25,7620.75,7618.5,7619.25,402
2026-09-16 18:03:00-04:00,7618.75,7619.25,7618.0,7618.75,131
2026-09-16 18:04:00-04:00,7619.0,7619.25,7617.5,7618.0,177
2026-09-16 18:05:00-04:00,7618.25,7624.75,7618.25,7624.5,459
2026-09-16 18:06:00-04:00,7624.5,7625.25,7623.25,7624.75,494
2026-09-16 18:07:00-04:00,7625.0,7625.0,7623.5,7624.75,247
2026-09-16 18:08:00-04:00,7624.75,7625.75,7624.0,7625.25,180
2026-09-16 18:09:00-04:00,7625.25,7625.75,7624.5,7625.25,156
2026-09-16 18:10:00-04:00,7625.5,7625.5,7624.75,7625.0,69
2026-09-16 18:11:00-04:00,7624.75,7625.5,7624.5,7624.5,95
2026-09-16 18:12:00-04:00,7625.0,7626.25,7624.75,7626.25,181
2026-09-16 18:13:00-04:00,7626.25,7627.5,7625.75,7626.25,516
2026-09-16 18:14:00-04:00,7626.25,7626.75,7626.0,7626.0,139
2026-09-16 18:15:00-04:00,7626.25,7627.0,7625.75,7626.0,238
2026-09-16 18:16:00-04:00,7626.0,7626.25,7625.5,7626.25,77
2026-09-16 18:17:00-04:00,7626.5,7627.0,7625.75,7627.0,232
2026-09-16 18:18:00-04:00,7627.25,7627.75,7627.0,7627.75,195
2026-09-16 18:19:00-04:00,7627.5,7627.75,7627.25,7627.5,90
2026-09-16 18:20:00-04:00,7627.75,7629.75,7627.75,7629.25,401
2026-09-16 18:21:00-04:00,7629.0,7629.5,7628.5,7629.25,372
2026-09-16 18:22:00-04:00,7629.25,7629.5,7628.75,7628.75,119
2026-09-16 18:23:00-04:00,7628.5,7628.75,7627.25,7628.25,191
2026-09-16 18:24:00-04:00,7628.5,7629.75,7628.5,7629.5,212
2026-09-16 18:25:00-04:00,7629.75,7631.75,7629.0,7631.75,336
2026-09-16 18:26:00-04:00,7631.75,7632.5,7631.5,7632.0,236
2026-09-16 18:27:00-04:00,7631.75,7632.0,7631.5,7631.75,130
2026-09-16 18:28:00-04:00,7631.75,7632.0,7631.0,7631.5,140
2026-09-16 18:29:00-04:00,7631.75,7632.5,7631.5,7632.5,68
2026-09-16 18:30:00-04:00,7632.25,7633.75,7632.0,7633.75,328
2026-09-16 18:31:00-04:00,7633.5,7633.5,7632.75,7633.0,161
2026-09-16 18:32:00-04:00,7633.0,7633.5,7632.75,7633.25,125
2026-09-16 18:33:00-04:00,7633.25,7634.75,7633.25,7634.0,301
2026-09-16 18:34:00-04:00,7634.0,7634.75,7633.75,7634.5,204
2026-09-16 18:35:00-04:00,7634.5,7635.0,7634.25,7634.75,173
2026-09-16 18:36:00-04:00,7634.5,7635.75,7634.25,7635.75,228
2026-09-16 18:37:00-04:00,7635.5,7636.5,7635.0,7636.0,264
2026-09-16 18:38:00-04:00,7636.0,7637.0,7636.0,7636.25,190
2026-09-16 18:39:00-04:00,7636.5,7637.75,7636.5,7637.25,255
2026-09-16 18:40:00-04:00,7637.25,7638.5,7637.0,7637.5,429
2026-09-16 18:41:00-04:00,7637.5,7639.25,7637.5,7639.0,367
2026-09-16 18:42:00-04:00,7639.0,7639.75,7638.0,7638.25,413
2026-09-16 18:43:00-04:00,7638.25,7639.5,7638.0,7639.5,175
2026-09-16 18:44:00-04:00,7639.25,7639.25,7638.5,7638.5,168
2026-09-16 18:45:00-04:00,7638.5,7639.0,7637.75,7638.75,249
2026-09-16 18:46:00-04:00,7638.75,7639.25,7638.5,7638.75,238
2026-09-16 18:47:00-04:00,7639.0,7639.25,7638.75,7638.75,128
2026-09-16 18:48:00-04:00,7639.0,7639.0,7637.75,7638.0,282
2026-09-16 18:49:00-04:00,7637.75,7638.0,7635.75,7635.75,684
2026-09-16 18:50:00-04:00,7635.75,7636.5,7635.5,7636.5,231
2026-09-16 18:51:00-04:00,7636.5,7636.5,7635.5,7635.75,263
2026-09-16 18:52:00-04:00,7635.75,7636.25,7635.25,7635.75,227
2026-09-16 18:53:00-04:00,7635.5,7635.5,7634.75,7635.25,194
2026-09-16 18:54:00-04:00,7635.0,7635.5,7635.0,7635.25,151
2026-09-16 18:55:00-04:00,7635.25,7635.5,7634.75,7634.75,93
2026-09-16 18:56:00-04:00,7635.0,7635.25,7634.75,7635.0,122
2026-09-16 18:57:00-04:00,7635.0,7635.5,7634.75,7635.0,160
2026-09-16 18:58:00-04:00,7635.0,7636.75,7635.0,7636.25,249
2026-09-16 18:59:00-04:00,7636.25,7636.75,7636.0,7636.75,141
2026-09-16 19:00:00-04:00,7636.75,7637.5,7636.0,7636.25,338
2026-09-16 19:01:00-04:00,7636.5,7638.25,7636.25,7638.25,189
2026-09-16 19:02:00-04:00,7638.25,7638.25,7635.75,7636.0,236
2026-09-16 19:03:00-04:00,7636.25,7636.75,7636.25,7636.25,77
2026-09-16 19:04:00-04:00,7636.5,7637.0,7636.5,7637.0,47
2026-09-16 19:05:00-04:00,7636.75,7637.5,7636.75,7637.0,147
2026-09-16 19:06:00-04:00,7637.0,7637.5,7636.5,7637.5,95
2026-09-16 19:07:00-04:00,7637.25,7637.5,7636.5,7636.5,107
2026-09-16 19:08:00-04:00,7637.0,7638.0,7637.0,7638.0,164
2026-09-16 19:09:00-04:00,7638.25,7640.0,7638.0,7639.5,456
2026-09-16 19:10:00-04:00,7639.5,7640.0,7639.25,7640.0,115
2026-09-16 19:11:00-04:00,7639.75,7639.75,7639.5,7639.5,89
2026-09-16 19:12:00-04:00,7639.25,7639.5,7638.75,7638.75,88
2026-09-16 19:13:00-04:00,7638.75,7639.25,7638.75,7638.75,62
2026-09-16 19:14:00-04:00,7639.0,7639.0,7638.0,7638.5,137
2026-09-16 19:15:00-04:00,7638.5,7639.5,7638.5,7639.0,87
2026-09-16 19:16:00-04:00,7639.0,7639.75,7639.0,7639.25,78
2026-09-16 19:17:00-04:00,7639.5,7642.75,7639.5,7642.25,679
2026-09-16 19:18:00-04:00,7642.25,7643.25,7641.5,7641.75,303
2026-09-16 19:19:00-04:00,7641.75,7642.0,7640.75,7641.25,193
2026-09-16 19:20:00-04:00,7641.25,7643.25,7641.25,7643.0,227
2026-09-16 19:21:00-04:00,7642.75,7644.0,7642.75,7643.75,311
2026-09-16 19:22:00-04:00,7644.0,7644.5,7643.5,7644.25,204
2026-09-16 19:23:00-04:00,7644.25,7644.75,7644.0,7644.25,207
2026-09-16 19:24:00-04:00,7644.25,7644.5,7643.75,7644.25,154
2026-09-16 19:25:00-04:00,7644.5,7644.75,7644.0,7644.0,141
2026-09-16 19:26:00-04:00,7644.0,7644.5,7643.25,7644.0,340
2026-09-16 19:27:00-04:00,7644.25,7646.25,7644.25,7646.0,528
2026-09-16 19:28:00-04:00,7646.0,7647.5,7646.0,7646.5,561
2026-09-16 19:29:00-04:00,7646.75,7646.75,7645.25,7645.25,298
2026-09-16 19:30:00-04:00,7645.25,7647.0,7645.25,7646.75,383
2026-09-16 19:31:00-04:00,7646.75,7647.75,7646.5,7647.25,126
2026-09-16 19:32:00-04:00,7647.0,7647.5,7646.5,7647.5,123
2026-09-16 19:33:00-04:00,7647.75,7648.0,7647.25,7647.75,322
2026-09-16 19:34:00-04:00,7647.5,7648.0,7647.5,7648.0,222
2026-09-16 19:35:00-04:00,7647.75,7647.75,7647.25,7647.5,114
2026-09-16 19:36:00-04:00,7647.25,7647.25,7646.75,7647.0,151
2026-09-16 19:37:00-04:00,7646.75,7647.0,7646.0,7646.0,295
2026-09-16 19:38:00-04:00,7646.0,7646.75,7645.0,7645.75,393
2026-09-16 19:39:00-04:00,7645.75,7646.75,7645.5,7646.25,157
2026-09-16 19:40:00-04:00,7646.5,7652.5,7645.25,7650.75,3438
2026-09-16 19:41:00-04:00,7650.75,7651.0,7647.5,7648.25,743
2026-09-16 19:42:00-04:00,7648.5,7649.0,7648.25,7648.25,242
2026-09-16 19:43:00-04:00,7648.5,7651.5,7648.5,7650.0,542
2026-09-16 19:44:00-04:00,7650.0,7652.75,7650.0,7652.25,406
2026-09-16 19:45:00-04:00,7652.25,7653.5,7651.5,7652.0,692
2026-09-16 19:46:00-04:00,7652.25,7655.0,7652.25,7654.25,903
2026-09-16 19:47:00-04:00,7654.5,7656.25,7653.5,7655.25,958
2026-09-16 19:48:00-04:00,7655.5,7656.25,7654.75,7656.25,437
2026-09-16 19:49:00-04:00,7656.25,7656.5,7654.5,7655.0,460
2026-09-16 19:50:00-04:00,7655.25,7655.25,7654.0,7654.25,286
2026-09-16 19:51:00-04:00,7654.5,7655.25,7654.5,7655.0,180
2026-09-16 19:52:00-04:00,7655.25,7657.0,7655.25,7655.75,345
2026-09-16 19:53:00-04:00,7655.75,7656.25,7655.5,7655.75,87
2026-09-16 19:54:00-04:00,7656.0,7656.75,7655.25,7655.5,239
2026-09-16 19:55:00-04:00,7655.5,7656.0,7654.75,7655.25,171
2026-09-16 19:56:00-04:00,7655.0,7656.5,7654.75,7656.25,267
2026-09-16 19:57:00-04:00,7656.25,7656.5,7655.75,7656.5,288
2026-09-16 19:58:00-04:00,7656.5,7656.75,7655.75,7656.5,181
2026-09-16 19:59:00-04:00,7656.5,7657.5,7655.5,7657.5,300
2026-09-16 20:00:00-04:00,7657.25,7659.5,7655.75,7659.0,1114
2026-09-16 20:01:00-04:00,7659.0,7659.25,7657.0,7657.25,569
2026-09-16 20:02:00-04:00,7657.25,7658.0,7656.25,7657.5,314
2026-09-16 20:03:00-04:00,7657.75,7658.75,7657.0,7658.75,214
2026-09-16 20:04:00-04:00,7658.75,7660.0,7658.0,7658.75,523
2026-09-16 20:05:00-04:00,7658.75,7659.5,7657.25,7659.0,387
2026-09-16 20:06:00-04:00,7658.75,7660.5,7658.75,7660.5,418
2026-09-16 20:07:00-04:00,7660.25,7662.25,7660.0,7661.25,721
2026-09-16 20:08:00-04:00,7661.25,7662.25,7659.25,7662.0,689
2026-09-16 20:09:00-04:00,7661.75,7662.0,7660.75,7661.25,251
2026-09-16 20:10:00-04:00,7661.5,7661.5,7659.5,7660.25,310
2026-09-16 20:11:00-04:00,7660.25,7662.0,7660.0,7661.75,263
2026-09-16 20:12:00-04:00,7661.5,7662.0,7659.25,7659.75,393
2026-09-16 20:13:00-04:00,7659.75,7659.75,7656.5,7657.25,706
2026-09-16 20:14:00-04:00,7657.0,7657.5,7656.0,7656.0,529
2026-09-16 20:15:00-04:00,7656.0,7657.5,7654.25,7656.75,1195
2026-09-16 20:16:00-04:00,7656.5,7657.25,7655.0,7655.5,488
2026-09-16 20:17:00-04:00,7655.5,7658.25,7655.0,7657.75,470
2026-09-16 20:18:00-04:00,7657.75,7660.0,7657.75,7658.25,481
2026-09-16 20:19:00-04:00,7658.5,7660.0,7658.0,7659.5,543
2026-09-16 20:20:00-04:00,7659.5,7660.0,7658.0,7658.5,493
2026-09-16 20:21:00-04:00,7658.75,7658.75,7657.5,7658.5,173
2026-09-16 20:22:00-04:00,7658.25,7658.5,7656.0,7656.25,345
2026-09-16 20:23:00-04:00,7656.0,7657.0,7656.0,7656.75,302
2026-09-16 20:24:00-04:00,7656.5,7657.5,7656.25,7657.25,133
2026-09-16 20:25:00-04:00,7656.75,7657.25,7656.0,7657.25,173
2026-09-16 20:26:00-04:00,7657.25,7658.75,7657.25,7657.5,233
2026-09-16 20:27:00-04:00,7657.5,7659.0,7657.25,7658.25,223
2026-09-16 20:28:00-04:00,7658.0,7658.0,7656.75,7657.0,111
2026-09-16 20:29:00-04:00,7657.0,7658.0,7656.5,7656.75,90
2026-09-16 20:30:00-04:00,7656.75,7658.0,7656.5,7657.25,207
2026-09-16 20:31:00-04:00,7657.25,7660.75,7657.0,7660.5,610
2026-09-16 20:32:00-04:00,7660.25,7662.5,7660.0,7661.5,480
2026-09-16 20:33:00-04:00,7661.5,7663.5,7661.0,7663.0,511
2026-09-16 20:34:00-04:00,7663.25,7663.25,7661.75,7662.0,320
2026-09-16 20:35:00-04:00,7662.0,7664.0,7662.0,7663.75,355
2026-09-16 20:36:00-04:00,7663.75,7664.0,7662.25,7662.5,239
2026-09-16 20:37:00-04:00,7662.5,7663.25,7661.5,7663.0,186
2026-09-16 20:38:00-04:00,7663.25,7664.5,7663.25,7663.5,184
2026-09-16 20:39:00-04:00,7663.5,7664.75,7663.5,7664.25,269
2026-09-16 20:40:00-04:00,7664.25,7665.5,7664.0,7664.75,344
2026-09-16 20:41:00-04:00,7664.75,7666.0,7664.5,7665.25,250
2026-09-16 20:42:00-04:00,7665.25,7665.75,7664.75,7665.5,324
2026-09-16 20:43:00-04:00,7665.5,7667.75,7665.25,7667.5,520
2026-09-16 20:44:00-04:00,7667.25,7667.5,7664.5,7665.5,628
2026-09-16 20:45:00-04:00,7665.5,7665.5,7664.25,7664.5,308
2026-09-16 20:46:00-04:00,7664.25,7664.25,7662.25,7663.25,392
2026-09-16 20:47:00-04:00,7663.25,7664.75,7663.25,7664.5,214
2026-09-16 20:48:00-04:00,7664.75,7665.5,7663.75,7664.25,188
2026-09-16 20:49:00-04:00,7664.25,7664.25,7663.0,7663.75,223
2026-09-16 20:50:00-04:00,7663.75,7664.25,7663.0,7663.75,238
2026-09-16 20:51:00-04:00,7663.5,7663.5,7662.25,7662.25,146
2026-09-16 20:52:00-04:00,7662.25,7662.5,7661.0,7661.25,401
2026-09-16 20:53:00-04:00,7661.25,7661.25,7660.0,7661.0,564
2026-09-16 20:54:00-04:00,7660.75,7661.25,7660.0,7660.75,177
2026-09-16 20:55:00-04:00,7661.0,7662.75,7660.5,7662.5,344
2026-09-16 20:56:00-04:00,7662.5,7664.5,7662.25,7664.5,328
2026-09-16 20:57:00-04:00,7664.5,7665.0,7663.75,7664.75,258
2026-09-16 20:58:00-04:00,7664.5,7665.75,7664.25,7664.75,248
2026-09-16 20:59:00-04:00,7665.0,7665.5,7664.0,7664.0,244
2026-09-16 21:00:00-04:00,7664.25,7665.25,7662.25,7662.75,485
2026-09-16 21:01:00-04:00,7663.0,7663.5,7662.0,7663.0,205
2026-09-16 21:02:00-04:00,7663.0,7663.25,7662.0,7663.0,211
2026-09-16 21:03:00-04:00,7663.25,7663.75,7662.5,7663.5,226
2026-09-16 21:04:00-04:00,7663.75,7665.0,7663.25,7664.5,272
2026-09-16 21:05:00-04:00,7664.5,7666.0,7664.0,7666.0,355
2026-09-16 21:06:00-04:00,7666.25,7667.5,7665.25,7667.5,264
2026-09-16 21:07:00-04:00,7667.5,7668.0,7667.0,7667.5,301
2026-09-16 21:08:00-04:00,7667.5,7667.5,7666.25,7666.25,247
2026-09-16 21:09:00-04:00,7666.5,7666.5,7663.75,7664.0,343
2026-09-16 21:10:00-04:00,7664.25,7664.25,7661.75,7662.5,435
2026-09-16 21:11:00-04:00,7662.5,7662.75,7661.75,7661.75,183
2026-09-16 21:12:00-04:00,7662.0,7662.5,7661.5,7661.75,200
2026-09-16 21:13:00-04:00,7661.75,7662.25,7660.75,7661.75,262
2026-09-16 21:14:00-04:00,7662.0,7663.75,7661.5,7663.75,283
2026-09-16 21:15:00-04:00,7663.5,7664.0,7662.75,7663.5,302
2026-09-16 21:16:00-04:00,7663.75,7664.0,7663.0,7663.25,127
2026-09-16 21:17:00-04:00,7663.5,7663.5,7662.5,7662.5,101
2026-09-16 21:18:00-04:00,7662.5,7662.75,7662.0,7662.25,125
2026-09-16 21:19:00-04:00,7662.5,7663.5,7662.25,7663.25,283
2026-09-16 21:20:00-04:00,7663.25,7664.25,7662.75,7663.5,299
2026-09-16 21:21:00-04:00,7663.5,7664.5,7663.25,7663.75,172
2026-09-16 21:22:00-04:00,7663.75,7664.0,7663.25,7664.0,131
2026-09-16 21:23:00-04:00,7664.0,7664.5,7663.25,7663.25,138
2026-09-16 21:24:00-04:00,7663.25,7663.75,7663.0,7663.25,143
2026-09-16 21:25:00-04:00,7663.5,7664.25,7662.75,7663.75,149
2026-09-16 21:26:00-04:00,7663.5,7664.0,7662.75,7662.75,83
2026-09-16 21:27:00-04:00,7662.75,7663.5,7662.5,7663.25,84
2026-09-16 21:28:00-04:00,7663.5,7663.75,7662.75,7663.0,154
2026-09-16 21:29:00-04:00,7663.25,7663.75,7662.75,7663.25,91
2026-09-16 21:30:00-04:00,7663.25,7664.0,7663.25,7663.75,169
2026-09-16 21:31:00-04:00,7663.75,7665.0,7663.75,7664.75,245
2026-09-16 21:32:00-04:00,7665.0,7666.75,7665.0,7665.5,453
2026-09-16 21:33:00-04:00,7665.5,7665.5,7665.0,7665.0,137
2026-09-16 21:34:00-04:00,7665.0,7665.0,7664.0,7664.25,198
2026-09-16 21:35:00-04:00,7664.25,7665.25,7664.25,7664.75,83
2026-09-16 21:36:00-04:00,7665.0,7666.25,7664.75,7666.0,145
2026-09-16 21:37:00-04:00,7666.0,7666.0,7663.5,7663.5,181
2026-09-16 21:38:00-04:00,7663.75,7664.25,7663.25,7663.5,104
2026-09-16 21:39:00-04:00,7663.5,7664.0,7662.0,7662.0,190
2026-09-16 21:40:00-04:00,7662.25,7662.25,7661.25,7661.75,324
2026-09-16 21:41:00-04:00,7661.75,7661.75,7659.75,7659.75,478
2026-09-16 21:42:00-04:00,7659.75,7662.25,7659.75,7661.75,400
2026-09-16 21:43:00-04:00,7661.75,7663.75,7660.75,7663.0,798
2026-09-16 21:44:00-04:00,7663.25,7663.75,7662.75,7663.25,139
2026-09-16 21:45:00-04:00,7663.5,7664.0,7663.0,7663.5,189
2026-09-16 21:46:00-04:00,7663.75,7664.0,7663.25,7664.0,100
2026-09-16 21:47:00-04:00,7664.0,7664.0,7663.25,7663.25,158
2026-09-16 21:48:00-04:00,7663.25,7663.75,7663.0,7663.5,103
2026-09-16 21:49:00-04:00,7663.5,7664.25,7663.25,7663.25,97
2026-09-16 21:50:00-04:00,7663.25,7663.25,7662.25,7663.0,330
2026-09-16 21:51:00-04:00,7663.25,7663.75,7662.75,7663.0,159
2026-09-16 21:52:00-04:00,7662.5,7662.5,7661.0,7661.75,275
2026-09-16 21:53:00-04:00,7661.5,7662.0,7660.5,7661.75,311
2026-09-16 21:54:00-04:00,7662.0,7663.0,7661.5,7662.75,99
2026-09-16 21:55:00-04:00,7662.5,7663.0,7660.5,7660.5,129
2026-09-16 21:56:00-04:00,7660.5,7660.75,7658.25,7658.25,656
2026-09-16 21:57:00-04:00,7658.5,7661.75,7658.25,7660.75,446
2026-09-16 21:58:00-04:00,7661.0,7661.25,7659.5,7660.25,163
2026-09-16 21:59:00-04:00,7660.25,7660.25,7659.75,7659.75,95
2026-09-16 22:00:00-04:00,7660.0,7661.25,7659.75,7661.0,148
2026-09-16 22:01:00-04:00,7661.0,7662.0,7660.5,7661.5,175
2026-09-16 22:02:00-04:00,7661.5,7661.5,7659.75,7660.5,83
2026-09-16 22:03:00-04:00,7660.25,7663.0,7660.25,7663.0,207
2026-09-16 22:04:00-04:00,7663.0,7664.0,7662.5,7663.75,193
2026-09-16 22:05:00-04:00,7664.0,7664.5,7662.25,7662.25,298
2026-09-16 22:06:00-04:00,7662.25,7662.25,7661.0,7661.5,298
2026-09-16 22:07:00-04:00,7661.5,7662.5,7661.0,7662.5,171
2026-09-16 22:08:00-04:00,7662.25,7663.0,7661.75,7661.75,251
2026-09-16 22:09:00-04:00,7661.5,7661.75,7661.0,7661.5,89
2026-09-16 22:10:00-04:00,7661.5,7662.75,7661.5,7662.25,103
2026-09-16 22:11:00-04:00,7662.5,7662.5,7661.25,7662.0,183
2026-09-16 22:12:00-04:00,7662.25,7662.75,7660.75,7660.75,106
2026-09-16 22:13:00-04:00,7661.0,7662.0,7661.0,7661.75,101
2026-09-16 22:14:00-04:00,7662.0,7662.25,7661.25,7661.75,77
2026-09-16 22:15:00-04:00,7661.75,7662.25,7661.5,7662.25,50
2026-09-16 22:16:00-04:00,7662.0,7663.75,7662.0,7663.0,101
2026-09-16 22:17:00-04:00,7662.75,7663.0,7662.0,7662.5,49
2026-09-16 22:18:00-04:00,7663.0,7663.25,7661.5,7663.0,235
2026-09-16 22:19:00-04:00,7663.25,7664.0,7663.25,7663.25,125
2026-09-16 22:20:00-04:00,7663.25,7664.0,7662.5,7663.25,193
2026-09-16 22:21:00-04:00,7663.5,7664.0,7663.0,7663.0,55
2026-09-16 22:22:00-04:00,7663.25,7663.25,7662.25,7662.75,86
2026-09-16 22:23:00-04:00,7663.0,7664.25,7663.0,7663.75,84
2026-09-16 22:24:00-04:00,7664.0,7664.0,7662.75,7663.5,130
2026-09-16 22:25:00-04:00,7663.5,7664.0,7663.25,7663.75,106
2026-09-16 22:26:00-04:00,7663.75,7665.25,7663.75,7665.0,333
2026-09-16 22:27:00-04:00,7665.25,7665.25,7663.75,7664.0,133
2026-09-16 22:28:00-04:00,7664.0,7664.25,7663.0,7663.0,115
2026-09-16 22:29:00-04:00,7663.25,7664.25,7663.0,7664.0,336
2026-09-16 22:30:00-04:00,7664.0,7665.5,7663.75,7665.25,309
2026-09-16 22:31:00-04:00,7665.5,7666.25,7664.75,7666.0,324
2026-09-16 22:32:00-04:00,7666.0,7667.25,7665.75,7666.5,319
2026-09-16 22:33:00-04:00,7666.5,7666.75,7666.0,7666.75,187
2026-09-16 22:34:00-04:00,7666.5,7666.75,7665.5,7666.0,115
2026-09-16 22:35:00-04:00,7666.0,7667.25,7665.75,7667.0,268
2026-09-16 22:36:00-04:00,7667.0,7667.5,7667.0,7667.25,94
2026-09-16 22:37:00-04:00,7667.0,7667.5,7666.75,7667.25,67
2026-09-16 22:38:00-04:00,7667.0,7668.25,7667.0,7668.0,258
2026-09-16 22:39:00-04:00,7668.0,7668.75,7667.75,7667.75,212
2026-09-16 22:40:00-04:00,7667.75,7668.5,7667.5,7667.75,135
2026-09-16 22:41:00-04:00,7668.0,7668.75,7667.5,7668.75,92
2026-09-16 22:42:00-04:00,7668.75,7669.75,7668.5,7669.5,379
2026-09-16 22:43:00-04:00,7669.25,7670.0,7668.75,7669.0,282
2026-09-16 22:44:00-04:00,7669.0,7669.25,7668.5,7668.5,147
2026-09-16 22:45:00-04:00,7668.75,7668.75,7667.5,7667.5,228
2026-09-16 22:46:00-04:00,7667.5,7668.0,7667.0,7667.5,153
2026-09-16 22:47:00-04:00,7667.5,7668.25,7667.25,7668.25,95
2026-09-16 22:48:00-04:00,7668.25,7668.5,7667.5,7667.5,53
2026-09-16 22:49:00-04:00,7667.75,7667.75,7666.75,7667.75,157
2026-09-16 22:50:00-04:00,7667.5,7668.25,7667.5,7668.25,86
2026-09-16 22:51:00-04:00,7668.25,7668.5,7668.0,7668.5,62
2026-09-16 22:52:00-04:00,7668.25,7668.75,7667.25,7667.5,106
2026-09-16 22:53:00-04:00,7668.0,7668.0,7666.5,7666.5,194
2026-09-16 22:54:00-04:00,7666.25,7666.5,7664.75,7665.5,445
2026-09-16 22:55:00-04:00,7665.25,7665.75,7664.75,7665.5,170
2026-09-16 22:56:00-04:00,7665.5,7666.5,7665.25,7666.0,241
2026-09-16 22:57:00-04:00,7666.0,7666.75,7665.75,7666.5,58
2026-09-16 22:58:00-04:00,7666.5,7666.5,7665.0,7665.0,158
2026-09-16 22:59:00-04:00,7664.75,7665.75,7664.75,7665.25,132
2026-09-16 23:00:00-04:00,7665.25,7665.75,7664.75,7665.5,175
2026-09-16 23:01:00-04:00,7665.25,7665.5,7665.0,7665.25,90
2026-09-16 23:02:00-04:00,7665.0,7665.5,7664.75,7665.0,60
2026-09-16 23:03:00-04:00,7665.25,7665.75,7665.0,7665.5,93
2026-09-16 23:04:00-04:00,7665.25,7666.5,7665.25,7666.25,101
2026-09-16 23:05:00-04:00,7666.25,7666.75,7666.25,7666.75,82
2026-09-16 23:06:00-04:00,7666.5,7666.75,7665.75,7666.0,77
2026-09-16 23:07:00-04:00,7666.25,7666.75,7666.25,7666.25,70
2026-09-16 23:08:00-04:00,7666.25,7667.5,7666.0,7667.25,190
2026-09-16 23:09:00-04:00,7667.0,7667.0,7666.25,7666.25,67
2026-09-16 23:10:00-04:00,7666.5,7666.75,7665.5,7665.5,117
2026-09-16 23:11:00-04:00,7665.5,7666.25,7665.0,7666.25,133
2026-09-16 23:12:00-04:00,7666.0,7667.0,7666.0,7667.0,127
2026-09-16 23:13:00-04:00,7667.25,7667.25,7666.5,7666.75,42
2026-09-16 23:14:00-04:00,7667.0,7667.5,7666.75,7667.25,108
2026-09-16 23:15:00-04:00,7667.5,7667.75,7667.0,7667.0,106
2026-09-16 23:16:00-04:00,7667.25,7667.5,7666.75,7666.75,84
2026-09-16 23:17:00-04:00,7667.0,7667.25,7666.75,7666.75,106
2026-09-16 23:18:00-04:00,7666.5,7666.5,7665.75,7665.75,140
2026-09-16 23:19:00-04:00,7666.0,7666.75,7666.0,7666.25,67
2026-09-16 23:20:00-04:00,7666.25,7666.25,7664.75,7665.5,374
2026-09-16 23:21:00-04:00,7665.5,7666.5,7665.25,7666.5,58
2026-09-16 23:22:00-04:00,7666.5,7666.75,7666.0,7666.5,72
2026-09-16 23:23:00-04:00,7666.5,7667.0,7666.25,7667.0,63
2026-09-16 23:24:00-04:00,7667.0,7668.0,7666.75,7668.0,146
2026-09-16 23:25:00-04:00,7668.0,7668.25,7667.5,7667.75,83
2026-09-16 23:26:00-04:00,7667.5,7668.0,7667.25,7667.25,67
2026-09-16 23:27:00-04:00,7667.5,7668.5,7667.5,7668.0,46
2026-09-16 23:28:00-04:00,7667.75,7668.0,7667.75,7668.0,36
2026-09-16 23:29:00-04:00,7667.75,7668.25,7667.25,7668.25,60
2026-09-16 23:30:00-04:00,7668.0,7668.0,7666.75,7667.75,129
2026-09-16 23:31:00-04:00,7667.5,7668.0,7667.0,7667.25,53
2026-09-16 23:32:00-04:00,7667.25,7667.5,7666.75,7666.75,37
2026-09-16 23:33:00-04:00,7666.75,7667.75,7666.75,7667.5,37
2026-09-16 23:34:00-04:00,7667.0,7668.25,7667.0,7667.75,98
2026-09-16 23:35:00-04:00,7668.0,7668.25,7667.5,7667.5,59
2026-09-16 23:36:00-04:00,7667.75,7668.0,7667.0,7667.5,74
2026-09-16 23:37:00-04:00,7667.5,7668.0,7667.25,7667.75,27
2026-09-16 23:38:00-04:00,7667.75,7668.5,7667.75,7668.5,38
2026-09-16 23:39:00-04:00,7668.5,7668.75,7668.0,7668.75,48
2026-09-16 23:40:00-04:00,7669.0,7669.25,7668.5,7668.75,158
2026-09-16 23:41:00-04:00,7669.0,7670.0,7668.75,7669.75,234
2026-09-16 23:42:00-04:00,7669.75,7670.0,7669.25,7669.25,97
2026-09-16 23:43:00-04:00,7669.5,7669.75,7669.25,7669.75,67
2026-09-16 23:44:00-04:00,7669.5,7669.75,7669.25,7669.5,55
2026-09-16 23:45:00-04:00,7669.5,7669.75,7668.25,7668.5,363
2026-09-16 23:46:00-04:00,7668.75,7668.75,7667.5,7667.75,180
2026-09-16 23:47:00-04:00,7667.5,7667.75,7666.5,7667.5,156
2026-09-16 23:48:00-04:00,7667.75,7669.0,7667.75,7669.0,244
2026-09-16 23:49:00-04:00,7669.0,7669.5,7668.75,7669.5,82
2026-09-16 23:50:00-04:00,7669.5,7669.5,7668.25,7668.5,115
2026-09-16 23:51:00-04:00,7668.5,7669.0,7667.5,7668.0,100
2026-09-16 23:52:00-04:00,7668.0,7668.0,7667.5,7668.0,80
2026-09-16 23:53:00-04:00,7668.25,7668.25,7667.75,7668.0,51
2026-09-16 23:54:00-04:00,7668.0,7668.25,7667.75,7667.75,69
2026-09-16 23:55:00-04:00,7668.25,7669.0,7668.25,7668.25,156
2026-09-16 23:56:00-04:00,7668.25,7669.75,7668.25,7669.5,72
2026-09-16 23:57:00-04:00,7669.75,7670.0,7669.5,7670.0,144
2026-09-16 23:58:00-04:00,7669.75,7670.0,7669.5,7669.75,66
