,Open,High,Low,Close,Volume
2026-09-27 18:10:00-04:00,7790.5,7792.5,7790.5,7792.5,0
2026-09-27 18:11:00-04:00,7792.0,7792.5,7790.75,7791.25,207
2026-09-27 18:12:00-04:00,7791.25,7791.75,7789.75,7789.75,257
2026-09-27 18:13:00-04:00,7789.75,7790.0,7787.5,7788.25,435
2026-09-27 18:14:00-04:00,7788.25,7788.25,7786.0,7786.25,833
2026-09-27 18:15:00-04:00,7786.5,7787.0,7785.5,7786.5,480
2026-09-27 18:16:00-04:00,7787.0,7787.5,7786.5,7787.5,226
2026-09-27 18:17:00-04:00,7787.5,7788.25,7787.25,7788.0,277
2026-09-27 18:18:00-04:00,7788.25,7788.25,7786.5,7786.75,243
2026-09-27 18:19:00-04:00,7786.75,7787.0,7785.75,7785.75,157
2026-09-27 18:20:00-04:00,7786.0,7786.5,7783.25,7784.25,794
2026-09-27 18:21:00-04:00,7784.5,7785.0,7784.25,7785.0,184
2026-09-27 18:22:00-04:00,7785.0,7785.25,7784.25,7785.25,150
2026-09-27 18:23:00-04:00,7785.0,7787.5,7785.0,7787.25,393
2026-09-27 18:24:00-04:00,7787.5,7787.75,7786.5,7787.0,194
2026-09-27 18:25:00-04:00,7787.0,7787.25,7786.75,7787.0,156
2026-09-27 18:26:00-04:00,7787.25,7788.0,7786.75,7787.5,138
2026-09-27 18:27:00-04:00,7787.5,7789.5,7787.5,7789.5,276
2026-09-27 18:28:00-04:00,7789.25,7789.25,7787.75,7788.5,331
2026-09-27 18:29:00-04:00,7788.75,7788.75,7785.25,7785.75,291
2026-09-27 18:30:00-04:00,7786.0,7786.0,7784.0,7784.0,322
2026-09-27 18:31:00-04:00,7784.0,7784.75,7783.0,7784.25,388
2026-09-27 18:32:00-04:00,7784.25,7784.75,7783.75,7784.25,183
2026-09-27 18:33:00-04:00,7784.0,7784.25,7783.0,7783.5,171
2026-09-27 18:34:00-04:00,7783.25,7783.5,7781.5,7782.0,401
2026-09-27 18:35:00-04:00,7782.0,7783.75,7781.25,7782.25,533
2026-09-27 18:36:00-04:00,7782.0,7783.25,7781.5,7783.0,241
2026-09-27 18:37:00-04:00,7782.75,7783.25,7782.25,7782.75,165
2026-09-27 18:38:00-04:00,7782.5,7783.5,7782.0,7783.0,246
2026-09-27 18:39:00-04:00,7782.75,7783.25,7782.5,7783.25,96
2026-09-27 18:40:00-04:00,7783.0,7783.25,7782.75,7783.0,86
2026-09-27 18:41:00-04:00,7783.0,7783.5,7782.75,7783.0,197
2026-09-27 18:42:00-04:00,7782.75,7783.25,7782.5,7783.25,91
2026-09-27 18:43:00-04:00,7783.5,7783.75,7783.0,7783.25,110
2026-09-27 18:44:00-04:00,7783.25,7783.75,7783.0,7783.5,74
2026-09-27 18:45:00-04:00,7783.25,7783.5,7782.75,7783.0,119
2026-09-27 18:46:00-04:00,7782.75,7783.0,7782.0,7782.25,131
2026-09-27 18:47:00-04:00,7782.25,7782.5,7782.0,7782.5,156
2026-09-27 18:48:00-04:00,7782.5,7782.5,7781.5,7782.0,120
2026-09-27 18:49:00-04:00,7782.0,7782.0,7781.25,7781.5,134
2026-09-27 18:50:00-04:00,7781.25,7781.75,7780.75,7781.0,292
2026-09-27 18:51:00-04:00,7781.0,7781.75,7780.25,7781.25,343
2026-09-27 18:52:00-04:00,7781.5,7781.75,7779.5,7781.25,618
2026-09-27 18:53:00-04:00,7781.5,7781.75,7781.0,7781.5,176
2026-09-27 18:54:00-04:00,7781.5,7781.5,7780.25,7780.75,206
2026-09-27 18:55:00-04:00,7780.75,7781.75,7780.25,7781.5,311
2026-09-27 18:56:00-04:00,7781.25,7781.5,7780.75,7781.0,100
2026-09-27 18:57:00-04:00,7781.0,7781.5,7780.75,7781.25,60
2026-09-27 18:58:00-04:00,7781.0,7781.25,7780.75,7781.25,38
2026-09-27 18:59:00-04:00,7781.0,7781.25,7780.5,7781.25,108
2026-09-27 19:00:00-04:00,7781.25,7781.25,7780.75,7781.25,192
2026-09-27 19:01:00-04:00,7781.0,7781.0,7780.25,7781.0,128
2026-09-27 19:02:00-04:00,7781.25,7782.25,7780.75,7781.25,297
2026-09-27 19:03:00-04:00,7781.25,7781.75,7781.0,7781.25,75
2026-09-27 19:04:00-04:00,7781.25,7781.5,7780.75,7780.75,141
2026-09-27 19:05:00-04:00,7780.75,7781.5,7780.5,7781.0,149
2026-09-27 19:06:00-04:00,7780.75,7781.25,7780.5,7781.25,123
2026-09-27 19:07:00-04:00,7781.0,7781.5,7781.0,7781.5,55
2026-09-27 19:08:00-04:00,7781.5,7782.5,7781.5,7781.75,328
2026-09-27 19:09:00-04:00,7781.75,7782.25,7781.5,7781.75,105
2026-09-27 19:10:00-04:00,7781.75,7782.5,7781.75,7782.25,183
2026-09-27 19:11:00-04:00,7782.25,7783.0,7782.0,7783.0,156
2026-09-27 19:12:00-04:00,7783.25,7783.75,7782.5,7783.0,210
2026-09-27 19:13:00-04:00,7782.75,7783.25,7782.5,7783.0,110
2026-09-27 19:14:00-04:00,7783.0,7783.25,7782.75,7783.0,75
2026-09-27 19:15:00-04:00,7783.0,7783.5,7782.25,7782.5,179
2026-09-27 19:16:00-04:00,7782.5,7783.25,7782.25,7783.0,138
2026-09-27 19:17:00-04:00,7783.0,7783.25,7782.5,7783.0,89
2026-09-27 19:18:00-04:00,7782.75,7783.0,7782.5,7783.0,34
2026-09-27 19:19:00-04:00,7783.0,7783.5,7782.75,7783.5,107
2026-09-27 19:20:00-04:00,7783.0,7784.5,7783.0,7784.25,225
2026-09-27 19:21:00-04:00,7784.5,7784.5,7784.0,7784.5,113
2026-09-27 19:22:00-04:00,7784.5,7785.25,7784.25,7784.75,279
2026-09-27 19:23:00-04:00,7785.0,7785.25,7784.25,7784.25,164
2026-09-27 19:24:00-04:00,7784.0,7784.25,7783.25,7783.25,198
2026-09-27 19:25:00-04:00,7783.0,7783.75,7783.0,7783.75,137
2026-09-27 19:26:00-04:00,7783.75,7783.75,7783.25,7783.5,90
2026-09-27 19:27:00-04:00,7783.5,7783.75,7782.75,7783.25,260
2026-09-27 19:28:00-04:00,7783.5,7783.5,7782.5,7783.0,137
2026-09-27 19:29:00-04:00,7783.25,7783.25,7782.75,7783.25,66
2026-09-27 19:30:00-04:00,7783.5,7784.0,7783.0,7783.5,184
2026-09-27 19:31:00-04:00,7783.25,7783.5,7782.25,7783.25,173
2026-09-27 19:32:00-04:00,7783.0,7783.75,7783.0,7783.25,116
2026-09-27 19:33:00-04:00,7783.5,7783.5,7782.25,7782.25,86
2026-09-27 19:34:00-04:00,7782.5,7782.75,7781.25,7782.0,432
2026-09-27 19:35:00-04:00,7782.0,7782.25,7781.75,7782.25,167
2026-09-27 19:36:00-04:00,7782.25,7782.5,7781.5,7781.75,134
2026-09-27 19:37:00-04:00,7781.75,7783.0,7781.25,7782.25,243
2026-09-27 19:38:00-04:00,7782.25,7782.25,7781.25,7782.0,185
2026-09-27 19:39:00-04:00,7781.75,7781.75,7781.25,7781.75,80
2026-09-27 19:40:00-04:00,7781.5,7782.25,7781.0,7782.0,209
2026-09-27 19:41:00-04:00,7782.0,7782.0,7780.5,7780.5,240
2026-09-27 19:42:00-04:00,7780.5,7780.5,7778.75,7779.5,745
2026-09-27 19:43:00-04:00,7779.75,7780.5,7779.75,7780.25,184
2026-09-27 19:44:00-04:00,7780.5,7781.5,7780.25,7781.25,185
2026-09-27 19:45:00-04:00,7781.5,7783.0,7781.25,7782.25,476
2026-09-27 19:46:00-04:00,7782.5,7783.75,7781.75,7783.25,267
2026-09-27 19:47:00-04:00,7783.25,7783.75,7782.25,7783.75,237
2026-09-27 19:48:00-04:00,7783.5,7785.0,7783.25,7785.0,429
2026-09-27 19:49:00-04:00,7785.0,7785.0,7783.75,7784.0,258
2026-09-27 19:50:00-04:00,7784.25,7785.5,7784.25,7785.25,170
2026-09-27 19:51:00-04:00,7785.25,7785.5,7783.5,7784.25,224
2026-09-27 19:52:00-04:00,7784.25,7784.5,7783.0,7783.75,104
2026-09-27 19:53:00-04:00,7783.25,7783.25,7781.0,7781.75,327
2026-09-27 19:54:00-04:00,7781.5,7781.5,7780.25,7781.25,232
2026-09-27 19:55:00-04:00,7781.5,7781.75,7781.0,7781.5,106
2026-09-27 19:56:00-04:00,7781.75,7783.75,7781.5,7783.25,254
2026-09-27 19:57:00-04:00,7783.5,7784.25,7783.0,7783.5,231
2026-09-27 19:58:00-04:00,7783.0,7784.25,7783.0,7784.25,129
2026-09-27 19:59:00-04:00,7784.25,7784.75,7783.5,7784.0,254
2026-09-27 20:00:00-04:00,7783.75,7785.0,7783.0,7784.0,742
2026-09-27 20:01:00-04:00,7784.0,7786.5,7782.75,7786.0,625
2026-09-27 20:02:00-04:00,7786.0,7788.0,7785.75,7786.5,760
2026-09-27 20:03:00-04:00,7786.75,7788.0,7786.0,7787.5,326
2026-09-27 20:04:00-04:00,7787.5,7788.0,7785.75,7786.75,315
2026-09-27 20:05:00-04:00,7786.75,7786.75,7785.25,7785.5,326
2026-09-27 20:06:00-04:00,7785.75,7788.25,7785.5,7788.25,496
2026-09-27 20:07:00-04:00,7788.0,7788.25,7786.5,7787.75,348
2026-09-27 20:08:00-04:00,7787.5,7787.75,7786.0,7786.75,241
2026-09-27 20:09:00-04:00,7786.5,7788.0,7786.5,7787.75,152
2026-09-27 20:10:00-04:00,7787.75,7788.5,7787.5,7788.25,284
2026-09-27 20:11:00-04:00,7788.0,7788.5,7787.75,7788.25,156
2026-09-27 20:12:00-04:00,7788.25,7790.25,7788.25,7790.0,451
2026-09-27 20:13:00-04:00,7789.75,7790.75,7789.0,7790.25,359
2026-09-27 20:14:00-04:00,7790.5,7790.75,7789.25,7790.5,305
2026-09-27 20:15:00-04:00,7790.5,7790.5,7788.25,7789.5,325
2026-09-27 20:16:00-04:00,7789.75,7790.0,7788.25,7788.75,341
2026-09-27 20:17:00-04:00,7788.75,7788.75,7787.0,7787.25,291
2026-09-27 20:18:00-04:00,7787.5,7788.75,7787.5,7788.75,100
2026-09-27 20:19:00-04:00,7788.5,7789.5,7788.0,7788.75,204
2026-09-27 20:20:00-04:00,7789.0,7789.75,7788.25,7788.25,159
2026-09-27 20:21:00-04:00,7788.75,7789.5,7788.0,7789.0,152
2026-09-27 20:22:00-04:00,7789.0,7790.0,7788.75,7790.0,342
2026-09-27 20:23:00-04:00,7789.75,7790.5,7789.5,7790.25,211
2026-09-27 20:24:00-04:00,7790.25,7790.5,7788.5,7789.0,231
2026-09-27 20:25:00-04:00,7789.0,7789.75,7788.25,7788.75,165
2026-09-27 20:26:00-04:00,7789.0,7789.0,7787.0,7787.5,283
2026-09-27 20:27:00-04:00,7787.5,7788.75,7787.5,7788.5,154
2026-09-27 20:28:00-04:00,7788.25,7788.25,7786.75,7788.25,249
2026-09-27 20:29:00-04:00,7788.25,7788.75,7787.5,7787.5,72
2026-09-27 20:30:00-04:00,7787.5,7788.0,7787.25,7787.5,157
2026-09-27 20:31:00-04:00,7787.5,7789.0,7786.0,7788.0,602
2026-09-27 20:32:00-04:00,7788.25,7788.75,7787.25,7788.25,131
2026-09-27 20:33:00-04:00,7788.0,7788.0,7783.75,7784.0,667
2026-09-27 20:34:00-04:00,7784.0,7786.0,7783.25,7785.25,581
2026-09-27 20:35:00-04:00,7785.25,7786.0,7784.5,7785.5,246
2026-09-27 20:36:00-04:00,7785.25,7785.5,7782.75,7783.0,341
2026-09-27 20:37:00-04:00,7783.25,7784.75,7783.25,7784.0,194
2026-09-27 20:38:00-04:00,7784.0,7785.5,7784.0,7785.0,224
2026-09-27 20:39:00-04:00,7785.25,7785.75,7784.25,7784.25,159
2026-09-27 20:40:00-04:00,7784.5,7784.75,7782.25,7782.5,317
2026-09-27 20:41:00-04:00,7782.5,7783.0,7781.5,7783.0,581
2026-09-27 20:42:00-04:00,7782.75,7783.75,7782.25,7783.75,250
2026-09-27 20:43:00-04:00,7783.5,7784.5,7782.75,7783.25,207
2026-09-27 20:44:00-04:00,7783.0,7785.25,7783.0,7784.5,302
2026-09-27 20:45:00-04:00,7784.5,7786.75,7784.5,7786.0,383
2026-09-27 20:46:00-04:00,7786.25,7788.75,7786.0,7787.25,482
2026-09-27 20:47:00-04:00,7787.5,7788.0,7786.25,7787.25,262
2026-09-27 20:48:00-04:00,7787.25,7787.75,7786.0,7786.0,167
2026-09-27 20:49:00-04:00,7786.25,7787.5,7786.25,7787.25,229
2026-09-27 20:50:00-04:00,7787.5,7787.5,7786.25,7787.25,204
2026-09-27 20:51:00-04:00,7787.25,7789.25,7787.0,7788.5,317
2026-09-27 20:52:00-04:00,7788.5,7789.25,7788.5,7789.0,144
2026-09-27 20:53:00-04:00,7789.0,7789.0,7787.75,7788.0,123
2026-09-27 20:54:00-04:00,7788.25,7788.5,7787.5,7787.75,162
2026-09-27 20:55:00-04:00,7787.5,7788.25,7786.25,7786.25,239
2026-09-27 20:56:00-04:00,7786.25,7786.75,7784.25,7784.25,543
2026-09-27 20:57:00-04:00,7784.25,7784.5,7783.0,7783.75,359
2026-09-27 20:58:00-04:00,7783.75,7785.0,7783.5,7783.75,185
2026-09-27 20:59:00-04:00,7783.5,7783.5,7781.0,7782.5,542
2026-09-27 21:00:00-04:00,7782.5,7783.75,7782.0,7783.25,566
2026-09-27 21:01:00-04:00,7783.25,7784.5,7782.75,7783.0,285
2026-09-27 21:02:00-04:00,7783.0,7787.0,7782.25,7783.75,946
2026-09-27 21:03:00-04:00,7784.0,7785.75,7782.25,7785.25,435
2026-09-27 21:04:00-04:00,7785.0,7787.25,7784.25,7787.25,431
2026-09-27 21:05:00-04:00,7787.25,7787.25,7782.75,7783.25,501
2026-09-27 21:06:00-04:00,7783.25,7784.25,7782.0,7783.25,306
2026-09-27 21:07:00-04:00,7783.25,7786.75,7782.75,7786.25,305
2026-09-27 21:08:00-04:00,7786.0,7786.5,7785.25,7786.0,106
2026-09-27 21:09:00-04:00,7786.0,7786.0,7784.25,7785.25,182
2026-09-27 21:10:00-04:00,7785.25,7786.25,7784.75,7785.0,112
2026-09-27 21:11:00-04:00,7784.75,7785.75,7784.25,7785.5,63
2026-09-27 21:12:00-04:00,7785.5,7786.0,7785.0,7785.5,114
2026-09-27 21:13:00-04:00,7785.75,7785.75,7784.0,7784.0,120
2026-09-27 21:14:00-04:00,7784.0,7785.75,7783.75,7784.25,169
2026-09-27 21:15:00-04:00,7784.25,7785.0,7782.0,7783.75,402
2026-09-27 21:16:00-04:00,7783.75,7784.25,7783.0,7783.75,169
2026-09-27 21:17:00-04:00,7783.5,7784.0,7782.5,7782.5,125
2026-09-27 21:18:00-04:00,7782.75,7783.25,7782.0,7782.5,150
2026-09-27 21:19:00-04:00,7782.5,7783.5,7781.75,7783.25,275
2026-09-27 21:20:00-04:00,7783.5,7784.25,7783.0,7783.75,336
2026-09-27 21:21:00-04:00,7783.75,7787.5,7783.75,7787.25,470
2026-09-27 21:22:00-04:00,7787.25,7787.75,7785.75,7786.0,273
2026-09-27 21:23:00-04:00,7785.75,7786.75,7784.5,7785.25,267
2026-09-27 21:24:00-04:00,7785.25,7785.5,7784.0,7784.75,261
2026-09-27 21:25:00-04:00,7784.75,7787.0,7784.75,7786.75,216
2026-09-27 21:26:00-04:00,7786.75,7787.5,7786.0,7787.25,186
2026-09-27 21:27:00-04:00,7787.25,7787.75,7785.5,7785.75,306
2026-09-27 21:28:00-04:00,7786.25,7787.25,7786.0,7787.25,57
2026-09-27 21:29:00-04:00,7787.25,7788.0,7786.0,7787.25,173
2026-09-27 21:30:00-04:00,7786.75,7788.75,7786.75,7787.5,335
2026-09-27 21:31:00-04:00,7787.5,7788.5,7787.25,7787.5,189
2026-09-27 21:32:00-04:00,7787.75,7789.0,7787.25,7788.5,188
2026-09-27 21:33:00-04:00,7788.5,7788.75,7786.5,7786.5,411
2026-09-27 21:34:00-04:00,7786.5,7787.0,7786.25,7786.75,180
2026-09-27 21:35:00-04:00,7787.0,7787.5,7785.5,7786.5,137
2026-09-27 21:36:00-04:00,7787.0,7787.25,7786.0,7786.5,81
2026-09-27 21:37:00-04:00,7786.5,7787.0,7786.25,7786.75,96
2026-09-27 21:38:00-04:00,7787.0,7787.0,7786.25,7787.0,51
2026-09-27 21:39:00-04:00,7786.75,7787.5,7786.75,7787.25,57
2026-09-27 21:40:00-04:00,7787.25,7787.75,7786.0,7786.5,281
2026-09-27 21:41:00-04:00,7786.5,7787.75,7785.5,7787.5,143
2026-09-27 21:42:00-04:00,7787.75,7788.25,7786.75,7786.75,93
2026-09-27 21:43:00-04:00,7786.5,7787.75,7786.25,7786.75,71
2026-09-27 21:44:00-04:00,7786.5,7786.5,7784.5,7785.25,252
2026-09-27 21:45:00-04:00,7785.25,7785.25,7783.25,7783.25,243
2026-09-27 21:46:00-04:00,7783.25,7784.25,7782.75,7784.0,195
2026-09-27 21:47:00-04:00,7783.75,7784.25,7783.5,7783.75,118
2026-09-27 21:48:00-04:00,7784.0,7785.75,7783.0,7783.0,323
2026-09-27 21:49:00-04:00,7783.0,7784.0,7781.75,7782.5,327
2026-09-27 21:50:00-04:00,7782.5,7783.0,7781.75,7782.0,243
2026-09-27 21:51:00-04:00,7782.0,7783.5,7781.5,7783.0,189
2026-09-27 21:52:00-04:00,7782.75,7783.25,7781.75,7783.0,217
2026-09-27 21:53:00-04:00,7783.0,7783.75,7782.5,7782.5,159
2026-09-27 21:54:00-04:00,7782.5,7783.0,7780.5,7781.75,475
2026-09-27 21:55:00-04:00,7782.0,7783.0,7781.5,7783.0,103
2026-09-27 21:56:00-04:00,7783.0,7783.75,7782.25,7783.75,94
2026-09-27 21:57:00-04:00,7783.5,7784.0,7781.75,7781.75,166
2026-09-27 21:58:00-04:00,7781.5,7782.5,7781.5,7782.0,64
2026-09-27 21:59:00-04:00,7782.0,7782.25,7781.25,7781.5,102
2026-09-27 22:00:00-04:00,7781.25,7781.25,7777.75,7778.5,1228
2026-09-27 22:01:00-04:00,7778.5,7780.0,7777.25,7779.5,498
2026-09-27 22:02:00-04:00,7779.5,7779.5,7778.5,7779.5,200
2026-09-27 22:03:00-04:00,7779.5,7779.5,7777.75,7778.5,262
2026-09-27 22:04:00-04:00,7778.5,7779.25,7778.25,7779.0,183
2026-09-27 22:05:00-04:00,7779.25,7779.25,7778.0,7778.25,212
2026-09-27 22:06:00-04:00,7778.25,7779.0,7776.5,7778.25,457
2026-09-27 22:07:00-04:00,7778.0,7778.25,7775.25,7775.5,625
2026-09-27 22:08:00-04:00,7775.75,7778.0,7775.25,7777.75,385
2026-09-27 22:09:00-04:00,7778.0,7779.25,7777.5,7778.75,239
2026-09-27 22:10:00-04:00,7778.5,7780.5,7778.5,7779.25,363
2026-09-27 22:11:00-04:00,7779.25,7779.5,7778.5,7779.5,193
2026-09-27 22:12:00-04:00,7779.5,7780.75,7778.75,7779.5,200
2026-09-27 22:13:00-04:00,7779.75,7780.5,7779.5,7780.25,157
2026-09-27 22:14:00-04:00,7780.25,7781.25,7779.5,7780.0,243
2026-09-27 22:15:00-04:00,7780.0,7780.25,7778.0,7778.0,305
2026-09-27 22:16:00-04:00,7778.25,7778.25,7776.75,7777.0,238
2026-09-27 22:17:00-04:00,7777.0,7777.5,7776.75,7776.75,172
2026-09-27 22:18:00-04:00,7776.75,7777.0,7776.25,7776.75,209
2026-09-27 22:19:00-04:00,7776.5,7778.0,7776.25,7777.75,181
2026-09-27 22:20:00-04:00,7778.0,7778.0,7776.25,7777.25,166
2026-09-27 22:21:00-04:00,7777.0,7777.75,7776.0,7776.25,159
2026-09-27 22:22:00-04:00,7776.25,7777.5,7775.75,7777.0,254
2026-09-27 22:23:00-04:00,7777.25,7777.25,7776.0,7776.25,136
2026-09-27 22:24:00-04:00,7776.5,7776.75,7775.75,7776.25,278
2026-09-27 22:25:00-04:00,7776.5,7776.5,7776.0,7776.25,101
2026-09-27 22:26:00-04:00,7776.25,7778.0,7776.25,7778.0,176
2026-09-27 22:27:00-04:00,7778.0,7780.0,7777.75,7780.0,538
2026-09-27 22:28:00-04:00,7780.0,7780.0,7778.25,7779.5,223
2026-09-27 22:29:00-04:00,7779.5,7779.5,7778.0,7778.5,125
2026-09-27 22:30:00-04:00,7778.5,7779.0,7776.5,7776.75,354
2026-09-27 22:31:00-04:00,7777.0,7778.5,7776.75,7777.75,237
2026-09-27 22:32:00-04:00,7778.0,7778.25,7777.75,7778.25,84
2026-09-27 22:33:00-04:00,7778.25,7780.0,7778.25,7779.25,232
2026-09-27 22:34:00-04:00,7779.25,7779.5,7778.0,7778.0,103
2026-09-27 22:35:00-04:00,7777.75,7779.0,7777.5,7778.5,91
2026-09-27 22:36:00-04:00,7778.5,7778.75,7776.75,7777.0,170
2026-09-27 22:37:00-04:00,7776.75,7777.5,7776.25,7777.5,133
2026-09-27 22:38:00-04:00,7777.5,7778.0,7776.75,7776.75,90
2026-09-27 22:39:00-04:00,7777.0,7777.75,7776.75,7777.0,75
2026-09-27 22:40:00-04:00,7777.0,7778.5,7776.75,7778.0,137
2026-09-27 22:41:00-04:00,7777.75,7778.0,7776.5,7777.0,77
2026-09-27 22:42:00-04:00,7777.0,7777.25,7776.75,7777.25,52
2026-09-27 22:43:00-04:00,7777.5,7777.75,7777.0,7777.75,89
2026-09-27 22:44:00-04:00,7777.25,7778.25,7777.25,7778.25,200
2026-09-27 22:45:00-04:00,7778.0,7778.25,7777.25,7778.0,83
2026-09-27 22:46:00-04:00,7777.5,7778.0,7776.75,7776.75,134
2026-09-27 22:47:00-04:00,7776.75,7777.25,7775.5,7775.75,204
2026-09-27 22:48:00-04:00,7775.75,7776.25,7774.75,7775.25,438
2026-09-27 22:49:00-04:00,7775.25,7775.75,7774.75,7775.25,217
2026-09-27 22:50:00-04:00,7775.0,7775.75,7774.75,7775.5,192
2026-09-27 22:51:00-04:00,7775.5,7776.25,7774.75,7775.5,297
2026-09-27 22:52:00-04:00,7775.5,7776.25,7774.75,7776.25,234
2026-09-27 22:53:00-04:00,7776.5,7777.25,7775.75,7777.25,203
2026-09-27 22:54:00-04:00,7777.0,7777.0,7776.25,7776.5,125
2026-09-27 22:55:00-04:00,7776.5,7776.5,7774.25,7774.5,321
2026-09-27 22:56:00-04:00,7774.5,7774.5,7773.25,7774.0,448
2026-09-27 22:57:00-04:00,7774.0,7774.5,7773.75,7774.25,131
2026-09-27 22:58:00-04:00,7774.25,7776.25,7774.25,7775.25,185
2026-09-27 22:59:00-04:00,7775.0,7776.25,7775.0,7775.0,287
2026-09-27 23:00:00-04:00,7775.25,7777.75,7775.25,7777.0,418
2026-09-27 23:01:00-04:00,7777.25,7777.5,7776.25,7776.75,272
2026-09-27 23:02:00-04:00,7777.0,7777.0,7775.0,7775.25,179
2026-09-27 23:03:00-04:00,7775.5,7776.75,7775.5,7775.75,150
2026-09-27 23:04:00-04:00,7776.25,7776.75,7775.75,7776.5,96
2026-09-27 23:05:00-04:00,7776.5,7777.75,7776.25,7776.5,164
2026-09-27 23:06:00-04:00,7776.5,7777.75,7776.0,7777.5,92
2026-09-27 23:07:00-04:00,7777.5,7778.5,7777.25,7777.5,282
2026-09-27 23:08:00-04:00,7777.75,7778.25,7777.5,7778.0,152
2026-09-27 23:09:00-04:00,7778.0,7778.5,7777.25,7778.25,139
2026-09-27 23:10:00-04:00,7778.25,7779.0,7778.25,7778.75,152
2026-09-27 23:11:00-04:00,7778.75,7778.75,7776.25,7776.75,256
2026-09-27 23:12:00-04:00,7776.5,7777.75,7776.25,7777.5,135
2026-09-27 23:13:00-04:00,7777.75,7778.75,7777.75,7778.25,123
2026-09-27 23:14:00-04:00,7778.0,7778.25,7776.0,7776.0,126
2026-09-27 23:15:00-04:00,7776.25,7777.5,7775.5,7776.0,463
2026-09-27 23:16:00-04:00,7776.0,7776.75,7775.5,7776.0,136
2026-09-27 23:17:00-04:00,7775.75,7776.5,7775.5,7776.25,52
2026-09-27 23:18:00-04:00,7776.25,7776.5,7775.5,7775.75,120
2026-09-27 23:19:00-04:00,7775.75,7777.5,7775.75,7775.75,142
2026-09-27 23:20:00-04:00,7776.0,7777.0,7776.0,7777.0,107
2026-09-27 23:21:00-04:00,7776.75,7776.75,7775.75,7776.25,100
2026-09-27 23:22:00-04:00,7776.0,7776.25,7775.0,7775.5,235
2026-09-27 23:23:00-04:00,7775.5,7777.25,7775.5,7776.75,168
2026-09-27 23:24:00-04:00,7777.0,7777.0,7776.0,7776.0,90
2026-09-27 23:25:00-04:00,7776.0,7776.25,7775.5,7776.0,88
2026-09-27 23:26:00-04:00,7776.0,7776.25,7775.5,7775.75,78
2026-09-27 23:27:00-04:00,7775.5,7776.0,7775.5,7775.5,74
2026-09-27 23:28:00-04:00,7775.75,7776.5,7775.75,7775.75,88
2026-09-27 23:29:00-04:00,7775.75,7776.0,7775.25,7775.25,78
2026-09-27 23:30:00-04:00,7775.5,7776.0,7773.75,7774.25,337
2026-09-27 23:31:00-04:00,7774.25,7775.25,7773.5,7775.0,283
2026-09-27 23:32:00-04:00,7775.25,7775.25,7774.0,7774.0,103
2026-09-27 23:33:00-04:00,7774.25,7775.0,7774.0,7774.25,66
2026-09-27 23:34:00-04:00,7774.25,7774.25,7773.25,7773.25,113
2026-09-27 23:35:00-04:00,7773.0,7773.5,7772.25,7773.0,472
2026-09-27 23:36:00-04:00,7773.0,7773.0,7771.5,7772.5,402
2026-09-27 23:37:00-04:00,7772.5,7773.25,7772.25,7772.5,234
2026-09-27 23:38:00-04:00,7772.5,7773.5,7772.5,7773.5,174
2026-09-27 23:39:00-04:00,7773.25,7774.75,7773.0,7774.0,196
2026-09-27 23:40:00-04:00,7773.75,7775.25,7772.75,7774.0,385
2026-09-27 23:41:00-04:00,7774.0,7774.5,7773.5,7774.5,109
2026-09-27 23:42:00-04:00,7774.25,7775.5,7774.0,7775.0,121
2026-09-27 23:43:00-04:00,7775.0,7775.5,7774.75,7775.25,80
2026-09-27 23:44:00-04:00,7775.0,7775.5,7774.75,7775.25,109
2026-09-27 23:45:00-04:00,7775.5,7775.75,7774.75,7775.5,134
2026-09-27 23:46:00-04:00,7775.25,7776.0,7775.0,7775.5,170
2026-09-27 23:47:00-04:00,7775.5,7776.25,7775.25,7776.0,90
2026-09-27 23:48:00-04:00,7775.75,7776.0,7774.75,7775.75,288
2026-09-27 23:49:00-04:00,7775.75,7777.25,7775.25,7776.25,316
2026-09-27 23:50:00-04:00,7776.25,7776.5,7775.25,7775.25,151
2026-09-27 23:51:00-04:00,7775.25,7775.25,7773.75,7774.5,440
2026-09-27 23:52:00-04:00,7774.5,7774.75,7774.0,7774.25,74
2026-09-27 23:53:00-04:00,7774.5,7775.25,7774.5,7775.0,58
2026-09-27 23:54:00-04:00,7775.0,7775.75,7774.75,7775.75,72
2026-09-27 23:55:00-04:00,7775.75,7775.75,7773.75,7773.75,116
2026-09-27 23:56:00-04:00,7773.75,7774.25,7773.25,7773.25,121
2026-09-27 23:57:00-04:00,7773.25,7773.75,7773.0,7773.25,192
2026-09-27 23:58:00-04:00,7773.5,7773.5,7772.75,7773.25,96
2026-09-28 00:00:00-04:00,7772.75,7772.75,7771.25,7772.0,292
2026-09-28 00:01:00-04:00,7771.75,7773.25,7771.5,7773.25,190
2026-09-28 00:02:00-04:00,7773.25,7773.5,7772.5,7773.25,110
2026-09-28 00:03:00-04:00,7773.5,7773.5,7773.0,7773.25,37
2026-09-28 00:04:00-04:00,7773.25,7773.5,7772.75,7773.0,71
2026-09-28 00:05:00-04:00,7773.25,7773.25,7772.5,7773.0,130
2026-09-28 00:06:00-04:00,7773.0,7773.5,7772.25,7772.5,122
2026-09-28 00:07:00-04:00,7772.75,7773.25,7772.5,7773.0,72
2026-09-28 00:08:00-04:00,7773.0,7773.25,7772.5,7773.0,30
2026-09-28 00:09:00-04:00,7773.25,7775.0,7773.25,7774.75,214
2026-09-28 00:10:00-04:00,7774.75,7776.0,7774.75,7775.75,199
2026-09-28 00:11:00-04:00,7775.75,7776.25,7775.5,7776.25,140
2026-09-28 00:12:00-04:00,7776.0,7777.0,7776.0,7776.5,158
2026-09-28 00:13:00-04:00,7776.5,7777.0,7775.75,7775.75,118
2026-09-28 00:14:00-04:00,7775.75,7777.75,7775.75,7777.25,207
2026-09-28 00:15:00-04:00,7777.25,7777.5,7775.75,7775.75,111
2026-09-28 00:16:00-04:00,7776.0,7776.5,7775.25,7775.25,77
2026-09-28 00:17:00-04:00,7775.25,7776.75,7775.25,7776.25,30
2026-09-28 00:18:00-04:00,7776.25,7776.75,7776.0,7776.75,70
2026-09-28 00:19:00-04:00,7776.75,7777.25,7776.25,7777.0,65
2026-09-28 00:20:00-04:00,7777.25,7779.0,7777.25,7778.75,351
2026-09-28 00:21:00-04:00,7778.75,7778.75,7778.25,7778.5,111
2026-09-28 00:22:00-04:00,7778.25,7778.25,7777.5,7777.5,131
2026-09-28 00:23:00-04:00,7777.5,7778.0,7777.5,7777.5,64
2026-09-28 00:24:00-04:00,7777.5,7778.75,7777.25,7778.5,79
2026-09-28 00:25:00-04:00,7778.5,7778.5,7776.25,7776.75,331
2026-09-28 00:26:00-04:00,7776.75,7777.0,7775.5,7776.0,154
2026-09-28 00:27:00-04:00,7776.25,7777.0,7775.75,7776.25,84
2026-09-28 00:28:00-04:00,7776.0,7777.0,7776.0,7776.5,40
2026-09-28 00:29:00-04:00,7776.5,7777.0,7776.0,7777.0,58
2026-09-28 00:30:00-04:00,7776.75,7777.0,7775.75,7775.75,58
2026-09-28 00:31:00-04:00,7775.75,7776.5,7775.75,7776.25,50
2026-09-28 00:32:00-04:00,7776.0,7776.0,7775.5,7776.0,126
2026-09-28 00:33:00-04:00,7776.0,7776.75,7776.0,7776.25,83
2026-09-28 00:34:00-04:00,7776.5,7776.75,7776.0,7776.25,107
2026-09-28 00:35:00-04:00,7776.5,7776.75,7775.75,7775.75,29
2026-09-28 00:36:00-04:00,7775.75,7776.75,7775.5,7776.75,27
2026-09-28 00:37:00-04:00,7776.5,7776.75,7776.25,7776.5,42
2026-09-28 00:38:00-04:00,7776.75,7777.0,7776.5,7776.5,36
2026-09-28 00:39:00-04:00,7776.75,7776.75,7776.5,7776.5,28
2026-09-28 00:40:00-04:00,7776.5,7777.0,7776.5,7776.5,93
2026-09-28 00:41:00-04:00,7776.25,7776.75,7776.25,7776.75,21
2026-09-28 00:42:00-04:00,7776.75,7777.0,7776.5,7777.0,27
2026-09-28 00:43:00-04:00,7777.0,7777.0,7776.75,7777.0,62
2026-09-28 00:44:00-04:00,7776.5,7777.0,7776.25,7776.5,69
2026-09-28 00:45:00-04:00,7776.5,7776.5,7775.25,7775.25,143
2026-09-28 00:46:00-04:00,7775.25,7775.75,7775.0,7775.5,66
2026-09-28 00:47:00-04:00,7775.25,7775.5,7774.25,7774.25,130
2026-09-28 00:48:00-04:00,7774.75,7775.25,7774.5,7775.0,89
2026-09-28 00:49:00-04:00,7775.0,7775.5,7774.75,7775.0,34
2026-09-28 00:50:00-04:00,7775.25,7776.75,7775.25,7776.75,161
2026-09-28 00:51:00-04:00,7776.75,7776.75,7776.0,7776.25,84
2026-09-28 00:52:00-04:00,7776.5,7777.0,7776.25,7776.5,44
2026-09-28 00:53:00-04:00,7776.75,7777.0,7776.5,7776.75,40
2026-09-28 00:54:00-04:00,7776.5,7776.5,7775.75,7776.25,40
2026-09-28 00:55:00-04:00,7776.25,7776.25,7775.5,7776.0,46
2026-09-28 00:56:00-04:00,7776.25,7776.25,7775.75,7775.75,70
2026-09-28 00:57:00-04:00,7776.0,7776.25,7776.0,7776.0,37
2026-09-28 00:58:00-04:00,7776.0,7776.0,7775.5,7775.75,46
2026-09-28 00:59:00-04:00,7775.75,7775.75,7774.5,7775.25,93
2026-09-28 01:00:00-04:00,7775.25,7777.5,7775.25,7777.0,295
2026-09-28 01:01:00-04:00,7777.25,7779.0,7777.0,7777.75,255
2026-09-28 01:02:00-04:00,7778.25,7778.5,7777.25,7778.5,71
2026-09-28 01:03:00-04:00,7778.5,7778.5,7776.75,7777.25,119
2026-09-28 01:04:00-04:00,7777.0,7777.75,7777.0,7777.5,93
2026-09-28 01:05:00-04:00,7777.25,7777.5,7776.0,7776.25,106
2026-09-28 01:06:00-04:00,7776.0,7777.0,7775.75,7776.0,129
2026-09-28 01:07:00-04:00,7776.0,7776.5,7775.75,7776.25,141
2026-09-28 01:08:00-04:00,7776.25,7776.25,7775.5,7776.25,80
2026-09-28 01:09:00-04:00,7776.25,7777.0,7776.25,7776.5,92
2026-09-28 01:10:00-04:00,7776.5,7777.0,7775.75,7775.75,189
2026-09-28 01:11:00-04:00,7775.5,7776.0,7773.75,7774.5,438
2026-09-28 01:12:00-04:00,7774.5,7775.25,7774.25,7774.5,153
2026-09-28 01:13:00-04:00,7774.5,7774.5,7773.5,7773.75,124
2026-09-28 01:14:00-04:00,7773.75,7775.25,7773.5,7775.25,155
2026-09-28 01:15:00-04:00,7775.25,7776.25,7775.0,7775.75,99
2026-09-28 01:16:00-04:00,7776.0,7776.25,7775.5,7775.5,49
2026-09-28 01:17:00-04:00,7775.75,7776.0,7774.75,7775.0,113
2026-09-28 01:18:00-04:00,7775.0,7775.25,7774.0,7774.5,97
2026-09-28 01:19:00-04:00,7774.5,7774.5,7773.75,7774.5,81
2026-09-28 01:20:00-04:00,7774.5,7774.5,7773.25,7773.5,172
2026-09-28 01:21:00-04:00,7773.5,7774.25,7773.25,7774.0,132
2026-09-28 01:22:00-04:00,7773.5,7773.75,7773.0,7773.25,96
2026-09-28 01:23:00-04:00,7773.25,7774.5,7773.0,7774.5,95
2026-09-28 01:24:00-04:00,7774.75,7774.75,7774.0,7774.5,42
2026-09-28 01:25:00-04:00,7774.25,7775.75,7774.25,7775.0,86
2026-09-28 01:26:00-04:00,7774.75,7775.5,7774.75,7775.25,95
2026-09-28 01:27:00-04:00,7775.0,7775.75,7775.0,7775.75,40
2026-09-28 01:28:00-04:00,7775.75,7776.75,7775.75,7775.75,75
2026-09-28 01:29:00-04:00,7776.0,7776.0,7773.75,7775.0,249
2026-09-28 01:30:00-04:00,7775.25,7775.25,7772.5,7773.25,303
2026-09-28 01:31:00-04:00,7773.5,7774.25,7773.0,7773.0,124
2026-09-28 01:32:00-04:00,7772.75,7774.5,7772.75,7774.5,149
2026-09-28 01:33:00-04:00,7774.75,7775.75,7772.75,7772.75,606
2026-09-28 01:34:00-04:00,7773.0,7774.25,7773.0,7773.5,128
2026-09-28 01:35:00-04:00,7773.5,7775.25,7773.25,7773.5,142
2026-09-28 01:36:00-04:00,7774.0,7774.25,7773.25,7774.25,73
2026-09-28 01:37:00-04:00,7774.0,7774.5,7773.5,7774.0,109
2026-09-28 01:38:00-04:00,7773.75,7774.0,7771.75,7772.0,244
2026-09-28 01:39:00-04:00,7772.0,7773.0,7771.0,7772.0,318
2026-09-28 01:40:00-04:00,7771.75,7772.75,7771.75,7772.75,123
2026-09-28 01:41:00-04:00,7772.75,7773.0,7771.5,7772.25,106
2026-09-28 01:42:00-04:00,7772.0,7772.75,7771.25,7772.25,133
2026-09-28 01:43:00-04:00,7772.25,7772.5,7770.5,7771.25,255
2026-09-28 01:44:00-04:00,7771.0,7772.25,7770.75,7772.25,124
2026-09-28 01:45:00-04:00,7772.25,7773.5,7771.75,7772.25,142
2026-09-28 01:46:00-04:00,7772.25,7773.25,7771.75,7773.25,123
2026-09-28 01:47:00-04:00,7773.5,7774.0,7773.0,7773.25,142
2026-09-28 01:48:00-04:00,7773.25,7773.75,7772.5,7773.5,89
2026-09-28 01:49:00-04:00,7773.0,7773.75,7772.75,7773.5,68
2026-09-28 01:50:00-04:00,7773.75,7775.0,7773.5,7774.0,182
2026-09-28 01:51:00-04:00,7774.25,7774.25,7772.25,7772.75,87
2026-09-28 01:52:00-04:00,7772.5,7772.75,7772.0,7772.75,61
2026-09-28 01:53:00-04:00,7772.5,7772.75,7772.0,7772.25,72
2026-09-28 01:54:00-04:00,7772.5,7773.5,7772.5,7773.25,86
2026-09-28 01:55:00-04:00,7773.25,7774.0,7773.25,7773.75,132
2026-09-28 01:56:00-04:00,7774.0,7775.0,7773.75,7775.0,116
2026-09-28 01:57:00-04:00,7775.0,7776.0,7774.5,7775.75,122
2026-09-28 01:58:00-04:00,7775.5,7776.75,7775.25,7776.75,204
2026-09-28 01:59:00-04:00,7776.5,7776.5,7775.25,7776.0,106
2026-09-28 02:00:00-04:00,7776.0,7779.75,7775.75,7777.75,653
2026-09-28 02:01:00-04:00,7777.5,7778.75,7777.5,7778.0,220
2026-09-28 02:02:00-04:00,7778.0,7778.5,7776.5,7776.75,269
2026-09-28 02:03:00-04:00,7776.5,7777.25,7775.0,7776.25,282
2026-09-28 02:04:00-04:00,7776.25,7776.75,7775.0,7775.0,156
2026-09-28 02:05:00-04:00,7775.0,7775.5,7774.0,7775.5,276
2026-09-28 02:06:00-04:00,7775.5,7777.75,7775.25,7777.5,250
2026-09-28 02:07:00-04:00,7777.5,7778.75,7777.0,7778.25,171
2026-09-28 02:08:00-04:00,7778.0,7780.5,7778.0,7780.5,476
2026-09-28 02:09:00-04:00,7780.5,7781.5,7779.25,7779.75,530
2026-09-28 02:10:00-04:00,7780.0,7782.25,7780.0,7782.0,421
2026-09-28 02:11:00-04:00,7782.0,7783.5,7782.0,7782.75,436
2026-09-28 02:12:00-04:00,7782.75,7782.75,7780.75,7781.5,363
2026-09-28 02:13:00-04:00,7781.5,7781.75,7778.75,7778.75,389
2026-09-28 02:14:00-04:00,7778.75,7778.75,7777.0,7777.75,360
2026-09-28 02:15:00-04:00,7777.75,7778.0,7776.75,7777.75,286
2026-09-28 02:16:00-04:00,7777.5,7779.5,7777.5,7779.0,332
2026-09-28 02:17:00-04:00,7779.0,7779.25,7776.25,7776.25,254
2026-09-28 02:18:00-04:00,7776.0,7776.5,7775.25,7776.0,230
2026-09-28 02:19:00-04:00,7775.75,7775.75,7774.5,7774.75,307
2026-09-28 02:20:00-04:00,7774.75,7775.0,7772.5,7773.5,527
2026-09-28 02:21:00-04:00,7773.5,7774.0,7772.0,7773.75,281
2026-09-28 02:22:00-04:00,7774.0,7774.0,7773.25,7773.75,150
2026-09-28 02:23:00-04:00,7773.5,7773.5,7771.75,7773.0,151
2026-09-28 02:24:00-04:00,7773.0,7773.0,7771.0,7771.25,132
2026-09-28 02:25:00-04:00,7771.5,7771.5,7769.0,7769.25,877
2026-09-28 02:26:00-04:00,7769.25,7771.75,7768.75,7770.5,536
2026-09-28 02:27:00-04:00,7770.5,7771.5,7770.0,7770.75,234
2026-09-28 02:28:00-04:00,7770.75,7771.25,7769.0,7769.5,300
2026-09-28 02:29:00-04:00,7769.5,7770.5,7769.25,7769.5,170
2026-09-28 02:30:00-04:00,7769.5,7770.25,7768.25,7770.0,346
2026-09-28 02:31:00-04:00,7770.0,7773.0,7770.0,7773.0,380
2026-09-28 02:32:00-04:00,7773.0,7773.5,7772.25,7772.5,300
2026-09-28 02:33:00-04:00,7772.25,7772.25,7770.25,7770.5,337
2026-09-28 02:34:00-04:00,7770.5,7771.0,7769.5,7770.75,238
2026-09-28 02:35:00-04:00,7771.0,7773.75,7771.0,7773.25,274
2026-09-28 02:36:00-04:00,7773.25,7774.5,7771.75,7772.25,369
2026-09-28 02:37:00-04:00,7772.5,7773.75,7772.0,7773.0,191
2026-09-28 02:38:00-04:00,7773.25,7773.75,7772.0,7773.5,243
2026-09-28 02:39:00-04:00,7773.5,7773.5,7772.75,7773.5,75
2026-09-28 02:40:00-04:00,7773.5,7774.0,7772.0,7772.75,158
2026-09-28 02:41:00-04:00,7772.75,7774.25,7772.5,7774.0,169
2026-09-28 02:42:00-04:00,7774.25,7775.25,7773.75,7773.75,333
2026-09-28 02:43:00-04:00,7773.75,7774.25,7772.5,7772.75,88
2026-09-28 02:44:00-04:00,7773.0,7773.25,7771.25,7771.25,177
2026-09-28 02:45:00-04:00,7771.5,7773.0,7771.0,7773.0,137
2026-09-28 02:46:00-04:00,7773.0,7774.0,7772.25,7773.25,133
2026-09-28 02:47:00-04:00,7773.25,7774.5,7772.75,7774.5,109
2026-09-28 02:48:00-04:00,7774.25,7774.5,7772.75,7774.5,189
2026-09-28 02:49:00-04:00,7774.0,7774.75,7774.0,7774.75,36
2026-09-28 02:50:00-04:00,7774.75,7774.75,7772.75,7772.75,62
2026-09-28 02:51:00-04:00,7773.0,7774.25,7772.75,7773.5,101
2026-09-28 02:52:00-04:00,7773.25,7774.5,7773.25,7774.5,77
2026-09-28 02:53:00-04:00,7774.25,7776.75,7774.0,7775.5,302
2026-09-28 02:54:00-04:00,7775.5,7775.5,7773.0,7773.0,187
2026-09-28 02:55:00-04:00,7773.5,7774.0,7773.25,7773.25,65
2026-09-28 02:56:00-04:00,7773.0,7774.0,7772.5,7772.75,92
2026-09-28 02:57:00-04:00,7772.75,7773.25,7772.25,7773.25,99
2026-09-28 02:58:00-04:00,7773.5,7776.0,7773.5,7775.5,107
2026-09-28 02:59:00-04:00,7775.5,7776.75,7774.5,7776.25,208
2026-09-28 03:00:00-04:00,7776.25,7776.25,7773.75,7774.75,502
2026-09-28 03:01:00-04:00,7774.5,7774.75,7771.75,7773.0,310
2026-09-28 03:02:00-04:00,7773.5,7774.0,7772.5,7772.75,157
2026-09-28 03:03:00-04:00,7772.75,7773.5,7771.75,7772.0,117
2026-09-28 03:04:00-04:00,7771.75,7773.25,7770.25,7773.0,259
2026-09-28 03:05:00-04:00,7773.0,7773.0,7771.5,7771.5,225
2026-09-28 03:06:00-04:00,7771.5,7772.75,7771.5,7772.0,161
2026-09-28 03:07:00-04:00,7772.25,7772.25,7771.0,7771.5,86
2026-09-28 03:08:00-04:00,7771.5,7772.25,7770.75,7770.75,92
2026-09-28 03:09:00-04:00,7770.75,7773.5,7770.75,7772.0,208
2026-09-28 03:10:00-04:00,7772.25,7773.0,7770.5,7771.0,180
2026-09-28 03:11:00-04:00,7771.5,7772.0,7771.0,7772.0,122
2026-09-28 03:12:00-04:00,7771.5,7771.75,7770.25,7770.5,129
2026-09-28 03:13:00-04:00,7770.75,7771.25,7770.25,7770.5,135
2026-09-28 03:14:00-04:00,7770.25,7770.25,7768.25,7769.25,471
2026-09-28 03:15:00-04:00,7769.0,7770.0,7768.0,7769.75,334
2026-09-28 03:16:00-04:00,7769.75,7770.25,7769.0,7770.0,233
2026-09-28 03:17:00-04:00,7769.75,7770.5,7769.0,7769.5,149
2026-09-28 03:18:00-04:00,7770.0,7770.5,7768.5,7769.75,234
2026-09-28 03:19:00-04:00,7769.75,7770.5,7769.0,7770.5,112
2026-09-28 03:20:00-04:00,7770.25,7771.5,7769.75,7771.25,213
2026-09-28 03:21:00-04:00,7771.0,7771.0,7767.75,7768.25,286
2026-09-28 03:22:00-04:00,7768.25,7768.75,7767.25,7768.0,214
2026-09-28 03:23:00-04:00,7768.0,7771.25,7767.75,7770.0,466
2026-09-28 03:24:00-04:00,7770.25,7771.5,7770.0,7770.25,185
2026-09-28 03:25:00-04:00,7770.0,7772.25,7770.0,7770.75,236
2026-09-28 03:26:00-04:00,7771.25,7771.25,7767.75,7768.75,244
2026-09-28 03:27:00-04:00,7769.0,7769.25,7767.75,7768.5,122
2026-09-28 03:28:00-04:00,7768.75,7770.25,7767.5,7767.75,175
2026-09-28 03:29:00-04:00,7768.0,7769.5,7768.0,7769.5,106
2026-09-28 03:30:00-04:00,7768.75,7769.25,7767.25,7768.0,167
2026-09-28 03:31:00-04:00,7768.25,7768.75,7767.75,7768.25,127
2026-09-28 03:32:00-04:00,7768.25,7768.5,7767.25,7767.25,116
2026-09-28 03:33:00-04:00,7767.75,7769.5,7766.75,7768.0,616
2026-09-28 03:34:00-04:00,7768.0,7769.0,7767.5,7769.0,119
2026-09-28 03:35:00-04:00,7768.5,7769.25,7768.5,7769.0,105
2026-09-28 03:36:00-04:00,7769.0,7770.5,7769.0,7769.75,177
2026-09-28 03:37:00-04:00,7769.5,7769.5,7768.0,7768.25,159
2026-09-28 03:38:00-04:00,7768.25,7768.25,7765.5,7766.0,371
2026-09-28 03:39:00-04:00,7766.25,7768.75,7766.0,7768.25,158
2026-09-28 03:40:00-04:00,7768.25,7770.75,7768.0,7770.0,200
2026-09-28 03:41:00-04:00,7770.0,7772.0,7769.75,7770.0,240
2026-09-28 03:42:00-04:00,7770.25,7770.25,7766.75,7767.75,225
2026-09-28 03:43:00-04:00,7767.75,7768.25,7766.5,7766.5,98
2026-09-28 03:44:00-04:00,7766.5,7766.5,7765.0,7766.25,449
2026-09-28 03:45:00-04:00,7766.25,7768.0,7766.0,7767.5,175
2026-09-28 03:46:00-04:00,7767.75,7769.0,7767.75,7767.75,174
2026-09-28 03:47:00-04:00,7768.0,7768.25,7767.5,7768.0,128
2026-09-28 03:48:00-04:00,7767.75,7771.25,7767.75,7770.0,357
2026-09-28 03:49:00-04:00,7770.25,7772.25,7770.0,7771.5,184
2026-09-28 03:50:00-04:00,7771.25,7772.25,7770.0,7770.25,150
2026-09-28 03:51:00-04:00,7770.25,7771.75,7770.25,7771.25,73
2026-09-28 03:52:00-04:00,7771.0,7771.0,7768.5,7768.75,155
2026-09-28 03:53:00-04:00,7768.75,7769.5,7768.25,7769.0,117
2026-09-28 03:54:00-04:00,7768.75,7773.25,7768.75,7772.75,238
2026-09-28 03:55:00-04:00,7773.0,7774.5,7772.25,7774.0,283
2026-09-28 03:56:00-04:00,7774.25,7775.0,7773.25,7773.5,197
2026-09-28 03:57:00-04:00,7773.75,7773.75,7771.0,7771.0,193
2026-09-28 03:58:00-04:00,7770.75,7771.25,7770.25,7771.25,164
2026-09-28 03:59:00-04:00,7771.25,7771.5,7770.75,7771.25,116
2026-09-28 04:00:00-04:00,7771.0,7771.25,7768.5,7769.5,549
2026-09-28 04:01:00-04:00,7769.75,7772.5,7769.5,7772.0,318
2026-09-28 04:02:00-04:00,7772.0,7773.0,7770.75,7772.5,159
2026-09-28 04:03:00-04:00,7772.25,7772.5,7768.25,7768.75,195
2026-09-28 04:04:00-04:00,7768.5,7771.25,7768.5,7771.0,211
2026-09-28 04:05:00-04:00,7770.75,7771.0,7768.75,7768.75,142
2026-09-28 04:06:00-04:00,7769.0,7769.5,7768.0,7768.5,164
2026-09-28 04:07:00-04:00,7768.5,7770.0,7768.5,7769.75,110
2026-09-28 04:08:00-04:00,7770.25,7772.75,7770.0,7771.5,188
2026-09-28 04:09:00-04:00,7771.5,7772.25,7771.25,7771.5,73
2026-09-28 04:10:00-04:00,7771.5,7772.5,7771.0,7772.25,124
2026-09-28 04:11:00-04:00,7772.25,7773.0,7771.5,7772.25,176
2026-09-28 04:12:00-04:00,7772.25,7772.5,7770.75,7771.5,251
2026-09-28 04:13:00-04:00,7772.0,7773.5,7770.25,7773.0,260
2026-09-28 04:14:00-04:00,7772.75,7775.5,7772.75,7775.5,356
2026-09-28 04:15:00-04:00,7775.25,7776.75,7774.25,7774.5,182
2026-09-28 04:16:00-04:00,7774.75,7775.25,7773.25,7774.0,162
2026-09-28 04:17:00-04:00,7774.25,7774.5,7771.25,7772.0,263
2026-09-28 04:18:00-04:00,7772.25,7773.75,7771.25,7771.5,136
2026-09-28 04:19:00-04:00,7771.25,7771.75,7770.5,7771.25,137
2026-09-28 04:20:00-04:00,7771.25,7771.75,7770.75,7771.25,185
2026-09-28 04:21:00-04:00,7771.25,7771.5,7769.5,7771.0,226
2026-09-28 04:22:00-04:00,7770.75,7771.75,7770.25,7771.5,248
2026-09-28 04:23:00-04:00,7771.25,7771.75,7769.5,7770.25,216
2026-09-28 04:24:00-04:00,7770.0,7770.25,7768.5,7770.0,393
2026-09-28 04:25:00-04:00,7770.0,7771.75,7770.0,7771.0,174
2026-09-28 04:26:00-04:00,7771.0,7774.25,7771.0,7773.25,363
2026-09-28 04:27:00-04:00,7773.25,7774.0,7772.0,7772.0,186
2026-09-28 04:28:00-04:00,7772.25,7773.0,7771.75,7773.0,105
2026-09-28 04:29:00-04:00,7772.5,7774.25,7772.5,7774.0,215
2026-09-28 04:30:00-04:00,7774.0,7775.25,7773.5,7774.0,269
2026-09-28 04:31:00-04:00,7775.0,7775.0,7773.0,7773.25,133
2026-09-28 04:32:00-04:00,7773.25,7773.25,7771.25,7772.75,167
2026-09-28 04:33:00-04:00,7772.75,7773.25,7771.5,7771.75,80
2026-09-28 04:34:00-04:00,7771.75,7772.25,7771.25,7771.75,48
2026-09-28 04:35:00-04:00,7771.75,7772.25,7771.25,7771.25,59
2026-09-28 04:36:00-04:00,7771.25,7771.25,7770.0,7770.5,97
2026-09-28 04:37:00-04:00,7770.25,7770.25,7768.5,7768.75,185
2026-09-28 04:38:00-04:00,7768.25,7768.25,7767.0,7767.25,215
2026-09-28 04:39:00-04:00,7767.5,7767.5,7765.25,7767.25,277
2026-09-28 04:40:00-04:00,7767.5,7770.25,7767.25,7769.75,408
2026-09-28 04:41:00-04:00,7769.75,7769.75,7768.75,7769.25,174
2026-09-28 04:42:00-04:00,7769.0,7769.75,7768.5,7769.0,76
2026-09-28 04:43:00-04:00,7769.25,7769.25,7766.75,7767.25,139
2026-09-28 04:44:00-04:00,7767.25,7768.25,7767.0,7768.25,171
2026-09-28 04:45:00-04:00,7767.75,7768.0,7767.0,7767.5,72
2026-09-28 04:46:00-04:00,7767.25,7768.5,7765.75,7767.5,475
2026-09-28 04:47:00-04:00,7767.75,7769.5,7767.5,7769.25,214
2026-09-28 04:48:00-04:00,7769.5,7769.5,7767.5,7767.75,58
2026-09-28 04:49:00-04:00,7767.75,7768.75,7767.5,7768.75,104
2026-09-28 04:50:00-04:00,7768.75,7770.5,7768.5,7770.25,130
2026-09-28 04:51:00-04:00,7770.25,7770.5,7769.0,7769.5,98
2026-09-28 04:52:00-04:00,7769.25,7769.5,7766.75,7769.25,207
2026-09-28 04:53:00-04:00,7769.25,7769.75,7768.75,7769.25,112
2026-09-28 04:54:00-04:00,7769.25,7770.25,7767.75,7768.0,160
2026-09-28 04:55:00-04:00,7768.0,7768.75,7767.75,7767.75,80
2026-09-28 04:56:00-04:00,7767.5,7768.25,7767.0,7768.0,120
2026-09-28 04:57:00-04:00,7768.0,7769.5,7768.0,7769.0,116
2026-09-28 04:58:00-04:00,7768.75,7768.75,7767.75,7768.0,24
2026-09-28 04:59:00-04:00,7768.5,7768.5,7767.5,7767.5,101
2026-09-28 05:00:00-04:00,7767.5,7771.75,7766.75,7771.0,1658
2026-09-28 05:01:00-04:00,7771.0,7771.25,7769.0,7769.0,168
2026-09-28 05:02:00-04:00,7769.25,7769.25,7766.5,7766.5,305
2026-09-28 05:03:00-04:00,7766.5,7766.75,7765.25,7765.75,245
2026-09-28 05:04:00-04:00,7765.75,7765.75,7764.25,7764.75,448
2026-09-28 05:05:00-04:00,7764.75,7765.25,7763.75,7765.0,249
2026-09-28 05:06:00-04:00,7764.5,7764.75,7763.75,7764.25,300
2026-09-28 05:07:00-04:00,7764.25,7766.0,7763.75,7764.25,370
2026-09-28 05:08:00-04:00,7764.75,7764.75,7762.5,7763.0,664
2026-09-28 05:09:00-04:00,7762.5,7763.0,7761.5,7761.75,554
2026-09-28 05:10:00-04:00,7761.75,7762.0,7760.75,7761.25,316
2026-09-28 05:11:00-04:00,7761.0,7762.75,7760.25,7760.25,417
2026-09-28 05:12:00-04:00,7760.5,7761.5,7760.5,7761.0,336
2026-09-28 05:13:00-04:00,7761.0,7761.25,7759.75,7761.0,442
2026-09-28 05:14:00-04:00,7761.25,7762.0,7760.75,7760.75,447
2026-09-28 05:15:00-04:00,7761.0,7762.25,7760.75,7761.0,201
2026-09-28 05:16:00-04:00,7761.0,7761.25,7760.0,7760.5,196
2026-09-28 05:17:00-04:00,7760.75,7761.75,7760.25,7761.25,118
2026-09-28 05:18:00-04:00,7761.25,7762.25,7761.25,7762.0,152
2026-09-28 05:19:00-04:00,7762.25,7766.0,7762.0,7765.75,656
2026-09-28 05:20:00-04:00,7765.5,7767.25,7765.25,7766.75,526
2026-09-28 05:21:00-04:00,7766.75,7768.5,7766.5,7767.5,331
2026-09-28 05:22:00-04:00,7767.75,7768.0,7766.25,7767.5,246
2026-09-28 05:23:00-04:00,7767.5,7768.0,7766.25,7766.25,141
2026-09-28 05:24:00-04:00,7766.5,7767.25,7766.25,7766.5,200
2026-09-28 05:25:00-04:00,7766.5,7766.75,7764.75,7765.75,273
2026-09-28 05:26:00-04:00,7765.75,7766.25,7764.75,7765.25,207
2026-09-28 05:27:00-04:00,7765.25,7765.75,7763.75,7764.5,281
2026-09-28 05:28:00-04:00,7764.75,7766.0,7763.75,7764.5,362
2026-09-28 05:29:00-04:00,7764.25,7766.25,7763.75,7766.25,271
2026-09-28 05:30:00-04:00,7766.0,7766.5,7764.5,7764.75,278
2026-09-28 05:31:00-04:00,7764.5,7765.25,7764.0,7764.5,182
2026-09-28 05:32:00-04:00,7764.25,7765.5,7764.25,7765.5,144
2026-09-28 05:33:00-04:00,7765.25,7765.25,7763.25,7763.25,168
2026-09-28 05:34:00-04:00,7763.25,7764.0,7761.25,7761.5,351
2026-09-28 05:35:00-04:00,7761.5,7763.0,7761.5,7762.75,152
2026-09-28 05:36:00-04:00,7763.0,7765.25,7763.0,7765.0,184
2026-09-28 05:37:00-04:00,7764.75,7765.0,7763.25,7764.0,126
2026-09-28 05:38:00-04:00,7763.75,7764.0,7762.5,7763.25,126
2026-09-28 05:39:00-04:00,7763.5,7764.25,7763.25,7763.5,147
2026-09-28 05:40:00-04:00,7763.5,7767.0,7763.25,7766.0,247
2026-09-28 05:41:00-04:00,7766.0,7766.0,7764.75,7765.0,207
2026-09-28 05:42:00-04:00,7765.0,7766.0,7765.0,7766.0,141
2026-09-28 05:43:00-04:00,7766.0,7766.75,7765.75,7766.25,146
2026-09-28 05:44:00-04:00,7766.25,7767.0,7766.0,7766.75,78
2026-09-28 05:45:00-04:00,7767.0,7768.5,7766.75,7768.5,284
2026-09-28 05:46:00-04:00,7768.5,7768.5,7766.5,7766.75,209
2026-09-28 05:47:00-04:00,7767.0,7768.0,7766.75,7766.75,96
2026-09-28 05:48:00-04:00,7766.75,7767.75,7766.75,7767.5,72
2026-09-28 05:49:00-04:00,7767.5,7768.0,7766.5,7767.5,181
2026-09-28 05:50:00-04:00,7767.75,7769.0,7767.75,7768.0,159
2026-09-28 05:51:00-04:00,7767.75,7768.0,7767.25,7767.75,125
2026-09-28 05:52:00-04:00,7768.0,7768.25,7767.25,7767.5,117
2026-09-28 05:53:00-04:00,7767.5,7768.25,7766.0,7766.25,175
2026-09-28 05:54:00-04:00,7766.25,7766.75,7765.75,7765.75,220
2026-09-28 05:55:00-04:00,7765.75,7766.75,7765.5,7766.75,99
2026-09-28 05:56:00-04:00,7766.5,7766.5,7764.5,7765.25,119
2026-09-28 05:57:00-04:00,7765.25,7765.5,7764.25,7764.75,145
2026-09-28 05:58:00-04:00,7764.75,7764.75,7763.25,7763.5,265
2026-09-28 05:59:00-04:00,7763.75,7765.0,7763.5,7764.75,152
2026-09-28 06:00:00-04:00,7765.0,7767.0,7764.5,7766.0,316
2026-09-28 06:01:00-04:00,7766.0,7767.0,7765.0,7765.5,187
2026-09-28 06:02:00-04:00,7765.25,7765.75,7763.75,7765.0,104
2026-09-28 06:03:00-04:00,7764.75,7766.25,7764.5,7766.0,110
2026-09-28 06:04:00-04:00,7765.75,7766.5,7765.25,7766.5,161
2026-09-28 06:05:00-04:00,7766.25,7766.25,7765.0,7765.25,205
2026-09-28 06:06:00-04:00,7765.25,7765.25,7762.75,7763.25,337
2026-09-28 06:07:00-04:00,7763.5,7763.75,7761.25,7761.5,255
2026-09-28 06:08:00-04:00,7761.75,7762.0,7760.25,7760.5,360
2026-09-28 06:09:00-04:00,7760.5,7761.75,7760.0,7761.25,398
2026-09-28 06:10:00-04:00,7761.0,7761.25,7760.5,7760.5,102
2026-09-28 06:11:00-04:00,7760.25,7760.25,7757.0,7758.75,1019
2026-09-28 06:12:00-04:00,7758.5,7763.75,7758.25,7760.25,1807
2026-09-28 06:13:00-04:00,7760.0,7760.5,7758.5,7760.25,406
2026-09-28 06:14:00-04:00,7760.5,7760.75,7759.5,7760.5,300
2026-09-28 06:15:00-04:00,7760.75,7762.75,7760.5,7762.0,629
2026-09-28 06:16:00-04:00,7762.0,7762.5,7761.0,7761.5,259
2026-09-28 06:17:00-04:00,7761.5,7762.0,7761.0,7761.0,106
2026-09-28 06:18:00-04:00,7760.75,7762.5,7760.25,7761.5,140
2026-09-28 06:19:00-04:00,7761.25,7762.0,7760.25,7760.25,97
2026-09-28 06:20:00-04:00,7760.25,7761.0,7760.0,7760.75,190
2026-09-28 06:21:00-04:00,7760.75,7762.25,7760.75,7761.75,169
2026-09-28 06:22:00-04:00,7761.75,7762.0,7761.0,7761.5,65
2026-09-28 06:23:00-04:00,7761.25,7761.75,7760.75,7761.0,112
2026-09-28 06:24:00-04:00,7760.75,7761.25,7759.5,7760.25,156
2026-09-28 06:25:00-04:00,7760.25,7761.25,7760.0,7760.75,77
2026-09-28 06:26:00-04:00,7761.0,7762.0,7761.0,7761.0,106
2026-09-28 06:27:00-04:00,7761.0,7761.0,7759.0,7759.5,217
2026-09-28 06:28:00-04:00,7759.75,7760.75,7759.5,7760.0,122
2026-09-28 06:29:00-04:00,7760.0,7761.75,7759.75,7761.75,126
2026-09-28 06:30:00-04:00,7761.75,7762.5,7759.25,7759.25,162
2026-09-28 06:31:00-04:00,7759.5,7761.75,7759.5,7761.5,175
2026-09-28 06:32:00-04:00,7761.5,7761.5,7760.25,7761.0,111
2026-09-28 06:33:00-04:00,7761.0,7762.0,7760.25,7762.0,80
2026-09-28 06:34:00-04:00,7762.0,7762.5,7761.25,7762.0,65
2026-09-28 06:35:00-04:00,7762.25,7762.75,7761.25,7761.75,111
2026-09-28 06:36:00-04:00,7761.75,7761.75,7759.5,7760.5,149
2026-09-28 06:37:00-04:00,7760.75,7761.25,7759.75,7760.25,239
2026-09-28 06:38:00-04:00,7760.0,7760.25,7759.75,7759.75,121
2026-09-28 06:39:00-04:00,7760.0,7761.25,7760.0,7760.5,106
2026-09-28 06:40:00-04:00,7760.5,7761.25,7760.25,7760.25,88
2026-09-28 06:41:00-04:00,7760.75,7762.5,7760.75,7762.0,113
2026-09-28 06:42:00-04:00,7762.0,7762.25,7760.75,7761.0,264
2026-09-28 06:43:00-04:00,7761.0,7761.5,7760.5,7761.0,129
2026-09-28 06:44:00-04:00,7761.0,7761.5,7760.75,7760.75,57
2026-09-28 06:45:00-04:00,7760.75,7761.5,7760.75,7761.5,50
2026-09-28 06:46:00-04:00,7761.5,7762.75,7761.25,7761.75,110
2026-09-28 06:47:00-04:00,7762.0,7762.25,7761.5,7761.75,68
2026-09-28 06:48:00-04:00,7761.75,7762.25,7760.75,7762.25,140
2026-09-28 06:49:00-04:00,7762.0,7763.0,7761.5,7762.5,118
2026-09-28 06:50:00-04:00,7762.25,7763.5,7761.75,7763.0,145
2026-09-28 06:51:00-04:00,7763.0,7764.75,7763.0,7764.25,339
2026-09-28 06:52:00-04:00,7764.25,7767.75,7764.0,7765.5,1703
2026-09-28 06:53:00-04:00,7765.75,7765.75,7764.25,7764.25,227
2026-09-28 06:54:00-04:00,7764.5,7764.75,7763.75,7764.0,147
2026-09-28 06:55:00-04:00,7764.5,7764.5,7762.5,7764.25,287
2026-09-28 06:56:00-04:00,7764.0,7764.25,7763.0,7763.25,101
2026-09-28 06:57:00-04:00,7763.0,7764.25,7762.75,7763.5,95
2026-09-28 06:58:00-04:00,7763.25,7763.5,7762.75,7763.25,104
2026-09-28 06:59:00-04:00,7763.5,7763.5,7760.25,7761.25,911
2026-09-28 07:00:00-04:00,7761.5,7769.75,7761.5,7767.25,5108
2026-09-28 07:01:00-04:00,7767.25,7768.75,7764.75,7766.25,1300
2026-09-28 07:02:00-04:00,7766.5,7766.75,7764.25,7766.5,760
2026-09-28 07:03:00-04:00,7766.25,7766.75,7763.0,7763.25,562
2026-09-28 07:04:00-04:00,7763.5,7763.75,7762.0,7763.5,559
2026-09-28 07:05:00-04:00,7763.5,7764.25,7762.0,7762.5,386
2026-09-28 07:06:00-04:00,7762.25,7763.5,7762.0,7762.75,229
2026-09-28 07:07:00-04:00,7762.5,7764.25,7761.5,7763.75,377
2026-09-28 07:08:00-04:00,7763.5,7763.75,7761.0,7763.0,359
2026-09-28 07:09:00-04:00,7763.25,7764.25,7762.5,7764.25,224
2026-09-28 07:10:00-04:00,7764.0,7764.25,7762.25,7762.75,151
2026-09-28 07:11:00-04:00,7762.25,7763.75,7762.25,7762.5,112
2026-09-28 07:12:00-04:00,7762.75,7764.0,7761.75,7763.0,146
2026-09-28 07:13:00-04:00,7763.0,7764.0,7762.5,7763.75,215
2026-09-28 07:14:00-04:00,7763.75,7765.0,7763.5,7764.0,273
2026-09-28 07:15:00-04:00,7763.75,7764.75,7763.25,7764.5,176
2026-09-28 07:16:00-04:00,7764.5,7770.5,7763.75,7769.0,3729
2026-09-28 07:17:00-04:00,7768.75,7770.0,7767.0,7768.5,919
2026-09-28 07:18:00-04:00,7768.75,7769.0,7765.0,7765.25,494
2026-09-28 07:19:00-04:00,7765.5,7765.5,7762.25,7763.0,418
2026-09-28 07:20:00-04:00,7763.25,7763.75,7762.5,7763.25,274
2026-09-28 07:21:00-04:00,7763.5,7764.5,7763.25,7764.25,126
2026-09-28 07:22:00-04:00,7764.5,7768.5,7764.25,7768.25,436
2026-09-28 07:23:00-04:00,7768.25,7770.0,7767.75,7769.25,276
2026-09-28 07:24:00-04:00,7769.5,7770.75,7769.0,7770.75,170
2026-09-28 07:25:00-04:00,7770.5,7770.75,7769.0,7769.5,157
2026-09-28 07:26:00-04:00,7769.5,7770.5,7768.5,7769.5,243
2026-09-28 07:27:00-04:00,7769.25,7769.5,7768.5,7769.0,100
2026-09-28 07:28:00-04:00,7769.5,7770.25,7769.25,7769.5,90
2026-09-28 07:29:00-04:00,7769.5,7770.25,7769.0,7770.0,147
2026-09-28 07:30:00-04:00,7770.25,7770.5,7767.5,7767.5,332
2026-09-28 07:31:00-04:00,7767.75,7768.5,7767.5,7767.5,156
2026-09-28 07:32:00-04:00,7767.75,7768.5,7767.5,7767.5,162
2026-09-28 07:33:00-04:00,7767.25,7768.0,7766.0,7768.0,282
2026-09-28 07:34:00-04:00,7768.0,7768.75,7767.5,7768.5,136
2026-09-28 07:35:00-04:00,7768.5,7768.5,7767.0,7767.75,178
2026-09-28 07:36:00-04:00,7767.75,7768.5,7767.25,7767.75,93
2026-09-28 07:37:00-04:00,7768.0,7769.0,7767.75,7768.75,121
2026-09-28 07:38:00-04:00,7768.5,7769.25,7767.75,7767.75,93
2026-09-28 07:39:00-04:00,7768.25,7768.75,7768.0,7768.0,58
2026-09-28 07:40:00-04:00,7768.25,7768.75,7767.25,7767.75,133
2026-09-28 07:41:00-04:00,7768.0,7769.75,7767.75,7767.75,334
2026-09-28 07:42:00-04:00,7768.0,7768.5,7767.25,7768.25,431
2026-09-28 07:43:00-04:00,7768.0,7768.25,7767.5,7767.75,226
2026-09-28 07:44:00-04:00,7768.0,7769.0,7767.25,7768.75,122
2026-09-28 07:45:00-04:00,7768.75,7769.75,7768.5,7769.25,385
2026-09-28 07:46:00-04:00,7769.5,7769.75,7768.0,7769.0,133
2026-09-28 07:47:00-04:00,7768.75,7768.75,7767.75,7768.25,160
2026-09-28 07:48:00-04:00,7767.75,7768.5,7767.75,7768.25,119
2026-09-28 07:49:00-04:00,7768.0,7768.5,7767.75,7768.5,81
2026-09-28 07:50:00-04:00,7768.75,7769.0,7767.0,7767.75,166
2026-09-28 07:51:00-04:00,7768.0,7768.5,7767.75,7768.25,147
2026-09-28 07:52:00-04:00,7768.25,7769.25,7768.0,7768.5,110
2026-09-28 07:53:00-04:00,7768.5,7768.5,7766.25,7766.75,255
2026-09-28 07:54:00-04:00,7766.75,7767.5,7766.25,7766.75,135
2026-09-28 07:55:00-04:00,7766.75,7768.5,7766.5,7768.25,161
2026-09-28 07:56:00-04:00,7768.25,7769.75,7768.25,7768.75,106
2026-09-28 07:57:00-04:00,7769.0,7770.0,7767.75,7768.5,256
2026-09-28 07:58:00-04:00,7768.5,7768.75,7767.5,7767.5,81
2026-09-28 07:59:00-04:00,7767.5,7768.25,7766.25,7768.0,243
2026-09-28 08:00:00-04:00,7768.25,7769.0,7764.75,7765.25,682
2026-09-28 08:01:00-04:00,7765.25,7765.5,7762.75,7763.75,653
2026-09-28 08:02:00-04:00,7764.0,7764.75,7763.25,7764.75,354
2026-09-28 08:03:00-04:00,7764.5,7765.5,7763.75,7765.25,351
2026-09-28 08:04:00-04:00,7765.25,7777.25,7764.75,7775.25,9291
2026-09-28 08:05:00-04:00,7775.25,7778.25,7775.0,7777.0,1298
2026-09-28 08:06:00-04:00,7777.0,7779.0,7776.25,7778.25,1220
2026-09-28 08:07:00-04:00,7778.25,7779.25,7777.0,7777.5,846
2026-09-28 08:08:00-04:00,7777.5,7777.5,7773.25,7775.75,936
2026-09-28 08:09:00-04:00,7775.5,7776.75,7775.0,7776.25,478
2026-09-28 08:10:00-04:00,7776.5,7778.5,7776.0,7776.5,436
2026-09-28 08:11:00-04:00,7776.5,7779.25,7776.0,7777.25,447
2026-09-28 08:12:00-04:00,7777.5,7778.0,7774.0,7774.25,580
2026-09-28 08:13:00-04:00,7774.25,7775.25,7773.25,7774.25,457
2026-09-28 08:14:00-04:00,7774.0,7776.25,7774.0,7776.25,305
2026-09-28 08:15:00-04:00,7776.0,7776.75,7775.75,7776.25,234
2026-09-28 08:16:00-04:00,7776.5,7777.75,7775.75,7777.5,216
2026-09-28 08:17:00-04:00,7777.5,7778.0,7775.25,7775.75,621
2026-09-28 08:18:00-04:00,7775.75,7777.25,7775.5,7776.5,171
2026-09-28 08:19:00-04:00,7776.25,7779.25,7776.0,7779.0,422
2026-09-28 08:20:00-04:00,7778.75,7780.75,7778.75,7780.5,688
2026-09-28 08:21:00-04:00,7780.75,7781.0,7778.5,7778.5,527
2026-09-28 08:22:00-04:00,7778.75,7778.75,7774.5,7774.5,741
2026-09-28 08:23:00-04:00,7774.5,7776.0,7773.25,7775.5,870
2026-09-28 08:24:00-04:00,7775.75,7776.5,7775.5,7775.75,224
2026-09-28 08:25:00-04:00,7776.0,7777.0,7774.5,7776.75,272
2026-09-28 08:26:00-04:00,7776.5,7781.5,7775.75,7778.25,1914
2026-09-28 08:27:00-04:00,7778.25,7778.25,7776.5,7777.25,230
2026-09-28 08:28:00-04:00,7777.25,7777.25,7775.0,7775.0,240
2026-09-28 08:29:00-04:00,7775.25,7775.5,7774.25,7774.5,339
2026-09-28 08:30:00-04:00,7774.75,7775.75,7774.25,7775.5,328
2026-09-28 08:31:00-04:00,7775.25,7775.75,7774.25,7775.0,559
2026-09-28 08:32:00-04:00,7775.0,7776.0,7773.5,7776.0,472
2026-09-28 08:33:00-04:00,7776.0,7777.25,7775.25,7776.25,438
2026-09-28 08:34:00-04:00,7776.0,7778.5,7775.0,7778.25,491
2026-09-28 08:35:00-04:00,7778.0,7778.5,7776.5,7778.0,289
2026-09-28 08:36:00-04:00,7778.0,7778.75,7777.0,7777.25,183
2026-09-28 08:37:00-04:00,7777.0,7777.75,7775.5,7777.75,523
2026-09-28 08:38:00-04:00,7777.75,7777.75,7775.0,7776.5,440
2026-09-28 08:39:00-04:00,7776.25,7776.75,7775.0,7776.75,291
2026-09-28 08:40:00-04:00,7776.75,7776.75,7773.75,7774.25,562
2026-09-28 08:41:00-04:00,7774.75,7777.0,7774.5,7776.5,345
2026-09-28 08:42:00-04:00,7776.5,7776.75,7775.0,7776.25,384
2026-09-28 08:43:00-04:00,7776.25,7776.5,7774.75,7775.5,285
2026-09-28 08:44:00-04:00,7776.0,7778.25,7775.75,7778.0,214
2026-09-28 08:45:00-04:00,7778.25,7780.0,7778.0,7779.5,448
2026-09-28 08:46:00-04:00,7779.75,7780.5,7778.75,7779.25,501
2026-09-28 08:47:00-04:00,7779.25,7779.5,7777.25,7777.5,389
2026-09-28 08:48:00-04:00,7777.25,7779.0,7776.5,7779.0,355
2026-09-28 08:49:00-04:00,7779.0,7779.25,7776.75,7777.25,239
2026-09-28 08:50:00-04:00,7777.0,7779.5,7776.25,7778.25,516
2026-09-28 08:51:00-04:00,7778.25,7778.75,7776.5,7776.75,364
2026-09-28 08:52:00-04:00,7776.5,7779.5,7776.5,7778.0,409
2026-09-28 08:53:00-04:00,7778.0,7780.25,7777.25,7780.25,219
2026-09-28 08:54:00-04:00,7780.0,7780.5,7779.5,7780.25,382
2026-09-28 08:55:00-04:00,7780.25,7780.25,7777.25,7778.75,605
2026-09-28 08:56:00-04:00,7778.5,7781.5,7778.0,7781.25,431
2026-09-28 08:57:00-04:00,7781.0,7781.5,7780.25,7781.25,680
2026-09-28 08:58:00-04:00,7781.0,7781.25,7778.5,7779.5,466
2026-09-28 08:59:00-04:00,7779.5,7780.75,7779.25,7780.5,199
2026-09-28 09:00:00-04:00,7780.5,7780.75,7776.75,7777.75,677
2026-09-28 09:01:00-04:00,7777.5,7777.75,7775.75,7776.25,494
2026-09-28 09:02:00-04:00,7776.0,7776.25,7774.5,7775.5,588
2026-09-28 09:03:00-04:00,7775.5,7776.25,7775.25,7775.5,233
2026-09-28 09:04:00-04:00,7775.5,7776.5,7774.75,7775.0,314
2026-09-28 09:05:00-04:00,7775.0,7775.5,7774.0,7775.0,466
2026-09-28 09:06:00-04:00,7774.75,7775.75,7774.5,7775.0,291
2026-09-28 09:07:00-04:00,7775.25,7776.5,7775.0,7776.5,343
2026-09-28 09:08:00-04:00,7776.5,7777.0,7775.5,7776.0,304
2026-09-28 09:09:00-04:00,7776.0,7776.5,7775.25,7776.0,230
2026-09-28 09:10:00-04:00,7776.25,7777.0,7775.25,7776.25,307
2026-09-28 09:11:00-04:00,7776.25,7777.25,7775.75,7776.25,260
2026-09-28 09:12:00-04:00,7776.5,7776.75,7775.5,7776.25,206
2026-09-28 09:13:00-04:00,7776.25,7777.0,7775.5,7776.5,209
2026-09-28 09:14:00-04:00,7776.75,7776.75,7775.5,7775.75,148
2026-09-28 09:15:00-04:00,7776.0,7777.25,7776.0,7777.0,280
2026-09-28 09:16:00-04:00,7776.75,7778.25,7776.25,7777.0,434
2026-09-28 09:17:00-04:00,7777.0,7778.25,7776.75,7777.25,248
2026-09-28 09:18:00-04:00,7777.0,7777.5,7773.75,7774.75,2266
2026-09-28 09:19:00-04:00,7775.0,7775.25,7773.5,7774.75,922
2026-09-28 09:20:00-04:00,7774.75,7775.25,7773.0,7774.25,489
2026-09-28 09:21:00-04:00,7774.0,7775.25,7773.75,7774.5,275
2026-09-28 09:22:00-04:00,7774.5,7774.5,7772.0,7772.5,565
2026-09-28 09:23:00-04:00,7772.75,7773.75,7771.75,7773.0,370
2026-09-28 09:24:00-04:00,7773.0,7773.75,7772.75,7773.25,221
2026-09-28 09:25:00-04:00,7773.25,7773.75,7770.75,7771.0,1000
2026-09-28 09:26:00-04:00,7771.25,7772.75,7770.75,7772.0,653
2026-09-28 09:27:00-04:00,7772.25,7772.5,7770.25,7771.5,1210
2026-09-28 09:28:00-04:00,7771.25,7773.25,7769.5,7772.75,1241
2026-09-28 09:29:00-04:00,7773.0,7774.25,7772.0,7772.75,1076
2026-09-28 09:30:00-04:00,7772.75,7773.5,7765.25,7765.5,7960
2026-09-28 09:31:00-04:00,7765.25,7769.75,7763.75,7769.0,4527
2026-09-28 09:32:00-04:00,7768.75,7775.25,7768.75,7771.75,4417
2026-09-28 09:33:00-04:00,7771.75,7772.0,7765.0,7767.0,3902
2026-09-28 09:34:00-04:00,7767.0,7768.75,7764.25,7766.5,2701
2026-09-28 09:35:00-04:00,7766.5,7766.5,7760.25,7760.75,5263
2026-09-28 09:36:00-04:00,7761.0,7763.5,7758.75,7762.25,4470
2026-09-28 09:37:00-04:00,7762.25,7765.0,7761.75,7762.75,3848
2026-09-28 09:38:00-04:00,7763.0,7764.25,7760.5,7762.75,2466
2026-09-28 09:39:00-04:00,7763.0,7765.5,7763.0,7764.0,2316
2026-09-28 09:40:00-04:00,7763.75,7765.25,7761.5,7763.0,2622
2026-09-28 09:41:00-04:00,7763.0,7764.0,7759.25,7759.75,2124
2026-09-28 09:42:00-04:00,7759.75,7765.5,7759.5,7764.0,3384
2026-09-28 09:43:00-04:00,7764.0,7766.75,7763.5,7766.5,2903
2026-09-28 09:44:00-04:00,7766.5,7766.5,7762.25,7765.25,2918
2026-09-28 09:45:00-04:00,7765.0,7766.0,7762.5,7765.25,2750
2026-09-28 09:46:00-04:00,7765.5,7767.5,7763.5,7766.5,2949
2026-09-28 09:47:00-04:00,7766.25,7770.75,7765.0,7768.25,5416
2026-09-28 09:48:00-04:00,7768.25,7770.75,7767.0,7769.75,2903
2026-09-28 09:49:00-04:00,7769.75,7772.75,7769.25,7769.5,4662
2026-09-28 09:50:00-04:00,7769.5,7771.75,7766.5,7768.75,3566
2026-09-28 09:51:00-04:00,7768.5,7769.5,7764.5,7766.0,4236
2026-09-28 09:52:00-04:00,7766.25,7769.0,7765.25,7767.75,1856
2026-09-28 09:53:00-04:00,7767.75,7773.5,7767.5,7772.25,3363
2026-09-28 09:54:00-04:00,7772.0,7774.75,7769.75,7772.0,3852
2026-09-28 09:55:00-04:00,7771.75,7773.5,7767.75,7768.75,5706
2026-09-28 09:56:00-04:00,7768.5,7768.75,7765.5,7765.5,2074
2026-09-28 09:57:00-04:00,7765.5,7770.5,7765.5,7770.0,1800
2026-09-28 09:58:00-04:00,7770.25,7771.75,7768.75,7770.75,1872
2026-09-28 09:59:00-04:00,7770.75,7773.5,7770.0,7773.0,2107
2026-09-28 10:00:00-04:00,7773.0,7773.5,7769.75,7772.0,2310
2026-09-28 10:01:00-04:00,7772.25,7772.5,7769.5,7771.25,1378
2026-09-28 10:02:00-04:00,7771.5,7773.75,7770.75,7772.25,1978
2026-09-28 10:03:00-04:00,7772.5,7772.75,7769.25,7770.5,1612
2026-09-28 10:04:00-04:00,7770.25,7770.5,7765.75,7766.5,2539
2026-09-28 10:05:00-04:00,7766.25,7767.5,7763.5,7765.0,3505
2026-09-28 10:06:00-04:00,7765.0,7768.5,7764.25,7768.25,2486
2026-09-28 10:07:00-04:00,7768.25,7769.75,7766.5,7768.0,2333
2026-09-28 10:08:00-04:00,7767.75,7770.0,7766.75,7768.0,1657
2026-09-28 10:09:00-04:00,7768.25,7769.5,7767.0,7767.0,1420
2026-09-28 10:10:00-04:00,7767.0,7767.75,7764.75,7767.0,2269
2026-09-28 10:11:00-04:00,7767.0,7767.0,7762.5,7763.5,2659
2026-09-28 10:12:00-04:00,7763.75,7765.25,7762.75,7763.75,3372
2026-09-28 10:13:00-04:00,7764.0,7765.5,7763.0,7764.25,1823
2026-09-28 10:14:00-04:00,7763.75,7764.25,7759.25,7762.0,4093
2026-09-28 10:15:00-04:00,7762.25,7764.75,7760.5,7762.5,3385
2026-09-28 10:16:00-04:00,7762.5,7763.0,7760.0,7761.75,2111
2026-09-28 10:17:00-04:00,7762.5,7765.25,7761.75,7765.0,2156
2026-09-28 10:18:00-04:00,7765.25,7766.5,7764.0,7764.75,2868
2026-09-28 10:19:00-04:00,7764.75,7766.0,7763.5,7764.5,1613
2026-09-28 10:20:00-04:00,7764.5,7766.75,7762.5,7765.5,2269
2026-09-28 10:21:00-04:00,7765.5,7765.75,7761.25,7762.75,1728
2026-09-28 10:22:00-04:00,7763.0,7768.75,7762.75,7768.5,3204
2026-09-28 10:23:00-04:00,7768.5,7768.75,7766.0,7766.0,1636
2026-09-28 10:24:00-04:00,7766.0,7766.75,7764.75,7766.25,1975
2026-09-28 10:25:00-04:00,7766.5,7767.75,7765.5,7765.75,2144
2026-09-28 10:26:00-04:00,7766.0,7767.0,7763.5,7765.75,2008
2026-09-28 10:27:00-04:00,7766.0,7767.75,7765.5,7766.0,1551
2026-09-28 10:28:00-04:00,7765.75,7766.5,7763.5,7766.25,2035
2026-09-28 10:29:00-04:00,7766.25,7766.5,7762.75,7764.0,2241
2026-09-28 10:30:00-04:00,7764.0,7764.25,7761.75,7763.0,2380
2026-09-28 10:31:00-04:00,7763.0,7763.0,7760.0,7761.5,2618
2026-09-28 10:32:00-04:00,7761.25,7762.75,7760.75,7762.25,1672
2026-09-28 10:33:00-04:00,7762.25,7764.0,7760.0,7761.5,2446
2026-09-28 10:34:00-04:00,7761.25,7762.0,7760.25,7761.5,1088
2026-09-28 10:35:00-04:00,7761.25,7762.0,7759.5,7760.0,1890
2026-09-28 10:36:00-04:00,7760.25,7762.0,7760.0,7761.0,2047
2026-09-28 10:37:00-04:00,7761.0,7762.25,7757.0,7757.0,4097
2026-09-28 10:38:00-04:00,7757.25,7758.0,7753.0,7754.5,7358
2026-09-28 10:39:00-04:00,7754.5,7756.0,7753.5,7753.75,3329
2026-09-28 10:40:00-04:00,7753.75,7754.5,7752.0,7753.25,5351
2026-09-28 10:41:00-04:00,7753.0,7755.0,7751.0,7753.5,4488
2026-09-28 10:42:00-04:00,7753.5,7754.0,7750.0,7751.25,3388
2026-09-28 10:43:00-04:00,7751.0,7751.25,7742.5,7744.25,8713
2026-09-28 10:44:00-04:00,7744.5,7744.5,7741.25,7741.5,5334
2026-09-28 10:45:00-04:00,7741.75,7742.5,7736.0,7737.0,7227
2026-09-28 10:46:00-04:00,7736.75,7738.5,7734.25,7735.0,5725
2026-09-28 10:47:00-04:00,7735.0,7735.0,7727.75,7730.0,9101
2026-09-28 10:48:00-04:00,7730.0,7731.5,7728.0,7730.0,4667
2026-09-28 10:49:00-04:00,7730.0,7732.5,7730.0,7731.5,4654
2026-09-28 10:50:00-04:00,7731.75,7737.5,7731.0,7736.25,9340
2026-09-28 10:51:00-04:00,7736.25,7736.75,7731.25,7731.5,4410
2026-09-28 10:52:00-04:00,7731.5,7734.0,7730.5,7731.75,3589
2026-09-28 10:53:00-04:00,7731.75,7733.75,7730.75,7730.75,2811
2026-09-28 10:54:00-04:00,7731.0,7731.75,7728.0,7728.25,4514
2026-09-28 10:55:00-04:00,7728.5,7728.75,7726.0,7726.25,5351
2026-09-28 10:56:00-04:00,7726.5,7732.5,7726.5,7732.0,4636
2026-09-28 10:57:00-04:00,7732.0,7733.5,7729.5,7732.0,3203
2026-09-28 10:58:00-04:00,7732.25,7734.0,7729.5,7731.0,3319
2026-09-28 10:59:00-04:00,7730.75,7731.5,7729.0,7730.75,2318
2026-09-28 11:00:00-04:00,7730.75,7733.5,7730.5,7732.25,3428
2026-09-28 11:01:00-04:00,7732.0,7734.5,7730.75,7732.25,3625
2026-09-28 11:02:00-04:00,7732.25,7733.5,7731.0,7732.0,2213
2026-09-28 11:03:00-04:00,7732.25,7736.0,7732.25,7736.0,3029
2026-09-28 11:04:00-04:00,7736.0,7736.75,7734.5,7735.0,2393
2026-09-28 11:05:00-04:00,7735.25,7737.25,7734.5,7735.25,2845
2026-09-28 11:06:00-04:00,7735.0,7738.5,7732.75,7737.75,3299
2026-09-28 11:07:00-04:00,7738.0,7742.5,7738.0,7742.25,4392
2026-09-28 11:08:00-04:00,7742.25,7744.0,7741.25,7741.75,3338
2026-09-28 11:09:00-04:00,7741.75,7746.25,7741.5,7746.0,3620
2026-09-28 11:10:00-04:00,7746.25,7747.5,7743.75,7744.0,4672
2026-09-28 11:11:00-04:00,7744.25,7746.25,7743.25,7743.5,2834
2026-09-28 11:12:00-04:00,7743.5,7744.5,7742.5,7744.0,2361
2026-09-28 11:13:00-04:00,7744.0,7745.0,7742.0,7743.0,2307
2026-09-28 11:14:00-04:00,7742.5,7742.75,7740.0,7741.0,3407
2026-09-28 11:15:00-04:00,7741.25,7742.25,7740.25,7741.25,1994
2026-09-28 11:16:00-04:00,7741.25,7741.5,7738.25,7739.25,2836
2026-09-28 11:17:00-04:00,7739.25,7739.5,7737.0,7739.0,2495
2026-09-28 11:18:00-04:00,7739.0,7740.25,7737.5,7739.0,2529
2026-09-28 11:19:00-04:00,7739.0,7741.75,7738.25,7740.5,2638
2026-09-28 11:20:00-04:00,7740.5,7740.5,7737.75,7738.75,1415
2026-09-28 11:21:00-04:00,7739.0,7739.0,7735.5,7736.75,2713
2026-09-28 11:22:00-04:00,7737.0,7737.5,7735.75,7736.75,1292
2026-09-28 11:23:00-04:00,7737.0,7738.75,7736.75,7738.25,1146
2026-09-28 11:24:00-04:00,7738.25,7739.5,7736.75,7738.0,1644
2026-09-28 11:25:00-04:00,7738.0,7742.25,7735.75,7739.25,8038
2026-09-28 11:26:00-04:00,7739.25,7740.5,7737.0,7740.5,1981
2026-09-28 11:27:00-04:00,7740.5,7740.5,7737.75,7739.5,1433
2026-09-28 11:28:00-04:00,7739.5,7740.25,7738.25,7739.5,1499
2026-09-28 11:29:00-04:00,7739.25,7741.0,7738.75,7740.25,1820
2026-09-28 11:30:00-04:00,7740.5,7741.5,7738.25,7740.0,2117
2026-09-28 11:31:00-04:00,7740.0,7740.0,7736.5,7737.5,1650
2026-09-28 11:32:00-04:00,7737.5,7740.5,7737.5,7740.0,1264
2026-09-28 11:33:00-04:00,7740.0,7741.0,7737.0,7737.5,2020
2026-09-28 11:34:00-04:00,7737.25,7740.5,7736.75,7740.25,1636
2026-09-28 11:35:00-04:00,7740.0,7741.25,7738.75,7740.25,1488
2026-09-28 11:36:00-04:00,7740.5,7745.25,7740.5,7745.0,3857
2026-09-28 11:37:00-04:00,7744.75,7745.75,7743.75,7744.75,1700
2026-09-28 11:38:00-04:00,7744.75,7746.5,7744.0,7745.5,1949
2026-09-28 11:39:00-04:00,7745.5,7746.75,7744.75,7746.5,1690
2026-09-28 11:40:00-04:00,7746.5,7746.75,7740.75,7741.0,3080
2026-09-28 11:41:00-04:00,7741.25,7741.5,7737.5,7738.25,2985
2026-09-28 11:42:00-04:00,7738.0,7739.5,7737.75,7738.25,1818
2026-09-28 11:43:00-04:00,7738.25,7739.0,7736.0,7736.25,1658
2026-09-28 11:44:00-04:00,7736.25,7739.0,7736.0,7738.75,1137
2026-09-28 11:45:00-04:00,7739.0,7739.0,7736.5,7738.5,1487
2026-09-28 11:46:00-04:00,7738.5,7739.5,7737.0,7738.75,1616
2026-09-28 11:47:00-04:00,7738.5,7739.75,7737.75,7739.0,1228
2026-09-28 11:48:00-04:00,7738.75,7740.25,7738.0,7738.25,1058
2026-09-28 11:49:00-04:00,7738.25,7739.75,7738.25,7738.5,928
2026-09-28 11:50:00-04:00,7738.75,7741.0,7738.25,7739.5,1826
2026-09-28 11:51:00-04:00,7739.5,7739.75,7738.0,7739.0,1074
2026-09-28 11:52:00-04:00,7739.25,7739.5,7737.75,7738.25,821
2026-09-28 11:53:00-04:00,7738.25,7738.75,7737.5,7738.25,878
2026-09-28 11:54:00-04:00,7738.25,7741.75,7738.0,7741.5,1499
2026-09-28 11:55:00-04:00,7741.75,7744.0,7741.25,7742.75,2398
2026-09-28 11:56:00-04:00,7743.0,7744.5,7742.0,7743.75,1304
2026-09-28 11:57:00-04:00,7744.0,7744.25,7742.25,7742.75,1206
2026-09-28 11:58:00-04:00,7743.0,7743.75,7742.75,7743.5,964
2026-09-28 11:59:00-04:00,7743.5,7745.25,7743.25,7744.5,1515
2026-09-28 12:00:00-04:00,7744.25,7745.75,7742.0,7743.75,3465
2026-09-28 12:01:00-04:00,7743.5,7744.5,7741.5,7742.25,1576
2026-09-28 12:02:00-04:00,7742.5,7742.75,7741.25,7742.0,1257
2026-09-28 12:03:00-04:00,7742.0,7743.25,7740.75,7742.0,1435
2026-09-28 12:04:00-04:00,7742.0,7743.0,7741.0,7742.25,860
2026-09-28 12:05:00-04:00,7742.25,7742.5,7741.0,7741.5,1086
2026-09-28 12:06:00-04:00,7741.25,7743.75,7740.75,7743.25,1510
2026-09-28 12:07:00-04:00,7743.25,7745.5,7742.5,7744.5,1034
2026-09-28 12:08:00-04:00,7744.5,7746.5,7744.25,7745.75,1635
2026-09-28 12:09:00-04:00,7745.5,7746.0,7744.25,7745.5,1356
2026-09-28 12:10:00-04:00,7745.5,7748.0,7745.5,7746.5,2458
2026-09-28 12:11:00-04:00,7746.5,7747.75,7745.25,7745.5,1344
2026-09-28 12:12:00-04:00,7745.5,7746.25,7742.5,7743.5,1779
2026-09-28 12:13:00-04:00,7743.5,7743.5,7742.5,7743.25,728
2026-09-28 12:14:00-04:00,7743.0,7743.75,7742.5,7743.5,951
2026-09-28 12:15:00-04:00,7743.25,7745.0,7742.75,7743.75,1361
2026-09-28 12:16:00-04:00,7744.0,7756.0,7742.75,7754.75,23380
2026-09-28 12:17:00-04:00,7754.5,7758.5,7752.5,7754.0,7456
2026-09-28 12:18:00-04:00,7754.0,7757.75,7753.75,7754.0,3066
2026-09-28 12:19:00-04:00,7754.25,7755.5,7751.25,7755.5,2358
2026-09-28 12:20:00-04:00,7755.5,7765.5,7753.5,7764.25,8017
2026-09-28 12:21:00-04:00,7764.5,7766.25,7762.75,7764.0,5606
2026-09-28 12:22:00-04:00,7764.0,7766.25,7763.25,7764.25,4508
2026-09-28 12:23:00-04:00,7764.25,7765.5,7760.5,7764.0,4062
2026-09-28 12:24:00-04:00,7764.0,7769.5,7762.5,7768.25,8545
2026-09-28 12:25:00-04:00,7768.25,7772.5,7767.5,7772.0,5013
2026-09-28 12:26:00-04:00,7772.0,7784.25,7770.75,7781.25,13035
2026-09-28 12:27:00-04:00,7781.25,7786.0,7779.0,7781.5,9019
2026-09-28 12:28:00-04:00,7781.25,7783.75,7778.0,7779.25,4770
2026-09-28 12:29:00-04:00,7779.25,7781.75,7775.75,7777.25,3613
2026-09-28 12:30:00-04:00,7777.25,7778.25,7771.75,7772.75,5043
2026-09-28 12:31:00-04:00,7772.75,7774.0,7771.0,7773.0,2779
2026-09-28 12:32:00-04:00,7773.0,7773.5,7765.25,7765.5,7851
2026-09-28 12:33:00-04:00,7765.5,7769.25,7764.25,7768.25,5374
2026-09-28 12:34:00-04:00,7768.5,7770.5,7767.0,7768.75,2054
2026-09-28 12:35:00-04:00,7768.75,7770.0,7767.75,7769.0,1862
2026-09-28 12:36:00-04:00,7768.75,7772.0,7768.5,7771.75,2022
2026-09-28 12:37:00-04:00,7771.75,7772.25,7769.0,7771.0,1799
2026-09-28 12:38:00-04:00,7771.0,7771.0,7764.5,7765.25,2650
2026-09-28 12:39:00-04:00,7765.0,7765.75,7763.75,7765.0,1917
2026-09-28 12:40:00-04:00,7765.0,7767.0,7762.75,7763.5,2044
2026-09-28 12:41:00-04:00,7763.5,7764.0,7760.5,7760.75,2004
2026-09-28 12:42:00-04:00,7760.75,7761.75,7757.5,7758.25,2959
2026-09-28 12:43:00-04:00,7758.0,7760.25,7756.5,7759.5,2600
2026-09-28 12:44:00-04:00,7759.75,7761.0,7759.0,7760.25,1906
2026-09-28 12:45:00-04:00,7760.25,7764.75,7760.0,7760.25,4983
2026-09-28 12:46:00-04:00,7760.25,7763.25,7758.25,7761.0,2327
2026-09-28 12:47:00-04:00,7760.75,7762.25,7759.0,7760.0,2103
2026-09-28 12:48:00-04:00,7760.0,7760.0,7756.75,7757.0,1704
2026-09-28 12:49:00-04:00,7757.0,7759.5,7756.75,7759.0,1373
2026-09-28 12:50:00-04:00,7759.0,7761.0,7759.0,7759.25,1867
2026-09-28 12:51:00-04:00,7759.5,7760.0,7757.0,7758.75,2130
2026-09-28 12:52:00-04:00,7759.0,7760.75,7757.0,7760.5,1541
2026-09-28 12:53:00-04:00,7760.5,7762.0,7759.25,7761.75,1606
2026-09-28 12:54:00-04:00,7761.75,7763.5,7761.75,7762.75,1778
2026-09-28 12:55:00-04:00,7762.5,7763.5,7762.0,7762.5,1097
2026-09-28 12:56:00-04:00,7763.0,7763.75,7762.0,7762.75,949
2026-09-28 12:57:00-04:00,7762.75,7763.5,7761.5,7762.75,1379
2026-09-28 12:58:00-04:00,7762.75,7763.25,7761.25,7761.5,803
2026-09-28 12:59:00-04:00,7761.5,7762.5,7760.5,7761.75,1689
2026-09-28 13:00:00-04:00,7761.5,7762.0,7756.75,7758.25,2868
2026-09-28 13:01:00-04:00,7758.25,7760.25,7757.5,7759.25,1118
2026-09-28 13:02:00-04:00,7759.25,7759.5,7756.25,7757.75,1876
2026-09-28 13:03:00-04:00,7757.75,7758.75,7757.25,7757.75,841
2026-09-28 13:04:00-04:00,7757.75,7759.75,7757.75,7758.75,1035
2026-09-28 13:05:00-04:00,7759.0,7759.75,7757.0,7757.25,1202
2026-09-28 13:06:00-04:00,7757.0,7758.5,7755.25,7758.25,2090
2026-09-28 13:07:00-04:00,7758.25,7759.0,7755.0,7755.5,1404
2026-09-28 13:08:00-04:00,7755.25,7756.75,7755.0,7756.5,1322
2026-09-28 13:09:00-04:00,7756.5,7758.0,7755.75,7756.5,1223
2026-09-28 13:10:00-04:00,7756.75,7757.5,7756.0,7756.75,671
2026-09-28 13:11:00-04:00,7756.75,7781.0,7756.75,7779.75,24147
2026-09-28 13:12:00-04:00,7779.5,7783.5,7773.5,7775.75,14381
2026-09-28 13:13:00-04:00,7776.0,7780.75,7774.0,7779.5,7289
2026-09-28 13:14:00-04:00,7779.5,7780.0,7775.25,7779.75,5783
2026-09-28 13:15:00-04:00,7779.5,7779.75,7770.25,7776.0,5160
2026-09-28 13:16:00-04:00,7775.75,7777.75,7774.25,7776.25,3187
2026-09-28 13:17:00-04:00,7776.5,7777.0,7768.25,7771.0,8300
2026-09-28 13:18:00-04:00,7770.75,7771.5,7766.0,7766.25,3721
2026-09-28 13:19:00-04:00,7766.25,7767.0,7763.25,7763.25,2621
2026-09-28 13:20:00-04:00,7763.5,7763.75,7761.0,7762.75,2091
2026-09-28 13:21:00-04:00,7763.0,7764.5,7762.25,7763.0,1606
2026-09-28 13:22:00-04:00,7763.25,7765.5,7762.75,7763.0,1828
2026-09-28 13:23:00-04:00,7763.25,7765.25,7762.25,7763.0,948
2026-09-28 13:24:00-04:00,7763.0,7765.25,7762.75,7764.0,802
2026-09-28 13:25:00-04:00,7764.0,7765.75,7763.25,7764.75,1207
2026-09-28 13:26:00-04:00,7764.75,7765.25,7759.75,7760.25,1973
2026-09-28 13:27:00-04:00,7760.25,7761.25,7759.5,7760.0,1446
2026-09-28 13:28:00-04:00,7759.75,7761.75,7759.75,7761.5,958
2026-09-28 13:29:00-04:00,7761.25,7762.25,7760.25,7761.25,1430
2026-09-28 13:30:00-04:00,7761.25,7764.0,7761.0,7763.5,1215
2026-09-28 13:31:00-04:00,7763.75,7765.25,7762.75,7764.75,1621
2026-09-28 13:32:00-04:00,7764.75,7766.0,7763.5,7764.0,1115
2026-09-28 13:33:00-04:00,7763.75,7764.5,7761.0,7761.0,1004
2026-09-28 13:34:00-04:00,7761.0,7763.0,7759.75,7762.75,1199
2026-09-28 13:35:00-04:00,7762.5,7764.5,7762.0,7764.5,943
2026-09-28 13:36:00-04:00,7764.5,7765.5,7763.0,7764.0,801
2026-09-28 13:37:00-04:00,7764.0,7765.0,7759.0,7759.5,1728
2026-09-28 13:38:00-04:00,7759.25,7762.5,7759.25,7762.0,849
2026-09-28 13:39:00-04:00,7762.0,7763.0,7761.5,7762.75,578
2026-09-28 13:40:00-04:00,7762.75,7763.5,7761.75,7762.75,674
2026-09-28 13:41:00-04:00,7762.75,7764.5,7762.25,7764.0,643
2026-09-28 13:42:00-04:00,7764.0,7764.0,7761.0,7763.0,945
2026-09-28 13:43:00-04:00,7763.0,7763.75,7762.5,7762.75,708
2026-09-28 13:44:00-04:00,7762.75,7763.25,7761.75,7762.5,511
2026-09-28 13:45:00-04:00,7762.5,7764.75,7762.0,7762.25,861
2026-09-28 13:46:00-04:00,7762.5,7763.25,7761.75,7763.25,511
2026-09-28 13:47:00-04:00,7763.0,7763.25,7761.5,7761.5,838
2026-09-28 13:48:00-04:00,7761.5,7764.75,7760.75,7764.75,1018
2026-09-28 13:49:00-04:00,7765.0,7765.5,7762.75,7764.75,1054
2026-09-28 13:50:00-04:00,7764.5,7764.75,7763.25,7763.25,631
2026-09-28 13:51:00-04:00,7763.5,7764.0,7762.0,7763.75,670
2026-09-28 13:52:00-04:00,7764.0,7764.75,7762.75,7763.75,781
2026-09-28 13:53:00-04:00,7763.5,7764.25,7763.5,7764.0,501
2026-09-28 13:54:00-04:00,7763.75,7765.75,7763.75,7765.5,955
2026-09-28 13:55:00-04:00,7765.25,7766.0,7761.5,7764.0,3350
2026-09-28 13:56:00-04:00,7764.0,7764.75,7762.5,7762.75,1072
2026-09-28 13:57:00-04:00,7763.0,7764.25,7762.25,7762.5,962
2026-09-28 13:58:00-04:00,7762.75,7764.0,7761.5,7763.0,1159
2026-09-28 13:59:00-04:00,7763.0,7763.75,7762.25,7763.5,499
2026-09-28 14:00:00-04:00,7763.5,7764.5,7761.25,7762.5,1366
2026-09-28 14:01:00-04:00,7762.5,7762.5,7759.25,7761.0,1560
2026-09-28 14:02:00-04:00,7761.0,7763.5,7761.0,7763.5,834
2026-09-28 14:03:00-04:00,7763.5,7764.25,7762.75,7763.75,710
2026-09-28 14:04:00-04:00,7763.75,7765.5,7763.75,7765.25,799
2026-09-28 14:05:00-04:00,7765.25,7765.5,7763.25,7764.25,783
2026-09-28 14:06:00-04:00,7764.25,7764.75,7762.25,7763.25,528
2026-09-28 14:07:00-04:00,7763.25,7763.5,7762.0,7763.0,542
2026-09-28 14:08:00-04:00,7763.0,7763.75,7762.0,7763.5,390
2026-09-28 14:09:00-04:00,7763.5,7764.5,7763.25,7764.0,526
2026-09-28 14:10:00-04:00,7763.5,7766.5,7763.5,7764.75,936
2026-09-28 14:11:00-04:00,7764.75,7765.5,7763.5,7764.25,554
2026-09-28 14:12:00-04:00,7764.5,7765.5,7763.25,7763.5,929
2026-09-28 14:13:00-04:00,7763.75,7764.0,7762.5,7763.75,319
2026-09-28 14:14:00-04:00,7763.75,7765.75,7763.75,7765.25,341
2026-09-28 14:15:00-04:00,7765.5,7766.5,7764.75,7765.25,868
2026-09-28 14:16:00-04:00,7765.0,7765.5,7764.25,7765.5,587
2026-09-28 14:17:00-04:00,7765.5,7766.0,7762.0,7762.0,610
2026-09-28 14:18:00-04:00,7762.25,7763.25,7761.25,7762.25,1250
2026-09-28 14:19:00-04:00,7762.5,7762.75,7761.0,7761.0,477
2026-09-28 14:20:00-04:00,7761.0,7762.75,7761.0,7762.0,348
2026-09-28 14:21:00-04:00,7762.0,7762.75,7761.5,7762.75,306
2026-09-28 14:22:00-04:00,7762.5,7763.5,7762.25,7762.75,365
2026-09-28 14:23:00-04:00,7763.0,7763.0,7758.75,7758.75,1498
2026-09-28 14:24:00-04:00,7758.75,7759.5,7757.5,7759.5,1479
2026-09-28 14:25:00-04:00,7759.5,7760.25,7759.0,7760.25,1015
2026-09-28 14:26:00-04:00,7760.0,7761.0,7759.5,7760.25,522
2026-09-28 14:27:00-04:00,7760.25,7761.5,7760.25,7760.25,544
2026-09-28 14:28:00-04:00,7760.25,7761.25,7759.75,7760.5,585
2026-09-28 14:29:00-04:00,7760.25,7760.75,7759.25,7760.0,459
2026-09-28 14:30:00-04:00,7760.0,7761.25,7757.25,7759.0,3475
2026-09-28 14:31:00-04:00,7758.75,7758.75,7756.0,7757.5,1780
2026-09-28 14:32:00-04:00,7757.25,7757.75,7756.0,7757.0,858
2026-09-28 14:33:00-04:00,7757.25,7759.0,7756.75,7758.25,1280
2026-09-28 14:34:00-04:00,7758.25,7759.75,7757.5,7758.5,665
2026-09-28 14:35:00-04:00,7758.5,7759.75,7758.25,7759.5,648
2026-09-28 14:36:00-04:00,7759.75,7760.0,7757.75,7759.0,563
2026-09-28 14:37:00-04:00,7759.25,7760.25,7758.75,7759.0,669
2026-09-28 14:38:00-04:00,7759.0,7759.25,7756.5,7757.0,1493
2026-09-28 14:39:00-04:00,7757.0,7757.0,7754.0,7754.75,2421
2026-09-28 14:40:00-04:00,7754.75,7757.25,7753.5,7756.75,1685
2026-09-28 14:41:00-04:00,7756.75,7759.0,7756.5,7758.5,1295
2026-09-28 14:42:00-04:00,7758.5,7759.5,7757.25,7758.5,745
2026-09-28 14:43:00-04:00,7758.75,7760.25,7758.5,7760.25,924
2026-09-28 14:44:00-04:00,7760.25,7762.5,7759.75,7762.25,1639
2026-09-28 14:45:00-04:00,7762.0,7762.25,7760.25,7760.5,805
2026-09-28 14:46:00-04:00,7760.5,7761.25,7759.5,7760.0,659
2026-09-28 14:47:00-04:00,7760.0,7761.0,7758.75,7761.0,493
2026-09-28 14:48:00-04:00,7761.0,7763.0,7758.75,7761.5,3134
2026-09-28 14:49:00-04:00,7761.75,7763.75,7760.25,7762.25,1572
2026-09-28 14:50:00-04:00,7762.25,7763.0,7760.75,7761.0,898
2026-09-28 14:51:00-04:00,7761.25,7761.25,7758.75,7760.75,806
2026-09-28 14:52:00-04:00,7761.0,7762.0,7760.75,7761.25,325
2026-09-28 14:53:00-04:00,7761.0,7764.25,7760.0,7761.0,3902
2026-09-28 14:54:00-04:00,7761.0,7761.5,7758.0,7761.5,1460
2026-09-28 14:55:00-04:00,7761.0,7761.75,7759.5,7760.5,1041
2026-09-28 14:56:00-04:00,7760.5,7761.5,7760.25,7761.0,475
2026-09-28 14:57:00-04:00,7760.75,7761.75,7760.0,7760.25,773
2026-09-28 14:58:00-04:00,7760.25,7762.75,7760.0,7762.0,829
2026-09-28 14:59:00-04:00,7761.75,7762.0,7760.5,7761.0,508
2026-09-28 15:00:00-04:00,7761.0,7761.25,7755.5,7756.5,2011
2026-09-28 15:01:00-04:00,7756.75,7757.0,7755.0,7755.0,977
2026-09-28 15:02:00-04:00,7755.0,7756.0,7753.5,7755.0,3071
2026-09-28 15:03:00-04:00,7755.0,7757.25,7754.5,7756.5,1826
2026-09-28 15:04:00-04:00,7756.5,7757.0,7756.0,7756.5,628
2026-09-28 15:05:00-04:00,7756.5,7757.25,7756.25,7756.5,502
2026-09-28 15:06:00-04:00,7756.5,7757.5,7755.0,7755.25,1361
2026-09-28 15:07:00-04:00,7755.5,7756.0,7753.75,7754.75,1022
2026-09-28 15:08:00-04:00,7754.75,7755.25,7753.75,7754.5,1272
2026-09-28 15:09:00-04:00,7754.5,7755.0,7753.75,7753.75,631
2026-09-28 15:10:00-04:00,7753.75,7754.0,7752.0,7752.5,2288
2026-09-28 15:11:00-04:00,7752.5,7753.5,7751.5,7751.5,995
2026-09-28 15:12:00-04:00,7751.25,7752.0,7750.5,7751.5,1187
2026-09-28 15:13:00-04:00,7751.5,7752.5,7749.25,7749.75,2026
2026-09-28 15:14:00-04:00,7750.0,7750.25,7748.75,7749.25,1307
2026-09-28 15:15:00-04:00,7749.25,7749.5,7747.0,7748.75,2439
2026-09-28 15:16:00-04:00,7749.0,7751.0,7748.25,7748.75,2027
2026-09-28 15:17:00-04:00,7748.75,7750.75,7748.25,7750.5,1558
2026-09-28 15:18:00-04:00,7750.75,7751.75,7750.25,7751.5,1372
2026-09-28 15:19:00-04:00,7751.5,7751.75,7749.25,7750.0,1049
2026-09-28 15:20:00-04:00,7750.25,7751.5,7749.0,7750.25,962
2026-09-28 15:21:00-04:00,7750.0,7752.0,7749.0,7751.25,1036
2026-09-28 15:22:00-04:00,7751.25,7751.5,7749.5,7750.25,493
2026-09-28 15:23:00-04:00,7750.0,7750.75,7749.5,7750.25,531
2026-09-28 15:24:00-04:00,7750.25,7751.5,7749.75,7751.25,489
2026-09-28 15:25:00-04:00,7751.5,7753.5,7750.75,7753.0,2844
2026-09-28 15:26:00-04:00,7752.75,7753.25,7751.0,7752.0,1099
2026-09-28 15:27:00-04:00,7751.75,7752.25,7750.25,7750.75,806
2026-09-28 15:28:00-04:00,7750.75,7752.0,7749.75,7751.5,1752
2026-09-28 15:29:00-04:00,7751.75,7751.75,7749.0,7751.0,1005
2026-09-28 15:30:00-04:00,7751.0,7751.5,7747.75,7747.75,1384
2026-09-28 15:31:00-04:00,7748.0,7749.25,7747.75,7748.75,958
2026-09-28 15:32:00-04:00,7749.0,7751.25,7746.25,7749.0,3303
2026-09-28 15:33:00-04:00,7748.75,7751.0,7747.0,7749.0,1960
2026-09-28 15:34:00-04:00,7748.75,7751.0,7747.75,7749.75,1002
2026-09-28 15:35:00-04:00,7749.75,7751.5,7748.75,7749.5,1044
2026-09-28 15:36:00-04:00,7749.25,7749.25,7746.75,7747.25,898
2026-09-28 15:37:00-04:00,7747.5,7747.75,7745.5,7746.25,1328
2026-09-28 15:38:00-04:00,7746.5,7746.75,7743.75,7744.5,1805
2026-09-28 15:39:00-04:00,7744.5,7744.5,7742.0,7743.0,2046
2026-09-28 15:40:00-04:00,7743.0,7744.0,7742.25,7742.5,1460
2026-09-28 15:41:00-04:00,7742.75,7745.25,7742.5,7744.5,1710
2026-09-28 15:42:00-04:00,7744.75,7746.5,7743.5,7745.75,1482
2026-09-28 15:43:00-04:00,7746.0,7747.0,7744.5,7745.0,1240
2026-09-28 15:44:00-04:00,7745.0,7746.0,7744.75,7745.5,589
2026-09-28 15:45:00-04:00,7745.5,7747.0,7745.5,7746.5,1488
2026-09-28 15:46:00-04:00,7746.25,7748.0,7746.25,7747.5,1268
2026-09-28 15:47:00-04:00,7747.5,7748.25,7746.5,7747.5,708
2026-09-28 15:48:00-04:00,7747.5,7747.5,7744.75,7746.0,1663
2026-09-28 15:49:00-04:00,7745.75,7746.25,7743.0,7744.0,1386
2026-09-28 15:50:00-04:00,7744.0,7746.25,7741.25,7742.5,5284
2026-09-28 15:51:00-04:00,7742.75,7746.0,7742.5,7745.25,1037
2026-09-28 15:52:00-04:00,7745.0,7745.0,7742.25,7743.75,1325
2026-09-28 15:53:00-04:00,7743.5,7744.25,7742.5,7743.0,947
2026-09-28 15:54:00-04:00,7742.75,7742.75,7739.5,7739.5,3289
2026-09-28 15:55:00-04:00,7739.75,7742.0,7739.25,7740.5,3358
2026-09-28 15:56:00-04:00,7740.25,7743.5,7740.0,7743.0,1640
2026-09-28 15:57:00-04:00,7742.75,7745.0,7742.25,7745.0,1765
2026-09-28 15:58:00-04:00,7745.0,7747.5,7744.25,7747.5,4084
2026-09-28 15:59:00-04:00,7747.5,7748.25,7743.5,7746.5,17355
2026-09-28 16:00:00-04:00,7746.25,7748.0,7745.5,7747.0,3423
2026-09-28 16:01:00-04:00,7747.0,7748.25,7746.5,7747.0,942
2026-09-28 16:02:00-04:00,7746.75,7747.5,7746.25,7747.25,319
2026-09-28 16:03:00-04:00,7747.5,7748.25,7746.5,7746.5,303
2026-09-28 16:04:00-04:00,7746.75,7749.0,7746.5,7747.75,630
2026-09-28 16:05:00-04:00,7748.0,7748.0,7744.75,7746.0,958
2026-09-28 16:06:00-04:00,7746.0,7747.75,7745.75,7747.25,277
2026-09-28 16:07:00-04:00,7747.0,7747.25,7745.75,7746.25,171
2026-09-28 16:08:00-04:00,7745.75,7746.0,7743.25,7743.75,528
2026-09-28 16:09:00-04:00,7743.75,7745.25,7743.25,7745.0,466
2026-09-28 16:10:00-04:00,7745.25,7745.5,7744.0,7744.75,251
2026-09-28 16:11:00-04:00,7744.5,7745.0,7743.75,7743.75,226
2026-09-28 16:12:00-04:00,7743.75,7744.0,7742.75,7743.5,297
2026-09-28 16:13:00-04:00,7743.5,7744.5,7743.0,7744.25,305
2026-09-28 16:14:00-04:00,7744.25,7744.75,7743.5,7744.0,306
2026-09-28 16:15:00-04:00,7744.0,7744.25,7742.5,7743.25,289
2026-09-28 16:16:00-04:00,7743.25,7743.25,7742.5,7743.0,144
2026-09-28 16:17:00-04:00,7743.0,7743.75,7742.75,7743.5,169
2026-09-28 16:18:00-04:00,7743.75,7744.0,7743.25,7744.0,138
2026-09-28 16:19:00-04:00,7744.0,7744.75,7744.0,7744.75,166
2026-09-28 16:20:00-04:00,7744.5,7745.25,7744.5,7745.25,166
2026-09-28 16:21:00-04:00,7745.0,7745.25,7744.0,7744.75,598
2026-09-28 16:22:00-04:00,7744.5,7745.25,7744.5,7745.25,89
2026-09-28 16:23:00-04:00,7745.0,7745.5,7745.0,7745.0,75
2026-09-28 16:24:00-04:00,7745.25,7745.25,7744.5,7744.75,112
2026-09-28 16:25:00-04:00,7744.75,7745.25,7744.5,7745.25,105
2026-09-28 16:26:00-04:00,7745.25,7745.5,7745.0,7745.5,87
2026-09-28 16:27:00-04:00,7745.5,7746.25,7745.25,7746.0,231
2026-09-28 16:28:00-04:00,7746.0,7746.0,7745.0,7745.25,104
2026-09-28 16:29:00-04:00,7745.25,7746.25,7745.25,7745.5,152
2026-09-28 16:30:00-04:00,7745.75,7745.75,7744.75,7744.75,124
2026-09-28 16:31:00-04:00,7745.0,7745.0,7744.25,7744.5,142
2026-09-28 16:32:00-04:00,7744.5,7744.75,7744.25,7744.25,145
2026-09-28 16:33:00-04:00,7744.5,7745.0,7744.5,7745.0,108
2026-09-28 16:34:00-04:00,7745.25,7745.75,7744.75,7744.75,80
2026-09-28 16:35:00-04:00,7745.0,7745.0,7744.5,7744.5,68
2026-09-28 16:36:00-04:00,7744.5,7745.0,7744.5,7744.5,25
2026-09-28 16:37:00-04:00,7744.75,7745.0,7744.25,7744.5,165
2026-09-28 16:38:00-04:00,7745.0,7745.0,7744.25,7744.75,54
2026-09-28 16:39:00-04:00,7744.5,7745.0,7744.5,7744.75,51
2026-09-28 16:40:00-04:00,7744.25,7745.0,7744.25,7744.5,113
2026-09-28 16:41:00-04:00,7744.75,7745.0,7744.25,7744.5,110
2026-09-28 16:42:00-04:00,7744.75,7745.0,7743.75,7744.25,367
2026-09-28 16:43:00-04:00,7744.25,7744.5,7743.75,7744.25,117
2026-09-28 16:44:00-04:00,7744.0,7744.25,7743.25,7743.25,197
2026-09-28 16:45:00-04:00,7743.25,7743.75,7743.0,7743.25,238
2026-09-28 16:46:00-04:00,7743.5,7743.75,7742.75,7743.25,141
2026-09-28 16:47:00-04:00,7743.5,7743.5,7742.75,7743.0,49
2026-09-28 16:48:00-04:00,7743.0,7743.0,7742.25,7742.5,175
2026-09-28 16:49:00-04:00,7742.5,7742.5,7742.0,7742.25,103
2026-09-28 16:50:00-04:00,7742.5,7742.5,7741.5,7742.0,147
2026-09-28 16:51:00-04:00,7741.75,7741.75,7740.5,7741.0,197
2026-09-28 16:52:00-04:00,7741.0,7741.5,7740.75,7741.0,55
2026-09-28 16:53:00-04:00,7741.25,7742.0,7741.0,7741.5,136
2026-09-28 16:54:00-04:00,7741.5,7743.0,7741.25,7743.0,318
2026-09-28 16:55:00-04:00,7743.0,7745.0,7742.75,7745.0,598
2026-09-28 16:56:00-04:00,7745.0,7746.25,7744.5,7746.25,451
2026-09-28 16:57:00-04:00,7746.25,7746.75,7745.25,7745.5,379
2026-09-28 16:58:00-04:00,7745.25,7747.25,7745.25,7747.25,229
2026-09-28 16:59:00-04:00,7747.0,7748.0,7746.0,7746.0,309
2026-09-28 18:00:00-04:00,7746.75,7749.0,7744.25,7744.25,0
2026-09-28 18:01:00-04:00,7744.25,7745.0,7743.0,7744.5,281
2026-09-28 18:02:00-04:00,7744.25,7744.5,7743.0,7744.25,110
2026-09-28 18:03:00-04:00,7744.25,7744.75,7742.25,7742.5,122
2026-09-28 18:04:00-04:00,7742.25,7744.5,7741.5,7743.0,201
2026-09-28 18:05:00-04:00,7743.0,7744.0,7742.0,7743.5,187
2026-09-28 18:06:00-04:00,7743.5,7747.5,7743.5,7747.5,350
2026-09-28 18:07:00-04:00,7747.5,7749.5,7747.5,7749.0,289
2026-09-28 18:08:00-04:00,7749.5,7749.75,7748.5,7749.25,233
2026-09-28 18:09:00-04:00,7749.5,7749.5,7748.0,7749.25,125
2026-09-28 18:10:00-04:00,7749.0,7750.5,7748.5,7748.75,154
2026-09-28 18:11:00-04:00,7748.75,7749.75,7747.75,7749.75,114
2026-09-28 18:12:00-04:00,7749.5,7750.25,7749.0,7750.25,100
2026-09-28 18:13:00-04:00,7750.0,7751.5,7750.0,7751.25,172
2026-09-28 18:14:00-04:00,7751.25,7752.75,7750.5,7751.0,452
2026-09-28 18:15:00-04:00,7751.0,7751.75,7750.0,7750.25,259
2026-09-28 18:16:00-04:00,7750.25,7753.0,7750.25,7752.25,203
2026-09-28 18:17:00-04:00,7752.25,7752.5,7749.5,7751.5,679
2026-09-28 18:18:00-04:00,7751.25,7752.0,7750.25,7750.75,110
2026-09-28 18:19:00-04:00,7750.75,7751.5,7750.5,7751.0,48
2026-09-28 18:20:00-04:00,7750.75,7751.0,7750.0,7750.75,63
2026-09-28 18:21:00-04:00,7750.5,7751.25,7750.25,7750.75,113
2026-09-28 18:22:00-04:00,7751.25,7751.25,7749.25,7749.75,105
2026-09-28 18:23:00-04:00,7749.75,7750.25,7749.25,7749.75,107
2026-09-28 18:24:00-04:00,7749.75,7750.25,7749.75,7750.0,63
2026-09-28 18:25:00-04:00,7749.75,7750.0,7749.25,7749.25,146
2026-09-28 18:26:00-04:00,7749.75,7750.75,7749.25,7750.75,210
2026-09-28 18:27:00-04:00,7750.75,7751.25,7750.25,7751.25,71
2026-09-28 18:28:00-04:00,7751.0,7751.25,7751.0,7751.0,32
2026-09-28 18:29:00-04:00,7751.0,7751.75,7750.5,7751.25,91
2026-09-28 18:30:00-04:00,7751.0,7751.25,7750.0,7750.25,100
2026-09-28 18:31:00-04:00,7750.25,7750.25,7749.25,7749.25,124
2026-09-28 18:32:00-04:00,7749.25,7750.75,7749.25,7750.5,87
2026-09-28 18:33:00-04:00,7750.25,7750.5,7749.75,7749.75,46
2026-09-28 18:34:00-04:00,7749.75,7750.0,7749.5,7749.75,37
2026-09-28 18:35:00-04:00,7750.0,7750.0,7749.25,7749.5,38
2026-09-28 18:36:00-04:00,7749.75,7749.75,7749.25,7749.5,50
2026-09-28 18:37:00-04:00,7749.25,7750.75,7749.25,7750.25,78
2026-09-28 18:38:00-04:00,7750.5,7750.75,7749.75,7750.0,62
2026-09-28 18:39:00-04:00,7750.0,7750.0,7749.5,7749.75,5
2026-09-28 18:40:00-04:00,7749.75,7750.0,7749.25,7749.75,33
2026-09-28 18:41:00-04:00,7749.75,7750.0,7749.5,7749.5,20
2026-09-28 18:42:00-04:00,7749.75,7750.0,7749.5,7749.5,41
2026-09-28 18:43:00-04:00,7749.25,7750.0,7749.25,7749.75,102
2026-09-28 18:44:00-04:00,7749.75,7750.0,7749.25,7749.25,17
2026-09-28 18:45:00-04:00,7749.25,7750.0,7749.25,7750.0,24
2026-09-28 18:46:00-04:00,7750.0,7750.0,7749.5,7750.0,48
2026-09-28 18:47:00-04:00,7749.75,7749.75,7749.25,7749.5,32
2026-09-28 18:48:00-04:00,7749.5,7749.5,7749.0,7749.5,66
2026-09-28 18:49:00-04:00,7749.25,7749.75,7748.75,7749.5,98
2026-09-28 18:50:00-04:00,7749.5,7750.25,7749.5,7750.25,37
2026-09-28 18:51:00-04:00,7750.0,7750.5,7749.75,7750.0,80
2026-09-28 18:52:00-04:00,7750.0,7750.25,7749.5,7750.0,67
2026-09-28 18:53:00-04:00,7749.5,7750.0,7749.5,7749.75,59
2026-09-28 18:54:00-04:00,7749.75,7749.75,7749.5,7749.5,9
2026-09-28 18:55:00-04:00,7749.75,7749.75,7749.5,7749.75,19
2026-09-28 18:56:00-04:00,7749.5,7749.75,7749.25,7749.75,22
2026-09-28 18:57:00-04:00,7749.75,7750.0,7749.5,7749.75,41
2026-09-28 18:58:00-04:00,7749.75,7749.75,7749.25,7749.5,37
2026-09-28 18:59:00-04:00,7749.25,7750.5,7749.25,7750.0,95
2026-09-28 19:00:00-04:00,7750.0,7750.75,7749.75,7750.0,145
2026-09-28 19:01:00-04:00,7749.75,7750.0,7749.25,7749.75,49
2026-09-28 19:02:00-04:00,7749.5,7749.75,7748.75,7749.5,64
2026-09-28 19:03:00-04:00,7749.25,7749.75,7749.25,7749.75,29
2026-09-28 19:04:00-04:00,7749.75,7750.0,7749.0,7749.25,35
2026-09-28 19:05:00-04:00,7749.25,7749.75,7749.25,7749.5,41
2026-09-28 19:06:00-04:00,7749.5,7749.75,7749.25,7749.5,8
2026-09-28 19:07:00-04:00,7749.5,7749.75,7749.25,7749.25,21
2026-09-28 19:08:00-04:00,7749.25,7750.0,7749.0,7749.75,89
2026-09-28 19:09:00-04:00,7749.75,7750.5,7749.75,7750.25,88
2026-09-28 19:10:00-04:00,7750.0,7750.5,7750.0,7750.0,60
2026-09-28 19:11:00-04:00,7750.25,7750.25,7749.75,7750.0,46
2026-09-28 19:12:00-04:00,7749.75,7750.0,7749.5,7750.0,34
2026-09-28 19:13:00-04:00,7750.0,7750.0,7749.0,7749.25,78
2026-09-28 19:14:00-04:00,7749.0,7749.25,7748.75,7749.0,110
2026-09-28 19:15:00-04:00,7749.25,7749.75,7749.0,7749.75,40
2026-09-28 19:16:00-04:00,7749.5,7749.75,7749.25,7749.75,43
2026-09-28 19:17:00-04:00,7749.75,7750.0,7749.5,7749.75,97
2026-09-28 19:18:00-04:00,7749.75,7750.5,7749.5,7750.5,97
2026-09-28 19:19:00-04:00,7750.5,7750.5,7749.5,7749.5,70
2026-09-28 19:20:00-04:00,7749.5,7750.25,7749.5,7750.0,47
2026-09-28 19:21:00-04:00,7750.0,7750.25,7749.5,7749.75,53
2026-09-28 19:22:00-04:00,7749.75,7750.5,7749.75,7750.25,83
2026-09-28 19:23:00-04:00,7750.5,7751.75,7750.5,7751.25,183
2026-09-28 19:24:00-04:00,7751.5,7752.0,7751.25,7751.5,115
2026-09-28 19:25:00-04:00,7751.25,7751.25,7750.75,7751.0,72
2026-09-28 19:26:00-04:00,7751.25,7751.25,7750.5,7750.75,39
2026-09-28 19:27:00-04:00,7751.0,7751.25,7750.75,7751.0,37
2026-09-28 19:28:00-04:00,7750.75,7751.0,7750.25,7751.0,45
2026-09-28 19:29:00-04:00,7751.0,7751.25,7750.75,7751.25,26
2026-09-28 19:30:00-04:00,7751.0,7751.25,7750.25,7750.5,132
2026-09-28 19:31:00-04:00,7750.5,7750.75,7749.5,7749.5,258
2026-09-28 19:32:00-04:00,7749.75,7750.25,7749.75,7750.0,79
2026-09-28 19:33:00-04:00,7749.75,7750.0,7749.75,7749.75,40
2026-09-28 19:34:00-04:00,7749.75,7749.75,7749.0,7749.75,145
2026-09-28 19:35:00-04:00,7749.75,7750.0,7749.5,7750.0,26
2026-09-28 19:36:00-04:00,7749.5,7750.25,7748.25,7748.5,195
2026-09-28 19:37:00-04:00,7748.5,7748.75,7748.25,7748.75,96
2026-09-28 19:38:00-04:00,7748.75,7749.75,7748.75,7749.75,104
2026-09-28 19:39:00-04:00,7750.0,7750.5,7749.75,7750.5,66
2026-09-28 19:40:00-04:00,7750.25,7751.25,7750.25,7751.0,111
2026-09-28 19:41:00-04:00,7751.0,7751.0,7750.5,7750.75,46
2026-09-28 19:42:00-04:00,7751.0,7751.0,7749.75,7749.75,102
2026-09-28 19:43:00-04:00,7749.75,7750.0,7749.75,7749.75,15
2026-09-28 19:44:00-04:00,7749.5,7750.25,7749.5,7750.0,26
2026-09-28 19:45:00-04:00,7750.0,7750.25,7746.75,7747.0,478
2026-09-28 19:46:00-04:00,7747.0,7748.0,7746.5,7747.25,369
2026-09-28 19:47:00-04:00,7747.75,7748.0,7747.25,7747.75,76
2026-09-28 19:48:00-04:00,7748.0,7748.0,7745.5,7745.5,281
2026-09-28 19:49:00-04:00,7745.75,7746.75,7745.25,7746.75,190
2026-09-28 19:50:00-04:00,7746.5,7747.25,7746.0,7747.0,113
2026-09-28 19:51:00-04:00,7747.0,7748.0,7747.0,7747.0,129
2026-09-28 19:52:00-04:00,7747.25,7748.5,7747.25,7748.0,110
2026-09-28 19:53:00-04:00,7748.0,7748.25,7747.75,7748.25,28
2026-09-28 19:54:00-04:00,7748.25,7750.75,7748.25,7750.75,283
2026-09-28 19:55:00-04:00,7750.75,7751.0,7749.75,7750.0,176
2026-09-28 19:56:00-04:00,7750.25,7750.75,7749.75,7750.25,85
2026-09-28 19:57:00-04:00,7750.0,7750.5,7749.75,7749.75,71
2026-09-28 19:58:00-04:00,7749.75,7750.5,7749.5,7750.0,54
2026-09-28 19:59:00-04:00,7749.75,7749.75,7747.5,7747.5,354
2026-09-28 20:00:00-04:00,7747.5,7748.5,7745.25,7746.5,890
2026-09-28 20:01:00-04:00,7746.5,7748.5,7746.0,7747.75,462
2026-09-28 20:02:00-04:00,7747.75,7750.75,7747.75,7749.75,593
2026-09-28 20:03:00-04:00,7749.75,7749.75,7746.75,7747.25,354
2026-09-28 20:04:00-04:00,7747.5,7750.5,7747.0,7750.25,299
2026-09-28 20:05:00-04:00,7750.0,7751.5,7748.5,7748.75,330
2026-09-28 20:06:00-04:00,7749.0,7750.5,7747.25,7749.0,292
2026-09-28 20:07:00-04:00,7749.25,7750.0,7748.25,7748.25,102
2026-09-28 20:08:00-04:00,7748.25,7751.0,7748.25,7750.5,122
2026-09-28 20:09:00-04:00,7750.75,7751.25,7749.75,7749.75,167
2026-09-28 20:10:00-04:00,7749.75,7750.0,7746.75,7748.25,467
2026-09-28 20:11:00-04:00,7748.0,7748.25,7746.5,7747.25,211
2026-09-28 20:12:00-04:00,7747.75,7748.0,7746.0,7747.0,270
2026-09-28 20:13:00-04:00,7747.0,7749.75,7746.5,7747.75,378
2026-09-28 20:14:00-04:00,7747.5,7748.75,7747.0,7748.0,137
2026-09-28 20:15:00-04:00,7748.0,7749.0,7743.5,7743.5,696
2026-09-28 20:16:00-04:00,7743.5,7744.25,7742.75,7742.75,363
2026-09-28 20:17:00-04:00,7743.0,7743.25,7740.25,7740.75,688
2026-09-28 20:18:00-04:00,7740.5,7741.0,7739.25,7740.75,537
2026-09-28 20:19:00-04:00,7740.5,7742.5,7740.25,7741.5,405
2026-09-28 20:20:00-04:00,7741.5,7742.75,7740.25,7742.0,429
2026-09-28 20:21:00-04:00,7742.0,7742.75,7740.75,7740.75,270
2026-09-28 20:22:00-04:00,7741.0,7741.75,7740.75,7741.5,156
2026-09-28 20:23:00-04:00,7741.75,7741.75,7739.25,7739.5,343
2026-09-28 20:24:00-04:00,7739.5,7740.75,7739.5,7740.5,232
2026-09-28 20:25:00-04:00,7740.0,7741.25,7739.75,7740.25,221
2026-09-28 20:26:00-04:00,7740.25,7741.5,7740.0,7741.25,175
2026-09-28 20:27:00-04:00,7741.5,7741.75,7740.25,7741.75,244
2026-09-28 20:28:00-04:00,7741.75,7743.0,7741.25,7743.0,368
2026-09-28 20:29:00-04:00,7743.0,7743.0,7740.5,7740.75,244
2026-09-28 20:30:00-04:00,7740.75,7742.0,7740.5,7741.0,154
2026-09-28 20:31:00-04:00,7741.0,7741.75,7738.5,7739.75,760
2026-09-28 20:32:00-04:00,7739.75,7741.5,7739.0,7741.25,319
2026-09-28 20:33:00-04:00,7741.25,7741.75,7740.25,7741.75,242
2026-09-28 20:34:00-04:00,7741.5,7742.5,7740.25,7742.25,228
2026-09-28 20:35:00-04:00,7742.5,7743.75,7741.25,7743.25,310
2026-09-28 20:36:00-04:00,7743.0,7744.25,7742.75,7744.25,206
2026-09-28 20:37:00-04:00,7743.75,7743.75,7742.75,7743.5,163
2026-09-28 20:38:00-04:00,7743.25,7743.5,7741.75,7741.75,150
2026-09-28 20:39:00-04:00,7742.0,7742.5,7741.25,7741.5,96
2026-09-28 20:40:00-04:00,7741.5,7741.75,7740.75,7741.25,156
2026-09-28 20:41:00-04:00,7741.5,7742.5,7741.25,7741.25,122
2026-09-28 20:42:00-04:00,7741.25,7742.75,7741.25,7742.0,57
2026-09-28 20:43:00-04:00,7742.5,7742.75,7741.75,7742.0,48
2026-09-28 20:44:00-04:00,7742.0,7743.0,7741.75,7742.0,78
2026-09-28 20:45:00-04:00,7741.75,7741.75,7739.0,7740.0,398
2026-09-28 20:46:00-04:00,7739.5,7739.75,7738.0,7738.5,460
2026-09-28 20:47:00-04:00,7738.5,7739.5,7738.5,7738.75,88
2026-09-28 20:48:00-04:00,7738.75,7740.0,7738.75,7739.25,103
2026-09-28 20:49:00-04:00,7739.0,7739.5,7736.25,7736.75,600
2026-09-28 20:50:00-04:00,7736.75,7737.25,7736.25,7737.0,241
2026-09-28 20:51:00-04:00,7736.75,7737.75,7736.0,7736.5,288
2026-09-28 20:52:00-04:00,7736.75,7737.0,7736.0,7736.5,183
2026-09-28 20:53:00-04:00,7736.75,7737.0,7736.25,7736.75,141
2026-09-28 20:54:00-04:00,7736.75,7737.75,7736.75,7737.5,130
2026-09-28 20:55:00-04:00,7737.5,7739.0,7737.25,7738.5,306
2026-09-28 20:56:00-04:00,7738.5,7739.0,7738.0,7738.25,183
2026-09-28 20:57:00-04:00,7738.75,7738.75,7736.25,7736.75,215
2026-09-28 20:58:00-04:00,7737.25,7738.25,7736.5,7737.5,161
2026-09-28 20:59:00-04:00,7737.75,7738.25,7735.5,7735.5,274
2026-09-28 21:00:00-04:00,7735.5,7738.25,7734.75,7737.75,718
2026-09-28 21:01:00-04:00,7737.75,7738.25,7737.0,7737.5,312
2026-09-28 21:02:00-04:00,7737.75,7739.75,7737.75,7739.25,320
2026-09-28 21:03:00-04:00,7739.25,7739.75,7738.25,7738.25,261
2026-09-28 21:04:00-04:00,7738.0,7739.5,7737.5,7737.75,237
2026-09-28 21:05:00-04:00,7737.5,7737.5,7735.5,7736.75,290
2026-09-28 21:06:00-04:00,7737.0,7737.5,7736.0,7736.0,167
2026-09-28 21:07:00-04:00,7736.25,7736.25,7734.0,7735.0,466
2026-09-28 21:08:00-04:00,7735.0,7736.0,7734.0,7734.25,275
2026-09-28 21:09:00-04:00,7734.25,7737.25,7734.25,7736.25,372
2026-09-28 21:10:00-04:00,7736.25,7736.25,7735.25,7735.5,114
2026-09-28 21:11:00-04:00,7735.25,7736.0,7733.5,7733.75,387
2026-09-28 21:12:00-04:00,7733.75,7735.5,7733.75,7735.5,430
2026-09-28 21:13:00-04:00,7735.25,7735.25,7734.0,7734.25,313
2026-09-28 21:14:00-04:00,7734.5,7735.5,7734.25,7734.5,161
2026-09-28 21:15:00-04:00,7734.5,7735.75,7733.75,7735.0,146
2026-09-28 21:16:00-04:00,7735.25,7735.5,7734.0,7734.25,148
2026-09-28 21:17:00-04:00,7734.25,7734.25,7732.25,7732.75,406
2026-09-28 21:18:00-04:00,7732.75,7733.25,7731.5,7731.75,446
2026-09-28 21:19:00-04:00,7731.75,7731.75,7729.5,7729.75,1414
2026-09-28 21:20:00-04:00,7729.5,7733.75,7729.25,7733.75,654
2026-09-28 21:21:00-04:00,7733.75,7734.75,7733.25,7734.0,540
2026-09-28 21:22:00-04:00,7734.25,7735.75,7733.5,7735.0,333
2026-09-28 21:23:00-04:00,7735.25,7735.5,7733.75,7734.25,213
2026-09-28 21:24:00-04:00,7734.25,7735.5,7733.75,7734.0,332
2026-09-28 21:25:00-04:00,7733.75,7735.25,7733.75,7735.25,224
2026-09-28 21:26:00-04:00,7735.25,7736.0,7733.75,7733.75,326
2026-09-28 21:27:00-04:00,7733.75,7735.0,7733.5,7734.25,181
2026-09-28 21:28:00-04:00,7734.25,7735.25,7733.75,7735.0,137
2026-09-28 21:29:00-04:00,7735.0,7735.75,7734.5,7735.5,123
2026-09-28 21:30:00-04:00,7735.5,7738.5,7734.75,7738.0,667
2026-09-28 21:31:00-04:00,7738.25,7739.5,7737.5,7737.5,451
2026-09-28 21:32:00-04:00,7737.5,7738.0,7735.25,7736.75,373
2026-09-28 21:33:00-04:00,7737.0,7737.25,7735.5,7736.0,192
2026-09-28 21:34:00-04:00,7736.0,7736.75,7735.25,7736.25,172
2026-09-28 21:35:00-04:00,7736.25,7736.25,7735.0,7736.0,160
2026-09-28 21:36:00-04:00,7736.0,7736.0,7735.25,7735.75,110
2026-09-28 21:37:00-04:00,7735.75,7737.25,7735.0,7736.0,282
2026-09-28 21:38:00-04:00,7735.75,7737.0,7735.75,7736.5,109
2026-09-28 21:39:00-04:00,7736.5,7737.25,7736.25,7736.25,165
2026-09-28 21:40:00-04:00,7736.25,7737.75,7735.5,7737.5,217
2026-09-28 21:41:00-04:00,7737.5,7737.75,7736.25,7737.0,147
2026-09-28 21:42:00-04:00,7737.0,7737.5,7736.25,7736.25,97
2026-09-28 21:43:00-04:00,7736.25,7737.0,7735.25,7736.5,118
2026-09-28 21:44:00-04:00,7736.5,7737.25,7735.5,7736.25,158
2026-09-28 21:45:00-04:00,7736.25,7737.0,7735.75,7736.75,106
2026-09-28 21:46:00-04:00,7736.75,7737.0,7734.75,7734.75,163
2026-09-28 21:47:00-04:00,7735.25,7736.25,7734.75,7735.5,148
2026-09-28 21:48:00-04:00,7735.5,7736.0,7734.75,7734.75,85
2026-09-28 21:49:00-04:00,7735.0,7736.0,7734.75,7734.75,98
2026-09-28 21:50:00-04:00,7735.0,7735.5,7734.0,7734.75,114
2026-09-28 21:51:00-04:00,7734.75,7736.0,7734.5,7735.0,124
2026-09-28 21:52:00-04:00,7735.25,7736.75,7735.0,7736.75,124
2026-09-28 21:53:00-04:00,7736.75,7737.0,7736.0,7736.25,135
2026-09-28 21:54:00-04:00,7736.0,7736.25,7735.75,7736.0,50
2026-09-28 21:55:00-04:00,7736.25,7736.25,7735.25,7735.5,98
2026-09-28 21:56:00-04:00,7735.25,7736.75,7735.25,7736.5,96
2026-09-28 21:57:00-04:00,7736.75,7736.75,7735.75,7736.0,93
2026-09-28 21:58:00-04:00,7736.25,7736.75,7735.5,7736.0,64
2026-09-28 21:59:00-04:00,7736.0,7736.5,7736.0,7736.25,52
2026-09-28 22:00:00-04:00,7736.5,7737.0,7736.25,7737.0,100
2026-09-28 22:01:00-04:00,7736.75,7736.75,7735.25,7735.75,143
2026-09-28 22:02:00-04:00,7735.75,7736.25,7735.5,7736.0,77
2026-09-28 22:03:00-04:00,7736.0,7736.0,7735.5,7735.75,56
2026-09-28 22:04:00-04:00,7736.0,7737.0,7735.75,7735.75,131
2026-09-28 22:05:00-04:00,7735.5,7735.75,7735.0,7735.5,72
2026-09-28 22:06:00-04:00,7735.5,7735.5,7733.75,7735.0,272
2026-09-28 22:07:00-04:00,7734.75,7735.25,7734.25,7734.25,171
2026-09-28 22:08:00-04:00,7734.25,7735.5,7734.0,7735.0,157
2026-09-28 22:09:00-04:00,7735.0,7735.5,7734.5,7735.0,136
2026-09-28 22:10:00-04:00,7734.75,7735.25,7734.25,7734.75,132
2026-09-28 22:11:00-04:00,7735.0,7735.5,7735.0,7735.25,74
2026-09-28 22:12:00-04:00,7735.25,7737.25,7735.0,7736.75,201
2026-09-28 22:13:00-04:00,7736.75,7738.75,7736.5,7738.75,299
2026-09-28 22:14:00-04:00,7738.75,7739.5,7737.5,7737.5,343
2026-09-28 22:15:00-04:00,7737.75,7738.0,7735.75,7736.75,293
2026-09-28 22:16:00-04:00,7736.75,7737.0,7736.0,7737.0,114
2026-09-28 22:17:00-04:00,7736.75,7737.25,7736.0,7737.25,154
2026-09-28 22:18:00-04:00,7737.25,7740.25,7737.0,7739.25,434
2026-09-28 22:19:00-04:00,7739.25,7740.75,7739.0,7740.5,270
2026-09-28 22:20:00-04:00,7740.5,7740.75,7739.5,7739.5,245
2026-09-28 22:21:00-04:00,7739.5,7739.5,7737.25,7737.75,241
2026-09-28 22:22:00-04:00,7737.75,7738.0,7735.5,7736.75,389
2026-09-28 22:23:00-04:00,7737.25,7738.0,7737.25,7737.25,149
2026-09-28 22:24:00-04:00,7737.25,7738.0,7737.0,7737.25,96
2026-09-28 22:25:00-04:00,7737.0,7737.25,7736.0,7737.0,108
2026-09-28 22:26:00-04:00,7737.25,7737.5,7736.5,7736.5,95
2026-09-28 22:27:00-04:00,7736.5,7737.0,7735.5,7735.75,110
2026-09-28 22:28:00-04:00,7735.5,7736.25,7735.25,7735.5,172
2026-09-28 22:29:00-04:00,7735.5,7737.25,7735.5,7737.25,97
2026-09-28 22:30:00-04:00,7737.25,7738.0,7736.5,7736.5,119
2026-09-28 22:31:00-04:00,7736.5,7736.5,7734.25,7734.75,325
2026-09-28 22:32:00-04:00,7734.5,7734.75,7732.5,7732.75,473
2026-09-28 22:33:00-04:00,7732.75,7733.5,7732.5,7733.25,172
2026-09-28 22:34:00-04:00,7733.5,7734.25,7733.25,7734.0,81
2026-09-28 22:35:00-04:00,7734.0,7734.25,7733.0,7733.25,102
2026-09-28 22:36:00-04:00,7733.0,7733.75,7732.5,7733.25,146
2026-09-28 22:37:00-04:00,7733.0,7734.0,7733.0,7733.5,100
2026-09-28 22:38:00-04:00,7733.75,7734.5,7733.25,7734.5,91
2026-09-28 22:39:00-04:00,7734.75,7735.75,7734.5,7735.0,175
2026-09-28 22:40:00-04:00,7735.0,7735.0,7733.75,7733.75,72
2026-09-28 22:41:00-04:00,7733.5,7734.0,7733.0,7733.75,89
2026-09-28 22:42:00-04:00,7734.0,7734.0,7731.75,7732.0,140
2026-09-28 22:43:00-04:00,7732.0,7733.75,7732.0,7733.5,104
2026-09-28 22:44:00-04:00,7733.25,7733.75,7732.75,7733.75,80
2026-09-28 22:45:00-04:00,7733.5,7734.25,7733.0,7734.0,51
2026-09-28 22:46:00-04:00,7734.0,7735.0,7733.75,7734.25,62
2026-09-28 22:47:00-04:00,7734.0,7734.25,7733.75,7734.0,20
2026-09-28 22:48:00-04:00,7734.25,7734.25,7732.75,7733.25,77
2026-09-28 22:49:00-04:00,7733.25,7733.5,7732.5,7732.75,108
2026-09-28 22:50:00-04:00,7732.5,7733.0,7732.25,7732.5,78
2026-09-28 22:51:00-04:00,7732.25,7732.25,7729.25,7729.5,762
2026-09-28 22:52:00-04:00,7729.5,7730.0,7728.5,7728.5,415
2026-09-28 22:53:00-04:00,7728.5,7729.25,7727.5,7727.75,356
2026-09-28 22:54:00-04:00,7728.25,7728.25,7727.5,7727.75,140
2026-09-28 22:55:00-04:00,7728.0,7728.75,7727.5,7728.5,181
2026-09-28 22:56:00-04:00,7728.5,7729.0,7727.75,7728.75,165
2026-09-28 22:57:00-04:00,7728.75,7730.75,7728.5,7730.0,268
2026-09-28 22:58:00-04:00,7729.75,7731.0,7729.25,7730.75,143
2026-09-28 22:59:00-04:00,7730.5,7731.25,7730.0,7731.0,118
2026-09-28 23:00:00-04:00,7731.0,7732.0,7730.75,7732.0,156
2026-09-28 23:01:00-04:00,7731.75,7733.0,7731.25,7732.25,181
2026-09-28 23:02:00-04:00,7732.25,7732.5,7731.5,7732.25,84
2026-09-28 23:03:00-04:00,7732.25,7732.75,7731.0,7731.0,197
2026-09-28 23:04:00-04:00,7731.0,7731.0,7728.0,7728.25,311
2026-09-28 23:05:00-04:00,7728.75,7728.75,7727.75,7727.75,150
2026-09-28 23:06:00-04:00,7727.75,7729.25,7727.75,7729.0,142
2026-09-28 23:07:00-04:00,7729.0,7729.25,7728.25,7729.25,87
2026-09-28 23:08:00-04:00,7729.0,7729.25,7727.75,7728.0,88
2026-09-28 23:09:00-04:00,7728.25,7728.25,7726.75,7728.0,298
2026-09-28 23:10:00-04:00,7727.75,7728.5,7727.25,7728.0,152
2026-09-28 23:11:00-04:00,7727.75,7728.5,7727.0,7727.5,147
2026-09-28 23:12:00-04:00,7727.25,7728.75,7727.25,7727.25,144
2026-09-28 23:13:00-04:00,7727.25,7727.75,7726.25,7726.25,375
2026-09-28 23:14:00-04:00,7726.25,7726.75,7725.25,7726.5,856
2026-09-28 23:15:00-04:00,7726.5,7727.25,7726.25,7727.25,237
2026-09-28 23:16:00-04:00,7727.0,7728.25,7727.0,7727.5,108
2026-09-28 23:17:00-04:00,7728.0,7729.25,7727.5,7729.25,143
2026-09-28 23:18:00-04:00,7729.0,7731.5,7728.75,7730.5,376
2026-09-28 23:19:00-04:00,7730.5,7732.25,7730.5,7731.75,288
2026-09-28 23:20:00-04:00,7731.75,7734.0,7731.75,7733.75,338
2026-09-28 23:21:00-04:00,7733.5,7735.0,7733.0,7733.0,432
2026-09-28 23:22:00-04:00,7732.75,7733.25,7732.5,7732.75,280
2026-09-28 23:23:00-04:00,7733.0,7734.5,7733.0,7734.5,164
2026-09-28 23:24:00-04:00,7734.25,7735.0,7733.75,7734.25,94
2026-09-28 23:25:00-04:00,7734.5,7734.5,7733.5,7734.25,128
2026-09-28 23:26:00-04:00,7734.25,7735.0,7734.25,7734.25,120
2026-09-28 23:27:00-04:00,7734.0,7734.25,7733.25,7733.75,94
2026-09-28 23:28:00-04:00,7733.75,7734.25,7733.75,7734.0,111
2026-09-28 23:29:00-04:00,7733.75,7734.0,7733.5,7734.0,74
2026-09-28 23:30:00-04:00,7733.5,7733.75,7731.25,7732.5,355
2026-09-28 23:31:00-04:00,7732.75,7733.75,7732.75,7733.5,265
2026-09-28 23:32:00-04:00,7733.25,7733.5,7732.75,7733.25,56
2026-09-28 23:33:00-04:00,7733.25,7733.5,7732.5,7733.25,31
2026-09-28 23:34:00-04:00,7733.25,7733.25,7732.25,7733.0,321
2026-09-28 23:35:00-04:00,7733.25,7733.25,7731.75,7732.25,86
2026-09-28 23:36:00-04:00,7732.25,7733.75,7731.5,7733.5,111
2026-09-28 23:37:00-04:00,7733.5,7734.25,7732.75,7733.5,151
2026-09-28 23:38:00-04:00,7733.5,7733.75,7733.25,7733.5,83
2026-09-28 23:39:00-04:00,7733.25,7733.75,7733.25,7733.5,60
2026-09-28 23:40:00-04:00,7733.5,7733.5,7733.0,7733.5,32
2026-09-28 23:41:00-04:00,7733.5,7735.5,7733.5,7735.25,279
2026-09-28 23:42:00-04:00,7735.0,7736.5,7734.75,7736.25,264
2026-09-28 23:43:00-04:00,7736.0,7736.5,7735.25,7735.25,154
2026-09-28 23:44:00-04:00,7735.25,7736.0,7733.75,7734.25,123
2026-09-28 23:45:00-04:00,7734.5,7734.75,7733.75,7733.75,196
2026-09-28 23:46:00-04:00,7733.75,7733.75,7733.0,7733.25,130
2026-09-28 23:47:00-04:00,7733.0,7734.25,7732.75,7734.0,101
2026-09-28 23:48:00-04:00,7733.75,7734.0,7732.75,7733.0,102
2026-09-28 23:49:00-04:00,7733.0,7733.5,7733.0,7733.0,23
2026-09-28 23:50:00-04:00,7733.25,7733.25,7731.25,7731.25,206
2026-09-28 23:51:00-04:00,7731.25,7732.0,7730.75,7731.0,312
2026-09-28 23:52:00-04:00,7731.25,7731.5,7730.5,7730.75,93
2026-09-28 23:53:00-04:00,7730.5,7732.5,7730.5,7731.0,158
2026-09-28 23:54:00-04:00,7730.75,7731.0,7730.0,7730.0,146
2026-09-28 23:55:00-04:00,7730.0,7730.25,7729.0,7729.0,192
2026-09-28 23:56:00-04:00,7729.25,7729.5,7728.0,7728.25,455
2026-09-28 23:57:00-04:00,7728.0,7728.5,7727.5,7728.0,221
2026-09-28 23:58:00-04:00,7728.0,7728.25,7725.5,7726.0,514
2026-09-29 00:09:00-04:00,7726.25,7727.5,7726.25,7727.5,99
2026-09-29 00:10:00-04:00,7727.25,7727.75,7726.5,7726.5,121
2026-09-29 00:11:00-04:00,7726.75,7727.5,7726.5,7726.5,51
2026-09-29 00:12:00-04:00,7726.25,7726.75,7725.75,7726.0,48
2026-09-29 00:13:00-04:00,7726.0,7727.0,7725.75,7726.5,68
2026-09-29 00:14:00-04:00,7726.5,7727.0,7726.25,7726.75,31
2026-09-29 00:15:00-04:00,7726.75,7727.25,7726.25,7726.25,63
2026-09-29 00:16:00-04:00,7726.5,7727.0,7726.5,7726.75,50
2026-09-29 00:17:00-04:00,7727.0,7727.25,7726.75,7726.75,28
2026-09-29 00:18:00-04:00,7726.5,7728.0,7726.5,7728.0,58
2026-09-29 00:19:00-04:00,7728.0,7728.5,7727.5,7728.25,131
2026-09-29 00:20:00-04:00,7728.5,7728.75,7727.75,7728.25,85
2026-09-29 00:21:00-04:00,7728.0,7729.25,7727.75,7728.5,90
2026-09-29 00:22:00-04:00,7728.25,7729.0,7728.25,7728.25,70
2026-09-29 00:23:00-04:00,7728.5,7728.75,7727.5,7727.75,79
2026-09-29 00:24:00-04:00,7727.75,7729.0,7727.75,7729.0,60
2026-09-29 00:25:00-04:00,7728.75,7729.5,7728.0,7728.25,109
2026-09-29 00:26:00-04:00,7728.25,7728.5,7727.75,7728.5,83
2026-09-29 00:27:00-04:00,7728.25,7728.5,7727.75,7728.5,80
2026-09-29 00:28:00-04:00,7728.25,7728.5,7728.0,7728.25,48
2026-09-29 00:29:00-04:00,7728.25,7728.25,7726.75,7727.0,134
2026-09-29 00:30:00-04:00,7726.75,7727.25,7726.0,7726.5,311
2026-09-29 00:31:00-04:00,7726.5,7726.75,7725.5,7725.5,148
2026-09-29 00:32:00-04:00,7725.75,7726.75,7725.5,7726.5,106
2026-09-29 00:33:00-04:00,7726.5,7727.25,7726.25,7727.0,65
2026-09-29 00:34:00-04:00,7727.0,7728.25,7727.0,7727.75,106
2026-09-29 00:35:00-04:00,7728.0,7728.0,7726.25,7726.25,51
2026-09-29 00:36:00-04:00,7726.5,7727.25,7726.0,7726.5,103
2026-09-29 00:37:00-04:00,7726.5,7727.75,7726.5,7727.5,39
2026-09-29 00:38:00-04:00,7727.5,7727.5,7727.0,7727.0,42
2026-09-29 00:39:00-04:00,7727.25,7727.25,7726.0,7726.25,76
2026-09-29 00:40:00-04:00,7726.0,7726.5,7725.75,7726.25,57
2026-09-29 00:41:00-04:00,7726.5,7727.25,7726.5,7726.75,31
2026-09-29 00:42:00-04:00,7727.0,7727.0,7725.75,7726.25,73
2026-09-29 00:43:00-04:00,7726.25,7727.0,7726.0,7726.5,31
2026-09-29 00:44:00-04:00,7726.25,7726.75,7725.75,7726.5,44
2026-09-29 00:45:00-04:00,7726.75,7727.25,7726.25,7726.25,44
2026-09-29 00:46:00-04:00,7726.5,7727.0,7726.25,7726.5,33
2026-09-29 00:47:00-04:00,7726.5,7726.5,7725.5,7725.5,79
2026-09-29 00:48:00-04:00,7726.0,7726.25,7725.25,7726.25,123
2026-09-29 00:49:00-04:00,7726.0,7727.0,7725.75,7726.5,70
2026-09-29 00:50:00-04:00,7726.5,7726.75,7726.0,7726.5,25
2026-09-29 00:51:00-04:00,7726.5,7727.75,7725.75,7727.75,60
2026-09-29 00:52:00-04:00,7727.5,7728.5,7727.0,7727.0,148
2026-09-29 00:53:00-04:00,7727.0,7727.75,7726.5,7727.25,54
2026-09-29 00:54:00-04:00,7727.25,7727.75,7726.75,7727.5,141
2026-09-29 00:55:00-04:00,7727.25,7727.25,7726.75,7727.0,61
2026-09-29 00:56:00-04:00,7726.75,7727.0,7726.5,7726.5,33
2026-09-29 00:57:00-04:00,7726.75,7727.25,7726.5,7727.0,46
2026-09-29 00:58:00-04:00,7727.0,7727.0,7726.5,7726.75,35
2026-09-29 00:59:00-04:00,7727.25,7727.25,7726.5,7726.75,67
2026-09-29 01:00:00-04:00,7726.75,7729.5,7726.75,7728.75,200
2026-09-29 01:01:00-04:00,7728.75,7729.5,7728.75,7729.0,123
2026-09-29 01:02:00-04:00,7729.0,7729.5,7728.75,7728.75,39
2026-09-29 01:03:00-04:00,7728.75,7728.75,7727.0,7727.25,67
2026-09-29 01:04:00-04:00,7727.25,7727.5,7726.5,7727.0,118
2026-09-29 01:05:00-04:00,7726.75,7727.25,7726.5,7726.75,101
2026-09-29 01:06:00-04:00,7727.0,7727.5,7725.5,7725.75,148
2026-09-29 01:07:00-04:00,7725.75,7726.75,7725.5,7726.5,99
2026-09-29 01:08:00-04:00,7726.5,7727.25,7726.25,7726.75,43
2026-09-29 01:09:00-04:00,7727.0,7727.25,7726.75,7726.75,72
2026-09-29 01:10:00-04:00,7727.0,7727.0,7724.0,7725.5,662
2026-09-29 01:11:00-04:00,7725.5,7726.75,7725.25,7726.5,180
2026-09-29 01:12:00-04:00,7726.75,7727.5,7726.25,7726.5,142
2026-09-29 01:13:00-04:00,7726.5,7727.0,7726.0,7726.5,85
2026-09-29 01:14:00-04:00,7726.5,7727.25,7726.25,7727.0,73
2026-09-29 01:15:00-04:00,7727.0,7727.5,7726.0,7726.75,190
2026-09-29 01:16:00-04:00,7726.75,7727.25,7725.75,7727.0,222
2026-09-29 01:17:00-04:00,7727.0,7728.75,7726.25,7728.25,224
2026-09-29 01:18:00-04:00,7728.75,7728.75,7728.0,7728.5,188
2026-09-29 01:19:00-04:00,7728.5,7730.0,7728.0,7728.0,203
2026-09-29 01:20:00-04:00,7728.25,7728.25,7727.0,7727.5,76
2026-09-29 01:21:00-04:00,7727.75,7728.5,7726.5,7727.25,94
2026-09-29 01:22:00-04:00,7727.25,7728.0,7727.0,7727.5,95
2026-09-29 01:23:00-04:00,7727.5,7727.75,7727.0,7727.75,37
2026-09-29 01:24:00-04:00,7727.5,7727.75,7727.0,7727.5,56
2026-09-29 01:25:00-04:00,7727.25,7727.25,7725.75,7725.75,121
2026-09-29 01:26:00-04:00,7725.5,7725.5,7725.0,7725.0,210
2026-09-29 01:27:00-04:00,7724.75,7725.25,7723.75,7724.5,291
2026-09-29 01:28:00-04:00,7724.25,7726.0,7723.75,7725.75,219
2026-09-29 01:29:00-04:00,7725.75,7726.0,7724.75,7724.75,116
2026-09-29 01:30:00-04:00,7724.75,7725.0,7723.25,7723.25,382
2026-09-29 01:31:00-04:00,7723.25,7723.5,7720.75,7721.25,908
2026-09-29 01:32:00-04:00,7721.25,7722.5,7720.25,7720.5,548
2026-09-29 01:33:00-04:00,7720.25,7720.5,7718.5,7719.75,822
2026-09-29 01:34:00-04:00,7719.5,7720.25,7718.5,7718.75,230
2026-09-29 01:35:00-04:00,7719.25,7719.25,7716.0,7718.0,731
2026-09-29 01:36:00-04:00,7718.0,7719.0,7717.0,7717.5,216
2026-09-29 01:37:00-04:00,7717.5,7717.75,7716.5,7717.25,169
2026-09-29 01:38:00-04:00,7717.25,7719.0,7717.0,7718.75,178
2026-09-29 01:39:00-04:00,7718.75,7723.25,7718.75,7723.25,502
2026-09-29 01:40:00-04:00,7723.25,7724.25,7721.75,7722.25,434
2026-09-29 01:41:00-04:00,7722.0,7723.0,7721.25,7722.5,220
2026-09-29 01:42:00-04:00,7722.25,7722.5,7721.5,7722.25,135
2026-09-29 01:43:00-04:00,7722.5,7724.75,7721.0,7724.5,283
2026-09-29 01:44:00-04:00,7725.0,7726.25,7722.5,7723.0,555
2026-09-29 01:45:00-04:00,7723.0,7723.25,7722.0,7722.25,112
2026-09-29 01:46:00-04:00,7722.0,7722.75,7722.0,7722.25,72
2026-09-29 01:47:00-04:00,7722.25,7723.0,7721.0,7722.75,166
2026-09-29 01:48:00-04:00,7722.5,7725.0,7722.5,7724.75,220
2026-09-29 01:49:00-04:00,7724.5,7727.25,7724.5,7726.75,394
2026-09-29 01:50:00-04:00,7726.5,7727.75,7726.0,7727.0,232
2026-09-29 01:51:00-04:00,7727.25,7728.25,7726.0,7727.0,154
2026-09-29 01:52:00-04:00,7727.0,7728.5,7726.75,7727.25,314
2026-09-29 01:53:00-04:00,7727.0,7728.0,7726.5,7727.5,230
2026-09-29 01:54:00-04:00,7727.75,7727.75,7726.25,7726.5,80
2026-09-29 01:55:00-04:00,7726.75,7727.75,7726.5,7727.5,102
2026-09-29 01:56:00-04:00,7727.5,7728.25,7727.25,7727.25,132
2026-09-29 01:57:00-04:00,7727.0,7728.25,7726.75,7727.25,154
2026-09-29 01:58:00-04:00,7727.75,7728.0,7727.0,7727.25,69
2026-09-29 01:59:00-04:00,7727.5,7728.5,7727.5,7728.5,178
2026-09-29 02:00:00-04:00,7728.75,7729.5,7728.0,7728.75,319
2026-09-29 02:01:00-04:00,7729.0,7730.0,7728.25,7729.0,327
2026-09-29 02:02:00-04:00,7729.25,7730.25,7728.75,7729.5,463
2026-09-29 02:03:00-04:00,7729.75,7731.75,7729.5,7731.25,507
2026-09-29 02:04:00-04:00,7731.25,7732.5,7731.25,7731.5,248
2026-09-29 02:05:00-04:00,7731.75,7732.75,7731.5,7732.25,215
2026-09-29 02:06:00-04:00,7732.25,7733.75,7731.75,7733.5,213
2026-09-29 02:07:00-04:00,7733.5,7733.75,7732.25,7733.5,418
2026-09-29 02:08:00-04:00,7733.5,7734.75,7732.75,7734.5,563
2026-09-29 02:09:00-04:00,7734.5,7736.0,7734.5,7735.25,351
2026-09-29 02:10:00-04:00,7735.5,7738.5,7735.5,7737.5,541
2026-09-29 02:11:00-04:00,7737.5,7738.75,7737.25,7738.25,193
2026-09-29 02:12:00-04:00,7738.0,7738.75,7737.25,7737.5,162
2026-09-29 02:13:00-04:00,7737.75,7740.0,7737.5,7739.5,330
2026-09-29 02:14:00-04:00,7739.75,7740.25,7738.25,7738.25,310
2026-09-29 02:15:00-04:00,7738.25,7739.5,7737.5,7737.75,295
2026-09-29 02:16:00-04:00,7737.5,7737.75,7736.25,7736.5,320
2026-09-29 02:17:00-04:00,7736.5,7736.5,7734.75,7735.75,371
2026-09-29 02:18:00-04:00,7735.5,7736.25,7734.75,7735.0,240
2026-09-29 02:19:00-04:00,7735.5,7736.75,7735.0,7736.0,134
2026-09-29 02:20:00-04:00,7735.75,7736.5,7734.25,7736.25,118
2026-09-29 02:21:00-04:00,7736.5,7737.75,7736.25,7737.25,172
2026-09-29 02:22:00-04:00,7737.5,7738.5,7737.5,7738.0,241
2026-09-29 02:23:00-04:00,7738.0,7738.5,7737.5,7737.75,66
2026-09-29 02:24:00-04:00,7737.5,7738.0,7736.25,7737.75,226
2026-09-29 02:25:00-04:00,7737.75,7738.75,7737.0,7737.0,159
2026-09-29 02:26:00-04:00,7737.5,7738.75,7737.25,7738.0,100
2026-09-29 02:27:00-04:00,7738.0,7738.75,7737.5,7737.75,145
2026-09-29 02:28:00-04:00,7737.75,7740.0,7737.75,7739.25,181
2026-09-29 02:29:00-04:00,7739.25,7741.75,7739.25,7741.0,415
2026-09-29 02:30:00-04:00,7741.0,7743.75,7741.0,7743.0,665
2026-09-29 02:31:00-04:00,7743.25,7744.75,7742.75,7743.75,304
2026-09-29 02:32:00-04:00,7743.5,7744.0,7742.25,7743.5,329
2026-09-29 02:33:00-04:00,7743.5,7744.25,7743.5,7744.0,128
2026-09-29 02:34:00-04:00,7744.0,7744.5,7744.0,7744.0,160
2026-09-29 02:35:00-04:00,7743.75,7744.0,7742.75,7743.75,156
2026-09-29 02:36:00-04:00,7743.5,7744.0,7742.75,7742.75,120
2026-09-29 02:37:00-04:00,7743.0,7743.75,7742.25,7743.5,269
2026-09-29 02:38:00-04:00,7743.75,7744.25,7742.75,7744.0,155
2026-09-29 02:39:00-04:00,7744.0,7744.25,7743.25,7743.5,72
2026-09-29 02:40:00-04:00,7743.75,7745.25,7743.75,7744.75,265
2026-09-29 02:41:00-04:00,7744.75,7744.75,7744.25,7744.5,72
2026-09-29 02:42:00-04:00,7744.5,7745.75,7744.25,7744.5,189
2026-09-29 02:43:00-04:00,7744.75,7745.25,7744.0,7744.5,93
2026-09-29 02:44:00-04:00,7744.5,7745.25,7743.5,7745.25,216
2026-09-29 02:45:00-04:00,7745.0,7745.5,7744.25,7745.25,134
2026-09-29 02:46:00-04:00,7745.5,7745.5,7744.75,7744.75,101
2026-09-29 02:47:00-04:00,7744.75,7745.75,7744.0,7745.25,124
2026-09-29 02:48:00-04:00,7745.25,7745.25,7744.5,7745.25,52
2026-09-29 02:49:00-04:00,7744.75,7745.25,7744.5,7745.0,115
2026-09-29 02:50:00-04:00,7745.25,7745.5,7744.25,7744.75,87
2026-09-29 02:51:00-04:00,7744.75,7745.25,7744.5,7745.0,81
2026-09-29 02:52:00-04:00,7745.0,7745.0,7744.0,7745.0,92
2026-09-29 02:53:00-04:00,7744.75,7745.25,7743.75,7744.5,89
2026-09-29 02:54:00-04:00,7744.25,7744.75,7744.25,7744.75,91
2026-09-29 02:55:00-04:00,7744.5,7744.75,7743.25,7743.75,84
2026-09-29 02:56:00-04:00,7743.75,7743.75,7742.75,7742.75,154
2026-09-29 02:57:00-04:00,7743.0,7743.25,7742.25,7743.0,157
2026-09-29 02:58:00-04:00,7743.0,7743.0,7741.5,7741.75,124
2026-09-29 02:59:00-04:00,7741.5,7743.0,7740.75,7743.0,328
2026-09-29 03:00:00-04:00,7742.75,7743.5,7741.0,7741.0,396
2026-09-29 03:01:00-04:00,7741.25,7741.5,7738.75,7739.0,565
2026-09-29 03:02:00-04:00,7739.5,7740.0,7738.5,7739.75,160
2026-09-29 03:03:00-04:00,7739.5,7741.5,7739.25,7741.0,215
2026-09-29 03:04:00-04:00,7741.25,7742.5,7741.0,7742.25,111
2026-09-29 03:05:00-04:00,7742.5,7743.25,7742.25,7742.5,164
2026-09-29 03:06:00-04:00,7742.5,7743.25,7741.75,7742.5,115
2026-09-29 03:07:00-04:00,7742.25,7742.75,7741.25,7741.25,144
2026-09-29 03:08:00-04:00,7741.5,7742.5,7740.5,7742.25,175
2026-09-29 03:09:00-04:00,7742.25,7743.25,7741.5,7743.25,133
2026-09-29 03:10:00-04:00,7743.25,7743.5,7741.25,7742.75,102
2026-09-29 03:11:00-04:00,7742.5,7742.5,7741.25,7742.5,147
2026-09-29 03:12:00-04:00,7742.25,7742.5,7741.25,7741.75,192
2026-09-29 03:13:00-04:00,7741.75,7742.0,7740.75,7741.25,87
2026-09-29 03:14:00-04:00,7741.25,7741.75,7740.0,7741.75,172
2026-09-29 03:15:00-04:00,7741.5,7742.75,7740.75,7741.25,190
2026-09-29 03:16:00-04:00,7741.25,7741.75,7740.5,7741.0,153
2026-09-29 03:17:00-04:00,7741.25,7741.75,7740.5,7741.0,85
2026-09-29 03:18:00-04:00,7741.0,7741.75,7741.0,7741.75,60
2026-09-29 03:19:00-04:00,7741.75,7742.25,7741.0,7742.0,88
2026-09-29 03:20:00-04:00,7742.0,7743.25,7742.0,7742.75,145
2026-09-29 03:21:00-04:00,7742.75,7743.75,7742.5,7743.0,153
2026-09-29 03:22:00-04:00,7743.0,7744.5,7742.75,7743.5,178
2026-09-29 03:23:00-04:00,7743.5,7745.5,7742.75,7744.75,243
2026-09-29 03:24:00-04:00,7744.5,7745.25,7744.25,7745.25,194
2026-09-29 03:25:00-04:00,7745.25,7746.5,7744.75,7745.25,420
2026-09-29 03:26:00-04:00,7745.5,7746.5,7745.5,7746.0,178
2026-09-29 03:27:00-04:00,7746.0,7748.25,7745.75,7747.0,445
2026-09-29 03:28:00-04:00,7747.25,7747.25,7745.0,7745.75,241
2026-09-29 03:29:00-04:00,7745.75,7746.0,7745.0,7745.5,76
2026-09-29 03:30:00-04:00,7745.5,7747.0,7745.25,7746.75,198
2026-09-29 03:31:00-04:00,7747.0,7747.0,7745.5,7747.0,130
2026-09-29 03:32:00-04:00,7747.0,7749.5,7747.0,7749.25,396
2026-09-29 03:33:00-04:00,7749.25,7750.0,7749.0,7749.25,243
2026-09-29 03:34:00-04:00,7749.5,7750.0,7749.25,7749.5,137
2026-09-29 03:35:00-04:00,7749.25,7750.0,7749.0,7749.5,232
2026-09-29 03:36:00-04:00,7749.75,7750.5,7749.25,7750.25,290
2026-09-29 03:37:00-04:00,7750.25,7750.75,7750.0,7750.25,148
2026-09-29 03:38:00-04:00,7750.5,7751.75,7750.25,7751.5,266
2026-09-29 03:39:00-04:00,7751.25,7754.75,7750.25,7751.25,2162
2026-09-29 03:40:00-04:00,7751.25,7751.25,7748.5,7750.0,802
2026-09-29 03:41:00-04:00,7749.75,7750.0,7748.75,7748.75,224
2026-09-29 03:42:00-04:00,7749.0,7749.25,7748.5,7749.0,256
2026-09-29 03:43:00-04:00,7748.75,7749.25,7748.0,7748.0,145
2026-09-29 03:44:00-04:00,7748.0,7748.0,7746.25,7746.75,214
2026-09-29 03:45:00-04:00,7747.0,7748.0,7746.75,7747.25,141
2026-09-29 03:46:00-04:00,7747.0,7747.75,7746.25,7747.5,209
2026-09-29 03:47:00-04:00,7747.5,7747.5,7746.75,7746.75,93
2026-09-29 03:48:00-04:00,7746.75,7747.25,7746.75,7747.0,28
2026-09-29 03:49:00-04:00,7747.0,7747.0,7745.75,7745.75,130
2026-09-29 03:50:00-04:00,7745.75,7746.0,7744.25,7746.0,323
2026-09-29 03:51:00-04:00,7745.75,7746.25,7744.75,7745.0,130
2026-09-29 03:52:00-04:00,7745.0,7745.75,7744.75,7745.0,97
2026-09-29 03:53:00-04:00,7744.75,7745.25,7744.75,7745.0,30
2026-09-29 03:54:00-04:00,7745.25,7745.5,7744.75,7744.75,98
2026-09-29 03:55:00-04:00,7744.75,7744.75,7743.5,7743.75,242
2026-09-29 03:56:00-04:00,7743.75,7744.5,7743.5,7744.0,173
2026-09-29 03:57:00-04:00,7744.25,7744.25,7742.75,7743.0,86
2026-09-29 03:58:00-04:00,7743.0,7744.0,7742.75,7743.5,171
2026-09-29 03:59:00-04:00,7743.25,7743.25,7742.25,7742.25,92
2026-09-29 04:00:00-04:00,7742.75,7744.0,7742.5,7743.75,345
2026-09-29 04:01:00-04:00,7743.5,7746.0,7743.0,7745.5,351
2026-09-29 04:02:00-04:00,7745.5,7747.25,7745.25,7745.75,360
2026-09-29 04:03:00-04:00,7745.25,7745.5,7744.25,7744.25,214
2026-09-29 04:04:00-04:00,7744.0,7744.25,7743.25,7743.75,172
2026-09-29 04:05:00-04:00,7744.0,7745.0,7743.0,7743.5,374
2026-09-29 04:06:00-04:00,7743.5,7744.5,7742.25,7743.25,380
2026-09-29 04:07:00-04:00,7742.75,7743.0,7740.25,7740.75,261
2026-09-29 04:08:00-04:00,7740.5,7741.5,7740.25,7741.0,131
2026-09-29 04:09:00-04:00,7740.75,7741.5,7740.5,7741.0,70
2026-09-29 04:10:00-04:00,7741.5,7742.25,7741.5,7741.75,112
2026-09-29 04:11:00-04:00,7741.5,7741.75,7741.0,7741.5,83
2026-09-29 04:12:00-04:00,7741.25,7742.5,7740.75,7741.25,167
2026-09-29 04:13:00-04:00,7741.25,7742.5,7741.0,7742.25,130
2026-09-29 04:14:00-04:00,7742.25,7743.0,7741.0,7741.75,130
2026-09-29 04:15:00-04:00,7741.5,7743.25,7741.5,7743.0,189
2026-09-29 04:16:00-04:00,7743.0,7743.25,7742.5,7743.25,49
2026-09-29 04:17:00-04:00,7743.25,7745.25,7743.0,7743.25,289
2026-09-29 04:18:00-04:00,7743.25,7744.75,7743.25,7744.25,83
2026-09-29 04:19:00-04:00,7744.0,7745.5,7743.75,7745.0,161
2026-09-29 04:20:00-04:00,7745.25,7746.5,7744.25,7746.5,183
2026-09-29 04:21:00-04:00,7746.5,7748.0,7746.0,7747.75,340
2026-09-29 04:22:00-04:00,7747.75,7748.5,7746.5,7746.75,360
2026-09-29 04:23:00-04:00,7746.5,7746.5,7744.25,7744.25,306
2026-09-29 04:24:00-04:00,7744.25,7745.0,7743.5,7744.25,203
2026-09-29 04:25:00-04:00,7744.5,7745.0,7743.75,7745.0,156
2026-09-29 04:26:00-04:00,7744.75,7744.75,7744.0,7744.5,56
2026-09-29 04:27:00-04:00,7744.75,7744.75,7742.75,7744.25,154
2026-09-29 04:28:00-04:00,7744.25,7744.5,7743.5,7743.5,91
2026-09-29 04:29:00-04:00,7743.5,7745.25,7743.25,7743.75,156
2026-09-29 04:30:00-04:00,7743.75,7745.0,7742.5,7743.25,229
2026-09-29 04:31:00-04:00,7743.25,7745.0,7743.0,7744.25,114
2026-09-29 04:32:00-04:00,7744.25,7745.5,7743.5,7745.0,173
2026-09-29 04:33:00-04:00,7745.0,7745.25,7744.0,7744.75,46
2026-09-29 04:34:00-04:00,7744.75,7744.75,7743.25,7743.25,70
2026-09-29 04:35:00-04:00,7743.25,7744.0,7743.25,7744.0,33
2026-09-29 04:36:00-04:00,7744.0,7744.0,7742.5,7743.25,84
2026-09-29 04:37:00-04:00,7743.0,7743.75,7743.0,7743.75,70
2026-09-29 04:38:00-04:00,7744.0,7745.25,7743.75,7744.75,119
2026-09-29 04:39:00-04:00,7745.0,7747.5,7744.75,7746.75,228
2026-09-29 04:40:00-04:00,7746.5,7746.75,7744.75,7745.25,140
2026-09-29 04:41:00-04:00,7745.5,7746.0,7744.25,7745.25,74
2026-09-29 04:42:00-04:00,7745.25,7745.25,7744.75,7745.25,39
2026-09-29 04:43:00-04:00,7745.75,7747.0,7745.75,7747.0,151
2026-09-29 04:44:00-04:00,7746.5,7748.25,7746.5,7748.0,212
2026-09-29 04:45:00-04:00,7748.25,7748.25,7747.0,7747.5,163
2026-09-29 04:46:00-04:00,7747.5,7748.5,7747.25,7747.75,302
2026-09-29 04:47:00-04:00,7748.0,7748.5,7748.0,7748.0,85
2026-09-29 04:48:00-04:00,7747.75,7749.0,7747.75,7748.5,111
2026-09-29 04:49:00-04:00,7748.5,7748.75,7747.5,7747.75,162
2026-09-29 04:50:00-04:00,7748.0,7748.0,7746.25,7746.75,219
2026-09-29 04:51:00-04:00,7746.75,7746.75,7744.75,7745.0,278
2026-09-29 04:52:00-04:00,7744.75,7744.75,7742.75,7743.25,228
2026-09-29 04:53:00-04:00,7743.0,7743.5,7742.25,7742.25,122
2026-09-29 04:54:00-04:00,7742.25,7742.75,7741.25,7741.25,140
2026-09-29 04:55:00-04:00,7741.5,7743.25,7741.25,7742.75,170
2026-09-29 04:56:00-04:00,7743.0,7743.75,7743.0,7743.5,77
2026-09-29 04:57:00-04:00,7743.5,7743.5,7741.25,7742.5,181
2026-09-29 04:58:00-04:00,7742.0,7743.5,7742.0,7743.5,117
2026-09-29 04:59:00-04:00,7743.0,7746.0,7743.0,7745.25,217
2026-09-29 05:00:00-04:00,7745.25,7746.25,7743.25,7745.25,511
2026-09-29 05:01:00-04:00,7745.25,7747.25,7745.0,7746.25,287
2026-09-29 05:02:00-04:00,7746.5,7747.25,7745.75,7745.75,296
2026-09-29 05:03:00-04:00,7745.5,7745.5,7742.25,7742.75,260
2026-09-29 05:04:00-04:00,7742.75,7744.0,7742.25,7744.0,153
2026-09-29 05:05:00-04:00,7743.75,7744.0,7743.25,7743.5,66
2026-09-29 05:06:00-04:00,7743.5,7744.5,7743.0,7744.5,71
2026-09-29 05:07:00-04:00,7743.75,7743.75,7742.0,7743.0,173
2026-09-29 05:08:00-04:00,7743.25,7744.0,7743.25,7743.5,53
2026-09-29 05:09:00-04:00,7743.25,7744.25,7743.0,7744.25,69
2026-09-29 05:10:00-04:00,7744.25,7744.25,7742.75,7743.0,88
2026-09-29 05:11:00-04:00,7743.0,7743.5,7742.75,7743.0,48
2026-09-29 05:12:00-04:00,7743.0,7744.0,7743.0,7743.75,134
2026-09-29 05:13:00-04:00,7743.75,7744.75,7743.5,7743.75,175
2026-09-29 05:14:00-04:00,7743.5,7743.75,7742.25,7742.5,175
2026-09-29 05:15:00-04:00,7742.75,7742.75,7740.25,7740.5,234
2026-09-29 05:16:00-04:00,7740.5,7741.75,7740.25,7740.75,178
2026-09-29 05:17:00-04:00,7741.25,7742.0,7741.0,7741.25,42
2026-09-29 05:18:00-04:00,7741.25,7742.75,7740.75,7742.0,117
2026-09-29 05:19:00-04:00,7742.0,7743.25,7742.0,7742.75,85
2026-09-29 05:20:00-04:00,7743.0,7743.0,7741.25,7742.75,113
2026-09-29 05:21:00-04:00,7742.75,7742.75,7741.5,7742.0,118
2026-09-29 05:22:00-04:00,7741.75,7741.75,7741.0,7741.0,55
2026-09-29 05:23:00-04:00,7741.0,7741.25,7738.0,7738.0,484
2026-09-29 05:24:00-04:00,7738.0,7739.75,7737.75,7739.25,199
2026-09-29 05:25:00-04:00,7739.0,7739.25,7738.25,7739.0,144
2026-09-29 05:26:00-04:00,7738.75,7738.75,7737.5,7738.25,145
2026-09-29 05:27:00-04:00,7738.25,7738.75,7738.25,7738.5,54
2026-09-29 05:28:00-04:00,7738.5,7739.25,7738.5,7739.25,88
2026-09-29 05:29:00-04:00,7739.0,7739.5,7737.5,7737.5,112
2026-09-29 05:30:00-04:00,7737.75,7738.25,7736.25,7737.75,242
2026-09-29 05:31:00-04:00,7738.0,7738.0,7736.25,7736.25,160
2026-09-29 05:32:00-04:00,7736.25,7737.75,7736.25,7737.0,126
2026-09-29 05:33:00-04:00,7737.0,7738.75,7737.0,7738.25,163
2026-09-29 05:34:00-04:00,7738.25,7739.25,7737.75,7739.0,107
2026-09-29 05:35:00-04:00,7738.75,7739.75,7738.5,7739.0,96
2026-09-29 05:36:00-04:00,7739.0,7739.5,7738.0,7738.0,81
2026-09-29 05:37:00-04:00,7738.0,7738.75,7738.0,7738.5,80
2026-09-29 05:38:00-04:00,7738.75,7739.25,7738.25,7738.75,100
2026-09-29 05:39:00-04:00,7738.75,7739.75,7738.25,7739.25,128
2026-09-29 05:40:00-04:00,7739.5,7739.75,7739.0,7739.75,52
2026-09-29 05:41:00-04:00,7739.5,7739.5,7738.5,7739.25,71
2026-09-29 05:42:00-04:00,7738.75,7738.75,7738.0,7738.5,103
2026-09-29 05:43:00-04:00,7738.75,7741.75,7738.75,7741.75,226
2026-09-29 05:44:00-04:00,7741.75,7742.75,7741.0,7742.75,218
2026-09-29 05:45:00-04:00,7742.75,7743.5,7741.5,7742.25,256
2026-09-29 05:46:00-04:00,7741.75,7742.25,7741.0,7741.5,120
2026-09-29 05:47:00-04:00,7741.25,7745.75,7741.0,7743.75,952
2026-09-29 05:48:00-04:00,7743.75,7744.5,7743.25,7743.5,255
2026-09-29 05:49:00-04:00,7743.25,7743.5,7742.0,7742.5,347
2026-09-29 05:50:00-04:00,7742.5,7743.0,7741.75,7743.0,265
2026-09-29 05:51:00-04:00,7742.75,7742.75,7740.75,7740.75,153
2026-09-29 05:52:00-04:00,7740.5,7740.75,7738.75,7739.75,260
2026-09-29 05:53:00-04:00,7739.5,7741.75,7738.75,7741.5,179
2026-09-29 05:54:00-04:00,7741.75,7745.0,7741.5,7742.75,483
2026-09-29 05:55:00-04:00,7742.25,7743.75,7740.5,7742.25,1235
2026-09-29 05:56:00-04:00,7742.25,7742.5,7738.75,7739.25,366
2026-09-29 05:57:00-04:00,7739.5,7739.75,7738.0,7738.0,227
2026-09-29 05:58:00-04:00,7737.75,7739.25,7737.0,7739.0,245
2026-09-29 05:59:00-04:00,7739.0,7739.25,7738.5,7738.75,111
2026-09-29 06:00:00-04:00,7738.75,7740.0,7738.0,7740.0,266
2026-09-29 06:01:00-04:00,7739.75,7741.0,7739.0,7740.75,140
2026-09-29 06:02:00-04:00,7740.75,7741.25,7739.0,7739.5,351
2026-09-29 06:03:00-04:00,7739.75,7742.0,7739.5,7741.5,153
2026-09-29 06:04:00-04:00,7741.75,7742.0,7740.75,7741.5,128
2026-09-29 06:05:00-04:00,7741.75,7743.0,7741.75,7742.5,128
2026-09-29 06:06:00-04:00,7742.25,7743.75,7742.25,7743.75,167
2026-09-29 06:07:00-04:00,7743.75,7743.75,7742.0,7743.25,83
2026-09-29 06:08:00-04:00,7743.5,7744.25,7743.0,7744.0,226
2026-09-29 06:09:00-04:00,7744.0,7746.0,7743.75,7745.75,247
2026-09-29 06:10:00-04:00,7746.0,7746.75,7745.5,7746.25,231
2026-09-29 06:11:00-04:00,7746.25,7747.25,7746.0,7746.25,230
2026-09-29 06:12:00-04:00,7746.25,7747.25,7746.0,7747.25,80
2026-09-29 06:13:00-04:00,7747.25,7747.5,7745.5,7746.25,235
2026-09-29 06:14:00-04:00,7746.25,7746.25,7745.0,7745.0,88
2026-09-29 06:15:00-04:00,7745.0,7745.25,7743.25,7743.75,229
2026-09-29 06:16:00-04:00,7744.0,7744.25,7742.75,7743.25,214
2026-09-29 06:17:00-04:00,7743.25,7744.25,7742.75,7743.75,123
2026-09-29 06:18:00-04:00,7743.75,7744.25,7743.0,7744.25,47
2026-09-29 06:19:00-04:00,7744.25,7744.5,7742.75,7742.75,88
2026-09-29 06:20:00-04:00,7742.75,7743.75,7742.75,7743.75,103
2026-09-29 06:21:00-04:00,7743.75,7744.0,7743.0,7743.5,67
2026-09-29 06:22:00-04:00,7743.25,7744.5,7743.25,7743.75,217
2026-09-29 06:23:00-04:00,7743.5,7743.75,7743.25,7743.5,23
2026-09-29 06:24:00-04:00,7743.25,7744.5,7743.25,7743.75,71
2026-09-29 06:25:00-04:00,7743.75,7745.5,7743.75,7745.25,52
2026-09-29 06:26:00-04:00,7744.75,7745.25,7743.75,7744.25,330
2026-09-29 06:27:00-04:00,7744.5,7744.75,7744.25,7744.25,73
2026-09-29 06:28:00-04:00,7744.25,7745.0,7744.25,7745.0,51
2026-09-29 06:29:00-04:00,7745.25,7747.25,7745.25,7747.25,144
2026-09-29 06:30:00-04:00,7747.25,7748.5,7747.25,7747.5,323
2026-09-29 06:31:00-04:00,7747.75,7747.75,7746.75,7747.5,141
2026-09-29 06:32:00-04:00,7747.25,7748.0,7743.5,7745.0,988
2026-09-29 06:33:00-04:00,7745.0,7745.25,7743.25,7744.0,174
2026-09-29 06:34:00-04:00,7744.0,7744.5,7743.25,7743.75,73
2026-09-29 06:35:00-04:00,7743.5,7745.0,7743.5,7744.0,140
2026-09-29 06:36:00-04:00,7744.0,7745.25,7743.75,7745.25,159
2026-09-29 06:37:00-04:00,7745.5,7746.25,7744.75,7746.0,177
2026-09-29 06:38:00-04:00,7746.0,7747.0,7745.25,7745.5,180
2026-09-29 06:39:00-04:00,7745.75,7747.0,7745.25,7747.0,58
2026-09-29 06:40:00-04:00,7746.75,7747.5,7746.25,7746.5,97
2026-09-29 06:41:00-04:00,7746.5,7746.75,7746.0,7746.25,38
2026-09-29 06:42:00-04:00,7746.0,7746.5,7745.5,7746.0,68
2026-09-29 06:43:00-04:00,7746.0,7746.75,7745.75,7745.75,31
2026-09-29 06:44:00-04:00,7745.75,7747.25,7745.75,7747.25,61
2026-09-29 06:45:00-04:00,7747.25,7747.75,7746.75,7747.5,82
2026-09-29 06:46:00-04:00,7747.25,7748.5,7747.25,7748.25,143
2026-09-29 06:47:00-04:00,7748.0,7748.25,7746.75,7747.75,62
2026-09-29 06:48:00-04:00,7747.75,7748.0,7747.25,7747.75,106
2026-09-29 06:49:00-04:00,7748.0,7748.5,7746.75,7747.75,183
2026-09-29 06:50:00-04:00,7748.0,7748.0,7746.25,7747.75,302
2026-09-29 06:51:00-04:00,7747.75,7748.25,7747.0,7748.25,98
2026-09-29 06:52:00-04:00,7748.0,7749.5,7747.5,7749.0,246
2026-09-29 06:53:00-04:00,7749.25,7749.75,7748.75,7749.25,162
2026-09-29 06:54:00-04:00,7749.25,7750.0,7748.75,7749.0,147
2026-09-29 06:55:00-04:00,7749.0,7749.75,7747.5,7749.25,240
2026-09-29 06:56:00-04:00,7749.25,7751.75,7749.0,7751.0,572
2026-09-29 06:57:00-04:00,7751.0,7751.75,7750.25,7751.0,379
2026-09-29 06:58:00-04:00,7751.0,7752.75,7750.75,7752.75,310
2026-09-29 06:59:00-04:00,7752.75,7753.5,7752.25,7753.25,369
2026-09-29 07:00:00-04:00,7753.25,7755.75,7753.0,7755.75,931
2026-09-29 07:01:00-04:00,7755.75,7756.0,7754.75,7755.25,268
2026-09-29 07:02:00-04:00,7755.0,7755.0,7754.0,7754.5,247
2026-09-29 07:03:00-04:00,7754.75,7758.5,7754.5,7757.0,897
2026-09-29 07:04:00-04:00,7756.75,7757.25,7754.75,7756.0,648
2026-09-29 07:05:00-04:00,7756.0,7757.75,7755.75,7757.5,277
2026-09-29 07:06:00-04:00,7757.5,7758.5,7757.0,7758.0,283
2026-09-29 07:07:00-04:00,7757.75,7757.75,7756.0,7756.75,209
2026-09-29 07:08:00-04:00,7756.5,7757.5,7755.75,7755.75,296
2026-09-29 07:09:00-04:00,7756.25,7756.25,7752.75,7753.75,623
2026-09-29 07:10:00-04:00,7753.5,7753.75,7752.5,7753.0,229
2026-09-29 07:11:00-04:00,7753.0,7753.5,7752.25,7752.5,182
2026-09-29 07:12:00-04:00,7752.5,7753.0,7752.0,7753.0,250
2026-09-29 07:13:00-04:00,7753.5,7753.5,7752.25,7753.0,118
2026-09-29 07:14:00-04:00,7752.75,7753.75,7751.75,7753.5,297
2026-09-29 07:15:00-04:00,7753.5,7755.0,7753.0,7753.5,365
2026-09-29 07:16:00-04:00,7753.75,7754.75,7753.25,7754.0,198
2026-09-29 07:17:00-04:00,7754.25,7754.5,7753.25,7754.0,94
2026-09-29 07:18:00-04:00,7754.25,7757.25,7753.5,7757.25,378
2026-09-29 07:19:00-04:00,7757.0,7757.0,7755.0,7755.75,607
2026-09-29 07:20:00-04:00,7755.5,7757.25,7754.5,7757.25,258
2026-09-29 07:21:00-04:00,7757.0,7757.75,7756.5,7757.0,326
2026-09-29 07:22:00-04:00,7756.75,7757.75,7756.75,7757.0,116
2026-09-29 07:23:00-04:00,7757.25,7757.5,7756.5,7757.25,91
2026-09-29 07:24:00-04:00,7757.25,7758.0,7757.0,7757.75,216
2026-09-29 07:25:00-04:00,7757.75,7758.0,7757.0,7757.5,346
2026-09-29 07:26:00-04:00,7757.25,7758.5,7757.25,7758.5,195
2026-09-29 07:27:00-04:00,7758.25,7758.5,7757.25,7758.0,219
2026-09-29 07:28:00-04:00,7758.0,7758.75,7756.25,7756.75,302
2026-09-29 07:29:00-04:00,7756.5,7757.25,7756.5,7757.25,116
2026-09-29 07:30:00-04:00,7757.0,7757.25,7756.5,7756.75,100
2026-09-29 07:31:00-04:00,7756.5,7757.0,7756.0,7756.0,161
2026-09-29 07:32:00-04:00,7756.25,7759.0,7756.0,7757.75,290
2026-09-29 07:33:00-04:00,7757.75,7760.25,7757.75,7760.25,580
2026-09-29 07:34:00-04:00,7760.25,7760.25,7758.5,7758.75,270
2026-09-29 07:35:00-04:00,7758.75,7760.75,7758.75,7759.75,364
2026-09-29 07:36:00-04:00,7759.75,7760.25,7759.0,7759.25,206
2026-09-29 07:37:00-04:00,7759.5,7760.25,7758.5,7759.75,165
2026-09-29 07:38:00-04:00,7760.0,7760.0,7759.5,7760.0,100
2026-09-29 07:39:00-04:00,7759.75,7760.5,7759.25,7759.5,75
2026-09-29 07:40:00-04:00,7759.5,7760.5,7759.5,7759.75,143
2026-09-29 07:41:00-04:00,7760.0,7760.0,7757.25,7757.75,342
2026-09-29 07:42:00-04:00,7757.75,7758.25,7756.5,7757.5,237
2026-09-29 07:43:00-04:00,7757.25,7758.75,7757.0,7758.75,210
2026-09-29 07:44:00-04:00,7758.75,7759.0,7758.25,7758.75,111
2026-09-29 07:45:00-04:00,7759.0,7759.0,7756.5,7757.25,235
2026-09-29 07:46:00-04:00,7757.25,7757.75,7756.5,7757.0,219
2026-09-29 07:47:00-04:00,7757.25,7758.0,7755.75,7757.75,279
2026-09-29 07:48:00-04:00,7757.75,7758.25,7757.25,7758.25,138
2026-09-29 07:49:00-04:00,7758.0,7767.75,7755.25,7766.0,5265
2026-09-29 07:50:00-04:00,7765.75,7767.25,7763.75,7765.0,1399
2026-09-29 07:51:00-04:00,7765.0,7765.0,7760.25,7761.25,942
2026-09-29 07:52:00-04:00,7761.0,7763.0,7761.0,7762.25,449
2026-09-29 07:53:00-04:00,7762.25,7763.5,7761.0,7762.5,432
2026-09-29 07:54:00-04:00,7762.25,7763.25,7761.0,7763.0,288
2026-09-29 07:55:00-04:00,7763.25,7764.25,7762.5,7763.5,377
2026-09-29 07:56:00-04:00,7763.25,7763.5,7762.75,7762.75,139
2026-09-29 07:57:00-04:00,7762.75,7763.75,7762.25,7762.75,271
2026-09-29 07:58:00-04:00,7762.75,7763.5,7762.0,7763.5,141
2026-09-29 07:59:00-04:00,7763.5,7763.75,7763.0,7763.25,215
2026-09-29 08:00:00-04:00,7763.0,7764.75,7762.5,7764.25,417
2026-09-29 08:01:00-04:00,7764.0,7766.25,7764.0,7765.75,511
2026-09-29 08:02:00-04:00,7765.75,7766.0,7765.0,7765.75,133
2026-09-29 08:03:00-04:00,7765.75,7765.75,7763.5,7764.5,299
2026-09-29 08:04:00-04:00,7764.5,7767.25,7764.25,7766.0,330
2026-09-29 08:05:00-04:00,7766.25,7766.25,7764.0,7764.5,344
2026-09-29 08:06:00-04:00,7764.75,7765.5,7764.25,7765.0,254
2026-09-29 08:07:00-04:00,7764.75,7765.25,7763.5,7764.5,307
2026-09-29 08:08:00-04:00,7764.5,7764.75,7764.0,7764.25,135
2026-09-29 08:09:00-04:00,7764.25,7765.5,7763.75,7763.75,219
2026-09-29 08:10:00-04:00,7763.75,7764.75,7763.5,7764.5,133
2026-09-29 08:11:00-04:00,7764.75,7764.75,7763.0,7763.5,255
2026-09-29 08:12:00-04:00,7763.5,7764.5,7763.0,7763.75,135
2026-09-29 08:13:00-04:00,7763.5,7766.25,7763.5,7764.25,631
2026-09-29 08:14:00-04:00,7764.0,7764.25,7762.75,7763.75,246
2026-09-29 08:15:00-04:00,7763.75,7767.0,7763.75,7766.5,868
2026-09-29 08:16:00-04:00,7766.25,7767.0,7765.5,7766.0,248
2026-09-29 08:17:00-04:00,7765.5,7765.75,7764.0,7764.25,220
2026-09-29 08:18:00-04:00,7764.5,7764.75,7762.5,7763.25,338
2026-09-29 08:19:00-04:00,7763.5,7763.5,7762.0,7763.0,324
2026-09-29 08:20:00-04:00,7762.75,7763.75,7761.0,7761.5,423
2026-09-29 08:21:00-04:00,7761.5,7761.75,7760.25,7760.25,496
2026-09-29 08:22:00-04:00,7760.5,7762.25,7760.5,7762.0,308
2026-09-29 08:23:00-04:00,7762.0,7762.5,7760.0,7760.75,266
2026-09-29 08:24:00-04:00,7760.75,7760.75,7759.0,7760.25,339
2026-09-29 08:25:00-04:00,7760.0,7760.0,7758.25,7758.25,287
2026-09-29 08:26:00-04:00,7758.25,7759.25,7756.5,7758.5,1632
2026-09-29 08:27:00-04:00,7758.25,7759.75,7755.75,7756.5,750
2026-09-29 08:28:00-04:00,7756.75,7758.0,7756.25,7757.25,329
2026-09-29 08:29:00-04:00,7757.25,7759.5,7757.25,7759.25,317
2026-09-29 08:30:00-04:00,7759.0,7760.0,7758.0,7758.5,455
2026-09-29 08:31:00-04:00,7758.0,7758.5,7756.75,7757.75,223
2026-09-29 08:32:00-04:00,7758.0,7760.25,7757.75,7759.0,360
2026-09-29 08:33:00-04:00,7759.0,7759.5,7757.0,7757.5,267
2026-09-29 08:34:00-04:00,7757.25,7758.25,7756.5,7758.0,260
2026-09-29 08:35:00-04:00,7757.75,7759.0,7757.5,7758.25,154
2026-09-29 08:36:00-04:00,7758.25,7758.5,7757.25,7758.5,221
2026-09-29 08:37:00-04:00,7758.5,7758.75,7757.25,7757.75,188
2026-09-29 08:38:00-04:00,7757.75,7758.5,7757.5,7758.0,137
2026-09-29 08:39:00-04:00,7758.0,7758.25,7755.75,7756.0,320
2026-09-29 08:40:00-04:00,7756.0,7757.0,7755.25,7757.0,525
2026-09-29 08:41:00-04:00,7756.75,7757.0,7756.0,7756.75,216
2026-09-29 08:42:00-04:00,7756.25,7757.0,7756.25,7756.5,100
2026-09-29 08:43:00-04:00,7756.5,7757.75,7756.5,7757.75,215
2026-09-29 08:44:00-04:00,7757.5,7758.75,7756.0,7757.75,419
2026-09-29 08:45:00-04:00,7758.0,7758.25,7756.25,7756.5,314
2026-09-29 08:46:00-04:00,7756.25,7756.5,7755.0,7755.25,391
2026-09-29 08:47:00-04:00,7755.25,7756.0,7754.0,7754.25,540
2026-09-29 08:48:00-04:00,7754.5,7756.25,7753.75,7756.0,375
2026-09-29 08:49:00-04:00,7756.0,7756.25,7754.5,7755.75,259
2026-09-29 08:50:00-04:00,7755.75,7756.25,7755.5,7755.5,162
2026-09-29 08:51:00-04:00,7755.75,7755.75,7755.0,7755.5,163
2026-09-29 08:52:00-04:00,7755.5,7756.25,7755.25,7755.25,159
2026-09-29 08:53:00-04:00,7755.5,7755.5,7753.5,7753.5,345
2026-09-29 08:54:00-04:00,7753.75,7754.25,7753.0,7753.75,375
2026-09-29 08:55:00-04:00,7753.75,7754.0,7753.25,7753.75,148
2026-09-29 08:56:00-04:00,7753.5,7754.25,7753.25,7754.0,182
2026-09-29 08:57:00-04:00,7754.0,7754.25,7753.0,7753.5,175
2026-09-29 08:58:00-04:00,7753.5,7753.75,7752.75,7753.0,297
2026-09-29 08:59:00-04:00,7753.25,7754.0,7752.25,7752.75,547
2026-09-29 09:00:00-04:00,7752.5,7755.75,7752.5,7753.5,1063
2026-09-29 09:01:00-04:00,7753.5,7753.75,7752.5,7753.5,399
2026-09-29 09:02:00-04:00,7753.5,7754.75,7753.25,7754.75,256
2026-09-29 09:03:00-04:00,7754.75,7755.0,7753.5,7753.75,239
2026-09-29 09:04:00-04:00,7753.75,7754.0,7752.75,7753.25,356
2026-09-29 09:05:00-04:00,7753.25,7753.5,7752.75,7753.5,129
2026-09-29 09:06:00-04:00,7753.5,7754.5,7753.0,7754.5,236
2026-09-29 09:07:00-04:00,7754.5,7754.5,7753.25,7754.5,206
2026-09-29 09:08:00-04:00,7754.5,7755.0,7754.0,7754.75,358
2026-09-29 09:09:00-04:00,7755.0,7756.5,7755.0,7756.5,598
2026-09-29 09:10:00-04:00,7756.5,7756.75,7755.25,7755.5,475
2026-09-29 09:11:00-04:00,7755.5,7756.5,7755.25,7755.5,493
2026-09-29 09:12:00-04:00,7755.75,7756.75,7755.5,7756.25,327
2026-09-29 09:13:00-04:00,7756.5,7756.5,7754.75,7755.5,377
2026-09-29 09:14:00-04:00,7755.75,7757.5,7755.5,7757.5,509
2026-09-29 09:15:00-04:00,7757.5,7757.75,7755.25,7756.25,662
2026-09-29 09:16:00-04:00,7756.25,7757.75,7756.0,7757.0,503
2026-09-29 09:17:00-04:00,7756.75,7756.75,7755.0,7755.75,455
2026-09-29 09:18:00-04:00,7755.75,7757.5,7755.0,7755.0,680
2026-09-29 09:19:00-04:00,7755.25,7755.75,7754.75,7755.0,312
2026-09-29 09:20:00-04:00,7755.25,7756.0,7755.0,7755.5,209
2026-09-29 09:21:00-04:00,7755.25,7755.25,7754.0,7754.75,405
2026-09-29 09:22:00-04:00,7754.75,7755.5,7753.75,7755.25,461
2026-09-29 09:23:00-04:00,7755.0,7756.5,7755.0,7756.25,397
2026-09-29 09:24:00-04:00,7756.25,7756.5,7755.0,7755.5,327
2026-09-29 09:25:00-04:00,7755.25,7757.5,7755.25,7756.0,794
2026-09-29 09:26:00-04:00,7756.25,7757.75,7756.25,7756.5,514
2026-09-29 09:27:00-04:00,7756.25,7759.25,7755.75,7758.75,1584
2026-09-29 09:28:00-04:00,7758.25,7758.75,7756.75,7757.75,1205
2026-09-29 09:29:00-04:00,7757.5,7758.75,7757.0,7757.5,1156
2026-09-29 09:30:00-04:00,7757.25,7758.75,7749.75,7750.5,7221
2026-09-29 09:31:00-04:00,7750.25,7755.75,7748.0,7749.5,5410
2026-09-29 09:32:00-04:00,7749.5,7751.5,7747.0,7747.25,3836
2026-09-29 09:33:00-04:00,7747.5,7748.0,7741.25,7741.5,5156
2026-09-29 09:34:00-04:00,7741.5,7744.75,7740.75,7743.25,3967
2026-09-29 09:35:00-04:00,7743.25,7745.75,7742.75,7744.25,4676
2026-09-29 09:36:00-04:00,7744.25,7746.5,7743.5,7745.25,2912
2026-09-29 09:37:00-04:00,7745.25,7747.75,7743.5,7744.0,2854
2026-09-29 09:38:00-04:00,7743.75,7746.25,7742.25,7745.25,3902
2026-09-29 09:39:00-04:00,7745.25,7747.75,7744.0,7747.75,2105
2026-09-29 09:40:00-04:00,7748.0,7749.0,7743.0,7744.5,4100
2026-09-29 09:41:00-04:00,7744.5,7747.75,7743.75,7746.25,2217
2026-09-29 09:42:00-04:00,7746.5,7747.5,7742.5,7743.0,3753
2026-09-29 09:43:00-04:00,7743.0,7744.75,7740.0,7740.25,3533
2026-09-29 09:44:00-04:00,7740.25,7741.5,7738.75,7740.75,3737
2026-09-29 09:45:00-04:00,7740.75,7742.75,7739.75,7741.75,3760
2026-09-29 09:46:00-04:00,7741.75,7744.5,7740.25,7740.25,3854
2026-09-29 09:47:00-04:00,7740.25,7744.75,7739.5,7740.25,5514
2026-09-29 09:48:00-04:00,7740.5,7741.5,7737.5,7738.25,4014
2026-09-29 09:49:00-04:00,7738.0,7739.75,7735.5,7739.5,4540
2026-09-29 09:50:00-04:00,7739.5,7742.0,7738.0,7740.25,4034
2026-09-29 09:51:00-04:00,7740.25,7742.25,7740.0,7740.5,2539
2026-09-29 09:52:00-04:00,7740.5,7743.75,7740.0,7743.75,3510
2026-09-29 09:53:00-04:00,7743.5,7744.75,7742.0,7743.5,3193
2026-09-29 09:54:00-04:00,7743.5,7743.5,7740.25,7741.75,2226
2026-09-29 09:55:00-04:00,7742.0,7745.75,7741.25,7745.5,2779
2026-09-29 09:56:00-04:00,7745.5,7746.25,7743.0,7743.75,2715
2026-09-29 09:57:00-04:00,7743.75,7743.75,7741.25,7742.75,2573
2026-09-29 09:58:00-04:00,7742.25,7742.25,7740.0,7741.5,2005
2026-09-29 09:59:00-04:00,7741.25,7741.25,7731.75,7736.5,5254
2026-09-29 10:00:00-04:00,7736.25,7745.5,7735.75,7742.5,6202
2026-09-29 10:01:00-04:00,7742.25,7744.25,7740.75,7741.5,3025
2026-09-29 10:02:00-04:00,7741.25,7742.5,7738.0,7739.25,3298
2026-09-29 10:03:00-04:00,7739.5,7740.75,7738.0,7740.0,2345
2026-09-29 10:04:00-04:00,7739.75,7739.75,7737.0,7738.25,2493
2026-09-29 10:05:00-04:00,7738.25,7740.75,7736.75,7739.75,2173
2026-09-29 10:06:00-04:00,7739.5,7739.5,7737.75,7738.5,1507
2026-09-29 10:07:00-04:00,7738.5,7739.75,7733.75,7736.5,3566
2026-09-29 10:08:00-04:00,7736.5,7739.75,7736.5,7738.5,1937
2026-09-29 10:09:00-04:00,7738.5,7739.75,7736.75,7739.75,1591
2026-09-29 10:10:00-04:00,7739.5,7741.75,7738.5,7740.25,2652
2026-09-29 10:11:00-04:00,7740.25,7741.5,7736.75,7737.5,2338
2026-09-29 10:12:00-04:00,7737.25,7740.0,7735.75,7739.5,2226
2026-09-29 10:13:00-04:00,7739.5,7744.5,7739.5,7740.5,4126
2026-09-29 10:14:00-04:00,7740.5,7742.75,7739.75,7741.0,1526
2026-09-29 10:15:00-04:00,7741.0,7742.0,7737.5,7737.75,4078
2026-09-29 10:16:00-04:00,7737.75,7743.75,7737.5,7742.5,4683
2026-09-29 10:17:00-04:00,7742.75,7744.0,7741.5,7743.0,2613
2026-09-29 10:18:00-04:00,7742.75,7744.5,7741.5,7743.5,2598
2026-09-29 10:19:00-04:00,7743.25,7745.25,7741.25,7743.5,2941
2026-09-29 10:20:00-04:00,7743.5,7745.25,7736.75,7738.0,9495
2026-09-29 10:21:00-04:00,7737.75,7740.25,7737.0,7739.75,3646
2026-09-29 10:22:00-04:00,7739.75,7742.75,7738.75,7742.5,2894
2026-09-29 10:23:00-04:00,7742.5,7744.0,7737.5,7740.75,4251
2026-09-29 10:24:00-04:00,7740.75,7741.0,7738.25,7739.75,1905
2026-09-29 10:25:00-04:00,7739.25,7743.25,7738.75,7742.25,1943
2026-09-29 10:26:00-04:00,7742.5,7745.0,7741.5,7745.0,1797
2026-09-29 10:27:00-04:00,7744.75,7747.0,7744.25,7744.75,3679
2026-09-29 10:28:00-04:00,7744.5,7744.75,7740.0,7740.0,2779
2026-09-29 10:29:00-04:00,7740.0,7742.5,7739.5,7742.0,1883
2026-09-29 10:30:00-04:00,7742.0,7745.75,7742.0,7744.75,2523
2026-09-29 10:31:00-04:00,7744.75,7744.75,7742.0,7743.5,1555
2026-09-29 10:32:00-04:00,7743.25,7744.75,7738.25,7740.25,2785
2026-09-29 10:33:00-04:00,7740.0,7742.0,7739.0,7741.5,1481
2026-09-29 10:34:00-04:00,7741.5,7743.0,7741.0,7742.25,1915
2026-09-29 10:35:00-04:00,7742.25,7743.75,7741.0,7743.0,1437
2026-09-29 10:36:00-04:00,7742.75,7743.75,7742.0,7742.25,1214
2026-09-29 10:37:00-04:00,7742.25,7742.25,7738.25,7740.25,1867
2026-09-29 10:38:00-04:00,7740.0,7742.75,7739.25,7742.25,1730
2026-09-29 10:39:00-04:00,7742.5,7743.5,7741.25,7742.5,1217
2026-09-29 10:40:00-04:00,7742.5,7746.75,7738.0,7739.75,6028
2026-09-29 10:41:00-04:00,7739.75,7741.75,7738.25,7738.75,2567
2026-09-29 10:42:00-04:00,7739.25,7740.75,7737.0,7740.25,3624
2026-09-29 10:43:00-04:00,7740.5,7741.25,7738.75,7739.5,1373
2026-09-29 10:44:00-04:00,7739.25,7740.75,7738.0,7740.0,1576
2026-09-29 10:45:00-04:00,7740.0,7741.0,7739.0,7740.75,1284
2026-09-29 10:46:00-04:00,7740.75,7740.75,7738.25,7740.0,2153
2026-09-29 10:47:00-04:00,7740.25,7740.5,7738.75,7740.0,959
2026-09-29 10:48:00-04:00,7740.0,7741.75,7737.0,7737.5,2531
2026-09-29 10:49:00-04:00,7737.5,7737.75,7733.75,7734.25,4525
2026-09-29 10:50:00-04:00,7734.0,7739.5,7733.75,7739.5,3838
2026-09-29 10:51:00-04:00,7739.5,7743.25,7738.0,7742.75,3575
2026-09-29 10:52:00-04:00,7742.5,7743.75,7741.5,7742.75,2194
2026-09-29 10:53:00-04:00,7743.0,7743.25,7739.0,7742.5,2431
2026-09-29 10:54:00-04:00,7742.5,7744.75,7742.0,7744.25,1445
2026-09-29 10:55:00-04:00,7744.5,7745.0,7742.5,7744.25,2357
2026-09-29 10:56:00-04:00,7744.25,7744.75,7742.25,7743.5,2473
2026-09-29 10:57:00-04:00,7743.5,7744.75,7742.0,7743.5,1639
2026-09-29 10:58:00-04:00,7743.5,7743.75,7738.75,7739.5,2465
2026-09-29 10:59:00-04:00,7739.25,7740.5,7737.0,7737.5,2741
2026-09-29 11:00:00-04:00,7737.75,7738.25,7732.5,7733.25,5100
2026-09-29 11:01:00-04:00,7733.25,7735.0,7733.0,7734.75,2410
2026-09-29 11:02:00-04:00,7734.75,7735.0,7731.0,7733.25,3995
2026-09-29 11:03:00-04:00,7733.0,7734.0,7732.25,7733.5,2027
2026-09-29 11:04:00-04:00,7733.5,7734.25,7731.0,7731.25,2298
2026-09-29 11:05:00-04:00,7731.25,7732.25,7729.5,7730.5,4458
2026-09-29 11:06:00-04:00,7730.5,7733.25,7730.5,7731.5,2974
2026-09-29 11:07:00-04:00,7731.5,7732.25,7730.5,7731.5,1825
2026-09-29 11:08:00-04:00,7731.5,7731.75,7727.5,7730.0,3776
2026-09-29 11:09:00-04:00,7729.75,7731.25,7727.75,7729.5,2598
2026-09-29 11:10:00-04:00,7729.25,7731.5,7729.0,7729.75,2014
2026-09-29 11:11:00-04:00,7729.75,7730.0,7728.25,7729.0,1639
2026-09-29 11:12:00-04:00,7728.75,7729.25,7724.5,7725.75,4430
2026-09-29 11:13:00-04:00,7725.5,7728.75,7725.25,7728.75,2692
2026-09-29 11:14:00-04:00,7728.75,7731.0,7728.0,7730.5,2629
2026-09-29 11:15:00-04:00,7730.5,7732.5,7729.75,7730.25,3228
2026-09-29 11:16:00-04:00,7730.5,7731.75,7729.75,7730.75,1295
2026-09-29 11:17:00-04:00,7730.75,7731.25,7727.75,7728.25,2026
2026-09-29 11:18:00-04:00,7728.25,7728.5,7722.75,7723.5,4801
2026-09-29 11:19:00-04:00,7723.5,7725.0,7721.75,7721.75,3171
2026-09-29 11:20:00-04:00,7722.0,7723.0,7720.0,7720.25,3808
2026-09-29 11:21:00-04:00,7720.25,7722.25,7719.75,7721.0,3047
2026-09-29 11:22:00-04:00,7721.0,7721.75,7718.75,7720.25,2778
2026-09-29 11:23:00-04:00,7720.25,7720.5,7716.5,7717.0,3803
2026-09-29 11:24:00-04:00,7717.0,7718.25,7715.25,7718.0,5180
2026-09-29 11:25:00-04:00,7718.0,7720.0,7716.75,7719.0,3527
2026-09-29 11:26:00-04:00,7719.0,7720.5,7716.0,7716.5,3403
2026-09-29 11:27:00-04:00,7716.5,7718.0,7714.5,7717.5,3153
2026-09-29 11:28:00-04:00,7717.25,7719.25,7716.25,7717.0,2068
2026-09-29 11:29:00-04:00,7717.0,7719.0,7716.25,7718.25,1616
2026-09-29 11:30:00-04:00,7718.5,7720.75,7718.5,7719.0,3439
2026-09-29 11:31:00-04:00,7719.0,7720.0,7717.75,7719.75,1969
2026-09-29 11:32:00-04:00,7719.5,7721.75,7719.5,7721.5,2311
2026-09-29 11:33:00-04:00,7721.5,7725.75,7721.25,7725.25,4054
2026-09-29 11:34:00-04:00,7725.25,7728.0,7725.0,7727.0,3836
2026-09-29 11:35:00-04:00,7727.25,7728.0,7726.0,7727.0,2444
2026-09-29 11:36:00-04:00,7727.0,7729.0,7726.25,7728.25,2402
2026-09-29 11:37:00-04:00,7727.75,7728.0,7725.75,7726.75,1880
2026-09-29 11:38:00-04:00,7726.75,7730.0,7725.25,7730.0,2870
2026-09-29 11:39:00-04:00,7730.0,7730.75,7727.25,7727.5,2547
2026-09-29 11:40:00-04:00,7727.75,7728.0,7725.75,7727.25,1679
2026-09-29 11:41:00-04:00,7727.25,7728.5,7723.5,7724.25,3167
2026-09-29 11:42:00-04:00,7724.0,7728.25,7723.5,7726.25,2463
2026-09-29 11:43:00-04:00,7726.25,7726.5,7723.75,7725.5,1850
2026-09-29 11:44:00-04:00,7725.25,7728.25,7724.75,7726.5,1441
2026-09-29 11:45:00-04:00,7726.75,7728.0,7725.75,7726.0,1151
2026-09-29 11:46:00-04:00,7726.0,7726.75,7721.75,7722.75,2845
2026-09-29 11:47:00-04:00,7722.75,7732.5,7722.0,7728.75,21220
2026-09-29 11:48:00-04:00,7728.75,7729.0,7724.75,7727.75,5701
2026-09-29 11:49:00-04:00,7727.75,7730.75,7727.75,7728.5,2431
2026-09-29 11:50:00-04:00,7728.25,7730.25,7724.75,7725.75,2592
2026-09-29 11:51:00-04:00,7725.75,7726.5,7722.0,7723.0,2717
2026-09-29 11:52:00-04:00,7723.0,7724.0,7720.5,7721.5,2909
2026-09-29 11:53:00-04:00,7721.5,7722.25,7719.5,7720.25,2346
2026-09-29 11:54:00-04:00,7720.5,7721.75,7717.5,7720.0,3911
2026-09-29 11:55:00-04:00,7720.0,7721.25,7718.25,7719.0,2046
2026-09-29 11:56:00-04:00,7719.25,7721.75,7719.0,7721.0,1696
2026-09-29 11:57:00-04:00,7721.5,7722.0,7719.25,7720.0,1796
2026-09-29 11:58:00-04:00,7720.0,7722.25,7719.5,7721.0,1833
2026-09-29 11:59:00-04:00,7721.0,7722.25,7720.0,7722.0,1073
2026-09-29 12:00:00-04:00,7722.25,7722.25,7719.5,7719.75,2787
2026-09-29 12:01:00-04:00,7719.75,7721.25,7718.75,7719.75,1859
2026-09-29 12:02:00-04:00,7719.5,7719.5,7715.5,7717.5,3690
2026-09-29 12:03:00-04:00,7717.5,7718.5,7716.5,7718.0,1797
2026-09-29 12:04:00-04:00,7718.0,7718.75,7716.0,7716.75,1580
2026-09-29 12:05:00-04:00,7716.5,7717.75,7716.0,7716.25,1595
2026-09-29 12:06:00-04:00,7716.0,7718.0,7715.25,7718.0,2072
2026-09-29 12:07:00-04:00,7718.0,7720.25,7717.25,7719.5,2819
2026-09-29 12:08:00-04:00,7719.75,7721.5,7718.0,7720.5,1915
2026-09-29 12:09:00-04:00,7720.75,7722.75,7719.75,7721.75,1619
2026-09-29 12:10:00-04:00,7721.5,7723.0,7720.75,7721.25,1490
2026-09-29 12:11:00-04:00,7721.25,7723.75,7720.0,7722.75,2067
2026-09-29 12:12:00-04:00,7722.5,7722.75,7720.75,7721.25,1278
2026-09-29 12:13:00-04:00,7721.25,7722.25,7718.25,7718.75,1385
2026-09-29 12:14:00-04:00,7718.75,7719.75,7717.25,7718.75,1523
2026-09-29 12:15:00-04:00,7718.75,7720.0,7717.75,7719.75,1327
2026-09-29 12:16:00-04:00,7719.75,7721.0,7718.75,7720.0,1353
2026-09-29 12:17:00-04:00,7720.0,7721.0,7719.0,7719.5,944
2026-09-29 12:18:00-04:00,7719.5,7720.25,7718.5,7720.0,907
2026-09-29 12:19:00-04:00,7719.75,7720.75,7718.0,7720.75,1395
2026-09-29 12:20:00-04:00,7720.75,7722.0,7720.5,7721.0,1124
2026-09-29 12:21:00-04:00,7721.0,7723.25,7718.0,7718.5,2444
2026-09-29 12:22:00-04:00,7718.5,7720.5,7717.5,7719.5,1121
2026-09-29 12:23:00-04:00,7719.5,7720.0,7718.25,7720.0,1160
2026-09-29 12:24:00-04:00,7720.0,7721.75,7720.0,7720.25,819
2026-09-29 12:25:00-04:00,7720.25,7722.25,7720.0,7722.0,795
2026-09-29 12:26:00-04:00,7722.0,7723.0,7721.0,7722.75,1012
2026-09-29 12:27:00-04:00,7723.0,7723.75,7722.5,7723.5,1244
2026-09-29 12:28:00-04:00,7723.5,7724.75,7723.0,7723.75,1057
2026-09-29 12:29:00-04:00,7723.75,7724.25,7722.75,7723.0,968
2026-09-29 12:30:00-04:00,7723.0,7723.0,7721.5,7722.0,1799
2026-09-29 12:31:00-04:00,7722.0,7723.0,7720.0,7721.0,2115
2026-09-29 12:32:00-04:00,7720.75,7721.5,7720.0,7720.25,969
2026-09-29 12:33:00-04:00,7720.5,7722.0,7720.25,7721.25,1044
2026-09-29 12:34:00-04:00,7721.5,7721.75,7720.75,7721.25,576
2026-09-29 12:35:00-04:00,7721.25,7723.75,7721.0,7722.0,1484
2026-09-29 12:36:00-04:00,7722.0,7723.75,7721.0,7723.0,784
2026-09-29 12:37:00-04:00,7723.0,7723.0,7721.5,7722.5,704
2026-09-29 12:38:00-04:00,7722.25,7724.0,7722.0,7723.75,911
2026-09-29 12:39:00-04:00,7723.5,7723.75,7722.0,7723.0,680
2026-09-29 12:40:00-04:00,7723.25,7723.25,7719.0,7719.5,2075
2026-09-29 12:41:00-04:00,7719.5,7720.75,7717.5,7717.75,1749
2026-09-29 12:42:00-04:00,7717.5,7719.75,7716.75,7719.25,1533
2026-09-29 12:43:00-04:00,7719.0,7720.0,7717.25,7717.5,1677
2026-09-29 12:44:00-04:00,7717.5,7717.5,7715.25,7715.5,2000
2026-09-29 12:45:00-04:00,7715.75,7717.0,7712.75,7714.0,5259
2026-09-29 12:46:00-04:00,7714.25,7717.25,7713.25,7717.25,2602
2026-09-29 12:47:00-04:00,7717.25,7719.25,7716.25,7717.5,2184
2026-09-29 12:48:00-04:00,7717.5,7720.25,7716.75,7719.5,1714
2026-09-29 12:49:00-04:00,7719.75,7720.0,7717.25,7719.25,1246
2026-09-29 12:50:00-04:00,7719.25,7721.5,7718.5,7721.0,1711
2026-09-29 12:51:00-04:00,7721.0,7722.5,7718.75,7718.75,2413
2026-09-29 12:52:00-04:00,7718.5,7720.0,7717.5,7718.5,1461
2026-09-29 12:53:00-04:00,7718.75,7720.25,7718.5,7719.25,905
2026-09-29 12:54:00-04:00,7719.0,7719.75,7718.5,7719.5,905
2026-09-29 12:55:00-04:00,7719.75,7719.75,7716.5,7716.75,1617
2026-09-29 12:56:00-04:00,7717.0,7717.0,7714.25,7715.75,1823
2026-09-29 12:57:00-04:00,7715.75,7716.75,7715.5,7716.0,1281
2026-09-29 12:58:00-04:00,7715.75,7717.75,7715.5,7717.0,1054
2026-09-29 12:59:00-04:00,7717.25,7719.25,7716.75,7718.75,851
2026-09-29 13:00:00-04:00,7718.5,7718.75,7715.0,7715.0,1528
2026-09-29 13:01:00-04:00,7715.25,7717.0,7714.5,7715.25,1006
2026-09-29 13:02:00-04:00,7715.0,7715.75,7713.75,7714.0,1239
2026-09-29 13:03:00-04:00,7714.0,7715.25,7712.25,7715.25,2635
2026-09-29 13:04:00-04:00,7715.0,7716.0,7714.25,7715.75,1278
2026-09-29 13:05:00-04:00,7715.5,7716.75,7715.25,7716.25,981
2026-09-29 13:06:00-04:00,7716.25,7716.75,7715.0,7715.25,1017
2026-09-29 13:07:00-04:00,7715.5,7715.5,7713.5,7715.0,1679
2026-09-29 13:08:00-04:00,7715.0,7716.5,7714.5,7715.5,931
2026-09-29 13:09:00-04:00,7715.25,7716.0,7714.0,7714.0,781
2026-09-29 13:10:00-04:00,7714.25,7716.0,7713.5,7715.25,1321
2026-09-29 13:11:00-04:00,7716.0,7717.75,7715.0,7715.25,1844
2026-09-29 13:12:00-04:00,7715.0,7715.75,7713.75,7714.5,1118
2026-09-29 13:13:00-04:00,7714.75,7716.0,7714.25,7715.25,859
2026-09-29 13:14:00-04:00,7715.5,7716.75,7714.5,7716.75,1034
2026-09-29 13:15:00-04:00,7716.5,7717.5,7715.5,7715.75,1383
2026-09-29 13:16:00-04:00,7715.75,7716.5,7712.25,7713.75,1703
2026-09-29 13:17:00-04:00,7713.75,7715.25,7713.25,7714.25,1395
2026-09-29 13:18:00-04:00,7714.0,7714.5,7713.25,7713.75,842
2026-09-29 13:19:00-04:00,7713.75,7715.25,7713.5,7714.75,847
2026-09-29 13:20:00-04:00,7714.75,7715.0,7713.0,7714.5,1023
2026-09-29 13:21:00-04:00,7714.5,7715.75,7713.75,7714.25,1381
2026-09-29 13:22:00-04:00,7714.5,7715.5,7714.0,7715.0,779
2026-09-29 13:23:00-04:00,7714.75,7717.5,7714.5,7716.75,1500
2026-09-29 13:24:00-04:00,7716.75,7719.5,7716.5,7719.25,1734
2026-09-29 13:25:00-04:00,7719.0,7720.25,7718.75,7719.0,1555
2026-09-29 13:26:00-04:00,7718.75,7719.5,7718.0,7719.0,1021
2026-09-29 13:27:00-04:00,7719.0,7720.75,7718.0,7720.0,1046
2026-09-29 13:28:00-04:00,7720.0,7720.75,7717.75,7719.25,1144
2026-09-29 13:29:00-04:00,7719.5,7720.75,7719.25,7720.0,1240
2026-09-29 13:30:00-04:00,7719.75,7721.0,7718.0,7718.5,1589
2026-09-29 13:31:00-04:00,7718.5,7720.5,7718.0,7720.0,1257
2026-09-29 13:32:00-04:00,7720.25,7720.75,7719.0,7719.75,768
2026-09-29 13:33:00-04:00,7719.75,7722.0,7719.5,7720.25,1203
2026-09-29 13:34:00-04:00,7720.5,7721.5,7720.0,7721.5,723
2026-09-29 13:35:00-04:00,7721.25,7722.25,7721.0,7721.5,1161
2026-09-29 13:36:00-04:00,7721.25,7721.75,7720.0,7721.25,1142
2026-09-29 13:37:00-04:00,7721.5,7722.0,7720.25,7720.75,690
2026-09-29 13:38:00-04:00,7720.5,7721.75,7719.75,7720.25,812
2026-09-29 13:39:00-04:00,7720.0,7721.0,7719.0,7721.0,1003
2026-09-29 13:40:00-04:00,7720.5,7721.5,7720.25,7720.75,869
2026-09-29 13:41:00-04:00,7720.75,7721.5,7719.25,7719.5,814
2026-09-29 13:42:00-04:00,7719.5,7719.75,7717.0,7718.25,2094
2026-09-29 13:43:00-04:00,7718.25,7719.75,7717.5,7719.75,1296
2026-09-29 13:44:00-04:00,7719.75,7722.25,7719.25,7721.75,1349
2026-09-29 13:45:00-04:00,7722.0,7723.5,7722.0,7722.25,2085
2026-09-29 13:46:00-04:00,7722.0,7724.0,7720.75,7720.75,3429
2026-09-29 13:47:00-04:00,7721.0,7722.0,7720.5,7721.5,787
2026-09-29 13:48:00-04:00,7721.25,7721.5,7719.5,7720.25,1176
2026-09-29 13:49:00-04:00,7720.0,7720.5,7719.0,7719.25,1063
2026-09-29 13:50:00-04:00,7719.5,7720.5,7719.25,7719.25,812
2026-09-29 13:51:00-04:00,7719.25,7719.75,7718.25,7718.75,1143
2026-09-29 13:52:00-04:00,7718.75,7719.5,7716.75,7716.75,1455
2026-09-29 13:53:00-04:00,7717.25,7717.5,7714.5,7715.5,2097
2026-09-29 13:54:00-04:00,7715.25,7716.75,7715.0,7716.25,917
2026-09-29 13:55:00-04:00,7716.25,7716.25,7715.25,7715.5,1189
2026-09-29 13:56:00-04:00,7715.75,7716.25,7714.5,7715.5,1030
2026-09-29 13:57:00-04:00,7715.75,7716.25,7713.75,7714.25,1454
2026-09-29 13:58:00-04:00,7714.25,7714.75,7712.5,7713.0,1376
2026-09-29 13:59:00-04:00,7713.0,7715.75,7713.0,7715.25,1305
2026-09-29 14:00:00-04:00,7715.25,7727.75,7715.0,7724.75,18777
2026-09-29 14:01:00-04:00,7724.75,7726.25,7721.5,7722.0,4853
2026-09-29 14:02:00-04:00,7722.0,7725.5,7722.0,7724.75,3566
2026-09-29 14:03:00-04:00,7724.75,7725.0,7721.75,7723.5,2167
2026-09-29 14:04:00-04:00,7723.0,7726.5,7721.75,7726.0,2581
2026-09-29 14:05:00-04:00,7726.0,7727.25,7724.75,7726.0,2284
2026-09-29 14:06:00-04:00,7726.0,7728.75,7725.5,7727.75,2508
2026-09-29 14:07:00-04:00,7727.75,7729.25,7723.25,7725.25,3577
2026-09-29 14:08:00-04:00,7725.0,7726.5,7722.25,7723.0,1762
2026-09-29 14:09:00-04:00,7723.0,7723.25,7718.5,7719.25,3026
2026-09-29 14:10:00-04:00,7719.25,7721.5,7719.0,7720.25,1799
2026-09-29 14:11:00-04:00,7720.25,7720.5,7718.5,7719.25,1112
2026-09-29 14:12:00-04:00,7719.25,7720.5,7719.0,7719.75,1125
2026-09-29 14:13:00-04:00,7719.75,7725.25,7719.75,7724.5,3016
2026-09-29 14:14:00-04:00,7724.25,7727.5,7724.25,7726.75,2880
2026-09-29 14:15:00-04:00,7726.5,7727.25,7725.5,7726.0,1407
2026-09-29 14:16:00-04:00,7726.25,7727.5,7725.75,7726.5,1206
2026-09-29 14:17:00-04:00,7726.25,7727.5,7725.5,7726.5,1081
2026-09-29 14:18:00-04:00,7726.5,7727.5,7725.75,7727.25,823
2026-09-29 14:19:00-04:00,7727.0,7728.75,7726.5,7727.75,1998
2026-09-29 14:20:00-04:00,7728.0,7729.5,7726.75,7729.25,1289
2026-09-29 14:21:00-04:00,7729.0,7730.25,7728.0,7729.5,2174
2026-09-29 14:22:00-04:00,7729.5,7732.5,7729.0,7732.0,2543
2026-09-29 14:23:00-04:00,7731.75,7733.0,7730.0,7730.0,2860
2026-09-29 14:24:00-04:00,7730.0,7731.0,7727.5,7727.75,1916
2026-09-29 14:25:00-04:00,7728.0,7729.0,7727.0,7727.0,1155
2026-09-29 14:26:00-04:00,7727.0,7729.0,7727.0,7728.0,972
2026-09-29 14:27:00-04:00,7728.0,7729.0,7727.25,7728.25,1098
2026-09-29 14:28:00-04:00,7728.0,7731.0,7728.0,7729.25,2140
2026-09-29 14:29:00-04:00,7729.25,7729.25,7728.0,7728.25,1575
2026-09-29 14:30:00-04:00,7728.25,7732.75,7725.5,7726.25,8270
2026-09-29 14:31:00-04:00,7726.5,7727.25,7724.25,7725.5,2221
2026-09-29 14:32:00-04:00,7725.5,7727.0,7725.25,7726.5,1211
2026-09-29 14:33:00-04:00,7726.25,7727.75,7725.25,7725.25,1175
2026-09-29 14:34:00-04:00,7725.5,7727.5,7725.25,7727.25,1051
2026-09-29 14:35:00-04:00,7727.0,7729.25,7726.25,7728.75,1013
2026-09-29 14:36:00-04:00,7728.75,7730.0,7728.0,7729.25,1739
2026-09-29 14:37:00-04:00,7729.25,7730.25,7728.75,7729.75,748
2026-09-29 14:38:00-04:00,7730.0,7735.5,7729.25,7735.25,3852
2026-09-29 14:39:00-04:00,7735.25,7738.0,7735.0,7737.5,4364
2026-09-29 14:40:00-04:00,7737.5,7740.0,7736.75,7740.0,3450
2026-09-29 14:41:00-04:00,7739.75,7741.75,7738.75,7740.0,3481
2026-09-29 14:42:00-04:00,7740.0,7740.5,7737.75,7738.5,2333
2026-09-29 14:43:00-04:00,7738.25,7738.5,7735.75,7736.25,2572
2026-09-29 14:44:00-04:00,7736.25,7737.75,7734.75,7737.25,1719
2026-09-29 14:45:00-04:00,7737.25,7738.5,7736.75,7737.5,1253
2026-09-29 14:46:00-04:00,7737.5,7737.5,7736.25,7736.5,1082
2026-09-29 14:47:00-04:00,7736.5,7736.5,7732.5,7733.25,3211
2026-09-29 14:48:00-04:00,7733.5,7735.0,7733.0,7734.75,1014
2026-09-29 14:49:00-04:00,7734.75,7736.0,7734.5,7735.0,808
2026-09-29 14:50:00-04:00,7735.25,7736.0,7733.75,7734.75,982
2026-09-29 14:51:00-04:00,7734.75,7736.5,7734.75,7735.75,738
2026-09-29 14:52:00-04:00,7735.5,7737.0,7735.0,7736.5,739
2026-09-29 14:53:00-04:00,7736.5,7736.75,7735.5,7736.25,595
2026-09-29 14:54:00-04:00,7736.25,7736.5,7734.5,7734.5,800
2026-09-29 14:55:00-04:00,7734.5,7735.75,7734.0,7735.25,756
2026-09-29 14:56:00-04:00,7735.25,7735.5,7734.75,7734.75,579
2026-09-29 14:57:00-04:00,7734.75,7735.75,7733.5,7734.25,971
2026-09-29 14:58:00-04:00,7734.25,7737.5,7734.0,7736.25,1284
2026-09-29 14:59:00-04:00,7736.25,7737.75,7736.0,7737.0,1372
2026-09-29 15:00:00-04:00,7737.25,7739.0,7737.0,7737.5,2331
2026-09-29 15:01:00-04:00,7737.25,7738.25,7736.25,7737.25,953
2026-09-29 15:02:00-04:00,7737.0,7737.5,7736.25,7737.0,621
2026-09-29 15:03:00-04:00,7737.25,7738.25,7736.75,7737.0,1179
2026-09-29 15:04:00-04:00,7737.0,7739.25,7735.75,7739.0,1165
2026-09-29 15:05:00-04:00,7738.75,7739.5,7737.25,7738.25,1141
2026-09-29 15:06:00-04:00,7738.25,7738.75,7737.0,7737.75,744
2026-09-29 15:07:00-04:00,7738.0,7738.0,7736.5,7737.5,889
2026-09-29 15:08:00-04:00,7737.5,7738.5,7736.5,7737.0,891
2026-09-29 15:09:00-04:00,7737.0,7737.5,7735.75,7735.75,659
2026-09-29 15:10:00-04:00,7735.75,7736.75,7735.25,7736.0,834
2026-09-29 15:11:00-04:00,7735.75,7737.0,7735.25,7735.75,810
2026-09-29 15:12:00-04:00,7735.75,7736.0,7733.25,7734.0,1332
2026-09-29 15:13:00-04:00,7734.0,7734.75,7733.0,7733.25,1003
2026-09-29 15:14:00-04:00,7733.5,7733.75,7731.75,7732.25,1871
2026-09-29 15:15:00-04:00,7732.5,7733.0,7731.25,7731.75,1202
2026-09-29 15:16:00-04:00,7732.0,7733.0,7731.5,7732.75,869
2026-09-29 15:17:00-04:00,7732.75,7732.75,7731.75,7732.5,547
2026-09-29 15:18:00-04:00,7732.25,7734.25,7732.25,7733.5,1947
2026-09-29 15:19:00-04:00,7733.75,7734.5,7732.25,7733.75,848
2026-09-29 15:20:00-04:00,7733.75,7733.75,7732.25,7733.25,1033
2026-09-29 15:21:00-04:00,7733.25,7735.0,7733.0,7734.75,828
2026-09-29 15:22:00-04:00,7735.0,7736.25,7734.5,7736.0,1481
2026-09-29 15:23:00-04:00,7735.75,7737.0,7735.5,7736.0,1212
2026-09-29 15:24:00-04:00,7736.25,7736.75,7733.75,7734.5,1250
2026-09-29 15:25:00-04:00,7734.5,7735.5,7733.25,7734.5,721
2026-09-29 15:26:00-04:00,7734.25,7735.5,7734.0,7734.5,980
2026-09-29 15:27:00-04:00,7734.5,7735.25,7734.25,7734.25,706
2026-09-29 15:28:00-04:00,7734.5,7734.5,7733.0,7733.5,796
2026-09-29 15:29:00-04:00,7733.75,7734.75,7733.0,7734.5,682
2026-09-29 15:30:00-04:00,7734.75,7735.25,7732.5,7733.25,1475
2026-09-29 15:31:00-04:00,7733.5,7735.5,7733.5,7735.5,802
2026-09-29 15:32:00-04:00,7735.5,7737.0,7734.75,7736.75,1049
2026-09-29 15:33:00-04:00,7736.75,7737.25,7735.25,7736.0,879
2026-09-29 15:34:00-04:00,7735.5,7735.5,7734.0,7734.5,765
2026-09-29 15:35:00-04:00,7734.25,7735.0,7733.25,7733.5,681
2026-09-29 15:36:00-04:00,7733.5,7734.5,7733.25,7733.75,578
2026-09-29 15:37:00-04:00,7734.0,7735.25,7733.75,7734.75,565
2026-09-29 15:38:00-04:00,7734.75,7735.5,7734.25,7735.25,776
2026-09-29 15:39:00-04:00,7735.25,7735.75,7733.5,7733.75,629
2026-09-29 15:40:00-04:00,7734.0,7734.25,7732.5,7733.25,945
2026-09-29 15:41:00-04:00,7733.0,7733.5,7731.25,7732.5,1272
2026-09-29 15:42:00-04:00,7732.5,7732.75,7731.75,7732.0,787
2026-09-29 15:43:00-04:00,7731.75,7732.0,7729.25,7729.5,2068
2026-09-29 15:44:00-04:00,7729.25,7731.0,7728.75,7730.0,1929
2026-09-29 15:45:00-04:00,7730.0,7730.0,7728.0,7728.5,2176
2026-09-29 15:46:00-04:00,7728.75,7730.25,7728.5,7730.0,1541
2026-09-29 15:47:00-04:00,7730.0,7732.5,7729.75,7732.0,1511
2026-09-29 15:48:00-04:00,7732.25,7732.5,7730.25,7731.0,807
2026-09-29 15:49:00-04:00,7731.25,7732.0,7731.0,7731.5,839
2026-09-29 15:50:00-04:00,7731.25,7733.0,7730.25,7732.0,3068
2026-09-29 15:51:00-04:00,7732.0,7734.0,7731.5,7733.5,2083
2026-09-29 15:52:00-04:00,7733.25,7734.75,7732.0,7734.25,1758
2026-09-29 15:53:00-04:00,7734.0,7735.25,7732.75,7734.75,2004
2026-09-29 15:54:00-04:00,7734.5,7737.5,7734.0,7735.25,4753
2026-09-29 15:55:00-04:00,7735.25,7735.25,7729.0,7730.5,6282
2026-09-29 15:56:00-04:00,7730.5,7731.0,7727.0,7729.25,4196
2026-09-29 15:57:00-04:00,7729.0,7733.25,7728.75,7733.0,3709
2026-09-29 15:58:00-04:00,7732.75,7733.75,7731.25,7731.5,5097
2026-09-29 15:59:00-04:00,7731.5,7734.25,7728.75,7732.75,23449
2026-09-29 16:00:00-04:00,7732.5,7737.5,7732.0,7737.25,6304
2026-09-29 16:01:00-04:00,7737.5,7738.5,7735.75,7735.75,1357
2026-09-29 16:02:00-04:00,7735.75,7737.75,7735.75,7737.25,599
2026-09-29 16:03:00-04:00,7737.0,7737.5,7736.25,7736.25,307
2026-09-29 16:04:00-04:00,7736.25,7736.5,7735.25,7736.0,335
2026-09-29 16:05:00-04:00,7736.25,7736.25,7733.75,7734.25,1017
2026-09-29 16:06:00-04:00,7734.25,7736.25,7734.25,7735.5,248
2026-09-29 16:07:00-04:00,7735.75,7736.0,7735.5,7735.5,116
2026-09-29 16:08:00-04:00,7735.5,7736.25,7735.25,7735.25,154
2026-09-29 16:09:00-04:00,7735.5,7735.5,7734.75,7735.0,298
2026-09-29 16:10:00-04:00,7735.25,7735.25,7734.25,7734.5,307
2026-09-29 16:11:00-04:00,7735.0,7735.5,7734.75,7735.5,117
2026-09-29 16:12:00-04:00,7735.75,7736.0,7735.25,7735.75,169
2026-09-29 16:13:00-04:00,7735.5,7736.0,7735.5,7736.0,244
2026-09-29 16:14:00-04:00,7736.0,7737.0,7735.5,7735.75,416
2026-09-29 16:15:00-04:00,7736.0,7736.0,7735.0,7735.25,355
2026-09-29 16:16:00-04:00,7735.25,7735.25,7734.75,7735.25,296
2026-09-29 16:17:00-04:00,7735.0,7735.25,7734.75,7735.0,165
2026-09-29 16:18:00-04:00,7735.25,7736.25,7735.0,7736.25,122
2026-09-29 16:19:00-04:00,7736.0,7736.5,7735.75,7736.5,80
2026-09-29 16:20:00-04:00,7736.5,7736.75,7736.25,7736.5,108
2026-09-29 16:21:00-04:00,7736.25,7736.5,7736.0,7736.5,161
2026-09-29 16:22:00-04:00,7736.5,7736.5,7736.0,7736.0,141
2026-09-29 16:23:00-04:00,7736.25,7736.25,7735.25,7735.5,169
2026-09-29 16:24:00-04:00,7735.5,7736.25,7735.25,7736.25,127
2026-09-29 16:25:00-04:00,7736.25,7737.0,7736.0,7736.75,292
2026-09-29 16:26:00-04:00,7736.75,7737.75,7736.75,7737.75,189
2026-09-29 16:27:00-04:00,7737.75,7737.75,7737.25,7737.25,234
2026-09-29 16:28:00-04:00,7737.5,7737.75,7737.0,7737.75,86
2026-09-29 16:29:00-04:00,7738.0,7738.75,7737.75,7738.25,366
2026-09-29 16:30:00-04:00,7738.25,7738.75,7738.0,7738.5,130
2026-09-29 16:31:00-04:00,7738.25,7738.5,7737.75,7737.75,51
2026-09-29 16:32:00-04:00,7737.75,7738.5,7737.5,7738.5,85
2026-09-29 16:33:00-04:00,7738.25,7739.75,7738.25,7739.75,282
2026-09-29 16:34:00-04:00,7739.75,7740.0,7739.5,7740.0,168
2026-09-29 16:35:00-04:00,7740.0,7740.0,7738.75,7739.0,326
2026-09-29 16:36:00-04:00,7739.0,7739.0,7738.25,7738.5,290
2026-09-29 16:37:00-04:00,7738.5,7739.5,7738.25,7739.5,241
2026-09-29 16:38:00-04:00,7739.5,7740.0,7739.25,7740.0,167
2026-09-29 16:39:00-04:00,7740.0,7740.5,7739.75,7740.5,275
2026-09-29 16:40:00-04:00,7740.25,7741.25,7740.0,7740.0,384
2026-09-29 16:41:00-04:00,7740.0,7740.5,7739.75,7740.5,166
2026-09-29 16:42:00-04:00,7740.25,7741.0,7740.0,7741.0,232
2026-09-29 16:43:00-04:00,7740.75,7741.0,7740.5,7740.5,113
2026-09-29 16:44:00-04:00,7740.75,7741.0,7740.25,7740.75,256
2026-09-29 16:45:00-04:00,7740.75,7741.0,7740.0,7740.0,259
2026-09-29 16:46:00-04:00,7740.0,7740.25,7739.5,7740.0,149
2026-09-29 16:47:00-04:00,7739.75,7740.25,7739.25,7740.0,154
2026-09-29 16:48:00-04:00,7739.75,7740.0,7739.25,7739.5,83
2026-09-29 16:49:00-04:00,7739.5,7739.75,7739.25,7739.75,106
2026-09-29 16:50:00-04:00,7739.75,7739.75,7738.5,7739.0,234
2026-09-29 16:51:00-04:00,7739.0,7739.25,7738.5,7738.75,55
2026-09-29 16:52:00-04:00,7738.75,7739.5,7738.75,7739.25,92
2026-09-29 16:53:00-04:00,7739.25,7739.25,7739.0,7739.0,52
2026-09-29 16:54:00-04:00,7739.0,7739.25,7739.0,7739.0,65
2026-09-29 16:55:00-04:00,7739.25,7739.5,7738.75,7739.25,255
2026-09-29 16:56:00-04:00,7739.0,7739.25,7738.75,7738.75,31
2026-09-29 16:57:00-04:00,7738.75,7738.75,7737.75,7738.25,373
2026-09-29 16:58:00-04:00,7738.25,7738.75,7738.25,7738.5,167
2026-09-29 16:59:00-04:00,7738.5,7739.0,7738.0,7738.25,217
2026-09-29 18:00:00-04:00,7739.0,7740.75,7738.5,7740.0,0
2026-09-29 18:01:00-04:00,7740.25,7742.25,7739.5,7741.75,347
2026-09-29 18:02:00-04:00,7742.0,7743.0,7741.75,7742.0,238
2026-09-29 18:03:00-04:00,7742.0,7744.5,7742.0,7744.25,287
2026-09-29 18:04:00-04:00,7744.0,7744.75,7743.75,7744.25,164
2026-09-29 18:05:00-04:00,7744.25,7746.0,7743.75,7745.5,385
2026-09-29 18:06:00-04:00,7745.0,7746.0,7744.75,7745.5,305
2026-09-29 18:07:00-04:00,7745.25,7746.0,7745.0,7745.25,145
2026-09-29 18:08:00-04:00,7745.0,7745.75,7744.75,7745.75,162
2026-09-29 18:09:00-04:00,7745.75,7746.0,7745.25,7746.0,75
2026-09-29 18:10:00-04:00,7745.5,7747.0,7745.25,7746.25,211
2026-09-29 18:11:00-04:00,7746.75,7746.75,7744.5,7744.5,274
2026-09-29 18:12:00-04:00,7745.0,7745.75,7744.75,7745.0,195
2026-09-29 18:13:00-04:00,7745.5,7745.75,7744.75,7745.25,113
2026-09-29 18:14:00-04:00,7745.0,7745.25,7744.25,7744.75,108
2026-09-29 18:15:00-04:00,7744.75,7746.25,7744.5,7745.75,368
2026-09-29 18:16:00-04:00,7745.75,7746.25,7745.75,7746.0,85
2026-09-29 18:17:00-04:00,7745.75,7746.0,7745.25,7745.75,60
2026-09-29 18:18:00-04:00,7745.75,7747.5,7745.5,7746.75,369
2026-09-29 18:19:00-04:00,7746.5,7748.75,7746.25,7748.0,308
2026-09-29 18:20:00-04:00,7748.5,7749.25,7748.0,7748.25,334
2026-09-29 18:21:00-04:00,7748.0,7748.0,7747.25,7747.5,127
2026-09-29 18:22:00-04:00,7747.25,7747.25,7746.0,7746.25,233
2026-09-29 18:23:00-04:00,7746.5,7746.75,7745.5,7745.75,178
2026-09-29 18:24:00-04:00,7745.75,7746.25,7745.75,7746.25,90
2026-09-29 18:25:00-04:00,7746.0,7746.75,7745.75,7746.25,133
2026-09-29 18:26:00-04:00,7746.0,7746.25,7745.5,7745.75,117
2026-09-29 18:27:00-04:00,7745.5,7746.0,7743.75,7744.0,609
2026-09-29 18:28:00-04:00,7744.0,7744.25,7743.25,7744.0,339
2026-09-29 18:29:00-04:00,7744.0,7744.0,7742.5,7743.75,256
2026-09-29 18:30:00-04:00,7743.5,7744.25,7740.75,7742.25,558
2026-09-29 18:31:00-04:00,7742.5,7743.0,7742.5,7742.75,183
2026-09-29 18:32:00-04:00,7742.75,7742.75,7742.0,7742.0,204
2026-09-29 18:33:00-04:00,7742.0,7742.75,7741.0,7742.0,371
2026-09-29 18:34:00-04:00,7741.75,7743.0,7741.5,7742.5,139
2026-09-29 18:35:00-04:00,7742.75,7743.0,7742.0,7742.25,49
2026-09-29 18:36:00-04:00,7742.0,7742.5,7741.75,7742.0,69
2026-09-29 18:37:00-04:00,7742.25,7743.25,7742.0,7743.0,96
2026-09-29 18:38:00-04:00,7742.75,7743.0,7742.5,7742.5,95
2026-09-29 18:39:00-04:00,7742.75,7742.75,7741.75,7742.25,131
2026-09-29 18:40:00-04:00,7742.25,7742.5,7742.25,7742.5,62
2026-09-29 18:41:00-04:00,7742.25,7743.25,7742.25,7743.0,78
2026-09-29 18:42:00-04:00,7742.75,7743.5,7742.75,7743.25,82
2026-09-29 18:43:00-04:00,7743.25,7743.25,7742.25,7742.5,65
2026-09-29 18:44:00-04:00,7742.75,7743.0,7742.5,7743.0,61
2026-09-29 18:45:00-04:00,7742.5,7743.0,7742.5,7743.0,51
2026-09-29 18:46:00-04:00,7743.0,7743.0,7742.25,7742.5,67
2026-09-29 18:47:00-04:00,7742.0,7742.75,7742.0,7742.5,77
2026-09-29 18:48:00-04:00,7742.5,7742.75,7742.25,7742.25,39
2026-09-29 18:49:00-04:00,7742.25,7742.75,7742.25,7742.5,20
2026-09-29 18:50:00-04:00,7742.5,7742.75,7742.5,7742.75,35
2026-09-29 18:51:00-04:00,7742.75,7743.0,7742.5,7742.75,80
2026-09-29 18:52:00-04:00,7742.5,7742.75,7742.25,7742.5,29
2026-09-29 18:53:00-04:00,7742.75,7743.5,7742.5,7743.25,82
2026-09-29 18:54:00-04:00,7743.0,7743.25,7742.5,7743.0,128
2026-09-29 18:55:00-04:00,7742.5,7742.75,7742.25,7742.75,82
2026-09-29 18:56:00-04:00,7742.75,7743.0,7742.5,7743.0,72
2026-09-29 18:57:00-04:00,7742.75,7742.75,7742.5,7742.75,70
2026-09-29 18:58:00-04:00,7742.5,7742.75,7742.25,7742.25,111
2026-09-29 18:59:00-04:00,7742.25,7742.5,7742.0,7742.5,92
2026-09-29 19:00:00-04:00,7742.5,7743.0,7742.25,7743.0,176
2026-09-29 19:01:00-04:00,7742.5,7742.75,7742.0,7742.0,57
2026-09-29 19:02:00-04:00,7742.0,7742.25,7741.75,7742.0,130
2026-09-29 19:03:00-04:00,7741.75,7742.5,7741.5,7742.0,102
2026-09-29 19:04:00-04:00,7742.0,7742.5,7741.75,7742.25,97
2026-09-29 19:05:00-04:00,7742.0,7742.25,7742.0,7742.25,27
2026-09-29 19:06:00-04:00,7742.25,7743.25,7741.75,7743.0,190
2026-09-29 19:07:00-04:00,7742.75,7742.75,7742.25,7742.5,90
2026-09-29 19:08:00-04:00,7742.25,7742.75,7742.25,7742.5,14
2026-09-29 19:09:00-04:00,7742.75,7742.75,7742.5,7742.75,50
2026-09-29 19:10:00-04:00,7742.75,7742.75,7742.5,7742.75,24
2026-09-29 19:11:00-04:00,7742.75,7743.25,7742.5,7743.0,68
2026-09-29 19:12:00-04:00,7743.25,7743.25,7743.0,7743.25,98
2026-09-29 19:13:00-04:00,7743.5,7744.0,7743.25,7743.75,129
2026-09-29 19:14:00-04:00,7744.0,7744.0,7743.5,7743.5,48
2026-09-29 19:15:00-04:00,7743.5,7744.0,7743.5,7743.75,58
2026-09-29 19:16:00-04:00,7743.75,7744.0,7743.5,7743.75,23
2026-09-29 19:17:00-04:00,7743.75,7744.5,7743.5,7744.25,99
2026-09-29 19:18:00-04:00,7744.5,7744.5,7743.75,7743.75,67
2026-09-29 19:19:00-04:00,7744.0,7744.0,7743.5,7743.75,62
2026-09-29 19:20:00-04:00,7743.75,7744.0,7743.75,7744.0,38
2026-09-29 19:21:00-04:00,7743.75,7744.0,7743.25,7743.5,115
2026-09-29 19:22:00-04:00,7743.75,7743.75,7742.75,7743.0,66
2026-09-29 19:23:00-04:00,7743.0,7744.0,7742.75,7743.5,63
2026-09-29 19:24:00-04:00,7743.75,7743.75,7743.25,7743.25,19
2026-09-29 19:25:00-04:00,7743.25,7743.75,7743.25,7743.25,17
2026-09-29 19:26:00-04:00,7743.5,7744.0,7743.5,7743.75,62
2026-09-29 19:27:00-04:00,7744.0,7744.75,7744.0,7744.5,98
2026-09-29 19:28:00-04:00,7744.5,7744.75,7744.5,7744.75,95
2026-09-29 19:29:00-04:00,7744.75,7745.0,7744.5,7744.75,83
2026-09-29 19:30:00-04:00,7744.75,7745.0,7744.0,7744.0,93
2026-09-29 19:31:00-04:00,7744.0,7744.25,7743.5,7744.0,124
2026-09-29 19:32:00-04:00,7743.75,7744.5,7743.75,7744.5,58
2026-09-29 19:33:00-04:00,7744.75,7745.0,7744.25,7744.75,70
2026-09-29 19:34:00-04:00,7744.75,7745.75,7744.5,7745.75,206
2026-09-29 19:35:00-04:00,7745.5,7746.75,7745.5,7746.75,351
2026-09-29 19:36:00-04:00,7746.5,7747.0,7746.25,7746.5,162
2026-09-29 19:37:00-04:00,7746.5,7747.0,7746.5,7746.75,51
2026-09-29 19:38:00-04:00,7746.75,7748.25,7746.75,7747.75,322
2026-09-29 19:39:00-04:00,7748.0,7748.25,7747.75,7747.75,103
2026-09-29 19:40:00-04:00,7747.75,7748.0,7747.0,7747.0,206
2026-09-29 19:41:00-04:00,7747.0,7748.25,7747.0,7747.5,126
2026-09-29 19:42:00-04:00,7747.75,7747.75,7746.5,7746.5,100
2026-09-29 19:43:00-04:00,7746.75,7747.25,7746.5,7746.5,111
2026-09-29 19:44:00-04:00,7746.5,7747.25,7746.5,7747.0,68
2026-09-29 19:45:00-04:00,7747.25,7747.25,7746.5,7747.0,185
2026-09-29 19:46:00-04:00,7747.0,7748.0,7746.75,7747.75,130
2026-09-29 19:47:00-04:00,7748.0,7748.5,7747.75,7748.5,214
2026-09-29 19:48:00-04:00,7748.25,7749.25,7748.25,7749.0,273
2026-09-29 19:49:00-04:00,7749.25,7750.0,7749.0,7749.0,411
2026-09-29 19:50:00-04:00,7748.75,7748.75,7748.0,7748.0,132
2026-09-29 19:51:00-04:00,7748.25,7748.25,7747.75,7747.75,156
2026-09-29 19:52:00-04:00,7747.75,7748.5,7747.75,7748.25,67
2026-09-29 19:53:00-04:00,7748.25,7749.5,7748.25,7748.5,181
2026-09-29 19:54:00-04:00,7748.5,7749.25,7748.25,7749.0,59
2026-09-29 19:55:00-04:00,7748.75,7750.75,7748.75,7750.5,403
2026-09-29 19:56:00-04:00,7750.5,7750.75,7749.75,7750.0,230
2026-09-29 19:57:00-04:00,7749.75,7750.25,7749.75,7749.75,92
2026-09-29 19:58:00-04:00,7750.0,7750.0,7749.5,7749.75,115
2026-09-29 19:59:00-04:00,7749.75,7750.75,7749.25,7750.75,185
2026-09-29 20:00:00-04:00,7750.5,7750.75,7749.0,7750.5,478
2026-09-29 20:01:00-04:00,7750.25,7750.5,7749.0,7749.75,265
2026-09-29 20:02:00-04:00,7749.5,7750.25,7749.0,7749.5,145
2026-09-29 20:03:00-04:00,7749.25,7750.75,7749.0,7749.75,235
2026-09-29 20:04:00-04:00,7749.75,7750.0,7749.25,7749.75,118
2026-09-29 20:05:00-04:00,7750.0,7754.0,7749.5,7752.75,1408
2026-09-29 20:06:00-04:00,7752.75,7754.0,7752.25,7753.25,456
2026-09-29 20:07:00-04:00,7753.0,7753.75,7752.5,7753.0,192
2026-09-29 20:08:00-04:00,7752.75,7753.0,7751.75,7752.0,183
2026-09-29 20:09:00-04:00,7752.25,7753.0,7752.25,7752.25,115
2026-09-29 20:10:00-04:00,7752.5,7752.5,7751.5,7751.5,217
2026-09-29 20:11:00-04:00,7751.75,7751.75,7750.75,7751.25,230
2026-09-29 20:12:00-04:00,7751.25,7752.75,7751.0,7752.75,197
2026-09-29 20:13:00-04:00,7752.5,7753.25,7752.25,7752.75,231
2026-09-29 20:14:00-04:00,7752.75,7753.25,7752.25,7752.75,204
2026-09-29 20:15:00-04:00,7752.5,7753.75,7752.25,7753.0,555
2026-09-29 20:16:00-04:00,7752.75,7753.0,7752.0,7752.25,96
2026-09-29 20:17:00-04:00,7752.0,7752.75,7750.25,7750.25,502
2026-09-29 20:18:00-04:00,7750.5,7751.0,7749.5,7749.75,421
2026-09-29 20:19:00-04:00,7749.5,7750.0,7749.25,7749.75,232
2026-09-29 20:20:00-04:00,7749.75,7750.0,7749.0,7749.25,258
2026-09-29 20:21:00-04:00,7749.5,7750.25,7749.5,7750.0,162
2026-09-29 20:22:00-04:00,7750.0,7750.0,7748.5,7748.75,317
2026-09-29 20:23:00-04:00,7748.5,7749.5,7748.5,7749.25,145
2026-09-29 20:24:00-04:00,7749.25,7749.5,7748.75,7749.0,163
2026-09-29 20:25:00-04:00,7749.25,7749.5,7748.25,7748.75,221
2026-09-29 20:26:00-04:00,7748.5,7749.25,7748.25,7749.25,114
2026-09-29 20:27:00-04:00,7749.0,7749.0,7747.0,7747.25,370
2026-09-29 20:28:00-04:00,7747.25,7748.0,7746.75,7748.0,199
2026-09-29 20:29:00-04:00,7748.0,7748.5,7747.75,7748.0,183
2026-09-29 20:30:00-04:00,7747.75,7748.75,7747.25,7748.25,221
2026-09-29 20:31:00-04:00,7748.0,7748.5,7747.5,7748.0,65
2026-09-29 20:32:00-04:00,7748.25,7749.0,7748.0,7749.0,115
2026-09-29 20:33:00-04:00,7749.0,7749.75,7748.75,7749.75,244
2026-09-29 20:34:00-04:00,7749.75,7749.75,7749.0,7749.5,63
2026-09-29 20:35:00-04:00,7749.5,7750.0,7747.25,7747.5,263
2026-09-29 20:36:00-04:00,7747.25,7748.0,7746.25,7746.25,373
2026-09-29 20:37:00-04:00,7746.25,7746.5,7745.5,7746.0,421
2026-09-29 20:38:00-04:00,7746.0,7746.25,7745.0,7745.0,273
2026-09-29 20:39:00-04:00,7745.25,7745.5,7744.75,7745.0,242
2026-09-29 20:40:00-04:00,7745.25,7745.5,7744.75,7745.5,193
2026-09-29 20:41:00-04:00,7745.25,7746.75,7745.25,7746.25,227
2026-09-29 20:42:00-04:00,7746.0,7746.5,7745.75,7746.0,99
2026-09-29 20:43:00-04:00,7746.0,7746.25,7745.5,7745.75,58
2026-09-29 20:44:00-04:00,7745.75,7746.0,7745.25,7745.75,74
2026-09-29 20:45:00-04:00,7745.5,7745.75,7744.75,7745.25,187
2026-09-29 20:46:00-04:00,7745.0,7745.5,7744.75,7745.25,150
2026-09-29 20:47:00-04:00,7745.25,7745.25,7743.75,7744.25,332
2026-09-29 20:48:00-04:00,7744.25,7744.5,7743.0,7743.0,280
2026-09-29 20:49:00-04:00,7743.0,7744.25,7742.75,7743.75,534
2026-09-29 20:50:00-04:00,7743.5,7744.0,7742.75,7743.25,185
2026-09-29 20:51:00-04:00,7743.25,7743.25,7742.25,7742.75,378
2026-09-29 20:52:00-04:00,7742.5,7743.5,7742.5,7743.25,123
2026-09-29 20:53:00-04:00,7743.0,7743.75,7743.0,7743.75,143
2026-09-29 20:54:00-04:00,7743.25,7743.75,7742.5,7742.75,165
2026-09-29 20:55:00-04:00,7743.0,7744.25,7743.0,7743.75,206
2026-09-29 20:56:00-04:00,7744.0,7744.5,7743.75,7744.0,171
2026-09-29 20:57:00-04:00,7744.0,7744.75,7743.5,7744.75,149
2026-09-29 20:58:00-04:00,7744.75,7745.25,7744.25,7744.5,140
2026-09-29 20:59:00-04:00,7744.5,7744.5,7744.0,7744.25,58
2026-09-29 21:00:00-04:00,7744.25,7744.75,7743.25,7744.0,365
2026-09-29 21:01:00-04:00,7744.0,7745.0,7743.75,7744.5,162
2026-09-29 21:02:00-04:00,7744.5,7745.5,7744.5,7745.5,224
2026-09-29 21:03:00-04:00,7745.25,7745.25,7744.25,7744.5,179
2026-09-29 21:04:00-04:00,7744.75,7745.5,7744.75,7745.0,149
2026-09-29 21:05:00-04:00,7744.75,7745.25,7744.25,7744.25,105
2026-09-29 21:06:00-04:00,7744.75,7744.75,7742.75,7742.75,234
2026-09-29 21:07:00-04:00,7742.75,7743.5,7742.25,7743.25,297
2026-09-29 21:08:00-04:00,7743.25,7743.5,7742.25,7742.5,124
2026-09-29 21:09:00-04:00,7742.75,7743.75,7742.5,7743.5,291
2026-09-29 21:10:00-04:00,7743.25,7743.5,7742.25,7742.75,118
2026-09-29 21:11:00-04:00,7742.75,7743.25,7742.5,7742.5,104
2026-09-29 21:12:00-04:00,7742.75,7743.25,7742.0,7742.25,105
2026-09-29 21:13:00-04:00,7742.25,7742.5,7741.25,7742.0,459
2026-09-29 21:14:00-04:00,7742.0,7743.0,7742.0,7742.5,216
2026-09-29 21:15:00-04:00,7742.5,7743.0,7742.25,7743.0,112
2026-09-29 21:16:00-04:00,7742.75,7743.25,7742.0,7742.0,90
2026-09-29 21:17:00-04:00,7742.0,7743.25,7742.0,7742.5,217
2026-09-29 21:18:00-04:00,7742.75,7743.25,7742.5,7742.5,124
2026-09-29 21:19:00-04:00,7742.5,7743.0,7742.5,7743.0,103
2026-09-29 21:20:00-04:00,7742.75,7743.25,7742.25,7743.0,100
2026-09-29 21:21:00-04:00,7743.5,7743.75,7742.0,7742.5,265
2026-09-29 21:22:00-04:00,7742.5,7743.0,7742.25,7742.5,73
2026-09-29 21:23:00-04:00,7743.0,7743.75,7742.5,7743.0,101
2026-09-29 21:24:00-04:00,7742.75,7743.0,7741.5,7742.0,178
2026-09-29 21:25:00-04:00,7742.25,7742.5,7741.5,7742.25,78
2026-09-29 21:26:00-04:00,7742.25,7742.5,7741.5,7742.25,75
2026-09-29 21:27:00-04:00,7742.25,7742.5,7741.75,7742.0,123
2026-09-29 21:28:00-04:00,7742.25,7742.25,7741.0,7741.75,182
2026-09-29 21:29:00-04:00,7741.5,7741.75,7741.0,7741.0,114
2026-09-29 21:30:00-04:00,7741.0,7742.25,7740.25,7742.25,562
2026-09-29 21:31:00-04:00,7741.75,7743.75,7741.25,7743.25,326
2026-09-29 21:32:00-04:00,7743.25,7744.5,7742.75,7744.5,273
2026-09-29 21:33:00-04:00,7744.25,7744.75,7742.75,7744.25,284
2026-09-29 21:34:00-04:00,7744.75,7745.25,7744.25,7744.5,221
2026-09-29 21:35:00-04:00,7744.5,7746.25,7744.5,7746.0,452
2026-09-29 21:36:00-04:00,7745.75,7746.25,7744.75,7746.0,215
2026-09-29 21:37:00-04:00,7745.75,7746.0,7743.75,7744.0,153
2026-09-29 21:38:00-04:00,7744.0,7744.5,7741.75,7742.25,376
2026-09-29 21:39:00-04:00,7742.5,7743.25,7742.5,7743.25,138
2026-09-29 21:40:00-04:00,7743.25,7744.25,7743.0,7744.0,176
2026-09-29 21:41:00-04:00,7744.25,7745.5,7744.0,7744.25,115
2026-09-29 21:42:00-04:00,7744.25,7745.0,7743.75,7743.75,119
2026-09-29 21:43:00-04:00,7744.0,7745.0,7743.75,7744.5,75
2026-09-29 21:44:00-04:00,7744.75,7745.0,7744.0,7744.0,111
2026-09-29 21:45:00-04:00,7744.25,7744.25,7743.25,7743.25,185
2026-09-29 21:46:00-04:00,7743.5,7745.0,7743.5,7744.25,127
2026-09-29 21:47:00-04:00,7744.5,7745.0,7743.75,7744.5,81
2026-09-29 21:48:00-04:00,7744.75,7745.5,7744.0,7744.0,79
2026-09-29 21:49:00-04:00,7744.25,7745.0,7744.0,7745.0,95
2026-09-29 21:50:00-04:00,7745.0,7745.25,7744.25,7745.0,134
2026-09-29 21:51:00-04:00,7744.75,7745.25,7744.5,7745.25,85
2026-09-29 21:52:00-04:00,7744.75,7744.75,7744.0,7744.25,104
2026-09-29 21:53:00-04:00,7744.25,7745.0,7744.0,7745.0,69
2026-09-29 21:54:00-04:00,7744.75,7746.0,7744.75,7745.75,225
2026-09-29 21:55:00-04:00,7745.5,7746.0,7745.25,7745.75,177
2026-09-29 21:56:00-04:00,7745.75,7745.75,7744.5,7744.75,90
2026-09-29 21:57:00-04:00,7745.0,7747.0,7745.0,7746.5,278
2026-09-29 21:58:00-04:00,7746.5,7746.75,7745.75,7746.25,136
2026-09-29 21:59:00-04:00,7746.5,7747.0,7746.25,7746.75,123
2026-09-29 22:00:00-04:00,7746.75,7748.0,7746.75,7747.5,298
2026-09-29 22:01:00-04:00,7747.5,7748.75,7747.25,7748.25,503
2026-09-29 22:02:00-04:00,7748.0,7748.25,7747.0,7747.0,264
2026-09-29 22:03:00-04:00,7747.25,7747.75,7747.0,7747.75,121
2026-09-29 22:04:00-04:00,7748.0,7748.25,7746.75,7747.0,152
2026-09-29 22:05:00-04:00,7747.25,7747.5,7746.5,7746.5,163
2026-09-29 22:06:00-04:00,7746.5,7747.25,7746.5,7746.75,162
2026-09-29 22:07:00-04:00,7746.75,7748.0,7746.75,7747.75,162
2026-09-29 22:08:00-04:00,7747.75,7747.75,7745.0,7745.0,451
2026-09-29 22:09:00-04:00,7745.25,7745.25,7744.5,7745.0,647
2026-09-29 22:10:00-04:00,7745.0,7745.25,7743.75,7743.75,341
2026-09-29 22:11:00-04:00,7743.75,7744.25,7743.0,7743.0,225
2026-09-29 22:12:00-04:00,7743.0,7743.5,7742.25,7742.5,262
2026-09-29 22:13:00-04:00,7742.5,7745.75,7742.25,7745.25,291
2026-09-29 22:14:00-04:00,7745.5,7745.5,7744.5,7744.5,229
2026-09-29 22:15:00-04:00,7745.0,7746.5,7744.5,7745.75,280
2026-09-29 22:16:00-04:00,7745.75,7746.75,7745.5,7746.0,188
2026-09-29 22:17:00-04:00,7746.0,7748.0,7745.75,7746.75,291
2026-09-29 22:18:00-04:00,7747.25,7747.25,7745.5,7746.5,198
2026-09-29 22:19:00-04:00,7746.75,7747.0,7746.25,7746.75,142
2026-09-29 22:20:00-04:00,7746.5,7746.75,7745.75,7746.25,201
2026-09-29 22:21:00-04:00,7746.25,7747.75,7746.25,7747.75,134
2026-09-29 22:22:00-04:00,7747.25,7748.5,7747.25,7748.0,114
2026-09-29 22:23:00-04:00,7748.0,7748.5,7746.75,7747.25,142
2026-09-29 22:24:00-04:00,7747.25,7747.5,7746.5,7747.0,133
2026-09-29 22:25:00-04:00,7746.75,7746.75,7746.0,7746.25,111
2026-09-29 22:26:00-04:00,7746.0,7747.0,7745.5,7745.75,257
2026-09-29 22:27:00-04:00,7745.75,7746.0,7745.25,7745.5,96
2026-09-29 22:28:00-04:00,7745.5,7746.25,7745.0,7746.25,102
2026-09-29 22:29:00-04:00,7745.75,7746.5,7745.5,7746.0,83
2026-09-29 22:30:00-04:00,7746.0,7746.25,7745.25,7745.5,124
2026-09-29 22:31:00-04:00,7745.5,7746.5,7745.0,7745.75,90
2026-09-29 22:32:00-04:00,7745.75,7745.75,7743.25,7743.75,298
2026-09-29 22:33:00-04:00,7743.75,7743.75,7743.0,7743.25,212
2026-09-29 22:34:00-04:00,7743.25,7743.5,7742.0,7742.5,262
2026-09-29 22:35:00-04:00,7742.5,7744.25,7742.5,7744.0,203
2026-09-29 22:36:00-04:00,7743.75,7744.0,7743.25,7743.75,97
2026-09-29 22:37:00-04:00,7743.75,7744.0,7742.5,7742.75,137
2026-09-29 22:38:00-04:00,7742.75,7742.75,7741.0,7742.0,335
2026-09-29 22:39:00-04:00,7742.0,7742.75,7742.0,7742.75,194
2026-09-29 22:40:00-04:00,7742.25,7743.0,7742.0,7742.75,72
2026-09-29 22:41:00-04:00,7742.75,7742.75,7741.0,7741.25,122
2026-09-29 22:42:00-04:00,7741.5,7742.0,7741.25,7741.5,122
2026-09-29 22:43:00-04:00,7742.0,7742.75,7741.5,7742.75,112
2026-09-29 22:44:00-04:00,7742.5,7743.25,7742.25,7743.25,89
2026-09-29 22:45:00-04:00,7742.75,7743.5,7742.5,7743.0,159
2026-09-29 22:46:00-04:00,7743.25,7745.75,7743.0,7745.25,444
2026-09-29 22:47:00-04:00,7745.25,7746.75,7745.0,7746.25,270
2026-09-29 22:48:00-04:00,7746.5,7746.5,7745.25,7745.25,107
2026-09-29 22:49:00-04:00,7745.25,7745.5,7745.0,7745.5,118
2026-09-29 22:50:00-04:00,7745.0,7745.0,7744.25,7744.75,113
2026-09-29 22:51:00-04:00,7744.75,7745.0,7744.5,7745.0,36
2026-09-29 22:52:00-04:00,7745.0,7745.75,7745.0,7745.25,136
2026-09-29 22:53:00-04:00,7745.25,7746.0,7745.0,7745.0,128
2026-09-29 22:54:00-04:00,7745.25,7746.0,7745.0,7746.0,56
2026-09-29 22:55:00-04:00,7745.75,7745.75,7745.25,7745.25,57
2026-09-29 22:56:00-04:00,7745.5,7746.0,7744.75,7744.75,97
2026-09-29 22:57:00-04:00,7744.5,7744.75,7743.25,7743.5,135
2026-09-29 22:58:00-04:00,7743.5,7743.75,7742.5,7742.5,113
2026-09-29 22:59:00-04:00,7742.5,7743.5,7742.0,7743.25,124
2026-09-29 23:00:00-04:00,7743.0,7744.5,7743.0,7743.75,104
2026-09-29 23:01:00-04:00,7743.5,7743.75,7743.0,7743.25,83
2026-09-29 23:02:00-04:00,7743.5,7744.25,7743.5,7743.75,81
2026-09-29 23:03:00-04:00,7744.25,7745.0,7744.25,7744.25,59
2026-09-29 23:04:00-04:00,7744.75,7745.25,7744.75,7745.25,44
2026-09-29 23:05:00-04:00,7745.25,7745.25,7744.5,7745.0,36
2026-09-29 23:06:00-04:00,7745.0,7745.0,7744.25,7744.25,96
2026-09-29 23:07:00-04:00,7744.25,7744.25,7742.75,7743.75,218
2026-09-29 23:08:00-04:00,7743.5,7743.75,7743.25,7743.75,84
2026-09-29 23:09:00-04:00,7743.5,7743.75,7743.0,7743.75,41
2026-09-29 23:10:00-04:00,7743.5,7743.75,7742.75,7742.75,226
2026-09-29 23:11:00-04:00,7743.0,7743.5,7742.25,7743.5,198
2026-09-29 23:12:00-04:00,7743.5,7744.25,7743.5,7743.75,141
2026-09-29 23:13:00-04:00,7744.0,7744.0,7743.0,7743.25,80
2026-09-29 23:14:00-04:00,7743.25,7743.5,7743.0,7743.5,21
2026-09-29 23:15:00-04:00,7743.75,7744.5,7743.75,7744.5,103
2026-09-29 23:16:00-04:00,7744.5,7744.75,7743.5,7743.5,118
2026-09-29 23:17:00-04:00,7743.75,7743.75,7742.75,7743.0,139
2026-09-29 23:18:00-04:00,7743.0,7743.5,7743.0,7743.25,51
2026-09-29 23:19:00-04:00,7743.25,7743.75,7743.25,7743.5,33
2026-09-29 23:20:00-04:00,7743.5,7743.5,7742.75,7743.5,82
2026-09-29 23:21:00-04:00,7743.5,7744.0,7743.5,7743.5,105
2026-09-29 23:22:00-04:00,7743.75,7744.5,7743.75,7744.25,64
2026-09-29 23:23:00-04:00,7744.25,7744.75,7744.0,7744.5,36
2026-09-29 23:24:00-04:00,7744.5,7744.75,7743.75,7743.75,67
2026-09-29 23:25:00-04:00,7743.75,7743.75,7743.0,7743.0,66
2026-09-29 23:26:00-04:00,7743.0,7743.25,7742.5,7743.0,112
2026-09-29 23:27:00-04:00,7743.25,7744.0,7743.0,7744.0,68
2026-09-29 23:28:00-04:00,7744.0,7744.5,7744.0,7744.0,48
2026-09-29 23:29:00-04:00,7744.0,7744.75,7744.0,7744.75,34
2026-09-29 23:30:00-04:00,7744.5,7744.75,7743.75,7744.5,239
2026-09-29 23:31:00-04:00,7744.5,7746.0,7744.5,7745.75,161
2026-09-29 23:32:00-04:00,7746.0,7747.25,7745.75,7746.75,247
2026-09-29 23:33:00-04:00,7747.0,7748.5,7746.75,7748.5,215
2026-09-29 23:34:00-04:00,7748.25,7748.5,7747.0,7747.25,158
2026-09-29 23:35:00-04:00,7747.5,7747.5,7745.75,7746.5,193
2026-09-29 23:36:00-04:00,7746.5,7748.5,7746.25,7748.5,175
2026-09-29 23:37:00-04:00,7748.5,7750.75,7747.75,7750.25,637
2026-09-29 23:38:00-04:00,7750.0,7750.25,7749.25,7749.5,190
2026-09-29 23:39:00-04:00,7749.5,7750.0,7749.0,7749.25,209
2026-09-29 23:40:00-04:00,7749.25,7750.0,7749.25,7749.5,184
2026-09-29 23:41:00-04:00,7749.25,7750.0,7748.75,7749.0,87
2026-09-29 23:42:00-04:00,7749.25,7749.75,7748.5,7748.75,96
2026-09-29 23:43:00-04:00,7748.75,7749.5,7748.5,7749.5,57
2026-09-29 23:44:00-04:00,7749.5,7749.5,7747.75,7748.25,101
2026-09-29 23:45:00-04:00,7748.0,7749.0,7747.75,7747.75,105
2026-09-29 23:46:00-04:00,7748.0,7748.25,7747.25,7747.75,170
2026-09-29 23:47:00-04:00,7748.25,7749.5,7748.0,7748.75,114
2026-09-29 23:48:00-04:00,7749.0,7749.0,7748.0,7748.0,45
2026-09-29 23:49:00-04:00,7748.25,7748.75,7748.25,7748.75,72
2026-09-29 23:50:00-04:00,7748.75,7749.25,7748.25,7749.25,48
2026-09-29 23:51:00-04:00,7749.0,7750.0,7748.75,7748.75,125
2026-09-29 23:52:00-04:00,7749.0,7749.5,7748.75,7748.75,52
2026-09-29 23:53:00-04:00,7749.0,7749.25,7749.0,7749.0,28
2026-09-29 23:54:00-04:00,7749.0,7750.0,7748.75,7749.5,58
2026-09-29 23:55:00-04:00,7749.75,7750.0,7749.25,7749.75,70
2026-09-29 23:56:00-04:00,7749.75,7750.0,7749.25,7749.5,44
2026-09-29 23:57:00-04:00,7749.5,7749.5,7749.25,7749.25,66
2026-09-29 23:58:00-04:00,7749.0,7749.25,7748.75,7748.75,59
2026-09-30 00:09:00-04:00,7749.25,7749.5,7748.75,7749.5,88
2026-09-30 00:10:00-04:00,7749.25,7750.5,7749.25,7750.0,114
2026-09-30 00:11:00-04:00,7750.5,7750.75,7750.25,7750.5,109
2026-09-30 00:12:00-04:00,7750.25,7750.5,7750.0,7750.0,45
2026-09-30 00:13:00-04:00,7750.25,7750.25,7749.5,7749.5,64
2026-09-30 00:14:00-04:00,7749.75,7750.25,7749.75,7750.25,50
2026-09-30 00:15:00-04:00,7750.25,7751.25,7750.25,7750.75,93
2026-09-30 00:16:00-04:00,7750.75,7750.75,7749.5,7750.0,117
2026-09-30 00:17:00-04:00,7750.25,7750.5,7749.75,7750.0,71
2026-09-30 00:18:00-04:00,7750.0,7751.0,7750.0,7751.0,99
2026-09-30 00:19:00-04:00,7750.75,7751.0,7750.5,7751.0,22
2026-09-30 00:20:00-04:00,7750.75,7751.25,7750.75,7750.75,132
2026-09-30 00:21:00-04:00,7750.5,7751.0,7750.25,7750.75,35
2026-09-30 00:22:00-04:00,7751.0,7751.25,7750.75,7750.75,39
2026-09-30 00:23:00-04:00,7750.5,7750.5,7749.25,7750.0,135
2026-09-30 00:24:00-04:00,7750.0,7750.25,7749.75,7750.25,44
2026-09-30 00:25:00-04:00,7750.25,7751.0,7750.25,7750.75,64
2026-09-30 00:26:00-04:00,7750.75,7751.5,7750.25,7751.5,47
2026-09-30 00:27:00-04:00,7751.25,7751.25,7750.75,7751.0,45
2026-09-30 00:28:00-04:00,7751.0,7751.0,7750.5,7750.5,30
2026-09-30 00:29:00-04:00,7750.5,7751.0,7750.5,7751.0,29
2026-09-30 00:30:00-04:00,7750.5,7750.5,7749.75,7750.25,44
2026-09-30 00:31:00-04:00,7750.25,7751.75,7750.25,7751.75,151
2026-09-30 00:32:00-04:00,7751.75,7752.5,7751.25,7752.5,286
2026-09-30 00:33:00-04:00,7752.25,7752.75,7751.75,7752.75,136
2026-09-30 00:34:00-04:00,7752.75,7753.0,7752.0,7752.0,252
2026-09-30 00:35:00-04:00,7752.0,7753.25,7752.0,7753.0,108
2026-09-30 00:36:00-04:00,7753.0,7753.0,7752.25,7752.5,57
2026-09-30 00:37:00-04:00,7752.5,7752.5,7752.0,7752.5,50
2026-09-30 00:38:00-04:00,7752.5,7753.0,7752.25,7752.75,85
2026-09-30 00:39:00-04:00,7753.0,7753.0,7752.75,7753.0,45
2026-09-30 00:40:00-04:00,7752.5,7753.5,7752.5,7752.5,77
2026-09-30 00:41:00-04:00,7752.25,7753.25,7752.0,7753.0,52
2026-09-30 00:42:00-04:00,7753.0,7753.25,7752.75,7753.0,74
2026-09-30 00:43:00-04:00,7752.75,7753.0,7752.75,7752.75,35
2026-09-30 00:44:00-04:00,7752.75,7752.75,7752.0,7752.25,148
2026-09-30 00:45:00-04:00,7752.25,7752.5,7752.25,7752.25,58
2026-09-30 00:46:00-04:00,7752.0,7752.5,7751.5,7751.5,142
2026-09-30 00:47:00-04:00,7751.5,7752.0,7751.25,7751.75,56
2026-09-30 00:48:00-04:00,7752.0,7752.0,7751.5,7751.5,82
2026-09-30 00:49:00-04:00,7751.75,7752.0,7750.75,7751.0,104
2026-09-30 00:50:00-04:00,7751.0,7751.25,7750.0,7750.0,142
2026-09-30 00:51:00-04:00,7749.75,7750.0,7749.0,7749.25,158
2026-09-30 00:52:00-04:00,7749.25,7750.25,7749.25,7750.0,111
2026-09-30 00:53:00-04:00,7750.0,7750.0,7749.5,7749.75,59
2026-09-30 00:54:00-04:00,7750.0,7750.5,7749.25,7749.25,30
2026-09-30 00:55:00-04:00,7749.0,7749.25,7748.75,7748.75,110
2026-09-30 00:56:00-04:00,7748.75,7749.25,7748.75,7749.25,96
2026-09-30 00:57:00-04:00,7749.0,7749.5,7749.0,7749.5,15
2026-09-30 00:58:00-04:00,7749.5,7750.25,7749.25,7750.25,94
2026-09-30 00:59:00-04:00,7750.0,7750.5,7749.75,7750.25,73
2026-09-30 01:00:00-04:00,7750.25,7752.0,7750.0,7751.5,170
2026-09-30 01:01:00-04:00,7751.75,7752.25,7750.5,7751.0,172
2026-09-30 01:02:00-04:00,7751.0,7751.0,7749.25,7749.5,117
2026-09-30 01:03:00-04:00,7749.25,7749.25,7748.75,7748.75,268
2026-09-30 01:04:00-04:00,7748.5,7749.0,7748.25,7748.5,177
2026-09-30 01:05:00-04:00,7748.25,7748.25,7747.0,7747.25,175
2026-09-30 01:06:00-04:00,7747.75,7748.75,7747.75,7748.5,138
2026-09-30 01:07:00-04:00,7748.5,7748.75,7748.0,7748.25,95
2026-09-30 01:08:00-04:00,7748.5,7748.75,7747.75,7747.75,62
2026-09-30 01:09:00-04:00,7747.75,7748.5,7747.5,7748.25,59
2026-09-30 01:10:00-04:00,7748.0,7748.0,7746.5,7746.5,195
2026-09-30 01:11:00-04:00,7747.0,7748.25,7746.5,7747.5,287
2026-09-30 01:12:00-04:00,7747.5,7747.5,7745.75,7745.75,248
2026-09-30 01:13:00-04:00,7745.75,7745.75,7744.75,7745.0,364
2026-09-30 01:14:00-04:00,7745.25,7745.75,7744.25,7744.5,100
2026-09-30 01:15:00-04:00,7744.25,7744.5,7741.5,7741.5,578
2026-09-30 01:16:00-04:00,7741.75,7743.25,7741.5,7742.5,344
2026-09-30 01:17:00-04:00,7743.0,7744.25,7743.0,7744.0,97
2026-09-30 01:18:00-04:00,7743.75,7745.5,7743.75,7745.0,205
2026-09-30 01:19:00-04:00,7744.75,7745.75,7744.25,7745.25,127
2026-09-30 01:20:00-04:00,7745.75,7746.75,7744.75,7745.75,251
2026-09-30 01:21:00-04:00,7746.25,7746.75,7746.0,7746.25,80
2026-09-30 01:22:00-04:00,7746.25,7746.75,7745.0,7745.75,105
2026-09-30 01:23:00-04:00,7745.75,7745.75,7744.5,7745.5,72
2026-09-30 01:24:00-04:00,7745.5,7746.5,7745.25,7746.0,66
2026-09-30 01:25:00-04:00,7746.25,7746.5,7744.25,7744.5,114
2026-09-30 01:26:00-04:00,7744.25,7744.75,7743.75,7744.0,75
2026-09-30 01:27:00-04:00,7744.0,7744.75,7743.5,7744.5,68
2026-09-30 01:28:00-04:00,7744.25,7745.75,7744.25,7745.5,83
2026-09-30 01:29:00-04:00,7745.5,7746.25,7745.25,7746.0,70
2026-09-30 01:30:00-04:00,7745.75,7747.0,7745.75,7747.0,111
2026-09-30 01:31:00-04:00,7746.5,7747.25,7746.0,7746.75,117
2026-09-30 01:32:00-04:00,7746.5,7748.25,7746.5,7747.0,204
2026-09-30 01:33:00-04:00,7747.0,7747.75,7747.0,7747.25,97
2026-09-30 01:34:00-04:00,7747.0,7747.75,7747.0,7747.5,72
2026-09-30 01:35:00-04:00,7747.5,7749.5,7747.25,7749.25,330
2026-09-30 01:36:00-04:00,7749.25,7749.5,7748.5,7748.5,159
2026-09-30 01:37:00-04:00,7748.5,7748.5,7747.5,7748.0,111
2026-09-30 01:38:00-04:00,7748.25,7748.25,7746.5,7747.0,103
2026-09-30 01:39:00-04:00,7747.0,7747.0,7745.0,7745.5,141
2026-09-30 01:40:00-04:00,7745.5,7745.75,7744.25,7745.5,118
2026-09-30 01:41:00-04:00,7745.25,7746.0,7745.0,7745.75,139
2026-09-30 01:42:00-04:00,7746.0,7746.5,7745.75,7746.25,83
2026-09-30 01:43:00-04:00,7746.25,7746.75,7745.5,7745.5,87
2026-09-30 01:44:00-04:00,7745.5,7746.75,7745.5,7746.0,131
2026-09-30 01:45:00-04:00,7746.0,7747.25,7745.5,7746.0,213
2026-09-30 01:46:00-04:00,7746.0,7746.25,7744.25,7744.25,257
2026-09-30 01:47:00-04:00,7744.5,7744.75,7743.25,7744.0,236
2026-09-30 01:48:00-04:00,7744.25,7744.25,7743.75,7744.25,82
2026-09-30 01:49:00-04:00,7744.5,7744.75,7744.0,7744.5,111
2026-09-30 01:50:00-04:00,7744.75,7744.75,7744.5,7744.75,63
2026-09-30 01:51:00-04:00,7744.75,7745.0,7743.75,7744.25,73
2026-09-30 01:52:00-04:00,7744.0,7744.5,7744.0,7744.0,37
2026-09-30 01:53:00-04:00,7744.0,7744.25,7742.5,7743.25,162
2026-09-30 01:54:00-04:00,7743.25,7743.5,7742.0,7742.25,242
2026-09-30 01:55:00-04:00,7742.0,7742.5,7741.5,7741.75,137
2026-09-30 01:56:00-04:00,7741.75,7742.5,7741.25,7742.5,177
2026-09-30 01:57:00-04:00,7742.75,7743.0,7742.5,7742.75,56
2026-09-30 01:58:00-04:00,7742.75,7750.0,7742.5,7749.0,1685
2026-09-30 01:59:00-04:00,7748.75,7749.25,7745.75,7746.0,438
2026-09-30 02:00:00-04:00,7746.0,7748.5,7745.0,7748.25,358
2026-09-30 02:01:00-04:00,7747.75,7749.25,7746.75,7747.0,247
2026-09-30 02:02:00-04:00,7747.0,7748.0,7745.75,7747.25,189
2026-09-30 02:03:00-04:00,7747.25,7747.25,7744.5,7744.75,262
2026-09-30 02:04:00-04:00,7744.75,7745.5,7744.0,7745.5,130
2026-09-30 02:05:00-04:00,7746.0,7746.75,7745.5,7746.25,84
2026-09-30 02:06:00-04:00,7746.25,7746.25,7745.25,7745.25,124
2026-09-30 02:07:00-04:00,7745.5,7745.75,7744.5,7745.5,65
2026-09-30 02:08:00-04:00,7745.5,7746.25,7744.25,7744.5,112
2026-09-30 02:09:00-04:00,7744.75,7746.25,7744.75,7745.5,136
2026-09-30 02:10:00-04:00,7745.5,7746.5,7745.5,7746.0,66
2026-09-30 02:11:00-04:00,7746.0,7746.75,7745.25,7745.75,72
2026-09-30 02:12:00-04:00,7746.0,7747.0,7745.0,7745.0,169
2026-09-30 02:13:00-04:00,7745.0,7746.25,7744.5,7745.0,75
2026-09-30 02:14:00-04:00,7745.25,7745.75,7744.25,7744.25,67
2026-09-30 02:15:00-04:00,7744.25,7745.0,7744.0,7744.75,154
2026-09-30 02:16:00-04:00,7744.5,7746.25,7744.5,7746.25,93
2026-09-30 02:17:00-04:00,7746.25,7747.0,7746.0,7746.25,151
2026-09-30 02:18:00-04:00,7746.25,7746.5,7745.25,7745.5,67
2026-09-30 02:19:00-04:00,7745.5,7746.0,7745.0,7745.75,85
2026-09-30 02:20:00-04:00,7745.75,7747.25,7745.0,7746.75,142
2026-09-30 02:21:00-04:00,7746.75,7746.75,7745.5,7746.25,69
2026-09-30 02:22:00-04:00,7746.25,7747.0,7745.25,7746.0,180
2026-09-30 02:23:00-04:00,7746.0,7746.25,7745.0,7745.75,107
2026-09-30 02:24:00-04:00,7745.5,7745.5,7745.0,7745.5,45
2026-09-30 02:25:00-04:00,7745.0,7745.0,7744.25,7744.75,94
2026-09-30 02:26:00-04:00,7744.75,7745.0,7744.0,7744.75,78
2026-09-30 02:27:00-04:00,7744.5,7745.0,7744.5,7744.75,72
2026-09-30 02:28:00-04:00,7745.0,7745.25,7742.75,7742.75,188
2026-09-30 02:29:00-04:00,7743.0,7743.5,7742.0,7742.75,224
2026-09-30 02:30:00-04:00,7742.5,7743.5,7740.75,7741.5,341
2026-09-30 02:31:00-04:00,7741.75,7742.5,7741.25,7741.75,96
2026-09-30 02:32:00-04:00,7741.75,7741.75,7740.25,7741.25,201
2026-09-30 02:33:00-04:00,7741.5,7741.5,7739.25,7739.25,316
2026-09-30 02:34:00-04:00,7739.0,7740.5,7738.5,7739.0,352
2026-09-30 02:35:00-04:00,7739.25,7739.75,7738.75,7739.25,215
2026-09-30 02:36:00-04:00,7739.5,7740.0,7739.0,7740.0,241
2026-09-30 02:37:00-04:00,7740.0,7740.0,7737.75,7738.75,348
2026-09-30 02:38:00-04:00,7738.75,7740.25,7737.5,7737.75,665
2026-09-30 02:39:00-04:00,7738.0,7739.0,7736.5,7737.0,278
2026-09-30 02:40:00-04:00,7737.0,7738.25,7736.75,7737.5,106
2026-09-30 02:41:00-04:00,7737.25,7737.25,7735.5,7736.25,296
2026-09-30 02:42:00-04:00,7736.5,7739.0,7736.5,7739.0,179
2026-09-30 02:43:00-04:00,7738.75,7739.0,7738.0,7738.0,93
2026-09-30 02:44:00-04:00,7738.0,7739.25,7737.5,7738.75,156
2026-09-30 02:45:00-04:00,7738.5,7738.75,7735.5,7736.75,505
2026-09-30 02:46:00-04:00,7736.5,7736.75,7735.25,7736.25,106
2026-09-30 02:47:00-04:00,7736.25,7736.75,7733.75,7734.75,409
2026-09-30 02:48:00-04:00,7735.0,7735.0,7734.0,7734.25,147
2026-09-30 02:49:00-04:00,7734.25,7737.0,7734.25,7736.75,194
2026-09-30 02:50:00-04:00,7737.0,7738.25,7737.0,7737.75,212
2026-09-30 02:51:00-04:00,7737.5,7739.0,7737.25,7738.75,151
2026-09-30 02:52:00-04:00,7738.5,7741.0,7738.25,7740.75,335
2026-09-30 02:53:00-04:00,7740.5,7740.5,7739.5,7740.25,135
2026-09-30 02:54:00-04:00,7740.25,7740.25,7739.25,7740.25,107
2026-09-30 02:55:00-04:00,7740.25,7743.25,7740.25,7743.0,322
2026-09-30 02:56:00-04:00,7743.0,7743.25,7741.0,7741.5,98
2026-09-30 02:57:00-04:00,7741.5,7742.25,7740.5,7741.75,140
2026-09-30 02:58:00-04:00,7741.75,7742.0,7741.0,7741.0,68
2026-09-30 02:59:00-04:00,7740.75,7740.75,7738.75,7739.0,304
2026-09-30 03:00:00-04:00,7739.0,7739.75,7738.0,7739.5,510
2026-09-30 03:01:00-04:00,7739.25,7742.25,7739.0,7742.0,266
2026-09-30 03:02:00-04:00,7742.25,7744.25,7741.5,7744.0,304
2026-09-30 03:03:00-04:00,7743.75,7745.25,7743.5,7744.5,263
2026-09-30 03:04:00-04:00,7744.5,7745.5,7744.5,7745.25,204
2026-09-30 03:05:00-04:00,7745.25,7747.5,7745.25,7747.25,378
2026-09-30 03:06:00-04:00,7747.0,7747.25,7744.0,7745.75,191
2026-09-30 03:07:00-04:00,7745.5,7747.5,7745.25,7747.25,226
2026-09-30 03:08:00-04:00,7747.25,7748.0,7746.25,7747.0,269
2026-09-30 03:09:00-04:00,7747.0,7747.0,7744.75,7745.5,185
2026-09-30 03:10:00-04:00,7745.75,7747.75,7745.5,7747.25,97
2026-09-30 03:11:00-04:00,7747.25,7748.0,7745.75,7746.0,146
2026-09-30 03:12:00-04:00,7746.25,7748.25,7746.25,7747.25,89
2026-09-30 03:13:00-04:00,7747.25,7748.75,7747.0,7748.75,133
2026-09-30 03:14:00-04:00,7748.5,7749.5,7748.25,7748.75,204
2026-09-30 03:15:00-04:00,7749.0,7752.5,7748.75,7752.0,465
2026-09-30 03:16:00-04:00,7752.25,7755.25,7751.25,7755.25,760
2026-09-30 03:17:00-04:00,7755.0,7755.25,7752.5,7752.75,499
2026-09-30 03:18:00-04:00,7752.75,7753.5,7751.5,7753.0,320
2026-09-30 03:19:00-04:00,7753.25,7753.75,7752.75,7753.5,84
2026-09-30 03:20:00-04:00,7753.5,7754.0,7752.5,7752.5,142
2026-09-30 03:21:00-04:00,7752.5,7754.0,7752.5,7753.75,183
2026-09-30 03:22:00-04:00,7754.0,7754.0,7751.5,7752.25,176
2026-09-30 03:23:00-04:00,7752.25,7755.0,7752.0,7754.75,216
2026-09-30 03:24:00-04:00,7754.75,7755.0,7752.75,7753.0,177
2026-09-30 03:25:00-04:00,7753.0,7753.0,7751.75,7752.5,163
2026-09-30 03:26:00-04:00,7752.75,7753.5,7752.0,7752.5,206
2026-09-30 03:27:00-04:00,7752.75,7752.75,7749.75,7750.0,402
2026-09-30 03:28:00-04:00,7750.0,7750.25,7748.5,7749.5,344
2026-09-30 03:29:00-04:00,7749.25,7749.5,7748.0,7749.25,134
2026-09-30 03:30:00-04:00,7749.25,7751.5,7748.5,7751.25,377
2026-09-30 03:31:00-04:00,7751.25,7751.5,7749.0,7750.0,177
2026-09-30 03:32:00-04:00,7750.0,7751.5,7750.0,7751.0,87
2026-09-30 03:33:00-04:00,7751.0,7752.0,7750.75,7750.75,89
2026-09-30 03:34:00-04:00,7750.75,7751.25,7750.5,7751.25,46
2026-09-30 03:35:00-04:00,7751.25,7753.0,7751.25,7753.0,176
2026-09-30 03:36:00-04:00,7752.75,7753.5,7752.25,7752.75,142
2026-09-30 03:37:00-04:00,7752.5,7752.75,7751.75,7752.5,56
2026-09-30 03:38:00-04:00,7752.5,7752.5,7751.25,7752.5,121
2026-09-30 03:39:00-04:00,7752.5,7753.5,7752.5,7753.25,97
2026-09-30 03:40:00-04:00,7753.0,7754.5,7753.0,7754.25,195
2026-09-30 03:41:00-04:00,7754.25,7754.5,7753.0,7753.5,67
2026-09-30 03:42:00-04:00,7753.5,7753.5,7752.5,7752.75,102
2026-09-30 03:43:00-04:00,7753.25,7753.5,7752.5,7752.75,48
2026-09-30 03:44:00-04:00,7753.0,7753.0,7751.5,7751.75,81
2026-09-30 03:45:00-04:00,7751.75,7753.5,7751.5,7753.0,103
2026-09-30 03:46:00-04:00,7752.75,7753.75,7752.75,7753.0,57
2026-09-30 03:47:00-04:00,7753.25,7753.25,7752.25,7752.75,62
2026-09-30 03:48:00-04:00,7752.75,7754.0,7752.75,7753.75,112
2026-09-30 03:49:00-04:00,7753.5,7753.75,7752.75,7753.75,51
2026-09-30 03:50:00-04:00,7753.75,7754.5,7753.75,7754.25,77
2026-09-30 03:51:00-04:00,7754.25,7755.25,7753.75,7754.25,164
2026-09-30 03:52:00-04:00,7754.25,7754.5,7753.75,7754.0,34
2026-09-30 03:53:00-04:00,7754.0,7754.25,7752.75,7752.75,65
2026-09-30 03:54:00-04:00,7752.75,7754.0,7752.75,7753.5,80
2026-09-30 03:55:00-04:00,7754.0,7754.75,7753.5,7753.75,154
2026-09-30 03:56:00-04:00,7753.25,7753.75,7752.5,7753.5,108
2026-09-30 03:57:00-04:00,7753.75,7753.75,7753.0,7753.5,44
2026-09-30 03:58:00-04:00,7753.0,7753.5,7752.75,7753.5,52
2026-09-30 03:59:00-04:00,7753.5,7754.75,7753.25,7754.25,86
2026-09-30 04:00:00-04:00,7753.75,7753.75,7752.5,7753.0,198
2026-09-30 04:01:00-04:00,7753.25,7756.5,7753.25,7755.75,643
2026-09-30 04:02:00-04:00,7755.25,7755.5,7753.25,7754.25,256
2026-09-30 04:03:00-04:00,7754.0,7756.25,7753.75,7755.5,207
2026-09-30 04:04:00-04:00,7755.5,7755.75,7753.0,7753.75,212
2026-09-30 04:05:00-04:00,7753.75,7753.75,7752.0,7752.0,213
2026-09-30 04:06:00-04:00,7752.0,7752.5,7751.5,7751.75,155
2026-09-30 04:07:00-04:00,7752.0,7752.75,7750.75,7752.0,316
2026-09-30 04:08:00-04:00,7752.0,7752.25,7750.75,7751.5,160
2026-09-30 04:09:00-04:00,7751.25,7751.75,7749.5,7750.75,212
2026-09-30 04:10:00-04:00,7750.5,7750.75,7749.0,7749.25,124
2026-09-30 04:11:00-04:00,7749.25,7750.5,7748.5,7750.5,195
2026-09-30 04:12:00-04:00,7750.0,7752.0,7750.0,7751.25,133
2026-09-30 04:13:00-04:00,7751.0,7751.75,7749.5,7749.5,162
2026-09-30 04:14:00-04:00,7749.5,7750.25,7748.5,7749.5,121
2026-09-30 04:15:00-04:00,7749.5,7750.5,7747.75,7750.0,358
2026-09-30 04:16:00-04:00,7749.75,7750.25,7749.5,7750.25,97
2026-09-30 04:17:00-04:00,7750.5,7751.0,7748.5,7749.5,293
2026-09-30 04:18:00-04:00,7750.0,7751.25,7750.0,7751.25,117
2026-09-30 04:19:00-04:00,7751.25,7751.75,7748.75,7749.0,187
2026-09-30 04:20:00-04:00,7749.0,7750.25,7748.75,7750.0,141
2026-09-30 04:21:00-04:00,7750.25,7750.5,7749.5,7750.25,101
2026-09-30 04:22:00-04:00,7750.5,7750.75,7749.75,7750.0,49
2026-09-30 04:23:00-04:00,7750.5,7750.5,7749.5,7750.0,104
2026-09-30 04:24:00-04:00,7749.75,7751.0,7749.75,7750.75,67
2026-09-30 04:25:00-04:00,7750.5,7751.0,7750.0,7750.5,92
2026-09-30 04:26:00-04:00,7750.75,7751.5,7750.0,7751.5,125
2026-09-30 04:27:00-04:00,7751.25,7751.5,7750.75,7751.25,104
2026-09-30 04:28:00-04:00,7751.25,7751.75,7750.75,7751.75,147
2026-09-30 04:29:00-04:00,7751.5,7752.25,7751.0,7751.0,147
2026-09-30 04:30:00-04:00,7751.25,7751.25,7749.0,7749.5,176
2026-09-30 04:31:00-04:00,7749.25,7749.5,7748.25,7749.25,139
2026-09-30 04:32:00-04:00,7749.5,7750.5,7749.25,7750.25,160
2026-09-30 04:33:00-04:00,7750.0,7751.25,7749.75,7751.25,79
2026-09-30 04:34:00-04:00,7751.5,7752.5,7751.5,7752.25,157
2026-09-30 04:35:00-04:00,7752.25,7752.25,7751.25,7751.25,85
2026-09-30 04:36:00-04:00,7751.5,7751.5,7750.25,7750.5,90
2026-09-30 04:37:00-04:00,7750.25,7750.75,7749.5,7750.25,117
2026-09-30 04:38:00-04:00,7750.25,7750.75,7750.0,7750.75,60
2026-09-30 04:39:00-04:00,7750.75,7750.75,7749.25,7749.25,85
2026-09-30 04:40:00-04:00,7749.5,7749.75,7749.0,7749.0,139
2026-09-30 04:41:00-04:00,7749.0,7749.0,7747.5,7748.0,143
2026-09-30 04:42:00-04:00,7748.0,7748.0,7746.0,7747.5,328
2026-09-30 04:43:00-04:00,7747.5,7748.0,7746.25,7746.75,86
2026-09-30 04:44:00-04:00,7746.75,7747.0,7746.0,7746.25,115
2026-09-30 04:45:00-04:00,7746.5,7746.75,7745.75,7746.25,117
2026-09-30 04:46:00-04:00,7746.0,7748.5,7746.0,7748.25,203
2026-09-30 04:47:00-04:00,7748.25,7749.0,7747.0,7747.25,109
2026-09-30 04:48:00-04:00,7747.0,7749.0,7747.0,7749.0,125
2026-09-30 04:49:00-04:00,7749.0,7749.0,7747.75,7748.5,47
2026-09-30 04:50:00-04:00,7748.75,7748.75,7747.5,7748.25,54
2026-09-30 04:51:00-04:00,7748.25,7748.25,7747.25,7747.25,77
2026-09-30 04:52:00-04:00,7747.5,7748.25,7747.25,7748.25,84
2026-09-30 04:53:00-04:00,7748.0,7748.0,7746.5,7746.5,75
2026-09-30 04:54:00-04:00,7746.5,7747.0,7745.25,7745.25,195
2026-09-30 04:55:00-04:00,7745.25,7745.75,7744.5,7745.25,185
2026-09-30 04:56:00-04:00,7745.0,7746.25,7745.0,7746.0,125
2026-09-30 04:57:00-04:00,7746.0,7746.0,7745.0,7745.25,95
2026-09-30 04:58:00-04:00,7745.25,7745.5,7745.0,7745.25,61
2026-09-30 04:59:00-04:00,7745.25,7745.5,7743.0,7743.5,314
2026-09-30 05:00:00-04:00,7743.25,7744.0,7742.25,7742.75,278
2026-09-30 05:01:00-04:00,7742.75,7743.75,7742.75,7743.25,109
2026-09-30 05:02:00-04:00,7743.25,7743.75,7742.25,7743.5,112
2026-09-30 05:03:00-04:00,7743.25,7743.5,7741.75,7743.0,174
2026-09-30 05:04:00-04:00,7742.75,7743.75,7742.75,7743.5,116
2026-09-30 05:05:00-04:00,7743.5,7743.75,7742.75,7743.0,82
2026-09-30 05:06:00-04:00,7743.25,7743.25,7741.0,7741.75,291
2026-09-30 05:07:00-04:00,7742.0,7742.0,7741.0,7741.5,150
2026-09-30 05:08:00-04:00,7741.25,7744.0,7739.5,7740.0,1696
2026-09-30 05:09:00-04:00,7740.0,7740.25,7737.5,7739.25,439
2026-09-30 05:10:00-04:00,7739.25,7740.25,7738.75,7739.0,331
2026-09-30 05:11:00-04:00,7739.0,7740.5,7739.0,7740.0,136
2026-09-30 05:12:00-04:00,7740.0,7742.0,7740.0,7741.5,225
2026-09-30 05:13:00-04:00,7741.5,7743.25,7741.5,7742.25,190
2026-09-30 05:14:00-04:00,7742.5,7744.5,7742.25,7744.5,221
2026-09-30 05:15:00-04:00,7744.25,7745.0,7744.0,7745.0,192
2026-09-30 05:16:00-04:00,7745.0,7745.25,7742.25,7742.5,272
2026-09-30 05:17:00-04:00,7743.0,7743.0,7742.25,7742.75,45
2026-09-30 05:18:00-04:00,7742.75,7743.5,7742.25,7743.25,91
2026-09-30 05:19:00-04:00,7743.25,7743.75,7743.0,7743.25,40
2026-09-30 05:20:00-04:00,7743.0,7743.75,7743.0,7743.0,75
2026-09-30 05:21:00-04:00,7742.75,7742.75,7741.75,7741.75,136
2026-09-30 05:22:00-04:00,7741.5,7742.5,7741.25,7742.5,91
2026-09-30 05:23:00-04:00,7741.75,7743.0,7741.5,7741.75,65
2026-09-30 05:24:00-04:00,7741.5,7742.25,7741.25,7741.75,76
2026-09-30 05:25:00-04:00,7741.75,7742.0,7741.25,7741.75,58
2026-09-30 05:26:00-04:00,7741.75,7742.25,7740.0,7740.25,213
2026-09-30 05:27:00-04:00,7740.5,7740.75,7740.0,7740.5,165
2026-09-30 05:28:00-04:00,7740.25,7741.75,7740.25,7741.0,182
2026-09-30 05:29:00-04:00,7740.75,7741.75,7739.75,7741.0,72
2026-09-30 05:30:00-04:00,7741.0,7742.0,7740.75,7741.75,78
2026-09-30 05:31:00-04:00,7741.75,7742.5,7741.25,7742.5,242
2026-09-30 05:32:00-04:00,7742.25,7745.5,7742.25,7744.75,275
2026-09-30 05:33:00-04:00,7745.0,7746.0,7745.0,7745.75,116
2026-09-30 05:34:00-04:00,7745.75,7745.75,7744.0,7744.25,122
2026-09-30 05:35:00-04:00,7744.0,7744.0,7743.25,7743.25,117
2026-09-30 05:36:00-04:00,7743.5,7744.0,7743.25,7743.75,62
2026-09-30 05:37:00-04:00,7743.75,7744.25,7742.25,7742.5,68
2026-09-30 05:38:00-04:00,7742.5,7742.75,7742.0,7742.0,70
2026-09-30 05:39:00-04:00,7742.0,7742.0,7739.75,7740.5,222
2026-09-30 05:40:00-04:00,7740.75,7740.75,7740.0,7740.25,115
2026-09-30 05:41:00-04:00,7740.25,7741.0,7739.5,7739.5,201
2026-09-30 05:42:00-04:00,7739.75,7740.25,7738.5,7738.5,273
2026-09-30 05:43:00-04:00,7738.75,7738.75,7737.0,7738.0,318
2026-09-30 05:44:00-04:00,7737.75,7739.25,7737.75,7739.25,122
2026-09-30 05:45:00-04:00,7739.25,7740.0,7739.0,7739.5,159
2026-09-30 05:46:00-04:00,7739.25,7739.75,7738.75,7739.25,109
2026-09-30 05:47:00-04:00,7739.25,7739.75,7738.75,7739.5,74
2026-09-30 05:48:00-04:00,7739.75,7740.0,7738.5,7738.5,66
2026-09-30 05:49:00-04:00,7739.0,7740.0,7738.5,7739.5,55
2026-09-30 05:50:00-04:00,7739.25,7740.25,7738.75,7740.25,154
2026-09-30 05:51:00-04:00,7740.0,7740.0,7739.5,7739.75,45
2026-09-30 05:52:00-04:00,7739.75,7740.25,7739.0,7740.25,124
2026-09-30 05:53:00-04:00,7740.25,7740.25,7738.75,7739.0,75
2026-09-30 05:54:00-04:00,7738.75,7739.75,7738.75,7739.75,21
2026-09-30 05:55:00-04:00,7739.5,7740.75,7739.0,7740.5,118
2026-09-30 05:56:00-04:00,7740.25,7740.75,7739.75,7740.25,90
2026-09-30 05:57:00-04:00,7740.25,7741.0,7740.25,7740.5,126
2026-09-30 05:58:00-04:00,7740.5,7741.0,7740.25,7740.75,101
2026-09-30 05:59:00-04:00,7740.5,7741.0,7739.5,7740.25,100
2026-09-30 06:00:00-04:00,7740.25,7740.5,7738.0,7739.0,152
2026-09-30 06:01:00-04:00,7739.0,7740.0,7739.0,7739.5,90
2026-09-30 06:02:00-04:00,7739.25,7739.75,7738.25,7739.25,69
2026-09-30 06:03:00-04:00,7739.0,7740.0,7739.0,7739.0,95
2026-09-30 06:04:00-04:00,7738.75,7739.5,7737.5,7737.75,187
2026-09-30 06:05:00-04:00,7737.75,7739.0,7737.75,7738.25,125
2026-09-30 06:06:00-04:00,7738.0,7738.25,7737.25,7738.0,101
2026-09-30 06:07:00-04:00,7738.25,7738.75,7738.0,7738.5,57
2026-09-30 06:08:00-04:00,7738.25,7738.25,7737.5,7737.75,60
2026-09-30 06:09:00-04:00,7738.0,7738.0,7736.75,7737.25,179
2026-09-30 06:10:00-04:00,7737.25,7737.5,7736.75,7736.75,79
2026-09-30 06:11:00-04:00,7736.75,7737.0,7735.25,7735.25,271
2026-09-30 06:12:00-04:00,7735.25,7736.0,7734.5,7735.5,255
2026-09-30 06:13:00-04:00,7735.5,7737.25,7735.5,7737.0,142
2026-09-30 06:14:00-04:00,7737.0,7737.25,7734.25,7734.5,547
2026-09-30 06:15:00-04:00,7734.5,7736.0,7733.75,7735.25,576
2026-09-30 06:16:00-04:00,7735.25,7735.25,7732.75,7735.0,406
2026-09-30 06:17:00-04:00,7735.0,7737.0,7735.0,7736.0,290
2026-09-30 06:18:00-04:00,7736.0,7737.0,7733.25,7734.75,527
2026-09-30 06:19:00-04:00,7734.75,7738.5,7733.75,7736.0,637
2026-09-30 06:20:00-04:00,7735.5,7737.5,7735.25,7737.0,203
2026-09-30 06:21:00-04:00,7737.0,7737.75,7736.0,7737.0,230
2026-09-30 06:22:00-04:00,7737.25,7737.5,7736.0,7736.75,99
2026-09-30 06:23:00-04:00,7736.75,7738.0,7736.5,7736.5,107
2026-09-30 06:24:00-04:00,7736.5,7737.5,7734.75,7737.5,275
2026-09-30 06:25:00-04:00,7737.25,7738.25,7737.0,7738.0,107
2026-09-30 06:26:00-04:00,7738.0,7738.0,7737.0,7738.0,105
2026-09-30 06:27:00-04:00,7737.75,7737.75,7735.5,7735.5,139
2026-09-30 06:28:00-04:00,7735.25,7736.0,7735.0,7735.75,89
2026-09-30 06:29:00-04:00,7735.5,7736.0,7734.75,7734.75,81
2026-09-30 06:30:00-04:00,7734.75,7735.0,7733.5,7734.0,242
2026-09-30 06:31:00-04:00,7734.25,7735.0,7733.5,7734.0,161
2026-09-30 06:32:00-04:00,7734.0,7734.75,7733.25,7734.25,123
2026-09-30 06:33:00-04:00,7734.0,7735.5,7734.0,7735.5,96
2026-09-30 06:34:00-04:00,7735.5,7735.5,7733.75,7734.0,271
2026-09-30 06:35:00-04:00,7734.25,7735.0,7732.25,7733.25,401
2026-09-30 06:36:00-04:00,7733.75,7734.25,7733.5,7734.25,57
2026-09-30 06:37:00-04:00,7733.75,7734.0,7733.0,7733.5,85
2026-09-30 06:38:00-04:00,7733.5,7735.25,7733.5,7735.0,159
2026-09-30 06:39:00-04:00,7735.0,7735.75,7734.25,7735.0,181
2026-09-30 06:40:00-04:00,7735.0,7735.25,7734.25,7734.5,98
2026-09-30 06:41:00-04:00,7734.5,7734.5,7733.5,7733.75,85
2026-09-30 06:42:00-04:00,7733.75,7735.75,7733.75,7735.25,123
2026-09-30 06:43:00-04:00,7735.25,7735.75,7734.75,7735.5,72
2026-09-30 06:44:00-04:00,7735.75,7736.0,7734.0,7734.25,189
2026-09-30 06:45:00-04:00,7734.25,7734.5,7733.25,7733.5,100
2026-09-30 06:46:00-04:00,7733.75,7734.25,7733.5,7733.5,51
2026-09-30 06:47:00-04:00,7733.75,7734.25,7733.25,7733.25,108
2026-09-30 06:48:00-04:00,7733.25,7733.75,7733.0,7733.25,111
2026-09-30 06:49:00-04:00,7733.5,7733.75,7732.75,7733.5,60
2026-09-30 06:50:00-04:00,7733.75,7734.25,7733.0,7733.5,76
2026-09-30 06:51:00-04:00,7733.5,7734.25,7733.25,7734.0,74
2026-09-30 06:52:00-04:00,7734.25,7735.5,7734.25,7734.5,89
2026-09-30 06:53:00-04:00,7734.5,7734.75,7733.75,7734.75,130
2026-09-30 06:54:00-04:00,7734.5,7735.5,7734.5,7735.0,67
2026-09-30 06:55:00-04:00,7734.5,7735.25,7734.25,7735.0,78
2026-09-30 06:56:00-04:00,7735.0,7736.75,7734.75,7735.0,525
2026-09-30 06:57:00-04:00,7734.75,7736.0,7734.25,7735.25,218
2026-09-30 06:58:00-04:00,7735.25,7735.5,7733.0,7733.25,209
2026-09-30 06:59:00-04:00,7733.75,7734.25,7733.0,7733.25,147
2026-09-30 07:00:00-04:00,7733.0,7733.0,7730.5,7730.75,958
2026-09-30 07:01:00-04:00,7731.0,7731.0,7729.5,7730.0,433
2026-09-30 07:02:00-04:00,7730.25,7730.5,7729.25,7729.5,114
2026-09-30 07:03:00-04:00,7729.75,7730.75,7729.25,7729.75,258
2026-09-30 07:04:00-04:00,7729.75,7730.0,7728.75,7729.5,315
2026-09-30 07:05:00-04:00,7729.5,7730.5,7729.0,7729.75,262
2026-09-30 07:06:00-04:00,7729.75,7729.75,7728.25,7728.25,309
2026-09-30 07:07:00-04:00,7728.25,7728.25,7725.25,7725.5,789
2026-09-30 07:08:00-04:00,7725.5,7727.0,7725.5,7726.5,313
2026-09-30 07:09:00-04:00,7726.75,7727.75,7725.0,7725.5,545
2026-09-30 07:10:00-04:00,7725.75,7725.75,7720.75,7722.0,1516
2026-09-30 07:11:00-04:00,7721.75,7723.5,7720.75,7723.25,375
2026-09-30 07:12:00-04:00,7722.75,7725.0,7722.75,7724.0,327
2026-09-30 07:13:00-04:00,7724.0,7725.25,7723.25,7723.5,245
2026-09-30 07:14:00-04:00,7723.5,7724.5,7722.5,7723.25,468
2026-09-30 07:15:00-04:00,7723.5,7723.75,7720.75,7721.25,266
2026-09-30 07:16:00-04:00,7720.75,7722.25,7719.75,7722.0,789
2026-09-30 07:17:00-04:00,7721.75,7722.75,7721.25,7721.75,245
2026-09-30 07:18:00-04:00,7721.75,7723.0,7721.75,7722.5,201
2026-09-30 07:19:00-04:00,7723.0,7723.25,7720.25,7720.25,211
2026-09-30 07:20:00-04:00,7720.25,7721.5,7719.75,7721.25,253
2026-09-30 07:21:00-04:00,7721.0,7723.0,7720.75,7722.75,334
2026-09-30 07:22:00-04:00,7722.75,7726.75,7722.75,7726.75,668
2026-09-30 07:23:00-04:00,7726.75,7729.5,7726.5,7729.0,586
2026-09-30 07:24:00-04:00,7729.25,7730.25,7728.75,7730.25,341
2026-09-30 07:25:00-04:00,7730.25,7732.25,7730.0,7731.25,462
2026-09-30 07:26:00-04:00,7731.25,7732.0,7731.0,7731.25,304
2026-09-30 07:27:00-04:00,7731.0,7731.5,7730.0,7730.75,328
2026-09-30 07:28:00-04:00,7730.75,7733.25,7730.75,7732.75,551
2026-09-30 07:29:00-04:00,7732.5,7734.25,7732.0,7732.25,471
2026-09-30 07:30:00-04:00,7732.5,7733.5,7731.5,7733.0,355
2026-09-30 07:31:00-04:00,7733.0,7735.75,7732.75,7735.25,443
2026-09-30 07:32:00-04:00,7735.0,7735.0,7733.0,7733.75,354
2026-09-30 07:33:00-04:00,7734.0,7734.5,7733.25,7734.0,111
2026-09-30 07:34:00-04:00,7734.0,7735.5,7733.75,7735.25,203
2026-09-30 07:35:00-04:00,7735.5,7736.0,7734.75,7735.5,153
2026-09-30 07:36:00-04:00,7735.5,7735.5,7733.5,7734.25,214
2026-09-30 07:37:00-04:00,7734.5,7736.25,7734.5,7735.25,221
2026-09-30 07:38:00-04:00,7735.5,7736.25,7735.0,7735.0,217
2026-09-30 07:39:00-04:00,7735.0,7735.75,7734.25,7734.5,158
2026-09-30 07:40:00-04:00,7734.75,7735.25,7734.0,7734.0,158
2026-09-30 07:41:00-04:00,7733.75,7734.0,7733.25,7733.25,209
2026-09-30 07:42:00-04:00,7733.5,7733.75,7732.75,7733.0,257
2026-09-30 07:43:00-04:00,7732.75,7732.75,7731.5,7732.0,274
2026-09-30 07:44:00-04:00,7732.0,7733.25,7732.0,7733.25,143
2026-09-30 07:45:00-04:00,7733.25,7733.75,7732.25,7732.25,233
2026-09-30 07:46:00-04:00,7732.25,7735.5,7730.25,7731.0,1743
2026-09-30 07:47:00-04:00,7730.5,7731.0,7728.75,7729.0,719
2026-09-30 07:48:00-04:00,7728.75,7729.0,7727.75,7728.0,314
2026-09-30 07:49:00-04:00,7727.75,7728.25,7726.5,7727.75,362
2026-09-30 07:50:00-04:00,7727.75,7727.75,7725.75,7727.0,340
2026-09-30 07:51:00-04:00,7727.0,7729.25,7726.75,7728.5,431
2026-09-30 07:52:00-04:00,7728.5,7730.0,7728.5,7728.75,278
2026-09-30 07:53:00-04:00,7728.75,7731.75,7728.75,7730.75,365
2026-09-30 07:54:00-04:00,7730.75,7731.5,7730.0,7731.25,129
2026-09-30 07:55:00-04:00,7731.25,7732.25,7730.5,7731.75,206
2026-09-30 07:56:00-04:00,7731.75,7732.5,7731.0,7732.0,150
2026-09-30 07:57:00-04:00,7732.0,7732.75,7731.25,7731.75,186
2026-09-30 07:58:00-04:00,7731.75,7734.0,7731.25,7733.25,497
2026-09-30 07:59:00-04:00,7732.75,7736.5,7732.75,7736.0,712
2026-09-30 08:00:00-04:00,7735.5,7737.75,7733.25,7733.75,1192
2026-09-30 08:01:00-04:00,7733.25,7733.25,7731.75,7732.75,357
2026-09-30 08:02:00-04:00,7732.75,7734.25,7731.5,7733.0,502
2026-09-30 08:03:00-04:00,7733.25,7735.5,7732.5,7733.25,377
2026-09-30 08:04:00-04:00,7733.25,7735.25,7733.25,7734.25,268
2026-09-30 08:05:00-04:00,7734.0,7734.5,7732.25,7732.5,300
2026-09-30 08:06:00-04:00,7732.5,7732.5,7731.0,7732.0,208
2026-09-30 08:07:00-04:00,7731.75,7733.25,7731.5,7732.25,203
2026-09-30 08:08:00-04:00,7732.0,7732.75,7731.75,7732.25,96
2026-09-30 08:09:00-04:00,7732.0,7732.75,7731.75,7732.25,85
2026-09-30 08:10:00-04:00,7732.0,7733.25,7731.75,7732.0,147
2026-09-30 08:11:00-04:00,7731.75,7732.25,7731.5,7732.25,129
2026-09-30 08:12:00-04:00,7732.25,7734.0,7732.0,7733.5,320
2026-09-30 08:13:00-04:00,7733.75,7734.5,7733.5,7734.25,249
2026-09-30 08:14:00-04:00,7734.25,7735.75,7733.75,7735.75,258
2026-09-30 08:15:00-04:00,7735.5,7735.5,7728.5,7731.0,993
2026-09-30 08:16:00-04:00,7731.0,7731.0,7729.0,7730.75,376
2026-09-30 08:17:00-04:00,7730.75,7731.25,7730.0,7730.5,179
2026-09-30 08:18:00-04:00,7730.25,7732.25,7730.0,7731.5,305
2026-09-30 08:19:00-04:00,7731.5,7732.75,7731.25,7731.25,204
2026-09-30 08:20:00-04:00,7731.25,7732.5,7731.25,7732.25,172
2026-09-30 08:21:00-04:00,7732.25,7733.75,7731.5,7731.75,302
2026-09-30 08:22:00-04:00,7731.75,7735.75,7731.0,7734.25,661
2026-09-30 08:23:00-04:00,7734.0,7735.0,7732.25,7734.25,183
2026-09-30 08:24:00-04:00,7734.25,7738.5,7734.0,7738.0,691
2026-09-30 08:25:00-04:00,7738.0,7738.75,7736.5,7737.25,336
2026-09-30 08:26:00-04:00,7737.25,7738.25,7736.5,7737.75,280
2026-09-30 08:27:00-04:00,7737.75,7740.0,7737.5,7739.25,597
2026-09-30 08:28:00-04:00,7739.25,7741.25,7739.25,7740.25,822
2026-09-30 08:29:00-04:00,7740.5,7745.0,7740.0,7742.75,1356
2026-09-30 08:30:00-04:00,7743.0,7759.75,7741.25,7756.25,5365
2026-09-30 08:31:00-04:00,7756.0,7771.25,7755.5,7770.75,4765
2026-09-30 08:32:00-04:00,7770.75,7771.25,7763.0,7763.25,2679
2026-09-30 08:33:00-04:00,7763.0,7763.25,7760.0,7760.5,1661
2026-09-30 08:34:00-04:00,7760.75,7764.75,7759.0,7764.75,1453
2026-09-30 08:35:00-04:00,7764.25,7767.0,7764.0,7766.0,1134
2026-09-30 08:36:00-04:00,7766.25,7766.25,7759.25,7759.75,1223
2026-09-30 08:37:00-04:00,7759.75,7761.25,7755.25,7758.25,2099
2026-09-30 08:38:00-04:00,7758.25,7758.25,7755.5,7755.75,830
2026-09-30 08:39:00-04:00,7755.75,7756.75,7753.5,7755.5,1312
2026-09-30 08:40:00-04:00,7755.25,7760.75,7755.25,7760.25,1114
2026-09-30 08:41:00-04:00,7760.5,7762.0,7759.0,7761.75,1006
2026-09-30 08:42:00-04:00,7761.75,7763.5,7759.25,7761.0,932
2026-09-30 08:43:00-04:00,7761.0,7763.75,7759.5,7760.5,697
2026-09-30 08:44:00-04:00,7760.0,7761.0,7758.25,7758.5,452
2026-09-30 08:45:00-04:00,7758.5,7760.25,7758.0,7759.25,625
2026-09-30 08:46:00-04:00,7759.0,7759.25,7753.5,7753.75,2416
2026-09-30 08:47:00-04:00,7753.75,7754.25,7750.5,7751.75,1993
2026-09-30 08:48:00-04:00,7752.0,7755.75,7751.5,7754.25,1126
2026-09-30 08:49:00-04:00,7754.5,7756.0,7753.25,7754.25,465
2026-09-30 08:50:00-04:00,7754.25,7754.75,7752.75,7753.75,389
2026-09-30 08:51:00-04:00,7753.75,7756.75,7751.5,7755.0,964
2026-09-30 08:52:00-04:00,7755.0,7755.25,7754.0,7754.75,431
2026-09-30 08:53:00-04:00,7754.75,7756.0,7753.5,7754.25,339
2026-09-30 08:54:00-04:00,7754.0,7760.75,7754.0,7759.5,1041
2026-09-30 08:55:00-04:00,7759.5,7759.5,7757.75,7758.5,548
2026-09-30 08:56:00-04:00,7758.5,7759.0,7756.5,7757.5,426
2026-09-30 08:57:00-04:00,7757.75,7759.5,7756.5,7756.75,1173
2026-09-30 08:58:00-04:00,7756.5,7756.5,7754.0,7754.5,600
2026-09-30 08:59:00-04:00,7754.75,7755.75,7753.75,7754.5,558
2026-09-30 09:00:00-04:00,7754.5,7759.0,7754.25,7758.25,1282
2026-09-30 09:01:00-04:00,7758.25,7760.25,7757.75,7759.0,659
2026-09-30 09:02:00-04:00,7759.0,7761.25,7757.5,7760.25,841
2026-09-30 09:03:00-04:00,7760.5,7761.0,7759.0,7760.25,522
2026-09-30 09:04:00-04:00,7760.25,7761.25,7759.75,7761.25,653
2026-09-30 09:05:00-04:00,7761.25,7762.25,7759.5,7759.75,1042
2026-09-30 09:06:00-04:00,7759.5,7761.75,7759.0,7760.75,1279
2026-09-30 09:07:00-04:00,7760.75,7762.25,7760.0,7762.0,408
2026-09-30 09:08:00-04:00,7762.0,7763.75,7758.75,7759.5,1092
2026-09-30 09:09:00-04:00,7759.5,7761.25,7758.5,7760.5,486
2026-09-30 09:10:00-04:00,7760.25,7760.25,7758.0,7758.5,467
2026-09-30 09:11:00-04:00,7758.25,7761.0,7757.25,7760.25,1084
2026-09-30 09:12:00-04:00,7760.25,7760.75,7757.25,7757.5,526
2026-09-30 09:13:00-04:00,7757.75,7760.25,7756.75,7757.75,1216
2026-09-30 09:14:00-04:00,7757.5,7758.25,7757.0,7757.5,358
2026-09-30 09:15:00-04:00,7757.5,7759.25,7756.75,7757.75,378
2026-09-30 09:16:00-04:00,7757.75,7759.0,7757.0,7757.25,377
2026-09-30 09:17:00-04:00,7757.5,7758.0,7754.75,7756.0,637
2026-09-30 09:18:00-04:00,7756.0,7757.0,7754.5,7756.5,583
2026-09-30 09:19:00-04:00,7756.5,7756.5,7752.5,7752.5,723
2026-09-30 09:20:00-04:00,7752.75,7753.5,7750.5,7751.0,1153
2026-09-30 09:21:00-04:00,7751.25,7753.0,7750.5,7751.0,661
2026-09-30 09:22:00-04:00,7751.0,7754.0,7750.5,7750.75,1777
2026-09-30 09:23:00-04:00,7750.75,7751.5,7748.75,7751.0,1249
2026-09-30 09:24:00-04:00,7750.75,7753.0,7750.75,7752.5,704
2026-09-30 09:25:00-04:00,7752.25,7756.5,7751.75,7754.75,1223
2026-09-30 09:26:00-04:00,7754.75,7757.5,7754.75,7756.75,702
2026-09-30 09:27:00-04:00,7756.5,7756.75,7754.5,7755.5,1002
2026-09-30 09:28:00-04:00,7755.5,7756.5,7751.25,7753.75,1788
2026-09-30 09:29:00-04:00,7753.25,7755.0,7750.75,7751.5,1738
2026-09-30 09:30:00-04:00,7751.75,7754.5,7749.75,7753.0,4657
2026-09-30 09:31:00-04:00,7753.0,7759.25,7750.75,7759.0,5023
2026-09-30 09:32:00-04:00,7759.0,7760.75,7753.5,7754.75,4413
2026-09-30 09:33:00-04:00,7754.5,7755.5,7750.0,7754.25,3629
2026-09-30 09:34:00-04:00,7754.25,7757.5,7754.25,7755.0,2379
2026-09-30 09:35:00-04:00,7755.0,7755.75,7751.75,7753.75,2856
2026-09-30 09:36:00-04:00,7753.5,7756.25,7751.75,7755.75,2337
2026-09-30 09:37:00-04:00,7755.5,7757.25,7753.5,7754.5,2177
2026-09-30 09:38:00-04:00,7754.5,7754.75,7749.0,7751.75,3176
2026-09-30 09:39:00-04:00,7751.75,7757.25,7751.25,7756.5,1940
2026-09-30 09:40:00-04:00,7756.5,7756.5,7751.75,7752.5,1834
2026-09-30 09:41:00-04:00,7752.25,7756.75,7752.25,7756.5,1135
2026-09-30 09:42:00-04:00,7756.25,7757.5,7755.0,7755.75,1212
2026-09-30 09:43:00-04:00,7755.75,7758.75,7755.0,7755.25,1734
2026-09-30 09:44:00-04:00,7755.5,7756.75,7751.75,7754.25,1998
2026-09-30 09:45:00-04:00,7754.25,7757.75,7749.75,7749.75,3394
2026-09-30 09:46:00-04:00,7749.75,7750.75,7748.25,7749.25,3703
2026-09-30 09:47:00-04:00,7749.5,7751.75,7747.75,7750.5,2493
2026-09-30 09:48:00-04:00,7751.0,7755.25,7749.75,7751.5,5199
2026-09-30 09:49:00-04:00,7751.75,7759.75,7751.75,7759.0,4163
2026-09-30 09:50:00-04:00,7759.0,7761.5,7757.75,7759.5,4197
2026-09-30 09:51:00-04:00,7759.5,7761.25,7757.0,7758.5,2725
2026-09-30 09:52:00-04:00,7758.25,7758.5,7754.5,7756.0,3635
2026-09-30 09:53:00-04:00,7756.0,7758.75,7752.25,7757.25,3287
2026-09-30 09:54:00-04:00,7757.5,7761.75,7756.0,7760.75,3371
2026-09-30 09:55:00-04:00,7760.75,7763.75,7760.5,7760.75,4596
2026-09-30 09:56:00-04:00,7760.75,7762.25,7760.0,7761.0,2427
2026-09-30 09:57:00-04:00,7761.0,7762.25,7760.0,7760.25,2227
2026-09-30 09:58:00-04:00,7760.25,7762.25,7758.0,7762.0,3036
2026-09-30 09:59:00-04:00,7762.0,7767.75,7760.5,7767.25,5196
2026-09-30 10:00:00-04:00,7767.25,7770.0,7767.25,7768.5,6120
2026-09-30 10:01:00-04:00,7768.25,7774.25,7768.25,7772.5,5834
2026-09-30 10:02:00-04:00,7772.5,7773.25,7770.0,7771.25,3604
2026-09-30 10:03:00-04:00,7771.5,7773.75,7770.0,7773.0,2514
2026-09-30 10:04:00-04:00,7773.25,7774.75,7772.0,7773.75,2269
2026-09-30 10:05:00-04:00,7773.5,7776.75,7773.5,7776.25,4043
2026-09-30 10:06:00-04:00,7776.25,7779.5,7776.0,7778.75,5188
2026-09-30 10:07:00-04:00,7778.5,7779.0,7775.25,7776.0,4382
2026-09-30 10:08:00-04:00,7775.75,7776.75,7774.5,7776.0,2533
2026-09-30 10:09:00-04:00,7776.0,7776.0,7771.5,7773.25,4378
2026-09-30 10:10:00-04:00,7773.25,7773.5,7769.25,7769.75,4054
2026-09-30 10:11:00-04:00,7769.75,7770.5,7767.5,7768.75,3712
2026-09-30 10:12:00-04:00,7768.5,7773.0,7768.25,7771.5,3460
2026-09-30 10:13:00-04:00,7771.75,7772.25,7768.25,7768.5,2731
2026-09-30 10:14:00-04:00,7768.75,7770.5,7767.0,7769.25,3272
2026-09-30 10:15:00-04:00,7769.25,7772.5,7769.0,7771.25,4029
2026-09-30 10:16:00-04:00,7771.25,7773.5,7770.5,7772.75,2847
2026-09-30 10:17:00-04:00,7772.75,7773.5,7769.75,7772.75,3825
2026-09-30 10:18:00-04:00,7773.0,7776.0,7772.75,7772.75,3764
2026-09-30 10:19:00-04:00,7773.0,7775.5,7772.75,7775.5,2211
2026-09-30 10:20:00-04:00,7775.5,7778.25,7774.5,7777.25,3054
2026-09-30 10:21:00-04:00,7777.25,7779.25,7776.75,7777.5,2057
2026-09-30 10:22:00-04:00,7777.75,7778.0,7775.0,7775.5,2679
2026-09-30 10:23:00-04:00,7775.0,7775.25,7772.25,7775.0,3335
2026-09-30 10:24:00-04:00,7774.75,7775.25,7771.5,7772.0,2272
2026-09-30 10:25:00-04:00,7772.25,7772.5,7768.75,7770.5,4302
2026-09-30 10:26:00-04:00,7770.5,7772.0,7767.5,7768.0,2853
2026-09-30 10:27:00-04:00,7768.25,7769.25,7767.0,7769.0,2618
2026-09-30 10:28:00-04:00,7769.25,7769.25,7762.25,7764.25,5271
2026-09-30 10:29:00-04:00,7764.0,7766.75,7763.5,7766.25,2835
2026-09-30 10:30:00-04:00,7766.5,7767.5,7763.75,7767.25,4031
2026-09-30 10:31:00-04:00,7767.25,7769.25,7764.25,7768.5,4924
2026-09-30 10:32:00-04:00,7768.75,7770.25,7764.75,7764.75,3553
2026-09-30 10:33:00-04:00,7765.0,7766.25,7763.5,7765.5,2618
2026-09-30 10:34:00-04:00,7765.25,7765.75,7761.25,7763.0,3605
2026-09-30 10:35:00-04:00,7763.25,7763.75,7762.25,7763.0,2243
2026-09-30 10:36:00-04:00,7763.25,7764.5,7761.0,7761.5,2327
2026-09-30 10:37:00-04:00,7762.0,7764.5,7761.75,7764.0,2154
2026-09-30 10:38:00-04:00,7764.0,7766.75,7760.0,7766.25,7141
2026-09-30 10:39:00-04:00,7766.25,7767.5,7764.0,7764.5,3976
2026-09-30 10:40:00-04:00,7764.75,7765.75,7761.0,7765.5,3056
2026-09-30 10:41:00-04:00,7765.75,7768.5,7763.5,7768.0,2914
2026-09-30 10:42:00-04:00,7767.75,7771.25,7766.75,7771.25,3561
2026-09-30 10:43:00-04:00,7771.0,7771.75,7766.0,7768.25,6423
2026-09-30 10:44:00-04:00,7768.0,7769.0,7763.75,7763.75,3084
2026-09-30 10:45:00-04:00,7763.75,7767.75,7763.25,7766.75,2913
2026-09-30 10:46:00-04:00,7766.75,7768.25,7764.75,7767.25,2302
2026-09-30 10:47:00-04:00,7767.5,7771.0,7767.0,7770.25,2241
2026-09-30 10:48:00-04:00,7770.25,7773.25,7769.5,7771.5,3239
2026-09-30 10:49:00-04:00,7771.5,7774.5,7770.5,7774.5,2282
2026-09-30 10:50:00-04:00,7774.5,7774.75,7771.75,7772.5,2285
2026-09-30 10:51:00-04:00,7772.5,7774.75,7772.25,7772.75,1741
2026-09-30 10:52:00-04:00,7772.75,7776.5,7772.75,7776.25,2479
2026-09-30 10:53:00-04:00,7776.25,7779.0,7775.75,7778.25,3806
2026-09-30 10:54:00-04:00,7778.25,7782.25,7777.75,7780.0,9356
2026-09-30 10:55:00-04:00,7780.25,7781.25,7778.5,7779.25,3142
2026-09-30 10:56:00-04:00,7779.25,7779.5,7776.75,7777.5,3132
2026-09-30 10:57:00-04:00,7777.5,7780.75,7776.75,7780.0,2348
2026-09-30 10:58:00-04:00,7780.0,7780.0,7774.0,7775.0,3721
2026-09-30 10:59:00-04:00,7775.0,7775.75,7772.75,7772.75,3145
2026-09-30 11:00:00-04:00,7773.0,7773.5,7769.75,7770.75,6480
2026-09-30 11:01:00-04:00,7770.75,7771.75,7768.25,7770.5,3439
2026-09-30 11:02:00-04:00,7770.5,7773.0,7767.75,7768.25,3274
2026-09-30 11:03:00-04:00,7768.0,7771.75,7767.5,7771.5,2581
2026-09-30 11:04:00-04:00,7771.25,7773.0,7769.0,7773.0,3395
2026-09-30 11:05:00-04:00,7772.75,7772.75,7768.75,7769.75,2070
2026-09-30 11:06:00-04:00,7769.75,7771.0,7768.0,7769.75,2443
2026-09-30 11:07:00-04:00,7770.0,7770.75,7766.25,7767.5,3383
2026-09-30 11:08:00-04:00,7767.5,7769.75,7766.75,7769.5,2190
2026-09-30 11:09:00-04:00,7769.5,7773.5,7768.5,7772.75,2711
2026-09-30 11:10:00-04:00,7772.75,7773.25,7771.5,7772.75,1403
2026-09-30 11:11:00-04:00,7773.0,7774.5,7768.75,7769.5,4921
2026-09-30 11:12:00-04:00,7769.5,7770.75,7764.5,7768.5,8653
2026-09-30 11:13:00-04:00,7768.5,7771.25,7768.5,7770.0,1638
2026-09-30 11:14:00-04:00,7769.75,7770.5,7767.25,7769.0,3272
2026-09-30 11:15:00-04:00,7769.25,7774.25,7769.0,7773.5,2098
2026-09-30 11:16:00-04:00,7773.5,7776.75,7773.25,7775.0,2799
2026-09-30 11:17:00-04:00,7774.75,7775.0,7773.25,7774.0,1363
2026-09-30 11:18:00-04:00,7774.25,7774.25,7771.25,7772.5,1661
2026-09-30 11:19:00-04:00,7772.75,7774.25,7771.25,7772.25,1023
2026-09-30 11:20:00-04:00,7772.25,7772.5,7769.0,7769.5,2154
2026-09-30 11:21:00-04:00,7769.75,7770.0,7768.0,7768.75,1963
2026-09-30 11:22:00-04:00,7768.75,7769.25,7766.25,7766.25,1704
2026-09-30 11:23:00-04:00,7766.5,7768.0,7766.25,7767.75,1485
2026-09-30 11:24:00-04:00,7767.75,7768.5,7766.75,7768.25,1615
2026-09-30 11:25:00-04:00,7768.5,7770.25,7766.75,7767.25,1901
2026-09-30 11:26:00-04:00,7767.0,7769.0,7766.0,7766.75,1508
2026-09-30 11:27:00-04:00,7766.75,7770.75,7766.0,7770.75,1913
2026-09-30 11:28:00-04:00,7770.5,7772.25,7770.0,7772.0,1792
2026-09-30 11:29:00-04:00,7772.0,7775.25,7772.0,7775.25,3028
2026-09-30 11:30:00-04:00,7775.25,7776.0,7774.0,7776.0,2420
2026-09-30 11:31:00-04:00,7775.75,7776.5,7773.5,7776.5,2322
2026-09-30 11:32:00-04:00,7776.5,7778.0,7775.75,7776.75,2467
2026-09-30 11:33:00-04:00,7776.75,7776.75,7774.5,7775.5,1452
2026-09-30 11:34:00-04:00,7775.5,7777.5,7773.25,7774.0,4914
2026-09-30 11:35:00-04:00,7774.0,7776.0,7773.0,7774.0,2658
2026-09-30 11:36:00-04:00,7774.0,7774.25,7772.0,7772.75,1355
2026-09-30 11:37:00-04:00,7772.5,7774.5,7770.25,7774.25,1986
2026-09-30 11:38:00-04:00,7774.25,7775.0,7773.75,7774.75,1106
2026-09-30 11:39:00-04:00,7774.75,7775.25,7773.75,7773.75,1458
2026-09-30 11:40:00-04:00,7774.0,7774.25,7772.5,7773.5,1088
2026-09-30 11:41:00-04:00,7773.75,7776.0,7773.25,7773.5,2173
2026-09-30 11:42:00-04:00,7773.75,7774.75,7773.0,7773.5,1230
2026-09-30 11:43:00-04:00,7773.5,7773.5,7768.0,7768.25,3106
2026-09-30 11:44:00-04:00,7768.5,7769.25,7766.0,7767.5,4515
2026-09-30 11:45:00-04:00,7767.5,7768.25,7766.0,7768.0,2341
2026-09-30 11:46:00-04:00,7767.75,7768.75,7767.0,7767.5,1747
2026-09-30 11:47:00-04:00,7767.5,7768.75,7767.0,7768.5,1614
2026-09-30 11:48:00-04:00,7768.5,7774.0,7768.5,7773.75,3224
2026-09-30 11:49:00-04:00,7773.75,7779.75,7773.0,7779.5,3982
2026-09-30 11:50:00-04:00,7779.25,7780.25,7778.0,7778.5,3578
2026-09-30 11:51:00-04:00,7778.5,7778.75,7775.5,7776.25,2526
2026-09-30 11:52:00-04:00,7776.25,7776.25,7772.5,7773.25,2725
2026-09-30 11:53:00-04:00,7773.5,7775.0,7773.0,7774.0,1084
2026-09-30 11:54:00-04:00,7774.25,7775.25,7769.5,7769.75,2511
2026-09-30 11:55:00-04:00,7769.75,7770.75,7768.25,7769.25,2514
2026-09-30 11:56:00-04:00,7769.5,7771.5,7769.5,7770.0,1498
2026-09-30 11:57:00-04:00,7770.0,7772.5,7770.0,7772.5,1153
2026-09-30 11:58:00-04:00,7772.5,7773.25,7771.0,7771.75,1355
2026-09-30 11:59:00-04:00,7771.75,7775.0,7771.0,7774.5,1494
2026-09-30 12:00:00-04:00,7774.75,7774.75,7772.0,7774.0,4121
2026-09-30 12:01:00-04:00,7774.0,7775.25,7773.25,7774.5,1255
2026-09-30 12:02:00-04:00,7774.5,7777.75,7774.5,7776.75,1750
2026-09-30 12:03:00-04:00,7776.75,7776.75,7775.0,7776.25,1447
2026-09-30 12:04:00-04:00,7776.5,7776.5,7774.25,7776.25,2149
2026-09-30 12:05:00-04:00,7776.5,7778.0,7776.25,7776.75,1125
2026-09-30 12:06:00-04:00,7777.0,7778.25,7776.75,7777.5,1047
2026-09-30 12:07:00-04:00,7777.5,7777.75,7774.75,7774.75,1474
2026-09-30 12:08:00-04:00,7774.75,7775.75,7774.75,7775.25,649
2026-09-30 12:09:00-04:00,7775.5,7776.0,7774.75,7775.5,760
2026-09-30 12:10:00-04:00,7775.5,7776.0,7774.5,7775.75,1037
2026-09-30 12:11:00-04:00,7775.75,7778.5,7774.75,7776.75,2992
2026-09-30 12:12:00-04:00,7776.75,7776.75,7774.0,7774.25,1025
2026-09-30 12:13:00-04:00,7774.5,7777.75,7774.0,7776.75,968
2026-09-30 12:14:00-04:00,7776.75,7777.5,7776.25,7777.25,642
2026-09-30 12:15:00-04:00,7777.25,7778.0,7775.0,7775.75,1005
2026-09-30 12:16:00-04:00,7775.75,7776.25,7774.5,7774.75,577
2026-09-30 12:17:00-04:00,7774.75,7775.25,7770.0,7770.25,2631
2026-09-30 12:18:00-04:00,7770.25,7770.75,7769.0,7770.75,2464
2026-09-30 12:19:00-04:00,7770.75,7772.0,7770.5,7772.0,1297
2026-09-30 12:20:00-04:00,7771.75,7772.0,7770.25,7771.25,1103
2026-09-30 12:21:00-04:00,7771.25,7772.0,7771.0,7771.5,705
2026-09-30 12:22:00-04:00,7771.5,7772.75,7771.25,7771.5,862
2026-09-30 12:23:00-04:00,7771.5,7771.75,7770.0,7771.5,844
2026-09-30 12:24:00-04:00,7771.25,7771.75,7769.75,7770.25,942
2026-09-30 12:25:00-04:00,7770.0,7771.25,7770.0,7770.5,665
2026-09-30 12:26:00-04:00,7770.75,7771.0,7769.25,7769.5,694
2026-09-30 12:27:00-04:00,7769.5,7769.5,7768.0,7768.75,1417
2026-09-30 12:28:00-04:00,7769.0,7769.5,7768.0,7768.75,1040
2026-09-30 12:29:00-04:00,7768.75,7769.5,7767.25,7767.5,971
2026-09-30 12:30:00-04:00,7767.5,7768.25,7765.25,7765.75,2561
2026-09-30 12:31:00-04:00,7765.75,7766.5,7765.0,7765.5,1487
2026-09-30 12:32:00-04:00,7765.5,7766.75,7765.0,7765.5,1060
2026-09-30 12:33:00-04:00,7765.75,7766.75,7765.0,7766.0,1250
2026-09-30 12:34:00-04:00,7766.0,7767.75,7765.75,7767.5,1736
2026-09-30 12:35:00-04:00,7767.25,7768.0,7766.0,7767.0,1254
2026-09-30 12:36:00-04:00,7767.0,7767.25,7763.75,7764.0,1755
2026-09-30 12:37:00-04:00,7764.0,7766.75,7764.0,7765.5,1482
2026-09-30 12:38:00-04:00,7765.5,7767.75,7765.0,7767.0,792
2026-09-30 12:39:00-04:00,7766.75,7767.0,7765.0,7766.25,888
2026-09-30 12:40:00-04:00,7766.25,7767.75,7765.75,7767.5,1036
2026-09-30 12:41:00-04:00,7767.5,7770.5,7767.5,7769.0,2043
2026-09-30 12:42:00-04:00,7769.0,7769.75,7767.25,7768.75,1110
2026-09-30 12:43:00-04:00,7768.5,7771.75,7768.5,7771.25,1405
2026-09-30 12:44:00-04:00,7771.25,7772.5,7770.75,7771.25,962
2026-09-30 12:45:00-04:00,7771.0,7771.0,7768.0,7768.75,1589
2026-09-30 12:46:00-04:00,7768.25,7769.5,7767.75,7768.75,886
2026-09-30 12:47:00-04:00,7768.75,7770.5,7768.75,7769.0,931
2026-09-30 12:48:00-04:00,7768.75,7769.0,7764.75,7765.25,1935
2026-09-30 12:49:00-04:00,7765.5,7766.0,7764.25,7765.75,1172
2026-09-30 12:50:00-04:00,7765.75,7767.0,7765.5,7767.0,786
2026-09-30 12:51:00-04:00,7767.0,7767.75,7765.75,7766.0,737
2026-09-30 12:52:00-04:00,7766.0,7768.5,7766.0,7766.75,1009
2026-09-30 12:53:00-04:00,7766.75,7768.25,7766.25,7767.5,675
2026-09-30 12:54:00-04:00,7767.25,7767.5,7766.75,7766.75,643
2026-09-30 12:55:00-04:00,7767.0,7768.0,7765.5,7766.0,724
2026-09-30 12:56:00-04:00,7766.25,7767.5,7765.75,7767.5,665
2026-09-30 12:57:00-04:00,7767.5,7769.5,7767.5,7768.25,1174
2026-09-30 12:58:00-04:00,7768.5,7770.25,7768.25,7769.0,1453
2026-09-30 12:59:00-04:00,7769.0,7770.25,7768.75,7769.75,810
2026-09-30 13:00:00-04:00,7769.5,7771.25,7768.5,7770.0,1631
2026-09-30 13:01:00-04:00,7769.75,7771.5,7769.0,7771.25,964
2026-09-30 13:02:00-04:00,7771.0,7772.0,7770.25,7770.25,1050
2026-09-30 13:03:00-04:00,7770.5,7770.75,7769.25,7770.5,946
2026-09-30 13:04:00-04:00,7770.75,7771.0,7769.75,7769.75,500
2026-09-30 13:05:00-04:00,7769.75,7771.25,7769.5,7770.5,716
2026-09-30 13:06:00-04:00,7770.5,7772.0,7770.0,7771.5,780
2026-09-30 13:07:00-04:00,7771.25,7772.25,7770.5,7771.5,902
2026-09-30 13:08:00-04:00,7771.25,7772.25,7770.75,7771.75,863
2026-09-30 13:09:00-04:00,7771.5,7772.0,7769.5,7769.75,612
2026-09-30 13:10:00-04:00,7770.0,7770.75,7768.5,7768.75,1086
2026-09-30 13:11:00-04:00,7768.75,7769.75,7768.25,7768.5,940
2026-09-30 13:12:00-04:00,7768.75,7769.5,7767.75,7768.0,1186
2026-09-30 13:13:00-04:00,7767.75,7768.25,7763.5,7764.0,2307
2026-09-30 13:14:00-04:00,7764.0,7765.0,7763.25,7764.0,1588
2026-09-30 13:15:00-04:00,7764.0,7764.25,7759.0,7759.0,3895
2026-09-30 13:16:00-04:00,7759.25,7759.5,7757.25,7759.5,3620
2026-09-30 13:17:00-04:00,7759.5,7760.75,7757.75,7759.5,2358
2026-09-30 13:18:00-04:00,7759.75,7760.0,7757.5,7758.25,1851
2026-09-30 13:19:00-04:00,7758.0,7759.0,7755.0,7755.25,2587
2026-09-30 13:20:00-04:00,7755.5,7755.75,7753.5,7755.25,3342
2026-09-30 13:21:00-04:00,7755.25,7758.25,7755.25,7757.75,2576
2026-09-30 13:22:00-04:00,7757.75,7759.0,7756.0,7756.5,2034
2026-09-30 13:23:00-04:00,7756.25,7756.75,7754.75,7755.5,1231
2026-09-30 13:24:00-04:00,7755.75,7757.5,7755.5,7757.25,759
2026-09-30 13:25:00-04:00,7757.25,7757.25,7754.5,7755.25,1508
2026-09-30 13:26:00-04:00,7755.25,7756.25,7749.5,7750.75,4161
2026-09-30 13:27:00-04:00,7750.75,7754.25,7750.25,7753.5,2044
2026-09-30 13:28:00-04:00,7753.5,7755.5,7753.0,7755.0,1705
2026-09-30 13:29:00-04:00,7755.25,7757.75,7755.25,7757.25,1961
2026-09-30 13:30:00-04:00,7757.0,7758.5,7757.0,7758.25,2152
2026-09-30 13:31:00-04:00,7758.0,7759.75,7757.0,7759.25,2232
2026-09-30 13:32:00-04:00,7759.0,7761.0,7759.0,7760.5,1856
2026-09-30 13:33:00-04:00,7760.75,7760.75,7759.0,7759.5,1144
2026-09-30 13:34:00-04:00,7759.5,7760.5,7758.5,7759.25,1505
2026-09-30 13:35:00-04:00,7759.25,7761.25,7759.0,7759.75,1976
2026-09-30 13:36:00-04:00,7760.0,7761.75,7758.0,7759.0,2319
2026-09-30 13:37:00-04:00,7759.0,7759.5,7757.25,7758.25,1698
2026-09-30 13:38:00-04:00,7758.25,7761.25,7757.75,7760.75,1174
2026-09-30 13:39:00-04:00,7760.75,7762.5,7760.5,7762.25,1590
2026-09-30 13:40:00-04:00,7762.25,7762.75,7761.0,7761.25,1227
2026-09-30 13:41:00-04:00,7761.25,7764.25,7761.0,7763.25,2042
2026-09-30 13:42:00-04:00,7763.25,7764.75,7762.25,7764.25,1622
2026-09-30 13:43:00-04:00,7764.25,7764.75,7762.25,7762.25,1250
2026-09-30 13:44:00-04:00,7762.25,7762.5,7760.25,7762.5,1402
2026-09-30 13:45:00-04:00,7762.25,7762.5,7760.0,7760.5,1450
2026-09-30 13:46:00-04:00,7760.5,7761.25,7759.25,7760.75,1614
2026-09-30 13:47:00-04:00,7760.5,7765.75,7759.5,7761.75,5170
2026-09-30 13:48:00-04:00,7762.0,7765.5,7761.25,7765.25,1409
2026-09-30 13:49:00-04:00,7765.25,7766.25,7764.5,7766.0,1491
2026-09-30 13:50:00-04:00,7766.25,7767.25,7765.75,7766.25,1869
2026-09-30 13:51:00-04:00,7766.25,7766.75,7765.5,7765.75,1260
2026-09-30 13:52:00-04:00,7765.75,7766.75,7763.5,7763.5,1843
2026-09-30 13:53:00-04:00,7763.5,7764.5,7763.0,7764.25,1748
2026-09-30 13:54:00-04:00,7764.25,7765.0,7763.5,7764.75,795
2026-09-30 13:55:00-04:00,7765.0,7765.0,7762.5,7763.5,1251
2026-09-30 13:56:00-04:00,7763.5,7764.75,7763.5,7764.5,841
2026-09-30 13:57:00-04:00,7764.25,7764.75,7763.5,7764.25,798
2026-09-30 13:58:00-04:00,7764.25,7765.0,7764.0,7764.5,611
2026-09-30 13:59:00-04:00,7764.5,7765.0,7764.0,7764.5,754
2026-09-30 14:00:00-04:00,7764.5,7764.75,7760.75,7760.75,1916
2026-09-30 14:01:00-04:00,7760.75,7762.0,7759.0,7760.25,1967
2026-09-30 14:02:00-04:00,7760.25,7760.75,7760.0,7760.25,933
2026-09-30 14:03:00-04:00,7760.5,7761.5,7759.5,7760.25,864
2026-09-30 14:04:00-04:00,7760.5,7761.5,7759.75,7760.75,861
2026-09-30 14:05:00-04:00,7760.75,7761.5,7759.25,7759.5,1095
2026-09-30 14:06:00-04:00,7759.5,7759.5,7756.25,7756.75,2317
2026-09-30 14:07:00-04:00,7756.75,7758.25,7756.25,7757.75,1471
2026-09-30 14:08:00-04:00,7757.75,7759.0,7756.0,7759.0,1879
2026-09-30 14:09:00-04:00,7758.75,7759.75,7757.25,7759.5,1101
2026-09-30 14:10:00-04:00,7759.75,7760.0,7758.5,7760.0,1021
2026-09-30 14:11:00-04:00,7760.0,7762.25,7759.75,7761.0,1548
2026-09-30 14:12:00-04:00,7761.0,7763.0,7761.0,7762.5,1702
2026-09-30 14:13:00-04:00,7762.5,7762.5,7759.5,7760.5,1414
2026-09-30 14:14:00-04:00,7760.75,7761.75,7760.25,7761.0,741
2026-09-30 14:15:00-04:00,7760.75,7761.25,7759.5,7760.0,1035
2026-09-30 14:16:00-04:00,7760.0,7761.25,7759.5,7759.5,905
2026-09-30 14:17:00-04:00,7759.5,7760.0,7758.25,7758.25,1109
2026-09-30 14:18:00-04:00,7758.5,7759.25,7757.25,7759.0,1312
2026-09-30 14:19:00-04:00,7758.75,7759.25,7756.75,7757.25,1114
2026-09-30 14:20:00-04:00,7757.5,7758.0,7755.75,7756.25,1291
2026-09-30 14:21:00-04:00,7756.25,7756.25,7753.5,7754.75,2407
2026-09-30 14:22:00-04:00,7754.5,7756.0,7754.0,7755.0,1460
2026-09-30 14:23:00-04:00,7755.0,7755.25,7754.0,7755.0,630
2026-09-30 14:24:00-04:00,7754.75,7755.0,7753.25,7753.5,1019
2026-09-30 14:25:00-04:00,7753.5,7754.5,7751.0,7751.25,2029
2026-09-30 14:26:00-04:00,7751.25,7753.5,7750.75,7752.75,2297
2026-09-30 14:27:00-04:00,7753.0,7754.0,7752.5,7753.0,1647
2026-09-30 14:28:00-04:00,7753.0,7755.25,7753.0,7754.75,2161
2026-09-30 14:29:00-04:00,7754.75,7756.0,7754.0,7755.25,1835
2026-09-30 14:30:00-04:00,7755.25,7756.0,7754.25,7754.5,1753
2026-09-30 14:31:00-04:00,7754.5,7755.0,7751.5,7751.5,2236
2026-09-30 14:32:00-04:00,7751.75,7751.75,7750.5,7751.25,1360
2026-09-30 14:33:00-04:00,7751.25,7751.5,7748.5,7749.75,2724
2026-09-30 14:34:00-04:00,7749.5,7750.25,7748.25,7749.75,1488
2026-09-30 14:35:00-04:00,7749.75,7750.25,7749.25,7749.5,1238
2026-09-30 14:36:00-04:00,7749.75,7752.25,7748.75,7750.75,2417
2026-09-30 14:37:00-04:00,7751.0,7752.75,7750.5,7752.25,1395
2026-09-30 14:38:00-04:00,7752.25,7753.5,7751.25,7753.5,1156
2026-09-30 14:39:00-04:00,7753.5,7756.5,7752.75,7755.5,2170
2026-09-30 14:40:00-04:00,7755.5,7756.0,7754.5,7755.0,1131
2026-09-30 14:41:00-04:00,7755.0,7755.5,7754.75,7755.5,632
2026-09-30 14:42:00-04:00,7755.25,7756.75,7755.0,7756.5,1348
2026-09-30 14:43:00-04:00,7756.5,7757.0,7755.25,7756.25,1781
2026-09-30 14:44:00-04:00,7756.25,7756.25,7755.5,7756.0,512
2026-09-30 14:45:00-04:00,7756.0,7756.5,7753.25,7753.5,1704
2026-09-30 14:46:00-04:00,7753.5,7755.0,7753.25,7754.25,820
2026-09-30 14:47:00-04:00,7754.25,7754.75,7753.0,7753.25,867
2026-09-30 14:48:00-04:00,7753.25,7753.25,7750.0,7750.5,1751
2026-09-30 14:49:00-04:00,7750.25,7751.0,7748.75,7750.25,1275
2026-09-30 14:50:00-04:00,7750.25,7751.75,7750.0,7750.75,1400
2026-09-30 14:51:00-04:00,7750.75,7751.25,7749.0,7749.25,928
2026-09-30 14:52:00-04:00,7749.0,7750.0,7748.75,7749.75,923
2026-09-30 14:53:00-04:00,7749.75,7750.5,7747.5,7748.0,2431
2026-09-30 14:54:00-04:00,7748.0,7749.75,7747.5,7749.5,1222
2026-09-30 14:55:00-04:00,7749.25,7750.0,7749.0,7749.5,1323
2026-09-30 14:56:00-04:00,7749.75,7751.0,7749.0,7750.0,1355
2026-09-30 14:57:00-04:00,7749.75,7751.5,7749.5,7751.5,982
2026-09-30 14:58:00-04:00,7751.25,7753.75,7750.25,7752.75,2163
2026-09-30 14:59:00-04:00,7752.75,7753.75,7751.75,7752.0,1434
2026-09-30 15:00:00-04:00,7752.25,7753.75,7752.25,7753.25,1264
2026-09-30 15:01:00-04:00,7753.25,7755.25,7752.25,7754.75,1514
2026-09-30 15:02:00-04:00,7754.75,7755.75,7754.25,7755.25,1225
2026-09-30 15:03:00-04:00,7755.5,7755.75,7753.75,7755.25,841
2026-09-30 15:04:00-04:00,7755.0,7755.5,7754.5,7755.0,967
2026-09-30 15:05:00-04:00,7755.0,7755.0,7753.75,7754.5,1012
2026-09-30 15:06:00-04:00,7754.5,7755.25,7754.0,7754.0,824
2026-09-30 15:07:00-04:00,7754.0,7755.25,7753.5,7754.75,680
2026-09-30 15:08:00-04:00,7754.5,7756.0,7754.25,7754.75,1105
2026-09-30 15:09:00-04:00,7754.75,7755.5,7753.25,7755.25,825
2026-09-30 15:10:00-04:00,7755.5,7755.75,7752.75,7754.25,1130
2026-09-30 15:11:00-04:00,7754.0,7755.0,7752.75,7752.75,801
2026-09-30 15:12:00-04:00,7753.0,7753.5,7752.75,7753.25,616
2026-09-30 15:13:00-04:00,7753.25,7753.75,7753.0,7753.25,423
2026-09-30 15:14:00-04:00,7753.25,7756.25,7753.25,7755.5,1466
2026-09-30 15:15:00-04:00,7755.25,7755.5,7753.25,7753.75,892
2026-09-30 15:16:00-04:00,7753.5,7753.75,7752.25,7752.75,1435
2026-09-30 15:17:00-04:00,7752.75,7753.5,7752.25,7753.0,803
2026-09-30 15:18:00-04:00,7752.75,7754.0,7751.75,7753.75,865
2026-09-30 15:19:00-04:00,7753.5,7754.75,7753.25,7753.75,979
2026-09-30 15:20:00-04:00,7753.75,7753.75,7751.75,7753.0,1021
2026-09-30 15:21:00-04:00,7752.75,7753.75,7752.25,7752.25,720
2026-09-30 15:22:00-04:00,7752.25,7752.75,7751.75,7752.25,476
2026-09-30 15:23:00-04:00,7752.25,7752.25,7749.25,7749.5,1800
2026-09-30 15:24:00-04:00,7749.75,7751.25,7749.25,7750.0,1387
2026-09-30 15:25:00-04:00,7750.25,7752.0,7750.0,7750.0,1439
2026-09-30 15:26:00-04:00,7750.0,7751.0,7750.0,7750.5,608
2026-09-30 15:27:00-04:00,7750.5,7751.25,7749.5,7750.5,645
2026-09-30 15:28:00-04:00,7750.25,7751.0,7749.25,7750.25,621
2026-09-30 15:29:00-04:00,7750.5,7750.75,7749.75,7750.25,713
2026-09-30 15:30:00-04:00,7750.25,7751.25,7749.5,7750.75,1246
2026-09-30 15:31:00-04:00,7750.75,7750.75,7749.0,7749.5,1068
2026-09-30 15:32:00-04:00,7749.5,7750.25,7748.25,7748.5,1272
2026-09-30 15:33:00-04:00,7748.5,7748.75,7747.25,7748.75,1280
2026-09-30 15:34:00-04:00,7748.75,7749.75,7748.0,7748.25,1137
2026-09-30 15:35:00-04:00,7748.25,7751.25,7748.25,7750.25,1865
2026-09-30 15:36:00-04:00,7750.25,7750.5,7748.0,7748.0,918
2026-09-30 15:37:00-04:00,7748.25,7748.75,7744.5,7745.5,3101
2026-09-30 15:38:00-04:00,7745.5,7747.0,7744.0,7744.25,2036
2026-09-30 15:39:00-04:00,7744.25,7748.25,7744.25,7746.75,3630
2026-09-30 15:40:00-04:00,7746.5,7748.0,7745.75,7746.75,2263
2026-09-30 15:41:00-04:00,7746.5,7747.0,7744.25,7744.75,1302
2026-09-30 15:42:00-04:00,7744.5,7745.5,7742.25,7742.75,2045
2026-09-30 15:43:00-04:00,7742.75,7744.25,7742.0,7744.0,1314
2026-09-30 15:44:00-04:00,7744.0,7745.75,7743.75,7744.75,1154
2026-09-30 15:45:00-04:00,7744.75,7745.75,7742.25,7743.25,2090
2026-09-30 15:46:00-04:00,7743.0,7744.0,7742.5,7743.0,1060
2026-09-30 15:47:00-04:00,7742.75,7743.5,7741.0,7741.5,1717
2026-09-30 15:48:00-04:00,7741.25,7745.0,7740.25,7743.0,3621
2026-09-30 15:49:00-04:00,7743.0,7743.5,7740.5,7740.5,1881
2026-09-30 15:50:00-04:00,7740.5,7740.5,7732.5,7733.25,9416
2026-09-30 15:51:00-04:00,7733.25,7733.75,7730.25,7733.5,5258
2026-09-30 15:52:00-04:00,7733.25,7737.0,7733.0,7735.25,9397
2026-09-30 15:53:00-04:00,7735.25,7738.0,7735.0,7735.5,4801
2026-09-30 15:54:00-04:00,7735.5,7735.5,7726.5,7727.0,10069
2026-09-30 15:55:00-04:00,7727.0,7728.0,7724.0,7728.0,12682
2026-09-30 15:56:00-04:00,7727.75,7729.5,7725.75,7728.0,6168
2026-09-30 15:57:00-04:00,7728.0,7729.25,7726.75,7727.75,4917
2026-09-30 15:58:00-04:00,7727.75,7728.25,7722.75,7726.5,8272
2026-09-30 15:59:00-04:00,7726.5,7730.0,7710.0,7713.25,36156
2026-09-30 16:00:00-04:00,7713.0,7719.5,7710.25,7718.75,9410
2026-09-30 16:01:00-04:00,7718.75,7718.75,7707.75,7714.25,3318
2026-09-30 16:02:00-04:00,7714.25,7716.5,7709.25,7713.25,2650
2026-09-30 16:03:00-04:00,7713.5,7713.5,7708.5,7710.25,2010
2026-09-30 16:04:00-04:00,7710.25,7713.5,7705.5,7712.75,2790
2026-09-30 16:05:00-04:00,7712.75,7717.25,7711.75,7714.5,3181
2026-09-30 16:06:00-04:00,7714.5,7717.0,7714.25,7716.75,1541
2026-09-30 16:07:00-04:00,7716.75,7720.75,7714.0,7717.25,3517
2026-09-30 16:08:00-04:00,7716.75,7718.75,7715.5,7718.25,1106
2026-09-30 16:09:00-04:00,7718.25,7718.75,7715.5,7716.5,875
2026-09-30 16:10:00-04:00,7716.5,7719.5,7716.5,7718.0,696
2026-09-30 16:11:00-04:00,7718.0,7719.25,7717.5,7718.25,656
2026-09-30 16:12:00-04:00,7718.25,7718.75,7717.5,7718.25,552
2026-09-30 16:13:00-04:00,7718.25,7720.5,7717.25,7720.25,704
2026-09-30 16:14:00-04:00,7720.0,7722.75,7719.75,7721.75,1479
2026-09-30 16:15:00-04:00,7721.5,7723.0,7719.0,7722.25,993
2026-09-30 16:16:00-04:00,7722.25,7723.0,7719.75,7719.75,612
2026-09-30 16:17:00-04:00,7720.25,7721.25,7719.5,7720.0,345
2026-09-30 16:18:00-04:00,7720.25,7721.5,7719.75,7720.75,314
2026-09-30 16:19:00-04:00,7720.75,7722.5,7720.75,7722.25,288
2026-09-30 16:20:00-04:00,7722.25,7723.5,7722.0,7723.25,435
2026-09-30 16:21:00-04:00,7723.0,7723.75,7722.25,7723.25,477
2026-09-30 16:22:00-04:00,7723.5,7725.0,7722.75,7724.0,607
2026-09-30 16:23:00-04:00,7724.5,7724.75,7722.75,7722.75,527
2026-09-30 16:24:00-04:00,7723.0,7724.5,7723.0,7724.0,279
2026-09-30 16:25:00-04:00,7724.25,7725.75,7724.25,7725.25,536
2026-09-30 16:26:00-04:00,7725.5,7725.75,7724.25,7724.75,314
2026-09-30 16:27:00-04:00,7725.0,7725.5,7723.75,7725.0,594
2026-09-30 16:28:00-04:00,7725.25,7725.25,7723.25,7724.25,396
2026-09-30 16:29:00-04:00,7724.25,7724.5,7723.25,7723.25,254
2026-09-30 16:30:00-04:00,7723.0,7723.5,7721.0,7722.25,926
2026-09-30 16:31:00-04:00,7722.25,7723.0,7721.75,7722.5,435
2026-09-30 16:32:00-04:00,7722.5,7722.5,7721.5,7722.25,363
2026-09-30 16:33:00-04:00,7722.5,7722.5,7720.25,7721.25,479
2026-09-30 16:34:00-04:00,7721.25,7722.5,7721.0,7722.0,258
2026-09-30 16:35:00-04:00,7721.75,7723.0,7720.75,7723.0,332
2026-09-30 16:36:00-04:00,7723.0,7724.0,7722.25,7722.5,362
2026-09-30 16:37:00-04:00,7722.25,7723.25,7721.25,7722.0,273
2026-09-30 16:38:00-04:00,7722.25,7722.5,7721.25,7721.75,248
2026-09-30 16:39:00-04:00,7722.0,7723.25,7722.0,7723.0,153
2026-09-30 16:40:00-04:00,7723.0,7723.0,7722.25,7722.5,162
2026-09-30 16:41:00-04:00,7722.75,7722.75,7721.25,7721.75,199
2026-09-30 16:42:00-04:00,7721.5,7722.25,7721.25,7722.25,171
2026-09-30 16:43:00-04:00,7722.0,7722.5,7721.0,7721.5,183
2026-09-30 16:44:00-04:00,7721.25,7721.5,7720.25,7721.25,345
2026-09-30 16:45:00-04:00,7721.25,7722.0,7720.75,7721.25,363
2026-09-30 16:46:00-04:00,7721.5,7721.5,7720.5,7721.0,155
2026-09-30 16:47:00-04:00,7721.0,7721.25,7720.25,7720.75,240
2026-09-30 16:48:00-04:00,7720.75,7721.5,7720.0,7720.0,321
2026-09-30 16:49:00-04:00,7720.0,7721.25,7719.25,7721.0,130
2026-09-30 16:50:00-04:00,7721.0,7721.25,7720.0,7721.0,177
2026-09-30 16:51:00-04:00,7720.75,7721.75,7720.25,7721.0,142
2026-09-30 16:52:00-04:00,7720.75,7722.5,7720.75,7722.25,216
2026-09-30 16:53:00-04:00,7722.0,7722.75,7721.5,7721.75,105
2026-09-30 16:54:00-04:00,7721.5,7722.75,7721.5,7722.5,204
2026-09-30 16:55:00-04:00,7723.0,7723.25,7722.0,7722.25,329
2026-09-30 16:56:00-04:00,7722.5,7722.75,7721.5,7722.25,90
2026-09-30 16:57:00-04:00,7722.25,7722.75,7721.75,7722.0,118
2026-09-30 16:58:00-04:00,7722.0,7722.0,7720.75,7721.0,235
2026-09-30 16:59:00-04:00,7721.0,7722.25,7719.75,7721.5,480
2026-09-30 17:00:00-04:00,7721.5,7721.5,7721.5,7721.5,4
2026-09-30 18:00:00-04:00,7719.25,7724.25,7719.25,7720.75,0
2026-09-30 18:01:00-04:00,7720.5,7722.75,7717.75,7721.75,512
2026-09-30 18:02:00-04:00,7721.5,7725.75,7721.0,7725.25,655
2026-09-30 18:03:00-04:00,7725.25,7725.75,7723.5,7725.25,239
2026-09-30 18:04:00-04:00,7725.25,7725.75,7721.5,7722.0,250
2026-09-30 18:05:00-04:00,7721.75,7725.5,7721.75,7725.0,416
2026-09-30 18:06:00-04:00,7724.75,7726.0,7724.0,7726.0,322
2026-09-30 18:07:00-04:00,7725.75,7726.0,7724.5,7725.0,134
2026-09-30 18:08:00-04:00,7725.0,7727.25,7724.5,7727.0,297
2026-09-30 18:09:00-04:00,7726.75,7727.75,7725.5,7725.5,338
2026-09-30 18:10:00-04:00,7725.75,7727.0,7724.0,7725.25,278
2026-09-30 18:11:00-04:00,7725.25,7726.25,7724.75,7725.75,87
2026-09-30 18:12:00-04:00,7725.75,7727.25,7725.5,7726.75,148
2026-09-30 18:13:00-04:00,7727.0,7727.75,7726.5,7727.0,247
2026-09-30 18:14:00-04:00,7726.75,7727.75,7726.25,7727.5,128
2026-09-30 18:15:00-04:00,7727.5,7727.75,7726.5,7726.75,249
2026-09-30 18:16:00-04:00,7727.0,7728.25,7726.75,7727.5,243
2026-09-30 18:17:00-04:00,7727.5,7728.5,7727.25,7728.0,157
2026-09-30 18:18:00-04:00,7728.0,7729.0,7727.5,7728.0,252
2026-09-30 18:19:00-04:00,7727.75,7729.5,7727.75,7729.0,424
2026-09-30 18:20:00-04:00,7729.25,7730.0,7729.0,7729.25,352
2026-09-30 18:21:00-04:00,7729.25,7730.0,7728.25,7730.0,232
2026-09-30 18:22:00-04:00,7729.75,7731.5,7729.5,7730.75,435
2026-09-30 18:23:00-04:00,7731.0,7731.25,7730.5,7730.75,141
2026-09-30 18:24:00-04:00,7730.75,7731.25,7730.25,7730.75,129
2026-09-30 18:25:00-04:00,7730.5,7730.75,7730.25,7730.25,87
2026-09-30 18:26:00-04:00,7730.5,7731.5,7729.75,7731.5,266
2026-09-30 18:27:00-04:00,7731.0,7731.5,7731.0,7731.5,169
2026-09-30 18:28:00-04:00,7731.5,7731.5,7730.5,7731.0,106
2026-09-30 18:29:00-04:00,7730.5,7731.5,7730.5,7731.0,139
2026-09-30 18:30:00-04:00,7731.0,7732.0,7730.75,7731.5,166
2026-09-30 18:31:00-04:00,7731.5,7731.75,7730.75,7730.75,105
2026-09-30 18:32:00-04:00,7731.0,7732.25,7730.25,7731.75,187
2026-09-30 18:33:00-04:00,7732.25,7732.25,7731.25,7731.75,94
2026-09-30 18:34:00-04:00,7731.5,7732.0,7730.25,7730.75,221
2026-09-30 18:35:00-04:00,7731.0,7731.25,7730.0,7730.5,155
2026-09-30 18:36:00-04:00,7730.75,7732.5,7730.5,7732.0,193
2026-09-30 18:37:00-04:00,7732.25,7732.5,7732.0,7732.5,197
2026-09-30 18:38:00-04:00,7732.25,7732.75,7732.25,7732.5,143
2026-09-30 18:39:00-04:00,7732.5,7733.25,7732.25,7732.5,242
2026-09-30 18:40:00-04:00,7732.5,7733.5,7732.5,7733.25,348
2026-09-30 18:41:00-04:00,7733.5,7735.5,7733.25,7735.25,562
2026-09-30 18:42:00-04:00,7735.25,7736.0,7734.75,7734.75,372
2026-09-30 18:43:00-04:00,7735.0,7735.0,7733.75,7734.0,225
2026-09-30 18:44:00-04:00,7734.0,7734.75,7734.0,7734.25,145
2026-09-30 18:45:00-04:00,7734.25,7734.5,7734.0,7734.25,101
2026-09-30 18:46:00-04:00,7734.25,7734.25,7733.5,7734.0,247
2026-09-30 18:47:00-04:00,7734.0,7734.0,7733.5,7734.0,51
2026-09-30 18:48:00-04:00,7733.75,7734.5,7733.75,7734.5,85
2026-09-30 18:49:00-04:00,7734.25,7735.0,7733.75,7734.25,204
2026-09-30 18:50:00-04:00,7734.0,7734.75,7733.75,7734.5,155
2026-09-30 18:51:00-04:00,7734.5,7734.5,7734.0,7734.25,116
2026-09-30 18:52:00-04:00,7734.25,7734.75,7734.0,7734.75,113
2026-09-30 18:53:00-04:00,7734.5,7734.75,7733.75,7733.75,100
2026-09-30 18:54:00-04:00,7733.75,7734.5,7733.5,7733.75,109
2026-09-30 18:55:00-04:00,7734.0,7734.5,7733.75,7734.25,152
2026-09-30 18:56:00-04:00,7734.0,7734.25,7733.75,7734.25,82
2026-09-30 18:57:00-04:00,7734.25,7734.5,7734.0,7734.25,42
2026-09-30 18:58:00-04:00,7734.25,7734.25,7733.5,7733.75,78
2026-09-30 18:59:00-04:00,7733.75,7734.0,7733.5,7733.75,123
2026-09-30 19:00:00-04:00,7733.75,7734.25,7733.5,7734.0,150
2026-09-30 19:01:00-04:00,7734.0,7734.75,7733.75,7734.5,91
2026-09-30 19:02:00-04:00,7734.5,7735.0,7734.25,7734.5,149
2026-09-30 19:03:00-04:00,7734.75,7735.5,7734.75,7735.0,180
2026-09-30 19:04:00-04:00,7735.0,7735.25,7734.75,7734.75,98
2026-09-30 19:05:00-04:00,7734.75,7735.0,7734.25,7734.75,65
2026-09-30 19:06:00-04:00,7734.25,7734.5,7734.25,7734.25,37
2026-09-30 19:07:00-04:00,7734.25,7734.25,7733.75,7734.0,68
2026-09-30 19:08:00-04:00,7734.0,7734.25,7733.5,7733.5,387
2026-09-30 19:09:00-04:00,7733.5,7733.75,7733.25,7733.75,111
2026-09-30 19:10:00-04:00,7734.0,7734.0,7733.5,7733.75,63
2026-09-30 19:11:00-04:00,7734.0,7734.0,7733.25,7733.25,51
2026-09-30 19:12:00-04:00,7733.25,7733.25,7732.5,7732.75,283
2026-09-30 19:13:00-04:00,7733.0,7733.75,7732.75,7733.5,225
2026-09-30 19:14:00-04:00,7733.5,7733.75,7733.25,7733.75,43
2026-09-30 19:15:00-04:00,7733.75,7736.0,7733.75,7735.25,427
2026-09-30 19:16:00-04:00,7735.25,7735.75,7734.5,7735.5,219
2026-09-30 19:17:00-04:00,7735.5,7736.0,7735.5,7735.5,107
2026-09-30 19:18:00-04:00,7735.5,7737.0,7735.5,7736.5,406
2026-09-30 19:19:00-04:00,7736.5,7736.5,7735.75,7736.0,197
2026-09-30 19:20:00-04:00,7736.0,7736.5,7735.75,7736.0,122
2026-09-30 19:21:00-04:00,7736.25,7737.75,7736.25,7737.75,255
2026-09-30 19:22:00-04:00,7737.5,7738.25,7737.5,7738.25,232
2026-09-30 19:23:00-04:00,7738.25,7738.25,7737.5,7737.5,192
2026-09-30 19:24:00-04:00,7737.75,7738.25,7737.75,7738.25,168
2026-09-30 19:25:00-04:00,7738.0,7738.25,7736.75,7736.75,174
2026-09-30 19:26:00-04:00,7736.75,7737.0,7736.0,7736.5,148
2026-09-30 19:27:00-04:00,7736.5,7736.5,7735.75,7736.0,109
2026-09-30 19:28:00-04:00,7736.25,7736.5,7736.0,7736.5,78
2026-09-30 19:29:00-04:00,7736.25,7737.0,7736.25,7736.75,139
2026-09-30 19:30:00-04:00,7736.75,7738.75,7736.75,7738.75,338
2026-09-30 19:31:00-04:00,7738.75,7738.75,7738.25,7738.5,106
2026-09-30 19:32:00-04:00,7738.5,7739.25,7738.5,7739.25,237
2026-09-30 19:33:00-04:00,7739.0,7739.5,7738.75,7739.5,177
2026-09-30 19:34:00-04:00,7739.5,7739.75,7739.25,7739.25,171
2026-09-30 19:35:00-04:00,7739.5,7739.75,7738.75,7739.25,142
2026-09-30 19:36:00-04:00,7739.5,7742.0,7739.5,7741.75,702
2026-09-30 19:37:00-04:00,7741.5,7743.0,7741.5,7742.75,328
2026-09-30 19:38:00-04:00,7742.75,7744.0,7742.75,7743.5,594
2026-09-30 19:39:00-04:00,7743.75,7743.75,7742.5,7742.75,213
2026-09-30 19:40:00-04:00,7743.0,7743.75,7743.0,7743.75,141
2026-09-30 19:41:00-04:00,7743.5,7744.5,7743.5,7743.5,283
2026-09-30 19:42:00-04:00,7743.75,7743.75,7743.0,7743.0,137
2026-09-30 19:43:00-04:00,7743.25,7743.5,7743.0,7743.0,148
2026-09-30 19:44:00-04:00,7743.25,7743.5,7743.0,7743.0,81
2026-09-30 19:45:00-04:00,7743.25,7743.75,7742.75,7743.25,381
2026-09-30 19:46:00-04:00,7743.25,7743.25,7742.25,7742.75,251
2026-09-30 19:47:00-04:00,7742.75,7743.0,7742.25,7743.0,159
2026-09-30 19:48:00-04:00,7743.0,7743.5,7742.75,7743.25,249
2026-09-30 19:49:00-04:00,7743.25,7744.0,7742.75,7743.75,178
2026-09-30 19:50:00-04:00,7743.75,7743.75,7743.0,7743.5,125
2026-09-30 19:51:00-04:00,7743.5,7744.5,7743.5,7744.0,258
2026-09-30 19:52:00-04:00,7743.75,7744.75,7743.75,7744.75,212
2026-09-30 19:53:00-04:00,7744.75,7745.25,7744.5,7745.0,274
2026-09-30 19:54:00-04:00,7745.0,7745.25,7743.75,7744.25,162
2026-09-30 19:55:00-04:00,7744.25,7744.75,7744.0,7744.0,98
2026-09-30 19:56:00-04:00,7744.0,7744.0,7743.0,7743.5,185
2026-09-30 19:57:00-04:00,7743.25,7743.75,7743.25,7743.25,71
2026-09-30 19:58:00-04:00,7743.25,7744.0,7743.0,7744.0,173
2026-09-30 19:59:00-04:00,7744.0,7744.0,7743.5,7743.5,79
2026-09-30 20:00:00-04:00,7743.75,7744.0,7742.0,7742.75,696
2026-09-30 20:01:00-04:00,7742.75,7743.0,7741.5,7742.25,503
2026-09-30 20:02:00-04:00,7742.75,7743.0,7741.25,7741.5,283
2026-09-30 20:03:00-04:00,7741.5,7741.75,7740.25,7741.0,541
2026-09-30 20:04:00-04:00,7741.0,7741.5,7740.5,7740.75,277
2026-09-30 20:05:00-04:00,7740.5,7740.75,7739.0,7739.25,578
2026-09-30 20:06:00-04:00,7739.0,7740.75,7738.5,7740.75,569
2026-09-30 20:07:00-04:00,7740.5,7741.25,7740.25,7741.0,190
2026-09-30 20:08:00-04:00,7741.0,7741.25,7740.5,7741.0,141
2026-09-30 20:09:00-04:00,7740.5,7740.5,7737.5,7739.25,1695
2026-09-30 20:10:00-04:00,7739.75,7741.0,7739.5,7740.0,543
2026-09-30 20:11:00-04:00,7740.0,7740.5,7738.75,7739.75,381
2026-09-30 20:12:00-04:00,7740.0,7741.25,7739.75,7740.5,340
2026-09-30 20:13:00-04:00,7740.25,7740.5,7739.5,7740.5,102
2026-09-30 20:14:00-04:00,7740.0,7740.75,7739.75,7740.5,88
2026-09-30 20:15:00-04:00,7740.25,7740.5,7736.75,7737.0,837
2026-09-30 20:16:00-04:00,7737.25,7738.0,7735.75,7736.5,443
2026-09-30 20:17:00-04:00,7736.75,7737.5,7735.75,7737.0,355
2026-09-30 20:18:00-04:00,7737.0,7737.0,7734.75,7735.0,317
2026-09-30 20:19:00-04:00,7735.25,7735.75,7734.5,7735.5,425
2026-09-30 20:20:00-04:00,7735.5,7736.5,7735.0,7736.0,337
2026-09-30 20:21:00-04:00,7736.0,7736.5,7735.5,7735.5,212
2026-09-30 20:22:00-04:00,7735.25,7735.75,7734.0,7734.0,430
2026-09-30 20:23:00-04:00,7734.0,7734.25,7733.0,7733.5,592
2026-09-30 20:24:00-04:00,7733.5,7735.5,7733.5,7734.5,237
2026-09-30 20:25:00-04:00,7734.5,7735.5,7734.25,7735.5,166
2026-09-30 20:26:00-04:00,7735.75,7736.5,7735.5,7736.25,323
2026-09-30 20:27:00-04:00,7736.0,7737.25,7736.0,7736.25,260
2026-09-30 20:28:00-04:00,7736.25,7737.75,7735.75,7736.25,415
2026-09-30 20:29:00-04:00,7736.5,7736.75,7734.25,7735.0,248
2026-09-30 20:30:00-04:00,7735.25,7735.25,7730.75,7732.0,1296
2026-09-30 20:31:00-04:00,7731.75,7732.0,7730.5,7731.5,356
2026-09-30 20:32:00-04:00,7731.75,7732.75,7731.0,7732.25,258
2026-09-30 20:33:00-04:00,7732.25,7732.75,7731.75,7732.25,190
2026-09-30 20:34:00-04:00,7732.0,7732.25,7730.0,7730.5,260
2026-09-30 20:35:00-04:00,7730.0,7731.25,7730.0,7731.0,256
2026-09-30 20:36:00-04:00,7731.0,7733.5,7730.5,7733.5,393
2026-09-30 20:37:00-04:00,7733.75,7733.75,7731.75,7732.5,501
2026-09-30 20:38:00-04:00,7732.75,7732.75,7731.5,7732.25,138
2026-09-30 20:39:00-04:00,7732.25,7733.0,7731.5,7732.25,229
2026-09-30 20:40:00-04:00,7732.25,7734.25,7732.0,7734.25,239
2026-09-30 20:41:00-04:00,7734.0,7736.75,7734.0,7734.75,1016
2026-09-30 20:42:00-04:00,7734.5,7736.25,7734.25,7736.25,223
2026-09-30 20:43:00-04:00,7735.75,7738.25,7735.5,7738.25,434
2026-09-30 20:44:00-04:00,7738.0,7740.5,7738.0,7740.0,756
2026-09-30 20:45:00-04:00,7740.0,7740.25,7738.5,7738.5,247
2026-09-30 20:46:00-04:00,7738.5,7738.5,7737.25,7737.5,384
2026-09-30 20:47:00-04:00,7737.75,7737.75,7735.75,7736.25,415
2026-09-30 20:48:00-04:00,7736.25,7738.25,7736.25,7737.75,223
2026-09-30 20:49:00-04:00,7737.75,7738.25,7737.25,7737.5,98
2026-09-30 20:50:00-04:00,7737.0,7737.25,7736.0,7737.0,100
2026-09-30 20:51:00-04:00,7737.25,7737.5,7735.25,7736.0,291
2026-09-30 20:52:00-04:00,7736.0,7736.0,7734.75,7735.75,153
2026-09-30 20:53:00-04:00,7736.0,7736.0,7733.75,7734.25,335
2026-09-30 20:54:00-04:00,7734.0,7735.0,7733.25,7733.5,185
2026-09-30 20:55:00-04:00,7733.75,7735.5,7733.5,7734.75,175
2026-09-30 20:56:00-04:00,7735.0,7736.75,7735.0,7736.0,308
2026-09-30 20:57:00-04:00,7736.25,7736.75,7736.0,7736.75,155
2026-09-30 20:58:00-04:00,7736.5,7738.75,7736.5,7737.75,430
2026-09-30 20:59:00-04:00,7738.0,7738.75,7737.25,7737.5,213
2026-09-30 21:00:00-04:00,7737.75,7739.25,7737.75,7738.25,221
2026-09-30 21:01:00-04:00,7738.25,7738.75,7737.25,7738.75,268
2026-09-30 21:02:00-04:00,7738.75,7739.5,7737.75,7738.25,206
2026-09-30 21:03:00-04:00,7738.25,7738.25,7737.5,7738.25,82
2026-09-30 21:04:00-04:00,7738.25,7739.75,7738.25,7738.75,131
2026-09-30 21:05:00-04:00,7738.5,7739.5,7738.25,7739.25,114
2026-09-30 21:06:00-04:00,7739.25,7739.5,7738.5,7739.25,130
2026-09-30 21:07:00-04:00,7739.0,7740.5,7739.0,7739.5,245
2026-09-30 21:08:00-04:00,7739.25,7740.75,7738.75,7740.5,127
2026-09-30 21:09:00-04:00,7740.25,7741.0,7739.75,7741.0,171
2026-09-30 21:10:00-04:00,7741.0,7741.25,7740.0,7741.25,274
2026-09-30 21:11:00-04:00,7741.25,7741.5,7739.75,7741.25,211
2026-09-30 21:12:00-04:00,7741.0,7742.75,7740.75,7742.5,398
2026-09-30 21:13:00-04:00,7742.75,7743.25,7742.0,7743.0,426
2026-09-30 21:14:00-04:00,7742.75,7742.75,7739.5,7739.75,604
2026-09-30 21:15:00-04:00,7739.5,7740.0,7737.5,7740.0,862
2026-09-30 21:16:00-04:00,7740.0,7740.5,7739.5,7740.0,204
2026-09-30 21:17:00-04:00,7740.0,7740.0,7738.75,7740.0,167
2026-09-30 21:18:00-04:00,7740.0,7740.25,7739.0,7739.75,130
2026-09-30 21:19:00-04:00,7739.5,7741.5,7739.5,7741.25,259
2026-09-30 21:20:00-04:00,7741.0,7743.0,7741.0,7742.75,341
2026-09-30 21:21:00-04:00,7743.0,7743.25,7741.75,7742.5,150
2026-09-30 21:22:00-04:00,7742.0,7742.5,7741.5,7742.25,110
2026-09-30 21:23:00-04:00,7742.25,7743.0,7742.0,7742.75,103
2026-09-30 21:24:00-04:00,7743.0,7743.5,7742.75,7743.0,143
2026-09-30 21:25:00-04:00,7743.25,7744.25,7743.0,7743.75,312
2026-09-30 21:26:00-04:00,7743.75,7744.0,7742.75,7742.75,120
2026-09-30 21:27:00-04:00,7742.75,7743.0,7742.25,7742.5,101
2026-09-30 21:28:00-04:00,7742.5,7743.0,7742.0,7743.0,116
2026-09-30 21:29:00-04:00,7742.75,7742.75,7741.0,7741.0,262
2026-09-30 21:30:00-04:00,7741.25,7741.75,7740.75,7741.0,255
2026-09-30 21:31:00-04:00,7741.0,7741.5,7740.25,7740.75,170
2026-09-30 21:32:00-04:00,7740.5,7741.75,7740.25,7741.75,103
2026-09-30 21:33:00-04:00,7741.5,7742.75,7741.25,7742.5,150
2026-09-30 21:34:00-04:00,7742.75,7743.25,7742.0,7742.5,129
2026-09-30 21:35:00-04:00,7742.5,7742.75,7742.0,7742.75,98
2026-09-30 21:36:00-04:00,7742.5,7742.75,7741.25,7742.0,84
2026-09-30 21:37:00-04:00,7742.0,7742.0,7740.25,7740.25,152
2026-09-30 21:38:00-04:00,7740.5,7741.0,7740.25,7741.0,162
2026-09-30 21:39:00-04:00,7740.75,7742.0,7740.5,7741.5,93
2026-09-30 21:40:00-04:00,7741.75,7741.75,7741.0,7741.25,89
2026-09-30 21:41:00-04:00,7741.0,7741.0,7739.5,7740.75,223
2026-09-30 21:42:00-04:00,7741.0,7741.0,7740.0,7740.75,206
2026-09-30 21:43:00-04:00,7740.75,7741.0,7740.0,7740.5,64
2026-09-30 21:44:00-04:00,7740.5,7740.5,7739.75,7740.5,62
2026-09-30 21:45:00-04:00,7740.5,7740.75,7739.25,7739.75,123
2026-09-30 21:46:00-04:00,7739.75,7740.5,7738.75,7739.0,267
2026-09-30 21:47:00-04:00,7739.25,7739.5,7738.75,7738.75,108
2026-09-30 21:48:00-04:00,7739.0,7739.25,7737.75,7738.75,190
2026-09-30 21:49:00-04:00,7738.75,7738.75,7737.25,7738.0,264
2026-09-30 21:50:00-04:00,7737.75,7740.25,7737.5,7739.5,239
2026-09-30 21:51:00-04:00,7739.25,7740.0,7739.25,7739.5,61
2026-09-30 21:52:00-04:00,7739.75,7740.5,7739.5,7740.0,174
2026-09-30 21:53:00-04:00,7740.0,7740.0,7738.75,7740.0,118
2026-09-30 21:54:00-04:00,7739.75,7740.25,7739.5,7739.75,49
2026-09-30 21:55:00-04:00,7739.75,7739.75,7739.0,7739.75,106
2026-09-30 21:56:00-04:00,7740.0,7740.25,7739.0,7739.0,64
2026-09-30 21:57:00-04:00,7739.0,7739.25,7738.25,7738.75,72
2026-09-30 21:58:00-04:00,7738.5,7739.0,7737.75,7739.0,150
2026-09-30 21:59:00-04:00,7739.0,7739.5,7738.5,7739.0,134
2026-09-30 22:00:00-04:00,7739.25,7740.5,7739.0,7740.25,258
2026-09-30 22:01:00-04:00,7740.25,7740.25,7738.75,7739.25,201
2026-09-30 22:02:00-04:00,7739.5,7739.5,7737.75,7739.25,178
2026-09-30 22:03:00-04:00,7739.25,7739.75,7738.25,7739.25,96
2026-09-30 22:04:00-04:00,7739.25,7740.0,7739.0,7739.5,134
2026-09-30 22:05:00-04:00,7739.75,7740.5,7738.75,7739.0,77
2026-09-30 22:06:00-04:00,7739.0,7741.25,7739.0,7739.5,206
2026-09-30 22:07:00-04:00,7739.5,7739.75,7738.0,7739.0,137
2026-09-30 22:08:00-04:00,7739.5,7740.0,7739.0,7739.5,79
2026-09-30 22:09:00-04:00,7739.5,7740.0,7738.75,7739.5,84
2026-09-30 22:10:00-04:00,7739.75,7741.0,7739.25,7740.0,114
2026-09-30 22:11:00-04:00,7740.25,7741.25,7739.75,7741.0,165
2026-09-30 22:12:00-04:00,7741.0,7742.0,7740.25,7740.25,257
2026-09-30 22:13:00-04:00,7740.25,7741.25,7739.5,7739.5,215
2026-09-30 22:14:00-04:00,7739.75,7740.5,7738.25,7738.75,184
2026-09-30 22:15:00-04:00,7738.75,7739.5,7738.75,7739.25,170
2026-09-30 22:16:00-04:00,7739.0,7741.25,7739.0,7740.25,211
2026-09-30 22:17:00-04:00,7740.25,7740.75,7740.0,7740.5,62
2026-09-30 22:18:00-04:00,7740.0,7740.0,7738.5,7739.0,119
2026-09-30 22:19:00-04:00,7738.75,7740.5,7738.75,7739.5,375
2026-09-30 22:20:00-04:00,7739.25,7739.5,7738.0,7739.25,287
2026-09-30 22:21:00-04:00,7739.0,7739.0,7737.75,7738.75,298
2026-09-30 22:22:00-04:00,7738.75,7740.25,7738.75,7740.0,126
2026-09-30 22:23:00-04:00,7740.0,7740.75,7739.75,7740.5,203
2026-09-30 22:24:00-04:00,7740.5,7742.5,7740.5,7740.75,316
2026-09-30 22:25:00-04:00,7740.75,7741.0,7739.5,7740.25,149
2026-09-30 22:26:00-04:00,7740.25,7740.5,7739.75,7740.0,61
2026-09-30 22:27:00-04:00,7740.25,7740.25,7738.75,7739.0,95
2026-09-30 22:28:00-04:00,7739.0,7741.25,7739.0,7741.25,204
2026-09-30 22:29:00-04:00,7741.25,7742.5,7741.0,7742.25,149
2026-09-30 22:30:00-04:00,7742.25,7742.5,7741.5,7742.0,160
2026-09-30 22:31:00-04:00,7741.75,7742.0,7741.25,7742.0,58
2026-09-30 22:32:00-04:00,7741.75,7743.0,7741.75,7742.5,202
2026-09-30 22:33:00-04:00,7742.5,7742.75,7742.0,7742.0,79
2026-09-30 22:34:00-04:00,7742.0,7742.25,7742.0,7742.25,107
2026-09-30 22:35:00-04:00,7742.25,7742.75,7742.25,7742.5,102
2026-09-30 22:36:00-04:00,7742.5,7742.5,7741.75,7742.0,58
2026-09-30 22:37:00-04:00,7742.25,7742.5,7741.5,7741.75,180
2026-09-30 22:38:00-04:00,7741.5,7741.75,7741.0,7741.25,131
2026-09-30 22:39:00-04:00,7741.5,7742.0,7741.25,7741.75,51
2026-09-30 22:40:00-04:00,7741.75,7742.0,7741.25,7742.0,73
2026-09-30 22:41:00-04:00,7742.0,7742.0,7741.5,7741.75,57
2026-09-30 22:42:00-04:00,7742.0,7742.25,7741.5,7742.0,79
2026-09-30 22:43:00-04:00,7742.25,7742.5,7742.0,7742.5,69
2026-09-30 22:44:00-04:00,7742.75,7743.0,7742.0,7742.0,92
2026-09-30 22:45:00-04:00,7742.0,7742.5,7741.5,7742.0,64
2026-09-30 22:46:00-04:00,7742.0,7742.75,7742.0,7742.25,35
2026-09-30 22:47:00-04:00,7742.0,7742.25,7741.75,7742.0,50
2026-09-30 22:48:00-04:00,7742.0,7742.25,7740.75,7740.75,159
2026-09-30 22:49:00-04:00,7740.75,7741.0,7740.25,7741.0,107
2026-09-30 22:50:00-04:00,7740.75,7740.75,7740.25,7740.25,34
2026-09-30 22:51:00-04:00,7740.5,7742.5,7740.25,7741.25,270
2026-09-30 22:52:00-04:00,7741.25,7742.0,7741.0,7741.75,80
2026-09-30 22:53:00-04:00,7741.75,7742.25,7741.25,7741.5,128
2026-09-30 22:54:00-04:00,7741.5,7741.75,7741.25,7741.75,51
2026-09-30 22:55:00-04:00,7741.75,7742.0,7741.5,7741.75,25
2026-09-30 22:56:00-04:00,7741.5,7741.75,7741.0,7741.5,87
2026-09-30 22:57:00-04:00,7741.5,7742.0,7741.5,7741.5,89
2026-09-30 22:58:00-04:00,7741.75,7742.5,7741.5,7742.25,62
2026-09-30 22:59:00-04:00,7742.25,7743.0,7742.25,7742.75,126
2026-09-30 23:00:00-04:00,7742.75,7744.75,7742.75,7744.25,468
2026-09-30 23:01:00-04:00,7744.25,7744.25,7743.75,7744.0,163
2026-09-30 23:02:00-04:00,7743.75,7744.75,7743.75,7744.75,141
2026-09-30 23:03:00-04:00,7744.75,7744.75,7743.5,7743.5,203
2026-09-30 23:04:00-04:00,7743.5,7743.5,7742.25,7742.75,182
2026-09-30 23:05:00-04:00,7742.75,7743.75,7742.5,7743.75,102
2026-09-30 23:06:00-04:00,7743.5,7743.5,7742.5,7743.0,108
2026-09-30 23:07:00-04:00,7743.0,7743.5,7742.75,7743.25,72
2026-09-30 23:08:00-04:00,7743.25,7743.5,7743.0,7743.5,110
2026-09-30 23:09:00-04:00,7743.25,7743.5,7743.0,7743.5,91
2026-09-30 23:10:00-04:00,7743.5,7744.0,7743.5,7744.0,88
2026-09-30 23:11:00-04:00,7743.75,7744.25,7743.75,7744.25,89
2026-09-30 23:12:00-04:00,7744.25,7744.5,7744.0,7744.0,67
2026-09-30 23:13:00-04:00,7744.0,7744.25,7743.5,7743.75,131
2026-09-30 23:14:00-04:00,7743.5,7743.75,7743.25,7743.75,52
2026-09-30 23:15:00-04:00,7743.75,7744.5,7743.75,7744.0,84
2026-09-30 23:16:00-04:00,7743.75,7744.0,7743.25,7744.0,96
2026-09-30 23:17:00-04:00,7744.25,7744.75,7744.0,7744.25,201
2026-09-30 23:18:00-04:00,7744.25,7744.5,7742.75,7743.0,378
2026-09-30 23:19:00-04:00,7742.75,7743.25,7742.75,7743.0,87
2026-09-30 23:20:00-04:00,7743.0,7743.25,7742.75,7743.0,59
2026-09-30 23:21:00-04:00,7743.0,7743.25,7742.0,7742.0,97
2026-09-30 23:22:00-04:00,7742.25,7742.25,7741.75,7741.75,117
2026-09-30 23:23:00-04:00,7741.75,7742.5,7741.75,7742.25,126
2026-09-30 23:24:00-04:00,7742.5,7743.0,7742.25,7742.5,27
2026-09-30 23:25:00-04:00,7742.75,7743.25,7742.75,7743.25,44
2026-09-30 23:26:00-04:00,7743.0,7744.0,7743.0,7743.75,121
2026-09-30 23:27:00-04:00,7743.75,7743.75,7743.25,7743.5,30
2026-09-30 23:28:00-04:00,7743.5,7744.0,7743.25,7744.0,83
2026-09-30 23:29:00-04:00,7744.0,7744.25,7743.75,7743.75,36
2026-09-30 23:30:00-04:00,7743.75,7744.0,7742.75,7742.75,136
2026-09-30 23:31:00-04:00,7742.5,7742.75,7741.75,7742.25,114
2026-09-30 23:32:00-04:00,7742.25,7742.25,7741.25,7741.75,145
2026-09-30 23:33:00-04:00,7741.75,7742.25,7741.5,7742.25,76
2026-09-30 23:34:00-04:00,7742.25,7742.25,7741.5,7742.0,75
2026-09-30 23:35:00-04:00,7742.0,7742.5,7741.75,7741.75,54
2026-09-30 23:36:00-04:00,7742.0,7742.5,7741.25,7742.25,95
2026-09-30 23:37:00-04:00,7742.5,7742.75,7742.25,7742.5,44
2026-09-30 23:38:00-04:00,7742.5,7742.75,7742.5,7742.5,40
2026-09-30 23:39:00-04:00,7742.75,7743.0,7742.25,7743.0,65
2026-09-30 23:40:00-04:00,7743.0,7743.5,7742.5,7742.75,69
2026-09-30 23:41:00-04:00,7742.5,7743.25,7742.0,7743.25,28
2026-09-30 23:42:00-04:00,7743.0,7743.5,7743.0,7743.0,60
2026-09-30 23:43:00-04:00,7743.0,7744.0,7743.0,7743.75,43
2026-09-30 23:44:00-04:00,7743.75,7744.0,7743.25,7743.75,33
2026-09-30 23:45:00-04:00,7743.75,7743.75,7743.0,7743.25,102
2026-09-30 23:46:00-04:00,7743.0,7743.75,7743.0,7743.5,54
2026-09-30 23:47:00-04:00,7743.25,7743.75,7743.25,7743.75,28
2026-09-30 23:48:00-04:00,7743.25,7744.0,7743.25,7743.75,77
2026-09-30 23:49:00-04:00,7743.75,7744.0,7743.5,7744.0,80
2026-09-30 23:50:00-04:00,7744.0,7744.75,7744.0,7744.5,119
2026-09-30 23:51:00-04:00,7744.5,7744.5,7744.25,7744.25,76
2026-09-30 23:52:00-04:00,7744.5,7745.0,7744.25,7744.25,86
2026-09-30 23:53:00-04:00,7744.25,7744.5,7743.75,7744.5,74
2026-09-30 23:54:00-04:00,7744.5,7746.75,7744.5,7746.5,771
2026-09-30 23:55:00-04:00,7746.25,7747.0,7745.75,7746.5,432
2026-09-30 23:56:00-04:00,7746.25,7747.0,7745.75,7746.25,145
2026-09-30 23:57:00-04:00,7746.0,7747.25,7746.0,7747.25,189
2026-09-30 23:58:00-04:00,7747.0,7748.25,7747.0,7748.0,473
2026-10-01 00:09:00-04:00,7749.25,7749.25,7748.75,7749.0,126
2026-10-01 00:10:00-04:00,7749.0,7749.5,7749.0,7749.25,95
2026-10-01 00:11:00-04:00,7749.25,7749.75,7749.0,7749.25,81
2026-10-01 00:12:00-04:00,7749.25,7749.5,7748.75,7749.25,63
2026-10-01 00:13:00-04:00,7749.25,7750.5,7749.0,7750.25,134
2026-10-01 00:14:00-04:00,7750.25,7750.25,7749.75,7750.0,66
2026-10-01 00:15:00-04:00,7749.75,7750.0,7747.75,7748.75,338
2026-10-01 00:16:00-04:00,7748.25,7748.5,7747.75,7748.0,102
2026-10-01 00:17:00-04:00,7748.0,7748.5,7747.75,7747.75,66
2026-10-01 00:18:00-04:00,7747.75,7748.25,7747.25,7748.0,90
2026-10-01 00:19:00-04:00,7748.25,7748.25,7747.75,7748.25,31
2026-10-01 00:20:00-04:00,7748.25,7748.5,7747.75,7748.5,65
2026-10-01 00:21:00-04:00,7748.25,7749.0,7748.25,7748.75,60
2026-10-01 00:22:00-04:00,7748.75,7749.25,7748.75,7749.0,69
2026-10-01 00:23:00-04:00,7748.75,7749.0,7748.25,7748.5,54
2026-10-01 00:24:00-04:00,7748.25,7748.75,7748.25,7748.5,40
2026-10-01 00:25:00-04:00,7748.5,7748.75,7748.25,7748.75,72
2026-10-01 00:26:00-04:00,7748.75,7749.25,7748.5,7748.75,88
2026-10-01 00:27:00-04:00,7749.0,7749.25,7748.75,7749.25,43
2026-10-01 00:28:00-04:00,7749.0,7749.75,7748.75,7749.25,162
2026-10-01 00:29:00-04:00,7749.25,7749.25,7748.75,7749.0,81
2026-10-01 00:30:00-04:00,7749.0,7749.5,7748.75,7749.25,51
2026-10-01 00:31:00-04:00,7749.25,7749.75,7749.25,7749.75,60
2026-10-01 00:32:00-04:00,7749.75,7749.75,7749.25,7749.25,18
2026-10-01 00:33:00-04:00,7749.25,7749.75,7749.25,7749.75,74
2026-10-01 00:34:00-04:00,7750.0,7751.5,7750.0,7751.25,485
2026-10-01 00:35:00-04:00,7751.25,7751.5,7750.5,7751.0,179
2026-10-01 00:36:00-04:00,7751.25,7751.75,7751.0,7751.25,83
2026-10-01 00:37:00-04:00,7751.5,7752.25,7751.0,7752.0,192
2026-10-01 00:38:00-04:00,7752.0,7752.25,7751.5,7751.5,113
2026-10-01 00:39:00-04:00,7751.25,7751.5,7750.75,7751.0,152
2026-10-01 00:40:00-04:00,7751.0,7751.25,7750.5,7751.0,167
2026-10-01 00:41:00-04:00,7751.0,7751.25,7750.0,7750.0,115
2026-10-01 00:42:00-04:00,7750.0,7750.25,7749.75,7750.25,176
2026-10-01 00:43:00-04:00,7750.5,7751.5,7750.5,7750.75,93
2026-10-01 00:44:00-04:00,7751.0,7751.5,7750.75,7751.5,37
2026-10-01 00:45:00-04:00,7751.25,7751.75,7751.0,7751.5,146
2026-10-01 00:46:00-04:00,7751.5,7752.5,7751.5,7752.5,144
2026-10-01 00:47:00-04:00,7752.25,7752.5,7752.0,7752.5,102
2026-10-01 00:48:00-04:00,7752.5,7752.75,7752.25,7752.75,89
2026-10-01 00:49:00-04:00,7752.5,7754.25,7752.25,7753.25,604
2026-10-01 00:50:00-04:00,7753.5,7754.0,7753.25,7753.25,179
2026-10-01 00:51:00-04:00,7753.5,7753.75,7752.75,7753.5,165
2026-10-01 00:52:00-04:00,7753.75,7754.0,7753.25,7754.0,158
2026-10-01 00:53:00-04:00,7753.75,7754.25,7753.5,7754.0,93
2026-10-01 00:54:00-04:00,7754.0,7754.5,7753.75,7754.0,157
2026-10-01 00:55:00-04:00,7754.0,7754.75,7753.5,7754.0,231
2026-10-01 00:56:00-04:00,7753.75,7753.75,7752.75,7753.0,211
2026-10-01 00:57:00-04:00,7753.0,7753.5,7752.75,7753.0,72
2026-10-01 00:58:00-04:00,7753.0,7753.75,7753.0,7753.75,114
2026-10-01 00:59:00-04:00,7753.75,7755.75,7753.75,7755.75,365
2026-10-01 01:00:00-04:00,7756.0,7756.5,7755.75,7756.0,347
2026-10-01 01:01:00-04:00,7756.5,7756.5,7755.5,7755.75,156
2026-10-01 01:02:00-04:00,7755.75,7756.25,7755.5,7755.75,52
2026-10-01 01:03:00-04:00,7756.0,7757.0,7756.0,7757.0,229
2026-10-01 01:04:00-04:00,7757.0,7757.5,7756.5,7757.5,201
2026-10-01 01:05:00-04:00,7757.5,7759.75,7757.5,7759.25,670
2026-10-01 01:06:00-04:00,7759.25,7759.75,7758.75,7759.0,275
2026-10-01 01:07:00-04:00,7758.75,7759.0,7758.25,7759.0,172
2026-10-01 01:08:00-04:00,7758.75,7759.0,7758.25,7758.25,93
2026-10-01 01:09:00-04:00,7758.5,7759.25,7758.5,7758.75,109
2026-10-01 01:10:00-04:00,7758.75,7759.0,7758.5,7759.0,84
2026-10-01 01:11:00-04:00,7759.0,7759.0,7758.0,7758.25,128
2026-10-01 01:12:00-04:00,7758.25,7758.25,7757.75,7758.0,125
2026-10-01 01:13:00-04:00,7758.5,7759.25,7758.25,7758.75,119
2026-10-01 01:14:00-04:00,7758.75,7759.25,7758.5,7759.0,100
2026-10-01 01:15:00-04:00,7759.25,7759.25,7758.5,7758.75,115
2026-10-01 01:16:00-04:00,7758.5,7759.5,7758.5,7759.25,80
2026-10-01 01:17:00-04:00,7759.25,7759.5,7759.0,7759.0,52
2026-10-01 01:18:00-04:00,7759.0,7759.75,7759.0,7759.5,159
2026-10-01 01:19:00-04:00,7759.5,7760.5,7759.25,7760.25,302
2026-10-01 01:20:00-04:00,7760.25,7760.5,7759.75,7760.25,139
2026-10-01 01:21:00-04:00,7760.25,7761.75,7760.25,7761.75,323
2026-10-01 01:22:00-04:00,7761.75,7762.0,7761.0,7761.5,230
2026-10-01 01:23:00-04:00,7761.5,7762.0,7761.5,7761.75,118
2026-10-01 01:24:00-04:00,7761.75,7762.25,7761.5,7761.5,172
2026-10-01 01:25:00-04:00,7761.75,7762.75,7761.5,7762.25,156
2026-10-01 01:26:00-04:00,7762.25,7763.0,7761.75,7763.0,112
2026-10-01 01:27:00-04:00,7763.0,7763.25,7761.75,7762.75,294
2026-10-01 01:28:00-04:00,7762.75,7764.25,7762.75,7764.25,466
2026-10-01 01:29:00-04:00,7764.25,7764.75,7763.75,7764.25,370
2026-10-01 01:30:00-04:00,7764.5,7764.75,7763.0,7763.75,242
2026-10-01 01:31:00-04:00,7764.0,7764.25,7763.25,7763.5,167
2026-10-01 01:32:00-04:00,7763.75,7764.25,7763.5,7763.75,151
2026-10-01 01:33:00-04:00,7764.0,7764.0,7763.0,7763.75,91
2026-10-01 01:34:00-04:00,7763.75,7765.5,7763.5,7765.5,374
2026-10-01 01:35:00-04:00,7765.25,7766.75,7765.0,7766.25,530
2026-10-01 01:36:00-04:00,7766.25,7766.75,7765.0,7765.0,185
2026-10-01 01:37:00-04:00,7764.75,7765.25,7764.5,7765.0,166
2026-10-01 01:38:00-04:00,7764.75,7765.25,7764.0,7765.0,139
2026-10-01 01:39:00-04:00,7765.0,7765.25,7764.5,7764.5,106
2026-10-01 01:40:00-04:00,7764.75,7765.75,7764.75,7765.75,149
2026-10-01 01:41:00-04:00,7765.75,7766.5,7765.25,7766.0,100
2026-10-01 01:42:00-04:00,7766.25,7766.25,7765.0,7765.25,224
2026-10-01 01:43:00-04:00,7765.25,7765.75,7764.25,7764.5,164
2026-10-01 01:44:00-04:00,7764.5,7764.5,7763.75,7764.0,251
2026-10-01 01:45:00-04:00,7764.25,7764.5,7762.25,7762.5,422
2026-10-01 01:46:00-04:00,7762.75,7762.75,7761.25,7762.0,487
2026-10-01 01:47:00-04:00,7762.0,7762.25,7760.75,7761.5,334
2026-10-01 01:48:00-04:00,7761.75,7762.25,7761.5,7761.5,147
2026-10-01 01:49:00-04:00,7761.25,7762.25,7760.75,7762.0,254
2026-10-01 01:50:00-04:00,7762.0,7764.0,7762.0,7763.5,322
2026-10-01 01:51:00-04:00,7763.5,7765.0,7763.25,7765.0,243
2026-10-01 01:52:00-04:00,7764.5,7765.0,7763.5,7764.0,124
2026-10-01 01:53:00-04:00,7763.75,7765.0,7763.75,7765.0,90
2026-10-01 01:54:00-04:00,7765.0,7765.0,7764.5,7764.5,310
2026-10-01 01:55:00-04:00,7764.5,7764.5,7763.25,7763.5,204
2026-10-01 01:56:00-04:00,7763.75,7764.0,7763.0,7763.25,105
2026-10-01 01:57:00-04:00,7763.0,7763.25,7762.5,7763.0,102
2026-10-01 01:58:00-04:00,7762.75,7764.0,7762.5,7763.75,141
2026-10-01 01:59:00-04:00,7763.5,7764.5,7763.25,7764.25,135
2026-10-01 02:00:00-04:00,7764.25,7767.5,7764.0,7767.5,861
2026-10-01 02:01:00-04:00,7767.5,7767.5,7766.25,7766.5,305
2026-10-01 02:02:00-04:00,7766.5,7766.5,7765.5,7766.25,193
2026-10-01 02:03:00-04:00,7766.0,7766.75,7765.5,7766.0,188
2026-10-01 02:04:00-04:00,7765.75,7766.5,7765.0,7766.25,124
2026-10-01 02:05:00-04:00,7766.25,7766.75,7765.25,7766.0,168
2026-10-01 02:06:00-04:00,7765.75,7766.0,7764.75,7765.0,122
2026-10-01 02:07:00-04:00,7764.75,7765.75,7764.75,7765.25,154
2026-10-01 02:08:00-04:00,7765.25,7765.75,7763.75,7764.75,170
2026-10-01 02:09:00-04:00,7764.5,7765.25,7764.25,7764.5,143
2026-10-01 02:10:00-04:00,7764.5,7766.0,7763.75,7766.0,404
2026-10-01 02:11:00-04:00,7766.0,7766.0,7764.5,7765.25,147
2026-10-01 02:12:00-04:00,7765.0,7765.25,7763.5,7764.0,130
2026-10-01 02:13:00-04:00,7763.75,7764.0,7762.75,7762.75,268
2026-10-01 02:14:00-04:00,7762.75,7764.25,7762.75,7763.25,116
2026-10-01 02:15:00-04:00,7763.0,7763.25,7761.75,7762.0,225
2026-10-01 02:16:00-04:00,7762.0,7762.5,7761.5,7762.5,160
2026-10-01 02:17:00-04:00,7762.5,7762.75,7762.0,7762.5,128
2026-10-01 02:18:00-04:00,7762.5,7762.5,7761.25,7761.75,178
2026-10-01 02:19:00-04:00,7762.0,7762.0,7760.75,7761.0,188
2026-10-01 02:20:00-04:00,7761.0,7761.25,7760.75,7761.0,121
2026-10-01 02:21:00-04:00,7760.75,7762.25,7760.75,7761.0,132
2026-10-01 02:22:00-04:00,7761.5,7762.5,7761.0,7762.25,137
2026-10-01 02:23:00-04:00,7762.25,7762.75,7761.75,7762.0,177
2026-10-01 02:24:00-04:00,7761.75,7762.25,7761.0,7761.0,171
2026-10-01 02:25:00-04:00,7761.0,7761.25,7759.5,7760.5,420
2026-10-01 02:26:00-04:00,7760.5,7760.75,7759.5,7759.75,256
2026-10-01 02:27:00-04:00,7759.75,7761.0,7759.5,7760.25,100
2026-10-01 02:28:00-04:00,7760.5,7762.25,7760.5,7762.0,260
2026-10-01 02:29:00-04:00,7762.25,7763.25,7762.0,7763.25,259
2026-10-01 02:30:00-04:00,7763.0,7764.25,7762.5,7762.5,427
2026-10-01 02:31:00-04:00,7762.5,7762.75,7761.0,7761.5,375
2026-10-01 02:32:00-04:00,7761.25,7761.75,7759.75,7760.0,271
2026-10-01 02:33:00-04:00,7760.25,7760.75,7759.0,7760.5,355
2026-10-01 02:34:00-04:00,7760.25,7761.0,7759.75,7760.5,136
2026-10-01 02:35:00-04:00,7760.5,7762.0,7760.0,7761.25,257
2026-10-01 02:36:00-04:00,7761.0,7761.0,7758.25,7758.5,296
2026-10-01 02:37:00-04:00,7758.5,7758.75,7757.25,7757.5,334
2026-10-01 02:38:00-04:00,7757.75,7757.75,7757.0,7757.25,134
2026-10-01 02:39:00-04:00,7757.0,7757.0,7753.5,7753.75,652
2026-10-01 02:40:00-04:00,7753.5,7754.0,7750.25,7750.5,630
2026-10-01 02:41:00-04:00,7750.5,7751.75,7749.5,7751.25,825
2026-10-01 02:42:00-04:00,7751.5,7752.75,7750.75,7752.25,352
2026-10-01 02:43:00-04:00,7752.0,7752.5,7751.5,7751.5,179
2026-10-01 02:44:00-04:00,7751.5,7753.75,7751.5,7753.25,252
2026-10-01 02:45:00-04:00,7753.25,7753.5,7752.0,7753.5,221
2026-10-01 02:46:00-04:00,7753.5,7754.75,7752.25,7752.5,416
2026-10-01 02:47:00-04:00,7752.25,7753.0,7752.25,7752.75,141
2026-10-01 02:48:00-04:00,7753.0,7754.0,7753.0,7753.0,157
2026-10-01 02:49:00-04:00,7753.0,7753.75,7751.25,7752.0,387
2026-10-01 02:50:00-04:00,7752.0,7753.0,7751.75,7752.75,113
2026-10-01 02:51:00-04:00,7753.0,7755.5,7753.0,7755.25,304
2026-10-01 02:52:00-04:00,7755.5,7756.0,7753.75,7753.75,220
2026-10-01 02:53:00-04:00,7754.0,7754.75,7752.0,7752.5,191
2026-10-01 02:54:00-04:00,7752.5,7753.25,7752.25,7752.5,153
2026-10-01 02:55:00-04:00,7753.0,7753.5,7751.75,7751.75,233
2026-10-01 02:56:00-04:00,7752.0,7752.75,7751.5,7752.75,237
2026-10-01 02:57:00-04:00,7752.75,7752.75,7750.5,7751.25,171
2026-10-01 02:58:00-04:00,7751.0,7752.75,7748.75,7748.75,337
2026-10-01 02:59:00-04:00,7749.0,7750.0,7748.25,7748.5,376
2026-10-01 03:00:00-04:00,7748.5,7752.0,7747.5,7749.5,1016
2026-10-01 03:01:00-04:00,7749.25,7749.75,7747.25,7748.0,346
2026-10-01 03:02:00-04:00,7747.75,7748.25,7746.5,7746.5,353
2026-10-01 03:03:00-04:00,7746.5,7749.25,7745.5,7749.25,665
2026-10-01 03:04:00-04:00,7749.0,7749.75,7747.75,7749.0,539
2026-10-01 03:05:00-04:00,7748.75,7751.25,7748.75,7749.0,769
2026-10-01 03:06:00-04:00,7749.0,7751.75,7749.0,7750.0,261
2026-10-01 03:07:00-04:00,7749.75,7750.25,7749.25,7750.0,175
2026-10-01 03:08:00-04:00,7749.5,7751.5,7749.25,7751.0,110
2026-10-01 03:09:00-04:00,7750.75,7752.5,7750.75,7750.75,343
2026-10-01 03:10:00-04:00,7750.75,7751.0,7749.5,7750.0,268
2026-10-01 03:11:00-04:00,7750.25,7751.25,7749.5,7749.5,157
2026-10-01 03:12:00-04:00,7749.25,7750.0,7743.5,7744.0,838
2026-10-01 03:13:00-04:00,7743.75,7744.25,7741.0,7741.0,645
2026-10-01 03:14:00-04:00,7741.25,7741.25,7736.5,7737.25,993
2026-10-01 03:15:00-04:00,7737.5,7738.0,7735.5,7736.25,616
2026-10-01 03:16:00-04:00,7736.25,7737.25,7734.5,7735.75,536
2026-10-01 03:17:00-04:00,7735.25,7735.25,7731.25,7731.25,812
2026-10-01 03:18:00-04:00,7731.5,7734.0,7730.75,7732.75,797
2026-10-01 03:19:00-04:00,7732.5,7732.75,7728.5,7729.5,771
2026-10-01 03:20:00-04:00,7729.25,7730.0,7727.75,7728.0,463
2026-10-01 03:21:00-04:00,7727.75,7728.25,7725.75,7726.75,714
2026-10-01 03:22:00-04:00,7726.75,7727.5,7723.75,7726.25,888
2026-10-01 03:23:00-04:00,7726.0,7727.75,7724.5,7725.25,679
2026-10-01 03:24:00-04:00,7725.0,7725.25,7720.25,7720.75,1001
2026-10-01 03:25:00-04:00,7720.75,7721.25,7716.75,7717.25,1323
2026-10-01 03:26:00-04:00,7717.0,7717.0,7711.0,7712.5,1582
2026-10-01 03:27:00-04:00,7712.25,7714.75,7711.25,7712.0,1154
2026-10-01 03:28:00-04:00,7712.0,7713.0,7708.75,7709.25,1189
2026-10-01 03:29:00-04:00,7709.25,7711.0,7707.0,7708.25,1176
2026-10-01 03:30:00-04:00,7708.0,7711.75,7707.75,7710.0,999
2026-10-01 03:31:00-04:00,7710.0,7715.75,7709.0,7714.75,1402
2026-10-01 03:32:00-04:00,7714.75,7719.5,7714.0,7716.5,1283
2026-10-01 03:33:00-04:00,7716.75,7720.25,7716.5,7718.75,593
2026-10-01 03:34:00-04:00,7718.75,7722.0,7718.5,7722.0,902
2026-10-01 03:35:00-04:00,7721.75,7723.25,7720.25,7720.75,578
2026-10-01 03:36:00-04:00,7721.0,7722.75,7719.25,7721.0,676
2026-10-01 03:37:00-04:00,7720.75,7721.25,7718.75,7719.5,523
2026-10-01 03:38:00-04:00,7719.25,7722.25,7719.25,7721.25,422
2026-10-01 03:39:00-04:00,7721.5,7721.5,7717.0,7717.5,587
2026-10-01 03:40:00-04:00,7717.75,7718.0,7714.0,7715.25,1108
2026-10-01 03:41:00-04:00,7715.5,7716.5,7714.5,7715.75,211
2026-10-01 03:42:00-04:00,7715.5,7717.0,7713.75,7714.75,349
2026-10-01 03:43:00-04:00,7714.5,7716.0,7713.0,7714.0,237
2026-10-01 03:44:00-04:00,7714.25,7721.25,7713.75,7717.25,1522
2026-10-01 03:45:00-04:00,7717.25,7717.75,7715.75,7716.25,356
2026-10-01 03:46:00-04:00,7716.25,7716.5,7713.5,7716.0,367
2026-10-01 03:47:00-04:00,7716.0,7717.75,7715.25,7717.25,297
2026-10-01 03:48:00-04:00,7717.5,7718.25,7711.75,7714.25,704
2026-10-01 03:49:00-04:00,7714.0,7715.5,7712.75,7713.75,406
2026-10-01 03:50:00-04:00,7713.75,7717.75,7713.75,7716.5,248
2026-10-01 03:51:00-04:00,7716.75,7721.5,7716.5,7719.5,693
2026-10-01 03:52:00-04:00,7719.25,7719.25,7716.25,7717.5,367
2026-10-01 03:53:00-04:00,7717.0,7722.0,7717.0,7721.75,240
2026-10-01 03:54:00-04:00,7721.75,7722.75,7721.0,7722.0,300
2026-10-01 03:55:00-04:00,7721.75,7723.0,7720.75,7722.25,289
2026-10-01 03:56:00-04:00,7722.25,7723.75,7719.5,7719.75,358
2026-10-01 03:57:00-04:00,7720.0,7720.25,7716.25,7717.0,496
2026-10-01 03:58:00-04:00,7716.75,7718.0,7715.25,7717.25,352
2026-10-01 03:59:00-04:00,7717.0,7717.75,7715.0,7715.5,332
2026-10-01 04:00:00-04:00,7715.5,7719.25,7715.0,7718.75,662
2026-10-01 04:01:00-04:00,7719.0,7719.75,7716.5,7716.5,299
2026-10-01 04:02:00-04:00,7716.5,7721.75,7716.5,7721.0,590
2026-10-01 04:03:00-04:00,7720.75,7725.25,7720.5,7723.0,768
2026-10-01 04:04:00-04:00,7722.75,7725.25,7722.25,7724.5,251
2026-10-01 04:05:00-04:00,7724.5,7726.25,7723.5,7723.75,663
2026-10-01 04:06:00-04:00,7724.0,7724.25,7721.0,7723.25,399
2026-10-01 04:07:00-04:00,7723.0,7724.5,7722.25,7722.75,161
2026-10-01 04:08:00-04:00,7722.5,7722.5,7720.25,7720.75,304
2026-10-01 04:09:00-04:00,7720.5,7720.75,7715.0,7716.0,885
2026-10-01 04:10:00-04:00,7715.75,7717.75,7715.75,7717.25,283
2026-10-01 04:11:00-04:00,7717.25,7717.75,7714.5,7715.25,331
2026-10-01 04:12:00-04:00,7715.25,7717.0,7714.0,7716.5,510
2026-10-01 04:13:00-04:00,7716.5,7717.5,7715.25,7716.25,235
2026-10-01 04:14:00-04:00,7716.0,7717.75,7715.5,7716.25,171
2026-10-01 04:15:00-04:00,7716.75,7716.75,7715.0,7716.0,257
2026-10-01 04:16:00-04:00,7716.25,7716.75,7715.0,7715.75,221
2026-10-01 04:17:00-04:00,7715.5,7715.75,7713.5,7714.75,309
2026-10-01 04:18:00-04:00,7714.75,7716.75,7713.75,7715.75,272
2026-10-01 04:19:00-04:00,7715.25,7715.25,7712.75,7713.25,362
2026-10-01 04:20:00-04:00,7713.75,7713.75,7711.25,7711.75,478
2026-10-01 04:21:00-04:00,7711.75,7714.5,7711.75,7712.0,429
2026-10-01 04:22:00-04:00,7712.0,7714.5,7711.25,7713.75,206
2026-10-01 04:23:00-04:00,7713.75,7716.0,7713.25,7714.0,333
2026-10-01 04:24:00-04:00,7714.0,7714.25,7712.25,7712.75,182
2026-10-01 04:25:00-04:00,7712.75,7714.5,7712.25,7714.0,238
2026-10-01 04:26:00-04:00,7714.0,7716.0,7713.75,7715.0,531
2026-10-01 04:27:00-04:00,7715.25,7717.0,7714.25,7714.25,442
2026-10-01 04:28:00-04:00,7714.25,7714.5,7710.5,7711.5,706
2026-10-01 04:29:00-04:00,7711.5,7712.75,7708.5,7708.5,627
2026-10-01 04:30:00-04:00,7708.5,7710.25,7707.25,7708.5,581
2026-10-01 04:31:00-04:00,7708.5,7709.25,7705.75,7706.5,709
2026-10-01 04:32:00-04:00,7706.25,7706.5,7704.75,7705.75,768
2026-10-01 04:33:00-04:00,7705.75,7708.25,7705.5,7708.0,441
2026-10-01 04:34:00-04:00,7707.5,7710.5,7706.75,7709.5,620
2026-10-01 04:35:00-04:00,7709.5,7710.75,7708.75,7709.5,475
2026-10-01 04:36:00-04:00,7709.25,7712.5,7708.5,7712.5,835
2026-10-01 04:37:00-04:00,7712.5,7716.5,7712.25,7716.0,608
2026-10-01 04:38:00-04:00,7715.75,7718.0,7715.0,7717.0,481
2026-10-01 04:39:00-04:00,7717.0,7718.75,7716.25,7717.5,289
2026-10-01 04:40:00-04:00,7717.25,7720.0,7717.0,7718.5,965
2026-10-01 04:41:00-04:00,7718.5,7721.25,7718.0,7719.75,459
2026-10-01 04:42:00-04:00,7719.75,7721.25,7719.5,7719.75,306
2026-10-01 04:43:00-04:00,7719.5,7719.5,7717.5,7718.5,336
2026-10-01 04:44:00-04:00,7719.0,7719.0,7716.5,7716.75,249
2026-10-01 04:45:00-04:00,7716.75,7716.75,7713.75,7714.25,468
2026-10-01 04:46:00-04:00,7713.5,7714.25,7712.25,7713.5,429
2026-10-01 04:47:00-04:00,7714.0,7714.75,7712.75,7714.25,357
2026-10-01 04:48:00-04:00,7714.5,7715.5,7712.5,7714.75,387
2026-10-01 04:49:00-04:00,7715.0,7716.5,7713.75,7715.25,384
2026-10-01 04:50:00-04:00,7715.0,7718.0,7714.5,7716.5,290
2026-10-01 04:51:00-04:00,7716.25,7717.5,7713.25,7717.25,911
2026-10-01 04:52:00-04:00,7717.5,7718.75,7716.25,7716.5,417
2026-10-01 04:53:00-04:00,7716.5,7716.5,7713.25,7715.0,343
2026-10-01 04:54:00-04:00,7714.75,7715.75,7712.5,7714.25,181
2026-10-01 04:55:00-04:00,7714.25,7717.25,7713.75,7717.25,332
2026-10-01 04:56:00-04:00,7717.5,7720.0,7717.5,7718.75,553
2026-10-01 04:57:00-04:00,7718.75,7721.0,7718.5,7718.75,253
2026-10-01 04:58:00-04:00,7718.5,7719.0,7715.5,7715.75,186
2026-10-01 04:59:00-04:00,7715.5,7720.75,7715.25,7720.75,248
2026-10-01 05:00:00-04:00,7720.5,7722.75,7720.0,7722.25,435
2026-10-01 05:01:00-04:00,7722.5,7723.5,7722.0,7723.25,295
2026-10-01 05:02:00-04:00,7723.25,7725.0,7722.0,7722.0,558
2026-10-01 05:03:00-04:00,7722.25,7724.0,7721.0,7723.75,222
2026-10-01 05:04:00-04:00,7724.0,7727.0,7723.75,7726.75,473
2026-10-01 05:05:00-04:00,7726.75,7728.0,7726.25,7727.75,518
2026-10-01 05:06:00-04:00,7728.0,7728.0,7725.5,7727.25,260
2026-10-01 05:07:00-04:00,7727.5,7727.5,7725.75,7727.5,397
2026-10-01 05:08:00-04:00,7727.5,7728.0,7725.5,7726.0,311
2026-10-01 05:09:00-04:00,7726.25,7727.5,7725.75,7727.0,167
2026-10-01 05:10:00-04:00,7727.0,7728.0,7726.5,7727.25,202
2026-10-01 05:11:00-04:00,7727.5,7727.75,7726.25,7727.0,97
2026-10-01 05:12:00-04:00,7727.0,7727.75,7726.75,7727.25,135
2026-10-01 05:13:00-04:00,7727.0,7728.5,7726.5,7728.0,227
2026-10-01 05:14:00-04:00,7728.25,7728.75,7727.25,7728.25,200
2026-10-01 05:15:00-04:00,7728.25,7729.5,7727.5,7728.0,270
2026-10-01 05:16:00-04:00,7728.25,7729.0,7727.0,7727.25,167
2026-10-01 05:17:00-04:00,7727.25,7729.0,7727.0,7728.25,203
2026-10-01 05:18:00-04:00,7728.25,7728.5,7727.0,7727.0,250
2026-10-01 05:19:00-04:00,7726.75,7727.5,7725.75,7726.75,231
2026-10-01 05:20:00-04:00,7726.5,7729.0,7726.5,7727.25,345
2026-10-01 05:21:00-04:00,7727.5,7732.0,7726.75,7729.25,1685
2026-10-01 05:22:00-04:00,7729.5,7731.0,7728.75,7729.5,489
2026-10-01 05:23:00-04:00,7729.75,7730.75,7729.75,7730.0,78
2026-10-01 05:24:00-04:00,7730.75,7733.25,7730.5,7732.75,383
2026-10-01 05:25:00-04:00,7732.5,7732.75,7731.5,7732.0,135
2026-10-01 05:26:00-04:00,7732.0,7732.5,7731.5,7732.25,96
2026-10-01 05:27:00-04:00,7732.25,7733.0,7732.0,7732.5,103
2026-10-01 05:28:00-04:00,7732.25,7733.25,7731.75,7732.75,94
2026-10-01 05:29:00-04:00,7732.75,7733.75,7732.5,7733.25,229
2026-10-01 05:30:00-04:00,7733.25,7733.75,7732.5,7732.5,151
2026-10-01 05:31:00-04:00,7732.5,7734.0,7732.25,7733.5,130
2026-10-01 05:32:00-04:00,7733.5,7734.25,7732.25,7733.0,498
2026-10-01 05:33:00-04:00,7733.0,7734.25,7732.75,7733.5,208
2026-10-01 05:34:00-04:00,7733.5,7734.75,7733.0,7734.0,167
2026-10-01 05:35:00-04:00,7734.0,7735.5,7733.25,7734.75,459
2026-10-01 05:36:00-04:00,7734.75,7734.75,7731.5,7732.5,567
2026-10-01 05:37:00-04:00,7732.25,7732.5,7731.5,7732.25,189
2026-10-01 05:38:00-04:00,7732.25,7733.0,7732.0,7732.75,84
2026-10-01 05:39:00-04:00,7732.25,7732.25,7730.75,7731.25,211
2026-10-01 05:40:00-04:00,7731.25,7731.25,7729.25,7729.5,317
2026-10-01 05:41:00-04:00,7729.5,7730.25,7728.5,7730.25,176
2026-10-01 05:42:00-04:00,7730.0,7730.25,7729.25,7729.25,54
2026-10-01 05:43:00-04:00,7729.5,7730.5,7728.5,7729.5,106
2026-10-01 05:44:00-04:00,7730.0,7730.5,7728.75,7729.5,167
2026-10-01 05:45:00-04:00,7729.25,7729.5,7727.75,7729.5,257
2026-10-01 05:46:00-04:00,7729.5,7730.5,7729.25,7730.5,223
2026-10-01 05:47:00-04:00,7730.5,7733.25,7730.0,7733.25,432
2026-10-01 05:48:00-04:00,7733.25,7734.75,7732.5,7732.75,341
2026-10-01 05:49:00-04:00,7732.75,7733.0,7731.75,7731.75,131
2026-10-01 05:50:00-04:00,7731.75,7732.25,7730.25,7732.25,171
2026-10-01 05:51:00-04:00,7732.25,7732.75,7731.25,7732.75,101
2026-10-01 05:52:00-04:00,7732.5,7733.25,7732.0,7733.0,137
2026-10-01 05:53:00-04:00,7733.25,7733.25,7730.25,7731.5,278
2026-10-01 05:54:00-04:00,7731.25,7731.25,7728.0,7728.0,134
2026-10-01 05:55:00-04:00,7728.0,7728.5,7725.75,7726.0,494
2026-10-01 05:56:00-04:00,7726.5,7728.0,7726.0,7727.25,188
2026-10-01 05:57:00-04:00,7727.25,7729.5,7727.25,7729.0,175
2026-10-01 05:58:00-04:00,7729.25,7729.25,7727.75,7728.75,89
2026-10-01 05:59:00-04:00,7728.5,7728.75,7727.5,7727.75,148
2026-10-01 06:00:00-04:00,7727.5,7730.25,7723.5,7725.0,1613
2026-10-01 06:01:00-04:00,7725.0,7725.25,7722.75,7723.0,423
2026-10-01 06:02:00-04:00,7722.75,7723.25,7720.5,7721.25,500
2026-10-01 06:03:00-04:00,7721.25,7721.75,7720.25,7720.75,225
2026-10-01 06:04:00-04:00,7720.75,7720.75,7719.5,7720.0,255
2026-10-01 06:05:00-04:00,7719.75,7720.5,7718.25,7718.5,281
2026-10-01 06:06:00-04:00,7718.5,7720.75,7718.25,7720.5,256
2026-10-01 06:07:00-04:00,7720.25,7723.25,7719.75,7722.25,491
2026-10-01 06:08:00-04:00,7722.0,7722.75,7721.25,7722.25,178
2026-10-01 06:09:00-04:00,7722.5,7725.0,7722.25,7723.5,465
2026-10-01 06:10:00-04:00,7723.5,7725.5,7723.5,7725.0,273
2026-10-01 06:11:00-04:00,7724.75,7726.25,7723.75,7726.25,226
2026-10-01 06:12:00-04:00,7726.0,7727.5,7724.75,7727.5,414
2026-10-01 06:13:00-04:00,7727.75,7729.25,7727.0,7728.5,305
2026-10-01 06:14:00-04:00,7728.75,7730.75,7728.5,7729.75,341
2026-10-01 06:15:00-04:00,7729.75,7729.75,7727.75,7729.25,298
2026-10-01 06:16:00-04:00,7729.25,7729.25,7726.25,7727.25,220
2026-10-01 06:17:00-04:00,7727.25,7731.25,7726.75,7729.75,649
2026-10-01 06:18:00-04:00,7729.5,7733.75,7729.0,7732.75,747
2026-10-01 06:19:00-04:00,7732.75,7732.75,7730.0,7730.5,361
2026-10-01 06:20:00-04:00,7731.0,7733.5,7730.75,7733.5,425
2026-10-01 06:21:00-04:00,7732.75,7734.5,7730.75,7731.75,1033
2026-10-01 06:22:00-04:00,7732.0,7732.5,7729.75,7730.0,213
2026-10-01 06:23:00-04:00,7730.0,7731.0,7730.0,7730.5,77
2026-10-01 06:24:00-04:00,7730.5,7731.0,7730.0,7730.75,91
2026-10-01 06:25:00-04:00,7730.75,7732.25,7730.0,7732.0,130
2026-10-01 06:26:00-04:00,7732.0,7733.5,7730.75,7731.0,253
2026-10-01 06:27:00-04:00,7731.0,7732.5,7731.0,7732.0,125
2026-10-01 06:28:00-04:00,7731.75,7733.5,7731.75,7732.25,286
2026-10-01 06:29:00-04:00,7732.25,7732.5,7731.75,7732.5,68
2026-10-01 06:30:00-04:00,7732.5,7734.25,7732.25,7734.25,264
2026-10-01 06:31:00-04:00,7734.25,7735.5,7734.0,7735.25,603
2026-10-01 06:32:00-04:00,7735.0,7735.75,7734.5,7734.75,324
2026-10-01 06:33:00-04:00,7734.5,7735.25,7734.25,7734.5,128
2026-10-01 06:34:00-04:00,7734.75,7736.75,7734.75,7736.5,501
2026-10-01 06:35:00-04:00,7736.5,7736.75,7735.25,7736.25,257
2026-10-01 06:36:00-04:00,7735.75,7737.25,7735.75,7736.5,222
2026-10-01 06:37:00-04:00,7736.75,7736.75,7735.75,7736.25,107
2026-10-01 06:38:00-04:00,7736.0,7736.5,7735.25,7735.75,127
2026-10-01 06:39:00-04:00,7736.0,7736.75,7734.75,7736.5,236
2026-10-01 06:40:00-04:00,7736.5,7737.0,7736.0,7736.5,206
2026-10-01 06:41:00-04:00,7736.5,7736.5,7735.5,7736.5,115
2026-10-01 06:42:00-04:00,7736.75,7743.25,7736.5,7743.0,1652
2026-10-01 06:43:00-04:00,7742.75,7743.25,7741.5,7742.0,343
2026-10-01 06:44:00-04:00,7741.5,7742.75,7741.0,7741.5,308
2026-10-01 06:45:00-04:00,7741.75,7743.0,7741.25,7742.5,246
2026-10-01 06:46:00-04:00,7742.25,7743.25,7741.75,7742.75,179
2026-10-01 06:47:00-04:00,7742.5,7744.0,7742.5,7743.5,243
2026-10-01 06:48:00-04:00,7743.75,7744.25,7743.0,7743.75,206
2026-10-01 06:49:00-04:00,7743.5,7743.75,7742.5,7743.5,207
2026-10-01 06:50:00-04:00,7743.75,7744.0,7742.0,7743.75,384
2026-10-01 06:51:00-04:00,7743.75,7744.25,7743.25,7743.5,162
2026-10-01 06:52:00-04:00,7743.5,7745.5,7743.0,7743.0,501
2026-10-01 06:53:00-04:00,7743.5,7745.25,7742.5,7742.75,490
2026-10-01 06:54:00-04:00,7743.0,7745.25,7743.0,7745.0,281
2026-10-01 06:55:00-04:00,7744.75,7744.75,7743.0,7743.0,246
2026-10-01 06:56:00-04:00,7743.0,7743.25,7741.5,7742.25,287
2026-10-01 06:57:00-04:00,7742.0,7743.25,7741.0,7742.5,240
2026-10-01 06:58:00-04:00,7742.25,7742.5,7741.25,7741.75,148
2026-10-01 06:59:00-04:00,7741.75,7743.75,7741.75,7743.25,212
2026-10-01 07:00:00-04:00,7743.0,7744.25,7740.75,7741.0,604
2026-10-01 07:01:00-04:00,7740.5,7742.75,7739.5,7741.0,461
2026-10-01 07:02:00-04:00,7740.75,7742.75,7740.75,7741.75,224
2026-10-01 07:03:00-04:00,7741.5,7743.5,7741.0,7741.5,188
2026-10-01 07:04:00-04:00,7741.5,7742.25,7740.5,7740.75,213
2026-10-01 07:05:00-04:00,7740.75,7741.0,7737.75,7740.5,1560
2026-10-01 07:06:00-04:00,7740.5,7742.25,7740.25,7741.75,317
2026-10-01 07:07:00-04:00,7741.75,7741.75,7740.0,7740.75,192
2026-10-01 07:08:00-04:00,7741.25,7741.25,7738.5,7739.5,181
2026-10-01 07:09:00-04:00,7739.5,7739.75,7738.0,7738.25,241
2026-10-01 07:10:00-04:00,7738.0,7738.25,7735.0,7737.25,542
2026-10-01 07:11:00-04:00,7737.0,7738.0,7736.25,7736.5,226
2026-10-01 07:12:00-04:00,7736.5,7737.0,7735.5,7736.0,176
2026-10-01 07:13:00-04:00,7736.25,7736.75,7734.25,7736.0,514
2026-10-01 07:14:00-04:00,7736.0,7736.25,7732.5,7733.0,486
2026-10-01 07:15:00-04:00,7733.0,7733.5,7730.25,7731.25,462
2026-10-01 07:16:00-04:00,7731.5,7731.5,7730.0,7730.5,228
2026-10-01 07:17:00-04:00,7730.25,7730.75,7729.5,7729.75,269
2026-10-01 07:18:00-04:00,7729.75,7730.75,7729.5,7730.5,172
2026-10-01 07:19:00-04:00,7730.5,7730.75,7729.5,7730.0,164
2026-10-01 07:20:00-04:00,7729.75,7730.0,7728.25,7728.75,394
2026-10-01 07:21:00-04:00,7728.75,7729.0,7727.75,7728.5,245
2026-10-01 07:22:00-04:00,7728.0,7731.75,7727.5,7729.25,672
2026-10-01 07:23:00-04:00,7729.25,7730.25,7728.5,7728.5,240
2026-10-01 07:24:00-04:00,7728.5,7728.5,7726.25,7726.25,368
2026-10-01 07:25:00-04:00,7726.0,7728.25,7726.0,7727.75,258
2026-10-01 07:26:00-04:00,7727.75,7729.0,7727.5,7729.0,224
2026-10-01 07:27:00-04:00,7729.0,7729.5,7728.25,7729.0,178
2026-10-01 07:28:00-04:00,7729.5,7729.75,7728.25,7728.5,120
2026-10-01 07:29:00-04:00,7728.25,7729.5,7727.75,7729.25,180
2026-10-01 07:30:00-04:00,7729.25,7731.0,7728.5,7730.75,332
2026-10-01 07:31:00-04:00,7730.75,7732.5,7729.25,7730.25,574
2026-10-01 07:32:00-04:00,7730.0,7731.75,7728.5,7730.75,342
2026-10-01 07:33:00-04:00,7730.5,7731.25,7729.5,7730.25,201
2026-10-01 07:34:00-04:00,7730.0,7731.75,7729.75,7731.0,163
2026-10-01 07:35:00-04:00,7730.5,7733.0,7730.25,7731.75,286
2026-10-01 07:36:00-04:00,7731.5,7733.5,7730.25,7731.5,301
2026-10-01 07:37:00-04:00,7732.25,7735.25,7732.25,7733.75,485
2026-10-01 07:38:00-04:00,7734.0,7734.5,7731.25,7732.25,310
2026-10-01 07:39:00-04:00,7732.25,7736.25,7732.25,7735.25,462
2026-10-01 07:40:00-04:00,7735.0,7736.75,7734.5,7736.75,273
2026-10-01 07:41:00-04:00,7736.75,7737.75,7735.75,7737.25,364
2026-10-01 07:42:00-04:00,7737.25,7738.0,7736.25,7736.75,243
2026-10-01 07:43:00-04:00,7737.0,7738.75,7736.25,7737.25,422
2026-10-01 07:44:00-04:00,7737.5,7737.75,7736.5,7737.5,175
2026-10-01 07:45:00-04:00,7737.5,7739.0,7737.5,7738.75,284
2026-10-01 07:46:00-04:00,7738.5,7740.5,7738.25,7740.5,332
2026-10-01 07:47:00-04:00,7740.5,7742.25,7740.0,7742.25,392
2026-10-01 07:48:00-04:00,7742.0,7743.0,7741.5,7742.5,276
2026-10-01 07:49:00-04:00,7742.75,7743.25,7741.25,7742.0,228
2026-10-01 07:50:00-04:00,7742.0,7744.5,7741.75,7744.25,273
2026-10-01 07:51:00-04:00,7744.25,7744.75,7742.5,7742.5,271
2026-10-01 07:52:00-04:00,7742.5,7742.75,7740.25,7742.25,421
2026-10-01 07:53:00-04:00,7742.5,7743.0,7741.5,7742.0,159
2026-10-01 07:54:00-04:00,7741.75,7743.5,7741.25,7742.75,236
2026-10-01 07:55:00-04:00,7743.0,7743.75,7742.5,7743.25,203
2026-10-01 07:56:00-04:00,7743.0,7744.25,7742.75,7743.75,341
2026-10-01 07:57:00-04:00,7744.0,7744.75,7743.25,7743.75,217
2026-10-01 07:58:00-04:00,7744.0,7744.25,7742.5,7743.25,302
2026-10-01 07:59:00-04:00,7743.0,7743.75,7742.25,7743.5,256
2026-10-01 08:00:00-04:00,7743.5,7745.0,7742.25,7743.75,633
2026-10-01 08:01:00-04:00,7743.75,7745.0,7743.0,7744.0,321
2026-10-01 08:02:00-04:00,7743.75,7745.0,7743.5,7744.75,322
2026-10-01 08:03:00-04:00,7744.5,7745.25,7742.25,7743.5,491
2026-10-01 08:04:00-04:00,7743.5,7744.25,7741.75,7742.25,351
2026-10-01 08:05:00-04:00,7742.5,7743.0,7741.75,7742.5,303
2026-10-01 08:06:00-04:00,7742.25,7744.0,7742.25,7744.0,264
2026-10-01 08:07:00-04:00,7744.25,7744.75,7742.5,7743.0,235
2026-10-01 08:08:00-04:00,7742.75,7743.25,7742.0,7742.0,108
2026-10-01 08:09:00-04:00,7742.25,7743.25,7742.0,7743.25,167
2026-10-01 08:10:00-04:00,7743.25,7744.5,7743.0,7743.75,188
2026-10-01 08:11:00-04:00,7744.0,7744.25,7743.5,7743.75,126
2026-10-01 08:12:00-04:00,7743.75,7745.0,7743.0,7743.0,319
2026-10-01 08:13:00-04:00,7742.75,7743.0,7741.5,7742.5,338
2026-10-01 08:14:00-04:00,7742.25,7742.25,7740.75,7741.5,322
2026-10-01 08:15:00-04:00,7741.5,7743.25,7740.75,7742.5,225
2026-10-01 08:16:00-04:00,7742.5,7743.0,7741.25,7742.25,394
2026-10-01 08:17:00-04:00,7742.25,7743.0,7739.0,7742.5,1807
2026-10-01 08:18:00-04:00,7742.5,7744.75,7741.75,7742.5,857
2026-10-01 08:19:00-04:00,7742.75,7743.25,7742.0,7742.5,223
2026-10-01 08:20:00-04:00,7742.5,7743.0,7741.75,7741.75,222
2026-10-01 08:21:00-04:00,7742.0,7743.25,7741.75,7743.25,95
2026-10-01 08:22:00-04:00,7743.5,7744.0,7742.0,7742.0,237
2026-10-01 08:23:00-04:00,7742.0,7742.5,7738.75,7739.0,642
2026-10-01 08:24:00-04:00,7739.25,7740.75,7738.75,7740.25,303
2026-10-01 08:25:00-04:00,7740.0,7741.75,7739.5,7741.75,335
2026-10-01 08:26:00-04:00,7742.0,7742.0,7737.5,7741.5,2452
2026-10-01 08:27:00-04:00,7740.75,7741.0,7739.25,7740.0,178
2026-10-01 08:28:00-04:00,7740.0,7741.0,7739.5,7740.75,195
2026-10-01 08:29:00-04:00,7740.5,7742.75,7740.0,7742.0,330
2026-10-01 08:30:00-04:00,7741.75,7744.25,7740.75,7742.0,877
2026-10-01 08:31:00-04:00,7742.0,7744.0,7740.75,7744.0,566
2026-10-01 08:32:00-04:00,7743.75,7745.0,7742.25,7742.25,561
2026-10-01 08:33:00-04:00,7742.75,7744.0,7742.0,7743.0,178
2026-10-01 08:34:00-04:00,7743.25,7746.0,7743.0,7745.5,604
2026-10-01 08:35:00-04:00,7745.25,7747.25,7743.25,7747.0,708
2026-10-01 08:36:00-04:00,7746.75,7748.75,7746.25,7747.25,729
2026-10-01 08:37:00-04:00,7747.0,7747.25,7744.5,7745.25,360
2026-10-01 08:38:00-04:00,7745.25,7745.75,7744.5,7745.25,231
2026-10-01 08:39:00-04:00,7745.25,7747.0,7745.0,7746.5,326
2026-10-01 08:40:00-04:00,7746.75,7748.25,7746.0,7746.5,358
2026-10-01 08:41:00-04:00,7746.25,7748.25,7746.25,7747.0,257
2026-10-01 08:42:00-04:00,7746.75,7747.0,7745.0,7746.25,422
2026-10-01 08:43:00-04:00,7746.0,7746.75,7744.0,7744.5,531
2026-10-01 08:44:00-04:00,7745.0,7745.0,7741.0,7741.5,748
2026-10-01 08:45:00-04:00,7741.5,7743.0,7740.75,7742.25,592
2026-10-01 08:46:00-04:00,7742.25,7742.25,7741.0,7742.0,348
2026-10-01 08:47:00-04:00,7742.25,7743.0,7740.0,7740.25,738
2026-10-01 08:48:00-04:00,7740.25,7742.0,7738.5,7741.25,544
2026-10-01 08:49:00-04:00,7741.0,7741.5,7739.5,7741.5,402
2026-10-01 08:50:00-04:00,7741.5,7742.5,7740.0,7740.5,534
2026-10-01 08:51:00-04:00,7740.5,7741.0,7738.25,7738.25,606
2026-10-01 08:52:00-04:00,7738.25,7739.0,7737.0,7737.0,702
2026-10-01 08:53:00-04:00,7736.75,7737.25,7735.75,7735.75,764
2026-10-01 08:54:00-04:00,7736.25,7737.25,7735.75,7736.0,368
2026-10-01 08:55:00-04:00,7736.0,7736.75,7734.25,7735.0,589
2026-10-01 08:56:00-04:00,7735.25,7736.25,7733.5,7734.0,491
2026-10-01 08:57:00-04:00,7734.0,7735.25,7733.0,7735.0,524
2026-10-01 08:58:00-04:00,7734.75,7735.0,7733.0,7733.5,446
2026-10-01 08:59:00-04:00,7733.75,7734.5,7733.25,7733.5,467
2026-10-01 09:00:00-04:00,7733.75,7735.5,7731.75,7732.75,1781
2026-10-01 09:01:00-04:00,7732.75,7734.75,7731.75,7734.25,662
2026-10-01 09:02:00-04:00,7734.25,7735.5,7733.5,7735.25,800
2026-10-01 09:03:00-04:00,7735.25,7735.75,7734.5,7734.75,473
2026-10-01 09:04:00-04:00,7734.75,7735.75,7733.75,7733.75,439
2026-10-01 09:05:00-04:00,7733.75,7735.0,7733.25,7734.75,408
2026-10-01 09:06:00-04:00,7734.75,7735.75,7734.5,7735.25,506
2026-10-01 09:07:00-04:00,7735.25,7739.5,7735.0,7739.25,1404
2026-10-01 09:08:00-04:00,7739.5,7741.0,7738.25,7740.75,1246
2026-10-01 09:09:00-04:00,7740.25,7740.5,7737.5,7737.5,851
2026-10-01 09:10:00-04:00,7737.5,7738.5,7736.5,7738.0,436
2026-10-01 09:11:00-04:00,7738.0,7739.25,7736.75,7738.25,494
2026-10-01 09:12:00-04:00,7738.25,7739.0,7737.25,7739.0,315
2026-10-01 09:13:00-04:00,7738.75,7739.75,7737.0,7737.5,547
2026-10-01 09:14:00-04:00,7737.5,7737.75,7734.75,7734.75,862
2026-10-01 09:15:00-04:00,7735.0,7735.75,7733.25,7733.75,1019
2026-10-01 09:16:00-04:00,7733.25,7733.5,7730.75,7731.0,1575
2026-10-01 09:17:00-04:00,7730.75,7732.5,7730.25,7732.0,715
2026-10-01 09:18:00-04:00,7731.75,7733.25,7731.0,7733.0,517
2026-10-01 09:19:00-04:00,7733.0,7733.0,7731.75,7732.5,513
2026-10-01 09:20:00-04:00,7732.5,7734.0,7732.25,7733.75,792
2026-10-01 09:21:00-04:00,7734.0,7734.0,7731.0,7731.25,580
2026-10-01 09:22:00-04:00,7731.0,7733.25,7731.0,7732.75,450
2026-10-01 09:23:00-04:00,7732.75,7733.5,7732.25,7732.25,412
2026-10-01 09:24:00-04:00,7732.0,7732.25,7728.75,7729.25,1311
2026-10-01 09:25:00-04:00,7729.0,7732.5,7729.0,7731.75,1504
2026-10-01 09:26:00-04:00,7731.5,7734.25,7731.25,7732.5,1108
2026-10-01 09:27:00-04:00,7732.25,7732.5,7729.5,7730.75,1060
2026-10-01 09:28:00-04:00,7730.75,7731.0,7729.25,7729.25,848
2026-10-01 09:29:00-04:00,7729.25,7732.0,7729.25,7730.0,985
2026-10-01 09:30:00-04:00,7730.0,7738.75,7725.5,7726.75,11149
2026-10-01 09:31:00-04:00,7726.5,7729.0,7720.5,7721.0,6430
2026-10-01 09:32:00-04:00,7721.25,7730.5,7721.25,7729.0,5575
2026-10-01 09:33:00-04:00,7729.0,7739.5,7728.25,7735.75,5703
2026-10-01 09:34:00-04:00,7735.75,7736.0,7729.25,7734.5,4338
2026-10-01 09:35:00-04:00,7734.25,7738.25,7731.25,7736.0,5608
2026-10-01 09:36:00-04:00,7736.0,7737.0,7732.75,7736.0,3475
2026-10-01 09:37:00-04:00,7736.0,7740.0,7735.0,7739.75,2970
2026-10-01 09:38:00-04:00,7739.75,7740.25,7736.0,7738.5,3496
2026-10-01 09:39:00-04:00,7738.5,7739.5,7731.75,7732.5,3812
2026-10-01 09:40:00-04:00,7732.75,7733.0,7727.5,7728.5,5253
2026-10-01 09:41:00-04:00,7728.75,7732.25,7723.25,7723.5,4500
2026-10-01 09:42:00-04:00,7723.25,7725.0,7721.25,7722.5,3837
2026-10-01 09:43:00-04:00,7722.5,7723.25,7718.5,7720.0,3411
2026-10-01 09:44:00-04:00,7720.0,7723.0,7718.0,7720.25,2635
2026-10-01 09:45:00-04:00,7720.0,7725.25,7720.0,7721.25,5155
2026-10-01 09:46:00-04:00,7721.0,7723.0,7719.0,7720.75,2616
2026-10-01 09:47:00-04:00,7720.75,7722.75,7716.5,7717.0,4078
2026-10-01 09:48:00-04:00,7717.0,7719.5,7715.0,7719.0,4267
2026-10-01 09:49:00-04:00,7719.0,7719.5,7711.5,7712.0,4737
2026-10-01 09:50:00-04:00,7712.25,7719.0,7712.0,7718.75,4547
2026-10-01 09:51:00-04:00,7718.5,7719.25,7714.5,7716.75,3550
2026-10-01 09:52:00-04:00,7716.75,7725.75,7716.0,7725.25,5153
2026-10-01 09:53:00-04:00,7725.25,7726.25,7721.5,7724.25,3297
2026-10-01 09:54:00-04:00,7724.25,7725.25,7721.75,7723.75,2576
2026-10-01 09:55:00-04:00,7723.75,7726.75,7717.75,7718.75,4782
2026-10-01 09:56:00-04:00,7718.75,7718.75,7714.0,7714.5,4256
2026-10-01 09:57:00-04:00,7714.5,7717.0,7712.75,7716.0,2718
2026-10-01 09:58:00-04:00,7716.0,7716.0,7713.0,7713.0,1932
2026-10-01 09:59:00-04:00,7713.0,7713.0,7709.75,7711.25,3766
2026-10-01 10:00:00-04:00,7711.5,7712.75,7697.75,7698.0,10564
2026-10-01 10:01:00-04:00,7698.25,7698.5,7688.5,7690.0,10199
2026-10-01 10:02:00-04:00,7690.0,7690.75,7685.5,7688.75,7919
2026-10-01 10:03:00-04:00,7688.75,7689.75,7683.75,7688.0,6354
2026-10-01 10:04:00-04:00,7688.0,7690.25,7685.0,7685.75,5717
2026-10-01 10:05:00-04:00,7686.0,7687.75,7682.75,7685.0,6061
2026-10-01 10:06:00-04:00,7685.0,7689.5,7682.25,7689.0,7022
2026-10-01 10:07:00-04:00,7689.0,7691.0,7685.75,7688.5,6085
2026-10-01 10:08:00-04:00,7688.5,7698.75,7688.5,7696.0,10792
2026-10-01 10:09:00-04:00,7695.75,7702.0,7695.0,7701.25,5701
2026-10-01 10:10:00-04:00,7701.25,7701.5,7696.5,7698.75,4532
2026-10-01 10:11:00-04:00,7698.5,7699.75,7693.0,7693.5,3836
2026-10-01 10:12:00-04:00,7693.75,7699.25,7692.25,7693.25,4185
2026-10-01 10:13:00-04:00,7693.25,7693.5,7688.0,7690.75,4952
2026-10-01 10:14:00-04:00,7691.0,7694.5,7689.75,7694.25,3326
2026-10-01 10:15:00-04:00,7694.5,7697.75,7691.75,7693.5,5255
2026-10-01 10:16:00-04:00,7693.75,7695.5,7692.25,7693.75,2606
2026-10-01 10:17:00-04:00,7693.75,7698.5,7692.75,7695.5,3884
2026-10-01 10:18:00-04:00,7695.5,7695.5,7689.5,7691.5,3867
2026-10-01 10:19:00-04:00,7691.5,7692.25,7686.25,7691.5,4577
2026-10-01 10:20:00-04:00,7691.25,7694.0,7689.75,7692.0,3727
2026-10-01 10:21:00-04:00,7692.0,7693.75,7688.25,7689.75,3425
2026-10-01 10:22:00-04:00,7690.0,7692.25,7684.5,7685.5,3809
2026-10-01 10:23:00-04:00,7685.5,7690.0,7682.75,7688.75,5510
2026-10-01 10:24:00-04:00,7688.75,7690.25,7687.25,7689.0,3424
2026-10-01 10:25:00-04:00,7689.25,7692.5,7688.0,7691.0,4227
2026-10-01 10:26:00-04:00,7691.0,7696.0,7689.25,7694.25,3831
2026-10-01 10:27:00-04:00,7694.25,7694.5,7690.5,7692.75,3172
2026-10-01 10:28:00-04:00,7693.0,7693.5,7685.5,7688.75,3742
2026-10-01 10:29:00-04:00,7688.5,7692.5,7688.5,7689.75,2681
2026-10-01 10:30:00-04:00,7689.5,7695.0,7687.75,7693.5,6331
2026-10-01 10:31:00-04:00,7693.5,7693.5,7686.5,7690.25,4162
2026-10-01 10:32:00-04:00,7690.25,7695.0,7688.5,7692.5,4393
2026-10-01 10:33:00-04:00,7692.5,7698.5,7692.5,7696.0,4831
2026-10-01 10:34:00-04:00,7695.75,7701.0,7694.25,7701.0,4709
2026-10-01 10:35:00-04:00,7701.0,7701.5,7696.75,7698.25,3728
2026-10-01 10:36:00-04:00,7698.0,7703.5,7697.75,7703.25,4092
2026-10-01 10:37:00-04:00,7703.0,7704.5,7700.5,7700.5,3526
2026-10-01 10:38:00-04:00,7700.75,7704.25,7698.5,7703.75,3016
2026-10-01 10:39:00-04:00,7703.75,7707.0,7703.5,7705.5,3873
2026-10-01 10:40:00-04:00,7705.75,7707.75,7702.0,7704.25,6008
2026-10-01 10:41:00-04:00,7704.0,7704.5,7698.5,7700.5,4473
2026-10-01 10:42:00-04:00,7700.75,7703.25,7699.5,7701.5,2626
2026-10-01 10:43:00-04:00,7701.5,7704.0,7699.5,7702.0,2493
2026-10-01 10:44:00-04:00,7702.0,7702.75,7698.25,7699.75,2883
2026-10-01 10:45:00-04:00,7699.75,7705.25,7698.75,7705.25,3269
2026-10-01 10:46:00-04:00,7705.0,7707.0,7698.25,7700.0,4632
2026-10-01 10:47:00-04:00,7699.75,7699.75,7694.75,7695.25,4615
2026-10-01 10:48:00-04:00,7695.25,7697.25,7694.0,7694.5,3879
2026-10-01 10:49:00-04:00,7694.75,7699.5,7693.5,7698.0,4907
2026-10-01 10:50:00-04:00,7698.0,7700.0,7695.25,7697.5,3770
2026-10-01 10:51:00-04:00,7697.5,7699.5,7692.75,7693.0,3954
2026-10-01 10:52:00-04:00,7692.75,7694.0,7687.0,7688.25,4603
2026-10-01 10:53:00-04:00,7688.5,7692.75,7686.0,7688.25,6212
2026-10-01 10:54:00-04:00,7688.25,7690.5,7686.25,7690.0,3059
2026-10-01 10:55:00-04:00,7690.25,7693.25,7688.75,7690.5,3569
2026-10-01 10:56:00-04:00,7690.5,7692.25,7688.5,7690.0,2613
2026-10-01 10:57:00-04:00,7690.0,7691.25,7687.5,7690.0,4957
2026-10-01 10:58:00-04:00,7690.25,7698.5,7685.5,7687.75,8765
2026-10-01 10:59:00-04:00,7687.75,7690.0,7684.0,7689.25,3235
2026-10-01 11:00:00-04:00,7689.25,7690.75,7686.0,7687.0,3271
2026-10-01 11:01:00-04:00,7687.0,7687.0,7678.75,7681.5,6637
2026-10-01 11:02:00-04:00,7681.75,7683.0,7679.25,7679.5,3074
2026-10-01 11:03:00-04:00,7679.5,7681.5,7677.75,7679.25,4808
2026-10-01 11:04:00-04:00,7679.5,7682.5,7677.75,7680.25,3395
2026-10-01 11:05:00-04:00,7680.0,7684.0,7679.0,7680.0,3586
2026-10-01 11:06:00-04:00,7680.0,7681.5,7679.5,7681.0,2204
2026-10-01 11:07:00-04:00,7681.0,7683.75,7678.75,7679.25,3111
2026-10-01 11:08:00-04:00,7679.0,7679.5,7674.75,7677.25,5449
2026-10-01 11:09:00-04:00,7677.25,7680.5,7677.0,7678.0,2606
2026-10-01 11:10:00-04:00,7678.0,7678.0,7673.5,7675.75,4901
2026-10-01 11:11:00-04:00,7675.75,7680.0,7672.75,7678.5,4478
2026-10-01 11:12:00-04:00,7678.5,7680.5,7677.75,7679.5,2794
2026-10-01 11:13:00-04:00,7679.5,7684.25,7679.5,7682.75,4663
2026-10-01 11:14:00-04:00,7682.75,7688.75,7682.5,7687.75,4660
2026-10-01 11:15:00-04:00,7687.75,7690.0,7685.0,7688.5,4804
2026-10-01 11:16:00-04:00,7688.5,7692.0,7688.25,7690.75,3406
2026-10-01 11:17:00-04:00,7691.25,7696.5,7690.75,7696.5,4837
2026-10-01 11:18:00-04:00,7696.25,7697.0,7690.0,7690.25,3995
2026-10-01 11:19:00-04:00,7690.5,7695.0,7689.5,7692.5,3778
2026-10-01 11:20:00-04:00,7692.5,7696.75,7689.5,7689.5,6502
2026-10-01 11:21:00-04:00,7689.75,7695.0,7688.5,7693.75,3318
2026-10-01 11:22:00-04:00,7693.5,7695.0,7691.5,7691.75,2535
2026-10-01 11:23:00-04:00,7692.0,7693.75,7690.75,7692.5,2126
2026-10-01 11:24:00-04:00,7692.5,7694.5,7692.0,7692.0,1885
2026-10-01 11:25:00-04:00,7692.25,7695.5,7691.75,7693.5,2161
2026-10-01 11:26:00-04:00,7693.25,7696.0,7691.5,7696.0,2021
2026-10-01 11:27:00-04:00,7696.25,7697.25,7695.0,7696.75,2553
2026-10-01 11:28:00-04:00,7697.0,7698.75,7692.25,7692.75,3520
2026-10-01 11:29:00-04:00,7692.5,7693.0,7688.75,7689.25,3115
2026-10-01 11:30:00-04:00,7689.5,7690.25,7686.75,7688.25,4979
2026-10-01 11:31:00-04:00,7688.25,7689.0,7685.25,7686.75,2836
2026-10-01 11:32:00-04:00,7686.75,7686.75,7684.25,7684.25,2874
2026-10-01 11:33:00-04:00,7684.5,7688.25,7684.0,7684.25,2695
2026-10-01 11:34:00-04:00,7684.25,7685.5,7679.75,7680.0,3968
2026-10-01 11:35:00-04:00,7679.75,7681.0,7677.25,7677.25,3765
2026-10-01 11:36:00-04:00,7677.25,7683.0,7677.25,7682.25,3558
2026-10-01 11:37:00-04:00,7682.5,7685.0,7681.75,7684.75,3155
2026-10-01 11:38:00-04:00,7684.75,7690.25,7683.75,7688.75,3939
2026-10-01 11:39:00-04:00,7688.75,7693.75,7688.5,7690.25,3433
2026-10-01 11:40:00-04:00,7690.0,7693.75,7689.0,7689.25,3365
2026-10-01 11:41:00-04:00,7689.0,7690.5,7683.0,7684.25,4292
2026-10-01 11:42:00-04:00,7684.0,7687.0,7683.25,7686.25,3325
2026-10-01 11:43:00-04:00,7686.0,7686.25,7680.25,7681.25,2711
2026-10-01 11:44:00-04:00,7681.0,7681.75,7678.5,7681.75,4188
2026-10-01 11:45:00-04:00,7681.5,7683.5,7679.5,7683.0,2575
2026-10-01 11:46:00-04:00,7682.75,7684.25,7681.75,7682.25,2635
2026-10-01 11:47:00-04:00,7682.5,7686.75,7681.75,7686.0,3022
2026-10-01 11:48:00-04:00,7685.75,7688.75,7683.75,7687.0,5433
2026-10-01 11:49:00-04:00,7687.25,7687.75,7684.5,7686.5,2135
2026-10-01 11:50:00-04:00,7686.25,7686.75,7681.0,7681.0,3029
2026-10-01 11:51:00-04:00,7681.0,7681.75,7678.75,7679.5,2500
2026-10-01 11:52:00-04:00,7679.5,7681.75,7678.75,7681.25,2217
2026-10-01 11:53:00-04:00,7680.75,7681.0,7677.25,7679.0,2914
2026-10-01 11:54:00-04:00,7679.0,7683.75,7678.25,7682.0,2864
2026-10-01 11:55:00-04:00,7681.75,7688.0,7681.25,7687.75,2861
2026-10-01 11:56:00-04:00,7688.0,7693.75,7685.5,7689.75,7888
2026-10-01 11:57:00-04:00,7689.75,7694.0,7688.25,7691.5,3237
2026-10-01 11:58:00-04:00,7691.5,7691.75,7687.75,7689.0,2814
2026-10-01 11:59:00-04:00,7688.75,7691.75,7688.25,7691.5,1834
2026-10-01 12:00:00-04:00,7691.5,7693.75,7687.0,7693.0,3435
2026-10-01 12:01:00-04:00,7693.0,7694.5,7691.75,7692.25,2304
2026-10-01 12:02:00-04:00,7692.25,7696.5,7691.5,7696.25,3160
2026-10-01 12:03:00-04:00,7696.25,7697.5,7695.0,7695.0,2509
2026-10-01 12:04:00-04:00,7695.25,7697.75,7695.0,7695.5,1923
2026-10-01 12:05:00-04:00,7695.5,7696.0,7691.0,7691.75,3206
2026-10-01 12:06:00-04:00,7691.75,7697.75,7690.25,7696.75,1944
2026-10-01 12:07:00-04:00,7696.75,7697.75,7693.5,7694.0,1492
2026-10-01 12:08:00-04:00,7693.75,7696.75,7693.75,7694.75,1402
2026-10-01 12:09:00-04:00,7694.5,7695.0,7692.0,7694.0,1637
2026-10-01 12:10:00-04:00,7694.0,7696.75,7693.75,7694.75,1639
2026-10-01 12:11:00-04:00,7694.5,7696.0,7693.75,7694.5,1313
2026-10-01 12:12:00-04:00,7694.25,7695.5,7690.0,7691.5,1698
2026-10-01 12:13:00-04:00,7691.5,7691.5,7688.75,7690.0,1886
2026-10-01 12:14:00-04:00,7690.0,7691.0,7689.5,7690.25,940
2026-10-01 12:15:00-04:00,7690.5,7692.25,7688.75,7690.75,1459
2026-10-01 12:16:00-04:00,7690.75,7695.25,7690.25,7695.0,1846
2026-10-01 12:17:00-04:00,7694.75,7700.25,7693.25,7699.5,2879
2026-10-01 12:18:00-04:00,7699.5,7701.0,7697.25,7697.75,2203
2026-10-01 12:19:00-04:00,7697.75,7697.75,7694.25,7695.0,1921
2026-10-01 12:20:00-04:00,7695.0,7695.75,7692.75,7695.25,1539
2026-10-01 12:21:00-04:00,7695.25,7696.75,7694.5,7695.75,1073
2026-10-01 12:22:00-04:00,7695.75,7698.5,7695.25,7697.75,1272
2026-10-01 12:23:00-04:00,7697.75,7699.0,7695.75,7698.75,1247
2026-10-01 12:24:00-04:00,7698.5,7702.5,7698.0,7701.0,2017
2026-10-01 12:25:00-04:00,7701.5,7701.5,7698.75,7701.0,1745
2026-10-01 12:26:00-04:00,7700.75,7702.0,7699.0,7699.25,1354
2026-10-01 12:27:00-04:00,7699.25,7701.0,7698.75,7700.5,1544
2026-10-01 12:28:00-04:00,7700.5,7701.0,7698.25,7699.75,2056
2026-10-01 12:29:00-04:00,7699.5,7699.5,7697.25,7697.75,2121
2026-10-01 12:30:00-04:00,7697.75,7702.5,7696.25,7702.25,2498
2026-10-01 12:31:00-04:00,7702.0,7704.5,7702.0,7704.25,2641
2026-10-01 12:32:00-04:00,7704.0,7708.25,7703.5,7707.75,3538
2026-10-01 12:33:00-04:00,7707.75,7709.5,7707.0,7707.5,2967
2026-10-01 12:34:00-04:00,7707.25,7708.75,7706.0,7708.25,2094
2026-10-01 12:35:00-04:00,7708.25,7709.25,7707.25,7709.0,1832
2026-10-01 12:36:00-04:00,7709.0,7709.0,7706.5,7708.5,2060
2026-10-01 12:37:00-04:00,7708.5,7711.0,7705.5,7706.0,2880
2026-10-01 12:38:00-04:00,7706.0,7706.0,7701.75,7703.5,3085
2026-10-01 12:39:00-04:00,7703.25,7704.5,7702.75,7703.5,1327
2026-10-01 12:40:00-04:00,7703.75,7705.25,7703.0,7705.0,2213
2026-10-01 12:41:00-04:00,7704.75,7705.0,7700.5,7700.5,2381
2026-10-01 12:42:00-04:00,7700.75,7705.0,7699.25,7703.5,2481
2026-10-01 12:43:00-04:00,7703.75,7706.5,7703.25,7705.25,1964
2026-10-01 12:44:00-04:00,7705.25,7705.5,7703.25,7704.75,1063
2026-10-01 12:45:00-04:00,7705.0,7706.0,7703.5,7704.75,1177
2026-10-01 12:46:00-04:00,7704.5,7705.0,7703.25,7704.75,1308
2026-10-01 12:47:00-04:00,7704.75,7705.5,7703.25,7705.0,1125
2026-10-01 12:48:00-04:00,7704.75,7707.75,7704.25,7705.5,1888
2026-10-01 12:49:00-04:00,7705.75,7706.25,7702.75,7703.75,1590
2026-10-01 12:50:00-04:00,7703.5,7705.25,7701.0,7702.5,2932
2026-10-01 12:51:00-04:00,7702.5,7702.75,7696.75,7697.75,2645
2026-10-01 12:52:00-04:00,7697.75,7698.5,7697.0,7698.25,1897
2026-10-01 12:53:00-04:00,7698.5,7699.25,7695.5,7696.0,2324
2026-10-01 12:54:00-04:00,7696.0,7696.0,7692.5,7693.5,3007
2026-10-01 12:55:00-04:00,7693.5,7694.5,7689.75,7690.0,3467
2026-10-01 12:56:00-04:00,7690.0,7691.25,7687.25,7689.25,3969
2026-10-01 12:57:00-04:00,7689.0,7692.0,7688.5,7691.75,2428
2026-10-01 12:58:00-04:00,7691.75,7693.0,7690.75,7692.5,1686
2026-10-01 12:59:00-04:00,7692.5,7694.5,7691.75,7694.0,2096
2026-10-01 13:00:00-04:00,7693.75,7695.25,7691.75,7693.5,3170
2026-10-01 13:01:00-04:00,7693.25,7696.25,7692.25,7696.25,3158
2026-10-01 13:02:00-04:00,7696.5,7702.5,7696.0,7702.0,3179
2026-10-01 13:03:00-04:00,7702.0,7702.25,7698.25,7699.25,1636
2026-10-01 13:04:00-04:00,7699.25,7704.0,7698.5,7703.25,1907
2026-10-01 13:05:00-04:00,7703.25,7705.0,7702.5,7703.5,2023
2026-10-01 13:06:00-04:00,7703.5,7705.0,7702.25,7703.25,2382
2026-10-01 13:07:00-04:00,7703.25,7704.0,7700.5,7702.5,2426
2026-10-01 13:08:00-04:00,7702.5,7703.75,7701.25,7701.75,1116
2026-10-01 13:09:00-04:00,7702.0,7702.25,7700.0,7701.25,1147
2026-10-01 13:10:00-04:00,7701.25,7702.25,7700.25,7702.25,1731
2026-10-01 13:11:00-04:00,7702.0,7704.5,7701.75,7703.5,1545
2026-10-01 13:12:00-04:00,7703.75,7705.75,7702.75,7703.0,1758
2026-10-01 13:13:00-04:00,7703.5,7706.25,7702.75,7706.25,1255
2026-10-01 13:14:00-04:00,7706.0,7707.5,7703.5,7703.75,1625
2026-10-01 13:15:00-04:00,7704.0,7705.0,7702.5,7705.0,1545
2026-10-01 13:16:00-04:00,7705.0,7706.75,7704.5,7705.75,1375
2026-10-01 13:17:00-04:00,7705.5,7707.25,7705.25,7706.0,1211
2026-10-01 13:18:00-04:00,7706.25,7708.0,7705.5,7708.0,1396
2026-10-01 13:19:00-04:00,7707.75,7712.5,7707.75,7710.25,3746
2026-10-01 13:20:00-04:00,7710.5,7715.0,7710.25,7714.25,3807
2026-10-01 13:21:00-04:00,7714.0,7714.25,7711.5,7713.5,2350
2026-10-01 13:22:00-04:00,7713.75,7718.5,7712.75,7718.0,3802
2026-10-01 13:23:00-04:00,7718.25,7719.75,7717.0,7718.5,3208
2026-10-01 13:24:00-04:00,7718.5,7721.75,7717.0,7721.75,2907
2026-10-01 13:25:00-04:00,7721.75,7724.75,7721.0,7722.75,4458
2026-10-01 13:26:00-04:00,7722.75,7723.5,7721.25,7722.75,1889
2026-10-01 13:27:00-04:00,7722.5,7723.5,7720.5,7722.0,2557
2026-10-01 13:28:00-04:00,7722.0,7723.25,7720.5,7721.0,2032
2026-10-01 13:29:00-04:00,7721.25,7723.75,7719.75,7722.0,2959
2026-10-01 13:30:00-04:00,7722.0,7737.25,7721.75,7731.75,20191
2026-10-01 13:31:00-04:00,7731.75,7734.0,7729.25,7731.75,4751
2026-10-01 13:32:00-04:00,7731.5,7733.75,7727.5,7728.75,3322
2026-10-01 13:33:00-04:00,7728.75,7731.75,7728.25,7730.5,2743
2026-10-01 13:34:00-04:00,7730.25,7732.5,7729.25,7731.5,2133
2026-10-01 13:35:00-04:00,7731.5,7731.75,7726.25,7726.5,2365
2026-10-01 13:36:00-04:00,7726.5,7729.75,7725.5,7729.75,2355
2026-10-01 13:37:00-04:00,7729.5,7730.25,7727.75,7728.25,1498
2026-10-01 13:38:00-04:00,7728.5,7729.5,7726.25,7727.75,1628
2026-10-01 13:39:00-04:00,7727.75,7729.0,7727.5,7727.75,1006
2026-10-01 13:40:00-04:00,7727.75,7729.5,7726.0,7728.75,1807
2026-10-01 13:41:00-04:00,7728.75,7729.5,7726.25,7729.25,1528
2026-10-01 13:42:00-04:00,7729.25,7733.25,7729.0,7733.25,3661
2026-10-01 13:43:00-04:00,7733.25,7735.25,7732.5,7733.25,2592
2026-10-01 13:44:00-04:00,7733.25,7734.5,7732.0,7733.75,1391
2026-10-01 13:45:00-04:00,7733.75,7736.75,7732.75,7736.5,2913
2026-10-01 13:46:00-04:00,7736.5,7738.25,7733.75,7737.5,3221
2026-10-01 13:47:00-04:00,7737.75,7738.75,7733.75,7734.0,2523
2026-10-01 13:48:00-04:00,7733.75,7734.5,7731.25,7732.0,2479
2026-10-01 13:49:00-04:00,7731.75,7733.25,7730.25,7730.25,1878
2026-10-01 13:50:00-04:00,7730.25,7731.25,7728.25,7728.75,3266
2026-10-01 13:51:00-04:00,7728.75,7731.5,7728.25,7731.0,2001
2026-10-01 13:52:00-04:00,7731.0,7733.0,7730.5,7732.0,1340
2026-10-01 13:53:00-04:00,7731.75,7731.75,7730.25,7731.0,1008
2026-10-01 13:54:00-04:00,7731.0,7731.5,7723.0,7723.5,11078
2026-10-01 13:55:00-04:00,7723.75,7726.25,7720.5,7724.75,6225
2026-10-01 13:56:00-04:00,7724.75,7726.75,7719.25,7722.0,4872
2026-10-01 13:57:00-04:00,7722.0,7722.0,7717.5,7718.5,4249
2026-10-01 13:58:00-04:00,7718.25,7721.5,7718.25,7719.75,2251
2026-10-01 13:59:00-04:00,7719.75,7721.5,7717.75,7720.5,3341
2026-10-01 14:00:00-04:00,7720.75,7722.5,7715.25,7716.25,4635
2026-10-01 14:01:00-04:00,7716.25,7720.0,7713.75,7720.0,5229
2026-10-01 14:02:00-04:00,7720.0,7721.75,7718.25,7721.25,3551
2026-10-01 14:03:00-04:00,7721.25,7721.75,7717.0,7717.25,2241
2026-10-01 14:04:00-04:00,7717.25,7718.5,7714.25,7716.0,1971
2026-10-01 14:05:00-04:00,7716.0,7716.75,7711.0,7712.25,3361
2026-10-01 14:06:00-04:00,7712.5,7712.5,7707.25,7708.0,3377
2026-10-01 14:07:00-04:00,7708.0,7709.5,7706.5,7709.5,2806
2026-10-01 14:08:00-04:00,7709.5,7711.25,7708.0,7708.5,2459
2026-10-01 14:09:00-04:00,7708.25,7713.0,7708.25,7711.75,2512
2026-10-01 14:10:00-04:00,7711.5,7714.25,7709.5,7711.25,2167
2026-10-01 14:11:00-04:00,7711.25,7714.0,7711.0,7713.25,2066
2026-10-01 14:12:00-04:00,7713.25,7717.0,7713.25,7716.0,3086
2026-10-01 14:13:00-04:00,7716.0,7720.5,7715.75,7718.5,4583
2026-10-01 14:14:00-04:00,7718.5,7718.75,7716.0,7718.25,1201
2026-10-01 14:15:00-04:00,7718.5,7722.25,7718.5,7719.5,2589
2026-10-01 14:16:00-04:00,7719.5,7720.5,7718.25,7719.5,1478
2026-10-01 14:17:00-04:00,7719.5,7720.5,7717.75,7719.25,1479
2026-10-01 14:18:00-04:00,7719.25,7723.75,7719.0,7723.0,1599
2026-10-01 14:19:00-04:00,7723.0,7723.25,7719.5,7720.0,1890
2026-10-01 14:20:00-04:00,7720.0,7720.5,7718.0,7719.75,1852
2026-10-01 14:21:00-04:00,7720.0,7721.0,7718.75,7719.5,1335
2026-10-01 14:22:00-04:00,7719.5,7720.5,7715.25,7719.0,4193
2026-10-01 14:23:00-04:00,7719.0,7726.25,7718.25,7725.75,8324
2026-10-01 14:24:00-04:00,7725.75,7727.5,7724.5,7724.75,3320
2026-10-01 14:25:00-04:00,7724.75,7726.5,7722.5,7725.75,1951
2026-10-01 14:26:00-04:00,7725.75,7726.75,7723.5,7724.5,1383
2026-10-01 14:27:00-04:00,7724.5,7724.75,7722.75,7723.75,1927
2026-10-01 14:28:00-04:00,7723.75,7726.75,7723.5,7724.75,1620
2026-10-01 14:29:00-04:00,7725.0,7727.75,7724.5,7726.5,2733
2026-10-01 14:30:00-04:00,7726.75,7727.5,7723.0,7723.5,1956
2026-10-01 14:31:00-04:00,7723.75,7724.75,7722.75,7722.75,916
2026-10-01 14:32:00-04:00,7723.0,7727.5,7722.0,7726.75,1479
2026-10-01 14:33:00-04:00,7726.75,7729.25,7726.75,7729.0,1892
2026-10-01 14:34:00-04:00,7729.0,7736.5,7728.0,7736.25,6212
2026-10-01 14:35:00-04:00,7736.5,7736.75,7733.25,7734.25,3794
2026-10-01 14:36:00-04:00,7734.25,7734.25,7731.0,7732.25,1924
2026-10-01 14:37:00-04:00,7732.25,7732.25,7729.25,7730.5,1642
2026-10-01 14:38:00-04:00,7730.25,7730.25,7727.75,7728.0,1312
2026-10-01 14:39:00-04:00,7728.0,7729.5,7727.75,7728.5,886
2026-10-01 14:40:00-04:00,7728.75,7729.25,7727.5,7729.0,723
2026-10-01 14:41:00-04:00,7729.0,7730.75,7728.25,7729.75,1091
2026-10-01 14:42:00-04:00,7729.75,7730.0,7726.75,7728.0,1432
2026-10-01 14:43:00-04:00,7728.0,7728.25,7726.0,7726.75,1099
2026-10-01 14:44:00-04:00,7726.75,7728.5,7726.5,7728.5,784
2026-10-01 14:45:00-04:00,7728.0,7728.5,7726.5,7726.5,720
2026-10-01 14:46:00-04:00,7726.25,7727.75,7725.5,7727.5,1017
2026-10-01 14:47:00-04:00,7727.25,7729.0,7727.25,7728.5,1082
2026-10-01 14:48:00-04:00,7728.5,7729.0,7727.5,7728.25,744
2026-10-01 14:49:00-04:00,7728.0,7729.0,7727.75,7727.75,577
2026-10-01 14:50:00-04:00,7728.0,7729.5,7727.0,7728.0,971
2026-10-01 14:51:00-04:00,7728.25,7728.25,7726.25,7728.25,867
2026-10-01 14:52:00-04:00,7728.5,7730.75,7728.25,7729.5,1132
2026-10-01 14:53:00-04:00,7729.75,7731.5,7729.5,7731.5,655
2026-10-01 14:54:00-04:00,7731.5,7732.0,7730.25,7730.5,917
2026-10-01 14:55:00-04:00,7730.5,7731.5,7729.0,7731.25,1627
2026-10-01 14:56:00-04:00,7731.25,7732.0,7730.75,7731.0,582
2026-10-01 14:57:00-04:00,7731.25,7731.75,7730.0,7730.5,525
2026-10-01 14:58:00-04:00,7730.5,7731.75,7730.5,7731.5,522
2026-10-01 14:59:00-04:00,7731.25,7733.5,7731.25,7733.0,1264
2026-10-01 15:00:00-04:00,7733.25,7734.25,7730.75,7731.0,1628
2026-10-01 15:01:00-04:00,7730.75,7731.0,7728.5,7729.0,1451
2026-10-01 15:02:00-04:00,7728.75,7729.75,7728.0,7728.25,1004
2026-10-01 15:03:00-04:00,7728.25,7729.0,7727.0,7728.25,1270
2026-10-01 15:04:00-04:00,7728.25,7730.75,7727.75,7730.25,1196
2026-10-01 15:05:00-04:00,7730.5,7730.75,7729.25,7730.25,1142
2026-10-01 15:06:00-04:00,7730.0,7730.25,7727.25,7727.75,676
2026-10-01 15:07:00-04:00,7728.0,7729.25,7727.0,7729.0,628
2026-10-01 15:08:00-04:00,7729.0,7730.75,7728.5,7730.0,673
2026-10-01 15:09:00-04:00,7730.25,7731.5,7729.5,7730.5,635
2026-10-01 15:10:00-04:00,7730.75,7732.75,7730.5,7730.5,732
2026-10-01 15:11:00-04:00,7730.5,7731.5,7729.25,7729.75,693
2026-10-01 15:12:00-04:00,7729.75,7730.5,7729.25,7729.25,477
2026-10-01 15:13:00-04:00,7729.25,7731.25,7729.0,7731.0,926
2026-10-01 15:14:00-04:00,7731.0,7731.25,7730.0,7731.0,524
2026-10-01 15:15:00-04:00,7730.75,7731.75,7729.0,7730.75,1009
2026-10-01 15:16:00-04:00,7730.5,7731.0,7729.5,7730.5,400
2026-10-01 15:17:00-04:00,7730.5,7730.75,7728.0,7728.25,726
2026-10-01 15:18:00-04:00,7728.25,7731.0,7728.25,7730.25,543
2026-10-01 15:19:00-04:00,7730.25,7732.0,7730.25,7732.0,891
2026-10-01 15:20:00-04:00,7731.75,7732.0,7730.25,7731.25,649
2026-10-01 15:21:00-04:00,7731.25,7733.0,7731.0,7731.25,642
2026-10-01 15:22:00-04:00,7731.25,7731.5,7730.25,7730.25,509
2026-10-01 15:23:00-04:00,7730.5,7730.75,7729.25,7729.5,681
2026-10-01 15:24:00-04:00,7729.5,7730.5,7728.25,7728.5,908
2026-10-01 15:25:00-04:00,7728.75,7729.25,7727.75,7729.25,750
2026-10-01 15:26:00-04:00,7729.5,7730.25,7728.25,7728.75,713
2026-10-01 15:27:00-04:00,7728.75,7728.75,7727.25,7727.5,792
2026-10-01 15:28:00-04:00,7727.75,7730.25,7727.75,7730.0,637
2026-10-01 15:29:00-04:00,7730.25,7730.25,7729.0,7729.75,456
2026-10-01 15:30:00-04:00,7729.75,7731.25,7729.5,7730.5,1129
2026-10-01 15:31:00-04:00,7730.5,7733.0,7730.5,7731.5,1364
2026-10-01 15:32:00-04:00,7731.75,7731.75,7729.5,7730.5,1140
2026-10-01 15:33:00-04:00,7730.25,7731.0,7729.75,7730.0,643
2026-10-01 15:34:00-04:00,7730.25,7731.25,7728.0,7729.0,1271
2026-10-01 15:35:00-04:00,7728.75,7729.5,7727.75,7728.0,1146
2026-10-01 15:36:00-04:00,7728.0,7728.0,7726.5,7726.75,1394
2026-10-01 15:37:00-04:00,7726.75,7728.5,7726.5,7728.25,992
2026-10-01 15:38:00-04:00,7728.25,7730.75,7728.25,7730.75,1343
2026-10-01 15:39:00-04:00,7730.75,7732.0,7730.5,7730.5,918
2026-10-01 15:40:00-04:00,7730.5,7732.5,7730.5,7732.5,1552
2026-10-01 15:41:00-04:00,7732.5,7733.75,7732.25,7732.75,1219
2026-10-01 15:42:00-04:00,7732.75,7733.25,7730.5,7730.75,813
2026-10-01 15:43:00-04:00,7730.75,7732.75,7730.25,7731.75,765
2026-10-01 15:44:00-04:00,7731.75,7732.25,7730.75,7731.0,594
2026-10-01 15:45:00-04:00,7730.5,7733.25,7729.75,7733.0,1803
2026-10-01 15:46:00-04:00,7733.0,7735.0,7732.25,7734.25,2051
2026-10-01 15:47:00-04:00,7734.25,7734.5,7732.25,7733.0,901
2026-10-01 15:48:00-04:00,7732.75,7733.5,7731.5,7732.25,955
2026-10-01 15:49:00-04:00,7732.25,7733.25,7731.75,7733.0,805
2026-10-01 15:50:00-04:00,7732.75,7739.0,7732.0,7737.75,5406
2026-10-01 15:51:00-04:00,7737.75,7741.25,7737.5,7737.75,3444
2026-10-01 15:52:00-04:00,7737.75,7738.25,7734.5,7735.5,2301
2026-10-01 15:53:00-04:00,7735.5,7736.5,7733.5,7733.5,1377
2026-10-01 15:54:00-04:00,7733.5,7734.25,7729.5,7729.75,3834
2026-10-01 15:55:00-04:00,7729.75,7729.75,7724.0,7726.0,6695
2026-10-01 15:56:00-04:00,7726.25,7728.25,7725.25,7726.5,1937
2026-10-01 15:57:00-04:00,7726.5,7727.5,7724.25,7725.0,1916
2026-10-01 15:58:00-04:00,7725.25,7725.25,7722.25,7722.75,2644
2026-10-01 15:59:00-04:00,7722.5,7727.5,7719.75,7726.0,21881
2026-10-01 16:00:00-04:00,7726.25,7728.75,7725.0,7728.75,3657
2026-10-01 16:01:00-04:00,7728.5,7730.5,7728.0,7730.0,1596
2026-10-01 16:02:00-04:00,7729.75,7729.75,7727.5,7728.0,609
2026-10-01 16:03:00-04:00,7728.25,7728.5,7727.25,7727.25,534
2026-10-01 16:04:00-04:00,7727.25,7728.25,7726.0,7728.0,709
2026-10-01 16:05:00-04:00,7728.25,7730.25,7727.75,7730.25,934
2026-10-01 16:06:00-04:00,7730.0,7731.0,7729.0,7730.75,465
2026-10-01 16:07:00-04:00,7731.0,7731.25,7728.75,7729.75,371
2026-10-01 16:08:00-04:00,7729.75,7730.5,7729.5,7730.0,110
2026-10-01 16:09:00-04:00,7729.75,7731.0,7729.75,7730.0,265
2026-10-01 16:10:00-04:00,7730.0,7730.25,7729.0,7729.5,210
2026-10-01 16:11:00-04:00,7729.25,7730.0,7729.0,7729.5,103
2026-10-01 16:12:00-04:00,7729.25,7729.5,7728.75,7729.5,161
2026-10-01 16:13:00-04:00,7729.5,7732.0,7729.25,7731.5,427
2026-10-01 16:14:00-04:00,7731.75,7732.75,7731.0,7732.25,425
2026-10-01 16:15:00-04:00,7732.25,7732.75,7731.5,7731.75,152
2026-10-01 16:16:00-04:00,7731.75,7732.0,7731.0,7731.5,229
2026-10-01 16:17:00-04:00,7731.5,7732.5,7731.25,7732.0,268
2026-10-01 16:18:00-04:00,7732.0,7732.5,7731.75,7731.75,100
2026-10-01 16:19:00-04:00,7731.75,7732.25,7730.25,7731.25,445
2026-10-01 16:20:00-04:00,7731.25,7731.5,7730.75,7731.0,238
2026-10-01 16:21:00-04:00,7731.0,7731.5,7730.0,7730.75,181
2026-10-01 16:22:00-04:00,7731.0,7731.0,7730.25,7730.5,96
2026-10-01 16:23:00-04:00,7730.75,7731.25,7730.5,7730.75,92
2026-10-01 16:24:00-04:00,7731.0,7731.0,7730.5,7730.5,81
2026-10-01 16:25:00-04:00,7730.5,7731.0,7730.25,7730.75,145
2026-10-01 16:26:00-04:00,7730.75,7731.0,7730.0,7730.0,198
2026-10-01 16:27:00-04:00,7730.25,7730.75,7730.0,7730.25,57
2026-10-01 16:28:00-04:00,7730.0,7730.75,7729.75,7729.75,255
2026-10-01 16:29:00-04:00,7729.75,7730.0,7729.5,7729.75,120
2026-10-01 16:30:00-04:00,7729.5,7730.0,7729.5,7729.5,115
2026-10-01 16:31:00-04:00,7729.5,7729.75,7729.25,7729.25,96
2026-10-01 16:32:00-04:00,7729.5,7730.25,7729.5,7729.75,104
2026-10-01 16:33:00-04:00,7729.75,7730.0,7729.25,7729.25,104
2026-10-01 16:34:00-04:00,7729.25,7729.5,7728.5,7729.5,220
2026-10-01 16:35:00-04:00,7729.5,7729.5,7728.25,7728.25,265
2026-10-01 16:36:00-04:00,7728.5,7728.75,7728.0,7728.25,80
2026-10-01 16:37:00-04:00,7728.0,7728.75,7728.0,7728.0,202
2026-10-01 16:38:00-04:00,7728.0,7728.0,7726.5,7727.25,329
2026-10-01 16:39:00-04:00,7727.5,7727.5,7726.75,7727.0,99
2026-10-01 16:40:00-04:00,7727.0,7727.5,7726.5,7726.5,149
2026-10-01 16:41:00-04:00,7726.75,7727.25,7726.25,7726.75,103
2026-10-01 16:42:00-04:00,7726.75,7727.25,7726.5,7726.75,63
2026-10-01 16:43:00-04:00,7726.75,7727.0,7726.5,7726.75,114
2026-10-01 16:44:00-04:00,7726.75,7727.0,7726.5,7726.75,104
2026-10-01 16:45:00-04:00,7727.0,7727.0,7726.25,7726.25,339
2026-10-01 16:46:00-04:00,7726.25,7726.75,7725.5,7725.75,209
2026-10-01 16:47:00-04:00,7726.0,7726.0,7725.5,7725.5,110
2026-10-01 16:48:00-04:00,7725.75,7725.75,7725.25,7725.25,120
2026-10-01 16:49:00-04:00,7725.25,7726.25,7725.25,7726.0,114
2026-10-01 16:50:00-04:00,7726.0,7727.5,7725.75,7727.0,280
2026-10-01 16:51:00-04:00,7727.0,7727.0,7726.0,7726.0,134
2026-10-01 16:52:00-04:00,7725.75,7726.0,7725.25,7725.75,235
2026-10-01 16:53:00-04:00,7725.75,7726.0,7725.0,7725.25,191
2026-10-01 16:54:00-04:00,7725.0,7725.5,7724.75,7725.0,170
2026-10-01 16:55:00-04:00,7725.0,7725.25,7724.5,7724.5,253
2026-10-01 16:56:00-04:00,7724.75,7725.0,7724.0,7724.75,151
2026-10-01 16:57:00-04:00,7724.75,7725.5,7724.5,7725.25,54
2026-10-01 16:58:00-04:00,7725.5,7726.0,7725.25,7726.0,160
2026-10-01 16:59:00-04:00,7725.75,7726.0,7725.0,7725.0,212
