,Open,High,Low,Close,Volume
2026-09-04 00:09:00-04:00,7757.0,7757.5,7757.0,7757.5,0
2026-09-04 00:10:00-04:00,7757.5,7757.75,7757.25,7757.25,87
2026-09-04 00:11:00-04:00,7757.25,7757.75,7757.25,7757.25,58
2026-09-04 00:12:00-04:00,7757.25,7758.0,7757.25,7758.0,63
2026-09-04 00:13:00-04:00,7758.25,7758.5,7758.0,7758.5,100
2026-09-04 00:14:00-04:00,7758.5,7758.75,7758.5,7758.75,69
2026-09-04 00:15:00-04:00,7758.75,7758.75,7758.25,7758.5,70
2026-09-04 00:16:00-04:00,7758.5,7758.5,7758.25,7758.25,32
2026-09-04 00:17:00-04:00,7758.25,7758.25,7757.75,7758.0,73
2026-09-04 00:18:00-04:00,7757.75,7758.0,7757.75,7758.0,15
2026-09-04 00:19:00-04:00,7758.0,7758.0,7757.5,7757.75,29
2026-09-04 00:20:00-04:00,7758.0,7758.25,7757.75,7758.25,8
2026-09-04 00:21:00-04:00,7758.25,7759.0,7758.25,7758.75,41
2026-09-04 00:22:00-04:00,7759.0,7759.25,7758.75,7759.25,135
2026-09-04 00:23:00-04:00,7759.0,7759.25,7759.0,7759.0,55
2026-09-04 00:24:00-04:00,7759.25,7759.75,7759.25,7759.75,201
2026-09-04 00:25:00-04:00,7759.5,7759.5,7759.0,7759.5,102
2026-09-04 00:26:00-04:00,7759.5,7759.75,7759.25,7759.5,44
2026-09-04 00:27:00-04:00,7759.75,7760.75,7759.5,7760.25,320
2026-09-04 00:28:00-04:00,7760.5,7761.25,7760.5,7761.0,280
2026-09-04 00:29:00-04:00,7761.0,7761.25,7760.75,7760.75,122
2026-09-04 00:30:00-04:00,7760.75,7761.5,7760.75,7761.5,187
2026-09-04 00:31:00-04:00,7761.25,7761.75,7761.0,7761.25,182
2026-09-04 00:32:00-04:00,7761.25,7761.5,7760.5,7760.75,149
2026-09-04 00:33:00-04:00,7760.75,7761.25,7760.75,7761.0,66
2026-09-04 00:34:00-04:00,7761.0,7761.75,7761.0,7761.75,101
2026-09-04 00:35:00-04:00,7761.25,7761.5,7761.0,7761.0,26
2026-09-04 00:36:00-04:00,7761.25,7761.5,7761.0,7761.25,58
2026-09-04 00:37:00-04:00,7761.25,7761.5,7761.0,7761.0,37
2026-09-04 00:38:00-04:00,7761.0,7761.0,7760.0,7760.25,107
2026-09-04 00:39:00-04:00,7760.25,7760.5,7760.25,7760.25,50
2026-09-04 00:40:00-04:00,7760.25,7760.25,7759.75,7759.75,91
2026-09-04 00:41:00-04:00,7759.75,7760.0,7759.75,7759.75,58
2026-09-04 00:42:00-04:00,7760.0,7760.0,7759.75,7759.75,45
2026-09-04 00:43:00-04:00,7760.0,7760.0,7759.75,7759.75,9
2026-09-04 00:44:00-04:00,7759.75,7760.0,7759.75,7760.0,25
2026-09-04 00:45:00-04:00,7760.25,7760.25,7760.0,7760.0,27
2026-09-04 00:46:00-04:00,7760.0,7760.5,7759.75,7759.75,45
2026-09-04 00:47:00-04:00,7759.75,7760.25,7759.75,7760.0,27
2026-09-04 00:48:00-04:00,7760.0,7760.0,7759.75,7759.75,31
2026-09-04 00:49:00-04:00,7759.75,7760.0,7759.75,7759.75,48
2026-09-04 00:50:00-04:00,7759.5,7760.0,7759.5,7760.0,17
2026-09-04 00:51:00-04:00,7760.0,7760.25,7759.75,7760.25,25
2026-09-04 00:52:00-04:00,7760.25,7760.5,7760.0,7760.5,42
2026-09-04 00:53:00-04:00,7760.5,7760.5,7760.25,7760.5,26
2026-09-04 00:54:00-04:00,7760.5,7760.5,7760.25,7760.5,9
2026-09-04 00:55:00-04:00,7760.5,7760.5,7760.25,7760.5,60
2026-09-04 00:56:00-04:00,7760.5,7760.75,7760.5,7760.5,24
2026-09-04 00:57:00-04:00,7760.75,7760.75,7760.5,7760.75,10
2026-09-04 00:58:00-04:00,7760.75,7761.0,7760.5,7761.0,48
2026-09-04 00:59:00-04:00,7760.75,7761.5,7760.75,7761.25,106
2026-09-04 01:00:00-04:00,7761.25,7761.25,7760.5,7760.75,83
2026-09-04 01:01:00-04:00,7761.0,7761.25,7760.75,7760.75,21
2026-09-04 01:02:00-04:00,7761.0,7761.25,7760.75,7761.0,21
2026-09-04 01:03:00-04:00,7761.0,7761.25,7761.0,7761.25,41
2026-09-04 01:04:00-04:00,7761.25,7761.75,7761.25,7761.5,72
2026-09-04 01:05:00-04:00,7761.5,7761.5,7761.25,7761.5,40
2026-09-04 01:06:00-04:00,7761.75,7762.0,7761.5,7762.0,93
2026-09-04 01:07:00-04:00,7761.75,7762.5,7761.75,7762.25,179
2026-09-04 01:08:00-04:00,7762.25,7762.75,7762.0,7762.25,101
2026-09-04 01:09:00-04:00,7762.5,7762.75,7762.0,7762.25,95
2026-09-04 01:10:00-04:00,7762.25,7762.25,7761.75,7761.75,87
2026-09-04 01:11:00-04:00,7761.75,7762.25,7761.75,7762.0,32
2026-09-04 01:12:00-04:00,7762.25,7762.75,7762.25,7762.75,51
2026-09-04 01:13:00-04:00,7762.75,7762.75,7762.5,7762.5,61
2026-09-04 01:14:00-04:00,7762.5,7763.25,7762.5,7763.0,131
2026-09-04 01:15:00-04:00,7762.75,7763.0,7762.75,7762.75,59
2026-09-04 01:16:00-04:00,7762.75,7763.0,7762.75,7762.75,31
2026-09-04 01:17:00-04:00,7762.75,7763.5,7762.75,7763.25,112
2026-09-04 01:18:00-04:00,7763.25,7764.0,7763.25,7764.0,139
2026-09-04 01:19:00-04:00,7764.0,7764.25,7763.75,7764.25,107
2026-09-04 01:20:00-04:00,7764.25,7764.25,7763.75,7764.0,89
2026-09-04 01:21:00-04:00,7763.75,7764.0,7763.25,7763.5,118
2026-09-04 01:22:00-04:00,7763.75,7763.75,7763.0,7763.5,127
2026-09-04 01:23:00-04:00,7763.75,7763.75,7763.0,7763.0,96
2026-09-04 01:24:00-04:00,7763.25,7763.75,7763.0,7763.75,68
2026-09-04 01:25:00-04:00,7763.75,7764.0,7763.0,7763.25,48
2026-09-04 01:26:00-04:00,7763.25,7763.75,7763.25,7763.5,35
2026-09-04 01:27:00-04:00,7763.25,7763.25,7762.5,7762.75,50
2026-09-04 01:28:00-04:00,7762.75,7763.0,7762.5,7762.5,48
2026-09-04 01:29:00-04:00,7762.5,7763.0,7762.25,7762.75,57
2026-09-04 01:30:00-04:00,7762.5,7762.75,7762.0,7762.5,75
2026-09-04 01:31:00-04:00,7762.5,7762.75,7762.25,7762.5,31
2026-09-04 01:32:00-04:00,7762.5,7763.0,7762.5,7763.0,17
2026-09-04 01:33:00-04:00,7763.0,7763.5,7763.0,7763.5,79
2026-09-04 01:34:00-04:00,7763.5,7763.5,7763.25,7763.5,56
2026-09-04 01:35:00-04:00,7763.5,7763.5,7762.75,7763.0,57
2026-09-04 01:36:00-04:00,7763.0,7763.25,7762.5,7762.5,39
2026-09-04 01:37:00-04:00,7762.75,7763.25,7762.75,7763.0,49
2026-09-04 01:38:00-04:00,7763.0,7763.75,7763.0,7763.75,53
2026-09-04 01:39:00-04:00,7763.75,7763.75,7763.0,7763.25,103
2026-09-04 01:40:00-04:00,7763.5,7763.5,7762.25,7762.25,147
2026-09-04 01:41:00-04:00,7762.5,7763.0,7762.5,7762.5,88
2026-09-04 01:42:00-04:00,7762.25,7762.5,7762.0,7762.25,51
2026-09-04 01:43:00-04:00,7762.25,7762.25,7762.0,7762.0,62
2026-09-04 01:44:00-04:00,7762.0,7762.25,7762.0,7762.25,40
2026-09-04 01:45:00-04:00,7762.5,7762.75,7762.25,7762.75,32
2026-09-04 01:46:00-04:00,7762.75,7763.0,7762.0,7762.25,39
2026-09-04 01:47:00-04:00,7762.25,7762.75,7762.25,7762.25,32
2026-09-04 01:48:00-04:00,7762.0,7762.25,7761.25,7761.5,101
2026-09-04 01:49:00-04:00,7761.25,7761.5,7761.25,7761.25,60
2026-09-04 01:50:00-04:00,7761.0,7761.0,7760.0,7760.0,171
2026-09-04 01:51:00-04:00,7760.25,7760.5,7760.0,7760.5,51
2026-09-04 01:52:00-04:00,7760.5,7760.5,7760.0,7760.25,110
2026-09-04 01:53:00-04:00,7760.25,7760.25,7759.5,7759.5,124
2026-09-04 01:54:00-04:00,7759.5,7760.5,7759.5,7760.25,110
2026-09-04 01:55:00-04:00,7760.0,7760.75,7759.75,7760.5,51
2026-09-04 01:56:00-04:00,7760.5,7761.25,7760.25,7761.25,156
2026-09-04 01:57:00-04:00,7761.25,7761.5,7761.0,7761.5,67
2026-09-04 01:58:00-04:00,7761.5,7761.75,7761.25,7761.5,60
2026-09-04 01:59:00-04:00,7761.5,7761.75,7761.25,7761.5,44
2026-09-04 02:00:00-04:00,7761.25,7762.25,7761.0,7761.5,248
2026-09-04 02:01:00-04:00,7761.75,7762.0,7761.25,7761.25,59
2026-09-04 02:02:00-04:00,7761.25,7762.25,7761.25,7762.0,84
2026-09-04 02:03:00-04:00,7762.25,7762.25,7761.25,7761.25,79
2026-09-04 02:04:00-04:00,7761.5,7761.5,7760.5,7761.0,105
2026-09-04 02:05:00-04:00,7761.25,7761.25,7760.75,7761.0,76
2026-09-04 02:06:00-04:00,7761.0,7761.5,7761.0,7761.5,37
2026-09-04 02:07:00-04:00,7761.5,7761.75,7761.25,7761.5,29
2026-09-04 02:08:00-04:00,7761.5,7761.75,7761.25,7761.5,30
2026-09-04 02:09:00-04:00,7762.0,7762.0,7761.5,7761.5,37
2026-09-04 02:10:00-04:00,7761.5,7762.75,7761.5,7762.25,134
2026-09-04 02:11:00-04:00,7762.5,7763.0,7762.25,7763.0,78
2026-09-04 02:12:00-04:00,7763.0,7763.75,7763.0,7763.75,83
2026-09-04 02:13:00-04:00,7763.5,7763.75,7763.25,7763.25,67
2026-09-04 02:14:00-04:00,7763.5,7763.75,7763.5,7763.5,29
2026-09-04 02:15:00-04:00,7763.5,7763.75,7762.5,7762.75,104
2026-09-04 02:16:00-04:00,7762.75,7763.0,7761.5,7761.5,106
2026-09-04 02:17:00-04:00,7761.75,7761.75,7760.75,7761.0,64
2026-09-04 02:18:00-04:00,7761.0,7761.75,7761.0,7761.5,49
2026-09-04 02:19:00-04:00,7761.75,7762.25,7761.5,7762.0,114
2026-09-04 02:20:00-04:00,7762.0,7763.0,7762.0,7763.0,83
2026-09-04 02:21:00-04:00,7762.75,7763.5,7762.5,7763.5,79
2026-09-04 02:22:00-04:00,7763.25,7763.5,7762.25,7762.5,336
2026-09-04 02:23:00-04:00,7762.5,7763.25,7762.5,7763.0,35
2026-09-04 02:24:00-04:00,7762.75,7763.0,7762.5,7763.0,20
2026-09-04 02:25:00-04:00,7762.75,7763.5,7762.75,7763.5,91
2026-09-04 02:26:00-04:00,7763.25,7763.5,7763.25,7763.5,25
2026-09-04 02:27:00-04:00,7763.25,7763.75,7763.0,7763.75,54
2026-09-04 02:28:00-04:00,7764.0,7764.0,7763.25,7763.25,29
2026-09-04 02:29:00-04:00,7763.25,7763.25,7762.5,7762.75,68
2026-09-04 02:30:00-04:00,7762.5,7762.5,7761.5,7762.25,208
2026-09-04 02:31:00-04:00,7762.5,7762.75,7761.75,7762.25,67
2026-09-04 02:32:00-04:00,7762.0,7762.25,7761.75,7761.75,45
2026-09-04 02:33:00-04:00,7761.75,7762.0,7761.25,7761.25,78
2026-09-04 02:34:00-04:00,7761.5,7761.5,7760.0,7760.25,132
2026-09-04 02:35:00-04:00,7760.5,7760.75,7759.25,7759.25,154
2026-09-04 02:36:00-04:00,7759.25,7759.75,7759.25,7759.75,115
2026-09-04 02:37:00-04:00,7759.5,7760.0,7759.25,7759.25,103
2026-09-04 02:38:00-04:00,7759.5,7760.25,7759.5,7759.75,89
2026-09-04 02:39:00-04:00,7759.75,7760.25,7759.75,7759.75,61
2026-09-04 02:40:00-04:00,7759.75,7760.0,7759.0,7759.5,100
2026-09-04 02:41:00-04:00,7759.5,7760.0,7759.25,7760.0,60
2026-09-04 02:42:00-04:00,7760.0,7760.25,7759.75,7760.0,37
2026-09-04 02:43:00-04:00,7760.0,7760.75,7760.0,7760.25,69
2026-09-04 02:44:00-04:00,7760.0,7760.0,7759.5,7759.5,36
2026-09-04 02:45:00-04:00,7759.5,7759.75,7758.75,7759.0,105
2026-09-04 02:46:00-04:00,7758.75,7759.0,7758.25,7758.25,110
2026-09-04 02:47:00-04:00,7758.25,7758.75,7758.0,7758.25,183
2026-09-04 02:48:00-04:00,7758.25,7758.75,7758.0,7758.25,47
2026-09-04 02:49:00-04:00,7758.25,7758.25,7757.25,7757.75,148
2026-09-04 02:50:00-04:00,7757.5,7757.75,7756.75,7756.75,164
2026-09-04 02:51:00-04:00,7756.75,7757.5,7756.5,7756.5,130
2026-09-04 02:52:00-04:00,7756.5,7756.75,7756.25,7756.25,95
2026-09-04 02:53:00-04:00,7756.5,7756.75,7756.0,7756.5,122
2026-09-04 02:54:00-04:00,7756.5,7756.5,7756.0,7756.5,54
2026-09-04 02:55:00-04:00,7756.5,7756.75,7756.0,7756.0,100
2026-09-04 02:56:00-04:00,7756.25,7756.5,7756.0,7756.0,34
2026-09-04 02:57:00-04:00,7756.25,7756.25,7755.5,7756.0,54
2026-09-04 02:58:00-04:00,7755.75,7756.25,7755.75,7756.25,73
2026-09-04 02:59:00-04:00,7756.0,7756.25,7755.25,7755.75,110
2026-09-04 03:00:00-04:00,7755.75,7756.5,7755.0,7756.0,330
2026-09-04 03:01:00-04:00,7756.0,7756.25,7755.0,7755.75,139
2026-09-04 03:02:00-04:00,7755.75,7756.25,7755.5,7755.75,76
2026-09-04 03:03:00-04:00,7755.75,7755.75,7755.0,7755.25,199
2026-09-04 03:04:00-04:00,7755.0,7757.0,7755.0,7756.5,314
2026-09-04 03:05:00-04:00,7756.25,7756.5,7755.0,7756.0,161
2026-09-04 03:06:00-04:00,7755.75,7756.75,7755.75,7756.25,139
2026-09-04 03:07:00-04:00,7756.25,7757.0,7756.0,7756.75,162
2026-09-04 03:08:00-04:00,7756.75,7757.75,7756.75,7757.75,232
2026-09-04 03:09:00-04:00,7757.25,7757.75,7757.0,7757.5,148
2026-09-04 03:10:00-04:00,7757.5,7758.25,7757.25,7757.5,198
2026-09-04 03:11:00-04:00,7757.5,7758.25,7757.25,7758.0,192
2026-09-04 03:12:00-04:00,7757.75,7758.0,7757.5,7757.75,123
2026-09-04 03:13:00-04:00,7757.75,7758.5,7757.5,7758.5,114
2026-09-04 03:14:00-04:00,7758.5,7759.25,7758.25,7758.25,263
2026-09-04 03:15:00-04:00,7758.25,7758.75,7758.0,7758.5,71
2026-09-04 03:16:00-04:00,7758.5,7758.5,7756.25,7758.5,275
2026-09-04 03:17:00-04:00,7758.5,7759.0,7758.5,7758.75,83
2026-09-04 03:18:00-04:00,7758.75,7759.0,7758.25,7759.0,43
2026-09-04 03:19:00-04:00,7759.0,7759.25,7758.5,7759.0,98
2026-09-04 03:20:00-04:00,7759.25,7759.25,7758.5,7759.0,50
2026-09-04 03:21:00-04:00,7759.25,7759.5,7758.25,7758.75,87
2026-09-04 03:22:00-04:00,7758.5,7758.75,7758.0,7758.75,59
2026-09-04 03:23:00-04:00,7758.5,7758.75,7757.75,7758.25,93
2026-09-04 03:24:00-04:00,7758.25,7758.75,7758.25,7758.25,63
2026-09-04 03:25:00-04:00,7758.25,7758.25,7757.25,7757.25,78
2026-09-04 03:26:00-04:00,7757.25,7757.5,7756.75,7757.5,72
2026-09-04 03:27:00-04:00,7757.75,7759.5,7757.75,7759.5,166
2026-09-04 03:28:00-04:00,7759.25,7759.75,7759.25,7759.5,94
2026-09-04 03:29:00-04:00,7759.25,7759.75,7759.0,7759.75,56
2026-09-04 03:30:00-04:00,7759.75,7760.5,7759.5,7760.0,208
2026-09-04 03:31:00-04:00,7760.0,7760.5,7759.75,7760.5,68
2026-09-04 03:32:00-04:00,7760.5,7760.5,7759.75,7760.0,137
2026-09-04 03:33:00-04:00,7760.0,7761.5,7760.0,7761.25,179
2026-09-04 03:34:00-04:00,7761.25,7761.25,7761.0,7761.25,44
2026-09-04 03:35:00-04:00,7761.25,7761.25,7760.5,7761.0,106
2026-09-04 03:36:00-04:00,7760.5,7760.75,7759.75,7759.75,109
2026-09-04 03:37:00-04:00,7759.5,7760.25,7759.25,7760.0,110
2026-09-04 03:38:00-04:00,7760.0,7761.0,7759.75,7760.75,106
2026-09-04 03:39:00-04:00,7760.5,7761.0,7760.5,7760.5,62
2026-09-04 03:40:00-04:00,7761.0,7761.5,7760.75,7761.0,75
2026-09-04 03:41:00-04:00,7761.25,7761.75,7761.25,7761.75,125
2026-09-04 03:42:00-04:00,7761.75,7762.5,7761.75,7762.25,252
2026-09-04 03:43:00-04:00,7762.25,7762.75,7761.75,7761.75,52
2026-09-04 03:44:00-04:00,7762.0,7762.0,7761.5,7761.75,75
2026-09-04 03:45:00-04:00,7762.0,7762.5,7761.75,7762.5,34
2026-09-04 03:46:00-04:00,7762.25,7762.5,7762.0,7762.0,81
2026-09-04 03:47:00-04:00,7762.0,7763.0,7762.0,7762.75,157
2026-09-04 03:48:00-04:00,7762.75,7762.75,7762.5,7762.5,110
2026-09-04 03:49:00-04:00,7762.75,7763.0,7762.5,7762.75,65
2026-09-04 03:50:00-04:00,7762.75,7763.0,7761.75,7762.0,111
2026-09-04 03:51:00-04:00,7762.0,7762.5,7761.25,7761.5,100
2026-09-04 03:52:00-04:00,7761.5,7761.75,7761.25,7761.5,126
2026-09-04 03:53:00-04:00,7761.5,7761.5,7760.5,7761.0,140
2026-09-04 03:54:00-04:00,7761.25,7761.25,7760.0,7760.25,108
2026-09-04 03:55:00-04:00,7760.25,7760.5,7759.5,7759.5,157
2026-09-04 03:56:00-04:00,7759.25,7760.25,7758.75,7760.0,233
2026-09-04 03:57:00-04:00,7759.5,7759.75,7758.75,7759.25,136
2026-09-04 03:58:00-04:00,7759.25,7760.25,7759.0,7760.0,95
2026-09-04 03:59:00-04:00,7759.75,7760.25,7759.5,7760.25,85
2026-09-04 04:00:00-04:00,7760.0,7760.25,7759.25,7759.75,246
2026-09-04 04:01:00-04:00,7759.75,7760.5,7759.5,7760.0,125
2026-09-04 04:02:00-04:00,7760.25,7761.0,7759.0,7760.5,185
2026-09-04 04:03:00-04:00,7760.75,7761.25,7758.75,7759.0,175
2026-09-04 04:04:00-04:00,7758.75,7759.25,7758.5,7759.0,135
2026-09-04 04:05:00-04:00,7759.0,7759.75,7758.25,7759.75,109
2026-09-04 04:06:00-04:00,7759.5,7760.5,7759.5,7760.0,143
2026-09-04 04:07:00-04:00,7760.25,7760.25,7759.25,7760.0,162
2026-09-04 04:08:00-04:00,7759.75,7759.75,7758.75,7759.0,90
2026-09-04 04:09:00-04:00,7759.0,7759.75,7758.75,7758.75,52
2026-09-04 04:10:00-04:00,7758.75,7759.5,7758.5,7759.25,116
2026-09-04 04:11:00-04:00,7759.25,7760.75,7759.25,7760.25,233
2026-09-04 04:12:00-04:00,7760.25,7761.0,7759.0,7759.25,216
2026-09-04 04:13:00-04:00,7759.5,7760.0,7758.5,7759.75,123
2026-09-04 04:14:00-04:00,7759.75,7759.75,7759.25,7759.5,65
2026-09-04 04:15:00-04:00,7759.5,7760.0,7759.0,7759.0,144
2026-09-04 04:16:00-04:00,7759.5,7760.25,7759.5,7760.0,52
2026-09-04 04:17:00-04:00,7760.0,7760.0,7759.5,7759.75,53
2026-09-04 04:18:00-04:00,7759.75,7759.75,7759.5,7759.5,65
2026-09-04 04:19:00-04:00,7759.75,7759.75,7759.5,7759.5,27
2026-09-04 04:20:00-04:00,7759.75,7760.25,7759.5,7760.25,153
2026-09-04 04:21:00-04:00,7760.25,7760.75,7760.0,7760.5,70
2026-09-04 04:22:00-04:00,7760.25,7760.25,7759.25,7760.0,87
2026-09-04 04:23:00-04:00,7759.5,7760.5,7759.5,7760.0,66
2026-09-04 04:24:00-04:00,7760.25,7760.5,7759.25,7759.25,78
2026-09-04 04:25:00-04:00,7759.5,7759.5,7759.0,7759.5,79
2026-09-04 04:26:00-04:00,7759.75,7760.75,7759.75,7760.25,86
2026-09-04 04:27:00-04:00,7760.25,7761.5,7760.0,7761.5,132
2026-09-04 04:28:00-04:00,7761.5,7761.75,7761.0,7761.75,127
2026-09-04 04:29:00-04:00,7761.5,7762.0,7761.25,7761.5,135
2026-09-04 04:30:00-04:00,7761.5,7762.0,7761.25,7762.0,131
2026-09-04 04:31:00-04:00,7762.0,7762.0,7761.25,7761.5,79
2026-09-04 04:32:00-04:00,7761.0,7761.5,7760.75,7761.0,109
2026-09-04 04:33:00-04:00,7760.75,7761.5,7760.5,7760.75,77
2026-09-04 04:34:00-04:00,7760.75,7760.75,7760.25,7760.5,55
2026-09-04 04:35:00-04:00,7760.5,7761.25,7760.5,7760.5,55
2026-09-04 04:36:00-04:00,7760.5,7760.5,7759.5,7759.5,103
2026-09-04 04:37:00-04:00,7759.75,7759.75,7759.0,7759.0,84
2026-09-04 04:38:00-04:00,7759.0,7759.75,7759.0,7759.5,103
2026-09-04 04:39:00-04:00,7759.5,7760.0,7759.5,7759.75,58
2026-09-04 04:40:00-04:00,7760.0,7760.5,7759.75,7760.5,90
2026-09-04 04:41:00-04:00,7760.5,7760.5,7760.0,7760.0,92
2026-09-04 04:42:00-04:00,7760.0,7760.75,7760.0,7760.5,57
2026-09-04 04:43:00-04:00,7760.25,7760.75,7760.25,7760.5,81
2026-09-04 04:44:00-04:00,7760.5,7761.0,7760.5,7761.0,30
2026-09-04 04:45:00-04:00,7761.0,7761.25,7760.5,7761.0,79
2026-09-04 04:46:00-04:00,7761.25,7761.25,7760.5,7760.75,45
2026-09-04 04:47:00-04:00,7760.75,7761.75,7759.75,7760.5,310
2026-09-04 04:48:00-04:00,7760.5,7760.75,7760.25,7760.75,28
2026-09-04 04:49:00-04:00,7760.75,7761.0,7760.0,7760.25,26
2026-09-04 04:50:00-04:00,7760.25,7760.5,7759.75,7760.5,66
2026-09-04 04:51:00-04:00,7760.5,7760.75,7760.5,7760.75,57
2026-09-04 04:52:00-04:00,7761.0,7761.0,7760.75,7760.75,67
2026-09-04 04:53:00-04:00,7761.0,7761.0,7760.5,7761.0,60
2026-09-04 04:54:00-04:00,7761.0,7762.0,7761.0,7761.5,96
2026-09-04 04:55:00-04:00,7761.75,7762.25,7761.5,7761.75,70
2026-09-04 04:56:00-04:00,7761.5,7763.0,7761.5,7762.5,294
2026-09-04 04:57:00-04:00,7762.5,7763.0,7762.5,7762.75,46
2026-09-04 04:58:00-04:00,7762.5,7762.75,7761.5,7761.5,51
2026-09-04 04:59:00-04:00,7761.5,7762.25,7761.25,7762.25,100
2026-09-04 05:00:00-04:00,7761.75,7762.0,7761.0,7761.25,85
2026-09-04 05:01:00-04:00,7761.5,7761.75,7760.75,7761.75,94
2026-09-04 05:02:00-04:00,7761.75,7762.5,7761.5,7762.0,58
2026-09-04 05:03:00-04:00,7762.0,7762.5,7762.0,7762.5,18
2026-09-04 05:04:00-04:00,7762.5,7762.5,7761.75,7761.75,32
2026-09-04 05:05:00-04:00,7761.5,7761.5,7761.25,7761.5,33
2026-09-04 05:06:00-04:00,7761.5,7761.5,7760.5,7760.5,108
2026-09-04 05:07:00-04:00,7760.5,7761.75,7760.25,7760.75,183
2026-09-04 05:08:00-04:00,7761.0,7761.25,7760.25,7760.5,77
2026-09-04 05:09:00-04:00,7760.5,7760.5,7760.0,7760.25,57
2026-09-04 05:10:00-04:00,7760.5,7760.75,7760.25,7760.5,58
2026-09-04 05:11:00-04:00,7760.5,7760.5,7759.25,7759.25,178
2026-09-04 05:12:00-04:00,7759.5,7760.0,7758.75,7759.25,230
2026-09-04 05:13:00-04:00,7759.25,7759.25,7757.75,7758.25,410
2026-09-04 05:14:00-04:00,7758.0,7758.5,7757.75,7758.0,139
2026-09-04 05:15:00-04:00,7758.0,7758.25,7757.75,7758.25,109
2026-09-04 05:16:00-04:00,7758.25,7758.5,7758.0,7758.25,82
2026-09-04 05:17:00-04:00,7758.25,7758.5,7758.0,7758.5,45
2026-09-04 05:18:00-04:00,7758.25,7758.5,7757.5,7758.5,131
2026-09-04 05:19:00-04:00,7758.75,7759.0,7758.25,7758.75,77
2026-09-04 05:20:00-04:00,7758.75,7758.75,7757.25,7757.5,130
2026-09-04 05:21:00-04:00,7757.25,7758.0,7755.75,7756.25,254
2026-09-04 05:22:00-04:00,7756.25,7756.5,7755.25,7756.25,173
2026-09-04 05:23:00-04:00,7756.25,7756.5,7755.75,7756.25,133
2026-09-04 05:24:00-04:00,7756.25,7756.5,7755.75,7756.0,44
2026-09-04 05:25:00-04:00,7755.75,7756.0,7755.5,7755.75,85
2026-09-04 05:26:00-04:00,7756.0,7756.25,7755.5,7756.0,63
2026-09-04 05:27:00-04:00,7756.25,7757.0,7756.0,7757.0,156
2026-09-04 05:28:00-04:00,7757.0,7757.0,7755.5,7755.75,102
2026-09-04 05:29:00-04:00,7755.75,7756.5,7755.75,7756.5,34
2026-09-04 05:30:00-04:00,7756.25,7756.5,7756.0,7756.5,43
2026-09-04 05:31:00-04:00,7756.25,7756.5,7755.75,7756.25,55
2026-09-04 05:32:00-04:00,7756.25,7757.0,7755.75,7756.75,66
2026-09-04 05:33:00-04:00,7757.0,7757.5,7756.75,7756.75,121
2026-09-04 05:34:00-04:00,7757.0,7757.25,7756.75,7756.75,64
2026-09-04 05:35:00-04:00,7756.75,7757.25,7756.75,7757.0,50
2026-09-04 05:36:00-04:00,7757.0,7757.0,7756.75,7757.0,30
2026-09-04 05:37:00-04:00,7757.25,7757.5,7757.0,7757.5,37
2026-09-04 05:38:00-04:00,7757.5,7757.5,7757.0,7757.25,64
2026-09-04 05:39:00-04:00,7757.25,7757.75,7757.25,7757.5,58
2026-09-04 05:40:00-04:00,7757.75,7759.0,7757.5,7758.5,239
2026-09-04 05:41:00-04:00,7758.5,7758.5,7757.75,7758.0,60
2026-09-04 05:42:00-04:00,7758.0,7758.0,7757.75,7758.0,77
2026-09-04 05:43:00-04:00,7758.0,7758.75,7757.75,7758.75,41
2026-09-04 05:44:00-04:00,7758.25,7758.5,7757.75,7757.75,54
2026-09-04 05:45:00-04:00,7757.75,7758.5,7757.75,7758.0,52
2026-09-04 05:46:00-04:00,7758.0,7758.75,7758.0,7758.5,33
2026-09-04 05:47:00-04:00,7758.5,7758.75,7758.0,7758.5,138
2026-09-04 05:48:00-04:00,7758.0,7758.25,7757.75,7758.25,23
2026-09-04 05:49:00-04:00,7758.5,7758.5,7758.25,7758.25,43
2026-09-04 05:50:00-04:00,7758.25,7758.5,7758.0,7758.0,27
2026-09-04 05:51:00-04:00,7758.0,7758.25,7757.5,7758.25,68
2026-09-04 05:52:00-04:00,7758.25,7758.25,7758.0,7758.25,36
2026-09-04 05:53:00-04:00,7758.25,7758.5,7758.0,7758.25,25
2026-09-04 05:54:00-04:00,7758.5,7759.0,7758.25,7758.25,63
2026-09-04 05:55:00-04:00,7758.0,7758.5,7757.5,7758.5,259
2026-09-04 05:56:00-04:00,7758.5,7759.5,7758.5,7759.25,70
2026-09-04 05:57:00-04:00,7759.25,7759.5,7758.5,7758.5,85
2026-09-04 05:58:00-04:00,7758.75,7758.75,7758.25,7758.75,93
2026-09-04 05:59:00-04:00,7758.5,7759.0,7758.25,7758.25,68
2026-09-04 06:00:00-04:00,7758.25,7759.25,7758.25,7759.0,113
2026-09-04 06:01:00-04:00,7758.75,7759.25,7758.5,7758.5,50
2026-09-04 06:02:00-04:00,7758.5,7759.0,7758.5,7758.75,37
2026-09-04 06:03:00-04:00,7758.75,7759.0,7758.5,7758.75,22
2026-09-04 06:04:00-04:00,7758.5,7759.0,7758.5,7759.0,72
2026-09-04 06:05:00-04:00,7759.0,7759.0,7758.5,7759.0,51
2026-09-04 06:06:00-04:00,7759.0,7759.25,7758.5,7758.75,103
2026-09-04 06:07:00-04:00,7758.75,7759.25,7758.5,7759.25,101
2026-09-04 06:08:00-04:00,7759.0,7759.25,7758.5,7759.0,29
2026-09-04 06:09:00-04:00,7759.0,7759.5,7758.75,7759.25,25
2026-09-04 06:10:00-04:00,7759.5,7759.75,7759.25,7759.75,84
2026-09-04 06:11:00-04:00,7759.5,7760.25,7759.5,7760.0,88
2026-09-04 06:12:00-04:00,7760.25,7760.5,7759.75,7759.75,153
2026-09-04 06:13:00-04:00,7759.75,7759.75,7758.75,7759.25,108
2026-09-04 06:14:00-04:00,7759.5,7760.0,7759.5,7760.0,58
2026-09-04 06:15:00-04:00,7759.75,7760.0,7759.75,7759.75,52
2026-09-04 06:16:00-04:00,7759.5,7760.5,7759.5,7760.0,35
2026-09-04 06:17:00-04:00,7759.75,7760.0,7759.25,7759.25,67
2026-09-04 06:18:00-04:00,7759.5,7759.5,7759.25,7759.5,70
2026-09-04 06:19:00-04:00,7759.5,7760.25,7759.5,7760.25,109
2026-09-04 06:20:00-04:00,7760.0,7760.25,7760.0,7760.25,50
2026-09-04 06:21:00-04:00,7760.0,7760.0,7759.75,7759.75,26
2026-09-04 06:22:00-04:00,7759.75,7760.0,7759.75,7759.75,20
2026-09-04 06:23:00-04:00,7759.75,7760.25,7759.75,7760.0,24
2026-09-04 06:24:00-04:00,7760.0,7760.25,7759.5,7760.25,110
2026-09-04 06:25:00-04:00,7760.25,7763.25,7760.0,7762.0,1044
2026-09-04 06:26:00-04:00,7762.0,7762.5,7760.0,7760.25,430
2026-09-04 06:27:00-04:00,7760.25,7761.25,7760.0,7761.25,78
2026-09-04 06:28:00-04:00,7761.25,7762.25,7761.0,7761.75,113
2026-09-04 06:29:00-04:00,7761.75,7761.75,7761.25,7761.25,91
2026-09-04 06:30:00-04:00,7761.25,7761.25,7760.0,7760.75,176
2026-09-04 06:31:00-04:00,7760.75,7761.25,7760.25,7760.75,144
2026-09-04 06:32:00-04:00,7761.0,7761.0,7759.75,7759.75,106
2026-09-04 06:33:00-04:00,7759.75,7760.25,7759.25,7759.5,138
2026-09-04 06:34:00-04:00,7759.5,7760.0,7759.5,7759.5,134
2026-09-04 06:35:00-04:00,7759.5,7760.0,7759.0,7759.25,343
2026-09-04 06:36:00-04:00,7759.5,7760.25,7759.5,7759.75,194
2026-09-04 06:37:00-04:00,7759.75,7760.25,7759.75,7760.0,50
2026-09-04 06:38:00-04:00,7760.0,7760.25,7759.75,7760.25,41
2026-09-04 06:39:00-04:00,7760.25,7760.75,7760.0,7760.75,81
2026-09-04 06:40:00-04:00,7760.5,7760.75,7759.75,7759.75,45
2026-09-04 06:41:00-04:00,7760.0,7760.5,7759.75,7760.5,167
2026-09-04 06:42:00-04:00,7760.5,7761.5,7760.5,7761.25,189
2026-09-04 06:43:00-04:00,7761.25,7762.0,7760.75,7761.75,148
2026-09-04 06:44:00-04:00,7761.5,7761.5,7761.25,7761.25,62
2026-09-04 06:45:00-04:00,7761.25,7762.0,7761.0,7761.5,74
2026-09-04 06:46:00-04:00,7761.75,7763.25,7761.75,7763.0,500
2026-09-04 06:47:00-04:00,7762.75,7763.75,7762.75,7763.5,208
2026-09-04 06:48:00-04:00,7763.25,7763.5,7762.5,7762.5,81
2026-09-04 06:49:00-04:00,7762.5,7763.0,7762.0,7762.0,138
2026-09-04 06:50:00-04:00,7762.5,7762.75,7762.0,7762.0,37
2026-09-04 06:51:00-04:00,7761.75,7762.25,7761.75,7761.75,85
2026-09-04 06:52:00-04:00,7762.0,7762.25,7761.75,7762.0,45
2026-09-04 06:53:00-04:00,7761.75,7762.0,7761.5,7761.5,49
2026-09-04 06:54:00-04:00,7761.75,7762.25,7761.75,7762.0,80
2026-09-04 06:55:00-04:00,7762.25,7762.25,7761.75,7761.75,38
2026-09-04 06:56:00-04:00,7761.75,7761.75,7761.5,7761.75,43
2026-09-04 06:57:00-04:00,7761.5,7762.0,7761.5,7761.5,44
2026-09-04 06:58:00-04:00,7761.25,7762.0,7761.25,7762.0,52
2026-09-04 06:59:00-04:00,7761.75,7761.75,7761.5,7761.75,69
2026-09-04 07:00:00-04:00,7761.75,7762.25,7760.0,7760.25,330
2026-09-04 07:01:00-04:00,7760.25,7760.5,7759.25,7759.25,181
2026-09-04 07:02:00-04:00,7759.5,7760.0,7759.25,7759.25,106
2026-09-04 07:03:00-04:00,7759.25,7759.25,7758.25,7758.25,193
2026-09-04 07:04:00-04:00,7758.0,7759.0,7757.5,7758.5,205
2026-09-04 07:05:00-04:00,7758.5,7759.5,7758.25,7759.5,143
2026-09-04 07:06:00-04:00,7759.5,7759.5,7758.5,7758.75,138
2026-09-04 07:07:00-04:00,7759.0,7759.25,7758.5,7759.25,19
2026-09-04 07:08:00-04:00,7759.25,7759.25,7758.5,7758.5,90
2026-09-04 07:09:00-04:00,7758.5,7758.75,7757.75,7757.75,63
2026-09-04 07:10:00-04:00,7757.75,7758.25,7757.75,7757.75,81
2026-09-04 07:11:00-04:00,7758.0,7758.25,7757.0,7757.25,184
2026-09-04 07:12:00-04:00,7757.5,7758.25,7757.5,7758.25,49
2026-09-04 07:13:00-04:00,7758.0,7758.5,7758.0,7758.5,54
2026-09-04 07:14:00-04:00,7758.25,7758.75,7758.25,7758.5,69
2026-09-04 07:15:00-04:00,7758.5,7759.0,7758.25,7758.75,170
2026-09-04 07:16:00-04:00,7758.75,7758.75,7758.25,7758.5,27
2026-09-04 07:17:00-04:00,7758.75,7758.75,7758.25,7758.5,87
2026-09-04 07:18:00-04:00,7758.75,7759.5,7758.75,7759.25,105
2026-09-04 07:19:00-04:00,7759.25,7759.25,7758.5,7758.75,75
2026-09-04 07:20:00-04:00,7758.75,7759.25,7758.5,7759.0,56
2026-09-04 07:21:00-04:00,7758.75,7758.75,7758.5,7758.75,69
2026-09-04 07:22:00-04:00,7758.75,7759.5,7758.5,7759.5,107
2026-09-04 07:23:00-04:00,7759.25,7759.5,7758.75,7759.25,66
2026-09-04 07:24:00-04:00,7759.0,7759.25,7759.0,7759.25,54
2026-09-04 07:25:00-04:00,7758.75,7759.75,7758.75,7759.5,97
2026-09-04 07:26:00-04:00,7759.5,7760.5,7759.5,7760.25,165
2026-09-04 07:27:00-04:00,7760.0,7760.5,7759.75,7760.5,109
2026-09-04 07:28:00-04:00,7760.25,7760.25,7759.75,7759.75,50
2026-09-04 07:29:00-04:00,7759.75,7760.0,7758.5,7758.5,95
2026-09-04 07:30:00-04:00,7758.75,7760.0,7758.5,7759.5,111
2026-09-04 07:31:00-04:00,7759.5,7760.5,7759.25,7760.25,166
2026-09-04 07:32:00-04:00,7760.25,7761.0,7760.25,7761.0,107
2026-09-04 07:33:00-04:00,7761.0,7761.0,7760.0,7760.0,56
2026-09-04 07:34:00-04:00,7760.0,7760.5,7759.75,7759.75,88
2026-09-04 07:35:00-04:00,7759.75,7760.25,7759.75,7760.25,32
2026-09-04 07:36:00-04:00,7760.25,7760.5,7760.0,7760.0,54
2026-09-04 07:37:00-04:00,7760.25,7760.25,7759.75,7759.75,45
2026-09-04 07:38:00-04:00,7759.5,7760.5,7759.5,7760.25,92
2026-09-04 07:39:00-04:00,7760.25,7760.5,7759.5,7759.75,82
2026-09-04 07:40:00-04:00,7759.75,7760.5,7759.5,7760.25,179
2026-09-04 07:41:00-04:00,7760.0,7761.0,7760.0,7760.75,89
2026-09-04 07:42:00-04:00,7760.75,7760.75,7759.75,7760.25,75
2026-09-04 07:43:00-04:00,7760.0,7760.5,7760.0,7760.5,25
2026-09-04 07:44:00-04:00,7760.25,7760.5,7760.25,7760.5,81
2026-09-04 07:45:00-04:00,7760.5,7761.0,7760.25,7760.5,71
2026-09-04 07:46:00-04:00,7760.5,7761.25,7760.5,7761.0,112
2026-09-04 07:47:00-04:00,7761.25,7761.75,7761.25,7761.75,227
2026-09-04 07:48:00-04:00,7761.75,7762.0,7761.0,7761.5,253
2026-09-04 07:49:00-04:00,7761.5,7761.75,7761.25,7761.5,68
2026-09-04 07:50:00-04:00,7761.5,7761.75,7761.25,7761.75,38
2026-09-04 07:51:00-04:00,7762.0,7762.25,7761.5,7762.0,110
2026-09-04 07:52:00-04:00,7762.0,7762.0,7761.0,7761.25,52
2026-09-04 07:53:00-04:00,7761.0,7762.25,7761.0,7761.75,72
2026-09-04 07:54:00-04:00,7761.75,7762.25,7761.5,7762.25,167
2026-09-04 07:55:00-04:00,7762.0,7763.0,7762.0,7762.5,141
2026-09-04 07:56:00-04:00,7762.75,7764.0,7762.5,7763.0,436
2026-09-04 07:57:00-04:00,7762.75,7762.75,7762.25,7762.5,129
2026-09-04 07:58:00-04:00,7762.5,7762.5,7761.75,7762.25,91
2026-09-04 07:59:00-04:00,7762.0,7762.5,7761.5,7762.25,95
2026-09-04 08:00:00-04:00,7762.0,7763.0,7760.25,7760.25,374
2026-09-04 08:01:00-04:00,7760.5,7760.5,7756.5,7757.0,941
2026-09-04 08:02:00-04:00,7757.0,7757.5,7755.5,7756.5,622
2026-09-04 08:03:00-04:00,7756.5,7757.0,7755.25,7756.25,591
2026-09-04 08:04:00-04:00,7756.0,7756.0,7754.5,7755.0,665
2026-09-04 08:05:00-04:00,7754.75,7755.25,7753.0,7753.0,675
2026-09-04 08:06:00-04:00,7753.0,7753.5,7751.5,7751.75,811
2026-09-04 08:07:00-04:00,7751.75,7753.5,7750.75,7753.5,1129
2026-09-04 08:08:00-04:00,7753.75,7756.75,7753.5,7756.5,776
2026-09-04 08:09:00-04:00,7756.25,7757.0,7755.0,7755.0,651
2026-09-04 08:10:00-04:00,7755.25,7756.0,7752.0,7752.5,587
2026-09-04 08:11:00-04:00,7752.75,7752.75,7751.0,7752.0,640
2026-09-04 08:12:00-04:00,7752.25,7752.5,7750.0,7750.75,696
2026-09-04 08:13:00-04:00,7750.75,7751.0,7750.0,7750.25,674
2026-09-04 08:14:00-04:00,7750.25,7751.0,7749.5,7750.25,580
2026-09-04 08:15:00-04:00,7750.25,7750.5,7749.75,7750.0,253
2026-09-04 08:16:00-04:00,7750.25,7750.5,7749.0,7749.0,638
2026-09-04 08:17:00-04:00,7749.0,7750.0,7748.25,7749.25,544
2026-09-04 08:18:00-04:00,7749.25,7750.5,7748.5,7749.0,583
2026-09-04 08:19:00-04:00,7749.0,7753.25,7749.0,7753.25,943
2026-09-04 08:20:00-04:00,7753.0,7754.25,7752.75,7753.5,789
2026-09-04 08:21:00-04:00,7753.25,7755.25,7753.25,7754.75,450
2026-09-04 08:22:00-04:00,7754.75,7754.75,7753.25,7753.75,235
2026-09-04 08:23:00-04:00,7754.0,7754.25,7753.0,7753.25,252
2026-09-04 08:24:00-04:00,7753.25,7755.75,7753.25,7755.75,368
2026-09-04 08:25:00-04:00,7755.5,7756.75,7754.5,7756.25,330
2026-09-04 08:26:00-04:00,7756.0,7757.0,7755.0,7755.75,325
2026-09-04 08:27:00-04:00,7755.5,7757.25,7755.5,7757.25,392
2026-09-04 08:28:00-04:00,7757.0,7757.75,7756.25,7757.75,394
2026-09-04 08:29:00-04:00,7757.5,7763.25,7757.0,7759.0,1037
2026-09-04 08:30:00-04:00,7759.75,7761.25,7732.75,7738.75,6845
2026-09-04 08:31:00-04:00,7738.25,7744.25,7738.0,7739.5,2135
2026-09-04 08:32:00-04:00,7739.5,7740.5,7734.25,7737.0,1685
2026-09-04 08:33:00-04:00,7737.0,7740.0,7735.25,7738.25,1411
2026-09-04 08:34:00-04:00,7738.0,7740.25,7737.0,7737.75,958
2026-09-04 08:35:00-04:00,7738.0,7740.75,7737.5,7739.75,907
2026-09-04 08:36:00-04:00,7739.5,7741.0,7737.5,7738.0,895
2026-09-04 08:37:00-04:00,7738.25,7740.5,7736.75,7740.25,686
2026-09-04 08:38:00-04:00,7739.75,7743.0,7739.0,7739.5,1450
2026-09-04 08:39:00-04:00,7739.5,7742.5,7738.0,7740.25,856
2026-09-04 08:40:00-04:00,7740.5,7743.25,7739.25,7743.0,576
2026-09-04 08:41:00-04:00,7743.0,7744.0,7741.5,7742.5,663
2026-09-04 08:42:00-04:00,7742.25,7744.25,7742.0,7742.25,461
2026-09-04 08:43:00-04:00,7742.5,7742.75,7739.0,7739.75,788
2026-09-04 08:44:00-04:00,7740.0,7742.0,7739.25,7739.5,569
2026-09-04 08:45:00-04:00,7739.5,7739.75,7737.5,7738.0,781
2026-09-04 08:46:00-04:00,7738.0,7738.0,7733.75,7734.0,1091
2026-09-04 08:47:00-04:00,7734.25,7734.25,7731.25,7732.25,1511
2026-09-04 08:48:00-04:00,7732.5,7734.25,7731.5,7733.25,787
2026-09-04 08:49:00-04:00,7733.25,7736.0,7732.5,7735.0,1274
2026-09-04 08:50:00-04:00,7734.5,7738.0,7734.25,7736.75,1229
2026-09-04 08:51:00-04:00,7736.75,7738.5,7735.5,7738.0,836
2026-09-04 08:52:00-04:00,7738.25,7739.0,7737.5,7737.75,670
2026-09-04 08:53:00-04:00,7738.0,7740.0,7736.25,7740.0,1759
2026-09-04 08:54:00-04:00,7740.0,7740.5,7736.25,7736.5,1139
2026-09-04 08:55:00-04:00,7736.75,7738.0,7735.75,7737.5,826
2026-09-04 08:56:00-04:00,7737.75,7737.75,7734.75,7736.75,959
2026-09-04 08:57:00-04:00,7737.0,7737.75,7736.0,7737.75,432
2026-09-04 08:58:00-04:00,7737.5,7739.25,7737.5,7738.75,592
2026-09-04 08:59:00-04:00,7738.5,7738.75,7737.0,7738.25,528
2026-09-04 09:00:00-04:00,7738.25,7738.5,7734.25,7735.5,1307
2026-09-04 09:01:00-04:00,7735.25,7736.75,7734.75,7735.5,607
2026-09-04 09:02:00-04:00,7735.75,7738.0,7734.75,7736.25,2659
2026-09-04 09:03:00-04:00,7736.25,7738.5,7735.75,7738.0,985
2026-09-04 09:04:00-04:00,7738.0,7738.5,7736.25,7736.25,635
2026-09-04 09:05:00-04:00,7736.25,7739.5,7735.75,7739.0,846
2026-09-04 09:06:00-04:00,7738.5,7739.0,7735.5,7737.0,784
2026-09-04 09:07:00-04:00,7737.25,7737.5,7735.25,7736.0,378
2026-09-04 09:08:00-04:00,7736.0,7737.25,7735.75,7736.75,407
2026-09-04 09:09:00-04:00,7736.75,7737.75,7736.5,7736.5,554
2026-09-04 09:10:00-04:00,7736.5,7737.0,7735.25,7735.5,494
2026-09-04 09:11:00-04:00,7735.75,7737.0,7735.5,7737.0,267
2026-09-04 09:12:00-04:00,7736.75,7737.5,7736.25,7737.5,443
2026-09-04 09:13:00-04:00,7737.5,7739.0,7737.25,7738.0,660
2026-09-04 09:14:00-04:00,7738.0,7738.75,7737.0,7738.5,630
2026-09-04 09:15:00-04:00,7738.5,7740.0,7738.25,7738.75,723
2026-09-04 09:16:00-04:00,7738.75,7741.5,7738.75,7740.75,1233
2026-09-04 09:17:00-04:00,7740.75,7740.75,7738.0,7738.25,743
2026-09-04 09:18:00-04:00,7738.0,7739.25,7738.0,7739.25,525
2026-09-04 09:19:00-04:00,7739.25,7739.75,7738.5,7739.75,303
2026-09-04 09:20:00-04:00,7739.75,7741.0,7739.25,7740.5,387
2026-09-04 09:21:00-04:00,7740.75,7741.5,7739.25,7741.5,619
2026-09-04 09:22:00-04:00,7741.5,7742.0,7740.0,7740.0,1166
2026-09-04 09:23:00-04:00,7740.5,7741.75,7740.0,7741.5,496
2026-09-04 09:24:00-04:00,7741.5,7743.25,7741.0,7743.25,1141
2026-09-04 09:25:00-04:00,7743.0,7743.25,7741.75,7742.5,1099
2026-09-04 09:26:00-04:00,7742.25,7742.25,7741.0,7741.0,768
2026-09-04 09:27:00-04:00,7741.0,7743.0,7740.5,7741.5,1184
2026-09-04 09:28:00-04:00,7741.5,7742.5,7740.5,7741.75,1232
2026-09-04 09:29:00-04:00,7741.5,7743.0,7741.0,7742.0,1550
2026-09-04 09:30:00-04:00,7742.0,7746.75,7740.75,7744.25,9357
2026-09-04 09:31:00-04:00,7744.25,7747.5,7743.0,7747.0,6356
2026-09-04 09:32:00-04:00,7747.0,7749.5,7745.0,7749.25,4386
2026-09-04 09:33:00-04:00,7749.25,7750.0,7747.5,7749.0,3962
2026-09-04 09:34:00-04:00,7748.75,7750.5,7748.5,7749.0,2621
2026-09-04 09:35:00-04:00,7749.25,7750.5,7747.75,7749.75,3535
2026-09-04 09:36:00-04:00,7749.5,7751.0,7746.0,7746.5,4541
2026-09-04 09:37:00-04:00,7746.75,7748.0,7745.5,7747.0,3234
2026-09-04 09:38:00-04:00,7747.0,7748.0,7744.75,7747.0,2696
2026-09-04 09:39:00-04:00,7747.0,7747.75,7744.75,7747.0,2200
2026-09-04 09:40:00-04:00,7747.0,7747.25,7744.0,7744.5,2797
2026-09-04 09:41:00-04:00,7744.5,7746.5,7742.25,7744.75,4459
2026-09-04 09:42:00-04:00,7744.75,7745.25,7742.75,7744.0,3424
2026-09-04 09:43:00-04:00,7744.0,7746.0,7743.5,7746.0,2187
2026-09-04 09:44:00-04:00,7746.0,7747.0,7740.0,7743.5,8478
2026-09-04 09:45:00-04:00,7743.5,7744.5,7740.25,7741.75,2875
2026-09-04 09:46:00-04:00,7741.5,7745.0,7741.0,7745.0,2663
2026-09-04 09:47:00-04:00,7744.75,7746.5,7744.25,7745.5,2392
2026-09-04 09:48:00-04:00,7745.5,7748.25,7745.5,7747.25,2958
2026-09-04 09:49:00-04:00,7747.25,7748.0,7746.0,7747.25,1753
2026-09-04 09:50:00-04:00,7747.0,7747.0,7743.5,7745.5,2839
2026-09-04 09:51:00-04:00,7745.5,7745.75,7743.5,7744.0,1678
2026-09-04 09:52:00-04:00,7744.25,7744.75,7741.5,7744.25,2633
2026-09-04 09:53:00-04:00,7744.0,7745.5,7743.25,7745.0,1960
2026-09-04 09:54:00-04:00,7745.0,7746.75,7744.75,7745.5,2128
2026-09-04 09:55:00-04:00,7745.75,7747.0,7744.5,7747.0,1854
2026-09-04 09:56:00-04:00,7747.0,7747.75,7745.5,7745.75,2067
2026-09-04 09:57:00-04:00,7745.5,7746.75,7745.0,7745.75,2063
2026-09-04 09:58:00-04:00,7746.0,7747.0,7745.5,7745.75,1444
2026-09-04 09:59:00-04:00,7745.75,7745.75,7743.0,7745.0,2622
2026-09-04 10:00:00-04:00,7745.0,7745.5,7743.25,7745.5,2971
2026-09-04 10:01:00-04:00,7745.5,7745.5,7741.75,7742.25,3188
2026-09-04 10:02:00-04:00,7742.25,7743.25,7739.25,7741.5,4222
2026-09-04 10:03:00-04:00,7741.5,7743.5,7740.5,7742.25,2430
2026-09-04 10:04:00-04:00,7742.25,7743.25,7741.25,7741.75,1583
2026-09-04 10:05:00-04:00,7741.75,7743.5,7741.0,7742.75,1521
2026-09-04 10:06:00-04:00,7742.5,7743.25,7740.75,7743.0,1309
2026-09-04 10:07:00-04:00,7743.25,7743.25,7739.75,7740.5,1922
2026-09-04 10:08:00-04:00,7740.25,7740.75,7738.25,7739.75,3385
2026-09-04 10:09:00-04:00,7739.5,7740.25,7737.0,7737.25,3958
2026-09-04 10:10:00-04:00,7737.25,7738.25,7734.5,7734.75,4569
2026-09-04 10:11:00-04:00,7734.5,7735.75,7733.5,7733.75,3146
2026-09-04 10:12:00-04:00,7734.0,7734.0,7730.25,7732.0,5490
2026-09-04 10:13:00-04:00,7731.75,7734.5,7730.75,7734.5,3691
2026-09-04 10:14:00-04:00,7734.5,7738.75,7734.25,7738.25,4635
2026-09-04 10:15:00-04:00,7738.25,7739.0,7734.75,7735.5,4236
2026-09-04 10:16:00-04:00,7735.5,7736.5,7734.5,7734.75,2426
2026-09-04 10:17:00-04:00,7735.0,7736.25,7733.75,7733.75,2018
2026-09-04 10:18:00-04:00,7733.75,7735.0,7733.0,7734.0,2397
2026-09-04 10:19:00-04:00,7734.25,7734.25,7731.5,7731.5,1967
2026-09-04 10:20:00-04:00,7731.75,7733.25,7730.5,7731.25,3412
2026-09-04 10:21:00-04:00,7731.25,7734.0,7730.5,7734.0,3574
2026-09-04 10:22:00-04:00,7734.0,7734.25,7732.25,7733.5,2187
2026-09-04 10:23:00-04:00,7733.75,7734.5,7733.0,7733.75,1654
2026-09-04 10:24:00-04:00,7733.75,7734.0,7731.5,7733.0,1747
2026-09-04 10:25:00-04:00,7733.0,7734.25,7732.25,7732.5,1594
2026-09-04 10:26:00-04:00,7732.75,7732.75,7729.5,7730.75,3688
2026-09-04 10:27:00-04:00,7730.5,7731.75,7730.25,7730.75,1543
2026-09-04 10:28:00-04:00,7730.75,7733.75,7729.75,7733.5,2815
2026-09-04 10:29:00-04:00,7733.75,7735.0,7733.25,7734.0,3321
2026-09-04 10:30:00-04:00,7734.25,7735.25,7730.75,7730.75,3627
2026-09-04 10:31:00-04:00,7730.5,7731.5,7729.5,7730.5,3074
2026-09-04 10:32:00-04:00,7730.5,7732.5,7729.5,7732.0,2313
2026-09-04 10:33:00-04:00,7732.0,7733.5,7730.75,7731.25,1470
2026-09-04 10:34:00-04:00,7731.5,7731.75,7729.5,7730.0,1395
2026-09-04 10:35:00-04:00,7730.25,7732.25,7730.0,7732.0,2008
2026-09-04 10:36:00-04:00,7731.75,7732.25,7730.5,7731.25,1306
2026-09-04 10:37:00-04:00,7731.25,7733.0,7729.5,7732.25,2093
2026-09-04 10:38:00-04:00,7732.5,7733.75,7731.25,7732.25,1979
2026-09-04 10:39:00-04:00,7732.25,7733.5,7731.25,7733.5,1017
2026-09-04 10:40:00-04:00,7733.25,7733.25,7730.5,7730.75,1658
2026-09-04 10:41:00-04:00,7730.75,7732.0,7730.5,7731.25,1270
2026-09-04 10:42:00-04:00,7731.25,7731.5,7726.5,7727.0,7005
2026-09-04 10:43:00-04:00,7727.0,7727.5,7724.0,7725.25,4458
2026-09-04 10:44:00-04:00,7725.25,7726.25,7724.5,7725.0,2696
2026-09-04 10:45:00-04:00,7725.0,7727.0,7724.75,7725.75,3161
2026-09-04 10:46:00-04:00,7725.75,7726.0,7724.0,7725.5,2454
2026-09-04 10:47:00-04:00,7725.25,7725.5,7722.25,7723.75,3428
2026-09-04 10:48:00-04:00,7723.75,7724.0,7721.75,7723.25,2617
2026-09-04 10:49:00-04:00,7723.0,7723.5,7719.25,7719.75,3978
2026-09-04 10:50:00-04:00,7719.75,7721.75,7719.25,7721.5,3353
2026-09-04 10:51:00-04:00,7721.5,7723.5,7721.0,7721.25,3280
2026-09-04 10:52:00-04:00,7721.25,7722.5,7720.25,7722.0,2363
2026-09-04 10:53:00-04:00,7722.25,7723.0,7719.75,7719.75,2346
2026-09-04 10:54:00-04:00,7720.0,7720.5,7717.0,7717.75,3405
2026-09-04 10:55:00-04:00,7717.75,7719.75,7716.75,7719.0,2948
2026-09-04 10:56:00-04:00,7718.75,7719.25,7715.0,7715.0,3294
2026-09-04 10:57:00-04:00,7715.0,7718.25,7714.75,7717.75,2619
2026-09-04 10:58:00-04:00,7717.75,7719.0,7717.25,7718.75,2310
2026-09-04 10:59:00-04:00,7718.75,7718.75,7715.0,7716.25,2712
2026-09-04 11:00:00-04:00,7716.5,7718.25,7715.25,7717.0,3403
2026-09-04 11:01:00-04:00,7717.0,7717.25,7715.75,7716.0,2049
2026-09-04 11:02:00-04:00,7716.0,7716.5,7712.25,7714.75,4680
2026-09-04 11:03:00-04:00,7714.75,7716.0,7713.75,7715.25,2179
2026-09-04 11:04:00-04:00,7715.0,7717.25,7714.25,7717.0,2580
2026-09-04 11:05:00-04:00,7716.75,7717.25,7715.25,7716.5,2821
2026-09-04 11:06:00-04:00,7716.25,7718.0,7715.75,7716.75,2511
2026-09-04 11:07:00-04:00,7716.75,7719.0,7716.5,7718.5,3041
2026-09-04 11:08:00-04:00,7718.75,7719.5,7717.25,7718.0,2710
2026-09-04 11:09:00-04:00,7718.0,7719.25,7717.0,7718.75,2116
2026-09-04 11:10:00-04:00,7718.75,7719.0,7716.0,7717.5,2097
2026-09-04 11:11:00-04:00,7717.75,7719.25,7717.0,7717.75,2241
2026-09-04 11:12:00-04:00,7717.5,7720.0,7717.0,7720.0,2189
2026-09-04 11:13:00-04:00,7720.0,7721.25,7718.5,7720.5,3420
2026-09-04 11:14:00-04:00,7720.25,7721.5,7719.25,7721.25,2752
2026-09-04 11:15:00-04:00,7721.25,7721.75,7720.5,7720.5,2116
2026-09-04 11:16:00-04:00,7720.75,7722.0,7720.0,7720.0,2113
2026-09-04 11:17:00-04:00,7720.25,7720.25,7717.25,7718.0,3275
2026-09-04 11:18:00-04:00,7718.0,7718.0,7714.5,7715.25,4222
2026-09-04 11:19:00-04:00,7715.5,7716.75,7715.0,7715.5,1868
2026-09-04 11:20:00-04:00,7715.5,7716.0,7714.0,7715.25,2157
2026-09-04 11:21:00-04:00,7715.0,7716.5,7713.0,7714.0,2503
2026-09-04 11:22:00-04:00,7713.75,7716.25,7713.75,7716.0,1738
2026-09-04 11:23:00-04:00,7716.25,7716.5,7714.5,7714.75,1744
2026-09-04 11:24:00-04:00,7714.5,7715.75,7714.25,7714.75,1361
2026-09-04 11:25:00-04:00,7714.75,7716.0,7713.25,7715.0,2226
2026-09-04 11:26:00-04:00,7715.0,7715.25,7713.75,7713.75,1072
2026-09-04 11:27:00-04:00,7713.75,7716.0,7713.25,7715.5,2176
2026-09-04 11:28:00-04:00,7715.5,7717.0,7714.75,7716.5,1578
2026-09-04 11:29:00-04:00,7716.5,7717.0,7715.25,7716.5,1574
2026-09-04 11:30:00-04:00,7716.75,7716.75,7710.25,7712.5,4829
2026-09-04 11:31:00-04:00,7712.25,7713.75,7711.75,7712.75,2351
2026-09-04 11:32:00-04:00,7712.75,7713.75,7712.25,7712.5,1551
2026-09-04 11:33:00-04:00,7712.75,7715.25,7712.0,7715.25,2274
2026-09-04 11:34:00-04:00,7715.25,7715.75,7712.75,7714.25,1203
2026-09-04 11:35:00-04:00,7714.25,7716.75,7714.0,7715.5,2420
2026-09-04 11:36:00-04:00,7715.5,7716.25,7714.5,7715.0,1012
2026-09-04 11:37:00-04:00,7715.25,7715.75,7714.5,7715.0,811
2026-09-04 11:38:00-04:00,7715.0,7717.0,7715.0,7717.0,1562
2026-09-04 11:39:00-04:00,7716.75,7717.5,7716.0,7717.25,1450
2026-09-04 11:40:00-04:00,7717.25,7718.5,7716.75,7718.5,1870
2026-09-04 11:41:00-04:00,7718.5,7720.5,7718.0,7720.5,3131
2026-09-04 11:42:00-04:00,7720.25,7722.0,7720.0,7721.5,2283
2026-09-04 11:43:00-04:00,7721.75,7722.25,7721.25,7722.0,1622
2026-09-04 11:44:00-04:00,7722.0,7722.5,7721.25,7721.75,1414
2026-09-04 11:45:00-04:00,7721.75,7722.5,7719.75,7722.5,1991
2026-09-04 11:46:00-04:00,7722.25,7722.75,7720.25,7720.75,1854
2026-09-04 11:47:00-04:00,7720.75,7720.75,7718.0,7719.5,2857
2026-09-04 11:48:00-04:00,7719.5,7720.25,7718.25,7720.0,1376
2026-09-04 11:49:00-04:00,7720.0,7720.25,7718.75,7720.0,1105
2026-09-04 11:50:00-04:00,7720.0,7721.75,7718.75,7718.75,2048
2026-09-04 11:51:00-04:00,7719.0,7720.75,7718.75,7719.75,985
2026-09-04 11:52:00-04:00,7719.75,7721.25,7719.25,7720.0,1113
2026-09-04 11:53:00-04:00,7720.25,7721.25,7719.5,7720.75,1042
2026-09-04 11:54:00-04:00,7720.75,7721.75,7720.25,7721.0,726
2026-09-04 11:55:00-04:00,7721.0,7722.25,7720.75,7721.5,1054
2026-09-04 11:56:00-04:00,7721.5,7722.0,7719.75,7720.0,1034
2026-09-04 11:57:00-04:00,7720.0,7721.75,7718.25,7721.25,1355
2026-09-04 11:58:00-04:00,7721.25,7721.5,7720.5,7721.25,510
2026-09-04 11:59:00-04:00,7721.25,7722.25,7721.25,7721.5,976
2026-09-04 12:00:00-04:00,7721.25,7722.5,7720.5,7722.25,1132
2026-09-04 12:01:00-04:00,7722.5,7722.5,7721.0,7721.5,1046
2026-09-04 12:02:00-04:00,7721.5,7722.25,7720.75,7722.25,599
2026-09-04 12:03:00-04:00,7722.25,7722.5,7720.25,7720.5,907
2026-09-04 12:04:00-04:00,7720.75,7723.25,7720.5,7723.0,2003
2026-09-04 12:05:00-04:00,7723.0,7724.0,7722.75,7723.25,1942
2026-09-04 12:06:00-04:00,7723.25,7723.75,7721.0,7722.5,2466
2026-09-04 12:07:00-04:00,7722.5,7724.75,7722.25,7724.5,1153
2026-09-04 12:08:00-04:00,7724.5,7726.25,7724.25,7726.0,2606
2026-09-04 12:09:00-04:00,7726.0,7726.25,7725.0,7725.5,1478
2026-09-04 12:10:00-04:00,7725.75,7726.75,7724.75,7726.0,1583
2026-09-04 12:11:00-04:00,7726.5,7727.25,7726.0,7727.0,1194
2026-09-04 12:12:00-04:00,7727.0,7727.5,7726.0,7727.0,1133
2026-09-04 12:13:00-04:00,7727.25,7728.25,7727.25,7728.0,2502
2026-09-04 12:14:00-04:00,7728.0,7729.5,7727.75,7729.25,2073
2026-09-04 12:15:00-04:00,7729.25,7729.5,7728.0,7728.0,1978
2026-09-04 12:16:00-04:00,7728.0,7728.75,7727.75,7727.75,1177
2026-09-04 12:17:00-04:00,7727.75,7729.75,7727.5,7729.25,1669
2026-09-04 12:18:00-04:00,7729.25,7730.5,7728.75,7729.5,1678
2026-09-04 12:19:00-04:00,7729.75,7730.75,7729.5,7730.5,1391
2026-09-04 12:20:00-04:00,7730.25,7732.25,7730.25,7731.75,2191
2026-09-04 12:21:00-04:00,7731.75,7733.75,7731.5,7732.25,2919
2026-09-04 12:22:00-04:00,7732.5,7732.5,7731.25,7732.0,1274
2026-09-04 12:23:00-04:00,7731.75,7732.0,7730.75,7731.25,1356
2026-09-04 12:24:00-04:00,7731.0,7731.25,7729.5,7730.5,1959
2026-09-04 12:25:00-04:00,7730.75,7731.0,7729.25,7729.5,1753
2026-09-04 12:26:00-04:00,7729.5,7730.0,7728.5,7728.75,1353
2026-09-04 12:27:00-04:00,7728.75,7730.0,7728.5,7730.0,1087
2026-09-04 12:28:00-04:00,7730.0,7730.0,7728.75,7729.5,1018
2026-09-04 12:29:00-04:00,7729.5,7729.75,7727.75,7728.25,2329
2026-09-04 12:30:00-04:00,7728.25,7728.75,7727.25,7728.0,1569
2026-09-04 12:31:00-04:00,7728.0,7729.25,7727.5,7728.75,1533
2026-09-04 12:32:00-04:00,7728.5,7730.5,7728.25,7730.5,1440
2026-09-04 12:33:00-04:00,7730.5,7730.5,7729.5,7729.75,902
2026-09-04 12:34:00-04:00,7729.75,7731.25,7729.75,7731.0,1056
2026-09-04 12:35:00-04:00,7731.0,7731.5,7730.0,7730.5,874
2026-09-04 12:36:00-04:00,7730.75,7730.75,7729.0,7729.25,1122
2026-09-04 12:37:00-04:00,7729.25,7729.75,7728.75,7729.5,729
2026-09-04 12:38:00-04:00,7729.5,7730.25,7729.0,7729.0,758
2026-09-04 12:39:00-04:00,7729.0,7730.0,7729.0,7729.5,718
2026-09-04 12:40:00-04:00,7729.5,7730.5,7729.25,7730.25,724
2026-09-04 12:41:00-04:00,7730.25,7730.25,7728.75,7729.5,988
2026-09-04 12:42:00-04:00,7729.75,7730.0,7729.0,7730.0,841
2026-09-04 12:43:00-04:00,7730.25,7730.5,7729.5,7730.5,1025
2026-09-04 12:44:00-04:00,7730.5,7731.75,7730.5,7731.25,1322
2026-09-04 12:45:00-04:00,7731.25,7731.75,7730.75,7731.25,773
2026-09-04 12:46:00-04:00,7731.5,7731.5,7731.0,7731.5,684
2026-09-04 12:47:00-04:00,7731.5,7733.75,7731.5,7733.75,1815
2026-09-04 12:48:00-04:00,7733.5,7733.75,7732.25,7733.0,1694
2026-09-04 12:49:00-04:00,7733.0,7734.25,7733.0,7733.75,2211
2026-09-04 12:50:00-04:00,7734.0,7734.5,7733.5,7734.25,1677
2026-09-04 12:51:00-04:00,7734.5,7734.5,7733.75,7734.5,809
2026-09-04 12:52:00-04:00,7734.5,7735.25,7734.0,7734.5,1668
2026-09-04 12:53:00-04:00,7734.5,7735.0,7733.0,7733.0,1184
2026-09-04 12:54:00-04:00,7733.25,7733.5,7732.5,7732.75,2188
2026-09-04 12:55:00-04:00,7732.75,7733.5,7732.25,7733.25,1037
2026-09-04 12:56:00-04:00,7733.0,7733.5,7731.25,7731.75,1401
2026-09-04 12:57:00-04:00,7731.75,7733.25,7731.5,7732.5,2133
2026-09-04 12:58:00-04:00,7732.25,7732.75,7731.5,7732.25,704
2026-09-04 12:59:00-04:00,7732.5,7732.5,7730.5,7730.5,1337
2026-09-04 13:00:00-04:00,7730.5,7731.75,7729.25,7730.25,2679
2026-09-04 13:01:00-04:00,7730.0,7730.25,7729.0,7729.75,1229
2026-09-04 13:02:00-04:00,7729.5,7729.5,7727.0,7727.5,2398
2026-09-04 13:03:00-04:00,7727.75,7727.75,7726.25,7726.25,1813
2026-09-04 13:04:00-04:00,7726.25,7727.0,7725.5,7726.5,1735
2026-09-04 13:05:00-04:00,7726.25,7728.0,7726.0,7727.25,2955
2026-09-04 13:06:00-04:00,7727.25,7727.5,7726.75,7726.75,1018
2026-09-04 13:07:00-04:00,7726.75,7728.0,7726.25,7727.25,1002
2026-09-04 13:08:00-04:00,7727.5,7728.5,7725.5,7725.5,1476
2026-09-04 13:09:00-04:00,7725.5,7726.5,7725.25,7725.25,1136
2026-09-04 13:10:00-04:00,7725.25,7726.75,7725.25,7726.0,927
2026-09-04 13:11:00-04:00,7726.0,7726.75,7725.5,7725.5,870
2026-09-04 13:12:00-04:00,7725.25,7726.25,7724.75,7726.25,1238
2026-09-04 13:13:00-04:00,7726.25,7726.5,7725.25,7726.0,755
2026-09-04 13:14:00-04:00,7726.0,7726.5,7725.0,7725.25,746
2026-09-04 13:15:00-04:00,7725.25,7726.0,7724.5,7725.25,1094
2026-09-04 13:16:00-04:00,7725.5,7726.0,7724.5,7725.0,1383
2026-09-04 13:17:00-04:00,7725.25,7726.75,7725.0,7726.25,1242
2026-09-04 13:18:00-04:00,7726.25,7726.5,7725.5,7726.0,549
2026-09-04 13:19:00-04:00,7726.0,7726.25,7724.0,7724.5,1584
2026-09-04 13:20:00-04:00,7724.75,7725.75,7724.75,7725.5,783
2026-09-04 13:21:00-04:00,7725.5,7725.5,7723.25,7723.25,1096
2026-09-04 13:22:00-04:00,7723.25,7724.5,7723.25,7724.25,739
2026-09-04 13:23:00-04:00,7724.25,7724.5,7723.25,7723.75,800
2026-09-04 13:24:00-04:00,7723.75,7723.75,7722.5,7722.75,1318
2026-09-04 13:25:00-04:00,7722.75,7723.5,7722.0,7723.25,1399
2026-09-04 13:26:00-04:00,7723.5,7724.25,7722.75,7722.75,1258
2026-09-04 13:27:00-04:00,7722.5,7723.25,7722.25,7722.75,1051
2026-09-04 13:28:00-04:00,7723.0,7723.5,7722.0,7722.0,1382
2026-09-04 13:29:00-04:00,7722.0,7722.0,7719.75,7720.25,2400
2026-09-04 13:30:00-04:00,7720.5,7720.5,7717.25,7718.0,3337
2026-09-04 13:31:00-04:00,7718.0,7718.5,7717.25,7718.25,2474
2026-09-04 13:32:00-04:00,7718.5,7718.5,7716.5,7717.5,1355
2026-09-04 13:33:00-04:00,7717.5,7719.25,7717.0,7717.0,1787
2026-09-04 13:34:00-04:00,7717.0,7718.25,7716.5,7718.25,1446
2026-09-04 13:35:00-04:00,7718.25,7719.25,7717.0,7718.5,1596
2026-09-04 13:36:00-04:00,7718.5,7718.75,7717.0,7717.25,840
2026-09-04 13:37:00-04:00,7717.25,7718.25,7717.25,7717.75,519
2026-09-04 13:38:00-04:00,7717.75,7719.5,7717.5,7718.25,966
2026-09-04 13:39:00-04:00,7718.5,7719.0,7717.5,7718.75,889
2026-09-04 13:40:00-04:00,7718.75,7718.75,7716.0,7717.75,1499
2026-09-04 13:41:00-04:00,7717.75,7718.0,7716.0,7716.25,1041
2026-09-04 13:42:00-04:00,7716.0,7716.5,7714.75,7715.0,1444
2026-09-04 13:43:00-04:00,7715.0,7716.5,7714.75,7716.25,1096
2026-09-04 13:44:00-04:00,7716.25,7716.75,7714.5,7714.75,1032
2026-09-04 13:45:00-04:00,7715.0,7715.5,7712.75,7713.25,2092
2026-09-04 13:46:00-04:00,7713.5,7715.25,7712.75,7715.25,1873
2026-09-04 13:47:00-04:00,7715.25,7717.0,7714.5,7715.75,2227
2026-09-04 13:48:00-04:00,7715.75,7716.5,7714.5,7715.75,862
2026-09-04 13:49:00-04:00,7715.5,7716.25,7715.0,7715.5,587
2026-09-04 13:50:00-04:00,7715.5,7716.5,7715.25,7715.75,1102
2026-09-04 13:51:00-04:00,7715.5,7715.75,7714.25,7715.25,862
2026-09-04 13:52:00-04:00,7715.25,7716.75,7715.0,7716.5,1021
2026-09-04 13:53:00-04:00,7716.5,7716.75,7715.25,7716.0,1010
2026-09-04 13:54:00-04:00,7716.0,7716.25,7714.75,7715.25,759
2026-09-04 13:55:00-04:00,7715.5,7715.75,7714.5,7715.5,825
2026-09-04 13:56:00-04:00,7715.5,7716.25,7714.5,7715.0,885
2026-09-04 13:57:00-04:00,7715.25,7715.5,7714.5,7715.0,521
2026-09-04 13:58:00-04:00,7715.25,7717.0,7715.0,7716.5,865
2026-09-04 13:59:00-04:00,7716.5,7717.0,7715.75,7716.0,788
2026-09-04 14:00:00-04:00,7716.0,7718.0,7716.0,7717.5,2317
2026-09-04 14:01:00-04:00,7717.5,7717.5,7713.75,7714.25,2152
2026-09-04 14:02:00-04:00,7714.25,7715.0,7714.0,7714.75,851
2026-09-04 14:03:00-04:00,7714.75,7715.5,7714.25,7714.75,893
2026-09-04 14:04:00-04:00,7715.0,7715.0,7714.0,7715.0,627
2026-09-04 14:05:00-04:00,7715.0,7715.5,7714.0,7714.75,960
2026-09-04 14:06:00-04:00,7714.75,7716.0,7713.5,7715.0,1113
2026-09-04 14:07:00-04:00,7715.0,7715.75,7714.75,7715.25,530
2026-09-04 14:08:00-04:00,7715.25,7716.75,7715.25,7716.5,1244
2026-09-04 14:09:00-04:00,7716.25,7717.75,7715.75,7717.75,1172
2026-09-04 14:10:00-04:00,7717.5,7718.5,7717.0,7718.25,1544
2026-09-04 14:11:00-04:00,7718.25,7719.0,7717.75,7718.0,1523
2026-09-04 14:12:00-04:00,7717.75,7719.0,7717.5,7718.5,1008
2026-09-04 14:13:00-04:00,7718.5,7719.0,7718.0,7718.25,701
2026-09-04 14:14:00-04:00,7718.5,7718.75,7717.5,7718.25,804
2026-09-04 14:15:00-04:00,7718.25,7719.25,7717.5,7717.75,1452
2026-09-04 14:16:00-04:00,7717.75,7718.75,7717.75,7718.5,621
2026-09-04 14:17:00-04:00,7718.5,7719.0,7718.0,7718.75,724
2026-09-04 14:18:00-04:00,7718.75,7720.0,7718.75,7719.5,1468
2026-09-04 14:19:00-04:00,7719.75,7720.0,7719.0,7719.5,660
2026-09-04 14:20:00-04:00,7719.5,7720.75,7719.0,7720.5,1299
2026-09-04 14:21:00-04:00,7720.5,7721.5,7720.0,7721.25,1168
2026-09-04 14:22:00-04:00,7721.25,7721.5,7721.0,7721.5,881
2026-09-04 14:23:00-04:00,7721.25,7721.5,7720.0,7720.25,932
2026-09-04 14:24:00-04:00,7720.5,7721.25,7720.25,7720.5,665
2026-09-04 14:25:00-04:00,7720.5,7721.5,7720.25,7720.75,1311
2026-09-04 14:26:00-04:00,7720.75,7721.0,7719.75,7720.0,1238
2026-09-04 14:27:00-04:00,7720.25,7721.25,7719.25,7721.25,1431
2026-09-04 14:28:00-04:00,7721.0,7721.25,7719.75,7719.75,897
2026-09-04 14:29:00-04:00,7720.0,7720.75,7719.25,7720.5,585
2026-09-04 14:30:00-04:00,7720.75,7721.75,7720.5,7721.0,1067
2026-09-04 14:31:00-04:00,7721.25,7721.5,7720.25,7720.75,907
2026-09-04 14:32:00-04:00,7720.75,7721.0,7720.0,7721.0,613
2026-09-04 14:33:00-04:00,7721.0,7722.0,7721.0,7721.75,699
2026-09-04 14:34:00-04:00,7722.0,7722.25,7721.5,7722.0,915
2026-09-04 14:35:00-04:00,7722.0,7722.25,7720.75,7721.0,919
2026-09-04 14:36:00-04:00,7721.0,7721.25,7719.75,7720.5,1263
2026-09-04 14:37:00-04:00,7720.25,7720.75,7719.5,7720.0,1081
2026-09-04 14:38:00-04:00,7719.75,7720.75,7719.5,7720.75,784
2026-09-04 14:39:00-04:00,7720.5,7720.75,7720.0,7720.5,419
2026-09-04 14:40:00-04:00,7720.5,7721.75,7720.0,7720.75,1418
2026-09-04 14:41:00-04:00,7721.0,7721.75,7719.5,7721.25,2305
2026-09-04 14:42:00-04:00,7721.5,7722.25,7721.25,7721.5,744
2026-09-04 14:43:00-04:00,7721.25,7722.75,7721.25,7722.75,893
2026-09-04 14:44:00-04:00,7722.5,7723.75,7722.5,7723.5,1614
2026-09-04 14:45:00-04:00,7723.25,7723.5,7722.5,7723.0,1623
2026-09-04 14:46:00-04:00,7723.0,7724.0,7723.0,7723.25,1065
2026-09-04 14:47:00-04:00,7723.25,7724.25,7723.25,7724.0,1211
2026-09-04 14:48:00-04:00,7724.0,7724.25,7723.5,7723.75,640
2026-09-04 14:49:00-04:00,7723.75,7724.5,7723.5,7724.0,506
2026-09-04 14:50:00-04:00,7724.25,7724.25,7723.5,7723.75,619
2026-09-04 14:51:00-04:00,7723.5,7724.0,7723.25,7724.0,609
2026-09-04 14:52:00-04:00,7723.75,7725.0,7723.75,7724.75,999
2026-09-04 14:53:00-04:00,7724.75,7725.0,7724.0,7724.0,865
2026-09-04 14:54:00-04:00,7723.75,7724.75,7723.75,7724.25,605
2026-09-04 14:55:00-04:00,7724.25,7724.75,7723.25,7724.25,920
2026-09-04 14:56:00-04:00,7724.25,7724.75,7724.0,7724.75,584
2026-09-04 14:57:00-04:00,7724.5,7725.5,7724.25,7725.5,557
2026-09-04 14:58:00-04:00,7725.25,7725.5,7724.0,7724.25,974
2026-09-04 14:59:00-04:00,7724.5,7725.0,7724.25,7724.5,796
2026-09-04 15:00:00-04:00,7724.5,7725.75,7722.5,7723.75,2536
2026-09-04 15:01:00-04:00,7723.75,7724.25,7722.75,7723.75,1463
2026-09-04 15:02:00-04:00,7723.75,7724.0,7721.25,7721.75,2306
2026-09-04 15:03:00-04:00,7721.75,7722.0,7719.5,7719.75,2517
2026-09-04 15:04:00-04:00,7720.0,7720.0,7718.25,7718.75,1901
2026-09-04 15:05:00-04:00,7719.0,7719.75,7718.5,7719.75,1179
2026-09-04 15:06:00-04:00,7719.5,7719.75,7718.25,7718.25,1011
2026-09-04 15:07:00-04:00,7718.25,7720.0,7718.25,7718.25,1164
2026-09-04 15:08:00-04:00,7718.25,7718.75,7717.75,7718.75,933
2026-09-04 15:09:00-04:00,7718.75,7718.75,7717.75,7718.75,777
2026-09-04 15:10:00-04:00,7718.75,7719.75,7718.0,7719.25,1053
2026-09-04 15:11:00-04:00,7719.25,7719.5,7718.75,7719.25,457
2026-09-04 15:12:00-04:00,7719.0,7720.0,7718.75,7718.75,925
2026-09-04 15:13:00-04:00,7718.75,7719.0,7718.0,7718.25,720
2026-09-04 15:14:00-04:00,7718.0,7718.75,7717.5,7717.75,1268
2026-09-04 15:15:00-04:00,7717.75,7718.25,7717.5,7718.25,993
2026-09-04 15:16:00-04:00,7718.25,7718.25,7717.5,7717.75,979
2026-09-04 15:17:00-04:00,7718.0,7719.5,7717.5,7718.25,1210
2026-09-04 15:18:00-04:00,7718.25,7719.0,7718.25,7718.5,371
2026-09-04 15:19:00-04:00,7718.25,7718.5,7717.75,7718.25,342
2026-09-04 15:20:00-04:00,7718.25,7719.75,7718.0,7719.5,1072
2026-09-04 15:21:00-04:00,7719.5,7720.0,7718.75,7719.0,1505
2026-09-04 15:22:00-04:00,7718.75,7719.5,7718.0,7718.5,1200
2026-09-04 15:23:00-04:00,7718.25,7718.75,7717.75,7718.25,881
2026-09-04 15:24:00-04:00,7718.5,7719.75,7718.25,7719.25,867
2026-09-04 15:25:00-04:00,7719.25,7720.5,7719.25,7720.25,1285
2026-09-04 15:26:00-04:00,7720.25,7720.75,7719.75,7720.25,1197
2026-09-04 15:27:00-04:00,7720.25,7722.0,7720.25,7721.5,1484
2026-09-04 15:28:00-04:00,7721.5,7722.5,7721.0,7722.25,1234
2026-09-04 15:29:00-04:00,7722.25,7722.25,7721.0,7721.75,746
2026-09-04 15:30:00-04:00,7721.75,7722.0,7720.25,7721.5,1766
2026-09-04 15:31:00-04:00,7721.5,7721.5,7720.75,7721.25,687
2026-09-04 15:32:00-04:00,7721.25,7721.5,7720.5,7720.5,853
2026-09-04 15:33:00-04:00,7720.75,7722.5,7720.75,7722.5,987
2026-09-04 15:34:00-04:00,7722.5,7722.5,7721.25,7721.75,813
2026-09-04 15:35:00-04:00,7721.5,7721.5,7720.5,7721.25,801
2026-09-04 15:36:00-04:00,7721.25,7721.75,7720.25,7720.75,861
2026-09-04 15:37:00-04:00,7720.75,7720.75,7719.25,7719.25,1399
2026-09-04 15:38:00-04:00,7719.25,7719.25,7718.0,7719.0,1790
2026-09-04 15:39:00-04:00,7719.0,7719.5,7718.75,7719.5,712
2026-09-04 15:40:00-04:00,7719.25,7720.0,7718.5,7719.75,1332
2026-09-04 15:41:00-04:00,7719.75,7721.25,7719.5,7720.75,1368
2026-09-04 15:42:00-04:00,7720.75,7721.25,7719.75,7719.75,941
2026-09-04 15:43:00-04:00,7719.75,7721.0,7719.75,7720.5,903
2026-09-04 15:44:00-04:00,7720.5,7721.0,7720.25,7720.75,704
2026-09-04 15:45:00-04:00,7720.75,7722.0,7720.75,7721.25,1917
2026-09-04 15:46:00-04:00,7721.25,7722.5,7721.0,7722.0,1039
2026-09-04 15:47:00-04:00,7722.0,7723.5,7721.75,7723.25,1375
2026-09-04 15:48:00-04:00,7723.5,7723.75,7722.5,7723.25,1630
2026-09-04 15:49:00-04:00,7723.25,7724.0,7722.75,7723.0,1161
2026-09-04 15:50:00-04:00,7723.25,7726.0,7722.5,7725.0,4333
2026-09-04 15:51:00-04:00,7724.75,7725.75,7724.5,7725.25,1642
2026-09-04 15:52:00-04:00,7725.25,7725.75,7724.5,7725.0,1686
2026-09-04 15:53:00-04:00,7724.75,7724.75,7722.75,7724.0,2516
2026-09-04 15:54:00-04:00,7724.0,7726.0,7724.0,7725.5,3646
2026-09-04 15:55:00-04:00,7725.75,7726.5,7722.5,7724.25,4991
2026-09-04 15:56:00-04:00,7724.25,7724.75,7723.25,7724.5,2706
2026-09-04 15:57:00-04:00,7724.5,7725.5,7724.25,7724.75,4281
2026-09-04 15:58:00-04:00,7724.5,7725.5,7721.75,7722.0,7384
2026-09-04 15:59:00-04:00,7721.75,7724.0,7719.0,7723.5,19805
2026-09-04 16:00:00-04:00,7723.75,7724.0,7720.5,7722.0,3969
2026-09-04 16:01:00-04:00,7722.0,7722.0,7719.25,7722.0,1629
2026-09-04 16:02:00-04:00,7722.0,7722.5,7720.25,7720.25,788
2026-09-04 16:03:00-04:00,7720.5,7721.0,7719.75,7720.5,679
2026-09-04 16:04:00-04:00,7720.5,7720.5,7718.75,7719.0,1025
2026-09-04 16:05:00-04:00,7719.0,7719.25,7717.5,7717.75,1028
2026-09-04 16:06:00-04:00,7717.5,7718.0,7717.25,7717.5,480
2026-09-04 16:07:00-04:00,7717.25,7718.0,7716.25,7717.75,983
2026-09-04 16:08:00-04:00,7717.5,7717.75,7716.75,7717.0,354
2026-09-04 16:09:00-04:00,7717.0,7717.5,7716.75,7717.5,149
2026-09-04 16:10:00-04:00,7717.5,7718.25,7717.5,7718.0,425
2026-09-04 16:11:00-04:00,7717.75,7719.25,7717.75,7718.25,698
2026-09-04 16:12:00-04:00,7718.0,7719.0,7718.0,7718.5,429
2026-09-04 16:13:00-04:00,7718.75,7719.5,7718.75,7719.25,344
2026-09-04 16:14:00-04:00,7719.25,7719.75,7718.5,7718.5,436
2026-09-04 16:15:00-04:00,7718.75,7719.25,7718.5,7718.5,318
2026-09-04 16:16:00-04:00,7718.75,7718.75,7717.5,7718.0,326
2026-09-04 16:17:00-04:00,7718.0,7718.25,7717.75,7718.25,130
2026-09-04 16:18:00-04:00,7718.0,7718.25,7717.75,7718.0,76
2026-09-04 16:19:00-04:00,7718.0,7718.0,7717.5,7717.75,104
2026-09-04 16:20:00-04:00,7718.0,7718.25,7717.5,7717.75,153
2026-09-04 16:21:00-04:00,7717.5,7717.75,7717.25,7717.5,170
2026-09-04 16:22:00-04:00,7717.5,7717.5,7717.0,7717.0,118
2026-09-04 16:23:00-04:00,7717.25,7717.25,7716.5,7716.75,294
2026-09-04 16:24:00-04:00,7716.75,7717.0,7716.0,7716.5,362
2026-09-04 16:25:00-04:00,7716.5,7716.75,7716.25,7716.25,61
2026-09-04 16:26:00-04:00,7716.25,7716.5,7716.0,7716.5,194
2026-09-04 16:27:00-04:00,7716.5,7716.75,7716.25,7716.5,143
2026-09-04 16:28:00-04:00,7716.5,7716.5,7716.25,7716.5,144
2026-09-04 16:29:00-04:00,7716.5,7716.75,7716.25,7716.25,116
2026-09-04 16:30:00-04:00,7716.25,7716.75,7715.75,7715.75,455
2026-09-04 16:31:00-04:00,7715.75,7715.75,7714.5,7715.0,1255
2026-09-04 16:32:00-04:00,7714.75,7715.0,7713.5,7714.0,441
2026-09-04 16:33:00-04:00,7714.25,7715.0,7714.0,7715.0,225
2026-09-04 16:34:00-04:00,7715.0,7715.25,7714.5,7714.75,160
2026-09-04 16:35:00-04:00,7714.75,7715.25,7714.0,7714.75,365
2026-09-04 16:36:00-04:00,7714.5,7714.75,7714.25,7714.75,156
2026-09-04 16:37:00-04:00,7714.75,7715.0,7714.5,7714.75,189
2026-09-04 16:38:00-04:00,7714.75,7715.75,7714.75,7715.5,269
2026-09-04 16:39:00-04:00,7715.5,7715.5,7714.5,7714.5,279
2026-09-04 16:40:00-04:00,7714.5,7715.0,7714.25,7714.75,213
2026-09-04 16:41:00-04:00,7714.75,7715.0,7714.25,7714.75,67
2026-09-04 16:42:00-04:00,7714.75,7715.75,7714.5,7715.25,164
2026-09-04 16:43:00-04:00,7715.25,7715.75,7715.25,7715.25,106
2026-09-04 16:44:00-04:00,7715.25,7716.0,7715.0,7716.0,249
2026-09-04 16:45:00-04:00,7716.0,7716.25,7715.5,7716.0,294
2026-09-04 16:46:00-04:00,7716.0,7716.5,7715.5,7716.25,178
2026-09-04 16:47:00-04:00,7716.0,7716.25,7715.5,7716.25,163
2026-09-04 16:48:00-04:00,7716.25,7716.25,7715.0,7715.25,320
2026-09-04 16:49:00-04:00,7715.25,7715.25,7714.75,7714.75,110
2026-09-04 16:50:00-04:00,7714.75,7715.0,7714.5,7715.0,220
2026-09-04 16:51:00-04:00,7714.75,7715.5,7714.75,7715.25,198
2026-09-04 16:52:00-04:00,7715.25,7715.5,7714.75,7715.0,68
2026-09-04 16:53:00-04:00,7715.0,7717.0,7715.0,7717.0,296
2026-09-04 16:54:00-04:00,7716.75,7716.75,7716.25,7716.5,108
2026-09-04 16:55:00-04:00,7716.5,7716.5,7716.0,7716.0,258
2026-09-04 16:56:00-04:00,7716.25,7716.25,7715.25,7715.25,144
2026-09-04 16:57:00-04:00,7715.5,7715.5,7715.25,7715.25,50
2026-09-04 16:58:00-04:00,7715.25,7715.75,7715.25,7715.25,118
2026-09-04 16:59:00-04:00,7715.0,7722.0,7714.25,7722.0,382
2026-09-08 00:00:00-04:00,7722.5,7722.75,7721.75,7722.25,187
2026-09-08 00:01:00-04:00,7722.25,7722.25,7721.5,7721.75,107
2026-09-08 00:02:00-04:00,7721.5,7722.0,7721.5,7721.75,41
2026-09-08 00:03:00-04:00,7722.0,7722.25,7721.75,7722.25,49
2026-09-08 00:04:00-04:00,7722.25,7722.75,7722.25,7722.5,60
2026-09-08 00:05:00-04:00,7722.25,7723.5,7722.25,7723.25,222
2026-09-08 00:06:00-04:00,7723.25,7723.5,7723.0,7723.0,86
2026-09-08 00:07:00-04:00,7723.0,7723.75,7722.75,7723.25,82
2026-09-08 00:08:00-04:00,7723.25,7723.75,7723.25,7723.5,106
2026-09-08 00:09:00-04:00,7723.5,7723.75,7723.0,7723.25,89
2026-09-08 00:10:00-04:00,7723.25,7723.25,7722.5,7722.75,60
2026-09-08 00:11:00-04:00,7722.5,7723.0,7722.5,7722.75,25
2026-09-08 00:12:00-04:00,7723.0,7723.5,7722.75,7722.75,38
2026-09-08 00:13:00-04:00,7722.75,7723.5,7722.75,7723.25,32
2026-09-08 00:14:00-04:00,7723.25,7723.25,7723.0,7723.0,23
2026-09-08 00:15:00-04:00,7723.0,7723.0,7722.25,7723.0,122
2026-09-08 00:16:00-04:00,7723.0,7723.25,7722.5,7722.5,55
2026-09-08 00:17:00-04:00,7722.75,7723.0,7722.75,7723.0,52
2026-09-08 00:18:00-04:00,7723.25,7723.5,7723.25,7723.25,40
2026-09-08 00:19:00-04:00,7723.25,7723.25,7723.0,7723.25,74
2026-09-08 00:20:00-04:00,7723.25,7723.25,7723.0,7723.25,18
2026-09-08 00:21:00-04:00,7723.25,7724.0,7723.25,7723.75,129
2026-09-08 00:22:00-04:00,7723.5,7723.5,7723.0,7723.25,66
2026-09-08 00:23:00-04:00,7723.5,7724.5,7723.25,7724.0,191
2026-09-08 00:24:00-04:00,7724.0,7724.5,7723.75,7724.5,104
2026-09-08 00:25:00-04:00,7724.5,7724.75,7724.0,7724.5,129
2026-09-08 00:26:00-04:00,7724.5,7725.0,7724.0,7724.0,122
2026-09-08 00:27:00-04:00,7724.25,7724.5,7723.5,7724.5,99
2026-09-08 00:28:00-04:00,7724.5,7724.5,7723.75,7723.75,45
2026-09-08 00:29:00-04:00,7723.75,7724.0,7723.5,7723.75,61
2026-09-08 00:30:00-04:00,7723.75,7724.0,7723.25,7723.5,75
2026-09-08 00:31:00-04:00,7723.25,7723.75,7723.25,7723.5,97
2026-09-08 00:32:00-04:00,7723.5,7723.75,7723.25,7723.5,33
2026-09-08 00:33:00-04:00,7723.5,7723.5,7723.0,7723.25,73
2026-09-08 00:34:00-04:00,7723.25,7723.5,7722.75,7722.75,81
2026-09-08 00:35:00-04:00,7722.75,7722.75,7722.25,7722.25,197
2026-09-08 00:36:00-04:00,7722.5,7723.0,7721.25,7723.0,352
2026-09-08 00:37:00-04:00,7722.75,7723.75,7722.75,7723.5,88
2026-09-08 00:38:00-04:00,7723.5,7724.5,7723.5,7724.25,153
2026-09-08 00:39:00-04:00,7724.25,7725.0,7724.0,7725.0,172
2026-09-08 00:40:00-04:00,7725.0,7725.5,7724.75,7725.0,252
2026-09-08 00:41:00-04:00,7725.25,7725.75,7724.75,7724.75,141
2026-09-08 00:42:00-04:00,7724.75,7724.75,7724.0,7724.5,240
2026-09-08 00:43:00-04:00,7724.75,7725.0,7724.5,7724.5,63
2026-09-08 00:44:00-04:00,7724.5,7725.25,7724.5,7725.0,64
2026-09-08 00:45:00-04:00,7725.0,7725.5,7725.0,7725.25,46
2026-09-08 00:46:00-04:00,7725.0,7725.75,7724.5,7724.5,71
2026-09-08 00:47:00-04:00,7724.75,7725.0,7724.0,7724.0,43
2026-09-08 00:48:00-04:00,7724.25,7724.5,7723.5,7723.75,137
2026-09-08 00:49:00-04:00,7723.75,7724.25,7723.75,7724.25,70
2026-09-08 00:50:00-04:00,7724.25,7724.25,7723.75,7724.0,35
2026-09-08 00:51:00-04:00,7724.0,7724.25,7723.75,7723.75,26
2026-09-08 00:52:00-04:00,7723.5,7724.5,7723.25,7724.0,113
2026-09-08 00:53:00-04:00,7724.25,7724.25,7723.25,7723.5,86
2026-09-08 00:54:00-04:00,7723.5,7724.0,7723.5,7724.0,30
2026-09-08 00:55:00-04:00,7724.0,7724.0,7722.25,7722.75,251
2026-09-08 00:56:00-04:00,7722.75,7723.75,7722.75,7723.5,100
2026-09-08 00:57:00-04:00,7723.5,7724.75,7723.5,7724.5,59
2026-09-08 00:58:00-04:00,7724.25,7724.5,7724.0,7724.0,56
2026-09-08 00:59:00-04:00,7724.25,7724.25,7723.0,7723.0,61
2026-09-08 01:00:00-04:00,7723.25,7723.5,7722.25,7723.0,199
2026-09-08 01:01:00-04:00,7723.25,7723.25,7722.5,7722.5,63
2026-09-08 01:02:00-04:00,7722.5,7722.75,7722.25,7722.5,49
2026-09-08 01:03:00-04:00,7722.5,7722.75,7722.25,7722.75,55
2026-09-08 01:04:00-04:00,7722.5,7723.0,7721.5,7721.5,204
2026-09-08 01:05:00-04:00,7721.5,7722.25,7721.0,7721.5,260
2026-09-08 01:06:00-04:00,7721.25,7721.25,7720.25,7721.25,306
2026-09-08 01:07:00-04:00,7721.0,7721.25,7720.25,7720.5,141
2026-09-08 01:08:00-04:00,7720.25,7720.5,7718.75,7718.75,323
2026-09-08 01:09:00-04:00,7718.75,7719.25,7717.5,7718.25,488
2026-09-08 01:10:00-04:00,7718.25,7718.25,7716.5,7716.5,432
2026-09-08 01:11:00-04:00,7716.75,7717.5,7715.25,7716.25,443
2026-09-08 01:12:00-04:00,7716.25,7716.75,7716.0,7716.0,174
2026-09-08 01:13:00-04:00,7716.0,7717.25,7716.0,7717.0,175
2026-09-08 01:14:00-04:00,7717.25,7718.25,7716.0,7716.5,259
2026-09-08 01:15:00-04:00,7716.5,7716.5,7715.25,7715.5,295
2026-09-08 01:16:00-04:00,7716.0,7718.25,7715.75,7718.0,254
2026-09-08 01:17:00-04:00,7718.25,7718.75,7717.0,7718.0,231
2026-09-08 01:18:00-04:00,7718.0,7720.0,7718.0,7720.0,316
2026-09-08 01:19:00-04:00,7719.75,7720.75,7719.5,7720.5,194
2026-09-08 01:20:00-04:00,7720.75,7721.75,7720.25,7721.5,230
2026-09-08 01:21:00-04:00,7721.25,7722.5,7721.25,7722.25,281
2026-09-08 01:22:00-04:00,7722.25,7722.5,7721.75,7721.75,114
2026-09-08 01:23:00-04:00,7721.75,7722.0,7719.75,7719.75,224
2026-09-08 01:24:00-04:00,7720.0,7720.5,7719.25,7719.75,217
2026-09-08 01:25:00-04:00,7719.75,7720.75,7718.75,7718.75,385
2026-09-08 01:26:00-04:00,7718.75,7718.75,7717.75,7718.25,270
2026-09-08 01:27:00-04:00,7718.25,7718.75,7718.0,7718.0,76
2026-09-08 01:28:00-04:00,7718.0,7718.0,7716.25,7716.75,193
2026-09-08 01:29:00-04:00,7716.75,7717.5,7716.5,7716.75,62
2026-09-08 01:30:00-04:00,7716.5,7716.5,7714.5,7715.5,422
2026-09-08 01:31:00-04:00,7715.5,7716.0,7714.75,7715.0,152
2026-09-08 01:32:00-04:00,7714.75,7715.0,7713.25,7713.75,579
2026-09-08 01:33:00-04:00,7713.75,7713.75,7711.75,7712.25,592
2026-09-08 01:34:00-04:00,7712.0,7712.5,7711.5,7711.75,264
2026-09-08 01:35:00-04:00,7711.75,7712.5,7711.25,7711.75,416
2026-09-08 01:36:00-04:00,7712.0,7713.25,7712.0,7713.25,188
2026-09-08 01:37:00-04:00,7713.25,7714.0,7712.75,7713.0,321
2026-09-08 01:38:00-04:00,7712.75,7714.5,7712.25,7714.25,142
2026-09-08 01:39:00-04:00,7714.5,7716.25,7714.25,7716.25,294
2026-09-08 01:40:00-04:00,7716.25,7716.25,7713.0,7713.75,405
2026-09-08 01:41:00-04:00,7714.0,7714.0,7712.25,7713.0,116
2026-09-08 01:42:00-04:00,7713.0,7713.0,7711.5,7712.5,454
2026-09-08 01:43:00-04:00,7712.25,7712.25,7710.5,7710.75,472
2026-09-08 01:44:00-04:00,7710.75,7711.0,7709.25,7709.5,742
2026-09-08 01:45:00-04:00,7709.75,7710.5,7709.25,7710.25,251
2026-09-08 01:46:00-04:00,7710.0,7710.5,7709.0,7709.0,224
2026-09-08 01:47:00-04:00,7709.25,7710.0,7708.75,7710.0,327
2026-09-08 01:48:00-04:00,7709.75,7711.0,7709.5,7710.0,314
2026-09-08 01:49:00-04:00,7710.0,7711.25,7710.0,7710.75,340
2026-09-08 01:50:00-04:00,7710.5,7710.75,7709.0,7709.0,188
2026-09-08 01:51:00-04:00,7709.25,7709.5,7708.25,7708.5,321
2026-09-08 01:52:00-04:00,7708.25,7708.25,7706.75,7706.75,391
2026-09-08 01:53:00-04:00,7706.75,7707.75,7706.75,7706.75,234
2026-09-08 01:54:00-04:00,7706.75,7707.0,7705.75,7705.75,500
2026-09-08 01:55:00-04:00,7705.75,7706.75,7705.0,7705.75,554
2026-09-08 01:56:00-04:00,7706.0,7706.5,7705.5,7706.25,399
2026-09-08 01:57:00-04:00,7706.25,7706.75,7706.0,7706.75,169
2026-09-08 01:58:00-04:00,7706.75,7707.0,7706.0,7706.75,145
2026-09-08 01:59:00-04:00,7706.75,7706.75,7705.5,7705.5,156
2026-09-08 02:00:00-04:00,7705.75,7707.25,7704.75,7705.75,827
2026-09-08 02:01:00-04:00,7705.5,7706.25,7704.25,7704.25,658
2026-09-08 02:02:00-04:00,7704.5,7704.75,7702.25,7704.25,793
2026-09-08 02:03:00-04:00,7704.25,7704.75,7703.5,7704.0,292
2026-09-08 02:04:00-04:00,7704.0,7705.0,7703.25,7705.0,228
2026-09-08 02:05:00-04:00,7704.75,7704.75,7701.5,7702.25,622
2026-09-08 02:06:00-04:00,7702.25,7703.75,7701.25,7703.5,279
2026-09-08 02:07:00-04:00,7703.25,7703.5,7701.75,7703.5,334
2026-09-08 02:08:00-04:00,7703.25,7704.5,7703.0,7704.5,240
2026-09-08 02:09:00-04:00,7704.25,7704.5,7703.25,7703.75,186
2026-09-08 02:10:00-04:00,7703.75,7703.75,7702.0,7702.75,197
2026-09-08 02:11:00-04:00,7702.5,7703.0,7701.0,7701.25,311
2026-09-08 02:12:00-04:00,7701.5,7702.0,7700.5,7701.75,321
2026-09-08 02:13:00-04:00,7702.0,7702.5,7701.0,7701.5,257
2026-09-08 02:14:00-04:00,7701.5,7702.0,7701.25,7701.75,117
2026-09-08 02:15:00-04:00,7701.75,7702.25,7700.75,7700.75,257
2026-09-08 02:16:00-04:00,7701.0,7702.5,7699.5,7702.0,1106
2026-09-08 02:17:00-04:00,7702.0,7702.25,7700.25,7700.25,208
2026-09-08 02:18:00-04:00,7700.25,7700.5,7698.25,7699.5,645
2026-09-08 02:19:00-04:00,7699.25,7699.25,7695.25,7695.25,1246
2026-09-08 02:20:00-04:00,7695.25,7698.0,7694.75,7697.75,1112
2026-09-08 02:21:00-04:00,7697.75,7698.5,7697.5,7698.25,289
2026-09-08 02:22:00-04:00,7698.5,7701.0,7698.0,7700.75,421
2026-09-08 02:23:00-04:00,7701.0,7701.0,7698.25,7699.25,329
2026-09-08 02:24:00-04:00,7699.25,7699.75,7698.75,7699.0,165
2026-09-08 02:25:00-04:00,7699.0,7699.75,7698.25,7699.25,318
2026-09-08 02:26:00-04:00,7699.5,7699.75,7698.75,7698.75,174
2026-09-08 02:27:00-04:00,7699.0,7699.25,7698.5,7698.75,123
2026-09-08 02:28:00-04:00,7698.5,7698.75,7697.75,7698.0,214
2026-09-08 02:29:00-04:00,7697.75,7699.25,7697.75,7697.75,285
2026-09-08 02:30:00-04:00,7697.75,7698.25,7696.75,7697.25,396
2026-09-08 02:31:00-04:00,7697.0,7697.75,7695.75,7697.5,406
2026-09-08 02:32:00-04:00,7697.5,7699.5,7697.5,7698.75,280
2026-09-08 02:33:00-04:00,7698.75,7699.5,7697.5,7697.75,290
2026-09-08 02:34:00-04:00,7697.75,7698.5,7696.5,7697.75,283
2026-09-08 02:35:00-04:00,7697.5,7697.5,7695.25,7695.75,262
2026-09-08 02:36:00-04:00,7695.75,7696.5,7695.0,7695.75,236
2026-09-08 02:37:00-04:00,7696.0,7697.5,7695.25,7697.5,215
2026-09-08 02:38:00-04:00,7697.25,7700.0,7697.25,7698.0,378
2026-09-08 02:39:00-04:00,7698.0,7701.75,7698.0,7701.5,376
2026-09-08 02:40:00-04:00,7701.5,7703.5,7701.5,7703.25,579
2026-09-08 02:41:00-04:00,7703.25,7703.75,7702.25,7703.0,398
2026-09-08 02:42:00-04:00,7702.75,7703.5,7702.75,7703.25,186
2026-09-08 02:43:00-04:00,7703.25,7703.5,7702.0,7702.75,209
2026-09-08 02:44:00-04:00,7703.0,7703.75,7702.5,7703.0,218
2026-09-08 02:45:00-04:00,7702.75,7704.0,7702.5,7703.0,230
2026-09-08 02:46:00-04:00,7703.25,7705.0,7703.0,7704.25,386
2026-09-08 02:47:00-04:00,7704.5,7704.5,7703.25,7703.75,239
2026-09-08 02:48:00-04:00,7704.0,7704.25,7703.5,7704.0,219
2026-09-08 02:49:00-04:00,7704.0,7704.25,7702.75,7703.0,154
2026-09-08 02:50:00-04:00,7703.0,7703.5,7702.5,7703.25,176
2026-09-08 02:51:00-04:00,7703.25,7703.5,7701.5,7701.5,184
2026-09-08 02:52:00-04:00,7701.5,7702.25,7701.5,7701.75,140
2026-09-08 02:53:00-04:00,7701.75,7702.0,7701.0,7701.25,204
2026-09-08 02:54:00-04:00,7701.75,7702.0,7701.0,7701.5,142
2026-09-08 02:55:00-04:00,7701.5,7702.5,7701.0,7702.5,176
2026-09-08 02:56:00-04:00,7702.25,7702.5,7701.5,7702.25,38
2026-09-08 02:57:00-04:00,7702.0,7702.75,7702.0,7702.75,85
2026-09-08 02:58:00-04:00,7702.5,7703.5,7702.5,7703.0,124
2026-09-08 02:59:00-04:00,7703.0,7703.5,7702.25,7703.25,131
2026-09-08 03:00:00-04:00,7703.5,7703.75,7701.25,7703.5,533
2026-09-08 03:01:00-04:00,7703.5,7704.25,7702.0,7703.0,466
2026-09-08 03:02:00-04:00,7703.25,7705.5,7703.25,7703.75,388
2026-09-08 03:03:00-04:00,7703.5,7705.25,7703.5,7704.75,264
2026-09-08 03:04:00-04:00,7705.0,7706.75,7704.0,7706.75,444
2026-09-08 03:05:00-04:00,7706.25,7709.0,7706.25,7708.75,648
2026-09-08 03:06:00-04:00,7709.0,7710.5,7708.5,7710.25,503
2026-09-08 03:07:00-04:00,7710.0,7710.0,7708.75,7708.75,227
2026-09-08 03:08:00-04:00,7709.0,7709.0,7706.0,7706.0,512
2026-09-08 03:09:00-04:00,7706.0,7707.0,7705.5,7705.75,212
2026-09-08 03:10:00-04:00,7705.5,7706.5,7704.5,7706.5,287
2026-09-08 03:11:00-04:00,7706.25,7707.25,7705.5,7706.75,263
2026-09-08 03:12:00-04:00,7706.5,7706.75,7705.25,7706.25,155
2026-09-08 03:13:00-04:00,7706.0,7706.75,7705.75,7706.75,152
2026-09-08 03:14:00-04:00,7706.75,7707.25,7704.75,7705.5,318
2026-09-08 03:15:00-04:00,7705.25,7705.75,7705.0,7705.5,166
2026-09-08 03:16:00-04:00,7705.25,7705.25,7703.75,7704.5,201
2026-09-08 03:17:00-04:00,7704.5,7704.5,7702.5,7702.75,386
2026-09-08 03:18:00-04:00,7702.5,7703.75,7702.5,7703.5,303
2026-09-08 03:19:00-04:00,7703.75,7705.5,7702.75,7705.25,305
2026-09-08 03:20:00-04:00,7705.25,7706.25,7705.0,7705.0,340
2026-09-08 03:21:00-04:00,7705.25,7705.25,7703.5,7703.5,221
2026-09-08 03:22:00-04:00,7704.0,7704.75,7703.5,7703.75,95
2026-09-08 03:23:00-04:00,7703.75,7704.5,7702.25,7704.25,249
2026-09-08 03:24:00-04:00,7704.5,7706.0,7704.5,7705.75,221
2026-09-08 03:25:00-04:00,7706.25,7706.25,7704.75,7705.75,157
2026-09-08 03:26:00-04:00,7705.75,7705.75,7703.5,7703.5,234
2026-09-08 03:27:00-04:00,7703.5,7704.5,7703.25,7704.0,104
2026-09-08 03:28:00-04:00,7704.0,7704.75,7704.0,7704.75,88
2026-09-08 03:29:00-04:00,7704.75,7705.0,7704.25,7704.75,92
2026-09-08 03:30:00-04:00,7704.5,7704.75,7702.25,7702.5,242
2026-09-08 03:31:00-04:00,7702.75,7703.5,7702.0,7702.5,252
2026-09-08 03:32:00-04:00,7702.5,7703.0,7701.5,7701.75,123
2026-09-08 03:33:00-04:00,7701.5,7701.75,7699.25,7699.25,568
2026-09-08 03:34:00-04:00,7699.25,7699.75,7698.5,7699.25,334
2026-09-08 03:35:00-04:00,7699.25,7700.0,7698.75,7699.5,189
2026-09-08 03:36:00-04:00,7699.5,7701.0,7699.25,7700.75,314
2026-09-08 03:37:00-04:00,7700.5,7700.5,7698.75,7699.25,197
2026-09-08 03:38:00-04:00,7699.25,7699.75,7696.75,7697.5,492
2026-09-08 03:39:00-04:00,7697.5,7697.5,7695.75,7696.0,310
2026-09-08 03:40:00-04:00,7696.0,7697.25,7695.25,7696.75,300
2026-09-08 03:41:00-04:00,7696.75,7697.25,7695.5,7695.75,211
2026-09-08 03:42:00-04:00,7696.0,7696.0,7693.75,7693.75,746
2026-09-08 03:43:00-04:00,7693.75,7698.0,7693.75,7697.25,517
2026-09-08 03:44:00-04:00,7697.25,7697.5,7695.5,7696.0,202
2026-09-08 03:45:00-04:00,7696.0,7696.75,7695.25,7695.75,146
2026-09-08 03:46:00-04:00,7695.75,7696.5,7695.5,7696.0,148
2026-09-08 03:47:00-04:00,7696.0,7696.5,7695.75,7696.0,134
2026-09-08 03:48:00-04:00,7696.0,7696.75,7695.0,7696.5,259
2026-09-08 03:49:00-04:00,7696.5,7696.75,7694.25,7695.25,556
2026-09-08 03:50:00-04:00,7695.0,7695.5,7693.5,7693.5,226
2026-09-08 03:51:00-04:00,7693.75,7694.5,7692.5,7693.25,398
2026-09-08 03:52:00-04:00,7693.25,7693.25,7692.0,7692.0,377
2026-09-08 03:53:00-04:00,7692.0,7692.75,7691.25,7692.25,369
2026-09-08 03:54:00-04:00,7692.0,7692.5,7689.75,7690.5,703
2026-09-08 03:55:00-04:00,7690.75,7693.25,7690.5,7693.25,415
2026-09-08 03:56:00-04:00,7693.25,7693.5,7691.5,7692.0,281
2026-09-08 03:57:00-04:00,7692.25,7692.25,7690.5,7691.0,306
2026-09-08 03:58:00-04:00,7690.75,7691.75,7690.75,7691.5,126
2026-09-08 03:59:00-04:00,7691.5,7692.5,7691.25,7692.25,285
2026-09-08 04:00:00-04:00,7692.25,7693.0,7690.75,7692.25,967
2026-09-08 04:01:00-04:00,7692.5,7694.0,7690.0,7690.25,802
2026-09-08 04:02:00-04:00,7690.25,7690.5,7687.5,7690.0,1082
2026-09-08 04:03:00-04:00,7690.0,7690.0,7687.5,7688.75,485
2026-09-08 04:04:00-04:00,7688.75,7689.75,7687.5,7689.25,377
2026-09-08 04:05:00-04:00,7689.0,7692.5,7689.0,7692.25,1003
2026-09-08 04:06:00-04:00,7692.25,7695.25,7691.5,7695.0,631
2026-09-08 04:07:00-04:00,7695.0,7696.5,7694.5,7695.5,602
2026-09-08 04:08:00-04:00,7695.5,7696.5,7691.0,7693.0,856
2026-09-08 04:09:00-04:00,7692.75,7693.0,7690.5,7691.75,354
2026-09-08 04:10:00-04:00,7692.25,7692.75,7690.25,7690.25,373
2026-09-08 04:11:00-04:00,7690.25,7691.75,7690.0,7690.25,225
2026-09-08 04:12:00-04:00,7690.5,7692.5,7689.25,7691.0,401
2026-09-08 04:13:00-04:00,7690.5,7692.0,7689.75,7689.75,254
2026-09-08 04:14:00-04:00,7689.75,7693.0,7689.5,7692.75,340
2026-09-08 04:15:00-04:00,7693.0,7695.5,7693.0,7694.0,480
2026-09-08 04:16:00-04:00,7694.0,7694.75,7692.75,7693.25,387
2026-09-08 04:17:00-04:00,7693.5,7694.75,7692.25,7694.75,224
2026-09-08 04:18:00-04:00,7694.25,7694.75,7692.0,7693.5,346
2026-09-08 04:19:00-04:00,7693.25,7694.25,7692.0,7693.25,382
2026-09-08 04:20:00-04:00,7693.0,7693.75,7692.25,7693.25,183
2026-09-08 04:21:00-04:00,7692.75,7692.75,7691.0,7691.75,208
2026-09-08 04:22:00-04:00,7691.5,7692.0,7690.25,7691.75,346
2026-09-08 04:23:00-04:00,7691.75,7692.25,7691.5,7692.0,163
2026-09-08 04:24:00-04:00,7692.0,7693.25,7691.75,7692.5,216
2026-09-08 04:25:00-04:00,7692.75,7694.25,7692.25,7693.75,218
2026-09-08 04:26:00-04:00,7693.5,7694.5,7693.0,7694.5,113
2026-09-08 04:27:00-04:00,7694.25,7694.75,7692.75,7692.75,263
2026-09-08 04:28:00-04:00,7693.0,7693.75,7692.25,7692.25,91
2026-09-08 04:29:00-04:00,7692.5,7692.5,7690.25,7690.75,459
2026-09-08 04:30:00-04:00,7690.5,7690.75,7688.5,7689.5,833
2026-09-08 04:31:00-04:00,7689.75,7691.75,7689.75,7691.0,395
2026-09-08 04:32:00-04:00,7690.75,7691.0,7689.5,7690.5,104
2026-09-08 04:33:00-04:00,7690.5,7692.75,7690.25,7692.5,276
2026-09-08 04:34:00-04:00,7692.5,7694.5,7690.0,7694.0,484
2026-09-08 04:35:00-04:00,7693.75,7694.0,7692.75,7693.0,137
2026-09-08 04:36:00-04:00,7692.75,7693.0,7691.75,7692.5,127
2026-09-08 04:37:00-04:00,7692.5,7692.75,7688.5,7689.5,302
2026-09-08 04:38:00-04:00,7689.5,7690.5,7688.75,7690.5,199
2026-09-08 04:39:00-04:00,7690.25,7691.0,7689.75,7690.75,118
2026-09-08 04:40:00-04:00,7690.75,7691.0,7689.75,7691.0,81
2026-09-08 04:41:00-04:00,7691.25,7691.25,7689.75,7690.75,156
2026-09-08 04:42:00-04:00,7690.75,7691.0,7689.75,7689.75,132
2026-09-08 04:43:00-04:00,7690.0,7692.25,7690.0,7690.25,365
2026-09-08 04:44:00-04:00,7690.5,7690.5,7689.25,7690.0,159
2026-09-08 04:45:00-04:00,7689.75,7695.75,7688.25,7693.5,1612
2026-09-08 04:46:00-04:00,7693.5,7695.25,7692.75,7694.0,872
2026-09-08 04:47:00-04:00,7694.25,7694.75,7691.75,7692.0,299
2026-09-08 04:48:00-04:00,7692.0,7692.25,7689.5,7689.5,346
2026-09-08 04:49:00-04:00,7689.75,7691.0,7689.0,7691.0,323
2026-09-08 04:50:00-04:00,7691.0,7692.25,7689.5,7690.0,349
2026-09-08 04:51:00-04:00,7690.5,7690.5,7688.0,7688.5,278
2026-09-08 04:52:00-04:00,7688.5,7690.0,7688.25,7689.5,194
2026-09-08 04:53:00-04:00,7689.5,7689.75,7689.0,7689.5,83
2026-09-08 04:54:00-04:00,7689.5,7691.75,7689.25,7690.75,182
2026-09-08 04:55:00-04:00,7691.0,7691.25,7689.75,7690.5,143
2026-09-08 04:56:00-04:00,7690.0,7692.75,7690.0,7692.0,203
2026-09-08 04:57:00-04:00,7692.0,7692.0,7690.75,7691.0,100
2026-09-08 04:58:00-04:00,7690.75,7692.5,7690.25,7692.0,183
2026-09-08 04:59:00-04:00,7692.0,7692.5,7690.25,7692.5,203
2026-09-08 05:00:00-04:00,7692.5,7692.5,7688.75,7689.0,329
2026-09-08 05:01:00-04:00,7689.0,7692.0,7689.0,7691.5,174
2026-09-08 05:02:00-04:00,7691.5,7693.0,7691.25,7692.75,182
2026-09-08 05:03:00-04:00,7693.0,7693.5,7692.0,7692.5,157
2026-09-08 05:04:00-04:00,7692.75,7694.25,7692.25,7693.25,164
2026-09-08 05:05:00-04:00,7693.0,7694.25,7692.75,7694.0,133
2026-09-08 05:06:00-04:00,7694.0,7696.25,7694.0,7695.0,401
2026-09-08 05:07:00-04:00,7695.25,7695.25,7693.5,7695.0,232
2026-09-08 05:08:00-04:00,7694.75,7695.25,7694.25,7694.25,145
2026-09-08 05:09:00-04:00,7694.25,7695.5,7693.75,7695.5,152
2026-09-08 05:10:00-04:00,7695.25,7696.25,7694.5,7696.0,238
2026-09-08 05:11:00-04:00,7696.25,7697.5,7695.75,7697.25,420
2026-09-08 05:12:00-04:00,7697.5,7698.75,7697.25,7698.5,456
2026-09-08 05:13:00-04:00,7698.5,7698.75,7697.0,7697.75,311
2026-09-08 05:14:00-04:00,7697.5,7698.25,7697.25,7697.75,58
2026-09-08 05:15:00-04:00,7697.75,7698.0,7697.25,7697.25,134
2026-09-08 05:16:00-04:00,7697.5,7697.5,7697.0,7697.0,162
2026-09-08 05:17:00-04:00,7697.25,7697.25,7696.25,7696.75,104
2026-09-08 05:18:00-04:00,7697.0,7697.25,7696.5,7696.75,53
2026-09-08 05:19:00-04:00,7696.5,7697.25,7695.75,7697.0,135
2026-09-08 05:20:00-04:00,7696.75,7697.75,7696.75,7697.25,157
2026-09-08 05:21:00-04:00,7697.25,7698.0,7697.0,7697.5,295
2026-09-08 05:22:00-04:00,7697.5,7697.75,7697.0,7697.25,93
2026-09-08 05:23:00-04:00,7697.5,7698.5,7697.25,7698.25,115
2026-09-08 05:24:00-04:00,7698.5,7699.5,7698.0,7699.5,149
2026-09-08 05:25:00-04:00,7699.5,7699.75,7698.5,7699.5,471
2026-09-08 05:26:00-04:00,7699.25,7699.25,7698.5,7698.75,141
2026-09-08 05:27:00-04:00,7698.5,7700.0,7698.25,7699.75,240
2026-09-08 05:28:00-04:00,7700.0,7700.0,7698.25,7698.75,136
2026-09-08 05:29:00-04:00,7698.75,7700.5,7698.25,7700.25,227
2026-09-08 05:30:00-04:00,7700.25,7701.0,7699.5,7700.5,269
2026-09-08 05:31:00-04:00,7700.75,7701.75,7700.75,7701.75,254
2026-09-08 05:32:00-04:00,7702.0,7702.75,7701.75,7702.25,287
2026-09-08 05:33:00-04:00,7702.25,7702.5,7701.5,7702.0,183
2026-09-08 05:34:00-04:00,7702.0,7702.0,7701.5,7701.75,96
2026-09-08 05:35:00-04:00,7701.75,7703.0,7701.75,7702.5,207
2026-09-08 05:36:00-04:00,7702.25,7702.75,7701.25,7701.75,191
2026-09-08 05:37:00-04:00,7701.75,7702.25,7701.5,7701.75,123
2026-09-08 05:38:00-04:00,7701.75,7703.25,7701.75,7702.5,187
2026-09-08 05:39:00-04:00,7702.25,7703.5,7702.25,7703.0,136
2026-09-08 05:40:00-04:00,7702.75,7705.75,7702.5,7703.75,1041
2026-09-08 05:41:00-04:00,7703.25,7706.5,7702.5,7705.0,1033
2026-09-08 05:42:00-04:00,7705.0,7705.25,7704.25,7704.5,293
2026-09-08 05:43:00-04:00,7704.25,7704.25,7703.25,7703.25,240
2026-09-08 05:44:00-04:00,7703.25,7703.75,7702.25,7703.0,246
2026-09-08 05:45:00-04:00,7703.0,7703.5,7702.75,7702.75,116
2026-09-08 05:46:00-04:00,7703.0,7704.25,7703.0,7703.75,179
2026-09-08 05:47:00-04:00,7703.5,7705.0,7703.5,7704.75,161
2026-09-08 05:48:00-04:00,7704.75,7704.75,7703.75,7704.75,114
2026-09-08 05:49:00-04:00,7704.75,7705.75,7704.5,7705.25,165
2026-09-08 05:50:00-04:00,7705.5,7706.5,7705.25,7706.5,160
2026-09-08 05:51:00-04:00,7706.5,7706.75,7705.5,7705.75,317
2026-09-08 05:52:00-04:00,7706.25,7707.25,7705.75,7706.0,223
2026-09-08 05:53:00-04:00,7706.0,7706.25,7705.25,7705.5,133
2026-09-08 05:54:00-04:00,7705.75,7706.25,7705.25,7706.25,90
2026-09-08 05:55:00-04:00,7706.25,7707.25,7705.75,7707.0,120
2026-09-08 05:56:00-04:00,7707.0,7707.25,7706.75,7706.75,157
2026-09-08 05:57:00-04:00,7707.0,7707.25,7706.5,7707.0,107
2026-09-08 05:58:00-04:00,7707.0,7707.5,7706.75,7707.25,94
2026-09-08 05:59:00-04:00,7707.25,7709.0,7707.25,7709.0,353
2026-09-08 06:00:00-04:00,7709.0,7709.0,7707.5,7708.25,404
2026-09-08 06:01:00-04:00,7708.5,7709.25,7707.5,7707.75,399
2026-09-08 06:02:00-04:00,7707.75,7708.0,7707.5,7707.5,140
2026-09-08 06:03:00-04:00,7707.25,7708.0,7706.75,7707.0,165
2026-09-08 06:04:00-04:00,7707.0,7707.25,7705.75,7706.0,330
2026-09-08 06:05:00-04:00,7706.0,7706.75,7705.75,7706.25,170
2026-09-08 06:06:00-04:00,7706.25,7707.25,7706.0,7706.0,128
2026-09-08 06:07:00-04:00,7706.25,7706.5,7706.0,7706.5,80
2026-09-08 06:08:00-04:00,7706.5,7706.75,7706.0,7706.25,140
2026-09-08 06:09:00-04:00,7706.25,7706.25,7705.25,7705.5,231
2026-09-08 06:10:00-04:00,7705.5,7706.25,7705.25,7705.75,153
2026-09-08 06:11:00-04:00,7705.75,7706.0,7704.75,7704.75,157
2026-09-08 06:12:00-04:00,7704.75,7705.0,7704.0,7704.0,293
2026-09-08 06:13:00-04:00,7704.0,7704.25,7703.75,7703.75,146
2026-09-08 06:14:00-04:00,7704.0,7706.25,7704.0,7705.75,290
2026-09-08 06:15:00-04:00,7705.75,7706.0,7705.25,7705.75,159
2026-09-08 06:16:00-04:00,7705.75,7706.25,7705.5,7705.5,61
2026-09-08 06:17:00-04:00,7705.75,7706.25,7705.75,7706.25,70
2026-09-08 06:18:00-04:00,7706.0,7706.25,7705.25,7705.5,112
2026-09-08 06:19:00-04:00,7705.75,7706.75,7705.75,7706.5,149
2026-09-08 06:20:00-04:00,7706.75,7718.25,7706.0,7711.5,7552
2026-09-08 06:21:00-04:00,7711.75,7711.75,7709.0,7710.25,683
2026-09-08 06:22:00-04:00,7710.25,7710.5,7708.5,7709.0,497
2026-09-08 06:23:00-04:00,7709.0,7709.0,7708.0,7708.5,304
2026-09-08 06:24:00-04:00,7708.5,7708.75,7707.0,7707.0,189
2026-09-08 06:25:00-04:00,7707.25,7708.25,7706.75,7707.0,179
2026-09-08 06:26:00-04:00,7707.0,7707.75,7706.75,7707.0,150
2026-09-08 06:27:00-04:00,7707.0,7707.0,7705.75,7706.5,166
2026-09-08 06:28:00-04:00,7706.75,7707.5,7706.75,7707.0,71
2026-09-08 06:29:00-04:00,7706.75,7707.0,7706.25,7707.0,49
2026-09-08 06:30:00-04:00,7707.0,7707.0,7705.25,7705.75,241
2026-09-08 06:31:00-04:00,7705.75,7706.0,7704.25,7704.25,221
2026-09-08 06:32:00-04:00,7704.5,7705.0,7703.0,7703.75,435
2026-09-08 06:33:00-04:00,7704.0,7704.0,7702.0,7702.25,316
2026-09-08 06:34:00-04:00,7702.0,7703.5,7701.25,7702.5,473
2026-09-08 06:35:00-04:00,7702.75,7703.5,7702.25,7703.25,149
2026-09-08 06:36:00-04:00,7703.25,7704.0,7703.0,7703.75,123
2026-09-08 06:37:00-04:00,7703.75,7704.0,7703.0,7703.25,94
2026-09-08 06:38:00-04:00,7703.25,7704.75,7703.25,7704.0,160
2026-09-08 06:39:00-04:00,7704.0,7704.0,7703.5,7703.75,57
2026-09-08 06:40:00-04:00,7703.75,7704.0,7702.75,7703.25,163
2026-09-08 06:41:00-04:00,7703.0,7703.75,7702.75,7703.25,103
2026-09-08 06:42:00-04:00,7703.25,7703.75,7702.5,7703.5,146
2026-09-08 06:43:00-04:00,7703.5,7704.0,7701.75,7702.0,274
2026-09-08 06:44:00-04:00,7702.0,7703.25,7701.75,7703.25,173
2026-09-08 06:45:00-04:00,7703.0,7703.25,7702.5,7702.75,99
2026-09-08 06:46:00-04:00,7702.75,7703.0,7702.0,7702.5,157
2026-09-08 06:47:00-04:00,7702.5,7702.5,7700.75,7701.0,304
2026-09-08 06:48:00-04:00,7700.75,7701.75,7700.5,7701.75,233
2026-09-08 06:49:00-04:00,7701.5,7701.5,7699.5,7700.0,283
2026-09-08 06:50:00-04:00,7700.0,7700.25,7699.25,7700.0,192
2026-09-08 06:51:00-04:00,7700.0,7700.5,7699.0,7699.0,258
2026-09-08 06:52:00-04:00,7699.0,7699.0,7696.5,7697.0,660
2026-09-08 06:53:00-04:00,7697.0,7698.25,7695.5,7697.75,1044
2026-09-08 06:54:00-04:00,7697.75,7698.75,7697.75,7698.75,292
2026-09-08 06:55:00-04:00,7698.75,7699.75,7698.25,7698.5,441
2026-09-08 06:56:00-04:00,7698.75,7700.25,7698.75,7699.75,283
2026-09-08 06:57:00-04:00,7700.25,7700.25,7698.75,7699.25,237
2026-09-08 06:58:00-04:00,7699.25,7699.5,7698.75,7699.5,113
2026-09-08 06:59:00-04:00,7699.5,7699.75,7698.25,7698.5,135
2026-09-08 07:00:00-04:00,7698.5,7699.25,7697.75,7699.0,623
2026-09-08 07:01:00-04:00,7698.75,7699.75,7698.25,7699.5,193
2026-09-08 07:02:00-04:00,7699.5,7700.25,7699.0,7699.25,173
2026-09-08 07:03:00-04:00,7699.25,7699.25,7697.75,7698.5,155
2026-09-08 07:04:00-04:00,7698.5,7699.0,7697.5,7699.0,214
2026-09-08 07:05:00-04:00,7699.0,7699.5,7698.0,7698.75,219
2026-09-08 07:06:00-04:00,7698.5,7698.75,7697.25,7697.75,202
2026-09-08 07:07:00-04:00,7697.75,7697.75,7695.5,7695.5,432
2026-09-08 07:08:00-04:00,7695.5,7695.75,7694.0,7694.25,443
2026-09-08 07:09:00-04:00,7694.5,7702.25,7694.5,7697.75,3642
2026-09-08 07:10:00-04:00,7698.0,7698.25,7695.25,7695.75,365
2026-09-08 07:11:00-04:00,7696.0,7696.0,7694.0,7694.25,339
2026-09-08 07:12:00-04:00,7694.0,7694.5,7694.0,7694.25,229
2026-09-08 07:13:00-04:00,7694.25,7694.25,7693.0,7693.5,267
2026-09-08 07:14:00-04:00,7693.75,7695.75,7693.75,7695.75,249
2026-09-08 07:15:00-04:00,7695.5,7698.0,7695.25,7697.5,290
2026-09-08 07:16:00-04:00,7697.75,7699.25,7697.75,7699.0,200
2026-09-08 07:17:00-04:00,7699.0,7699.5,7698.25,7699.0,193
2026-09-08 07:18:00-04:00,7699.25,7699.75,7699.0,7699.25,316
2026-09-08 07:19:00-04:00,7699.5,7700.25,7699.25,7700.0,242
2026-09-08 07:20:00-04:00,7700.25,7700.75,7698.25,7699.0,407
2026-09-08 07:21:00-04:00,7698.75,7698.75,7697.0,7698.0,161
2026-09-08 07:22:00-04:00,7697.75,7698.5,7697.5,7698.5,83
2026-09-08 07:23:00-04:00,7698.5,7699.0,7698.5,7698.5,89
2026-09-08 07:24:00-04:00,7698.5,7699.5,7698.25,7698.25,130
2026-09-08 07:25:00-04:00,7698.25,7699.0,7698.25,7698.75,82
2026-09-08 07:26:00-04:00,7698.75,7698.75,7697.75,7698.25,108
2026-09-08 07:27:00-04:00,7698.5,7698.75,7698.0,7698.75,90
2026-09-08 07:28:00-04:00,7698.5,7699.25,7698.25,7698.75,77
2026-09-08 07:29:00-04:00,7698.75,7698.75,7697.5,7698.0,96
2026-09-08 07:30:00-04:00,7698.25,7698.25,7696.75,7697.5,222
2026-09-08 07:31:00-04:00,7697.75,7698.5,7697.75,7698.0,87
2026-09-08 07:32:00-04:00,7698.0,7698.75,7697.75,7698.0,144
2026-09-08 07:33:00-04:00,7697.75,7699.0,7697.75,7698.75,94
2026-09-08 07:34:00-04:00,7698.75,7701.25,7698.75,7700.5,278
2026-09-08 07:35:00-04:00,7700.75,7700.75,7699.25,7699.75,447
2026-09-08 07:36:00-04:00,7700.0,7700.5,7699.0,7700.5,208
2026-09-08 07:37:00-04:00,7700.25,7700.5,7699.75,7699.75,149
2026-09-08 07:38:00-04:00,7699.75,7699.75,7698.75,7699.0,116
2026-09-08 07:39:00-04:00,7699.0,7699.5,7698.5,7698.5,67
2026-09-08 07:40:00-04:00,7698.5,7699.25,7698.0,7698.5,186
2026-09-08 07:41:00-04:00,7698.75,7698.75,7697.0,7697.5,336
2026-09-08 07:42:00-04:00,7697.5,7698.25,7697.5,7698.0,219
2026-09-08 07:43:00-04:00,7698.25,7698.75,7698.0,7698.5,92
2026-09-08 07:44:00-04:00,7698.75,7698.75,7697.75,7698.0,84
2026-09-08 07:45:00-04:00,7698.0,7698.5,7696.0,7696.5,542
2026-09-08 07:46:00-04:00,7696.5,7697.5,7695.75,7696.0,403
2026-09-08 07:47:00-04:00,7696.25,7696.75,7695.75,7696.75,242
2026-09-08 07:48:00-04:00,7696.75,7697.5,7695.75,7697.25,240
2026-09-08 07:49:00-04:00,7697.0,7698.25,7696.25,7697.5,386
2026-09-08 07:50:00-04:00,7697.25,7700.0,7697.25,7699.5,604
2026-09-08 07:51:00-04:00,7699.5,7700.0,7698.5,7698.75,181
2026-09-08 07:52:00-04:00,7698.5,7699.0,7697.5,7698.75,229
2026-09-08 07:53:00-04:00,7698.75,7701.25,7698.25,7701.25,462
2026-09-08 07:54:00-04:00,7701.0,7701.5,7700.25,7701.25,391
2026-09-08 07:55:00-04:00,7701.0,7703.5,7700.75,7703.0,798
2026-09-08 07:56:00-04:00,7702.75,7703.75,7702.5,7703.25,330
2026-09-08 07:57:00-04:00,7703.25,7704.0,7702.5,7703.5,429
2026-09-08 07:58:00-04:00,7703.5,7705.5,7703.0,7705.25,554
2026-09-08 07:59:00-04:00,7705.25,7706.25,7704.75,7705.75,731
2026-09-08 08:00:00-04:00,7705.75,7705.75,7702.5,7703.25,895
2026-09-08 08:01:00-04:00,7703.25,7703.75,7702.75,7703.25,421
2026-09-08 08:02:00-04:00,7703.25,7703.5,7702.5,7703.25,322
2026-09-08 08:03:00-04:00,7703.5,7704.25,7703.0,7703.75,215
2026-09-08 08:04:00-04:00,7704.25,7704.25,7703.25,7703.25,196
2026-09-08 08:05:00-04:00,7703.0,7703.75,7702.75,7703.25,151
2026-09-08 08:06:00-04:00,7703.0,7703.5,7701.75,7703.25,390
2026-09-08 08:07:00-04:00,7703.25,7703.25,7702.0,7702.25,209
2026-09-08 08:08:00-04:00,7702.5,7703.5,7702.0,7702.25,255
2026-09-08 08:09:00-04:00,7702.25,7704.75,7702.25,7704.25,247
2026-09-08 08:10:00-04:00,7704.0,7704.0,7702.0,7702.25,290
2026-09-08 08:11:00-04:00,7702.25,7703.0,7701.0,7702.0,429
2026-09-08 08:12:00-04:00,7701.75,7702.0,7700.5,7701.0,290
2026-09-08 08:13:00-04:00,7701.0,7701.25,7698.5,7698.5,638
2026-09-08 08:14:00-04:00,7698.5,7699.25,7697.75,7698.0,492
2026-09-08 08:15:00-04:00,7698.25,7698.5,7696.25,7698.0,599
2026-09-08 08:16:00-04:00,7698.0,7698.25,7697.5,7698.25,305
2026-09-08 08:17:00-04:00,7698.5,7699.75,7698.25,7698.75,533
2026-09-08 08:18:00-04:00,7699.0,7702.75,7699.0,7702.75,504
2026-09-08 08:19:00-04:00,7702.5,7703.5,7701.25,7703.0,370
2026-09-08 08:20:00-04:00,7703.0,7703.5,7701.5,7703.5,536
2026-09-08 08:21:00-04:00,7703.5,7704.0,7702.5,7702.75,335
2026-09-08 08:22:00-04:00,7702.75,7703.0,7701.5,7702.25,480
2026-09-08 08:23:00-04:00,7702.0,7702.0,7701.0,7701.5,239
2026-09-08 08:24:00-04:00,7702.0,7704.0,7702.0,7703.0,503
2026-09-08 08:25:00-04:00,7703.0,7705.0,7702.75,7704.25,287
2026-09-08 08:26:00-04:00,7704.25,7705.0,7703.5,7704.25,232
2026-09-08 08:27:00-04:00,7704.25,7704.75,7703.75,7704.5,223
2026-09-08 08:28:00-04:00,7704.25,7704.25,7703.0,7703.25,123
2026-09-08 08:29:00-04:00,7703.25,7705.5,7703.25,7705.25,495
2026-09-08 08:30:00-04:00,7705.5,7706.75,7704.75,7706.5,557
2026-09-08 08:31:00-04:00,7706.5,7707.25,7705.75,7707.0,506
2026-09-08 08:32:00-04:00,7707.25,7709.75,7707.25,7709.75,718
2026-09-08 08:33:00-04:00,7709.5,7710.0,7707.75,7709.0,1404
2026-09-08 08:34:00-04:00,7709.0,7709.0,7707.25,7708.25,296
2026-09-08 08:35:00-04:00,7708.25,7708.5,7707.5,7708.25,183
2026-09-08 08:36:00-04:00,7708.0,7709.75,7708.0,7709.0,494
2026-09-08 08:37:00-04:00,7709.25,7709.25,7708.0,7709.0,182
2026-09-08 08:38:00-04:00,7709.0,7709.0,7707.5,7707.5,181
2026-09-08 08:39:00-04:00,7707.5,7709.5,7707.5,7709.25,215
2026-09-08 08:40:00-04:00,7709.25,7710.0,7708.0,7708.75,291
2026-09-08 08:41:00-04:00,7708.5,7709.5,7708.0,7709.5,200
2026-09-08 08:42:00-04:00,7709.25,7710.0,7709.0,7709.75,242
2026-09-08 08:43:00-04:00,7709.5,7709.75,7708.25,7709.5,407
2026-09-08 08:44:00-04:00,7709.5,7710.5,7709.25,7710.25,210
2026-09-08 08:45:00-04:00,7710.5,7710.5,7709.0,7709.5,295
2026-09-08 08:46:00-04:00,7709.75,7710.0,7708.75,7709.5,360
2026-09-08 08:47:00-04:00,7709.5,7710.0,7708.75,7709.25,282
2026-09-08 08:48:00-04:00,7709.25,7711.25,7708.5,7711.25,513
2026-09-08 08:49:00-04:00,7711.25,7712.25,7710.75,7711.75,710
2026-09-08 08:50:00-04:00,7712.0,7712.25,7711.75,7712.25,323
2026-09-08 08:51:00-04:00,7712.25,7713.0,7710.75,7711.0,450
2026-09-08 08:52:00-04:00,7711.25,7712.5,7710.25,7712.5,409
2026-09-08 08:53:00-04:00,7712.25,7712.25,7710.5,7712.0,581
2026-09-08 08:54:00-04:00,7712.0,7713.75,7711.5,7713.75,560
2026-09-08 08:55:00-04:00,7713.5,7713.75,7711.5,7712.25,508
2026-09-08 08:56:00-04:00,7712.5,7713.0,7711.75,7712.75,536
2026-09-08 08:57:00-04:00,7712.25,7713.5,7712.25,7713.5,293
2026-09-08 08:58:00-04:00,7713.5,7714.0,7712.25,7712.5,483
2026-09-08 08:59:00-04:00,7712.5,7714.25,7712.5,7714.0,623
2026-09-08 09:00:00-04:00,7714.0,7714.25,7712.5,7713.75,729
2026-09-08 09:01:00-04:00,7714.0,7714.5,7713.25,7713.75,505
2026-09-08 09:02:00-04:00,7713.75,7713.75,7710.75,7711.5,1075
2026-09-08 09:03:00-04:00,7711.5,7712.25,7710.75,7712.0,513
2026-09-08 09:04:00-04:00,7711.75,7713.25,7711.75,7713.25,538
2026-09-08 09:05:00-04:00,7713.0,7714.25,7712.25,7714.0,1075
2026-09-08 09:06:00-04:00,7714.25,7714.5,7713.5,7714.0,819
2026-09-08 09:07:00-04:00,7714.0,7714.25,7712.75,7713.5,607
2026-09-08 09:08:00-04:00,7713.75,7714.75,7713.5,7714.0,583
2026-09-08 09:09:00-04:00,7713.75,7714.0,7712.25,7712.75,607
2026-09-08 09:10:00-04:00,7713.0,7713.75,7712.75,7713.5,244
2026-09-08 09:11:00-04:00,7713.5,7715.0,7713.5,7714.25,657
2026-09-08 09:12:00-04:00,7714.25,7714.75,7713.25,7713.25,638
2026-09-08 09:13:00-04:00,7713.25,7713.5,7713.0,7713.25,222
2026-09-08 09:14:00-04:00,7713.25,7713.75,7713.0,7713.5,200
2026-09-08 09:15:00-04:00,7713.5,7714.25,7712.75,7714.25,384
2026-09-08 09:16:00-04:00,7714.5,7715.5,7713.75,7714.0,898
2026-09-08 09:17:00-04:00,7714.0,7714.25,7713.0,7713.5,479
2026-09-08 09:18:00-04:00,7713.5,7714.75,7713.25,7714.5,215
2026-09-08 09:19:00-04:00,7714.75,7715.5,7714.25,7715.5,279
2026-09-08 09:20:00-04:00,7715.0,7715.25,7714.25,7714.75,357
2026-09-08 09:21:00-04:00,7714.75,7715.0,7713.75,7714.25,257
2026-09-08 09:22:00-04:00,7714.5,7715.0,7714.0,7714.75,264
2026-09-08 09:23:00-04:00,7714.75,7715.75,7714.75,7715.0,387
2026-09-08 09:24:00-04:00,7715.0,7715.0,7713.25,7713.75,631
2026-09-08 09:25:00-04:00,7714.0,7715.75,7713.75,7715.25,943
2026-09-08 09:26:00-04:00,7715.0,7715.25,7714.25,7714.75,346
2026-09-08 09:27:00-04:00,7714.75,7714.75,7712.5,7713.5,1564
2026-09-08 09:28:00-04:00,7713.25,7713.5,7710.75,7712.0,2338
2026-09-08 09:29:00-04:00,7712.0,7713.0,7711.0,7711.25,1163
2026-09-08 09:30:00-04:00,7711.25,7717.75,7711.25,7713.75,10321
2026-09-08 09:31:00-04:00,7713.75,7715.0,7708.5,7709.25,8228
2026-09-08 09:32:00-04:00,7709.25,7712.5,7708.5,7709.0,5321
2026-09-08 09:33:00-04:00,7709.0,7710.5,7707.0,7710.0,4803
2026-09-08 09:34:00-04:00,7709.75,7711.0,7708.0,7708.75,3711
2026-09-08 09:35:00-04:00,7708.5,7708.5,7704.75,7705.75,6567
2026-09-08 09:36:00-04:00,7705.5,7706.25,7703.25,7704.0,4539
2026-09-08 09:37:00-04:00,7704.0,7705.75,7701.75,7705.5,4186
2026-09-08 09:38:00-04:00,7705.5,7707.75,7704.5,7707.25,3904
2026-09-08 09:39:00-04:00,7707.25,7708.0,7701.5,7702.0,4554
2026-09-08 09:40:00-04:00,7702.0,7702.0,7697.0,7697.5,6597
2026-09-08 09:41:00-04:00,7697.25,7697.75,7695.25,7695.25,6610
2026-09-08 09:42:00-04:00,7695.25,7695.5,7691.25,7693.0,7166
2026-09-08 09:43:00-04:00,7692.75,7695.5,7691.75,7695.0,4125
2026-09-08 09:44:00-04:00,7694.75,7695.25,7692.5,7693.25,3598
2026-09-08 09:45:00-04:00,7693.25,7697.75,7692.25,7696.5,5471
2026-09-08 09:46:00-04:00,7696.25,7698.75,7692.75,7695.0,4822
2026-09-08 09:47:00-04:00,7695.0,7696.5,7693.25,7694.5,2731
2026-09-08 09:48:00-04:00,7694.5,7697.0,7694.0,7696.25,2126
2026-09-08 09:49:00-04:00,7696.0,7697.75,7694.75,7697.75,2868
2026-09-08 09:50:00-04:00,7697.75,7697.75,7692.0,7692.75,4087
2026-09-08 09:51:00-04:00,7692.75,7693.0,7690.0,7691.75,4738
2026-09-08 09:52:00-04:00,7692.0,7693.5,7690.5,7691.0,3475
2026-09-08 09:53:00-04:00,7690.75,7691.0,7688.5,7690.0,4709
2026-09-08 09:54:00-04:00,7690.0,7694.0,7689.75,7694.0,4257
2026-09-08 09:55:00-04:00,7694.0,7699.75,7693.25,7699.75,6725
2026-09-08 09:56:00-04:00,7699.5,7700.25,7697.25,7698.25,3847
2026-09-08 09:57:00-04:00,7698.0,7701.25,7697.5,7700.0,3464
2026-09-08 09:58:00-04:00,7700.0,7700.25,7697.5,7698.75,2601
2026-09-08 09:59:00-04:00,7698.75,7698.75,7694.25,7694.75,3746
2026-09-08 10:00:00-04:00,7695.0,7697.0,7693.5,7695.25,4827
2026-09-08 10:01:00-04:00,7695.25,7695.5,7689.0,7689.5,4960
2026-09-08 10:02:00-04:00,7689.25,7689.25,7686.25,7688.5,8063
2026-09-08 10:03:00-04:00,7688.75,7689.75,7686.75,7688.25,4647
2026-09-08 10:04:00-04:00,7688.5,7690.5,7685.75,7690.25,4706
2026-09-08 10:05:00-04:00,7690.25,7691.0,7687.5,7689.25,4219
2026-09-08 10:06:00-04:00,7689.5,7689.75,7686.25,7686.75,3706
2026-09-08 10:07:00-04:00,7686.75,7688.25,7685.25,7686.5,4167
2026-09-08 10:08:00-04:00,7686.5,7687.75,7685.25,7686.25,2592
2026-09-08 10:09:00-04:00,7686.25,7687.0,7684.0,7684.5,4366
2026-09-08 10:10:00-04:00,7684.5,7684.5,7680.75,7682.75,6468
2026-09-08 10:11:00-04:00,7683.0,7684.25,7680.0,7680.0,4724
2026-09-08 10:12:00-04:00,7680.0,7685.5,7680.0,7685.25,4264
2026-09-08 10:13:00-04:00,7685.5,7688.25,7685.0,7687.25,4213
2026-09-08 10:14:00-04:00,7687.5,7688.0,7684.0,7685.0,3321
2026-09-08 10:15:00-04:00,7684.75,7687.0,7684.25,7686.75,2899
2026-09-08 10:16:00-04:00,7686.75,7688.0,7684.75,7686.0,2788
2026-09-08 10:17:00-04:00,7685.75,7685.75,7683.5,7683.75,3018
2026-09-08 10:18:00-04:00,7683.75,7684.25,7681.25,7683.5,3250
2026-09-08 10:19:00-04:00,7683.5,7686.25,7682.5,7685.75,2881
2026-09-08 10:20:00-04:00,7685.5,7686.75,7683.25,7686.75,2501
2026-09-08 10:21:00-04:00,7687.0,7689.0,7686.5,7687.5,4086
2026-09-08 10:22:00-04:00,7687.75,7689.25,7686.5,7687.5,2158
2026-09-08 10:23:00-04:00,7687.25,7690.0,7686.25,7689.75,3887
2026-09-08 10:24:00-04:00,7689.75,7691.75,7689.25,7691.25,3528
2026-09-08 10:25:00-04:00,7691.5,7692.0,7689.75,7690.25,3364
2026-09-08 10:26:00-04:00,7690.5,7690.75,7686.5,7686.5,4208
2026-09-08 10:27:00-04:00,7686.5,7687.25,7684.5,7684.5,3330
2026-09-08 10:28:00-04:00,7684.75,7686.75,7684.5,7685.25,2243
2026-09-08 10:29:00-04:00,7685.0,7687.75,7684.25,7687.5,3069
2026-09-08 10:30:00-04:00,7687.5,7689.5,7685.0,7685.5,3581
2026-09-08 10:31:00-04:00,7685.5,7687.0,7684.5,7687.0,2049
2026-09-08 10:32:00-04:00,7687.0,7688.25,7685.25,7687.0,2187
2026-09-08 10:33:00-04:00,7687.0,7688.25,7684.75,7688.25,1773
2026-09-08 10:34:00-04:00,7688.25,7691.0,7687.25,7690.5,2332
2026-09-08 10:35:00-04:00,7690.25,7690.5,7687.5,7689.75,2502
2026-09-08 10:36:00-04:00,7689.75,7690.0,7687.0,7689.0,2032
2026-09-08 10:37:00-04:00,7688.75,7689.25,7686.75,7689.25,1602
2026-09-08 10:38:00-04:00,7689.0,7691.25,7686.75,7691.0,2292
2026-09-08 10:39:00-04:00,7691.0,7691.25,7688.75,7689.0,1662
2026-09-08 10:40:00-04:00,7689.0,7690.25,7688.0,7689.5,2267
2026-09-08 10:41:00-04:00,7689.5,7692.0,7689.0,7691.0,2935
2026-09-08 10:42:00-04:00,7691.0,7693.0,7690.0,7690.75,3257
2026-09-08 10:43:00-04:00,7690.75,7691.0,7689.25,7690.0,1917
2026-09-08 10:44:00-04:00,7690.0,7692.25,7689.5,7691.5,1744
2026-09-08 10:45:00-04:00,7691.5,7691.75,7686.75,7689.5,4858
2026-09-08 10:46:00-04:00,7689.0,7691.5,7688.75,7690.0,2154
2026-09-08 10:47:00-04:00,7690.0,7692.25,7689.5,7691.75,2029
2026-09-08 10:48:00-04:00,7691.5,7691.75,7690.25,7691.75,1383
2026-09-08 10:49:00-04:00,7691.5,7693.5,7691.0,7692.75,1977
2026-09-08 10:50:00-04:00,7692.75,7696.25,7692.25,7695.75,3726
2026-09-08 10:51:00-04:00,7696.0,7697.75,7695.25,7695.5,3680
2026-09-08 10:52:00-04:00,7695.5,7695.75,7693.0,7695.75,3456
2026-09-08 10:53:00-04:00,7695.75,7696.75,7695.5,7696.75,1852
2026-09-08 10:54:00-04:00,7696.75,7696.75,7695.25,7696.75,1258
2026-09-08 10:55:00-04:00,7696.75,7699.75,7696.75,7699.25,3857
2026-09-08 10:56:00-04:00,7699.0,7699.5,7697.75,7697.75,2421
2026-09-08 10:57:00-04:00,7697.75,7698.5,7694.5,7694.5,2964
2026-09-08 10:58:00-04:00,7694.75,7695.25,7693.5,7695.0,1908
2026-09-08 10:59:00-04:00,7694.5,7697.0,7694.0,7696.5,1679
2026-09-08 11:00:00-04:00,7697.0,7697.5,7695.5,7697.0,2363
2026-09-08 11:01:00-04:00,7697.0,7698.0,7696.75,7697.75,2034
2026-09-08 11:02:00-04:00,7697.5,7697.75,7695.25,7695.75,2170
2026-09-08 11:03:00-04:00,7695.75,7699.25,7695.75,7698.25,1805
2026-09-08 11:04:00-04:00,7698.25,7698.5,7697.0,7697.25,1302
2026-09-08 11:05:00-04:00,7697.0,7698.0,7696.5,7697.75,1535
2026-09-08 11:06:00-04:00,7697.75,7698.75,7696.0,7696.25,1569
2026-09-08 11:07:00-04:00,7696.25,7697.5,7696.0,7697.5,1167
2026-09-08 11:08:00-04:00,7697.25,7697.75,7696.5,7696.75,864
2026-09-08 11:09:00-04:00,7696.75,7697.25,7695.0,7697.0,1817
2026-09-08 11:10:00-04:00,7697.0,7700.75,7697.0,7700.5,3107
2026-09-08 11:11:00-04:00,7700.75,7701.75,7699.75,7700.5,3220
2026-09-08 11:12:00-04:00,7700.25,7702.0,7699.5,7701.5,1906
2026-09-08 11:13:00-04:00,7701.5,7703.75,7701.25,7703.25,3460
2026-09-08 11:14:00-04:00,7703.25,7703.5,7700.5,7700.75,2473
2026-09-08 11:15:00-04:00,7700.75,7702.5,7699.5,7702.5,2378
2026-09-08 11:16:00-04:00,7702.5,7703.25,7701.5,7702.5,2076
2026-09-08 11:17:00-04:00,7702.25,7703.5,7702.25,7703.5,1630
2026-09-08 11:18:00-04:00,7703.5,7704.0,7703.0,7703.0,1495
2026-09-08 11:19:00-04:00,7703.0,7703.25,7700.25,7701.25,1735
2026-09-08 11:20:00-04:00,7701.25,7701.5,7699.0,7699.75,2477
2026-09-08 11:21:00-04:00,7700.0,7700.25,7695.5,7695.75,4166
2026-09-08 11:22:00-04:00,7695.75,7696.0,7693.75,7694.5,3851
2026-09-08 11:23:00-04:00,7694.5,7697.75,7694.25,7697.5,2784
2026-09-08 11:24:00-04:00,7697.5,7700.75,7697.0,7700.25,2456
2026-09-08 11:25:00-04:00,7700.25,7704.75,7699.75,7701.0,6729
2026-09-08 11:26:00-04:00,7701.0,7702.5,7700.5,7701.25,3938
2026-09-08 11:27:00-04:00,7701.25,7701.25,7700.25,7700.75,1615
2026-09-08 11:28:00-04:00,7700.75,7701.75,7699.75,7700.5,1813
2026-09-08 11:29:00-04:00,7700.25,7700.25,7698.5,7698.5,2250
2026-09-08 11:30:00-04:00,7698.75,7701.5,7698.5,7699.75,2527
2026-09-08 11:31:00-04:00,7699.75,7700.75,7699.0,7699.5,1451
2026-09-08 11:32:00-04:00,7699.25,7699.75,7697.75,7698.5,1894
2026-09-08 11:33:00-04:00,7698.75,7698.75,7696.75,7697.75,1797
2026-09-08 11:34:00-04:00,7697.5,7699.0,7696.75,7699.0,1567
2026-09-08 11:35:00-04:00,7698.75,7699.0,7695.5,7696.0,2380
2026-09-08 11:36:00-04:00,7695.75,7696.0,7694.5,7695.25,1831
2026-09-08 11:37:00-04:00,7695.5,7696.0,7694.25,7695.75,1964
2026-09-08 11:38:00-04:00,7695.75,7695.75,7694.25,7694.75,1249
2026-09-08 11:39:00-04:00,7694.75,7695.75,7693.75,7695.75,1808
2026-09-08 11:40:00-04:00,7695.5,7696.25,7694.5,7696.0,1805
2026-09-08 11:41:00-04:00,7696.25,7699.5,7696.0,7699.25,2798
2026-09-08 11:42:00-04:00,7699.25,7701.0,7699.25,7700.0,2447
2026-09-08 11:43:00-04:00,7700.0,7700.5,7699.0,7699.75,1157
2026-09-08 11:44:00-04:00,7700.0,7700.75,7699.5,7700.5,899
2026-09-08 11:45:00-04:00,7700.5,7701.0,7699.25,7700.0,1530
2026-09-08 11:46:00-04:00,7700.25,7700.5,7697.5,7697.75,1966
2026-09-08 11:47:00-04:00,7697.75,7699.0,7696.25,7696.5,1595
2026-09-08 11:48:00-04:00,7696.5,7698.25,7695.75,7696.25,1506
2026-09-08 11:49:00-04:00,7696.0,7697.0,7695.25,7696.0,1821
2026-09-08 11:50:00-04:00,7696.0,7698.5,7695.5,7696.25,3099
2026-09-08 11:51:00-04:00,7696.5,7697.25,7695.75,7696.5,898
2026-09-08 11:52:00-04:00,7696.5,7697.5,7696.0,7696.75,956
2026-09-08 11:53:00-04:00,7696.75,7697.75,7696.0,7696.5,747
2026-09-08 11:54:00-04:00,7696.75,7697.0,7695.5,7696.0,729
2026-09-08 11:55:00-04:00,7696.0,7696.5,7695.0,7696.25,1212
2026-09-08 11:56:00-04:00,7696.25,7696.5,7695.75,7696.0,1141
2026-09-08 11:57:00-04:00,7696.0,7697.5,7696.0,7696.75,791
2026-09-08 11:58:00-04:00,7697.0,7697.75,7695.25,7695.5,1052
2026-09-08 11:59:00-04:00,7695.5,7695.5,7693.75,7694.25,1627
2026-09-08 12:00:00-04:00,7694.25,7694.5,7692.75,7693.0,3080
2026-09-08 12:01:00-04:00,7692.75,7693.75,7692.25,7693.5,2186
2026-09-08 12:02:00-04:00,7693.5,7694.25,7692.75,7694.0,1365
2026-09-08 12:03:00-04:00,7694.0,7694.75,7693.0,7694.5,1862
2026-09-08 12:04:00-04:00,7694.5,7697.0,7694.25,7697.0,2263
2026-09-08 12:05:00-04:00,7697.0,7698.5,7696.0,7698.5,2248
2026-09-08 12:06:00-04:00,7698.25,7698.5,7697.0,7698.0,1700
2026-09-08 12:07:00-04:00,7698.0,7698.25,7695.0,7697.0,2040
2026-09-08 12:08:00-04:00,7697.0,7697.25,7695.25,7695.25,1134
2026-09-08 12:09:00-04:00,7695.25,7695.5,7693.5,7693.75,1498
2026-09-08 12:10:00-04:00,7693.5,7694.0,7691.75,7692.0,2125
2026-09-08 12:11:00-04:00,7692.0,7692.25,7690.5,7691.25,2774
2026-09-08 12:12:00-04:00,7691.25,7692.75,7691.0,7691.5,1845
2026-09-08 12:13:00-04:00,7691.75,7693.75,7691.5,7693.5,1392
2026-09-08 12:14:00-04:00,7693.5,7693.5,7692.5,7692.75,721
2026-09-08 12:15:00-04:00,7692.75,7692.75,7691.25,7691.5,1520
2026-09-08 12:16:00-04:00,7691.5,7691.5,7688.25,7689.0,2730
2026-09-08 12:17:00-04:00,7689.25,7690.75,7688.75,7690.25,1740
2026-09-08 12:18:00-04:00,7690.25,7691.25,7689.5,7690.0,1324
2026-09-08 12:19:00-04:00,7690.0,7690.5,7689.25,7689.75,903
2026-09-08 12:20:00-04:00,7689.75,7692.25,7688.5,7692.25,2038
2026-09-08 12:21:00-04:00,7692.25,7693.25,7691.25,7692.25,1854
2026-09-08 12:22:00-04:00,7692.5,7694.5,7692.25,7694.0,1988
2026-09-08 12:23:00-04:00,7694.0,7694.75,7693.0,7694.5,1283
2026-09-08 12:24:00-04:00,7694.5,7694.75,7693.25,7694.25,1091
2026-09-08 12:25:00-04:00,7694.5,7697.0,7694.0,7696.25,3250
2026-09-08 12:26:00-04:00,7696.25,7696.5,7693.75,7693.75,1630
2026-09-08 12:27:00-04:00,7693.75,7694.5,7693.25,7693.5,968
2026-09-08 12:28:00-04:00,7693.5,7693.75,7692.5,7693.25,1343
2026-09-08 12:29:00-04:00,7693.25,7693.25,7691.25,7691.5,1629
2026-09-08 12:30:00-04:00,7691.75,7691.75,7690.5,7690.75,1625
2026-09-08 12:31:00-04:00,7691.0,7692.75,7690.75,7692.5,1580
2026-09-08 12:32:00-04:00,7692.25,7692.5,7690.75,7692.0,1050
2026-09-08 12:33:00-04:00,7692.0,7693.5,7691.75,7693.5,1435
2026-09-08 12:34:00-04:00,7693.5,7694.0,7692.5,7692.5,1216
2026-09-08 12:35:00-04:00,7692.5,7693.0,7691.25,7692.25,919
2026-09-08 12:36:00-04:00,7691.75,7692.5,7691.0,7691.75,828
2026-09-08 12:37:00-04:00,7691.75,7692.0,7691.0,7691.25,836
2026-09-08 12:38:00-04:00,7691.5,7691.75,7690.0,7691.25,1206
2026-09-08 12:39:00-04:00,7691.25,7691.5,7689.75,7690.5,1230
2026-09-08 12:40:00-04:00,7690.5,7692.25,7690.25,7690.25,1057
2026-09-08 12:41:00-04:00,7690.5,7691.0,7689.25,7690.5,968
2026-09-08 12:42:00-04:00,7690.75,7691.0,7689.75,7689.75,941
2026-09-08 12:43:00-04:00,7689.75,7690.5,7688.5,7690.5,1692
2026-09-08 12:44:00-04:00,7690.5,7690.75,7689.5,7690.75,1164
2026-09-08 12:45:00-04:00,7690.5,7691.75,7689.5,7690.0,1816
2026-09-08 12:46:00-04:00,7690.25,7691.75,7690.25,7691.5,1126
2026-09-08 12:47:00-04:00,7691.25,7693.25,7691.0,7692.5,1706
2026-09-08 12:48:00-04:00,7692.5,7693.75,7692.0,7692.25,1590
2026-09-08 12:49:00-04:00,7692.25,7693.0,7691.25,7693.0,1086
2026-09-08 12:50:00-04:00,7692.75,7696.75,7691.75,7694.75,8443
2026-09-08 12:51:00-04:00,7695.0,7695.0,7692.25,7692.25,2131
2026-09-08 12:52:00-04:00,7692.25,7692.5,7691.5,7692.25,1237
2026-09-08 12:53:00-04:00,7692.0,7694.5,7691.5,7694.5,1309
2026-09-08 12:54:00-04:00,7694.25,7694.75,7692.75,7693.0,841
2026-09-08 12:55:00-04:00,7693.25,7693.5,7692.25,7693.25,1216
2026-09-08 12:56:00-04:00,7693.0,7693.25,7687.0,7690.0,8650
2026-09-08 12:57:00-04:00,7689.75,7690.75,7689.5,7690.0,1781
2026-09-08 12:58:00-04:00,7690.25,7690.5,7689.25,7689.25,1277
2026-09-08 12:59:00-04:00,7689.5,7690.25,7685.75,7690.0,5378
2026-09-08 13:00:00-04:00,7690.0,7695.0,7689.5,7694.75,3304
2026-09-08 13:01:00-04:00,7695.0,7699.0,7694.0,7698.25,3673
2026-09-08 13:02:00-04:00,7698.5,7699.25,7697.5,7698.0,2163
2026-09-08 13:03:00-04:00,7698.0,7699.0,7697.0,7698.5,1365
2026-09-08 13:04:00-04:00,7698.5,7699.75,7697.75,7699.75,1365
2026-09-08 13:05:00-04:00,7699.5,7699.75,7698.75,7699.75,1276
2026-09-08 13:06:00-04:00,7699.75,7701.75,7698.25,7701.75,3026
2026-09-08 13:07:00-04:00,7701.75,7701.75,7698.75,7698.75,2120
2026-09-08 13:08:00-04:00,7698.75,7699.0,7696.25,7697.5,2240
2026-09-08 13:09:00-04:00,7697.5,7697.75,7696.0,7696.0,980
2026-09-08 13:10:00-04:00,7696.25,7697.75,7696.25,7697.25,1092
2026-09-08 13:11:00-04:00,7697.0,7697.75,7696.75,7697.0,748
2026-09-08 13:12:00-04:00,7697.0,7697.5,7695.75,7696.25,1090
2026-09-08 13:13:00-04:00,7696.5,7697.25,7695.5,7697.0,1083
2026-09-08 13:14:00-04:00,7697.25,7697.5,7696.5,7696.75,611
2026-09-08 13:15:00-04:00,7697.0,7697.75,7695.5,7696.5,887
2026-09-08 13:16:00-04:00,7696.75,7697.75,7696.5,7696.5,1164
2026-09-08 13:17:00-04:00,7696.75,7697.75,7696.5,7697.25,686
2026-09-08 13:18:00-04:00,7697.25,7697.5,7696.25,7696.25,629
2026-09-08 13:19:00-04:00,7696.25,7697.5,7696.25,7696.75,1077
2026-09-08 13:20:00-04:00,7696.5,7697.25,7695.5,7695.75,1179
2026-09-08 13:21:00-04:00,7695.75,7696.0,7694.75,7696.0,1532
2026-09-08 13:22:00-04:00,7696.0,7696.25,7695.25,7696.25,616
2026-09-08 13:23:00-04:00,7696.25,7696.75,7695.0,7696.25,1033
2026-09-08 13:24:00-04:00,7696.0,7697.75,7695.25,7696.75,1181
2026-09-08 13:25:00-04:00,7696.5,7697.0,7693.5,7693.75,1734
2026-09-08 13:26:00-04:00,7693.75,7694.0,7692.5,7693.0,1353
2026-09-08 13:27:00-04:00,7693.25,7694.0,7692.75,7693.5,933
2026-09-08 13:28:00-04:00,7693.5,7695.5,7693.25,7695.0,1101
2026-09-08 13:29:00-04:00,7695.0,7695.75,7694.5,7695.5,983
2026-09-08 13:30:00-04:00,7695.75,7697.0,7695.25,7696.5,1569
2026-09-08 13:31:00-04:00,7696.25,7696.5,7695.0,7696.0,1028
2026-09-08 13:32:00-04:00,7696.0,7697.5,7695.75,7697.0,1090
2026-09-08 13:33:00-04:00,7697.25,7698.25,7697.0,7697.75,1114
2026-09-08 13:34:00-04:00,7698.0,7699.0,7697.25,7697.5,1065
2026-09-08 13:35:00-04:00,7697.25,7698.5,7697.0,7698.25,1016
2026-09-08 13:36:00-04:00,7698.25,7698.5,7697.25,7697.75,632
2026-09-08 13:37:00-04:00,7697.75,7698.75,7697.5,7698.75,835
2026-09-08 13:38:00-04:00,7698.75,7699.5,7698.25,7698.25,1062
2026-09-08 13:39:00-04:00,7698.0,7698.75,7697.5,7697.5,698
2026-09-08 13:40:00-04:00,7697.75,7697.75,7695.75,7696.0,1428
2026-09-08 13:41:00-04:00,7695.75,7696.0,7694.75,7695.75,1216
2026-09-08 13:42:00-04:00,7695.75,7696.5,7695.25,7695.75,867
2026-09-08 13:43:00-04:00,7696.0,7696.25,7694.5,7694.5,558
2026-09-08 13:44:00-04:00,7694.5,7695.25,7693.75,7694.0,916
2026-09-08 13:45:00-04:00,7694.0,7695.25,7694.0,7694.25,809
2026-09-08 13:46:00-04:00,7694.5,7695.5,7694.0,7695.25,796
2026-09-08 13:47:00-04:00,7695.0,7696.0,7694.75,7695.75,1002
2026-09-08 13:48:00-04:00,7695.75,7697.0,7695.25,7695.75,722
2026-09-08 13:49:00-04:00,7695.75,7696.75,7695.25,7696.5,734
2026-09-08 13:50:00-04:00,7696.5,7697.0,7695.25,7696.25,697
2026-09-08 13:51:00-04:00,7696.25,7697.0,7695.5,7697.0,643
2026-09-08 13:52:00-04:00,7697.0,7698.75,7697.0,7698.25,1092
2026-09-08 13:53:00-04:00,7698.25,7699.0,7697.0,7699.0,712
2026-09-08 13:54:00-04:00,7698.75,7698.75,7697.75,7698.25,775
2026-09-08 13:55:00-04:00,7698.25,7698.25,7696.75,7696.75,876
2026-09-08 13:56:00-04:00,7697.0,7697.25,7695.5,7695.75,1299
2026-09-08 13:57:00-04:00,7695.5,7696.5,7695.25,7696.0,715
2026-09-08 13:58:00-04:00,7696.0,7696.5,7695.5,7696.25,726
2026-09-08 13:59:00-04:00,7696.25,7696.75,7695.0,7695.25,835
2026-09-08 14:00:00-04:00,7695.0,7697.0,7695.0,7695.5,1073
2026-09-08 14:01:00-04:00,7695.75,7696.75,7695.0,7695.5,741
2026-09-08 14:02:00-04:00,7695.75,7696.25,7695.25,7696.0,593
2026-09-08 14:03:00-04:00,7696.0,7696.75,7695.5,7695.5,574
2026-09-08 14:04:00-04:00,7695.25,7696.75,7695.25,7696.75,435
2026-09-08 14:05:00-04:00,7696.5,7697.75,7696.0,7697.75,811
2026-09-08 14:06:00-04:00,7698.0,7698.5,7697.25,7698.25,943
2026-09-08 14:07:00-04:00,7698.5,7698.75,7697.0,7697.5,964
2026-09-08 14:08:00-04:00,7697.5,7698.25,7697.0,7697.5,505
2026-09-08 14:09:00-04:00,7697.5,7698.75,7697.5,7698.0,667
2026-09-08 14:10:00-04:00,7698.25,7699.25,7698.0,7698.75,1056
2026-09-08 14:11:00-04:00,7698.75,7699.25,7698.25,7699.0,928
2026-09-08 14:12:00-04:00,7699.0,7699.25,7698.5,7698.5,732
2026-09-08 14:13:00-04:00,7698.25,7698.5,7697.25,7697.25,992
2026-09-08 14:14:00-04:00,7697.25,7698.5,7697.25,7698.25,572
2026-09-08 14:15:00-04:00,7698.0,7698.75,7697.75,7698.25,576
2026-09-08 14:16:00-04:00,7698.25,7699.5,7698.0,7698.5,742
2026-09-08 14:17:00-04:00,7698.5,7698.75,7697.5,7698.0,446
2026-09-08 14:18:00-04:00,7697.75,7698.0,7697.25,7697.25,530
2026-09-08 14:19:00-04:00,7697.5,7698.75,7697.25,7698.5,541
2026-09-08 14:20:00-04:00,7698.5,7699.25,7698.25,7699.25,530
2026-09-08 14:21:00-04:00,7699.25,7699.25,7697.5,7697.75,482
2026-09-08 14:22:00-04:00,7697.75,7698.5,7696.75,7697.5,886
2026-09-08 14:23:00-04:00,7697.5,7697.5,7696.5,7696.5,941
2026-09-08 14:24:00-04:00,7696.5,7697.0,7696.0,7696.25,597
2026-09-08 14:25:00-04:00,7696.25,7697.25,7695.5,7697.0,1013
2026-09-08 14:26:00-04:00,7697.0,7697.25,7696.5,7696.75,663
2026-09-08 14:27:00-04:00,7696.75,7697.75,7696.5,7697.25,1104
2026-09-08 14:28:00-04:00,7697.25,7697.5,7696.75,7697.0,581
2026-09-08 14:29:00-04:00,7697.0,7698.5,7696.5,7698.0,810
2026-09-08 14:30:00-04:00,7698.25,7698.5,7696.25,7696.5,908
2026-09-08 14:31:00-04:00,7696.5,7697.0,7696.0,7696.75,627
2026-09-08 14:32:00-04:00,7696.5,7697.25,7696.5,7697.0,360
2026-09-08 14:33:00-04:00,7697.0,7697.75,7696.25,7696.5,502
2026-09-08 14:34:00-04:00,7696.5,7696.75,7695.5,7695.75,573
2026-09-08 14:35:00-04:00,7695.5,7695.75,7693.5,7693.5,1673
2026-09-08 14:36:00-04:00,7693.5,7694.75,7693.0,7694.25,1576
2026-09-08 14:37:00-04:00,7694.0,7694.5,7693.5,7694.0,669
2026-09-08 14:38:00-04:00,7693.75,7694.75,7693.75,7694.0,918
2026-09-08 14:39:00-04:00,7694.0,7694.25,7691.75,7692.25,1884
2026-09-08 14:40:00-04:00,7692.5,7692.5,7691.5,7691.75,1181
2026-09-08 14:41:00-04:00,7691.75,7692.75,7691.0,7692.0,1078
2026-09-08 14:42:00-04:00,7692.0,7693.25,7691.75,7692.5,1110
2026-09-08 14:43:00-04:00,7692.75,7695.0,7692.5,7694.75,1643
2026-09-08 14:44:00-04:00,7694.75,7696.0,7694.5,7695.75,907
2026-09-08 14:45:00-04:00,7695.75,7696.75,7695.5,7695.5,1225
2026-09-08 14:46:00-04:00,7695.75,7696.5,7695.5,7696.5,976
2026-09-08 14:47:00-04:00,7696.5,7696.5,7690.25,7690.5,4377
2026-09-08 14:48:00-04:00,7690.75,7691.25,7680.25,7680.5,14528
2026-09-08 14:49:00-04:00,7680.5,7685.5,7676.75,7683.0,11211
2026-09-08 14:50:00-04:00,7683.25,7688.75,7683.25,7688.75,4045
2026-09-08 14:51:00-04:00,7688.75,7690.0,7686.25,7686.25,3441
2026-09-08 14:52:00-04:00,7686.25,7686.5,7682.25,7682.75,4229
2026-09-08 14:53:00-04:00,7682.75,7689.25,7682.5,7689.0,3300
2026-09-08 14:54:00-04:00,7689.0,7691.0,7688.5,7690.25,2546
2026-09-08 14:55:00-04:00,7690.25,7691.0,7689.25,7690.25,1499
2026-09-08 14:56:00-04:00,7690.25,7690.75,7689.0,7690.0,1199
2026-09-08 14:57:00-04:00,7690.25,7691.25,7689.75,7690.0,1365
2026-09-08 14:58:00-04:00,7689.75,7690.5,7688.25,7690.25,1861
2026-09-08 14:59:00-04:00,7690.25,7690.5,7687.75,7688.25,965
2026-09-08 15:00:00-04:00,7688.0,7689.75,7686.5,7687.5,2477
2026-09-08 15:01:00-04:00,7687.5,7689.0,7686.0,7688.5,1970
2026-09-08 15:02:00-04:00,7688.5,7688.75,7687.5,7688.25,892
2026-09-08 15:03:00-04:00,7688.25,7689.0,7687.0,7687.5,1120
2026-09-08 15:04:00-04:00,7687.75,7687.75,7685.25,7686.75,1420
2026-09-08 15:05:00-04:00,7686.5,7687.75,7686.0,7687.5,1346
2026-09-08 15:06:00-04:00,7687.5,7689.0,7687.0,7687.25,1328
2026-09-08 15:07:00-04:00,7687.5,7690.0,7687.0,7689.75,1340
2026-09-08 15:08:00-04:00,7689.75,7689.75,7688.75,7689.25,824
2026-09-08 15:09:00-04:00,7689.25,7690.25,7688.5,7688.75,1120
2026-09-08 15:10:00-04:00,7688.75,7691.25,7688.25,7691.0,1824
2026-09-08 15:11:00-04:00,7691.0,7691.5,7690.0,7690.75,1396
2026-09-08 15:12:00-04:00,7690.75,7691.0,7690.0,7690.5,666
2026-09-08 15:13:00-04:00,7690.5,7691.0,7689.5,7690.0,902
2026-09-08 15:14:00-04:00,7690.0,7690.25,7688.75,7689.5,955
2026-09-08 15:15:00-04:00,7689.5,7690.25,7688.75,7689.75,1022
2026-09-08 15:16:00-04:00,7689.75,7690.75,7689.0,7690.5,798
2026-09-08 15:17:00-04:00,7690.25,7690.25,7687.75,7689.0,1127
2026-09-08 15:18:00-04:00,7688.75,7688.75,7686.5,7687.5,1227
2026-09-08 15:19:00-04:00,7687.5,7688.25,7687.0,7687.5,1181
2026-09-08 15:20:00-04:00,7687.25,7687.75,7686.5,7687.5,884
2026-09-08 15:21:00-04:00,7687.75,7689.5,7687.25,7688.75,1571
2026-09-08 15:22:00-04:00,7688.75,7689.0,7686.5,7687.5,1227
2026-09-08 15:23:00-04:00,7687.5,7688.0,7687.0,7687.25,519
2026-09-08 15:24:00-04:00,7687.25,7687.25,7685.5,7686.0,1230
2026-09-08 15:25:00-04:00,7686.25,7686.75,7685.75,7686.5,613
2026-09-08 15:26:00-04:00,7686.75,7687.75,7685.75,7687.5,1306
2026-09-08 15:27:00-04:00,7687.5,7689.75,7687.0,7689.25,1605
2026-09-08 15:28:00-04:00,7689.0,7689.25,7687.5,7689.0,993
2026-09-08 15:29:00-04:00,7689.0,7691.25,7688.75,7690.5,1644
2026-09-08 15:30:00-04:00,7690.5,7690.5,7687.75,7688.75,1812
2026-09-08 15:31:00-04:00,7688.75,7690.25,7688.0,7690.0,918
2026-09-08 15:32:00-04:00,7690.25,7691.75,7689.75,7690.75,1384
2026-09-08 15:33:00-04:00,7690.5,7691.5,7690.0,7691.25,772
2026-09-08 15:34:00-04:00,7691.25,7692.25,7690.25,7691.5,985
2026-09-08 15:35:00-04:00,7691.5,7692.0,7688.75,7689.0,1521
2026-09-08 15:36:00-04:00,7689.0,7690.0,7688.25,7688.5,1083
2026-09-08 15:37:00-04:00,7688.75,7689.75,7688.5,7689.25,773
2026-09-08 15:38:00-04:00,7689.5,7690.5,7688.75,7690.0,1185
2026-09-08 15:39:00-04:00,7690.0,7690.75,7689.5,7690.5,821
2026-09-08 15:40:00-04:00,7690.5,7691.5,7689.75,7691.25,1201
2026-09-08 15:41:00-04:00,7691.25,7691.5,7688.5,7689.25,1004
2026-09-08 15:42:00-04:00,7689.25,7689.5,7687.5,7688.75,1180
2026-09-08 15:43:00-04:00,7688.5,7689.25,7687.75,7688.25,608
2026-09-08 15:44:00-04:00,7688.25,7689.0,7688.0,7689.0,444
2026-09-08 15:45:00-04:00,7688.75,7689.75,7685.5,7685.5,5150
2026-09-08 15:46:00-04:00,7685.5,7686.25,7684.5,7686.0,3127
2026-09-08 15:47:00-04:00,7685.75,7686.0,7685.25,7685.5,1682
2026-09-08 15:48:00-04:00,7685.25,7685.5,7683.5,7685.5,1928
2026-09-08 15:49:00-04:00,7685.25,7686.5,7684.5,7686.0,2205
2026-09-08 15:50:00-04:00,7686.0,7687.0,7678.75,7682.5,12414
2026-09-08 15:51:00-04:00,7682.5,7683.75,7680.0,7681.25,3675
2026-09-08 15:52:00-04:00,7681.25,7681.75,7679.25,7680.0,2494
2026-09-08 15:53:00-04:00,7679.75,7680.25,7678.0,7678.75,3762
2026-09-08 15:54:00-04:00,7678.75,7678.75,7676.0,7678.0,6494
2026-09-08 15:55:00-04:00,7678.0,7681.5,7677.5,7681.0,6465
2026-09-08 15:56:00-04:00,7681.0,7681.25,7678.75,7680.25,2784
2026-09-08 15:57:00-04:00,7680.5,7681.25,7677.75,7678.0,2279
2026-09-08 15:58:00-04:00,7678.0,7678.5,7674.5,7675.25,4699
2026-09-08 15:59:00-04:00,7675.25,7683.0,7672.25,7681.25,20752
2026-09-08 16:00:00-04:00,7681.0,7683.0,7679.5,7681.25,4874
2026-09-08 16:01:00-04:00,7681.0,7681.25,7679.5,7680.0,848
2026-09-08 16:02:00-04:00,7680.25,7680.25,7678.5,7679.5,1310
2026-09-08 16:03:00-04:00,7679.5,7679.5,7676.25,7676.25,1027
2026-09-08 16:04:00-04:00,7676.25,7677.5,7675.25,7676.5,899
2026-09-08 16:05:00-04:00,7676.25,7676.25,7674.0,7674.75,754
2026-09-08 16:06:00-04:00,7674.75,7676.0,7674.75,7675.75,446
2026-09-08 16:07:00-04:00,7675.5,7677.75,7675.5,7677.25,458
2026-09-08 16:08:00-04:00,7677.25,7678.0,7677.25,7677.75,245
2026-09-08 16:09:00-04:00,7677.75,7678.25,7677.25,7677.75,281
2026-09-08 16:10:00-04:00,7677.5,7679.25,7676.75,7678.5,664
2026-09-08 16:11:00-04:00,7678.5,7679.0,7677.5,7678.5,419
2026-09-08 16:12:00-04:00,7678.5,7678.5,7677.25,7677.75,249
2026-09-08 16:13:00-04:00,7677.75,7678.0,7677.25,7677.75,183
2026-09-08 16:14:00-04:00,7677.5,7679.0,7677.5,7678.75,341
2026-09-08 16:15:00-04:00,7678.75,7679.5,7678.0,7678.0,449
2026-09-08 16:16:00-04:00,7678.25,7678.25,7677.0,7677.75,332
2026-09-08 16:17:00-04:00,7678.0,7679.25,7678.0,7678.75,260
2026-09-08 16:18:00-04:00,7678.75,7679.0,7678.25,7678.75,284
2026-09-08 16:19:00-04:00,7678.75,7679.0,7678.5,7678.75,141
2026-09-08 16:20:00-04:00,7679.0,7679.75,7678.75,7678.75,166
2026-09-08 16:21:00-04:00,7679.0,7679.0,7678.25,7678.25,81
2026-09-08 16:22:00-04:00,7678.25,7679.25,7678.25,7679.25,99
2026-09-08 16:23:00-04:00,7679.25,7679.5,7678.75,7678.75,92
2026-09-08 16:24:00-04:00,7679.0,7679.25,7678.5,7679.0,123
2026-09-08 16:25:00-04:00,7678.75,7679.25,7677.0,7679.25,760
2026-09-08 16:26:00-04:00,7679.0,7679.5,7678.75,7679.0,143
2026-09-08 16:27:00-04:00,7678.75,7679.25,7678.75,7678.75,30
2026-09-08 16:28:00-04:00,7678.75,7679.25,7675.0,7677.0,2268
2026-09-08 16:29:00-04:00,7677.0,7677.25,7675.5,7675.5,437
2026-09-08 16:30:00-04:00,7675.75,7676.0,7674.25,7674.25,1247
2026-09-08 16:31:00-04:00,7674.5,7675.25,7674.0,7675.0,396
2026-09-08 16:32:00-04:00,7675.25,7675.75,7675.0,7675.0,266
2026-09-08 16:33:00-04:00,7675.0,7675.75,7674.75,7675.25,181
2026-09-08 16:34:00-04:00,7675.0,7675.75,7675.0,7675.75,146
2026-09-08 16:35:00-04:00,7675.75,7676.25,7675.5,7676.25,185
2026-09-08 16:36:00-04:00,7676.25,7676.75,7676.0,7676.75,141
2026-09-08 16:37:00-04:00,7676.75,7677.5,7676.75,7677.5,235
2026-09-08 16:38:00-04:00,7677.5,7677.5,7677.0,7677.25,144
2026-09-08 16:39:00-04:00,7677.25,7677.25,7676.5,7676.75,86
2026-09-08 16:40:00-04:00,7676.75,7677.0,7676.5,7676.75,101
2026-09-08 16:41:00-04:00,7676.75,7677.0,7676.5,7677.0,101
2026-09-08 16:42:00-04:00,7677.25,7677.25,7676.25,7676.75,192
2026-09-08 16:43:00-04:00,7676.75,7677.25,7676.5,7677.25,115
2026-09-08 16:44:00-04:00,7677.25,7677.75,7677.0,7677.5,286
2026-09-08 16:45:00-04:00,7677.75,7678.0,7677.25,7677.5,521
2026-09-08 16:46:00-04:00,7677.5,7677.75,7677.0,7677.25,197
2026-09-08 16:47:00-04:00,7677.25,7677.75,7677.0,7677.0,121
2026-09-08 16:48:00-04:00,7677.0,7677.25,7676.75,7677.25,95
2026-09-08 16:49:00-04:00,7677.0,7677.5,7676.75,7676.75,229
2026-09-08 16:50:00-04:00,7676.75,7677.5,7676.75,7677.25,95
2026-09-08 16:51:00-04:00,7677.25,7678.0,7677.25,7677.75,172
2026-09-08 16:52:00-04:00,7677.5,7678.0,7677.5,7677.75,118
2026-09-08 16:53:00-04:00,7678.0,7678.25,7677.75,7678.25,86
2026-09-08 16:54:00-04:00,7678.25,7678.25,7677.5,7677.5,136
2026-09-08 16:55:00-04:00,7677.5,7678.0,7677.5,7677.5,162
2026-09-08 16:56:00-04:00,7677.5,7678.25,7677.5,7678.0,144
2026-09-08 16:57:00-04:00,7678.25,7678.75,7678.25,7678.5,181
2026-09-08 16:58:00-04:00,7678.75,7679.25,7678.5,7679.25,99
2026-09-08 16:59:00-04:00,7679.0,7679.0,7678.0,7678.5,323
2026-09-08 18:00:00-04:00,7680.25,7680.75,7676.5,7677.0,0
2026-09-08 18:01:00-04:00,7677.0,7678.5,7676.25,7678.0,340
2026-09-08 18:02:00-04:00,7678.0,7679.5,7677.75,7679.0,254
2026-09-08 18:03:00-04:00,7679.25,7680.5,7678.75,7680.25,250
2026-09-08 18:04:00-04:00,7680.25,7680.5,7679.25,7680.0,195
2026-09-08 18:05:00-04:00,7679.75,7680.0,7679.25,7679.5,173
2026-09-08 18:06:00-04:00,7679.75,7680.0,7678.25,7680.0,161
2026-09-08 18:07:00-04:00,7680.0,7680.25,7679.25,7680.0,118
2026-09-08 18:08:00-04:00,7679.75,7679.75,7679.0,7679.5,63
2026-09-08 18:09:00-04:00,7679.25,7679.75,7679.0,7679.25,75
2026-09-08 18:10:00-04:00,7679.5,7679.5,7678.75,7679.0,90
2026-09-08 18:11:00-04:00,7679.0,7679.25,7678.75,7679.25,37
2026-09-08 18:12:00-04:00,7679.0,7679.25,7678.25,7678.5,106
2026-09-08 18:13:00-04:00,7678.75,7679.25,7678.5,7678.5,71
2026-09-08 18:14:00-04:00,7678.5,7678.75,7678.25,7678.5,35
2026-09-08 18:15:00-04:00,7678.25,7679.0,7678.0,7678.5,116
2026-09-08 18:16:00-04:00,7678.75,7679.75,7678.75,7679.25,98
2026-09-08 18:17:00-04:00,7679.5,7679.5,7679.0,7679.5,41
2026-09-08 18:18:00-04:00,7679.5,7679.75,7679.25,7679.5,64
2026-09-08 18:19:00-04:00,7679.5,7680.0,7679.0,7679.0,64
2026-09-08 18:20:00-04:00,7679.25,7679.25,7678.75,7679.0,45
2026-09-08 18:21:00-04:00,7678.75,7679.5,7678.75,7679.5,75
2026-09-08 18:22:00-04:00,7679.0,7679.25,7677.5,7677.5,207
2026-09-08 18:23:00-04:00,7677.75,7679.25,7677.75,7678.75,171
2026-09-08 18:24:00-04:00,7678.5,7679.25,7678.5,7678.75,55
2026-09-08 18:25:00-04:00,7679.0,7679.5,7679.0,7679.25,76
2026-09-08 18:26:00-04:00,7679.5,7680.25,7679.25,7679.75,139
2026-09-08 18:27:00-04:00,7679.5,7680.0,7679.5,7679.75,83
2026-09-08 18:28:00-04:00,7679.75,7680.25,7679.75,7680.0,35
2026-09-08 18:29:00-04:00,7679.75,7680.25,7679.25,7679.5,58
2026-09-08 18:30:00-04:00,7679.5,7679.75,7679.25,7679.5,103
2026-09-08 18:31:00-04:00,7679.25,7679.25,7678.75,7679.0,87
2026-09-08 18:32:00-04:00,7679.0,7679.0,7678.5,7679.0,61
2026-09-08 18:33:00-04:00,7679.0,7679.5,7678.25,7679.5,156
2026-09-08 18:34:00-04:00,7679.5,7679.75,7679.25,7679.75,99
2026-09-08 18:35:00-04:00,7679.75,7679.75,7679.5,7679.5,99
2026-09-08 18:36:00-04:00,7679.5,7679.75,7679.5,7679.75,14
2026-09-08 18:37:00-04:00,7679.75,7681.25,7679.5,7679.5,457
2026-09-08 18:38:00-04:00,7679.5,7679.75,7679.25,7679.25,53
2026-09-08 18:39:00-04:00,7679.5,7679.5,7679.25,7679.25,55
2026-09-08 18:40:00-04:00,7679.5,7680.0,7679.5,7680.0,32
2026-09-08 18:41:00-04:00,7679.75,7680.0,7679.75,7680.0,68
2026-09-08 18:42:00-04:00,7680.0,7680.0,7679.5,7679.75,119
2026-09-08 18:43:00-04:00,7679.75,7680.0,7679.25,7679.5,27
2026-09-08 18:44:00-04:00,7679.5,7679.75,7679.5,7679.5,64
2026-09-08 18:45:00-04:00,7679.25,7679.5,7679.25,7679.5,10
2026-09-08 18:46:00-04:00,7679.5,7679.75,7679.5,7679.75,55
2026-09-08 18:47:00-04:00,7679.75,7679.75,7679.5,7679.5,48
2026-09-08 18:48:00-04:00,7679.5,7680.0,7679.5,7679.75,53
2026-09-08 18:49:00-04:00,7680.0,7680.25,7680.0,7680.25,50
2026-09-08 18:50:00-04:00,7680.0,7680.75,7679.75,7680.25,91
2026-09-08 18:51:00-04:00,7680.5,7681.0,7680.5,7681.0,139
2026-09-08 18:52:00-04:00,7681.0,7681.25,7680.75,7680.75,170
2026-09-08 18:53:00-04:00,7680.75,7680.75,7680.5,7680.75,52
2026-09-08 18:54:00-04:00,7680.75,7680.75,7680.5,7680.75,70
2026-09-08 18:55:00-04:00,7680.75,7681.0,7680.5,7680.75,60
2026-09-08 18:56:00-04:00,7680.5,7681.75,7680.5,7681.5,335
2026-09-08 18:57:00-04:00,7681.75,7682.75,7681.5,7682.25,316
2026-09-08 18:58:00-04:00,7682.5,7682.75,7682.25,7682.5,63
2026-09-08 18:59:00-04:00,7682.5,7682.75,7682.5,7682.75,76
2026-09-08 19:00:00-04:00,7682.5,7682.75,7682.25,7682.5,218
2026-09-08 19:01:00-04:00,7682.5,7682.5,7681.75,7681.75,163
2026-09-08 19:02:00-04:00,7681.5,7682.0,7681.5,7681.5,94
2026-09-08 19:03:00-04:00,7681.5,7681.75,7681.25,7681.25,94
2026-09-08 19:04:00-04:00,7681.25,7681.5,7680.5,7681.0,226
2026-09-08 19:05:00-04:00,7681.0,7681.5,7681.0,7681.0,63
2026-09-08 19:06:00-04:00,7681.0,7681.25,7681.0,7681.0,43
2026-09-08 19:07:00-04:00,7681.0,7681.25,7681.0,7681.0,17
2026-09-08 19:08:00-04:00,7681.25,7681.25,7681.0,7681.25,52
2026-09-08 19:09:00-04:00,7681.25,7681.5,7680.75,7680.75,89
2026-09-08 19:10:00-04:00,7681.25,7681.25,7680.75,7681.0,27
2026-09-08 19:11:00-04:00,7680.75,7680.75,7680.0,7680.25,155
2026-09-08 19:12:00-04:00,7680.25,7680.75,7680.25,7680.5,40
2026-09-08 19:13:00-04:00,7680.5,7680.5,7680.25,7680.5,41
2026-09-08 19:14:00-04:00,7680.5,7680.75,7680.25,7680.25,51
2026-09-08 19:15:00-04:00,7680.25,7680.5,7679.75,7679.75,97
2026-09-08 19:16:00-04:00,7679.75,7680.0,7679.5,7680.0,110
2026-09-08 19:17:00-04:00,7679.75,7680.0,7679.75,7679.75,43
2026-09-08 19:18:00-04:00,7679.5,7679.75,7678.5,7679.25,246
2026-09-08 19:19:00-04:00,7679.25,7679.5,7679.0,7679.5,69
2026-09-08 19:20:00-04:00,7679.0,7679.5,7678.75,7679.0,111
2026-09-08 19:21:00-04:00,7679.0,7679.25,7678.5,7678.5,113
2026-09-08 19:22:00-04:00,7678.5,7679.0,7678.5,7678.75,69
2026-09-08 19:23:00-04:00,7678.75,7679.0,7678.0,7678.75,175
2026-09-08 19:24:00-04:00,7678.75,7679.5,7678.75,7679.25,136
2026-09-08 19:25:00-04:00,7679.25,7679.25,7678.0,7678.25,211
2026-09-08 19:26:00-04:00,7678.25,7678.5,7677.5,7677.75,318
2026-09-08 19:27:00-04:00,7678.0,7678.0,7677.5,7678.0,205
2026-09-08 19:28:00-04:00,7677.75,7678.0,7677.75,7677.75,105
2026-09-08 19:29:00-04:00,7677.75,7678.0,7677.5,7678.0,109
2026-09-08 19:30:00-04:00,7678.0,7678.75,7677.75,7678.0,142
2026-09-08 19:31:00-04:00,7678.0,7678.25,7677.75,7678.0,91
2026-09-08 19:32:00-04:00,7677.75,7677.75,7677.5,7677.5,101
2026-09-08 19:33:00-04:00,7677.75,7677.75,7677.0,7677.25,147
2026-09-08 19:34:00-04:00,7677.5,7677.5,7677.25,7677.25,46
2026-09-08 19:35:00-04:00,7677.25,7677.25,7676.5,7676.5,181
2026-09-08 19:36:00-04:00,7676.5,7677.0,7676.5,7677.0,271
2026-09-08 19:37:00-04:00,7676.75,7677.0,7676.5,7676.5,71
2026-09-08 19:38:00-04:00,7676.25,7676.5,7675.5,7675.5,201
2026-09-08 19:39:00-04:00,7675.75,7676.75,7675.5,7676.25,196
2026-09-08 19:40:00-04:00,7676.25,7676.5,7675.5,7676.5,169
2026-09-08 19:41:00-04:00,7676.5,7677.0,7676.25,7676.75,156
2026-09-08 19:42:00-04:00,7676.5,7677.25,7676.5,7677.0,143
2026-09-08 19:43:00-04:00,7677.0,7677.0,7676.25,7676.25,63
2026-09-08 19:44:00-04:00,7676.25,7676.5,7675.75,7676.0,52
2026-09-08 19:45:00-04:00,7676.0,7676.75,7675.75,7676.5,143
2026-09-08 19:46:00-04:00,7676.25,7676.25,7675.0,7676.0,316
2026-09-08 19:47:00-04:00,7676.0,7676.0,7675.5,7676.0,52
2026-09-08 19:48:00-04:00,7676.0,7676.25,7674.5,7675.0,323
2026-09-08 19:49:00-04:00,7674.75,7675.25,7674.25,7675.0,270
2026-09-08 19:50:00-04:00,7675.25,7675.75,7674.75,7675.0,339
2026-09-08 19:51:00-04:00,7675.0,7675.25,7674.75,7674.75,92
2026-09-08 19:52:00-04:00,7674.5,7674.75,7673.5,7673.5,221
2026-09-08 19:53:00-04:00,7673.75,7674.5,7673.5,7674.0,143
2026-09-08 19:54:00-04:00,7674.0,7674.0,7673.0,7673.25,128
2026-09-08 19:55:00-04:00,7673.25,7674.75,7673.25,7674.25,350
2026-09-08 19:56:00-04:00,7674.25,7674.5,7673.25,7673.75,123
2026-09-08 19:57:00-04:00,7673.75,7673.75,7672.75,7672.75,124
2026-09-08 19:58:00-04:00,7673.0,7673.75,7672.75,7673.25,171
2026-09-08 19:59:00-04:00,7673.25,7674.75,7673.25,7674.75,194
2026-09-08 20:00:00-04:00,7674.75,7677.25,7674.5,7677.0,660
2026-09-08 20:01:00-04:00,7676.75,7678.5,7676.75,7677.5,485
2026-09-08 20:02:00-04:00,7678.0,7680.0,7678.0,7679.25,593
2026-09-08 20:03:00-04:00,7679.25,7682.0,7679.25,7681.75,665
2026-09-08 20:04:00-04:00,7681.5,7682.0,7680.75,7682.0,352
2026-09-08 20:05:00-04:00,7682.0,7683.25,7681.75,7683.25,553
2026-09-08 20:06:00-04:00,7683.25,7683.5,7682.75,7683.5,324
2026-09-08 20:07:00-04:00,7683.5,7684.25,7682.5,7683.0,416
2026-09-08 20:08:00-04:00,7683.25,7683.5,7682.75,7682.75,225
2026-09-08 20:09:00-04:00,7682.75,7682.75,7680.75,7681.25,562
2026-09-08 20:10:00-04:00,7681.0,7682.0,7680.25,7681.75,405
2026-09-08 20:11:00-04:00,7681.5,7683.0,7681.25,7683.0,314
2026-09-08 20:12:00-04:00,7682.75,7682.75,7682.0,7682.0,173
2026-09-08 20:13:00-04:00,7682.25,7682.5,7681.75,7682.5,208
2026-09-08 20:14:00-04:00,7682.5,7682.5,7681.0,7681.0,253
2026-09-08 20:15:00-04:00,7681.0,7681.25,7677.0,7677.75,1081
2026-09-08 20:16:00-04:00,7677.75,7678.5,7676.75,7677.75,395
2026-09-08 20:17:00-04:00,7677.75,7677.75,7676.25,7677.5,353
2026-09-08 20:18:00-04:00,7677.5,7677.75,7677.0,7677.25,207
2026-09-08 20:19:00-04:00,7677.25,7678.75,7677.0,7678.25,216
2026-09-08 20:20:00-04:00,7678.25,7678.75,7677.75,7678.5,164
2026-09-08 20:21:00-04:00,7678.25,7679.5,7677.5,7679.25,237
2026-09-08 20:22:00-04:00,7679.0,7679.25,7677.75,7678.25,106
2026-09-08 20:23:00-04:00,7678.5,7679.5,7678.0,7678.5,76
2026-09-08 20:24:00-04:00,7678.25,7678.75,7678.0,7678.5,149
2026-09-08 20:25:00-04:00,7678.0,7678.0,7677.25,7677.5,159
2026-09-08 20:26:00-04:00,7677.5,7678.25,7676.25,7676.5,205
2026-09-08 20:27:00-04:00,7676.5,7677.5,7676.5,7677.5,101
2026-09-08 20:28:00-04:00,7677.75,7678.5,7677.25,7678.0,122
2026-09-08 20:29:00-04:00,7677.75,7678.25,7677.25,7678.25,78
2026-09-08 20:30:00-04:00,7678.0,7678.5,7677.5,7677.5,109
2026-09-08 20:31:00-04:00,7677.25,7677.5,7675.5,7675.5,307
2026-09-08 20:32:00-04:00,7675.75,7677.25,7675.0,7677.25,288
2026-09-08 20:33:00-04:00,7677.0,7678.0,7677.0,7677.75,162
2026-09-08 20:34:00-04:00,7677.75,7677.75,7676.5,7677.5,132
2026-09-08 20:35:00-04:00,7677.0,7677.75,7676.5,7676.5,80
2026-09-08 20:36:00-04:00,7676.75,7677.0,7675.75,7676.0,127
2026-09-08 20:37:00-04:00,7676.0,7677.25,7675.75,7676.0,168
2026-09-08 20:38:00-04:00,7676.0,7676.75,7675.75,7676.75,79
2026-09-08 20:39:00-04:00,7676.75,7678.5,7676.75,7678.25,326
2026-09-08 20:40:00-04:00,7678.25,7678.25,7676.75,7676.75,111
2026-09-08 20:41:00-04:00,7676.75,7677.5,7676.25,7677.5,202
2026-09-08 20:42:00-04:00,7677.75,7678.75,7677.25,7677.75,207
2026-09-08 20:43:00-04:00,7678.0,7679.0,7677.75,7679.0,86
2026-09-08 20:44:00-04:00,7678.75,7680.25,7678.75,7680.0,293
2026-09-08 20:45:00-04:00,7680.0,7680.25,7679.75,7679.75,166
2026-09-08 20:46:00-04:00,7679.75,7680.0,7678.75,7679.25,155
2026-09-08 20:47:00-04:00,7679.0,7679.5,7678.75,7679.25,54
2026-09-08 20:48:00-04:00,7679.25,7679.5,7678.5,7678.75,58
2026-09-08 20:49:00-04:00,7679.0,7679.5,7678.75,7679.5,57
2026-09-08 20:50:00-04:00,7679.75,7681.75,7679.75,7681.25,499
2026-09-08 20:51:00-04:00,7681.0,7681.25,7680.75,7681.0,116
2026-09-08 20:52:00-04:00,7681.0,7682.25,7680.75,7682.25,177
2026-09-08 20:53:00-04:00,7682.25,7682.5,7681.75,7682.0,260
2026-09-08 20:54:00-04:00,7682.0,7682.75,7681.75,7682.25,303
2026-09-08 20:55:00-04:00,7682.25,7682.5,7681.75,7682.0,166
2026-09-08 20:56:00-04:00,7682.0,7682.25,7681.25,7681.25,248
2026-09-08 20:57:00-04:00,7681.25,7681.75,7681.0,7681.25,127
2026-09-08 20:58:00-04:00,7681.25,7682.0,7681.0,7682.0,61
2026-09-08 20:59:00-04:00,7681.75,7682.5,7681.25,7682.25,135
2026-09-08 21:00:00-04:00,7682.5,7683.75,7681.5,7683.75,367
2026-09-08 21:01:00-04:00,7683.75,7683.75,7681.75,7682.0,426
2026-09-08 21:02:00-04:00,7682.0,7683.0,7681.5,7682.5,190
2026-09-08 21:03:00-04:00,7682.5,7683.5,7681.75,7682.0,176
2026-09-08 21:04:00-04:00,7682.25,7682.5,7681.5,7682.0,186
2026-09-08 21:05:00-04:00,7682.0,7682.25,7681.25,7681.25,120
2026-09-08 21:06:00-04:00,7681.25,7683.75,7681.25,7683.5,278
2026-09-08 21:07:00-04:00,7683.5,7683.75,7682.5,7683.5,188
2026-09-08 21:08:00-04:00,7683.25,7683.75,7683.25,7683.25,134
2026-09-08 21:09:00-04:00,7683.5,7683.75,7683.0,7683.5,94
2026-09-08 21:10:00-04:00,7683.5,7684.25,7683.5,7684.0,239
2026-09-08 21:11:00-04:00,7684.25,7684.25,7683.5,7683.75,70
2026-09-08 21:12:00-04:00,7683.5,7684.0,7683.25,7684.0,181
2026-09-08 21:13:00-04:00,7684.0,7684.0,7683.25,7683.75,98
2026-09-08 21:14:00-04:00,7683.75,7683.75,7683.0,7683.25,84
2026-09-08 21:15:00-04:00,7683.5,7683.5,7683.0,7683.25,90
2026-09-08 21:16:00-04:00,7683.25,7684.0,7682.75,7683.0,182
2026-09-08 21:17:00-04:00,7683.25,7683.5,7682.75,7683.25,70
2026-09-08 21:18:00-04:00,7683.25,7684.25,7683.25,7684.25,171
2026-09-08 21:19:00-04:00,7684.25,7684.75,7683.75,7684.5,322
2026-09-08 21:20:00-04:00,7684.75,7685.0,7684.25,7684.75,242
2026-09-08 21:21:00-04:00,7685.0,7685.0,7684.25,7684.5,235
2026-09-08 21:22:00-04:00,7684.75,7684.75,7684.5,7684.75,116
2026-09-08 21:23:00-04:00,7684.75,7685.25,7684.75,7685.25,163
2026-09-08 21:24:00-04:00,7685.25,7686.5,7685.0,7686.25,768
2026-09-08 21:25:00-04:00,7686.0,7686.25,7685.5,7686.0,261
2026-09-08 21:26:00-04:00,7686.0,7687.0,7685.75,7686.25,863
2026-09-08 21:27:00-04:00,7686.5,7687.25,7686.0,7686.75,448
2026-09-08 21:28:00-04:00,7686.75,7686.75,7686.0,7686.0,99
2026-09-08 21:29:00-04:00,7686.0,7686.25,7685.75,7685.75,143
2026-09-08 21:30:00-04:00,7685.75,7686.0,7685.0,7685.75,386
2026-09-08 21:31:00-04:00,7685.75,7686.0,7684.75,7684.75,158
2026-09-08 21:32:00-04:00,7684.75,7685.75,7684.75,7685.75,168
2026-09-08 21:33:00-04:00,7685.75,7687.25,7685.25,7687.0,223
2026-09-08 21:34:00-04:00,7687.0,7687.0,7686.5,7686.75,164
2026-09-08 21:35:00-04:00,7686.5,7687.75,7686.5,7687.5,329
2026-09-08 21:36:00-04:00,7687.5,7688.0,7687.25,7687.5,248
2026-09-08 21:37:00-04:00,7687.25,7687.5,7686.75,7687.5,95
2026-09-08 21:38:00-04:00,7687.25,7687.5,7686.0,7686.5,248
2026-09-08 21:39:00-04:00,7686.25,7687.0,7686.0,7687.0,163
2026-09-08 21:40:00-04:00,7687.0,7687.0,7685.75,7686.0,170
2026-09-08 21:41:00-04:00,7686.0,7686.25,7684.5,7684.75,266
2026-09-08 21:42:00-04:00,7684.75,7685.0,7684.5,7684.75,125
2026-09-08 21:43:00-04:00,7685.0,7685.5,7684.75,7685.25,63
2026-09-08 21:44:00-04:00,7685.25,7685.5,7684.5,7684.5,81
2026-09-08 21:45:00-04:00,7684.75,7686.5,7684.75,7686.25,193
2026-09-08 21:46:00-04:00,7686.5,7687.0,7686.25,7686.5,187
2026-09-08 21:47:00-04:00,7686.5,7686.5,7686.0,7686.25,92
2026-09-08 21:48:00-04:00,7686.0,7686.0,7685.25,7685.5,81
2026-09-08 21:49:00-04:00,7685.5,7686.25,7685.5,7686.0,82
2026-09-08 21:50:00-04:00,7686.0,7686.25,7685.0,7685.0,133
2026-09-08 21:51:00-04:00,7685.0,7685.25,7683.75,7684.0,328
2026-09-08 21:52:00-04:00,7684.0,7684.0,7683.5,7683.75,136
2026-09-08 21:53:00-04:00,7683.75,7685.0,7683.5,7684.75,234
2026-09-08 21:54:00-04:00,7684.75,7685.25,7684.25,7684.5,112
2026-09-08 21:55:00-04:00,7684.5,7685.0,7684.5,7684.75,52
2026-09-08 21:56:00-04:00,7684.75,7685.5,7684.75,7685.5,73
2026-09-08 21:57:00-04:00,7685.25,7685.5,7684.0,7684.25,119
2026-09-08 21:58:00-04:00,7684.25,7684.75,7684.25,7684.5,83
2026-09-08 21:59:00-04:00,7684.25,7685.25,7684.25,7685.25,68
2026-09-08 22:00:00-04:00,7685.25,7685.75,7684.75,7685.75,136
2026-09-08 22:01:00-04:00,7685.5,7686.5,7685.25,7686.5,165
2026-09-08 22:02:00-04:00,7686.5,7686.5,7686.0,7686.0,64
2026-09-08 22:03:00-04:00,7686.0,7686.25,7685.75,7686.25,55
2026-09-08 22:04:00-04:00,7686.25,7687.25,7686.0,7686.75,291
2026-09-08 22:05:00-04:00,7686.75,7686.75,7685.25,7685.5,234
2026-09-08 22:06:00-04:00,7685.5,7686.75,7685.5,7686.75,110
2026-09-08 22:07:00-04:00,7686.5,7686.5,7686.5,7686.5,50
2026-09-08 22:08:00-04:00,7686.5,7687.0,7686.0,7687.0,214
2026-09-08 22:09:00-04:00,7687.0,7687.0,7686.5,7686.75,224
2026-09-08 22:10:00-04:00,7686.75,7687.0,7686.75,7686.75,34
2026-09-08 22:11:00-04:00,7686.75,7687.0,7686.25,7686.25,85
2026-09-08 22:12:00-04:00,7686.5,7686.75,7686.0,7686.25,99
2026-09-08 22:13:00-04:00,7686.0,7686.25,7684.0,7684.0,284
2026-09-08 22:14:00-04:00,7684.0,7684.5,7684.0,7684.25,142
2026-09-08 22:15:00-04:00,7684.5,7684.75,7684.0,7684.0,146
2026-09-08 22:16:00-04:00,7684.0,7684.25,7682.5,7683.5,802
2026-09-08 22:17:00-04:00,7683.5,7683.75,7683.0,7683.5,196
2026-09-08 22:18:00-04:00,7683.5,7684.25,7683.25,7684.25,126
2026-09-08 22:19:00-04:00,7684.25,7684.5,7683.75,7684.25,106
2026-09-08 22:20:00-04:00,7684.5,7684.75,7684.0,7684.75,194
2026-09-08 22:21:00-04:00,7684.75,7685.0,7684.5,7684.75,160
2026-09-08 22:22:00-04:00,7684.75,7685.0,7684.5,7684.75,76
2026-09-08 22:23:00-04:00,7684.75,7685.75,7684.5,7685.5,127
2026-09-08 22:24:00-04:00,7685.5,7685.75,7685.25,7685.75,105
2026-09-08 22:25:00-04:00,7685.5,7686.0,7685.5,7685.5,175
2026-09-08 22:26:00-04:00,7685.5,7686.0,7685.5,7685.5,138
2026-09-08 22:27:00-04:00,7685.75,7685.75,7685.25,7685.5,54
2026-09-08 22:28:00-04:00,7685.25,7685.5,7685.0,7685.5,60
2026-09-08 22:29:00-04:00,7685.5,7685.5,7684.75,7685.25,73
2026-09-08 22:30:00-04:00,7685.5,7685.75,7684.75,7685.25,23
2026-09-08 22:31:00-04:00,7685.25,7686.0,7685.25,7685.25,86
2026-09-08 22:32:00-04:00,7685.5,7685.75,7685.25,7685.25,32
2026-09-08 22:33:00-04:00,7685.25,7686.0,7685.0,7685.75,34
2026-09-08 22:34:00-04:00,7685.5,7685.75,7685.25,7685.25,24
2026-09-08 22:35:00-04:00,7685.25,7685.5,7684.75,7685.25,101
2026-09-08 22:36:00-04:00,7685.25,7685.25,7684.75,7685.0,76
2026-09-08 22:37:00-04:00,7684.75,7685.0,7684.75,7685.0,18
2026-09-08 22:38:00-04:00,7685.0,7685.25,7684.25,7685.25,103
2026-09-08 22:39:00-04:00,7685.5,7685.5,7685.25,7685.5,34
2026-09-08 22:40:00-04:00,7685.25,7686.5,7685.25,7686.0,213
2026-09-08 22:41:00-04:00,7686.0,7686.0,7685.75,7686.0,49
2026-09-08 22:42:00-04:00,7686.0,7687.25,7686.0,7686.25,326
2026-09-08 22:43:00-04:00,7686.5,7687.0,7686.0,7687.0,79
2026-09-08 22:44:00-04:00,7686.75,7687.25,7686.5,7686.5,111
2026-09-08 22:45:00-04:00,7686.5,7686.5,7685.75,7686.25,74
2026-09-08 22:46:00-04:00,7686.25,7686.5,7686.25,7686.5,34
2026-09-08 22:47:00-04:00,7686.0,7686.75,7685.75,7686.75,130
2026-09-08 22:48:00-04:00,7686.75,7686.75,7686.5,7686.75,49
2026-09-08 22:49:00-04:00,7686.75,7687.0,7686.25,7686.5,27
2026-09-08 22:50:00-04:00,7686.25,7687.0,7686.25,7687.0,66
2026-09-08 22:51:00-04:00,7687.0,7687.0,7686.5,7686.75,26
2026-09-08 22:52:00-04:00,7686.75,7687.25,7686.5,7687.25,65
2026-09-08 22:53:00-04:00,7687.25,7687.5,7686.5,7686.5,70
2026-09-08 22:54:00-04:00,7686.5,7686.75,7686.5,7686.5,23
2026-09-08 22:55:00-04:00,7686.25,7686.5,7686.0,7686.25,96
2026-09-08 22:56:00-04:00,7686.25,7686.25,7685.75,7686.25,65
2026-09-08 22:57:00-04:00,7686.25,7686.25,7685.75,7685.75,109
2026-09-08 22:58:00-04:00,7685.75,7686.25,7685.75,7686.25,43
2026-09-08 22:59:00-04:00,7686.25,7686.25,7686.0,7686.0,31
2026-09-08 23:00:00-04:00,7686.0,7686.25,7685.75,7686.25,98
2026-09-08 23:01:00-04:00,7686.25,7686.5,7685.75,7685.75,78
2026-09-08 23:02:00-04:00,7685.5,7685.5,7684.5,7684.75,185
2026-09-08 23:03:00-04:00,7684.75,7685.0,7684.5,7684.75,63
2026-09-08 23:04:00-04:00,7684.75,7685.0,7683.75,7684.0,132
2026-09-08 23:05:00-04:00,7683.75,7684.25,7683.75,7684.0,92
2026-09-08 23:06:00-04:00,7684.25,7684.5,7684.0,7684.5,69
2026-09-08 23:07:00-04:00,7684.5,7684.5,7683.75,7684.0,46
2026-09-08 23:08:00-04:00,7683.75,7684.0,7683.0,7683.25,182
2026-09-08 23:09:00-04:00,7683.0,7683.5,7682.75,7683.5,126
2026-09-08 23:10:00-04:00,7683.75,7684.0,7683.25,7683.5,84
2026-09-08 23:11:00-04:00,7683.5,7685.0,7683.5,7684.75,127
2026-09-08 23:12:00-04:00,7685.0,7685.25,7683.5,7683.5,166
2026-09-08 23:13:00-04:00,7683.5,7684.0,7683.25,7684.0,112
2026-09-08 23:14:00-04:00,7684.0,7684.25,7683.5,7683.75,57
2026-09-08 23:15:00-04:00,7683.75,7684.5,7683.75,7684.25,138
2026-09-08 23:16:00-04:00,7684.25,7685.25,7684.25,7684.5,105
2026-09-08 23:17:00-04:00,7684.5,7685.0,7684.5,7684.75,44
2026-09-08 23:18:00-04:00,7684.75,7685.25,7684.75,7684.75,44
2026-09-08 23:19:00-04:00,7684.5,7684.75,7684.25,7684.5,26
2026-09-08 23:20:00-04:00,7684.5,7685.0,7684.25,7685.0,80
2026-09-08 23:21:00-04:00,7685.25,7685.25,7684.25,7684.5,106
2026-09-08 23:22:00-04:00,7684.75,7684.75,7684.25,7684.25,36
2026-09-08 23:23:00-04:00,7684.25,7685.0,7684.0,7684.75,55
2026-09-08 23:24:00-04:00,7684.75,7685.25,7684.5,7685.0,27
2026-09-08 23:25:00-04:00,7684.75,7685.0,7684.5,7684.75,21
2026-09-08 23:26:00-04:00,7684.5,7685.25,7684.5,7685.0,47
2026-09-08 23:27:00-04:00,7685.25,7685.75,7685.0,7685.5,120
2026-09-08 23:28:00-04:00,7685.5,7685.75,7685.5,7685.75,37
2026-09-08 23:29:00-04:00,7686.0,7686.0,7684.75,7684.75,167
2026-09-08 23:30:00-04:00,7685.0,7685.25,7683.75,7684.25,275
2026-09-08 23:31:00-04:00,7684.25,7685.5,7684.25,7685.0,61
2026-09-08 23:32:00-04:00,7684.75,7684.75,7684.25,7684.5,61
2026-09-08 23:33:00-04:00,7684.5,7684.5,7684.0,7684.5,23
2026-09-08 23:34:00-04:00,7684.75,7685.0,7684.5,7684.5,19
2026-09-08 23:35:00-04:00,7684.5,7685.5,7684.5,7685.25,33
2026-09-08 23:36:00-04:00,7685.25,7685.75,7685.0,7685.5,30
2026-09-08 23:37:00-04:00,7685.75,7685.75,7685.5,7685.5,56
2026-09-08 23:38:00-04:00,7685.75,7685.75,7684.75,7685.0,27
2026-09-08 23:39:00-04:00,7685.0,7686.0,7685.0,7685.5,81
2026-09-08 23:40:00-04:00,7685.5,7685.75,7685.25,7685.75,56
2026-09-08 23:41:00-04:00,7685.75,7686.0,7685.0,7685.75,50
2026-09-08 23:42:00-04:00,7685.75,7685.75,7685.5,7685.5,37
2026-09-08 23:43:00-04:00,7685.5,7685.75,7684.25,7684.5,30
2026-09-08 23:44:00-04:00,7684.75,7685.0,7684.75,7684.75,31
2026-09-08 23:45:00-04:00,7685.0,7685.0,7684.25,7684.25,28
2026-09-08 23:46:00-04:00,7684.25,7684.5,7683.5,7683.5,121
2026-09-08 23:47:00-04:00,7683.5,7685.0,7683.25,7684.75,92
2026-09-08 23:48:00-04:00,7684.5,7684.5,7683.5,7684.5,85
2026-09-08 23:49:00-04:00,7684.25,7684.5,7683.5,7683.5,182
2026-09-08 23:50:00-04:00,7683.75,7684.25,7683.5,7683.5,76
2026-09-08 23:51:00-04:00,7683.25,7683.5,7682.75,7683.0,158
2026-09-08 23:52:00-04:00,7683.25,7683.25,7682.5,7683.0,127
2026-09-08 23:53:00-04:00,7683.0,7683.25,7682.5,7682.75,113
2026-09-08 23:54:00-04:00,7683.0,7683.0,7682.0,7682.5,165
2026-09-08 23:55:00-04:00,7682.5,7683.5,7682.25,7683.5,79
2026-09-08 23:56:00-04:00,7683.5,7683.5,7682.5,7683.25,57
2026-09-08 23:57:00-04:00,7683.25,7683.5,7683.0,7683.25,32
2026-09-08 23:58:00-04:00,7683.5,7683.75,7683.0,7683.25,56
