,Open,High,Low,Close,Volume
2026-10-01 00:09:00-04:00,7749.25,7749.25,7748.75,7749.0,0
2026-10-01 00:10:00-04:00,7749.0,7749.5,7749.0,7749.25,95
2026-10-01 00:11:00-04:00,7749.25,7749.75,7749.0,7749.25,81
2026-10-01 00:12:00-04:00,7749.25,7749.5,7748.75,7749.25,63
2026-10-01 00:13:00-04:00,7749.25,7750.5,7749.0,7750.25,134
2026-10-01 00:14:00-04:00,7750.25,7750.25,7749.75,7750.0,66
2026-10-01 00:15:00-04:00,7749.75,7750.0,7747.75,7748.75,338
2026-10-01 00:16:00-04:00,7748.25,7748.5,7747.75,7748.0,102
2026-10-01 00:17:00-04:00,7748.0,7748.5,7747.75,7747.75,66
2026-10-01 00:18:00-04:00,7747.75,7748.25,7747.25,7748.0,90
2026-10-01 00:19:00-04:00,7748.25,7748.25,7747.75,7748.25,31
2026-10-01 00:20:00-04:00,7748.25,7748.5,7747.75,7748.5,65
2026-10-01 00:21:00-04:00,7748.25,7749.0,7748.25,7748.75,60
2026-10-01 00:22:00-04:00,7748.75,7749.25,7748.75,7749.0,69
2026-10-01 00:23:00-04:00,7748.75,7749.0,7748.25,7748.5,54
2026-10-01 00:24:00-04:00,7748.25,7748.75,7748.25,7748.5,40
2026-10-01 00:25:00-04:00,7748.5,7748.75,7748.25,7748.75,72
2026-10-01 00:26:00-04:00,7748.75,7749.25,7748.5,7748.75,88
2026-10-01 00:27:00-04:00,7749.0,7749.25,7748.75,7749.25,43
2026-10-01 00:28:00-04:00,7749.0,7749.75,7748.75,7749.25,162
2026-10-01 00:29:00-04:00,7749.25,7749.25,7748.75,7749.0,81
2026-10-01 00:30:00-04:00,7749.0,7749.5,7748.75,7749.25,51
2026-10-01 00:31:00-04:00,7749.25,7749.75,7749.25,7749.75,60
2026-10-01 00:32:00-04:00,7749.75,7749.75,7749.25,7749.25,18
2026-10-01 00:33:00-04:00,7749.25,7749.75,7749.25,7749.75,74
2026-10-01 00:34:00-04:00,7750.0,7751.5,7750.0,7751.25,485
2026-10-01 00:35:00-04:00,7751.25,7751.5,7750.5,7751.0,179
2026-10-01 00:36:00-04:00,7751.25,7751.75,7751.0,7751.25,83
2026-10-01 00:37:00-04:00,7751.5,7752.25,7751.0,7752.0,192
2026-10-01 00:38:00-04:00,7752.0,7752.25,7751.5,7751.5,113
2026-10-01 00:39:00-04:00,7751.25,7751.5,7750.75,7751.0,152
2026-10-01 00:40:00-04:00,7751.0,7751.25,7750.5,7751.0,167
2026-10-01 00:41:00-04:00,7751.0,7751.25,7750.0,7750.0,115
2026-10-01 00:42:00-04:00,7750.0,7750.25,7749.75,7750.25,176
2026-10-01 00:43:00-04:00,7750.5,7751.5,7750.5,7750.75,93
2026-10-01 00:44:00-04:00,7751.0,7751.5,7750.75,7751.5,37
2026-10-01 00:45:00-04:00,7751.25,7751.75,7751.0,7751.5,146
2026-10-01 00:46:00-04:00,7751.5,7752.5,7751.5,7752.5,144
2026-10-01 00:47:00-04:00,7752.25,7752.5,7752.0,7752.5,102
2026-10-01 00:48:00-04:00,7752.5,7752.75,7752.25,7752.75,89
2026-10-01 00:49:00-04:00,7752.5,7754.25,7752.25,7753.25,604
2026-10-01 00:50:00-04:00,7753.5,7754.0,7753.25,7753.25,179
2026-10-01 00:51:00-04:00,7753.5,7753.75,7752.75,7753.5,165
2026-10-01 00:52:00-04:00,7753.75,7754.0,7753.25,7754.0,158
2026-10-01 00:53:00-04:00,7753.75,7754.25,7753.5,7754.0,93
2026-10-01 00:54:00-04:00,7754.0,7754.5,7753.75,7754.0,157
2026-10-01 00:55:00-04:00,7754.0,7754.75,7753.5,7754.0,231
2026-10-01 00:56:00-04:00,7753.75,7753.75,7752.75,7753.0,211
2026-10-01 00:57:00-04:00,7753.0,7753.5,7752.75,7753.0,72
2026-10-01 00:58:00-04:00,7753.0,7753.75,7753.0,7753.75,114
2026-10-01 00:59:00-04:00,7753.75,7755.75,7753.75,7755.75,365
2026-10-01 01:00:00-04:00,7756.0,7756.5,7755.75,7756.0,347
2026-10-01 01:01:00-04:00,7756.5,7756.5,7755.5,7755.75,156
2026-10-01 01:02:00-04:00,7755.75,7756.25,7755.5,7755.75,52
2026-10-01 01:03:00-04:00,7756.0,7757.0,7756.0,7757.0,229
2026-10-01 01:04:00-04:00,7757.0,7757.5,7756.5,7757.5,201
2026-10-01 01:05:00-04:00,7757.5,7759.75,7757.5,7759.25,670
2026-10-01 01:06:00-04:00,7759.25,7759.75,7758.75,7759.0,275
2026-10-01 01:07:00-04:00,7758.75,7759.0,7758.25,7759.0,172
2026-10-01 01:08:00-04:00,7758.75,7759.0,7758.25,7758.25,93
2026-10-01 01:09:00-04:00,7758.5,7759.25,7758.5,7758.75,109
2026-10-01 01:10:00-04:00,7758.75,7759.0,7758.5,7759.0,84
2026-10-01 01:11:00-04:00,7759.0,7759.0,7758.0,7758.25,128
2026-10-01 01:12:00-04:00,7758.25,7758.25,7757.75,7758.0,125
2026-10-01 01:13:00-04:00,7758.5,7759.25,7758.25,7758.75,119
2026-10-01 01:14:00-04:00,7758.75,7759.25,7758.5,7759.0,100
2026-10-01 01:15:00-04:00,7759.25,7759.25,7758.5,7758.75,115
2026-10-01 01:16:00-04:00,7758.5,7759.5,7758.5,7759.25,80
2026-10-01 01:17:00-04:00,7759.25,7759.5,7759.0,7759.0,52
2026-10-01 01:18:00-04:00,7759.0,7759.75,7759.0,7759.5,159
2026-10-01 01:19:00-04:00,7759.5,7760.5,7759.25,7760.25,302
2026-10-01 01:20:00-04:00,7760.25,7760.5,7759.75,7760.25,139
2026-10-01 01:21:00-04:00,7760.25,7761.75,7760.25,7761.75,323
2026-10-01 01:22:00-04:00,7761.75,7762.0,7761.0,7761.5,230
2026-10-01 01:23:00-04:00,7761.5,7762.0,7761.5,7761.75,118
2026-10-01 01:24:00-04:00,7761.75,7762.25,7761.5,7761.5,172
2026-10-01 01:25:00-04:00,7761.75,7762.75,7761.5,7762.25,156
2026-10-01 01:26:00-04:00,7762.25,7763.0,7761.75,7763.0,112
2026-10-01 01:27:00-04:00,7763.0,7763.25,7761.75,7762.75,294
2026-10-01 01:28:00-04:00,7762.75,7764.25,7762.75,7764.25,466
2026-10-01 01:29:00-04:00,7764.25,7764.75,7763.75,7764.25,370
2026-10-01 01:30:00-04:00,7764.5,7764.75,7763.0,7763.75,242
2026-10-01 01:31:00-04:00,7764.0,7764.25,7763.25,7763.5,167
2026-10-01 01:32:00-04:00,7763.75,7764.25,7763.5,7763.75,151
2026-10-01 01:33:00-04:00,7764.0,7764.0,7763.0,7763.75,91
2026-10-01 01:34:00-04:00,7763.75,7765.5,7763.5,7765.5,374
2026-10-01 01:35:00-04:00,7765.25,7766.75,7765.0,7766.25,530
2026-10-01 01:36:00-04:00,7766.25,7766.75,7765.0,7765.0,185
2026-10-01 01:37:00-04:00,7764.75,7765.25,7764.5,7765.0,166
2026-10-01 01:38:00-04:00,7764.75,7765.25,7764.0,7765.0,139
2026-10-01 01:39:00-04:00,7765.0,7765.25,7764.5,7764.5,106
2026-10-01 01:40:00-04:00,7764.75,7765.75,7764.75,7765.75,149
2026-10-01 01:41:00-04:00,7765.75,7766.5,7765.25,7766.0,100
2026-10-01 01:42:00-04:00,7766.25,7766.25,7765.0,7765.25,224
2026-10-01 01:43:00-04:00,7765.25,7765.75,7764.25,7764.5,164
2026-10-01 01:44:00-04:00,7764.5,7764.5,7763.75,7764.0,251
2026-10-01 01:45:00-04:00,7764.25,7764.5,7762.25,7762.5,422
2026-10-01 01:46:00-04:00,7762.75,7762.75,7761.25,7762.0,487
2026-10-01 01:47:00-04:00,7762.0,7762.25,7760.75,7761.5,334
2026-10-01 01:48:00-04:00,7761.75,7762.25,7761.5,7761.5,147
2026-10-01 01:49:00-04:00,7761.25,7762.25,7760.75,7762.0,254
2026-10-01 01:50:00-04:00,7762.0,7764.0,7762.0,7763.5,322
2026-10-01 01:51:00-04:00,7763.5,7765.0,7763.25,7765.0,243
2026-10-01 01:52:00-04:00,7764.5,7765.0,7763.5,7764.0,124
2026-10-01 01:53:00-04:00,7763.75,7765.0,7763.75,7765.0,90
2026-10-01 01:54:00-04:00,7765.0,7765.0,7764.5,7764.5,310
2026-10-01 01:55:00-04:00,7764.5,7764.5,7763.25,7763.5,204
2026-10-01 01:56:00-04:00,7763.75,7764.0,7763.0,7763.25,105
2026-10-01 01:57:00-04:00,7763.0,7763.25,7762.5,7763.0,102
2026-10-01 01:58:00-04:00,7762.75,7764.0,7762.5,7763.75,141
2026-10-01 01:59:00-04:00,7763.5,7764.5,7763.25,7764.25,135
2026-10-01 02:00:00-04:00,7764.25,7767.5,7764.0,7767.5,861
2026-10-01 02:01:00-04:00,7767.5,7767.5,7766.25,7766.5,305
2026-10-01 02:02:00-04:00,7766.5,7766.5,7765.5,7766.25,193
2026-10-01 02:03:00-04:00,7766.0,7766.75,7765.5,7766.0,188
2026-10-01 02:04:00-04:00,7765.75,7766.5,7765.0,7766.25,124
2026-10-01 02:05:00-04:00,7766.25,7766.75,7765.25,7766.0,168
2026-10-01 02:06:00-04:00,7765.75,7766.0,7764.75,7765.0,122
2026-10-01 02:07:00-04:00,7764.75,7765.75,7764.75,7765.25,154
2026-10-01 02:08:00-04:00,7765.25,7765.75,7763.75,7764.75,170
2026-10-01 02:09:00-04:00,7764.5,7765.25,7764.25,7764.5,143
2026-10-01 02:10:00-04:00,7764.5,7766.0,7763.75,7766.0,404
2026-10-01 02:11:00-04:00,7766.0,7766.0,7764.5,7765.25,147
2026-10-01 02:12:00-04:00,7765.0,7765.25,7763.5,7764.0,130
2026-10-01 02:13:00-04:00,7763.75,7764.0,7762.75,7762.75,268
2026-10-01 02:14:00-04:00,7762.75,7764.25,7762.75,7763.25,116
2026-10-01 02:15:00-04:00,7763.0,7763.25,7761.75,7762.0,225
2026-10-01 02:16:00-04:00,7762.0,7762.5,7761.5,7762.5,160
2026-10-01 02:17:00-04:00,7762.5,7762.75,7762.0,7762.5,128
2026-10-01 02:18:00-04:00,7762.5,7762.5,7761.25,7761.75,178
2026-10-01 02:19:00-04:00,7762.0,7762.0,7760.75,7761.0,188
2026-10-01 02:20:00-04:00,7761.0,7761.25,7760.75,7761.0,121
2026-10-01 02:21:00-04:00,7760.75,7762.25,7760.75,7761.0,132
2026-10-01 02:22:00-04:00,7761.5,7762.5,7761.0,7762.25,137
2026-10-01 02:23:00-04:00,7762.25,7762.75,7761.75,7762.0,177
2026-10-01 02:24:00-04:00,7761.75,7762.25,7761.0,7761.0,171
2026-10-01 02:25:00-04:00,7761.0,7761.25,7759.5,7760.5,420
2026-10-01 02:26:00-04:00,7760.5,7760.75,7759.5,7759.75,256
2026-10-01 02:27:00-04:00,7759.75,7761.0,7759.5,7760.25,100
2026-10-01 02:28:00-04:00,7760.5,7762.25,7760.5,7762.0,260
2026-10-01 02:29:00-04:00,7762.25,7763.25,7762.0,7763.25,259
2026-10-01 02:30:00-04:00,7763.0,7764.25,7762.5,7762.5,427
2026-10-01 02:31:00-04:00,7762.5,7762.75,7761.0,7761.5,375
2026-10-01 02:32:00-04:00,7761.25,7761.75,7759.75,7760.0,271
2026-10-01 02:33:00-04:00,7760.25,7760.75,7759.0,7760.5,355
2026-10-01 02:34:00-04:00,7760.25,7761.0,7759.75,7760.5,136
2026-10-01 02:35:00-04:00,7760.5,7762.0,7760.0,7761.25,257
2026-10-01 02:36:00-04:00,7761.0,7761.0,7758.25,7758.5,296
2026-10-01 02:37:00-04:00,7758.5,7758.75,7757.25,7757.5,334
2026-10-01 02:38:00-04:00,7757.75,7757.75,7757.0,7757.25,134
2026-10-01 02:39:00-04:00,7757.0,7757.0,7753.5,7753.75,652
2026-10-01 02:40:00-04:00,7753.5,7754.0,7750.25,7750.5,630
2026-10-01 02:41:00-04:00,7750.5,7751.75,7749.5,7751.25,825
2026-10-01 02:42:00-04:00,7751.5,7752.75,7750.75,7752.25,352
2026-10-01 02:43:00-04:00,7752.0,7752.5,7751.5,7751.5,179
2026-10-01 02:44:00-04:00,7751.5,7753.75,7751.5,7753.25,252
2026-10-01 02:45:00-04:00,7753.25,7753.5,7752.0,7753.5,221
2026-10-01 02:46:00-04:00,7753.5,7754.75,7752.25,7752.5,416
2026-10-01 02:47:00-04:00,7752.25,7753.0,7752.25,7752.75,141
2026-10-01 02:48:00-04:00,7753.0,7754.0,7753.0,7753.0,157
2026-10-01 02:49:00-04:00,7753.0,7753.75,7751.25,7752.0,387
2026-10-01 02:50:00-04:00,7752.0,7753.0,7751.75,7752.75,113
2026-10-01 02:51:00-04:00,7753.0,7755.5,7753.0,7755.25,304
2026-10-01 02:52:00-04:00,7755.5,7756.0,7753.75,7753.75,220
2026-10-01 02:53:00-04:00,7754.0,7754.75,7752.0,7752.5,191
2026-10-01 02:54:00-04:00,7752.5,7753.25,7752.25,7752.5,153
2026-10-01 02:55:00-04:00,7753.0,7753.5,7751.75,7751.75,233
2026-10-01 02:56:00-04:00,7752.0,7752.75,7751.5,7752.75,237
2026-10-01 02:57:00-04:00,7752.75,7752.75,7750.5,7751.25,171
2026-10-01 02:58:00-04:00,7751.0,7752.75,7748.75,7748.75,337
2026-10-01 02:59:00-04:00,7749.0,7750.0,7748.25,7748.5,376
2026-10-01 03:00:00-04:00,7748.5,7752.0,7747.5,7749.5,1016
2026-10-01 03:01:00-04:00,7749.25,7749.75,7747.25,7748.0,346
2026-10-01 03:02:00-04:00,7747.75,7748.25,7746.5,7746.5,353
2026-10-01 03:03:00-04:00,7746.5,7749.25,7745.5,7749.25,665
2026-10-01 03:04:00-04:00,7749.0,7749.75,7747.75,7749.0,539
2026-10-01 03:05:00-04:00,7748.75,7751.25,7748.75,7749.0,769
2026-10-01 03:06:00-04:00,7749.0,7751.75,7749.0,7750.0,261
2026-10-01 03:07:00-04:00,7749.75,7750.25,7749.25,7750.0,175
2026-10-01 03:08:00-04:00,7749.5,7751.5,7749.25,7751.0,110
2026-10-01 03:09:00-04:00,7750.75,7752.5,7750.75,7750.75,343
2026-10-01 03:10:00-04:00,7750.75,7751.0,7749.5,7750.0,268
2026-10-01 03:11:00-04:00,7750.25,7751.25,7749.5,7749.5,157
2026-10-01 03:12:00-04:00,7749.25,7750.0,7743.5,7744.0,838
2026-10-01 03:13:00-04:00,7743.75,7744.25,7741.0,7741.0,645
2026-10-01 03:14:00-04:00,7741.25,7741.25,7736.5,7737.25,993
2026-10-01 03:15:00-04:00,7737.5,7738.0,7735.5,7736.25,616
2026-10-01 03:16:00-04:00,7736.25,7737.25,7734.5,7735.75,536
2026-10-01 03:17:00-04:00,7735.25,7735.25,7731.25,7731.25,812
2026-10-01 03:18:00-04:00,7731.5,7734.0,7730.75,7732.75,797
2026-10-01 03:19:00-04:00,7732.5,7732.75,7728.5,7729.5,771
2026-10-01 03:20:00-04:00,7729.25,7730.0,7727.75,7728.0,463
2026-10-01 03:21:00-04:00,7727.75,7728.25,7725.75,7726.75,714
2026-10-01 03:22:00-04:00,7726.75,7727.5,7723.75,7726.25,888
2026-10-01 03:23:00-04:00,7726.0,7727.75,7724.5,7725.25,679
2026-10-01 03:24:00-04:00,7725.0,7725.25,7720.25,7720.75,1001
2026-10-01 03:25:00-04:00,7720.75,7721.25,7716.75,7717.25,1323
2026-10-01 03:26:00-04:00,7717.0,7717.0,7711.0,7712.5,1582
2026-10-01 03:27:00-04:00,7712.25,7714.75,7711.25,7712.0,1154
2026-10-01 03:28:00-04:00,7712.0,7713.0,7708.75,7709.25,1189
2026-10-01 03:29:00-04:00,7709.25,7711.0,7707.0,7708.25,1176
2026-10-01 03:30:00-04:00,7708.0,7711.75,7707.75,7710.0,999
2026-10-01 03:31:00-04:00,7710.0,7715.75,7709.0,7714.75,1402
2026-10-01 03:32:00-04:00,7714.75,7719.5,7714.0,7716.5,1283
2026-10-01 03:33:00-04:00,7716.75,7720.25,7716.5,7718.75,593
2026-10-01 03:34:00-04:00,7718.75,7722.0,7718.5,7722.0,902
2026-10-01 03:35:00-04:00,7721.75,7723.25,7720.25,7720.75,578
2026-10-01 03:36:00-04:00,7721.0,7722.75,7719.25,7721.0,676
2026-10-01 03:37:00-04:00,7720.75,7721.25,7718.75,7719.5,523
2026-10-01 03:38:00-04:00,7719.25,7722.25,7719.25,7721.25,422
2026-10-01 03:39:00-04:00,7721.5,7721.5,7717.0,7717.5,587
2026-10-01 03:40:00-04:00,7717.75,7718.0,7714.0,7715.25,1108
2026-10-01 03:41:00-04:00,7715.5,7716.5,7714.5,7715.75,211
2026-10-01 03:42:00-04:00,7715.5,7717.0,7713.75,7714.75,349
2026-10-01 03:43:00-04:00,7714.5,7716.0,7713.0,7714.0,237
2026-10-01 03:44:00-04:00,7714.25,7721.25,7713.75,7717.25,1522
2026-10-01 03:45:00-04:00,7717.25,7717.75,7715.75,7716.25,356
2026-10-01 03:46:00-04:00,7716.25,7716.5,7713.5,7716.0,367
2026-10-01 03:47:00-04:00,7716.0,7717.75,7715.25,7717.25,297
2026-10-01 03:48:00-04:00,7717.5,7718.25,7711.75,7714.25,704
2026-10-01 03:49:00-04:00,7714.0,7715.5,7712.75,7713.75,406
2026-10-01 03:50:00-04:00,7713.75,7717.75,7713.75,7716.5,248
2026-10-01 03:51:00-04:00,7716.75,7721.5,7716.5,7719.5,693
2026-10-01 03:52:00-04:00,7719.25,7719.25,7716.25,7717.5,367
2026-10-01 03:53:00-04:00,7717.0,7722.0,7717.0,7721.75,240
2026-10-01 03:54:00-04:00,7721.75,7722.75,7721.0,7722.0,300
2026-10-01 03:55:00-04:00,7721.75,7723.0,7720.75,7722.25,289
2026-10-01 03:56:00-04:00,7722.25,7723.75,7719.5,7719.75,358
2026-10-01 03:57:00-04:00,7720.0,7720.25,7716.25,7717.0,496
2026-10-01 03:58:00-04:00,7716.75,7718.0,7715.25,7717.25,352
2026-10-01 03:59:00-04:00,7717.0,7717.75,7715.0,7715.5,332
2026-10-01 04:00:00-04:00,7715.5,7719.25,7715.0,7718.75,662
2026-10-01 04:01:00-04:00,7719.0,7719.75,7716.5,7716.5,299
2026-10-01 04:02:00-04:00,7716.5,7721.75,7716.5,7721.0,590
2026-10-01 04:03:00-04:00,7720.75,7725.25,7720.5,7723.0,768
2026-10-01 04:04:00-04:00,7722.75,7725.25,7722.25,7724.5,251
2026-10-01 04:05:00-04:00,7724.5,7726.25,7723.5,7723.75,663
2026-10-01 04:06:00-04:00,7724.0,7724.25,7721.0,7723.25,399
2026-10-01 04:07:00-04:00,7723.0,7724.5,7722.25,7722.75,161
2026-10-01 04:08:00-04:00,7722.5,7722.5,7720.25,7720.75,304
2026-10-01 04:09:00-04:00,7720.5,7720.75,7715.0,7716.0,885
2026-10-01 04:10:00-04:00,7715.75,7717.75,7715.75,7717.25,283
2026-10-01 04:11:00-04:00,7717.25,7717.75,7714.5,7715.25,331
2026-10-01 04:12:00-04:00,7715.25,7717.0,7714.0,7716.5,510
2026-10-01 04:13:00-04:00,7716.5,7717.5,7715.25,7716.25,235
2026-10-01 04:14:00-04:00,7716.0,7717.75,7715.5,7716.25,171
2026-10-01 04:15:00-04:00,7716.75,7716.75,7715.0,7716.0,257
2026-10-01 04:16:00-04:00,7716.25,7716.75,7715.0,7715.75,221
2026-10-01 04:17:00-04:00,7715.5,7715.75,7713.5,7714.75,309
2026-10-01 04:18:00-04:00,7714.75,7716.75,7713.75,7715.75,272
2026-10-01 04:19:00-04:00,7715.25,7715.25,7712.75,7713.25,362
2026-10-01 04:20:00-04:00,7713.75,7713.75,7711.25,7711.75,478
2026-10-01 04:21:00-04:00,7711.75,7714.5,7711.75,7712.0,429
2026-10-01 04:22:00-04:00,7712.0,7714.5,7711.25,7713.75,206
2026-10-01 04:23:00-04:00,7713.75,7716.0,7713.25,7714.0,333
2026-10-01 04:24:00-04:00,7714.0,7714.25,7712.25,7712.75,182
2026-10-01 04:25:00-04:00,7712.75,7714.5,7712.25,7714.0,238
2026-10-01 04:26:00-04:00,7714.0,7716.0,7713.75,7715.0,531
2026-10-01 04:27:00-04:00,7715.25,7717.0,7714.25,7714.25,442
2026-10-01 04:28:00-04:00,7714.25,7714.5,7710.5,7711.5,706
2026-10-01 04:29:00-04:00,7711.5,7712.75,7708.5,7708.5,627
2026-10-01 04:30:00-04:00,7708.5,7710.25,7707.25,7708.5,581
2026-10-01 04:31:00-04:00,7708.5,7709.25,7705.75,7706.5,709
2026-10-01 04:32:00-04:00,7706.25,7706.5,7704.75,7705.75,768
2026-10-01 04:33:00-04:00,7705.75,7708.25,7705.5,7708.0,441
2026-10-01 04:34:00-04:00,7707.5,7710.5,7706.75,7709.5,620
2026-10-01 04:35:00-04:00,7709.5,7710.75,7708.75,7709.5,475
2026-10-01 04:36:00-04:00,7709.25,7712.5,7708.5,7712.5,835
2026-10-01 04:37:00-04:00,7712.5,7716.5,7712.25,7716.0,608
2026-10-01 04:38:00-04:00,7715.75,7718.0,7715.0,7717.0,481
2026-10-01 04:39:00-04:00,7717.0,7718.75,7716.25,7717.5,289
2026-10-01 04:40:00-04:00,7717.25,7720.0,7717.0,7718.5,965
2026-10-01 04:41:00-04:00,7718.5,7721.25,7718.0,7719.75,459
2026-10-01 04:42:00-04:00,7719.75,7721.25,7719.5,7719.75,306
2026-10-01 04:43:00-04:00,7719.5,7719.5,7717.5,7718.5,336
2026-10-01 04:44:00-04:00,7719.0,7719.0,7716.5,7716.75,249
2026-10-01 04:45:00-04:00,7716.75,7716.75,7713.75,7714.25,468
2026-10-01 04:46:00-04:00,7713.5,7714.25,7712.25,7713.5,429
2026-10-01 04:47:00-04:00,7714.0,7714.75,7712.75,7714.25,357
2026-10-01 04:48:00-04:00,7714.5,7715.5,7712.5,7714.75,387
2026-10-01 04:49:00-04:00,7715.0,7716.5,7713.75,7715.25,384
2026-10-01 04:50:00-04:00,7715.0,7718.0,7714.5,7716.5,290
2026-10-01 04:51:00-04:00,7716.25,7717.5,7713.25,7717.25,911
2026-10-01 04:52:00-04:00,7717.5,7718.75,7716.25,7716.5,417
2026-10-01 04:53:00-04:00,7716.5,7716.5,7713.25,7715.0,343
2026-10-01 04:54:00-04:00,7714.75,7715.75,7712.5,7714.25,181
2026-10-01 04:55:00-04:00,7714.25,7717.25,7713.75,7717.25,332
2026-10-01 04:56:00-04:00,7717.5,7720.0,7717.5,7718.75,553
2026-10-01 04:57:00-04:00,7718.75,7721.0,7718.5,7718.75,253
2026-10-01 04:58:00-04:00,7718.5,7719.0,7715.5,7715.75,186
2026-10-01 04:59:00-04:00,7715.5,7720.75,7715.25,7720.75,248
2026-10-01 05:00:00-04:00,7720.5,7722.75,7720.0,7722.25,435
2026-10-01 05:01:00-04:00,7722.5,7723.5,7722.0,7723.25,295
2026-10-01 05:02:00-04:00,7723.25,7725.0,7722.0,7722.0,558
2026-10-01 05:03:00-04:00,7722.25,7724.0,7721.0,7723.75,222
2026-10-01 05:04:00-04:00,7724.0,7727.0,7723.75,7726.75,473
2026-10-01 05:05:00-04:00,7726.75,7728.0,7726.25,7727.75,518
2026-10-01 05:06:00-04:00,7728.0,7728.0,7725.5,7727.25,260
2026-10-01 05:07:00-04:00,7727.5,7727.5,7725.75,7727.5,397
2026-10-01 05:08:00-04:00,7727.5,7728.0,7725.5,7726.0,311
2026-10-01 05:09:00-04:00,7726.25,7727.5,7725.75,7727.0,167
2026-10-01 05:10:00-04:00,7727.0,7728.0,7726.5,7727.25,202
2026-10-01 05:11:00-04:00,7727.5,7727.75,7726.25,7727.0,97
2026-10-01 05:12:00-04:00,7727.0,7727.75,7726.75,7727.25,135
2026-10-01 05:13:00-04:00,7727.0,7728.5,7726.5,7728.0,227
2026-10-01 05:14:00-04:00,7728.25,7728.75,7727.25,7728.25,200
2026-10-01 05:15:00-04:00,7728.25,7729.5,7727.5,7728.0,270
2026-10-01 05:16:00-04:00,7728.25,7729.0,7727.0,7727.25,167
2026-10-01 05:17:00-04:00,7727.25,7729.0,7727.0,7728.25,203
2026-10-01 05:18:00-04:00,7728.25,7728.5,7727.0,7727.0,250
2026-10-01 05:19:00-04:00,7726.75,7727.5,7725.75,7726.75,231
2026-10-01 05:20:00-04:00,7726.5,7729.0,7726.5,7727.25,345
2026-10-01 05:21:00-04:00,7727.5,7732.0,7726.75,7729.25,1685
2026-10-01 05:22:00-04:00,7729.5,7731.0,7728.75,7729.5,489
2026-10-01 05:23:00-04:00,7729.75,7730.75,7729.75,7730.0,78
2026-10-01 05:24:00-04:00,7730.75,7733.25,7730.5,7732.75,383
2026-10-01 05:25:00-04:00,7732.5,7732.75,7731.5,7732.0,135
2026-10-01 05:26:00-04:00,7732.0,7732.5,7731.5,7732.25,96
2026-10-01 05:27:00-04:00,7732.25,7733.0,7732.0,7732.5,103
2026-10-01 05:28:00-04:00,7732.25,7733.25,7731.75,7732.75,94
2026-10-01 05:29:00-04:00,7732.75,7733.75,7732.5,7733.25,229
2026-10-01 05:30:00-04:00,7733.25,7733.75,7732.5,7732.5,151
2026-10-01 05:31:00-04:00,7732.5,7734.0,7732.25,7733.5,130
2026-10-01 05:32:00-04:00,7733.5,7734.25,7732.25,7733.0,498
2026-10-01 05:33:00-04:00,7733.0,7734.25,7732.75,7733.5,208
2026-10-01 05:34:00-04:00,7733.5,7734.75,7733.0,7734.0,167
2026-10-01 05:35:00-04:00,7734.0,7735.5,7733.25,7734.75,459
2026-10-01 05:36:00-04:00,7734.75,7734.75,7731.5,7732.5,567
2026-10-01 05:37:00-04:00,7732.25,7732.5,7731.5,7732.25,189
2026-10-01 05:38:00-04:00,7732.25,7733.0,7732.0,7732.75,84
2026-10-01 05:39:00-04:00,7732.25,7732.25,7730.75,7731.25,211
2026-10-01 05:40:00-04:00,7731.25,7731.25,7729.25,7729.5,317
2026-10-01 05:41:00-04:00,7729.5,7730.25,7728.5,7730.25,176
2026-10-01 05:42:00-04:00,7730.0,7730.25,7729.25,7729.25,54
2026-10-01 05:43:00-04:00,7729.5,7730.5,7728.5,7729.5,106
2026-10-01 05:44:00-04:00,7730.0,7730.5,7728.75,7729.5,167
2026-10-01 05:45:00-04:00,7729.25,7729.5,7727.75,7729.5,257
2026-10-01 05:46:00-04:00,7729.5,7730.5,7729.25,7730.5,223
2026-10-01 05:47:00-04:00,7730.5,7733.25,7730.0,7733.25,432
2026-10-01 05:48:00-04:00,7733.25,7734.75,7732.5,7732.75,341
2026-10-01 05:49:00-04:00,7732.75,7733.0,7731.75,7731.75,131
2026-10-01 05:50:00-04:00,7731.75,7732.25,7730.25,7732.25,171
2026-10-01 05:51:00-04:00,7732.25,7732.75,7731.25,7732.75,101
2026-10-01 05:52:00-04:00,7732.5,7733.25,7732.0,7733.0,137
2026-10-01 05:53:00-04:00,7733.25,7733.25,7730.25,7731.5,278
2026-10-01 05:54:00-04:00,7731.25,7731.25,7728.0,7728.0,134
2026-10-01 05:55:00-04:00,7728.0,7728.5,7725.75,7726.0,494
2026-10-01 05:56:00-04:00,7726.5,7728.0,7726.0,7727.25,188
2026-10-01 05:57:00-04:00,7727.25,7729.5,7727.25,7729.0,175
2026-10-01 05:58:00-04:00,7729.25,7729.25,7727.75,7728.75,89
2026-10-01 05:59:00-04:00,7728.5,7728.75,7727.5,7727.75,148
2026-10-01 06:00:00-04:00,7727.5,7730.25,7723.5,7725.0,1613
2026-10-01 06:01:00-04:00,7725.0,7725.25,7722.75,7723.0,423
2026-10-01 06:02:00-04:00,7722.75,7723.25,7720.5,7721.25,500
2026-10-01 06:03:00-04:00,7721.25,7721.75,7720.25,7720.75,225
2026-10-01 06:04:00-04:00,7720.75,7720.75,7719.5,7720.0,255
2026-10-01 06:05:00-04:00,7719.75,7720.5,7718.25,7718.5,281
2026-10-01 06:06:00-04:00,7718.5,7720.75,7718.25,7720.5,256
2026-10-01 06:07:00-04:00,7720.25,7723.25,7719.75,7722.25,491
2026-10-01 06:08:00-04:00,7722.0,7722.75,7721.25,7722.25,178
2026-10-01 06:09:00-04:00,7722.5,7725.0,7722.25,7723.5,465
2026-10-01 06:10:00-04:00,7723.5,7725.5,7723.5,7725.0,273
2026-10-01 06:11:00-04:00,7724.75,7726.25,7723.75,7726.25,226
2026-10-01 06:12:00-04:00,7726.0,7727.5,7724.75,7727.5,414
2026-10-01 06:13:00-04:00,7727.75,7729.25,7727.0,7728.5,305
2026-10-01 06:14:00-04:00,7728.75,7730.75,7728.5,7729.75,341
2026-10-01 06:15:00-04:00,7729.75,7729.75,7727.75,7729.25,298
2026-10-01 06:16:00-04:00,7729.25,7729.25,7726.25,7727.25,220
2026-10-01 06:17:00-04:00,7727.25,7731.25,7726.75,7729.75,649
2026-10-01 06:18:00-04:00,7729.5,7733.75,7729.0,7732.75,747
2026-10-01 06:19:00-04:00,7732.75,7732.75,7730.0,7730.5,361
2026-10-01 06:20:00-04:00,7731.0,7733.5,7730.75,7733.5,425
2026-10-01 06:21:00-04:00,7732.75,7734.5,7730.75,7731.75,1033
2026-10-01 06:22:00-04:00,7732.0,7732.5,7729.75,7730.0,213
2026-10-01 06:23:00-04:00,7730.0,7731.0,7730.0,7730.5,77
2026-10-01 06:24:00-04:00,7730.5,7731.0,7730.0,7730.75,91
2026-10-01 06:25:00-04:00,7730.75,7732.25,7730.0,7732.0,130
2026-10-01 06:26:00-04:00,7732.0,7733.5,7730.75,7731.0,253
2026-10-01 06:27:00-04:00,7731.0,7732.5,7731.0,7732.0,125
2026-10-01 06:28:00-04:00,7731.75,7733.5,7731.75,7732.25,286
2026-10-01 06:29:00-04:00,7732.25,7732.5,7731.75,7732.5,68
2026-10-01 06:30:00-04:00,7732.5,7734.25,7732.25,7734.25,264
2026-10-01 06:31:00-04:00,7734.25,7735.5,7734.0,7735.25,603
2026-10-01 06:32:00-04:00,7735.0,7735.75,7734.5,7734.75,324
2026-10-01 06:33:00-04:00,7734.5,7735.25,7734.25,7734.5,128
2026-10-01 06:34:00-04:00,7734.75,7736.75,7734.75,7736.5,501
2026-10-01 06:35:00-04:00,7736.5,7736.75,7735.25,7736.25,257
2026-10-01 06:36:00-04:00,7735.75,7737.25,7735.75,7736.5,222
2026-10-01 06:37:00-04:00,7736.75,7736.75,7735.75,7736.25,107
2026-10-01 06:38:00-04:00,7736.0,7736.5,7735.25,7735.75,127
2026-10-01 06:39:00-04:00,7736.0,7736.75,7734.75,7736.5,236
2026-10-01 06:40:00-04:00,7736.5,7737.0,7736.0,7736.5,206
2026-10-01 06:41:00-04:00,7736.5,7736.5,7735.5,7736.5,115
2026-10-01 06:42:00-04:00,7736.75,7743.25,7736.5,7743.0,1652
2026-10-01 06:43:00-04:00,7742.75,7743.25,7741.5,7742.0,343
2026-10-01 06:44:00-04:00,7741.5,7742.75,7741.0,7741.5,308
2026-10-01 06:45:00-04:00,7741.75,7743.0,7741.25,7742.5,246
2026-10-01 06:46:00-04:00,7742.25,7743.25,7741.75,7742.75,179
2026-10-01 06:47:00-04:00,7742.5,7744.0,7742.5,7743.5,243
2026-10-01 06:48:00-04:00,7743.75,7744.25,7743.0,7743.75,206
2026-10-01 06:49:00-04:00,7743.5,7743.75,7742.5,7743.5,207
2026-10-01 06:50:00-04:00,7743.75,7744.0,7742.0,7743.75,384
2026-10-01 06:51:00-04:00,7743.75,7744.25,7743.25,7743.5,162
2026-10-01 06:52:00-04:00,7743.5,7745.5,7743.0,7743.0,501
2026-10-01 06:53:00-04:00,7743.5,7745.25,7742.5,7742.75,490
2026-10-01 06:54:00-04:00,7743.0,7745.25,7743.0,7745.0,281
2026-10-01 06:55:00-04:00,7744.75,7744.75,7743.0,7743.0,246
2026-10-01 06:56:00-04:00,7743.0,7743.25,7741.5,7742.25,287
2026-10-01 06:57:00-04:00,7742.0,7743.25,7741.0,7742.5,240
2026-10-01 06:58:00-04:00,7742.25,7742.5,7741.25,7741.75,148
2026-10-01 06:59:00-04:00,7741.75,7743.75,7741.75,7743.25,212
2026-10-01 07:00:00-04:00,7743.0,7744.25,7740.75,7741.0,604
2026-10-01 07:01:00-04:00,7740.5,7742.75,7739.5,7741.0,461
2026-10-01 07:02:00-04:00,7740.75,7742.75,7740.75,7741.75,224
2026-10-01 07:03:00-04:00,7741.5,7743.5,7741.0,7741.5,188
2026-10-01 07:04:00-04:00,7741.5,7742.25,7740.5,7740.75,213
2026-10-01 07:05:00-04:00,7740.75,7741.0,7737.75,7740.5,1560
2026-10-01 07:06:00-04:00,7740.5,7742.25,7740.25,7741.75,317
2026-10-01 07:07:00-04:00,7741.75,7741.75,7740.0,7740.75,192
2026-10-01 07:08:00-04:00,7741.25,7741.25,7738.5,7739.5,181
2026-10-01 07:09:00-04:00,7739.5,7739.75,7738.0,7738.25,241
2026-10-01 07:10:00-04:00,7738.0,7738.25,7735.0,7737.25,542
2026-10-01 07:11:00-04:00,7737.0,7738.0,7736.25,7736.5,226
2026-10-01 07:12:00-04:00,7736.5,7737.0,7735.5,7736.0,176
2026-10-01 07:13:00-04:00,7736.25,7736.75,7734.25,7736.0,514
2026-10-01 07:14:00-04:00,7736.0,7736.25,7732.5,7733.0,486
2026-10-01 07:15:00-04:00,7733.0,7733.5,7730.25,7731.25,462
2026-10-01 07:16:00-04:00,7731.5,7731.5,7730.0,7730.5,228
2026-10-01 07:17:00-04:00,7730.25,7730.75,7729.5,7729.75,269
2026-10-01 07:18:00-04:00,7729.75,7730.75,7729.5,7730.5,172
2026-10-01 07:19:00-04:00,7730.5,7730.75,7729.5,7730.0,164
2026-10-01 07:20:00-04:00,7729.75,7730.0,7728.25,7728.75,394
2026-10-01 07:21:00-04:00,7728.75,7729.0,7727.75,7728.5,245
2026-10-01 07:22:00-04:00,7728.0,7731.75,7727.5,7729.25,672
2026-10-01 07:23:00-04:00,7729.25,7730.25,7728.5,7728.5,240
2026-10-01 07:24:00-04:00,7728.5,7728.5,7726.25,7726.25,368
2026-10-01 07:25:00-04:00,7726.0,7728.25,7726.0,7727.75,258
2026-10-01 07:26:00-04:00,7727.75,7729.0,7727.5,7729.0,224
2026-10-01 07:27:00-04:00,7729.0,7729.5,7728.25,7729.0,178
2026-10-01 07:28:00-04:00,7729.5,7729.75,7728.25,7728.5,120
2026-10-01 07:29:00-04:00,7728.25,7729.5,7727.75,7729.25,180
2026-10-01 07:30:00-04:00,7729.25,7731.0,7728.5,7730.75,332
2026-10-01 07:31:00-04:00,7730.75,7732.5,7729.25,7730.25,574
2026-10-01 07:32:00-04:00,7730.0,7731.75,7728.5,7730.75,342
2026-10-01 07:33:00-04:00,7730.5,7731.25,7729.5,7730.25,201
2026-10-01 07:34:00-04:00,7730.0,7731.75,7729.75,7731.0,163
2026-10-01 07:35:00-04:00,7730.5,7733.0,7730.25,7731.75,286
2026-10-01 07:36:00-04:00,7731.5,7733.5,7730.25,7731.5,301
2026-10-01 07:37:00-04:00,7732.25,7735.25,7732.25,7733.75,485
2026-10-01 07:38:00-04:00,7734.0,7734.5,7731.25,7732.25,310
2026-10-01 07:39:00-04:00,7732.25,7736.25,7732.25,7735.25,462
2026-10-01 07:40:00-04:00,7735.0,7736.75,7734.5,7736.75,273
2026-10-01 07:41:00-04:00,7736.75,7737.75,7735.75,7737.25,364
2026-10-01 07:42:00-04:00,7737.25,7738.0,7736.25,7736.75,243
2026-10-01 07:43:00-04:00,7737.0,7738.75,7736.25,7737.25,422
2026-10-01 07:44:00-04:00,7737.5,7737.75,7736.5,7737.5,175
2026-10-01 07:45:00-04:00,7737.5,7739.0,7737.5,7738.75,284
2026-10-01 07:46:00-04:00,7738.5,7740.5,7738.25,7740.5,332
2026-10-01 07:47:00-04:00,7740.5,7742.25,7740.0,7742.25,392
2026-10-01 07:48:00-04:00,7742.0,7743.0,7741.5,7742.5,276
2026-10-01 07:49:00-04:00,7742.75,7743.25,7741.25,7742.0,228
2026-10-01 07:50:00-04:00,7742.0,7744.5,7741.75,7744.25,273
2026-10-01 07:51:00-04:00,7744.25,7744.75,7742.5,7742.5,271
2026-10-01 07:52:00-04:00,7742.5,7742.75,7740.25,7742.25,421
2026-10-01 07:53:00-04:00,7742.5,7743.0,7741.5,7742.0,159
2026-10-01 07:54:00-04:00,7741.75,7743.5,7741.25,7742.75,236
2026-10-01 07:55:00-04:00,7743.0,7743.75,7742.5,7743.25,203
2026-10-01 07:56:00-04:00,7743.0,7744.25,7742.75,7743.75,341
2026-10-01 07:57:00-04:00,7744.0,7744.75,7743.25,7743.75,217
2026-10-01 07:58:00-04:00,7744.0,7744.25,7742.5,7743.25,302
2026-10-01 07:59:00-04:00,7743.0,7743.75,7742.25,7743.5,256
2026-10-01 08:00:00-04:00,7743.5,7745.0,7742.25,7743.75,633
2026-10-01 08:01:00-04:00,7743.75,7745.0,7743.0,7744.0,321
2026-10-01 08:02:00-04:00,7743.75,7745.0,7743.5,7744.75,322
2026-10-01 08:03:00-04:00,7744.5,7745.25,7742.25,7743.5,491
2026-10-01 08:04:00-04:00,7743.5,7744.25,7741.75,7742.25,351
2026-10-01 08:05:00-04:00,7742.5,7743.0,7741.75,7742.5,303
2026-10-01 08:06:00-04:00,7742.25,7744.0,7742.25,7744.0,264
2026-10-01 08:07:00-04:00,7744.25,7744.75,7742.5,7743.0,235
2026-10-01 08:08:00-04:00,7742.75,7743.25,7742.0,7742.0,108
2026-10-01 08:09:00-04:00,7742.25,7743.25,7742.0,7743.25,167
2026-10-01 08:10:00-04:00,7743.25,7744.5,7743.0,7743.75,188
2026-10-01 08:11:00-04:00,7744.0,7744.25,7743.5,7743.75,126
2026-10-01 08:12:00-04:00,7743.75,7745.0,7743.0,7743.0,319
2026-10-01 08:13:00-04:00,7742.75,7743.0,7741.5,7742.5,338
2026-10-01 08:14:00-04:00,7742.25,7742.25,7740.75,7741.5,322
2026-10-01 08:15:00-04:00,7741.5,7743.25,7740.75,7742.5,225
2026-10-01 08:16:00-04:00,7742.5,7743.0,7741.25,7742.25,394
2026-10-01 08:17:00-04:00,7742.25,7743.0,7739.0,7742.5,1807
2026-10-01 08:18:00-04:00,7742.5,7744.75,7741.75,7742.5,857
2026-10-01 08:19:00-04:00,7742.75,7743.25,7742.0,7742.5,223
2026-10-01 08:20:00-04:00,7742.5,7743.0,7741.75,7741.75,222
2026-10-01 08:21:00-04:00,7742.0,7743.25,7741.75,7743.25,95
2026-10-01 08:22:00-04:00,7743.5,7744.0,7742.0,7742.0,237
2026-10-01 08:23:00-04:00,7742.0,7742.5,7738.75,7739.0,642
2026-10-01 08:24:00-04:00,7739.25,7740.75,7738.75,7740.25,303
2026-10-01 08:25:00-04:00,7740.0,7741.75,7739.5,7741.75,335
2026-10-01 08:26:00-04:00,7742.0,7742.0,7737.5,7741.5,2452
2026-10-01 08:27:00-04:00,7740.75,7741.0,7739.25,7740.0,178
2026-10-01 08:28:00-04:00,7740.0,7741.0,7739.5,7740.75,195
2026-10-01 08:29:00-04:00,7740.5,7742.75,7740.0,7742.0,330
2026-10-01 08:30:00-04:00,7741.75,7744.25,7740.75,7742.0,877
2026-10-01 08:31:00-04:00,7742.0,7744.0,7740.75,7744.0,566
2026-10-01 08:32:00-04:00,7743.75,7745.0,7742.25,7742.25,561
2026-10-01 08:33:00-04:00,7742.75,7744.0,7742.0,7743.0,178
2026-10-01 08:34:00-04:00,7743.25,7746.0,7743.0,7745.5,604
2026-10-01 08:35:00-04:00,7745.25,7747.25,7743.25,7747.0,708
2026-10-01 08:36:00-04:00,7746.75,7748.75,7746.25,7747.25,729
2026-10-01 08:37:00-04:00,7747.0,7747.25,7744.5,7745.25,360
2026-10-01 08:38:00-04:00,7745.25,7745.75,7744.5,7745.25,231
2026-10-01 08:39:00-04:00,7745.25,7747.0,7745.0,7746.5,326
2026-10-01 08:40:00-04:00,7746.75,7748.25,7746.0,7746.5,358
2026-10-01 08:41:00-04:00,7746.25,7748.25,7746.25,7747.0,257
2026-10-01 08:42:00-04:00,7746.75,7747.0,7745.0,7746.25,422
2026-10-01 08:43:00-04:00,7746.0,7746.75,7744.0,7744.5,531
2026-10-01 08:44:00-04:00,7745.0,7745.0,7741.0,7741.5,748
2026-10-01 08:45:00-04:00,7741.5,7743.0,7740.75,7742.25,592
2026-10-01 08:46:00-04:00,7742.25,7742.25,7741.0,7742.0,348
2026-10-01 08:47:00-04:00,7742.25,7743.0,7740.0,7740.25,738
2026-10-01 08:48:00-04:00,7740.25,7742.0,7738.5,7741.25,544
2026-10-01 08:49:00-04:00,7741.0,7741.5,7739.5,7741.5,402
2026-10-01 08:50:00-04:00,7741.5,7742.5,7740.0,7740.5,534
2026-10-01 08:51:00-04:00,7740.5,7741.0,7738.25,7738.25,606
2026-10-01 08:52:00-04:00,7738.25,7739.0,7737.0,7737.0,702
2026-10-01 08:53:00-04:00,7736.75,7737.25,7735.75,7735.75,764
2026-10-01 08:54:00-04:00,7736.25,7737.25,7735.75,7736.0,368
2026-10-01 08:55:00-04:00,7736.0,7736.75,7734.25,7735.0,589
2026-10-01 08:56:00-04:00,7735.25,7736.25,7733.5,7734.0,491
2026-10-01 08:57:00-04:00,7734.0,7735.25,7733.0,7735.0,524
2026-10-01 08:58:00-04:00,7734.75,7735.0,7733.0,7733.5,446
2026-10-01 08:59:00-04:00,7733.75,7734.5,7733.25,7733.5,467
2026-10-01 09:00:00-04:00,7733.75,7735.5,7731.75,7732.75,1781
2026-10-01 09:01:00-04:00,7732.75,7734.75,7731.75,7734.25,662
2026-10-01 09:02:00-04:00,7734.25,7735.5,7733.5,7735.25,800
2026-10-01 09:03:00-04:00,7735.25,7735.75,7734.5,7734.75,473
2026-10-01 09:04:00-04:00,7734.75,7735.75,7733.75,7733.75,439
2026-10-01 09:05:00-04:00,7733.75,7735.0,7733.25,7734.75,408
2026-10-01 09:06:00-04:00,7734.75,7735.75,7734.5,7735.25,506
2026-10-01 09:07:00-04:00,7735.25,7739.5,7735.0,7739.25,1404
2026-10-01 09:08:00-04:00,7739.5,7741.0,7738.25,7740.75,1246
2026-10-01 09:09:00-04:00,7740.25,7740.5,7737.5,7737.5,851
2026-10-01 09:10:00-04:00,7737.5,7738.5,7736.5,7738.0,436
2026-10-01 09:11:00-04:00,7738.0,7739.25,7736.75,7738.25,494
2026-10-01 09:12:00-04:00,7738.25,7739.0,7737.25,7739.0,315
2026-10-01 09:13:00-04:00,7738.75,7739.75,7737.0,7737.5,547
2026-10-01 09:14:00-04:00,7737.5,7737.75,7734.75,7734.75,862
2026-10-01 09:15:00-04:00,7735.0,7735.75,7733.25,7733.75,1019
2026-10-01 09:16:00-04:00,7733.25,7733.5,7730.75,7731.0,1575
2026-10-01 09:17:00-04:00,7730.75,7732.5,7730.25,7732.0,715
2026-10-01 09:18:00-04:00,7731.75,7733.25,7731.0,7733.0,517
2026-10-01 09:19:00-04:00,7733.0,7733.0,7731.75,7732.5,513
2026-10-01 09:20:00-04:00,7732.5,7734.0,7732.25,7733.75,792
2026-10-01 09:21:00-04:00,7734.0,7734.0,7731.0,7731.25,580
2026-10-01 09:22:00-04:00,7731.0,7733.25,7731.0,7732.75,450
2026-10-01 09:23:00-04:00,7732.75,7733.5,7732.25,7732.25,412
2026-10-01 09:24:00-04:00,7732.0,7732.25,7728.75,7729.25,1311
2026-10-01 09:25:00-04:00,7729.0,7732.5,7729.0,7731.75,1504
2026-10-01 09:26:00-04:00,7731.5,7734.25,7731.25,7732.5,1108
2026-10-01 09:27:00-04:00,7732.25,7732.5,7729.5,7730.75,1060
2026-10-01 09:28:00-04:00,7730.75,7731.0,7729.25,7729.25,848
2026-10-01 09:29:00-04:00,7729.25,7732.0,7729.25,7730.0,985
2026-10-01 09:30:00-04:00,7730.0,7738.75,7725.5,7726.75,11149
2026-10-01 09:31:00-04:00,7726.5,7729.0,7720.5,7721.0,6430
2026-10-01 09:32:00-04:00,7721.25,7730.5,7721.25,7729.0,5575
2026-10-01 09:33:00-04:00,7729.0,7739.5,7728.25,7735.75,5703
2026-10-01 09:34:00-04:00,7735.75,7736.0,7729.25,7734.5,4338
2026-10-01 09:35:00-04:00,7734.25,7738.25,7731.25,7736.0,5608
2026-10-01 09:36:00-04:00,7736.0,7737.0,7732.75,7736.0,3475
2026-10-01 09:37:00-04:00,7736.0,7740.0,7735.0,7739.75,2970
2026-10-01 09:38:00-04:00,7739.75,7740.25,7736.0,7738.5,3496
2026-10-01 09:39:00-04:00,7738.5,7739.5,7731.75,7732.5,3812
2026-10-01 09:40:00-04:00,7732.75,7733.0,7727.5,7728.5,5253
2026-10-01 09:41:00-04:00,7728.75,7732.25,7723.25,7723.5,4500
2026-10-01 09:42:00-04:00,7723.25,7725.0,7721.25,7722.5,3837
2026-10-01 09:43:00-04:00,7722.5,7723.25,7718.5,7720.0,3411
2026-10-01 09:44:00-04:00,7720.0,7723.0,7718.0,7720.25,2635
2026-10-01 09:45:00-04:00,7720.0,7725.25,7720.0,7721.25,5155
2026-10-01 09:46:00-04:00,7721.0,7723.0,7719.0,7720.75,2616
2026-10-01 09:47:00-04:00,7720.75,7722.75,7716.5,7717.0,4078
2026-10-01 09:48:00-04:00,7717.0,7719.5,7715.0,7719.0,4267
2026-10-01 09:49:00-04:00,7719.0,7719.5,7711.5,7712.0,4737
2026-10-01 09:50:00-04:00,7712.25,7719.0,7712.0,7718.75,4547
2026-10-01 09:51:00-04:00,7718.5,7719.25,7714.5,7716.75,3550
2026-10-01 09:52:00-04:00,7716.75,7725.75,7716.0,7725.25,5153
2026-10-01 09:53:00-04:00,7725.25,7726.25,7721.5,7724.25,3297
2026-10-01 09:54:00-04:00,7724.25,7725.25,7721.75,7723.75,2576
2026-10-01 09:55:00-04:00,7723.75,7726.75,7717.75,7718.75,4782
2026-10-01 09:56:00-04:00,7718.75,7718.75,7714.0,7714.5,4256
2026-10-01 09:57:00-04:00,7714.5,7717.0,7712.75,7716.0,2718
2026-10-01 09:58:00-04:00,7716.0,7716.0,7713.0,7713.0,1932
2026-10-01 09:59:00-04:00,7713.0,7713.0,7709.75,7711.25,3766
2026-10-01 10:00:00-04:00,7711.5,7712.75,7697.75,7698.0,10564
2026-10-01 10:01:00-04:00,7698.25,7698.5,7688.5,7690.0,10199
2026-10-01 10:02:00-04:00,7690.0,7690.75,7685.5,7688.75,7919
2026-10-01 10:03:00-04:00,7688.75,7689.75,7683.75,7688.0,6354
2026-10-01 10:04:00-04:00,7688.0,7690.25,7685.0,7685.75,5717
2026-10-01 10:05:00-04:00,7686.0,7687.75,7682.75,7685.0,6061
2026-10-01 10:06:00-04:00,7685.0,7689.5,7682.25,7689.0,7022
2026-10-01 10:07:00-04:00,7689.0,7691.0,7685.75,7688.5,6085
2026-10-01 10:08:00-04:00,7688.5,7698.75,7688.5,7696.0,10792
2026-10-01 10:09:00-04:00,7695.75,7702.0,7695.0,7701.25,5701
2026-10-01 10:10:00-04:00,7701.25,7701.5,7696.5,7698.75,4532
2026-10-01 10:11:00-04:00,7698.5,7699.75,7693.0,7693.5,3836
2026-10-01 10:12:00-04:00,7693.75,7699.25,7692.25,7693.25,4185
2026-10-01 10:13:00-04:00,7693.25,7693.5,7688.0,7690.75,4952
2026-10-01 10:14:00-04:00,7691.0,7694.5,7689.75,7694.25,3326
2026-10-01 10:15:00-04:00,7694.5,7697.75,7691.75,7693.5,5255
2026-10-01 10:16:00-04:00,7693.75,7695.5,7692.25,7693.75,2606
2026-10-01 10:17:00-04:00,7693.75,7698.5,7692.75,7695.5,3884
2026-10-01 10:18:00-04:00,7695.5,7695.5,7689.5,7691.5,3867
2026-10-01 10:19:00-04:00,7691.5,7692.25,7686.25,7691.5,4577
2026-10-01 10:20:00-04:00,7691.25,7694.0,7689.75,7692.0,3727
2026-10-01 10:21:00-04:00,7692.0,7693.75,7688.25,7689.75,3425
2026-10-01 10:22:00-04:00,7690.0,7692.25,7684.5,7685.5,3809
2026-10-01 10:23:00-04:00,7685.5,7690.0,7682.75,7688.75,5510
2026-10-01 10:24:00-04:00,7688.75,7690.25,7687.25,7689.0,3424
2026-10-01 10:25:00-04:00,7689.25,7692.5,7688.0,7691.0,4227
2026-10-01 10:26:00-04:00,7691.0,7696.0,7689.25,7694.25,3831
2026-10-01 10:27:00-04:00,7694.25,7694.5,7690.5,7692.75,3172
2026-10-01 10:28:00-04:00,7693.0,7693.5,7685.5,7688.75,3742
2026-10-01 10:29:00-04:00,7688.5,7692.5,7688.5,7689.75,2681
2026-10-01 10:30:00-04:00,7689.5,7695.0,7687.75,7693.5,6331
2026-10-01 10:31:00-04:00,7693.5,7693.5,7686.5,7690.25,4162
2026-10-01 10:32:00-04:00,7690.25,7695.0,7688.5,7692.5,4393
2026-10-01 10:33:00-04:00,7692.5,7698.5,7692.5,7696.0,4831
2026-10-01 10:34:00-04:00,7695.75,7701.0,7694.25,7701.0,4709
2026-10-01 10:35:00-04:00,7701.0,7701.5,7696.75,7698.25,3728
2026-10-01 10:36:00-04:00,7698.0,7703.5,7697.75,7703.25,4092
2026-10-01 10:37:00-04:00,7703.0,7704.5,7700.5,7700.5,3526
2026-10-01 10:38:00-04:00,7700.75,7704.25,7698.5,7703.75,3016
2026-10-01 10:39:00-04:00,7703.75,7707.0,7703.5,7705.5,3873
2026-10-01 10:40:00-04:00,7705.75,7707.75,7702.0,7704.25,6008
2026-10-01 10:41:00-04:00,7704.0,7704.5,7698.5,7700.5,4473
2026-10-01 10:42:00-04:00,7700.75,7703.25,7699.5,7701.5,2626
2026-10-01 10:43:00-04:00,7701.5,7704.0,7699.5,7702.0,2493
2026-10-01 10:44:00-04:00,7702.0,7702.75,7698.25,7699.75,2883
2026-10-01 10:45:00-04:00,7699.75,7705.25,7698.75,7705.25,3269
2026-10-01 10:46:00-04:00,7705.0,7707.0,7698.25,7700.0,4632
2026-10-01 10:47:00-04:00,7699.75,7699.75,7694.75,7695.25,4615
2026-10-01 10:48:00-04:00,7695.25,7697.25,7694.0,7694.5,3879
2026-10-01 10:49:00-04:00,7694.75,7699.5,7693.5,7698.0,4907
2026-10-01 10:50:00-04:00,7698.0,7700.0,7695.25,7697.5,3770
2026-10-01 10:51:00-04:00,7697.5,7699.5,7692.75,7693.0,3954
2026-10-01 10:52:00-04:00,7692.75,7694.0,7687.0,7688.25,4603
2026-10-01 10:53:00-04:00,7688.5,7692.75,7686.0,7688.25,6212
2026-10-01 10:54:00-04:00,7688.25,7690.5,7686.25,7690.0,3059
2026-10-01 10:55:00-04:00,7690.25,7693.25,7688.75,7690.5,3569
2026-10-01 10:56:00-04:00,7690.5,7692.25,7688.5,7690.0,2613
2026-10-01 10:57:00-04:00,7690.0,7691.25,7687.5,7690.0,4957
2026-10-01 10:58:00-04:00,7690.25,7698.5,7685.5,7687.75,8765
2026-10-01 10:59:00-04:00,7687.75,7690.0,7684.0,7689.25,3235
2026-10-01 11:00:00-04:00,7689.25,7690.75,7686.0,7687.0,3271
2026-10-01 11:01:00-04:00,7687.0,7687.0,7678.75,7681.5,6637
2026-10-01 11:02:00-04:00,7681.75,7683.0,7679.25,7679.5,3074
2026-10-01 11:03:00-04:00,7679.5,7681.5,7677.75,7679.25,4808
2026-10-01 11:04:00-04:00,7679.5,7682.5,7677.75,7680.25,3395
2026-10-01 11:05:00-04:00,7680.0,7684.0,7679.0,7680.0,3586
2026-10-01 11:06:00-04:00,7680.0,7681.5,7679.5,7681.0,2204
2026-10-01 11:07:00-04:00,7681.0,7683.75,7678.75,7679.25,3111
2026-10-01 11:08:00-04:00,7679.0,7679.5,7674.75,7677.25,5449
2026-10-01 11:09:00-04:00,7677.25,7680.5,7677.0,7678.0,2606
2026-10-01 11:10:00-04:00,7678.0,7678.0,7673.5,7675.75,4901
2026-10-01 11:11:00-04:00,7675.75,7680.0,7672.75,7678.5,4478
2026-10-01 11:12:00-04:00,7678.5,7680.5,7677.75,7679.5,2794
2026-10-01 11:13:00-04:00,7679.5,7684.25,7679.5,7682.75,4663
2026-10-01 11:14:00-04:00,7682.75,7688.75,7682.5,7687.75,4660
2026-10-01 11:15:00-04:00,7687.75,7690.0,7685.0,7688.5,4804
2026-10-01 11:16:00-04:00,7688.5,7692.0,7688.25,7690.75,3406
2026-10-01 11:17:00-04:00,7691.25,7696.5,7690.75,7696.5,4837
2026-10-01 11:18:00-04:00,7696.25,7697.0,7690.0,7690.25,3995
2026-10-01 11:19:00-04:00,7690.5,7695.0,7689.5,7692.5,3778
2026-10-01 11:20:00-04:00,7692.5,7696.75,7689.5,7689.5,6502
2026-10-01 11:21:00-04:00,7689.75,7695.0,7688.5,7693.75,3318
2026-10-01 11:22:00-04:00,7693.5,7695.0,7691.5,7691.75,2535
2026-10-01 11:23:00-04:00,7692.0,7693.75,7690.75,7692.5,2126
2026-10-01 11:24:00-04:00,7692.5,7694.5,7692.0,7692.0,1885
2026-10-01 11:25:00-04:00,7692.25,7695.5,7691.75,7693.5,2161
2026-10-01 11:26:00-04:00,7693.25,7696.0,7691.5,7696.0,2021
2026-10-01 11:27:00-04:00,7696.25,7697.25,7695.0,7696.75,2553
2026-10-01 11:28:00-04:00,7697.0,7698.75,7692.25,7692.75,3520
2026-10-01 11:29:00-04:00,7692.5,7693.0,7688.75,7689.25,3115
2026-10-01 11:30:00-04:00,7689.5,7690.25,7686.75,7688.25,4979
2026-10-01 11:31:00-04:00,7688.25,7689.0,7685.25,7686.75,2836
2026-10-01 11:32:00-04:00,7686.75,7686.75,7684.25,7684.25,2874
2026-10-01 11:33:00-04:00,7684.5,7688.25,7684.0,7684.25,2695
2026-10-01 11:34:00-04:00,7684.25,7685.5,7679.75,7680.0,3968
2026-10-01 11:35:00-04:00,7679.75,7681.0,7677.25,7677.25,3765
2026-10-01 11:36:00-04:00,7677.25,7683.0,7677.25,7682.25,3558
2026-10-01 11:37:00-04:00,7682.5,7685.0,7681.75,7684.75,3155
2026-10-01 11:38:00-04:00,7684.75,7690.25,7683.75,7688.75,3939
2026-10-01 11:39:00-04:00,7688.75,7693.75,7688.5,7690.25,3433
2026-10-01 11:40:00-04:00,7690.0,7693.75,7689.0,7689.25,3365
2026-10-01 11:41:00-04:00,7689.0,7690.5,7683.0,7684.25,4292
2026-10-01 11:42:00-04:00,7684.0,7687.0,7683.25,7686.25,3325
2026-10-01 11:43:00-04:00,7686.0,7686.25,7680.25,7681.25,2711
2026-10-01 11:44:00-04:00,7681.0,7681.75,7678.5,7681.75,4188
2026-10-01 11:45:00-04:00,7681.5,7683.5,7679.5,7683.0,2575
2026-10-01 11:46:00-04:00,7682.75,7684.25,7681.75,7682.25,2635
2026-10-01 11:47:00-04:00,7682.5,7686.75,7681.75,7686.0,3022
2026-10-01 11:48:00-04:00,7685.75,7688.75,7683.75,7687.0,5433
2026-10-01 11:49:00-04:00,7687.25,7687.75,7684.5,7686.5,2135
2026-10-01 11:50:00-04:00,7686.25,7686.75,7681.0,7681.0,3029
2026-10-01 11:51:00-04:00,7681.0,7681.75,7678.75,7679.5,2500
2026-10-01 11:52:00-04:00,7679.5,7681.75,7678.75,7681.25,2217
2026-10-01 11:53:00-04:00,7680.75,7681.0,7677.25,7679.0,2914
2026-10-01 11:54:00-04:00,7679.0,7683.75,7678.25,7682.0,2864
2026-10-01 11:55:00-04:00,7681.75,7688.0,7681.25,7687.75,2861
2026-10-01 11:56:00-04:00,7688.0,7693.75,7685.5,7689.75,7888
2026-10-01 11:57:00-04:00,7689.75,7694.0,7688.25,7691.5,3237
2026-10-01 11:58:00-04:00,7691.5,7691.75,7687.75,7689.0,2814
2026-10-01 11:59:00-04:00,7688.75,7691.75,7688.25,7691.5,1834
2026-10-01 12:00:00-04:00,7691.5,7693.75,7687.0,7693.0,3435
2026-10-01 12:01:00-04:00,7693.0,7694.5,7691.75,7692.25,2304
2026-10-01 12:02:00-04:00,7692.25,7696.5,7691.5,7696.25,3160
2026-10-01 12:03:00-04:00,7696.25,7697.5,7695.0,7695.0,2509
2026-10-01 12:04:00-04:00,7695.25,7697.75,7695.0,7695.5,1923
2026-10-01 12:05:00-04:00,7695.5,7696.0,7691.0,7691.75,3206
2026-10-01 12:06:00-04:00,7691.75,7697.75,7690.25,7696.75,1944
2026-10-01 12:07:00-04:00,7696.75,7697.75,7693.5,7694.0,1492
2026-10-01 12:08:00-04:00,7693.75,7696.75,7693.75,7694.75,1402
2026-10-01 12:09:00-04:00,7694.5,7695.0,7692.0,7694.0,1637
2026-10-01 12:10:00-04:00,7694.0,7696.75,7693.75,7694.75,1639
2026-10-01 12:11:00-04:00,7694.5,7696.0,7693.75,7694.5,1313
2026-10-01 12:12:00-04:00,7694.25,7695.5,7690.0,7691.5,1698
2026-10-01 12:13:00-04:00,7691.5,7691.5,7688.75,7690.0,1886
2026-10-01 12:14:00-04:00,7690.0,7691.0,7689.5,7690.25,940
2026-10-01 12:15:00-04:00,7690.5,7692.25,7688.75,7690.75,1459
2026-10-01 12:16:00-04:00,7690.75,7695.25,7690.25,7695.0,1846
2026-10-01 12:17:00-04:00,7694.75,7700.25,7693.25,7699.5,2879
2026-10-01 12:18:00-04:00,7699.5,7701.0,7697.25,7697.75,2203
2026-10-01 12:19:00-04:00,7697.75,7697.75,7694.25,7695.0,1921
2026-10-01 12:20:00-04:00,7695.0,7695.75,7692.75,7695.25,1539
2026-10-01 12:21:00-04:00,7695.25,7696.75,7694.5,7695.75,1073
2026-10-01 12:22:00-04:00,7695.75,7698.5,7695.25,7697.75,1272
2026-10-01 12:23:00-04:00,7697.75,7699.0,7695.75,7698.75,1247
2026-10-01 12:24:00-04:00,7698.5,7702.5,7698.0,7701.0,2017
2026-10-01 12:25:00-04:00,7701.5,7701.5,7698.75,7701.0,1745
2026-10-01 12:26:00-04:00,7700.75,7702.0,7699.0,7699.25,1354
2026-10-01 12:27:00-04:00,7699.25,7701.0,7698.75,7700.5,1544
2026-10-01 12:28:00-04:00,7700.5,7701.0,7698.25,7699.75,2056
2026-10-01 12:29:00-04:00,7699.5,7699.5,7697.25,7697.75,2121
2026-10-01 12:30:00-04:00,7697.75,7702.5,7696.25,7702.25,2498
2026-10-01 12:31:00-04:00,7702.0,7704.5,7702.0,7704.25,2641
2026-10-01 12:32:00-04:00,7704.0,7708.25,7703.5,7707.75,3538
2026-10-01 12:33:00-04:00,7707.75,7709.5,7707.0,7707.5,2967
2026-10-01 12:34:00-04:00,7707.25,7708.75,7706.0,7708.25,2094
2026-10-01 12:35:00-04:00,7708.25,7709.25,7707.25,7709.0,1832
2026-10-01 12:36:00-04:00,7709.0,7709.0,7706.5,7708.5,2060
2026-10-01 12:37:00-04:00,7708.5,7711.0,7705.5,7706.0,2880
2026-10-01 12:38:00-04:00,7706.0,7706.0,7701.75,7703.5,3085
2026-10-01 12:39:00-04:00,7703.25,7704.5,7702.75,7703.5,1327
2026-10-01 12:40:00-04:00,7703.75,7705.25,7703.0,7705.0,2213
2026-10-01 12:41:00-04:00,7704.75,7705.0,7700.5,7700.5,2381
2026-10-01 12:42:00-04:00,7700.75,7705.0,7699.25,7703.5,2481
2026-10-01 12:43:00-04:00,7703.75,7706.5,7703.25,7705.25,1964
2026-10-01 12:44:00-04:00,7705.25,7705.5,7703.25,7704.75,1063
2026-10-01 12:45:00-04:00,7705.0,7706.0,7703.5,7704.75,1177
2026-10-01 12:46:00-04:00,7704.5,7705.0,7703.25,7704.75,1308
2026-10-01 12:47:00-04:00,7704.75,7705.5,7703.25,7705.0,1125
2026-10-01 12:48:00-04:00,7704.75,7707.75,7704.25,7705.5,1888
2026-10-01 12:49:00-04:00,7705.75,7706.25,7702.75,7703.75,1590
2026-10-01 12:50:00-04:00,7703.5,7705.25,7701.0,7702.5,2932
2026-10-01 12:51:00-04:00,7702.5,7702.75,7696.75,7697.75,2645
2026-10-01 12:52:00-04:00,7697.75,7698.5,7697.0,7698.25,1897
2026-10-01 12:53:00-04:00,7698.5,7699.25,7695.5,7696.0,2324
2026-10-01 12:54:00-04:00,7696.0,7696.0,7692.5,7693.5,3007
2026-10-01 12:55:00-04:00,7693.5,7694.5,7689.75,7690.0,3467
2026-10-01 12:56:00-04:00,7690.0,7691.25,7687.25,7689.25,3969
2026-10-01 12:57:00-04:00,7689.0,7692.0,7688.5,7691.75,2428
2026-10-01 12:58:00-04:00,7691.75,7693.0,7690.75,7692.5,1686
2026-10-01 12:59:00-04:00,7692.5,7694.5,7691.75,7694.0,2096
2026-10-01 13:00:00-04:00,7693.75,7695.25,7691.75,7693.5,3170
2026-10-01 13:01:00-04:00,7693.25,7696.25,7692.25,7696.25,3158
2026-10-01 13:02:00-04:00,7696.5,7702.5,7696.0,7702.0,3179
2026-10-01 13:03:00-04:00,7702.0,7702.25,7698.25,7699.25,1636
2026-10-01 13:04:00-04:00,7699.25,7704.0,7698.5,7703.25,1907
2026-10-01 13:05:00-04:00,7703.25,7705.0,7702.5,7703.5,2023
2026-10-01 13:06:00-04:00,7703.5,7705.0,7702.25,7703.25,2382
2026-10-01 13:07:00-04:00,7703.25,7704.0,7700.5,7702.5,2426
2026-10-01 13:08:00-04:00,7702.5,7703.75,7701.25,7701.75,1116
2026-10-01 13:09:00-04:00,7702.0,7702.25,7700.0,7701.25,1147
2026-10-01 13:10:00-04:00,7701.25,7702.25,7700.25,7702.25,1731
2026-10-01 13:11:00-04:00,7702.0,7704.5,7701.75,7703.5,1545
2026-10-01 13:12:00-04:00,7703.75,7705.75,7702.75,7703.0,1758
2026-10-01 13:13:00-04:00,7703.5,7706.25,7702.75,7706.25,1255
2026-10-01 13:14:00-04:00,7706.0,7707.5,7703.5,7703.75,1625
2026-10-01 13:15:00-04:00,7704.0,7705.0,7702.5,7705.0,1545
2026-10-01 13:16:00-04:00,7705.0,7706.75,7704.5,7705.75,1375
2026-10-01 13:17:00-04:00,7705.5,7707.25,7705.25,7706.0,1211
2026-10-01 13:18:00-04:00,7706.25,7708.0,7705.5,7708.0,1396
2026-10-01 13:19:00-04:00,7707.75,7712.5,7707.75,7710.25,3746
2026-10-01 13:20:00-04:00,7710.5,7715.0,7710.25,7714.25,3807
2026-10-01 13:21:00-04:00,7714.0,7714.25,7711.5,7713.5,2350
2026-10-01 13:22:00-04:00,7713.75,7718.5,7712.75,7718.0,3802
2026-10-01 13:23:00-04:00,7718.25,7719.75,7717.0,7718.5,3208
2026-10-01 13:24:00-04:00,7718.5,7721.75,7717.0,7721.75,2907
2026-10-01 13:25:00-04:00,7721.75,7724.75,7721.0,7722.75,4458
2026-10-01 13:26:00-04:00,7722.75,7723.5,7721.25,7722.75,1889
2026-10-01 13:27:00-04:00,7722.5,7723.5,7720.5,7722.0,2557
2026-10-01 13:28:00-04:00,7722.0,7723.25,7720.5,7721.0,2032
2026-10-01 13:29:00-04:00,7721.25,7723.75,7719.75,7722.0,2959
2026-10-01 13:30:00-04:00,7722.0,7737.25,7721.75,7731.75,20191
2026-10-01 13:31:00-04:00,7731.75,7734.0,7729.25,7731.75,4751
2026-10-01 13:32:00-04:00,7731.5,7733.75,7727.5,7728.75,3322
2026-10-01 13:33:00-04:00,7728.75,7731.75,7728.25,7730.5,2743
2026-10-01 13:34:00-04:00,7730.25,7732.5,7729.25,7731.5,2133
2026-10-01 13:35:00-04:00,7731.5,7731.75,7726.25,7726.5,2365
2026-10-01 13:36:00-04:00,7726.5,7729.75,7725.5,7729.75,2355
2026-10-01 13:37:00-04:00,7729.5,7730.25,7727.75,7728.25,1498
2026-10-01 13:38:00-04:00,7728.5,7729.5,7726.25,7727.75,1628
2026-10-01 13:39:00-04:00,7727.75,7729.0,7727.5,7727.75,1006
2026-10-01 13:40:00-04:00,7727.75,7729.5,7726.0,7728.75,1807
2026-10-01 13:41:00-04:00,7728.75,7729.5,7726.25,7729.25,1528
2026-10-01 13:42:00-04:00,7729.25,7733.25,7729.0,7733.25,3661
2026-10-01 13:43:00-04:00,7733.25,7735.25,7732.5,7733.25,2592
2026-10-01 13:44:00-04:00,7733.25,7734.5,7732.0,7733.75,1391
2026-10-01 13:45:00-04:00,7733.75,7736.75,7732.75,7736.5,2913
2026-10-01 13:46:00-04:00,7736.5,7738.25,7733.75,7737.5,3221
2026-10-01 13:47:00-04:00,7737.75,7738.75,7733.75,7734.0,2523
2026-10-01 13:48:00-04:00,7733.75,7734.5,7731.25,7732.0,2479
2026-10-01 13:49:00-04:00,7731.75,7733.25,7730.25,7730.25,1878
2026-10-01 13:50:00-04:00,7730.25,7731.25,7728.25,7728.75,3266
2026-10-01 13:51:00-04:00,7728.75,7731.5,7728.25,7731.0,2001
2026-10-01 13:52:00-04:00,7731.0,7733.0,7730.5,7732.0,1340
2026-10-01 13:53:00-04:00,7731.75,7731.75,7730.25,7731.0,1008
2026-10-01 13:54:00-04:00,7731.0,7731.5,7723.0,7723.5,11078
2026-10-01 13:55:00-04:00,7723.75,7726.25,7720.5,7724.75,6225
2026-10-01 13:56:00-04:00,7724.75,7726.75,7719.25,7722.0,4872
2026-10-01 13:57:00-04:00,7722.0,7722.0,7717.5,7718.5,4249
2026-10-01 13:58:00-04:00,7718.25,7721.5,7718.25,7719.75,2251
2026-10-01 13:59:00-04:00,7719.75,7721.5,7717.75,7720.5,3341
2026-10-01 14:00:00-04:00,7720.75,7722.5,7715.25,7716.25,4635
2026-10-01 14:01:00-04:00,7716.25,7720.0,7713.75,7720.0,5229
2026-10-01 14:02:00-04:00,7720.0,7721.75,7718.25,7721.25,3551
2026-10-01 14:03:00-04:00,7721.25,7721.75,7717.0,7717.25,2241
2026-10-01 14:04:00-04:00,7717.25,7718.5,7714.25,7716.0,1971
2026-10-01 14:05:00-04:00,7716.0,7716.75,7711.0,7712.25,3361
2026-10-01 14:06:00-04:00,7712.5,7712.5,7707.25,7708.0,3377
2026-10-01 14:07:00-04:00,7708.0,7709.5,7706.5,7709.5,2806
2026-10-01 14:08:00-04:00,7709.5,7711.25,7708.0,7708.5,2459
2026-10-01 14:09:00-04:00,7708.25,7713.0,7708.25,7711.75,2512
2026-10-01 14:10:00-04:00,7711.5,7714.25,7709.5,7711.25,2167
2026-10-01 14:11:00-04:00,7711.25,7714.0,7711.0,7713.25,2066
2026-10-01 14:12:00-04:00,7713.25,7717.0,7713.25,7716.0,3086
2026-10-01 14:13:00-04:00,7716.0,7720.5,7715.75,7718.5,4583
2026-10-01 14:14:00-04:00,7718.5,7718.75,7716.0,7718.25,1201
2026-10-01 14:15:00-04:00,7718.5,7722.25,7718.5,7719.5,2589
2026-10-01 14:16:00-04:00,7719.5,7720.5,7718.25,7719.5,1478
2026-10-01 14:17:00-04:00,7719.5,7720.5,7717.75,7719.25,1479
2026-10-01 14:18:00-04:00,7719.25,7723.75,7719.0,7723.0,1599
2026-10-01 14:19:00-04:00,7723.0,7723.25,7719.5,7720.0,1890
2026-10-01 14:20:00-04:00,7720.0,7720.5,7718.0,7719.75,1852
2026-10-01 14:21:00-04:00,7720.0,7721.0,7718.75,7719.5,1335
2026-10-01 14:22:00-04:00,7719.5,7720.5,7715.25,7719.0,4193
2026-10-01 14:23:00-04:00,7719.0,7726.25,7718.25,7725.75,8324
2026-10-01 14:24:00-04:00,7725.75,7727.5,7724.5,7724.75,3320
2026-10-01 14:25:00-04:00,7724.75,7726.5,7722.5,7725.75,1951
2026-10-01 14:26:00-04:00,7725.75,7726.75,7723.5,7724.5,1383
2026-10-01 14:27:00-04:00,7724.5,7724.75,7722.75,7723.75,1927
2026-10-01 14:28:00-04:00,7723.75,7726.75,7723.5,7724.75,1620
2026-10-01 14:29:00-04:00,7725.0,7727.75,7724.5,7726.5,2733
2026-10-01 14:30:00-04:00,7726.75,7727.5,7723.0,7723.5,1956
2026-10-01 14:31:00-04:00,7723.75,7724.75,7722.75,7722.75,916
2026-10-01 14:32:00-04:00,7723.0,7727.5,7722.0,7726.75,1479
2026-10-01 14:33:00-04:00,7726.75,7729.25,7726.75,7729.0,1892
2026-10-01 14:34:00-04:00,7729.0,7736.5,7728.0,7736.25,6212
2026-10-01 14:35:00-04:00,7736.5,7736.75,7733.25,7734.25,3794
2026-10-01 14:36:00-04:00,7734.25,7734.25,7731.0,7732.25,1924
2026-10-01 14:37:00-04:00,7732.25,7732.25,7729.25,7730.5,1642
2026-10-01 14:38:00-04:00,7730.25,7730.25,7727.75,7728.0,1312
2026-10-01 14:39:00-04:00,7728.0,7729.5,7727.75,7728.5,886
2026-10-01 14:40:00-04:00,7728.75,7729.25,7727.5,7729.0,723
2026-10-01 14:41:00-04:00,7729.0,7730.75,7728.25,7729.75,1091
2026-10-01 14:42:00-04:00,7729.75,7730.0,7726.75,7728.0,1432
2026-10-01 14:43:00-04:00,7728.0,7728.25,7726.0,7726.75,1099
2026-10-01 14:44:00-04:00,7726.75,7728.5,7726.5,7728.5,784
2026-10-01 14:45:00-04:00,7728.0,7728.5,7726.5,7726.5,720
2026-10-01 14:46:00-04:00,7726.25,7727.75,7725.5,7727.5,1017
2026-10-01 14:47:00-04:00,7727.25,7729.0,7727.25,7728.5,1082
2026-10-01 14:48:00-04:00,7728.5,7729.0,7727.5,7728.25,744
2026-10-01 14:49:00-04:00,7728.0,7729.0,7727.75,7727.75,577
2026-10-01 14:50:00-04:00,7728.0,7729.5,7727.0,7728.0,971
2026-10-01 14:51:00-04:00,7728.25,7728.25,7726.25,7728.25,867
2026-10-01 14:52:00-04:00,7728.5,7730.75,7728.25,7729.5,1132
2026-10-01 14:53:00-04:00,7729.75,7731.5,7729.5,7731.5,655
2026-10-01 14:54:00-04:00,7731.5,7732.0,7730.25,7730.5,917
2026-10-01 14:55:00-04:00,7730.5,7731.5,7729.0,7731.25,1627
2026-10-01 14:56:00-04:00,7731.25,7732.0,7730.75,7731.0,582
2026-10-01 14:57:00-04:00,7731.25,7731.75,7730.0,7730.5,525
2026-10-01 14:58:00-04:00,7730.5,7731.75,7730.5,7731.5,522
2026-10-01 14:59:00-04:00,7731.25,7733.5,7731.25,7733.0,1264
2026-10-01 15:00:00-04:00,7733.25,7734.25,7730.75,7731.0,1628
2026-10-01 15:01:00-04:00,7730.75,7731.0,7728.5,7729.0,1451
2026-10-01 15:02:00-04:00,7728.75,7729.75,7728.0,7728.25,1004
2026-10-01 15:03:00-04:00,7728.25,7729.0,7727.0,7728.25,1270
2026-10-01 15:04:00-04:00,7728.25,7730.75,7727.75,7730.25,1196
2026-10-01 15:05:00-04:00,7730.5,7730.75,7729.25,7730.25,1142
2026-10-01 15:06:00-04:00,7730.0,7730.25,7727.25,7727.75,676
2026-10-01 15:07:00-04:00,7728.0,7729.25,7727.0,7729.0,628
2026-10-01 15:08:00-04:00,7729.0,7730.75,7728.5,7730.0,673
2026-10-01 15:09:00-04:00,7730.25,7731.5,7729.5,7730.5,635
2026-10-01 15:10:00-04:00,7730.75,7732.75,7730.5,7730.5,732
2026-10-01 15:11:00-04:00,7730.5,7731.5,7729.25,7729.75,693
2026-10-01 15:12:00-04:00,7729.75,7730.5,7729.25,7729.25,477
2026-10-01 15:13:00-04:00,7729.25,7731.25,7729.0,7731.0,926
2026-10-01 15:14:00-04:00,7731.0,7731.25,7730.0,7731.0,524
2026-10-01 15:15:00-04:00,7730.75,7731.75,7729.0,7730.75,1009
2026-10-01 15:16:00-04:00,7730.5,7731.0,7729.5,7730.5,400
2026-10-01 15:17:00-04:00,7730.5,7730.75,7728.0,7728.25,726
2026-10-01 15:18:00-04:00,7728.25,7731.0,7728.25,7730.25,543
2026-10-01 15:19:00-04:00,7730.25,7732.0,7730.25,7732.0,891
2026-10-01 15:20:00-04:00,7731.75,7732.0,7730.25,7731.25,649
2026-10-01 15:21:00-04:00,7731.25,7733.0,7731.0,7731.25,642
2026-10-01 15:22:00-04:00,7731.25,7731.5,7730.25,7730.25,509
2026-10-01 15:23:00-04:00,7730.5,7730.75,7729.25,7729.5,681
2026-10-01 15:24:00-04:00,7729.5,7730.5,7728.25,7728.5,908
2026-10-01 15:25:00-04:00,7728.75,7729.25,7727.75,7729.25,750
2026-10-01 15:26:00-04:00,7729.5,7730.25,7728.25,7728.75,713
2026-10-01 15:27:00-04:00,7728.75,7728.75,7727.25,7727.5,792
2026-10-01 15:28:00-04:00,7727.75,7730.25,7727.75,7730.0,637
2026-10-01 15:29:00-04:00,7730.25,7730.25,7729.0,7729.75,456
2026-10-01 15:30:00-04:00,7729.75,7731.25,7729.5,7730.5,1129
2026-10-01 15:31:00-04:00,7730.5,7733.0,7730.5,7731.5,1364
2026-10-01 15:32:00-04:00,7731.75,7731.75,7729.5,7730.5,1140
2026-10-01 15:33:00-04:00,7730.25,7731.0,7729.75,7730.0,643
2026-10-01 15:34:00-04:00,7730.25,7731.25,7728.0,7729.0,1271
2026-10-01 15:35:00-04:00,7728.75,7729.5,7727.75,7728.0,1146
2026-10-01 15:36:00-04:00,7728.0,7728.0,7726.5,7726.75,1394
2026-10-01 15:37:00-04:00,7726.75,7728.5,7726.5,7728.25,992
2026-10-01 15:38:00-04:00,7728.25,7730.75,7728.25,7730.75,1343
2026-10-01 15:39:00-04:00,7730.75,7732.0,7730.5,7730.5,918
2026-10-01 15:40:00-04:00,7730.5,7732.5,7730.5,7732.5,1552
2026-10-01 15:41:00-04:00,7732.5,7733.75,7732.25,7732.75,1219
2026-10-01 15:42:00-04:00,7732.75,7733.25,7730.5,7730.75,813
2026-10-01 15:43:00-04:00,7730.75,7732.75,7730.25,7731.75,765
2026-10-01 15:44:00-04:00,7731.75,7732.25,7730.75,7731.0,594
2026-10-01 15:45:00-04:00,7730.5,7733.25,7729.75,7733.0,1803
2026-10-01 15:46:00-04:00,7733.0,7735.0,7732.25,7734.25,2051
2026-10-01 15:47:00-04:00,7734.25,7734.5,7732.25,7733.0,901
2026-10-01 15:48:00-04:00,7732.75,7733.5,7731.5,7732.25,955
2026-10-01 15:49:00-04:00,7732.25,7733.25,7731.75,7733.0,805
2026-10-01 15:50:00-04:00,7732.75,7739.0,7732.0,7737.75,5406
2026-10-01 15:51:00-04:00,7737.75,7741.25,7737.5,7737.75,3444
2026-10-01 15:52:00-04:00,7737.75,7738.25,7734.5,7735.5,2301
2026-10-01 15:53:00-04:00,7735.5,7736.5,7733.5,7733.5,1377
2026-10-01 15:54:00-04:00,7733.5,7734.25,7729.5,7729.75,3834
2026-10-01 15:55:00-04:00,7729.75,7729.75,7724.0,7726.0,6695
2026-10-01 15:56:00-04:00,7726.25,7728.25,7725.25,7726.5,1937
2026-10-01 15:57:00-04:00,7726.5,7727.5,7724.25,7725.0,1916
2026-10-01 15:58:00-04:00,7725.25,7725.25,7722.25,7722.75,2644
2026-10-01 15:59:00-04:00,7722.5,7727.5,7719.75,7726.0,21881
2026-10-01 16:00:00-04:00,7726.25,7728.75,7725.0,7728.75,3657
2026-10-01 16:01:00-04:00,7728.5,7730.5,7728.0,7730.0,1596
2026-10-01 16:02:00-04:00,7729.75,7729.75,7727.5,7728.0,609
2026-10-01 16:03:00-04:00,7728.25,7728.5,7727.25,7727.25,534
2026-10-01 16:04:00-04:00,7727.25,7728.25,7726.0,7728.0,709
2026-10-01 16:05:00-04:00,7728.25,7730.25,7727.75,7730.25,934
2026-10-01 16:06:00-04:00,7730.0,7731.0,7729.0,7730.75,465
2026-10-01 16:07:00-04:00,7731.0,7731.25,7728.75,7729.75,371
2026-10-01 16:08:00-04:00,7729.75,7730.5,7729.5,7730.0,110
2026-10-01 16:09:00-04:00,7729.75,7731.0,7729.75,7730.0,265
2026-10-01 16:10:00-04:00,7730.0,7730.25,7729.0,7729.5,210
2026-10-01 16:11:00-04:00,7729.25,7730.0,7729.0,7729.5,103
2026-10-01 16:12:00-04:00,7729.25,7729.5,7728.75,7729.5,161
2026-10-01 16:13:00-04:00,7729.5,7732.0,7729.25,7731.5,427
2026-10-01 16:14:00-04:00,7731.75,7732.75,7731.0,7732.25,425
2026-10-01 16:15:00-04:00,7732.25,7732.75,7731.5,7731.75,152
2026-10-01 16:16:00-04:00,7731.75,7732.0,7731.0,7731.5,229
2026-10-01 16:17:00-04:00,7731.5,7732.5,7731.25,7732.0,268
2026-10-01 16:18:00-04:00,7732.0,7732.5,7731.75,7731.75,100
2026-10-01 16:19:00-04:00,7731.75,7732.25,7730.25,7731.25,445
2026-10-01 16:20:00-04:00,7731.25,7731.5,7730.75,7731.0,238
2026-10-01 16:21:00-04:00,7731.0,7731.5,7730.0,7730.75,181
2026-10-01 16:22:00-04:00,7731.0,7731.0,7730.25,7730.5,96
2026-10-01 16:23:00-04:00,7730.75,7731.25,7730.5,7730.75,92
2026-10-01 16:24:00-04:00,7731.0,7731.0,7730.5,7730.5,81
2026-10-01 16:25:00-04:00,7730.5,7731.0,7730.25,7730.75,145
2026-10-01 16:26:00-04:00,7730.75,7731.0,7730.0,7730.0,198
2026-10-01 16:27:00-04:00,7730.25,7730.75,7730.0,7730.25,57
2026-10-01 16:28:00-04:00,7730.0,7730.75,7729.75,7729.75,255
2026-10-01 16:29:00-04:00,7729.75,7730.0,7729.5,7729.75,120
2026-10-01 16:30:00-04:00,7729.5,7730.0,7729.5,7729.5,115
2026-10-01 16:31:00-04:00,7729.5,7729.75,7729.25,7729.25,96
2026-10-01 16:32:00-04:00,7729.5,7730.25,7729.5,7729.75,104
2026-10-01 16:33:00-04:00,7729.75,7730.0,7729.25,7729.25,104
2026-10-01 16:34:00-04:00,7729.25,7729.5,7728.5,7729.5,220
2026-10-01 16:35:00-04:00,7729.5,7729.5,7728.25,7728.25,265
2026-10-01 16:36:00-04:00,7728.5,7728.75,7728.0,7728.25,80
2026-10-01 16:37:00-04:00,7728.0,7728.75,7728.0,7728.0,202
2026-10-01 16:38:00-04:00,7728.0,7728.0,7726.5,7727.25,329
2026-10-01 16:39:00-04:00,7727.5,7727.5,7726.75,7727.0,99
2026-10-01 16:40:00-04:00,7727.0,7727.5,7726.5,7726.5,149
2026-10-01 16:41:00-04:00,7726.75,7727.25,7726.25,7726.75,103
2026-10-01 16:42:00-04:00,7726.75,7727.25,7726.5,7726.75,63
2026-10-01 16:43:00-04:00,7726.75,7727.0,7726.5,7726.75,114
2026-10-01 16:44:00-04:00,7726.75,7727.0,7726.5,7726.75,104
2026-10-01 16:45:00-04:00,7727.0,7727.0,7726.25,7726.25,339
2026-10-01 16:46:00-04:00,7726.25,7726.75,7725.5,7725.75,209
2026-10-01 16:47:00-04:00,7726.0,7726.0,7725.5,7725.5,110
2026-10-01 16:48:00-04:00,7725.75,7725.75,7725.25,7725.25,120
2026-10-01 16:49:00-04:00,7725.25,7726.25,7725.25,7726.0,114
2026-10-01 16:50:00-04:00,7726.0,7727.5,7725.75,7727.0,280
2026-10-01 16:51:00-04:00,7727.0,7727.0,7726.0,7726.0,134
2026-10-01 16:52:00-04:00,7725.75,7726.0,7725.25,7725.75,235
2026-10-01 16:53:00-04:00,7725.75,7726.0,7725.0,7725.25,191
2026-10-01 16:54:00-04:00,7725.0,7725.5,7724.75,7725.0,170
2026-10-01 16:55:00-04:00,7725.0,7725.25,7724.5,7724.5,253
2026-10-01 16:56:00-04:00,7724.75,7725.0,7724.0,7724.75,151
2026-10-01 16:57:00-04:00,7724.75,7725.5,7724.5,7725.25,54
2026-10-01 16:58:00-04:00,7725.5,7726.0,7725.25,7726.0,160
2026-10-01 16:59:00-04:00,7725.75,7726.0,7725.0,7725.0,212
2026-10-01 18:00:00-04:00,7724.0,7727.25,7723.0,7726.25,0
2026-10-01 18:01:00-04:00,7725.75,7727.5,7725.5,7726.75,144
2026-10-01 18:02:00-04:00,7726.5,7727.25,7725.0,7726.25,193
2026-10-01 18:03:00-04:00,7726.5,7727.0,7724.75,7724.75,285
2026-10-01 18:04:00-04:00,7725.0,7726.5,7723.75,7726.25,270
2026-10-01 18:05:00-04:00,7725.75,7728.0,7725.25,7727.75,283
2026-10-01 18:06:00-04:00,7727.75,7729.0,7727.75,7728.25,198
2026-10-01 18:07:00-04:00,7728.25,7730.5,7728.25,7729.0,284
2026-10-01 18:08:00-04:00,7729.0,7730.5,7728.75,7730.5,145
2026-10-01 18:09:00-04:00,7730.5,7730.5,7726.25,7728.0,369
2026-10-01 18:10:00-04:00,7728.0,7728.75,7727.75,7728.5,121
2026-10-01 18:11:00-04:00,7728.5,7728.75,7727.25,7727.5,130
2026-10-01 18:12:00-04:00,7727.5,7728.25,7726.5,7727.75,153
2026-10-01 18:13:00-04:00,7727.5,7727.75,7726.25,7726.75,108
2026-10-01 18:14:00-04:00,7727.25,7727.5,7726.0,7726.0,199
2026-10-01 18:15:00-04:00,7726.25,7726.5,7724.75,7726.0,329
2026-10-01 18:16:00-04:00,7725.75,7726.0,7725.0,7725.25,56
2026-10-01 18:17:00-04:00,7725.0,7726.5,7725.0,7726.25,79
2026-10-01 18:18:00-04:00,7726.5,7726.5,7725.25,7726.0,100
2026-10-01 18:19:00-04:00,7725.75,7726.5,7725.5,7726.25,137
2026-10-01 18:20:00-04:00,7726.5,7726.75,7725.75,7725.75,133
2026-10-01 18:21:00-04:00,7726.25,7726.25,7725.75,7726.0,35
2026-10-01 18:22:00-04:00,7726.25,7726.25,7725.25,7725.25,84
2026-10-01 18:23:00-04:00,7725.5,7725.5,7724.0,7724.5,338
2026-10-01 18:24:00-04:00,7724.5,7725.25,7724.25,7724.75,90
2026-10-01 18:25:00-04:00,7725.0,7726.75,7724.5,7726.25,157
2026-10-01 18:26:00-04:00,7726.0,7726.25,7725.5,7725.75,111
2026-10-01 18:27:00-04:00,7725.75,7726.5,7725.5,7726.25,72
2026-10-01 18:28:00-04:00,7726.25,7726.25,7725.5,7725.5,25
2026-10-01 18:29:00-04:00,7725.75,7726.5,7725.5,7726.5,56
2026-10-01 18:30:00-04:00,7726.5,7727.75,7726.0,7727.5,246
2026-10-01 18:31:00-04:00,7727.5,7727.5,7726.75,7727.0,73
2026-10-01 18:32:00-04:00,7727.0,7728.75,7726.75,7728.5,206
2026-10-01 18:33:00-04:00,7728.5,7728.5,7727.5,7727.75,84
2026-10-01 18:34:00-04:00,7727.75,7728.25,7727.25,7727.25,64
2026-10-01 18:35:00-04:00,7727.5,7728.0,7727.5,7727.5,119
2026-10-01 18:36:00-04:00,7727.75,7728.25,7727.75,7727.75,110
2026-10-01 18:37:00-04:00,7727.75,7728.5,7727.75,7728.5,119
2026-10-01 18:38:00-04:00,7728.25,7728.5,7728.0,7728.0,38
2026-10-01 18:39:00-04:00,7728.0,7728.0,7727.5,7727.75,100
2026-10-01 18:40:00-04:00,7727.75,7728.25,7727.25,7727.25,96
2026-10-01 18:41:00-04:00,7727.25,7727.75,7727.25,7727.25,61
2026-10-01 18:42:00-04:00,7727.25,7727.75,7727.0,7727.25,60
2026-10-01 18:43:00-04:00,7727.25,7727.5,7726.75,7726.75,54
2026-10-01 18:44:00-04:00,7726.75,7727.0,7726.75,7727.0,72
2026-10-01 18:45:00-04:00,7727.25,7727.25,7726.75,7727.25,44
2026-10-01 18:46:00-04:00,7727.25,7728.0,7727.25,7727.5,76
2026-10-01 18:47:00-04:00,7727.25,7727.25,7726.5,7726.75,61
2026-10-01 18:48:00-04:00,7726.5,7727.0,7726.5,7726.5,39
2026-10-01 18:49:00-04:00,7726.5,7727.0,7726.25,7727.0,40
2026-10-01 18:50:00-04:00,7727.0,7727.5,7727.0,7727.0,91
2026-10-01 18:51:00-04:00,7727.0,7727.75,7726.75,7727.75,76
2026-10-01 18:52:00-04:00,7727.5,7728.5,7727.25,7728.25,93
2026-10-01 18:53:00-04:00,7728.25,7729.25,7728.25,7729.0,177
2026-10-01 18:54:00-04:00,7729.25,7729.75,7729.0,7729.75,128
2026-10-01 18:55:00-04:00,7729.5,7731.5,7729.5,7731.0,451
2026-10-01 18:56:00-04:00,7731.25,7732.0,7731.25,7731.5,164
2026-10-01 18:57:00-04:00,7731.5,7731.5,7730.75,7730.75,165
2026-10-01 18:58:00-04:00,7730.75,7732.25,7730.75,7732.0,169
2026-10-01 18:59:00-04:00,7732.0,7732.75,7731.75,7732.0,251
2026-10-01 19:00:00-04:00,7732.0,7732.25,7729.75,7731.0,516
2026-10-01 19:01:00-04:00,7731.5,7731.75,7730.75,7731.0,118
2026-10-01 19:02:00-04:00,7731.25,7732.5,7730.75,7732.5,149
2026-10-01 19:03:00-04:00,7732.25,7734.5,7732.0,7734.0,616
2026-10-01 19:04:00-04:00,7734.0,7735.75,7733.75,7734.5,336
2026-10-01 19:05:00-04:00,7734.5,7734.75,7733.0,7733.5,165
2026-10-01 19:06:00-04:00,7733.5,7734.0,7731.75,7732.75,334
2026-10-01 19:07:00-04:00,7732.5,7733.25,7732.0,7732.0,221
2026-10-01 19:08:00-04:00,7731.75,7733.5,7731.75,7732.75,212
2026-10-01 19:09:00-04:00,7733.25,7733.25,7732.5,7732.75,108
2026-10-01 19:10:00-04:00,7733.0,7733.5,7732.25,7732.5,166
2026-10-01 19:11:00-04:00,7732.5,7732.75,7732.25,7732.75,75
2026-10-01 19:12:00-04:00,7732.75,7733.25,7732.25,7732.75,64
2026-10-01 19:13:00-04:00,7733.0,7733.5,7732.5,7733.5,75
2026-10-01 19:14:00-04:00,7733.5,7735.0,7733.25,7734.5,257
2026-10-01 19:15:00-04:00,7734.75,7734.75,7732.75,7733.0,356
2026-10-01 19:16:00-04:00,7733.25,7733.75,7733.0,7733.5,68
2026-10-01 19:17:00-04:00,7733.75,7734.0,7733.5,7733.5,63
2026-10-01 19:18:00-04:00,7733.75,7735.25,7733.75,7734.5,172
2026-10-01 19:19:00-04:00,7734.25,7734.75,7734.25,7734.75,64
2026-10-01 19:20:00-04:00,7734.75,7735.0,7734.0,7734.25,43
2026-10-01 19:21:00-04:00,7734.0,7734.0,7733.25,7733.25,102
2026-10-01 19:22:00-04:00,7733.5,7734.0,7732.75,7732.75,164
2026-10-01 19:23:00-04:00,7732.75,7733.0,7731.75,7732.25,162
2026-10-01 19:24:00-04:00,7732.5,7732.75,7732.0,7732.75,57
2026-10-01 19:25:00-04:00,7732.75,7733.5,7732.75,7733.5,93
2026-10-01 19:26:00-04:00,7733.25,7733.5,7732.75,7733.0,80
2026-10-01 19:27:00-04:00,7733.0,7733.25,7732.75,7733.0,36
2026-10-01 19:28:00-04:00,7733.0,7733.25,7732.75,7733.0,114
2026-10-01 19:29:00-04:00,7733.0,7733.25,7733.0,7733.0,16
2026-10-01 19:30:00-04:00,7733.0,7733.5,7732.0,7732.0,97
2026-10-01 19:31:00-04:00,7732.0,7732.0,7729.25,7729.75,617
2026-10-01 19:32:00-04:00,7729.75,7730.25,7729.5,7729.75,251
2026-10-01 19:33:00-04:00,7730.0,7730.75,7728.75,7730.75,320
2026-10-01 19:34:00-04:00,7730.75,7730.75,7730.0,7730.5,144
2026-10-01 19:35:00-04:00,7730.25,7731.25,7730.25,7730.5,207
2026-10-01 19:36:00-04:00,7730.5,7730.5,7729.5,7729.75,115
2026-10-01 19:37:00-04:00,7729.25,7729.5,7728.25,7729.0,228
2026-10-01 19:38:00-04:00,7728.75,7729.0,7728.0,7728.5,82
2026-10-01 19:39:00-04:00,7728.75,7728.75,7727.5,7728.25,164
2026-10-01 19:40:00-04:00,7728.25,7728.25,7727.0,7727.75,349
2026-10-01 19:41:00-04:00,7727.75,7728.0,7727.25,7727.75,102
2026-10-01 19:42:00-04:00,7727.75,7728.75,7727.5,7728.75,154
2026-10-01 19:43:00-04:00,7728.5,7729.5,7728.25,7729.5,191
2026-10-01 19:44:00-04:00,7729.25,7730.25,7729.25,7729.75,296
2026-10-01 19:45:00-04:00,7729.5,7730.0,7727.25,7728.5,403
2026-10-01 19:46:00-04:00,7728.5,7729.5,7727.5,7728.75,378
2026-10-01 19:47:00-04:00,7728.75,7729.0,7727.75,7727.75,84
2026-10-01 19:48:00-04:00,7727.75,7728.5,7727.25,7728.5,159
2026-10-01 19:49:00-04:00,7728.25,7730.75,7728.25,7730.75,337
2026-10-01 19:50:00-04:00,7730.75,7731.5,7730.0,7730.25,524
2026-10-01 19:51:00-04:00,7730.5,7731.75,7729.75,7731.5,308
2026-10-01 19:52:00-04:00,7731.25,7731.75,7730.75,7731.25,168
2026-10-01 19:53:00-04:00,7731.5,7734.25,7731.5,7734.0,618
2026-10-01 19:54:00-04:00,7734.0,7734.25,7731.75,7732.25,270
2026-10-01 19:55:00-04:00,7732.25,7732.75,7731.5,7732.25,114
2026-10-01 19:56:00-04:00,7732.25,7733.0,7732.25,7732.75,123
2026-10-01 19:57:00-04:00,7732.75,7733.25,7732.5,7733.0,119
2026-10-01 19:58:00-04:00,7733.25,7733.25,7732.75,7732.75,132
2026-10-01 19:59:00-04:00,7733.0,7734.25,7732.75,7733.25,118
2026-10-01 20:00:00-04:00,7733.0,7733.25,7729.75,7731.75,974
2026-10-01 20:01:00-04:00,7731.75,7732.75,7730.75,7731.5,373
2026-10-01 20:02:00-04:00,7732.0,7732.0,7730.5,7731.5,202
2026-10-01 20:03:00-04:00,7731.5,7732.0,7730.0,7731.5,178
2026-10-01 20:04:00-04:00,7731.75,7731.75,7730.5,7731.5,146
2026-10-01 20:05:00-04:00,7731.75,7732.5,7730.5,7732.5,234
2026-10-01 20:06:00-04:00,7732.25,7732.25,7730.75,7731.25,207
2026-10-01 20:07:00-04:00,7731.25,7732.25,7731.0,7731.75,171
2026-10-01 20:08:00-04:00,7731.5,7731.75,7730.25,7730.5,152
2026-10-01 20:09:00-04:00,7730.0,7731.25,7729.75,7730.5,153
2026-10-01 20:10:00-04:00,7730.5,7735.25,7730.5,7733.75,1089
2026-10-01 20:11:00-04:00,7734.0,7735.25,7733.75,7734.25,449
2026-10-01 20:12:00-04:00,7734.25,7736.0,7734.25,7735.25,336
2026-10-01 20:13:00-04:00,7735.25,7736.0,7734.5,7734.75,209
2026-10-01 20:14:00-04:00,7734.75,7735.75,7734.75,7735.0,142
2026-10-01 20:15:00-04:00,7735.0,7737.0,7733.0,7736.5,712
2026-10-01 20:16:00-04:00,7736.75,7736.75,7734.75,7734.75,263
2026-10-01 20:17:00-04:00,7735.25,7737.0,7735.0,7736.25,280
2026-10-01 20:18:00-04:00,7736.0,7738.5,7735.75,7738.25,408
2026-10-01 20:19:00-04:00,7738.25,7739.75,7738.25,7738.75,595
2026-10-01 20:20:00-04:00,7738.5,7739.75,7738.5,7739.5,274
2026-10-01 20:21:00-04:00,7739.5,7740.5,7738.25,7739.0,801
2026-10-01 20:22:00-04:00,7739.0,7739.25,7738.5,7738.75,179
2026-10-01 20:23:00-04:00,7739.0,7740.5,7739.0,7739.0,546
2026-10-01 20:24:00-04:00,7739.0,7739.25,7737.25,7738.25,291
2026-10-01 20:25:00-04:00,7738.0,7738.0,7735.75,7736.25,468
2026-10-01 20:26:00-04:00,7736.0,7736.25,7732.75,7734.0,897
2026-10-01 20:27:00-04:00,7733.75,7734.0,7731.25,7731.75,1180
2026-10-01 20:28:00-04:00,7732.0,7732.5,7730.5,7731.75,395
2026-10-01 20:29:00-04:00,7731.75,7731.75,7731.0,7731.0,118
2026-10-01 20:30:00-04:00,7731.5,7732.0,7730.5,7731.75,399
2026-10-01 20:31:00-04:00,7731.75,7733.75,7731.75,7733.0,541
2026-10-01 20:32:00-04:00,7732.75,7733.5,7732.0,7733.0,272
2026-10-01 20:33:00-04:00,7732.75,7734.0,7732.75,7733.25,154
2026-10-01 20:34:00-04:00,7733.25,7735.5,7732.25,7734.75,273
2026-10-01 20:35:00-04:00,7734.75,7735.5,7733.75,7735.0,226
2026-10-01 20:36:00-04:00,7735.0,7736.25,7735.0,7735.0,202
2026-10-01 20:37:00-04:00,7735.0,7735.5,7734.5,7735.25,165
2026-10-01 20:38:00-04:00,7735.0,7735.25,7732.75,7733.75,252
2026-10-01 20:39:00-04:00,7733.25,7734.25,7733.25,7733.75,144
2026-10-01 20:40:00-04:00,7733.5,7734.5,7733.25,7733.75,145
2026-10-01 20:41:00-04:00,7733.5,7733.5,7731.25,7731.25,349
2026-10-01 20:42:00-04:00,7731.5,7733.0,7731.0,7732.5,191
2026-10-01 20:43:00-04:00,7732.75,7733.5,7732.75,7733.0,78
2026-10-01 20:44:00-04:00,7733.0,7733.75,7732.5,7732.5,110
2026-10-01 20:45:00-04:00,7732.5,7733.25,7731.75,7732.75,101
2026-10-01 20:46:00-04:00,7733.0,7733.5,7732.25,7732.5,73
2026-10-01 20:47:00-04:00,7732.75,7734.0,7732.5,7733.75,100
2026-10-01 20:48:00-04:00,7734.0,7734.75,7733.5,7733.75,176
2026-10-01 20:49:00-04:00,7733.75,7734.5,7733.25,7733.75,132
2026-10-01 20:50:00-04:00,7733.5,7733.75,7732.25,7732.5,157
2026-10-01 20:51:00-04:00,7732.5,7733.5,7732.5,7733.25,35
2026-10-01 20:52:00-04:00,7732.75,7734.75,7732.5,7734.75,137
2026-10-01 20:53:00-04:00,7734.75,7735.0,7733.75,7734.25,144
2026-10-01 20:54:00-04:00,7734.25,7734.5,7733.25,7733.5,65
2026-10-01 20:55:00-04:00,7734.0,7734.25,7732.25,7732.75,108
2026-10-01 20:56:00-04:00,7732.5,7733.0,7732.25,7732.5,35
2026-10-01 20:57:00-04:00,7732.25,7733.5,7731.75,7733.5,99
2026-10-01 20:58:00-04:00,7733.25,7733.75,7732.5,7733.0,95
2026-10-01 20:59:00-04:00,7733.0,7733.0,7731.0,7731.75,244
2026-10-01 21:00:00-04:00,7731.5,7732.25,7731.25,7732.0,270
2026-10-01 21:01:00-04:00,7731.75,7733.25,7730.5,7731.0,422
2026-10-01 21:02:00-04:00,7731.25,7731.5,7730.25,7730.75,279
2026-10-01 21:03:00-04:00,7730.75,7731.5,7729.5,7730.75,422
2026-10-01 21:04:00-04:00,7730.75,7730.75,7729.25,7729.25,135
2026-10-01 21:05:00-04:00,7729.25,7731.0,7729.0,7730.75,262
2026-10-01 21:06:00-04:00,7730.75,7731.0,7729.75,7730.0,139
2026-10-01 21:07:00-04:00,7730.0,7730.0,7729.25,7729.75,146
2026-10-01 21:08:00-04:00,7729.75,7731.25,7729.5,7731.25,141
2026-10-01 21:09:00-04:00,7731.0,7731.5,7730.25,7731.25,180
2026-10-01 21:10:00-04:00,7731.5,7731.75,7730.25,7731.25,268
2026-10-01 21:11:00-04:00,7731.5,7731.5,7729.5,7730.5,156
2026-10-01 21:12:00-04:00,7730.5,7731.25,7730.25,7730.75,104
2026-10-01 21:13:00-04:00,7730.25,7730.75,7730.0,7730.5,70
2026-10-01 21:14:00-04:00,7730.5,7730.75,7730.25,7730.5,43
2026-10-01 21:15:00-04:00,7730.25,7730.25,7728.5,7729.5,251
2026-10-01 21:16:00-04:00,7729.5,7729.75,7728.75,7729.5,58
2026-10-01 21:17:00-04:00,7729.5,7730.75,7729.25,7730.5,83
2026-10-01 21:18:00-04:00,7730.5,7731.5,7730.0,7731.5,203
2026-10-01 21:19:00-04:00,7731.0,7731.25,7729.0,7729.0,140
2026-10-01 21:20:00-04:00,7729.25,7729.5,7727.25,7727.5,294
2026-10-01 21:21:00-04:00,7727.75,7728.25,7726.5,7727.25,398
2026-10-01 21:22:00-04:00,7727.25,7728.25,7726.0,7728.0,374
2026-10-01 21:23:00-04:00,7728.25,7730.25,7728.0,7728.75,259
2026-10-01 21:24:00-04:00,7728.5,7730.25,7728.25,7730.25,142
2026-10-01 21:25:00-04:00,7730.0,7730.0,7727.75,7727.75,138
2026-10-01 21:26:00-04:00,7727.75,7728.0,7726.75,7727.0,143
2026-10-01 21:27:00-04:00,7727.25,7727.25,7726.5,7727.0,98
2026-10-01 21:28:00-04:00,7726.5,7727.5,7726.5,7727.25,126
2026-10-01 21:29:00-04:00,7727.0,7728.5,7727.0,7728.0,132
2026-10-01 21:30:00-04:00,7728.5,7729.75,7728.25,7729.0,289
2026-10-01 21:31:00-04:00,7729.0,7729.0,7728.0,7728.75,135
2026-10-01 21:32:00-04:00,7728.5,7728.5,7726.5,7727.0,138
2026-10-01 21:33:00-04:00,7727.25,7728.75,7727.0,7728.75,110
2026-10-01 21:34:00-04:00,7728.75,7729.5,7727.25,7727.75,65
2026-10-01 21:35:00-04:00,7727.5,7728.75,7727.0,7727.25,72
2026-10-01 21:36:00-04:00,7727.75,7728.0,7727.0,7727.25,277
2026-10-01 21:37:00-04:00,7727.25,7727.5,7726.25,7726.5,231
2026-10-01 21:38:00-04:00,7727.0,7728.0,7726.75,7728.0,83
2026-10-01 21:39:00-04:00,7728.0,7728.5,7727.5,7728.5,77
2026-10-01 21:40:00-04:00,7728.25,7729.25,7727.75,7729.0,124
2026-10-01 21:41:00-04:00,7728.75,7729.25,7728.0,7728.75,206
2026-10-01 21:42:00-04:00,7728.75,7729.25,7727.75,7728.0,65
2026-10-01 21:43:00-04:00,7728.0,7729.5,7728.0,7729.0,92
2026-10-01 21:44:00-04:00,7729.25,7730.25,7729.25,7730.0,306
2026-10-01 21:45:00-04:00,7730.0,7730.5,7729.5,7730.25,108
2026-10-01 21:46:00-04:00,7730.25,7730.5,7729.5,7729.75,161
2026-10-01 21:47:00-04:00,7729.75,7731.0,7729.5,7730.5,177
2026-10-01 21:48:00-04:00,7730.5,7731.0,7730.25,7730.75,77
2026-10-01 21:49:00-04:00,7730.75,7731.25,7730.5,7731.0,66
2026-10-01 21:50:00-04:00,7730.5,7734.25,7730.25,7733.25,574
2026-10-01 21:51:00-04:00,7733.5,7735.25,7733.0,7735.25,436
2026-10-01 21:52:00-04:00,7735.0,7737.25,7735.0,7736.0,614
2026-10-01 21:53:00-04:00,7736.0,7736.25,7735.25,7735.25,190
2026-10-01 21:54:00-04:00,7735.25,7735.25,7734.0,7734.5,240
2026-10-01 21:55:00-04:00,7734.25,7734.5,7732.75,7734.5,230
2026-10-01 21:56:00-04:00,7734.75,7735.75,7734.5,7735.75,136
2026-10-01 21:57:00-04:00,7735.75,7736.5,7735.0,7735.5,156
2026-10-01 21:58:00-04:00,7736.0,7736.5,7735.5,7735.75,159
2026-10-01 21:59:00-04:00,7736.0,7737.25,7735.75,7737.0,126
2026-10-01 22:00:00-04:00,7736.75,7737.25,7735.25,7736.25,222
2026-10-01 22:01:00-04:00,7736.25,7736.5,7735.25,7735.5,114
2026-10-01 22:02:00-04:00,7735.25,7736.0,7734.25,7736.0,134
2026-10-01 22:03:00-04:00,7736.0,7736.0,7734.5,7735.25,105
2026-10-01 22:04:00-04:00,7735.0,7736.75,7735.0,7736.25,141
2026-10-01 22:05:00-04:00,7736.0,7736.25,7735.0,7735.25,145
2026-10-01 22:06:00-04:00,7735.5,7736.25,7735.5,7735.75,56
2026-10-01 22:07:00-04:00,7735.75,7736.0,7734.25,7734.75,78
2026-10-01 22:08:00-04:00,7734.75,7735.75,7734.25,7735.25,125
2026-10-01 22:09:00-04:00,7735.0,7735.0,7733.5,7734.25,191
2026-10-01 22:10:00-04:00,7734.25,7735.0,7734.0,7735.0,119
2026-10-01 22:11:00-04:00,7735.25,7735.25,7733.0,7733.25,188
2026-10-01 22:12:00-04:00,7733.5,7734.5,7733.25,7734.0,62
2026-10-01 22:13:00-04:00,7733.75,7737.5,7733.75,7737.0,278
2026-10-01 22:14:00-04:00,7737.25,7737.5,7737.0,7737.25,128
2026-10-01 22:15:00-04:00,7737.25,7738.5,7736.5,7738.0,212
2026-10-01 22:16:00-04:00,7738.25,7740.25,7738.0,7740.25,395
2026-10-01 22:17:00-04:00,7740.0,7740.25,7737.5,7738.0,295
2026-10-01 22:18:00-04:00,7737.75,7738.0,7737.0,7737.0,132
2026-10-01 22:19:00-04:00,7737.25,7738.5,7737.0,7737.5,167
2026-10-01 22:20:00-04:00,7737.5,7738.5,7737.25,7738.25,115
2026-10-01 22:21:00-04:00,7738.0,7738.25,7736.5,7737.25,152
2026-10-01 22:22:00-04:00,7737.25,7737.5,7736.75,7736.75,113
2026-10-01 22:23:00-04:00,7737.0,7737.25,7736.75,7737.0,99
2026-10-01 22:24:00-04:00,7737.25,7737.25,7736.0,7736.25,59
2026-10-01 22:25:00-04:00,7736.25,7737.25,7736.0,7737.25,119
2026-10-01 22:26:00-04:00,7737.25,7738.75,7737.25,7738.5,176
2026-10-01 22:27:00-04:00,7738.5,7740.5,7738.25,7740.0,261
2026-10-01 22:28:00-04:00,7740.0,7740.25,7739.0,7739.5,103
2026-10-01 22:29:00-04:00,7739.5,7739.75,7738.75,7738.75,74
2026-10-01 22:30:00-04:00,7739.0,7739.25,7738.0,7738.75,128
2026-10-01 22:31:00-04:00,7738.5,7739.25,7738.25,7738.5,96
2026-10-01 22:32:00-04:00,7738.5,7739.0,7737.5,7738.25,149
2026-10-01 22:33:00-04:00,7738.25,7738.75,7738.25,7738.75,40
2026-10-01 22:34:00-04:00,7738.75,7738.75,7737.5,7737.5,55
2026-10-01 22:35:00-04:00,7737.75,7739.5,7737.25,7738.5,181
2026-10-01 22:36:00-04:00,7738.75,7739.5,7738.5,7739.0,52
2026-10-01 22:37:00-04:00,7739.0,7739.5,7738.75,7739.0,58
2026-10-01 22:38:00-04:00,7739.0,7739.0,7738.5,7738.75,32
2026-10-01 22:39:00-04:00,7738.75,7738.75,7737.25,7737.5,107
2026-10-01 22:40:00-04:00,7737.5,7738.25,7737.5,7737.75,90
2026-10-01 22:41:00-04:00,7738.0,7738.75,7737.75,7738.75,83
2026-10-01 22:42:00-04:00,7739.0,7739.25,7738.5,7739.0,50
2026-10-01 22:43:00-04:00,7738.75,7739.25,7738.75,7739.0,28
2026-10-01 22:44:00-04:00,7739.0,7739.5,7738.75,7739.5,92
2026-10-01 22:45:00-04:00,7739.5,7740.25,7739.25,7739.75,153
2026-10-01 22:46:00-04:00,7739.5,7740.0,7739.25,7739.5,169
2026-10-01 22:47:00-04:00,7739.75,7740.25,7739.5,7740.0,82
2026-10-01 22:48:00-04:00,7740.5,7741.25,7740.25,7740.75,208
2026-10-01 22:49:00-04:00,7740.75,7742.0,7740.75,7741.5,446
2026-10-01 22:50:00-04:00,7741.5,7741.75,7740.25,7740.5,191
2026-10-01 22:51:00-04:00,7740.5,7740.75,7739.5,7739.75,110
2026-10-01 22:52:00-04:00,7739.75,7740.5,7739.5,7740.0,146
2026-10-01 22:53:00-04:00,7739.75,7739.75,7739.0,7739.25,148
2026-10-01 22:54:00-04:00,7739.5,7739.5,7738.25,7739.0,131
2026-10-01 22:55:00-04:00,7738.75,7739.0,7737.75,7738.75,172
2026-10-01 22:56:00-04:00,7738.25,7739.0,7738.0,7739.0,54
2026-10-01 22:57:00-04:00,7739.0,7740.5,7738.5,7740.25,134
2026-10-01 22:58:00-04:00,7740.0,7740.25,7739.75,7740.25,75
2026-10-01 22:59:00-04:00,7740.0,7741.5,7740.0,7741.25,103
2026-10-01 23:00:00-04:00,7741.5,7741.75,7740.5,7741.5,155
2026-10-01 23:01:00-04:00,7741.25,7742.5,7741.0,7742.0,351
2026-10-01 23:02:00-04:00,7742.0,7742.5,7741.75,7742.0,91
2026-10-01 23:03:00-04:00,7742.0,7742.5,7742.0,7742.0,52
2026-10-01 23:04:00-04:00,7742.0,7742.5,7741.75,7742.0,51
2026-10-01 23:05:00-04:00,7742.25,7742.25,7741.5,7742.25,87
2026-10-01 23:06:00-04:00,7742.5,7742.5,7741.25,7741.25,47
2026-10-01 23:07:00-04:00,7741.5,7741.5,7740.5,7741.0,136
2026-10-01 23:08:00-04:00,7740.75,7741.0,7739.5,7740.0,121
2026-10-01 23:09:00-04:00,7739.75,7740.0,7739.0,7739.25,167
2026-10-01 23:10:00-04:00,7739.5,7740.0,7738.5,7739.5,161
2026-10-01 23:11:00-04:00,7739.5,7740.25,7739.25,7740.0,128
2026-10-01 23:12:00-04:00,7740.25,7740.75,7739.75,7740.5,79
2026-10-01 23:13:00-04:00,7740.25,7741.0,7740.25,7740.5,64
2026-10-01 23:14:00-04:00,7740.75,7741.25,7740.5,7741.0,52
2026-10-01 23:15:00-04:00,7740.75,7741.5,7740.75,7741.25,75
2026-10-01 23:16:00-04:00,7741.0,7741.25,7740.5,7741.0,84
2026-10-01 23:17:00-04:00,7740.5,7740.75,7740.25,7740.5,34
2026-10-01 23:18:00-04:00,7740.5,7741.5,7740.5,7741.5,78
2026-10-01 23:19:00-04:00,7741.0,7741.5,7741.0,7741.25,77
2026-10-01 23:20:00-04:00,7741.25,7741.5,7740.75,7740.75,95
2026-10-01 23:21:00-04:00,7740.75,7741.25,7740.0,7741.25,68
2026-10-01 23:22:00-04:00,7741.0,7741.5,7740.75,7741.5,35
2026-10-01 23:23:00-04:00,7741.5,7741.75,7741.0,7741.5,73
2026-10-01 23:24:00-04:00,7741.5,7742.0,7741.25,7741.5,54
2026-10-01 23:25:00-04:00,7741.75,7742.5,7741.5,7742.0,106
2026-10-01 23:26:00-04:00,7742.0,7742.0,7741.0,7741.0,71
2026-10-01 23:27:00-04:00,7741.0,7741.75,7740.75,7741.5,66
2026-10-01 23:28:00-04:00,7741.75,7741.75,7741.25,7741.5,26
2026-10-01 23:29:00-04:00,7741.5,7741.5,7740.75,7740.75,20
2026-10-01 23:30:00-04:00,7740.5,7741.5,7740.25,7740.75,86
2026-10-01 23:31:00-04:00,7740.5,7741.0,7740.25,7740.75,81
2026-10-01 23:32:00-04:00,7740.75,7740.75,7740.25,7740.25,28
2026-10-01 23:33:00-04:00,7740.5,7741.25,7739.75,7741.0,84
2026-10-01 23:34:00-04:00,7740.75,7741.5,7740.75,7741.0,33
2026-10-01 23:35:00-04:00,7741.25,7741.25,7740.25,7740.25,74
2026-10-01 23:36:00-04:00,7740.5,7740.5,7739.5,7739.75,100
2026-10-01 23:37:00-04:00,7739.75,7740.5,7739.5,7740.25,92
2026-10-01 23:38:00-04:00,7740.75,7741.25,7740.5,7741.0,55
2026-10-01 23:39:00-04:00,7741.0,7741.5,7740.0,7740.5,99
2026-10-01 23:40:00-04:00,7740.25,7740.5,7739.75,7740.25,47
2026-10-01 23:41:00-04:00,7740.5,7740.75,7740.25,7740.5,54
2026-10-01 23:42:00-04:00,7740.75,7741.0,7740.5,7741.0,33
2026-10-01 23:43:00-04:00,7741.25,7741.25,7740.5,7740.5,37
2026-10-01 23:44:00-04:00,7740.75,7741.75,7740.5,7741.25,81
2026-10-01 23:45:00-04:00,7741.25,7742.5,7741.25,7741.75,164
2026-10-01 23:46:00-04:00,7741.75,7741.75,7741.25,7741.25,69
2026-10-01 23:47:00-04:00,7741.5,7741.75,7740.5,7740.75,75
2026-10-01 23:48:00-04:00,7740.5,7741.0,7740.0,7740.0,116
2026-10-01 23:49:00-04:00,7740.25,7740.25,7739.5,7739.75,92
2026-10-01 23:50:00-04:00,7739.75,7742.0,7739.75,7741.0,263
2026-10-01 23:51:00-04:00,7740.75,7741.75,7740.5,7741.5,75
2026-10-01 23:52:00-04:00,7741.75,7742.25,7741.75,7742.0,67
2026-10-01 23:53:00-04:00,7742.0,7742.0,7741.25,7741.5,44
2026-10-01 23:54:00-04:00,7741.75,7742.25,7741.75,7742.0,32
2026-10-01 23:55:00-04:00,7742.25,7742.75,7742.0,7742.0,64
2026-10-01 23:56:00-04:00,7742.0,7742.5,7741.75,7742.25,51
2026-10-01 23:57:00-04:00,7742.25,7742.5,7741.75,7741.75,33
2026-10-01 23:58:00-04:00,7742.0,7743.0,7742.0,7742.75,124
2026-10-02 00:09:00-04:00,7744.75,7745.0,7744.25,7744.75,82
2026-10-02 00:10:00-04:00,7744.5,7745.25,7743.5,7745.25,121
2026-10-02 00:11:00-04:00,7745.5,7746.25,7745.25,7745.75,187
2026-10-02 00:12:00-04:00,7745.25,7745.75,7744.25,7745.25,86
2026-10-02 00:13:00-04:00,7745.25,7746.25,7745.25,7745.75,95
2026-10-02 00:14:00-04:00,7745.75,7746.0,7745.5,7745.5,28
2026-10-02 00:15:00-04:00,7745.75,7745.75,7745.25,7745.5,76
2026-10-02 00:16:00-04:00,7745.25,7746.0,7745.25,7746.0,63
2026-10-02 00:17:00-04:00,7745.75,7746.25,7745.25,7745.75,55
2026-10-02 00:18:00-04:00,7745.5,7745.75,7745.0,7745.25,69
2026-10-02 00:19:00-04:00,7745.25,7745.25,7744.75,7744.75,65
2026-10-02 00:20:00-04:00,7744.75,7745.5,7744.75,7745.0,60
2026-10-02 00:21:00-04:00,7745.25,7746.0,7745.25,7745.5,56
2026-10-02 00:22:00-04:00,7745.25,7745.5,7744.75,7744.75,41
2026-10-02 00:23:00-04:00,7744.75,7745.5,7744.75,7745.5,39
2026-10-02 00:24:00-04:00,7745.75,7746.5,7745.5,7745.5,104
2026-10-02 00:25:00-04:00,7745.75,7746.5,7745.5,7746.5,42
2026-10-02 00:26:00-04:00,7746.25,7746.25,7745.25,7745.5,57
2026-10-02 00:27:00-04:00,7745.5,7746.0,7745.0,7745.75,57
2026-10-02 00:28:00-04:00,7745.25,7745.75,7745.25,7745.25,35
2026-10-02 00:29:00-04:00,7745.25,7746.0,7745.25,7745.5,72
2026-10-02 00:30:00-04:00,7745.5,7745.75,7745.25,7745.25,28
2026-10-02 00:31:00-04:00,7745.25,7745.75,7745.25,7745.75,19
2026-10-02 00:32:00-04:00,7746.0,7746.25,7744.5,7744.75,69
2026-10-02 00:33:00-04:00,7745.0,7745.0,7744.25,7744.75,89
2026-10-02 00:34:00-04:00,7744.5,7745.0,7744.5,7744.5,50
2026-10-02 00:35:00-04:00,7744.75,7744.75,7743.75,7744.0,90
2026-10-02 00:36:00-04:00,7744.0,7744.5,7743.75,7744.25,66
2026-10-02 00:37:00-04:00,7744.25,7745.0,7744.0,7744.75,43
2026-10-02 00:38:00-04:00,7745.0,7745.0,7744.5,7744.75,46
2026-10-02 00:39:00-04:00,7744.75,7745.0,7744.75,7744.75,23
2026-10-02 00:40:00-04:00,7744.25,7744.75,7744.0,7744.5,45
2026-10-02 00:41:00-04:00,7744.25,7745.75,7744.25,7745.5,98
2026-10-02 00:42:00-04:00,7745.5,7745.5,7744.5,7745.0,71
2026-10-02 00:43:00-04:00,7745.25,7745.5,7744.75,7745.25,51
2026-10-02 00:44:00-04:00,7745.25,7745.25,7744.75,7744.75,21
2026-10-02 00:45:00-04:00,7745.0,7745.25,7744.75,7744.75,61
2026-10-02 00:46:00-04:00,7744.75,7745.0,7743.75,7743.75,178
2026-10-02 00:47:00-04:00,7743.75,7744.75,7743.5,7744.25,88
2026-10-02 00:48:00-04:00,7744.0,7745.0,7743.75,7744.25,39
2026-10-02 00:49:00-04:00,7744.5,7745.5,7744.5,7745.0,87
2026-10-02 00:50:00-04:00,7745.25,7746.0,7745.0,7745.75,59
2026-10-02 00:51:00-04:00,7745.75,7747.0,7745.5,7745.75,200
2026-10-02 00:52:00-04:00,7746.0,7747.25,7745.75,7747.0,92
2026-10-02 00:53:00-04:00,7747.0,7747.75,7747.0,7747.5,263
2026-10-02 00:54:00-04:00,7747.25,7748.25,7747.25,7747.5,189
2026-10-02 00:55:00-04:00,7747.5,7747.75,7747.25,7747.75,60
2026-10-02 00:56:00-04:00,7748.0,7748.0,7747.0,7747.0,100
2026-10-02 00:57:00-04:00,7747.0,7747.5,7747.0,7747.5,32
2026-10-02 00:58:00-04:00,7747.5,7748.0,7747.5,7747.75,44
2026-10-02 00:59:00-04:00,7747.75,7750.0,7747.75,7749.75,636
2026-10-02 01:00:00-04:00,7749.5,7750.0,7748.5,7749.5,241
2026-10-02 01:01:00-04:00,7749.75,7752.75,7749.25,7751.25,973
2026-10-02 01:02:00-04:00,7751.25,7752.0,7749.75,7749.75,217
2026-10-02 01:03:00-04:00,7750.0,7750.25,7749.0,7749.0,130
2026-10-02 01:04:00-04:00,7749.0,7749.0,7747.75,7748.25,186
2026-10-02 01:05:00-04:00,7748.0,7748.0,7747.0,7747.0,236
2026-10-02 01:06:00-04:00,7746.75,7748.25,7746.5,7748.25,207
2026-10-02 01:07:00-04:00,7748.0,7749.25,7747.75,7749.25,129
2026-10-02 01:08:00-04:00,7749.25,7751.25,7749.25,7750.5,292
2026-10-02 01:09:00-04:00,7750.75,7750.75,7749.5,7749.75,101
2026-10-02 01:10:00-04:00,7749.75,7750.25,7749.0,7749.5,200
2026-10-02 01:11:00-04:00,7749.75,7750.75,7749.5,7750.25,173
2026-10-02 01:12:00-04:00,7750.5,7750.75,7749.75,7750.5,66
2026-10-02 01:13:00-04:00,7750.25,7750.25,7749.25,7749.25,91
2026-10-02 01:14:00-04:00,7749.25,7749.25,7748.25,7749.0,149
2026-10-02 01:15:00-04:00,7748.75,7748.75,7747.5,7747.75,83
2026-10-02 01:16:00-04:00,7747.5,7747.75,7747.0,7747.25,117
2026-10-02 01:17:00-04:00,7747.25,7748.75,7747.0,7748.25,103
2026-10-02 01:18:00-04:00,7748.0,7748.25,7747.5,7747.75,87
2026-10-02 01:19:00-04:00,7747.75,7748.5,7747.5,7748.25,51
2026-10-02 01:20:00-04:00,7748.0,7748.25,7747.75,7747.75,30
2026-10-02 01:21:00-04:00,7747.5,7747.5,7746.75,7747.0,107
2026-10-02 01:22:00-04:00,7747.25,7748.5,7747.25,7748.0,181
2026-10-02 01:23:00-04:00,7748.25,7748.5,7747.75,7748.25,87
2026-10-02 01:24:00-04:00,7748.25,7748.25,7746.75,7746.75,49
2026-10-02 01:25:00-04:00,7747.0,7748.0,7746.5,7746.5,90
2026-10-02 01:26:00-04:00,7747.0,7747.0,7746.25,7746.5,87
2026-10-02 01:27:00-04:00,7746.5,7746.75,7745.5,7745.5,151
2026-10-02 01:28:00-04:00,7745.5,7746.5,7745.5,7746.25,114
2026-10-02 01:29:00-04:00,7746.75,7746.75,7745.75,7745.75,124
2026-10-02 01:30:00-04:00,7745.75,7746.0,7743.25,7743.5,577
2026-10-02 01:31:00-04:00,7743.5,7745.0,7743.25,7744.75,294
2026-10-02 01:32:00-04:00,7744.75,7745.25,7744.25,7745.25,132
2026-10-02 01:33:00-04:00,7745.0,7746.5,7744.5,7746.25,111
2026-10-02 01:34:00-04:00,7746.5,7746.75,7746.0,7746.25,92
2026-10-02 01:35:00-04:00,7746.5,7746.5,7745.5,7746.25,81
2026-10-02 01:36:00-04:00,7746.25,7746.25,7745.25,7745.25,68
2026-10-02 01:37:00-04:00,7745.0,7745.5,7744.5,7745.5,111
2026-10-02 01:38:00-04:00,7745.75,7746.0,7745.25,7745.25,53
2026-10-02 01:39:00-04:00,7745.25,7745.75,7744.5,7744.5,43
2026-10-02 01:40:00-04:00,7744.5,7745.0,7744.25,7744.25,99
2026-10-02 01:41:00-04:00,7745.0,7745.75,7744.75,7745.5,80
2026-10-02 01:42:00-04:00,7745.5,7746.0,7745.0,7745.75,26
2026-10-02 01:43:00-04:00,7745.5,7747.25,7745.5,7747.0,106
2026-10-02 01:44:00-04:00,7747.0,7747.0,7745.75,7746.0,69
2026-10-02 01:45:00-04:00,7746.0,7746.0,7744.25,7744.25,97
2026-10-02 01:46:00-04:00,7744.5,7744.75,7743.75,7744.25,132
2026-10-02 01:47:00-04:00,7744.0,7744.25,7743.25,7743.25,213
2026-10-02 01:48:00-04:00,7743.25,7744.25,7743.25,7744.25,74
2026-10-02 01:49:00-04:00,7743.75,7744.5,7743.75,7744.0,53
2026-10-02 01:50:00-04:00,7744.0,7744.5,7743.5,7744.0,52
2026-10-02 01:51:00-04:00,7744.0,7744.5,7743.5,7744.0,67
2026-10-02 01:52:00-04:00,7744.0,7744.75,7744.0,7744.0,49
2026-10-02 01:53:00-04:00,7743.75,7743.75,7743.0,7743.25,128
2026-10-02 01:54:00-04:00,7743.25,7743.5,7743.0,7743.5,60
2026-10-02 01:55:00-04:00,7743.5,7744.25,7743.5,7743.75,88
2026-10-02 01:56:00-04:00,7743.75,7744.25,7743.0,7743.0,90
2026-10-02 01:57:00-04:00,7743.25,7744.75,7742.75,7744.25,178
2026-10-02 01:58:00-04:00,7744.0,7744.75,7744.0,7744.5,40
2026-10-02 01:59:00-04:00,7744.0,7745.0,7744.0,7744.5,101
2026-10-02 02:00:00-04:00,7744.5,7746.25,7744.25,7746.0,321
2026-10-02 02:01:00-04:00,7746.0,7747.75,7746.0,7747.5,325
2026-10-02 02:02:00-04:00,7747.25,7747.25,7745.0,7746.25,244
2026-10-02 02:03:00-04:00,7746.25,7746.5,7745.75,7746.5,148
2026-10-02 02:04:00-04:00,7746.5,7747.0,7745.25,7747.0,198
2026-10-02 02:05:00-04:00,7747.0,7749.5,7747.0,7747.75,423
2026-10-02 02:06:00-04:00,7747.75,7748.25,7746.5,7747.25,167
2026-10-02 02:07:00-04:00,7747.25,7749.0,7747.0,7749.0,239
2026-10-02 02:08:00-04:00,7748.5,7751.0,7748.0,7750.5,364
2026-10-02 02:09:00-04:00,7750.5,7751.0,7748.25,7748.25,262
2026-10-02 02:10:00-04:00,7748.5,7749.25,7748.0,7749.0,194
2026-10-02 02:11:00-04:00,7749.0,7749.25,7748.25,7748.25,145
2026-10-02 02:12:00-04:00,7748.5,7750.0,7748.25,7749.0,170
2026-10-02 02:13:00-04:00,7749.25,7749.75,7749.0,7749.75,98
2026-10-02 02:14:00-04:00,7749.25,7749.25,7747.75,7747.75,161
2026-10-02 02:15:00-04:00,7748.0,7748.0,7745.75,7746.0,364
2026-10-02 02:16:00-04:00,7746.0,7746.75,7745.25,7745.5,173
2026-10-02 02:17:00-04:00,7745.5,7746.0,7744.75,7745.5,169
2026-10-02 02:18:00-04:00,7745.25,7745.25,7744.0,7744.5,297
2026-10-02 02:19:00-04:00,7744.25,7744.25,7743.5,7744.0,150
2026-10-02 02:20:00-04:00,7744.0,7744.25,7743.5,7744.25,129
2026-10-02 02:21:00-04:00,7744.0,7745.25,7743.75,7744.25,214
2026-10-02 02:22:00-04:00,7744.0,7745.5,7744.0,7745.5,154
2026-10-02 02:23:00-04:00,7745.5,7745.75,7744.5,7745.25,138
2026-10-02 02:24:00-04:00,7745.25,7745.75,7743.75,7744.5,113
2026-10-02 02:25:00-04:00,7744.5,7745.0,7743.5,7744.25,147
2026-10-02 02:26:00-04:00,7744.0,7745.75,7743.75,7745.75,121
2026-10-02 02:27:00-04:00,7745.5,7746.75,7745.5,7746.5,125
2026-10-02 02:28:00-04:00,7746.5,7747.75,7746.25,7747.5,254
2026-10-02 02:29:00-04:00,7747.75,7747.75,7745.75,7746.0,204
2026-10-02 02:30:00-04:00,7746.0,7748.0,7746.0,7747.25,263
2026-10-02 02:31:00-04:00,7747.5,7747.75,7744.75,7745.5,251
2026-10-02 02:32:00-04:00,7745.25,7747.25,7745.25,7746.25,149
2026-10-02 02:33:00-04:00,7746.25,7747.75,7746.0,7747.5,274
2026-10-02 02:34:00-04:00,7747.75,7748.0,7745.75,7746.5,231
2026-10-02 02:35:00-04:00,7746.25,7747.5,7746.0,7746.25,174
2026-10-02 02:36:00-04:00,7746.5,7746.75,7745.0,7745.0,189
2026-10-02 02:37:00-04:00,7744.75,7745.5,7743.5,7744.75,244
2026-10-02 02:38:00-04:00,7744.5,7745.25,7743.5,7744.75,253
2026-10-02 02:39:00-04:00,7744.75,7745.5,7743.25,7745.0,496
2026-10-02 02:40:00-04:00,7745.25,7745.5,7742.0,7742.5,555
2026-10-02 02:41:00-04:00,7742.75,7743.75,7742.0,7743.25,393
2026-10-02 02:42:00-04:00,7743.5,7744.0,7742.25,7742.5,253
2026-10-02 02:43:00-04:00,7742.75,7743.25,7742.0,7742.75,124
2026-10-02 02:44:00-04:00,7742.75,7743.0,7740.75,7741.5,693
2026-10-02 02:45:00-04:00,7741.5,7741.5,7739.75,7740.5,407
2026-10-02 02:46:00-04:00,7740.5,7740.75,7739.0,7739.5,347
2026-10-02 02:47:00-04:00,7739.25,7740.25,7739.0,7739.25,183
2026-10-02 02:48:00-04:00,7739.25,7739.5,7737.5,7737.75,547
2026-10-02 02:49:00-04:00,7738.0,7739.75,7737.75,7739.0,270
2026-10-02 02:50:00-04:00,7739.0,7739.25,7737.75,7737.75,186
2026-10-02 02:51:00-04:00,7738.5,7739.0,7737.0,7737.5,232
2026-10-02 02:52:00-04:00,7737.75,7738.5,7737.25,7738.0,139
2026-10-02 02:53:00-04:00,7737.5,7739.25,7737.25,7739.0,165
2026-10-02 02:54:00-04:00,7738.75,7742.0,7738.25,7741.5,333
2026-10-02 02:55:00-04:00,7741.5,7743.5,7741.0,7743.25,347
2026-10-02 02:56:00-04:00,7743.5,7744.25,7742.75,7743.5,217
2026-10-02 02:57:00-04:00,7743.75,7744.0,7741.25,7741.25,386
2026-10-02 02:58:00-04:00,7741.75,7743.0,7740.75,7742.5,169
2026-10-02 02:59:00-04:00,7742.25,7744.0,7742.0,7743.25,285
2026-10-02 03:00:00-04:00,7743.75,7744.5,7742.0,7743.25,472
2026-10-02 03:01:00-04:00,7743.5,7744.5,7742.75,7744.0,294
2026-10-02 03:02:00-04:00,7744.25,7744.75,7741.5,7742.75,330
2026-10-02 03:03:00-04:00,7742.75,7744.25,7742.5,7743.75,152
2026-10-02 03:04:00-04:00,7743.75,7745.25,7743.75,7744.25,173
2026-10-02 03:05:00-04:00,7744.0,7746.5,7744.0,7744.75,445
2026-10-02 03:06:00-04:00,7745.0,7745.5,7742.5,7744.0,294
2026-10-02 03:07:00-04:00,7744.0,7745.75,7743.5,7743.75,327
2026-10-02 03:08:00-04:00,7744.0,7745.5,7743.75,7745.0,187
2026-10-02 03:09:00-04:00,7744.5,7744.75,7743.5,7744.5,154
2026-10-02 03:10:00-04:00,7744.25,7747.25,7744.25,7747.25,321
2026-10-02 03:11:00-04:00,7747.25,7748.75,7746.75,7748.75,528
2026-10-02 03:12:00-04:00,7749.0,7749.25,7746.5,7748.0,260
2026-10-02 03:13:00-04:00,7748.5,7749.25,7748.0,7749.25,294
2026-10-02 03:14:00-04:00,7749.25,7750.5,7749.0,7750.0,401
2026-10-02 03:15:00-04:00,7750.5,7751.0,7748.75,7749.75,419
2026-10-02 03:16:00-04:00,7749.5,7749.75,7747.75,7747.75,227
2026-10-02 03:17:00-04:00,7747.75,7747.75,7745.75,7746.75,283
2026-10-02 03:18:00-04:00,7746.75,7747.75,7745.25,7747.5,242
2026-10-02 03:19:00-04:00,7747.75,7747.75,7744.25,7744.5,226
2026-10-02 03:20:00-04:00,7744.5,7745.75,7743.5,7745.75,317
2026-10-02 03:21:00-04:00,7746.0,7746.25,7744.25,7744.25,121
2026-10-02 03:22:00-04:00,7744.5,7746.25,7744.0,7746.0,160
2026-10-02 03:23:00-04:00,7745.75,7745.75,7743.5,7744.0,164
2026-10-02 03:24:00-04:00,7744.25,7744.5,7743.5,7744.5,74
2026-10-02 03:25:00-04:00,7744.5,7746.0,7744.5,7745.5,230
2026-10-02 03:26:00-04:00,7745.5,7745.5,7744.5,7744.5,191
2026-10-02 03:27:00-04:00,7744.5,7744.75,7743.0,7743.5,237
2026-10-02 03:28:00-04:00,7743.25,7743.75,7742.0,7742.25,222
2026-10-02 03:29:00-04:00,7741.75,7743.25,7741.25,7743.0,249
2026-10-02 03:30:00-04:00,7743.25,7743.5,7741.5,7741.75,207
2026-10-02 03:31:00-04:00,7741.75,7743.25,7741.5,7742.75,82
2026-10-02 03:32:00-04:00,7742.75,7743.5,7742.75,7742.75,54
2026-10-02 03:33:00-04:00,7742.5,7745.5,7742.5,7744.25,209
2026-10-02 03:34:00-04:00,7744.25,7744.5,7743.5,7744.5,92
2026-10-02 03:35:00-04:00,7744.75,7746.75,7744.5,7746.0,179
2026-10-02 03:36:00-04:00,7746.0,7746.5,7744.5,7745.5,132
2026-10-02 03:37:00-04:00,7745.75,7747.0,7744.75,7746.0,156
2026-10-02 03:38:00-04:00,7746.25,7746.5,7745.25,7746.25,69
2026-10-02 03:39:00-04:00,7746.25,7747.5,7746.25,7746.25,185
2026-10-02 03:40:00-04:00,7746.75,7746.75,7745.5,7745.5,120
2026-10-02 03:41:00-04:00,7746.0,7746.75,7745.75,7745.75,78
2026-10-02 03:42:00-04:00,7745.5,7746.0,7745.0,7745.5,103
2026-10-02 03:43:00-04:00,7745.75,7746.25,7744.75,7746.25,92
2026-10-02 03:44:00-04:00,7746.5,7747.25,7745.75,7746.25,120
2026-10-02 03:45:00-04:00,7746.5,7746.75,7746.0,7746.25,122
2026-10-02 03:46:00-04:00,7746.25,7747.0,7746.0,7746.25,73
2026-10-02 03:47:00-04:00,7746.25,7747.25,7746.0,7747.25,145
2026-10-02 03:48:00-04:00,7747.5,7748.0,7746.75,7746.75,99
2026-10-02 03:49:00-04:00,7746.75,7748.5,7746.75,7747.75,183
2026-10-02 03:50:00-04:00,7748.5,7750.75,7748.25,7750.25,762
2026-10-02 03:51:00-04:00,7750.25,7751.0,7749.75,7750.25,199
2026-10-02 03:52:00-04:00,7750.25,7750.25,7749.5,7749.75,115
2026-10-02 03:53:00-04:00,7749.75,7751.0,7749.5,7750.5,133
2026-10-02 03:54:00-04:00,7750.5,7753.25,7750.25,7752.5,781
2026-10-02 03:55:00-04:00,7752.5,7752.75,7751.0,7752.5,307
2026-10-02 03:56:00-04:00,7752.75,7754.5,7752.5,7754.5,483
2026-10-02 03:57:00-04:00,7754.5,7760.75,7754.0,7759.0,2614
2026-10-02 03:58:00-04:00,7759.25,7759.75,7754.5,7754.5,598
2026-10-02 03:59:00-04:00,7754.5,7756.25,7753.75,7755.75,305
2026-10-02 04:00:00-04:00,7755.75,7756.0,7752.5,7753.5,533
2026-10-02 04:01:00-04:00,7753.25,7753.75,7752.75,7753.75,287
2026-10-02 04:02:00-04:00,7753.75,7756.75,7753.75,7756.5,288
2026-10-02 04:03:00-04:00,7756.25,7757.25,7755.25,7757.0,281
2026-10-02 04:04:00-04:00,7756.75,7756.75,7755.0,7755.0,255
2026-10-02 04:05:00-04:00,7755.0,7757.25,7755.0,7757.0,178
2026-10-02 04:06:00-04:00,7757.25,7759.25,7756.75,7759.0,338
2026-10-02 04:07:00-04:00,7759.25,7762.5,7759.25,7762.25,537
2026-10-02 04:08:00-04:00,7761.75,7762.5,7760.25,7761.5,270
2026-10-02 04:09:00-04:00,7761.25,7763.25,7761.0,7763.0,396
2026-10-02 04:10:00-04:00,7763.0,7763.75,7762.0,7763.25,338
2026-10-02 04:11:00-04:00,7763.0,7763.5,7762.0,7763.25,278
2026-10-02 04:12:00-04:00,7763.25,7764.25,7762.25,7762.5,238
2026-10-02 04:13:00-04:00,7762.75,7763.0,7761.25,7763.0,311
2026-10-02 04:14:00-04:00,7763.0,7763.25,7760.75,7761.0,222
2026-10-02 04:15:00-04:00,7761.0,7761.75,7759.5,7760.5,316
2026-10-02 04:16:00-04:00,7760.75,7761.5,7760.0,7760.0,288
2026-10-02 04:17:00-04:00,7759.75,7761.25,7759.75,7760.25,294
2026-10-02 04:18:00-04:00,7760.25,7760.5,7759.0,7759.25,166
2026-10-02 04:19:00-04:00,7759.0,7759.25,7757.0,7758.0,326
2026-10-02 04:20:00-04:00,7758.0,7758.25,7755.5,7756.5,292
2026-10-02 04:21:00-04:00,7756.75,7761.5,7756.5,7759.25,1139
2026-10-02 04:22:00-04:00,7758.75,7759.5,7757.25,7758.75,330
2026-10-02 04:23:00-04:00,7758.5,7758.5,7755.25,7755.5,414
2026-10-02 04:24:00-04:00,7756.0,7756.75,7755.0,7756.0,263
2026-10-02 04:25:00-04:00,7756.0,7756.25,7755.0,7755.25,211
2026-10-02 04:26:00-04:00,7755.5,7757.0,7755.25,7756.25,224
2026-10-02 04:27:00-04:00,7756.25,7758.0,7755.5,7757.75,282
2026-10-02 04:28:00-04:00,7758.0,7758.5,7756.75,7756.75,107
2026-10-02 04:29:00-04:00,7756.75,7757.5,7755.75,7757.25,131
2026-10-02 04:30:00-04:00,7757.25,7758.25,7756.75,7757.75,223
2026-10-02 04:31:00-04:00,7758.0,7758.5,7756.75,7758.0,140
2026-10-02 04:32:00-04:00,7757.75,7758.25,7756.25,7757.25,251
2026-10-02 04:33:00-04:00,7757.0,7757.0,7755.0,7755.25,134
2026-10-02 04:34:00-04:00,7755.25,7756.0,7754.75,7756.0,187
2026-10-02 04:35:00-04:00,7756.0,7758.0,7755.75,7758.0,81
2026-10-02 04:36:00-04:00,7758.0,7760.0,7758.0,7759.5,160
2026-10-02 04:37:00-04:00,7759.75,7760.25,7759.0,7760.0,165
2026-10-02 04:38:00-04:00,7759.75,7760.25,7758.75,7759.5,152
2026-10-02 04:39:00-04:00,7759.5,7759.75,7759.0,7759.25,140
2026-10-02 04:40:00-04:00,7759.25,7760.0,7759.0,7759.25,80
2026-10-02 04:41:00-04:00,7759.25,7760.25,7759.0,7760.25,164
2026-10-02 04:42:00-04:00,7760.25,7760.25,7759.25,7759.75,98
2026-10-02 04:43:00-04:00,7759.75,7760.5,7759.5,7759.5,130
2026-10-02 04:44:00-04:00,7759.25,7759.5,7757.75,7758.5,278
2026-10-02 04:45:00-04:00,7758.5,7759.75,7758.25,7759.5,113
2026-10-02 04:46:00-04:00,7759.5,7760.5,7759.25,7759.25,96
2026-10-02 04:47:00-04:00,7759.25,7761.0,7759.0,7760.5,205
2026-10-02 04:48:00-04:00,7760.25,7762.0,7760.25,7762.0,178
2026-10-02 04:49:00-04:00,7761.75,7762.25,7761.5,7762.0,117
2026-10-02 04:50:00-04:00,7762.0,7763.75,7762.0,7763.0,221
2026-10-02 04:51:00-04:00,7762.25,7763.0,7762.0,7762.5,84
2026-10-02 04:52:00-04:00,7762.25,7762.25,7761.5,7761.75,111
2026-10-02 04:53:00-04:00,7761.5,7762.0,7760.75,7761.75,161
2026-10-02 04:54:00-04:00,7762.0,7763.75,7762.0,7763.5,167
2026-10-02 04:55:00-04:00,7763.5,7764.0,7762.5,7763.75,129
2026-10-02 04:56:00-04:00,7763.75,7764.75,7763.75,7764.25,185
2026-10-02 04:57:00-04:00,7764.0,7764.25,7762.75,7762.75,206
2026-10-02 04:58:00-04:00,7762.75,7763.5,7762.5,7763.0,91
2026-10-02 04:59:00-04:00,7762.75,7763.25,7762.25,7762.5,119
2026-10-02 05:00:00-04:00,7762.75,7763.0,7759.75,7760.25,443
2026-10-02 05:01:00-04:00,7760.5,7760.75,7758.0,7758.5,293
2026-10-02 05:02:00-04:00,7758.75,7759.0,7758.0,7759.0,131
2026-10-02 05:03:00-04:00,7759.0,7760.25,7758.25,7759.5,425
2026-10-02 05:04:00-04:00,7759.25,7759.5,7758.25,7759.25,131
2026-10-02 05:05:00-04:00,7759.25,7759.75,7758.5,7758.5,72
2026-10-02 05:06:00-04:00,7758.25,7759.5,7758.25,7759.25,100
2026-10-02 05:07:00-04:00,7759.5,7760.5,7759.0,7759.5,142
2026-10-02 05:08:00-04:00,7759.5,7759.75,7758.5,7758.5,102
2026-10-02 05:09:00-04:00,7758.5,7760.25,7758.5,7760.25,90
2026-10-02 05:10:00-04:00,7760.0,7762.0,7759.5,7762.0,290
2026-10-02 05:11:00-04:00,7761.75,7762.75,7761.75,7762.25,163
2026-10-02 05:12:00-04:00,7762.25,7763.25,7762.25,7762.5,132
2026-10-02 05:13:00-04:00,7762.5,7765.0,7762.5,7764.25,517
2026-10-02 05:14:00-04:00,7764.25,7765.5,7762.75,7763.5,325
2026-10-02 05:15:00-04:00,7763.25,7763.75,7762.75,7762.75,90
2026-10-02 05:16:00-04:00,7762.75,7765.75,7762.75,7763.5,1210
2026-10-02 05:17:00-04:00,7763.5,7764.0,7763.25,7763.5,270
2026-10-02 05:18:00-04:00,7763.5,7763.75,7761.75,7762.75,169
2026-10-02 05:19:00-04:00,7763.25,7763.5,7762.75,7763.5,108
2026-10-02 05:20:00-04:00,7763.75,7765.0,7763.75,7764.5,161
2026-10-02 05:21:00-04:00,7764.5,7764.75,7762.25,7762.75,202
2026-10-02 05:22:00-04:00,7762.5,7763.75,7762.5,7763.75,81
2026-10-02 05:23:00-04:00,7764.0,7764.0,7762.5,7763.25,82
2026-10-02 05:24:00-04:00,7763.0,7763.75,7762.75,7763.0,161
2026-10-02 05:25:00-04:00,7763.0,7764.0,7763.0,7763.5,90
2026-10-02 05:26:00-04:00,7763.25,7764.0,7762.75,7762.75,95
2026-10-02 05:27:00-04:00,7762.75,7763.0,7761.75,7762.0,148
2026-10-02 05:28:00-04:00,7761.75,7762.5,7761.5,7762.25,125
2026-10-02 05:29:00-04:00,7762.25,7762.75,7762.0,7762.5,55
2026-10-02 05:30:00-04:00,7762.25,7763.0,7762.0,7762.75,76
2026-10-02 05:31:00-04:00,7762.75,7762.75,7762.0,7762.25,64
2026-10-02 05:32:00-04:00,7762.0,7762.5,7761.5,7761.75,70
2026-10-02 05:33:00-04:00,7761.75,7762.0,7761.0,7762.0,115
2026-10-02 05:34:00-04:00,7761.75,7761.75,7759.0,7759.25,247
2026-10-02 05:35:00-04:00,7759.75,7759.75,7758.75,7759.5,168
2026-10-02 05:36:00-04:00,7759.5,7761.5,7759.5,7761.25,201
2026-10-02 05:37:00-04:00,7761.0,7763.0,7761.0,7761.25,186
2026-10-02 05:38:00-04:00,7761.25,7762.25,7761.25,7762.0,121
2026-10-02 05:39:00-04:00,7762.25,7762.5,7761.5,7762.0,43
2026-10-02 05:40:00-04:00,7762.0,7763.0,7762.0,7762.25,120
2026-10-02 05:41:00-04:00,7762.25,7763.25,7762.0,7762.75,90
2026-10-02 05:42:00-04:00,7762.5,7762.75,7762.25,7762.5,71
2026-10-02 05:43:00-04:00,7762.25,7763.0,7761.5,7761.5,44
2026-10-02 05:44:00-04:00,7761.5,7762.0,7761.0,7761.25,83
2026-10-02 05:45:00-04:00,7761.25,7761.25,7760.5,7761.0,95
2026-10-02 05:46:00-04:00,7761.0,7761.25,7757.75,7760.25,1440
2026-10-02 05:47:00-04:00,7760.5,7760.5,7758.0,7759.0,800
2026-10-02 05:48:00-04:00,7759.0,7762.5,7758.5,7762.25,498
2026-10-02 05:49:00-04:00,7762.5,7765.5,7761.75,7762.75,1141
2026-10-02 05:50:00-04:00,7763.0,7763.75,7760.75,7761.25,328
2026-10-02 05:51:00-04:00,7761.0,7761.75,7760.5,7760.75,112
2026-10-02 05:52:00-04:00,7761.25,7761.25,7759.25,7759.25,144
2026-10-02 05:53:00-04:00,7759.25,7761.25,7759.25,7761.25,187
2026-10-02 05:54:00-04:00,7761.25,7762.5,7760.5,7760.5,163
2026-10-02 05:55:00-04:00,7760.25,7760.5,7759.0,7760.0,155
2026-10-02 05:56:00-04:00,7760.0,7760.75,7760.0,7760.25,77
2026-10-02 05:57:00-04:00,7760.5,7761.0,7760.0,7760.5,66
2026-10-02 05:58:00-04:00,7760.5,7760.5,7759.5,7760.0,95
2026-10-02 05:59:00-04:00,7759.75,7760.75,7759.25,7759.75,118
2026-10-02 06:00:00-04:00,7759.75,7760.5,7759.5,7760.25,161
2026-10-02 06:01:00-04:00,7760.25,7760.5,7758.75,7760.0,190
2026-10-02 06:02:00-04:00,7760.0,7760.0,7757.0,7758.25,439
2026-10-02 06:03:00-04:00,7758.5,7758.5,7756.5,7757.25,141
2026-10-02 06:04:00-04:00,7757.0,7760.25,7756.5,7758.0,762
2026-10-02 06:05:00-04:00,7758.25,7758.25,7755.75,7755.75,293
2026-10-02 06:06:00-04:00,7756.0,7756.5,7754.75,7756.0,246
2026-10-02 06:07:00-04:00,7756.0,7756.5,7755.0,7755.25,142
2026-10-02 06:08:00-04:00,7755.0,7756.75,7755.0,7756.75,190
2026-10-02 06:09:00-04:00,7756.5,7757.25,7755.25,7755.25,174
2026-10-02 06:10:00-04:00,7755.75,7755.75,7754.5,7755.0,200
2026-10-02 06:11:00-04:00,7755.0,7755.0,7753.75,7753.75,294
2026-10-02 06:12:00-04:00,7753.75,7755.5,7753.75,7754.0,152
2026-10-02 06:13:00-04:00,7754.25,7754.25,7752.25,7753.5,418
2026-10-02 06:14:00-04:00,7753.5,7754.25,7753.25,7753.75,127
2026-10-02 06:15:00-04:00,7754.0,7754.25,7753.25,7754.0,176
2026-10-02 06:16:00-04:00,7754.0,7754.75,7753.5,7754.5,224
2026-10-02 06:17:00-04:00,7754.5,7755.25,7754.0,7755.0,133
2026-10-02 06:18:00-04:00,7755.0,7755.25,7754.0,7754.0,104
2026-10-02 06:19:00-04:00,7754.0,7754.0,7753.25,7754.0,130
2026-10-02 06:20:00-04:00,7754.0,7754.5,7753.25,7753.5,84
2026-10-02 06:21:00-04:00,7753.5,7754.75,7750.75,7753.5,1223
2026-10-02 06:22:00-04:00,7753.5,7754.75,7752.75,7753.0,313
2026-10-02 06:23:00-04:00,7752.75,7753.75,7750.25,7750.75,253
2026-10-02 06:24:00-04:00,7751.0,7751.25,7749.0,7751.0,397
2026-10-02 06:25:00-04:00,7750.75,7753.0,7750.75,7752.0,288
2026-10-02 06:26:00-04:00,7752.25,7752.75,7751.25,7752.5,375
2026-10-02 06:27:00-04:00,7752.25,7755.0,7751.75,7755.0,350
2026-10-02 06:28:00-04:00,7755.25,7756.25,7754.5,7755.75,291
2026-10-02 06:29:00-04:00,7755.75,7757.0,7755.25,7756.75,253
2026-10-02 06:30:00-04:00,7756.75,7757.0,7755.75,7756.0,186
2026-10-02 06:31:00-04:00,7756.0,7757.25,7755.0,7755.0,303
2026-10-02 06:32:00-04:00,7754.75,7755.75,7754.25,7755.25,156
2026-10-02 06:33:00-04:00,7755.25,7756.75,7755.25,7756.5,140
2026-10-02 06:34:00-04:00,7756.5,7759.75,7756.0,7759.75,406
2026-10-02 06:35:00-04:00,7759.25,7760.25,7758.75,7760.25,231
2026-10-02 06:36:00-04:00,7760.5,7760.5,7759.25,7760.5,130
2026-10-02 06:37:00-04:00,7760.5,7761.25,7759.25,7759.5,237
2026-10-02 06:38:00-04:00,7759.25,7759.5,7759.0,7759.25,154
2026-10-02 06:39:00-04:00,7759.5,7760.25,7759.25,7760.25,120
2026-10-02 06:40:00-04:00,7760.25,7761.5,7760.0,7761.0,112
2026-10-02 06:41:00-04:00,7761.0,7762.0,7760.75,7761.75,125
2026-10-02 06:42:00-04:00,7761.75,7761.75,7760.25,7760.25,141
2026-10-02 06:43:00-04:00,7760.25,7761.75,7760.25,7761.0,132
2026-10-02 06:44:00-04:00,7761.0,7761.75,7760.75,7761.25,75
2026-10-02 06:45:00-04:00,7761.0,7761.5,7760.5,7760.75,183
2026-10-02 06:46:00-04:00,7760.75,7761.5,7760.0,7761.5,180
2026-10-02 06:47:00-04:00,7761.25,7762.25,7760.75,7761.5,143
2026-10-02 06:48:00-04:00,7761.75,7762.25,7760.5,7761.0,149
2026-10-02 06:49:00-04:00,7760.75,7761.75,7760.0,7760.0,117
2026-10-02 06:50:00-04:00,7760.25,7761.5,7760.0,7761.25,172
2026-10-02 06:51:00-04:00,7761.5,7762.0,7761.25,7761.5,59
2026-10-02 06:52:00-04:00,7761.25,7763.0,7761.25,7761.75,178
2026-10-02 06:53:00-04:00,7761.75,7762.0,7761.0,7761.25,92
2026-10-02 06:54:00-04:00,7761.25,7762.25,7760.5,7761.5,123
2026-10-02 06:55:00-04:00,7761.5,7762.0,7761.0,7762.0,56
2026-10-02 06:56:00-04:00,7762.0,7762.75,7762.0,7762.25,129
2026-10-02 06:57:00-04:00,7762.5,7762.75,7761.75,7762.0,112
2026-10-02 06:58:00-04:00,7762.0,7762.5,7762.0,7762.25,36
2026-10-02 06:59:00-04:00,7762.25,7763.25,7762.0,7763.0,116
2026-10-02 07:00:00-04:00,7763.0,7764.75,7762.25,7763.25,751
2026-10-02 07:01:00-04:00,7763.25,7763.25,7762.0,7762.25,158
2026-10-02 07:02:00-04:00,7762.5,7763.0,7761.75,7762.25,151
2026-10-02 07:03:00-04:00,7761.75,7762.75,7761.25,7761.75,198
2026-10-02 07:04:00-04:00,7762.0,7762.0,7760.75,7762.0,249
2026-10-02 07:05:00-04:00,7762.0,7764.0,7762.0,7763.0,167
2026-10-02 07:06:00-04:00,7763.0,7764.0,7763.0,7763.0,142
2026-10-02 07:07:00-04:00,7763.0,7763.5,7762.75,7762.75,164
2026-10-02 07:08:00-04:00,7763.0,7763.0,7761.0,7761.5,296
2026-10-02 07:09:00-04:00,7761.75,7764.25,7761.75,7762.75,179
2026-10-02 07:10:00-04:00,7762.75,7763.0,7760.25,7761.0,315
2026-10-02 07:11:00-04:00,7761.0,7761.25,7759.5,7760.0,319
2026-10-02 07:12:00-04:00,7759.5,7761.5,7759.0,7760.5,292
2026-10-02 07:13:00-04:00,7760.75,7762.0,7760.5,7760.75,209
2026-10-02 07:14:00-04:00,7760.75,7763.0,7760.25,7763.0,249
2026-10-02 07:15:00-04:00,7763.0,7763.75,7762.0,7763.5,233
2026-10-02 07:16:00-04:00,7763.75,7764.0,7761.75,7761.75,257
2026-10-02 07:17:00-04:00,7761.75,7762.25,7761.0,7762.0,163
2026-10-02 07:18:00-04:00,7761.75,7762.75,7761.75,7762.5,89
2026-10-02 07:19:00-04:00,7762.75,7764.0,7762.5,7764.0,134
2026-10-02 07:20:00-04:00,7764.25,7765.5,7764.0,7765.0,312
2026-10-02 07:21:00-04:00,7765.0,7765.25,7763.75,7763.75,180
2026-10-02 07:22:00-04:00,7763.75,7764.75,7763.75,7764.75,54
2026-10-02 07:23:00-04:00,7764.75,7765.5,7764.5,7765.25,162
2026-10-02 07:24:00-04:00,7765.0,7765.75,7764.5,7765.0,220
2026-10-02 07:25:00-04:00,7765.0,7765.5,7764.0,7764.25,165
2026-10-02 07:26:00-04:00,7764.0,7765.0,7763.75,7765.0,108
2026-10-02 07:27:00-04:00,7764.75,7764.75,7763.5,7763.5,279
2026-10-02 07:28:00-04:00,7763.75,7764.75,7763.25,7764.0,169
2026-10-02 07:29:00-04:00,7764.25,7764.25,7763.5,7763.75,62
2026-10-02 07:30:00-04:00,7763.75,7764.25,7762.5,7763.0,242
2026-10-02 07:31:00-04:00,7763.0,7763.5,7762.5,7763.5,122
2026-10-02 07:32:00-04:00,7763.25,7765.5,7762.25,7765.5,648
2026-10-02 07:33:00-04:00,7765.25,7765.25,7762.5,7763.0,173
2026-10-02 07:34:00-04:00,7763.0,7763.75,7762.25,7762.25,136
2026-10-02 07:35:00-04:00,7762.5,7763.0,7762.0,7762.25,172
2026-10-02 07:36:00-04:00,7762.25,7763.25,7762.0,7763.25,129
2026-10-02 07:37:00-04:00,7763.0,7763.5,7762.25,7762.75,115
2026-10-02 07:38:00-04:00,7762.75,7763.0,7762.25,7762.5,132
2026-10-02 07:39:00-04:00,7762.5,7762.5,7761.25,7761.25,182
2026-10-02 07:40:00-04:00,7761.25,7762.25,7760.25,7760.75,215
2026-10-02 07:41:00-04:00,7760.5,7761.0,7759.25,7759.5,276
2026-10-02 07:42:00-04:00,7759.75,7760.0,7758.75,7759.25,296
2026-10-02 07:43:00-04:00,7759.5,7760.25,7758.75,7758.75,164
2026-10-02 07:44:00-04:00,7758.5,7759.25,7757.75,7759.0,242
2026-10-02 07:45:00-04:00,7759.25,7759.5,7758.25,7759.25,112
2026-10-02 07:46:00-04:00,7759.25,7759.5,7757.5,7757.5,184
2026-10-02 07:47:00-04:00,7757.75,7757.75,7756.0,7756.75,334
2026-10-02 07:48:00-04:00,7757.0,7757.5,7756.5,7757.25,170
2026-10-02 07:49:00-04:00,7757.25,7758.0,7756.0,7756.75,204
2026-10-02 07:50:00-04:00,7757.25,7757.75,7756.75,7757.25,187
2026-10-02 07:51:00-04:00,7757.5,7757.5,7756.25,7757.25,154
2026-10-02 07:52:00-04:00,7757.25,7758.5,7757.25,7758.25,102
2026-10-02 07:53:00-04:00,7758.0,7758.5,7756.0,7756.25,184
2026-10-02 07:54:00-04:00,7756.5,7757.75,7756.25,7757.0,126
2026-10-02 07:55:00-04:00,7757.25,7757.25,7754.5,7754.75,404
2026-10-02 07:56:00-04:00,7754.5,7756.25,7754.25,7756.25,312
2026-10-02 07:57:00-04:00,7756.0,7757.75,7756.0,7757.75,188
2026-10-02 07:58:00-04:00,7757.5,7757.75,7756.5,7756.75,104
2026-10-02 07:59:00-04:00,7757.0,7757.5,7757.0,7757.25,108
2026-10-02 08:00:00-04:00,7757.25,7757.25,7755.25,7755.5,328
2026-10-02 08:01:00-04:00,7755.25,7756.75,7755.25,7756.0,281
2026-10-02 08:02:00-04:00,7755.75,7756.25,7755.25,7755.75,119
2026-10-02 08:03:00-04:00,7756.0,7756.5,7754.5,7755.25,194
2026-10-02 08:04:00-04:00,7755.25,7755.5,7754.0,7754.0,278
2026-10-02 08:05:00-04:00,7754.0,7755.25,7754.0,7754.5,197
2026-10-02 08:06:00-04:00,7754.25,7755.75,7754.25,7755.75,178
2026-10-02 08:07:00-04:00,7755.5,7755.75,7754.5,7755.0,235
2026-10-02 08:08:00-04:00,7755.0,7757.0,7754.25,7756.5,265
2026-10-02 08:09:00-04:00,7757.0,7757.25,7755.0,7755.5,200
2026-10-02 08:10:00-04:00,7755.25,7756.0,7754.75,7755.75,124
2026-10-02 08:11:00-04:00,7755.75,7756.75,7755.75,7756.25,225
2026-10-02 08:12:00-04:00,7756.5,7757.75,7755.75,7756.5,271
2026-10-02 08:13:00-04:00,7756.5,7756.5,7754.75,7755.5,251
2026-10-02 08:14:00-04:00,7755.25,7755.75,7754.75,7755.5,183
2026-10-02 08:15:00-04:00,7755.25,7755.5,7753.5,7755.25,255
2026-10-02 08:16:00-04:00,7755.25,7756.25,7754.25,7754.75,270
2026-10-02 08:17:00-04:00,7755.0,7756.5,7754.5,7755.5,201
2026-10-02 08:18:00-04:00,7755.25,7756.25,7754.5,7755.25,200
2026-10-02 08:19:00-04:00,7755.0,7757.0,7753.75,7755.25,685
2026-10-02 08:20:00-04:00,7755.25,7756.75,7754.75,7755.75,310
2026-10-02 08:21:00-04:00,7756.0,7758.0,7755.5,7757.5,315
2026-10-02 08:22:00-04:00,7757.25,7759.5,7757.0,7757.75,629
2026-10-02 08:23:00-04:00,7757.5,7758.25,7756.0,7758.25,304
2026-10-02 08:24:00-04:00,7758.0,7758.25,7756.5,7757.75,306
2026-10-02 08:25:00-04:00,7757.75,7760.75,7757.5,7760.5,717
2026-10-02 08:26:00-04:00,7760.5,7761.0,7759.5,7760.5,474
2026-10-02 08:27:00-04:00,7760.25,7761.75,7760.0,7761.5,276
2026-10-02 08:28:00-04:00,7761.75,7762.75,7759.75,7761.25,560
2026-10-02 08:29:00-04:00,7761.25,7767.5,7761.25,7762.75,1360
2026-10-02 08:30:00-04:00,7765.75,7796.0,7762.0,7778.25,6917
2026-10-02 08:31:00-04:00,7778.0,7787.5,7776.25,7785.5,3179
2026-10-02 08:32:00-04:00,7785.5,7790.5,7784.5,7789.75,1972
2026-10-02 08:33:00-04:00,7790.0,7790.75,7785.75,7787.25,1725
2026-10-02 08:34:00-04:00,7787.25,7793.0,7785.5,7791.5,1838
2026-10-02 08:35:00-04:00,7791.25,7792.5,7789.5,7792.5,1119
2026-10-02 08:36:00-04:00,7792.5,7795.25,7791.25,7794.75,1237
2026-10-02 08:37:00-04:00,7795.25,7795.25,7791.5,7794.75,994
2026-10-02 08:38:00-04:00,7794.75,7797.5,7793.75,7794.0,1359
2026-10-02 08:39:00-04:00,7794.5,7794.5,7790.5,7791.75,1244
2026-10-02 08:40:00-04:00,7791.5,7792.5,7788.25,7788.75,1278
2026-10-02 08:41:00-04:00,7788.75,7789.5,7785.0,7786.0,1243
2026-10-02 08:42:00-04:00,7786.0,7788.75,7785.0,7788.75,1015
2026-10-02 08:43:00-04:00,7788.75,7790.0,7787.25,7789.75,786
2026-10-02 08:44:00-04:00,7789.75,7791.0,7786.25,7786.75,678
2026-10-02 08:45:00-04:00,7787.0,7787.5,7783.25,7784.5,1231
2026-10-02 08:46:00-04:00,7784.75,7787.25,7784.25,7787.0,645
2026-10-02 08:47:00-04:00,7787.25,7788.0,7786.5,7787.5,659
2026-10-02 08:48:00-04:00,7787.5,7789.5,7787.0,7788.75,618
2026-10-02 08:49:00-04:00,7788.75,7791.25,7788.5,7789.5,728
2026-10-02 08:50:00-04:00,7789.0,7790.75,7787.5,7789.25,693
2026-10-02 08:51:00-04:00,7789.5,7789.75,7788.0,7788.0,317
2026-10-02 08:52:00-04:00,7788.25,7789.25,7787.5,7788.5,438
2026-10-02 08:53:00-04:00,7788.5,7790.0,7788.5,7790.0,268
2026-10-02 08:54:00-04:00,7789.75,7793.25,7789.75,7792.5,1144
2026-10-02 08:55:00-04:00,7792.75,7796.0,7792.0,7795.0,1325
2026-10-02 08:56:00-04:00,7795.0,7795.5,7793.5,7795.25,671
2026-10-02 08:57:00-04:00,7795.5,7795.5,7793.25,7794.25,657
2026-10-02 08:58:00-04:00,7794.5,7798.0,7794.25,7797.5,921
2026-10-02 08:59:00-04:00,7797.75,7798.5,7796.75,7797.25,920
2026-10-02 09:00:00-04:00,7797.25,7798.0,7795.0,7796.0,1079
2026-10-02 09:01:00-04:00,7796.0,7800.25,7796.0,7799.75,2422
2026-10-02 09:02:00-04:00,7799.75,7801.25,7799.0,7800.0,1413
2026-10-02 09:03:00-04:00,7800.0,7801.25,7799.5,7801.0,975
2026-10-02 09:04:00-04:00,7800.75,7802.75,7800.25,7800.75,1768
2026-10-02 09:05:00-04:00,7800.5,7803.0,7798.25,7798.25,1712
2026-10-02 09:06:00-04:00,7798.5,7799.75,7797.25,7797.5,1497
2026-10-02 09:07:00-04:00,7797.5,7797.5,7794.25,7795.0,2111
2026-10-02 09:08:00-04:00,7795.0,7795.25,7793.5,7795.0,1302
2026-10-02 09:09:00-04:00,7795.0,7796.5,7794.75,7795.75,981
2026-10-02 09:10:00-04:00,7795.75,7798.0,7795.0,7798.0,692
2026-10-02 09:11:00-04:00,7797.75,7798.0,7794.25,7794.25,878
2026-10-02 09:12:00-04:00,7794.25,7795.75,7793.75,7794.0,956
2026-10-02 09:13:00-04:00,7793.75,7795.75,7793.75,7795.0,560
2026-10-02 09:14:00-04:00,7795.25,7796.0,7793.25,7793.5,911
2026-10-02 09:15:00-04:00,7793.5,7793.5,7790.75,7792.25,1429
2026-10-02 09:16:00-04:00,7792.25,7794.25,7790.75,7791.25,1236
2026-10-02 09:17:00-04:00,7791.25,7792.75,7791.25,7792.0,874
2026-10-02 09:18:00-04:00,7792.0,7793.0,7791.0,7791.0,624
2026-10-02 09:19:00-04:00,7791.25,7792.75,7791.0,7792.0,378
2026-10-02 09:20:00-04:00,7792.25,7793.5,7791.5,7792.25,489
2026-10-02 09:21:00-04:00,7792.5,7795.0,7792.0,7792.0,673
2026-10-02 09:22:00-04:00,7792.0,7793.75,7791.25,7792.5,417
2026-10-02 09:23:00-04:00,7792.5,7792.5,7790.75,7791.5,825
2026-10-02 09:24:00-04:00,7791.5,7792.25,7789.75,7792.0,1122
2026-10-02 09:25:00-04:00,7792.0,7792.5,7788.75,7789.75,1666
2026-10-02 09:26:00-04:00,7789.75,7790.25,7788.75,7789.5,759
2026-10-02 09:27:00-04:00,7790.0,7791.5,7788.75,7790.5,1179
2026-10-02 09:28:00-04:00,7790.5,7793.5,7790.5,7791.0,1348
2026-10-02 09:29:00-04:00,7791.25,7792.5,7788.75,7789.25,1819
2026-10-02 09:30:00-04:00,7789.5,7792.0,7784.75,7786.25,7634
2026-10-02 09:31:00-04:00,7786.0,7788.0,7778.5,7778.75,6033
2026-10-02 09:32:00-04:00,7779.0,7786.25,7778.25,7785.25,5212
2026-10-02 09:33:00-04:00,7785.25,7787.25,7781.25,7782.25,4050
2026-10-02 09:34:00-04:00,7782.25,7791.25,7782.25,7790.75,4379
2026-10-02 09:35:00-04:00,7790.5,7792.75,7788.0,7790.75,4677
2026-10-02 09:36:00-04:00,7790.75,7792.0,7788.5,7791.75,2916
2026-10-02 09:37:00-04:00,7791.75,7795.5,7790.5,7794.0,6450
2026-10-02 09:38:00-04:00,7794.0,7794.0,7788.25,7792.0,3822
2026-10-02 09:39:00-04:00,7791.75,7792.0,7787.5,7791.75,2756
2026-10-02 09:40:00-04:00,7791.75,7792.0,7787.5,7788.5,2692
2026-10-02 09:41:00-04:00,7788.0,7790.25,7786.0,7790.0,3763
2026-10-02 09:42:00-04:00,7790.0,7795.5,7789.5,7794.0,3823
2026-10-02 09:43:00-04:00,7794.0,7800.25,7793.75,7796.5,7187
2026-10-02 09:44:00-04:00,7796.75,7800.25,7794.75,7800.0,3085
2026-10-02 09:45:00-04:00,7800.25,7805.0,7799.75,7801.75,6375
2026-10-02 09:46:00-04:00,7802.0,7804.75,7801.0,7802.75,3958
2026-10-02 09:47:00-04:00,7802.75,7803.75,7800.75,7802.75,3206
2026-10-02 09:48:00-04:00,7802.75,7803.0,7794.25,7799.5,6817
2026-10-02 09:49:00-04:00,7799.5,7800.75,7795.75,7797.0,4368
2026-10-02 09:50:00-04:00,7797.5,7801.25,7796.0,7799.5,2894
2026-10-02 09:51:00-04:00,7799.25,7800.25,7794.75,7796.5,4082
2026-10-02 09:52:00-04:00,7796.75,7797.5,7794.0,7795.0,3632
2026-10-02 09:53:00-04:00,7795.0,7795.0,7789.75,7790.5,4921
2026-10-02 09:54:00-04:00,7790.75,7793.0,7784.75,7785.0,6079
2026-10-02 09:55:00-04:00,7785.25,7786.0,7778.25,7779.25,7428
2026-10-02 09:56:00-04:00,7779.25,7780.5,7775.0,7777.5,8730
2026-10-02 09:57:00-04:00,7777.5,7784.5,7773.5,7781.75,11615
2026-10-02 09:58:00-04:00,7781.75,7789.25,7781.5,7788.75,7562
2026-10-02 09:59:00-04:00,7789.0,7789.75,7784.0,7788.25,2633
2026-10-02 10:00:00-04:00,7788.75,7789.25,7781.75,7786.75,4165
2026-10-02 10:01:00-04:00,7786.75,7793.5,7786.0,7792.0,6283
2026-10-02 10:02:00-04:00,7791.75,7796.5,7790.75,7795.25,4087
2026-10-02 10:03:00-04:00,7795.25,7798.0,7793.75,7797.75,3055
2026-10-02 10:04:00-04:00,7797.75,7800.0,7795.75,7799.5,3860
2026-10-02 10:05:00-04:00,7799.5,7801.5,7798.0,7799.0,4533
2026-10-02 10:06:00-04:00,7799.25,7800.25,7797.0,7797.5,2792
2026-10-02 10:07:00-04:00,7797.5,7799.0,7795.5,7795.75,2295
2026-10-02 10:08:00-04:00,7795.75,7799.0,7793.75,7797.5,3737
2026-10-02 10:09:00-04:00,7797.5,7798.25,7794.5,7794.75,1835
2026-10-02 10:10:00-04:00,7794.75,7800.5,7793.75,7799.0,2514
2026-10-02 10:11:00-04:00,7799.0,7799.25,7790.25,7791.0,4447
2026-10-02 10:12:00-04:00,7791.0,7797.25,7790.25,7797.25,3264
2026-10-02 10:13:00-04:00,7797.0,7799.25,7796.5,7797.75,2271
2026-10-02 10:14:00-04:00,7797.5,7800.25,7796.75,7798.0,1977
2026-10-02 10:15:00-04:00,7798.0,7800.25,7796.25,7796.25,2253
2026-10-02 10:16:00-04:00,7796.25,7799.0,7794.75,7798.0,2481
2026-10-02 10:17:00-04:00,7798.0,7802.0,7797.5,7801.25,3143
2026-10-02 10:18:00-04:00,7801.5,7804.25,7800.5,7802.0,3279
2026-10-02 10:19:00-04:00,7802.5,7803.75,7801.5,7803.5,1909
2026-10-02 10:20:00-04:00,7803.5,7806.5,7803.0,7804.5,4845
2026-10-02 10:21:00-04:00,7804.75,7805.5,7802.5,7803.0,2130
2026-10-02 10:22:00-04:00,7803.0,7803.75,7801.0,7803.25,2464
2026-10-02 10:23:00-04:00,7803.5,7804.5,7800.0,7801.0,2895
2026-10-02 10:24:00-04:00,7801.25,7807.25,7800.5,7807.0,2929
2026-10-02 10:25:00-04:00,7806.75,7807.5,7804.75,7805.25,2630
2026-10-02 10:26:00-04:00,7805.25,7808.25,7804.25,7807.75,2480
2026-10-02 10:27:00-04:00,7807.75,7808.75,7805.0,7805.5,2691
2026-10-02 10:28:00-04:00,7805.5,7807.25,7805.25,7806.75,1430
2026-10-02 10:29:00-04:00,7806.75,7807.25,7803.5,7804.25,1703
2026-10-02 10:30:00-04:00,7804.0,7804.75,7799.0,7800.75,4981
2026-10-02 10:31:00-04:00,7800.75,7801.25,7798.0,7800.5,2998
2026-10-02 10:32:00-04:00,7800.5,7801.5,7797.25,7797.25,3484
2026-10-02 10:33:00-04:00,7797.5,7799.5,7795.75,7799.5,3064
2026-10-02 10:34:00-04:00,7799.25,7801.5,7797.25,7801.0,2553
2026-10-02 10:35:00-04:00,7801.0,7803.25,7800.0,7802.75,2929
2026-10-02 10:36:00-04:00,7802.75,7803.75,7799.75,7803.25,2833
2026-10-02 10:37:00-04:00,7803.25,7804.25,7800.5,7800.75,2130
2026-10-02 10:38:00-04:00,7801.0,7805.5,7800.5,7805.0,2037
2026-10-02 10:39:00-04:00,7805.25,7805.25,7802.5,7804.0,1663
2026-10-02 10:40:00-04:00,7804.25,7805.75,7804.0,7805.75,1424
2026-10-02 10:41:00-04:00,7805.5,7808.0,7804.25,7807.75,1836
2026-10-02 10:42:00-04:00,7807.75,7810.5,7806.5,7806.75,5408
2026-10-02 10:43:00-04:00,7806.75,7807.0,7802.5,7804.0,3894
2026-10-02 10:44:00-04:00,7804.25,7805.5,7802.0,7804.5,2316
2026-10-02 10:45:00-04:00,7804.75,7804.75,7801.0,7801.75,2784
2026-10-02 10:46:00-04:00,7801.75,7804.75,7801.5,7804.0,1713
2026-10-02 10:47:00-04:00,7804.0,7806.0,7802.25,7805.0,1869
2026-10-02 10:48:00-04:00,7804.75,7808.0,7804.75,7807.25,2346
2026-10-02 10:49:00-04:00,7807.5,7807.75,7804.0,7804.25,1650
2026-10-02 10:50:00-04:00,7804.0,7804.25,7798.75,7800.75,3643
2026-10-02 10:51:00-04:00,7800.5,7802.5,7799.5,7801.5,2639
2026-10-02 10:52:00-04:00,7801.5,7801.5,7794.75,7795.25,3802
2026-10-02 10:53:00-04:00,7795.75,7797.25,7793.75,7795.75,3487
2026-10-02 10:54:00-04:00,7795.75,7796.75,7791.5,7793.0,4169
2026-10-02 10:55:00-04:00,7792.75,7798.0,7791.5,7798.0,3565
2026-10-02 10:56:00-04:00,7797.75,7798.75,7795.5,7798.25,2457
2026-10-02 10:57:00-04:00,7798.25,7799.5,7796.75,7798.25,2254
2026-10-02 10:58:00-04:00,7798.25,7799.75,7792.25,7793.25,2851
2026-10-02 10:59:00-04:00,7793.0,7794.0,7790.75,7793.25,2328
2026-10-02 11:00:00-04:00,7793.0,7794.5,7791.25,7792.0,2712
2026-10-02 11:01:00-04:00,7792.25,7794.25,7791.5,7793.75,1696
2026-10-02 11:02:00-04:00,7793.5,7793.75,7787.5,7788.0,4348
2026-10-02 11:03:00-04:00,7788.0,7788.25,7782.75,7784.75,4626
2026-10-02 11:04:00-04:00,7784.5,7785.75,7781.75,7783.0,4186
2026-10-02 11:05:00-04:00,7783.0,7783.75,7779.5,7779.75,5124
2026-10-02 11:06:00-04:00,7779.75,7781.25,7777.75,7780.75,5025
2026-10-02 11:07:00-04:00,7780.75,7781.25,7777.75,7778.25,4110
2026-10-02 11:08:00-04:00,7778.0,7779.5,7775.5,7779.0,4360
2026-10-02 11:09:00-04:00,7779.0,7780.25,7772.25,7773.25,4902
2026-10-02 11:10:00-04:00,7773.25,7776.75,7768.5,7771.25,7462
2026-10-02 11:11:00-04:00,7771.25,7771.75,7766.5,7771.75,6197
2026-10-02 11:12:00-04:00,7771.75,7772.75,7764.5,7765.25,5759
2026-10-02 11:13:00-04:00,7765.25,7770.0,7765.0,7770.0,4494
2026-10-02 11:14:00-04:00,7769.75,7771.0,7768.0,7769.75,3518
2026-10-02 11:15:00-04:00,7769.5,7773.75,7767.5,7769.0,5311
2026-10-02 11:16:00-04:00,7769.0,7769.25,7765.0,7765.75,3439
2026-10-02 11:17:00-04:00,7766.25,7767.25,7762.0,7763.75,6135
2026-10-02 11:18:00-04:00,7763.75,7767.75,7763.0,7766.25,3787
2026-10-02 11:19:00-04:00,7766.25,7768.5,7763.5,7764.5,2775
2026-10-02 11:20:00-04:00,7764.5,7764.75,7760.25,7760.75,4849
2026-10-02 11:21:00-04:00,7761.0,7766.0,7760.5,7765.75,3479
2026-10-02 11:22:00-04:00,7765.5,7768.0,7765.25,7766.5,3910
2026-10-02 11:23:00-04:00,7766.25,7767.75,7765.0,7767.0,3093
2026-10-02 11:24:00-04:00,7767.25,7767.5,7756.0,7756.0,6781
2026-10-02 11:25:00-04:00,7756.0,7759.75,7754.0,7759.5,5069
2026-10-02 11:26:00-04:00,7759.5,7763.5,7758.25,7762.75,3804
2026-10-02 11:27:00-04:00,7762.75,7767.25,7762.25,7765.25,3917
2026-10-02 11:28:00-04:00,7765.25,7769.0,7764.5,7768.0,2802
2026-10-02 11:29:00-04:00,7768.0,7771.5,7767.0,7770.75,4062
2026-10-02 11:30:00-04:00,7770.75,7771.0,7764.25,7766.25,6169
2026-10-02 11:31:00-04:00,7766.25,7769.5,7766.25,7769.0,3172
2026-10-02 11:32:00-04:00,7769.0,7772.25,7769.0,7772.0,3648
2026-10-02 11:33:00-04:00,7771.75,7775.0,7770.5,7774.5,3573
2026-10-02 11:34:00-04:00,7774.25,7775.25,7773.25,7774.5,2515
2026-10-02 11:35:00-04:00,7774.5,7775.5,7772.5,7773.75,2919
2026-10-02 11:36:00-04:00,7773.75,7776.0,7772.25,7773.5,3557
2026-10-02 11:37:00-04:00,7773.0,7775.25,7771.25,7772.25,2470
2026-10-02 11:38:00-04:00,7772.25,7777.5,7771.0,7776.75,2987
2026-10-02 11:39:00-04:00,7776.75,7777.75,7774.75,7775.5,2782
2026-10-02 11:40:00-04:00,7775.5,7778.0,7772.5,7773.5,2783
2026-10-02 11:41:00-04:00,7773.5,7773.5,7770.0,7772.5,3379
2026-10-02 11:42:00-04:00,7772.5,7776.75,7771.5,7776.75,2924
2026-10-02 11:43:00-04:00,7776.5,7776.75,7772.5,7774.0,1805
2026-10-02 11:44:00-04:00,7774.0,7774.75,7772.75,7773.25,1782
2026-10-02 11:45:00-04:00,7772.75,7774.5,7771.0,7773.0,2437
2026-10-02 11:46:00-04:00,7772.75,7776.25,7771.5,7774.25,2556
2026-10-02 11:47:00-04:00,7774.25,7775.25,7773.0,7773.75,1440
2026-10-02 11:48:00-04:00,7773.75,7776.0,7772.75,7773.75,2196
2026-10-02 11:49:00-04:00,7773.5,7775.75,7771.5,7772.25,2076
2026-10-02 11:50:00-04:00,7772.25,7774.75,7770.25,7772.0,2464
2026-10-02 11:51:00-04:00,7772.0,7775.5,7772.0,7774.5,2303
2026-10-02 11:52:00-04:00,7774.5,7775.75,7771.0,7773.25,1578
2026-10-02 11:53:00-04:00,7773.5,7773.5,7769.75,7769.75,1612
2026-10-02 11:54:00-04:00,7770.0,7773.0,7768.0,7769.5,3134
2026-10-02 11:55:00-04:00,7769.5,7773.5,7767.75,7772.75,2927
2026-10-02 11:56:00-04:00,7772.75,7774.0,7769.75,7771.5,1931
2026-10-02 11:57:00-04:00,7771.5,7773.25,7770.0,7773.25,982
2026-10-02 11:58:00-04:00,7773.0,7774.0,7772.0,7773.0,1427
2026-10-02 11:59:00-04:00,7773.0,7775.75,7771.75,7775.25,1735
2026-10-02 12:00:00-04:00,7775.5,7777.75,7774.5,7777.5,3269
2026-10-02 12:01:00-04:00,7777.5,7781.5,7776.5,7780.0,4269
2026-10-02 12:02:00-04:00,7780.25,7781.25,7776.25,7779.75,5905
2026-10-02 12:03:00-04:00,7779.75,7780.5,7775.75,7776.0,3451
2026-10-02 12:04:00-04:00,7776.0,7778.25,7773.5,7778.0,3311
2026-10-02 12:05:00-04:00,7778.25,7779.0,7775.5,7776.75,1789
2026-10-02 12:06:00-04:00,7776.5,7780.5,7776.25,7779.75,1840
2026-10-02 12:07:00-04:00,7779.75,7781.5,7778.5,7778.5,1486
2026-10-02 12:08:00-04:00,7778.75,7781.0,7777.25,7781.0,1375
2026-10-02 12:09:00-04:00,7781.0,7781.5,7779.0,7781.0,1847
2026-10-02 12:10:00-04:00,7781.0,7782.25,7779.75,7780.75,2034
2026-10-02 12:11:00-04:00,7780.75,7781.0,7777.75,7777.75,1808
2026-10-02 12:12:00-04:00,7777.75,7779.0,7776.0,7776.25,2593
2026-10-02 12:13:00-04:00,7776.25,7781.5,7775.5,7779.75,2316
2026-10-02 12:14:00-04:00,7779.75,7780.25,7778.25,7778.25,1345
2026-10-02 12:15:00-04:00,7778.5,7779.25,7776.5,7779.0,2025
2026-10-02 12:16:00-04:00,7778.75,7779.75,7776.25,7779.25,2163
2026-10-02 12:17:00-04:00,7779.25,7780.5,7778.0,7778.75,1232
2026-10-02 12:18:00-04:00,7778.75,7780.75,7778.0,7779.5,759
2026-10-02 12:19:00-04:00,7779.5,7781.25,7779.0,7779.75,882
2026-10-02 12:20:00-04:00,7779.75,7780.25,7778.5,7778.75,951
2026-10-02 12:21:00-04:00,7779.0,7780.25,7777.75,7778.5,1241
2026-10-02 12:22:00-04:00,7778.5,7779.0,7774.25,7778.25,2551
2026-10-02 12:23:00-04:00,7778.25,7778.25,7775.75,7776.5,1853
2026-10-02 12:24:00-04:00,7776.5,7778.25,7773.0,7773.75,3759
2026-10-02 12:25:00-04:00,7774.0,7777.5,7773.25,7775.25,1937
2026-10-02 12:26:00-04:00,7775.25,7775.75,7772.0,7772.5,2410
2026-10-02 12:27:00-04:00,7772.5,7774.75,7770.75,7774.75,2077
2026-10-02 12:28:00-04:00,7774.75,7775.25,7772.75,7774.25,1484
2026-10-02 12:29:00-04:00,7774.25,7775.75,7771.75,7772.25,1693
2026-10-02 12:30:00-04:00,7772.5,7775.75,7772.25,7775.5,1681
2026-10-02 12:31:00-04:00,7775.5,7777.25,7774.75,7775.5,1474
2026-10-02 12:32:00-04:00,7775.5,7776.5,7772.75,7776.0,1449
2026-10-02 12:33:00-04:00,7776.0,7776.75,7774.75,7775.25,877
2026-10-02 12:34:00-04:00,7775.0,7777.25,7774.75,7775.5,1355
2026-10-02 12:35:00-04:00,7775.0,7778.25,7774.25,7774.75,1608
2026-10-02 12:36:00-04:00,7775.0,7777.5,7773.75,7777.25,995
2026-10-02 12:37:00-04:00,7777.0,7777.5,7775.75,7776.25,935
2026-10-02 12:38:00-04:00,7776.5,7780.25,7776.25,7780.0,2476
2026-10-02 12:39:00-04:00,7780.0,7781.5,7779.5,7780.5,1729
2026-10-02 12:40:00-04:00,7780.5,7780.5,7775.5,7776.0,1808
2026-10-02 12:41:00-04:00,7776.25,7776.5,7772.0,7772.0,2255
2026-10-02 12:42:00-04:00,7772.0,7773.0,7769.75,7772.5,2682
2026-10-02 12:43:00-04:00,7772.5,7773.25,7771.25,7772.0,1038
2026-10-02 12:44:00-04:00,7772.0,7773.75,7771.5,7773.0,1245
2026-10-02 12:45:00-04:00,7772.75,7774.75,7772.5,7774.75,2339
2026-10-02 12:46:00-04:00,7774.75,7776.5,7773.75,7774.25,1701
2026-10-02 12:47:00-04:00,7774.5,7775.5,7772.0,7772.25,1434
2026-10-02 12:48:00-04:00,7772.5,7773.75,7771.0,7773.5,1725
2026-10-02 12:49:00-04:00,7773.75,7773.75,7772.25,7772.75,1050
2026-10-02 12:50:00-04:00,7772.75,7774.0,7771.0,7772.75,1652
2026-10-02 12:51:00-04:00,7772.75,7774.75,7772.25,7774.25,1077
2026-10-02 12:52:00-04:00,7774.25,7776.75,7774.0,7775.0,1355
2026-10-02 12:53:00-04:00,7775.25,7778.25,7774.75,7777.75,1205
2026-10-02 12:54:00-04:00,7777.75,7779.0,7777.25,7777.75,1440
2026-10-02 12:55:00-04:00,7778.0,7779.25,7777.5,7778.25,1071
2026-10-02 12:56:00-04:00,7778.0,7778.25,7776.5,7777.0,978
2026-10-02 12:57:00-04:00,7777.5,7778.25,7777.0,7777.25,822
2026-10-02 12:58:00-04:00,7777.5,7778.75,7775.75,7775.75,732
2026-10-02 12:59:00-04:00,7776.0,7776.25,7774.75,7776.0,1066
2026-10-02 13:00:00-04:00,7776.0,7781.0,7775.75,7780.75,2476
2026-10-02 13:01:00-04:00,7780.75,7783.75,7780.25,7782.75,3458
2026-10-02 13:02:00-04:00,7782.75,7783.5,7782.0,7782.25,1124
2026-10-02 13:03:00-04:00,7782.25,7782.5,7780.75,7781.25,813
2026-10-02 13:04:00-04:00,7781.25,7781.75,7779.5,7780.5,1422
2026-10-02 13:05:00-04:00,7780.5,7781.75,7780.25,7781.0,710
2026-10-02 13:06:00-04:00,7781.25,7781.25,7777.25,7777.25,1575
2026-10-02 13:07:00-04:00,7777.0,7778.0,7774.5,7776.0,1842
2026-10-02 13:08:00-04:00,7776.0,7778.0,7775.75,7776.5,953
2026-10-02 13:09:00-04:00,7776.5,7778.5,7776.5,7777.75,679
2026-10-02 13:10:00-04:00,7777.75,7779.5,7777.0,7779.0,705
2026-10-02 13:11:00-04:00,7779.0,7779.0,7777.0,7777.0,517
2026-10-02 13:12:00-04:00,7777.25,7778.0,7776.25,7777.5,681
2026-10-02 13:13:00-04:00,7777.25,7778.5,7777.0,7778.0,358
2026-10-02 13:14:00-04:00,7778.25,7778.75,7772.75,7776.0,3367
2026-10-02 13:15:00-04:00,7775.75,7776.25,7774.5,7774.75,862
2026-10-02 13:16:00-04:00,7774.5,7778.25,7774.0,7778.0,1125
2026-10-02 13:17:00-04:00,7777.75,7779.25,7777.5,7778.25,893
2026-10-02 13:18:00-04:00,7778.25,7779.25,7776.5,7778.75,664
2026-10-02 13:19:00-04:00,7778.75,7779.5,7777.75,7778.25,574
2026-10-02 13:20:00-04:00,7778.25,7779.0,7776.0,7777.5,1039
2026-10-02 13:21:00-04:00,7777.5,7777.75,7772.5,7773.5,1752
2026-10-02 13:22:00-04:00,7773.5,7774.75,7772.25,7773.75,1562
2026-10-02 13:23:00-04:00,7773.5,7774.5,7770.5,7771.0,1429
2026-10-02 13:24:00-04:00,7770.75,7771.5,7768.75,7770.25,2664
2026-10-02 13:25:00-04:00,7770.25,7771.75,7769.5,7771.0,1471
2026-10-02 13:26:00-04:00,7771.0,7771.5,7766.75,7767.5,2455
2026-10-02 13:27:00-04:00,7767.5,7768.25,7766.0,7766.75,2535
2026-10-02 13:28:00-04:00,7766.75,7768.5,7765.75,7768.5,2583
2026-10-02 13:29:00-04:00,7768.5,7769.0,7766.0,7767.5,1535
2026-10-02 13:30:00-04:00,7767.25,7769.75,7766.75,7767.0,2333
2026-10-02 13:31:00-04:00,7767.25,7771.25,7767.25,7771.25,2342
2026-10-02 13:32:00-04:00,7771.25,7772.5,7769.25,7772.25,1718
2026-10-02 13:33:00-04:00,7772.25,7774.0,7771.75,7773.25,1715
2026-10-02 13:34:00-04:00,7773.25,7775.75,7772.75,7773.75,2182
2026-10-02 13:35:00-04:00,7773.5,7774.0,7771.5,7772.25,1361
2026-10-02 13:36:00-04:00,7772.25,7773.0,7769.0,7770.25,1861
2026-10-02 13:37:00-04:00,7770.25,7772.75,7770.0,7771.25,1075
2026-10-02 13:38:00-04:00,7771.5,7772.0,7770.75,7771.75,858
2026-10-02 13:39:00-04:00,7771.5,7772.25,7771.0,7771.25,644
2026-10-02 13:40:00-04:00,7771.25,7771.75,7769.25,7769.5,1269
2026-10-02 13:41:00-04:00,7769.75,7770.5,7768.5,7769.5,822
2026-10-02 13:42:00-04:00,7769.5,7769.75,7768.0,7768.5,574
2026-10-02 13:43:00-04:00,7768.25,7769.75,7768.25,7769.75,693
2026-10-02 13:44:00-04:00,7769.75,7773.25,7769.0,7772.0,1377
2026-10-02 13:45:00-04:00,7772.25,7774.25,7771.75,7772.5,1202
2026-10-02 13:46:00-04:00,7772.25,7773.75,7770.75,7773.5,1181
2026-10-02 13:47:00-04:00,7773.25,7774.5,7772.5,7772.75,1142
2026-10-02 13:48:00-04:00,7772.5,7774.0,7771.75,7773.25,632
2026-10-02 13:49:00-04:00,7773.25,7774.5,7772.75,7774.5,736
2026-10-02 13:50:00-04:00,7774.5,7776.0,7769.0,7774.75,5621
2026-10-02 13:51:00-04:00,7774.5,7777.25,7774.5,7775.5,1282
2026-10-02 13:52:00-04:00,7775.5,7777.5,7775.0,7777.0,1250
2026-10-02 13:53:00-04:00,7776.75,7777.5,7776.0,7777.25,699
2026-10-02 13:54:00-04:00,7777.25,7777.5,7775.75,7776.75,691
2026-10-02 13:55:00-04:00,7776.75,7777.0,7774.5,7775.25,794
2026-10-02 13:56:00-04:00,7775.25,7775.75,7774.75,7775.0,421
2026-10-02 13:57:00-04:00,7775.25,7775.25,7771.75,7771.75,1206
2026-10-02 13:58:00-04:00,7772.0,7774.0,7770.5,7773.5,2348
2026-10-02 13:59:00-04:00,7773.75,7774.75,7773.25,7774.5,758
2026-10-02 14:00:00-04:00,7774.25,7776.25,7773.5,7775.25,1262
2026-10-02 14:01:00-04:00,7775.25,7775.75,7774.25,7775.0,643
2026-10-02 14:02:00-04:00,7775.0,7775.0,7772.0,7772.5,1007
2026-10-02 14:03:00-04:00,7772.25,7774.5,7771.75,7773.0,856
2026-10-02 14:04:00-04:00,7773.25,7775.25,7773.0,7774.75,857
2026-10-02 14:05:00-04:00,7774.25,7775.0,7773.75,7774.25,536
2026-10-02 14:06:00-04:00,7774.25,7774.5,7771.25,7772.75,668
2026-10-02 14:07:00-04:00,7773.0,7774.0,7773.0,7773.5,460
2026-10-02 14:08:00-04:00,7773.5,7774.25,7773.0,7773.25,437
2026-10-02 14:09:00-04:00,7773.0,7774.25,7772.5,7773.75,419
2026-10-02 14:10:00-04:00,7774.0,7774.25,7772.75,7773.75,464
2026-10-02 14:11:00-04:00,7773.5,7774.0,7772.25,7772.5,515
2026-10-02 14:12:00-04:00,7772.75,7773.5,7772.25,7773.25,406
2026-10-02 14:13:00-04:00,7773.25,7774.75,7773.25,7773.5,582
2026-10-02 14:14:00-04:00,7773.5,7776.25,7773.5,7775.25,1019
2026-10-02 14:15:00-04:00,7775.25,7775.25,7773.0,7774.25,852
2026-10-02 14:16:00-04:00,7774.25,7774.5,7771.5,7772.25,1202
2026-10-02 14:17:00-04:00,7772.25,7773.0,7771.0,7771.0,688
2026-10-02 14:18:00-04:00,7771.0,7772.0,7769.75,7771.0,1205
2026-10-02 14:19:00-04:00,7771.0,7771.5,7770.25,7771.0,396
2026-10-02 14:20:00-04:00,7771.25,7772.0,7770.25,7770.25,619
2026-10-02 14:21:00-04:00,7770.5,7771.25,7769.75,7770.25,890
2026-10-02 14:22:00-04:00,7770.25,7770.25,7768.25,7769.5,1097
2026-10-02 14:23:00-04:00,7769.25,7770.25,7767.25,7768.0,1661
2026-10-02 14:24:00-04:00,7767.75,7769.0,7767.5,7768.5,818
2026-10-02 14:25:00-04:00,7768.5,7770.75,7768.25,7769.75,1106
2026-10-02 14:26:00-04:00,7770.0,7771.0,7769.75,7770.25,546
2026-10-02 14:27:00-04:00,7770.0,7770.75,7767.25,7768.5,1107
2026-10-02 14:28:00-04:00,7768.75,7772.75,7768.75,7772.0,2050
2026-10-02 14:29:00-04:00,7772.0,7772.5,7771.5,7772.25,722
2026-10-02 14:30:00-04:00,7772.25,7773.5,7771.5,7772.25,1108
2026-10-02 14:31:00-04:00,7772.0,7772.5,7770.0,7770.25,716
2026-10-02 14:32:00-04:00,7770.25,7774.75,7770.25,7774.5,1113
2026-10-02 14:33:00-04:00,7774.5,7775.0,7772.0,7772.5,982
2026-10-02 14:34:00-04:00,7772.5,7773.75,7772.25,7772.5,526
2026-10-02 14:35:00-04:00,7772.5,7773.5,7771.0,7772.5,1222
2026-10-02 14:36:00-04:00,7772.5,7773.75,7772.5,7773.75,510
2026-10-02 14:37:00-04:00,7773.75,7774.25,7772.75,7773.25,531
2026-10-02 14:38:00-04:00,7773.25,7773.5,7771.0,7772.25,674
2026-10-02 14:39:00-04:00,7772.0,7772.0,7770.25,7770.75,643
2026-10-02 14:40:00-04:00,7771.0,7772.5,7770.0,7772.5,570
2026-10-02 14:41:00-04:00,7772.75,7774.25,7772.5,7774.0,1062
2026-10-02 14:42:00-04:00,7774.25,7774.5,7773.5,7774.25,533
2026-10-02 14:43:00-04:00,7774.5,7775.75,7774.0,7774.0,1024
2026-10-02 14:44:00-04:00,7774.0,7775.75,7774.0,7775.0,617
2026-10-02 14:45:00-04:00,7775.0,7775.75,7774.5,7775.0,508
2026-10-02 14:46:00-04:00,7774.75,7775.75,7774.0,7775.75,627
2026-10-02 14:47:00-04:00,7775.75,7776.0,7774.25,7774.75,541
2026-10-02 14:48:00-04:00,7774.75,7775.5,7773.75,7775.0,459
2026-10-02 14:49:00-04:00,7775.25,7775.75,7774.5,7774.5,390
2026-10-02 14:50:00-04:00,7774.5,7775.25,7773.75,7774.75,651
2026-10-02 14:51:00-04:00,7775.0,7775.25,7774.75,7774.75,367
2026-10-02 14:52:00-04:00,7774.75,7776.0,7774.75,7775.0,548
2026-10-02 14:53:00-04:00,7774.75,7775.75,7774.75,7775.25,333
2026-10-02 14:54:00-04:00,7775.25,7776.25,7774.25,7776.25,676
2026-10-02 14:55:00-04:00,7776.0,7776.0,7774.5,7775.75,478
2026-10-02 14:56:00-04:00,7775.75,7776.0,7774.25,7774.25,639
2026-10-02 14:57:00-04:00,7774.25,7775.25,7774.25,7774.25,278
2026-10-02 14:58:00-04:00,7774.25,7775.5,7774.25,7775.5,484
2026-10-02 14:59:00-04:00,7775.5,7776.75,7775.25,7775.75,972
2026-10-02 15:00:00-04:00,7775.75,7777.25,7774.0,7776.0,2086
2026-10-02 15:01:00-04:00,7776.25,7777.0,7776.0,7776.5,641
2026-10-02 15:02:00-04:00,7776.5,7776.75,7775.25,7775.5,547
2026-10-02 15:03:00-04:00,7775.5,7775.5,7774.25,7775.5,497
2026-10-02 15:04:00-04:00,7775.25,7776.25,7775.0,7775.5,423
2026-10-02 15:05:00-04:00,7775.75,7775.75,7774.5,7774.75,455
2026-10-02 15:06:00-04:00,7774.75,7775.0,7774.0,7774.25,640
2026-10-02 15:07:00-04:00,7773.75,7774.5,7772.75,7773.5,916
2026-10-02 15:08:00-04:00,7773.5,7773.5,7772.0,7773.25,957
2026-10-02 15:09:00-04:00,7773.0,7773.5,7772.25,7772.75,496
2026-10-02 15:10:00-04:00,7772.5,7773.25,7772.25,7772.75,920
2026-10-02 15:11:00-04:00,7772.5,7773.75,7772.25,7772.75,873
2026-10-02 15:12:00-04:00,7772.75,7774.0,7772.5,7773.5,1203
2026-10-02 15:13:00-04:00,7773.5,7774.5,7773.0,7774.25,1247
2026-10-02 15:14:00-04:00,7774.25,7774.75,7773.25,7774.0,1220
2026-10-02 15:15:00-04:00,7774.25,7775.0,7773.5,7774.25,1000
2026-10-02 15:16:00-04:00,7774.5,7775.0,7772.75,7773.75,1383
2026-10-02 15:17:00-04:00,7774.0,7776.25,7774.0,7775.0,1275
2026-10-02 15:18:00-04:00,7775.0,7777.75,7774.25,7777.5,2308
2026-10-02 15:19:00-04:00,7777.5,7777.5,7775.75,7775.75,1189
2026-10-02 15:20:00-04:00,7776.0,7777.0,7775.25,7775.5,1561
2026-10-02 15:21:00-04:00,7775.75,7775.75,7774.75,7775.0,672
2026-10-02 15:22:00-04:00,7774.75,7775.5,7774.0,7774.25,1367
2026-10-02 15:23:00-04:00,7774.25,7774.75,7773.5,7774.5,929
2026-10-02 15:24:00-04:00,7774.75,7776.25,7774.5,7776.0,780
2026-10-02 15:25:00-04:00,7776.25,7778.25,7776.0,7777.5,1124
2026-10-02 15:26:00-04:00,7777.5,7778.0,7775.0,7775.0,802
2026-10-02 15:27:00-04:00,7775.0,7776.0,7774.75,7775.25,681
2026-10-02 15:28:00-04:00,7775.5,7776.25,7775.0,7775.5,469
2026-10-02 15:29:00-04:00,7775.25,7775.75,7773.75,7775.75,885
2026-10-02 15:30:00-04:00,7775.5,7777.25,7775.5,7776.25,1175
2026-10-02 15:31:00-04:00,7776.25,7778.25,7776.0,7776.75,1333
2026-10-02 15:32:00-04:00,7776.75,7778.0,7776.0,7777.0,965
2026-10-02 15:33:00-04:00,7776.75,7776.75,7775.25,7776.0,1083
2026-10-02 15:34:00-04:00,7776.25,7779.75,7776.25,7779.25,1780
2026-10-02 15:35:00-04:00,7779.25,7780.0,7778.25,7779.5,1556
2026-10-02 15:36:00-04:00,7779.75,7781.25,7779.25,7779.25,1909
2026-10-02 15:37:00-04:00,7779.25,7780.5,7779.0,7780.25,1034
2026-10-02 15:38:00-04:00,7780.5,7782.75,7780.5,7781.0,1891
2026-10-02 15:39:00-04:00,7781.25,7781.5,7779.75,7780.0,1268
2026-10-02 15:40:00-04:00,7780.0,7780.75,7778.25,7779.0,1144
2026-10-02 15:41:00-04:00,7778.75,7779.75,7778.5,7779.0,602
2026-10-02 15:42:00-04:00,7779.25,7779.75,7777.0,7777.25,1322
2026-10-02 15:43:00-04:00,7777.25,7777.5,7777.0,7777.25,885
2026-10-02 15:44:00-04:00,7777.5,7779.25,7777.25,7778.25,1038
2026-10-02 15:45:00-04:00,7778.25,7782.75,7777.75,7779.0,3872
2026-10-02 15:46:00-04:00,7779.0,7781.0,7778.75,7780.25,788
2026-10-02 15:47:00-04:00,7780.5,7782.0,7780.5,7781.0,874
2026-10-02 15:48:00-04:00,7781.0,7781.0,7777.5,7778.25,1237
2026-10-02 15:49:00-04:00,7778.25,7779.75,7776.0,7777.25,1874
2026-10-02 15:50:00-04:00,7777.0,7780.5,7776.25,7779.25,2332
2026-10-02 15:51:00-04:00,7779.25,7780.0,7778.25,7778.75,1001
2026-10-02 15:52:00-04:00,7778.75,7780.0,7778.25,7779.75,798
2026-10-02 15:53:00-04:00,7780.0,7781.5,7778.75,7781.25,1304
2026-10-02 15:54:00-04:00,7781.0,7781.75,7776.5,7777.25,3019
2026-10-02 15:55:00-04:00,7777.25,7779.0,7774.25,7775.5,3359
2026-10-02 15:56:00-04:00,7775.5,7778.0,7775.0,7776.0,1356
2026-10-02 15:57:00-04:00,7776.0,7779.0,7776.0,7778.5,1205
2026-10-02 15:58:00-04:00,7778.5,7779.25,7777.0,7777.5,2683
2026-10-02 15:59:00-04:00,7777.5,7779.5,7773.75,7779.0,12909
2026-10-02 16:00:00-04:00,7779.0,7780.75,7778.25,7779.75,3538
2026-10-02 16:01:00-04:00,7779.75,7781.25,7779.5,7780.75,883
2026-10-02 16:02:00-04:00,7781.25,7781.75,7780.5,7781.25,779
2026-10-02 16:03:00-04:00,7781.0,7781.75,7780.0,7781.5,511
2026-10-02 16:04:00-04:00,7781.5,7782.25,7781.0,7781.25,517
2026-10-02 16:05:00-04:00,7781.5,7783.0,7781.25,7783.0,642
2026-10-02 16:06:00-04:00,7782.75,7784.75,7782.5,7783.0,1122
2026-10-02 16:07:00-04:00,7782.75,7784.0,7782.25,7782.75,659
2026-10-02 16:08:00-04:00,7782.5,7783.0,7782.25,7783.0,177
2026-10-02 16:09:00-04:00,7782.75,7782.75,7781.5,7782.5,371
2026-10-02 16:10:00-04:00,7782.25,7783.0,7781.5,7783.0,207
2026-10-02 16:11:00-04:00,7783.0,7783.25,7782.5,7782.75,178
2026-10-02 16:12:00-04:00,7782.5,7783.0,7782.25,7782.5,105
2026-10-02 16:13:00-04:00,7782.5,7783.5,7782.5,7783.0,239
2026-10-02 16:14:00-04:00,7783.25,7784.5,7783.0,7783.5,396
2026-10-02 16:15:00-04:00,7783.25,7784.0,7782.75,7783.75,239
2026-10-02 16:16:00-04:00,7783.75,7784.0,7782.0,7782.5,246
2026-10-02 16:17:00-04:00,7782.5,7782.75,7781.75,7782.0,213
2026-10-02 16:18:00-04:00,7782.0,7782.0,7781.0,7781.25,244
2026-10-02 16:19:00-04:00,7781.5,7781.75,7780.5,7780.75,248
2026-10-02 16:20:00-04:00,7780.75,7780.75,7780.0,7780.5,279
2026-10-02 16:21:00-04:00,7780.25,7780.5,7779.75,7780.0,120
2026-10-02 16:22:00-04:00,7780.0,7780.0,7779.0,7779.0,230
2026-10-02 16:23:00-04:00,7779.0,7780.0,7779.0,7780.0,298
2026-10-02 16:24:00-04:00,7780.0,7780.5,7779.5,7780.0,89
2026-10-02 16:25:00-04:00,7780.25,7780.5,7779.75,7779.75,73
2026-10-02 16:26:00-04:00,7780.0,7780.5,7780.0,7780.0,49
2026-10-02 16:27:00-04:00,7780.0,7780.25,7779.75,7780.0,51
2026-10-02 16:28:00-04:00,7779.75,7780.25,7779.5,7779.5,59
2026-10-02 16:29:00-04:00,7779.5,7780.25,7779.5,7780.25,126
2026-10-02 16:30:00-04:00,7780.5,7781.0,7779.5,7780.0,694
2026-10-02 16:31:00-04:00,7780.0,7780.75,7780.0,7780.25,77
2026-10-02 16:32:00-04:00,7780.5,7780.75,7780.0,7780.25,132
2026-10-02 16:33:00-04:00,7780.25,7780.5,7780.0,7780.25,69
2026-10-02 16:34:00-04:00,7780.5,7781.0,7780.25,7780.75,60
2026-10-02 16:35:00-04:00,7780.75,7781.0,7780.0,7780.0,76
2026-10-02 16:36:00-04:00,7780.0,7780.25,7779.5,7779.75,177
2026-10-02 16:37:00-04:00,7779.75,7779.75,7779.0,7779.0,117
2026-10-02 16:38:00-04:00,7779.25,7779.75,7779.0,7779.25,141
2026-10-02 16:39:00-04:00,7779.75,7780.0,7779.5,7779.5,89
2026-10-02 16:40:00-04:00,7779.5,7779.75,7778.5,7778.75,209
2026-10-02 16:41:00-04:00,7779.25,7779.25,7778.5,7778.75,100
2026-10-02 16:42:00-04:00,7778.75,7779.0,7778.5,7779.0,118
2026-10-02 16:43:00-04:00,7778.75,7779.0,7778.5,7778.5,79
2026-10-02 16:44:00-04:00,7778.75,7779.0,7778.0,7779.0,354
2026-10-02 16:45:00-04:00,7778.75,7779.25,7778.0,7778.25,289
2026-10-02 16:46:00-04:00,7778.25,7778.25,7777.5,7777.5,176
2026-10-02 16:47:00-04:00,7777.5,7777.75,7776.25,7776.5,262
2026-10-02 16:48:00-04:00,7776.75,7776.75,7776.0,7776.5,178
2026-10-02 16:49:00-04:00,7776.25,7776.75,7776.0,7776.75,133
2026-10-02 16:50:00-04:00,7776.5,7777.5,7775.25,7775.75,184
2026-10-02 16:51:00-04:00,7775.75,7776.25,7775.0,7776.0,169
2026-10-02 16:52:00-04:00,7775.75,7776.0,7775.25,7775.75,96
2026-10-02 16:53:00-04:00,7776.0,7776.25,7775.5,7776.0,69
2026-10-02 16:54:00-04:00,7775.75,7776.75,7775.75,7776.5,86
2026-10-02 16:55:00-04:00,7776.75,7776.75,7776.0,7776.0,255
2026-10-02 16:56:00-04:00,7776.25,7776.5,7775.25,7775.25,88
2026-10-02 16:57:00-04:00,7775.5,7776.25,7775.25,7776.0,108
2026-10-02 16:58:00-04:00,7776.25,7776.25,7775.25,7776.0,236
2026-10-02 16:59:00-04:00,7775.75,7777.25,7775.25,7777.25,376
2026-10-04 18:10:00-04:00,7786.75,7787.75,7786.25,7786.5,0
2026-10-04 18:11:00-04:00,7786.75,7786.75,7785.75,7786.0,147
2026-10-04 18:12:00-04:00,7786.25,7786.25,7785.0,7785.5,224
2026-10-04 18:13:00-04:00,7785.5,7786.0,7785.0,7786.0,135
2026-10-04 18:14:00-04:00,7786.0,7786.0,7783.75,7783.75,305
2026-10-04 18:15:00-04:00,7784.0,7786.5,7784.0,7786.25,419
2026-10-04 18:16:00-04:00,7786.0,7786.25,7783.75,7784.5,216
2026-10-04 18:17:00-04:00,7784.5,7784.5,7783.0,7783.75,308
2026-10-04 18:18:00-04:00,7784.25,7784.25,7783.5,7783.75,123
2026-10-04 18:19:00-04:00,7783.75,7784.25,7783.5,7783.75,104
2026-10-04 18:20:00-04:00,7783.75,7784.75,7783.5,7784.5,91
2026-10-04 18:21:00-04:00,7784.5,7785.75,7784.25,7785.0,167
2026-10-04 18:22:00-04:00,7785.25,7785.5,7785.0,7785.0,107
2026-10-04 18:23:00-04:00,7784.5,7784.5,7783.5,7784.0,99
2026-10-04 18:24:00-04:00,7784.0,7784.75,7784.0,7784.25,54
2026-10-04 18:25:00-04:00,7784.5,7785.0,7784.25,7784.75,33
2026-10-04 18:26:00-04:00,7785.0,7785.25,7784.25,7784.75,70
2026-10-04 18:27:00-04:00,7784.75,7785.25,7784.75,7784.75,38
2026-10-04 18:28:00-04:00,7785.0,7785.25,7784.5,7784.5,41
2026-10-04 18:29:00-04:00,7784.75,7785.25,7784.5,7784.75,64
2026-10-04 18:30:00-04:00,7784.75,7786.0,7784.75,7786.0,124
2026-10-04 18:31:00-04:00,7786.0,7788.0,7786.0,7787.5,274
2026-10-04 18:32:00-04:00,7787.25,7788.75,7787.25,7787.25,366
2026-10-04 18:33:00-04:00,7787.25,7788.0,7787.25,7787.5,74
2026-10-04 18:34:00-04:00,7787.75,7788.0,7787.25,7788.0,223
2026-10-04 18:35:00-04:00,7787.75,7788.5,7787.5,7788.25,179
2026-10-04 18:36:00-04:00,7788.25,7788.75,7788.0,7788.5,227
2026-10-04 18:37:00-04:00,7788.5,7788.5,7787.75,7788.0,180
2026-10-04 18:38:00-04:00,7788.0,7788.25,7787.75,7787.75,40
2026-10-04 18:39:00-04:00,7788.0,7788.0,7787.0,7787.0,98
2026-10-04 18:40:00-04:00,7787.25,7787.5,7786.75,7787.25,110
2026-10-04 18:41:00-04:00,7787.25,7788.0,7786.75,7787.5,142
2026-10-04 18:42:00-04:00,7787.25,7788.0,7787.25,7788.0,115
2026-10-04 18:43:00-04:00,7787.75,7788.75,7787.25,7787.75,202
2026-10-04 18:44:00-04:00,7787.5,7788.0,7787.5,7787.5,72
2026-10-04 18:45:00-04:00,7787.75,7788.5,7787.5,7788.25,201
2026-10-04 18:46:00-04:00,7788.25,7788.5,7787.75,7787.75,109
2026-10-04 18:47:00-04:00,7787.75,7788.25,7787.75,7787.75,69
2026-10-04 18:48:00-04:00,7788.0,7789.0,7788.0,7788.75,166
2026-10-04 18:49:00-04:00,7788.75,7789.25,7788.5,7789.0,174
2026-10-04 18:50:00-04:00,7788.75,7789.0,7788.25,7788.5,152
2026-10-04 18:51:00-04:00,7788.25,7789.0,7788.25,7788.5,58
2026-10-04 18:52:00-04:00,7788.75,7789.0,7788.5,7788.75,52
2026-10-04 18:53:00-04:00,7788.5,7788.5,7788.0,7788.25,134
2026-10-04 18:54:00-04:00,7788.0,7788.25,7787.5,7788.25,104
2026-10-04 18:55:00-04:00,7788.25,7788.5,7788.0,7788.25,68
2026-10-04 18:56:00-04:00,7788.5,7789.0,7788.25,7788.75,127
2026-10-04 18:57:00-04:00,7788.5,7788.5,7787.75,7788.0,60
2026-10-04 18:58:00-04:00,7788.25,7788.25,7788.0,7788.25,43
2026-10-04 18:59:00-04:00,7788.0,7788.25,7787.75,7788.0,17
2026-10-04 19:00:00-04:00,7788.0,7788.25,7787.75,7787.75,71
2026-10-04 19:01:00-04:00,7788.0,7788.0,7786.0,7786.5,428
2026-10-04 19:02:00-04:00,7786.5,7786.75,7785.25,7785.25,287
2026-10-04 19:03:00-04:00,7785.5,7787.0,7785.5,7786.75,138
2026-10-04 19:04:00-04:00,7786.75,7787.0,7786.5,7787.0,80
2026-10-04 19:05:00-04:00,7786.75,7787.5,7786.5,7787.0,114
2026-10-04 19:06:00-04:00,7787.25,7787.75,7787.0,7787.5,85
2026-10-04 19:07:00-04:00,7787.5,7787.75,7786.5,7786.75,111
2026-10-04 19:08:00-04:00,7787.0,7787.5,7787.0,7787.0,29
2026-10-04 19:09:00-04:00,7787.0,7787.75,7787.0,7787.0,56
2026-10-04 19:10:00-04:00,7787.25,7787.75,7787.0,7787.25,115
2026-10-04 19:11:00-04:00,7787.25,7787.5,7787.0,7787.5,54
2026-10-04 19:12:00-04:00,7787.25,7787.5,7786.5,7787.5,63
2026-10-04 19:13:00-04:00,7787.75,7788.0,7787.25,7787.75,136
2026-10-04 19:14:00-04:00,7787.75,7788.0,7787.25,7787.5,58
2026-10-04 19:15:00-04:00,7787.75,7787.75,7786.75,7787.0,75
2026-10-04 19:16:00-04:00,7787.0,7787.75,7787.0,7787.25,67
2026-10-04 19:17:00-04:00,7787.5,7788.0,7787.0,7788.0,131
2026-10-04 19:18:00-04:00,7788.25,7788.75,7788.0,7788.25,231
2026-10-04 19:19:00-04:00,7788.5,7788.75,7788.0,7788.75,184
2026-10-04 19:20:00-04:00,7788.5,7788.75,7788.25,7788.25,53
2026-10-04 19:21:00-04:00,7788.25,7788.75,7788.25,7788.75,55
2026-10-04 19:22:00-04:00,7788.5,7788.75,7787.25,7787.25,106
2026-10-04 19:23:00-04:00,7787.5,7788.0,7787.0,7787.5,147
2026-10-04 19:24:00-04:00,7787.5,7788.25,7787.5,7788.0,45
2026-10-04 19:25:00-04:00,7788.0,7788.5,7788.0,7788.0,20
2026-10-04 19:26:00-04:00,7788.25,7788.25,7788.0,7788.25,83
2026-10-04 19:27:00-04:00,7788.0,7788.25,7787.5,7787.75,163
2026-10-04 19:28:00-04:00,7788.0,7788.75,7788.0,7788.25,102
2026-10-04 19:29:00-04:00,7788.5,7788.5,7788.0,7788.25,79
2026-10-04 19:30:00-04:00,7788.5,7789.25,7788.5,7788.75,181
2026-10-04 19:31:00-04:00,7788.75,7789.25,7788.5,7788.75,88
2026-10-04 19:32:00-04:00,7788.5,7788.75,7787.75,7788.0,132
2026-10-04 19:33:00-04:00,7788.0,7788.25,7787.75,7788.0,52
2026-10-04 19:34:00-04:00,7788.25,7788.75,7788.0,7788.25,61
2026-10-04 19:35:00-04:00,7788.25,7788.25,7787.5,7788.0,32
2026-10-04 19:36:00-04:00,7787.75,7788.25,7787.5,7787.5,128
2026-10-04 19:37:00-04:00,7787.5,7788.0,7787.25,7787.5,122
2026-10-04 19:38:00-04:00,7787.5,7787.75,7787.25,7787.25,67
2026-10-04 19:39:00-04:00,7787.25,7788.0,7786.75,7788.0,114
2026-10-04 19:40:00-04:00,7788.25,7789.25,7788.0,7788.75,163
2026-10-04 19:41:00-04:00,7788.75,7789.0,7788.0,7788.0,84
2026-10-04 19:42:00-04:00,7788.0,7788.5,7788.0,7788.5,54
2026-10-04 19:43:00-04:00,7788.25,7788.75,7788.0,7788.25,146
2026-10-04 19:44:00-04:00,7788.5,7788.75,7788.0,7788.25,201
2026-10-04 19:45:00-04:00,7788.25,7788.25,7786.75,7787.25,226
2026-10-04 19:46:00-04:00,7787.0,7788.0,7786.75,7787.25,175
2026-10-04 19:47:00-04:00,7787.0,7787.25,7786.25,7786.75,109
2026-10-04 19:48:00-04:00,7786.75,7786.75,7785.75,7785.75,174
2026-10-04 19:49:00-04:00,7785.75,7785.75,7782.5,7782.75,1175
2026-10-04 19:50:00-04:00,7782.5,7783.25,7782.25,7783.25,344
2026-10-04 19:51:00-04:00,7783.0,7784.0,7783.0,7783.75,321
2026-10-04 19:52:00-04:00,7783.5,7783.75,7783.25,7783.75,157
2026-10-04 19:53:00-04:00,7783.5,7784.75,7783.5,7784.25,164
2026-10-04 19:54:00-04:00,7784.25,7784.5,7784.0,7784.5,147
2026-10-04 19:55:00-04:00,7784.25,7784.75,7783.75,7784.0,106
2026-10-04 19:56:00-04:00,7784.0,7784.5,7784.0,7784.25,82
2026-10-04 19:57:00-04:00,7784.5,7784.75,7783.75,7784.75,61
2026-10-04 19:58:00-04:00,7784.5,7784.75,7784.0,7784.75,154
2026-10-04 19:59:00-04:00,7784.5,7786.75,7784.5,7786.25,363
2026-10-04 20:00:00-04:00,7786.0,7786.25,7784.0,7784.75,789
2026-10-04 20:01:00-04:00,7784.75,7785.75,7784.25,7785.0,307
2026-10-04 20:02:00-04:00,7785.0,7786.0,7784.5,7784.5,152
2026-10-04 20:03:00-04:00,7784.5,7786.5,7784.5,7786.5,123
2026-10-04 20:04:00-04:00,7786.5,7788.25,7786.25,7788.0,425
2026-10-04 20:05:00-04:00,7787.75,7789.25,7787.25,7788.25,376
2026-10-04 20:06:00-04:00,7788.75,7789.0,7787.5,7788.25,620
2026-10-04 20:07:00-04:00,7788.25,7788.25,7787.0,7787.25,294
2026-10-04 20:08:00-04:00,7787.0,7789.25,7787.0,7788.0,309
2026-10-04 20:09:00-04:00,7788.0,7788.75,7787.75,7788.5,180
2026-10-04 20:10:00-04:00,7788.25,7789.25,7787.0,7788.75,392
2026-10-04 20:11:00-04:00,7789.0,7791.0,7788.25,7788.75,990
2026-10-04 20:12:00-04:00,7788.5,7788.5,7786.25,7787.0,541
2026-10-04 20:13:00-04:00,7787.0,7787.0,7785.75,7786.5,304
2026-10-04 20:14:00-04:00,7786.5,7787.25,7786.0,7786.75,205
2026-10-04 20:15:00-04:00,7787.0,7788.75,7786.5,7788.5,306
2026-10-04 20:16:00-04:00,7788.5,7789.0,7787.0,7787.5,273
2026-10-04 20:17:00-04:00,7787.5,7788.25,7787.0,7787.25,152
2026-10-04 20:18:00-04:00,7787.25,7787.5,7786.75,7787.25,146
2026-10-04 20:19:00-04:00,7787.25,7788.5,7787.25,7788.5,176
2026-10-04 20:20:00-04:00,7788.75,7789.75,7788.5,7788.75,740
2026-10-04 20:21:00-04:00,7788.75,7789.25,7788.25,7788.5,121
2026-10-04 20:22:00-04:00,7788.25,7788.75,7788.25,7788.5,79
2026-10-04 20:23:00-04:00,7788.75,7789.0,7788.0,7788.5,92
2026-10-04 20:24:00-04:00,7788.5,7788.5,7788.0,7788.25,54
2026-10-04 20:25:00-04:00,7788.25,7788.25,7785.25,7785.75,723
2026-10-04 20:26:00-04:00,7785.75,7786.75,7785.75,7786.5,177
2026-10-04 20:27:00-04:00,7786.75,7787.0,7785.75,7786.0,81
2026-10-04 20:28:00-04:00,7786.0,7786.0,7784.25,7784.25,330
2026-10-04 20:29:00-04:00,7784.25,7785.0,7784.0,7785.0,264
2026-10-04 20:30:00-04:00,7785.0,7785.75,7784.75,7785.25,190
2026-10-04 20:31:00-04:00,7785.0,7785.5,7784.5,7785.25,183
2026-10-04 20:32:00-04:00,7785.25,7786.0,7784.75,7785.5,205
2026-10-04 20:33:00-04:00,7785.5,7785.75,7785.0,7785.5,128
2026-10-04 20:34:00-04:00,7785.5,7787.25,7785.25,7787.25,159
2026-10-04 20:35:00-04:00,7787.25,7787.5,7786.0,7787.5,118
2026-10-04 20:36:00-04:00,7787.25,7787.75,7787.0,7787.5,95
2026-10-04 20:37:00-04:00,7787.75,7788.25,7787.0,7787.5,164
2026-10-04 20:38:00-04:00,7787.5,7788.25,7787.5,7787.5,92
2026-10-04 20:39:00-04:00,7787.5,7788.25,7787.5,7788.0,83
2026-10-04 20:40:00-04:00,7787.75,7788.75,7787.75,7788.0,106
2026-10-04 20:41:00-04:00,7787.75,7788.0,7787.0,7787.25,237
2026-10-04 20:42:00-04:00,7787.0,7788.25,7786.75,7788.0,164
2026-10-04 20:43:00-04:00,7788.0,7788.5,7787.5,7787.5,135
2026-10-04 20:44:00-04:00,7787.75,7788.25,7787.5,7788.25,57
2026-10-04 20:45:00-04:00,7788.25,7788.5,7787.5,7787.5,221
2026-10-04 20:46:00-04:00,7787.75,7787.75,7786.5,7786.5,137
2026-10-04 20:47:00-04:00,7786.5,7787.75,7786.5,7787.25,88
2026-10-04 20:48:00-04:00,7787.5,7787.75,7787.0,7787.25,104
2026-10-04 20:49:00-04:00,7787.25,7787.25,7786.75,7787.0,31
2026-10-04 20:50:00-04:00,7787.0,7788.0,7787.0,7787.75,97
2026-10-04 20:51:00-04:00,7787.75,7788.5,7787.5,7787.5,118
2026-10-04 20:52:00-04:00,7787.75,7788.25,7787.75,7788.25,53
2026-10-04 20:53:00-04:00,7788.0,7789.25,7788.0,7788.5,217
2026-10-04 20:54:00-04:00,7788.5,7788.75,7788.25,7788.75,61
2026-10-04 20:55:00-04:00,7788.25,7789.25,7788.25,7789.25,68
2026-10-04 20:56:00-04:00,7789.0,7789.0,7788.5,7788.5,77
2026-10-04 20:57:00-04:00,7789.0,7789.25,7788.5,7788.75,79
2026-10-04 20:58:00-04:00,7789.0,7789.75,7789.0,7789.5,93
2026-10-04 20:59:00-04:00,7789.75,7789.75,7788.75,7789.25,143
2026-10-04 21:00:00-04:00,7789.25,7789.5,7787.75,7788.25,323
2026-10-04 21:01:00-04:00,7788.5,7789.25,7788.25,7789.25,314
2026-10-04 21:02:00-04:00,7789.25,7790.0,7788.75,7789.0,169
2026-10-04 21:03:00-04:00,7789.25,7789.5,7788.75,7789.0,152
2026-10-04 21:04:00-04:00,7789.0,7789.5,7788.75,7789.5,89
2026-10-04 21:05:00-04:00,7789.5,7790.25,7789.5,7790.0,229
2026-10-04 21:06:00-04:00,7789.75,7790.5,7789.75,7790.5,195
2026-10-04 21:07:00-04:00,7790.5,7790.75,7790.0,7790.0,138
2026-10-04 21:08:00-04:00,7789.75,7790.0,7788.5,7788.5,282
2026-10-04 21:09:00-04:00,7788.75,7789.0,7788.0,7788.25,217
2026-10-04 21:10:00-04:00,7788.25,7788.75,7788.0,7788.0,129
2026-10-04 21:11:00-04:00,7788.0,7789.0,7788.0,7788.25,128
2026-10-04 21:12:00-04:00,7788.5,7788.75,7788.5,7788.75,40
2026-10-04 21:13:00-04:00,7788.75,7789.5,7788.75,7788.75,84
2026-10-04 21:14:00-04:00,7789.0,7789.25,7788.5,7789.0,67
2026-10-04 21:15:00-04:00,7789.0,7789.25,7787.75,7788.25,172
2026-10-04 21:16:00-04:00,7788.25,7788.75,7788.0,7788.75,78
2026-10-04 21:17:00-04:00,7788.75,7789.25,7788.25,7789.0,159
2026-10-04 21:18:00-04:00,7789.0,7789.5,7788.75,7789.5,80
2026-10-04 21:19:00-04:00,7789.5,7790.0,7789.25,7789.5,125
2026-10-04 21:20:00-04:00,7789.75,7790.0,7789.25,7789.25,77
2026-10-04 21:21:00-04:00,7789.25,7789.75,7789.0,7789.75,49
2026-10-04 21:22:00-04:00,7789.5,7789.75,7789.5,7789.5,45
2026-10-04 21:23:00-04:00,7789.5,7790.5,7789.5,7789.75,129
2026-10-04 21:24:00-04:00,7789.75,7790.5,7789.75,7790.0,125
2026-10-04 21:25:00-04:00,7790.0,7790.25,7789.5,7790.0,89
2026-10-04 21:26:00-04:00,7790.0,7790.0,7789.25,7789.25,127
2026-10-04 21:27:00-04:00,7789.75,7790.75,7789.5,7790.5,121
2026-10-04 21:28:00-04:00,7790.5,7791.25,7790.25,7791.25,182
2026-10-04 21:29:00-04:00,7791.25,7791.75,7790.5,7790.5,306
2026-10-04 21:30:00-04:00,7790.5,7791.25,7790.25,7790.25,275
2026-10-04 21:31:00-04:00,7790.5,7790.75,7789.5,7790.75,260
2026-10-04 21:32:00-04:00,7791.0,7791.25,7790.75,7791.0,111
2026-10-04 21:33:00-04:00,7791.0,7791.75,7791.0,7791.25,222
2026-10-04 21:34:00-04:00,7791.0,7791.5,7790.75,7791.0,78
2026-10-04 21:35:00-04:00,7791.25,7791.75,7790.75,7791.25,142
2026-10-04 21:36:00-04:00,7791.25,7791.75,7791.0,7791.5,74
2026-10-04 21:37:00-04:00,7791.75,7792.0,7790.75,7790.75,240
2026-10-04 21:38:00-04:00,7790.75,7791.5,7790.5,7791.25,100
2026-10-04 21:39:00-04:00,7791.25,7791.25,7790.5,7791.0,105
2026-10-04 21:40:00-04:00,7791.0,7792.25,7790.75,7791.5,229
2026-10-04 21:41:00-04:00,7791.75,7792.75,7791.25,7792.75,222
2026-10-04 21:42:00-04:00,7792.75,7793.0,7791.75,7792.0,316
2026-10-04 21:43:00-04:00,7791.75,7792.0,7791.0,7791.5,153
2026-10-04 21:44:00-04:00,7791.5,7791.75,7790.25,7790.75,260
2026-10-04 21:45:00-04:00,7790.75,7791.25,7790.25,7791.25,179
2026-10-04 21:46:00-04:00,7791.0,7791.75,7790.75,7791.5,115
2026-10-04 21:47:00-04:00,7791.75,7791.75,7791.5,7791.75,133
2026-10-04 21:48:00-04:00,7791.75,7792.0,7791.25,7791.75,58
2026-10-04 21:49:00-04:00,7791.5,7791.5,7790.5,7790.75,97
2026-10-04 21:50:00-04:00,7791.0,7791.25,7790.5,7790.5,49
2026-10-04 21:51:00-04:00,7790.5,7791.0,7790.5,7790.5,76
2026-10-04 21:52:00-04:00,7790.5,7790.75,7789.75,7790.75,197
2026-10-04 21:53:00-04:00,7790.75,7790.75,7790.0,7790.25,161
2026-10-04 21:54:00-04:00,7790.0,7790.75,7789.25,7789.25,354
2026-10-04 21:55:00-04:00,7789.5,7789.75,7788.5,7788.5,272
2026-10-04 21:56:00-04:00,7788.5,7789.0,7788.25,7788.5,137
2026-10-04 21:57:00-04:00,7788.5,7789.25,7788.25,7788.5,109
2026-10-04 21:58:00-04:00,7788.5,7789.0,7788.25,7788.75,95
2026-10-04 21:59:00-04:00,7788.75,7788.75,7787.25,7787.75,235
2026-10-04 22:00:00-04:00,7787.5,7788.5,7787.25,7788.0,210
2026-10-04 22:01:00-04:00,7788.0,7788.0,7786.75,7787.75,277
2026-10-04 22:02:00-04:00,7788.0,7788.5,7787.75,7788.0,151
2026-10-04 22:03:00-04:00,7788.25,7788.5,7787.75,7787.75,106
2026-10-04 22:04:00-04:00,7788.0,7788.5,7787.5,7788.0,95
2026-10-04 22:05:00-04:00,7787.75,7788.5,7787.75,7788.5,81
2026-10-04 22:06:00-04:00,7788.5,7788.5,7788.0,7788.0,111
2026-10-04 22:07:00-04:00,7788.0,7788.0,7787.0,7787.5,146
2026-10-04 22:08:00-04:00,7788.0,7788.25,7787.75,7788.0,45
2026-10-04 22:09:00-04:00,7787.75,7788.0,7787.25,7787.75,57
2026-10-04 22:10:00-04:00,7787.5,7787.75,7787.0,7787.0,90
2026-10-04 22:11:00-04:00,7787.25,7787.25,7786.75,7787.25,77
2026-10-04 22:12:00-04:00,7787.25,7787.5,7786.5,7787.0,96
2026-10-04 22:13:00-04:00,7787.0,7787.0,7786.25,7786.75,139
2026-10-04 22:14:00-04:00,7786.75,7787.25,7786.5,7787.25,62
2026-10-04 22:15:00-04:00,7787.25,7788.25,7787.0,7788.0,188
2026-10-04 22:16:00-04:00,7788.0,7788.5,7787.5,7788.5,199
2026-10-04 22:17:00-04:00,7788.5,7788.75,7788.25,7788.25,89
2026-10-04 22:18:00-04:00,7788.25,7788.25,7787.75,7788.0,108
2026-10-04 22:19:00-04:00,7787.75,7787.75,7786.75,7787.0,118
2026-10-04 22:20:00-04:00,7787.25,7787.75,7786.75,7786.75,77
2026-10-04 22:21:00-04:00,7787.0,7787.0,7786.0,7786.75,167
2026-10-04 22:22:00-04:00,7786.5,7787.5,7786.5,7787.25,63
2026-10-04 22:23:00-04:00,7787.25,7787.75,7787.0,7787.5,47
2026-10-04 22:24:00-04:00,7787.25,7787.5,7787.0,7787.25,32
2026-10-04 22:25:00-04:00,7787.25,7787.5,7787.0,7787.25,70
2026-10-04 22:26:00-04:00,7787.25,7787.75,7787.0,7787.75,66
2026-10-04 22:27:00-04:00,7787.75,7787.75,7787.25,7787.25,54
2026-10-04 22:28:00-04:00,7787.25,7787.75,7787.25,7787.75,74
2026-10-04 22:29:00-04:00,7787.75,7787.75,7787.0,7787.0,38
2026-10-04 22:30:00-04:00,7787.0,7787.25,7786.0,7786.0,141
2026-10-04 22:31:00-04:00,7786.25,7786.5,7786.0,7786.25,100
2026-10-04 22:32:00-04:00,7786.25,7786.5,7785.25,7785.75,266
2026-10-04 22:33:00-04:00,7785.5,7785.75,7784.75,7784.75,238
2026-10-04 22:34:00-04:00,7784.75,7785.0,7783.5,7783.75,427
2026-10-04 22:35:00-04:00,7783.75,7783.75,7782.0,7783.0,519
2026-10-04 22:36:00-04:00,7782.75,7783.5,7782.0,7783.0,214
2026-10-04 22:37:00-04:00,7783.25,7784.25,7782.75,7783.75,293
2026-10-04 22:38:00-04:00,7783.5,7784.25,7783.5,7783.75,102
2026-10-04 22:39:00-04:00,7783.5,7784.75,7783.5,7784.5,140
2026-10-04 22:40:00-04:00,7784.5,7785.0,7784.0,7784.5,89
2026-10-04 22:41:00-04:00,7784.5,7785.0,7784.0,7784.75,79
2026-10-04 22:42:00-04:00,7785.0,7785.25,7784.0,7784.0,109
2026-10-04 22:43:00-04:00,7784.25,7784.25,7781.75,7782.75,433
2026-10-04 22:44:00-04:00,7782.5,7783.0,7782.25,7782.75,144
2026-10-04 22:45:00-04:00,7782.5,7783.5,7782.5,7783.25,94
2026-10-04 22:46:00-04:00,7783.25,7783.5,7782.5,7783.5,129
2026-10-04 22:47:00-04:00,7783.75,7783.75,7782.5,7782.5,115
2026-10-04 22:48:00-04:00,7782.75,7783.0,7782.25,7783.0,135
2026-10-04 22:49:00-04:00,7782.75,7783.0,7780.0,7780.5,709
2026-10-04 22:50:00-04:00,7780.5,7782.25,7779.75,7782.0,474
2026-10-04 22:51:00-04:00,7782.25,7782.75,7781.75,7782.25,176
2026-10-04 22:52:00-04:00,7782.0,7782.25,7781.5,7782.25,99
2026-10-04 22:53:00-04:00,7782.25,7782.5,7782.0,7782.25,86
2026-10-04 22:54:00-04:00,7782.25,7782.75,7782.0,7782.75,123
2026-10-04 22:55:00-04:00,7782.5,7782.75,7780.0,7781.25,343
2026-10-04 22:56:00-04:00,7781.0,7782.0,7780.75,7781.75,146
2026-10-04 22:57:00-04:00,7781.5,7782.25,7781.0,7781.75,100
2026-10-04 22:58:00-04:00,7781.5,7781.75,7779.0,7779.5,332
2026-10-04 22:59:00-04:00,7779.0,7779.75,7777.5,7778.5,797
2026-10-04 23:00:00-04:00,7778.5,7779.0,7777.5,7778.0,362
2026-10-04 23:01:00-04:00,7777.75,7778.0,7776.5,7777.0,367
2026-10-04 23:02:00-04:00,7777.0,7777.75,7776.0,7777.0,418
2026-10-04 23:03:00-04:00,7777.0,7777.25,7775.25,7775.5,308
2026-10-04 23:04:00-04:00,7775.5,7776.0,7774.5,7775.0,414
2026-10-04 23:05:00-04:00,7775.0,7775.25,7774.5,7775.0,244
2026-10-04 23:06:00-04:00,7774.75,7775.5,7774.25,7775.5,317
2026-10-04 23:07:00-04:00,7775.5,7775.5,7774.5,7775.0,236
2026-10-04 23:08:00-04:00,7775.0,7775.75,7775.0,7775.75,206
2026-10-04 23:09:00-04:00,7775.75,7777.0,7775.75,7776.5,267
2026-10-04 23:10:00-04:00,7776.25,7777.0,7776.0,7776.75,197
2026-10-04 23:11:00-04:00,7777.0,7777.0,7776.5,7777.0,139
2026-10-04 23:12:00-04:00,7776.75,7777.5,7776.5,7777.0,184
2026-10-04 23:13:00-04:00,7777.25,7777.75,7776.0,7776.25,303
2026-10-04 23:14:00-04:00,7776.25,7777.5,7776.25,7777.0,185
2026-10-04 23:15:00-04:00,7777.0,7777.0,7775.0,7775.75,235
2026-10-04 23:16:00-04:00,7775.75,7777.75,7775.25,7777.5,164
2026-10-04 23:17:00-04:00,7777.75,7778.25,7777.5,7777.5,266
2026-10-04 23:18:00-04:00,7777.5,7778.25,7777.5,7778.25,89
2026-10-04 23:19:00-04:00,7778.25,7779.0,7778.25,7778.5,164
2026-10-04 23:20:00-04:00,7778.5,7779.25,7778.5,7778.75,201
2026-10-04 23:21:00-04:00,7778.5,7779.0,7778.25,7778.25,70
2026-10-04 23:22:00-04:00,7778.25,7778.25,7777.5,7778.0,170
2026-10-04 23:23:00-04:00,7778.25,7778.25,7777.5,7777.75,107
2026-10-04 23:24:00-04:00,7777.75,7778.25,7777.25,7777.5,271
2026-10-04 23:25:00-04:00,7777.5,7777.75,7777.0,7777.0,139
2026-10-04 23:26:00-04:00,7777.25,7777.75,7777.0,7777.5,91
2026-10-04 23:27:00-04:00,7777.75,7778.5,7777.5,7778.25,195
2026-10-04 23:28:00-04:00,7778.0,7778.5,7777.75,7778.5,52
2026-10-04 23:29:00-04:00,7778.5,7778.5,7778.25,7778.25,121
2026-10-04 23:30:00-04:00,7778.25,7778.5,7776.75,7777.25,216
2026-10-04 23:31:00-04:00,7777.5,7777.75,7776.75,7777.25,176
2026-10-04 23:32:00-04:00,7777.5,7777.75,7776.75,7777.25,113
2026-10-04 23:33:00-04:00,7777.25,7778.5,7777.0,7778.25,87
2026-10-04 23:34:00-04:00,7778.25,7778.5,7777.75,7778.0,124
2026-10-04 23:35:00-04:00,7777.75,7777.75,7776.5,7776.5,157
2026-10-04 23:36:00-04:00,7776.5,7777.25,7776.25,7776.25,167
2026-10-04 23:37:00-04:00,7776.25,7776.75,7775.75,7775.75,136
2026-10-04 23:38:00-04:00,7775.75,7776.25,7775.0,7776.25,476
2026-10-04 23:39:00-04:00,7776.0,7776.25,7775.5,7776.25,49
2026-10-04 23:40:00-04:00,7776.25,7776.25,7775.25,7776.0,131
2026-10-04 23:41:00-04:00,7776.0,7776.0,7775.25,7775.75,113
2026-10-04 23:42:00-04:00,7775.5,7776.25,7775.5,7776.0,112
2026-10-04 23:43:00-04:00,7776.0,7776.5,7776.0,7776.0,80
2026-10-04 23:44:00-04:00,7776.0,7776.0,7775.5,7775.75,68
2026-10-04 23:45:00-04:00,7775.5,7776.0,7775.0,7775.75,124
2026-10-04 23:46:00-04:00,7775.75,7776.25,7775.25,7775.75,76
2026-10-04 23:47:00-04:00,7776.0,7776.25,7775.75,7776.25,36
2026-10-04 23:48:00-04:00,7776.0,7776.0,7775.0,7775.0,92
2026-10-04 23:49:00-04:00,7775.25,7775.25,7774.0,7774.5,223
2026-10-04 23:50:00-04:00,7774.25,7774.75,7774.0,7774.0,272
2026-10-04 23:51:00-04:00,7774.0,7774.5,7774.0,7774.25,50
2026-10-04 23:52:00-04:00,7774.25,7774.75,7774.0,7774.25,95
2026-10-04 23:53:00-04:00,7774.25,7774.75,7774.25,7774.5,56
2026-10-04 23:54:00-04:00,7774.25,7774.75,7773.5,7773.75,181
2026-10-04 23:55:00-04:00,7773.75,7773.75,7771.5,7772.25,587
2026-10-04 23:56:00-04:00,7772.5,7772.75,7771.5,7772.0,343
2026-10-04 23:57:00-04:00,7771.75,7772.25,7771.25,7771.5,171
2026-10-04 23:58:00-04:00,7771.5,7771.5,7770.25,7770.25,189
2026-10-05 00:00:00-04:00,7771.0,7771.0,7770.0,7770.75,134
2026-10-05 00:01:00-04:00,7770.75,7771.5,7770.25,7771.25,271
2026-10-05 00:02:00-04:00,7771.25,7772.0,7771.25,7771.5,94
2026-10-05 00:03:00-04:00,7771.25,7772.0,7771.0,7772.0,287
2026-10-05 00:04:00-04:00,7771.75,7772.5,7771.75,7772.0,190
2026-10-05 00:05:00-04:00,7771.5,7772.0,7770.75,7771.75,221
2026-10-05 00:06:00-04:00,7771.75,7771.75,7771.0,7771.25,140
2026-10-05 00:07:00-04:00,7771.5,7771.75,7770.0,7770.0,249
2026-10-05 00:08:00-04:00,7770.0,7771.25,7769.5,7771.0,313
2026-10-05 00:09:00-04:00,7770.75,7771.0,7770.5,7770.75,56
2026-10-05 00:10:00-04:00,7771.0,7771.0,7769.75,7770.25,68
2026-10-05 00:11:00-04:00,7770.5,7770.5,7769.75,7769.75,74
2026-10-05 00:12:00-04:00,7769.75,7770.75,7769.5,7770.5,139
2026-10-05 00:13:00-04:00,7770.75,7771.0,7770.5,7770.75,132
2026-10-05 00:14:00-04:00,7770.5,7771.5,7770.5,7771.5,124
2026-10-05 00:15:00-04:00,7771.5,7771.75,7770.75,7771.0,125
2026-10-05 00:16:00-04:00,7771.0,7771.25,7770.5,7770.5,73
2026-10-05 00:17:00-04:00,7770.5,7771.0,7770.0,7770.25,117
2026-10-05 00:18:00-04:00,7770.25,7770.5,7769.75,7769.75,127
2026-10-05 00:19:00-04:00,7769.75,7770.5,7769.75,7770.5,73
2026-10-05 00:20:00-04:00,7770.25,7770.5,7769.75,7770.0,56
2026-10-05 00:21:00-04:00,7769.75,7770.75,7769.75,7770.25,85
2026-10-05 00:22:00-04:00,7770.5,7771.0,7770.25,7770.75,68
2026-10-05 00:23:00-04:00,7770.75,7771.25,7770.0,7770.0,76
2026-10-05 00:24:00-04:00,7770.25,7770.75,7770.25,7770.75,34
2026-10-05 00:25:00-04:00,7771.0,7771.75,7770.75,7771.5,62
2026-10-05 00:26:00-04:00,7771.5,7771.5,7769.75,7770.25,106
2026-10-05 00:27:00-04:00,7770.0,7770.5,7770.0,7770.0,199
2026-10-05 00:28:00-04:00,7770.25,7770.25,7769.25,7769.5,171
2026-10-05 00:29:00-04:00,7769.75,7769.75,7768.25,7768.5,311
2026-10-05 00:30:00-04:00,7768.5,7769.5,7768.0,7769.25,310
2026-10-05 00:31:00-04:00,7769.5,7769.5,7767.5,7767.5,139
2026-10-05 00:32:00-04:00,7767.75,7768.0,7767.0,7767.25,301
2026-10-05 00:33:00-04:00,7767.25,7768.0,7766.75,7767.75,107
2026-10-05 00:34:00-04:00,7767.75,7767.75,7767.5,7767.5,104
2026-10-05 00:35:00-04:00,7767.75,7767.75,7765.5,7766.25,422
2026-10-05 00:36:00-04:00,7766.25,7768.75,7766.25,7768.0,319
2026-10-05 00:37:00-04:00,7768.0,7770.0,7768.0,7769.5,297
2026-10-05 00:38:00-04:00,7769.75,7770.0,7769.25,7769.25,122
2026-10-05 00:39:00-04:00,7769.25,7770.5,7769.0,7770.25,262
2026-10-05 00:40:00-04:00,7770.25,7770.5,7769.75,7770.0,214
2026-10-05 00:41:00-04:00,7769.75,7770.5,7769.0,7770.0,150
2026-10-05 00:42:00-04:00,7770.25,7770.5,7769.75,7770.0,54
2026-10-05 00:43:00-04:00,7770.0,7770.5,7769.75,7770.0,93
2026-10-05 00:44:00-04:00,7770.0,7770.25,7769.5,7769.5,73
2026-10-05 00:45:00-04:00,7769.75,7770.25,7769.25,7770.0,57
2026-10-05 00:46:00-04:00,7769.75,7770.75,7769.75,7770.5,90
2026-10-05 00:47:00-04:00,7770.5,7771.25,7770.5,7771.25,229
2026-10-05 00:48:00-04:00,7771.25,7772.0,7771.0,7772.0,211
2026-10-05 00:49:00-04:00,7771.75,7772.25,7771.75,7772.0,99
2026-10-05 00:50:00-04:00,7771.75,7771.75,7770.25,7770.25,142
2026-10-05 00:51:00-04:00,7770.0,7770.25,7769.5,7769.75,103
2026-10-05 00:52:00-04:00,7770.0,7770.0,7768.75,7768.75,176
2026-10-05 00:53:00-04:00,7769.0,7769.5,7768.5,7769.25,244
2026-10-05 00:54:00-04:00,7769.25,7769.75,7769.0,7769.75,70
2026-10-05 00:55:00-04:00,7769.75,7769.75,7769.25,7769.25,54
2026-10-05 00:56:00-04:00,7769.0,7769.25,7768.5,7768.75,138
2026-10-05 00:57:00-04:00,7769.25,7770.0,7769.0,7770.0,66
2026-10-05 00:58:00-04:00,7770.0,7770.5,7770.0,7770.0,101
2026-10-05 00:59:00-04:00,7770.25,7770.25,7769.25,7769.25,52
2026-10-05 01:00:00-04:00,7769.25,7769.75,7768.75,7769.25,153
2026-10-05 01:01:00-04:00,7769.25,7769.5,7768.75,7769.0,57
2026-10-05 01:02:00-04:00,7769.25,7770.0,7769.25,7769.5,62
2026-10-05 01:03:00-04:00,7770.0,7770.0,7769.25,7769.5,77
2026-10-05 01:04:00-04:00,7769.5,7769.75,7769.25,7769.75,65
2026-10-05 01:05:00-04:00,7770.0,7770.0,7769.75,7769.75,47
2026-10-05 01:06:00-04:00,7770.0,7771.0,7769.75,7770.75,94
2026-10-05 01:07:00-04:00,7770.5,7771.25,7770.25,7770.75,111
2026-10-05 01:08:00-04:00,7770.75,7770.75,7769.5,7770.25,217
2026-10-05 01:09:00-04:00,7770.25,7770.75,7770.0,7770.75,50
2026-10-05 01:10:00-04:00,7770.5,7770.75,7770.5,7770.75,55
2026-10-05 01:11:00-04:00,7770.5,7771.75,7770.5,7771.0,117
2026-10-05 01:12:00-04:00,7770.75,7771.0,7769.75,7770.25,209
2026-10-05 01:13:00-04:00,7770.25,7770.75,7770.0,7770.0,147
2026-10-05 01:14:00-04:00,7769.75,7770.5,7769.5,7769.75,105
2026-10-05 01:15:00-04:00,7769.75,7769.75,7769.0,7769.0,148
2026-10-05 01:16:00-04:00,7769.5,7769.75,7768.75,7769.0,81
2026-10-05 01:17:00-04:00,7769.0,7769.25,7768.25,7769.0,82
2026-10-05 01:18:00-04:00,7768.75,7769.25,7768.25,7768.75,141
2026-10-05 01:19:00-04:00,7768.75,7769.0,7767.75,7768.75,156
2026-10-05 01:20:00-04:00,7768.75,7768.75,7767.25,7768.25,206
2026-10-05 01:21:00-04:00,7768.5,7768.75,7767.5,7767.75,108
2026-10-05 01:22:00-04:00,7768.0,7768.5,7768.0,7768.25,60
2026-10-05 01:23:00-04:00,7768.25,7768.5,7767.25,7767.25,98
2026-10-05 01:24:00-04:00,7767.25,7767.5,7766.25,7766.25,209
2026-10-05 01:25:00-04:00,7766.25,7767.5,7766.0,7767.5,188
2026-10-05 01:26:00-04:00,7767.5,7767.75,7767.0,7767.25,87
2026-10-05 01:27:00-04:00,7767.25,7768.0,7767.0,7767.0,122
2026-10-05 01:28:00-04:00,7767.25,7767.75,7766.25,7766.75,158
2026-10-05 01:29:00-04:00,7767.0,7767.0,7766.5,7766.5,77
2026-10-05 01:30:00-04:00,7766.5,7766.5,7765.0,7765.5,500
2026-10-05 01:31:00-04:00,7765.5,7765.5,7764.5,7765.25,286
2026-10-05 01:32:00-04:00,7765.25,7766.25,7765.0,7765.25,202
2026-10-05 01:33:00-04:00,7765.5,7766.0,7765.0,7765.0,202
2026-10-05 01:34:00-04:00,7765.0,7765.75,7765.0,7765.5,33
2026-10-05 01:35:00-04:00,7765.0,7765.25,7764.25,7765.0,140
2026-10-05 01:36:00-04:00,7765.25,7765.75,7765.0,7765.75,211
2026-10-05 01:37:00-04:00,7765.5,7765.75,7765.25,7765.5,48
2026-10-05 01:38:00-04:00,7765.5,7765.5,7764.75,7765.0,83
2026-10-05 01:39:00-04:00,7765.0,7765.25,7764.25,7765.0,52
2026-10-05 01:40:00-04:00,7765.0,7765.25,7764.5,7765.0,75
2026-10-05 01:41:00-04:00,7765.0,7765.5,7764.25,7765.5,187
2026-10-05 01:42:00-04:00,7765.5,7765.5,7764.75,7765.25,106
2026-10-05 01:43:00-04:00,7765.5,7765.5,7764.5,7764.75,83
2026-10-05 01:44:00-04:00,7764.75,7765.75,7764.75,7765.75,120
2026-10-05 01:45:00-04:00,7766.0,7766.25,7765.5,7765.5,84
2026-10-05 01:46:00-04:00,7765.75,7765.75,7764.75,7765.25,59
2026-10-05 01:47:00-04:00,7765.0,7765.5,7764.75,7765.25,82
2026-10-05 01:48:00-04:00,7765.0,7766.75,7764.75,7766.5,239
2026-10-05 01:49:00-04:00,7766.25,7766.5,7765.5,7766.25,80
2026-10-05 01:50:00-04:00,7766.25,7767.5,7766.25,7767.5,172
2026-10-05 01:51:00-04:00,7767.5,7768.0,7767.25,7767.5,218
2026-10-05 01:52:00-04:00,7767.5,7767.75,7767.0,7767.25,74
2026-10-05 01:53:00-04:00,7767.25,7767.25,7766.0,7766.25,105
2026-10-05 01:54:00-04:00,7766.0,7766.5,7765.75,7766.25,83
2026-10-05 01:55:00-04:00,7766.0,7766.25,7765.0,7765.5,173
2026-10-05 01:56:00-04:00,7765.75,7765.75,7765.0,7765.75,89
2026-10-05 01:57:00-04:00,7765.5,7765.75,7765.0,7765.25,44
2026-10-05 01:58:00-04:00,7765.25,7766.0,7765.25,7765.75,47
2026-10-05 01:59:00-04:00,7765.5,7768.25,7765.5,7767.75,148
2026-10-05 02:00:00-04:00,7767.75,7769.75,7767.75,7769.5,500
2026-10-05 02:01:00-04:00,7769.25,7770.25,7769.0,7769.75,189
2026-10-05 02:02:00-04:00,7769.75,7770.0,7768.75,7769.75,151
2026-10-05 02:03:00-04:00,7770.0,7770.25,7769.0,7769.25,158
2026-10-05 02:04:00-04:00,7769.25,7770.0,7768.5,7768.75,169
2026-10-05 02:05:00-04:00,7768.5,7768.75,7768.0,7768.5,77
2026-10-05 02:06:00-04:00,7768.5,7769.5,7768.5,7769.0,55
2026-10-05 02:07:00-04:00,7769.0,7769.75,7768.75,7769.5,125
2026-10-05 02:08:00-04:00,7769.25,7769.5,7769.0,7769.25,56
2026-10-05 02:09:00-04:00,7769.0,7771.25,7768.5,7770.75,157
2026-10-05 02:10:00-04:00,7771.0,7771.0,7770.0,7770.5,155
2026-10-05 02:11:00-04:00,7770.5,7771.75,7770.5,7771.5,251
2026-10-05 02:12:00-04:00,7771.5,7772.25,7771.25,7772.0,388
2026-10-05 02:13:00-04:00,7771.75,7773.75,7771.75,7773.5,450
2026-10-05 02:14:00-04:00,7773.5,7774.5,7773.25,7773.5,369
2026-10-05 02:15:00-04:00,7773.5,7775.0,7773.25,7774.75,214
2026-10-05 02:16:00-04:00,7774.75,7774.75,7773.0,7773.75,242
2026-10-05 02:17:00-04:00,7773.75,7775.25,7773.75,7774.0,197
2026-10-05 02:18:00-04:00,7774.25,7774.25,7773.75,7774.0,93
2026-10-05 02:19:00-04:00,7774.25,7774.25,7772.25,7772.25,193
2026-10-05 02:20:00-04:00,7772.5,7772.5,7770.25,7770.5,356
2026-10-05 02:21:00-04:00,7770.5,7771.75,7770.0,7770.75,204
2026-10-05 02:22:00-04:00,7770.75,7772.25,7770.5,7772.25,141
2026-10-05 02:23:00-04:00,7772.0,7772.5,7771.75,7772.25,72
2026-10-05 02:24:00-04:00,7772.5,7774.0,7772.5,7773.25,223
2026-10-05 02:25:00-04:00,7773.5,7773.5,7772.75,7773.5,109
2026-10-05 02:26:00-04:00,7773.25,7773.25,7771.0,7771.0,220
2026-10-05 02:27:00-04:00,7770.75,7771.5,7770.0,7770.75,175
2026-10-05 02:28:00-04:00,7770.5,7771.0,7769.0,7769.5,300
2026-10-05 02:29:00-04:00,7769.25,7769.25,7768.25,7768.5,196
2026-10-05 02:30:00-04:00,7768.25,7769.0,7767.0,7768.25,308
2026-10-05 02:31:00-04:00,7768.0,7768.75,7766.75,7768.75,295
2026-10-05 02:32:00-04:00,7768.5,7769.5,7768.5,7769.5,190
2026-10-05 02:33:00-04:00,7769.25,7769.25,7767.75,7767.75,91
2026-10-05 02:34:00-04:00,7767.5,7768.0,7766.5,7767.5,180
2026-10-05 02:35:00-04:00,7767.75,7768.75,7766.25,7768.0,188
2026-10-05 02:36:00-04:00,7768.25,7768.5,7767.25,7767.75,208
2026-10-05 02:37:00-04:00,7767.75,7769.0,7767.5,7768.75,173
2026-10-05 02:38:00-04:00,7768.75,7769.5,7767.5,7768.0,163
2026-10-05 02:39:00-04:00,7767.75,7767.75,7766.25,7766.5,154
2026-10-05 02:40:00-04:00,7766.25,7766.25,7764.25,7765.75,431
2026-10-05 02:41:00-04:00,7765.75,7766.25,7765.5,7765.75,103
2026-10-05 02:42:00-04:00,7766.25,7767.25,7765.75,7767.0,170
2026-10-05 02:43:00-04:00,7767.0,7767.5,7766.0,7766.25,165
2026-10-05 02:44:00-04:00,7766.5,7766.5,7764.5,7765.0,178
2026-10-05 02:45:00-04:00,7765.0,7765.0,7764.25,7765.0,120
2026-10-05 02:46:00-04:00,7764.75,7766.0,7764.75,7765.25,114
2026-10-05 02:47:00-04:00,7765.5,7766.25,7765.25,7766.0,134
2026-10-05 02:48:00-04:00,7766.0,7767.75,7765.5,7767.0,199
2026-10-05 02:49:00-04:00,7767.0,7767.25,7765.75,7766.0,48
2026-10-05 02:50:00-04:00,7765.5,7766.25,7764.75,7765.25,181
2026-10-05 02:51:00-04:00,7765.0,7765.5,7764.5,7765.25,112
2026-10-05 02:52:00-04:00,7765.25,7766.25,7763.5,7766.25,379
2026-10-05 02:53:00-04:00,7766.25,7768.25,7766.0,7768.0,341
2026-10-05 02:54:00-04:00,7768.25,7768.25,7764.0,7765.25,723
2026-10-05 02:55:00-04:00,7765.5,7766.75,7765.25,7766.0,220
2026-10-05 02:56:00-04:00,7766.0,7766.5,7765.25,7765.75,112
2026-10-05 02:57:00-04:00,7765.75,7768.0,7765.75,7768.0,141
2026-10-05 02:58:00-04:00,7767.75,7769.5,7767.75,7769.5,219
2026-10-05 02:59:00-04:00,7769.25,7770.0,7768.75,7769.5,268
2026-10-05 03:00:00-04:00,7769.5,7769.75,7767.25,7767.25,366
2026-10-05 03:01:00-04:00,7767.25,7768.75,7766.0,7767.75,311
2026-10-05 03:02:00-04:00,7767.75,7767.75,7765.75,7767.0,259
2026-10-05 03:03:00-04:00,7766.5,7768.25,7766.5,7767.5,193
2026-10-05 03:04:00-04:00,7768.0,7769.0,7767.5,7767.75,118
2026-10-05 03:05:00-04:00,7768.25,7770.0,7767.5,7769.5,281
2026-10-05 03:06:00-04:00,7769.25,7770.5,7769.25,7769.75,177
2026-10-05 03:07:00-04:00,7769.75,7771.5,7768.75,7771.0,329
2026-10-05 03:08:00-04:00,7771.25,7771.5,7769.0,7769.5,220
2026-10-05 03:09:00-04:00,7769.25,7770.5,7768.25,7768.25,202
2026-10-05 03:10:00-04:00,7768.5,7770.0,7768.25,7769.5,287
2026-10-05 03:11:00-04:00,7769.5,7770.25,7768.0,7768.75,207
2026-10-05 03:12:00-04:00,7769.0,7771.5,7769.0,7771.0,147
2026-10-05 03:13:00-04:00,7771.0,7771.75,7770.0,7770.75,155
2026-10-05 03:14:00-04:00,7770.75,7770.75,7769.25,7770.25,142
2026-10-05 03:15:00-04:00,7770.25,7771.25,7768.5,7768.5,150
2026-10-05 03:16:00-04:00,7768.5,7769.0,7767.75,7768.5,183
2026-10-05 03:17:00-04:00,7768.5,7769.25,7767.5,7768.75,315
2026-10-05 03:18:00-04:00,7768.75,7769.0,7767.0,7767.5,150
2026-10-05 03:19:00-04:00,7767.25,7767.25,7765.75,7766.25,228
2026-10-05 03:20:00-04:00,7766.5,7766.75,7765.5,7766.25,317
2026-10-05 03:21:00-04:00,7766.25,7767.75,7765.5,7766.5,180
2026-10-05 03:22:00-04:00,7766.5,7766.5,7763.5,7764.0,461
2026-10-05 03:23:00-04:00,7764.0,7765.5,7762.75,7764.0,404
2026-10-05 03:24:00-04:00,7763.75,7764.0,7761.25,7763.5,545
2026-10-05 03:25:00-04:00,7763.25,7765.25,7763.0,7764.75,207
2026-10-05 03:26:00-04:00,7765.0,7765.75,7764.5,7764.75,215
2026-10-05 03:27:00-04:00,7764.5,7765.5,7762.5,7762.75,239
2026-10-05 03:28:00-04:00,7762.5,7764.5,7762.5,7762.5,187
2026-10-05 03:29:00-04:00,7762.75,7763.5,7762.0,7763.25,184
2026-10-05 03:30:00-04:00,7763.5,7763.5,7762.0,7762.25,155
2026-10-05 03:31:00-04:00,7762.0,7764.5,7762.0,7763.25,419
2026-10-05 03:32:00-04:00,7762.75,7765.0,7762.5,7764.5,302
2026-10-05 03:33:00-04:00,7764.75,7765.25,7763.75,7764.75,136
2026-10-05 03:34:00-04:00,7764.25,7764.75,7762.75,7762.75,193
2026-10-05 03:35:00-04:00,7762.75,7763.5,7762.0,7762.5,121
2026-10-05 03:36:00-04:00,7762.5,7764.25,7761.5,7764.0,156
2026-10-05 03:37:00-04:00,7764.0,7764.5,7763.25,7764.0,79
2026-10-05 03:38:00-04:00,7763.75,7764.0,7762.5,7763.5,87
2026-10-05 03:39:00-04:00,7763.0,7763.25,7762.25,7763.25,77
2026-10-05 03:40:00-04:00,7763.0,7766.25,7763.0,7766.25,217
2026-10-05 03:41:00-04:00,7766.25,7767.0,7764.5,7764.5,281
2026-10-05 03:42:00-04:00,7765.0,7766.0,7764.5,7765.0,96
2026-10-05 03:43:00-04:00,7765.0,7765.75,7764.75,7765.0,87
2026-10-05 03:44:00-04:00,7764.75,7766.0,7764.75,7766.0,127
2026-10-05 03:45:00-04:00,7766.0,7766.25,7765.25,7765.5,117
2026-10-05 03:46:00-04:00,7765.25,7765.75,7763.5,7764.5,160
2026-10-05 03:47:00-04:00,7764.5,7765.75,7764.25,7765.0,121
2026-10-05 03:48:00-04:00,7764.75,7764.75,7763.25,7763.5,85
2026-10-05 03:49:00-04:00,7764.25,7764.75,7764.0,7764.25,82
2026-10-05 03:50:00-04:00,7764.25,7765.0,7763.25,7763.75,105
2026-10-05 03:51:00-04:00,7764.0,7769.0,7763.75,7768.75,409
2026-10-05 03:52:00-04:00,7768.75,7769.75,7768.25,7768.5,213
2026-10-05 03:53:00-04:00,7768.5,7769.0,7768.25,7768.25,95
2026-10-05 03:54:00-04:00,7768.5,7768.5,7766.75,7767.0,87
2026-10-05 03:55:00-04:00,7766.5,7767.25,7765.75,7766.25,148
2026-10-05 03:56:00-04:00,7766.25,7767.0,7765.25,7767.0,134
2026-10-05 03:57:00-04:00,7767.0,7767.75,7766.25,7767.5,153
2026-10-05 03:58:00-04:00,7767.5,7768.75,7767.5,7767.75,114
2026-10-05 03:59:00-04:00,7767.75,7767.75,7767.0,7767.75,172
2026-10-05 04:00:00-04:00,7767.5,7769.75,7766.75,7767.75,643
2026-10-05 04:01:00-04:00,7767.75,7769.75,7767.0,7769.5,309
2026-10-05 04:02:00-04:00,7769.5,7770.5,7768.75,7769.0,246
2026-10-05 04:03:00-04:00,7769.0,7770.25,7767.75,7769.75,191
2026-10-05 04:04:00-04:00,7769.75,7771.75,7769.75,7771.5,289
2026-10-05 04:05:00-04:00,7771.5,7773.0,7771.25,7772.5,334
2026-10-05 04:06:00-04:00,7772.5,7773.75,7772.25,7773.5,291
2026-10-05 04:07:00-04:00,7773.25,7773.75,7772.5,7773.25,182
2026-10-05 04:08:00-04:00,7773.25,7773.5,7772.25,7772.75,112
2026-10-05 04:09:00-04:00,7773.0,7775.25,7772.75,7773.5,346
2026-10-05 04:10:00-04:00,7773.5,7774.5,7773.0,7774.0,343
2026-10-05 04:11:00-04:00,7774.0,7775.25,7773.5,7775.0,348
2026-10-05 04:12:00-04:00,7775.0,7775.75,7774.5,7775.25,317
2026-10-05 04:13:00-04:00,7775.25,7776.25,7774.25,7774.75,335
2026-10-05 04:14:00-04:00,7774.5,7775.5,7773.5,7775.0,265
2026-10-05 04:15:00-04:00,7775.0,7777.0,7774.5,7776.75,313
2026-10-05 04:16:00-04:00,7776.75,7778.25,7776.75,7778.25,270
2026-10-05 04:17:00-04:00,7778.0,7778.25,7776.5,7777.5,166
2026-10-05 04:18:00-04:00,7777.5,7777.5,7775.5,7775.5,253
2026-10-05 04:19:00-04:00,7775.75,7776.75,7774.75,7776.5,256
2026-10-05 04:20:00-04:00,7776.5,7777.25,7775.5,7777.0,148
2026-10-05 04:21:00-04:00,7777.25,7777.25,7776.25,7776.75,108
2026-10-05 04:22:00-04:00,7776.75,7779.25,7776.0,7778.0,557
2026-10-05 04:23:00-04:00,7777.75,7778.5,7777.25,7778.25,216
2026-10-05 04:24:00-04:00,7778.0,7778.0,7776.75,7777.0,197
2026-10-05 04:25:00-04:00,7777.25,7777.25,7774.25,7777.0,1159
2026-10-05 04:26:00-04:00,7776.75,7777.25,7774.0,7776.5,387
2026-10-05 04:27:00-04:00,7776.75,7778.5,7775.5,7778.25,604
2026-10-05 04:28:00-04:00,7778.0,7780.0,7776.75,7776.75,640
2026-10-05 04:29:00-04:00,7776.75,7777.0,7774.75,7774.75,286
2026-10-05 04:30:00-04:00,7775.25,7776.75,7775.0,7776.0,259
2026-10-05 04:31:00-04:00,7775.75,7776.75,7775.25,7776.0,141
2026-10-05 04:32:00-04:00,7775.75,7777.5,7775.5,7777.0,206
2026-10-05 04:33:00-04:00,7777.0,7777.25,7774.5,7774.5,181
2026-10-05 04:34:00-04:00,7774.75,7775.5,7770.25,7772.25,1927
2026-10-05 04:35:00-04:00,7772.25,7773.5,7768.5,7770.25,770
2026-10-05 04:36:00-04:00,7770.25,7770.5,7766.0,7766.75,679
2026-10-05 04:37:00-04:00,7767.0,7768.25,7765.0,7767.5,662
2026-10-05 04:38:00-04:00,7767.75,7770.75,7767.5,7770.0,643
2026-10-05 04:39:00-04:00,7770.5,7771.25,7769.75,7770.5,205
2026-10-05 04:40:00-04:00,7770.5,7771.0,7769.0,7769.5,157
2026-10-05 04:41:00-04:00,7769.5,7770.0,7768.5,7768.5,116
2026-10-05 04:42:00-04:00,7768.75,7769.25,7766.25,7766.75,235
2026-10-05 04:43:00-04:00,7766.75,7770.25,7766.5,7769.5,850
2026-10-05 04:44:00-04:00,7769.25,7769.75,7766.25,7766.25,313
2026-10-05 04:45:00-04:00,7766.5,7766.75,7762.75,7763.0,750
2026-10-05 04:46:00-04:00,7763.25,7764.0,7761.5,7762.0,499
2026-10-05 04:47:00-04:00,7761.75,7762.0,7760.0,7761.0,623
2026-10-05 04:48:00-04:00,7760.75,7768.0,7760.5,7766.5,899
2026-10-05 04:49:00-04:00,7766.5,7771.25,7766.5,7769.0,3203
2026-10-05 04:50:00-04:00,7768.75,7769.75,7767.0,7769.0,444
2026-10-05 04:51:00-04:00,7768.75,7772.25,7768.5,7771.75,427
2026-10-05 04:52:00-04:00,7771.5,7772.75,7771.0,7771.5,371
2026-10-05 04:53:00-04:00,7771.5,7772.0,7769.0,7769.25,246
2026-10-05 04:54:00-04:00,7769.25,7769.5,7766.5,7766.75,422
2026-10-05 04:55:00-04:00,7767.0,7769.25,7766.5,7767.5,331
2026-10-05 04:56:00-04:00,7768.0,7768.75,7766.25,7767.0,345
2026-10-05 04:57:00-04:00,7767.0,7769.0,7766.5,7768.75,233
2026-10-05 04:58:00-04:00,7768.75,7770.5,7767.5,7770.5,250
2026-10-05 04:59:00-04:00,7770.25,7771.5,7770.25,7771.25,187
2026-10-05 05:00:00-04:00,7770.75,7771.25,7769.0,7769.25,221
2026-10-05 05:01:00-04:00,7769.25,7770.25,7768.5,7770.0,232
2026-10-05 05:02:00-04:00,7770.0,7771.25,7769.75,7770.75,123
2026-10-05 05:03:00-04:00,7770.75,7770.75,7769.75,7770.25,65
2026-10-05 05:04:00-04:00,7770.0,7771.0,7770.0,7770.75,65
2026-10-05 05:05:00-04:00,7770.75,7772.5,7770.5,7771.25,224
2026-10-05 05:06:00-04:00,7771.5,7771.75,7770.75,7771.25,90
2026-10-05 05:07:00-04:00,7771.0,7772.0,7770.0,7771.75,264
2026-10-05 05:08:00-04:00,7772.0,7773.75,7771.5,7771.75,464
2026-10-05 05:09:00-04:00,7771.5,7773.0,7771.5,7771.5,81
2026-10-05 05:10:00-04:00,7771.75,7772.0,7770.25,7771.25,130
2026-10-05 05:11:00-04:00,7771.25,7771.75,7770.5,7771.25,104
2026-10-05 05:12:00-04:00,7771.5,7771.5,7770.25,7770.75,99
2026-10-05 05:13:00-04:00,7770.5,7771.5,7770.5,7771.0,110
2026-10-05 05:14:00-04:00,7770.75,7771.25,7770.25,7770.5,113
2026-10-05 05:15:00-04:00,7770.75,7771.0,7770.0,7771.0,89
2026-10-05 05:16:00-04:00,7770.75,7771.0,7770.25,7770.5,93
2026-10-05 05:17:00-04:00,7770.5,7771.0,7769.25,7769.75,146
2026-10-05 05:18:00-04:00,7770.0,7770.0,7768.5,7769.0,200
2026-10-05 05:19:00-04:00,7769.0,7770.5,7769.0,7770.25,108
2026-10-05 05:20:00-04:00,7770.5,7770.75,7769.75,7770.25,121
2026-10-05 05:21:00-04:00,7770.25,7771.0,7769.25,7769.75,139
2026-10-05 05:22:00-04:00,7770.0,7771.25,7770.0,7771.0,152
2026-10-05 05:23:00-04:00,7771.0,7771.25,7770.25,7770.5,97
2026-10-05 05:24:00-04:00,7770.5,7770.75,7769.25,7769.25,187
2026-10-05 05:25:00-04:00,7769.25,7769.5,7767.75,7768.25,176
2026-10-05 05:26:00-04:00,7768.25,7768.25,7766.25,7766.5,281
2026-10-05 05:27:00-04:00,7766.5,7767.5,7765.75,7767.25,261
2026-10-05 05:28:00-04:00,7767.25,7767.75,7766.5,7767.0,246
2026-10-05 05:29:00-04:00,7767.25,7767.5,7766.0,7766.25,71
2026-10-05 05:30:00-04:00,7766.25,7767.0,7766.0,7766.5,78
2026-10-05 05:31:00-04:00,7766.75,7768.25,7766.75,7767.75,188
2026-10-05 05:32:00-04:00,7767.75,7768.25,7766.5,7767.5,93
2026-10-05 05:33:00-04:00,7767.75,7768.0,7766.75,7766.75,76
2026-10-05 05:34:00-04:00,7766.75,7767.0,7766.25,7766.75,97
2026-10-05 05:35:00-04:00,7766.5,7766.5,7765.5,7765.5,100
2026-10-05 05:36:00-04:00,7765.75,7766.25,7764.75,7764.75,254
2026-10-05 05:37:00-04:00,7765.0,7765.0,7763.5,7763.75,148
2026-10-05 05:38:00-04:00,7763.5,7765.0,7763.25,7764.5,175
2026-10-05 05:39:00-04:00,7764.5,7764.5,7763.25,7763.5,119
2026-10-05 05:40:00-04:00,7763.75,7764.25,7762.25,7763.25,349
2026-10-05 05:41:00-04:00,7763.5,7764.25,7762.75,7763.75,177
2026-10-05 05:42:00-04:00,7763.5,7764.0,7761.75,7762.0,241
2026-10-05 05:43:00-04:00,7762.25,7764.75,7762.0,7764.5,174
2026-10-05 05:44:00-04:00,7764.75,7765.25,7764.0,7764.5,116
2026-10-05 05:45:00-04:00,7764.5,7764.75,7763.5,7764.0,95
2026-10-05 05:46:00-04:00,7764.0,7764.0,7762.5,7763.5,197
2026-10-05 05:47:00-04:00,7763.5,7765.0,7763.5,7764.25,214
2026-10-05 05:48:00-04:00,7764.0,7764.75,7763.5,7764.25,90
2026-10-05 05:49:00-04:00,7764.0,7764.5,7764.0,7764.0,70
2026-10-05 05:50:00-04:00,7764.25,7765.5,7763.75,7764.5,135
2026-10-05 05:51:00-04:00,7764.75,7765.5,7764.5,7764.75,196
2026-10-05 05:52:00-04:00,7765.0,7765.75,7764.0,7764.75,75
2026-10-05 05:53:00-04:00,7765.0,7765.5,7764.75,7765.0,88
2026-10-05 05:54:00-04:00,7764.75,7764.75,7763.75,7764.25,71
2026-10-05 05:55:00-04:00,7764.5,7765.0,7764.25,7764.5,63
2026-10-05 05:56:00-04:00,7764.5,7765.25,7764.0,7765.25,57
2026-10-05 05:57:00-04:00,7765.5,7765.75,7764.5,7764.75,69
2026-10-05 05:58:00-04:00,7764.75,7765.25,7764.5,7765.0,206
2026-10-05 05:59:00-04:00,7764.75,7765.0,7764.25,7764.5,96
2026-10-05 06:00:00-04:00,7764.25,7764.75,7762.75,7763.25,246
2026-10-05 06:01:00-04:00,7763.25,7763.5,7762.25,7762.5,172
2026-10-05 06:02:00-04:00,7762.5,7762.5,7761.5,7762.5,199
2026-10-05 06:03:00-04:00,7762.0,7764.0,7761.5,7763.25,282
2026-10-05 06:04:00-04:00,7763.0,7763.75,7762.0,7763.0,76
2026-10-05 06:05:00-04:00,7763.0,7764.0,7762.25,7762.25,75
2026-10-05 06:06:00-04:00,7762.5,7764.75,7762.5,7764.5,122
2026-10-05 06:07:00-04:00,7764.5,7764.75,7763.5,7763.5,139
2026-10-05 06:08:00-04:00,7763.5,7764.25,7763.0,7764.25,80
2026-10-05 06:09:00-04:00,7763.75,7764.25,7762.25,7762.5,97
2026-10-05 06:10:00-04:00,7762.5,7764.75,7762.0,7764.0,232
2026-10-05 06:11:00-04:00,7763.5,7763.5,7762.25,7763.25,52
2026-10-05 06:12:00-04:00,7763.25,7763.25,7762.25,7762.5,68
2026-10-05 06:13:00-04:00,7762.5,7762.75,7762.0,7762.5,79
2026-10-05 06:14:00-04:00,7762.5,7765.0,7762.25,7765.0,157
2026-10-05 06:15:00-04:00,7764.75,7765.0,7762.75,7764.0,159
2026-10-05 06:16:00-04:00,7764.0,7764.25,7763.25,7763.25,76
2026-10-05 06:17:00-04:00,7763.25,7763.25,7762.0,7762.0,193
2026-10-05 06:18:00-04:00,7762.5,7763.75,7762.25,7763.0,65
2026-10-05 06:19:00-04:00,7762.75,7763.0,7761.5,7762.25,122
2026-10-05 06:20:00-04:00,7762.25,7763.5,7762.0,7763.5,77
2026-10-05 06:21:00-04:00,7763.5,7764.75,7763.25,7764.25,108
2026-10-05 06:22:00-04:00,7764.25,7764.5,7763.5,7763.75,84
2026-10-05 06:23:00-04:00,7763.75,7764.5,7763.75,7764.0,47
2026-10-05 06:24:00-04:00,7764.25,7766.25,7764.25,7765.75,282
2026-10-05 06:25:00-04:00,7765.75,7766.0,7765.0,7765.25,131
2026-10-05 06:26:00-04:00,7764.75,7765.5,7764.5,7765.25,116
2026-10-05 06:27:00-04:00,7765.25,7765.25,7762.5,7762.75,434
2026-10-05 06:28:00-04:00,7762.75,7764.25,7762.5,7763.5,255
2026-10-05 06:29:00-04:00,7763.5,7764.0,7762.25,7762.5,243
2026-10-05 06:30:00-04:00,7762.5,7762.75,7761.75,7762.0,331
2026-10-05 06:31:00-04:00,7762.0,7762.5,7761.75,7762.0,283
2026-10-05 06:32:00-04:00,7761.75,7762.5,7761.25,7762.25,239
2026-10-05 06:33:00-04:00,7762.0,7762.5,7761.75,7762.0,200
2026-10-05 06:34:00-04:00,7762.25,7762.25,7760.5,7761.5,264
2026-10-05 06:35:00-04:00,7761.25,7762.0,7760.75,7761.75,120
2026-10-05 06:36:00-04:00,7761.75,7762.0,7761.0,7761.5,88
2026-10-05 06:37:00-04:00,7761.75,7762.0,7761.25,7761.5,59
2026-10-05 06:38:00-04:00,7761.5,7762.25,7760.5,7761.0,97
2026-10-05 06:39:00-04:00,7760.75,7761.5,7760.25,7761.0,97
2026-10-05 06:40:00-04:00,7761.0,7762.75,7761.0,7762.0,135
2026-10-05 06:41:00-04:00,7762.0,7763.0,7761.75,7761.75,95
2026-10-05 06:42:00-04:00,7761.75,7763.25,7761.5,7762.5,66
2026-10-05 06:43:00-04:00,7762.5,7763.75,7762.0,7763.0,110
2026-10-05 06:44:00-04:00,7763.25,7763.25,7762.5,7763.0,54
2026-10-05 06:45:00-04:00,7762.75,7763.5,7762.0,7762.5,94
2026-10-05 06:46:00-04:00,7762.5,7763.25,7762.5,7763.25,53
2026-10-05 06:47:00-04:00,7763.25,7764.0,7763.0,7763.75,68
2026-10-05 06:48:00-04:00,7764.0,7765.75,7764.0,7765.75,292
2026-10-05 06:49:00-04:00,7765.5,7766.0,7764.75,7765.25,84
2026-10-05 06:50:00-04:00,7765.5,7766.0,7764.25,7764.5,174
2026-10-05 06:51:00-04:00,7764.75,7765.0,7763.75,7764.25,115
2026-10-05 06:52:00-04:00,7764.0,7765.25,7764.0,7765.25,34
2026-10-05 06:53:00-04:00,7765.25,7766.0,7765.0,7765.25,114
2026-10-05 06:54:00-04:00,7765.0,7770.75,7765.0,7769.25,1940
2026-10-05 06:55:00-04:00,7768.75,7775.25,7768.75,7772.5,1915
2026-10-05 06:56:00-04:00,7772.75,7772.75,7769.75,7771.0,693
2026-10-05 06:57:00-04:00,7771.0,7771.75,7770.0,7770.0,492
2026-10-05 06:58:00-04:00,7770.0,7770.75,7769.25,7770.5,295
2026-10-05 06:59:00-04:00,7770.5,7771.75,7770.25,7771.25,178
2026-10-05 07:00:00-04:00,7771.25,7772.0,7767.25,7770.0,752
2026-10-05 07:01:00-04:00,7770.25,7770.25,7768.25,7769.0,159
2026-10-05 07:02:00-04:00,7768.75,7769.0,7765.0,7765.25,416
2026-10-05 07:03:00-04:00,7765.75,7767.25,7765.25,7767.0,384
2026-10-05 07:04:00-04:00,7766.75,7768.25,7766.5,7766.5,147
2026-10-05 07:05:00-04:00,7766.75,7768.75,7766.0,7768.75,202
2026-10-05 07:06:00-04:00,7768.75,7769.5,7768.0,7768.25,190
2026-10-05 07:07:00-04:00,7768.25,7768.75,7767.25,7767.5,97
2026-10-05 07:08:00-04:00,7767.75,7768.25,7767.5,7767.75,91
2026-10-05 07:09:00-04:00,7767.75,7768.0,7767.5,7767.75,60
2026-10-05 07:10:00-04:00,7767.75,7768.0,7767.0,7767.5,69
2026-10-05 07:11:00-04:00,7767.5,7768.5,7767.0,7767.75,79
2026-10-05 07:12:00-04:00,7767.75,7768.0,7766.5,7767.5,116
2026-10-05 07:13:00-04:00,7767.25,7769.25,7767.0,7769.25,123
2026-10-05 07:14:00-04:00,7769.5,7769.5,7768.25,7769.25,70
2026-10-05 07:15:00-04:00,7769.25,7770.5,7769.25,7769.75,104
2026-10-05 07:16:00-04:00,7770.0,7770.0,7767.5,7769.5,231
2026-10-05 07:17:00-04:00,7769.5,7770.5,7769.5,7770.5,98
2026-10-05 07:18:00-04:00,7770.0,7771.25,7769.5,7771.25,131
2026-10-05 07:19:00-04:00,7771.25,7772.5,7771.0,7772.0,273
2026-10-05 07:20:00-04:00,7772.0,7772.75,7771.75,7772.5,136
2026-10-05 07:21:00-04:00,7772.25,7772.75,7772.0,7772.25,76
2026-10-05 07:22:00-04:00,7772.0,7772.5,7771.5,7772.5,100
2026-10-05 07:23:00-04:00,7772.5,7773.25,7772.0,7772.0,122
2026-10-05 07:24:00-04:00,7772.0,7773.25,7772.0,7772.5,99
2026-10-05 07:25:00-04:00,7772.5,7773.25,7772.5,7773.0,112
2026-10-05 07:26:00-04:00,7773.0,7774.5,7772.75,7773.75,311
2026-10-05 07:27:00-04:00,7773.5,7780.75,7773.25,7777.5,3613
2026-10-05 07:28:00-04:00,7777.75,7779.5,7775.5,7779.5,747
2026-10-05 07:29:00-04:00,7779.25,7780.0,7777.75,7780.0,452
2026-10-05 07:30:00-04:00,7779.75,7782.25,7777.75,7778.75,795
2026-10-05 07:31:00-04:00,7778.75,7779.25,7778.5,7778.5,159
2026-10-05 07:32:00-04:00,7778.25,7779.0,7777.0,7777.25,258
2026-10-05 07:33:00-04:00,7777.5,7777.75,7775.0,7776.0,648
2026-10-05 07:34:00-04:00,7776.25,7776.5,7774.5,7774.75,254
2026-10-05 07:35:00-04:00,7774.75,7775.5,7773.75,7774.5,252
2026-10-05 07:36:00-04:00,7774.5,7776.25,7773.25,7776.25,389
2026-10-05 07:37:00-04:00,7776.25,7776.5,7775.5,7776.0,187
2026-10-05 07:38:00-04:00,7776.25,7776.75,7775.75,7776.25,132
2026-10-05 07:39:00-04:00,7776.75,7777.25,7776.25,7776.25,120
2026-10-05 07:40:00-04:00,7776.5,7777.5,7776.5,7776.5,107
2026-10-05 07:41:00-04:00,7776.25,7776.5,7774.5,7774.5,210
2026-10-05 07:42:00-04:00,7774.5,7774.75,7772.5,7772.75,363
2026-10-05 07:43:00-04:00,7772.75,7773.25,7771.75,7772.75,203
2026-10-05 07:44:00-04:00,7772.75,7773.25,7771.25,7771.75,633
2026-10-05 07:45:00-04:00,7771.5,7772.0,7770.0,7771.0,404
2026-10-05 07:46:00-04:00,7771.25,7771.25,7770.25,7770.5,87
2026-10-05 07:47:00-04:00,7770.25,7772.25,7770.25,7772.25,123
2026-10-05 07:48:00-04:00,7772.25,7773.25,7771.75,7773.0,272
2026-10-05 07:49:00-04:00,7772.75,7773.0,7772.0,7772.75,80
2026-10-05 07:50:00-04:00,7772.75,7773.75,7772.75,7773.75,208
2026-10-05 07:51:00-04:00,7773.75,7774.5,7773.25,7773.5,178
2026-10-05 07:52:00-04:00,7773.5,7774.75,7773.5,7774.25,167
2026-10-05 07:53:00-04:00,7774.25,7774.25,7772.5,7772.5,181
2026-10-05 07:54:00-04:00,7772.5,7773.5,7772.0,7772.75,174
2026-10-05 07:55:00-04:00,7772.75,7774.25,7772.25,7774.25,141
2026-10-05 07:56:00-04:00,7774.0,7775.75,7773.75,7775.0,339
2026-10-05 07:57:00-04:00,7775.25,7775.25,7773.75,7774.75,238
2026-10-05 07:58:00-04:00,7774.75,7775.25,7773.75,7774.0,361
2026-10-05 07:59:00-04:00,7773.75,7774.75,7773.75,7774.75,164
2026-10-05 08:00:00-04:00,7774.75,7775.5,7772.75,7774.5,619
2026-10-05 08:01:00-04:00,7774.75,7776.25,7774.25,7776.25,286
2026-10-05 08:02:00-04:00,7776.25,7776.5,7773.5,7775.5,265
2026-10-05 08:03:00-04:00,7775.75,7776.25,7774.5,7776.25,102
2026-10-05 08:04:00-04:00,7776.25,7777.5,7775.75,7777.0,182
2026-10-05 08:05:00-04:00,7777.0,7777.75,7776.5,7777.75,194
2026-10-05 08:06:00-04:00,7777.75,7778.0,7776.25,7776.75,187
2026-10-05 08:07:00-04:00,7776.75,7776.75,7776.0,7776.75,188
2026-10-05 08:08:00-04:00,7776.5,7776.75,7775.0,7776.75,211
2026-10-05 08:09:00-04:00,7776.5,7777.25,7775.25,7775.25,112
2026-10-05 08:10:00-04:00,7775.0,7777.75,7774.75,7777.5,525
2026-10-05 08:11:00-04:00,7777.5,7779.0,7776.5,7778.75,422
2026-10-05 08:12:00-04:00,7778.75,7779.25,7778.25,7778.75,204
2026-10-05 08:13:00-04:00,7778.75,7779.75,7778.25,7779.5,244
2026-10-05 08:14:00-04:00,7779.25,7779.25,7778.5,7778.5,93
2026-10-05 08:15:00-04:00,7778.5,7779.0,7777.5,7777.5,254
2026-10-05 08:16:00-04:00,7777.5,7780.0,7777.0,7780.0,387
2026-10-05 08:17:00-04:00,7779.75,7780.5,7779.0,7779.0,415
2026-10-05 08:18:00-04:00,7779.0,7779.0,7778.0,7778.25,211
2026-10-05 08:19:00-04:00,7778.0,7778.5,7776.5,7776.75,296
2026-10-05 08:20:00-04:00,7777.0,7778.0,7775.25,7776.25,531
2026-10-05 08:21:00-04:00,7776.75,7777.5,7776.0,7777.5,143
2026-10-05 08:22:00-04:00,7777.25,7778.0,7776.5,7778.0,211
2026-10-05 08:23:00-04:00,7777.75,7777.75,7775.5,7775.75,169
2026-10-05 08:24:00-04:00,7775.5,7776.5,7774.75,7774.75,322
2026-10-05 08:25:00-04:00,7775.0,7775.75,7774.0,7774.75,321
2026-10-05 08:26:00-04:00,7774.75,7775.5,7774.0,7775.5,184
2026-10-05 08:27:00-04:00,7775.25,7775.75,7775.0,7775.25,103
2026-10-05 08:28:00-04:00,7775.25,7776.5,7775.0,7775.5,109
2026-10-05 08:29:00-04:00,7775.75,7776.75,7775.0,7776.75,182
2026-10-05 08:30:00-04:00,7776.5,7777.0,7775.75,7776.75,196
2026-10-05 08:31:00-04:00,7776.75,7777.0,7774.25,7775.25,185
2026-10-05 08:32:00-04:00,7775.25,7776.0,7775.0,7775.75,87
2026-10-05 08:33:00-04:00,7775.5,7776.0,7775.0,7775.75,96
2026-10-05 08:34:00-04:00,7775.5,7775.5,7774.25,7775.0,159
2026-10-05 08:35:00-04:00,7774.75,7776.0,7774.75,7775.75,85
2026-10-05 08:36:00-04:00,7776.0,7776.5,7775.5,7776.0,82
2026-10-05 08:37:00-04:00,7776.0,7776.0,7773.75,7775.0,241
2026-10-05 08:38:00-04:00,7775.25,7775.25,7773.75,7774.25,164
2026-10-05 08:39:00-04:00,7774.25,7775.25,7773.75,7775.0,167
2026-10-05 08:40:00-04:00,7774.75,7775.0,7772.5,7773.75,345
2026-10-05 08:41:00-04:00,7773.75,7773.75,7772.0,7772.75,288
2026-10-05 08:42:00-04:00,7772.5,7772.75,7771.0,7771.25,358
2026-10-05 08:43:00-04:00,7771.5,7771.5,7770.5,7771.0,364
2026-10-05 08:44:00-04:00,7771.0,7771.75,7769.25,7769.5,469
2026-10-05 08:45:00-04:00,7769.5,7770.75,7769.25,7770.75,349
2026-10-05 08:46:00-04:00,7770.75,7772.25,7769.0,7769.5,666
2026-10-05 08:47:00-04:00,7769.5,7769.75,7767.0,7769.75,1170
2026-10-05 08:48:00-04:00,7769.5,7769.5,7766.0,7766.5,535
2026-10-05 08:49:00-04:00,7766.5,7767.0,7765.75,7766.5,412
2026-10-05 08:50:00-04:00,7766.5,7767.75,7765.5,7767.25,334
2026-10-05 08:51:00-04:00,7767.5,7768.5,7767.0,7767.25,299
2026-10-05 08:52:00-04:00,7767.0,7770.0,7765.0,7765.0,1372
2026-10-05 08:53:00-04:00,7765.0,7769.0,7765.0,7768.5,626
2026-10-05 08:54:00-04:00,7768.75,7769.5,7768.5,7768.5,202
2026-10-05 08:55:00-04:00,7768.75,7768.75,7767.25,7767.5,330
2026-10-05 08:56:00-04:00,7767.5,7768.5,7767.0,7768.0,132
2026-10-05 08:57:00-04:00,7768.0,7769.5,7767.5,7769.25,240
2026-10-05 08:58:00-04:00,7769.5,7770.25,7769.0,7769.75,514
2026-10-05 08:59:00-04:00,7770.0,7770.0,7767.5,7768.0,516
2026-10-05 09:00:00-04:00,7768.0,7770.5,7768.0,7769.75,534
2026-10-05 09:01:00-04:00,7769.75,7770.25,7768.75,7769.75,315
2026-10-05 09:02:00-04:00,7769.75,7770.0,7769.25,7769.5,142
2026-10-05 09:03:00-04:00,7769.75,7771.0,7769.75,7770.25,305
2026-10-05 09:04:00-04:00,7770.0,7771.5,7770.0,7770.25,429
2026-10-05 09:05:00-04:00,7770.0,7770.75,7769.25,7769.75,438
2026-10-05 09:06:00-04:00,7770.0,7771.0,7769.5,7770.0,505
2026-10-05 09:07:00-04:00,7770.25,7770.75,7769.25,7769.5,215
2026-10-05 09:08:00-04:00,7769.5,7770.25,7769.0,7770.0,208
2026-10-05 09:09:00-04:00,7770.25,7771.75,7770.25,7771.0,539
2026-10-05 09:10:00-04:00,7771.0,7772.75,7770.75,7772.25,488
2026-10-05 09:11:00-04:00,7772.25,7773.25,7771.75,7773.25,617
2026-10-05 09:12:00-04:00,7773.25,7773.75,7773.0,7773.75,366
2026-10-05 09:13:00-04:00,7773.5,7773.75,7772.75,7773.0,248
2026-10-05 09:14:00-04:00,7772.75,7773.5,7770.5,7772.25,848
2026-10-05 09:15:00-04:00,7772.5,7773.25,7772.25,7773.0,219
2026-10-05 09:16:00-04:00,7773.0,7773.75,7773.0,7773.5,400
2026-10-05 09:17:00-04:00,7773.25,7775.0,7773.25,7774.75,534
2026-10-05 09:18:00-04:00,7775.0,7775.75,7774.5,7774.75,771
2026-10-05 09:19:00-04:00,7774.75,7775.5,7774.25,7775.0,194
2026-10-05 09:20:00-04:00,7774.75,7776.25,7774.5,7776.0,447
2026-10-05 09:21:00-04:00,7776.25,7777.0,7775.75,7776.0,344
2026-10-05 09:22:00-04:00,7776.25,7776.5,7774.75,7775.5,340
2026-10-05 09:23:00-04:00,7775.75,7775.75,7774.75,7775.25,279
2026-10-05 09:24:00-04:00,7775.25,7775.5,7772.75,7774.0,1243
2026-10-05 09:25:00-04:00,7773.5,7776.5,7773.5,7776.0,747
2026-10-05 09:26:00-04:00,7776.0,7776.5,7775.0,7775.25,405
2026-10-05 09:27:00-04:00,7775.25,7778.5,7775.25,7777.75,1032
2026-10-05 09:28:00-04:00,7777.75,7779.0,7777.0,7777.25,830
2026-10-05 09:29:00-04:00,7777.5,7779.5,7777.5,7778.25,1028
2026-10-05 09:30:00-04:00,7778.5,7782.75,7778.25,7782.5,6943
2026-10-05 09:31:00-04:00,7782.5,7790.0,7782.25,7789.75,6173
2026-10-05 09:32:00-04:00,7789.75,7791.25,7788.25,7789.0,3959
2026-10-05 09:33:00-04:00,7789.0,7790.25,7786.75,7790.0,2894
2026-10-05 09:34:00-04:00,7790.0,7790.5,7787.5,7789.5,2477
2026-10-05 09:35:00-04:00,7789.5,7791.25,7788.25,7790.75,2958
2026-10-05 09:36:00-04:00,7790.75,7791.25,7787.5,7788.0,2214
2026-10-05 09:37:00-04:00,7788.0,7789.75,7785.75,7786.5,2407
2026-10-05 09:38:00-04:00,7786.75,7789.0,7786.0,7787.5,1677
2026-10-05 09:39:00-04:00,7787.25,7788.75,7786.75,7787.25,1128
2026-10-05 09:40:00-04:00,7787.5,7787.75,7785.25,7787.75,2344
2026-10-05 09:41:00-04:00,7787.5,7790.25,7786.5,7790.0,2352
2026-10-05 09:42:00-04:00,7790.0,7790.5,7787.25,7789.25,2722
2026-10-05 09:43:00-04:00,7789.25,7790.0,7786.25,7787.0,1395
2026-10-05 09:44:00-04:00,7787.0,7788.25,7784.25,7788.25,1996
2026-10-05 09:45:00-04:00,7788.0,7792.0,7787.0,7788.0,3695
2026-10-05 09:46:00-04:00,7787.75,7788.0,7784.25,7786.0,3087
2026-10-05 09:47:00-04:00,7785.75,7788.5,7784.75,7787.75,2080
2026-10-05 09:48:00-04:00,7787.75,7790.0,7787.0,7788.0,1697
2026-10-05 09:49:00-04:00,7787.75,7790.0,7786.5,7787.75,1454
2026-10-05 09:50:00-04:00,7788.0,7788.5,7786.5,7788.0,1437
2026-10-05 09:51:00-04:00,7788.5,7790.5,7788.0,7788.75,1393
2026-10-05 09:52:00-04:00,7788.75,7789.5,7787.5,7787.75,1131
2026-10-05 09:53:00-04:00,7787.75,7788.5,7785.0,7785.25,2024
2026-10-05 09:54:00-04:00,7785.75,7788.5,7784.75,7785.5,3128
2026-10-05 09:55:00-04:00,7785.5,7789.0,7785.0,7788.0,1689
2026-10-05 09:56:00-04:00,7788.0,7789.25,7786.5,7787.5,1435
2026-10-05 09:57:00-04:00,7787.75,7788.5,7786.75,7787.75,962
2026-10-05 09:58:00-04:00,7787.5,7788.75,7784.75,7785.0,1205
2026-10-05 09:59:00-04:00,7785.0,7788.75,7784.25,7787.25,1254
2026-10-05 10:00:00-04:00,7787.75,7788.5,7781.0,7782.75,6567
2026-10-05 10:01:00-04:00,7782.5,7789.25,7781.25,7788.25,4369
2026-10-05 10:02:00-04:00,7787.75,7791.75,7786.75,7789.5,4125
2026-10-05 10:03:00-04:00,7789.5,7791.25,7788.0,7791.0,1905
2026-10-05 10:04:00-04:00,7791.25,7794.0,7790.25,7790.5,4691
2026-10-05 10:05:00-04:00,7790.5,7794.5,7790.5,7794.5,2723
2026-10-05 10:06:00-04:00,7794.5,7795.75,7793.25,7794.25,3922
2026-10-05 10:07:00-04:00,7794.0,7795.75,7793.5,7794.75,2129
2026-10-05 10:08:00-04:00,7794.5,7799.0,7792.75,7797.5,7626
2026-10-05 10:09:00-04:00,7797.25,7799.5,7794.75,7799.5,4531
2026-10-05 10:10:00-04:00,7799.25,7800.25,7796.5,7796.75,4413
2026-10-05 10:11:00-04:00,7797.0,7800.5,7796.5,7800.0,2400
2026-10-05 10:12:00-04:00,7800.0,7802.25,7799.25,7800.75,3677
2026-10-05 10:13:00-04:00,7801.0,7802.75,7800.0,7802.75,2007
2026-10-05 10:14:00-04:00,7802.75,7802.75,7799.75,7800.75,2202
2026-10-05 10:15:00-04:00,7800.5,7804.75,7799.25,7804.25,4032
2026-10-05 10:16:00-04:00,7804.25,7807.75,7804.0,7806.75,4402
2026-10-05 10:17:00-04:00,7806.5,7808.25,7805.5,7806.25,2577
2026-10-05 10:18:00-04:00,7806.0,7806.5,7804.25,7805.0,2175
2026-10-05 10:19:00-04:00,7805.25,7806.5,7804.25,7805.5,1132
2026-10-05 10:20:00-04:00,7805.5,7809.25,7805.5,7809.0,2331
2026-10-05 10:21:00-04:00,7809.0,7809.75,7807.0,7807.75,2659
2026-10-05 10:22:00-04:00,7807.5,7810.25,7807.5,7808.5,2461
2026-10-05 10:23:00-04:00,7808.5,7809.75,7806.75,7807.5,1888
2026-10-05 10:24:00-04:00,7807.25,7809.0,7807.0,7808.5,1108
2026-10-05 10:25:00-04:00,7808.25,7810.25,7806.75,7809.5,3246
2026-10-05 10:26:00-04:00,7809.75,7811.25,7808.5,7808.75,3176
2026-10-05 10:27:00-04:00,7809.0,7809.0,7806.75,7806.75,1939
2026-10-05 10:28:00-04:00,7806.75,7808.25,7805.75,7806.0,2376
2026-10-05 10:29:00-04:00,7806.25,7808.25,7806.0,7808.0,1498
2026-10-05 10:30:00-04:00,7808.0,7808.75,7803.5,7804.25,5092
2026-10-05 10:31:00-04:00,7804.25,7804.25,7801.75,7802.75,3238
2026-10-05 10:32:00-04:00,7803.0,7803.0,7800.25,7800.75,2856
2026-10-05 10:33:00-04:00,7800.75,7802.0,7798.25,7798.75,2632
2026-10-05 10:34:00-04:00,7799.0,7800.0,7797.75,7799.25,2558
2026-10-05 10:35:00-04:00,7799.5,7801.5,7799.0,7800.75,2542
2026-10-05 10:36:00-04:00,7800.5,7801.25,7799.0,7800.0,1922
2026-10-05 10:37:00-04:00,7799.75,7804.75,7799.75,7803.0,3106
2026-10-05 10:38:00-04:00,7803.0,7804.5,7802.5,7804.25,1312
2026-10-05 10:39:00-04:00,7804.25,7805.5,7802.25,7805.0,1783
2026-10-05 10:40:00-04:00,7805.25,7805.5,7803.0,7805.5,1599
2026-10-05 10:41:00-04:00,7805.5,7806.25,7804.25,7804.75,1686
2026-10-05 10:42:00-04:00,7805.0,7805.0,7802.25,7803.25,1947
2026-10-05 10:43:00-04:00,7803.25,7804.25,7802.25,7803.0,1265
2026-10-05 10:44:00-04:00,7803.0,7805.0,7803.0,7803.75,993
2026-10-05 10:45:00-04:00,7804.0,7805.25,7803.0,7804.75,1152
2026-10-05 10:46:00-04:00,7804.5,7806.25,7804.25,7804.75,1101
2026-10-05 10:47:00-04:00,7805.0,7805.25,7803.0,7804.75,1346
2026-10-05 10:48:00-04:00,7805.0,7806.25,7803.25,7803.25,1799
2026-10-05 10:49:00-04:00,7803.5,7806.0,7803.25,7805.0,738
2026-10-05 10:50:00-04:00,7805.25,7806.0,7804.75,7805.5,761
2026-10-05 10:51:00-04:00,7805.5,7805.75,7802.25,7803.75,2535
2026-10-05 10:52:00-04:00,7803.75,7804.75,7803.0,7803.75,720
2026-10-05 10:53:00-04:00,7804.0,7805.75,7804.0,7805.5,646
2026-10-05 10:54:00-04:00,7805.5,7805.75,7804.5,7805.0,856
2026-10-05 10:55:00-04:00,7805.25,7805.25,7802.5,7804.0,968
2026-10-05 10:56:00-04:00,7804.0,7805.5,7804.0,7805.0,583
2026-10-05 10:57:00-04:00,7805.0,7809.25,7805.0,7809.0,2912
2026-10-05 10:58:00-04:00,7809.0,7810.25,7808.5,7809.5,2765
2026-10-05 10:59:00-04:00,7809.25,7809.5,7808.5,7809.0,1293
2026-10-05 11:00:00-04:00,7809.25,7810.75,7808.5,7809.25,2362
2026-10-05 11:01:00-04:00,7809.25,7810.0,7808.0,7808.75,1359
2026-10-05 11:02:00-04:00,7808.75,7809.5,7807.25,7807.5,1380
2026-10-05 11:03:00-04:00,7807.75,7809.0,7806.25,7807.0,1773
2026-10-05 11:04:00-04:00,7807.25,7809.0,7807.0,7808.75,1158
2026-10-05 11:05:00-04:00,7809.0,7809.25,7807.0,7807.25,898
2026-10-05 11:06:00-04:00,7807.5,7807.5,7806.25,7806.25,1489
2026-10-05 11:07:00-04:00,7806.5,7807.25,7804.75,7807.0,2263
2026-10-05 11:08:00-04:00,7807.0,7807.75,7805.5,7806.5,1229
2026-10-05 11:09:00-04:00,7806.25,7806.5,7804.5,7805.0,1080
2026-10-05 11:10:00-04:00,7805.25,7807.0,7804.0,7807.0,1752
2026-10-05 11:11:00-04:00,7807.0,7807.0,7805.0,7805.5,987
2026-10-05 11:12:00-04:00,7805.75,7806.75,7804.5,7804.75,841
2026-10-05 11:13:00-04:00,7805.0,7805.5,7804.0,7805.25,962
2026-10-05 11:14:00-04:00,7805.5,7807.5,7804.75,7807.0,1412
2026-10-05 11:15:00-04:00,7807.0,7808.0,7804.25,7805.0,1763
2026-10-05 11:16:00-04:00,7805.0,7806.25,7804.0,7806.0,1336
2026-10-05 11:17:00-04:00,7806.0,7807.25,7805.25,7806.75,808
2026-10-05 11:18:00-04:00,7806.75,7807.0,7805.25,7806.0,570
2026-10-05 11:19:00-04:00,7806.0,7807.5,7805.75,7807.25,607
2026-10-05 11:20:00-04:00,7807.5,7808.5,7806.75,7807.75,1513
2026-10-05 11:21:00-04:00,7807.75,7808.0,7806.0,7806.25,791
2026-10-05 11:22:00-04:00,7806.25,7807.5,7805.0,7806.75,1353
2026-10-05 11:23:00-04:00,7806.75,7809.0,7806.75,7807.75,1159
2026-10-05 11:24:00-04:00,7807.75,7810.5,7807.75,7809.5,1786
2026-10-05 11:25:00-04:00,7809.5,7810.0,7808.25,7809.0,1473
2026-10-05 11:26:00-04:00,7808.75,7809.0,7807.25,7807.25,1152
2026-10-05 11:27:00-04:00,7807.25,7808.0,7806.25,7808.0,1203
2026-10-05 11:28:00-04:00,7807.75,7808.25,7807.0,7807.75,829
2026-10-05 11:29:00-04:00,7807.75,7811.0,7807.5,7809.75,1756
2026-10-05 11:30:00-04:00,7809.75,7814.25,7809.5,7810.75,4022
2026-10-05 11:31:00-04:00,7810.75,7812.25,7810.25,7810.25,1886
2026-10-05 11:32:00-04:00,7810.5,7812.5,7810.25,7812.0,1241
2026-10-05 11:33:00-04:00,7812.25,7812.75,7810.5,7812.5,1371
2026-10-05 11:34:00-04:00,7812.5,7812.75,7810.5,7811.5,1440
2026-10-05 11:35:00-04:00,7811.75,7812.5,7810.25,7811.0,1263
2026-10-05 11:36:00-04:00,7811.0,7812.0,7810.5,7811.5,907
2026-10-05 11:37:00-04:00,7811.5,7812.75,7810.75,7811.5,1251
2026-10-05 11:38:00-04:00,7811.75,7812.25,7811.0,7811.75,614
2026-10-05 11:39:00-04:00,7812.0,7812.25,7811.5,7812.0,433
2026-10-05 11:40:00-04:00,7811.75,7812.25,7810.75,7811.5,774
2026-10-05 11:41:00-04:00,7811.25,7814.5,7811.25,7814.5,2076
2026-10-05 11:42:00-04:00,7814.5,7815.5,7813.5,7814.5,3131
2026-10-05 11:43:00-04:00,7814.75,7816.0,7814.25,7815.5,1334
2026-10-05 11:44:00-04:00,7815.5,7816.25,7814.25,7814.25,1434
2026-10-05 11:45:00-04:00,7814.5,7814.5,7811.75,7812.0,2020
2026-10-05 11:46:00-04:00,7812.0,7813.0,7811.25,7812.0,1230
2026-10-05 11:47:00-04:00,7812.25,7813.0,7811.5,7812.75,757
2026-10-05 11:48:00-04:00,7812.75,7814.0,7812.75,7813.5,878
2026-10-05 11:49:00-04:00,7813.25,7815.0,7813.25,7814.75,699
2026-10-05 11:50:00-04:00,7814.5,7815.0,7813.75,7814.5,791
2026-10-05 11:51:00-04:00,7814.5,7816.25,7813.75,7816.0,957
2026-10-05 11:52:00-04:00,7816.0,7816.0,7814.5,7814.75,868
2026-10-05 11:53:00-04:00,7814.75,7815.25,7814.0,7814.5,566
2026-10-05 11:54:00-04:00,7814.5,7815.5,7814.0,7814.25,777
2026-10-05 11:55:00-04:00,7814.25,7814.5,7813.0,7813.25,1147
2026-10-05 11:56:00-04:00,7813.5,7814.25,7813.0,7814.25,604
2026-10-05 11:57:00-04:00,7814.25,7815.0,7813.75,7814.75,693
2026-10-05 11:58:00-04:00,7814.5,7815.0,7812.75,7814.75,1151
2026-10-05 11:59:00-04:00,7814.5,7815.25,7814.25,7814.5,829
2026-10-05 12:00:00-04:00,7814.5,7814.75,7812.0,7812.5,1446
2026-10-05 12:01:00-04:00,7812.25,7813.75,7812.0,7813.25,1368
2026-10-05 12:02:00-04:00,7813.25,7814.5,7812.5,7812.75,863
2026-10-05 12:03:00-04:00,7812.5,7812.75,7810.5,7810.75,1430
2026-10-05 12:04:00-04:00,7811.0,7811.75,7810.5,7811.0,1106
2026-10-05 12:05:00-04:00,7811.25,7812.0,7810.75,7811.5,748
2026-10-05 12:06:00-04:00,7811.75,7812.0,7810.75,7811.5,555
2026-10-05 12:07:00-04:00,7811.5,7811.75,7810.25,7810.5,703
2026-10-05 12:08:00-04:00,7810.75,7811.5,7810.25,7811.5,697
2026-10-05 12:09:00-04:00,7811.5,7813.0,7811.0,7812.5,1405
2026-10-05 12:10:00-04:00,7812.75,7813.25,7811.5,7811.75,815
2026-10-05 12:11:00-04:00,7812.0,7813.0,7812.0,7812.25,408
2026-10-05 12:12:00-04:00,7812.5,7813.75,7812.25,7813.75,574
2026-10-05 12:13:00-04:00,7813.75,7813.75,7813.0,7813.25,672
2026-10-05 12:14:00-04:00,7813.5,7813.75,7812.75,7813.0,402
2026-10-05 12:15:00-04:00,7812.75,7812.75,7810.25,7811.0,1499
2026-10-05 12:16:00-04:00,7810.75,7812.25,7810.25,7811.75,965
2026-10-05 12:17:00-04:00,7811.75,7812.5,7810.25,7810.75,572
2026-10-05 12:18:00-04:00,7811.0,7811.5,7810.25,7810.5,647
2026-10-05 12:19:00-04:00,7810.5,7811.5,7810.0,7810.5,679
2026-10-05 12:20:00-04:00,7810.25,7811.25,7810.25,7810.25,668
2026-10-05 12:21:00-04:00,7810.5,7811.25,7809.25,7811.0,1277
2026-10-05 12:22:00-04:00,7811.25,7813.25,7810.75,7812.75,1151
2026-10-05 12:23:00-04:00,7813.0,7817.25,7812.5,7816.0,3836
2026-10-05 12:24:00-04:00,7816.0,7817.75,7816.0,7816.25,2068
2026-10-05 12:25:00-04:00,7816.25,7816.5,7815.25,7816.0,1388
2026-10-05 12:26:00-04:00,7815.75,7817.5,7815.5,7817.0,722
2026-10-05 12:27:00-04:00,7817.0,7817.75,7816.0,7816.5,780
2026-10-05 12:28:00-04:00,7816.5,7817.5,7816.5,7817.0,458
2026-10-05 12:29:00-04:00,7817.0,7818.25,7817.0,7817.25,1156
2026-10-05 12:30:00-04:00,7817.5,7818.5,7817.0,7818.25,841
2026-10-05 12:31:00-04:00,7818.25,7818.25,7816.5,7816.5,767
2026-10-05 12:32:00-04:00,7816.5,7817.5,7816.25,7816.5,1279
2026-10-05 12:33:00-04:00,7816.25,7817.75,7816.25,7817.5,433
2026-10-05 12:34:00-04:00,7817.5,7818.75,7817.25,7818.25,891
2026-10-05 12:35:00-04:00,7818.25,7819.75,7818.0,7819.25,1446
2026-10-05 12:36:00-04:00,7819.25,7820.75,7819.0,7820.25,1949
2026-10-05 12:37:00-04:00,7820.5,7821.25,7819.5,7820.25,1297
2026-10-05 12:38:00-04:00,7820.25,7822.0,7820.25,7821.25,1827
2026-10-05 12:39:00-04:00,7821.25,7821.75,7820.75,7821.0,927
2026-10-05 12:40:00-04:00,7821.0,7822.25,7820.75,7821.75,788
2026-10-05 12:41:00-04:00,7821.75,7824.0,7821.75,7823.0,2435
2026-10-05 12:42:00-04:00,7823.0,7824.5,7822.75,7824.25,1100
2026-10-05 12:43:00-04:00,7824.0,7826.25,7824.0,7824.75,3569
2026-10-05 12:44:00-04:00,7824.5,7826.75,7824.5,7826.0,1810
2026-10-05 12:45:00-04:00,7826.0,7826.75,7825.0,7825.0,1721
2026-10-05 12:46:00-04:00,7825.0,7825.5,7824.25,7824.5,1923
2026-10-05 12:47:00-04:00,7824.25,7824.5,7823.5,7823.5,980
2026-10-05 12:48:00-04:00,7823.5,7824.5,7823.0,7824.25,1014
2026-10-05 12:49:00-04:00,7824.5,7825.75,7824.0,7824.5,791
2026-10-05 12:50:00-04:00,7824.75,7825.75,7824.25,7825.75,494
2026-10-05 12:51:00-04:00,7825.75,7826.75,7825.25,7825.5,990
2026-10-05 12:52:00-04:00,7825.5,7827.0,7825.25,7826.0,1048
2026-10-05 12:53:00-04:00,7826.0,7827.0,7825.5,7826.5,838
2026-10-05 12:54:00-04:00,7826.25,7827.0,7825.0,7825.0,665
2026-10-05 12:55:00-04:00,7825.0,7825.25,7823.25,7823.75,1429
2026-10-05 12:56:00-04:00,7823.5,7825.25,7823.5,7823.75,1499
2026-10-05 12:57:00-04:00,7823.75,7824.0,7822.75,7822.75,1058
2026-10-05 12:58:00-04:00,7823.0,7823.75,7822.75,7823.75,392
2026-10-05 12:59:00-04:00,7823.75,7824.0,7822.0,7822.0,1370
2026-10-05 13:00:00-04:00,7822.25,7823.0,7820.75,7822.25,1673
2026-10-05 13:01:00-04:00,7822.0,7823.0,7821.5,7822.0,670
2026-10-05 13:02:00-04:00,7822.0,7822.25,7820.75,7820.75,743
2026-10-05 13:03:00-04:00,7820.75,7821.25,7820.25,7820.5,860
2026-10-05 13:04:00-04:00,7820.5,7821.75,7819.25,7819.25,1274
2026-10-05 13:05:00-04:00,7819.25,7820.5,7819.0,7820.25,879
2026-10-05 13:06:00-04:00,7820.25,7821.5,7820.0,7821.25,792
2026-10-05 13:07:00-04:00,7821.25,7822.0,7821.25,7822.0,909
2026-10-05 13:08:00-04:00,7821.75,7822.0,7821.0,7821.5,589
2026-10-05 13:09:00-04:00,7821.5,7821.75,7820.75,7821.25,512
2026-10-05 13:10:00-04:00,7821.25,7822.5,7821.25,7822.25,967
2026-10-05 13:11:00-04:00,7822.5,7822.75,7821.5,7822.75,710
2026-10-05 13:12:00-04:00,7822.5,7823.25,7822.0,7822.5,1027
2026-10-05 13:13:00-04:00,7822.75,7823.0,7822.25,7822.75,384
2026-10-05 13:14:00-04:00,7822.75,7823.0,7822.25,7823.0,333
2026-10-05 13:15:00-04:00,7823.0,7825.0,7822.75,7824.5,1919
2026-10-05 13:16:00-04:00,7824.5,7824.75,7823.75,7824.5,691
2026-10-05 13:17:00-04:00,7824.25,7824.5,7822.75,7822.75,768
2026-10-05 13:18:00-04:00,7822.75,7823.5,7822.5,7823.0,708
2026-10-05 13:19:00-04:00,7823.0,7824.25,7823.0,7824.25,390
2026-10-05 13:20:00-04:00,7824.25,7825.0,7823.75,7824.75,754
2026-10-05 13:21:00-04:00,7824.5,7825.0,7823.5,7823.5,444
2026-10-05 13:22:00-04:00,7823.5,7825.0,7823.5,7824.0,469
2026-10-05 13:23:00-04:00,7824.0,7824.75,7824.0,7824.5,291
2026-10-05 13:24:00-04:00,7824.75,7825.5,7824.5,7825.25,596
2026-10-05 13:25:00-04:00,7825.25,7826.0,7823.75,7823.75,1686
2026-10-05 13:26:00-04:00,7823.75,7824.5,7823.25,7823.5,498
2026-10-05 13:27:00-04:00,7823.5,7824.25,7823.25,7823.75,543
2026-10-05 13:28:00-04:00,7823.5,7825.0,7823.5,7824.5,539
2026-10-05 13:29:00-04:00,7824.5,7825.25,7824.25,7824.75,545
2026-10-05 13:30:00-04:00,7824.75,7825.0,7823.25,7823.5,652
2026-10-05 13:31:00-04:00,7823.75,7824.75,7823.5,7824.5,573
2026-10-05 13:32:00-04:00,7824.5,7824.75,7823.5,7823.5,509
2026-10-05 13:33:00-04:00,7823.5,7823.75,7822.75,7823.5,713
2026-10-05 13:34:00-04:00,7823.25,7824.25,7823.25,7823.75,689
2026-10-05 13:35:00-04:00,7823.75,7824.0,7823.0,7823.75,501
2026-10-05 13:36:00-04:00,7824.0,7825.0,7823.75,7824.0,547
2026-10-05 13:37:00-04:00,7824.25,7825.25,7824.25,7824.5,390
2026-10-05 13:38:00-04:00,7824.25,7824.75,7823.5,7823.75,510
2026-10-05 13:39:00-04:00,7823.5,7823.75,7822.75,7823.0,598
2026-10-05 13:40:00-04:00,7823.0,7823.5,7822.75,7822.75,439
2026-10-05 13:41:00-04:00,7822.75,7824.25,7822.5,7824.0,737
2026-10-05 13:42:00-04:00,7824.0,7824.75,7824.0,7824.25,510
2026-10-05 13:43:00-04:00,7824.25,7826.5,7824.25,7826.25,1656
2026-10-05 13:44:00-04:00,7826.5,7830.5,7826.25,7830.25,4221
2026-10-05 13:45:00-04:00,7830.25,7831.25,7829.25,7829.25,3059
2026-10-05 13:46:00-04:00,7829.5,7829.5,7828.5,7829.0,1250
2026-10-05 13:47:00-04:00,7828.75,7828.75,7827.75,7828.0,1086
2026-10-05 13:48:00-04:00,7828.25,7828.75,7827.25,7828.5,1002
2026-10-05 13:49:00-04:00,7828.5,7829.0,7828.25,7828.5,702
2026-10-05 13:50:00-04:00,7828.5,7829.5,7828.5,7828.75,639
2026-10-05 13:51:00-04:00,7828.5,7829.5,7828.5,7829.0,401
2026-10-05 13:52:00-04:00,7828.75,7829.0,7827.5,7828.0,630
2026-10-05 13:53:00-04:00,7828.0,7829.0,7827.75,7829.0,581
2026-10-05 13:54:00-04:00,7829.0,7829.0,7827.0,7827.0,672
2026-10-05 13:55:00-04:00,7827.25,7827.25,7826.75,7826.75,721
2026-10-05 13:56:00-04:00,7826.75,7827.5,7826.5,7827.25,617
2026-10-05 13:57:00-04:00,7827.5,7828.5,7827.25,7828.25,403
2026-10-05 13:58:00-04:00,7828.0,7829.0,7828.0,7829.0,528
2026-10-05 13:59:00-04:00,7829.0,7829.5,7828.5,7829.0,634
2026-10-05 14:00:00-04:00,7829.0,7829.75,7828.5,7829.25,774
2026-10-05 14:01:00-04:00,7829.5,7831.0,7829.0,7830.5,1053
2026-10-05 14:02:00-04:00,7830.25,7830.5,7829.0,7829.75,730
2026-10-05 14:03:00-04:00,7830.0,7830.0,7829.0,7829.75,528
2026-10-05 14:04:00-04:00,7829.5,7829.75,7829.0,7829.75,405
2026-10-05 14:05:00-04:00,7829.75,7829.75,7825.5,7827.0,3490
2026-10-05 14:06:00-04:00,7827.25,7827.25,7826.0,7826.75,581
2026-10-05 14:07:00-04:00,7826.75,7827.0,7826.0,7826.0,706
2026-10-05 14:08:00-04:00,7826.0,7827.25,7826.0,7826.5,576
2026-10-05 14:09:00-04:00,7826.5,7828.25,7826.5,7828.25,709
2026-10-05 14:10:00-04:00,7828.0,7828.5,7827.75,7828.25,392
2026-10-05 14:11:00-04:00,7828.25,7828.75,7828.0,7828.25,322
2026-10-05 14:12:00-04:00,7828.25,7828.5,7827.75,7828.25,302
2026-10-05 14:13:00-04:00,7828.25,7828.5,7827.5,7828.25,503
2026-10-05 14:14:00-04:00,7828.25,7829.0,7828.0,7829.0,318
2026-10-05 14:15:00-04:00,7829.0,7829.5,7828.75,7829.5,659
2026-10-05 14:16:00-04:00,7829.5,7830.5,7829.25,7830.0,893
2026-10-05 14:17:00-04:00,7829.75,7830.5,7829.75,7830.5,384
2026-10-05 14:18:00-04:00,7830.25,7830.5,7829.75,7829.75,532
2026-10-05 14:19:00-04:00,7830.0,7830.0,7829.0,7829.0,345
2026-10-05 14:20:00-04:00,7829.0,7829.5,7828.75,7829.25,416
2026-10-05 14:21:00-04:00,7829.5,7831.25,7829.25,7830.75,898
2026-10-05 14:22:00-04:00,7830.75,7831.25,7830.0,7830.0,376
2026-10-05 14:23:00-04:00,7830.0,7830.5,7829.5,7830.5,281
2026-10-05 14:24:00-04:00,7830.25,7831.0,7830.0,7830.75,324
2026-10-05 14:25:00-04:00,7831.0,7831.0,7830.0,7830.25,276
2026-10-05 14:26:00-04:00,7830.0,7832.5,7830.0,7832.0,1481
2026-10-05 14:27:00-04:00,7832.0,7833.5,7831.5,7832.75,2163
2026-10-05 14:28:00-04:00,7832.75,7835.25,7832.5,7833.75,3105
2026-10-05 14:29:00-04:00,7834.0,7834.5,7832.5,7832.75,1571
2026-10-05 14:30:00-04:00,7833.0,7834.25,7832.0,7833.75,2117
2026-10-05 14:31:00-04:00,7833.75,7833.75,7832.0,7832.25,738
2026-10-05 14:32:00-04:00,7832.25,7833.0,7831.25,7832.75,940
2026-10-05 14:33:00-04:00,7832.75,7832.75,7832.0,7832.5,371
2026-10-05 14:34:00-04:00,7832.5,7832.75,7831.75,7832.5,445
2026-10-05 14:35:00-04:00,7832.75,7834.0,7832.5,7834.0,713
2026-10-05 14:36:00-04:00,7834.0,7834.25,7833.25,7833.25,419
2026-10-05 14:37:00-04:00,7833.25,7833.5,7832.5,7832.5,651
2026-10-05 14:38:00-04:00,7832.5,7832.5,7831.75,7832.25,592
2026-10-05 14:39:00-04:00,7832.5,7833.0,7832.0,7832.75,418
2026-10-05 14:40:00-04:00,7832.5,7833.25,7832.25,7833.25,462
2026-10-05 14:41:00-04:00,7833.25,7834.0,7832.75,7833.25,524
2026-10-05 14:42:00-04:00,7833.25,7833.75,7833.0,7833.25,282
2026-10-05 14:43:00-04:00,7833.25,7833.25,7831.5,7831.75,635
2026-10-05 14:44:00-04:00,7831.75,7832.5,7831.5,7832.25,518
2026-10-05 14:45:00-04:00,7832.5,7832.75,7831.5,7832.0,952
2026-10-05 14:46:00-04:00,7832.25,7833.0,7832.0,7832.0,984
2026-10-05 14:47:00-04:00,7832.0,7832.25,7831.25,7831.5,488
2026-10-05 14:48:00-04:00,7831.75,7831.75,7831.0,7831.5,793
2026-10-05 14:49:00-04:00,7831.25,7832.0,7831.25,7832.0,245
2026-10-05 14:50:00-04:00,7832.0,7832.5,7831.25,7832.25,723
2026-10-05 14:51:00-04:00,7832.25,7833.75,7832.0,7833.75,1014
2026-10-05 14:52:00-04:00,7833.5,7834.0,7833.25,7833.75,565
2026-10-05 14:53:00-04:00,7833.5,7834.5,7833.5,7833.75,637
2026-10-05 14:54:00-04:00,7833.5,7833.5,7833.0,7833.25,543
2026-10-05 14:55:00-04:00,7833.0,7833.75,7833.0,7833.25,498
2026-10-05 14:56:00-04:00,7833.5,7834.75,7833.5,7834.75,459
2026-10-05 14:57:00-04:00,7834.75,7836.75,7834.25,7836.25,2588
2026-10-05 14:58:00-04:00,7836.5,7837.5,7836.25,7837.25,2166
2026-10-05 14:59:00-04:00,7837.25,7838.25,7836.75,7837.0,2012
2026-10-05 15:00:00-04:00,7837.0,7838.25,7836.5,7838.0,1458
2026-10-05 15:01:00-04:00,7838.0,7840.0,7837.5,7839.25,2842
2026-10-05 15:02:00-04:00,7839.5,7842.5,7839.25,7841.5,3445
2026-10-05 15:03:00-04:00,7841.5,7842.0,7840.75,7841.25,1687
2026-10-05 15:04:00-04:00,7841.25,7841.75,7840.0,7840.0,1357
2026-10-05 15:05:00-04:00,7840.0,7841.0,7840.0,7840.5,857
2026-10-05 15:06:00-04:00,7840.75,7841.5,7840.0,7840.0,787
2026-10-05 15:07:00-04:00,7840.25,7840.25,7838.75,7839.5,1063
2026-10-05 15:08:00-04:00,7839.25,7839.5,7837.75,7838.5,1181
2026-10-05 15:09:00-04:00,7838.25,7839.25,7838.0,7839.0,567
2026-10-05 15:10:00-04:00,7838.75,7838.75,7837.75,7838.5,857
2026-10-05 15:11:00-04:00,7838.75,7840.0,7838.25,7839.75,702
2026-10-05 15:12:00-04:00,7839.75,7840.0,7839.25,7840.0,538
2026-10-05 15:13:00-04:00,7840.0,7841.5,7839.75,7841.25,1203
2026-10-05 15:14:00-04:00,7841.5,7844.5,7841.25,7843.0,2861
2026-10-05 15:15:00-04:00,7842.75,7843.5,7841.75,7843.25,1472
2026-10-05 15:16:00-04:00,7843.5,7843.75,7842.5,7843.5,929
2026-10-05 15:17:00-04:00,7843.75,7845.25,7843.5,7843.75,1626
2026-10-05 15:18:00-04:00,7843.75,7846.75,7843.75,7846.5,1831
2026-10-05 15:19:00-04:00,7846.5,7847.75,7845.5,7845.5,2267
2026-10-05 15:20:00-04:00,7845.5,7846.0,7845.0,7845.5,1454
2026-10-05 15:21:00-04:00,7845.5,7846.25,7844.25,7844.25,1632
2026-10-05 15:22:00-04:00,7844.25,7844.5,7843.25,7843.5,1557
2026-10-05 15:23:00-04:00,7843.75,7844.0,7842.75,7843.25,855
2026-10-05 15:24:00-04:00,7843.25,7843.75,7842.25,7843.75,1320
2026-10-05 15:25:00-04:00,7843.75,7845.0,7843.75,7844.0,989
2026-10-05 15:26:00-04:00,7844.25,7845.0,7844.0,7844.5,345
2026-10-05 15:27:00-04:00,7844.75,7844.75,7843.0,7843.25,590
2026-10-05 15:28:00-04:00,7843.25,7843.5,7842.5,7843.0,1053
2026-10-05 15:29:00-04:00,7842.75,7842.75,7841.0,7842.0,1484
2026-10-05 15:30:00-04:00,7842.25,7842.25,7840.75,7841.75,1292
2026-10-05 15:31:00-04:00,7841.75,7842.0,7840.75,7841.75,986
2026-10-05 15:32:00-04:00,7841.5,7841.75,7839.25,7839.5,1824
2026-10-05 15:33:00-04:00,7839.5,7840.75,7838.75,7839.5,1337
2026-10-05 15:34:00-04:00,7839.5,7840.25,7838.5,7838.75,852
2026-10-05 15:35:00-04:00,7838.75,7839.5,7838.5,7839.25,1281
2026-10-05 15:36:00-04:00,7839.25,7839.75,7838.5,7839.5,756
2026-10-05 15:37:00-04:00,7839.5,7841.25,7839.5,7840.75,1698
2026-10-05 15:38:00-04:00,7840.75,7842.0,7840.5,7840.75,1728
2026-10-05 15:39:00-04:00,7841.0,7841.0,7838.75,7839.25,1457
2026-10-05 15:40:00-04:00,7839.0,7840.0,7838.25,7838.5,1673
2026-10-05 15:41:00-04:00,7838.5,7838.75,7837.0,7837.0,2094
2026-10-05 15:42:00-04:00,7837.0,7837.25,7835.75,7836.75,1645
2026-10-05 15:43:00-04:00,7837.0,7837.75,7836.5,7837.5,763
2026-10-05 15:44:00-04:00,7837.25,7837.75,7836.25,7836.5,1042
2026-10-05 15:45:00-04:00,7836.5,7836.5,7832.25,7833.25,8241
2026-10-05 15:46:00-04:00,7833.5,7833.75,7831.25,7831.25,2322
2026-10-05 15:47:00-04:00,7831.5,7832.0,7830.0,7831.0,2798
2026-10-05 15:48:00-04:00,7831.0,7832.5,7831.0,7831.5,1693
2026-10-05 15:49:00-04:00,7831.5,7831.5,7830.0,7830.25,1520
2026-10-05 15:50:00-04:00,7830.0,7831.0,7825.75,7827.5,6958
2026-10-05 15:51:00-04:00,7827.25,7828.0,7826.25,7826.75,2201
2026-10-05 15:52:00-04:00,7826.75,7828.5,7825.0,7825.0,3633
2026-10-05 15:53:00-04:00,7825.0,7825.75,7823.0,7825.0,3735
2026-10-05 15:54:00-04:00,7824.75,7824.75,7822.0,7824.25,4274
2026-10-05 15:55:00-04:00,7824.25,7824.75,7821.0,7823.5,4484
2026-10-05 15:56:00-04:00,7823.5,7826.0,7823.25,7824.25,2711
2026-10-05 15:57:00-04:00,7824.0,7826.0,7822.5,7824.75,2653
2026-10-05 15:58:00-04:00,7824.75,7828.5,7823.5,7826.5,7897
2026-10-05 15:59:00-04:00,7826.25,7832.5,7822.25,7831.5,23816
2026-10-05 16:00:00-04:00,7831.25,7832.0,7828.5,7829.0,4799
2026-10-05 16:01:00-04:00,7828.75,7830.75,7828.75,7829.5,1303
2026-10-05 16:02:00-04:00,7829.5,7829.75,7829.0,7829.0,429
2026-10-05 16:03:00-04:00,7829.0,7830.0,7828.5,7829.75,368
2026-10-05 16:04:00-04:00,7829.75,7830.75,7829.0,7830.75,543
2026-10-05 16:05:00-04:00,7830.75,7831.25,7829.75,7830.25,594
2026-10-05 16:06:00-04:00,7830.25,7830.75,7829.75,7830.0,296
2026-10-05 16:07:00-04:00,7829.75,7830.0,7829.5,7829.5,254
2026-10-05 16:08:00-04:00,7829.5,7830.25,7829.25,7829.75,207
2026-10-05 16:09:00-04:00,7830.0,7830.25,7828.75,7829.0,356
2026-10-05 16:10:00-04:00,7829.25,7829.25,7828.5,7829.25,361
2026-10-05 16:11:00-04:00,7829.25,7829.25,7828.75,7829.25,171
2026-10-05 16:12:00-04:00,7829.25,7829.75,7829.0,7829.75,215
2026-10-05 16:13:00-04:00,7829.75,7830.0,7829.0,7829.75,251
2026-10-05 16:14:00-04:00,7829.75,7830.5,7829.5,7829.75,378
2026-10-05 16:15:00-04:00,7829.75,7830.75,7829.25,7830.75,202
2026-10-05 16:16:00-04:00,7830.75,7830.75,7828.75,7829.5,274
2026-10-05 16:17:00-04:00,7829.75,7830.0,7829.5,7830.0,70
2026-10-05 16:18:00-04:00,7830.0,7830.5,7829.5,7830.0,69
2026-10-05 16:19:00-04:00,7830.0,7830.0,7829.0,7829.75,102
2026-10-05 16:20:00-04:00,7829.75,7830.0,7829.25,7829.75,185
2026-10-05 16:21:00-04:00,7829.5,7830.25,7829.5,7830.25,94
2026-10-05 16:22:00-04:00,7830.25,7830.75,7830.0,7830.75,147
2026-10-05 16:23:00-04:00,7830.5,7830.75,7830.25,7830.5,59
2026-10-05 16:24:00-04:00,7830.75,7830.75,7829.75,7830.0,100
2026-10-05 16:25:00-04:00,7829.75,7830.0,7829.5,7829.75,86
2026-10-05 16:26:00-04:00,7829.75,7829.75,7829.25,7829.5,116
2026-10-05 16:27:00-04:00,7829.75,7829.75,7829.0,7829.0,140
2026-10-05 16:28:00-04:00,7829.0,7829.75,7829.0,7829.5,91
2026-10-05 16:29:00-04:00,7829.5,7829.75,7829.25,7829.5,154
2026-10-05 16:30:00-04:00,7829.5,7830.25,7829.25,7829.75,130
2026-10-05 16:31:00-04:00,7829.75,7830.25,7829.75,7830.0,220
2026-10-05 16:32:00-04:00,7830.25,7830.25,7829.75,7830.0,55
2026-10-05 16:33:00-04:00,7830.25,7830.25,7829.5,7829.5,134
2026-10-05 16:34:00-04:00,7829.75,7830.0,7829.5,7829.75,166
2026-10-05 16:35:00-04:00,7829.75,7829.75,7829.0,7829.0,222
2026-10-05 16:36:00-04:00,7829.0,7830.0,7829.0,7829.75,70
2026-10-05 16:37:00-04:00,7829.75,7829.75,7829.0,7829.5,99
2026-10-05 16:38:00-04:00,7829.25,7829.75,7829.0,7829.25,85
2026-10-05 16:39:00-04:00,7829.0,7830.0,7828.75,7830.0,197
2026-10-05 16:40:00-04:00,7830.0,7830.5,7829.5,7830.0,194
2026-10-05 16:41:00-04:00,7829.75,7830.25,7829.5,7829.5,196
2026-10-05 16:42:00-04:00,7829.75,7829.75,7829.25,7829.75,121
2026-10-05 16:43:00-04:00,7829.25,7829.75,7828.75,7828.75,132
2026-10-05 16:44:00-04:00,7828.75,7829.25,7828.75,7829.25,216
2026-10-05 16:45:00-04:00,7829.0,7829.25,7828.5,7829.0,325
2026-10-05 16:46:00-04:00,7828.75,7829.25,7828.75,7829.0,171
2026-10-05 16:47:00-04:00,7829.0,7829.0,7828.25,7828.25,143
2026-10-05 16:48:00-04:00,7828.25,7828.75,7828.25,7828.75,77
2026-10-05 16:49:00-04:00,7828.5,7829.0,7828.25,7829.0,97
2026-10-05 16:50:00-04:00,7829.0,7829.5,7828.75,7829.25,147
2026-10-05 16:51:00-04:00,7829.25,7829.5,7828.5,7829.25,203
2026-10-05 16:52:00-04:00,7829.25,7829.25,7829.0,7829.0,15
2026-10-05 16:53:00-04:00,7829.0,7829.5,7829.0,7829.5,182
2026-10-05 16:54:00-04:00,7829.5,7829.5,7829.25,7829.5,132
2026-10-05 16:55:00-04:00,7829.5,7830.25,7829.25,7830.25,246
2026-10-05 16:56:00-04:00,7830.0,7831.0,7830.0,7830.25,231
2026-10-05 16:57:00-04:00,7830.5,7830.75,7830.25,7830.5,111
2026-10-05 16:58:00-04:00,7830.75,7830.75,7830.0,7830.5,272
2026-10-05 16:59:00-04:00,7830.75,7831.75,7829.75,7830.25,372
2026-10-05 18:00:00-04:00,7830.5,7836.0,7830.5,7836.0,0
2026-10-05 18:01:00-04:00,7835.5,7836.25,7831.5,7832.0,576
2026-10-05 18:02:00-04:00,7831.75,7833.25,7831.25,7833.25,181
2026-10-05 18:03:00-04:00,7832.75,7834.0,7832.5,7833.75,102
2026-10-05 18:04:00-04:00,7833.75,7835.0,7833.5,7835.0,211
2026-10-05 18:05:00-04:00,7834.75,7835.75,7833.0,7833.0,499
2026-10-05 18:06:00-04:00,7833.25,7834.0,7832.5,7832.75,149
2026-10-05 18:07:00-04:00,7833.0,7833.75,7832.5,7832.75,108
2026-10-05 18:08:00-04:00,7832.5,7833.0,7832.0,7832.75,160
2026-10-05 18:09:00-04:00,7832.5,7832.5,7831.25,7832.0,179
2026-10-05 18:10:00-04:00,7832.0,7832.75,7831.5,7832.75,144
2026-10-05 18:11:00-04:00,7832.75,7832.75,7832.0,7832.75,58
2026-10-05 18:12:00-04:00,7832.25,7834.0,7832.25,7833.0,159
2026-10-05 18:13:00-04:00,7833.0,7833.75,7832.75,7833.5,60
2026-10-05 18:14:00-04:00,7833.75,7834.0,7833.5,7834.0,74
2026-10-05 18:15:00-04:00,7833.75,7834.0,7833.5,7833.75,104
2026-10-05 18:16:00-04:00,7833.5,7833.75,7833.0,7833.5,60
2026-10-05 18:17:00-04:00,7833.5,7834.5,7833.5,7834.0,110
2026-10-05 18:18:00-04:00,7834.0,7835.0,7834.0,7835.0,68
2026-10-05 18:19:00-04:00,7835.0,7835.0,7834.25,7835.0,93
2026-10-05 18:20:00-04:00,7834.5,7835.0,7834.0,7834.25,63
2026-10-05 18:21:00-04:00,7834.5,7834.5,7833.5,7833.75,89
2026-10-05 18:22:00-04:00,7833.5,7833.5,7833.0,7833.0,175
2026-10-05 18:23:00-04:00,7833.25,7833.75,7833.0,7833.75,62
2026-10-05 18:24:00-04:00,7834.0,7834.25,7833.75,7834.25,58
2026-10-05 18:25:00-04:00,7834.25,7834.5,7834.0,7834.25,31
2026-10-05 18:26:00-04:00,7834.25,7834.25,7834.0,7834.25,35
2026-10-05 18:27:00-04:00,7834.25,7834.5,7834.0,7834.25,51
2026-10-05 18:28:00-04:00,7834.25,7835.0,7834.25,7834.75,99
2026-10-05 18:29:00-04:00,7834.75,7835.0,7834.25,7834.5,91
2026-10-05 18:30:00-04:00,7834.5,7834.5,7833.0,7833.25,98
2026-10-05 18:31:00-04:00,7833.25,7833.25,7832.25,7832.5,169
2026-10-05 18:32:00-04:00,7832.25,7833.0,7832.25,7832.5,29
2026-10-05 18:33:00-04:00,7832.5,7833.0,7832.25,7832.25,78
2026-10-05 18:34:00-04:00,7832.25,7833.25,7832.25,7833.0,47
2026-10-05 18:35:00-04:00,7832.75,7832.75,7831.5,7831.75,211
2026-10-05 18:36:00-04:00,7831.75,7832.25,7830.5,7830.75,261
2026-10-05 18:37:00-04:00,7831.0,7831.5,7830.25,7831.25,197
2026-10-05 18:38:00-04:00,7831.0,7831.5,7830.5,7831.0,124
2026-10-05 18:39:00-04:00,7831.25,7831.25,7830.75,7831.25,55
2026-10-05 18:40:00-04:00,7831.5,7831.75,7831.25,7831.5,55
2026-10-05 18:41:00-04:00,7831.75,7832.25,7831.25,7832.25,48
2026-10-05 18:42:00-04:00,7831.75,7831.75,7831.25,7831.5,29
2026-10-05 18:43:00-04:00,7831.5,7831.75,7831.25,7831.25,51
2026-10-05 18:44:00-04:00,7831.25,7831.25,7830.5,7830.5,50
2026-10-05 18:45:00-04:00,7830.5,7831.25,7830.25,7830.25,104
2026-10-05 18:46:00-04:00,7830.25,7830.5,7830.0,7830.5,172
2026-10-05 18:47:00-04:00,7830.5,7831.0,7830.25,7830.75,82
2026-10-05 18:48:00-04:00,7830.75,7831.25,7830.5,7831.0,51
2026-10-05 18:49:00-04:00,7831.25,7831.5,7831.0,7831.0,67
2026-10-05 18:50:00-04:00,7831.0,7831.5,7830.75,7831.0,65
2026-10-05 18:51:00-04:00,7831.25,7831.25,7830.75,7831.0,35
2026-10-05 18:52:00-04:00,7830.75,7831.25,7830.75,7831.0,14
2026-10-05 18:53:00-04:00,7831.25,7831.25,7830.5,7831.0,91
2026-10-05 18:54:00-04:00,7831.0,7831.25,7831.0,7831.25,90
2026-10-05 18:55:00-04:00,7831.0,7831.25,7830.75,7830.75,35
2026-10-05 18:56:00-04:00,7831.25,7832.0,7831.0,7831.25,101
2026-10-05 18:57:00-04:00,7831.25,7831.5,7831.0,7831.5,31
2026-10-05 18:58:00-04:00,7831.25,7831.75,7830.75,7831.0,180
2026-10-05 18:59:00-04:00,7831.25,7831.5,7830.75,7831.25,39
2026-10-05 19:00:00-04:00,7831.0,7831.25,7830.0,7830.25,244
2026-10-05 19:01:00-04:00,7830.5,7831.5,7830.25,7831.25,102
2026-10-05 19:02:00-04:00,7831.25,7831.75,7831.25,7831.5,63
2026-10-05 19:03:00-04:00,7831.5,7831.5,7830.5,7830.75,118
2026-10-05 19:04:00-04:00,7831.0,7831.25,7830.5,7831.25,107
2026-10-05 19:05:00-04:00,7831.25,7831.25,7830.75,7831.0,23
2026-10-05 19:06:00-04:00,7831.0,7831.75,7831.0,7831.25,60
2026-10-05 19:07:00-04:00,7831.25,7831.5,7831.0,7831.5,43
2026-10-05 19:08:00-04:00,7831.0,7832.25,7831.0,7832.0,145
2026-10-05 19:09:00-04:00,7832.25,7832.75,7831.75,7832.5,135
2026-10-05 19:10:00-04:00,7832.5,7832.75,7832.25,7832.75,56
2026-10-05 19:11:00-04:00,7832.75,7833.25,7832.25,7832.5,172
2026-10-05 19:12:00-04:00,7832.75,7833.0,7832.5,7833.0,25
2026-10-05 19:13:00-04:00,7833.0,7833.25,7832.75,7833.25,39
2026-10-05 19:14:00-04:00,7833.0,7833.25,7832.75,7832.75,37
2026-10-05 19:15:00-04:00,7833.0,7833.25,7832.75,7833.0,28
2026-10-05 19:16:00-04:00,7833.0,7833.25,7832.5,7833.25,101
2026-10-05 19:17:00-04:00,7833.25,7834.25,7833.0,7834.0,251
2026-10-05 19:18:00-04:00,7834.0,7834.25,7833.5,7834.25,50
2026-10-05 19:19:00-04:00,7834.0,7834.25,7833.5,7833.75,75
2026-10-05 19:20:00-04:00,7834.0,7834.75,7833.75,7833.75,234
2026-10-05 19:21:00-04:00,7833.75,7834.5,7833.75,7834.5,39
2026-10-05 19:22:00-04:00,7834.25,7834.75,7834.0,7834.0,120
2026-10-05 19:23:00-04:00,7834.25,7834.25,7833.75,7834.0,47
2026-10-05 19:24:00-04:00,7834.0,7834.25,7834.0,7834.0,31
2026-10-05 19:25:00-04:00,7834.0,7834.0,7833.0,7833.0,101
2026-10-05 19:26:00-04:00,7833.25,7833.25,7832.5,7833.0,119
2026-10-05 19:27:00-04:00,7833.0,7833.0,7832.25,7832.75,87
2026-10-05 19:28:00-04:00,7832.75,7833.25,7832.75,7833.0,33
2026-10-05 19:29:00-04:00,7833.25,7833.5,7833.0,7833.0,59
2026-10-05 19:30:00-04:00,7833.5,7834.0,7833.25,7833.5,73
2026-10-05 19:31:00-04:00,7833.5,7834.0,7833.5,7834.0,64
2026-10-05 19:32:00-04:00,7834.0,7834.5,7833.75,7834.5,91
2026-10-05 19:33:00-04:00,7834.5,7834.5,7834.0,7834.0,49
2026-10-05 19:34:00-04:00,7834.0,7834.0,7833.25,7833.25,35
2026-10-05 19:35:00-04:00,7833.5,7833.75,7833.25,7833.5,79
2026-10-05 19:36:00-04:00,7833.5,7833.75,7833.25,7833.75,47
2026-10-05 19:37:00-04:00,7833.5,7833.5,7833.25,7833.5,38
2026-10-05 19:38:00-04:00,7833.25,7833.5,7833.0,7833.0,47
2026-10-05 19:39:00-04:00,7833.25,7833.5,7833.0,7833.25,65
2026-10-05 19:40:00-04:00,7833.5,7833.75,7833.25,7833.25,49
2026-10-05 19:41:00-04:00,7833.25,7834.0,7833.25,7834.0,65
2026-10-05 19:42:00-04:00,7833.75,7833.75,7833.25,7833.5,69
2026-10-05 19:43:00-04:00,7833.5,7833.5,7833.25,7833.5,31
2026-10-05 19:44:00-04:00,7833.5,7834.0,7833.5,7834.0,120
2026-10-05 19:45:00-04:00,7833.5,7833.5,7831.75,7832.0,295
2026-10-05 19:46:00-04:00,7832.25,7833.0,7831.75,7833.0,128
2026-10-05 19:47:00-04:00,7833.0,7833.0,7831.75,7832.0,116
2026-10-05 19:48:00-04:00,7831.75,7832.0,7831.25,7831.5,101
2026-10-05 19:49:00-04:00,7831.25,7832.0,7831.25,7831.75,41
2026-10-05 19:50:00-04:00,7831.5,7831.75,7831.25,7831.25,79
2026-10-05 19:51:00-04:00,7831.5,7831.5,7831.0,7831.25,90
2026-10-05 19:52:00-04:00,7831.0,7831.75,7831.0,7831.25,37
2026-10-05 19:53:00-04:00,7831.25,7831.5,7830.75,7831.0,49
2026-10-05 19:54:00-04:00,7831.25,7832.25,7831.0,7831.75,187
2026-10-05 19:55:00-04:00,7832.0,7833.0,7831.75,7832.25,131
2026-10-05 19:56:00-04:00,7832.25,7832.25,7830.5,7830.75,208
2026-10-05 19:57:00-04:00,7830.75,7831.25,7830.5,7830.75,63
2026-10-05 19:58:00-04:00,7830.75,7831.0,7830.5,7831.0,113
2026-10-05 19:59:00-04:00,7831.25,7831.5,7830.5,7830.5,135
2026-10-05 20:00:00-04:00,7830.75,7831.0,7829.5,7830.5,714
2026-10-05 20:01:00-04:00,7830.5,7830.5,7829.0,7829.5,355
2026-10-05 20:02:00-04:00,7829.75,7830.5,7829.0,7830.25,158
2026-10-05 20:03:00-04:00,7830.25,7830.25,7829.75,7830.0,105
2026-10-05 20:04:00-04:00,7830.0,7830.0,7829.25,7829.5,159
2026-10-05 20:05:00-04:00,7829.25,7830.0,7829.0,7829.5,213
2026-10-05 20:06:00-04:00,7829.5,7830.0,7829.5,7829.75,110
2026-10-05 20:07:00-04:00,7830.25,7832.25,7830.0,7832.25,445
2026-10-05 20:08:00-04:00,7832.0,7832.25,7831.0,7831.5,244
2026-10-05 20:09:00-04:00,7831.75,7832.0,7831.25,7831.25,137
2026-10-05 20:10:00-04:00,7831.25,7832.75,7831.25,7832.75,238
2026-10-05 20:11:00-04:00,7832.5,7833.5,7832.25,7833.0,415
2026-10-05 20:12:00-04:00,7833.0,7833.75,7832.75,7833.25,171
2026-10-05 20:13:00-04:00,7833.25,7833.5,7832.0,7832.75,236
2026-10-05 20:14:00-04:00,7833.0,7833.0,7832.0,7832.0,63
2026-10-05 20:15:00-04:00,7832.25,7833.25,7832.0,7833.0,140
2026-10-05 20:16:00-04:00,7832.75,7834.25,7832.75,7834.0,249
2026-10-05 20:17:00-04:00,7833.5,7834.5,7833.5,7834.25,150
2026-10-05 20:18:00-04:00,7834.0,7834.25,7833.0,7833.5,185
2026-10-05 20:19:00-04:00,7833.5,7834.25,7833.5,7834.0,75
2026-10-05 20:20:00-04:00,7833.75,7834.0,7833.0,7833.75,110
2026-10-05 20:21:00-04:00,7834.0,7835.0,7834.0,7834.75,296
2026-10-05 20:22:00-04:00,7834.25,7834.75,7834.0,7834.25,98
2026-10-05 20:23:00-04:00,7834.75,7835.0,7834.25,7834.75,90
2026-10-05 20:24:00-04:00,7834.75,7835.5,7833.75,7833.75,300
2026-10-05 20:25:00-04:00,7834.0,7834.0,7832.0,7832.5,307
2026-10-05 20:26:00-04:00,7832.5,7833.0,7831.25,7832.25,294
2026-10-05 20:27:00-04:00,7832.0,7832.75,7831.5,7832.5,72
2026-10-05 20:28:00-04:00,7832.5,7832.75,7832.25,7832.5,36
2026-10-05 20:29:00-04:00,7832.5,7832.75,7832.25,7832.5,57
2026-10-05 20:30:00-04:00,7832.25,7832.5,7831.25,7832.0,232
2026-10-05 20:31:00-04:00,7832.0,7833.75,7832.0,7833.75,222
2026-10-05 20:32:00-04:00,7833.75,7835.0,7833.75,7835.0,383
2026-10-05 20:33:00-04:00,7834.75,7835.25,7834.5,7834.75,137
2026-10-05 20:34:00-04:00,7834.5,7835.0,7834.25,7834.75,86
2026-10-05 20:35:00-04:00,7835.0,7835.5,7834.75,7835.0,149
2026-10-05 20:36:00-04:00,7835.0,7835.5,7834.75,7834.75,104
2026-10-05 20:37:00-04:00,7835.0,7835.0,7834.5,7834.5,97
2026-10-05 20:38:00-04:00,7834.75,7835.75,7834.5,7835.25,84
2026-10-05 20:39:00-04:00,7834.75,7835.0,7834.25,7834.25,98
2026-10-05 20:40:00-04:00,7834.25,7834.25,7833.75,7834.0,121
2026-10-05 20:41:00-04:00,7834.25,7834.25,7833.5,7833.5,54
2026-10-05 20:42:00-04:00,7833.75,7833.75,7833.0,7833.0,73
2026-10-05 20:43:00-04:00,7833.25,7833.5,7832.75,7833.25,88
2026-10-05 20:44:00-04:00,7833.25,7833.5,7833.0,7833.5,97
2026-10-05 20:45:00-04:00,7833.25,7833.5,7833.0,7833.5,88
2026-10-05 20:46:00-04:00,7833.5,7835.0,7833.5,7835.0,186
2026-10-05 20:47:00-04:00,7835.0,7835.25,7834.75,7834.75,183
2026-10-05 20:48:00-04:00,7834.5,7834.75,7834.0,7834.75,75
2026-10-05 20:49:00-04:00,7834.75,7835.0,7834.5,7834.5,56
2026-10-05 20:50:00-04:00,7834.5,7834.75,7834.25,7834.75,41
2026-10-05 20:51:00-04:00,7834.25,7834.75,7834.25,7834.75,60
2026-10-05 20:52:00-04:00,7834.5,7835.0,7834.5,7834.75,47
2026-10-05 20:53:00-04:00,7834.75,7835.0,7834.5,7834.75,27
2026-10-05 20:54:00-04:00,7834.75,7835.0,7834.25,7834.5,55
2026-10-05 20:55:00-04:00,7834.5,7834.75,7834.25,7834.25,52
2026-10-05 20:56:00-04:00,7834.25,7834.75,7834.25,7834.5,41
2026-10-05 20:57:00-04:00,7834.5,7835.25,7834.5,7835.25,65
2026-10-05 20:58:00-04:00,7835.0,7835.5,7835.0,7835.5,108
2026-10-05 20:59:00-04:00,7835.25,7837.0,7835.25,7837.0,400
2026-10-05 21:00:00-04:00,7836.75,7837.0,7835.75,7836.25,361
2026-10-05 21:01:00-04:00,7836.25,7838.5,7836.0,7838.25,553
2026-10-05 21:02:00-04:00,7838.0,7838.25,7836.5,7837.25,272
2026-10-05 21:03:00-04:00,7837.0,7837.5,7836.0,7836.25,205
2026-10-05 21:04:00-04:00,7836.0,7837.0,7836.0,7836.5,104
2026-10-05 21:05:00-04:00,7836.5,7836.75,7836.0,7836.5,135
2026-10-05 21:06:00-04:00,7836.75,7837.5,7836.5,7837.25,200
2026-10-05 21:07:00-04:00,7837.25,7837.5,7836.75,7837.25,158
2026-10-05 21:08:00-04:00,7837.25,7838.0,7837.0,7837.5,231
2026-10-05 21:09:00-04:00,7837.5,7838.0,7837.5,7837.75,165
2026-10-05 21:10:00-04:00,7837.5,7838.5,7837.5,7838.25,211
2026-10-05 21:11:00-04:00,7838.25,7838.25,7837.0,7837.5,159
2026-10-05 21:12:00-04:00,7837.25,7837.5,7837.0,7837.0,93
2026-10-05 21:13:00-04:00,7836.75,7837.0,7836.25,7836.25,152
2026-10-05 21:14:00-04:00,7836.25,7837.0,7836.25,7836.75,108
2026-10-05 21:15:00-04:00,7836.5,7836.75,7834.25,7834.75,643
2026-10-05 21:16:00-04:00,7834.75,7835.5,7834.0,7834.25,215
2026-10-05 21:17:00-04:00,7834.25,7834.5,7833.5,7834.25,281
2026-10-05 21:18:00-04:00,7834.25,7834.25,7833.0,7833.5,283
2026-10-05 21:19:00-04:00,7833.5,7833.75,7832.0,7832.5,412
2026-10-05 21:20:00-04:00,7832.5,7833.25,7832.25,7833.0,217
2026-10-05 21:21:00-04:00,7833.0,7834.25,7833.0,7833.5,267
2026-10-05 21:22:00-04:00,7833.5,7834.0,7833.0,7833.5,134
2026-10-05 21:23:00-04:00,7833.5,7834.0,7833.25,7833.75,86
2026-10-05 21:24:00-04:00,7833.75,7834.25,7833.5,7834.0,102
2026-10-05 21:25:00-04:00,7834.0,7834.25,7833.25,7833.75,105
2026-10-05 21:26:00-04:00,7833.5,7833.75,7833.25,7833.5,39
2026-10-05 21:27:00-04:00,7833.25,7834.25,7833.25,7834.0,54
2026-10-05 21:28:00-04:00,7834.25,7834.75,7834.0,7834.5,146
2026-10-05 21:29:00-04:00,7834.5,7835.0,7834.0,7834.75,71
2026-10-05 21:30:00-04:00,7834.75,7835.25,7834.25,7834.5,229
2026-10-05 21:31:00-04:00,7834.5,7835.25,7834.25,7834.75,82
2026-10-05 21:32:00-04:00,7834.75,7835.0,7834.5,7835.0,50
2026-10-05 21:33:00-04:00,7835.0,7835.0,7834.0,7834.75,85
2026-10-05 21:34:00-04:00,7834.25,7834.5,7833.0,7833.25,174
2026-10-05 21:35:00-04:00,7833.5,7833.5,7832.25,7832.75,244
2026-10-05 21:36:00-04:00,7833.0,7833.5,7832.75,7833.0,116
2026-10-05 21:37:00-04:00,7833.0,7833.5,7833.0,7833.5,63
2026-10-05 21:38:00-04:00,7833.5,7833.5,7832.5,7832.5,76
2026-10-05 21:39:00-04:00,7832.5,7832.75,7832.25,7832.75,82
2026-10-05 21:40:00-04:00,7832.75,7832.75,7831.5,7831.5,246
2026-10-05 21:41:00-04:00,7831.5,7832.5,7831.25,7832.5,243
2026-10-05 21:42:00-04:00,7832.5,7833.5,7832.5,7833.5,113
2026-10-05 21:43:00-04:00,7833.25,7833.75,7832.75,7832.75,113
2026-10-05 21:44:00-04:00,7833.0,7833.5,7832.5,7832.5,54
2026-10-05 21:45:00-04:00,7832.25,7832.75,7832.0,7832.5,122
2026-10-05 21:46:00-04:00,7832.5,7832.5,7831.75,7832.25,109
2026-10-05 21:47:00-04:00,7832.25,7833.0,7832.0,7832.75,61
2026-10-05 21:48:00-04:00,7832.75,7833.25,7832.5,7832.75,53
2026-10-05 21:49:00-04:00,7832.75,7832.75,7832.25,7832.25,92
2026-10-05 21:50:00-04:00,7832.5,7833.5,7832.25,7833.0,180
2026-10-05 21:51:00-04:00,7833.0,7834.0,7833.0,7834.0,117
2026-10-05 21:52:00-04:00,7833.75,7833.75,7833.0,7833.0,68
2026-10-05 21:53:00-04:00,7833.0,7833.25,7832.75,7833.0,60
2026-10-05 21:54:00-04:00,7833.0,7833.0,7832.75,7832.75,52
2026-10-05 21:55:00-04:00,7832.75,7832.75,7832.0,7832.5,80
2026-10-05 21:56:00-04:00,7832.25,7833.0,7832.0,7833.0,46
2026-10-05 21:57:00-04:00,7833.0,7833.25,7832.75,7833.0,36
2026-10-05 21:58:00-04:00,7832.75,7833.25,7832.75,7833.0,37
2026-10-05 21:59:00-04:00,7833.0,7833.0,7832.5,7833.0,24
2026-10-05 22:00:00-04:00,7832.75,7833.25,7832.5,7832.5,135
2026-10-05 22:01:00-04:00,7832.5,7832.75,7831.75,7832.0,100
2026-10-05 22:02:00-04:00,7831.75,7832.0,7831.5,7831.75,94
2026-10-05 22:03:00-04:00,7831.75,7832.25,7831.75,7832.0,78
2026-10-05 22:04:00-04:00,7831.75,7832.0,7831.25,7831.5,72
2026-10-05 22:05:00-04:00,7831.25,7831.5,7830.75,7831.0,259
2026-10-05 22:06:00-04:00,7831.25,7831.5,7831.0,7831.25,97
2026-10-05 22:07:00-04:00,7831.25,7831.75,7831.0,7831.75,161
2026-10-05 22:08:00-04:00,7831.5,7831.75,7830.75,7831.25,126
2026-10-05 22:09:00-04:00,7831.5,7832.0,7831.0,7831.75,94
2026-10-05 22:10:00-04:00,7831.5,7831.75,7831.25,7831.25,91
2026-10-05 22:11:00-04:00,7831.5,7831.75,7831.25,7831.25,57
2026-10-05 22:12:00-04:00,7831.5,7831.75,7831.0,7831.25,81
2026-10-05 22:13:00-04:00,7831.25,7831.25,7830.5,7830.75,94
2026-10-05 22:14:00-04:00,7831.0,7831.75,7830.75,7831.5,95
2026-10-05 22:15:00-04:00,7831.75,7832.5,7831.75,7832.5,275
2026-10-05 22:16:00-04:00,7832.5,7832.75,7832.25,7832.5,57
2026-10-05 22:17:00-04:00,7832.5,7832.5,7832.0,7832.25,40
2026-10-05 22:18:00-04:00,7832.25,7832.75,7832.25,7832.75,82
2026-10-05 22:19:00-04:00,7832.25,7832.5,7832.25,7832.25,88
2026-10-05 22:20:00-04:00,7832.5,7832.75,7832.5,7832.75,44
2026-10-05 22:21:00-04:00,7832.75,7832.75,7832.25,7832.5,51
2026-10-05 22:22:00-04:00,7832.25,7833.25,7832.25,7833.0,79
2026-10-05 22:23:00-04:00,7833.25,7833.75,7832.75,7833.25,199
2026-10-05 22:24:00-04:00,7833.0,7833.25,7832.75,7833.0,62
2026-10-05 22:25:00-04:00,7832.75,7833.0,7832.75,7832.75,49
2026-10-05 22:26:00-04:00,7833.0,7833.0,7832.25,7832.25,75
2026-10-05 22:27:00-04:00,7832.25,7832.75,7832.25,7832.25,60
2026-10-05 22:28:00-04:00,7832.5,7832.5,7832.25,7832.5,25
2026-10-05 22:29:00-04:00,7832.5,7832.75,7832.25,7832.75,114
2026-10-05 22:30:00-04:00,7832.5,7832.75,7832.0,7832.5,156
2026-10-05 22:31:00-04:00,7832.5,7833.0,7832.25,7832.75,97
2026-10-05 22:32:00-04:00,7832.5,7832.75,7832.0,7832.25,60
2026-10-05 22:33:00-04:00,7832.25,7832.25,7831.5,7831.75,112
2026-10-05 22:34:00-04:00,7831.5,7832.0,7831.0,7831.25,110
2026-10-05 22:35:00-04:00,7831.0,7831.25,7829.75,7831.25,515
2026-10-05 22:36:00-04:00,7831.25,7831.5,7830.75,7831.5,150
2026-10-05 22:37:00-04:00,7831.75,7832.5,7831.5,7832.25,147
2026-10-05 22:38:00-04:00,7832.25,7833.0,7832.0,7832.75,136
2026-10-05 22:39:00-04:00,7832.75,7833.25,7832.75,7833.0,198
2026-10-05 22:40:00-04:00,7833.0,7833.25,7832.5,7832.75,100
2026-10-05 22:41:00-04:00,7832.5,7832.75,7831.75,7832.0,77
2026-10-05 22:42:00-04:00,7832.25,7832.75,7832.0,7832.75,46
2026-10-05 22:43:00-04:00,7832.75,7832.75,7832.25,7832.5,60
2026-10-05 22:44:00-04:00,7832.5,7832.75,7832.5,7832.75,39
2026-10-05 22:45:00-04:00,7832.5,7832.5,7831.5,7831.75,54
2026-10-05 22:46:00-04:00,7831.5,7831.75,7831.0,7831.5,63
2026-10-05 22:47:00-04:00,7831.5,7831.75,7831.5,7831.75,18
2026-10-05 22:48:00-04:00,7831.75,7831.75,7831.5,7831.75,28
2026-10-05 22:49:00-04:00,7831.75,7833.0,7831.75,7832.5,78
2026-10-05 22:50:00-04:00,7832.75,7832.75,7831.75,7832.25,77
2026-10-05 22:51:00-04:00,7832.0,7832.75,7832.0,7832.75,22
2026-10-05 22:52:00-04:00,7832.5,7832.75,7832.5,7832.75,19
2026-10-05 22:53:00-04:00,7832.5,7832.75,7832.0,7832.25,44
2026-10-05 22:54:00-04:00,7832.0,7832.25,7831.75,7832.0,44
2026-10-05 22:55:00-04:00,7831.75,7832.0,7831.5,7831.75,41
2026-10-05 22:56:00-04:00,7831.75,7832.0,7831.25,7831.5,68
2026-10-05 22:57:00-04:00,7831.75,7832.5,7831.5,7832.25,47
2026-10-05 22:58:00-04:00,7832.25,7832.75,7832.25,7832.5,37
2026-10-05 22:59:00-04:00,7832.25,7832.75,7832.0,7832.75,60
2026-10-05 23:00:00-04:00,7832.75,7834.0,7832.75,7833.25,346
2026-10-05 23:01:00-04:00,7833.25,7834.25,7832.75,7833.25,141
2026-10-05 23:02:00-04:00,7833.25,7834.25,7833.25,7834.25,69
2026-10-05 23:03:00-04:00,7834.5,7834.75,7834.0,7834.5,116
2026-10-05 23:04:00-04:00,7834.75,7835.0,7834.25,7834.5,106
2026-10-05 23:05:00-04:00,7834.5,7834.75,7834.0,7834.25,97
2026-10-05 23:06:00-04:00,7834.0,7834.25,7833.75,7833.75,60
2026-10-05 23:07:00-04:00,7834.0,7834.25,7833.75,7834.0,26
2026-10-05 23:08:00-04:00,7834.0,7834.25,7833.75,7833.75,21
2026-10-05 23:09:00-04:00,7833.5,7834.25,7833.5,7834.0,148
2026-10-05 23:10:00-04:00,7834.0,7834.25,7833.75,7834.0,73
2026-10-05 23:11:00-04:00,7834.25,7835.0,7834.0,7834.75,92
2026-10-05 23:12:00-04:00,7834.75,7835.25,7834.75,7835.0,234
2026-10-05 23:13:00-04:00,7835.0,7835.0,7834.0,7834.0,60
2026-10-05 23:14:00-04:00,7834.25,7834.5,7833.75,7833.75,78
2026-10-05 23:15:00-04:00,7833.75,7834.5,7833.75,7834.5,102
2026-10-05 23:16:00-04:00,7834.5,7835.25,7834.5,7835.0,45
2026-10-05 23:17:00-04:00,7835.0,7835.25,7834.25,7834.25,85
2026-10-05 23:18:00-04:00,7834.25,7834.5,7834.0,7834.5,79
2026-10-05 23:19:00-04:00,7834.25,7834.75,7834.25,7834.5,28
2026-10-05 23:20:00-04:00,7834.5,7834.5,7834.0,7834.0,19
2026-10-05 23:21:00-04:00,7834.0,7834.5,7834.0,7834.25,21
2026-10-05 23:22:00-04:00,7834.5,7835.5,7834.5,7835.5,112
2026-10-05 23:23:00-04:00,7835.25,7836.5,7835.25,7835.75,291
2026-10-05 23:24:00-04:00,7835.75,7835.75,7835.0,7835.0,86
2026-10-05 23:25:00-04:00,7835.25,7835.5,7835.0,7835.25,51
2026-10-05 23:26:00-04:00,7835.5,7835.5,7834.75,7835.0,86
2026-10-05 23:27:00-04:00,7835.0,7835.25,7834.75,7834.75,41
2026-10-05 23:28:00-04:00,7835.0,7835.25,7835.0,7835.25,20
2026-10-05 23:29:00-04:00,7835.0,7835.25,7834.75,7834.75,84
2026-10-05 23:30:00-04:00,7834.75,7835.0,7833.75,7834.0,193
2026-10-05 23:31:00-04:00,7834.25,7834.25,7833.5,7833.75,80
2026-10-05 23:32:00-04:00,7833.75,7834.25,7833.5,7834.25,46
2026-10-05 23:33:00-04:00,7834.25,7834.5,7834.25,7834.5,63
2026-10-05 23:34:00-04:00,7834.5,7834.5,7833.5,7833.5,43
2026-10-05 23:35:00-04:00,7833.75,7834.0,7833.5,7833.75,39
2026-10-05 23:36:00-04:00,7833.75,7834.0,7833.0,7833.25,54
2026-10-05 23:37:00-04:00,7833.25,7834.75,7833.0,7834.5,126
2026-10-05 23:38:00-04:00,7834.5,7834.75,7834.25,7834.25,33
2026-10-05 23:39:00-04:00,7834.5,7834.5,7834.0,7834.0,59
2026-10-05 23:40:00-04:00,7834.0,7834.0,7833.0,7833.5,50
2026-10-05 23:41:00-04:00,7833.5,7833.75,7833.5,7833.75,36
2026-10-05 23:42:00-04:00,7834.0,7834.0,7834.0,7834.0,8
2026-10-05 23:43:00-04:00,7834.0,7834.5,7834.0,7834.25,41
2026-10-05 23:44:00-04:00,7834.25,7835.0,7834.25,7834.25,100
2026-10-05 23:45:00-04:00,7834.0,7834.5,7834.0,7834.0,38
2026-10-05 23:46:00-04:00,7834.0,7834.0,7834.0,7834.0,28
2026-10-05 23:47:00-04:00,7834.0,7834.0,7833.75,7834.0,11
2026-10-05 23:48:00-04:00,7834.0,7834.25,7834.0,7834.25,42
2026-10-05 23:49:00-04:00,7834.25,7834.5,7834.25,7834.5,14
2026-10-05 23:50:00-04:00,7834.25,7834.5,7833.75,7833.75,23
2026-10-05 23:51:00-04:00,7834.0,7834.75,7834.0,7834.5,43
2026-10-05 23:52:00-04:00,7834.25,7834.25,7833.75,7834.0,59
2026-10-05 23:53:00-04:00,7834.0,7834.0,7834.0,7834.0,48
2026-10-05 23:54:00-04:00,7833.75,7834.25,7832.75,7832.75,122
2026-10-05 23:55:00-04:00,7833.0,7833.25,7833.0,7833.25,34
2026-10-05 23:56:00-04:00,7833.5,7833.5,7833.25,7833.5,35
2026-10-05 23:57:00-04:00,7833.25,7834.0,7833.25,7833.5,58
2026-10-05 23:58:00-04:00,7833.5,7833.75,7833.5,7833.75,17
