,Open,High,Low,Close,Volume
2026-09-20 18:10:00-04:00,29945.75,29950.0,29945.0,29948.5,0
2026-09-20 18:11:00-04:00,29948.5,29952.5,29946.5,29952.5,807
2026-09-20 18:12:00-04:00,29952.25,29969.25,29951.25,29968.0,2063
2026-09-20 18:13:00-04:00,29967.0,29978.0,29965.0,29977.5,1617
2026-09-20 18:14:00-04:00,29977.5,30005.25,29975.5,29997.25,2871
2026-09-20 18:15:00-04:00,29997.25,29997.25,29979.0,29992.5,2362
2026-09-20 18:16:00-04:00,29992.75,30008.0,29991.0,30001.25,2221
2026-09-20 18:17:00-04:00,30000.5,30003.0,29987.75,29987.75,1357
2026-09-20 18:18:00-04:00,29988.0,29990.75,29983.75,29990.25,967
2026-09-20 18:19:00-04:00,29989.75,29990.75,29985.75,29987.25,491
2026-09-20 18:20:00-04:00,29988.0,29989.5,29981.25,29982.0,723
2026-09-20 18:21:00-04:00,29982.0,29985.5,29981.25,29982.25,584
2026-09-20 18:22:00-04:00,29982.75,29989.0,29982.5,29989.0,562
2026-09-20 18:23:00-04:00,29989.25,29996.0,29984.0,29984.0,978
2026-09-20 18:24:00-04:00,29984.25,29986.25,29979.25,29981.5,756
2026-09-20 18:25:00-04:00,29981.0,29993.5,29981.0,29991.25,1074
2026-09-20 18:26:00-04:00,29990.75,29993.25,29987.25,29988.0,472
2026-09-20 18:27:00-04:00,29988.0,29989.25,29985.0,29985.25,228
2026-09-20 18:28:00-04:00,29985.25,29987.5,29981.25,29986.5,468
2026-09-20 18:29:00-04:00,29987.0,29991.25,29983.0,29989.5,460
2026-09-20 18:30:00-04:00,29989.25,29994.5,29987.25,29991.75,667
2026-09-20 18:31:00-04:00,29992.0,30002.5,29991.75,29995.25,1289
2026-09-20 18:32:00-04:00,29994.75,29998.75,29991.75,29996.5,617
2026-09-20 18:33:00-04:00,29997.0,29997.75,29994.0,29995.0,351
2026-09-20 18:34:00-04:00,29995.25,30000.75,29994.25,30000.5,803
2026-09-20 18:35:00-04:00,30001.0,30019.75,29999.75,30017.75,2800
2026-09-20 18:36:00-04:00,30017.0,30026.25,30014.5,30023.0,2081
2026-09-20 18:37:00-04:00,30022.5,30024.75,30013.0,30013.0,1005
2026-09-20 18:38:00-04:00,30013.25,30017.5,30011.5,30013.75,732
2026-09-20 18:39:00-04:00,30013.75,30016.0,30004.5,30007.25,947
2026-09-20 18:40:00-04:00,30006.5,30013.25,30006.25,30012.0,705
2026-09-20 18:41:00-04:00,30012.5,30022.0,30012.5,30020.0,1109
2026-09-20 18:42:00-04:00,30020.5,30023.25,30018.25,30018.5,739
2026-09-20 18:43:00-04:00,30018.5,30019.0,30011.5,30014.25,793
2026-09-20 18:44:00-04:00,30014.25,30014.75,30006.0,30007.5,580
2026-09-20 18:45:00-04:00,30008.0,30011.25,30005.5,30009.75,683
2026-09-20 18:46:00-04:00,30009.25,30010.75,30008.75,30010.75,279
2026-09-20 18:47:00-04:00,30010.5,30015.75,30010.5,30014.25,564
2026-09-20 18:48:00-04:00,30015.25,30015.75,30004.0,30006.0,750
2026-09-20 18:49:00-04:00,30006.0,30010.25,29996.0,30006.75,2111
2026-09-20 18:50:00-04:00,30006.25,30008.0,30003.0,30006.25,476
2026-09-20 18:51:00-04:00,30006.0,30008.25,30004.0,30007.5,375
2026-09-20 18:52:00-04:00,30007.5,30010.0,30003.25,30003.75,360
2026-09-20 18:53:00-04:00,30004.0,30005.0,30001.25,30002.5,451
2026-09-20 18:54:00-04:00,30002.5,30006.5,30002.5,30005.75,361
2026-09-20 18:55:00-04:00,30006.5,30012.0,30006.5,30011.25,552
2026-09-20 18:56:00-04:00,30011.5,30028.25,30010.5,30021.25,1908
2026-09-20 18:57:00-04:00,30022.0,30025.75,30017.25,30024.5,842
2026-09-20 18:58:00-04:00,30024.5,30032.75,30024.0,30028.5,1289
2026-09-20 18:59:00-04:00,30029.5,30033.75,30025.0,30025.75,976
2026-09-20 19:00:00-04:00,30025.0,30030.0,30022.25,30025.75,762
2026-09-20 19:01:00-04:00,30026.25,30028.25,30019.5,30020.5,633
2026-09-20 19:02:00-04:00,30020.5,30023.75,30015.25,30022.25,1211
2026-09-20 19:03:00-04:00,30022.25,30023.0,30017.75,30018.5,429
2026-09-20 19:04:00-04:00,30018.5,30018.75,30014.0,30016.5,532
2026-09-20 19:05:00-04:00,30016.75,30023.5,30016.5,30020.75,569
2026-09-20 19:06:00-04:00,30020.75,30020.75,30016.75,30017.75,303
2026-09-20 19:07:00-04:00,30018.0,30019.5,30015.25,30018.0,284
2026-09-20 19:08:00-04:00,30018.75,30019.0,30014.5,30016.75,272
2026-09-20 19:09:00-04:00,30016.75,30019.5,30016.75,30019.25,191
2026-09-20 19:10:00-04:00,30018.5,30020.5,30015.0,30017.25,468
2026-09-20 19:11:00-04:00,30017.75,30018.0,30016.25,30017.25,159
2026-09-20 19:12:00-04:00,30017.0,30022.5,30017.0,30021.75,277
2026-09-20 19:13:00-04:00,30021.75,30023.5,30019.0,30020.0,445
2026-09-20 19:14:00-04:00,30020.0,30020.25,30018.25,30019.75,140
2026-09-20 19:15:00-04:00,30019.75,30020.5,30012.0,30014.25,737
2026-09-20 19:16:00-04:00,30014.5,30018.75,30014.25,30016.5,505
2026-09-20 19:17:00-04:00,30016.5,30018.5,30014.75,30018.0,187
2026-09-20 19:18:00-04:00,30017.75,30021.0,30014.5,30018.0,607
2026-09-20 19:19:00-04:00,30018.0,30018.5,30014.0,30017.75,298
2026-09-20 19:20:00-04:00,30017.75,30018.0,30015.75,30016.75,206
2026-09-20 19:21:00-04:00,30016.0,30016.75,30010.5,30015.75,613
2026-09-20 19:22:00-04:00,30015.75,30017.0,30015.25,30016.0,202
2026-09-20 19:23:00-04:00,30016.25,30018.75,30012.5,30013.75,372
2026-09-20 19:24:00-04:00,30014.25,30018.25,30014.25,30018.0,209
2026-09-20 19:25:00-04:00,30018.75,30019.75,30017.0,30018.75,295
2026-09-20 19:26:00-04:00,30019.0,30028.0,30017.25,30021.25,957
2026-09-20 19:27:00-04:00,30020.5,30027.0,30019.5,30026.25,891
2026-09-20 19:28:00-04:00,30026.5,30030.0,30025.75,30028.25,731
2026-09-20 19:29:00-04:00,30028.0,30029.75,30025.25,30027.0,666
2026-09-20 19:30:00-04:00,30027.0,30032.5,30023.0,30029.25,1150
2026-09-20 19:31:00-04:00,30029.5,30030.75,30027.5,30028.75,297
2026-09-20 19:32:00-04:00,30028.0,30029.25,30023.0,30025.25,389
2026-09-20 19:33:00-04:00,30025.5,30027.0,30024.75,30026.5,216
2026-09-20 19:34:00-04:00,30027.0,30028.25,30024.75,30027.25,265
2026-09-20 19:35:00-04:00,30027.25,30027.75,30026.0,30027.0,110
2026-09-20 19:36:00-04:00,30027.5,30030.0,30026.0,30030.0,182
2026-09-20 19:37:00-04:00,30030.5,30037.5,30030.5,30034.75,1318
2026-09-20 19:38:00-04:00,30034.5,30034.75,30030.75,30032.5,367
2026-09-20 19:39:00-04:00,30032.5,30039.5,30031.25,30032.75,1012
2026-09-20 19:40:00-04:00,30032.75,30033.75,30028.75,30030.75,468
2026-09-20 19:41:00-04:00,30031.25,30034.25,30030.5,30032.25,207
2026-09-20 19:42:00-04:00,30033.25,30040.25,30032.0,30037.75,596
2026-09-20 19:43:00-04:00,30037.5,30038.0,30035.0,30036.5,280
2026-09-20 19:44:00-04:00,30036.75,30039.25,30033.75,30036.0,412
2026-09-20 19:45:00-04:00,30036.25,30036.25,30029.25,30033.0,651
2026-09-20 19:46:00-04:00,30032.5,30034.25,30027.75,30027.75,628
2026-09-20 19:47:00-04:00,30027.75,30032.5,30026.0,30028.75,648
2026-09-20 19:48:00-04:00,30028.0,30034.0,30027.0,30032.75,543
2026-09-20 19:49:00-04:00,30033.25,30040.0,30028.0,30030.5,1036
2026-09-20 19:50:00-04:00,30030.0,30031.75,30024.75,30028.5,709
2026-09-20 19:51:00-04:00,30028.0,30031.0,30025.25,30028.5,441
2026-09-20 19:52:00-04:00,30028.5,30029.75,30026.5,30026.5,276
2026-09-20 19:53:00-04:00,30026.5,30029.75,30026.5,30028.5,267
2026-09-20 19:54:00-04:00,30029.0,30030.0,30019.0,30024.5,957
2026-09-20 19:55:00-04:00,30024.5,30031.0,30023.75,30029.75,513
2026-09-20 19:56:00-04:00,30029.75,30036.5,30029.75,30030.75,700
2026-09-20 19:57:00-04:00,30030.5,30030.75,30025.5,30028.5,518
2026-09-20 19:58:00-04:00,30029.0,30030.75,30026.25,30026.75,242
2026-09-20 19:59:00-04:00,30027.75,30030.75,30027.75,30029.25,317
2026-09-20 20:00:00-04:00,30029.5,30037.25,30025.75,30032.25,1753
2026-09-20 20:01:00-04:00,30032.5,30038.0,30027.75,30036.5,1064
2026-09-20 20:02:00-04:00,30036.5,30055.0,30032.0,30052.5,3601
2026-09-20 20:03:00-04:00,30053.0,30053.25,30046.25,30051.25,1449
2026-09-20 20:04:00-04:00,30050.5,30051.75,30046.25,30048.5,663
2026-09-20 20:05:00-04:00,30049.0,30065.5,30049.0,30057.75,2964
2026-09-20 20:06:00-04:00,30056.75,30059.0,30047.75,30051.5,1187
2026-09-20 20:07:00-04:00,30051.5,30051.5,30040.0,30045.5,1783
2026-09-20 20:08:00-04:00,30047.0,30050.0,30043.25,30049.25,697
2026-09-20 20:09:00-04:00,30049.5,30050.0,30043.5,30046.75,624
2026-09-20 20:10:00-04:00,30047.25,30047.75,30041.0,30041.0,541
2026-09-20 20:11:00-04:00,30041.25,30042.5,30035.0,30040.25,1129
2026-09-20 20:12:00-04:00,30040.25,30046.5,30036.5,30045.0,924
2026-09-20 20:13:00-04:00,30045.0,30046.0,30038.0,30040.5,717
2026-09-20 20:14:00-04:00,30039.75,30045.0,30038.5,30041.5,426
2026-09-20 20:15:00-04:00,30041.25,30045.5,30035.25,30040.75,1152
2026-09-20 20:16:00-04:00,30041.0,30045.0,30036.0,30038.75,839
2026-09-20 20:17:00-04:00,30038.0,30038.0,30023.5,30024.75,1824
2026-09-20 20:18:00-04:00,30024.0,30025.25,30016.75,30020.0,2209
2026-09-20 20:19:00-04:00,30020.5,30027.5,30020.5,30024.75,812
2026-09-20 20:20:00-04:00,30024.5,30027.0,30021.75,30026.75,681
2026-09-20 20:21:00-04:00,30026.0,30042.25,30024.75,30037.5,1937
2026-09-20 20:22:00-04:00,30037.75,30060.0,30037.5,30059.25,2328
2026-09-20 20:23:00-04:00,30058.75,30070.0,30057.75,30062.5,2699
2026-09-20 20:24:00-04:00,30061.75,30069.75,30060.0,30065.5,1301
2026-09-20 20:25:00-04:00,30065.75,30067.75,30061.0,30064.0,1204
2026-09-20 20:26:00-04:00,30064.75,30066.75,30061.25,30064.5,569
2026-09-20 20:27:00-04:00,30065.0,30079.0,30064.5,30078.25,2309
2026-09-20 20:28:00-04:00,30078.25,30078.25,30071.75,30071.75,822
2026-09-20 20:29:00-04:00,30072.25,30072.25,30066.25,30066.75,884
2026-09-20 20:30:00-04:00,30066.75,30077.75,30066.75,30076.0,1140
2026-09-20 20:31:00-04:00,30075.5,30081.75,30075.5,30080.5,1146
2026-09-20 20:32:00-04:00,30081.0,30083.0,30077.25,30081.5,877
2026-09-20 20:33:00-04:00,30081.25,30088.75,30077.25,30086.0,1674
2026-09-20 20:34:00-04:00,30085.25,30090.75,30083.5,30088.0,861
2026-09-20 20:35:00-04:00,30088.25,30089.75,30083.75,30088.25,836
2026-09-20 20:36:00-04:00,30087.75,30091.75,30085.0,30087.75,758
2026-09-20 20:37:00-04:00,30087.5,30091.25,30086.25,30088.5,736
2026-09-20 20:38:00-04:00,30088.75,30089.0,30083.0,30084.75,898
2026-09-20 20:39:00-04:00,30084.75,30091.5,30082.25,30089.5,1481
2026-09-20 20:40:00-04:00,30090.5,30090.75,30081.75,30086.5,1164
2026-09-20 20:41:00-04:00,30086.25,30086.25,30078.0,30081.5,1184
2026-09-20 20:42:00-04:00,30081.75,30084.25,30078.75,30082.0,832
2026-09-20 20:43:00-04:00,30082.0,30085.0,30078.0,30079.5,615
2026-09-20 20:44:00-04:00,30080.25,30081.25,30070.75,30074.25,1564
2026-09-20 20:45:00-04:00,30074.25,30078.5,30073.75,30077.5,695
2026-09-20 20:46:00-04:00,30077.5,30077.75,30070.75,30076.0,664
2026-09-20 20:47:00-04:00,30076.25,30079.75,30075.5,30078.0,768
2026-09-20 20:48:00-04:00,30077.5,30082.25,30076.5,30079.75,833
2026-09-20 20:49:00-04:00,30080.0,30082.75,30076.25,30078.25,862
2026-09-20 20:50:00-04:00,30078.0,30087.5,30076.25,30083.5,855
2026-09-20 20:51:00-04:00,30083.75,30087.0,30080.25,30083.75,830
2026-09-20 20:52:00-04:00,30083.5,30086.75,30081.5,30084.0,497
2026-09-20 20:53:00-04:00,30084.25,30086.75,30082.0,30084.0,347
2026-09-20 20:54:00-04:00,30083.5,30084.25,30078.25,30078.5,624
2026-09-20 20:55:00-04:00,30078.75,30084.0,30078.25,30081.25,532
2026-09-20 20:56:00-04:00,30081.5,30084.5,30075.25,30080.25,749
2026-09-20 20:57:00-04:00,30080.5,30084.0,30080.5,30083.0,406
2026-09-20 20:58:00-04:00,30083.5,30087.25,30083.25,30084.75,687
2026-09-20 20:59:00-04:00,30086.0,30097.75,30084.25,30095.25,2570
2026-09-20 21:00:00-04:00,30095.25,30105.0,30094.75,30100.5,2783
2026-09-20 21:01:00-04:00,30100.5,30102.0,30088.5,30100.75,1785
2026-09-20 21:02:00-04:00,30101.0,30105.75,30097.75,30103.5,1476
2026-09-20 21:03:00-04:00,30104.25,30104.5,30098.5,30101.0,715
2026-09-20 21:04:00-04:00,30101.0,30105.75,30099.0,30104.5,734
2026-09-20 21:05:00-04:00,30104.5,30113.5,30101.25,30113.0,1965
2026-09-20 21:06:00-04:00,30113.0,30114.75,30108.75,30114.0,1575
2026-09-20 21:07:00-04:00,30114.0,30117.25,30113.0,30117.0,1270
2026-09-20 21:08:00-04:00,30117.25,30124.5,30115.5,30121.0,1685
2026-09-20 21:09:00-04:00,30121.0,30122.5,30115.75,30118.5,1368
2026-09-20 21:10:00-04:00,30118.75,30119.0,30114.5,30116.0,717
2026-09-20 21:11:00-04:00,30116.0,30118.0,30107.75,30118.0,1893
2026-09-20 21:12:00-04:00,30118.0,30128.75,30111.25,30118.0,2670
2026-09-20 21:13:00-04:00,30117.5,30118.75,30113.5,30114.0,656
2026-09-20 21:14:00-04:00,30113.75,30116.75,30105.75,30114.5,1421
2026-09-20 21:15:00-04:00,30114.75,30115.75,30109.5,30113.0,914
2026-09-20 21:16:00-04:00,30113.25,30116.0,30110.0,30115.0,621
2026-09-20 21:17:00-04:00,30114.75,30119.0,30111.25,30114.0,910
2026-09-20 21:18:00-04:00,30113.0,30113.0,30107.0,30109.75,615
2026-09-20 21:19:00-04:00,30110.5,30112.5,30107.0,30111.25,553
2026-09-20 21:20:00-04:00,30110.5,30115.5,30109.0,30114.5,592
2026-09-20 21:21:00-04:00,30115.0,30115.0,30111.0,30114.75,400
2026-09-20 21:22:00-04:00,30114.25,30114.5,30106.5,30110.5,578
2026-09-20 21:23:00-04:00,30109.75,30109.75,30104.75,30108.5,669
2026-09-20 21:24:00-04:00,30108.75,30112.0,30108.5,30111.5,580
2026-09-20 21:25:00-04:00,30111.5,30116.75,30111.25,30115.0,832
2026-09-20 21:26:00-04:00,30114.5,30120.75,30112.75,30119.5,797
2026-09-20 21:27:00-04:00,30119.75,30120.5,30115.0,30116.75,628
2026-09-20 21:28:00-04:00,30117.0,30126.25,30117.0,30122.75,1155
2026-09-20 21:29:00-04:00,30122.75,30127.5,30110.5,30111.0,1778
2026-09-20 21:30:00-04:00,30111.25,30119.5,30107.75,30115.25,1332
2026-09-20 21:31:00-04:00,30115.0,30117.25,30110.0,30111.5,622
2026-09-20 21:32:00-04:00,30111.0,30118.75,30111.0,30118.0,614
2026-09-20 21:33:00-04:00,30118.5,30120.75,30114.75,30119.0,621
2026-09-20 21:34:00-04:00,30119.5,30121.5,30117.5,30119.0,361
2026-09-20 21:35:00-04:00,30119.0,30119.5,30114.75,30114.75,414
2026-09-20 21:36:00-04:00,30114.5,30117.25,30111.0,30112.0,588
2026-09-20 21:37:00-04:00,30111.75,30112.75,30108.0,30110.75,646
2026-09-20 21:38:00-04:00,30111.0,30113.5,30109.5,30113.0,485
2026-09-20 21:39:00-04:00,30112.5,30114.5,30109.5,30114.25,474
2026-09-20 21:40:00-04:00,30114.25,30118.75,30114.0,30117.25,607
2026-09-20 21:41:00-04:00,30116.75,30119.75,30115.0,30117.25,388
2026-09-20 21:42:00-04:00,30117.0,30117.0,30109.0,30110.0,571
2026-09-20 21:43:00-04:00,30110.5,30111.5,30109.0,30110.5,352
2026-09-20 21:44:00-04:00,30110.5,30114.0,30109.25,30113.25,374
2026-09-20 21:45:00-04:00,30114.0,30114.75,30107.0,30108.75,530
2026-09-20 21:46:00-04:00,30108.75,30111.5,30105.25,30108.0,817
2026-09-20 21:47:00-04:00,30107.75,30108.5,30094.25,30097.5,2330
2026-09-20 21:48:00-04:00,30098.0,30098.0,30089.75,30093.5,1408
2026-09-20 21:49:00-04:00,30093.75,30096.75,30088.5,30092.5,1557
2026-09-20 21:50:00-04:00,30092.5,30098.25,30083.75,30084.75,2048
2026-09-20 21:51:00-04:00,30085.0,30091.75,30084.5,30091.0,982
2026-09-20 21:52:00-04:00,30091.5,30095.25,30088.25,30094.25,989
2026-09-20 21:53:00-04:00,30094.0,30099.25,30093.5,30097.0,968
2026-09-20 21:54:00-04:00,30096.5,30098.5,30092.0,30092.75,683
2026-09-20 21:55:00-04:00,30093.0,30094.5,30087.5,30088.75,609
2026-09-20 21:56:00-04:00,30088.25,30089.75,30084.75,30087.75,770
2026-09-20 21:57:00-04:00,30087.75,30091.0,30085.75,30089.5,566
2026-09-20 21:58:00-04:00,30089.75,30091.5,30073.5,30074.25,2302
2026-09-20 21:59:00-04:00,30075.0,30075.25,30069.5,30071.0,1578
2026-09-20 22:00:00-04:00,30070.75,30072.75,30064.75,30068.25,1753
2026-09-20 22:01:00-04:00,30068.5,30074.0,30063.75,30064.25,1251
2026-09-20 22:02:00-04:00,30064.0,30077.5,30063.75,30074.75,1311
2026-09-20 22:03:00-04:00,30075.25,30082.0,30074.25,30078.25,1246
2026-09-20 22:04:00-04:00,30077.75,30085.0,30076.25,30079.75,1082
2026-09-20 22:05:00-04:00,30079.25,30082.0,30072.0,30074.75,1010
2026-09-20 22:06:00-04:00,30074.75,30075.75,30070.0,30074.5,811
2026-09-20 22:07:00-04:00,30073.75,30074.5,30070.5,30073.0,378
2026-09-20 22:08:00-04:00,30073.25,30080.0,30072.75,30079.0,821
2026-09-20 22:09:00-04:00,30078.75,30082.5,30077.75,30081.75,728
2026-09-20 22:10:00-04:00,30081.25,30081.75,30075.5,30075.5,592
2026-09-20 22:11:00-04:00,30075.75,30084.25,30075.0,30080.75,611
2026-09-20 22:12:00-04:00,30080.5,30083.75,30080.0,30081.0,322
2026-09-20 22:13:00-04:00,30080.75,30083.75,30078.5,30080.25,415
2026-09-20 22:14:00-04:00,30079.5,30080.5,30076.5,30079.75,337
2026-09-20 22:15:00-04:00,30079.75,30081.25,30076.0,30078.0,447
2026-09-20 22:16:00-04:00,30078.0,30082.5,30072.25,30079.75,779
2026-09-20 22:17:00-04:00,30079.5,30082.0,30075.25,30076.5,551
2026-09-20 22:18:00-04:00,30076.25,30077.25,30073.5,30075.0,399
2026-09-20 22:19:00-04:00,30075.0,30079.75,30075.0,30077.75,459
2026-09-20 22:20:00-04:00,30077.0,30082.5,30073.25,30078.75,653
2026-09-20 22:21:00-04:00,30079.25,30079.25,30074.0,30076.0,391
2026-09-20 22:22:00-04:00,30076.25,30082.25,30076.0,30081.75,392
2026-09-20 22:23:00-04:00,30081.75,30082.5,30078.25,30082.5,490
2026-09-20 22:24:00-04:00,30082.25,30082.75,30072.5,30081.0,1315
2026-09-20 22:25:00-04:00,30081.0,30083.75,30079.75,30082.25,612
2026-09-20 22:26:00-04:00,30082.25,30089.25,30081.0,30085.25,1232
2026-09-20 22:27:00-04:00,30086.0,30088.5,30082.75,30085.25,1016
2026-09-20 22:28:00-04:00,30085.0,30088.25,30084.25,30087.0,506
2026-09-20 22:29:00-04:00,30087.5,30089.5,30086.75,30089.0,503
2026-09-20 22:30:00-04:00,30088.5,30088.75,30078.25,30081.25,1210
2026-09-20 22:31:00-04:00,30081.5,30082.25,30068.5,30071.0,1541
2026-09-20 22:32:00-04:00,30071.0,30073.25,30067.75,30068.5,977
2026-09-20 22:33:00-04:00,30068.75,30073.75,30068.0,30073.0,621
2026-09-20 22:34:00-04:00,30073.0,30075.0,30071.5,30073.75,495
2026-09-20 22:35:00-04:00,30073.5,30081.75,30073.0,30078.0,932
2026-09-20 22:36:00-04:00,30078.5,30080.75,30077.5,30079.75,410
2026-09-20 22:37:00-04:00,30079.25,30081.0,30075.0,30075.25,316
2026-09-20 22:38:00-04:00,30075.0,30081.75,30075.0,30079.75,374
2026-09-20 22:39:00-04:00,30080.0,30081.0,30078.5,30078.5,232
2026-09-20 22:40:00-04:00,30078.5,30078.75,30073.0,30076.0,501
2026-09-20 22:41:00-04:00,30076.0,30078.25,30074.25,30077.75,172
2026-09-20 22:42:00-04:00,30077.75,30084.0,30077.75,30084.0,579
2026-09-20 22:43:00-04:00,30084.25,30088.0,30081.75,30086.0,825
2026-09-20 22:44:00-04:00,30086.25,30087.0,30080.0,30083.25,533
2026-09-20 22:45:00-04:00,30082.75,30099.5,30080.25,30099.25,2392
2026-09-20 22:46:00-04:00,30099.0,30101.5,30094.5,30098.25,1538
2026-09-20 22:47:00-04:00,30098.25,30100.0,30096.75,30099.75,501
2026-09-20 22:48:00-04:00,30100.0,30101.0,30096.5,30100.0,420
2026-09-20 22:49:00-04:00,30099.5,30104.75,30098.25,30100.25,1223
2026-09-20 22:50:00-04:00,30100.5,30102.25,30098.25,30100.75,498
2026-09-20 22:51:00-04:00,30100.25,30101.0,30090.0,30090.0,1113
2026-09-20 22:52:00-04:00,30090.75,30094.0,30090.75,30091.25,483
2026-09-20 22:53:00-04:00,30092.25,30092.75,30088.5,30088.5,559
2026-09-20 22:54:00-04:00,30088.25,30089.0,30078.0,30084.75,1592
2026-09-20 22:55:00-04:00,30084.0,30086.5,30083.0,30083.25,383
2026-09-20 22:56:00-04:00,30083.25,30084.5,30076.0,30076.75,1027
2026-09-20 22:57:00-04:00,30077.5,30083.0,30076.75,30081.5,567
2026-09-20 22:58:00-04:00,30082.25,30083.0,30077.75,30078.5,386
2026-09-20 22:59:00-04:00,30079.0,30081.75,30077.0,30079.0,402
2026-09-20 23:00:00-04:00,30078.75,30083.5,30077.75,30082.5,347
2026-09-20 23:01:00-04:00,30082.5,30085.0,30080.0,30084.5,496
2026-09-20 23:02:00-04:00,30084.5,30087.75,30081.0,30085.5,648
2026-09-20 23:03:00-04:00,30086.0,30091.25,30085.75,30090.25,650
2026-09-20 23:04:00-04:00,30090.75,30100.75,30090.25,30098.75,1479
2026-09-20 23:05:00-04:00,30099.0,30100.25,30096.75,30097.25,657
2026-09-20 23:06:00-04:00,30097.0,30099.0,30093.75,30094.0,565
2026-09-20 23:07:00-04:00,30094.25,30096.0,30092.25,30094.75,328
2026-09-20 23:08:00-04:00,30095.0,30098.75,30094.25,30097.25,361
2026-09-20 23:09:00-04:00,30097.25,30097.25,30093.25,30094.25,270
2026-09-20 23:10:00-04:00,30095.0,30100.0,30094.0,30098.75,356
2026-09-20 23:11:00-04:00,30098.5,30099.0,30090.25,30092.0,315
2026-09-20 23:12:00-04:00,30091.5,30092.5,30089.25,30090.75,459
2026-09-20 23:13:00-04:00,30090.5,30094.25,30090.25,30093.0,308
2026-09-20 23:14:00-04:00,30093.0,30095.5,30092.5,30093.75,226
2026-09-20 23:15:00-04:00,30094.25,30097.25,30091.75,30097.0,330
2026-09-20 23:16:00-04:00,30096.5,30103.75,30095.5,30102.5,726
2026-09-20 23:17:00-04:00,30102.25,30102.75,30099.25,30101.75,467
2026-09-20 23:18:00-04:00,30101.5,30106.0,30100.25,30101.0,826
2026-09-20 23:19:00-04:00,30100.75,30103.0,30100.5,30102.5,318
2026-09-20 23:20:00-04:00,30101.75,30104.75,30100.75,30102.5,404
2026-09-20 23:21:00-04:00,30102.0,30102.25,30098.25,30100.25,387
2026-09-20 23:22:00-04:00,30100.25,30101.5,30098.0,30099.75,271
2026-09-20 23:23:00-04:00,30099.25,30101.25,30099.0,30099.25,150
2026-09-20 23:24:00-04:00,30099.25,30100.5,30098.75,30099.5,156
2026-09-20 23:25:00-04:00,30099.5,30102.25,30099.5,30101.25,206
2026-09-20 23:26:00-04:00,30101.75,30104.0,30100.5,30103.0,282
2026-09-20 23:27:00-04:00,30103.0,30103.25,30098.75,30099.25,254
2026-09-20 23:28:00-04:00,30099.5,30100.25,30094.5,30095.5,586
2026-09-20 23:29:00-04:00,30095.75,30096.5,30092.25,30093.0,403
2026-09-20 23:30:00-04:00,30092.75,30095.25,30089.75,30092.5,836
2026-09-20 23:31:00-04:00,30091.75,30093.0,30087.5,30089.75,414
2026-09-20 23:32:00-04:00,30089.75,30090.5,30082.75,30083.25,878
2026-09-20 23:33:00-04:00,30084.0,30091.25,30084.0,30090.25,554
2026-09-20 23:34:00-04:00,30090.75,30092.0,30088.25,30091.75,333
2026-09-20 23:35:00-04:00,30091.5,30095.25,30088.5,30089.5,671
2026-09-20 23:36:00-04:00,30088.75,30090.25,30086.0,30088.25,559
2026-09-20 23:37:00-04:00,30088.5,30089.75,30083.5,30084.25,447
2026-09-20 23:38:00-04:00,30084.25,30090.25,30083.5,30089.5,314
2026-09-20 23:39:00-04:00,30090.0,30093.75,30089.75,30092.0,328
2026-09-20 23:40:00-04:00,30092.0,30093.0,30089.75,30089.75,166
2026-09-20 23:41:00-04:00,30089.25,30092.0,30087.75,30089.0,169
2026-09-20 23:42:00-04:00,30089.75,30092.0,30089.5,30091.25,134
2026-09-20 23:43:00-04:00,30091.25,30093.0,30090.5,30092.25,223
2026-09-20 23:44:00-04:00,30091.5,30096.0,30091.5,30094.0,487
2026-09-20 23:45:00-04:00,30094.5,30105.75,30094.5,30104.75,1462
2026-09-20 23:46:00-04:00,30104.75,30107.5,30102.0,30103.25,896
2026-09-20 23:47:00-04:00,30103.75,30106.75,30102.0,30105.5,392
2026-09-20 23:48:00-04:00,30106.0,30106.5,30098.25,30100.0,624
2026-09-20 23:49:00-04:00,30100.0,30100.5,30093.5,30094.25,674
2026-09-20 23:50:00-04:00,30094.0,30094.0,30091.25,30092.75,598
2026-09-20 23:51:00-04:00,30092.25,30097.0,30092.0,30095.75,370
2026-09-20 23:52:00-04:00,30095.75,30101.25,30095.75,30100.25,349
2026-09-20 23:53:00-04:00,30100.0,30100.25,30096.75,30099.0,193
2026-09-20 23:54:00-04:00,30099.25,30099.5,30096.75,30097.5,144
2026-09-20 23:55:00-04:00,30097.25,30097.5,30091.75,30093.0,549
2026-09-20 23:56:00-04:00,30093.25,30094.0,30089.5,30092.5,388
2026-09-20 23:57:00-04:00,30092.5,30093.0,30090.75,30091.5,124
2026-09-20 23:58:00-04:00,30091.75,30093.0,30088.25,30089.5,351
2026-09-21 00:00:00-04:00,30087.25,30093.0,30087.25,30092.25,559
2026-09-21 00:01:00-04:00,30091.75,30095.0,30090.0,30094.75,352
2026-09-21 00:02:00-04:00,30095.25,30096.0,30091.0,30093.5,368
2026-09-21 00:03:00-04:00,30093.5,30094.25,30089.25,30089.75,274
2026-09-21 00:04:00-04:00,30090.25,30091.5,30081.5,30083.0,908
2026-09-21 00:05:00-04:00,30083.25,30085.25,30078.5,30081.75,912
2026-09-21 00:06:00-04:00,30082.25,30083.75,30073.5,30073.5,1011
2026-09-21 00:07:00-04:00,30073.25,30074.25,30070.25,30072.75,955
2026-09-21 00:08:00-04:00,30073.0,30087.75,30072.75,30086.0,1478
2026-09-21 00:09:00-04:00,30085.75,30085.75,30079.0,30081.0,656
2026-09-21 00:10:00-04:00,30080.75,30082.25,30078.75,30079.0,326
2026-09-21 00:11:00-04:00,30079.0,30079.0,30072.0,30074.0,814
2026-09-21 00:12:00-04:00,30074.75,30081.5,30074.5,30077.75,713
2026-09-21 00:13:00-04:00,30078.25,30083.0,30076.5,30081.25,365
2026-09-21 00:14:00-04:00,30081.25,30084.75,30080.5,30083.0,244
2026-09-21 00:15:00-04:00,30082.75,30085.0,30081.0,30083.75,408
2026-09-21 00:16:00-04:00,30083.5,30094.75,30083.25,30094.0,1213
2026-09-21 00:17:00-04:00,30094.25,30096.25,30092.25,30093.0,461
2026-09-21 00:18:00-04:00,30093.5,30099.0,30092.75,30097.0,543
2026-09-21 00:19:00-04:00,30097.75,30099.75,30096.75,30098.25,432
2026-09-21 00:20:00-04:00,30098.0,30101.5,30096.0,30098.25,674
2026-09-21 00:21:00-04:00,30098.25,30099.0,30096.25,30097.0,319
2026-09-21 00:22:00-04:00,30097.25,30099.25,30095.0,30096.0,262
2026-09-21 00:23:00-04:00,30096.25,30096.75,30087.75,30091.75,731
2026-09-21 00:24:00-04:00,30092.25,30094.25,30091.0,30094.0,219
2026-09-21 00:25:00-04:00,30094.0,30096.5,30093.5,30094.75,254
2026-09-21 00:26:00-04:00,30095.0,30097.5,30092.5,30096.75,338
2026-09-21 00:27:00-04:00,30096.75,30098.0,30095.5,30097.25,168
2026-09-21 00:28:00-04:00,30097.5,30097.75,30094.5,30095.0,99
2026-09-21 00:29:00-04:00,30095.0,30096.0,30093.25,30094.0,99
2026-09-21 00:30:00-04:00,30094.0,30094.5,30085.5,30086.0,625
2026-09-21 00:31:00-04:00,30086.5,30086.5,30081.0,30084.0,582
2026-09-21 00:32:00-04:00,30084.75,30087.0,30083.25,30085.5,307
2026-09-21 00:33:00-04:00,30085.75,30087.25,30085.0,30085.75,177
2026-09-21 00:34:00-04:00,30086.5,30087.25,30085.25,30086.75,157
2026-09-21 00:35:00-04:00,30087.0,30087.0,30081.0,30082.0,347
2026-09-21 00:36:00-04:00,30082.25,30084.25,30082.25,30083.5,219
2026-09-21 00:37:00-04:00,30083.0,30085.0,30082.0,30084.25,144
2026-09-21 00:38:00-04:00,30084.25,30084.5,30082.25,30083.5,143
2026-09-21 00:39:00-04:00,30084.0,30085.5,30082.0,30084.25,206
2026-09-21 00:40:00-04:00,30085.0,30093.25,30084.75,30091.0,748
2026-09-21 00:41:00-04:00,30091.25,30092.25,30089.75,30091.25,194
2026-09-21 00:42:00-04:00,30091.75,30092.75,30090.75,30091.5,200
2026-09-21 00:43:00-04:00,30091.5,30092.5,30088.25,30089.0,305
2026-09-21 00:44:00-04:00,30089.0,30091.0,30087.0,30088.0,181
2026-09-21 00:45:00-04:00,30087.75,30092.5,30086.75,30090.0,323
2026-09-21 00:46:00-04:00,30089.75,30091.5,30088.75,30091.5,123
2026-09-21 00:47:00-04:00,30091.5,30092.75,30090.25,30090.5,121
2026-09-21 00:48:00-04:00,30091.5,30096.0,30090.75,30094.0,466
2026-09-21 00:49:00-04:00,30094.75,30097.5,30093.25,30093.25,426
2026-09-21 00:50:00-04:00,30093.5,30095.0,30093.0,30094.5,168
2026-09-21 00:51:00-04:00,30094.0,30096.0,30092.5,30095.5,197
2026-09-21 00:52:00-04:00,30096.0,30097.0,30091.5,30092.0,207
2026-09-21 00:53:00-04:00,30091.75,30095.25,30090.75,30091.5,263
2026-09-21 00:54:00-04:00,30092.25,30093.75,30091.5,30091.5,160
2026-09-21 00:55:00-04:00,30092.0,30093.0,30089.0,30090.5,259
2026-09-21 00:56:00-04:00,30091.25,30096.75,30091.0,30096.75,286
2026-09-21 00:57:00-04:00,30096.0,30096.5,30093.0,30093.0,192
2026-09-21 00:58:00-04:00,30093.5,30093.75,30088.5,30089.0,383
2026-09-21 00:59:00-04:00,30089.25,30092.0,30089.0,30089.75,178
2026-09-21 01:00:00-04:00,30090.25,30090.75,30086.0,30087.5,338
2026-09-21 01:01:00-04:00,30087.25,30090.0,30086.75,30088.0,216
2026-09-21 01:02:00-04:00,30088.25,30089.25,30084.25,30088.75,270
2026-09-21 01:03:00-04:00,30088.5,30089.75,30085.75,30085.75,159
2026-09-21 01:04:00-04:00,30085.25,30088.0,30083.5,30084.0,202
2026-09-21 01:05:00-04:00,30083.75,30085.5,30081.5,30083.5,403
2026-09-21 01:06:00-04:00,30083.25,30084.5,30082.75,30084.25,135
2026-09-21 01:07:00-04:00,30084.0,30085.25,30083.0,30084.0,169
2026-09-21 01:08:00-04:00,30083.5,30086.75,30082.5,30083.25,475
2026-09-21 01:09:00-04:00,30083.5,30084.25,30079.25,30083.5,453
2026-09-21 01:10:00-04:00,30082.75,30086.75,30082.25,30082.5,180
2026-09-21 01:11:00-04:00,30082.5,30086.0,30081.25,30085.75,167
2026-09-21 01:12:00-04:00,30085.75,30085.75,30081.0,30083.5,151
2026-09-21 01:13:00-04:00,30084.0,30084.5,30081.0,30082.5,134
2026-09-21 01:14:00-04:00,30082.75,30084.5,30080.5,30081.75,331
2026-09-21 01:15:00-04:00,30081.25,30082.25,30079.25,30081.0,302
2026-09-21 01:16:00-04:00,30080.5,30083.0,30079.25,30080.75,220
2026-09-21 01:17:00-04:00,30080.5,30081.25,30077.5,30077.5,429
2026-09-21 01:18:00-04:00,30077.75,30079.0,30075.0,30079.0,471
2026-09-21 01:19:00-04:00,30079.25,30082.75,30077.25,30079.5,429
2026-09-21 01:20:00-04:00,30080.0,30081.75,30079.0,30081.75,200
2026-09-21 01:21:00-04:00,30081.5,30084.75,30079.75,30081.0,371
2026-09-21 01:22:00-04:00,30081.0,30086.25,30081.0,30085.25,283
2026-09-21 01:23:00-04:00,30085.25,30088.25,30083.0,30087.75,396
2026-09-21 01:24:00-04:00,30087.25,30089.5,30086.0,30088.0,338
2026-09-21 01:25:00-04:00,30088.25,30088.25,30081.25,30084.25,371
2026-09-21 01:26:00-04:00,30084.75,30086.25,30083.5,30084.75,135
2026-09-21 01:27:00-04:00,30084.25,30085.75,30081.75,30082.0,110
2026-09-21 01:28:00-04:00,30082.25,30082.75,30078.0,30079.25,474
2026-09-21 01:29:00-04:00,30079.25,30083.0,30079.25,30082.0,237
2026-09-21 01:30:00-04:00,30081.5,30086.25,30080.25,30084.25,480
2026-09-21 01:31:00-04:00,30084.5,30094.0,30083.25,30093.75,761
2026-09-21 01:32:00-04:00,30093.5,30095.25,30079.75,30081.75,803
2026-09-21 01:33:00-04:00,30081.75,30086.25,30077.0,30085.5,713
2026-09-21 01:34:00-04:00,30086.5,30091.0,30085.75,30089.25,405
2026-09-21 01:35:00-04:00,30089.0,30091.0,30084.25,30089.25,438
2026-09-21 01:36:00-04:00,30089.25,30096.0,30089.25,30092.5,623
2026-09-21 01:37:00-04:00,30092.75,30098.5,30091.25,30096.5,667
2026-09-21 01:38:00-04:00,30097.75,30103.25,30096.5,30102.75,644
2026-09-21 01:39:00-04:00,30103.0,30103.0,30092.0,30095.5,601
2026-09-21 01:40:00-04:00,30095.75,30112.0,30095.5,30109.25,1881
2026-09-21 01:41:00-04:00,30109.0,30109.5,30097.0,30099.5,969
2026-09-21 01:42:00-04:00,30099.75,30102.25,30094.75,30097.5,516
2026-09-21 01:43:00-04:00,30098.0,30101.0,30097.25,30098.25,159
2026-09-21 01:44:00-04:00,30098.0,30100.75,30097.25,30098.5,208
2026-09-21 01:45:00-04:00,30098.5,30101.0,30095.5,30097.5,479
2026-09-21 01:46:00-04:00,30097.75,30102.75,30095.75,30099.0,421
2026-09-21 01:47:00-04:00,30099.5,30099.5,30093.0,30095.0,453
2026-09-21 01:48:00-04:00,30095.25,30095.75,30084.0,30084.75,969
2026-09-21 01:49:00-04:00,30084.75,30089.25,30084.5,30085.25,329
2026-09-21 01:50:00-04:00,30085.5,30087.25,30082.75,30085.5,290
2026-09-21 01:51:00-04:00,30086.5,30088.25,30083.25,30087.25,319
2026-09-21 01:52:00-04:00,30086.75,30090.25,30085.75,30089.5,360
2026-09-21 01:53:00-04:00,30089.25,30097.25,30089.25,30095.0,572
2026-09-21 01:54:00-04:00,30095.5,30095.5,30089.0,30090.5,416
2026-09-21 01:55:00-04:00,30090.0,30092.0,30088.75,30089.0,257
2026-09-21 01:56:00-04:00,30089.0,30092.0,30089.0,30090.0,196
2026-09-21 01:57:00-04:00,30091.25,30093.0,30087.5,30090.5,328
2026-09-21 01:58:00-04:00,30090.25,30092.5,30089.75,30089.75,154
2026-09-21 01:59:00-04:00,30090.25,30091.75,30089.5,30090.0,254
2026-09-21 02:00:00-04:00,30090.25,30107.25,30090.0,30105.25,1613
2026-09-21 02:01:00-04:00,30105.5,30106.0,30100.5,30104.0,843
2026-09-21 02:02:00-04:00,30104.25,30106.0,30102.25,30103.5,535
2026-09-21 02:03:00-04:00,30104.0,30105.75,30102.5,30104.25,342
2026-09-21 02:04:00-04:00,30104.5,30108.75,30101.5,30107.5,497
2026-09-21 02:05:00-04:00,30107.25,30108.0,30104.75,30106.25,507
2026-09-21 02:06:00-04:00,30106.0,30109.75,30104.0,30107.25,671
2026-09-21 02:07:00-04:00,30108.0,30110.5,30104.75,30108.75,464
2026-09-21 02:08:00-04:00,30109.0,30110.5,30104.0,30110.0,470
2026-09-21 02:09:00-04:00,30110.0,30115.0,30108.5,30114.0,867
2026-09-21 02:10:00-04:00,30114.0,30115.75,30111.75,30113.75,583
2026-09-21 02:11:00-04:00,30114.0,30115.75,30112.0,30113.25,406
2026-09-21 02:12:00-04:00,30113.75,30121.5,30107.5,30111.75,1852
2026-09-21 02:13:00-04:00,30111.75,30111.75,30106.0,30110.0,548
2026-09-21 02:14:00-04:00,30109.5,30113.5,30105.75,30112.5,591
2026-09-21 02:15:00-04:00,30112.75,30115.25,30108.0,30115.0,541
2026-09-21 02:16:00-04:00,30114.5,30120.5,30113.75,30119.0,397
2026-09-21 02:17:00-04:00,30119.25,30122.75,30118.25,30120.0,697
2026-09-21 02:18:00-04:00,30120.25,30123.25,30118.0,30122.0,523
2026-09-21 02:19:00-04:00,30122.5,30124.0,30113.0,30116.75,1212
2026-09-21 02:20:00-04:00,30116.25,30118.75,30112.25,30113.75,525
2026-09-21 02:21:00-04:00,30114.25,30119.25,30110.0,30117.0,658
2026-09-21 02:22:00-04:00,30117.25,30117.5,30110.0,30112.5,496
2026-09-21 02:23:00-04:00,30112.75,30114.0,30110.0,30111.5,433
2026-09-21 02:24:00-04:00,30112.0,30113.25,30109.25,30112.0,405
2026-09-21 02:25:00-04:00,30111.5,30115.5,30109.75,30115.5,638
2026-09-21 02:26:00-04:00,30115.5,30115.5,30107.0,30108.75,601
2026-09-21 02:27:00-04:00,30108.5,30111.25,30107.75,30110.5,328
2026-09-21 02:28:00-04:00,30111.0,30112.75,30103.0,30105.5,688
2026-09-21 02:29:00-04:00,30105.5,30109.0,30105.25,30107.5,447
2026-09-21 02:30:00-04:00,30107.5,30112.25,30106.5,30107.75,621
2026-09-21 02:31:00-04:00,30108.25,30115.0,30108.0,30109.5,415
2026-09-21 02:32:00-04:00,30109.25,30112.75,30108.5,30111.5,286
2026-09-21 02:33:00-04:00,30111.25,30113.75,30109.75,30112.5,309
2026-09-21 02:34:00-04:00,30113.0,30121.0,30112.5,30120.75,594
2026-09-21 02:35:00-04:00,30120.25,30120.5,30114.25,30117.25,454
2026-09-21 02:36:00-04:00,30117.75,30122.75,30117.5,30121.0,524
2026-09-21 02:37:00-04:00,30121.5,30123.25,30120.5,30122.5,361
2026-09-21 02:38:00-04:00,30122.5,30123.75,30118.75,30121.5,407
2026-09-21 02:39:00-04:00,30121.25,30122.0,30119.0,30121.5,240
2026-09-21 02:40:00-04:00,30121.5,30124.0,30120.5,30120.75,292
2026-09-21 02:41:00-04:00,30121.25,30122.0,30119.0,30119.5,177
2026-09-21 02:42:00-04:00,30120.0,30121.5,30117.0,30118.5,328
2026-09-21 02:43:00-04:00,30118.25,30119.5,30117.25,30118.0,209
2026-09-21 02:44:00-04:00,30118.25,30122.0,30117.75,30120.75,240
2026-09-21 02:45:00-04:00,30121.5,30126.75,30121.0,30124.5,563
2026-09-21 02:46:00-04:00,30124.25,30130.0,30124.25,30128.5,1130
2026-09-21 02:47:00-04:00,30128.5,30138.0,30127.25,30133.0,1344
2026-09-21 02:48:00-04:00,30133.5,30135.0,30131.0,30134.75,721
2026-09-21 02:49:00-04:00,30134.25,30136.25,30133.75,30134.25,484
2026-09-21 02:50:00-04:00,30134.25,30136.0,30127.25,30128.0,638
2026-09-21 02:51:00-04:00,30127.75,30134.0,30127.75,30129.75,535
2026-09-21 02:52:00-04:00,30129.75,30133.0,30127.75,30130.75,384
2026-09-21 02:53:00-04:00,30130.5,30132.25,30121.5,30124.25,906
2026-09-21 02:54:00-04:00,30124.0,30125.5,30117.25,30124.5,953
2026-09-21 02:55:00-04:00,30124.25,30131.75,30124.0,30131.5,619
2026-09-21 02:56:00-04:00,30131.75,30134.75,30128.25,30133.75,531
2026-09-21 02:57:00-04:00,30133.75,30134.75,30132.0,30133.5,358
2026-09-21 02:58:00-04:00,30133.5,30136.5,30131.0,30135.5,440
2026-09-21 02:59:00-04:00,30135.5,30143.75,30132.5,30141.75,1789
2026-09-21 03:00:00-04:00,30141.5,30146.5,30138.25,30140.0,2450
2026-09-21 03:01:00-04:00,30140.25,30141.0,30131.0,30135.5,1172
2026-09-21 03:02:00-04:00,30135.5,30140.0,30134.0,30137.5,998
2026-09-21 03:03:00-04:00,30138.0,30156.25,30137.25,30155.0,2386
2026-09-21 03:04:00-04:00,30155.25,30162.75,30153.5,30159.5,2080
2026-09-21 03:05:00-04:00,30159.5,30160.75,30148.5,30156.5,1453
2026-09-21 03:06:00-04:00,30156.0,30159.0,30149.25,30151.5,913
2026-09-21 03:07:00-04:00,30151.25,30155.0,30149.25,30153.0,657
2026-09-21 03:08:00-04:00,30153.25,30158.25,30149.75,30151.75,675
2026-09-21 03:09:00-04:00,30151.25,30162.0,30149.25,30156.0,827
2026-09-21 03:10:00-04:00,30156.25,30156.5,30140.75,30141.0,1365
2026-09-21 03:11:00-04:00,30141.75,30144.25,30137.5,30140.25,954
2026-09-21 03:12:00-04:00,30141.0,30143.25,30135.0,30136.5,1137
2026-09-21 03:13:00-04:00,30136.25,30148.0,30135.5,30143.25,840
2026-09-21 03:14:00-04:00,30143.5,30155.75,30141.75,30153.5,1123
2026-09-21 03:15:00-04:00,30153.5,30155.5,30148.25,30151.0,726
2026-09-21 03:16:00-04:00,30150.5,30152.5,30146.0,30151.75,639
2026-09-21 03:17:00-04:00,30151.5,30154.25,30148.0,30151.0,657
2026-09-21 03:18:00-04:00,30151.0,30154.0,30147.75,30151.5,593
2026-09-21 03:19:00-04:00,30151.75,30154.75,30150.25,30150.5,341
2026-09-21 03:20:00-04:00,30151.25,30152.0,30143.75,30144.75,556
2026-09-21 03:21:00-04:00,30145.0,30146.5,30142.75,30144.0,337
2026-09-21 03:22:00-04:00,30143.5,30143.75,30136.5,30139.0,756
2026-09-21 03:23:00-04:00,30138.5,30139.25,30129.0,30132.5,1093
2026-09-21 03:24:00-04:00,30132.0,30136.25,30130.25,30135.0,562
2026-09-21 03:25:00-04:00,30135.25,30136.0,30129.25,30129.25,614
2026-09-21 03:26:00-04:00,30129.5,30134.5,30126.0,30129.25,881
2026-09-21 03:27:00-04:00,30128.75,30142.0,30127.75,30140.0,758
2026-09-21 03:28:00-04:00,30139.75,30142.5,30136.25,30138.0,619
2026-09-21 03:29:00-04:00,30138.0,30151.0,30138.0,30149.25,1315
2026-09-21 03:30:00-04:00,30149.25,30154.25,30147.0,30149.75,763
2026-09-21 03:31:00-04:00,30150.0,30155.0,30148.5,30154.25,555
2026-09-21 03:32:00-04:00,30155.0,30155.5,30145.25,30145.75,715
2026-09-21 03:33:00-04:00,30146.25,30151.0,30142.75,30149.5,451
2026-09-21 03:34:00-04:00,30149.25,30150.0,30144.75,30147.0,455
2026-09-21 03:35:00-04:00,30147.5,30148.75,30145.25,30145.75,285
2026-09-21 03:36:00-04:00,30145.75,30148.75,30145.0,30147.5,273
2026-09-21 03:37:00-04:00,30147.75,30154.0,30147.0,30151.25,433
2026-09-21 03:38:00-04:00,30151.25,30157.75,30150.75,30152.5,604
2026-09-21 03:39:00-04:00,30152.25,30153.75,30145.25,30152.0,667
2026-09-21 03:40:00-04:00,30152.0,30152.25,30145.0,30146.75,307
2026-09-21 03:41:00-04:00,30146.75,30148.5,30141.5,30142.0,743
2026-09-21 03:42:00-04:00,30142.75,30149.75,30142.5,30149.75,567
2026-09-21 03:43:00-04:00,30149.5,30150.0,30138.5,30139.5,583
2026-09-21 03:44:00-04:00,30139.0,30146.5,30139.0,30145.0,462
2026-09-21 03:45:00-04:00,30144.5,30150.75,30141.75,30147.25,506
2026-09-21 03:46:00-04:00,30147.75,30149.5,30140.5,30141.75,544
2026-09-21 03:47:00-04:00,30142.0,30149.0,30140.0,30146.75,376
2026-09-21 03:48:00-04:00,30146.0,30152.0,30145.0,30151.25,442
2026-09-21 03:49:00-04:00,30151.5,30152.0,30145.25,30149.75,459
2026-09-21 03:50:00-04:00,30150.0,30172.25,30149.0,30160.75,2040
2026-09-21 03:51:00-04:00,30160.5,30170.5,30159.75,30169.0,1195
2026-09-21 03:52:00-04:00,30169.0,30174.0,30168.75,30171.0,913
2026-09-21 03:53:00-04:00,30171.5,30175.0,30169.75,30174.0,709
2026-09-21 03:54:00-04:00,30174.5,30178.5,30173.5,30178.0,602
2026-09-21 03:55:00-04:00,30178.0,30182.5,30177.25,30180.5,1083
2026-09-21 03:56:00-04:00,30180.25,30183.25,30179.0,30182.25,696
2026-09-21 03:57:00-04:00,30182.0,30186.25,30180.75,30185.25,854
2026-09-21 03:58:00-04:00,30185.25,30188.25,30181.75,30184.0,761
2026-09-21 03:59:00-04:00,30184.0,30184.0,30177.5,30178.0,640
2026-09-21 04:00:00-04:00,30178.25,30193.25,30172.5,30192.0,2924
2026-09-21 04:01:00-04:00,30191.75,30195.5,30188.75,30195.25,1240
2026-09-21 04:02:00-04:00,30195.75,30204.0,30194.0,30201.5,2002
2026-09-21 04:03:00-04:00,30201.0,30216.25,30199.5,30209.25,2445
2026-09-21 04:04:00-04:00,30208.75,30210.75,30201.0,30202.75,1143
2026-09-21 04:05:00-04:00,30202.75,30203.25,30184.25,30186.75,1540
2026-09-21 04:06:00-04:00,30186.75,30205.0,30186.25,30201.5,1494
2026-09-21 04:07:00-04:00,30201.0,30202.0,30194.0,30196.25,932
2026-09-21 04:08:00-04:00,30196.5,30202.5,30196.0,30199.5,688
2026-09-21 04:09:00-04:00,30199.75,30208.75,30195.75,30207.5,868
2026-09-21 04:10:00-04:00,30207.75,30211.25,30205.0,30207.25,840
2026-09-21 04:11:00-04:00,30208.75,30211.0,30205.75,30209.25,368
2026-09-21 04:12:00-04:00,30209.5,30214.75,30208.0,30213.5,651
2026-09-21 04:13:00-04:00,30213.5,30213.75,30202.75,30204.0,729
2026-09-21 04:14:00-04:00,30204.25,30206.0,30202.25,30204.75,506
2026-09-21 04:15:00-04:00,30204.75,30208.5,30203.75,30203.75,416
2026-09-21 04:16:00-04:00,30204.5,30206.5,30203.25,30205.25,330
2026-09-21 04:17:00-04:00,30205.25,30205.75,30202.0,30202.0,274
2026-09-21 04:18:00-04:00,30202.25,30202.5,30197.0,30198.25,576
2026-09-21 04:19:00-04:00,30197.5,30203.75,30195.75,30197.5,803
2026-09-21 04:20:00-04:00,30197.5,30201.75,30191.75,30198.25,641
2026-09-21 04:21:00-04:00,30198.25,30201.0,30195.25,30200.75,368
2026-09-21 04:22:00-04:00,30200.75,30207.5,30195.75,30206.25,642
2026-09-21 04:23:00-04:00,30206.75,30212.25,30206.0,30208.5,660
2026-09-21 04:24:00-04:00,30208.75,30211.5,30206.5,30210.25,331
2026-09-21 04:25:00-04:00,30210.0,30214.0,30202.25,30202.75,727
2026-09-21 04:26:00-04:00,30203.25,30205.0,30199.0,30203.25,667
2026-09-21 04:27:00-04:00,30203.25,30206.75,30202.0,30205.0,251
2026-09-21 04:28:00-04:00,30206.25,30209.75,30203.25,30208.0,202
2026-09-21 04:29:00-04:00,30207.25,30209.0,30198.75,30199.5,418
2026-09-21 04:30:00-04:00,30199.0,30207.0,30197.25,30206.5,538
2026-09-21 04:31:00-04:00,30207.0,30215.25,30204.75,30212.25,595
2026-09-21 04:32:00-04:00,30212.5,30230.5,30210.75,30229.25,2576
2026-09-21 04:33:00-04:00,30229.5,30231.25,30226.25,30227.25,968
2026-09-21 04:34:00-04:00,30227.75,30228.25,30221.5,30223.75,974
2026-09-21 04:35:00-04:00,30223.75,30225.75,30220.5,30225.75,498
2026-09-21 04:36:00-04:00,30224.75,30229.75,30220.5,30223.5,747
2026-09-21 04:37:00-04:00,30223.5,30225.0,30219.25,30222.0,523
2026-09-21 04:38:00-04:00,30222.0,30228.0,30219.75,30223.75,629
2026-09-21 04:39:00-04:00,30223.5,30226.5,30221.75,30225.0,337
2026-09-21 04:40:00-04:00,30225.0,30226.0,30220.0,30223.75,379
2026-09-21 04:41:00-04:00,30224.0,30234.5,30223.75,30233.0,1075
2026-09-21 04:42:00-04:00,30233.25,30233.5,30229.25,30231.5,399
2026-09-21 04:43:00-04:00,30231.0,30237.5,30230.75,30234.0,760
2026-09-21 04:44:00-04:00,30233.75,30234.0,30230.25,30233.5,336
2026-09-21 04:45:00-04:00,30233.0,30233.25,30226.75,30230.75,687
2026-09-21 04:46:00-04:00,30231.5,30233.25,30227.0,30230.75,442
2026-09-21 04:47:00-04:00,30230.5,30234.25,30222.0,30227.25,740
2026-09-21 04:48:00-04:00,30227.25,30232.0,30225.75,30231.75,407
2026-09-21 04:49:00-04:00,30232.0,30234.75,30230.0,30231.25,418
2026-09-21 04:50:00-04:00,30229.75,30232.0,30223.75,30229.25,504
2026-09-21 04:51:00-04:00,30229.5,30232.25,30227.0,30228.25,295
2026-09-21 04:52:00-04:00,30227.5,30230.0,30225.5,30229.75,186
2026-09-21 04:53:00-04:00,30229.5,30235.5,30229.5,30232.5,401
2026-09-21 04:54:00-04:00,30233.0,30236.75,30225.5,30227.5,831
2026-09-21 04:55:00-04:00,30227.5,30231.5,30224.5,30230.75,251
2026-09-21 04:56:00-04:00,30230.75,30232.25,30227.0,30227.25,238
2026-09-21 04:57:00-04:00,30228.25,30234.25,30227.25,30232.75,291
2026-09-21 04:58:00-04:00,30232.0,30236.0,30230.5,30234.25,346
2026-09-21 04:59:00-04:00,30234.75,30238.5,30232.5,30234.0,575
2026-09-21 05:00:00-04:00,30234.75,30236.0,30228.75,30232.75,575
2026-09-21 05:01:00-04:00,30233.5,30236.25,30230.0,30235.0,398
2026-09-21 05:02:00-04:00,30234.25,30237.75,30232.25,30233.75,385
2026-09-21 05:03:00-04:00,30233.75,30237.75,30230.5,30236.75,262
2026-09-21 05:04:00-04:00,30236.75,30237.0,30229.0,30230.0,392
2026-09-21 05:05:00-04:00,30229.75,30233.75,30228.5,30233.25,257
2026-09-21 05:06:00-04:00,30234.0,30240.25,30233.0,30236.5,576
2026-09-21 05:07:00-04:00,30237.0,30243.75,30237.0,30242.25,653
2026-09-21 05:08:00-04:00,30242.25,30250.0,30242.0,30247.75,1327
2026-09-21 05:09:00-04:00,30247.5,30249.0,30240.25,30240.25,591
2026-09-21 05:10:00-04:00,30240.75,30245.0,30238.25,30239.25,513
2026-09-21 05:11:00-04:00,30239.25,30242.25,30232.25,30241.0,851
2026-09-21 05:12:00-04:00,30240.75,30243.5,30239.75,30242.0,302
2026-09-21 05:13:00-04:00,30241.75,30242.25,30236.25,30239.75,273
2026-09-21 05:14:00-04:00,30240.0,30243.25,30239.0,30239.0,226
2026-09-21 05:15:00-04:00,30238.75,30248.0,30237.5,30245.25,428
2026-09-21 05:16:00-04:00,30245.25,30246.25,30240.0,30240.5,312
2026-09-21 05:17:00-04:00,30240.0,30240.75,30234.25,30238.0,346
2026-09-21 05:18:00-04:00,30238.25,30240.75,30233.75,30234.25,384
2026-09-21 05:19:00-04:00,30234.75,30236.75,30232.5,30235.0,417
2026-09-21 05:20:00-04:00,30235.75,30237.5,30233.0,30233.75,221
2026-09-21 05:21:00-04:00,30233.25,30238.5,30232.25,30237.25,282
2026-09-21 05:22:00-04:00,30238.25,30247.75,30237.25,30246.75,557
2026-09-21 05:23:00-04:00,30247.25,30250.0,30244.0,30247.5,652
2026-09-21 05:24:00-04:00,30247.0,30248.5,30245.25,30246.75,212
2026-09-21 05:25:00-04:00,30246.25,30250.0,30242.75,30247.0,504
2026-09-21 05:26:00-04:00,30246.75,30256.25,30246.25,30254.25,1145
2026-09-21 05:27:00-04:00,30254.25,30261.75,30254.0,30260.5,1081
2026-09-21 05:28:00-04:00,30260.5,30261.0,30252.75,30254.25,736
2026-09-21 05:29:00-04:00,30254.0,30254.75,30246.25,30246.5,500
2026-09-21 05:30:00-04:00,30247.0,30248.25,30243.25,30248.0,575
2026-09-21 05:31:00-04:00,30249.0,30249.5,30241.0,30243.0,470
2026-09-21 05:32:00-04:00,30242.75,30246.0,30239.5,30245.5,501
2026-09-21 05:33:00-04:00,30245.75,30249.0,30243.25,30246.0,325
2026-09-21 05:34:00-04:00,30246.25,30250.0,30246.0,30249.5,330
2026-09-21 05:35:00-04:00,30250.5,30252.75,30247.75,30251.75,455
2026-09-21 05:36:00-04:00,30252.0,30254.5,30249.0,30249.5,359
2026-09-21 05:37:00-04:00,30249.0,30253.25,30249.0,30252.5,239
2026-09-21 05:38:00-04:00,30252.5,30256.0,30251.5,30253.0,354
2026-09-21 05:39:00-04:00,30253.25,30255.75,30250.75,30254.25,260
2026-09-21 05:40:00-04:00,30254.0,30255.0,30251.25,30252.0,222
2026-09-21 05:41:00-04:00,30251.75,30259.5,30251.75,30257.25,480
2026-09-21 05:42:00-04:00,30258.0,30258.0,30254.5,30255.25,207
2026-09-21 05:43:00-04:00,30255.25,30258.0,30255.0,30256.5,133
2026-09-21 05:44:00-04:00,30256.75,30260.0,30256.25,30257.25,227
2026-09-21 05:45:00-04:00,30257.75,30259.0,30255.5,30257.0,233
2026-09-21 05:46:00-04:00,30257.5,30258.5,30254.5,30257.75,301
2026-09-21 05:47:00-04:00,30257.5,30259.25,30256.25,30257.5,144
2026-09-21 05:48:00-04:00,30257.5,30264.0,30256.5,30262.5,747
2026-09-21 05:49:00-04:00,30262.5,30262.5,30253.0,30254.75,552
2026-09-21 05:50:00-04:00,30255.0,30259.75,30255.0,30256.25,532
2026-09-21 05:51:00-04:00,30256.25,30260.5,30254.75,30256.0,398
2026-09-21 05:52:00-04:00,30256.0,30258.5,30253.25,30253.25,349
2026-09-21 05:53:00-04:00,30253.25,30256.25,30250.75,30253.0,514
2026-09-21 05:54:00-04:00,30253.0,30255.75,30250.75,30254.0,324
2026-09-21 05:55:00-04:00,30253.75,30253.75,30248.75,30250.25,351
2026-09-21 05:56:00-04:00,30250.0,30251.0,30245.5,30246.0,502
2026-09-21 05:57:00-04:00,30246.0,30247.0,30235.0,30237.5,971
2026-09-21 05:58:00-04:00,30237.25,30238.5,30233.5,30234.75,749
2026-09-21 05:59:00-04:00,30235.0,30239.75,30232.75,30233.5,726
2026-09-21 06:00:00-04:00,30234.0,30238.75,30232.75,30234.75,710
2026-09-21 06:01:00-04:00,30235.5,30248.0,30233.5,30245.25,835
2026-09-21 06:02:00-04:00,30245.5,30247.0,30241.0,30246.75,448
2026-09-21 06:03:00-04:00,30247.0,30247.5,30244.25,30246.0,303
2026-09-21 06:04:00-04:00,30245.5,30246.5,30242.75,30246.5,334
2026-09-21 06:05:00-04:00,30246.0,30248.25,30241.25,30243.75,333
2026-09-21 06:06:00-04:00,30244.0,30245.25,30240.0,30240.75,355
2026-09-21 06:07:00-04:00,30241.0,30245.0,30238.0,30244.25,374
2026-09-21 06:08:00-04:00,30244.25,30245.5,30239.75,30242.25,331
2026-09-21 06:09:00-04:00,30242.0,30248.0,30242.0,30247.0,379
2026-09-21 06:10:00-04:00,30246.25,30247.0,30244.5,30245.25,216
2026-09-21 06:11:00-04:00,30245.5,30246.25,30242.25,30245.5,216
2026-09-21 06:12:00-04:00,30244.75,30245.0,30242.5,30242.75,213
2026-09-21 06:13:00-04:00,30242.5,30242.5,30238.5,30240.75,455
2026-09-21 06:14:00-04:00,30241.0,30246.5,30240.5,30246.5,340
2026-09-21 06:15:00-04:00,30246.0,30254.0,30245.0,30252.5,1057
2026-09-21 06:16:00-04:00,30252.0,30252.5,30248.0,30250.5,327
2026-09-21 06:17:00-04:00,30251.25,30252.75,30246.5,30247.0,350
2026-09-21 06:18:00-04:00,30247.0,30248.0,30241.75,30244.5,668
2026-09-21 06:19:00-04:00,30245.25,30249.0,30243.75,30246.25,352
2026-09-21 06:20:00-04:00,30246.25,30247.5,30243.5,30246.75,443
2026-09-21 06:21:00-04:00,30246.75,30247.5,30245.0,30246.5,116
2026-09-21 06:22:00-04:00,30246.0,30246.0,30242.5,30244.25,145
2026-09-21 06:23:00-04:00,30244.5,30245.25,30238.5,30240.75,455
2026-09-21 06:24:00-04:00,30240.75,30242.75,30239.5,30240.5,212
2026-09-21 06:25:00-04:00,30240.75,30243.5,30239.0,30239.0,302
2026-09-21 06:26:00-04:00,30240.25,30245.75,30239.0,30244.75,340
2026-09-21 06:27:00-04:00,30246.0,30251.75,30246.0,30250.25,584
2026-09-21 06:28:00-04:00,30250.25,30251.5,30248.5,30250.0,159
2026-09-21 06:29:00-04:00,30250.0,30250.0,30243.25,30245.75,304
2026-09-21 06:30:00-04:00,30246.5,30251.0,30236.75,30250.0,1247
2026-09-21 06:31:00-04:00,30249.5,30257.25,30247.5,30253.75,824
2026-09-21 06:32:00-04:00,30254.25,30255.75,30251.75,30253.5,336
2026-09-21 06:33:00-04:00,30252.75,30260.25,30252.0,30259.0,523
2026-09-21 06:34:00-04:00,30259.25,30261.0,30257.5,30259.5,370
2026-09-21 06:35:00-04:00,30259.5,30262.0,30248.75,30248.75,999
2026-09-21 06:36:00-04:00,30249.25,30253.75,30246.5,30253.25,579
2026-09-21 06:37:00-04:00,30253.25,30255.5,30252.25,30255.25,268
2026-09-21 06:38:00-04:00,30255.75,30259.0,30254.75,30257.75,264
2026-09-21 06:39:00-04:00,30257.75,30273.0,30257.75,30259.0,1724
2026-09-21 06:40:00-04:00,30258.75,30259.75,30254.5,30256.75,529
2026-09-21 06:41:00-04:00,30257.0,30257.75,30251.5,30253.75,428
2026-09-21 06:42:00-04:00,30253.75,30253.75,30250.75,30251.75,316
2026-09-21 06:43:00-04:00,30251.0,30253.5,30250.0,30251.75,359
2026-09-21 06:44:00-04:00,30251.75,30255.5,30251.0,30251.75,251
2026-09-21 06:45:00-04:00,30251.75,30254.25,30250.0,30252.5,196
2026-09-21 06:46:00-04:00,30252.25,30258.5,30251.75,30254.0,387
2026-09-21 06:47:00-04:00,30253.5,30256.25,30250.5,30254.5,398
2026-09-21 06:48:00-04:00,30254.25,30255.5,30248.25,30250.75,342
2026-09-21 06:49:00-04:00,30250.75,30251.5,30247.25,30249.5,207
2026-09-21 06:50:00-04:00,30249.75,30252.5,30248.5,30250.0,243
2026-09-21 06:51:00-04:00,30249.75,30251.0,30247.5,30249.25,162
2026-09-21 06:52:00-04:00,30249.5,30252.5,30247.75,30248.5,185
2026-09-21 06:53:00-04:00,30249.25,30254.75,30248.25,30254.0,212
2026-09-21 06:54:00-04:00,30253.25,30256.0,30250.25,30255.5,360
2026-09-21 06:55:00-04:00,30255.0,30255.75,30246.75,30247.25,402
2026-09-21 06:56:00-04:00,30246.75,30251.0,30245.5,30248.0,543
2026-09-21 06:57:00-04:00,30248.0,30249.5,30242.5,30243.25,494
2026-09-21 06:58:00-04:00,30243.5,30245.5,30241.0,30242.25,360
2026-09-21 06:59:00-04:00,30242.5,30244.0,30239.0,30241.25,549
2026-09-21 07:00:00-04:00,30241.0,30245.75,30232.75,30241.5,1616
2026-09-21 07:01:00-04:00,30241.25,30251.75,30241.0,30248.25,856
2026-09-21 07:02:00-04:00,30247.75,30248.25,30240.5,30243.75,553
2026-09-21 07:03:00-04:00,30243.75,30249.25,30243.5,30246.5,306
2026-09-21 07:04:00-04:00,30246.5,30247.0,30235.25,30235.25,437
2026-09-21 07:05:00-04:00,30235.5,30238.25,30232.75,30234.75,574
2026-09-21 07:06:00-04:00,30234.5,30236.75,30229.75,30231.5,693
2026-09-21 07:07:00-04:00,30231.0,30234.25,30227.25,30228.5,884
2026-09-21 07:08:00-04:00,30228.5,30229.0,30222.25,30225.75,837
2026-09-21 07:09:00-04:00,30226.0,30231.25,30225.0,30229.25,573
2026-09-21 07:10:00-04:00,30229.25,30229.5,30224.75,30226.5,387
2026-09-21 07:11:00-04:00,30226.75,30228.0,30224.25,30225.75,280
2026-09-21 07:12:00-04:00,30226.0,30230.25,30225.5,30229.5,262
2026-09-21 07:13:00-04:00,30230.0,30233.25,30229.75,30232.0,373
2026-09-21 07:14:00-04:00,30232.25,30238.25,30231.0,30233.0,718
2026-09-21 07:15:00-04:00,30233.0,30242.5,30232.25,30240.25,721
2026-09-21 07:16:00-04:00,30240.25,30240.25,30234.0,30237.25,458
2026-09-21 07:17:00-04:00,30236.75,30238.0,30233.0,30237.25,389
2026-09-21 07:18:00-04:00,30236.25,30237.25,30233.5,30236.0,270
2026-09-21 07:19:00-04:00,30236.5,30240.5,30235.25,30239.25,309
2026-09-21 07:20:00-04:00,30239.0,30239.0,30230.75,30233.0,655
2026-09-21 07:21:00-04:00,30232.75,30234.25,30231.0,30233.5,234
2026-09-21 07:22:00-04:00,30234.0,30234.25,30228.25,30232.25,466
2026-09-21 07:23:00-04:00,30232.75,30233.0,30223.5,30223.75,695
2026-09-21 07:24:00-04:00,30223.75,30228.25,30221.0,30224.5,702
2026-09-21 07:25:00-04:00,30224.0,30226.5,30221.0,30221.0,462
2026-09-21 07:26:00-04:00,30221.5,30224.0,30218.25,30221.25,880
2026-09-21 07:27:00-04:00,30221.5,30226.5,30221.5,30224.25,431
2026-09-21 07:28:00-04:00,30224.0,30228.25,30224.0,30226.25,361
2026-09-21 07:29:00-04:00,30226.75,30229.75,30222.75,30226.25,483
2026-09-21 07:30:00-04:00,30225.75,30229.75,30223.0,30227.5,361
2026-09-21 07:31:00-04:00,30228.0,30231.25,30224.75,30230.0,382
2026-09-21 07:32:00-04:00,30229.5,30232.0,30228.75,30230.5,373
2026-09-21 07:33:00-04:00,30231.0,30235.5,30227.0,30235.5,693
2026-09-21 07:34:00-04:00,30235.25,30240.0,30234.5,30234.5,747
2026-09-21 07:35:00-04:00,30234.75,30236.75,30231.75,30234.5,383
2026-09-21 07:36:00-04:00,30235.0,30235.0,30228.5,30229.5,364
2026-09-21 07:37:00-04:00,30229.0,30230.0,30220.75,30220.75,688
2026-09-21 07:38:00-04:00,30220.75,30226.0,30220.25,30225.25,581
2026-09-21 07:39:00-04:00,30225.25,30238.25,30224.75,30232.0,1270
2026-09-21 07:40:00-04:00,30231.0,30234.5,30229.25,30233.25,593
2026-09-21 07:41:00-04:00,30233.0,30234.0,30226.5,30229.0,453
2026-09-21 07:42:00-04:00,30229.25,30233.5,30228.75,30230.75,254
2026-09-21 07:43:00-04:00,30230.5,30231.0,30226.0,30229.5,307
2026-09-21 07:44:00-04:00,30229.75,30241.0,30229.75,30240.5,794
2026-09-21 07:45:00-04:00,30240.5,30244.25,30238.0,30242.75,851
2026-09-21 07:46:00-04:00,30242.5,30243.75,30239.0,30239.5,498
2026-09-21 07:47:00-04:00,30239.5,30239.75,30232.75,30237.0,619
2026-09-21 07:48:00-04:00,30236.5,30239.25,30235.5,30238.75,245
2026-09-21 07:49:00-04:00,30238.25,30250.0,30238.25,30248.75,1047
2026-09-21 07:50:00-04:00,30248.5,30250.75,30246.25,30249.5,681
2026-09-21 07:51:00-04:00,30249.25,30251.75,30246.75,30250.75,556
2026-09-21 07:52:00-04:00,30251.0,30257.25,30248.5,30257.25,1052
2026-09-21 07:53:00-04:00,30256.75,30257.25,30250.0,30252.25,720
2026-09-21 07:54:00-04:00,30252.25,30257.5,30251.5,30254.0,566
2026-09-21 07:55:00-04:00,30254.25,30261.5,30253.25,30255.75,868
2026-09-21 07:56:00-04:00,30255.75,30257.5,30247.5,30250.25,778
2026-09-21 07:57:00-04:00,30250.75,30251.75,30243.75,30249.5,780
2026-09-21 07:58:00-04:00,30249.5,30249.5,30245.0,30246.25,362
2026-09-21 07:59:00-04:00,30246.25,30249.25,30246.0,30247.0,249
2026-09-21 08:00:00-04:00,30247.25,30254.75,30245.5,30249.5,933
2026-09-21 08:01:00-04:00,30249.25,30250.25,30246.0,30248.5,350
2026-09-21 08:02:00-04:00,30249.5,30255.0,30236.0,30247.0,1948
2026-09-21 08:03:00-04:00,30247.25,30257.0,30243.25,30252.25,1178
2026-09-21 08:04:00-04:00,30252.25,30268.5,30252.25,30267.5,2259
2026-09-21 08:05:00-04:00,30267.75,30277.25,30264.25,30268.5,2155
2026-09-21 08:06:00-04:00,30268.75,30275.0,30268.0,30272.75,1055
2026-09-21 08:07:00-04:00,30273.5,30273.75,30262.25,30263.25,1041
2026-09-21 08:08:00-04:00,30263.5,30267.0,30262.25,30263.5,586
2026-09-21 08:09:00-04:00,30264.0,30266.5,30261.0,30264.0,518
2026-09-21 08:10:00-04:00,30264.5,30265.5,30260.75,30263.75,476
2026-09-21 08:11:00-04:00,30263.25,30266.0,30259.75,30265.5,728
2026-09-21 08:12:00-04:00,30265.5,30265.75,30259.25,30263.25,777
2026-09-21 08:13:00-04:00,30263.25,30264.5,30259.25,30262.0,367
2026-09-21 08:14:00-04:00,30262.5,30262.75,30251.5,30252.25,1209
2026-09-21 08:15:00-04:00,30252.5,30255.75,30250.25,30254.75,773
2026-09-21 08:16:00-04:00,30254.75,30258.0,30251.0,30251.75,643
2026-09-21 08:17:00-04:00,30251.75,30252.0,30245.75,30247.0,1142
2026-09-21 08:18:00-04:00,30247.5,30257.75,30246.75,30256.75,699
2026-09-21 08:19:00-04:00,30257.5,30258.25,30252.5,30252.5,696
2026-09-21 08:20:00-04:00,30252.25,30255.5,30247.0,30254.5,725
2026-09-21 08:21:00-04:00,30254.75,30256.0,30244.5,30245.75,909
2026-09-21 08:22:00-04:00,30246.25,30246.25,30236.0,30242.5,1449
2026-09-21 08:23:00-04:00,30242.0,30242.75,30237.5,30240.75,607
2026-09-21 08:24:00-04:00,30241.0,30242.25,30236.0,30236.0,588
2026-09-21 08:25:00-04:00,30235.75,30237.5,30233.0,30236.25,742
2026-09-21 08:26:00-04:00,30237.0,30238.25,30233.75,30236.0,410
2026-09-21 08:27:00-04:00,30236.75,30238.0,30229.5,30230.75,832
2026-09-21 08:28:00-04:00,30230.5,30231.5,30225.5,30229.0,1280
2026-09-21 08:29:00-04:00,30228.75,30230.75,30225.5,30225.5,425
2026-09-21 08:30:00-04:00,30225.5,30234.25,30225.5,30231.75,873
2026-09-21 08:31:00-04:00,30231.75,30235.75,30225.0,30234.75,855
2026-09-21 08:32:00-04:00,30236.0,30236.5,30226.25,30233.0,887
2026-09-21 08:33:00-04:00,30232.75,30233.25,30228.5,30230.0,468
2026-09-21 08:34:00-04:00,30230.0,30231.0,30223.5,30229.5,854
2026-09-21 08:35:00-04:00,30230.0,30231.0,30227.5,30229.5,378
2026-09-21 08:36:00-04:00,30229.25,30232.5,30227.0,30228.5,570
2026-09-21 08:37:00-04:00,30228.25,30230.0,30224.75,30228.75,713
2026-09-21 08:38:00-04:00,30228.0,30236.0,30222.25,30233.0,1291
2026-09-21 08:39:00-04:00,30233.25,30235.25,30230.5,30232.0,545
2026-09-21 08:40:00-04:00,30231.5,30234.75,30228.75,30232.25,382
2026-09-21 08:41:00-04:00,30232.0,30234.0,30226.5,30233.0,828
2026-09-21 08:42:00-04:00,30232.75,30240.5,30231.75,30239.0,1150
2026-09-21 08:43:00-04:00,30238.75,30240.5,30236.25,30236.75,572
2026-09-21 08:44:00-04:00,30236.5,30257.0,30232.75,30256.0,4444
2026-09-21 08:45:00-04:00,30256.0,30258.75,30248.25,30250.25,1732
2026-09-21 08:46:00-04:00,30250.5,30250.75,30241.0,30243.75,1082
2026-09-21 08:47:00-04:00,30243.75,30244.25,30238.0,30241.25,761
2026-09-21 08:48:00-04:00,30241.25,30241.5,30235.0,30238.75,608
2026-09-21 08:49:00-04:00,30239.0,30239.0,30233.25,30237.75,566
2026-09-21 08:50:00-04:00,30238.0,30240.5,30236.0,30239.0,664
2026-09-21 08:51:00-04:00,30238.75,30239.75,30237.0,30238.25,264
2026-09-21 08:52:00-04:00,30238.25,30241.75,30237.0,30240.75,634
2026-09-21 08:53:00-04:00,30241.0,30243.0,30238.0,30241.0,501
2026-09-21 08:54:00-04:00,30240.25,30240.25,30235.0,30237.5,462
2026-09-21 08:55:00-04:00,30236.75,30236.75,30229.75,30231.25,929
2026-09-21 08:56:00-04:00,30231.25,30233.5,30226.0,30226.25,870
2026-09-21 08:57:00-04:00,30226.5,30230.0,30225.5,30226.5,749
2026-09-21 08:58:00-04:00,30226.5,30231.25,30224.75,30230.0,722
2026-09-21 08:59:00-04:00,30230.25,30230.5,30224.5,30225.0,681
2026-09-21 09:00:00-04:00,30224.75,30226.0,30219.0,30223.25,2165
2026-09-21 09:01:00-04:00,30223.0,30228.25,30221.5,30225.5,1007
2026-09-21 09:02:00-04:00,30225.5,30235.25,30224.75,30233.75,1385
2026-09-21 09:03:00-04:00,30233.5,30234.75,30227.75,30229.0,900
2026-09-21 09:04:00-04:00,30229.25,30237.25,30229.25,30233.25,1050
2026-09-21 09:05:00-04:00,30233.25,30235.75,30227.25,30229.5,921
2026-09-21 09:06:00-04:00,30229.25,30230.75,30226.25,30230.25,445
2026-09-21 09:07:00-04:00,30230.25,30231.25,30224.5,30228.25,790
2026-09-21 09:08:00-04:00,30227.5,30231.25,30226.75,30228.0,471
2026-09-21 09:09:00-04:00,30228.5,30234.25,30228.5,30233.25,594
2026-09-21 09:10:00-04:00,30233.25,30239.25,30231.75,30233.0,1221
2026-09-21 09:11:00-04:00,30233.0,30234.25,30224.75,30225.25,898
2026-09-21 09:12:00-04:00,30225.5,30230.25,30225.25,30230.25,518
2026-09-21 09:13:00-04:00,30230.5,30230.5,30223.0,30223.75,869
2026-09-21 09:14:00-04:00,30223.25,30226.0,30220.25,30223.25,892
2026-09-21 09:15:00-04:00,30223.75,30229.5,30223.5,30229.5,675
2026-09-21 09:16:00-04:00,30229.5,30230.0,30225.25,30226.25,583
2026-09-21 09:17:00-04:00,30226.25,30228.25,30222.25,30223.5,727
2026-09-21 09:18:00-04:00,30223.5,30226.25,30223.0,30225.0,344
2026-09-21 09:19:00-04:00,30225.25,30231.75,30225.25,30230.25,814
2026-09-21 09:20:00-04:00,30230.0,30230.5,30212.0,30219.25,2004
2026-09-21 09:21:00-04:00,30219.25,30222.0,30217.5,30219.25,804
2026-09-21 09:22:00-04:00,30219.0,30219.5,30210.5,30212.0,1903
2026-09-21 09:23:00-04:00,30212.0,30214.5,30208.0,30209.75,1659
2026-09-21 09:24:00-04:00,30210.0,30211.0,30202.25,30202.75,1873
2026-09-21 09:25:00-04:00,30203.0,30213.75,30203.0,30212.25,2882
2026-09-21 09:26:00-04:00,30212.5,30227.25,30210.0,30218.5,3920
2026-09-21 09:27:00-04:00,30219.0,30233.0,30213.0,30232.5,3053
2026-09-21 09:28:00-04:00,30232.75,30232.75,30209.25,30209.75,2937
2026-09-21 09:29:00-04:00,30210.0,30223.5,30208.75,30222.0,2491
2026-09-21 09:30:00-04:00,30221.75,30260.75,30221.75,30253.5,15219
2026-09-21 09:31:00-04:00,30253.0,30255.25,30229.75,30253.25,11625
2026-09-21 09:32:00-04:00,30254.0,30259.25,30236.25,30238.25,9502
2026-09-21 09:33:00-04:00,30238.5,30240.0,30216.5,30224.5,10861
2026-09-21 09:34:00-04:00,30225.0,30252.0,30223.5,30251.5,8446
2026-09-21 09:35:00-04:00,30251.75,30259.0,30235.0,30256.25,9732
2026-09-21 09:36:00-04:00,30256.5,30265.0,30244.25,30264.25,8536
2026-09-21 09:37:00-04:00,30264.0,30296.0,30257.75,30292.0,17010
2026-09-21 09:38:00-04:00,30291.75,30293.75,30282.5,30291.75,6690
2026-09-21 09:39:00-04:00,30292.5,30303.75,30287.5,30297.25,7793
2026-09-21 09:40:00-04:00,30297.0,30310.25,30296.75,30307.0,8520
2026-09-21 09:41:00-04:00,30307.25,30313.25,30302.5,30307.75,5838
2026-09-21 09:42:00-04:00,30308.0,30316.0,30305.5,30315.0,4934
2026-09-21 09:43:00-04:00,30314.5,30328.75,30311.75,30323.5,7742
2026-09-21 09:44:00-04:00,30323.25,30340.75,30320.75,30340.0,7202
2026-09-21 09:45:00-04:00,30340.25,30366.75,30339.75,30366.5,13943
2026-09-21 09:46:00-04:00,30366.75,30369.0,30358.75,30365.25,6811
2026-09-21 09:47:00-04:00,30365.25,30365.75,30355.5,30358.0,5198
2026-09-21 09:48:00-04:00,30358.25,30371.75,30357.0,30364.75,5891
2026-09-21 09:49:00-04:00,30364.5,30365.5,30356.5,30358.75,4491
2026-09-21 09:50:00-04:00,30358.75,30361.0,30351.75,30357.0,5250
2026-09-21 09:51:00-04:00,30357.25,30383.25,30357.25,30371.0,8448
2026-09-21 09:52:00-04:00,30371.75,30396.0,30371.25,30392.0,12895
2026-09-21 09:53:00-04:00,30392.0,30399.75,30390.75,30399.25,5183
2026-09-21 09:54:00-04:00,30399.25,30408.5,30394.0,30407.75,8097
2026-09-21 09:55:00-04:00,30407.75,30408.25,30395.0,30403.0,6091
2026-09-21 09:56:00-04:00,30402.25,30408.0,30396.0,30398.0,4315
2026-09-21 09:57:00-04:00,30397.75,30418.0,30394.5,30417.75,6637
2026-09-21 09:58:00-04:00,30417.25,30422.75,30406.75,30409.5,7788
2026-09-21 09:59:00-04:00,30410.0,30419.5,30404.75,30417.0,5646
2026-09-21 10:00:00-04:00,30416.5,30426.75,30411.75,30418.75,7676
2026-09-21 10:01:00-04:00,30419.0,30438.25,30416.75,30429.75,10109
2026-09-21 10:02:00-04:00,30429.75,30430.5,30414.0,30423.25,6128
2026-09-21 10:03:00-04:00,30423.0,30424.75,30410.5,30413.25,4811
2026-09-21 10:04:00-04:00,30414.0,30422.0,30413.5,30417.0,4210
2026-09-21 10:05:00-04:00,30417.5,30419.0,30398.75,30410.5,9179
2026-09-21 10:06:00-04:00,30410.25,30410.75,30401.5,30402.75,3607
2026-09-21 10:07:00-04:00,30403.0,30408.75,30396.75,30403.25,5227
2026-09-21 10:08:00-04:00,30403.25,30416.25,30402.5,30415.5,4771
2026-09-21 10:09:00-04:00,30415.75,30421.75,30406.25,30408.25,5658
2026-09-21 10:10:00-04:00,30408.5,30427.25,30408.25,30421.0,6488
2026-09-21 10:11:00-04:00,30421.5,30429.0,30417.75,30426.0,4698
2026-09-21 10:12:00-04:00,30425.75,30434.5,30423.5,30432.75,6433
2026-09-21 10:13:00-04:00,30432.75,30450.0,30431.25,30442.5,9551
2026-09-21 10:14:00-04:00,30442.5,30444.0,30432.25,30437.25,4892
2026-09-21 10:15:00-04:00,30437.5,30455.25,30437.5,30453.5,7622
2026-09-21 10:16:00-04:00,30453.75,30471.0,30451.75,30467.5,9522
2026-09-21 10:17:00-04:00,30468.25,30469.0,30460.25,30463.5,4659
2026-09-21 10:18:00-04:00,30463.25,30471.25,30463.0,30468.5,3569
2026-09-21 10:19:00-04:00,30468.75,30470.0,30462.25,30468.75,3193
2026-09-21 10:20:00-04:00,30468.75,30469.5,30457.25,30458.0,4280
2026-09-21 10:21:00-04:00,30457.75,30488.5,30456.0,30487.25,10384
2026-09-21 10:22:00-04:00,30487.25,30498.75,30485.25,30497.5,8117
2026-09-21 10:23:00-04:00,30497.5,30503.75,30491.25,30502.25,6556
2026-09-21 10:24:00-04:00,30502.5,30505.25,30498.0,30502.25,5648
2026-09-21 10:25:00-04:00,30502.5,30502.75,30493.25,30500.0,4588
2026-09-21 10:26:00-04:00,30500.0,30510.0,30497.75,30506.25,6103
2026-09-21 10:27:00-04:00,30506.5,30514.5,30504.0,30512.0,5372
2026-09-21 10:28:00-04:00,30512.0,30519.75,30511.25,30516.5,5228
2026-09-21 10:29:00-04:00,30516.25,30519.75,30512.0,30518.0,4469
2026-09-21 10:30:00-04:00,30518.75,30525.75,30510.25,30524.75,5382
2026-09-21 10:31:00-04:00,30524.75,30527.5,30514.0,30522.0,6365
2026-09-21 10:32:00-04:00,30522.0,30534.25,30518.25,30527.0,6749
2026-09-21 10:33:00-04:00,30527.25,30531.0,30523.25,30527.5,3663
2026-09-21 10:34:00-04:00,30527.25,30529.25,30520.25,30524.0,3433
2026-09-21 10:35:00-04:00,30524.25,30532.25,30524.25,30531.0,3481
2026-09-21 10:36:00-04:00,30530.75,30548.5,30529.25,30547.0,9741
2026-09-21 10:37:00-04:00,30547.25,30556.5,30546.25,30546.75,7795
2026-09-21 10:38:00-04:00,30546.5,30548.5,30531.75,30532.75,6694
2026-09-21 10:39:00-04:00,30532.75,30537.5,30525.25,30531.0,6600
2026-09-21 10:40:00-04:00,30531.25,30532.25,30522.0,30526.25,5263
2026-09-21 10:41:00-04:00,30526.0,30539.5,30517.75,30522.0,8951
2026-09-21 10:42:00-04:00,30521.75,30522.5,30510.25,30512.0,5917
2026-09-21 10:43:00-04:00,30511.75,30513.25,30500.5,30509.5,7381
2026-09-21 10:44:00-04:00,30509.0,30519.0,30504.5,30517.0,5182
2026-09-21 10:45:00-04:00,30517.0,30517.75,30504.0,30507.5,5621
2026-09-21 10:46:00-04:00,30507.5,30525.0,30507.25,30520.0,5505
2026-09-21 10:47:00-04:00,30519.75,30531.5,30517.0,30526.5,6356
2026-09-21 10:48:00-04:00,30526.0,30531.5,30522.25,30529.25,3306
2026-09-21 10:49:00-04:00,30529.75,30531.0,30519.0,30519.0,3398
2026-09-21 10:50:00-04:00,30519.0,30522.75,30507.0,30509.25,5828
2026-09-21 10:51:00-04:00,30509.25,30522.0,30508.25,30518.25,3329
2026-09-21 10:52:00-04:00,30518.25,30524.25,30513.0,30517.25,2605
2026-09-21 10:53:00-04:00,30517.25,30521.25,30506.25,30507.25,2893
2026-09-21 10:54:00-04:00,30507.0,30529.25,30506.75,30528.25,4990
2026-09-21 10:55:00-04:00,30528.25,30528.25,30522.0,30524.0,2077
2026-09-21 10:56:00-04:00,30524.25,30543.75,30519.25,30543.0,6856
2026-09-21 10:57:00-04:00,30542.5,30546.5,30538.5,30541.5,5267
2026-09-21 10:58:00-04:00,30541.0,30564.5,30539.25,30551.0,7906
2026-09-21 10:59:00-04:00,30551.0,30551.5,30543.75,30550.25,4016
2026-09-21 11:00:00-04:00,30550.75,30561.5,30549.25,30556.75,6105
2026-09-21 11:01:00-04:00,30556.75,30560.0,30552.25,30557.0,3913
2026-09-21 11:02:00-04:00,30556.75,30559.75,30552.25,30557.25,2966
2026-09-21 11:03:00-04:00,30557.25,30574.75,30556.75,30569.0,7003
2026-09-21 11:04:00-04:00,30569.5,30577.0,30567.0,30576.25,5993
2026-09-21 11:05:00-04:00,30576.25,30577.0,30568.5,30570.25,4392
2026-09-21 11:06:00-04:00,30570.75,30571.0,30564.0,30565.25,4043
2026-09-21 11:07:00-04:00,30565.0,30573.75,30565.0,30571.25,2916
2026-09-21 11:08:00-04:00,30571.0,30574.0,30567.0,30572.5,1794
2026-09-21 11:09:00-04:00,30572.25,30579.75,30570.25,30575.5,3695
2026-09-21 11:10:00-04:00,30576.25,30577.0,30568.75,30569.75,3397
2026-09-21 11:11:00-04:00,30570.0,30572.25,30566.5,30571.25,2288
2026-09-21 11:12:00-04:00,30571.5,30581.25,30568.75,30580.0,4166
2026-09-21 11:13:00-04:00,30580.0,30581.0,30571.75,30574.0,3158
2026-09-21 11:14:00-04:00,30574.25,30576.25,30570.0,30575.5,2712
2026-09-21 11:15:00-04:00,30575.25,30589.0,30575.25,30579.75,4598
2026-09-21 11:16:00-04:00,30580.0,30582.0,30573.25,30576.5,2589
2026-09-21 11:17:00-04:00,30576.5,30578.75,30570.75,30578.75,3140
2026-09-21 11:18:00-04:00,30578.75,30582.25,30577.0,30579.0,2386
2026-09-21 11:19:00-04:00,30579.0,30586.75,30577.75,30585.0,3405
2026-09-21 11:20:00-04:00,30585.25,30586.0,30575.25,30577.75,2619
2026-09-21 11:21:00-04:00,30578.0,30582.75,30576.75,30580.0,2107
2026-09-21 11:22:00-04:00,30579.75,30580.75,30570.0,30576.0,2849
2026-09-21 11:23:00-04:00,30575.75,30577.0,30570.75,30574.25,1794
2026-09-21 11:24:00-04:00,30574.5,30577.0,30571.75,30574.0,1242
2026-09-21 11:25:00-04:00,30574.0,30581.25,30571.0,30576.25,2533
2026-09-21 11:26:00-04:00,30576.5,30581.5,30575.25,30578.25,1467
2026-09-21 11:27:00-04:00,30578.25,30588.5,30577.5,30581.5,2768
2026-09-21 11:28:00-04:00,30581.75,30586.25,30578.0,30578.25,2277
2026-09-21 11:29:00-04:00,30578.0,30586.75,30578.0,30584.5,1819
2026-09-21 11:30:00-04:00,30584.5,30595.0,30584.25,30594.75,5806
2026-09-21 11:31:00-04:00,30594.25,30594.5,30588.5,30593.0,2504
2026-09-21 11:32:00-04:00,30592.75,30593.75,30588.25,30589.5,1909
2026-09-21 11:33:00-04:00,30590.0,30592.0,30586.75,30588.0,2037
2026-09-21 11:34:00-04:00,30588.25,30591.25,30579.25,30582.5,3420
2026-09-21 11:35:00-04:00,30582.25,30586.75,30580.0,30582.0,2053
2026-09-21 11:36:00-04:00,30582.0,30598.25,30581.25,30592.25,6253
2026-09-21 11:37:00-04:00,30592.5,30598.0,30590.75,30597.25,2543
2026-09-21 11:38:00-04:00,30597.0,30599.75,30593.25,30597.75,3414
2026-09-21 11:39:00-04:00,30598.0,30617.75,30597.5,30607.75,9261
2026-09-21 11:40:00-04:00,30607.75,30610.5,30600.75,30602.75,4157
2026-09-21 11:41:00-04:00,30603.0,30607.5,30598.5,30606.75,3564
2026-09-21 11:42:00-04:00,30606.5,30607.75,30600.5,30606.0,1723
2026-09-21 11:43:00-04:00,30606.25,30611.25,30606.0,30609.0,2299
2026-09-21 11:44:00-04:00,30609.25,30614.75,30608.25,30613.5,2737
2026-09-21 11:45:00-04:00,30613.25,30624.0,30613.25,30620.0,6909
2026-09-21 11:46:00-04:00,30620.5,30625.25,30620.0,30624.0,3277
2026-09-21 11:47:00-04:00,30624.0,30632.5,30622.0,30630.75,4890
2026-09-21 11:48:00-04:00,30631.0,30631.0,30625.75,30627.5,2872
2026-09-21 11:49:00-04:00,30627.5,30628.75,30622.75,30624.5,2791
2026-09-21 11:50:00-04:00,30624.25,30639.5,30615.25,30621.75,12042
2026-09-21 11:51:00-04:00,30621.5,30623.75,30615.0,30616.75,3381
2026-09-21 11:52:00-04:00,30616.75,30624.5,30616.0,30620.5,2465
2026-09-21 11:53:00-04:00,30620.25,30624.5,30619.0,30621.75,1330
2026-09-21 11:54:00-04:00,30621.5,30622.75,30611.5,30612.5,2902
2026-09-21 11:55:00-04:00,30613.0,30616.75,30608.0,30615.75,3761
2026-09-21 11:56:00-04:00,30615.5,30617.5,30612.0,30613.25,1853
2026-09-21 11:57:00-04:00,30613.25,30613.5,30601.75,30606.25,3755
2026-09-21 11:58:00-04:00,30606.25,30610.0,30601.5,30608.5,2486
2026-09-21 11:59:00-04:00,30608.25,30611.25,30602.25,30610.25,2498
2026-09-21 12:00:00-04:00,30610.25,30610.75,30601.25,30606.25,2677
2026-09-21 12:01:00-04:00,30606.5,30609.0,30604.75,30608.25,1331
2026-09-21 12:02:00-04:00,30608.25,30622.75,30607.75,30620.75,5034
2026-09-21 12:03:00-04:00,30621.25,30627.0,30620.5,30626.0,3032
2026-09-21 12:04:00-04:00,30625.75,30632.75,30624.5,30629.75,3449
2026-09-21 12:05:00-04:00,30630.25,30634.0,30627.0,30627.75,3067
2026-09-21 12:06:00-04:00,30628.25,30631.25,30623.5,30623.75,2862
2026-09-21 12:07:00-04:00,30623.75,30649.25,30619.5,30638.75,16463
2026-09-21 12:08:00-04:00,30639.0,30643.5,30636.0,30641.25,3635
2026-09-21 12:09:00-04:00,30641.5,30655.75,30640.25,30652.25,6764
2026-09-21 12:10:00-04:00,30652.75,30659.5,30648.25,30658.75,5111
2026-09-21 12:11:00-04:00,30658.75,30661.5,30656.0,30656.75,3371
2026-09-21 12:12:00-04:00,30656.75,30657.0,30646.5,30651.75,5560
2026-09-21 12:13:00-04:00,30651.75,30660.0,30649.25,30650.0,2916
2026-09-21 12:14:00-04:00,30649.75,30653.5,30645.75,30652.75,2497
2026-09-21 12:15:00-04:00,30652.75,30660.5,30652.75,30658.0,3837
2026-09-21 12:16:00-04:00,30658.0,30663.0,30655.75,30659.5,2291
2026-09-21 12:17:00-04:00,30659.5,30664.25,30652.0,30652.5,4644
2026-09-21 12:18:00-04:00,30652.5,30656.75,30648.0,30651.75,2947
2026-09-21 12:19:00-04:00,30651.5,30659.0,30651.25,30657.25,2527
2026-09-21 12:20:00-04:00,30657.5,30667.5,30655.5,30658.0,4959
2026-09-21 12:21:00-04:00,30658.0,30664.0,30652.25,30663.0,3266
2026-09-21 12:22:00-04:00,30663.0,30669.25,30661.25,30666.25,3255
2026-09-21 12:23:00-04:00,30666.5,30669.5,30663.5,30669.5,1525
2026-09-21 12:24:00-04:00,30669.5,30672.0,30665.5,30670.5,2670
2026-09-21 12:25:00-04:00,30670.25,30673.0,30668.0,30671.75,2048
2026-09-21 12:26:00-04:00,30671.75,30677.0,30667.0,30675.5,2897
2026-09-21 12:27:00-04:00,30675.0,30685.75,30674.75,30685.75,4488
2026-09-21 12:28:00-04:00,30685.75,30687.75,30682.5,30684.75,3729
2026-09-21 12:29:00-04:00,30685.0,30685.5,30676.5,30678.25,3485
2026-09-21 12:30:00-04:00,30678.0,30686.25,30676.75,30685.5,3139
2026-09-21 12:31:00-04:00,30685.5,30693.75,30684.25,30692.25,3695
2026-09-21 12:32:00-04:00,30692.5,30699.75,30690.0,30697.0,5213
2026-09-21 12:33:00-04:00,30696.75,30703.75,30695.5,30698.5,5203
2026-09-21 12:34:00-04:00,30698.75,30699.75,30691.75,30696.75,3471
2026-09-21 12:35:00-04:00,30696.5,30699.75,30693.25,30695.25,2083
2026-09-21 12:36:00-04:00,30695.25,30698.25,30690.5,30693.25,2458
2026-09-21 12:37:00-04:00,30693.25,30694.5,30682.5,30683.0,3252
2026-09-21 12:38:00-04:00,30682.75,30683.25,30673.75,30676.75,4561
2026-09-21 12:39:00-04:00,30676.5,30677.0,30665.5,30667.25,3647
2026-09-21 12:40:00-04:00,30667.25,30678.0,30666.25,30677.0,3765
2026-09-21 12:41:00-04:00,30677.25,30680.5,30669.25,30677.25,3064
2026-09-21 12:42:00-04:00,30677.0,30683.0,30676.0,30679.5,2865
2026-09-21 12:43:00-04:00,30679.25,30683.5,30677.75,30679.0,1892
2026-09-21 12:44:00-04:00,30679.25,30680.5,30668.75,30669.75,3440
2026-09-21 12:45:00-04:00,30670.25,30679.5,30669.75,30674.25,2557
2026-09-21 12:46:00-04:00,30675.0,30680.75,30671.25,30676.75,2029
2026-09-21 12:47:00-04:00,30676.75,30678.75,30672.75,30678.0,1590
2026-09-21 12:48:00-04:00,30678.25,30681.5,30670.75,30677.0,1575
2026-09-21 12:49:00-04:00,30677.25,30678.5,30674.0,30678.25,882
2026-09-21 12:50:00-04:00,30678.25,30682.5,30676.75,30679.0,1849
2026-09-21 12:51:00-04:00,30678.5,30678.5,30671.0,30674.0,1620
2026-09-21 12:52:00-04:00,30673.75,30674.75,30663.0,30671.0,3695
2026-09-21 12:53:00-04:00,30671.0,30673.5,30666.75,30668.75,2058
2026-09-21 12:54:00-04:00,30669.25,30675.0,30668.5,30674.0,1742
2026-09-21 12:55:00-04:00,30674.25,30680.0,30673.5,30678.5,2123
2026-09-21 12:56:00-04:00,30678.75,30679.75,30670.0,30671.0,2123
2026-09-21 12:57:00-04:00,30670.75,30678.5,30670.75,30676.5,1534
2026-09-21 12:58:00-04:00,30677.0,30678.5,30673.75,30675.75,1043
2026-09-21 12:59:00-04:00,30675.5,30681.0,30675.25,30680.25,1491
2026-09-21 13:00:00-04:00,30680.5,30686.0,30678.5,30683.25,2862
2026-09-21 13:01:00-04:00,30683.25,30688.0,30681.75,30684.25,2516
2026-09-21 13:02:00-04:00,30684.5,30685.5,30680.25,30681.75,1601
2026-09-21 13:03:00-04:00,30682.0,30686.0,30680.0,30684.0,1126
2026-09-21 13:04:00-04:00,30683.5,30687.25,30679.0,30685.25,2051
2026-09-21 13:05:00-04:00,30685.25,30693.75,30685.25,30691.75,2747
2026-09-21 13:06:00-04:00,30691.5,30693.75,30687.75,30689.5,1688
2026-09-21 13:07:00-04:00,30689.25,30690.5,30682.0,30682.0,2045
2026-09-21 13:08:00-04:00,30682.25,30683.0,30675.75,30680.0,2891
2026-09-21 13:09:00-04:00,30679.75,30682.0,30676.25,30681.0,1605
2026-09-21 13:10:00-04:00,30680.75,30682.0,30676.0,30678.5,1606
2026-09-21 13:11:00-04:00,30679.0,30681.75,30675.75,30681.5,1239
2026-09-21 13:12:00-04:00,30681.25,30689.0,30680.0,30688.5,2997
2026-09-21 13:13:00-04:00,30688.5,30690.5,30687.25,30688.0,1557
2026-09-21 13:14:00-04:00,30688.0,30696.0,30685.75,30688.75,3157
2026-09-21 13:15:00-04:00,30688.75,30692.0,30686.25,30688.0,2185
2026-09-21 13:16:00-04:00,30688.0,30689.0,30683.75,30684.5,1723
2026-09-21 13:17:00-04:00,30684.25,30685.5,30680.0,30683.25,2560
2026-09-21 13:18:00-04:00,30683.0,30690.25,30680.75,30688.25,1868
2026-09-21 13:19:00-04:00,30688.25,30691.25,30686.5,30688.5,1426
2026-09-21 13:20:00-04:00,30689.0,30693.25,30688.5,30691.25,1577
2026-09-21 13:21:00-04:00,30691.0,30692.5,30687.0,30688.75,1423
2026-09-21 13:22:00-04:00,30688.75,30689.5,30678.0,30680.5,2585
2026-09-21 13:23:00-04:00,30680.5,30682.75,30671.5,30673.25,3168
2026-09-21 13:24:00-04:00,30673.0,30673.75,30667.25,30670.75,2732
2026-09-21 13:25:00-04:00,30670.75,30675.0,30668.75,30671.5,2071
2026-09-21 13:26:00-04:00,30671.75,30675.25,30667.5,30668.25,1857
2026-09-21 13:27:00-04:00,30668.0,30676.0,30664.25,30675.25,3359
2026-09-21 13:28:00-04:00,30675.25,30682.75,30671.75,30681.5,3029
2026-09-21 13:29:00-04:00,30681.25,30689.5,30681.0,30687.25,3670
2026-09-21 13:30:00-04:00,30687.75,30692.25,30685.25,30692.25,2328
2026-09-21 13:31:00-04:00,30692.25,30698.25,30676.5,30684.25,6498
2026-09-21 13:32:00-04:00,30684.0,30684.25,30677.75,30681.5,1981
2026-09-21 13:33:00-04:00,30681.75,30683.0,30675.25,30678.5,1669
2026-09-21 13:34:00-04:00,30678.5,30679.5,30673.5,30675.5,1620
2026-09-21 13:35:00-04:00,30675.5,30680.0,30670.75,30677.0,2173
2026-09-21 13:36:00-04:00,30677.5,30681.25,30677.0,30679.25,1305
2026-09-21 13:37:00-04:00,30679.5,30684.25,30674.0,30675.0,2286
2026-09-21 13:38:00-04:00,30675.0,30681.75,30675.0,30681.0,1220
2026-09-21 13:39:00-04:00,30680.75,30683.75,30677.75,30680.5,1152
2026-09-21 13:40:00-04:00,30680.5,30684.25,30678.25,30682.25,1401
2026-09-21 13:41:00-04:00,30682.5,30688.75,30682.5,30686.5,1651
2026-09-21 13:42:00-04:00,30686.5,30700.0,30686.5,30697.5,3883
2026-09-21 13:43:00-04:00,30697.5,30702.75,30694.25,30701.75,2443
2026-09-21 13:44:00-04:00,30701.75,30716.75,30701.25,30714.0,6524
2026-09-21 13:45:00-04:00,30714.25,30723.25,30713.75,30721.25,4101
2026-09-21 13:46:00-04:00,30721.25,30724.75,30718.5,30720.75,3249
2026-09-21 13:47:00-04:00,30720.75,30722.0,30710.5,30712.0,4161
2026-09-21 13:48:00-04:00,30711.75,30714.75,30709.5,30710.25,1951
2026-09-21 13:49:00-04:00,30710.25,30717.5,30708.25,30712.5,2469
2026-09-21 13:50:00-04:00,30712.25,30716.75,30710.75,30711.5,1466
2026-09-21 13:51:00-04:00,30711.75,30716.0,30711.5,30715.75,1084
2026-09-21 13:52:00-04:00,30715.5,30719.5,30714.75,30718.25,1654
2026-09-21 13:53:00-04:00,30718.5,30720.5,30716.5,30719.75,1961
2026-09-21 13:54:00-04:00,30719.75,30723.0,30718.0,30719.0,1775
2026-09-21 13:55:00-04:00,30718.75,30719.25,30712.0,30716.0,2157
2026-09-21 13:56:00-04:00,30715.75,30719.25,30710.5,30711.0,1627
2026-09-21 13:57:00-04:00,30711.25,30713.75,30709.0,30712.25,1581
2026-09-21 13:58:00-04:00,30712.5,30718.25,30712.0,30714.5,1308
2026-09-21 13:59:00-04:00,30714.25,30714.5,30710.25,30712.75,940
2026-09-21 14:00:00-04:00,30712.75,30716.75,30711.75,30714.75,1708
2026-09-21 14:01:00-04:00,30714.25,30718.5,30713.25,30717.5,1372
2026-09-21 14:02:00-04:00,30717.5,30722.25,30717.25,30721.5,1648
2026-09-21 14:03:00-04:00,30721.0,30724.25,30716.75,30718.75,1722
2026-09-21 14:04:00-04:00,30718.5,30724.5,30717.0,30724.5,1414
2026-09-21 14:05:00-04:00,30724.5,30729.0,30723.75,30727.5,4219
2026-09-21 14:06:00-04:00,30727.5,30729.0,30724.5,30728.75,1292
2026-09-21 14:07:00-04:00,30728.5,30730.75,30726.5,30729.5,1952
2026-09-21 14:08:00-04:00,30729.25,30732.0,30723.5,30727.75,2519
2026-09-21 14:09:00-04:00,30727.75,30728.5,30721.25,30724.0,1875
2026-09-21 14:10:00-04:00,30724.25,30728.5,30722.75,30724.0,1765
2026-09-21 14:11:00-04:00,30724.0,30728.25,30719.75,30727.5,1500
2026-09-21 14:12:00-04:00,30727.5,30728.25,30724.25,30725.75,803
2026-09-21 14:13:00-04:00,30726.0,30730.25,30725.25,30729.25,1489
2026-09-21 14:14:00-04:00,30728.75,30736.75,30728.75,30730.25,4300
2026-09-21 14:15:00-04:00,30730.75,30738.75,30729.5,30738.0,2606
2026-09-21 14:16:00-04:00,30738.0,30740.25,30732.5,30733.0,3159
2026-09-21 14:17:00-04:00,30733.0,30738.0,30732.0,30735.75,1360
2026-09-21 14:18:00-04:00,30736.0,30745.25,30736.0,30741.5,3722
2026-09-21 14:19:00-04:00,30741.5,30742.25,30734.75,30739.0,1887
2026-09-21 14:20:00-04:00,30739.5,30743.25,30738.75,30741.5,1487
2026-09-21 14:21:00-04:00,30742.0,30747.75,30739.0,30744.5,2491
2026-09-21 14:22:00-04:00,30744.0,30756.25,30744.0,30755.5,4208
2026-09-21 14:23:00-04:00,30755.0,30757.25,30752.25,30755.75,2552
2026-09-21 14:24:00-04:00,30755.75,30756.75,30752.75,30754.5,1542
2026-09-21 14:25:00-04:00,30754.75,30758.5,30750.0,30755.0,2617
2026-09-21 14:26:00-04:00,30754.75,30756.0,30748.0,30750.0,2695
2026-09-21 14:27:00-04:00,30750.25,30754.75,30749.75,30753.0,1489
2026-09-21 14:28:00-04:00,30753.0,30759.75,30753.0,30755.5,2086
2026-09-21 14:29:00-04:00,30755.75,30757.25,30751.75,30753.0,1730
2026-09-21 14:30:00-04:00,30753.75,30755.5,30750.5,30753.0,1697
2026-09-21 14:31:00-04:00,30752.75,30755.5,30744.0,30744.75,3190
2026-09-21 14:32:00-04:00,30745.0,30747.0,30735.5,30740.5,3046
2026-09-21 14:33:00-04:00,30740.75,30746.5,30737.5,30743.0,2518
2026-09-21 14:34:00-04:00,30743.25,30743.75,30739.25,30743.0,1112
2026-09-21 14:35:00-04:00,30743.25,30748.25,30738.75,30743.25,2471
2026-09-21 14:36:00-04:00,30742.75,30750.25,30741.25,30749.25,2151
2026-09-21 14:37:00-04:00,30749.25,30754.0,30748.25,30753.5,1900
2026-09-21 14:38:00-04:00,30753.25,30762.0,30753.25,30756.5,3675
2026-09-21 14:39:00-04:00,30756.75,30763.25,30756.75,30762.75,2076
2026-09-21 14:40:00-04:00,30762.75,30764.0,30756.25,30760.0,2378
2026-09-21 14:41:00-04:00,30760.0,30765.5,30757.25,30762.5,1887
2026-09-21 14:42:00-04:00,30762.75,30767.25,30762.5,30764.0,2009
2026-09-21 14:43:00-04:00,30763.5,30767.0,30760.0,30764.75,2025
2026-09-21 14:44:00-04:00,30765.25,30766.5,30762.75,30765.25,1199
2026-09-21 14:45:00-04:00,30765.25,30773.0,30765.0,30765.5,3986
2026-09-21 14:46:00-04:00,30765.25,30766.5,30761.5,30764.0,1947
2026-09-21 14:47:00-04:00,30764.75,30772.25,30764.0,30771.5,1620
2026-09-21 14:48:00-04:00,30771.25,30774.75,30769.25,30773.25,1950
2026-09-21 14:49:00-04:00,30773.5,30775.0,30769.5,30772.5,1788
2026-09-21 14:50:00-04:00,30772.5,30785.0,30772.5,30781.0,5950
2026-09-21 14:51:00-04:00,30781.25,30786.0,30781.0,30786.0,2219
2026-09-21 14:52:00-04:00,30785.5,30786.0,30780.75,30781.25,2133
2026-09-21 14:53:00-04:00,30781.0,30795.0,30780.75,30795.0,4363
2026-09-21 14:54:00-04:00,30795.0,30798.75,30791.0,30791.5,3670
2026-09-21 14:55:00-04:00,30792.0,30795.0,30788.0,30789.75,2243
2026-09-21 14:56:00-04:00,30790.0,30792.25,30786.25,30790.0,1880
2026-09-21 14:57:00-04:00,30790.25,30792.5,30786.25,30787.75,1653
2026-09-21 14:58:00-04:00,30787.75,30790.0,30781.0,30782.25,2556
2026-09-21 14:59:00-04:00,30782.5,30789.25,30778.25,30786.75,2922
2026-09-21 15:00:00-04:00,30786.75,30797.0,30784.0,30785.75,4593
2026-09-21 15:01:00-04:00,30786.0,30790.0,30784.25,30789.25,2081
2026-09-21 15:02:00-04:00,30788.75,30793.5,30786.0,30788.5,1760
2026-09-21 15:03:00-04:00,30788.25,30788.25,30783.5,30784.75,1601
2026-09-21 15:04:00-04:00,30785.0,30788.0,30775.25,30777.25,2696
2026-09-21 15:05:00-04:00,30777.5,30780.75,30773.25,30773.5,2784
2026-09-21 15:06:00-04:00,30773.5,30785.0,30772.5,30784.25,2720
2026-09-21 15:07:00-04:00,30784.0,30787.0,30781.75,30785.75,1755
2026-09-21 15:08:00-04:00,30786.0,30790.25,30785.25,30786.0,2358
2026-09-21 15:09:00-04:00,30786.75,30791.0,30786.75,30789.0,1578
2026-09-21 15:10:00-04:00,30789.0,30789.0,30778.5,30782.5,2732
2026-09-21 15:11:00-04:00,30782.5,30790.25,30781.25,30789.0,1729
2026-09-21 15:12:00-04:00,30789.5,30795.75,30788.75,30794.5,2745
2026-09-21 15:13:00-04:00,30794.5,30797.75,30793.0,30797.0,2033
2026-09-21 15:14:00-04:00,30797.0,30802.5,30794.75,30801.5,3095
2026-09-21 15:15:00-04:00,30801.5,30801.75,30794.25,30800.25,2922
2026-09-21 15:16:00-04:00,30800.25,30804.0,30797.75,30804.0,1757
2026-09-21 15:17:00-04:00,30803.5,30806.0,30802.25,30804.25,2323
2026-09-21 15:18:00-04:00,30804.25,30806.75,30801.75,30802.25,1659
2026-09-21 15:19:00-04:00,30802.0,30807.25,30800.75,30805.5,1643
2026-09-21 15:20:00-04:00,30805.25,30806.5,30800.5,30803.0,1680
2026-09-21 15:21:00-04:00,30802.75,30806.0,30796.0,30805.0,3142
2026-09-21 15:22:00-04:00,30805.0,30809.75,30803.5,30808.5,2103
2026-09-21 15:23:00-04:00,30808.75,30813.5,30804.75,30805.5,3251
2026-09-21 15:24:00-04:00,30805.25,30806.5,30801.75,30802.5,1494
2026-09-21 15:25:00-04:00,30803.0,30806.25,30797.75,30799.0,1629
2026-09-21 15:26:00-04:00,30799.0,30805.5,30797.75,30805.25,1592
2026-09-21 15:27:00-04:00,30805.5,30808.75,30805.0,30806.0,1432
2026-09-21 15:28:00-04:00,30806.25,30812.5,30804.75,30807.0,2213
2026-09-21 15:29:00-04:00,30807.5,30808.75,30802.25,30803.5,1823
2026-09-21 15:30:00-04:00,30803.25,30810.25,30800.25,30809.0,2330
2026-09-21 15:31:00-04:00,30808.75,30813.0,30804.25,30812.25,2338
2026-09-21 15:32:00-04:00,30812.0,30822.75,30811.5,30819.0,4888
2026-09-21 15:33:00-04:00,30819.25,30831.0,30818.75,30829.5,4389
2026-09-21 15:34:00-04:00,30829.5,30838.0,30828.5,30835.75,3768
2026-09-21 15:35:00-04:00,30835.5,30838.25,30832.5,30834.75,3026
2026-09-21 15:36:00-04:00,30834.75,30839.25,30832.75,30838.75,2163
2026-09-21 15:37:00-04:00,30839.0,30849.25,30837.5,30848.5,5112
2026-09-21 15:38:00-04:00,30848.5,30863.0,30848.5,30861.25,6106
2026-09-21 15:39:00-04:00,30861.5,30861.75,30853.75,30854.0,3378
2026-09-21 15:40:00-04:00,30854.5,30858.0,30840.0,30841.75,5360
2026-09-21 15:41:00-04:00,30842.0,30846.5,30834.0,30835.75,3705
2026-09-21 15:42:00-04:00,30835.75,30838.25,30827.75,30828.5,3173
2026-09-21 15:43:00-04:00,30828.5,30838.75,30826.75,30835.75,2920
2026-09-21 15:44:00-04:00,30835.75,30838.5,30832.5,30835.5,2086
2026-09-21 15:45:00-04:00,30835.25,30837.75,30823.0,30835.75,4530
2026-09-21 15:46:00-04:00,30835.5,30837.75,30826.5,30829.0,2388
2026-09-21 15:47:00-04:00,30828.75,30835.75,30828.0,30829.5,1990
2026-09-21 15:48:00-04:00,30829.5,30834.0,30824.25,30828.75,2090
2026-09-21 15:49:00-04:00,30828.5,30829.25,30821.5,30825.75,2717
2026-09-21 15:50:00-04:00,30825.75,30825.75,30787.75,30802.0,11774
2026-09-21 15:51:00-04:00,30802.25,30809.25,30796.25,30803.75,4915
2026-09-21 15:52:00-04:00,30804.0,30819.5,30804.0,30813.0,5656
2026-09-21 15:53:00-04:00,30813.25,30813.75,30802.75,30804.5,3056
2026-09-21 15:54:00-04:00,30804.0,30809.75,30793.5,30794.5,6083
2026-09-21 15:55:00-04:00,30794.75,30807.5,30788.25,30802.0,7037
2026-09-21 15:56:00-04:00,30802.25,30803.0,30794.5,30796.75,2771
2026-09-21 15:57:00-04:00,30796.75,30805.0,30793.75,30798.25,3230
2026-09-21 15:58:00-04:00,30798.25,30801.0,30792.0,30794.5,2933
2026-09-21 15:59:00-04:00,30794.75,30798.75,30778.0,30783.25,13426
2026-09-21 16:00:00-04:00,30783.75,30794.0,30775.75,30779.75,5981
2026-09-21 16:01:00-04:00,30779.25,30782.25,30774.5,30779.75,3579
2026-09-21 16:02:00-04:00,30780.25,30780.25,30772.75,30776.25,1763
2026-09-21 16:03:00-04:00,30776.75,30777.5,30769.75,30771.0,2214
2026-09-21 16:04:00-04:00,30771.5,30771.75,30763.5,30767.75,2716
2026-09-21 16:05:00-04:00,30768.0,30772.0,30766.25,30770.0,1730
2026-09-21 16:06:00-04:00,30770.0,30781.75,30769.75,30781.25,3097
2026-09-21 16:07:00-04:00,30781.25,30786.75,30778.25,30779.25,2518
2026-09-21 16:08:00-04:00,30779.25,30783.0,30775.5,30782.25,1337
2026-09-21 16:09:00-04:00,30782.25,30783.75,30780.0,30781.75,734
2026-09-21 16:10:00-04:00,30781.75,30784.0,30778.75,30779.25,740
2026-09-21 16:11:00-04:00,30779.75,30780.0,30772.0,30775.5,1503
2026-09-21 16:12:00-04:00,30775.75,30776.0,30770.75,30774.0,871
2026-09-21 16:13:00-04:00,30774.0,30782.0,30773.5,30779.0,1491
2026-09-21 16:14:00-04:00,30779.0,30782.0,30777.5,30778.25,764
2026-09-21 16:15:00-04:00,30778.5,30779.0,30773.25,30776.5,772
2026-09-21 16:16:00-04:00,30777.25,30777.25,30762.0,30766.25,2167
2026-09-21 16:17:00-04:00,30766.0,30766.0,30762.0,30764.0,955
2026-09-21 16:18:00-04:00,30763.75,30768.5,30763.25,30768.0,780
2026-09-21 16:19:00-04:00,30767.75,30771.75,30767.75,30771.25,1017
2026-09-21 16:20:00-04:00,30771.25,30772.75,30768.75,30769.75,573
2026-09-21 16:21:00-04:00,30769.75,30769.75,30765.25,30767.5,570
2026-09-21 16:22:00-04:00,30767.25,30768.0,30765.75,30767.75,321
2026-09-21 16:23:00-04:00,30767.5,30771.25,30767.5,30768.25,449
2026-09-21 16:24:00-04:00,30768.75,30772.0,30768.25,30769.0,523
2026-09-21 16:25:00-04:00,30769.25,30780.25,30769.25,30778.25,1652
2026-09-21 16:26:00-04:00,30777.75,30782.0,30777.5,30777.5,1337
2026-09-21 16:27:00-04:00,30777.5,30777.5,30775.0,30775.5,375
2026-09-21 16:28:00-04:00,30775.25,30781.25,30774.25,30781.25,509
2026-09-21 16:29:00-04:00,30780.75,30781.0,30776.25,30777.75,358
2026-09-21 16:30:00-04:00,30777.25,30778.5,30775.25,30775.75,406
2026-09-21 16:31:00-04:00,30775.0,30775.5,30772.0,30773.25,686
2026-09-21 16:32:00-04:00,30773.25,30775.0,30769.25,30771.75,605
2026-09-21 16:33:00-04:00,30771.5,30773.75,30771.0,30772.0,320
2026-09-21 16:34:00-04:00,30772.0,30773.5,30771.0,30772.5,238
2026-09-21 16:35:00-04:00,30772.25,30772.25,30769.25,30769.75,428
2026-09-21 16:36:00-04:00,30769.75,30770.0,30766.0,30766.75,687
2026-09-21 16:37:00-04:00,30766.75,30767.25,30762.25,30764.0,777
2026-09-21 16:38:00-04:00,30763.5,30765.25,30761.5,30763.25,971
2026-09-21 16:39:00-04:00,30763.0,30765.75,30761.5,30765.0,495
2026-09-21 16:40:00-04:00,30765.0,30767.25,30763.5,30764.5,711
2026-09-21 16:41:00-04:00,30764.25,30764.75,30760.75,30762.25,735
2026-09-21 16:42:00-04:00,30762.5,30763.0,30758.75,30759.75,917
2026-09-21 16:43:00-04:00,30760.25,30762.5,30759.75,30761.25,403
2026-09-21 16:44:00-04:00,30761.0,30764.0,30758.0,30762.75,908
2026-09-21 16:45:00-04:00,30762.5,30763.0,30760.5,30760.75,741
2026-09-21 16:46:00-04:00,30761.0,30764.25,30760.75,30762.25,403
2026-09-21 16:47:00-04:00,30762.25,30764.25,30760.25,30764.25,293
2026-09-21 16:48:00-04:00,30764.25,30766.75,30763.0,30765.5,527
2026-09-21 16:49:00-04:00,30764.75,30768.0,30764.75,30765.5,481
2026-09-21 16:50:00-04:00,30765.75,30767.75,30764.5,30765.5,367
2026-09-21 16:51:00-04:00,30765.5,30767.25,30763.5,30766.75,212
2026-09-21 16:52:00-04:00,30766.75,30771.0,30765.75,30766.5,466
2026-09-21 16:53:00-04:00,30766.0,30768.0,30765.75,30767.25,133
2026-09-21 16:54:00-04:00,30767.25,30770.25,30766.25,30768.5,625
2026-09-21 16:55:00-04:00,30768.5,30769.75,30767.0,30767.75,435
2026-09-21 16:56:00-04:00,30767.5,30768.5,30764.5,30768.0,296
2026-09-21 16:57:00-04:00,30768.0,30774.25,30767.5,30773.25,614
2026-09-21 16:58:00-04:00,30773.0,30778.25,30771.25,30776.25,538
2026-09-21 16:59:00-04:00,30776.25,30786.0,30773.25,30781.75,789
2026-09-21 18:00:00-04:00,30781.75,30803.25,30780.0,30789.0,0
2026-09-21 18:01:00-04:00,30788.5,30794.0,30783.25,30788.75,936
2026-09-21 18:02:00-04:00,30788.75,30790.0,30785.25,30787.5,383
2026-09-21 18:03:00-04:00,30787.0,30794.25,30786.5,30793.75,632
2026-09-21 18:04:00-04:00,30793.75,30810.0,30793.0,30809.25,1377
2026-09-21 18:05:00-04:00,30809.25,30821.0,30806.25,30809.5,1930
2026-09-21 18:06:00-04:00,30810.25,30810.5,30797.25,30801.0,1210
2026-09-21 18:07:00-04:00,30800.5,30807.25,30797.25,30804.0,667
2026-09-21 18:08:00-04:00,30803.5,30807.0,30802.5,30803.5,425
2026-09-21 18:09:00-04:00,30804.25,30807.0,30802.0,30804.0,220
2026-09-21 18:10:00-04:00,30804.0,30806.75,30802.0,30803.5,288
2026-09-21 18:11:00-04:00,30803.0,30804.0,30785.5,30801.25,1539
2026-09-21 18:12:00-04:00,30800.25,30805.75,30795.25,30797.75,632
2026-09-21 18:13:00-04:00,30796.75,30806.75,30795.25,30805.75,627
2026-09-21 18:14:00-04:00,30805.0,30810.0,30802.25,30803.75,633
2026-09-21 18:15:00-04:00,30803.0,30807.25,30802.25,30807.0,331
2026-09-21 18:16:00-04:00,30807.0,30807.0,30802.75,30803.5,215
2026-09-21 18:17:00-04:00,30803.0,30816.25,30801.25,30812.25,815
2026-09-21 18:18:00-04:00,30812.0,30812.75,30803.25,30807.25,601
2026-09-21 18:19:00-04:00,30807.25,30809.25,30805.25,30807.75,219
2026-09-21 18:20:00-04:00,30807.75,30811.0,30806.75,30807.25,401
2026-09-21 18:21:00-04:00,30807.25,30814.0,30807.0,30811.0,330
2026-09-21 18:22:00-04:00,30810.75,30812.0,30804.25,30808.5,315
2026-09-21 18:23:00-04:00,30807.75,30808.5,30803.25,30807.25,268
2026-09-21 18:24:00-04:00,30807.25,30812.0,30807.25,30811.5,296
2026-09-21 18:25:00-04:00,30811.5,30812.75,30809.25,30810.25,203
2026-09-21 18:26:00-04:00,30810.0,30811.25,30809.0,30810.5,191
2026-09-21 18:27:00-04:00,30810.5,30811.25,30808.0,30809.5,112
2026-09-21 18:28:00-04:00,30809.5,30813.75,30808.75,30813.75,239
2026-09-21 18:29:00-04:00,30812.75,30815.75,30811.0,30815.0,484
2026-09-21 18:30:00-04:00,30815.0,30829.5,30814.75,30826.75,1686
2026-09-21 18:31:00-04:00,30826.0,30828.5,30816.5,30820.75,930
2026-09-21 18:32:00-04:00,30820.75,30822.25,30813.75,30814.25,644
2026-09-21 18:33:00-04:00,30814.0,30815.25,30809.75,30814.5,511
2026-09-21 18:34:00-04:00,30813.5,30822.0,30812.5,30815.25,921
2026-09-21 18:35:00-04:00,30815.5,30817.25,30810.0,30815.25,432
2026-09-21 18:36:00-04:00,30815.25,30816.25,30810.5,30815.25,308
2026-09-21 18:37:00-04:00,30814.75,30818.25,30812.75,30817.0,245
2026-09-21 18:38:00-04:00,30816.25,30820.0,30813.5,30813.5,376
2026-09-21 18:39:00-04:00,30813.75,30815.0,30811.75,30813.0,260
2026-09-21 18:40:00-04:00,30813.75,30815.5,30811.25,30812.0,350
2026-09-21 18:41:00-04:00,30811.5,30813.75,30804.25,30807.0,1008
2026-09-21 18:42:00-04:00,30806.75,30810.0,30804.75,30808.5,437
2026-09-21 18:43:00-04:00,30808.75,30812.5,30807.5,30811.25,254
2026-09-21 18:44:00-04:00,30811.5,30823.0,30809.75,30822.5,807
2026-09-21 18:45:00-04:00,30821.75,30821.75,30812.75,30818.0,557
2026-09-21 18:46:00-04:00,30817.5,30818.0,30813.5,30817.5,316
2026-09-21 18:47:00-04:00,30816.75,30821.75,30816.25,30817.5,384
2026-09-21 18:48:00-04:00,30817.0,30825.0,30816.0,30823.25,406
2026-09-21 18:49:00-04:00,30822.75,30824.5,30820.5,30823.75,397
2026-09-21 18:50:00-04:00,30823.0,30828.5,30821.0,30825.25,651
2026-09-21 18:51:00-04:00,30825.0,30825.25,30819.25,30821.25,556
2026-09-21 18:52:00-04:00,30820.25,30820.5,30815.75,30820.5,466
2026-09-21 18:53:00-04:00,30820.25,30827.75,30819.5,30825.75,433
2026-09-21 18:54:00-04:00,30826.0,30830.0,30826.0,30829.75,502
2026-09-21 18:55:00-04:00,30830.0,30833.25,30824.25,30829.75,834
2026-09-21 18:56:00-04:00,30830.0,30831.75,30827.0,30829.0,439
2026-09-21 18:57:00-04:00,30829.0,30831.75,30828.75,30830.0,308
2026-09-21 18:58:00-04:00,30830.25,30831.75,30829.0,30829.75,362
2026-09-21 18:59:00-04:00,30829.75,30831.25,30827.75,30828.25,277
2026-09-21 19:00:00-04:00,30828.25,30831.75,30828.0,30829.75,433
2026-09-21 19:01:00-04:00,30830.25,30834.0,30823.0,30825.5,931
2026-09-21 19:02:00-04:00,30825.25,30830.25,30824.75,30829.0,402
2026-09-21 19:03:00-04:00,30829.25,30836.25,30829.0,30834.25,700
2026-09-21 19:04:00-04:00,30833.25,30834.25,30827.25,30828.75,474
2026-09-21 19:05:00-04:00,30828.75,30831.5,30827.5,30831.5,277
2026-09-21 19:06:00-04:00,30831.75,30837.75,30831.5,30834.5,486
2026-09-21 19:07:00-04:00,30834.5,30837.0,30832.5,30836.5,231
2026-09-21 19:08:00-04:00,30836.0,30840.0,30835.25,30837.0,604
2026-09-21 19:09:00-04:00,30837.25,30839.5,30836.0,30838.0,399
2026-09-21 19:10:00-04:00,30838.5,30839.25,30835.5,30838.0,304
2026-09-21 19:11:00-04:00,30837.5,30839.75,30836.0,30839.25,265
2026-09-21 19:12:00-04:00,30839.0,30844.75,30837.5,30843.75,993
2026-09-21 19:13:00-04:00,30843.25,30852.25,30841.75,30848.75,1462
2026-09-21 19:14:00-04:00,30848.0,30849.5,30842.75,30843.0,732
2026-09-21 19:15:00-04:00,30843.75,30847.25,30842.75,30846.0,307
2026-09-21 19:16:00-04:00,30846.25,30847.75,30842.0,30843.75,330
2026-09-21 19:17:00-04:00,30843.75,30845.0,30835.5,30837.5,936
2026-09-21 19:18:00-04:00,30837.25,30846.5,30837.25,30843.5,711
2026-09-21 19:19:00-04:00,30843.25,30846.25,30839.5,30842.75,404
2026-09-21 19:20:00-04:00,30842.5,30842.75,30838.25,30840.0,489
2026-09-21 19:21:00-04:00,30839.75,30843.0,30838.0,30841.5,329
2026-09-21 19:22:00-04:00,30841.25,30844.75,30841.0,30844.25,219
2026-09-21 19:23:00-04:00,30844.25,30845.0,30838.75,30841.0,538
2026-09-21 19:24:00-04:00,30840.5,30844.5,30840.0,30843.75,274
2026-09-21 19:25:00-04:00,30844.0,30844.0,30839.5,30842.0,288
2026-09-21 19:26:00-04:00,30842.0,30844.5,30841.25,30844.5,109
2026-09-21 19:27:00-04:00,30844.5,30845.0,30841.75,30842.5,181
2026-09-21 19:28:00-04:00,30841.75,30842.25,30837.5,30838.25,414
2026-09-21 19:29:00-04:00,30838.0,30843.5,30836.25,30842.25,459
2026-09-21 19:30:00-04:00,30842.25,30850.0,30840.5,30842.0,741
2026-09-21 19:31:00-04:00,30842.0,30844.5,30840.25,30840.5,238
2026-09-21 19:32:00-04:00,30840.75,30846.25,30837.25,30844.75,526
2026-09-21 19:33:00-04:00,30844.5,30848.75,30843.25,30846.5,460
2026-09-21 19:34:00-04:00,30847.5,30850.75,30846.75,30848.25,530
2026-09-21 19:35:00-04:00,30848.75,30850.0,30846.25,30846.75,344
2026-09-21 19:36:00-04:00,30846.5,30847.5,30841.5,30847.0,655
2026-09-21 19:37:00-04:00,30847.0,30851.0,30844.0,30844.25,668
2026-09-21 19:38:00-04:00,30844.5,30848.0,30842.75,30846.5,298
2026-09-21 19:39:00-04:00,30846.25,30847.25,30843.0,30846.75,226
2026-09-21 19:40:00-04:00,30846.75,30856.0,30846.75,30851.0,1004
2026-09-21 19:41:00-04:00,30851.75,30856.0,30851.0,30853.25,605
2026-09-21 19:42:00-04:00,30852.75,30854.25,30851.25,30853.0,381
2026-09-21 19:43:00-04:00,30853.25,30853.5,30851.0,30851.75,288
2026-09-21 19:44:00-04:00,30851.25,30853.0,30849.25,30849.75,332
2026-09-21 19:45:00-04:00,30850.0,30852.25,30847.5,30849.25,551
2026-09-21 19:46:00-04:00,30848.5,30854.75,30847.0,30851.75,462
2026-09-21 19:47:00-04:00,30851.5,30854.0,30848.0,30853.5,338
2026-09-21 19:48:00-04:00,30853.25,30853.5,30847.0,30849.5,395
2026-09-21 19:49:00-04:00,30849.25,30851.0,30847.5,30849.75,203
2026-09-21 19:50:00-04:00,30850.0,30850.75,30847.25,30849.0,335
2026-09-21 19:51:00-04:00,30848.75,30851.5,30848.25,30850.0,204
2026-09-21 19:52:00-04:00,30849.5,30851.0,30848.25,30850.5,191
2026-09-21 19:53:00-04:00,30850.25,30854.5,30850.0,30853.5,360
2026-09-21 19:54:00-04:00,30853.0,30856.75,30852.25,30854.25,435
2026-09-21 19:55:00-04:00,30854.5,30855.5,30851.5,30855.25,439
2026-09-21 19:56:00-04:00,30854.75,30855.25,30849.25,30852.75,373
2026-09-21 19:57:00-04:00,30852.75,30854.75,30852.0,30854.25,186
2026-09-21 19:58:00-04:00,30854.5,30855.25,30852.25,30852.75,192
2026-09-21 19:59:00-04:00,30852.25,30853.75,30850.5,30852.0,254
2026-09-21 20:00:00-04:00,30852.0,30858.5,30850.0,30856.75,1131
2026-09-21 20:01:00-04:00,30857.5,30868.5,30856.0,30862.5,2934
2026-09-21 20:02:00-04:00,30861.75,30867.5,30860.5,30867.0,1315
2026-09-21 20:03:00-04:00,30867.25,30869.25,30863.25,30864.75,1172
2026-09-21 20:04:00-04:00,30864.5,30867.75,30859.0,30865.25,1166
2026-09-21 20:05:00-04:00,30865.5,30870.0,30864.0,30868.0,1071
2026-09-21 20:06:00-04:00,30867.5,30869.5,30864.0,30868.25,703
2026-09-21 20:07:00-04:00,30868.5,30873.0,30868.25,30870.25,1163
2026-09-21 20:08:00-04:00,30871.0,30873.0,30869.0,30872.75,720
2026-09-21 20:09:00-04:00,30872.25,30885.5,30872.0,30884.0,2163
2026-09-21 20:10:00-04:00,30884.25,30887.75,30876.0,30885.25,2040
2026-09-21 20:11:00-04:00,30885.0,30888.5,30881.75,30884.75,1225
2026-09-21 20:12:00-04:00,30884.75,30889.0,30880.0,30881.5,1134
2026-09-21 20:13:00-04:00,30882.0,30882.25,30873.25,30879.0,1467
2026-09-21 20:14:00-04:00,30879.25,30880.25,30876.5,30876.5,461
2026-09-21 20:15:00-04:00,30877.0,30878.5,30862.5,30875.0,3487
2026-09-21 20:16:00-04:00,30876.0,30882.5,30872.25,30874.5,1424
2026-09-21 20:17:00-04:00,30874.75,30877.5,30870.5,30872.25,726
2026-09-21 20:18:00-04:00,30872.25,30875.75,30870.0,30872.75,634
2026-09-21 20:19:00-04:00,30872.5,30874.75,30870.75,30873.75,341
2026-09-21 20:20:00-04:00,30873.75,30875.75,30870.75,30871.5,436
2026-09-21 20:21:00-04:00,30871.5,30884.25,30870.0,30881.0,1638
2026-09-21 20:22:00-04:00,30881.0,30882.5,30878.5,30880.75,547
2026-09-21 20:23:00-04:00,30880.0,30882.0,30877.5,30879.25,447
2026-09-21 20:24:00-04:00,30879.25,30879.75,30874.5,30879.5,553
2026-09-21 20:25:00-04:00,30878.75,30880.75,30874.5,30875.5,417
2026-09-21 20:26:00-04:00,30875.0,30882.5,30874.75,30882.25,467
2026-09-21 20:27:00-04:00,30882.0,30886.0,30880.75,30883.25,850
2026-09-21 20:28:00-04:00,30883.5,30888.75,30881.5,30888.0,793
2026-09-21 20:29:00-04:00,30888.0,30893.75,30886.75,30892.75,1501
2026-09-21 20:30:00-04:00,30893.25,30906.25,30891.5,30905.5,3124
2026-09-21 20:31:00-04:00,30905.75,30909.5,30904.5,30908.75,1595
2026-09-21 20:32:00-04:00,30908.75,30917.5,30908.0,30912.75,2100
2026-09-21 20:33:00-04:00,30912.5,30912.75,30898.0,30900.0,2285
2026-09-21 20:34:00-04:00,30899.75,30901.0,30864.0,30881.75,4071
2026-09-21 20:35:00-04:00,30881.5,30884.25,30873.25,30877.75,2585
2026-09-21 20:36:00-04:00,30877.25,30881.0,30874.5,30877.75,1091
2026-09-21 20:37:00-04:00,30877.25,30879.25,30872.5,30878.0,727
2026-09-21 20:38:00-04:00,30878.5,30885.75,30877.75,30884.5,1018
2026-09-21 20:39:00-04:00,30884.5,30884.5,30874.0,30875.0,925
2026-09-21 20:40:00-04:00,30875.5,30882.5,30872.25,30876.75,878
2026-09-21 20:41:00-04:00,30876.0,30887.5,30875.5,30885.5,1025
2026-09-21 20:42:00-04:00,30885.75,30896.25,30884.0,30893.75,1632
2026-09-21 20:43:00-04:00,30894.5,30897.25,30890.5,30893.75,870
2026-09-21 20:44:00-04:00,30893.25,30893.75,30888.5,30891.25,468
2026-09-21 20:45:00-04:00,30891.75,30899.5,30889.75,30897.0,1053
2026-09-21 20:46:00-04:00,30897.0,30907.25,30894.5,30899.25,1916
2026-09-21 20:47:00-04:00,30899.75,30899.75,30891.75,30892.25,864
2026-09-21 20:48:00-04:00,30892.75,30896.0,30885.0,30895.0,1309
2026-09-21 20:49:00-04:00,30895.0,30899.75,30893.75,30896.25,664
2026-09-21 20:50:00-04:00,30895.75,30897.75,30892.75,30897.75,368
2026-09-21 20:51:00-04:00,30897.75,30901.5,30896.25,30898.5,480
2026-09-21 20:52:00-04:00,30898.75,30901.75,30896.0,30896.25,455
2026-09-21 20:53:00-04:00,30896.0,30901.25,30894.5,30900.0,468
2026-09-21 20:54:00-04:00,30900.25,30900.75,30897.75,30899.5,233
2026-09-21 20:55:00-04:00,30900.0,30901.75,30895.25,30895.5,493
2026-09-21 20:56:00-04:00,30895.25,30898.5,30892.0,30898.0,559
2026-09-21 20:57:00-04:00,30898.25,30900.5,30897.5,30898.0,314
2026-09-21 20:58:00-04:00,30898.0,30902.25,30896.5,30902.0,515
2026-09-21 20:59:00-04:00,30902.0,30903.0,30898.0,30900.5,753
2026-09-21 21:00:00-04:00,30900.25,30901.0,30894.25,30895.75,856
2026-09-21 21:01:00-04:00,30895.5,30896.5,30888.5,30892.25,1132
2026-09-21 21:02:00-04:00,30893.0,30893.0,30888.25,30889.75,681
2026-09-21 21:03:00-04:00,30889.75,30893.0,30883.25,30884.25,1160
2026-09-21 21:04:00-04:00,30884.5,30887.75,30882.25,30884.75,976
2026-09-21 21:05:00-04:00,30885.25,30891.5,30877.75,30889.0,1302
2026-09-21 21:06:00-04:00,30888.5,30896.0,30886.25,30893.25,803
2026-09-21 21:07:00-04:00,30892.5,30894.75,30889.25,30891.5,431
2026-09-21 21:08:00-04:00,30891.25,30897.5,30888.5,30894.5,653
2026-09-21 21:09:00-04:00,30894.75,30895.0,30887.0,30889.5,652
2026-09-21 21:10:00-04:00,30888.75,30888.75,30882.0,30882.75,835
2026-09-21 21:11:00-04:00,30883.0,30883.5,30876.75,30878.25,1231
2026-09-21 21:12:00-04:00,30879.0,30887.5,30878.75,30885.75,946
2026-09-21 21:13:00-04:00,30886.0,30886.25,30880.75,30883.25,433
2026-09-21 21:14:00-04:00,30883.5,30886.75,30881.0,30884.5,541
2026-09-21 21:15:00-04:00,30884.5,30884.75,30874.5,30879.5,937
2026-09-21 21:16:00-04:00,30879.75,30881.0,30871.0,30873.75,1187
2026-09-21 21:17:00-04:00,30874.25,30877.75,30873.5,30874.0,644
2026-09-21 21:18:00-04:00,30874.0,30879.5,30873.75,30874.75,459
2026-09-21 21:19:00-04:00,30874.5,30876.75,30871.0,30871.0,503
2026-09-21 21:20:00-04:00,30871.5,30876.5,30870.25,30874.0,827
2026-09-21 21:21:00-04:00,30874.0,30878.25,30872.75,30874.75,525
2026-09-21 21:22:00-04:00,30875.0,30875.5,30867.0,30870.25,1368
2026-09-21 21:23:00-04:00,30870.25,30876.75,30870.25,30871.75,1004
2026-09-21 21:24:00-04:00,30871.25,30875.75,30871.25,30872.25,443
2026-09-21 21:25:00-04:00,30872.25,30874.5,30870.5,30871.5,416
2026-09-21 21:26:00-04:00,30870.75,30872.5,30868.5,30871.5,438
2026-09-21 21:27:00-04:00,30871.25,30880.5,30871.25,30874.5,1404
2026-09-21 21:28:00-04:00,30874.5,30882.75,30874.25,30881.5,855
2026-09-21 21:29:00-04:00,30881.5,30891.5,30879.25,30882.5,1410
2026-09-21 21:30:00-04:00,30882.25,30884.5,30870.0,30878.75,1539
2026-09-21 21:31:00-04:00,30878.5,30888.25,30878.5,30886.25,957
2026-09-21 21:32:00-04:00,30886.5,30888.0,30883.25,30887.0,565
2026-09-21 21:33:00-04:00,30887.0,30899.25,30886.75,30892.5,1844
2026-09-21 21:34:00-04:00,30892.5,30897.75,30890.25,30897.0,641
2026-09-21 21:35:00-04:00,30897.0,30899.25,30893.5,30895.0,719
2026-09-21 21:36:00-04:00,30895.25,30900.0,30891.5,30896.5,905
2026-09-21 21:37:00-04:00,30897.25,30905.5,30894.0,30897.25,1362
2026-09-21 21:38:00-04:00,30897.25,30897.75,30890.0,30890.75,768
2026-09-21 21:39:00-04:00,30890.25,30892.5,30886.25,30888.25,1117
2026-09-21 21:40:00-04:00,30889.0,30891.75,30886.0,30889.25,608
2026-09-21 21:41:00-04:00,30889.0,30898.75,30889.0,30896.0,884
2026-09-21 21:42:00-04:00,30897.0,30898.5,30887.75,30892.75,665
2026-09-21 21:43:00-04:00,30892.5,30894.5,30888.75,30893.25,367
2026-09-21 21:44:00-04:00,30892.5,30892.75,30883.25,30884.75,537
2026-09-21 21:45:00-04:00,30886.5,30893.0,30886.25,30888.5,609
2026-09-21 21:46:00-04:00,30887.75,30889.25,30873.25,30884.25,1515
2026-09-21 21:47:00-04:00,30885.25,30890.75,30882.75,30884.0,757
2026-09-21 21:48:00-04:00,30885.0,30890.5,30879.25,30884.25,962
2026-09-21 21:49:00-04:00,30884.25,30884.25,30874.0,30876.75,1004
2026-09-21 21:50:00-04:00,30876.5,30881.0,30875.75,30878.75,580
2026-09-21 21:51:00-04:00,30879.0,30889.5,30875.75,30887.5,1073
2026-09-21 21:52:00-04:00,30887.25,30889.5,30882.0,30882.25,812
2026-09-21 21:53:00-04:00,30882.5,30886.5,30879.75,30883.5,474
2026-09-21 21:54:00-04:00,30883.5,30887.0,30881.25,30884.75,439
2026-09-21 21:55:00-04:00,30884.5,30886.25,30880.5,30881.0,309
2026-09-21 21:56:00-04:00,30881.0,30884.5,30877.75,30883.25,809
2026-09-21 21:57:00-04:00,30883.5,30890.0,30882.5,30883.75,1040
2026-09-21 21:58:00-04:00,30884.25,30884.25,30878.25,30879.5,371
2026-09-21 21:59:00-04:00,30879.5,30880.25,30871.5,30873.0,876
2026-09-21 22:00:00-04:00,30873.5,30886.0,30873.5,30883.25,848
2026-09-21 22:01:00-04:00,30883.75,30889.5,30882.5,30887.0,685
2026-09-21 22:02:00-04:00,30887.75,30894.75,30887.25,30892.0,880
2026-09-21 22:03:00-04:00,30892.5,30892.75,30886.25,30890.5,443
2026-09-21 22:04:00-04:00,30890.0,30893.25,30886.25,30890.75,488
2026-09-21 22:05:00-04:00,30891.5,30891.5,30882.5,30884.0,581
2026-09-21 22:06:00-04:00,30883.75,30887.0,30883.5,30886.75,192
2026-09-21 22:07:00-04:00,30886.75,30887.0,30880.75,30881.5,407
2026-09-21 22:08:00-04:00,30882.0,30884.75,30880.25,30881.75,226
2026-09-21 22:09:00-04:00,30881.5,30882.25,30877.0,30878.75,547
2026-09-21 22:10:00-04:00,30879.25,30879.25,30870.25,30870.5,1217
2026-09-21 22:11:00-04:00,30870.5,30875.5,30870.5,30872.75,322
2026-09-21 22:12:00-04:00,30872.75,30876.5,30870.5,30874.5,489
2026-09-21 22:13:00-04:00,30874.5,30875.0,30871.0,30873.0,223
2026-09-21 22:14:00-04:00,30873.25,30874.75,30872.0,30873.0,185
2026-09-21 22:15:00-04:00,30873.75,30878.25,30873.25,30877.75,381
2026-09-21 22:16:00-04:00,30877.5,30878.75,30875.0,30878.0,330
2026-09-21 22:17:00-04:00,30878.0,30879.5,30872.0,30874.5,417
2026-09-21 22:18:00-04:00,30875.5,30878.5,30872.25,30877.25,289
2026-09-21 22:19:00-04:00,30878.0,30879.25,30875.75,30877.5,338
2026-09-21 22:20:00-04:00,30877.25,30881.25,30877.25,30879.5,430
2026-09-21 22:21:00-04:00,30879.25,30880.75,30877.5,30879.0,280
2026-09-21 22:22:00-04:00,30879.5,30885.25,30878.5,30883.5,596
2026-09-21 22:23:00-04:00,30883.25,30884.0,30876.0,30876.5,370
2026-09-21 22:24:00-04:00,30877.0,30881.75,30874.5,30879.75,694
2026-09-21 22:25:00-04:00,30879.75,30881.25,30878.25,30880.25,216
2026-09-21 22:26:00-04:00,30880.5,30881.25,30878.0,30878.25,203
2026-09-21 22:27:00-04:00,30879.75,30882.0,30878.75,30880.75,209
2026-09-21 22:28:00-04:00,30880.25,30885.0,30879.0,30881.75,480
2026-09-21 22:29:00-04:00,30881.0,30881.25,30878.25,30879.0,182
2026-09-21 22:30:00-04:00,30879.25,30879.75,30867.0,30870.75,1550
2026-09-21 22:31:00-04:00,30870.5,30872.0,30866.5,30867.75,753
2026-09-21 22:32:00-04:00,30867.75,30871.25,30867.5,30870.25,381
2026-09-21 22:33:00-04:00,30870.25,30873.75,30866.25,30867.75,465
2026-09-21 22:34:00-04:00,30868.25,30870.5,30866.5,30869.5,304
2026-09-21 22:35:00-04:00,30870.0,30872.0,30868.25,30870.5,300
2026-09-21 22:36:00-04:00,30869.75,30874.0,30868.5,30872.25,356
2026-09-21 22:37:00-04:00,30871.5,30878.5,30868.0,30873.75,1031
2026-09-21 22:38:00-04:00,30874.0,30883.75,30872.75,30881.5,1094
2026-09-21 22:39:00-04:00,30882.25,30887.25,30878.5,30885.75,912
2026-09-21 22:40:00-04:00,30885.5,30895.0,30885.0,30889.25,1248
2026-09-21 22:41:00-04:00,30888.75,30891.25,30884.5,30890.75,488
2026-09-21 22:42:00-04:00,30891.0,30893.5,30888.75,30892.0,293
2026-09-21 22:43:00-04:00,30892.5,30892.75,30890.25,30891.0,268
2026-09-21 22:44:00-04:00,30891.0,30891.0,30887.75,30887.75,292
2026-09-21 22:45:00-04:00,30888.5,30890.75,30886.0,30888.25,323
2026-09-21 22:46:00-04:00,30888.5,30888.75,30885.75,30886.25,178
2026-09-21 22:47:00-04:00,30886.25,30889.75,30883.5,30889.5,340
2026-09-21 22:48:00-04:00,30889.25,30896.0,30887.0,30893.75,842
2026-09-21 22:49:00-04:00,30894.0,30895.0,30888.0,30888.5,498
2026-09-21 22:50:00-04:00,30888.0,30891.25,30886.0,30891.25,424
2026-09-21 22:51:00-04:00,30891.5,30893.25,30889.5,30890.5,346
2026-09-21 22:52:00-04:00,30891.0,30894.0,30890.25,30891.75,223
2026-09-21 22:53:00-04:00,30891.5,30896.0,30888.25,30895.75,417
2026-09-21 22:54:00-04:00,30895.5,30897.0,30893.5,30896.75,487
2026-09-21 22:55:00-04:00,30895.25,30895.25,30887.75,30889.0,345
2026-09-21 22:56:00-04:00,30888.0,30894.25,30887.75,30891.5,346
2026-09-21 22:57:00-04:00,30891.0,30895.5,30888.0,30893.75,304
2026-09-21 22:58:00-04:00,30893.5,30897.0,30891.5,30893.0,401
2026-09-21 22:59:00-04:00,30893.25,30897.75,30892.5,30895.0,439
2026-09-21 23:00:00-04:00,30894.25,30896.0,30891.0,30895.5,299
2026-09-21 23:01:00-04:00,30895.25,30895.75,30886.75,30889.5,638
2026-09-21 23:02:00-04:00,30889.5,30891.0,30888.75,30890.25,232
2026-09-21 23:03:00-04:00,30890.0,30897.25,30889.75,30895.0,611
2026-09-21 23:04:00-04:00,30895.5,30896.5,30892.25,30893.5,271
2026-09-21 23:05:00-04:00,30894.5,30894.5,30890.25,30891.75,154
2026-09-21 23:06:00-04:00,30891.75,30892.75,30889.25,30890.5,211
2026-09-21 23:07:00-04:00,30890.5,30891.5,30885.75,30887.5,397
2026-09-21 23:08:00-04:00,30887.5,30889.75,30886.75,30888.25,248
2026-09-21 23:09:00-04:00,30888.25,30888.25,30882.5,30884.5,491
2026-09-21 23:10:00-04:00,30884.0,30890.0,30884.0,30887.75,576
2026-09-21 23:11:00-04:00,30887.5,30888.75,30886.75,30887.75,181
2026-09-21 23:12:00-04:00,30887.75,30891.25,30886.25,30889.5,231
2026-09-21 23:13:00-04:00,30890.25,30890.75,30886.25,30886.5,114
2026-09-21 23:14:00-04:00,30886.75,30891.5,30886.5,30891.5,222
2026-09-21 23:15:00-04:00,30891.25,30899.25,30890.75,30898.75,589
2026-09-21 23:16:00-04:00,30899.0,30899.25,30890.5,30892.75,470
2026-09-21 23:17:00-04:00,30892.5,30894.0,30888.5,30890.5,289
2026-09-21 23:18:00-04:00,30890.25,30894.5,30890.25,30893.0,156
2026-09-21 23:19:00-04:00,30893.25,30894.0,30887.0,30891.75,294
2026-09-21 23:20:00-04:00,30891.0,30892.0,30887.75,30888.75,142
2026-09-21 23:21:00-04:00,30888.75,30890.75,30887.75,30890.5,100
2026-09-21 23:22:00-04:00,30890.25,30892.25,30887.0,30891.5,203
2026-09-21 23:23:00-04:00,30892.25,30892.25,30888.75,30889.75,174
2026-09-21 23:24:00-04:00,30890.0,30891.0,30887.0,30887.0,197
2026-09-21 23:25:00-04:00,30887.0,30890.0,30887.0,30889.25,124
2026-09-21 23:26:00-04:00,30889.25,30890.5,30888.0,30889.75,101
2026-09-21 23:27:00-04:00,30889.75,30890.75,30887.75,30889.75,85
2026-09-21 23:28:00-04:00,30889.75,30890.75,30887.75,30888.75,87
2026-09-21 23:29:00-04:00,30888.75,30889.75,30886.75,30889.0,155
2026-09-21 23:30:00-04:00,30889.25,30890.75,30887.0,30887.25,186
2026-09-21 23:31:00-04:00,30886.5,30887.0,30884.5,30884.75,325
2026-09-21 23:32:00-04:00,30884.75,30885.5,30880.25,30882.25,649
2026-09-21 23:33:00-04:00,30882.5,30887.25,30882.0,30885.75,263
2026-09-21 23:34:00-04:00,30885.75,30892.0,30884.0,30891.25,772
2026-09-21 23:35:00-04:00,30890.75,30895.0,30890.0,30893.75,523
2026-09-21 23:36:00-04:00,30893.25,30898.5,30893.0,30897.75,450
2026-09-21 23:37:00-04:00,30897.0,30898.75,30895.0,30895.25,300
2026-09-21 23:38:00-04:00,30895.5,30897.5,30893.75,30894.75,173
2026-09-21 23:39:00-04:00,30895.0,30897.5,30888.0,30889.75,678
2026-09-21 23:40:00-04:00,30889.5,30891.0,30883.5,30883.5,649
2026-09-21 23:41:00-04:00,30884.0,30888.5,30883.5,30886.0,381
2026-09-21 23:42:00-04:00,30886.25,30888.75,30883.5,30887.25,207
2026-09-21 23:43:00-04:00,30886.5,30887.25,30877.75,30882.25,720
2026-09-21 23:44:00-04:00,30882.5,30883.0,30880.5,30882.0,265
2026-09-21 23:45:00-04:00,30881.75,30885.0,30879.75,30881.5,378
2026-09-21 23:46:00-04:00,30881.0,30881.75,30878.25,30878.75,300
2026-09-21 23:47:00-04:00,30879.25,30880.75,30877.25,30878.75,500
2026-09-21 23:48:00-04:00,30878.75,30882.0,30878.25,30881.25,222
2026-09-21 23:49:00-04:00,30881.5,30883.75,30881.0,30882.5,259
2026-09-21 23:50:00-04:00,30881.75,30882.0,30878.5,30879.5,199
2026-09-21 23:51:00-04:00,30880.0,30881.75,30877.75,30881.25,166
2026-09-21 23:52:00-04:00,30881.0,30881.25,30877.0,30877.75,175
2026-09-21 23:53:00-04:00,30877.25,30880.0,30877.0,30878.25,281
2026-09-21 23:54:00-04:00,30879.0,30879.0,30874.5,30875.0,626
2026-09-21 23:55:00-04:00,30875.75,30875.75,30871.25,30874.0,695
2026-09-21 23:56:00-04:00,30873.75,30874.0,30856.75,30871.75,2116
2026-09-21 23:57:00-04:00,30871.5,30877.25,30870.25,30877.25,872
2026-09-21 23:58:00-04:00,30877.25,30879.0,30873.25,30875.0,781
2026-09-22 00:09:00-04:00,30846.25,30848.0,30840.25,30841.75,841
2026-09-22 00:10:00-04:00,30842.0,30850.25,30832.25,30850.0,2774
2026-09-22 00:11:00-04:00,30849.75,30867.75,30849.25,30863.5,2477
2026-09-22 00:12:00-04:00,30863.5,30863.5,30856.5,30862.75,855
2026-09-22 00:13:00-04:00,30862.5,30863.75,30854.5,30855.25,608
2026-09-22 00:14:00-04:00,30855.75,30859.0,30852.75,30852.75,522
2026-09-22 00:15:00-04:00,30853.25,30856.5,30851.0,30852.0,553
2026-09-22 00:16:00-04:00,30852.5,30853.75,30851.0,30853.0,292
2026-09-22 00:17:00-04:00,30852.5,30852.5,30844.75,30845.25,742
2026-09-22 00:18:00-04:00,30844.75,30845.25,30840.0,30843.5,1112
2026-09-22 00:19:00-04:00,30843.75,30845.0,30836.5,30836.5,885
2026-09-22 00:20:00-04:00,30836.5,30839.5,30833.0,30837.25,1151
2026-09-22 00:21:00-04:00,30837.0,30838.5,30833.0,30835.25,499
2026-09-22 00:22:00-04:00,30835.0,30840.75,30835.0,30838.5,519
2026-09-22 00:23:00-04:00,30838.5,30840.0,30832.5,30838.0,588
2026-09-22 00:24:00-04:00,30838.0,30841.75,30834.5,30838.75,565
2026-09-22 00:25:00-04:00,30838.75,30838.75,30831.0,30835.0,689
2026-09-22 00:26:00-04:00,30834.5,30841.25,30834.5,30838.75,495
2026-09-22 00:27:00-04:00,30838.25,30839.5,30834.5,30837.0,438
2026-09-22 00:28:00-04:00,30837.25,30843.25,30836.25,30841.5,502
2026-09-22 00:29:00-04:00,30841.25,30849.5,30837.0,30837.25,1356
2026-09-22 00:30:00-04:00,30836.75,30847.0,30835.5,30845.0,846
2026-09-22 00:31:00-04:00,30845.75,30848.5,30842.5,30843.25,517
2026-09-22 00:32:00-04:00,30843.5,30843.5,30834.75,30835.5,623
2026-09-22 00:33:00-04:00,30835.5,30838.25,30831.75,30833.75,618
2026-09-22 00:34:00-04:00,30834.0,30835.75,30831.25,30834.5,441
2026-09-22 00:35:00-04:00,30834.0,30834.0,30827.25,30829.25,1066
2026-09-22 00:36:00-04:00,30829.75,30832.5,30826.25,30828.0,472
2026-09-22 00:37:00-04:00,30828.0,30838.25,30827.25,30837.0,793
2026-09-22 00:38:00-04:00,30836.75,30839.75,30833.75,30835.0,439
2026-09-22 00:39:00-04:00,30834.0,30836.0,30829.75,30831.0,468
2026-09-22 00:40:00-04:00,30830.25,30831.75,30824.0,30826.5,844
2026-09-22 00:41:00-04:00,30826.0,30836.0,30824.0,30835.5,759
2026-09-22 00:42:00-04:00,30835.25,30839.5,30833.5,30839.0,730
2026-09-22 00:43:00-04:00,30838.75,30841.75,30833.5,30837.0,495
2026-09-22 00:44:00-04:00,30836.75,30837.25,30828.75,30828.75,372
2026-09-22 00:45:00-04:00,30829.0,30835.5,30827.5,30834.0,500
2026-09-22 00:46:00-04:00,30833.75,30835.0,30826.25,30827.0,409
2026-09-22 00:47:00-04:00,30826.75,30827.75,30820.75,30822.25,943
2026-09-22 00:48:00-04:00,30822.0,30823.75,30820.75,30821.75,370
2026-09-22 00:49:00-04:00,30821.5,30823.25,30820.0,30821.5,384
2026-09-22 00:50:00-04:00,30821.75,30823.75,30812.5,30814.0,1473
2026-09-22 00:51:00-04:00,30814.25,30818.0,30813.0,30816.25,565
2026-09-22 00:52:00-04:00,30816.25,30822.25,30813.5,30820.25,493
2026-09-22 00:53:00-04:00,30820.75,30821.0,30814.75,30816.75,358
2026-09-22 00:54:00-04:00,30816.25,30819.0,30814.0,30816.0,300
2026-09-22 00:55:00-04:00,30816.75,30821.0,30816.25,30816.75,277
2026-09-22 00:56:00-04:00,30817.0,30817.0,30813.0,30814.75,310
2026-09-22 00:57:00-04:00,30814.75,30814.75,30810.0,30813.25,641
2026-09-22 00:58:00-04:00,30813.25,30813.75,30810.0,30811.25,361
2026-09-22 00:59:00-04:00,30811.0,30813.5,30809.0,30812.75,355
2026-09-22 01:00:00-04:00,30813.0,30814.75,30808.25,30814.0,803
2026-09-22 01:01:00-04:00,30814.25,30815.5,30809.0,30812.25,534
2026-09-22 01:02:00-04:00,30813.25,30818.75,30812.0,30816.5,655
2026-09-22 01:03:00-04:00,30815.5,30821.25,30813.0,30813.75,848
2026-09-22 01:04:00-04:00,30813.75,30817.25,30811.25,30813.75,606
2026-09-22 01:05:00-04:00,30814.0,30815.5,30811.25,30814.25,198
2026-09-22 01:06:00-04:00,30814.5,30820.0,30813.0,30818.0,489
2026-09-22 01:07:00-04:00,30818.5,30820.75,30814.5,30815.25,517
2026-09-22 01:08:00-04:00,30815.75,30816.25,30811.5,30813.5,308
2026-09-22 01:09:00-04:00,30813.75,30814.75,30807.25,30808.0,864
2026-09-22 01:10:00-04:00,30808.25,30812.0,30804.5,30811.5,1094
2026-09-22 01:11:00-04:00,30811.75,30812.5,30807.5,30808.0,343
2026-09-22 01:12:00-04:00,30807.5,30809.5,30806.25,30808.75,356
2026-09-22 01:13:00-04:00,30809.0,30811.25,30805.75,30811.25,389
2026-09-22 01:14:00-04:00,30811.0,30812.5,30807.25,30809.75,358
2026-09-22 01:15:00-04:00,30809.5,30810.5,30801.5,30802.0,718
2026-09-22 01:16:00-04:00,30801.75,30804.0,30797.0,30800.0,1618
2026-09-22 01:17:00-04:00,30800.0,30800.0,30791.5,30796.25,1364
2026-09-22 01:18:00-04:00,30796.25,30796.25,30784.0,30785.5,1358
2026-09-22 01:19:00-04:00,30785.0,30789.0,30783.5,30784.75,944
2026-09-22 01:20:00-04:00,30784.5,30791.5,30783.5,30789.25,968
2026-09-22 01:21:00-04:00,30789.25,30809.0,30788.0,30805.25,1583
2026-09-22 01:22:00-04:00,30805.5,30810.0,30804.25,30805.75,1204
2026-09-22 01:23:00-04:00,30805.5,30808.0,30802.75,30803.5,491
2026-09-22 01:24:00-04:00,30804.25,30807.75,30789.0,30790.5,1863
2026-09-22 01:25:00-04:00,30790.25,30795.25,30788.25,30791.5,865
2026-09-22 01:26:00-04:00,30791.0,30791.5,30786.5,30790.0,713
2026-09-22 01:27:00-04:00,30790.25,30793.5,30785.25,30785.5,546
2026-09-22 01:28:00-04:00,30786.5,30797.75,30786.0,30797.25,581
2026-09-22 01:29:00-04:00,30797.25,30801.0,30792.75,30792.75,862
2026-09-22 01:30:00-04:00,30792.0,30793.0,30784.0,30785.0,843
2026-09-22 01:31:00-04:00,30784.5,30786.5,30780.0,30784.0,1362
2026-09-22 01:32:00-04:00,30783.5,30785.0,30778.75,30782.5,745
2026-09-22 01:33:00-04:00,30782.75,30790.0,30781.75,30789.5,535
2026-09-22 01:34:00-04:00,30789.0,30793.75,30787.0,30790.5,609
2026-09-22 01:35:00-04:00,30791.0,30802.5,30790.75,30794.0,1055
2026-09-22 01:36:00-04:00,30794.0,30798.25,30791.5,30792.75,512
2026-09-22 01:37:00-04:00,30793.5,30809.25,30793.0,30802.75,1140
2026-09-22 01:38:00-04:00,30802.75,30805.0,30799.0,30804.25,516
2026-09-22 01:39:00-04:00,30804.75,30815.0,30804.5,30813.5,1199
2026-09-22 01:40:00-04:00,30813.0,30817.75,30812.0,30815.5,1205
2026-09-22 01:41:00-04:00,30815.0,30823.5,30814.75,30816.75,1347
2026-09-22 01:42:00-04:00,30816.25,30817.0,30809.75,30813.0,842
2026-09-22 01:43:00-04:00,30813.0,30814.5,30807.5,30811.25,446
2026-09-22 01:44:00-04:00,30811.25,30818.75,30809.5,30818.25,598
2026-09-22 01:45:00-04:00,30817.25,30829.25,30815.5,30826.75,1296
2026-09-22 01:46:00-04:00,30826.75,30834.75,30824.5,30832.25,1114
2026-09-22 01:47:00-04:00,30831.75,30838.0,30830.25,30836.5,1028
2026-09-22 01:48:00-04:00,30836.25,30838.5,30826.75,30831.75,1551
2026-09-22 01:49:00-04:00,30831.5,30844.75,30828.0,30843.75,1210
2026-09-22 01:50:00-04:00,30843.75,30844.75,30828.0,30831.25,1369
2026-09-22 01:51:00-04:00,30831.5,30835.0,30829.25,30834.0,444
2026-09-22 01:52:00-04:00,30834.0,30835.25,30826.5,30827.25,769
2026-09-22 01:53:00-04:00,30828.0,30830.0,30826.25,30827.25,384
2026-09-22 01:54:00-04:00,30827.75,30829.75,30820.25,30821.0,842
2026-09-22 01:55:00-04:00,30821.5,30821.75,30813.75,30818.75,954
2026-09-22 01:56:00-04:00,30818.5,30822.5,30817.75,30820.0,471
2026-09-22 01:57:00-04:00,30820.25,30821.75,30817.75,30820.25,363
2026-09-22 01:58:00-04:00,30820.5,30821.0,30817.75,30819.5,258
2026-09-22 01:59:00-04:00,30819.0,30821.5,30812.75,30815.5,851
2026-09-22 02:00:00-04:00,30816.0,30819.25,30805.75,30816.75,1945
2026-09-22 02:01:00-04:00,30817.0,30818.25,30809.5,30810.25,757
2026-09-22 02:02:00-04:00,30810.25,30811.5,30797.25,30800.75,1377
2026-09-22 02:03:00-04:00,30800.75,30800.75,30791.25,30795.5,1252
2026-09-22 02:04:00-04:00,30795.75,30800.5,30790.0,30790.0,929
2026-09-22 02:05:00-04:00,30790.0,30799.0,30785.75,30798.5,1403
2026-09-22 02:06:00-04:00,30799.0,30800.5,30792.75,30793.5,663
2026-09-22 02:07:00-04:00,30793.0,30794.75,30788.25,30792.5,497
2026-09-22 02:08:00-04:00,30791.75,30795.75,30789.5,30795.75,419
2026-09-22 02:09:00-04:00,30795.25,30803.75,30793.0,30796.0,930
2026-09-22 02:10:00-04:00,30796.25,30800.5,30792.0,30796.0,656
2026-09-22 02:11:00-04:00,30794.75,30794.75,30786.25,30790.0,779
2026-09-22 02:12:00-04:00,30790.5,30790.5,30785.25,30787.0,485
2026-09-22 02:13:00-04:00,30787.0,30788.75,30780.5,30781.0,932
2026-09-22 02:14:00-04:00,30780.75,30784.75,30777.0,30784.25,1111
2026-09-22 02:15:00-04:00,30784.0,30788.25,30781.5,30785.75,857
2026-09-22 02:16:00-04:00,30786.75,30789.25,30777.5,30780.0,624
2026-09-22 02:17:00-04:00,30779.5,30781.5,30775.25,30779.75,825
2026-09-22 02:18:00-04:00,30779.5,30779.75,30776.0,30777.5,393
2026-09-22 02:19:00-04:00,30778.0,30778.5,30773.25,30774.0,728
2026-09-22 02:20:00-04:00,30774.0,30780.25,30771.5,30776.75,879
2026-09-22 02:21:00-04:00,30776.75,30778.5,30766.0,30776.0,1906
2026-09-22 02:22:00-04:00,30776.25,30782.75,30776.0,30776.75,939
2026-09-22 02:23:00-04:00,30777.25,30778.5,30773.5,30776.25,479
2026-09-22 02:24:00-04:00,30776.0,30776.0,30767.0,30770.5,805
2026-09-22 02:25:00-04:00,30771.25,30776.0,30769.5,30774.25,578
2026-09-22 02:26:00-04:00,30774.75,30781.75,30771.5,30772.0,845
2026-09-22 02:27:00-04:00,30771.25,30773.75,30768.25,30772.75,530
2026-09-22 02:28:00-04:00,30772.75,30777.25,30772.0,30777.0,414
2026-09-22 02:29:00-04:00,30777.0,30788.25,30776.75,30787.0,1056
2026-09-22 02:30:00-04:00,30786.5,30793.0,30783.75,30788.25,1220
2026-09-22 02:31:00-04:00,30788.0,30788.0,30782.0,30784.25,543
2026-09-22 02:32:00-04:00,30784.0,30788.75,30780.25,30784.25,457
2026-09-22 02:33:00-04:00,30784.25,30790.75,30781.75,30782.75,804
2026-09-22 02:34:00-04:00,30783.0,30784.5,30778.25,30780.75,678
2026-09-22 02:35:00-04:00,30780.25,30789.25,30778.25,30787.5,471
2026-09-22 02:36:00-04:00,30788.25,30795.25,30786.75,30793.0,561
2026-09-22 02:37:00-04:00,30792.25,30793.5,30788.0,30790.25,343
2026-09-22 02:38:00-04:00,30790.0,30791.25,30787.25,30790.0,263
2026-09-22 02:39:00-04:00,30788.75,30789.75,30778.5,30786.25,752
2026-09-22 02:40:00-04:00,30786.25,30792.0,30783.5,30790.75,479
2026-09-22 02:41:00-04:00,30790.5,30794.75,30788.0,30792.5,380
2026-09-22 02:42:00-04:00,30793.25,30794.25,30783.5,30784.25,460
2026-09-22 02:43:00-04:00,30784.0,30784.0,30775.75,30776.75,726
2026-09-22 02:44:00-04:00,30777.0,30781.0,30775.5,30780.25,333
2026-09-22 02:45:00-04:00,30780.25,30780.5,30775.0,30779.0,404
2026-09-22 02:46:00-04:00,30778.5,30786.0,30778.0,30786.0,349
2026-09-22 02:47:00-04:00,30785.75,30787.5,30780.0,30782.75,265
2026-09-22 02:48:00-04:00,30783.0,30787.0,30783.0,30784.0,155
2026-09-22 02:49:00-04:00,30783.75,30786.75,30780.0,30781.25,273
2026-09-22 02:50:00-04:00,30782.25,30785.0,30781.25,30784.5,107
2026-09-22 02:51:00-04:00,30783.0,30784.5,30781.5,30782.75,120
2026-09-22 02:52:00-04:00,30783.5,30785.5,30781.75,30785.5,159
2026-09-22 02:53:00-04:00,30784.5,30786.0,30782.0,30782.25,135
2026-09-22 02:54:00-04:00,30782.0,30782.0,30775.0,30776.75,489
2026-09-22 02:55:00-04:00,30776.75,30782.75,30776.25,30782.0,399
2026-09-22 02:56:00-04:00,30781.5,30785.25,30779.75,30784.5,225
2026-09-22 02:57:00-04:00,30785.5,30789.75,30782.5,30783.5,439
2026-09-22 02:58:00-04:00,30784.5,30786.5,30782.5,30785.75,151
2026-09-22 02:59:00-04:00,30785.75,30787.25,30778.0,30778.75,535
2026-09-22 03:00:00-04:00,30779.0,30789.5,30772.5,30776.5,1530
2026-09-22 03:01:00-04:00,30775.5,30777.5,30772.5,30775.25,604
2026-09-22 03:02:00-04:00,30775.0,30775.0,30767.25,30772.5,795
2026-09-22 03:03:00-04:00,30772.75,30777.0,30762.0,30768.75,1036
2026-09-22 03:04:00-04:00,30769.0,30778.25,30768.0,30775.5,826
2026-09-22 03:05:00-04:00,30775.5,30786.75,30770.25,30775.0,1021
2026-09-22 03:06:00-04:00,30775.5,30776.5,30766.5,30767.0,443
2026-09-22 03:07:00-04:00,30767.5,30775.5,30766.75,30771.5,494
2026-09-22 03:08:00-04:00,30771.75,30775.25,30769.0,30774.25,305
2026-09-22 03:09:00-04:00,30774.75,30782.5,30772.75,30781.25,709
2026-09-22 03:10:00-04:00,30782.0,30786.5,30775.75,30783.25,629
2026-09-22 03:11:00-04:00,30782.5,30785.0,30776.75,30781.5,415
2026-09-22 03:12:00-04:00,30783.0,30788.25,30780.0,30781.75,448
2026-09-22 03:13:00-04:00,30782.25,30782.75,30769.25,30773.0,773
2026-09-22 03:14:00-04:00,30773.75,30779.75,30768.25,30779.5,625
2026-09-22 03:15:00-04:00,30778.5,30784.75,30775.75,30784.5,483
2026-09-22 03:16:00-04:00,30784.0,30792.5,30780.0,30780.75,928
2026-09-22 03:17:00-04:00,30780.25,30792.0,30780.25,30788.5,876
2026-09-22 03:18:00-04:00,30788.0,30788.0,30782.0,30783.5,417
2026-09-22 03:19:00-04:00,30783.5,30784.25,30773.5,30774.25,575
2026-09-22 03:20:00-04:00,30774.75,30777.75,30772.5,30777.25,817
2026-09-22 03:21:00-04:00,30776.75,30780.75,30773.5,30780.25,337
2026-09-22 03:22:00-04:00,30779.75,30780.5,30773.5,30776.5,623
2026-09-22 03:23:00-04:00,30776.25,30779.75,30772.5,30775.0,403
2026-09-22 03:24:00-04:00,30774.5,30784.0,30767.5,30775.25,962
2026-09-22 03:25:00-04:00,30776.75,30778.75,30770.75,30776.25,486
2026-09-22 03:26:00-04:00,30776.75,30777.25,30768.75,30773.0,442
2026-09-22 03:27:00-04:00,30772.25,30780.25,30769.5,30776.25,406
2026-09-22 03:28:00-04:00,30775.0,30775.5,30770.0,30772.75,411
2026-09-22 03:29:00-04:00,30772.75,30773.5,30765.0,30769.25,539
2026-09-22 03:30:00-04:00,30769.0,30771.75,30761.25,30767.75,1223
2026-09-22 03:31:00-04:00,30767.5,30772.5,30765.75,30771.25,593
2026-09-22 03:32:00-04:00,30771.25,30776.75,30767.25,30768.0,819
2026-09-22 03:33:00-04:00,30767.5,30769.25,30762.0,30764.25,611
2026-09-22 03:34:00-04:00,30764.5,30769.75,30761.75,30765.25,479
2026-09-22 03:35:00-04:00,30765.25,30766.25,30762.0,30762.5,570
2026-09-22 03:36:00-04:00,30762.5,30772.25,30762.5,30771.0,534
2026-09-22 03:37:00-04:00,30770.75,30777.5,30769.25,30775.5,540
2026-09-22 03:38:00-04:00,30775.5,30776.25,30771.0,30772.75,427
2026-09-22 03:39:00-04:00,30770.75,30774.75,30769.0,30773.5,337
2026-09-22 03:40:00-04:00,30773.0,30777.0,30770.0,30770.0,272
2026-09-22 03:41:00-04:00,30770.25,30779.0,30770.0,30777.0,443
2026-09-22 03:42:00-04:00,30777.0,30779.75,30773.5,30777.75,249
2026-09-22 03:43:00-04:00,30777.75,30777.75,30773.25,30776.25,250
2026-09-22 03:44:00-04:00,30777.0,30780.0,30775.25,30780.0,221
2026-09-22 03:45:00-04:00,30780.0,30782.0,30776.5,30777.5,324
2026-09-22 03:46:00-04:00,30777.75,30786.0,30777.5,30777.75,623
2026-09-22 03:47:00-04:00,30777.5,30780.0,30766.75,30768.75,801
2026-09-22 03:48:00-04:00,30768.25,30769.5,30764.25,30769.5,525
2026-09-22 03:49:00-04:00,30769.5,30775.25,30768.0,30769.25,530
2026-09-22 03:50:00-04:00,30770.0,30773.0,30768.0,30770.5,367
2026-09-22 03:51:00-04:00,30770.25,30772.25,30766.5,30767.75,251
2026-09-22 03:52:00-04:00,30769.5,30777.5,30769.5,30777.0,419
2026-09-22 03:53:00-04:00,30777.0,30780.75,30772.5,30777.0,449
2026-09-22 03:54:00-04:00,30777.5,30780.75,30773.25,30779.5,350
2026-09-22 03:55:00-04:00,30778.25,30782.5,30777.0,30777.25,419
2026-09-22 03:56:00-04:00,30778.0,30782.0,30777.75,30778.5,303
2026-09-22 03:57:00-04:00,30778.25,30781.0,30769.75,30770.5,629
2026-09-22 03:58:00-04:00,30771.0,30774.0,30768.5,30769.5,374
2026-09-22 03:59:00-04:00,30769.5,30775.75,30769.5,30770.0,426
2026-09-22 04:00:00-04:00,30770.5,30771.75,30755.25,30764.75,3149
2026-09-22 04:01:00-04:00,30764.5,30764.75,30754.25,30758.5,1207
2026-09-22 04:02:00-04:00,30758.5,30766.75,30758.5,30763.25,1067
2026-09-22 04:03:00-04:00,30762.25,30763.0,30737.75,30742.5,2935
2026-09-22 04:04:00-04:00,30742.25,30744.5,30729.0,30731.25,1920
2026-09-22 04:05:00-04:00,30731.0,30747.5,30726.0,30738.0,2043
2026-09-22 04:06:00-04:00,30738.25,30742.0,30733.75,30735.0,780
2026-09-22 04:07:00-04:00,30734.75,30745.75,30731.0,30744.5,1145
2026-09-22 04:08:00-04:00,30745.25,30747.5,30736.5,30737.25,986
2026-09-22 04:09:00-04:00,30738.0,30739.75,30724.5,30737.25,1438
2026-09-22 04:10:00-04:00,30737.5,30742.75,30732.25,30737.5,1364
2026-09-22 04:11:00-04:00,30737.75,30738.5,30733.0,30737.25,553
2026-09-22 04:12:00-04:00,30737.25,30742.0,30730.25,30732.25,793
2026-09-22 04:13:00-04:00,30732.25,30738.75,30729.25,30735.25,679
2026-09-22 04:14:00-04:00,30735.5,30742.75,30735.0,30735.5,586
2026-09-22 04:15:00-04:00,30736.25,30737.5,30724.0,30726.0,1193
2026-09-22 04:16:00-04:00,30726.25,30726.75,30718.0,30721.25,1021
2026-09-22 04:17:00-04:00,30721.25,30721.75,30715.75,30717.0,671
2026-09-22 04:18:00-04:00,30716.5,30718.5,30712.5,30715.5,1023
2026-09-22 04:19:00-04:00,30716.25,30724.75,30716.25,30723.75,1011
2026-09-22 04:20:00-04:00,30724.0,30725.0,30710.5,30711.25,956
2026-09-22 04:21:00-04:00,30712.0,30718.5,30711.5,30718.0,644
2026-09-22 04:22:00-04:00,30717.5,30717.5,30705.25,30705.75,1196
2026-09-22 04:23:00-04:00,30705.75,30715.0,30700.75,30711.0,1561
2026-09-22 04:24:00-04:00,30711.0,30718.0,30709.25,30711.5,800
2026-09-22 04:25:00-04:00,30711.5,30734.75,30700.25,30700.5,3379
2026-09-22 04:26:00-04:00,30701.0,30705.25,30696.25,30698.0,1350
2026-09-22 04:27:00-04:00,30698.0,30698.5,30689.5,30692.5,1359
2026-09-22 04:28:00-04:00,30692.75,30696.25,30684.0,30685.0,1223
2026-09-22 04:29:00-04:00,30684.75,30688.75,30682.75,30686.75,1022
2026-09-22 04:30:00-04:00,30687.0,30687.75,30674.0,30674.25,1906
2026-09-22 04:31:00-04:00,30674.5,30686.75,30671.0,30680.0,2458
2026-09-22 04:32:00-04:00,30680.0,30700.25,30674.0,30682.5,2584
2026-09-22 04:33:00-04:00,30681.75,30682.75,30671.25,30680.0,1202
2026-09-22 04:34:00-04:00,30679.0,30692.75,30677.75,30690.75,1015
2026-09-22 04:35:00-04:00,30690.75,30705.0,30687.75,30703.25,1655
2026-09-22 04:36:00-04:00,30702.5,30717.5,30693.0,30714.25,1738
2026-09-22 04:37:00-04:00,30714.5,30720.25,30710.0,30712.5,1428
2026-09-22 04:38:00-04:00,30714.0,30723.25,30712.0,30721.25,1129
2026-09-22 04:39:00-04:00,30721.5,30744.0,30720.25,30735.75,2431
2026-09-22 04:40:00-04:00,30736.0,30737.0,30727.0,30731.25,1407
2026-09-22 04:41:00-04:00,30731.0,30751.75,30728.5,30748.75,1667
2026-09-22 04:42:00-04:00,30748.5,30765.25,30745.5,30755.0,2265
2026-09-22 04:43:00-04:00,30754.5,30762.25,30750.0,30755.5,1463
2026-09-22 04:44:00-04:00,30756.0,30762.0,30748.75,30759.75,1146
2026-09-22 04:45:00-04:00,30760.25,30763.75,30746.0,30751.0,1486
2026-09-22 04:46:00-04:00,30750.75,30760.75,30744.0,30756.5,1289
2026-09-22 04:47:00-04:00,30756.0,30772.75,30756.0,30769.75,1748
2026-09-22 04:48:00-04:00,30769.5,30776.25,30763.5,30772.5,1382
2026-09-22 04:49:00-04:00,30772.75,30780.5,30769.75,30777.5,1607
2026-09-22 04:50:00-04:00,30778.0,30780.5,30772.0,30779.25,1137
2026-09-22 04:51:00-04:00,30779.0,30784.0,30767.25,30768.75,1275
2026-09-22 04:52:00-04:00,30768.75,30780.75,30766.5,30776.75,1127
2026-09-22 04:53:00-04:00,30777.25,30787.25,30772.5,30786.25,1388
2026-09-22 04:54:00-04:00,30786.5,30788.25,30770.0,30776.5,1483
2026-09-22 04:55:00-04:00,30776.5,30783.5,30770.5,30772.5,1347
2026-09-22 04:56:00-04:00,30772.75,30785.0,30769.25,30783.0,886
2026-09-22 04:57:00-04:00,30783.0,30787.75,30778.25,30787.5,643
2026-09-22 04:58:00-04:00,30787.75,30790.5,30773.75,30777.0,1142
2026-09-22 04:59:00-04:00,30777.25,30789.0,30777.25,30782.25,795
2026-09-22 05:00:00-04:00,30783.25,30790.0,30777.0,30778.75,1390
2026-09-22 05:01:00-04:00,30778.5,30786.25,30770.5,30773.5,974
2026-09-22 05:02:00-04:00,30775.0,30802.5,30773.5,30786.0,2280
2026-09-22 05:03:00-04:00,30786.0,30789.25,30771.75,30771.75,879
2026-09-22 05:04:00-04:00,30771.75,30772.0,30756.5,30757.5,2142
2026-09-22 05:05:00-04:00,30756.75,30765.25,30754.25,30761.0,919
2026-09-22 05:06:00-04:00,30761.5,30780.75,30761.5,30777.5,1102
2026-09-22 05:07:00-04:00,30777.75,30777.75,30766.75,30777.25,1019
2026-09-22 05:08:00-04:00,30777.25,30779.75,30763.25,30763.5,912
2026-09-22 05:09:00-04:00,30763.75,30777.25,30758.0,30767.25,1399
2026-09-22 05:10:00-04:00,30766.75,30772.5,30762.75,30770.0,703
2026-09-22 05:11:00-04:00,30769.75,30781.25,30760.75,30773.0,1529
2026-09-22 05:12:00-04:00,30773.0,30774.25,30752.5,30755.5,1265
2026-09-22 05:13:00-04:00,30755.25,30770.0,30755.0,30763.75,758
2026-09-22 05:14:00-04:00,30763.5,30767.25,30760.75,30764.5,420
2026-09-22 05:15:00-04:00,30764.25,30788.0,30762.0,30785.0,2442
2026-09-22 05:16:00-04:00,30784.25,30784.75,30773.25,30777.0,767
2026-09-22 05:17:00-04:00,30776.5,30777.5,30769.0,30770.0,601
2026-09-22 05:18:00-04:00,30770.5,30774.75,30767.75,30768.5,322
2026-09-22 05:19:00-04:00,30768.5,30773.75,30766.75,30767.5,316
2026-09-22 05:20:00-04:00,30767.5,30770.75,30766.0,30770.25,433
2026-09-22 05:21:00-04:00,30770.5,30773.25,30769.0,30769.75,282
2026-09-22 05:22:00-04:00,30769.25,30775.0,30760.0,30768.75,969
2026-09-22 05:23:00-04:00,30768.75,30770.0,30760.25,30767.75,251
2026-09-22 05:24:00-04:00,30767.75,30772.0,30766.75,30766.75,294
2026-09-22 05:25:00-04:00,30766.25,30769.5,30761.0,30764.75,294
2026-09-22 05:26:00-04:00,30765.25,30769.25,30762.5,30767.5,240
2026-09-22 05:27:00-04:00,30767.75,30769.75,30765.0,30767.25,374
2026-09-22 05:28:00-04:00,30768.25,30768.75,30766.0,30768.75,114
2026-09-22 05:29:00-04:00,30768.75,30773.0,30767.0,30769.75,272
2026-09-22 05:30:00-04:00,30770.75,30777.75,30770.0,30776.5,515
2026-09-22 05:31:00-04:00,30776.0,30786.25,30776.0,30785.5,771
2026-09-22 05:32:00-04:00,30785.0,30787.0,30782.25,30782.75,372
2026-09-22 05:33:00-04:00,30782.25,30783.75,30766.0,30772.0,1768
2026-09-22 05:34:00-04:00,30772.0,30781.0,30772.0,30777.75,480
2026-09-22 05:35:00-04:00,30777.25,30777.75,30766.75,30769.75,530
2026-09-22 05:36:00-04:00,30770.0,30770.75,30765.5,30767.0,373
2026-09-22 05:37:00-04:00,30767.5,30772.25,30766.0,30769.5,311
2026-09-22 05:38:00-04:00,30768.0,30769.25,30763.5,30764.5,308
2026-09-22 05:39:00-04:00,30765.25,30769.0,30765.0,30766.5,266
2026-09-22 05:40:00-04:00,30766.5,30772.0,30765.75,30769.5,349
2026-09-22 05:41:00-04:00,30769.0,30783.25,30768.0,30775.0,1048
2026-09-22 05:42:00-04:00,30776.0,30778.5,30769.0,30777.25,403
2026-09-22 05:43:00-04:00,30777.0,30785.0,30777.0,30783.5,582
2026-09-22 05:44:00-04:00,30783.5,30790.0,30782.5,30789.5,604
2026-09-22 05:45:00-04:00,30789.0,30790.25,30783.75,30784.5,752
2026-09-22 05:46:00-04:00,30784.25,30788.25,30781.5,30785.0,500
2026-09-22 05:47:00-04:00,30784.5,30793.75,30783.25,30789.75,776
2026-09-22 05:48:00-04:00,30789.75,30792.25,30785.0,30786.25,321
2026-09-22 05:49:00-04:00,30785.75,30789.0,30784.75,30787.5,322
2026-09-22 05:50:00-04:00,30787.5,30791.75,30786.0,30791.75,400
2026-09-22 05:51:00-04:00,30791.25,30813.0,30790.75,30799.25,1540
2026-09-22 05:52:00-04:00,30799.5,30855.25,30795.25,30822.5,7218
2026-09-22 05:53:00-04:00,30823.25,30832.75,30800.0,30822.5,3743
2026-09-22 05:54:00-04:00,30821.0,30827.0,30806.75,30821.75,1947
2026-09-22 05:55:00-04:00,30821.75,30823.25,30800.0,30801.0,1973
2026-09-22 05:56:00-04:00,30800.25,30845.5,30794.5,30823.5,4596
2026-09-22 05:57:00-04:00,30823.5,30824.25,30806.75,30815.5,1525
2026-09-22 05:58:00-04:00,30815.75,30837.75,30814.25,30837.0,987
2026-09-22 05:59:00-04:00,30836.25,30842.25,30833.75,30836.5,1062
2026-09-22 06:00:00-04:00,30838.0,30838.5,30818.0,30826.75,1506
2026-09-22 06:01:00-04:00,30826.75,30832.25,30819.5,30824.75,961
2026-09-22 06:02:00-04:00,30824.25,30837.0,30823.75,30835.0,839
2026-09-22 06:03:00-04:00,30834.75,30842.0,30829.0,30839.5,976
2026-09-22 06:04:00-04:00,30838.75,30841.5,30832.0,30834.75,574
2026-09-22 06:05:00-04:00,30834.25,30842.25,30834.0,30834.75,900
2026-09-22 06:06:00-04:00,30834.75,30837.0,30830.0,30834.25,858
2026-09-22 06:07:00-04:00,30834.0,30839.0,30832.0,30838.25,466
2026-09-22 06:08:00-04:00,30837.5,30848.0,30837.5,30846.5,900
2026-09-22 06:09:00-04:00,30846.0,30847.25,30836.0,30838.25,649
2026-09-22 06:10:00-04:00,30838.5,30843.25,30830.5,30834.25,832
2026-09-22 06:11:00-04:00,30833.75,30835.0,30823.25,30824.5,757
2026-09-22 06:12:00-04:00,30825.0,30835.75,30825.0,30825.0,619
2026-09-22 06:13:00-04:00,30825.75,30827.25,30809.5,30816.0,1088
2026-09-22 06:14:00-04:00,30816.25,30824.0,30816.25,30818.25,714
2026-09-22 06:15:00-04:00,30817.75,30825.75,30817.25,30822.25,611
2026-09-22 06:16:00-04:00,30822.25,30824.25,30818.75,30822.5,415
2026-09-22 06:17:00-04:00,30822.5,30824.25,30817.5,30822.25,297
2026-09-22 06:18:00-04:00,30822.5,30823.75,30813.0,30814.75,417
2026-09-22 06:19:00-04:00,30814.25,30817.25,30809.5,30812.5,615
2026-09-22 06:20:00-04:00,30813.0,30815.25,30803.5,30807.25,734
2026-09-22 06:21:00-04:00,30807.75,30811.75,30804.75,30809.75,415
2026-09-22 06:22:00-04:00,30809.5,30811.5,30803.0,30805.5,568
2026-09-22 06:23:00-04:00,30804.75,30807.0,30799.0,30800.0,611
2026-09-22 06:24:00-04:00,30800.5,30803.75,30799.75,30801.25,481
2026-09-22 06:25:00-04:00,30802.0,30804.5,30794.5,30803.5,900
2026-09-22 06:26:00-04:00,30803.75,30807.75,30801.0,30804.0,601
2026-09-22 06:27:00-04:00,30804.25,30806.25,30799.5,30803.75,385
2026-09-22 06:28:00-04:00,30803.25,30808.25,30802.5,30808.25,365
2026-09-22 06:29:00-04:00,30808.0,30815.75,30804.0,30809.75,659
2026-09-22 06:30:00-04:00,30809.25,30814.25,30806.0,30814.25,615
2026-09-22 06:31:00-04:00,30813.0,30815.75,30805.0,30810.25,993
2026-09-22 06:32:00-04:00,30809.0,30811.25,30805.75,30807.0,402
2026-09-22 06:33:00-04:00,30807.75,30809.25,30797.75,30802.25,580
2026-09-22 06:34:00-04:00,30801.75,30806.25,30801.75,30805.25,249
2026-09-22 06:35:00-04:00,30804.75,30805.0,30798.25,30798.25,328
2026-09-22 06:36:00-04:00,30798.75,30805.25,30797.75,30803.75,394
2026-09-22 06:37:00-04:00,30804.25,30810.25,30802.0,30808.25,641
2026-09-22 06:38:00-04:00,30808.75,30809.75,30805.75,30806.75,285
2026-09-22 06:39:00-04:00,30807.25,30810.0,30806.0,30809.25,278
2026-09-22 06:40:00-04:00,30809.75,30811.75,30806.75,30810.75,275
2026-09-22 06:41:00-04:00,30811.0,30818.25,30810.5,30816.5,510
2026-09-22 06:42:00-04:00,30816.25,30817.75,30813.75,30817.75,415
2026-09-22 06:43:00-04:00,30817.5,30830.75,30816.25,30825.75,1158
2026-09-22 06:44:00-04:00,30825.75,30826.5,30818.75,30821.75,807
2026-09-22 06:45:00-04:00,30821.75,30822.0,30812.5,30817.5,808
2026-09-22 06:46:00-04:00,30817.75,30819.75,30808.25,30810.75,787
2026-09-22 06:47:00-04:00,30810.75,30820.75,30809.75,30820.75,550
2026-09-22 06:48:00-04:00,30820.25,30829.25,30819.25,30828.5,989
2026-09-22 06:49:00-04:00,30828.5,30832.25,30826.75,30828.25,528
2026-09-22 06:50:00-04:00,30828.25,30834.75,30828.0,30833.25,500
2026-09-22 06:51:00-04:00,30834.25,30834.5,30828.0,30831.5,509
2026-09-22 06:52:00-04:00,30830.75,30830.75,30827.0,30828.0,334
2026-09-22 06:53:00-04:00,30827.75,30833.5,30826.25,30829.75,350
2026-09-22 06:54:00-04:00,30829.25,30829.75,30823.75,30826.5,422
2026-09-22 06:55:00-04:00,30826.75,30829.5,30818.0,30819.75,655
2026-09-22 06:56:00-04:00,30820.5,30825.25,30818.0,30825.25,422
2026-09-22 06:57:00-04:00,30824.25,30826.75,30821.75,30823.0,316
2026-09-22 06:58:00-04:00,30823.75,30828.25,30823.5,30826.5,235
2026-09-22 06:59:00-04:00,30827.0,30830.0,30813.5,30814.5,879
2026-09-22 07:00:00-04:00,30814.5,30829.5,30810.25,30810.75,1321
2026-09-22 07:01:00-04:00,30811.25,30811.5,30802.0,30802.0,1147
2026-09-22 07:02:00-04:00,30802.25,30806.25,30800.25,30801.0,854
2026-09-22 07:03:00-04:00,30801.5,30808.0,30796.25,30807.5,1054
2026-09-22 07:04:00-04:00,30807.0,30811.25,30802.25,30809.75,901
2026-09-22 07:05:00-04:00,30810.0,30813.5,30796.75,30796.75,812
2026-09-22 07:06:00-04:00,30797.25,30804.75,30789.0,30800.25,1693
2026-09-22 07:07:00-04:00,30800.25,30810.25,30800.25,30807.75,716
2026-09-22 07:08:00-04:00,30808.75,30809.25,30800.75,30801.75,294
2026-09-22 07:09:00-04:00,30801.75,30809.75,30754.75,30773.5,6861
2026-09-22 07:10:00-04:00,30774.25,30791.25,30765.0,30790.0,3408
2026-09-22 07:11:00-04:00,30790.0,30794.0,30776.25,30794.0,1588
2026-09-22 07:12:00-04:00,30794.0,30805.0,30775.25,30783.5,2922
2026-09-22 07:13:00-04:00,30783.5,30786.75,30775.25,30781.5,1417
2026-09-22 07:14:00-04:00,30781.75,30797.0,30779.25,30795.25,1187
2026-09-22 07:15:00-04:00,30795.0,30800.25,30790.25,30796.5,1094
2026-09-22 07:16:00-04:00,30796.75,30798.5,30793.0,30797.5,666
2026-09-22 07:17:00-04:00,30797.5,30799.75,30793.25,30798.25,692
2026-09-22 07:18:00-04:00,30798.0,30798.25,30790.25,30792.0,443
2026-09-22 07:19:00-04:00,30792.0,30794.75,30788.25,30791.25,625
2026-09-22 07:20:00-04:00,30791.0,30793.5,30783.75,30786.5,650
2026-09-22 07:21:00-04:00,30787.0,30792.0,30786.5,30786.75,379
2026-09-22 07:22:00-04:00,30786.75,30796.0,30785.75,30790.0,580
2026-09-22 07:23:00-04:00,30790.25,30797.5,30788.0,30793.25,413
2026-09-22 07:24:00-04:00,30792.5,30802.5,30792.5,30799.25,987
2026-09-22 07:25:00-04:00,30799.0,30799.5,30791.25,30795.25,373
2026-09-22 07:26:00-04:00,30795.5,30801.75,30790.75,30794.5,770
2026-09-22 07:27:00-04:00,30794.75,30794.75,30783.5,30785.25,511
2026-09-22 07:28:00-04:00,30785.0,30787.0,30780.75,30783.0,375
2026-09-22 07:29:00-04:00,30783.25,30784.75,30777.5,30779.0,618
2026-09-22 07:30:00-04:00,30779.5,30783.5,30776.25,30783.0,913
2026-09-22 07:31:00-04:00,30782.25,30790.25,30780.25,30784.75,671
2026-09-22 07:32:00-04:00,30784.25,30795.5,30783.25,30792.0,667
2026-09-22 07:33:00-04:00,30792.0,30792.5,30787.0,30787.25,301
2026-09-22 07:34:00-04:00,30788.25,30788.75,30780.75,30788.0,588
2026-09-22 07:35:00-04:00,30787.75,30797.0,30787.5,30794.75,489
2026-09-22 07:36:00-04:00,30794.75,30798.25,30790.25,30791.5,516
2026-09-22 07:37:00-04:00,30791.25,30793.5,30789.5,30791.5,266
2026-09-22 07:38:00-04:00,30791.5,30797.0,30791.25,30795.75,388
2026-09-22 07:39:00-04:00,30795.5,30801.25,30793.25,30796.25,861
2026-09-22 07:40:00-04:00,30796.25,30799.0,30792.0,30798.25,573
2026-09-22 07:41:00-04:00,30798.5,30805.0,30794.0,30802.25,950
2026-09-22 07:42:00-04:00,30802.75,30803.5,30789.75,30790.75,725
2026-09-22 07:43:00-04:00,30791.0,30798.5,30790.0,30795.0,353
2026-09-22 07:44:00-04:00,30795.5,30796.25,30785.5,30794.25,776
2026-09-22 07:45:00-04:00,30794.75,30813.75,30790.75,30804.5,1653
2026-09-22 07:46:00-04:00,30804.5,30804.5,30784.5,30788.75,928
2026-09-22 07:47:00-04:00,30788.5,30793.0,30785.25,30792.5,591
2026-09-22 07:48:00-04:00,30792.75,30793.0,30788.5,30791.0,250
2026-09-22 07:49:00-04:00,30791.5,30793.75,30787.25,30792.0,327
2026-09-22 07:50:00-04:00,30792.0,30794.0,30782.5,30783.0,549
2026-09-22 07:51:00-04:00,30784.0,30786.0,30782.75,30784.75,410
2026-09-22 07:52:00-04:00,30784.5,30786.75,30778.5,30781.5,674
2026-09-22 07:53:00-04:00,30781.25,30783.75,30779.0,30781.0,316
2026-09-22 07:54:00-04:00,30781.25,30782.0,30775.25,30776.5,637
2026-09-22 07:55:00-04:00,30776.0,30792.0,30775.75,30786.0,1045
2026-09-22 07:56:00-04:00,30785.5,30786.0,30775.25,30778.75,585
2026-09-22 07:57:00-04:00,30778.5,30788.25,30778.5,30779.75,604
2026-09-22 07:58:00-04:00,30779.25,30780.25,30772.0,30774.0,730
2026-09-22 07:59:00-04:00,30774.5,30778.25,30772.25,30776.25,709
2026-09-22 08:00:00-04:00,30776.5,30781.0,30770.75,30774.5,931
2026-09-22 08:01:00-04:00,30774.75,30778.25,30771.75,30778.25,840
2026-09-22 08:02:00-04:00,30778.0,30783.5,30775.0,30780.75,1023
2026-09-22 08:03:00-04:00,30781.0,30791.75,30778.75,30789.75,893
2026-09-22 08:04:00-04:00,30789.25,30790.75,30784.5,30786.25,547
2026-09-22 08:05:00-04:00,30785.75,30789.0,30783.0,30783.5,326
2026-09-22 08:06:00-04:00,30783.25,30784.25,30768.25,30771.75,1132
2026-09-22 08:07:00-04:00,30771.75,30774.5,30767.75,30770.0,1059
2026-09-22 08:08:00-04:00,30770.25,30772.5,30762.25,30769.0,1400
2026-09-22 08:09:00-04:00,30769.0,30769.5,30747.75,30759.75,2970
2026-09-22 08:10:00-04:00,30759.75,30765.5,30757.25,30761.25,1160
2026-09-22 08:11:00-04:00,30762.0,30767.0,30758.25,30766.0,822
2026-09-22 08:12:00-04:00,30766.0,30769.5,30762.75,30766.5,457
2026-09-22 08:13:00-04:00,30766.5,30768.25,30763.5,30766.25,340
2026-09-22 08:14:00-04:00,30766.25,30768.5,30759.5,30761.0,384
2026-09-22 08:15:00-04:00,30762.0,30763.75,30753.25,30762.75,1032
2026-09-22 08:16:00-04:00,30762.5,30770.75,30754.0,30754.75,1527
2026-09-22 08:17:00-04:00,30754.25,30760.25,30749.25,30757.25,1217
2026-09-22 08:18:00-04:00,30756.75,30759.25,30754.75,30755.75,615
2026-09-22 08:19:00-04:00,30756.0,30763.5,30754.75,30758.5,707
2026-09-22 08:20:00-04:00,30758.25,30765.75,30757.25,30764.0,520
2026-09-22 08:21:00-04:00,30764.5,30783.25,30763.5,30773.0,2038
2026-09-22 08:22:00-04:00,30773.5,30774.5,30768.5,30770.75,597
2026-09-22 08:23:00-04:00,30771.0,30773.25,30770.0,30771.75,381
2026-09-22 08:24:00-04:00,30772.25,30776.75,30770.25,30771.0,646
2026-09-22 08:25:00-04:00,30771.0,30780.75,30770.5,30775.5,888
2026-09-22 08:26:00-04:00,30775.0,30776.25,30771.5,30776.0,693
2026-09-22 08:27:00-04:00,30776.0,30776.5,30771.5,30771.75,252
2026-09-22 08:28:00-04:00,30771.75,30777.75,30771.25,30776.5,297
2026-09-22 08:29:00-04:00,30777.0,30784.5,30775.75,30784.5,716
2026-09-22 08:30:00-04:00,30783.75,30785.0,30775.5,30777.5,834
2026-09-22 08:31:00-04:00,30777.75,30784.0,30772.0,30782.75,980
2026-09-22 08:32:00-04:00,30783.0,30787.25,30776.75,30780.5,1106
2026-09-22 08:33:00-04:00,30780.75,30788.25,30777.75,30788.0,710
2026-09-22 08:34:00-04:00,30788.0,30788.0,30782.25,30784.75,651
2026-09-22 08:35:00-04:00,30784.75,30787.25,30776.0,30777.0,975
2026-09-22 08:36:00-04:00,30777.25,30786.25,30771.0,30771.5,1394
2026-09-22 08:37:00-04:00,30771.75,30773.25,30764.0,30768.0,1505
2026-09-22 08:38:00-04:00,30767.75,30769.25,30765.0,30766.5,545
2026-09-22 08:39:00-04:00,30766.5,30772.5,30764.25,30767.75,745
2026-09-22 08:40:00-04:00,30767.5,30781.0,30767.25,30780.0,1123
2026-09-22 08:41:00-04:00,30779.5,30779.75,30773.75,30776.75,652
2026-09-22 08:42:00-04:00,30777.25,30779.5,30773.75,30778.25,563
2026-09-22 08:43:00-04:00,30779.0,30781.0,30771.75,30771.75,553
2026-09-22 08:44:00-04:00,30772.0,30772.75,30763.25,30764.5,882
2026-09-22 08:45:00-04:00,30765.0,30769.0,30763.25,30766.0,935
2026-09-22 08:46:00-04:00,30765.5,30769.0,30762.0,30762.75,635
2026-09-22 08:47:00-04:00,30762.5,30766.25,30761.25,30762.75,838
2026-09-22 08:48:00-04:00,30762.5,30769.75,30761.75,30766.5,440
2026-09-22 08:49:00-04:00,30767.0,30767.75,30761.25,30763.0,580
2026-09-22 08:50:00-04:00,30763.5,30765.25,30759.0,30759.75,707
2026-09-22 08:51:00-04:00,30759.75,30761.25,30757.0,30758.75,660
2026-09-22 08:52:00-04:00,30758.75,30760.0,30752.75,30758.5,997
2026-09-22 08:53:00-04:00,30758.5,30762.5,30756.25,30757.5,663
2026-09-22 08:54:00-04:00,30758.0,30758.75,30755.75,30758.0,444
2026-09-22 08:55:00-04:00,30757.5,30758.5,30753.0,30755.0,694
2026-09-22 08:56:00-04:00,30754.75,30755.25,30750.75,30752.75,862
2026-09-22 08:57:00-04:00,30752.5,30762.0,30752.0,30755.75,1008
2026-09-22 08:58:00-04:00,30755.75,30758.5,30752.5,30752.75,748
2026-09-22 08:59:00-04:00,30752.5,30753.5,30748.0,30752.5,1195
2026-09-22 09:00:00-04:00,30752.75,30760.0,30748.75,30758.75,1694
2026-09-22 09:01:00-04:00,30758.75,30767.75,30753.25,30767.25,1795
2026-09-22 09:02:00-04:00,30767.75,30770.75,30765.5,30769.75,1319
2026-09-22 09:03:00-04:00,30769.25,30771.25,30766.75,30769.75,1107
2026-09-22 09:04:00-04:00,30770.0,30771.75,30767.0,30767.5,624
2026-09-22 09:05:00-04:00,30767.75,30769.25,30761.25,30765.25,1073
2026-09-22 09:06:00-04:00,30765.5,30777.0,30757.75,30770.0,3582
2026-09-22 09:07:00-04:00,30769.75,30771.0,30763.75,30765.75,1060
2026-09-22 09:08:00-04:00,30766.0,30781.0,30766.0,30773.0,1760
2026-09-22 09:09:00-04:00,30772.75,30773.5,30766.25,30767.0,1195
2026-09-22 09:10:00-04:00,30766.75,30771.0,30760.5,30769.75,1309
2026-09-22 09:11:00-04:00,30769.0,30771.75,30765.25,30765.75,727
2026-09-22 09:12:00-04:00,30765.5,30768.5,30762.25,30765.0,660
2026-09-22 09:13:00-04:00,30765.0,30768.25,30760.25,30766.25,834
2026-09-22 09:14:00-04:00,30766.5,30773.0,30766.5,30769.75,934
2026-09-22 09:15:00-04:00,30769.5,30771.5,30761.5,30766.0,1125
2026-09-22 09:16:00-04:00,30766.0,30774.75,30764.75,30767.5,1134
2026-09-22 09:17:00-04:00,30767.5,30768.0,30757.75,30759.25,1038
2026-09-22 09:18:00-04:00,30759.5,30763.75,30756.75,30757.75,949
2026-09-22 09:19:00-04:00,30758.0,30759.75,30755.25,30759.25,939
2026-09-22 09:20:00-04:00,30759.25,30759.75,30750.75,30753.5,1167
2026-09-22 09:21:00-04:00,30753.25,30765.75,30752.75,30763.5,1324
2026-09-22 09:22:00-04:00,30763.25,30766.25,30759.25,30764.75,1369
2026-09-22 09:23:00-04:00,30764.0,30766.75,30759.5,30763.25,796
2026-09-22 09:24:00-04:00,30763.5,30771.25,30763.5,30768.25,1131
2026-09-22 09:25:00-04:00,30768.75,30777.75,30762.0,30777.5,2844
2026-09-22 09:26:00-04:00,30777.25,30777.75,30769.25,30773.0,1594
2026-09-22 09:27:00-04:00,30773.25,30776.75,30770.0,30776.0,2069
2026-09-22 09:28:00-04:00,30775.75,30775.75,30757.0,30765.0,3156
2026-09-22 09:29:00-04:00,30764.75,30769.0,30759.75,30764.0,2073
2026-09-22 09:30:00-04:00,30764.5,30815.75,30763.25,30812.75,17239
2026-09-22 09:31:00-04:00,30813.25,30846.75,30809.5,30842.25,13493
2026-09-22 09:32:00-04:00,30842.25,30864.5,30836.75,30859.0,12284
2026-09-22 09:33:00-04:00,30859.25,30868.25,30847.25,30853.5,10645
2026-09-22 09:34:00-04:00,30853.5,30866.25,30842.25,30865.5,8565
2026-09-22 09:35:00-04:00,30865.25,30886.5,30863.5,30882.25,14130
2026-09-22 09:36:00-04:00,30882.0,30894.5,30872.75,30891.25,8884
2026-09-22 09:37:00-04:00,30891.25,30894.25,30881.0,30884.5,6309
2026-09-22 09:38:00-04:00,30884.75,30895.5,30879.0,30884.5,6487
2026-09-22 09:39:00-04:00,30884.75,30897.5,30878.25,30893.0,6738
2026-09-22 09:40:00-04:00,30892.75,30900.5,30886.5,30894.0,7064
2026-09-22 09:41:00-04:00,30894.25,30913.0,30891.75,30896.25,10896
2026-09-22 09:42:00-04:00,30896.5,30922.5,30892.75,30918.0,10198
2026-09-22 09:43:00-04:00,30918.0,30927.5,30914.75,30925.5,6664
2026-09-22 09:44:00-04:00,30925.25,30925.75,30902.25,30902.25,7534
2026-09-22 09:45:00-04:00,30902.5,30913.5,30881.0,30907.5,13488
2026-09-22 09:46:00-04:00,30907.0,30919.25,30891.75,30894.0,9281
2026-09-22 09:47:00-04:00,30894.0,30904.25,30889.25,30899.75,5628
2026-09-22 09:48:00-04:00,30900.0,30924.75,30892.0,30922.25,9124
2026-09-22 09:49:00-04:00,30922.25,30923.25,30898.75,30907.0,6326
2026-09-22 09:50:00-04:00,30907.25,30941.0,30905.0,30939.0,10715
2026-09-22 09:51:00-04:00,30939.5,30942.0,30923.0,30934.5,6710
2026-09-22 09:52:00-04:00,30933.75,30939.0,30921.5,30932.75,5231
2026-09-22 09:53:00-04:00,30932.5,30944.25,30929.0,30937.75,4634
2026-09-22 09:54:00-04:00,30938.0,30947.25,30931.0,30941.5,4603
2026-09-22 09:55:00-04:00,30941.5,30943.5,30892.0,30922.75,10172
2026-09-22 09:56:00-04:00,30922.25,30924.75,30898.75,30906.25,7919
2026-09-22 09:57:00-04:00,30906.5,30929.0,30903.75,30923.0,6691
2026-09-22 09:58:00-04:00,30922.75,30934.75,30921.75,30930.0,5282
2026-09-22 09:59:00-04:00,30930.0,30930.75,30915.75,30930.0,4812
2026-09-22 10:00:00-04:00,30929.75,30937.75,30920.0,30920.75,9400
2026-09-22 10:01:00-04:00,30920.75,30931.25,30910.5,30926.25,5403
2026-09-22 10:02:00-04:00,30926.5,30931.25,30911.25,30923.25,3553
2026-09-22 10:03:00-04:00,30923.0,30925.5,30914.25,30917.75,2546
2026-09-22 10:04:00-04:00,30917.5,30933.25,30910.0,30928.0,4595
2026-09-22 10:05:00-04:00,30928.25,30933.75,30923.0,30925.5,3047
2026-09-22 10:06:00-04:00,30925.75,30928.0,30907.25,30915.25,5116
2026-09-22 10:07:00-04:00,30915.5,30930.0,30914.75,30924.25,3785
2026-09-22 10:08:00-04:00,30924.5,30927.0,30914.25,30919.5,2646
2026-09-22 10:09:00-04:00,30919.5,30919.75,30912.5,30915.0,2627
2026-09-22 10:10:00-04:00,30914.75,30939.25,30912.5,30937.0,6088
2026-09-22 10:11:00-04:00,30936.5,30961.75,30934.0,30955.0,11806
2026-09-22 10:12:00-04:00,30955.0,30967.25,30954.5,30966.75,7688
2026-09-22 10:13:00-04:00,30966.5,30987.5,30957.0,30959.25,12412
2026-09-22 10:14:00-04:00,30959.5,30966.25,30932.0,30960.25,8197
2026-09-22 10:15:00-04:00,30960.75,30974.25,30951.5,30974.25,6690
2026-09-22 10:16:00-04:00,30974.5,30978.75,30960.5,30964.75,5101
2026-09-22 10:17:00-04:00,30965.0,30965.25,30954.5,30962.25,3574
2026-09-22 10:18:00-04:00,30962.25,30962.25,30938.25,30946.25,7107
2026-09-22 10:19:00-04:00,30946.5,30954.25,30942.0,30950.0,3752
2026-09-22 10:20:00-04:00,30950.0,30960.75,30943.75,30954.75,4017
2026-09-22 10:21:00-04:00,30954.75,30955.5,30934.25,30948.75,5915
2026-09-22 10:22:00-04:00,30948.75,30959.0,30945.75,30957.25,4224
2026-09-22 10:23:00-04:00,30958.0,30959.0,30947.25,30949.75,2720
2026-09-22 10:24:00-04:00,30950.0,30952.5,30937.5,30950.75,4219
2026-09-22 10:25:00-04:00,30950.75,30952.25,30939.5,30947.25,2486
2026-09-22 10:26:00-04:00,30947.25,30962.5,30945.0,30957.75,4158
2026-09-22 10:27:00-04:00,30958.0,30964.5,30955.5,30957.75,3068
2026-09-22 10:28:00-04:00,30957.75,30963.75,30955.25,30962.0,2366
2026-09-22 10:29:00-04:00,30961.75,30966.5,30956.75,30961.0,2699
2026-09-22 10:30:00-04:00,30961.0,30966.0,30953.5,30956.0,3013
2026-09-22 10:31:00-04:00,30956.25,30977.75,30955.25,30974.0,6148
2026-09-22 10:32:00-04:00,30974.25,30987.25,30974.0,30983.0,6045
2026-09-22 10:33:00-04:00,30982.75,30997.75,30980.25,30991.25,6601
2026-09-22 10:34:00-04:00,30991.25,30996.0,30985.0,30987.75,3976
2026-09-22 10:35:00-04:00,30987.75,30988.5,30947.25,30953.75,12763
2026-09-22 10:36:00-04:00,30953.75,30959.75,30949.25,30958.5,4846
2026-09-22 10:37:00-04:00,30958.25,30972.5,30951.5,30969.25,5720
2026-09-22 10:38:00-04:00,30969.0,30970.5,30941.0,30947.25,9664
2026-09-22 10:39:00-04:00,30947.0,30989.25,30935.75,30943.5,15810
2026-09-22 10:40:00-04:00,30944.0,30949.25,30926.25,30942.5,8971
2026-09-22 10:41:00-04:00,30942.25,30942.75,30903.0,30908.75,12446
2026-09-22 10:42:00-04:00,30909.0,30914.5,30896.25,30902.5,9413
2026-09-22 10:43:00-04:00,30902.75,30918.0,30897.5,30916.5,5823
2026-09-22 10:44:00-04:00,30916.5,30927.25,30911.5,30914.0,7110
2026-09-22 10:45:00-04:00,30914.25,30920.5,30906.5,30906.5,6214
2026-09-22 10:46:00-04:00,30906.75,30912.75,30893.75,30896.0,7663
2026-09-22 10:47:00-04:00,30896.5,30920.0,30890.25,30915.25,8775
2026-09-22 10:48:00-04:00,30914.5,30933.25,30906.75,30932.75,7425
2026-09-22 10:49:00-04:00,30932.75,30944.75,30928.5,30942.0,6950
2026-09-22 10:50:00-04:00,30942.0,30955.75,30939.75,30945.25,7565
2026-09-22 10:51:00-04:00,30944.75,30946.0,30924.0,30929.5,6868
2026-09-22 10:52:00-04:00,30929.5,30936.5,30923.0,30934.25,4179
2026-09-22 10:53:00-04:00,30934.5,30943.25,30930.75,30933.25,3624
2026-09-22 10:54:00-04:00,30933.0,30946.0,30928.0,30943.75,3823
2026-09-22 10:55:00-04:00,30944.25,30950.0,30931.5,30941.75,4077
2026-09-22 10:56:00-04:00,30940.75,30944.0,30933.25,30937.0,2546
2026-09-22 10:57:00-04:00,30937.25,30942.5,30927.25,30929.5,2784
2026-09-22 10:58:00-04:00,30930.0,30933.0,30916.0,30921.0,4661
2026-09-22 10:59:00-04:00,30921.0,30927.75,30919.5,30925.0,2358
2026-09-22 11:00:00-04:00,30925.5,30930.0,30917.0,30922.0,3546
2026-09-22 11:01:00-04:00,30921.75,30929.5,30913.25,30928.25,4022
2026-09-22 11:02:00-04:00,30928.5,30930.0,30917.5,30926.25,3347
2026-09-22 11:03:00-04:00,30926.25,30927.5,30915.5,30919.75,2651
2026-09-22 11:04:00-04:00,30920.0,30924.5,30902.5,30915.5,6732
2026-09-22 11:05:00-04:00,30915.25,30922.5,30911.0,30922.0,2692
2026-09-22 11:06:00-04:00,30922.25,30930.0,30915.0,30916.0,6026
2026-09-22 11:07:00-04:00,30915.75,30940.5,30911.5,30921.75,6543
2026-09-22 11:08:00-04:00,30921.75,30925.0,30918.0,30922.0,2127
2026-09-22 11:09:00-04:00,30922.5,30928.0,30911.75,30914.5,2693
2026-09-22 11:10:00-04:00,30914.75,30926.25,30914.25,30921.75,2538
2026-09-22 11:11:00-04:00,30921.75,30928.5,30918.0,30920.25,1909
2026-09-22 11:12:00-04:00,30920.25,30923.0,30912.5,30918.5,2491
2026-09-22 11:13:00-04:00,30918.5,30918.5,30906.75,30913.5,3078
2026-09-22 11:14:00-04:00,30914.0,30945.0,30913.75,30938.0,7806
2026-09-22 11:15:00-04:00,30938.25,30940.0,30928.0,30928.5,3846
2026-09-22 11:16:00-04:00,30928.25,30942.25,30924.0,30941.75,3327
2026-09-22 11:17:00-04:00,30941.75,30942.75,30933.25,30935.5,2620
2026-09-22 11:18:00-04:00,30935.25,30937.0,30925.75,30926.0,2391
2026-09-22 11:19:00-04:00,30926.25,30948.25,30926.25,30946.5,3086
2026-09-22 11:20:00-04:00,30946.75,30947.25,30931.5,30932.0,2933
2026-09-22 11:21:00-04:00,30932.25,30945.75,30932.0,30941.75,2194
2026-09-22 11:22:00-04:00,30942.0,30944.0,30935.25,30937.25,1777
2026-09-22 11:23:00-04:00,30937.25,30937.5,30929.5,30935.0,2299
2026-09-22 11:24:00-04:00,30935.25,30938.0,30930.5,30933.0,1286
2026-09-22 11:25:00-04:00,30932.75,30945.0,30931.0,30939.5,2339
2026-09-22 11:26:00-04:00,30939.5,30941.0,30935.25,30937.25,1227
2026-09-22 11:27:00-04:00,30937.5,30939.75,30932.5,30937.25,1407
2026-09-22 11:28:00-04:00,30937.0,30938.0,30920.5,30922.25,3243
2026-09-22 11:29:00-04:00,30922.75,30932.5,30921.75,30928.25,2234
2026-09-22 11:30:00-04:00,30928.25,30928.5,30916.0,30919.0,3745
2026-09-22 11:31:00-04:00,30918.75,30929.25,30918.25,30923.75,2315
2026-09-22 11:32:00-04:00,30923.75,30929.0,30920.5,30923.0,1436
2026-09-22 11:33:00-04:00,30923.25,30930.75,30918.25,30922.75,2256
2026-09-22 11:34:00-04:00,30922.5,30934.25,30921.75,30923.75,2856
2026-09-22 11:35:00-04:00,30923.75,30925.75,30918.25,30918.5,2215
2026-09-22 11:36:00-04:00,30918.75,30922.75,30911.5,30916.5,4043
2026-09-22 11:37:00-04:00,30915.25,30915.75,30904.25,30910.0,3742
2026-09-22 11:38:00-04:00,30910.25,30910.75,30895.75,30898.0,4688
2026-09-22 11:39:00-04:00,30897.5,30902.0,30893.75,30897.5,3474
2026-09-22 11:40:00-04:00,30897.5,30902.0,30890.75,30901.75,3676
2026-09-22 11:41:00-04:00,30901.75,30904.5,30883.5,30894.25,4672
2026-09-22 11:42:00-04:00,30894.5,30903.0,30892.0,30901.25,3211
2026-09-22 11:43:00-04:00,30900.75,30906.5,30896.0,30896.25,2464
2026-09-22 11:44:00-04:00,30896.75,30904.0,30896.25,30899.5,1797
2026-09-22 11:45:00-04:00,30899.5,30905.25,30898.5,30901.5,1732
2026-09-22 11:46:00-04:00,30901.5,30907.0,30898.0,30903.0,2067
2026-09-22 11:47:00-04:00,30903.0,30913.5,30903.0,30913.25,3354
2026-09-22 11:48:00-04:00,30913.5,30914.25,30908.0,30913.75,2045
2026-09-22 11:49:00-04:00,30913.75,30918.75,30907.75,30908.25,3421
2026-09-22 11:50:00-04:00,30909.0,30914.75,30900.25,30908.5,3727
2026-09-22 11:51:00-04:00,30908.75,30911.5,30902.75,30907.0,1426
2026-09-22 11:52:00-04:00,30907.25,30911.5,30902.25,30903.5,1438
2026-09-22 11:53:00-04:00,30903.75,30909.25,30900.5,30903.5,1968
2026-09-22 11:54:00-04:00,30903.25,30906.75,30894.25,30895.5,2478
2026-09-22 11:55:00-04:00,30895.75,30897.75,30887.75,30896.0,3770
2026-09-22 11:56:00-04:00,30896.25,30896.5,30889.75,30890.0,1397
2026-09-22 11:57:00-04:00,30890.5,30896.75,30887.0,30896.5,1964
2026-09-22 11:58:00-04:00,30896.25,30904.25,30895.75,30903.25,2917
2026-09-22 11:59:00-04:00,30903.75,30912.0,30903.25,30911.0,2234
2026-09-22 12:00:00-04:00,30911.0,30920.0,30909.25,30910.5,4063
2026-09-22 12:01:00-04:00,30910.25,30911.75,30894.75,30899.5,3929
2026-09-22 12:02:00-04:00,30899.5,30900.75,30896.25,30899.25,1617
2026-09-22 12:03:00-04:00,30899.0,30906.25,30896.75,30905.75,1826
2026-09-22 12:04:00-04:00,30905.25,30911.0,30903.75,30908.75,1829
2026-09-22 12:05:00-04:00,30908.5,30913.75,30906.25,30912.0,1592
2026-09-22 12:06:00-04:00,30912.25,30917.5,30907.5,30914.75,2314
2026-09-22 12:07:00-04:00,30915.0,30927.25,30914.5,30925.75,4155
2026-09-22 12:08:00-04:00,30925.75,30931.0,30924.75,30930.0,2979
2026-09-22 12:09:00-04:00,30929.75,30935.25,30923.0,30926.75,4075
2026-09-22 12:10:00-04:00,30927.25,30934.5,30926.5,30930.25,2358
2026-09-22 12:11:00-04:00,30930.0,30930.25,30923.25,30928.25,1606
2026-09-22 12:12:00-04:00,30928.75,30931.5,30923.25,30923.25,1090
2026-09-22 12:13:00-04:00,30923.5,30926.0,30919.5,30924.0,2319
2026-09-22 12:14:00-04:00,30923.0,30925.75,30920.25,30925.25,1061
2026-09-22 12:15:00-04:00,30924.75,30924.75,30914.0,30916.25,2198
2026-09-22 12:16:00-04:00,30916.5,30921.75,30915.25,30920.0,1592
2026-09-22 12:17:00-04:00,30919.75,30926.75,30918.25,30925.0,1488
2026-09-22 12:18:00-04:00,30924.5,30926.25,30911.5,30915.25,2267
2026-09-22 12:19:00-04:00,30915.25,30916.0,30908.75,30910.5,2284
2026-09-22 12:20:00-04:00,30910.25,30917.25,30903.25,30916.25,4216
2026-09-22 12:21:00-04:00,30916.5,30922.0,30913.75,30918.5,1833
2026-09-22 12:22:00-04:00,30918.75,30923.25,30917.5,30918.0,1639
2026-09-22 12:23:00-04:00,30918.5,30926.5,30906.25,30907.0,3783
2026-09-22 12:24:00-04:00,30907.0,30908.0,30897.5,30900.0,3437
2026-09-22 12:25:00-04:00,30899.75,30907.75,30894.75,30904.5,2609
2026-09-22 12:26:00-04:00,30905.25,30907.5,30893.5,30894.5,1917
2026-09-22 12:27:00-04:00,30895.0,30901.25,30892.75,30898.5,1868
2026-09-22 12:28:00-04:00,30899.25,30901.0,30893.75,30895.25,1140
2026-09-22 12:29:00-04:00,30895.0,30896.5,30889.25,30892.25,2120
2026-09-22 12:30:00-04:00,30891.75,30900.75,30891.25,30899.5,2112
2026-09-22 12:31:00-04:00,30899.5,30906.75,30898.0,30903.0,2342
2026-09-22 12:32:00-04:00,30903.5,30910.0,30897.0,30906.0,2623
2026-09-22 12:33:00-04:00,30906.25,30914.5,30904.5,30910.5,2364
2026-09-22 12:34:00-04:00,30910.5,30920.0,30907.75,30919.25,2717
2026-09-22 12:35:00-04:00,30919.5,30920.0,30904.25,30908.0,2393
2026-09-22 12:36:00-04:00,30908.0,30913.5,30903.25,30910.75,1645
2026-09-22 12:37:00-04:00,30911.0,30912.25,30905.0,30906.0,1255
2026-09-22 12:38:00-04:00,30905.5,30906.75,30900.0,30905.25,1745
2026-09-22 12:39:00-04:00,30905.75,30908.75,30902.75,30904.5,1172
2026-09-22 12:40:00-04:00,30904.0,30905.5,30899.0,30903.25,1382
2026-09-22 12:41:00-04:00,30903.25,30905.0,30897.0,30900.75,1385
2026-09-22 12:42:00-04:00,30900.75,30901.75,30895.5,30897.25,1010
2026-09-22 12:43:00-04:00,30897.5,30909.75,30897.5,30909.25,1773
2026-09-22 12:44:00-04:00,30908.75,30916.25,30907.5,30915.5,1559
2026-09-22 12:45:00-04:00,30915.25,30918.0,30911.0,30912.5,2029
2026-09-22 12:46:00-04:00,30912.25,30921.25,30911.25,30919.75,1792
2026-09-22 12:47:00-04:00,30920.0,30922.25,30914.25,30915.25,1706
2026-09-22 12:48:00-04:00,30915.0,30945.75,30914.0,30930.0,9258
2026-09-22 12:49:00-04:00,30930.25,30945.0,30928.5,30943.0,5323
2026-09-22 12:50:00-04:00,30942.75,30945.5,30938.25,30944.75,3851
2026-09-22 12:51:00-04:00,30945.0,30946.0,30940.25,30942.5,1743
2026-09-22 12:52:00-04:00,30943.0,30944.0,30938.5,30940.75,1385
2026-09-22 12:53:00-04:00,30940.5,30946.0,30939.25,30943.25,1648
2026-09-22 12:54:00-04:00,30943.5,30944.25,30933.0,30938.25,2096
2026-09-22 12:55:00-04:00,30938.0,30943.5,30935.75,30938.0,1478
2026-09-22 12:56:00-04:00,30938.25,30942.75,30936.25,30939.25,1364
2026-09-22 12:57:00-04:00,30939.25,30942.0,30934.75,30942.0,1048
2026-09-22 12:58:00-04:00,30942.0,30944.0,30937.25,30942.5,1023
2026-09-22 12:59:00-04:00,30943.0,30943.75,30940.75,30941.0,940
2026-09-22 13:00:00-04:00,30941.0,30942.25,30936.5,30939.75,1531
2026-09-22 13:01:00-04:00,30939.75,30944.0,30939.25,30941.75,876
2026-09-22 13:02:00-04:00,30942.0,30943.25,30936.75,30939.0,1396
2026-09-22 13:03:00-04:00,30938.75,30943.25,30938.75,30940.25,595
2026-09-22 13:04:00-04:00,30940.25,30942.75,30938.25,30938.75,861
2026-09-22 13:05:00-04:00,30938.5,30945.5,30938.0,30944.75,1428
2026-09-22 13:06:00-04:00,30944.75,30954.0,30944.75,30952.25,3959
2026-09-22 13:07:00-04:00,30952.0,30953.5,30945.75,30948.25,2010
2026-09-22 13:08:00-04:00,30948.5,30948.5,30941.5,30942.25,1949
2026-09-22 13:09:00-04:00,30942.0,30943.0,30935.0,30942.0,2249
2026-09-22 13:10:00-04:00,30942.0,30946.75,30940.5,30940.75,1691
2026-09-22 13:11:00-04:00,30940.75,30943.25,30938.0,30941.0,1105
2026-09-22 13:12:00-04:00,30941.25,30941.75,30937.0,30939.75,1384
2026-09-22 13:13:00-04:00,30939.5,30941.75,30939.0,30939.75,557
2026-09-22 13:14:00-04:00,30939.5,30944.0,30938.0,30941.5,866
2026-09-22 13:15:00-04:00,30941.75,30943.0,30935.0,30942.5,1757
2026-09-22 13:16:00-04:00,30942.5,30944.25,30937.75,30937.75,1160
2026-09-22 13:17:00-04:00,30937.75,30942.0,30935.0,30940.0,1439
2026-09-22 13:18:00-04:00,30940.0,30940.5,30935.5,30939.0,789
2026-09-22 13:19:00-04:00,30939.0,30941.0,30937.0,30939.5,801
2026-09-22 13:20:00-04:00,30939.5,30939.5,30931.0,30934.5,2215
2026-09-22 13:21:00-04:00,30934.25,30935.5,30931.25,30933.0,1260
2026-09-22 13:22:00-04:00,30933.0,30934.75,30928.5,30933.25,1813
2026-09-22 13:23:00-04:00,30933.0,30934.0,30930.25,30933.0,777
2026-09-22 13:24:00-04:00,30933.5,30937.0,30931.5,30935.0,1389
2026-09-22 13:25:00-04:00,30935.25,30939.0,30932.75,30937.5,1126
2026-09-22 13:26:00-04:00,30937.5,30942.0,30936.0,30941.5,1567
2026-09-22 13:27:00-04:00,30941.5,30949.0,30941.5,30948.5,1900
2026-09-22 13:28:00-04:00,30948.5,30953.5,30947.25,30951.75,2024
2026-09-22 13:29:00-04:00,30951.75,30957.75,30951.25,30953.25,2495
2026-09-22 13:30:00-04:00,30953.25,30953.75,30942.75,30946.25,2721
2026-09-22 13:31:00-04:00,30946.25,30947.25,30935.25,30937.25,2069
2026-09-22 13:32:00-04:00,30937.25,30940.0,30934.5,30934.75,1428
2026-09-22 13:33:00-04:00,30935.25,30937.25,30931.5,30933.25,1502
2026-09-22 13:34:00-04:00,30933.25,30936.25,30930.25,30935.5,1335
2026-09-22 13:35:00-04:00,30935.25,30939.0,30933.25,30938.5,1130
2026-09-22 13:36:00-04:00,30938.5,30939.0,30925.5,30931.0,2527
2026-09-22 13:37:00-04:00,30931.0,30933.0,30929.25,30931.5,1056
2026-09-22 13:38:00-04:00,30931.75,30938.5,30929.25,30934.5,1482
2026-09-22 13:39:00-04:00,30934.5,30934.5,30928.75,30929.75,1051
2026-09-22 13:40:00-04:00,30929.75,30930.25,30921.75,30929.5,2690
2026-09-22 13:41:00-04:00,30929.25,30932.5,30928.0,30929.0,1302
2026-09-22 13:42:00-04:00,30929.25,30939.75,30929.25,30937.75,1687
2026-09-22 13:43:00-04:00,30937.25,30942.75,30934.75,30941.75,1504
2026-09-22 13:44:00-04:00,30942.0,30945.5,30941.75,30944.25,1216
2026-09-22 13:45:00-04:00,30944.5,30951.0,30943.75,30949.75,1889
2026-09-22 13:46:00-04:00,30949.75,30950.5,30943.25,30945.75,1579
2026-09-22 13:47:00-04:00,30945.25,30945.5,30937.5,30941.75,1900
2026-09-22 13:48:00-04:00,30942.0,30944.75,30941.5,30942.0,1002
2026-09-22 13:49:00-04:00,30942.0,30943.25,30939.25,30942.0,808
2026-09-22 13:50:00-04:00,30942.0,30944.0,30936.5,30941.5,1609
2026-09-22 13:51:00-04:00,30941.75,30945.5,30940.5,30944.5,1309
2026-09-22 13:52:00-04:00,30944.5,30987.75,30943.0,30976.75,14791
2026-09-22 13:53:00-04:00,30976.75,30984.75,30971.25,30973.0,5425
2026-09-22 13:54:00-04:00,30973.25,30987.0,30971.25,30976.75,6951
2026-09-22 13:55:00-04:00,30976.75,30979.0,30971.5,30977.25,2925
2026-09-22 13:56:00-04:00,30976.5,30980.75,30971.0,30972.5,2229
2026-09-22 13:57:00-04:00,30972.75,30973.5,30965.75,30966.75,2913
2026-09-22 13:58:00-04:00,30967.0,30973.75,30965.75,30971.25,1948
2026-09-22 13:59:00-04:00,30971.25,30977.75,30970.75,30977.25,1287
2026-09-22 14:00:00-04:00,30977.5,30979.75,30955.75,30957.75,4747
2026-09-22 14:01:00-04:00,30957.75,30960.5,30951.0,30958.5,4375
2026-09-22 14:02:00-04:00,30958.5,30959.75,30951.25,30957.25,1904
2026-09-22 14:03:00-04:00,30957.5,30959.25,30955.5,30956.75,1205
2026-09-22 14:04:00-04:00,30956.75,30964.5,30954.75,30960.5,3539
2026-09-22 14:05:00-04:00,30960.5,30973.75,30958.75,30970.0,2480
2026-09-22 14:06:00-04:00,30970.25,30977.0,30969.75,30974.5,2046
2026-09-22 14:07:00-04:00,30974.75,30975.0,30969.25,30973.75,1506
2026-09-22 14:08:00-04:00,30973.5,30976.25,30972.25,30974.75,1058
2026-09-22 14:09:00-04:00,30975.0,30981.5,30974.25,30980.5,1757
2026-09-22 14:10:00-04:00,30980.25,30984.25,30975.5,30980.5,2386
2026-09-22 14:11:00-04:00,30980.5,30984.0,30979.0,30982.75,1201
2026-09-22 14:12:00-04:00,30982.75,30985.25,30981.25,30982.25,1682
2026-09-22 14:13:00-04:00,30982.25,30982.75,30974.0,30978.5,2418
2026-09-22 14:14:00-04:00,30979.0,30982.5,30978.0,30980.5,1792
2026-09-22 14:15:00-04:00,30980.75,30987.0,30980.75,30986.75,1716
2026-09-22 14:16:00-04:00,30986.75,30988.75,30981.5,30986.25,2123
2026-09-22 14:17:00-04:00,30986.0,30989.0,30985.0,30988.25,1219
2026-09-22 14:18:00-04:00,30988.0,30994.75,30987.75,30992.75,2682
2026-09-22 14:19:00-04:00,30992.75,30994.0,30989.75,30990.5,1408
2026-09-22 14:20:00-04:00,30990.5,30996.0,30988.25,30994.25,2311
2026-09-22 14:21:00-04:00,30994.0,30995.5,30990.75,30993.75,1418
2026-09-22 14:22:00-04:00,30994.5,30998.5,30993.75,30996.75,2333
2026-09-22 14:23:00-04:00,30996.75,31009.75,30994.75,31006.0,4856
2026-09-22 14:24:00-04:00,31006.0,31007.5,31002.5,31004.0,2240
2026-09-22 14:25:00-04:00,31004.0,31006.75,31000.75,31002.25,1624
2026-09-22 14:26:00-04:00,31002.25,31003.25,30997.25,30999.0,2044
2026-09-22 14:27:00-04:00,30999.0,31000.25,30994.25,30996.75,2199
2026-09-22 14:28:00-04:00,30996.75,31000.75,30993.25,30997.5,2127
2026-09-22 14:29:00-04:00,30997.25,30999.25,30992.0,30994.0,1494
2026-09-22 14:30:00-04:00,30994.0,30995.75,30987.0,30993.5,3686
2026-09-22 14:31:00-04:00,30993.5,30998.75,30992.0,30992.75,1766
2026-09-22 14:32:00-04:00,30993.0,30993.5,30985.25,30989.25,2256
2026-09-22 14:33:00-04:00,30989.75,30990.5,30982.75,30984.0,2040
2026-09-22 14:34:00-04:00,30984.0,30985.25,30980.75,30981.75,1920
2026-09-22 14:35:00-04:00,30981.75,30985.0,30975.25,30977.25,3307
2026-09-22 14:36:00-04:00,30977.0,30980.25,30967.75,30978.5,3881
2026-09-22 14:37:00-04:00,30978.5,30980.5,30976.0,30976.75,1153
2026-09-22 14:38:00-04:00,30976.75,30978.25,30970.5,30972.25,2030
2026-09-22 14:39:00-04:00,30972.25,30973.75,30966.0,30972.25,2698
2026-09-22 14:40:00-04:00,30972.0,30978.75,30970.25,30977.0,2365
2026-09-22 14:41:00-04:00,30976.75,30979.75,30966.0,30975.75,3485
2026-09-22 14:42:00-04:00,30975.5,30984.25,30974.75,30982.0,2220
2026-09-22 14:43:00-04:00,30982.25,30992.5,30981.75,30989.25,3103
2026-09-22 14:44:00-04:00,30988.75,30992.75,30987.25,30988.0,2270
2026-09-22 14:45:00-04:00,30988.25,30991.75,30986.5,30989.0,1446
2026-09-22 14:46:00-04:00,30989.0,30989.0,30980.0,30981.5,2059
2026-09-22 14:47:00-04:00,30981.5,30985.25,30981.5,30983.0,1158
2026-09-22 14:48:00-04:00,30983.25,30986.5,30980.25,30985.75,1078
2026-09-22 14:49:00-04:00,30985.5,30987.75,30983.75,30984.25,727
2026-09-22 14:50:00-04:00,30984.0,30985.5,30978.0,30979.75,1410
2026-09-22 14:51:00-04:00,30979.5,30987.0,30979.0,30987.0,1354
2026-09-22 14:52:00-04:00,30987.0,30987.25,30982.5,30986.25,799
2026-09-22 14:53:00-04:00,30985.75,30989.25,30984.25,30984.75,874
2026-09-22 14:54:00-04:00,30984.5,30988.75,30984.0,30985.5,820
2026-09-22 14:55:00-04:00,30985.5,30985.75,30980.75,30984.75,1134
2026-09-22 14:56:00-04:00,30984.75,30987.5,30978.0,30978.25,1384
2026-09-22 14:57:00-04:00,30978.5,30978.5,30973.25,30974.5,1830
2026-09-22 14:58:00-04:00,30974.5,30976.25,30971.5,30972.75,1731
2026-09-22 14:59:00-04:00,30972.75,30977.5,30972.25,30976.0,1162
2026-09-22 15:00:00-04:00,30976.0,30983.0,30975.0,30982.0,2113
2026-09-22 15:01:00-04:00,30981.75,30985.5,30976.25,30984.0,1926
2026-09-22 15:02:00-04:00,30984.0,30986.5,30981.25,30982.5,1537
2026-09-22 15:03:00-04:00,30982.5,30984.75,30981.75,30983.0,796
2026-09-22 15:04:00-04:00,30983.5,30989.0,30980.5,30988.25,1225
2026-09-22 15:05:00-04:00,30988.5,30988.75,30984.25,30986.25,1102
2026-09-22 15:06:00-04:00,30985.75,30993.5,30985.5,30991.0,2369
2026-09-22 15:07:00-04:00,30991.25,30994.25,30988.75,30993.5,1149
2026-09-22 15:08:00-04:00,30993.5,30998.25,30991.5,30996.25,1778
2026-09-22 15:09:00-04:00,30996.0,30998.25,30991.5,30995.5,1155
2026-09-22 15:10:00-04:00,30996.0,31002.0,30995.75,30999.0,2016
2026-09-22 15:11:00-04:00,30999.25,31003.75,30997.0,31002.0,1417
2026-09-22 15:12:00-04:00,31002.0,31003.5,30999.75,31001.25,1206
2026-09-22 15:13:00-04:00,31001.5,31005.0,30999.75,31004.0,1202
2026-09-22 15:14:00-04:00,31003.5,31004.25,30999.25,31003.25,1056
2026-09-22 15:15:00-04:00,31003.0,31008.25,31002.25,31005.0,2117
2026-09-22 15:16:00-04:00,31005.0,31013.5,31002.25,31012.25,2854
2026-09-22 15:17:00-04:00,31012.25,31013.25,31009.5,31012.75,1314
2026-09-22 15:18:00-04:00,31012.75,31016.25,31010.75,31013.0,2164
2026-09-22 15:19:00-04:00,31013.25,31014.75,31009.25,31011.5,1436
2026-09-22 15:20:00-04:00,31011.5,31011.5,31002.5,31006.75,2641
2026-09-22 15:21:00-04:00,31006.25,31007.75,31000.0,31002.25,1549
2026-09-22 15:22:00-04:00,31002.25,31004.25,30997.75,30998.5,1584
2026-09-22 15:23:00-04:00,30998.75,31003.0,30998.0,31001.25,1067
2026-09-22 15:24:00-04:00,31001.0,31011.0,30999.0,31004.5,3215
2026-09-22 15:25:00-04:00,31005.0,31022.25,31003.75,31020.25,6092
2026-09-22 15:26:00-04:00,31020.0,31027.0,31019.5,31025.0,3601
2026-09-22 15:27:00-04:00,31025.25,31025.5,31016.25,31016.25,2890
2026-09-22 15:28:00-04:00,31016.5,31023.75,31016.25,31020.25,1322
2026-09-22 15:29:00-04:00,31020.25,31023.25,31018.75,31020.75,1079
2026-09-22 15:30:00-04:00,31020.5,31025.0,31018.5,31021.5,1756
2026-09-22 15:31:00-04:00,31021.5,31032.0,31021.5,31029.75,2860
2026-09-22 15:32:00-04:00,31029.5,31036.0,31028.25,31035.75,3890
2026-09-22 15:33:00-04:00,31036.0,31043.25,31033.75,31040.75,4376
2026-09-22 15:34:00-04:00,31040.5,31048.0,31036.25,31046.75,4722
2026-09-22 15:35:00-04:00,31046.5,31049.0,31040.5,31046.75,3394
2026-09-22 15:36:00-04:00,31046.5,31047.5,31037.0,31043.25,2713
2026-09-22 15:37:00-04:00,31043.25,31050.0,31040.75,31047.5,2462
2026-09-22 15:38:00-04:00,31047.5,31047.5,31040.0,31041.75,2115
2026-09-22 15:39:00-04:00,31041.5,31048.0,31037.5,31043.75,2228
2026-09-22 15:40:00-04:00,31043.25,31045.25,31042.0,31042.25,953
2026-09-22 15:41:00-04:00,31042.0,31042.75,31027.25,31029.0,4259
2026-09-22 15:42:00-04:00,31028.5,31028.75,31018.25,31025.0,4520
2026-09-22 15:43:00-04:00,31025.5,31034.0,31024.0,31034.0,2727
2026-09-22 15:44:00-04:00,31032.75,31037.0,31030.5,31034.25,1927
2026-09-22 15:45:00-04:00,31035.0,31042.75,31034.75,31035.25,2662
2026-09-22 15:46:00-04:00,31035.5,31039.5,31035.25,31037.5,1012
2026-09-22 15:47:00-04:00,31037.75,31043.25,31037.5,31042.0,1101
2026-09-22 15:48:00-04:00,31042.25,31045.5,31040.25,31043.25,1813
2026-09-22 15:49:00-04:00,31043.0,31049.25,31040.5,31046.75,2145
2026-09-22 15:50:00-04:00,31046.5,31050.0,31027.5,31042.0,6524
2026-09-22 15:51:00-04:00,31042.25,31054.25,31040.25,31054.25,2858
2026-09-22 15:52:00-04:00,31053.75,31064.5,31052.25,31060.75,5234
2026-09-22 15:53:00-04:00,31060.25,31066.0,31049.25,31049.75,3628
2026-09-22 15:54:00-04:00,31050.0,31053.0,31036.0,31039.75,6573
2026-09-22 15:55:00-04:00,31040.0,31040.75,31022.75,31027.0,7092
2026-09-22 15:56:00-04:00,31027.0,31030.0,31022.75,31028.0,3032
2026-09-22 15:57:00-04:00,31028.0,31033.0,31024.0,31028.5,2445
2026-09-22 15:58:00-04:00,31029.5,31033.0,31016.0,31016.25,3664
2026-09-22 15:59:00-04:00,31016.25,31035.75,31013.0,31030.5,9783
2026-09-22 16:00:00-04:00,31029.75,31030.25,31018.75,31023.5,3350
2026-09-22 16:01:00-04:00,31023.0,31027.5,31021.0,31022.0,1034
2026-09-22 16:02:00-04:00,31021.5,31022.5,31017.25,31022.5,1109
2026-09-22 16:03:00-04:00,31022.5,31022.75,31018.5,31021.5,712
2026-09-22 16:04:00-04:00,31021.5,31026.0,31020.25,31026.0,806
2026-09-22 16:05:00-04:00,31026.0,31027.75,31018.0,31020.25,1234
2026-09-22 16:06:00-04:00,31020.25,31029.75,31019.0,31028.0,1218
2026-09-22 16:07:00-04:00,31027.75,31035.5,31027.25,31029.0,1677
2026-09-22 16:08:00-04:00,31029.25,31032.25,31027.25,31030.75,680
2026-09-22 16:09:00-04:00,31030.75,31032.5,31027.0,31028.75,624
2026-09-22 16:10:00-04:00,31028.75,31031.0,31026.25,31030.0,718
2026-09-22 16:11:00-04:00,31030.25,31031.0,31027.0,31029.0,324
2026-09-22 16:12:00-04:00,31029.5,31034.75,31029.25,31030.5,804
2026-09-22 16:13:00-04:00,31030.25,31031.0,31026.25,31027.25,553
2026-09-22 16:14:00-04:00,31027.0,31027.5,31020.25,31021.5,1257
2026-09-22 16:15:00-04:00,31020.75,31024.25,31018.5,31018.75,827
2026-09-22 16:16:00-04:00,31018.5,31020.0,31015.75,31017.25,811
2026-09-22 16:17:00-04:00,31017.0,31021.25,31016.75,31021.0,444
2026-09-22 16:18:00-04:00,31021.25,31024.0,31017.25,31018.0,554
2026-09-22 16:19:00-04:00,31017.75,31018.0,31015.75,31016.0,321
2026-09-22 16:20:00-04:00,31016.5,31017.0,31008.75,31009.75,1564
2026-09-22 16:21:00-04:00,31010.25,31010.5,31005.25,31007.5,948
2026-09-22 16:22:00-04:00,31007.25,31007.5,31003.5,31005.0,679
2026-09-22 16:23:00-04:00,31005.0,31007.0,31000.0,31004.75,783
2026-09-22 16:24:00-04:00,31004.25,31010.0,31004.0,31008.5,826
2026-09-22 16:25:00-04:00,31008.5,31014.0,31006.0,31013.5,821
2026-09-22 16:26:00-04:00,31014.0,31014.75,31005.75,31007.25,689
2026-09-22 16:27:00-04:00,31007.0,31007.5,31005.0,31006.0,236
2026-09-22 16:28:00-04:00,31006.0,31007.75,31005.25,31007.75,165
2026-09-22 16:29:00-04:00,31007.75,31007.75,31002.75,31003.75,590
2026-09-22 16:30:00-04:00,31005.0,31008.5,31002.25,31008.0,637
2026-09-22 16:31:00-04:00,31008.0,31011.75,31007.75,31010.0,436
2026-09-22 16:32:00-04:00,31009.75,31010.75,31007.25,31008.25,197
2026-09-22 16:33:00-04:00,31008.75,31009.75,31007.75,31009.5,125
2026-09-22 16:34:00-04:00,31009.75,31010.75,31007.5,31007.5,276
2026-09-22 16:35:00-04:00,31007.5,31009.75,31007.25,31009.5,215
2026-09-22 16:36:00-04:00,31009.25,31009.75,31007.25,31008.0,154
2026-09-22 16:37:00-04:00,31008.25,31009.0,31006.75,31007.0,261
2026-09-22 16:38:00-04:00,31007.75,31009.5,31007.25,31008.25,188
2026-09-22 16:39:00-04:00,31008.5,31009.25,31006.5,31007.0,141
2026-09-22 16:40:00-04:00,31007.25,31008.5,31006.5,31007.0,204
2026-09-22 16:41:00-04:00,31006.5,31008.0,31006.0,31007.25,204
2026-09-22 16:42:00-04:00,31007.5,31009.75,31006.75,31006.75,303
2026-09-22 16:43:00-04:00,31007.0,31007.0,31005.0,31005.5,221
2026-09-22 16:44:00-04:00,31005.75,31006.25,31001.75,31002.5,474
2026-09-22 16:45:00-04:00,31002.5,31004.0,30996.5,30996.75,1072
2026-09-22 16:46:00-04:00,30997.0,30998.5,30995.75,30997.5,510
2026-09-22 16:47:00-04:00,30998.25,30999.75,30995.0,30995.5,276
2026-09-22 16:48:00-04:00,30995.75,30997.75,30994.75,30996.25,384
2026-09-22 16:49:00-04:00,30996.0,31000.5,30995.5,30999.25,344
2026-09-22 16:50:00-04:00,30999.25,31006.0,30999.25,31005.5,556
2026-09-22 16:51:00-04:00,31005.0,31005.0,30998.0,30998.75,365
2026-09-22 16:52:00-04:00,30999.5,31000.5,30998.25,30999.5,290
2026-09-22 16:53:00-04:00,31000.25,31002.25,30999.75,31001.75,175
2026-09-22 16:54:00-04:00,31002.0,31003.5,31000.75,31002.0,236
2026-09-22 16:55:00-04:00,31002.0,31004.0,31000.25,31001.0,355
2026-09-22 16:56:00-04:00,31000.0,31002.25,30999.0,31001.5,208
2026-09-22 16:57:00-04:00,31001.5,31005.75,31000.0,31003.25,266
2026-09-22 16:58:00-04:00,31002.5,31006.25,31001.0,31005.0,142
2026-09-22 16:59:00-04:00,31005.0,31006.25,30990.5,31002.5,912
2026-09-22 18:00:00-04:00,31010.0,31030.75,31000.5,31028.75,0
2026-09-22 18:01:00-04:00,31028.0,31034.0,31023.0,31027.0,1210
2026-09-22 18:02:00-04:00,31026.25,31026.5,31015.0,31017.25,1020
2026-09-22 18:03:00-04:00,31017.75,31023.75,31017.25,31021.5,594
2026-09-22 18:04:00-04:00,31021.25,31022.0,31015.5,31017.5,396
2026-09-22 18:05:00-04:00,31017.5,31031.5,31017.5,31030.75,1000
2026-09-22 18:06:00-04:00,31031.0,31038.75,31029.75,31034.0,1232
2026-09-22 18:07:00-04:00,31034.0,31034.75,31026.5,31031.0,657
2026-09-22 18:08:00-04:00,31031.0,31031.75,31028.0,31030.75,269
2026-09-22 18:09:00-04:00,31031.5,31040.5,31031.25,31032.75,884
2026-09-22 18:10:00-04:00,31033.5,31034.75,31026.75,31028.25,403
2026-09-22 18:11:00-04:00,31028.25,31031.75,31027.0,31031.5,268
2026-09-22 18:12:00-04:00,31031.75,31036.75,31030.75,31034.25,559
2026-09-22 18:13:00-04:00,31034.25,31040.0,31033.75,31039.25,675
2026-09-22 18:14:00-04:00,31038.75,31042.25,31037.25,31041.0,457
2026-09-22 18:15:00-04:00,31041.0,31045.25,31036.5,31045.0,851
2026-09-22 18:16:00-04:00,31044.25,31046.75,31040.75,31043.0,507
2026-09-22 18:17:00-04:00,31043.5,31044.0,31041.0,31042.0,294
2026-09-22 18:18:00-04:00,31042.5,31042.75,31039.75,31041.75,275
2026-09-22 18:19:00-04:00,31041.5,31045.0,31040.5,31043.75,236
2026-09-22 18:20:00-04:00,31043.75,31049.5,31043.75,31048.5,774
2026-09-22 18:21:00-04:00,31048.5,31052.75,31046.25,31051.75,952
2026-09-22 18:22:00-04:00,31051.75,31057.0,31051.25,31054.25,947
2026-09-22 18:23:00-04:00,31054.75,31055.0,31050.5,31053.75,434
2026-09-22 18:24:00-04:00,31053.75,31054.75,31051.75,31052.75,243
2026-09-22 18:25:00-04:00,31053.25,31054.25,31052.0,31053.5,287
2026-09-22 18:26:00-04:00,31053.25,31058.25,31053.0,31055.5,545
2026-09-22 18:27:00-04:00,31056.0,31056.0,31051.5,31052.25,435
2026-09-22 18:28:00-04:00,31053.0,31053.0,31045.75,31051.0,777
2026-09-22 18:29:00-04:00,31051.5,31051.5,31048.0,31049.75,206
2026-09-22 18:30:00-04:00,31049.5,31052.0,31048.25,31051.0,392
2026-09-22 18:31:00-04:00,31051.0,31053.0,31049.75,31051.5,271
2026-09-22 18:32:00-04:00,31052.0,31053.5,31050.0,31053.5,272
2026-09-22 18:33:00-04:00,31053.25,31056.25,31052.25,31055.25,336
2026-09-22 18:34:00-04:00,31056.0,31059.5,31055.0,31057.0,610
2026-09-22 18:35:00-04:00,31056.5,31058.75,31056.25,31058.0,202
2026-09-22 18:36:00-04:00,31058.25,31058.5,31051.0,31053.0,645
2026-09-22 18:37:00-04:00,31053.5,31054.0,31051.0,31051.5,262
2026-09-22 18:38:00-04:00,31051.5,31055.0,31051.25,31052.25,185
2026-09-22 18:39:00-04:00,31053.25,31053.5,31051.5,31052.5,193
2026-09-22 18:40:00-04:00,31052.5,31055.75,31051.75,31055.25,201
2026-09-22 18:41:00-04:00,31056.0,31061.0,31055.0,31056.25,677
2026-09-22 18:42:00-04:00,31056.75,31057.0,31054.0,31055.75,247
2026-09-22 18:43:00-04:00,31056.0,31056.5,31053.25,31055.5,221
2026-09-22 18:44:00-04:00,31055.75,31056.0,31051.5,31053.0,320
2026-09-22 18:45:00-04:00,31053.0,31053.0,31049.25,31050.25,425
2026-09-22 18:46:00-04:00,31050.75,31051.0,31042.25,31046.25,1181
2026-09-22 18:47:00-04:00,31046.25,31047.0,31043.25,31043.25,565
2026-09-22 18:48:00-04:00,31043.25,31046.25,31035.0,31037.75,1383
2026-09-22 18:49:00-04:00,31037.5,31037.5,31027.25,31028.75,1710
2026-09-22 18:50:00-04:00,31029.75,31034.0,31025.5,31031.5,1099
2026-09-22 18:51:00-04:00,31031.25,31038.75,31030.75,31036.25,954
2026-09-22 18:52:00-04:00,31036.25,31038.5,31035.5,31037.25,499
2026-09-22 18:53:00-04:00,31036.75,31044.25,31034.0,31042.5,1034
2026-09-22 18:54:00-04:00,31042.5,31046.25,31041.5,31043.25,818
2026-09-22 18:55:00-04:00,31044.25,31046.5,31043.5,31046.0,405
2026-09-22 18:56:00-04:00,31045.75,31049.0,31044.5,31047.25,532
2026-09-22 18:57:00-04:00,31047.0,31047.5,31044.75,31045.5,320
2026-09-22 18:58:00-04:00,31045.5,31047.25,31042.75,31045.5,356
2026-09-22 18:59:00-04:00,31045.5,31045.5,31042.5,31044.75,299
2026-09-22 19:00:00-04:00,31044.25,31050.5,31044.25,31048.0,683
2026-09-22 19:01:00-04:00,31047.75,31052.0,31047.25,31051.75,631
2026-09-22 19:02:00-04:00,31051.25,31054.0,31047.0,31047.25,702
2026-09-22 19:03:00-04:00,31047.25,31049.25,31047.0,31049.25,191
2026-09-22 19:04:00-04:00,31048.75,31050.75,31048.25,31048.5,124
2026-09-22 19:05:00-04:00,31048.5,31052.5,31048.0,31050.0,304
2026-09-22 19:06:00-04:00,31050.0,31053.0,31049.75,31051.5,247
2026-09-22 19:07:00-04:00,31052.0,31052.5,31050.75,31051.25,85
2026-09-22 19:08:00-04:00,31050.75,31051.0,31044.75,31045.75,719
2026-09-22 19:09:00-04:00,31045.75,31047.5,31043.25,31046.25,439
2026-09-22 19:10:00-04:00,31046.25,31047.75,31044.0,31044.0,185
2026-09-22 19:11:00-04:00,31044.0,31047.5,31044.0,31046.75,313
2026-09-22 19:12:00-04:00,31046.75,31050.5,31045.75,31045.75,338
2026-09-22 19:13:00-04:00,31046.0,31049.0,31046.0,31048.5,70
2026-09-22 19:14:00-04:00,31048.75,31049.5,31047.0,31049.0,127
2026-09-22 19:15:00-04:00,31048.5,31050.5,31047.5,31050.0,230
2026-09-22 19:16:00-04:00,31050.0,31053.5,31049.75,31052.0,341
2026-09-22 19:17:00-04:00,31052.0,31052.0,31050.25,31050.5,142
2026-09-22 19:18:00-04:00,31050.5,31051.25,31049.25,31049.5,124
2026-09-22 19:19:00-04:00,31049.75,31052.5,31047.75,31052.25,208
2026-09-22 19:20:00-04:00,31051.75,31053.5,31051.25,31051.5,212
2026-09-22 19:21:00-04:00,31051.75,31058.0,31050.0,31056.0,521
2026-09-22 19:22:00-04:00,31056.75,31061.5,31056.0,31059.0,957
2026-09-22 19:23:00-04:00,31058.75,31061.25,31055.25,31057.5,596
2026-09-22 19:24:00-04:00,31057.25,31059.75,31056.0,31058.75,280
2026-09-22 19:25:00-04:00,31058.25,31058.75,31048.75,31051.5,777
2026-09-22 19:26:00-04:00,31051.0,31052.5,31048.0,31048.25,486
2026-09-22 19:27:00-04:00,31049.0,31053.75,31048.75,31052.25,326
2026-09-22 19:28:00-04:00,31052.5,31054.0,31049.5,31052.0,266
2026-09-22 19:29:00-04:00,31052.25,31055.75,31052.0,31053.5,270
2026-09-22 19:30:00-04:00,31053.0,31055.25,31050.25,31055.25,245
2026-09-22 19:31:00-04:00,31054.5,31056.5,31051.0,31051.25,287
2026-09-22 19:32:00-04:00,31051.25,31055.25,31051.0,31053.75,102
2026-09-22 19:33:00-04:00,31053.75,31057.5,31053.75,31054.75,213
2026-09-22 19:34:00-04:00,31054.75,31057.25,31054.25,31054.75,134
2026-09-22 19:35:00-04:00,31055.5,31057.0,31053.0,31055.5,210
2026-09-22 19:36:00-04:00,31055.5,31056.25,31053.0,31055.75,124
2026-09-22 19:37:00-04:00,31055.5,31056.75,31054.25,31056.0,89
2026-09-22 19:38:00-04:00,31056.5,31058.0,31055.0,31057.25,213
2026-09-22 19:39:00-04:00,31057.0,31058.0,31055.75,31056.25,143
2026-09-22 19:40:00-04:00,31056.25,31056.5,31053.5,31056.5,209
2026-09-22 19:41:00-04:00,31056.5,31058.0,31056.0,31057.25,144
2026-09-22 19:42:00-04:00,31056.25,31056.25,31053.0,31053.5,255
2026-09-22 19:43:00-04:00,31054.0,31055.0,31052.5,31054.25,155
2026-09-22 19:44:00-04:00,31054.5,31055.0,31050.5,31052.5,332
2026-09-22 19:45:00-04:00,31053.25,31055.25,31044.75,31047.5,788
2026-09-22 19:46:00-04:00,31047.5,31047.75,31042.25,31047.5,867
2026-09-22 19:47:00-04:00,31047.0,31048.75,31044.0,31048.5,322
2026-09-22 19:48:00-04:00,31048.5,31054.0,31047.5,31052.0,546
2026-09-22 19:49:00-04:00,31052.75,31053.5,31046.5,31049.25,405
2026-09-22 19:50:00-04:00,31048.75,31049.5,31044.0,31047.25,371
2026-09-22 19:51:00-04:00,31047.25,31053.25,31046.25,31050.25,509
2026-09-22 19:52:00-04:00,31050.25,31056.5,31049.75,31056.25,787
2026-09-22 19:53:00-04:00,31056.25,31059.5,31053.25,31057.0,860
2026-09-22 19:54:00-04:00,31058.0,31065.25,31056.75,31061.5,1074
2026-09-22 19:55:00-04:00,31061.5,31061.75,31056.5,31057.5,539
2026-09-22 19:56:00-04:00,31058.25,31060.75,31054.0,31057.5,478
2026-09-22 19:57:00-04:00,31057.5,31062.0,31056.0,31061.25,331
2026-09-22 19:58:00-04:00,31061.0,31064.5,31059.25,31064.25,639
2026-09-22 19:59:00-04:00,31064.5,31075.75,31063.0,31065.75,2414
2026-09-22 20:00:00-04:00,31065.0,31066.25,31035.5,31040.0,3704
2026-09-22 20:01:00-04:00,31039.75,31048.0,31039.25,31045.0,1466
2026-09-22 20:02:00-04:00,31045.0,31059.0,31045.0,31054.0,1821
2026-09-22 20:03:00-04:00,31055.0,31058.25,31050.0,31056.75,789
2026-09-22 20:04:00-04:00,31056.5,31056.5,31042.0,31047.75,1162
2026-09-22 20:05:00-04:00,31047.75,31052.0,31042.5,31043.75,787
2026-09-22 20:06:00-04:00,31044.25,31049.25,31042.5,31046.5,772
2026-09-22 20:07:00-04:00,31047.0,31047.5,31031.5,31038.75,1413
2026-09-22 20:08:00-04:00,31039.25,31042.25,31035.5,31036.5,902
2026-09-22 20:09:00-04:00,31036.25,31044.75,31036.0,31042.75,603
2026-09-22 20:10:00-04:00,31042.25,31046.75,31035.75,31040.25,1017
2026-09-22 20:11:00-04:00,31040.0,31046.25,31038.0,31044.75,641
2026-09-22 20:12:00-04:00,31045.0,31048.75,31042.5,31045.75,905
2026-09-22 20:13:00-04:00,31045.75,31047.5,31037.5,31038.75,522
2026-09-22 20:14:00-04:00,31038.75,31041.75,31033.25,31040.75,1088
2026-09-22 20:15:00-04:00,31040.75,31047.0,31037.0,31041.25,1007
2026-09-22 20:16:00-04:00,31041.25,31048.25,31040.25,31046.25,760
2026-09-22 20:17:00-04:00,31046.25,31053.5,31040.25,31041.5,1377
2026-09-22 20:18:00-04:00,31041.5,31048.0,31041.5,31045.25,451
2026-09-22 20:19:00-04:00,31045.0,31048.0,31040.75,31046.5,470
2026-09-22 20:20:00-04:00,31045.75,31046.75,31032.0,31033.75,1080
2026-09-22 20:21:00-04:00,31033.5,31041.0,31032.0,31035.5,981
2026-09-22 20:22:00-04:00,31035.5,31040.25,31033.0,31038.5,488
2026-09-22 20:23:00-04:00,31038.25,31047.5,31038.25,31042.75,571
2026-09-22 20:24:00-04:00,31042.5,31050.5,31040.25,31049.75,721
2026-09-22 20:25:00-04:00,31049.25,31054.5,31047.0,31050.25,862
2026-09-22 20:26:00-04:00,31050.5,31055.5,31049.5,31051.5,737
2026-09-22 20:27:00-04:00,31051.25,31054.75,31048.5,31049.0,339
2026-09-22 20:28:00-04:00,31049.5,31049.75,31039.0,31039.0,889
2026-09-22 20:29:00-04:00,31039.75,31042.75,31036.0,31038.25,824
2026-09-22 20:30:00-04:00,31037.5,31047.25,31036.0,31044.75,905
2026-09-22 20:31:00-04:00,31044.5,31050.75,31044.0,31045.5,633
2026-09-22 20:32:00-04:00,31045.75,31046.0,31034.5,31038.25,961
2026-09-22 20:33:00-04:00,31039.0,31040.75,31037.0,31037.75,402
2026-09-22 20:34:00-04:00,31037.5,31039.75,31034.75,31038.75,314
2026-09-22 20:35:00-04:00,31038.75,31041.0,31036.75,31039.25,382
2026-09-22 20:36:00-04:00,31039.75,31042.75,31036.5,31041.5,385
2026-09-22 20:37:00-04:00,31041.5,31042.0,31034.25,31036.0,378
2026-09-22 20:38:00-04:00,31036.25,31041.0,31034.25,31040.25,476
2026-09-22 20:39:00-04:00,31040.75,31047.25,31040.0,31042.25,800
2026-09-22 20:40:00-04:00,31042.5,31046.5,31041.75,31044.25,235
2026-09-22 20:41:00-04:00,31044.75,31047.25,31042.75,31045.0,201
2026-09-22 20:42:00-04:00,31045.5,31049.5,31043.75,31045.0,346
2026-09-22 20:43:00-04:00,31045.0,31045.25,31037.5,31039.5,570
2026-09-22 20:44:00-04:00,31040.0,31041.0,31036.5,31039.5,347
2026-09-22 20:45:00-04:00,31039.75,31044.25,31038.75,31041.75,426
2026-09-22 20:46:00-04:00,31042.25,31045.0,31041.25,31044.0,244
2026-09-22 20:47:00-04:00,31043.5,31043.5,31036.25,31038.5,339
2026-09-22 20:48:00-04:00,31038.0,31038.25,31031.25,31034.25,840
2026-09-22 20:49:00-04:00,31034.75,31036.25,31026.75,31027.75,1345
2026-09-22 20:50:00-04:00,31028.25,31034.0,31018.75,31033.5,2232
2026-09-22 20:51:00-04:00,31034.0,31035.75,31029.25,31032.75,619
2026-09-22 20:52:00-04:00,31033.25,31033.25,31024.25,31028.75,809
2026-09-22 20:53:00-04:00,31028.25,31029.5,31020.5,31023.25,790
2026-09-22 20:54:00-04:00,31023.5,31024.5,31013.0,31015.5,1202
2026-09-22 20:55:00-04:00,31015.25,31017.0,31012.5,31015.0,1398
2026-09-22 20:56:00-04:00,31015.25,31020.25,31014.5,31018.5,832
2026-09-22 20:57:00-04:00,31018.75,31021.25,31016.75,31017.0,619
2026-09-22 20:58:00-04:00,31017.5,31020.0,31014.25,31016.25,648
2026-09-22 20:59:00-04:00,31016.75,31023.25,31015.0,31023.25,518
2026-09-22 21:00:00-04:00,31023.25,31026.25,31015.0,31022.25,1493
2026-09-22 21:01:00-04:00,31022.25,31025.5,31016.0,31019.5,696
2026-09-22 21:02:00-04:00,31019.75,31024.0,31018.75,31019.5,590
2026-09-22 21:03:00-04:00,31020.5,31021.25,31016.75,31018.5,374
2026-09-22 21:04:00-04:00,31019.5,31024.25,31017.75,31021.75,472
2026-09-22 21:05:00-04:00,31022.5,31028.0,31020.5,31026.5,760
2026-09-22 21:06:00-04:00,31026.5,31027.25,31020.0,31026.0,602
2026-09-22 21:07:00-04:00,31026.5,31038.0,31025.5,31028.5,1756
2026-09-22 21:08:00-04:00,31028.75,31030.5,31026.25,31028.75,494
2026-09-22 21:09:00-04:00,31029.25,31031.5,31027.0,31029.0,352
2026-09-22 21:10:00-04:00,31030.25,31031.0,31016.5,31019.0,1208
2026-09-22 21:11:00-04:00,31019.25,31023.75,31018.5,31022.75,582
2026-09-22 21:12:00-04:00,31023.0,31026.5,31022.0,31025.0,339
2026-09-22 21:13:00-04:00,31024.75,31027.25,31023.0,31024.25,298
2026-09-22 21:14:00-04:00,31024.25,31027.25,31023.5,31026.25,142
2026-09-22 21:15:00-04:00,31026.0,31031.25,31019.0,31027.25,772
2026-09-22 21:16:00-04:00,31027.75,31032.25,31026.5,31031.5,495
2026-09-22 21:17:00-04:00,31031.75,31033.0,31027.75,31030.25,554
2026-09-22 21:18:00-04:00,31029.75,31032.25,31028.75,31029.75,310
2026-09-22 21:19:00-04:00,31029.5,31036.5,31029.5,31036.0,602
2026-09-22 21:20:00-04:00,31035.75,31041.0,31030.75,31037.0,1004
2026-09-22 21:21:00-04:00,31037.25,31040.5,31035.75,31039.5,569
2026-09-22 21:22:00-04:00,31040.0,31040.0,31036.0,31036.25,349
2026-09-22 21:23:00-04:00,31036.75,31038.5,31034.5,31036.5,423
2026-09-22 21:24:00-04:00,31037.25,31046.75,31037.25,31044.25,817
2026-09-22 21:25:00-04:00,31044.0,31050.25,31040.75,31043.0,1515
2026-09-22 21:26:00-04:00,31043.0,31045.0,31040.75,31043.75,347
2026-09-22 21:27:00-04:00,31043.0,31050.5,31042.75,31049.25,865
2026-09-22 21:28:00-04:00,31049.0,31050.25,31043.0,31049.75,615
2026-09-22 21:29:00-04:00,31050.0,31057.5,31049.25,31053.75,1317
2026-09-22 21:30:00-04:00,31052.75,31059.0,31049.5,31052.75,1112
2026-09-22 21:31:00-04:00,31052.5,31056.0,31051.0,31051.75,576
2026-09-22 21:32:00-04:00,31051.75,31052.25,31045.25,31047.0,801
2026-09-22 21:33:00-04:00,31047.25,31047.25,31038.0,31039.25,1107
2026-09-22 21:34:00-04:00,31038.75,31039.75,31024.0,31031.75,2239
2026-09-22 21:35:00-04:00,31031.75,31033.5,31027.0,31030.0,888
2026-09-22 21:36:00-04:00,31029.5,31034.25,31028.0,31030.25,677
2026-09-22 21:37:00-04:00,31030.25,31031.5,31020.75,31024.5,992
2026-09-22 21:38:00-04:00,31024.0,31029.75,31022.25,31029.25,710
2026-09-22 21:39:00-04:00,31029.25,31031.0,31024.75,31026.25,568
2026-09-22 21:40:00-04:00,31026.5,31028.0,31021.25,31023.0,586
2026-09-22 21:41:00-04:00,31023.0,31024.75,31013.25,31014.0,1287
2026-09-22 21:42:00-04:00,31013.75,31020.25,31005.5,31015.0,2188
2026-09-22 21:43:00-04:00,31015.75,31022.0,31013.0,31016.5,971
2026-09-22 21:44:00-04:00,31016.75,31017.0,31013.0,31014.25,427
2026-09-22 21:45:00-04:00,31014.25,31018.25,31012.0,31013.75,743
2026-09-22 21:46:00-04:00,31014.5,31023.25,31014.25,31021.25,929
2026-09-22 21:47:00-04:00,31020.75,31023.0,31012.0,31015.0,792
2026-09-22 21:48:00-04:00,31015.0,31019.75,31013.25,31018.25,360
2026-09-22 21:49:00-04:00,31018.5,31022.25,31014.75,31015.5,419
2026-09-22 21:50:00-04:00,31015.0,31019.5,31010.25,31018.5,624
2026-09-22 21:51:00-04:00,31018.75,31019.5,31014.75,31016.25,284
2026-09-22 21:52:00-04:00,31015.0,31017.75,31013.25,31016.25,249
2026-09-22 21:53:00-04:00,31016.0,31019.5,31015.0,31017.5,290
2026-09-22 21:54:00-04:00,31017.25,31018.75,31015.75,31016.75,232
2026-09-22 21:55:00-04:00,31016.25,31018.75,31015.25,31016.25,247
2026-09-22 21:56:00-04:00,31016.5,31018.75,31011.75,31016.75,639
2026-09-22 21:57:00-04:00,31016.5,31021.0,31015.75,31016.5,406
2026-09-22 21:58:00-04:00,31017.0,31018.75,31014.75,31016.0,267
2026-09-22 21:59:00-04:00,31016.5,31017.0,31012.5,31015.5,214
2026-09-22 22:00:00-04:00,31016.0,31021.75,31012.5,31017.25,617
2026-09-22 22:01:00-04:00,31017.5,31017.5,31009.5,31011.75,575
2026-09-22 22:02:00-04:00,31011.25,31013.5,31006.25,31013.0,787
2026-09-22 22:03:00-04:00,31013.25,31014.25,31007.5,31011.75,542
2026-09-22 22:04:00-04:00,31012.0,31017.75,31010.75,31015.0,572
2026-09-22 22:05:00-04:00,31014.75,31017.25,31013.0,31015.25,314
2026-09-22 22:06:00-04:00,31014.75,31017.75,31011.5,31012.5,270
2026-09-22 22:07:00-04:00,31013.25,31013.25,31004.5,31007.5,1049
2026-09-22 22:08:00-04:00,31007.25,31011.5,31006.25,31008.75,416
2026-09-22 22:09:00-04:00,31008.75,31009.75,31003.75,31004.5,513
2026-09-22 22:10:00-04:00,31004.25,31006.0,30998.25,30999.5,1567
2026-09-22 22:11:00-04:00,30999.25,31001.5,30996.5,30999.5,1036
2026-09-22 22:12:00-04:00,31000.0,31005.0,30998.0,31001.5,715
2026-09-22 22:13:00-04:00,31001.75,31003.5,30998.25,30999.0,379
2026-09-22 22:14:00-04:00,30998.5,31001.25,30997.0,31001.25,468
2026-09-22 22:15:00-04:00,31001.25,31002.75,30994.75,30996.0,687
2026-09-22 22:16:00-04:00,30995.75,30997.25,30983.25,30995.75,2623
2026-09-22 22:17:00-04:00,30995.25,30998.0,30992.0,30996.0,633
2026-09-22 22:18:00-04:00,30995.75,31002.25,30995.0,30998.0,789
2026-09-22 22:19:00-04:00,30997.5,31012.75,30997.5,31001.0,1774
2026-09-22 22:20:00-04:00,31000.75,31010.25,30999.25,31009.75,1334
2026-09-22 22:21:00-04:00,31010.0,31017.75,31007.25,31011.25,1581
2026-09-22 22:22:00-04:00,31011.25,31012.75,31007.75,31011.5,604
2026-09-22 22:23:00-04:00,31011.25,31012.0,31003.5,31006.75,675
2026-09-22 22:24:00-04:00,31007.25,31012.0,31004.0,31011.75,657
2026-09-22 22:25:00-04:00,31011.5,31012.75,31010.0,31012.5,340
2026-09-22 22:26:00-04:00,31012.0,31017.5,31011.75,31016.5,936
2026-09-22 22:27:00-04:00,31016.5,31020.25,31011.75,31012.25,1061
2026-09-22 22:28:00-04:00,31012.0,31016.0,31010.75,31014.0,356
2026-09-22 22:29:00-04:00,31014.0,31015.75,31012.25,31012.25,190
2026-09-22 22:30:00-04:00,31012.5,31016.0,31009.0,31009.25,584
2026-09-22 22:31:00-04:00,31008.75,31012.25,31008.5,31010.25,514
2026-09-22 22:32:00-04:00,31010.25,31011.25,31005.5,31006.25,426
2026-09-22 22:33:00-04:00,31007.0,31007.75,31004.5,31007.75,510
2026-09-22 22:34:00-04:00,31007.0,31009.75,31006.0,31008.5,309
2026-09-22 22:35:00-04:00,31009.0,31010.75,31006.5,31008.25,274
2026-09-22 22:36:00-04:00,31008.0,31012.25,31000.5,31004.5,914
2026-09-22 22:37:00-04:00,31004.5,31010.5,31003.75,31005.0,607
2026-09-22 22:38:00-04:00,31005.0,31009.25,31002.75,31006.0,329
2026-09-22 22:39:00-04:00,31005.75,31006.0,31000.5,31001.25,305
2026-09-22 22:40:00-04:00,31002.25,31005.5,30999.5,31005.25,540
2026-09-22 22:41:00-04:00,31004.75,31007.75,31003.5,31006.0,343
2026-09-22 22:42:00-04:00,31005.75,31006.0,31002.5,31002.75,216
2026-09-22 22:43:00-04:00,31002.75,31005.0,31002.0,31002.5,140
2026-09-22 22:44:00-04:00,31003.0,31003.25,31000.0,31002.25,294
2026-09-22 22:45:00-04:00,31001.75,31008.75,31001.5,31006.75,403
2026-09-22 22:46:00-04:00,31007.75,31011.0,31006.0,31009.5,372
2026-09-22 22:47:00-04:00,31009.5,31009.5,31004.25,31005.5,268
2026-09-22 22:48:00-04:00,31005.25,31009.5,31005.25,31009.0,153
2026-09-22 22:49:00-04:00,31009.25,31013.5,31008.25,31009.75,556
2026-09-22 22:50:00-04:00,31009.75,31011.0,31007.25,31008.75,222
2026-09-22 22:51:00-04:00,31009.0,31009.75,31006.25,31008.0,102
2026-09-22 22:52:00-04:00,31008.5,31010.5,31004.75,31009.0,240
2026-09-22 22:53:00-04:00,31008.75,31010.0,31007.25,31008.25,92
2026-09-22 22:54:00-04:00,31008.0,31011.25,31006.5,31010.75,183
2026-09-22 22:55:00-04:00,31011.25,31012.0,31008.0,31008.5,198
2026-09-22 22:56:00-04:00,31009.0,31010.25,31006.75,31008.75,124
2026-09-22 22:57:00-04:00,31007.75,31011.75,31006.75,31008.5,209
2026-09-22 22:58:00-04:00,31008.0,31010.0,31007.75,31008.0,112
2026-09-22 22:59:00-04:00,31008.25,31008.75,31007.0,31007.5,156
2026-09-22 23:00:00-04:00,31008.0,31008.75,31005.5,31007.0,195
2026-09-22 23:01:00-04:00,31007.5,31007.5,31005.75,31007.25,113
2026-09-22 23:02:00-04:00,31007.0,31007.5,31003.75,31003.75,235
2026-09-22 23:03:00-04:00,31003.75,31006.75,31000.75,31003.5,468
2026-09-22 23:04:00-04:00,31002.5,31004.0,31001.0,31004.0,273
2026-09-22 23:05:00-04:00,31004.0,31007.0,31002.5,31005.5,237
2026-09-22 23:06:00-04:00,31005.0,31006.25,30992.75,31004.75,1002
2026-09-22 23:07:00-04:00,31003.5,31006.25,31002.25,31003.0,341
2026-09-22 23:08:00-04:00,31003.0,31004.0,30999.25,31003.0,447
2026-09-22 23:09:00-04:00,31003.5,31004.5,31002.0,31002.0,108
2026-09-22 23:10:00-04:00,31002.5,31004.25,31001.0,31004.0,304
2026-09-22 23:11:00-04:00,31003.75,31007.75,31003.25,31004.5,446
2026-09-22 23:12:00-04:00,31004.5,31005.5,31001.25,31005.25,379
2026-09-22 23:13:00-04:00,31005.0,31007.75,31003.75,31007.5,219
2026-09-22 23:14:00-04:00,31007.0,31007.75,31004.25,31006.0,152
2026-09-22 23:15:00-04:00,31006.0,31007.5,30994.25,31000.25,624
2026-09-22 23:16:00-04:00,31000.0,31000.75,30998.25,30999.75,357
2026-09-22 23:17:00-04:00,30999.25,31000.75,30997.0,30998.0,233
2026-09-22 23:18:00-04:00,30998.0,30999.75,30992.0,30997.5,759
2026-09-22 23:19:00-04:00,30997.25,30999.0,30995.0,30996.75,571
2026-09-22 23:20:00-04:00,30997.0,31003.25,30996.25,31001.75,518
2026-09-22 23:21:00-04:00,31001.5,31002.75,31000.0,31001.75,153
2026-09-22 23:22:00-04:00,31002.25,31005.75,30999.25,31002.75,620
2026-09-22 23:23:00-04:00,31003.5,31010.0,31003.0,31009.5,496
2026-09-22 23:24:00-04:00,31009.75,31012.0,31007.25,31008.0,552
2026-09-22 23:25:00-04:00,31007.25,31012.5,31007.0,31011.25,337
2026-09-22 23:26:00-04:00,31010.75,31014.75,31010.25,31011.0,594
2026-09-22 23:27:00-04:00,31011.25,31012.25,31006.0,31008.75,280
2026-09-22 23:28:00-04:00,31009.0,31010.25,31005.25,31005.5,261
2026-09-22 23:29:00-04:00,31005.25,31006.0,30999.5,30999.75,451
2026-09-22 23:30:00-04:00,31000.0,31008.5,30999.75,31006.75,380
2026-09-22 23:31:00-04:00,31007.5,31010.75,31006.0,31010.0,276
2026-09-22 23:32:00-04:00,31010.5,31012.5,31010.0,31011.5,250
2026-09-22 23:33:00-04:00,31011.25,31013.25,31010.0,31011.5,269
2026-09-22 23:34:00-04:00,31011.0,31013.75,31008.75,31013.5,370
2026-09-22 23:35:00-04:00,31013.75,31016.25,31008.75,31011.0,573
2026-09-22 23:36:00-04:00,31010.75,31011.25,31009.25,31009.75,182
2026-09-22 23:37:00-04:00,31009.25,31014.0,31009.0,31010.25,237
2026-09-22 23:38:00-04:00,31010.5,31012.25,31009.25,31011.5,157
2026-09-22 23:39:00-04:00,31011.75,31012.5,31010.5,31011.5,112
2026-09-22 23:40:00-04:00,31012.0,31020.5,31009.5,31020.0,926
2026-09-22 23:41:00-04:00,31019.75,31027.5,31019.0,31022.75,1181
2026-09-22 23:42:00-04:00,31022.75,31026.5,31021.25,31022.5,800
2026-09-22 23:43:00-04:00,31022.0,31022.5,31018.25,31019.5,395
2026-09-22 23:44:00-04:00,31019.5,31020.5,31018.25,31019.75,200
2026-09-22 23:45:00-04:00,31019.75,31022.0,31018.0,31018.5,452
2026-09-22 23:46:00-04:00,31019.0,31022.0,31017.5,31018.5,224
2026-09-22 23:47:00-04:00,31019.0,31023.75,31019.0,31021.25,319
2026-09-22 23:48:00-04:00,31021.25,31023.0,31018.25,31022.5,221
2026-09-22 23:49:00-04:00,31022.25,31023.0,31020.0,31021.0,177
2026-09-22 23:50:00-04:00,31021.25,31021.5,31017.75,31021.5,233
2026-09-22 23:51:00-04:00,31021.75,31023.0,31019.25,31019.75,251
2026-09-22 23:52:00-04:00,31020.25,31023.0,31019.5,31022.75,159
2026-09-22 23:53:00-04:00,31022.75,31025.25,31022.0,31025.25,391
2026-09-22 23:54:00-04:00,31025.25,31026.0,31020.25,31026.0,371
2026-09-22 23:55:00-04:00,31025.25,31025.25,31023.0,31025.0,113
2026-09-22 23:56:00-04:00,31024.25,31025.0,31020.75,31022.25,144
2026-09-22 23:57:00-04:00,31021.75,31022.25,31018.75,31019.25,257
2026-09-22 23:58:00-04:00,31019.5,31020.0,31012.25,31012.5,625
2026-09-23 00:09:00-04:00,31033.0,31033.5,31029.5,31032.0,280
2026-09-23 00:10:00-04:00,31031.75,31033.0,31028.0,31028.5,287
2026-09-23 00:11:00-04:00,31029.0,31033.75,31024.25,31033.25,622
2026-09-23 00:12:00-04:00,31033.0,31034.25,31031.5,31032.75,279
2026-09-23 00:13:00-04:00,31033.0,31034.0,31031.25,31033.0,194
2026-09-23 00:14:00-04:00,31033.0,31033.75,31029.75,31031.75,202
2026-09-23 00:15:00-04:00,31031.75,31036.0,31029.75,31035.75,432
2026-09-23 00:16:00-04:00,31035.75,31036.25,31031.5,31034.0,383
2026-09-23 00:17:00-04:00,31033.25,31035.25,31032.25,31034.5,183
2026-09-23 00:18:00-04:00,31034.5,31035.25,31031.75,31035.0,141
2026-09-23 00:19:00-04:00,31034.5,31038.0,31033.0,31037.0,292
2026-09-23 00:20:00-04:00,31037.5,31040.0,31035.5,31037.75,540
2026-09-23 00:21:00-04:00,31038.0,31044.75,31038.0,31044.75,708
2026-09-23 00:22:00-04:00,31044.0,31044.75,31040.75,31042.25,436
2026-09-23 00:23:00-04:00,31042.25,31042.75,31040.75,31041.25,172
2026-09-23 00:24:00-04:00,31041.25,31042.25,31039.75,31039.75,158
2026-09-23 00:25:00-04:00,31040.0,31043.25,31039.75,31041.0,307
2026-09-23 00:26:00-04:00,31041.25,31043.25,31039.25,31039.75,249
2026-09-23 00:27:00-04:00,31039.25,31043.25,31039.0,31042.25,142
2026-09-23 00:28:00-04:00,31042.0,31042.0,31036.5,31038.5,310
2026-09-23 00:29:00-04:00,31038.0,31040.25,31037.0,31039.75,283
2026-09-23 00:30:00-04:00,31039.25,31044.0,31038.25,31043.5,354
2026-09-23 00:31:00-04:00,31043.75,31048.5,31043.25,31048.0,665
2026-09-23 00:32:00-04:00,31048.0,31048.0,31043.25,31044.0,250
2026-09-23 00:33:00-04:00,31044.5,31047.0,31044.25,31045.5,246
2026-09-23 00:34:00-04:00,31045.5,31047.0,31045.0,31045.5,178
2026-09-23 00:35:00-04:00,31046.0,31051.75,31046.0,31049.5,690
2026-09-23 00:36:00-04:00,31050.0,31052.0,31048.75,31050.5,311
2026-09-23 00:37:00-04:00,31050.25,31051.5,31048.0,31049.0,191
2026-09-23 00:38:00-04:00,31048.0,31048.0,31041.0,31042.25,572
2026-09-23 00:39:00-04:00,31041.75,31044.25,31041.0,31044.0,319
2026-09-23 00:40:00-04:00,31044.0,31045.0,31041.25,31042.0,206
2026-09-23 00:41:00-04:00,31042.25,31048.25,31042.0,31046.25,394
2026-09-23 00:42:00-04:00,31046.0,31047.75,31044.0,31046.75,174
2026-09-23 00:43:00-04:00,31046.5,31050.5,31046.5,31049.5,285
2026-09-23 00:44:00-04:00,31049.5,31050.5,31048.25,31049.5,222
2026-09-23 00:45:00-04:00,31048.5,31049.5,31046.25,31048.5,311
2026-09-23 00:46:00-04:00,31048.5,31050.5,31048.25,31049.75,137
2026-09-23 00:47:00-04:00,31050.0,31051.5,31047.75,31048.75,221
2026-09-23 00:48:00-04:00,31049.0,31051.5,31047.5,31049.25,181
2026-09-23 00:49:00-04:00,31050.0,31051.75,31049.25,31049.25,120
2026-09-23 00:50:00-04:00,31049.5,31050.5,31044.25,31047.75,444
2026-09-23 00:51:00-04:00,31048.25,31048.75,31044.0,31046.0,372
2026-09-23 00:52:00-04:00,31046.0,31046.5,31042.0,31042.5,194
2026-09-23 00:53:00-04:00,31042.5,31044.75,31041.25,31041.5,268
2026-09-23 00:54:00-04:00,31041.75,31043.0,31038.0,31040.0,756
2026-09-23 00:55:00-04:00,31040.25,31040.5,31037.5,31038.25,364
2026-09-23 00:56:00-04:00,31038.0,31042.25,31037.5,31041.5,303
2026-09-23 00:57:00-04:00,31041.5,31041.75,31032.0,31033.25,762
2026-09-23 00:58:00-04:00,31033.5,31035.25,31033.0,31034.75,414
2026-09-23 00:59:00-04:00,31034.5,31036.75,31031.0,31035.25,441
2026-09-23 01:00:00-04:00,31035.5,31037.5,31032.5,31032.5,393
2026-09-23 01:01:00-04:00,31032.75,31034.25,31025.0,31026.0,851
2026-09-23 01:02:00-04:00,31026.0,31029.75,31021.5,31024.5,570
2026-09-23 01:03:00-04:00,31024.25,31027.0,31022.0,31026.25,596
2026-09-23 01:04:00-04:00,31025.5,31029.5,31025.5,31029.0,221
2026-09-23 01:05:00-04:00,31028.5,31031.5,31027.25,31028.25,468
2026-09-23 01:06:00-04:00,31028.5,31029.25,31023.0,31025.25,490
2026-09-23 01:07:00-04:00,31025.25,31032.75,31025.25,31032.25,393
2026-09-23 01:08:00-04:00,31032.5,31034.0,31027.25,31029.75,492
2026-09-23 01:09:00-04:00,31030.75,31033.25,31029.0,31033.0,288
2026-09-23 01:10:00-04:00,31033.0,31039.5,31031.5,31035.5,679
2026-09-23 01:11:00-04:00,31035.5,31037.0,31031.0,31031.5,383
2026-09-23 01:12:00-04:00,31031.5,31034.25,31028.75,31029.75,328
2026-09-23 01:13:00-04:00,31029.75,31034.5,31029.0,31033.0,272
2026-09-23 01:14:00-04:00,31033.5,31034.5,31032.0,31033.25,152
2026-09-23 01:15:00-04:00,31033.5,31037.75,31032.75,31034.25,288
2026-09-23 01:16:00-04:00,31034.25,31039.5,31034.0,31037.75,325
2026-09-23 01:17:00-04:00,31037.25,31043.0,31035.75,31041.0,754
2026-09-23 01:18:00-04:00,31041.25,31041.5,31036.5,31036.75,374
2026-09-23 01:19:00-04:00,31036.25,31037.0,31029.5,31032.0,620
2026-09-23 01:20:00-04:00,31030.75,31031.5,31023.25,31026.75,737
2026-09-23 01:21:00-04:00,31026.75,31030.75,31024.0,31024.0,367
2026-09-23 01:22:00-04:00,31024.25,31025.0,31020.0,31021.25,690
2026-09-23 01:23:00-04:00,31021.0,31025.5,31018.75,31024.25,541
2026-09-23 01:24:00-04:00,31024.75,31024.75,31018.25,31020.75,414
2026-09-23 01:25:00-04:00,31021.25,31035.5,31020.5,31033.5,1106
2026-09-23 01:26:00-04:00,31033.0,31037.0,31032.25,31032.25,362
2026-09-23 01:27:00-04:00,31032.5,31035.25,31031.75,31033.25,221
2026-09-23 01:28:00-04:00,31034.75,31035.5,31031.0,31031.5,248
2026-09-23 01:29:00-04:00,31031.75,31034.25,31029.75,31034.0,219
2026-09-23 01:30:00-04:00,31034.25,31035.25,31027.75,31034.75,375
2026-09-23 01:31:00-04:00,31035.0,31038.75,31031.25,31032.5,486
2026-09-23 01:32:00-04:00,31032.25,31035.75,31031.5,31033.25,230
2026-09-23 01:33:00-04:00,31032.75,31037.25,31029.5,31030.5,264
2026-09-23 01:34:00-04:00,31030.0,31032.25,31022.0,31026.0,613
2026-09-23 01:35:00-04:00,31026.25,31029.75,31025.0,31028.25,528
2026-09-23 01:36:00-04:00,31028.25,31032.25,31027.0,31030.75,225
2026-09-23 01:37:00-04:00,31030.25,31035.75,31029.25,31035.5,303
2026-09-23 01:38:00-04:00,31035.75,31036.75,31028.0,31033.75,401
2026-09-23 01:39:00-04:00,31033.75,31034.0,31031.25,31033.5,200
2026-09-23 01:40:00-04:00,31033.25,31035.25,31031.75,31035.0,217
2026-09-23 01:41:00-04:00,31035.25,31039.5,31033.75,31036.25,403
2026-09-23 01:42:00-04:00,31037.0,31039.5,31030.0,31032.25,362
2026-09-23 01:43:00-04:00,31031.75,31031.75,31021.0,31021.5,524
2026-09-23 01:44:00-04:00,31021.5,31029.25,31021.0,31028.25,486
2026-09-23 01:45:00-04:00,31028.25,31034.0,31027.75,31033.0,304
2026-09-23 01:46:00-04:00,31033.0,31039.0,31032.75,31035.25,443
2026-09-23 01:47:00-04:00,31035.25,31039.5,31034.75,31039.25,218
2026-09-23 01:48:00-04:00,31039.5,31042.25,31034.75,31035.25,461
2026-09-23 01:49:00-04:00,31035.75,31036.75,31026.75,31028.75,571
2026-09-23 01:50:00-04:00,31029.5,31032.25,31028.5,31032.25,350
2026-09-23 01:51:00-04:00,31031.75,31037.0,31029.5,31035.25,256
2026-09-23 01:52:00-04:00,31035.75,31041.5,31035.25,31040.25,459
2026-09-23 01:53:00-04:00,31040.5,31044.25,31040.5,31041.5,431
2026-09-23 01:54:00-04:00,31041.5,31042.5,31036.25,31039.0,292
2026-09-23 01:55:00-04:00,31039.0,31041.25,31028.25,31031.5,683
2026-09-23 01:56:00-04:00,31030.75,31036.0,31028.75,31032.75,398
2026-09-23 01:57:00-04:00,31033.25,31035.0,31030.0,31030.75,216
2026-09-23 01:58:00-04:00,31031.0,31032.75,31027.5,31030.25,400
2026-09-23 01:59:00-04:00,31029.75,31031.25,31028.75,31028.75,158
2026-09-23 02:00:00-04:00,31029.0,31039.5,31028.0,31035.75,875
2026-09-23 02:01:00-04:00,31036.0,31042.0,31034.5,31041.0,609
2026-09-23 02:02:00-04:00,31041.0,31054.75,31041.0,31051.0,1601
2026-09-23 02:03:00-04:00,31051.75,31052.0,31047.5,31050.5,479
2026-09-23 02:04:00-04:00,31051.0,31051.25,31041.5,31043.75,629
2026-09-23 02:05:00-04:00,31043.25,31048.75,31042.25,31047.5,438
2026-09-23 02:06:00-04:00,31047.75,31054.75,31046.75,31051.75,506
2026-09-23 02:07:00-04:00,31051.25,31053.25,31046.5,31046.5,443
2026-09-23 02:08:00-04:00,31047.25,31048.75,31039.5,31043.75,523
2026-09-23 02:09:00-04:00,31043.75,31044.5,31037.0,31040.0,338
2026-09-23 02:10:00-04:00,31041.0,31046.25,31041.0,31045.75,400
2026-09-23 02:11:00-04:00,31045.5,31050.0,31044.25,31048.5,421
2026-09-23 02:12:00-04:00,31049.0,31050.0,31047.5,31049.25,263
2026-09-23 02:13:00-04:00,31049.0,31058.25,31048.75,31056.75,987
2026-09-23 02:14:00-04:00,31057.0,31058.0,31054.0,31057.5,439
2026-09-23 02:15:00-04:00,31057.5,31058.25,31051.5,31055.0,624
2026-09-23 02:16:00-04:00,31054.75,31058.25,31054.25,31055.5,353
2026-09-23 02:17:00-04:00,31055.25,31057.0,31054.25,31055.0,134
2026-09-23 02:18:00-04:00,31055.25,31058.0,31054.0,31056.25,257
2026-09-23 02:19:00-04:00,31056.25,31058.25,31054.25,31055.5,332
2026-09-23 02:20:00-04:00,31055.25,31057.5,31052.75,31055.0,260
2026-09-23 02:21:00-04:00,31054.25,31056.0,31039.0,31042.25,1981
2026-09-23 02:22:00-04:00,31042.25,31049.5,31039.5,31048.0,780
2026-09-23 02:23:00-04:00,31048.5,31051.75,31045.25,31047.25,304
2026-09-23 02:24:00-04:00,31046.75,31050.75,31046.25,31049.75,252
2026-09-23 02:25:00-04:00,31050.5,31056.5,31049.75,31054.25,447
2026-09-23 02:26:00-04:00,31054.5,31059.75,31054.25,31058.0,679
2026-09-23 02:27:00-04:00,31058.25,31062.75,31055.5,31056.75,730
2026-09-23 02:28:00-04:00,31056.5,31059.75,31055.5,31057.5,302
2026-09-23 02:29:00-04:00,31058.0,31059.0,31056.25,31057.5,251
2026-09-23 02:30:00-04:00,31057.25,31061.75,31056.0,31060.5,439
2026-09-23 02:31:00-04:00,31060.5,31073.0,31058.5,31072.75,1352
2026-09-23 02:32:00-04:00,31073.0,31075.25,31065.25,31074.5,1458
2026-09-23 02:33:00-04:00,31074.25,31077.5,31071.75,31073.0,937
2026-09-23 02:34:00-04:00,31072.75,31081.5,31071.5,31081.0,1115
2026-09-23 02:35:00-04:00,31081.0,31088.5,31078.5,31087.0,1236
2026-09-23 02:36:00-04:00,31087.0,31089.25,31083.0,31088.75,955
2026-09-23 02:37:00-04:00,31089.0,31089.75,31086.25,31087.0,427
2026-09-23 02:38:00-04:00,31087.25,31090.5,31084.25,31089.75,645
2026-09-23 02:39:00-04:00,31089.25,31094.75,31088.0,31090.75,985
2026-09-23 02:40:00-04:00,31090.5,31091.5,31082.75,31083.75,694
2026-09-23 02:41:00-04:00,31083.75,31084.5,31079.75,31081.0,573
2026-09-23 02:42:00-04:00,31081.0,31085.75,31081.0,31083.75,388
2026-09-23 02:43:00-04:00,31084.25,31085.5,31078.25,31079.0,453
2026-09-23 02:44:00-04:00,31078.25,31083.5,31073.75,31083.0,927
2026-09-23 02:45:00-04:00,31082.75,31083.0,31074.0,31074.25,600
2026-09-23 02:46:00-04:00,31074.25,31075.25,31057.25,31058.5,1754
2026-09-23 02:47:00-04:00,31058.5,31075.0,31057.25,31072.5,1146
2026-09-23 02:48:00-04:00,31072.25,31081.0,31072.0,31079.0,785
2026-09-23 02:49:00-04:00,31079.25,31081.0,31078.0,31079.75,307
2026-09-23 02:50:00-04:00,31079.75,31081.0,31071.0,31071.5,646
2026-09-23 02:51:00-04:00,31072.0,31077.25,31070.75,31074.25,441
2026-09-23 02:52:00-04:00,31074.25,31075.5,31068.25,31072.0,442
2026-09-23 02:53:00-04:00,31071.75,31071.75,31065.0,31066.25,492
2026-09-23 02:54:00-04:00,31066.25,31068.75,31062.75,31063.75,478
2026-09-23 02:55:00-04:00,31063.75,31064.75,31061.25,31062.25,387
2026-09-23 02:56:00-04:00,31062.5,31064.5,31059.75,31061.75,405
2026-09-23 02:57:00-04:00,31061.25,31062.25,31053.75,31057.5,915
2026-09-23 02:58:00-04:00,31056.5,31056.5,31050.75,31053.75,738
2026-09-23 02:59:00-04:00,31053.0,31053.5,31048.25,31050.0,498
2026-09-23 03:00:00-04:00,31049.75,31053.75,31044.75,31046.75,1467
2026-09-23 03:01:00-04:00,31046.25,31055.25,31046.25,31053.5,784
2026-09-23 03:02:00-04:00,31053.5,31055.0,31045.25,31045.75,577
2026-09-23 03:03:00-04:00,31046.25,31054.75,31043.0,31051.0,543
2026-09-23 03:04:00-04:00,31052.25,31053.0,31046.0,31052.0,322
2026-09-23 03:05:00-04:00,31052.5,31053.0,31040.5,31041.0,806
2026-09-23 03:06:00-04:00,31041.25,31048.75,31040.0,31041.25,739
2026-09-23 03:07:00-04:00,31041.25,31041.5,31033.25,31037.5,1145
2026-09-23 03:08:00-04:00,31037.25,31039.25,31034.5,31036.5,506
2026-09-23 03:09:00-04:00,31036.75,31036.75,31029.0,31031.5,981
2026-09-23 03:10:00-04:00,31031.25,31033.75,31028.0,31032.0,593
2026-09-23 03:11:00-04:00,31031.75,31041.75,31030.75,31039.0,963
2026-09-23 03:12:00-04:00,31039.0,31046.0,31038.5,31040.75,887
2026-09-23 03:13:00-04:00,31041.5,31047.5,31039.25,31044.75,406
2026-09-23 03:14:00-04:00,31045.25,31047.5,31042.75,31045.25,232
2026-09-23 03:15:00-04:00,31045.5,31048.25,31042.75,31045.0,421
2026-09-23 03:16:00-04:00,31045.5,31045.75,31040.0,31044.0,302
2026-09-23 03:17:00-04:00,31044.0,31047.5,31036.5,31037.0,434
2026-09-23 03:18:00-04:00,31036.75,31037.5,31030.25,31034.25,588
2026-09-23 03:19:00-04:00,31034.0,31036.25,31033.0,31035.75,301
2026-09-23 03:20:00-04:00,31035.75,31038.75,31032.0,31037.5,282
2026-09-23 03:21:00-04:00,31038.5,31040.75,31037.0,31039.5,258
2026-09-23 03:22:00-04:00,31039.25,31039.25,31034.75,31036.75,242
2026-09-23 03:23:00-04:00,31037.0,31037.5,31030.75,31036.5,355
2026-09-23 03:24:00-04:00,31036.75,31039.75,31034.0,31035.75,305
2026-09-23 03:25:00-04:00,31036.0,31040.25,31034.5,31040.0,305
2026-09-23 03:26:00-04:00,31040.0,31040.5,31037.0,31037.25,227
2026-09-23 03:27:00-04:00,31036.75,31049.5,31036.5,31048.75,615
2026-09-23 03:28:00-04:00,31049.0,31051.5,31044.5,31044.5,619
2026-09-23 03:29:00-04:00,31044.75,31052.5,31044.75,31052.25,333
2026-09-23 03:30:00-04:00,31051.5,31054.5,31047.0,31053.75,562
2026-09-23 03:31:00-04:00,31053.5,31062.0,31052.0,31052.5,945
2026-09-23 03:32:00-04:00,31051.5,31052.25,31042.25,31043.0,839
2026-09-23 03:33:00-04:00,31043.0,31043.5,31035.5,31040.25,783
2026-09-23 03:34:00-04:00,31040.0,31042.0,31038.75,31040.0,212
2026-09-23 03:35:00-04:00,31040.25,31046.25,31040.0,31044.75,571
2026-09-23 03:36:00-04:00,31044.75,31046.25,31037.5,31042.75,491
2026-09-23 03:37:00-04:00,31042.75,31049.75,31040.5,31048.5,584
2026-09-23 03:38:00-04:00,31047.75,31055.0,31045.75,31046.5,646
2026-09-23 03:39:00-04:00,31046.75,31047.75,31041.0,31041.0,444
2026-09-23 03:40:00-04:00,31041.0,31051.0,31041.0,31048.75,378
2026-09-23 03:41:00-04:00,31048.75,31049.25,31046.5,31048.5,187
2026-09-23 03:42:00-04:00,31049.0,31049.75,31040.25,31042.25,441
2026-09-23 03:43:00-04:00,31041.75,31043.75,31040.75,31043.0,213
2026-09-23 03:44:00-04:00,31043.0,31043.5,31035.5,31037.5,455
2026-09-23 03:45:00-04:00,31037.5,31040.0,31036.5,31038.75,541
2026-09-23 03:46:00-04:00,31038.5,31039.75,31036.0,31037.75,221
2026-09-23 03:47:00-04:00,31037.75,31039.5,31032.0,31033.0,488
2026-09-23 03:48:00-04:00,31033.25,31042.5,31032.5,31041.75,515
2026-09-23 03:49:00-04:00,31042.0,31045.5,31037.0,31043.5,599
2026-09-23 03:50:00-04:00,31043.75,31047.75,31040.75,31045.5,332
2026-09-23 03:51:00-04:00,31045.25,31049.75,31044.25,31045.75,228
2026-09-23 03:52:00-04:00,31045.5,31045.5,31034.75,31038.0,446
2026-09-23 03:53:00-04:00,31038.5,31038.5,31030.25,31031.5,409
2026-09-23 03:54:00-04:00,31031.75,31033.5,31028.25,31030.75,601
2026-09-23 03:55:00-04:00,31030.25,31035.5,31028.75,31032.5,329
2026-09-23 03:56:00-04:00,31032.25,31038.5,31031.5,31038.5,270
2026-09-23 03:57:00-04:00,31038.25,31039.5,31035.25,31037.0,224
2026-09-23 03:58:00-04:00,31037.0,31037.0,31033.25,31035.0,171
2026-09-23 03:59:00-04:00,31035.5,31036.5,31033.75,31034.25,136
2026-09-23 04:00:00-04:00,31034.5,31042.0,31031.75,31037.5,967
2026-09-23 04:01:00-04:00,31037.75,31041.75,31036.0,31040.0,367
2026-09-23 04:02:00-04:00,31039.0,31047.25,31033.25,31034.25,703
2026-09-23 04:03:00-04:00,31034.25,31037.5,31020.0,31023.25,1625
2026-09-23 04:04:00-04:00,31023.5,31028.75,31011.25,31019.0,1343
2026-09-23 04:05:00-04:00,31019.25,31021.75,31015.5,31017.5,543
2026-09-23 04:06:00-04:00,31017.25,31030.75,31016.0,31030.75,770
2026-09-23 04:07:00-04:00,31030.75,31037.75,31030.75,31033.75,829
2026-09-23 04:08:00-04:00,31033.5,31041.0,31032.0,31040.0,424
2026-09-23 04:09:00-04:00,31039.75,31040.25,31031.0,31036.0,472
2026-09-23 04:10:00-04:00,31036.0,31039.0,31034.25,31037.75,264
2026-09-23 04:11:00-04:00,31037.5,31041.5,31032.25,31033.75,403
2026-09-23 04:12:00-04:00,31033.0,31043.25,31032.25,31040.0,489
2026-09-23 04:13:00-04:00,31040.25,31044.25,31037.75,31037.75,469
2026-09-23 04:14:00-04:00,31038.25,31041.5,31031.5,31039.0,424
2026-09-23 04:15:00-04:00,31039.0,31044.25,31037.75,31043.5,346
2026-09-23 04:16:00-04:00,31043.5,31043.75,31035.25,31041.25,398
2026-09-23 04:17:00-04:00,31041.5,31042.25,31030.5,31036.5,493
2026-09-23 04:18:00-04:00,31034.25,31034.25,31027.75,31029.25,572
2026-09-23 04:19:00-04:00,31029.25,31043.0,31028.75,31041.0,460
2026-09-23 04:20:00-04:00,31041.5,31046.25,31040.0,31042.0,616
2026-09-23 04:21:00-04:00,31042.25,31050.0,31041.0,31041.75,644
2026-09-23 04:22:00-04:00,31041.5,31046.0,31040.5,31045.75,205
2026-09-23 04:23:00-04:00,31045.5,31049.25,31042.25,31047.75,341
2026-09-23 04:24:00-04:00,31048.0,31053.0,31045.25,31049.5,774
2026-09-23 04:25:00-04:00,31049.75,31051.75,31041.75,31043.25,392
2026-09-23 04:26:00-04:00,31043.0,31045.0,31037.0,31041.0,417
2026-09-23 04:27:00-04:00,31040.75,31044.5,31040.5,31044.0,166
2026-09-23 04:28:00-04:00,31043.5,31044.75,31041.25,31043.25,183
2026-09-23 04:29:00-04:00,31043.5,31043.5,31037.75,31040.0,218
2026-09-23 04:30:00-04:00,31039.25,31046.0,31036.25,31043.5,300
2026-09-23 04:31:00-04:00,31044.75,31044.75,31038.0,31038.5,233
2026-09-23 04:32:00-04:00,31039.0,31042.75,31036.75,31040.25,197
2026-09-23 04:33:00-04:00,31040.75,31044.0,31039.5,31042.0,231
2026-09-23 04:34:00-04:00,31041.25,31041.5,31034.75,31035.25,264
2026-09-23 04:35:00-04:00,31035.75,31037.5,31025.5,31029.0,790
2026-09-23 04:36:00-04:00,31029.0,31032.75,31027.75,31030.25,389
2026-09-23 04:37:00-04:00,31030.0,31030.0,31023.0,31023.25,563
2026-09-23 04:38:00-04:00,31023.25,31023.25,31011.75,31018.5,1249
2026-09-23 04:39:00-04:00,31018.5,31023.75,31018.25,31021.75,406
2026-09-23 04:40:00-04:00,31021.5,31023.75,31016.25,31021.75,414
2026-09-23 04:41:00-04:00,31023.0,31024.5,31020.25,31021.75,353
2026-09-23 04:42:00-04:00,31021.5,31021.5,31014.5,31015.75,390
2026-09-23 04:43:00-04:00,31015.0,31016.5,31007.5,31014.5,1034
2026-09-23 04:44:00-04:00,31014.5,31015.75,31011.75,31014.25,294
2026-09-23 04:45:00-04:00,31014.5,31014.5,31009.0,31009.5,373
2026-09-23 04:46:00-04:00,31010.5,31014.75,31004.75,31010.75,776
2026-09-23 04:47:00-04:00,31010.5,31013.0,31008.75,31009.25,314
2026-09-23 04:48:00-04:00,31008.75,31015.5,31008.0,31014.75,319
2026-09-23 04:49:00-04:00,31014.75,31018.25,31014.0,31016.0,370
2026-09-23 04:50:00-04:00,31016.75,31017.0,31012.75,31016.25,281
2026-09-23 04:51:00-04:00,31015.75,31015.75,31005.0,31007.25,569
2026-09-23 04:52:00-04:00,31006.75,31013.5,31003.0,31005.5,551
2026-09-23 04:53:00-04:00,31005.25,31010.25,31004.75,31006.25,285
2026-09-23 04:54:00-04:00,31005.5,31011.5,31005.25,31010.5,250
2026-09-23 04:55:00-04:00,31011.0,31015.0,31009.5,31013.5,331
2026-09-23 04:56:00-04:00,31013.25,31014.75,31008.5,31010.25,333
2026-09-23 04:57:00-04:00,31009.5,31021.75,31009.5,31019.5,640
2026-09-23 04:58:00-04:00,31019.5,31022.0,31015.5,31016.25,336
2026-09-23 04:59:00-04:00,31016.0,31017.0,31012.5,31017.0,169
2026-09-23 05:00:00-04:00,31016.25,31026.25,31014.0,31021.0,677
2026-09-23 05:01:00-04:00,31022.0,31023.0,31017.75,31019.0,264
2026-09-23 05:02:00-04:00,31020.25,31020.25,31016.25,31019.5,202
2026-09-23 05:03:00-04:00,31019.25,31020.5,31010.5,31011.0,469
2026-09-23 05:04:00-04:00,31011.25,31014.0,31007.0,31010.5,429
2026-09-23 05:05:00-04:00,31010.0,31012.25,31008.25,31011.75,194
2026-09-23 05:06:00-04:00,31010.75,31014.25,31009.25,31012.75,224
2026-09-23 05:07:00-04:00,31013.25,31021.0,31013.0,31020.75,321
2026-09-23 05:08:00-04:00,31020.25,31027.5,31019.25,31026.75,458
2026-09-23 05:09:00-04:00,31027.0,31027.0,31022.5,31025.5,189
2026-09-23 05:10:00-04:00,31025.75,31026.25,31015.75,31016.5,432
2026-09-23 05:11:00-04:00,31017.25,31020.0,31014.75,31018.25,199
2026-09-23 05:12:00-04:00,31018.5,31024.25,31018.5,31020.75,245
2026-09-23 05:13:00-04:00,31021.25,31021.5,31014.0,31016.0,258
2026-09-23 05:14:00-04:00,31016.0,31017.5,31014.0,31017.0,132
2026-09-23 05:15:00-04:00,31016.75,31016.75,31010.5,31011.0,200
2026-09-23 05:16:00-04:00,31011.25,31015.75,31009.0,31014.5,388
2026-09-23 05:17:00-04:00,31014.5,31015.0,31012.25,31013.75,270
2026-09-23 05:18:00-04:00,31013.75,31018.0,31012.0,31015.25,248
2026-09-23 05:19:00-04:00,31014.25,31021.75,31013.0,31020.5,289
2026-09-23 05:20:00-04:00,31020.75,31022.75,31016.25,31018.25,286
2026-09-23 05:21:00-04:00,31019.0,31026.25,31019.0,31026.0,194
2026-09-23 05:22:00-04:00,31025.75,31028.75,31024.0,31025.75,381
2026-09-23 05:23:00-04:00,31025.75,31031.75,31025.75,31031.0,389
2026-09-23 05:24:00-04:00,31029.75,31031.5,31028.25,31031.0,177
2026-09-23 05:25:00-04:00,31031.0,31032.0,31027.75,31030.75,302
2026-09-23 05:26:00-04:00,31031.0,31033.5,31029.75,31032.0,303
2026-09-23 05:27:00-04:00,31031.5,31034.5,31029.75,31032.5,279
2026-09-23 05:28:00-04:00,31031.75,31032.5,31026.25,31027.0,205
2026-09-23 05:29:00-04:00,31027.5,31028.0,31023.75,31024.0,289
2026-09-23 05:30:00-04:00,31024.0,31032.0,31024.0,31031.5,301
2026-09-23 05:31:00-04:00,31032.0,31032.25,31028.5,31032.25,182
2026-09-23 05:32:00-04:00,31032.5,31033.25,31026.0,31032.5,271
2026-09-23 05:33:00-04:00,31032.5,31032.75,31023.25,31026.0,300
2026-09-23 05:34:00-04:00,31026.75,31027.5,31022.5,31026.0,232
2026-09-23 05:35:00-04:00,31025.75,31033.5,31025.25,31029.5,255
2026-09-23 05:36:00-04:00,31030.25,31032.25,31029.0,31032.0,177
2026-09-23 05:37:00-04:00,31032.25,31033.75,31028.75,31028.75,138
2026-09-23 05:38:00-04:00,31028.5,31029.25,31026.25,31027.0,145
2026-09-23 05:39:00-04:00,31026.75,31028.0,31022.5,31025.25,280
2026-09-23 05:40:00-04:00,31026.0,31026.25,31021.25,31022.75,264
2026-09-23 05:41:00-04:00,31023.0,31027.75,31020.5,31025.0,268
2026-09-23 05:42:00-04:00,31025.25,31027.0,31023.25,31024.25,168
2026-09-23 05:43:00-04:00,31023.25,31024.75,31019.75,31020.5,163
2026-09-23 05:44:00-04:00,31021.0,31022.0,31018.75,31019.0,181
2026-09-23 05:45:00-04:00,31019.0,31019.0,31011.0,31011.0,547
2026-09-23 05:46:00-04:00,31011.25,31012.75,31008.75,31012.0,396
2026-09-23 05:47:00-04:00,31011.75,31013.25,31008.5,31010.0,264
2026-09-23 05:48:00-04:00,31009.75,31010.25,30997.5,30999.75,1244
2026-09-23 05:49:00-04:00,30999.75,31006.5,30999.25,31005.75,640
2026-09-23 05:50:00-04:00,31006.25,31008.0,31003.25,31003.75,247
2026-09-23 05:51:00-04:00,31003.25,31007.5,31002.25,31004.5,249
2026-09-23 05:52:00-04:00,31004.25,31012.25,31003.0,31011.5,487
2026-09-23 05:53:00-04:00,31011.0,31012.75,31008.0,31008.5,323
2026-09-23 05:54:00-04:00,31008.0,31016.75,31007.25,31014.5,495
2026-09-23 05:55:00-04:00,31014.25,31015.75,31010.0,31012.75,385
2026-09-23 05:56:00-04:00,31013.5,31013.5,31007.0,31008.75,332
2026-09-23 05:57:00-04:00,31009.0,31013.75,31007.5,31010.5,174
2026-09-23 05:58:00-04:00,31009.75,31011.25,31008.25,31010.5,171
2026-09-23 05:59:00-04:00,31010.75,31013.75,31010.0,31012.0,150
2026-09-23 06:00:00-04:00,31012.5,31016.0,31009.75,31015.75,354
2026-09-23 06:01:00-04:00,31015.75,31019.0,31013.0,31018.5,338
2026-09-23 06:02:00-04:00,31018.5,31021.25,31016.25,31020.0,347
2026-09-23 06:03:00-04:00,31020.0,31020.75,31015.25,31019.0,224
2026-09-23 06:04:00-04:00,31019.5,31024.0,31018.75,31020.5,339
2026-09-23 06:05:00-04:00,31020.0,31023.0,31018.5,31022.25,189
2026-09-23 06:06:00-04:00,31022.0,31024.5,31020.75,31021.75,272
2026-09-23 06:07:00-04:00,31021.75,31027.25,31021.75,31022.75,363
2026-09-23 06:08:00-04:00,31022.75,31025.75,31022.75,31024.25,199
2026-09-23 06:09:00-04:00,31024.25,31027.25,31022.0,31024.0,242
2026-09-23 06:10:00-04:00,31024.5,31026.75,31018.75,31020.75,307
2026-09-23 06:11:00-04:00,31021.0,31029.5,31021.0,31027.25,341
2026-09-23 06:12:00-04:00,31026.75,31032.0,31026.5,31028.75,494
2026-09-23 06:13:00-04:00,31028.25,31031.5,31027.5,31029.75,183
2026-09-23 06:14:00-04:00,31029.75,31032.0,31029.0,31029.25,196
2026-09-23 06:15:00-04:00,31029.5,31034.0,31028.25,31032.25,361
2026-09-23 06:16:00-04:00,31032.25,31035.75,31030.75,31030.75,477
2026-09-23 06:17:00-04:00,31031.0,31033.75,31031.0,31032.25,216
2026-09-23 06:18:00-04:00,31032.0,31032.0,31029.0,31029.5,207
2026-09-23 06:19:00-04:00,31029.5,31039.5,31029.5,31037.5,819
2026-09-23 06:20:00-04:00,31037.75,31037.75,31032.0,31032.75,371
2026-09-23 06:21:00-04:00,31033.0,31035.0,31028.75,31030.5,339
2026-09-23 06:22:00-04:00,31030.0,31030.25,31025.25,31026.5,398
2026-09-23 06:23:00-04:00,31026.25,31027.75,31023.25,31023.5,284
2026-09-23 06:24:00-04:00,31023.75,31026.5,31020.75,31026.5,395
2026-09-23 06:25:00-04:00,31026.5,31031.5,31025.75,31026.0,474
2026-09-23 06:26:00-04:00,31026.0,31027.25,31023.0,31025.25,243
2026-09-23 06:27:00-04:00,31026.0,31028.75,31023.5,31025.5,190
2026-09-23 06:28:00-04:00,31026.0,31027.0,31024.25,31026.25,119
2026-09-23 06:29:00-04:00,31026.75,31033.75,31026.75,31033.75,367
2026-09-23 06:30:00-04:00,31033.0,31035.75,31030.25,31032.25,345
2026-09-23 06:31:00-04:00,31031.75,31034.25,31029.5,31032.5,198
2026-09-23 06:32:00-04:00,31032.25,31034.25,31030.75,31033.5,227
2026-09-23 06:33:00-04:00,31033.75,31035.75,31026.75,31027.25,296
2026-09-23 06:34:00-04:00,31027.25,31028.0,31022.0,31022.5,568
2026-09-23 06:35:00-04:00,31022.25,31023.25,31015.0,31015.5,810
2026-09-23 06:36:00-04:00,31015.5,31023.5,31015.25,31023.5,292
2026-09-23 06:37:00-04:00,31023.0,31027.75,31022.0,31024.5,394
2026-09-23 06:38:00-04:00,31023.75,31024.5,31021.25,31022.5,194
2026-09-23 06:39:00-04:00,31022.0,31031.25,31022.0,31029.75,319
2026-09-23 06:40:00-04:00,31029.25,31029.75,31022.5,31024.0,246
2026-09-23 06:41:00-04:00,31023.5,31024.5,31019.5,31020.0,397
2026-09-23 06:42:00-04:00,31020.75,31021.5,31018.0,31019.5,247
2026-09-23 06:43:00-04:00,31019.5,31021.0,31016.0,31020.5,215
2026-09-23 06:44:00-04:00,31020.0,31022.25,31018.5,31022.0,168
2026-09-23 06:45:00-04:00,31021.25,31021.25,31012.5,31015.0,544
2026-09-23 06:46:00-04:00,31014.5,31020.5,31013.5,31019.0,439
2026-09-23 06:47:00-04:00,31018.5,31021.5,31016.0,31020.25,314
2026-09-23 06:48:00-04:00,31020.0,31022.25,31018.0,31018.0,258
2026-09-23 06:49:00-04:00,31017.25,31019.75,31016.5,31019.0,200
2026-09-23 06:50:00-04:00,31019.5,31020.0,31014.0,31014.25,235
2026-09-23 06:51:00-04:00,31014.75,31021.25,31014.25,31019.0,237
2026-09-23 06:52:00-04:00,31018.75,31022.5,31018.25,31022.25,194
2026-09-23 06:53:00-04:00,31021.25,31023.25,31020.0,31021.5,166
2026-09-23 06:54:00-04:00,31021.0,31027.75,31020.75,31025.25,375
2026-09-23 06:55:00-04:00,31025.25,31029.25,31025.25,31027.5,418
2026-09-23 06:56:00-04:00,31027.25,31033.0,31026.25,31026.5,646
2026-09-23 06:57:00-04:00,31026.75,31029.75,31026.25,31028.0,123
2026-09-23 06:58:00-04:00,31027.75,31032.0,31027.0,31030.5,161
2026-09-23 06:59:00-04:00,31031.25,31031.5,31027.5,31027.75,235
2026-09-23 07:00:00-04:00,31027.75,31029.5,31019.25,31021.75,987
2026-09-23 07:01:00-04:00,31021.0,31028.0,31018.0,31019.25,569
2026-09-23 07:02:00-04:00,31019.0,31019.0,31003.75,31004.75,1725
2026-09-23 07:03:00-04:00,31004.75,31013.25,31004.0,31005.75,1037
2026-09-23 07:04:00-04:00,31005.0,31008.5,31004.25,31007.0,426
2026-09-23 07:05:00-04:00,31006.25,31006.25,30998.5,30999.25,847
2026-09-23 07:06:00-04:00,30999.0,31002.25,30995.0,30997.5,1589
2026-09-23 07:07:00-04:00,30998.5,31001.0,30997.5,30999.75,534
2026-09-23 07:08:00-04:00,31000.25,31005.0,30995.0,30995.25,853
2026-09-23 07:09:00-04:00,30995.25,31002.25,30993.25,31001.0,746
2026-09-23 07:10:00-04:00,31001.25,31002.0,30998.25,30999.25,496
2026-09-23 07:11:00-04:00,30998.5,31006.5,30998.0,31004.5,493
2026-09-23 07:12:00-04:00,31004.75,31006.75,30997.25,30999.75,717
2026-09-23 07:13:00-04:00,31000.25,31002.5,30996.75,31000.5,286
2026-09-23 07:14:00-04:00,31000.5,31004.5,30998.0,31001.5,260
2026-09-23 07:15:00-04:00,31002.0,31007.75,31000.75,31005.0,500
2026-09-23 07:16:00-04:00,31003.25,31011.5,31000.25,31007.75,586
2026-09-23 07:17:00-04:00,31007.75,31009.5,31006.25,31006.75,269
2026-09-23 07:18:00-04:00,31006.75,31008.5,31001.5,31003.75,505
2026-09-23 07:19:00-04:00,31003.75,31004.75,30991.0,30994.25,1007
2026-09-23 07:20:00-04:00,30994.75,30995.0,30990.75,30990.75,642
2026-09-23 07:21:00-04:00,30990.75,30992.0,30976.0,30977.0,2707
2026-09-23 07:22:00-04:00,30977.0,30977.5,30964.0,30968.5,2104
2026-09-23 07:23:00-04:00,30969.25,30970.0,30958.5,30961.75,1305
2026-09-23 07:24:00-04:00,30962.25,30963.25,30957.25,30962.75,947
2026-09-23 07:25:00-04:00,30962.75,30970.25,30956.0,30957.5,1646
2026-09-23 07:26:00-04:00,30958.25,30961.25,30953.75,30955.75,1271
2026-09-23 07:27:00-04:00,30955.5,30957.25,30950.5,30952.75,987
2026-09-23 07:28:00-04:00,30953.5,30964.5,30949.0,30960.75,1716
2026-09-23 07:29:00-04:00,30961.25,30961.25,30951.5,30952.75,1055
2026-09-23 07:30:00-04:00,30952.5,30954.75,30939.25,30943.75,2008
2026-09-23 07:31:00-04:00,30943.25,30953.75,30941.25,30948.75,1430
2026-09-23 07:32:00-04:00,30948.75,30951.5,30936.75,30939.0,1479
2026-09-23 07:33:00-04:00,30939.25,30945.25,30933.5,30935.75,1132
2026-09-23 07:34:00-04:00,30935.5,30940.0,30932.0,30936.0,994
2026-09-23 07:35:00-04:00,30936.0,30937.5,30927.5,30933.25,1374
2026-09-23 07:36:00-04:00,30933.25,30936.5,30929.0,30930.25,826
2026-09-23 07:37:00-04:00,30930.75,30930.75,30918.25,30921.0,1697
2026-09-23 07:38:00-04:00,30921.0,30925.5,30914.0,30918.0,1570
2026-09-23 07:39:00-04:00,30918.25,30929.75,30917.75,30929.75,1771
2026-09-23 07:40:00-04:00,30929.0,30932.75,30919.5,30922.75,1635
2026-09-23 07:41:00-04:00,30922.5,30928.75,30920.75,30922.25,865
2026-09-23 07:42:00-04:00,30922.75,30923.5,30912.75,30913.75,1079
2026-09-23 07:43:00-04:00,30913.75,30917.25,30911.25,30913.0,1197
2026-09-23 07:44:00-04:00,30913.75,30928.25,30911.5,30926.5,1775
2026-09-23 07:45:00-04:00,30926.5,30944.75,30925.25,30942.25,2547
2026-09-23 07:46:00-04:00,30942.0,30956.0,30941.5,30955.0,2558
2026-09-23 07:47:00-04:00,30955.0,30959.25,30952.75,30955.75,1192
2026-09-23 07:48:00-04:00,30956.5,30960.0,30945.5,30953.0,1769
2026-09-23 07:49:00-04:00,30953.5,30960.0,30953.0,30956.0,749
2026-09-23 07:50:00-04:00,30955.5,30956.0,30943.0,30950.5,1241
2026-09-23 07:51:00-04:00,30951.0,30955.75,30946.5,30951.25,542
2026-09-23 07:52:00-04:00,30951.75,30956.0,30944.75,30947.75,720
2026-09-23 07:53:00-04:00,30948.0,30952.75,30946.25,30948.75,518
2026-09-23 07:54:00-04:00,30948.75,30952.25,30948.25,30950.5,334
2026-09-23 07:55:00-04:00,30951.25,30955.5,30946.75,30954.75,585
2026-09-23 07:56:00-04:00,30954.5,30954.5,30947.75,30952.75,422
2026-09-23 07:57:00-04:00,30952.0,30954.25,30948.25,30952.5,466
2026-09-23 07:58:00-04:00,30952.75,30957.75,30949.5,30951.5,571
2026-09-23 07:59:00-04:00,30951.5,30963.0,30950.0,30959.75,1222
2026-09-23 08:00:00-04:00,30958.75,30966.0,30952.0,30954.0,1568
2026-09-23 08:01:00-04:00,30954.0,30955.75,30944.0,30945.0,1440
2026-09-23 08:02:00-04:00,30945.25,30947.75,30942.25,30943.25,998
2026-09-23 08:03:00-04:00,30943.75,30951.0,30938.25,30944.5,1795
2026-09-23 08:04:00-04:00,30944.75,30946.75,30939.75,30941.0,671
2026-09-23 08:05:00-04:00,30941.0,30948.5,30940.75,30943.75,656
2026-09-23 08:06:00-04:00,30944.0,30953.0,30943.25,30945.5,900
2026-09-23 08:07:00-04:00,30945.75,30947.0,30938.75,30942.5,853
2026-09-23 08:08:00-04:00,30942.75,30943.25,30935.75,30942.0,860
2026-09-23 08:09:00-04:00,30941.25,30946.0,30937.75,30943.5,639
2026-09-23 08:10:00-04:00,30943.25,30947.75,30936.5,30938.5,783
2026-09-23 08:11:00-04:00,30937.75,30940.25,30934.5,30934.5,828
2026-09-23 08:12:00-04:00,30934.5,30938.5,30931.0,30931.75,1145
2026-09-23 08:13:00-04:00,30933.0,30933.0,30924.0,30930.25,1450
2026-09-23 08:14:00-04:00,30930.5,30933.0,30926.25,30930.75,680
2026-09-23 08:15:00-04:00,30931.25,30936.0,30928.5,30933.0,1121
2026-09-23 08:16:00-04:00,30933.25,30936.5,30928.25,30930.0,662
2026-09-23 08:17:00-04:00,30930.75,30930.75,30921.0,30921.75,1142
2026-09-23 08:18:00-04:00,30921.5,30928.0,30919.25,30927.25,1018
2026-09-23 08:19:00-04:00,30927.0,30933.5,30925.0,30929.25,947
2026-09-23 08:20:00-04:00,30929.25,30932.0,30925.25,30929.75,627
2026-09-23 08:21:00-04:00,30930.75,30934.75,30927.5,30931.75,874
2026-09-23 08:22:00-04:00,30931.5,30939.0,30929.25,30936.0,1036
2026-09-23 08:23:00-04:00,30936.5,30938.0,30928.25,30933.0,862
2026-09-23 08:24:00-04:00,30933.0,30949.75,30933.0,30949.0,1985
2026-09-23 08:25:00-04:00,30949.25,30951.5,30940.0,30942.75,1357
2026-09-23 08:26:00-04:00,30942.75,30943.0,30938.75,30941.0,730
2026-09-23 08:27:00-04:00,30941.5,30943.75,30938.0,30942.75,590
2026-09-23 08:28:00-04:00,30942.75,30947.0,30939.25,30943.5,629
2026-09-23 08:29:00-04:00,30943.0,30949.0,30941.75,30948.0,539
2026-09-23 08:30:00-04:00,30947.5,30953.0,30946.25,30952.0,1048
2026-09-23 08:31:00-04:00,30952.0,30952.5,30944.0,30947.25,1095
2026-09-23 08:32:00-04:00,30947.0,30956.25,30946.25,30955.75,1049
2026-09-23 08:33:00-04:00,30955.5,30958.5,30953.0,30955.0,893
2026-09-23 08:34:00-04:00,30955.25,30956.0,30949.0,30951.5,905
2026-09-23 08:35:00-04:00,30951.25,30956.5,30949.0,30952.0,660
2026-09-23 08:36:00-04:00,30951.5,30957.25,30950.5,30951.25,588
2026-09-23 08:37:00-04:00,30951.25,30951.25,30945.5,30947.75,934
2026-09-23 08:38:00-04:00,30948.0,30957.5,30947.25,30957.0,592
2026-09-23 08:39:00-04:00,30957.0,30958.5,30954.0,30955.75,809
2026-09-23 08:40:00-04:00,30955.75,30958.75,30952.5,30952.75,766
2026-09-23 08:41:00-04:00,30953.5,30957.0,30950.25,30950.75,637
2026-09-23 08:42:00-04:00,30951.0,30961.25,30949.25,30955.5,1046
2026-09-23 08:43:00-04:00,30955.0,30955.25,30951.25,30954.0,626
2026-09-23 08:44:00-04:00,30954.25,30954.75,30948.25,30948.25,943
2026-09-23 08:45:00-04:00,30948.5,30955.25,30947.25,30951.5,648
2026-09-23 08:46:00-04:00,30951.5,30958.5,30951.5,30956.5,509
2026-09-23 08:47:00-04:00,30956.75,30968.75,30955.75,30962.75,1736
2026-09-23 08:48:00-04:00,30963.5,30964.5,30956.25,30958.25,856
2026-09-23 08:49:00-04:00,30958.5,30960.5,30954.25,30956.5,665
2026-09-23 08:50:00-04:00,30956.5,30958.5,30954.5,30955.5,499
2026-09-23 08:51:00-04:00,30955.0,30956.25,30951.75,30953.75,554
2026-09-23 08:52:00-04:00,30954.0,30955.75,30951.25,30955.5,283
2026-09-23 08:53:00-04:00,30954.75,30958.75,30952.75,30957.5,502
2026-09-23 08:54:00-04:00,30957.0,30960.0,30953.0,30956.0,607
2026-09-23 08:55:00-04:00,30955.25,30955.75,30947.75,30951.25,1050
2026-09-23 08:56:00-04:00,30951.5,30960.75,30950.5,30960.25,1248
2026-09-23 08:57:00-04:00,30960.0,30961.25,30955.5,30957.75,544
2026-09-23 08:58:00-04:00,30958.0,30962.75,30954.5,30961.5,772
2026-09-23 08:59:00-04:00,30962.0,30970.25,30961.75,30967.75,1430
2026-09-23 09:00:00-04:00,30967.75,30970.75,30957.25,30961.0,1846
2026-09-23 09:01:00-04:00,30960.5,30960.75,30953.75,30955.75,1333
2026-09-23 09:02:00-04:00,30956.5,30958.25,30950.0,30950.5,876
2026-09-23 09:03:00-04:00,30950.75,30956.5,30949.5,30954.0,910
2026-09-23 09:04:00-04:00,30953.75,30956.0,30949.25,30952.5,670
2026-09-23 09:05:00-04:00,30952.75,30955.25,30951.5,30953.75,450
2026-09-23 09:06:00-04:00,30953.75,30955.75,30950.5,30952.75,689
2026-09-23 09:07:00-04:00,30952.75,30953.75,30943.5,30944.75,1348
2026-09-23 09:08:00-04:00,30944.5,30950.75,30944.0,30950.0,781
2026-09-23 09:09:00-04:00,30950.0,30951.75,30945.5,30948.5,553
2026-09-23 09:10:00-04:00,30948.75,30953.75,30946.75,30949.75,778
2026-09-23 09:11:00-04:00,30950.0,30957.0,30947.0,30955.0,827
2026-09-23 09:12:00-04:00,30955.25,30960.5,30955.0,30959.0,1096
2026-09-23 09:13:00-04:00,30958.75,30965.75,30958.0,30962.75,1255
2026-09-23 09:14:00-04:00,30962.0,30964.5,30960.25,30962.5,645
2026-09-23 09:15:00-04:00,30962.0,30968.25,30961.25,30967.25,998
2026-09-23 09:16:00-04:00,30967.5,30972.5,30965.75,30969.0,1619
2026-09-23 09:17:00-04:00,30969.75,30973.0,30964.5,30972.75,1180
2026-09-23 09:18:00-04:00,30972.75,30974.0,30966.75,30967.75,1163
2026-09-23 09:19:00-04:00,30968.0,30968.25,30964.5,30967.5,836
2026-09-23 09:20:00-04:00,30968.0,30973.25,30968.0,30971.0,807
2026-09-23 09:21:00-04:00,30970.75,30975.0,30968.75,30969.0,780
2026-09-23 09:22:00-04:00,30968.75,30971.5,30966.5,30968.75,764
2026-09-23 09:23:00-04:00,30968.75,30975.0,30968.75,30974.0,649
2026-09-23 09:24:00-04:00,30974.0,30979.75,30966.25,30970.75,2523
2026-09-23 09:25:00-04:00,30971.25,30989.5,30968.25,30987.5,3991
2026-09-23 09:26:00-04:00,30987.5,30990.25,30984.5,30989.0,1755
2026-09-23 09:27:00-04:00,30988.75,30998.0,30985.75,30992.75,3315
2026-09-23 09:28:00-04:00,30992.75,30999.0,30986.5,30995.25,3196
2026-09-23 09:29:00-04:00,30995.5,31007.0,30989.5,31005.75,3573
2026-09-23 09:30:00-04:00,31006.25,31013.0,30960.25,30965.25,19333
2026-09-23 09:31:00-04:00,30965.25,30971.25,30940.5,30944.25,14031
2026-09-23 09:32:00-04:00,30943.5,30948.25,30927.25,30938.75,13087
2026-09-23 09:33:00-04:00,30938.75,30952.25,30934.5,30951.5,8167
2026-09-23 09:34:00-04:00,30951.25,30954.0,30926.0,30926.5,9307
2026-09-23 09:35:00-04:00,30926.5,30957.0,30922.0,30934.25,12700
2026-09-23 09:36:00-04:00,30934.75,30940.75,30923.5,30939.0,7363
2026-09-23 09:37:00-04:00,30939.0,30939.75,30915.0,30922.75,8088
2026-09-23 09:38:00-04:00,30923.25,30926.5,30901.75,30902.75,11152
2026-09-23 09:39:00-04:00,30903.0,30923.0,30901.75,30915.0,8136
2026-09-23 09:40:00-04:00,30914.5,30925.75,30906.25,30912.75,8460
2026-09-23 09:41:00-04:00,30912.75,30923.5,30905.0,30912.0,7133
2026-09-23 09:42:00-04:00,30912.5,30921.5,30904.5,30911.25,3765
2026-09-23 09:43:00-04:00,30910.75,30924.0,30909.75,30914.75,3802
2026-09-23 09:44:00-04:00,30914.75,30924.25,30910.75,30910.75,2591
2026-09-23 09:45:00-04:00,30910.5,30922.25,30902.0,30902.25,5972
2026-09-23 09:46:00-04:00,30902.0,30903.0,30876.75,30877.5,15128
2026-09-23 09:47:00-04:00,30877.5,30891.5,30860.75,30886.5,14993
2026-09-23 09:48:00-04:00,30886.25,30894.0,30875.25,30880.0,7020
2026-09-23 09:49:00-04:00,30880.25,30881.0,30871.25,30879.5,6641
2026-09-23 09:50:00-04:00,30880.0,30888.5,30867.75,30872.0,7635
2026-09-23 09:51:00-04:00,30872.0,30872.75,30855.0,30858.5,8677
2026-09-23 09:52:00-04:00,30858.0,30863.75,30842.0,30852.0,10992
2026-09-23 09:53:00-04:00,30851.5,30881.0,30846.75,30865.25,9693
2026-09-23 09:54:00-04:00,30865.5,30867.5,30846.0,30848.75,7500
2026-09-23 09:55:00-04:00,30848.75,30855.0,30833.75,30839.5,9830
2026-09-23 09:56:00-04:00,30839.5,30849.75,30833.0,30839.5,7118
2026-09-23 09:57:00-04:00,30840.0,30854.25,30838.75,30850.0,5697
2026-09-23 09:58:00-04:00,30849.75,30863.5,30848.5,30855.25,6708
2026-09-23 09:59:00-04:00,30855.25,30859.5,30836.0,30846.5,6846
2026-09-23 10:00:00-04:00,30846.5,30870.5,30842.25,30867.5,10291
2026-09-23 10:01:00-04:00,30867.75,30870.75,30851.75,30855.5,6445
2026-09-23 10:02:00-04:00,30855.25,30857.25,30824.75,30827.0,12360
2026-09-23 10:03:00-04:00,30827.0,30832.5,30821.25,30825.75,7393
2026-09-23 10:04:00-04:00,30825.5,30835.0,30818.75,30831.0,6777
2026-09-23 10:05:00-04:00,30831.75,30842.5,30818.0,30818.5,8776
2026-09-23 10:06:00-04:00,30818.25,30823.5,30808.5,30810.75,8103
2026-09-23 10:07:00-04:00,30811.0,30811.25,30783.0,30783.25,11085
2026-09-23 10:08:00-04:00,30784.0,30793.0,30777.75,30779.5,8557
2026-09-23 10:09:00-04:00,30779.25,30783.25,30766.25,30769.5,8920
2026-09-23 10:10:00-04:00,30769.25,30773.25,30740.25,30750.0,14530
2026-09-23 10:11:00-04:00,30749.0,30749.25,30717.0,30736.25,15070
2026-09-23 10:12:00-04:00,30736.0,30746.25,30720.25,30721.25,8897
2026-09-23 10:13:00-04:00,30721.0,30727.5,30703.75,30717.25,12729
2026-09-23 10:14:00-04:00,30717.0,30729.5,30708.25,30719.0,8372
2026-09-23 10:15:00-04:00,30719.0,30740.25,30706.25,30740.25,11139
2026-09-23 10:16:00-04:00,30739.75,30741.75,30716.5,30726.75,8123
2026-09-23 10:17:00-04:00,30726.5,30729.5,30687.25,30691.75,15022
2026-09-23 10:18:00-04:00,30692.0,30697.0,30677.25,30686.25,8809
2026-09-23 10:19:00-04:00,30686.0,30690.25,30671.0,30672.5,8084
2026-09-23 10:20:00-04:00,30672.75,30702.75,30660.75,30692.0,14279
2026-09-23 10:21:00-04:00,30692.5,30693.5,30663.75,30666.25,8207
2026-09-23 10:22:00-04:00,30666.75,30668.5,30646.75,30649.75,12974
2026-09-23 10:23:00-04:00,30649.75,30667.25,30644.75,30663.25,9487
2026-09-23 10:24:00-04:00,30663.0,30674.75,30652.5,30673.75,8459
2026-09-23 10:25:00-04:00,30674.0,30694.75,30666.0,30670.75,15603
2026-09-23 10:26:00-04:00,30670.75,30676.0,30640.25,30648.25,11115
2026-09-23 10:27:00-04:00,30650.0,30672.0,30647.75,30667.25,7815
2026-09-23 10:28:00-04:00,30667.5,30686.25,30665.5,30681.75,7634
2026-09-23 10:29:00-04:00,30682.0,30693.25,30674.0,30679.0,7939
2026-09-23 10:30:00-04:00,30679.25,30698.0,30678.0,30682.5,8494
2026-09-23 10:31:00-04:00,30683.0,30687.75,30657.5,30677.25,9992
2026-09-23 10:32:00-04:00,30677.0,30706.25,30672.75,30698.25,9729
2026-09-23 10:33:00-04:00,30698.75,30714.5,30694.5,30707.25,8137
2026-09-23 10:34:00-04:00,30707.5,30722.75,30702.75,30720.5,6205
2026-09-23 10:35:00-04:00,30720.25,30739.0,30718.75,30731.5,10118
2026-09-23 10:36:00-04:00,30731.25,30732.5,30718.25,30724.75,6615
2026-09-23 10:37:00-04:00,30724.5,30737.25,30708.0,30714.5,10001
2026-09-23 10:38:00-04:00,30714.75,30716.25,30692.5,30695.5,8274
2026-09-23 10:39:00-04:00,30695.25,30704.25,30687.0,30697.5,6359
2026-09-23 10:40:00-04:00,30697.75,30710.75,30689.75,30709.25,5809
2026-09-23 10:41:00-04:00,30709.25,30718.75,30700.0,30703.5,5800
2026-09-23 10:42:00-04:00,30703.5,30708.0,30692.75,30700.75,4075
2026-09-23 10:43:00-04:00,30701.25,30709.0,30691.25,30706.25,3626
2026-09-23 10:44:00-04:00,30706.75,30722.75,30704.25,30719.0,5344
2026-09-23 10:45:00-04:00,30719.0,30739.25,30719.0,30730.75,7366
2026-09-23 10:46:00-04:00,30731.25,30738.75,30718.0,30731.75,5561
2026-09-23 10:47:00-04:00,30731.5,30738.0,30722.0,30723.25,3731
2026-09-23 10:48:00-04:00,30723.5,30738.0,30722.5,30728.75,3671
2026-09-23 10:49:00-04:00,30728.75,30739.0,30726.0,30733.0,2717
2026-09-23 10:50:00-04:00,30732.5,30739.75,30714.25,30716.0,5138
2026-09-23 10:51:00-04:00,30716.5,30767.0,30712.5,30747.5,12933
2026-09-23 10:52:00-04:00,30747.5,30764.75,30740.75,30763.75,7893
2026-09-23 10:53:00-04:00,30763.75,30819.0,30763.75,30816.75,17495
2026-09-23 10:54:00-04:00,30817.25,30825.25,30798.75,30813.25,10877
2026-09-23 10:55:00-04:00,30813.0,30824.0,30783.25,30814.25,10295
2026-09-23 10:56:00-04:00,30814.0,30817.75,30807.5,30809.75,3804
2026-09-23 10:57:00-04:00,30810.5,30824.5,30800.25,30819.5,5262
2026-09-23 10:58:00-04:00,30820.25,30820.25,30810.25,30812.5,2129
2026-09-23 10:59:00-04:00,30812.5,30827.75,30811.0,30822.5,3086
2026-09-23 11:00:00-04:00,30822.25,30824.5,30803.5,30814.0,5426
2026-09-23 11:01:00-04:00,30813.5,30827.75,30812.5,30816.25,5003
2026-09-23 11:02:00-04:00,30816.5,30821.25,30804.75,30806.0,4074
2026-09-23 11:03:00-04:00,30806.0,30810.25,30794.25,30804.5,5287
2026-09-23 11:04:00-04:00,30804.25,30807.0,30794.75,30803.25,3143
2026-09-23 11:05:00-04:00,30803.5,30806.0,30791.25,30795.5,3491
2026-09-23 11:06:00-04:00,30795.75,30803.0,30790.0,30795.5,3419
2026-09-23 11:07:00-04:00,30795.75,30810.5,30795.25,30804.75,3821
2026-09-23 11:08:00-04:00,30804.75,30814.5,30804.5,30811.75,3165
2026-09-23 11:09:00-04:00,30812.0,30812.0,30802.75,30802.75,2122
2026-09-23 11:10:00-04:00,30803.5,30805.5,30794.75,30799.25,3130
2026-09-23 11:11:00-04:00,30799.0,30802.25,30787.0,30792.5,3250
2026-09-23 11:12:00-04:00,30793.0,30801.5,30783.75,30800.25,4134
2026-09-23 11:13:00-04:00,30800.5,30801.25,30781.75,30788.25,3936
2026-09-23 11:14:00-04:00,30788.75,30792.5,30784.5,30787.75,2606
2026-09-23 11:15:00-04:00,30788.0,30800.25,30787.5,30794.25,3088
2026-09-23 11:16:00-04:00,30794.0,30797.75,30778.75,30785.0,3801
2026-09-23 11:17:00-04:00,30785.25,30785.5,30754.75,30768.25,10047
2026-09-23 11:18:00-04:00,30768.5,30777.5,30766.25,30772.25,3739
2026-09-23 11:19:00-04:00,30772.0,30792.0,30771.75,30785.5,4730
2026-09-23 11:20:00-04:00,30785.5,30791.5,30780.5,30783.0,3128
2026-09-23 11:21:00-04:00,30783.25,30802.5,30778.75,30800.25,5548
2026-09-23 11:22:00-04:00,30800.0,30817.75,30799.75,30813.5,5988
2026-09-23 11:23:00-04:00,30813.0,30815.75,30803.5,30809.75,3225
2026-09-23 11:24:00-04:00,30810.25,30814.25,30802.75,30809.0,2605
2026-09-23 11:25:00-04:00,30808.5,30814.75,30803.25,30813.0,2673
2026-09-23 11:26:00-04:00,30812.75,30817.75,30801.5,30809.75,3413
2026-09-23 11:27:00-04:00,30809.5,30810.75,30797.75,30803.75,3118
2026-09-23 11:28:00-04:00,30803.25,30803.25,30777.75,30779.75,6079
2026-09-23 11:29:00-04:00,30779.75,30781.0,30768.5,30773.0,5131
2026-09-23 11:30:00-04:00,30773.0,30774.0,30763.5,30770.0,4729
2026-09-23 11:31:00-04:00,30770.5,30780.5,30767.0,30773.25,4226
2026-09-23 11:32:00-04:00,30773.5,30780.25,30765.5,30767.25,3164
2026-09-23 11:33:00-04:00,30767.5,30777.25,30764.0,30773.5,2880
2026-09-23 11:34:00-04:00,30773.25,30782.75,30770.25,30770.25,3109
2026-09-23 11:35:00-04:00,30770.0,30778.0,30760.0,30773.5,4634
2026-09-23 11:36:00-04:00,30773.25,30777.5,30761.25,30763.5,3003
2026-09-23 11:37:00-04:00,30763.25,30766.75,30757.5,30765.75,3061
2026-09-23 11:38:00-04:00,30765.75,30774.25,30764.5,30768.75,2637
2026-09-23 11:39:00-04:00,30768.5,30777.5,30760.75,30766.0,2221
2026-09-23 11:40:00-04:00,30766.0,30766.5,30759.25,30763.25,2271
2026-09-23 11:41:00-04:00,30763.75,30766.0,30752.0,30757.0,3545
2026-09-23 11:42:00-04:00,30756.75,30768.25,30756.75,30768.0,2684
2026-09-23 11:43:00-04:00,30768.0,30781.0,30762.25,30778.75,4214
2026-09-23 11:44:00-04:00,30778.75,30783.75,30773.5,30780.5,3194
2026-09-23 11:45:00-04:00,30780.25,30786.0,30775.25,30779.75,3281
2026-09-23 11:46:00-04:00,30779.25,30783.25,30772.25,30776.75,2446
2026-09-23 11:47:00-04:00,30777.0,30777.75,30745.75,30757.0,6835
2026-09-23 11:48:00-04:00,30756.75,30762.5,30736.25,30741.5,5342
2026-09-23 11:49:00-04:00,30740.75,30744.75,30732.5,30740.0,5527
2026-09-23 11:50:00-04:00,30740.25,30745.5,30735.5,30741.25,3172
2026-09-23 11:51:00-04:00,30741.25,30742.5,30723.0,30729.25,5454
2026-09-23 11:52:00-04:00,30729.5,30748.75,30727.5,30736.5,4930
2026-09-23 11:53:00-04:00,30737.0,30741.0,30727.25,30740.75,3108
2026-09-23 11:54:00-04:00,30740.0,30754.0,30739.0,30753.5,3461
2026-09-23 11:55:00-04:00,30753.25,30757.5,30747.75,30748.75,2973
2026-09-23 11:56:00-04:00,30748.5,30749.5,30737.5,30741.0,3702
2026-09-23 11:57:00-04:00,30742.0,30743.0,30737.25,30738.5,1698
2026-09-23 11:58:00-04:00,30738.25,30747.25,30738.25,30742.0,2213
2026-09-23 11:59:00-04:00,30741.5,30748.25,30738.5,30746.75,1450
2026-09-23 12:00:00-04:00,30746.75,30747.75,30735.5,30737.5,2267
2026-09-23 12:01:00-04:00,30737.5,30740.25,30729.0,30733.75,3204
2026-09-23 12:02:00-04:00,30733.75,30737.5,30731.0,30732.75,1125
2026-09-23 12:03:00-04:00,30733.0,30735.0,30726.5,30734.75,1794
2026-09-23 12:04:00-04:00,30735.0,30745.0,30732.5,30740.75,2724
2026-09-23 12:05:00-04:00,30740.5,30740.5,30733.0,30736.25,1538
2026-09-23 12:06:00-04:00,30735.75,30745.0,30731.25,30732.75,1702
2026-09-23 12:07:00-04:00,30732.0,30745.0,30731.5,30741.5,1712
2026-09-23 12:08:00-04:00,30741.25,30753.5,30741.25,30746.25,3023
2026-09-23 12:09:00-04:00,30746.25,30749.0,30740.25,30745.25,1717
2026-09-23 12:10:00-04:00,30745.0,30748.5,30740.0,30745.0,1266
2026-09-23 12:11:00-04:00,30744.25,30744.75,30738.5,30744.25,1294
2026-09-23 12:12:00-04:00,30744.0,30751.0,30740.75,30745.0,1741
2026-09-23 12:13:00-04:00,30744.75,30745.0,30739.75,30744.0,848
2026-09-23 12:14:00-04:00,30743.0,30747.25,30737.75,30744.5,1386
2026-09-23 12:15:00-04:00,30744.25,30755.0,30740.0,30753.25,2577
2026-09-23 12:16:00-04:00,30752.5,30756.5,30741.75,30743.0,2398
2026-09-23 12:17:00-04:00,30742.75,30744.5,30733.5,30738.5,2819
2026-09-23 12:18:00-04:00,30738.75,30740.5,30729.0,30734.5,2457
2026-09-23 12:19:00-04:00,30734.25,30739.0,30726.0,30738.25,2409
2026-09-23 12:20:00-04:00,30737.5,30738.25,30720.0,30726.0,3893
2026-09-23 12:21:00-04:00,30726.25,30726.25,30718.75,30721.25,2342
2026-09-23 12:22:00-04:00,30721.0,30728.5,30715.25,30727.0,3002
2026-09-23 12:23:00-04:00,30727.5,30729.5,30720.25,30724.75,2572
2026-09-23 12:24:00-04:00,30724.25,30731.5,30718.5,30726.0,2053
2026-09-23 12:25:00-04:00,30726.0,30735.75,30724.0,30735.25,1862
2026-09-23 12:26:00-04:00,30735.25,30735.25,30718.25,30721.25,2440
2026-09-23 12:27:00-04:00,30721.75,30727.75,30721.25,30725.5,1358
2026-09-23 12:28:00-04:00,30725.75,30726.5,30719.5,30725.0,1285
2026-09-23 12:29:00-04:00,30725.5,30728.0,30721.75,30723.25,1155
2026-09-23 12:30:00-04:00,30723.5,30742.0,30722.75,30741.0,3417
2026-09-23 12:31:00-04:00,30740.75,30746.5,30736.0,30744.75,2633
2026-09-23 12:32:00-04:00,30744.25,30751.25,30742.25,30745.75,2969
2026-09-23 12:33:00-04:00,30745.5,30748.5,30740.0,30744.25,2311
2026-09-23 12:34:00-04:00,30744.5,30745.25,30738.0,30741.5,1797
2026-09-23 12:35:00-04:00,30741.25,30749.5,30736.75,30740.25,2488
2026-09-23 12:36:00-04:00,30739.75,30746.25,30739.5,30745.25,1279
2026-09-23 12:37:00-04:00,30745.25,30746.25,30733.5,30736.5,2099
2026-09-23 12:38:00-04:00,30736.0,30739.5,30730.75,30732.75,1539
2026-09-23 12:39:00-04:00,30733.25,30733.25,30724.5,30728.5,2509
2026-09-23 12:40:00-04:00,30728.5,30730.0,30717.5,30717.75,2524
2026-09-23 12:41:00-04:00,30717.5,30718.25,30708.5,30713.0,3823
2026-09-23 12:42:00-04:00,30712.75,30718.75,30707.75,30708.0,2803
2026-09-23 12:43:00-04:00,30708.25,30710.75,30705.0,30707.0,2405
2026-09-23 12:44:00-04:00,30707.0,30708.25,30695.25,30695.25,4271
2026-09-23 12:45:00-04:00,30695.25,30707.75,30688.0,30700.75,8171
2026-09-23 12:46:00-04:00,30701.0,30711.75,30699.0,30710.5,5310
2026-09-23 12:47:00-04:00,30710.75,30720.75,30708.0,30709.5,4384
2026-09-23 12:48:00-04:00,30709.25,30709.75,30701.25,30707.5,2273
2026-09-23 12:49:00-04:00,30707.75,30708.25,30690.75,30695.5,3066
2026-09-23 12:50:00-04:00,30695.0,30695.75,30677.5,30681.25,6781
2026-09-23 12:51:00-04:00,30681.75,30682.5,30668.0,30674.5,5426
2026-09-23 12:52:00-04:00,30674.5,30687.25,30672.5,30680.25,4097
2026-09-23 12:53:00-04:00,30680.75,30681.5,30670.25,30676.5,3166
2026-09-23 12:54:00-04:00,30676.25,30681.5,30670.75,30671.5,2349
2026-09-23 12:55:00-04:00,30671.75,30685.25,30669.0,30679.0,3480
2026-09-23 12:56:00-04:00,30678.5,30685.5,30673.75,30684.0,2670
2026-09-23 12:57:00-04:00,30684.0,30693.25,30674.75,30675.75,4348
2026-09-23 12:58:00-04:00,30675.5,30690.25,30672.75,30688.25,2781
2026-09-23 12:59:00-04:00,30688.0,30696.5,30686.75,30687.5,2493
2026-09-23 13:00:00-04:00,30687.5,30701.75,30686.0,30700.0,3411
2026-09-23 13:01:00-04:00,30700.0,30709.25,30696.5,30705.25,3350
2026-09-23 13:02:00-04:00,30703.75,30705.0,30659.75,30661.25,10825
2026-09-23 13:03:00-04:00,30661.75,30672.0,30648.5,30652.5,7362
2026-09-23 13:04:00-04:00,30652.25,30661.0,30646.5,30658.5,4413
2026-09-23 13:05:00-04:00,30658.5,30674.75,30657.0,30666.5,4415
2026-09-23 13:06:00-04:00,30666.75,30671.75,30653.0,30662.5,3701
2026-09-23 13:07:00-04:00,30662.25,30669.5,30658.75,30660.0,2212
2026-09-23 13:08:00-04:00,30659.5,30670.0,30658.75,30668.5,2011
2026-09-23 13:09:00-04:00,30668.75,30682.0,30664.0,30676.5,3352
2026-09-23 13:10:00-04:00,30676.5,30679.5,30662.75,30666.5,3272
2026-09-23 13:11:00-04:00,30666.0,30677.25,30655.75,30657.25,3847
2026-09-23 13:12:00-04:00,30657.5,30665.75,30656.25,30663.0,2689
2026-09-23 13:13:00-04:00,30663.25,30668.5,30657.25,30667.0,2216
2026-09-23 13:14:00-04:00,30667.25,30673.5,30662.5,30671.0,2037
2026-09-23 13:15:00-04:00,30670.5,30686.25,30665.25,30684.25,3447
2026-09-23 13:16:00-04:00,30684.5,30687.25,30677.25,30684.25,2439
2026-09-23 13:17:00-04:00,30683.75,30699.0,30680.0,30694.75,3959
2026-09-23 13:18:00-04:00,30694.75,30705.75,30694.25,30704.75,3071
2026-09-23 13:19:00-04:00,30705.0,30725.5,30703.25,30722.5,5520
2026-09-23 13:20:00-04:00,30722.5,30724.75,30712.25,30715.75,3396
2026-09-23 13:21:00-04:00,30716.25,30720.75,30706.25,30708.0,3350
2026-09-23 13:22:00-04:00,30708.0,30722.5,30705.75,30717.0,2956
2026-09-23 13:23:00-04:00,30717.0,30720.0,30702.5,30704.0,2887
2026-09-23 13:24:00-04:00,30703.5,30703.75,30680.75,30681.25,4750
2026-09-23 13:25:00-04:00,30681.5,30691.0,30677.5,30687.25,3498
2026-09-23 13:26:00-04:00,30687.5,30691.5,30678.5,30688.5,2492
2026-09-23 13:27:00-04:00,30688.75,30688.75,30681.0,30683.5,1506
2026-09-23 13:28:00-04:00,30683.75,30688.75,30679.0,30681.75,2026
2026-09-23 13:29:00-04:00,30682.0,30686.0,30675.75,30681.75,2594
2026-09-23 13:30:00-04:00,30681.75,30682.5,30672.0,30679.75,3352
2026-09-23 13:31:00-04:00,30679.75,30689.5,30674.25,30688.75,3498
2026-09-23 13:32:00-04:00,30688.5,30689.5,30673.5,30689.25,2661
2026-09-23 13:33:00-04:00,30689.0,30702.25,30683.75,30699.5,3963
2026-09-23 13:34:00-04:00,30699.5,30702.75,30697.25,30700.75,1971
2026-09-23 13:35:00-04:00,30700.5,30701.25,30688.5,30690.0,2530
2026-09-23 13:36:00-04:00,30690.0,30696.5,30686.0,30695.5,1912
2026-09-23 13:37:00-04:00,30695.25,30704.75,30693.75,30702.25,2478
2026-09-23 13:38:00-04:00,30702.5,30705.75,30697.0,30701.0,1547
2026-09-23 13:39:00-04:00,30700.75,30702.75,30692.0,30695.75,1835
2026-09-23 13:40:00-04:00,30696.25,30714.75,30685.0,30700.0,7218
2026-09-23 13:41:00-04:00,30700.25,30721.0,30694.75,30713.0,6549
2026-09-23 13:42:00-04:00,30712.75,30732.0,30711.0,30730.25,5409
2026-09-23 13:43:00-04:00,30730.5,30756.25,30730.5,30753.25,7571
2026-09-23 13:44:00-04:00,30753.0,30756.5,30744.5,30748.75,3820
2026-09-23 13:45:00-04:00,30748.5,30755.25,30741.25,30751.75,4276
2026-09-23 13:46:00-04:00,30751.5,30764.0,30750.0,30751.0,4911
2026-09-23 13:47:00-04:00,30750.75,30755.0,30743.5,30747.5,3812
2026-09-23 13:48:00-04:00,30747.25,30749.0,30737.25,30746.0,4105
2026-09-23 13:49:00-04:00,30745.5,30753.0,30743.5,30750.0,2126
2026-09-23 13:50:00-04:00,30750.0,30758.5,30746.75,30751.75,2192
2026-09-23 13:51:00-04:00,30752.25,30755.5,30747.0,30749.75,1421
2026-09-23 13:52:00-04:00,30750.25,30754.0,30746.0,30754.0,1363
2026-09-23 13:53:00-04:00,30753.5,30760.0,30746.0,30748.5,2471
2026-09-23 13:54:00-04:00,30748.0,30757.5,30740.0,30752.5,3218
2026-09-23 13:55:00-04:00,30752.75,30756.25,30748.25,30750.25,1342
2026-09-23 13:56:00-04:00,30750.25,30757.25,30747.75,30753.75,1426
2026-09-23 13:57:00-04:00,30754.0,30766.25,30750.0,30765.75,3153
2026-09-23 13:58:00-04:00,30765.75,30770.25,30765.25,30768.75,2436
2026-09-23 13:59:00-04:00,30768.0,30774.5,30766.0,30771.25,2564
2026-09-23 14:00:00-04:00,30771.25,30772.25,30762.25,30767.25,3196
2026-09-23 14:01:00-04:00,30767.0,30768.0,30757.0,30761.0,2892
2026-09-23 14:02:00-04:00,30761.0,30761.75,30749.5,30752.5,3107
2026-09-23 14:03:00-04:00,30753.25,30753.25,30740.5,30742.75,3349
2026-09-23 14:04:00-04:00,30742.75,30742.75,30727.25,30730.25,3975
2026-09-23 14:05:00-04:00,30729.5,30738.5,30726.0,30738.0,3568
2026-09-23 14:06:00-04:00,30737.75,30748.25,30736.0,30741.75,4310
2026-09-23 14:07:00-04:00,30741.5,30744.75,30738.75,30742.75,1576
2026-09-23 14:08:00-04:00,30742.75,30747.0,30740.5,30742.5,1636
2026-09-23 14:09:00-04:00,30742.25,30743.5,30734.0,30739.25,1666
2026-09-23 14:10:00-04:00,30739.75,30747.5,30736.25,30736.5,1966
2026-09-23 14:11:00-04:00,30736.25,30744.25,30736.0,30740.25,1352
2026-09-23 14:12:00-04:00,30740.75,30742.25,30736.5,30742.0,1108
2026-09-23 14:13:00-04:00,30741.75,30746.0,30738.75,30743.5,1530
2026-09-23 14:14:00-04:00,30743.25,30747.0,30740.25,30745.5,1457
2026-09-23 14:15:00-04:00,30745.5,30753.75,30741.0,30751.75,2532
2026-09-23 14:16:00-04:00,30751.25,30759.25,30747.75,30749.25,3127
2026-09-23 14:17:00-04:00,30749.25,30759.25,30748.75,30758.25,2451
2026-09-23 14:18:00-04:00,30758.5,30768.5,30757.0,30767.75,3012
2026-09-23 14:19:00-04:00,30767.25,30769.5,30758.0,30760.0,2079
2026-09-23 14:20:00-04:00,30760.0,30763.0,30754.25,30757.75,1895
2026-09-23 14:21:00-04:00,30758.25,30759.5,30747.5,30751.0,2328
2026-09-23 14:22:00-04:00,30751.25,30755.0,30750.25,30753.25,1153
2026-09-23 14:23:00-04:00,30753.0,30760.0,30746.25,30756.5,2215
2026-09-23 14:24:00-04:00,30756.25,30761.75,30755.5,30760.0,1174
2026-09-23 14:25:00-04:00,30760.0,30764.25,30754.25,30754.25,1709
2026-09-23 14:26:00-04:00,30754.75,30760.75,30754.25,30755.25,1126
2026-09-23 14:27:00-04:00,30755.25,30764.5,30755.25,30757.75,1249
2026-09-23 14:28:00-04:00,30757.25,30759.25,30752.75,30756.25,1896
2026-09-23 14:29:00-04:00,30756.25,30759.75,30750.5,30755.5,1222
2026-09-23 14:30:00-04:00,30754.75,30757.75,30744.75,30746.25,2688
2026-09-23 14:31:00-04:00,30746.25,30748.5,30740.25,30745.75,2495
2026-09-23 14:32:00-04:00,30745.5,30750.0,30742.25,30749.25,1315
2026-09-23 14:33:00-04:00,30749.25,30750.0,30744.25,30746.25,866
2026-09-23 14:34:00-04:00,30746.0,30753.5,30739.25,30747.75,1934
2026-09-23 14:35:00-04:00,30748.25,30754.5,30747.5,30751.25,1091
2026-09-23 14:36:00-04:00,30751.0,30753.5,30745.5,30746.5,1127
2026-09-23 14:37:00-04:00,30746.5,30746.75,30735.25,30735.75,2504
2026-09-23 14:38:00-04:00,30736.0,30737.25,30727.25,30732.0,3616
2026-09-23 14:39:00-04:00,30731.75,30735.5,30728.5,30732.25,2044
2026-09-23 14:40:00-04:00,30732.5,30741.5,30732.5,30739.5,2063
2026-09-23 14:41:00-04:00,30739.5,30744.25,30733.75,30736.0,1947
2026-09-23 14:42:00-04:00,30736.0,30746.0,30735.75,30743.5,1357
2026-09-23 14:43:00-04:00,30744.0,30752.25,30744.0,30750.0,2119
2026-09-23 14:44:00-04:00,30749.75,30750.5,30745.5,30748.0,1463
2026-09-23 14:45:00-04:00,30747.5,30749.0,30742.5,30746.0,1403
2026-09-23 14:46:00-04:00,30746.0,30748.5,30740.75,30742.75,1267
2026-09-23 14:47:00-04:00,30742.75,30749.5,30742.25,30745.75,970
2026-09-23 14:48:00-04:00,30745.75,30757.25,30743.5,30757.25,2368
2026-09-23 14:49:00-04:00,30757.0,30763.5,30755.75,30761.75,2282
2026-09-23 14:50:00-04:00,30762.25,30768.75,30756.5,30757.25,2916
2026-09-23 14:51:00-04:00,30757.75,30760.75,30755.5,30759.0,1379
2026-09-23 14:52:00-04:00,30759.0,30759.75,30745.5,30748.25,2767
2026-09-23 14:53:00-04:00,30748.5,30754.75,30746.5,30754.0,1395
2026-09-23 14:54:00-04:00,30753.25,30753.5,30746.5,30750.25,1245
2026-09-23 14:55:00-04:00,30750.0,30761.75,30747.75,30761.25,1806
2026-09-23 14:56:00-04:00,30761.5,30763.75,30758.75,30762.25,1525
2026-09-23 14:57:00-04:00,30762.25,30764.5,30757.5,30764.5,1178
2026-09-23 14:58:00-04:00,30764.25,30766.0,30760.75,30763.5,1512
2026-09-23 14:59:00-04:00,30763.5,30766.75,30759.75,30762.25,1140
2026-09-23 15:00:00-04:00,30762.25,30763.5,30752.5,30762.5,2494
2026-09-23 15:01:00-04:00,30762.75,30767.25,30759.25,30761.0,1759
2026-09-23 15:02:00-04:00,30761.0,30763.25,30755.25,30758.75,968
2026-09-23 15:03:00-04:00,30758.75,30759.25,30742.25,30743.25,2783
2026-09-23 15:04:00-04:00,30743.5,30748.0,30742.5,30743.5,1741
2026-09-23 15:05:00-04:00,30743.75,30751.0,30740.75,30749.25,2049
2026-09-23 15:06:00-04:00,30749.0,30764.25,30745.5,30763.5,2785
2026-09-23 15:07:00-04:00,30763.5,30780.5,30761.5,30776.25,5347
2026-09-23 15:08:00-04:00,30776.0,30782.25,30774.0,30779.0,2639
2026-09-23 15:09:00-04:00,30779.25,30781.25,30765.0,30769.75,3523
2026-09-23 15:10:00-04:00,30770.0,30774.5,30766.5,30768.5,1522
2026-09-23 15:11:00-04:00,30768.5,30773.75,30766.25,30770.0,1255
2026-09-23 15:12:00-04:00,30769.75,30772.25,30758.0,30760.0,2876
2026-09-23 15:13:00-04:00,30760.25,30763.0,30753.75,30762.5,2390
2026-09-23 15:14:00-04:00,30762.75,30764.5,30759.5,30762.75,1349
2026-09-23 15:15:00-04:00,30762.75,30765.75,30748.25,30748.25,2842
2026-09-23 15:16:00-04:00,30748.75,30749.25,30741.5,30745.75,2778
2026-09-23 15:17:00-04:00,30745.5,30748.75,30741.75,30747.75,1616
2026-09-23 15:18:00-04:00,30748.0,30755.75,30745.75,30754.5,1826
2026-09-23 15:19:00-04:00,30754.5,30757.75,30749.75,30751.0,1629
2026-09-23 15:20:00-04:00,30750.5,30750.75,30743.25,30746.75,1688
2026-09-23 15:21:00-04:00,30746.75,30748.75,30741.25,30746.75,1763
2026-09-23 15:22:00-04:00,30747.75,30748.25,30744.25,30745.25,859
2026-09-23 15:23:00-04:00,30745.5,30751.0,30745.5,30747.25,1045
2026-09-23 15:24:00-04:00,30747.5,30750.25,30744.0,30749.75,818
2026-09-23 15:25:00-04:00,30749.5,30757.75,30745.5,30747.0,2378
2026-09-23 15:26:00-04:00,30747.5,30753.75,30745.0,30746.0,1696
2026-09-23 15:27:00-04:00,30746.25,30754.5,30744.75,30751.5,1376
2026-09-23 15:28:00-04:00,30751.5,30755.75,30749.25,30751.0,1047
2026-09-23 15:29:00-04:00,30750.75,30754.5,30748.25,30753.25,1058
2026-09-23 15:30:00-04:00,30753.5,30759.75,30747.0,30753.0,3332
2026-09-23 15:31:00-04:00,30752.75,30757.25,30749.25,30753.5,1261
2026-09-23 15:32:00-04:00,30753.75,30763.25,30753.0,30763.25,1855
2026-09-23 15:33:00-04:00,30763.0,30771.25,30761.0,30768.5,2845
2026-09-23 15:34:00-04:00,30768.75,30775.5,30767.75,30773.0,1948
2026-09-23 15:35:00-04:00,30772.5,30772.75,30761.0,30766.5,2708
2026-09-23 15:36:00-04:00,30766.75,30769.5,30764.5,30765.0,1365
2026-09-23 15:37:00-04:00,30764.75,30766.5,30758.75,30764.0,1793
2026-09-23 15:38:00-04:00,30764.5,30765.0,30756.5,30757.25,1584
2026-09-23 15:39:00-04:00,30757.25,30766.75,30756.5,30765.5,1610
2026-09-23 15:40:00-04:00,30765.5,30771.5,30763.5,30764.0,1775
2026-09-23 15:41:00-04:00,30764.25,30765.0,30755.0,30755.75,1665
2026-09-23 15:42:00-04:00,30755.75,30757.25,30736.75,30737.25,4459
2026-09-23 15:43:00-04:00,30738.0,30741.25,30728.75,30741.25,3974
2026-09-23 15:44:00-04:00,30741.5,30748.0,30737.75,30746.75,2624
2026-09-23 15:45:00-04:00,30747.0,30753.0,30743.75,30751.25,2701
2026-09-23 15:46:00-04:00,30751.25,30752.25,30742.5,30750.0,1703
2026-09-23 15:47:00-04:00,30750.75,30764.0,30750.5,30763.0,2761
2026-09-23 15:48:00-04:00,30763.25,30764.25,30757.0,30762.0,1803
2026-09-23 15:49:00-04:00,30762.5,30767.75,30759.75,30767.25,2201
2026-09-23 15:50:00-04:00,30767.75,30773.0,30727.75,30737.0,8401
2026-09-23 15:51:00-04:00,30736.5,30742.5,30721.0,30724.0,5149
2026-09-23 15:52:00-04:00,30723.5,30726.5,30711.5,30717.0,5701
2026-09-23 15:53:00-04:00,30717.5,30734.25,30715.25,30733.75,5059
2026-09-23 15:54:00-04:00,30733.5,30739.25,30719.0,30720.75,6976
2026-09-23 15:55:00-04:00,30720.5,30756.25,30720.5,30746.25,8646
2026-09-23 15:56:00-04:00,30746.25,30749.25,30736.5,30746.75,2571
2026-09-23 15:57:00-04:00,30746.75,30763.25,30744.75,30755.75,2898
2026-09-23 15:58:00-04:00,30755.75,30762.5,30752.5,30758.5,2673
2026-09-23 15:59:00-04:00,30758.75,30779.5,30747.5,30769.75,11534
2026-09-23 16:00:00-04:00,30770.0,30776.5,30765.75,30766.0,4779
2026-09-23 16:01:00-04:00,30766.25,30772.0,30763.0,30767.5,1768
2026-09-23 16:02:00-04:00,30767.0,30770.0,30764.0,30766.0,967
2026-09-23 16:03:00-04:00,30765.75,30769.75,30760.75,30765.25,1146
2026-09-23 16:04:00-04:00,30764.75,30765.75,30758.25,30762.5,1283
2026-09-23 16:05:00-04:00,30762.0,30764.0,30756.75,30760.75,972
2026-09-23 16:06:00-04:00,30760.75,30761.75,30755.75,30756.75,905
2026-09-23 16:07:00-04:00,30756.75,30759.25,30754.0,30756.75,796
2026-09-23 16:08:00-04:00,30757.5,30759.75,30754.5,30755.75,792
2026-09-23 16:09:00-04:00,30756.25,30763.5,30755.75,30761.5,958
2026-09-23 16:10:00-04:00,30761.25,30763.25,30757.0,30758.5,681
2026-09-23 16:11:00-04:00,30758.75,30762.0,30758.25,30760.0,378
2026-09-23 16:12:00-04:00,30760.0,30765.0,30758.75,30761.5,647
2026-09-23 16:13:00-04:00,30760.75,30761.75,30756.5,30757.5,552
2026-09-23 16:14:00-04:00,30758.0,30758.5,30751.5,30752.75,858
2026-09-23 16:15:00-04:00,30753.25,30754.5,30750.25,30754.0,759
2026-09-23 16:16:00-04:00,30754.0,30756.75,30752.5,30753.5,442
2026-09-23 16:17:00-04:00,30753.25,30758.5,30752.5,30757.25,327
2026-09-23 16:18:00-04:00,30757.25,30760.25,30754.25,30759.25,425
2026-09-23 16:19:00-04:00,30759.25,30760.25,30758.0,30759.5,200
2026-09-23 16:20:00-04:00,30760.0,30761.25,30757.75,30759.5,410
2026-09-23 16:21:00-04:00,30759.0,30763.75,30758.0,30761.75,418
2026-09-23 16:22:00-04:00,30762.0,30763.0,30760.5,30761.25,259
2026-09-23 16:23:00-04:00,30761.25,30764.5,30761.0,30762.0,261
2026-09-23 16:24:00-04:00,30762.0,30764.0,30761.5,30763.25,172
2026-09-23 16:25:00-04:00,30763.25,30763.75,30761.5,30762.5,253
2026-09-23 16:26:00-04:00,30763.0,30765.5,30760.75,30763.5,404
2026-09-23 16:27:00-04:00,30764.0,30764.75,30763.0,30763.25,175
2026-09-23 16:28:00-04:00,30763.0,30763.5,30758.0,30758.5,495
2026-09-23 16:29:00-04:00,30758.5,30764.0,30757.5,30763.5,384
2026-09-23 16:30:00-04:00,30763.25,30766.25,30761.75,30766.0,310
2026-09-23 16:31:00-04:00,30765.75,30767.0,30763.5,30766.0,267
2026-09-23 16:32:00-04:00,30766.25,30769.0,30764.75,30765.0,429
2026-09-23 16:33:00-04:00,30765.0,30765.25,30760.25,30761.75,316
2026-09-23 16:34:00-04:00,30761.5,30762.25,30760.0,30761.25,251
2026-09-23 16:35:00-04:00,30761.5,30763.0,30760.0,30760.25,291
2026-09-23 16:36:00-04:00,30760.25,30762.75,30760.0,30762.0,173
2026-09-23 16:37:00-04:00,30762.75,30768.75,30762.0,30768.75,538
2026-09-23 16:38:00-04:00,30767.75,30770.75,30767.75,30769.25,328
2026-09-23 16:39:00-04:00,30769.75,30772.75,30769.75,30771.0,262
2026-09-23 16:40:00-04:00,30770.5,30773.25,30770.5,30771.75,351
2026-09-23 16:41:00-04:00,30772.0,30773.0,30769.0,30770.75,379
2026-09-23 16:46:00-04:00,30772.5,30774.5,30772.5,30774.0,1881
2026-09-23 16:47:00-04:00,30774.0,30774.25,30771.0,30771.75,540
2026-09-23 16:48:00-04:00,30771.25,30771.75,30768.75,30769.0,219
2026-09-23 16:49:00-04:00,30768.75,30771.5,30768.0,30768.25,307
2026-09-23 16:50:00-04:00,30768.5,30772.5,30768.0,30770.25,427
2026-09-23 16:51:00-04:00,30770.0,30773.0,30770.0,30772.25,116
2026-09-23 16:52:00-04:00,30771.75,30772.0,30769.75,30770.0,176
2026-09-23 16:53:00-04:00,30770.5,30774.0,30769.75,30773.25,207
2026-09-23 16:54:00-04:00,30773.25,30775.5,30772.0,30773.0,365
2026-09-23 16:55:00-04:00,30773.5,30776.0,30771.5,30773.5,460
2026-09-23 16:56:00-04:00,30772.25,30773.5,30770.75,30773.25,123
2026-09-23 16:57:00-04:00,30772.75,30774.0,30772.0,30772.75,101
2026-09-23 16:58:00-04:00,30773.25,30774.25,30770.5,30771.0,122
2026-09-23 16:59:00-04:00,30771.75,30777.0,30768.0,30775.5,463
2026-09-23 17:00:00-04:00,30776.0,30776.0,30776.0,30776.0,1
2026-09-23 18:00:00-04:00,30780.0,30805.25,30778.25,30801.75,0
2026-09-23 18:01:00-04:00,30801.5,30805.75,30787.25,30798.25,1345
2026-09-23 18:02:00-04:00,30798.75,30805.0,30791.75,30802.25,855
2026-09-23 18:03:00-04:00,30801.75,30805.5,30796.25,30798.0,591
2026-09-23 18:04:00-04:00,30797.5,30798.5,30790.5,30793.0,484
2026-09-23 18:05:00-04:00,30792.0,30798.0,30777.25,30792.75,1351
2026-09-23 18:06:00-04:00,30792.75,30804.75,30787.25,30803.5,1055
2026-09-23 18:07:00-04:00,30803.25,30808.75,30799.0,30800.0,727
2026-09-23 18:08:00-04:00,30801.0,30802.0,30796.75,30801.25,427
2026-09-23 18:09:00-04:00,30802.0,30805.0,30799.0,30804.0,492
2026-09-23 18:10:00-04:00,30805.0,30806.0,30801.0,30805.0,334
2026-09-23 18:11:00-04:00,30804.5,30804.75,30801.0,30802.5,189
2026-09-23 18:12:00-04:00,30801.5,30803.0,30799.0,30802.0,297
2026-09-23 18:13:00-04:00,30802.5,30806.0,30801.5,30805.0,297
2026-09-23 18:14:00-04:00,30805.0,30806.25,30804.0,30805.25,218
2026-09-23 18:15:00-04:00,30804.75,30814.25,30804.75,30812.0,1277
2026-09-23 18:16:00-04:00,30811.0,30812.75,30801.5,30804.25,931
2026-09-23 18:17:00-04:00,30803.5,30805.25,30799.75,30799.75,522
2026-09-23 18:18:00-04:00,30800.0,30802.0,30798.0,30799.0,335
2026-09-23 18:19:00-04:00,30799.75,30799.75,30791.0,30792.75,919
2026-09-23 18:20:00-04:00,30792.75,30795.5,30789.75,30794.5,554
2026-09-23 18:21:00-04:00,30794.5,30795.5,30786.5,30788.25,546
2026-09-23 18:22:00-04:00,30788.25,30791.75,30786.0,30791.25,462
2026-09-23 18:23:00-04:00,30791.0,30794.75,30790.25,30792.0,414
2026-09-23 18:24:00-04:00,30792.0,30793.75,30791.0,30793.5,159
2026-09-23 18:25:00-04:00,30793.25,30794.0,30788.5,30792.5,423
2026-09-23 18:26:00-04:00,30792.75,30794.0,30788.25,30789.0,306
2026-09-23 18:27:00-04:00,30789.0,30792.25,30787.0,30790.5,505
2026-09-23 18:28:00-04:00,30791.0,30791.0,30782.0,30784.75,518
2026-09-23 18:29:00-04:00,30784.5,30787.25,30783.5,30786.0,387
2026-09-23 18:30:00-04:00,30786.0,30790.0,30780.75,30784.25,771
2026-09-23 18:31:00-04:00,30784.25,30786.25,30782.75,30784.75,167
2026-09-23 18:32:00-04:00,30784.75,30801.75,30784.5,30798.5,1207
2026-09-23 18:33:00-04:00,30798.5,30798.5,30791.75,30791.75,424
2026-09-23 18:34:00-04:00,30792.25,30793.25,30787.0,30790.75,436
2026-09-23 18:35:00-04:00,30791.5,30791.5,30780.0,30782.5,637
2026-09-23 18:36:00-04:00,30783.5,30784.0,30779.75,30782.25,506
2026-09-23 18:37:00-04:00,30782.75,30785.75,30781.0,30785.0,310
2026-09-23 18:38:00-04:00,30785.25,30788.75,30782.0,30784.75,321
2026-09-23 18:39:00-04:00,30785.5,30789.0,30784.5,30786.75,345
2026-09-23 18:40:00-04:00,30786.0,30790.5,30783.5,30789.25,385
2026-09-23 18:41:00-04:00,30789.25,30790.25,30787.25,30788.0,162
2026-09-23 18:42:00-04:00,30788.25,30797.0,30788.0,30796.25,652
2026-09-23 18:43:00-04:00,30796.5,30798.5,30795.0,30796.75,500
2026-09-23 18:44:00-04:00,30796.25,30798.75,30795.0,30795.25,266
2026-09-23 18:45:00-04:00,30795.5,30796.0,30792.75,30794.5,345
2026-09-23 18:46:00-04:00,30794.25,30795.0,30788.25,30792.0,372
2026-09-23 18:47:00-04:00,30792.0,30799.0,30792.0,30795.75,552
2026-09-23 18:48:00-04:00,30795.75,30797.75,30794.5,30794.5,147
2026-09-23 18:49:00-04:00,30795.25,30797.75,30793.25,30796.0,181
2026-09-23 18:50:00-04:00,30797.0,30799.75,30795.75,30797.5,284
2026-09-23 18:51:00-04:00,30797.5,30799.0,30796.25,30798.5,147
2026-09-23 18:52:00-04:00,30798.75,30801.75,30795.75,30797.0,470
2026-09-23 18:53:00-04:00,30796.75,30798.75,30794.5,30794.75,382
2026-09-23 18:54:00-04:00,30794.5,30795.25,30791.75,30794.75,276
2026-09-23 18:55:00-04:00,30795.0,30796.25,30792.0,30792.75,221
2026-09-23 18:56:00-04:00,30793.0,30794.0,30791.0,30793.0,119
2026-09-23 18:57:00-04:00,30793.25,30793.5,30791.75,30792.75,101
2026-09-23 18:58:00-04:00,30793.5,30794.5,30792.5,30793.75,118
2026-09-23 18:59:00-04:00,30794.0,30795.0,30793.0,30794.5,104
2026-09-23 19:00:00-04:00,30794.0,30794.75,30791.5,30792.75,179
2026-09-23 19:01:00-04:00,30793.25,30797.75,30791.5,30791.5,329
2026-09-23 19:02:00-04:00,30791.5,30797.5,30790.0,30796.5,398
2026-09-23 19:03:00-04:00,30796.75,30797.5,30795.5,30796.5,185
2026-09-23 19:04:00-04:00,30797.0,30800.0,30795.75,30796.25,302
2026-09-23 19:05:00-04:00,30796.5,30796.5,30791.0,30793.5,261
2026-09-23 19:06:00-04:00,30793.75,30794.75,30793.0,30793.5,111
2026-09-23 19:07:00-04:00,30794.5,30794.5,30792.5,30793.5,54
2026-09-23 19:08:00-04:00,30794.0,30794.25,30792.0,30793.5,98
2026-09-23 19:09:00-04:00,30793.25,30795.75,30793.25,30795.0,92
2026-09-23 19:10:00-04:00,30794.5,30795.5,30791.25,30791.75,187
2026-09-23 19:11:00-04:00,30792.0,30792.75,30789.75,30791.0,188
2026-09-23 19:12:00-04:00,30791.75,30793.75,30787.75,30791.25,281
2026-09-23 19:13:00-04:00,30790.25,30790.25,30783.5,30785.25,729
2026-09-23 19:14:00-04:00,30785.25,30788.25,30785.0,30786.75,248
2026-09-23 19:15:00-04:00,30786.25,30792.5,30785.25,30790.75,544
2026-09-23 19:16:00-04:00,30791.0,30792.25,30786.0,30787.0,283
2026-09-23 19:17:00-04:00,30787.25,30788.0,30782.5,30785.25,467
2026-09-23 19:18:00-04:00,30785.5,30786.75,30783.0,30784.25,289
2026-09-23 19:19:00-04:00,30784.75,30785.75,30766.25,30782.25,1825
2026-09-23 19:20:00-04:00,30782.0,30784.0,30777.25,30780.0,923
2026-09-23 19:21:00-04:00,30780.25,30780.5,30770.0,30773.25,1189
2026-09-23 19:22:00-04:00,30772.5,30774.25,30768.25,30772.75,703
2026-09-23 19:23:00-04:00,30773.0,30774.5,30769.25,30770.0,521
2026-09-23 19:24:00-04:00,30769.75,30771.75,30769.0,30771.0,364
2026-09-23 19:25:00-04:00,30771.25,30774.25,30770.25,30770.5,521
2026-09-23 19:26:00-04:00,30770.25,30771.5,30768.25,30770.5,434
2026-09-23 19:27:00-04:00,30770.5,30771.5,30763.5,30769.25,1226
2026-09-23 19:28:00-04:00,30769.25,30772.25,30768.0,30771.5,484
2026-09-23 19:29:00-04:00,30771.25,30772.0,30768.25,30770.5,230
2026-09-23 19:30:00-04:00,30771.0,30772.75,30769.5,30772.0,278
2026-09-23 19:31:00-04:00,30772.0,30772.0,30766.0,30767.0,427
2026-09-23 19:32:00-04:00,30767.0,30768.5,30766.0,30768.5,305
2026-09-23 19:33:00-04:00,30768.75,30769.75,30767.0,30768.25,240
2026-09-23 19:34:00-04:00,30767.5,30771.5,30760.75,30768.25,973
2026-09-23 19:35:00-04:00,30768.75,30770.75,30767.75,30768.0,349
2026-09-23 19:36:00-04:00,30767.25,30768.25,30761.5,30766.25,588
2026-09-23 19:37:00-04:00,30766.25,30772.5,30766.0,30771.0,444
2026-09-23 19:38:00-04:00,30771.5,30773.0,30769.5,30772.25,292
2026-09-23 19:39:00-04:00,30772.25,30774.5,30770.75,30771.5,570
2026-09-23 19:40:00-04:00,30771.25,30777.0,30771.25,30774.5,944
2026-09-23 19:41:00-04:00,30775.0,30776.0,30771.5,30772.5,219
2026-09-23 19:42:00-04:00,30772.5,30773.75,30762.75,30763.0,784
2026-09-23 19:43:00-04:00,30763.0,30765.5,30753.0,30762.5,1257
2026-09-23 19:44:00-04:00,30762.5,30767.5,30762.0,30766.75,452
2026-09-23 19:45:00-04:00,30767.5,30771.75,30756.75,30761.0,1125
2026-09-23 19:46:00-04:00,30761.5,30761.5,30756.5,30758.75,643
2026-09-23 19:47:00-04:00,30759.5,30764.75,30759.5,30760.0,377
2026-09-23 19:48:00-04:00,30759.75,30764.75,30759.0,30762.75,378
2026-09-23 19:49:00-04:00,30762.75,30762.75,30753.5,30754.25,833
2026-09-23 19:50:00-04:00,30753.75,30756.0,30744.0,30751.75,1771
2026-09-23 19:51:00-04:00,30752.25,30757.25,30750.0,30757.0,575
2026-09-23 19:52:00-04:00,30757.25,30768.25,30756.75,30761.75,1253
2026-09-23 19:53:00-04:00,30762.25,30767.5,30760.5,30764.0,485
2026-09-23 19:54:00-04:00,30763.75,30770.0,30763.5,30766.5,608
2026-09-23 19:55:00-04:00,30766.75,30766.75,30758.75,30761.25,570
2026-09-23 19:56:00-04:00,30761.5,30762.25,30758.75,30761.25,383
2026-09-23 19:57:00-04:00,30760.25,30762.75,30754.0,30758.75,425
2026-09-23 19:58:00-04:00,30758.25,30759.75,30754.25,30755.0,282
2026-09-23 19:59:00-04:00,30756.0,30759.5,30752.5,30753.5,490
2026-09-23 20:00:00-04:00,30753.5,30761.0,30751.0,30754.75,1050
2026-09-23 20:01:00-04:00,30755.25,30755.75,30745.5,30749.0,1298
2026-09-23 20:02:00-04:00,30748.75,30754.5,30747.0,30751.0,724
2026-09-23 20:03:00-04:00,30750.5,30757.5,30748.25,30752.75,794
2026-09-23 20:04:00-04:00,30752.25,30756.75,30739.5,30755.0,1625
2026-09-23 20:05:00-04:00,30755.0,30756.75,30746.5,30748.5,851
2026-09-23 20:06:00-04:00,30749.0,30751.75,30746.0,30748.0,678
2026-09-23 20:07:00-04:00,30747.5,30752.75,30745.0,30748.75,655
2026-09-23 20:08:00-04:00,30748.0,30749.5,30744.0,30747.0,571
2026-09-23 20:09:00-04:00,30747.75,30747.75,30742.25,30744.5,648
2026-09-23 20:10:00-04:00,30744.0,30745.25,30733.5,30738.0,1534
2026-09-23 20:11:00-04:00,30738.0,30738.0,30723.75,30724.5,1915
2026-09-23 20:12:00-04:00,30724.75,30739.75,30721.0,30731.5,2767
2026-09-23 20:13:00-04:00,30732.0,30735.5,30728.0,30732.0,796
2026-09-23 20:14:00-04:00,30732.25,30733.75,30724.0,30728.5,923
2026-09-23 20:15:00-04:00,30728.5,30738.5,30725.75,30733.75,1363
2026-09-23 20:16:00-04:00,30734.0,30744.25,30729.75,30741.25,1391
2026-09-23 20:17:00-04:00,30741.75,30743.0,30737.0,30739.25,678
2026-09-23 20:18:00-04:00,30738.5,30741.25,30735.5,30740.75,517
2026-09-23 20:19:00-04:00,30741.5,30747.5,30739.5,30745.75,934
2026-09-23 20:20:00-04:00,30744.75,30750.25,30740.25,30747.25,1351
2026-09-23 20:21:00-04:00,30747.5,30747.5,30739.5,30739.75,684
2026-09-23 20:22:00-04:00,30739.75,30742.0,30726.5,30729.0,1363
2026-09-23 20:23:00-04:00,30729.0,30732.5,30727.0,30728.0,798
2026-09-23 20:24:00-04:00,30728.0,30736.5,30727.25,30734.25,688
2026-09-23 20:25:00-04:00,30733.5,30737.0,30728.5,30732.5,765
2026-09-23 20:26:00-04:00,30732.5,30734.0,30730.25,30733.0,316
2026-09-23 20:27:00-04:00,30732.75,30735.0,30730.25,30732.0,346
2026-09-23 20:28:00-04:00,30732.25,30733.5,30728.0,30731.5,378
2026-09-23 20:29:00-04:00,30731.5,30737.5,30730.5,30735.0,446
2026-09-23 20:30:00-04:00,30734.75,30737.0,30729.25,30735.75,499
2026-09-23 20:31:00-04:00,30735.25,30749.5,30733.5,30748.25,1278
2026-09-23 20:32:00-04:00,30747.5,30747.5,30739.0,30741.5,865
2026-09-23 20:33:00-04:00,30741.75,30746.0,30739.75,30744.25,518
2026-09-23 20:34:00-04:00,30744.25,30746.5,30740.0,30746.5,307
2026-09-23 20:35:00-04:00,30746.25,30747.0,30739.0,30739.75,495
2026-09-23 20:36:00-04:00,30739.75,30743.75,30738.25,30740.75,443
2026-09-23 20:37:00-04:00,30740.25,30740.25,30734.0,30735.25,637
2026-09-23 20:38:00-04:00,30735.25,30741.0,30733.75,30737.75,682
2026-09-23 20:39:00-04:00,30737.75,30738.75,30735.25,30736.5,202
2026-09-23 20:40:00-04:00,30736.0,30736.25,30726.25,30733.0,936
2026-09-23 20:41:00-04:00,30733.25,30736.25,30726.75,30728.0,697
2026-09-23 20:42:00-04:00,30728.0,30730.5,30725.5,30727.5,531
2026-09-23 20:43:00-04:00,30727.5,30728.75,30715.0,30721.75,1448
2026-09-23 20:44:00-04:00,30721.5,30723.25,30718.0,30721.25,1185
2026-09-23 20:45:00-04:00,30722.25,30722.5,30712.75,30719.5,1742
2026-09-23 20:46:00-04:00,30719.25,30721.75,30713.75,30715.25,813
2026-09-23 20:47:00-04:00,30715.25,30715.25,30706.5,30707.5,1280
2026-09-23 20:48:00-04:00,30707.5,30712.25,30705.5,30706.25,1636
2026-09-23 20:49:00-04:00,30706.5,30718.25,30706.25,30715.75,1466
2026-09-23 20:50:00-04:00,30716.0,30721.0,30712.5,30712.75,1326
2026-09-23 20:51:00-04:00,30712.75,30715.25,30710.5,30711.0,722
2026-09-23 20:52:00-04:00,30711.0,30713.0,30703.5,30711.0,1043
2026-09-23 20:53:00-04:00,30710.75,30711.25,30704.75,30706.0,565
2026-09-23 20:54:00-04:00,30706.0,30708.5,30704.25,30708.25,734
2026-09-23 20:55:00-04:00,30708.0,30716.75,30706.5,30714.0,1067
2026-09-23 20:56:00-04:00,30714.5,30723.25,30710.0,30718.5,1356
2026-09-23 20:57:00-04:00,30719.0,30730.75,30718.25,30725.25,1641
2026-09-23 20:58:00-04:00,30726.0,30729.5,30724.25,30727.25,513
2026-09-23 20:59:00-04:00,30728.0,30731.5,30723.5,30725.75,998
2026-09-23 21:00:00-04:00,30726.25,30733.75,30723.25,30733.5,1330
2026-09-23 21:01:00-04:00,30732.75,30740.5,30731.0,30738.75,2017
2026-09-23 21:02:00-04:00,30739.0,30741.75,30736.5,30741.25,963
2026-09-23 21:03:00-04:00,30741.25,30744.75,30736.75,30742.25,1288
2026-09-23 21:04:00-04:00,30741.75,30744.0,30736.75,30742.25,815
2026-09-23 21:05:00-04:00,30742.0,30743.5,30730.0,30730.75,1295
2026-09-23 21:06:00-04:00,30730.25,30754.5,30730.25,30746.0,2195
2026-09-23 21:07:00-04:00,30746.0,30758.5,30744.0,30756.5,1872
2026-09-23 21:08:00-04:00,30756.0,30756.5,30751.25,30753.25,909
2026-09-23 21:09:00-04:00,30753.5,30754.5,30748.75,30750.25,799
2026-09-23 21:10:00-04:00,30750.0,30750.5,30742.0,30746.5,972
2026-09-23 21:11:00-04:00,30746.25,30749.75,30739.75,30740.25,964
2026-09-23 21:12:00-04:00,30740.5,30749.0,30737.5,30747.0,786
2026-09-23 21:13:00-04:00,30747.5,30752.75,30747.0,30750.75,614
2026-09-23 21:14:00-04:00,30751.25,30756.0,30750.25,30754.5,696
2026-09-23 21:15:00-04:00,30754.25,30755.0,30744.0,30748.25,1083
2026-09-23 21:16:00-04:00,30748.75,30753.0,30744.0,30751.25,629
2026-09-23 21:17:00-04:00,30752.0,30752.0,30744.0,30744.75,456
2026-09-23 21:18:00-04:00,30745.0,30748.5,30743.0,30747.5,529
2026-09-23 21:19:00-04:00,30747.25,30753.25,30745.25,30748.25,403
2026-09-23 21:20:00-04:00,30748.25,30751.5,30746.25,30749.75,344
2026-09-23 21:21:00-04:00,30749.5,30750.5,30744.5,30745.25,483
2026-09-23 21:22:00-04:00,30745.0,30750.0,30741.75,30745.5,624
2026-09-23 21:23:00-04:00,30745.5,30747.5,30743.5,30744.75,274
2026-09-23 21:24:00-04:00,30745.0,30749.0,30740.75,30742.25,445
2026-09-23 21:25:00-04:00,30742.75,30743.5,30734.5,30740.75,1328
2026-09-23 21:26:00-04:00,30740.75,30746.0,30739.75,30743.25,616
2026-09-23 21:27:00-04:00,30743.75,30746.25,30737.5,30739.25,563
2026-09-23 21:28:00-04:00,30739.75,30740.0,30733.5,30735.75,533
2026-09-23 21:29:00-04:00,30736.0,30737.5,30732.5,30737.5,543
2026-09-23 21:30:00-04:00,30737.75,30749.25,30732.75,30748.75,1137
2026-09-23 21:31:00-04:00,30748.25,30751.0,30741.5,30749.75,1070
2026-09-23 21:32:00-04:00,30750.0,30760.75,30746.5,30755.25,1752
2026-09-23 21:33:00-04:00,30755.0,30756.0,30748.75,30749.5,853
2026-09-23 21:34:00-04:00,30750.0,30760.0,30749.5,30755.75,1042
2026-09-23 21:35:00-04:00,30755.75,30760.25,30747.75,30749.25,1339
2026-09-23 21:36:00-04:00,30750.75,30751.5,30742.75,30748.75,973
2026-09-23 21:37:00-04:00,30748.75,30756.25,30748.5,30749.5,726
2026-09-23 21:38:00-04:00,30750.0,30752.0,30747.25,30749.5,423
2026-09-23 21:39:00-04:00,30749.5,30751.75,30745.0,30748.0,643
2026-09-23 21:40:00-04:00,30748.5,30749.25,30742.75,30744.5,583
2026-09-23 21:41:00-04:00,30745.0,30757.5,30744.0,30753.0,925
2026-09-23 21:42:00-04:00,30753.0,30755.25,30748.0,30749.5,436
2026-09-23 21:43:00-04:00,30750.0,30752.0,30737.0,30738.75,1294
2026-09-23 21:44:00-04:00,30739.0,30741.0,30735.25,30735.25,829
2026-09-23 21:45:00-04:00,30735.0,30739.0,30725.25,30734.0,1793
2026-09-23 21:46:00-04:00,30734.75,30736.5,30725.75,30726.5,1147
2026-09-23 21:47:00-04:00,30726.0,30726.5,30720.5,30725.0,1556
2026-09-23 21:48:00-04:00,30725.25,30727.25,30719.5,30726.5,1195
2026-09-23 21:49:00-04:00,30726.75,30731.75,30723.25,30728.0,904
2026-09-23 21:50:00-04:00,30728.0,30730.75,30713.5,30715.75,2104
2026-09-23 21:51:00-04:00,30715.25,30729.5,30715.25,30728.75,1058
2026-09-23 21:52:00-04:00,30728.25,30740.75,30728.25,30738.0,1838
2026-09-23 21:53:00-04:00,30738.25,30746.5,30737.5,30745.5,1090
2026-09-23 21:54:00-04:00,30745.5,30747.0,30733.5,30737.75,1165
2026-09-23 21:55:00-04:00,30737.75,30738.75,30730.5,30736.5,904
2026-09-23 21:56:00-04:00,30736.75,30739.0,30735.0,30736.0,369
2026-09-23 21:57:00-04:00,30736.75,30738.75,30733.5,30735.25,481
2026-09-23 21:58:00-04:00,30735.0,30743.5,30733.75,30743.5,545
2026-09-23 21:59:00-04:00,30743.75,30745.5,30740.0,30743.75,520
2026-09-23 22:00:00-04:00,30743.25,30751.0,30740.75,30741.25,1107
2026-09-23 22:01:00-04:00,30741.25,30743.75,30739.0,30743.25,534
2026-09-23 22:02:00-04:00,30743.25,30745.75,30741.25,30741.75,382
2026-09-23 22:03:00-04:00,30742.25,30743.25,30734.25,30736.75,731
2026-09-23 22:04:00-04:00,30737.0,30739.0,30730.75,30732.0,694
2026-09-23 22:05:00-04:00,30732.25,30732.25,30725.0,30726.5,914
2026-09-23 22:06:00-04:00,30726.75,30727.0,30716.25,30717.25,1432
2026-09-23 22:07:00-04:00,30717.0,30720.0,30714.25,30716.5,663
2026-09-23 22:08:00-04:00,30717.0,30717.75,30709.0,30710.75,1222
2026-09-23 22:09:00-04:00,30711.0,30715.25,30709.25,30714.0,874
2026-09-23 22:10:00-04:00,30714.5,30720.25,30713.75,30719.0,929
2026-09-23 22:11:00-04:00,30718.5,30718.5,30713.25,30717.5,519
2026-09-23 22:12:00-04:00,30717.25,30725.25,30715.5,30722.5,795
2026-09-23 22:13:00-04:00,30723.25,30728.75,30722.0,30727.5,583
2026-09-23 22:14:00-04:00,30728.0,30728.5,30724.25,30725.0,365
2026-09-23 22:15:00-04:00,30725.0,30740.0,30724.25,30735.5,2095
2026-09-23 22:16:00-04:00,30736.0,30741.5,30735.0,30737.5,746
2026-09-23 22:17:00-04:00,30737.25,30739.75,30735.75,30737.0,301
2026-09-23 22:18:00-04:00,30737.5,30740.75,30735.0,30738.5,480
2026-09-23 22:19:00-04:00,30738.75,30742.5,30738.25,30739.0,555
2026-09-23 22:20:00-04:00,30738.75,30739.25,30735.25,30735.25,278
2026-09-23 22:21:00-04:00,30735.25,30737.5,30733.5,30736.25,520
2026-09-23 22:22:00-04:00,30736.0,30736.25,30729.75,30733.25,589
2026-09-23 22:23:00-04:00,30733.75,30734.75,30730.5,30733.0,350
2026-09-23 22:24:00-04:00,30733.25,30735.5,30731.25,30734.0,317
2026-09-23 22:25:00-04:00,30734.0,30736.0,30731.0,30731.5,433
2026-09-23 22:26:00-04:00,30731.5,30732.75,30728.75,30730.25,506
2026-09-23 22:27:00-04:00,30730.0,30731.0,30725.25,30726.5,511
2026-09-23 22:28:00-04:00,30726.75,30730.0,30724.25,30726.25,485
2026-09-23 22:29:00-04:00,30726.0,30735.5,30725.75,30729.25,745
2026-09-23 22:30:00-04:00,30729.0,30737.75,30726.5,30733.5,891
2026-09-23 22:31:00-04:00,30734.25,30737.0,30731.5,30734.5,408
2026-09-23 22:32:00-04:00,30734.5,30745.75,30733.75,30741.0,1048
2026-09-23 22:33:00-04:00,30741.0,30744.0,30738.25,30739.25,437
2026-09-23 22:34:00-04:00,30739.75,30743.0,30739.0,30740.5,327
2026-09-23 22:35:00-04:00,30740.5,30741.5,30738.0,30740.0,258
2026-09-23 22:36:00-04:00,30739.25,30741.75,30737.0,30740.25,322
2026-09-23 22:37:00-04:00,30739.5,30744.25,30735.25,30743.75,429
2026-09-23 22:38:00-04:00,30743.75,30747.25,30741.25,30742.25,467
2026-09-23 22:39:00-04:00,30742.0,30742.75,30737.5,30738.0,339
2026-09-23 22:40:00-04:00,30738.25,30747.0,30737.5,30744.75,403
2026-09-23 22:41:00-04:00,30744.5,30745.75,30743.0,30744.25,211
2026-09-23 22:42:00-04:00,30744.75,30747.0,30743.75,30744.5,230
2026-09-23 22:43:00-04:00,30744.25,30745.0,30741.0,30741.0,263
2026-09-23 22:44:00-04:00,30741.5,30745.25,30740.5,30745.0,169
2026-09-23 22:45:00-04:00,30745.25,30747.75,30743.75,30744.0,550
2026-09-23 22:46:00-04:00,30744.0,30744.25,30741.25,30741.75,234
2026-09-23 22:47:00-04:00,30741.75,30744.5,30741.5,30744.25,143
2026-09-23 22:48:00-04:00,30744.5,30745.0,30742.75,30744.0,174
2026-09-23 22:49:00-04:00,30743.25,30743.5,30738.75,30743.0,318
2026-09-23 22:50:00-04:00,30743.5,30744.0,30741.5,30742.5,115
2026-09-23 22:51:00-04:00,30743.25,30743.75,30738.0,30738.0,178
2026-09-23 22:52:00-04:00,30738.75,30740.25,30737.75,30739.25,201
2026-09-23 22:53:00-04:00,30739.0,30740.0,30737.5,30738.5,111
2026-09-23 22:54:00-04:00,30738.5,30744.5,30737.25,30743.75,282
2026-09-23 22:55:00-04:00,30743.25,30747.25,30741.75,30744.5,443
2026-09-23 22:56:00-04:00,30744.5,30745.25,30743.0,30743.5,198
2026-09-23 22:57:00-04:00,30743.5,30744.75,30739.25,30739.25,286
2026-09-23 22:58:00-04:00,30739.75,30743.75,30739.0,30741.75,302
2026-09-23 22:59:00-04:00,30742.25,30743.0,30740.75,30741.75,105
2026-09-23 23:00:00-04:00,30740.75,30740.75,30734.0,30736.75,774
2026-09-23 23:01:00-04:00,30737.0,30742.0,30735.75,30739.0,300
2026-09-23 23:02:00-04:00,30738.25,30740.25,30736.25,30736.5,178
2026-09-23 23:03:00-04:00,30736.25,30737.5,30734.75,30735.5,181
2026-09-23 23:04:00-04:00,30735.75,30736.0,30730.75,30735.0,635
2026-09-23 23:05:00-04:00,30734.75,30735.0,30730.5,30731.0,280
2026-09-23 23:06:00-04:00,30731.75,30732.0,30722.5,30722.5,1002
2026-09-23 23:07:00-04:00,30723.5,30724.5,30715.75,30716.0,1367
2026-09-23 23:08:00-04:00,30717.25,30718.0,30708.25,30712.0,1192
2026-09-23 23:09:00-04:00,30712.0,30714.75,30706.0,30710.5,1040
2026-09-23 23:10:00-04:00,30710.5,30711.5,30703.75,30708.5,1018
2026-09-23 23:11:00-04:00,30708.5,30712.75,30706.0,30712.0,663
2026-09-23 23:12:00-04:00,30712.0,30712.25,30706.25,30711.5,562
2026-09-23 23:13:00-04:00,30711.0,30717.25,30710.0,30715.5,682
2026-09-23 23:14:00-04:00,30715.25,30720.25,30713.0,30719.25,620
2026-09-23 23:15:00-04:00,30719.25,30722.0,30715.25,30715.75,753
2026-09-23 23:16:00-04:00,30716.25,30718.0,30710.5,30714.25,717
2026-09-23 23:17:00-04:00,30714.0,30720.5,30713.0,30720.0,486
2026-09-23 23:18:00-04:00,30719.75,30722.25,30718.25,30720.5,417
2026-09-23 23:19:00-04:00,30720.75,30723.25,30716.75,30717.25,439
2026-09-23 23:20:00-04:00,30717.75,30721.0,30716.75,30718.75,278
2026-09-23 23:21:00-04:00,30718.75,30719.75,30710.75,30713.5,560
2026-09-23 23:22:00-04:00,30714.0,30719.25,30713.25,30715.0,485
2026-09-23 23:23:00-04:00,30714.75,30715.25,30710.75,30712.25,486
2026-09-23 23:24:00-04:00,30712.5,30715.0,30711.5,30715.0,288
2026-09-23 23:25:00-04:00,30714.75,30720.0,30704.5,30706.5,992
2026-09-23 23:26:00-04:00,30706.25,30709.0,30698.0,30708.25,1484
2026-09-23 23:27:00-04:00,30708.75,30708.75,30702.75,30706.25,386
2026-09-23 23:28:00-04:00,30706.25,30710.75,30705.5,30708.0,413
2026-09-23 23:29:00-04:00,30707.0,30708.5,30703.75,30706.25,261
2026-09-23 23:30:00-04:00,30706.25,30707.0,30698.75,30701.0,773
2026-09-23 23:31:00-04:00,30700.75,30707.5,30698.5,30706.5,703
2026-09-23 23:32:00-04:00,30706.75,30707.0,30702.75,30706.75,276
2026-09-23 23:33:00-04:00,30706.5,30707.5,30703.75,30704.0,257
2026-09-23 23:34:00-04:00,30704.5,30708.75,30702.0,30703.5,343
2026-09-23 23:35:00-04:00,30703.75,30704.5,30702.0,30703.0,182
2026-09-23 23:36:00-04:00,30702.5,30705.75,30700.75,30703.25,428
2026-09-23 23:37:00-04:00,30703.5,30704.0,30700.25,30702.0,292
2026-09-23 23:38:00-04:00,30702.5,30705.75,30698.5,30705.0,431
2026-09-23 23:39:00-04:00,30705.0,30707.25,30703.25,30706.75,458
2026-09-23 23:40:00-04:00,30706.75,30707.0,30701.75,30702.5,310
2026-09-23 23:41:00-04:00,30702.25,30704.75,30701.75,30702.25,200
2026-09-23 23:42:00-04:00,30701.75,30702.5,30694.75,30698.25,775
2026-09-23 23:43:00-04:00,30698.75,30701.0,30695.0,30696.75,527
2026-09-23 23:44:00-04:00,30696.5,30696.5,30687.75,30692.0,1910
2026-09-23 23:45:00-04:00,30692.75,30695.75,30690.0,30695.25,513
2026-09-23 23:46:00-04:00,30695.5,30699.25,30693.0,30696.25,574
2026-09-23 23:47:00-04:00,30696.25,30698.25,30693.75,30697.25,209
2026-09-23 23:48:00-04:00,30697.0,30702.25,30696.75,30699.75,443
2026-09-23 23:49:00-04:00,30700.0,30705.0,30698.5,30703.0,579
2026-09-23 23:50:00-04:00,30703.25,30704.75,30701.75,30703.75,306
2026-09-23 23:51:00-04:00,30703.75,30708.25,30698.0,30699.5,816
2026-09-23 23:52:00-04:00,30699.25,30702.25,30696.5,30698.25,425
2026-09-23 23:53:00-04:00,30698.0,30703.0,30696.5,30703.0,395
2026-09-23 23:54:00-04:00,30702.75,30705.5,30702.0,30705.25,311
2026-09-23 23:55:00-04:00,30705.25,30709.75,30702.25,30704.75,754
2026-09-23 23:56:00-04:00,30704.0,30706.5,30701.0,30705.25,420
2026-09-23 23:57:00-04:00,30705.5,30705.5,30699.75,30701.0,337
2026-09-23 23:58:00-04:00,30701.75,30705.25,30699.5,30704.75,283
2026-09-24 00:09:00-04:00,30660.5,30668.75,30660.5,30663.75,631
2026-09-24 00:10:00-04:00,30664.5,30666.25,30663.5,30665.0,335
2026-09-24 00:11:00-04:00,30665.0,30670.0,30663.25,30666.75,529
2026-09-24 00:12:00-04:00,30667.0,30669.0,30660.75,30660.75,746
2026-09-24 00:13:00-04:00,30660.5,30661.5,30653.25,30655.0,1249
2026-09-24 00:14:00-04:00,30654.75,30660.25,30653.75,30658.75,649
2026-09-24 00:15:00-04:00,30657.75,30659.5,30651.0,30657.75,1154
2026-09-24 00:16:00-04:00,30658.25,30667.25,30657.75,30664.75,1224
2026-09-24 00:17:00-04:00,30664.25,30666.0,30655.5,30655.75,679
2026-09-24 00:18:00-04:00,30656.25,30660.75,30651.25,30653.25,1458
2026-09-24 00:19:00-04:00,30653.0,30658.0,30652.25,30656.75,518
2026-09-24 00:20:00-04:00,30656.25,30664.5,30654.75,30661.25,904
2026-09-24 00:21:00-04:00,30662.0,30663.25,30659.25,30660.5,453
2026-09-24 00:22:00-04:00,30661.0,30670.0,30661.0,30668.5,705
2026-09-24 00:23:00-04:00,30667.75,30668.25,30658.75,30659.25,534
2026-09-24 00:24:00-04:00,30659.0,30662.75,30655.75,30658.75,546
2026-09-24 00:25:00-04:00,30659.0,30662.5,30658.75,30661.5,240
2026-09-24 00:26:00-04:00,30661.75,30665.75,30655.25,30661.0,742
2026-09-24 00:27:00-04:00,30661.75,30662.0,30659.0,30660.0,114
2026-09-24 00:28:00-04:00,30660.5,30668.75,30660.0,30667.5,564
2026-09-24 00:29:00-04:00,30667.25,30677.75,30666.5,30675.75,970
2026-09-24 00:30:00-04:00,30675.75,30679.25,30673.0,30676.5,800
2026-09-24 00:31:00-04:00,30676.5,30682.75,30675.25,30681.25,801
2026-09-24 00:32:00-04:00,30680.75,30687.75,30680.25,30683.5,1021
2026-09-24 00:33:00-04:00,30683.75,30692.5,30683.25,30692.25,969
2026-09-24 00:34:00-04:00,30692.75,30696.25,30689.0,30693.25,892
2026-09-24 00:35:00-04:00,30693.5,30695.0,30691.5,30694.5,513
2026-09-24 00:36:00-04:00,30694.0,30695.5,30689.5,30692.5,454
2026-09-24 00:37:00-04:00,30692.75,30694.25,30691.0,30691.25,249
2026-09-24 00:38:00-04:00,30691.5,30700.0,30691.0,30697.0,798
2026-09-24 00:39:00-04:00,30697.5,30697.75,30692.25,30692.5,427
2026-09-24 00:40:00-04:00,30693.0,30694.0,30687.0,30692.0,895
2026-09-24 00:41:00-04:00,30692.25,30693.25,30690.0,30690.25,160
2026-09-24 00:42:00-04:00,30692.0,30692.0,30682.0,30683.0,835
2026-09-24 00:43:00-04:00,30683.5,30683.75,30677.25,30682.75,899
2026-09-24 00:44:00-04:00,30682.5,30683.0,30678.75,30681.25,469
2026-09-24 00:45:00-04:00,30681.25,30681.25,30675.25,30677.0,587
2026-09-24 00:46:00-04:00,30677.0,30681.75,30674.25,30678.75,474
2026-09-24 00:47:00-04:00,30678.5,30678.5,30674.25,30677.0,314
2026-09-24 00:48:00-04:00,30676.5,30676.75,30673.5,30675.75,289
2026-09-24 00:49:00-04:00,30675.5,30680.0,30675.0,30680.0,437
2026-09-24 00:50:00-04:00,30680.25,30681.0,30675.25,30678.25,269
2026-09-24 00:51:00-04:00,30678.0,30678.75,30674.75,30675.5,169
2026-09-24 00:52:00-04:00,30675.0,30680.0,30674.5,30678.75,220
2026-09-24 00:53:00-04:00,30678.5,30680.5,30677.0,30680.5,179
2026-09-24 00:54:00-04:00,30680.75,30681.5,30675.75,30678.5,285
2026-09-24 00:55:00-04:00,30678.5,30682.75,30678.25,30681.0,266
2026-09-24 00:56:00-04:00,30681.25,30688.0,30680.0,30687.5,736
2026-09-24 00:57:00-04:00,30687.75,30688.0,30683.75,30686.0,519
2026-09-24 00:58:00-04:00,30686.5,30686.5,30679.75,30680.5,352
2026-09-24 00:59:00-04:00,30680.5,30690.0,30680.0,30686.5,602
2026-09-24 01:00:00-04:00,30686.0,30696.75,30686.0,30695.0,1055
2026-09-24 01:01:00-04:00,30695.5,30700.0,30694.75,30699.75,508
2026-09-24 01:02:00-04:00,30699.0,30704.75,30697.25,30704.25,1017
2026-09-24 01:03:00-04:00,30704.0,30707.5,30698.5,30706.5,666
2026-09-24 01:04:00-04:00,30707.0,30707.5,30702.5,30703.75,363
2026-09-24 01:05:00-04:00,30704.25,30705.75,30702.5,30704.0,402
2026-09-24 01:06:00-04:00,30704.25,30704.5,30699.75,30702.0,450
2026-09-24 01:07:00-04:00,30702.75,30716.0,30702.25,30711.0,1117
2026-09-24 01:08:00-04:00,30711.5,30716.0,30703.5,30703.75,830
2026-09-24 01:09:00-04:00,30703.25,30704.75,30701.75,30703.75,345
2026-09-24 01:10:00-04:00,30703.25,30703.25,30697.0,30697.0,520
2026-09-24 01:11:00-04:00,30697.0,30699.25,30692.25,30693.0,555
2026-09-24 01:12:00-04:00,30693.0,30695.0,30690.75,30694.75,326
2026-09-24 01:13:00-04:00,30694.5,30695.25,30688.0,30691.0,442
2026-09-24 01:14:00-04:00,30691.25,30692.5,30689.5,30691.75,184
2026-09-24 01:15:00-04:00,30691.25,30697.0,30690.75,30691.75,659
2026-09-24 01:16:00-04:00,30691.75,30693.0,30686.75,30691.25,509
2026-09-24 01:17:00-04:00,30691.0,30695.0,30690.0,30694.0,293
2026-09-24 01:18:00-04:00,30694.0,30695.5,30691.5,30694.25,241
2026-09-24 01:19:00-04:00,30694.25,30696.75,30693.5,30696.5,225
2026-09-24 01:20:00-04:00,30696.0,30698.5,30692.25,30694.5,396
2026-09-24 01:21:00-04:00,30694.5,30694.75,30680.0,30680.25,1677
2026-09-24 01:22:00-04:00,30680.5,30686.75,30677.75,30686.0,784
2026-09-24 01:23:00-04:00,30685.75,30687.75,30683.0,30686.5,295
2026-09-24 01:24:00-04:00,30687.0,30687.5,30683.25,30685.0,265
2026-09-24 01:25:00-04:00,30684.75,30692.25,30683.5,30687.75,549
2026-09-24 01:26:00-04:00,30687.25,30693.75,30686.5,30688.25,299
2026-09-24 01:27:00-04:00,30688.25,30691.5,30686.75,30690.5,266
2026-09-24 01:28:00-04:00,30689.75,30705.0,30689.75,30702.75,957
2026-09-24 01:29:00-04:00,30702.75,30710.25,30699.0,30707.0,1234
2026-09-24 01:30:00-04:00,30707.0,30709.75,30701.0,30706.0,691
2026-09-24 01:31:00-04:00,30705.5,30705.75,30702.0,30703.0,294
2026-09-24 01:32:00-04:00,30703.25,30706.0,30702.0,30705.0,241
2026-09-24 01:33:00-04:00,30705.25,30709.5,30701.0,30701.0,341
2026-09-24 01:34:00-04:00,30700.5,30701.0,30696.0,30698.5,745
2026-09-24 01:35:00-04:00,30698.75,30701.0,30690.75,30691.25,485
2026-09-24 01:36:00-04:00,30691.0,30694.5,30689.25,30691.25,609
2026-09-24 01:37:00-04:00,30692.0,30694.5,30689.5,30691.0,182
2026-09-24 01:38:00-04:00,30690.75,30693.0,30687.75,30691.25,383
2026-09-24 01:39:00-04:00,30691.0,30691.0,30685.25,30688.75,418
2026-09-24 01:40:00-04:00,30689.0,30698.25,30688.25,30694.25,704
2026-09-24 01:41:00-04:00,30694.25,30695.5,30686.25,30688.75,495
2026-09-24 01:42:00-04:00,30688.5,30691.0,30682.0,30683.0,546
2026-09-24 01:43:00-04:00,30683.0,30684.25,30679.5,30680.25,616
2026-09-24 01:44:00-04:00,30680.5,30681.25,30669.75,30670.75,1488
2026-09-24 01:45:00-04:00,30670.25,30670.25,30657.75,30667.25,1904
2026-09-24 01:46:00-04:00,30667.0,30670.5,30666.75,30668.0,500
2026-09-24 01:47:00-04:00,30667.75,30668.25,30662.25,30663.75,500
2026-09-24 01:48:00-04:00,30664.75,30666.25,30659.5,30661.0,659
2026-09-24 01:49:00-04:00,30661.25,30662.5,30658.75,30660.25,336
2026-09-24 01:50:00-04:00,30660.0,30661.25,30656.0,30657.75,441
2026-09-24 01:51:00-04:00,30657.5,30663.0,30657.0,30661.25,403
2026-09-24 01:52:00-04:00,30660.75,30670.0,30660.0,30669.0,601
2026-09-24 01:53:00-04:00,30668.75,30670.25,30656.75,30656.75,726
2026-09-24 01:54:00-04:00,30657.5,30661.25,30656.25,30657.0,425
2026-09-24 01:55:00-04:00,30657.0,30657.0,30646.0,30647.0,1794
2026-09-24 01:56:00-04:00,30646.75,30648.0,30629.0,30630.75,3017
2026-09-24 01:57:00-04:00,30630.75,30633.25,30620.25,30623.75,2533
2026-09-24 01:58:00-04:00,30623.75,30625.75,30612.75,30616.5,1788
2026-09-24 01:59:00-04:00,30616.75,30618.0,30607.5,30608.5,1709
2026-09-24 02:00:00-04:00,30608.0,30611.0,30596.5,30599.75,2786
2026-09-24 02:01:00-04:00,30599.0,30602.5,30581.0,30585.0,2229
2026-09-24 02:02:00-04:00,30585.25,30593.75,30573.25,30576.0,2581
2026-09-24 02:03:00-04:00,30575.75,30583.75,30572.25,30582.25,1886
2026-09-24 02:04:00-04:00,30581.75,30589.5,30571.75,30575.75,1743
2026-09-24 02:05:00-04:00,30575.0,30578.0,30568.5,30575.75,1772
2026-09-24 02:06:00-04:00,30575.0,30581.0,30563.75,30578.0,2592
2026-09-24 02:07:00-04:00,30577.75,30607.5,30577.25,30605.5,2904
2026-09-24 02:08:00-04:00,30605.5,30615.0,30604.25,30605.5,2119
2026-09-24 02:09:00-04:00,30606.25,30610.75,30597.0,30610.5,1345
2026-09-24 02:10:00-04:00,30610.75,30615.25,30600.5,30614.25,1384
2026-09-24 02:11:00-04:00,30614.25,30622.25,30603.5,30616.75,1402
2026-09-24 02:12:00-04:00,30617.5,30628.0,30615.25,30624.5,1293
2026-09-24 02:13:00-04:00,30624.0,30625.0,30613.25,30621.0,1041
2026-09-24 02:14:00-04:00,30621.75,30625.25,30615.5,30619.5,758
2026-09-24 02:15:00-04:00,30619.5,30628.75,30613.25,30615.75,1510
2026-09-24 02:16:00-04:00,30615.75,30619.75,30610.5,30617.25,1054
2026-09-24 02:17:00-04:00,30617.25,30630.25,30611.25,30625.75,1162
2026-09-24 02:18:00-04:00,30626.25,30631.25,30621.0,30629.25,774
2026-09-24 02:19:00-04:00,30629.75,30630.0,30612.5,30613.0,905
2026-09-24 02:20:00-04:00,30613.25,30613.75,30590.25,30591.0,2137
2026-09-24 02:21:00-04:00,30591.75,30597.5,30589.25,30591.0,1134
2026-09-24 02:22:00-04:00,30590.75,30594.0,30587.25,30589.25,861
2026-09-24 02:23:00-04:00,30589.25,30592.5,30583.25,30585.25,1039
2026-09-24 02:24:00-04:00,30584.75,30603.75,30582.5,30599.5,1369
2026-09-24 02:25:00-04:00,30599.75,30608.25,30597.5,30601.5,1197
2026-09-24 02:26:00-04:00,30601.75,30604.75,30599.5,30602.5,470
2026-09-24 02:27:00-04:00,30602.5,30604.25,30596.5,30599.75,486
2026-09-24 02:28:00-04:00,30599.75,30607.25,30594.75,30595.5,865
2026-09-24 02:29:00-04:00,30595.5,30605.25,30589.5,30600.25,1442
2026-09-24 02:30:00-04:00,30600.25,30600.25,30587.0,30592.75,1179
2026-09-24 02:31:00-04:00,30592.75,30597.0,30589.75,30592.5,734
2026-09-24 02:32:00-04:00,30593.0,30597.5,30588.75,30589.5,467
2026-09-24 02:33:00-04:00,30589.0,30589.75,30580.25,30583.0,962
2026-09-24 02:34:00-04:00,30583.25,30584.75,30577.75,30582.75,937
2026-09-24 02:35:00-04:00,30582.25,30587.75,30578.75,30582.75,539
2026-09-24 02:36:00-04:00,30582.5,30587.0,30576.75,30576.75,794
2026-09-24 02:37:00-04:00,30576.5,30576.75,30567.25,30573.5,1370
2026-09-24 02:38:00-04:00,30573.5,30573.75,30567.25,30571.75,862
2026-09-24 02:39:00-04:00,30571.25,30574.0,30569.75,30572.5,568
2026-09-24 02:40:00-04:00,30572.75,30578.75,30563.5,30567.25,1606
2026-09-24 02:41:00-04:00,30567.5,30573.0,30562.5,30570.75,1074
2026-09-24 02:42:00-04:00,30570.5,30582.0,30567.25,30576.0,1057
2026-09-24 02:43:00-04:00,30576.0,30589.25,30575.0,30588.0,1206
2026-09-24 02:44:00-04:00,30588.25,30592.75,30578.0,30578.0,1035
2026-09-24 02:45:00-04:00,30578.0,30588.5,30576.0,30586.25,820
2026-09-24 02:46:00-04:00,30586.5,30587.0,30576.5,30577.0,629
2026-09-24 02:47:00-04:00,30577.25,30583.25,30575.0,30576.5,627
2026-09-24 02:48:00-04:00,30576.5,30578.75,30572.0,30577.5,556
2026-09-24 02:49:00-04:00,30577.25,30586.25,30577.25,30580.0,690
2026-09-24 02:50:00-04:00,30580.0,30583.0,30572.75,30574.0,651
2026-09-24 02:51:00-04:00,30573.5,30576.75,30568.5,30569.0,613
2026-09-24 02:52:00-04:00,30570.5,30570.75,30553.75,30557.75,2115
2026-09-24 02:53:00-04:00,30558.0,30559.0,30554.75,30557.75,566
2026-09-24 02:54:00-04:00,30558.0,30568.25,30554.0,30554.5,982
2026-09-24 02:55:00-04:00,30554.75,30556.5,30545.5,30553.5,1647
2026-09-24 02:56:00-04:00,30553.75,30557.5,30551.0,30555.25,707
2026-09-24 02:57:00-04:00,30556.0,30557.75,30546.75,30552.75,852
2026-09-24 02:58:00-04:00,30552.75,30558.25,30543.75,30545.5,805
2026-09-24 02:59:00-04:00,30546.0,30546.0,30535.0,30541.5,1466
2026-09-24 03:00:00-04:00,30540.75,30546.25,30523.75,30538.25,3046
2026-09-24 03:01:00-04:00,30537.5,30561.0,30537.5,30545.5,2824
2026-09-24 03:02:00-04:00,30545.25,30545.5,30522.0,30524.5,2015
2026-09-24 03:03:00-04:00,30524.5,30538.25,30513.0,30532.5,2695
2026-09-24 03:04:00-04:00,30532.5,30543.75,30520.75,30538.75,2346
2026-09-24 03:05:00-04:00,30539.5,30551.5,30526.0,30547.75,1668
2026-09-24 03:06:00-04:00,30547.75,30569.75,30542.5,30569.25,2115
2026-09-24 03:07:00-04:00,30569.0,30577.75,30562.75,30576.25,1645
2026-09-24 03:08:00-04:00,30575.5,30588.75,30575.25,30582.5,1579
2026-09-24 03:09:00-04:00,30582.25,30588.25,30581.25,30584.5,525
2026-09-24 03:10:00-04:00,30585.0,30594.0,30583.0,30591.5,1261
2026-09-24 03:11:00-04:00,30590.75,30592.0,30581.0,30585.5,1004
2026-09-24 03:12:00-04:00,30583.75,30586.5,30575.0,30581.5,1013
2026-09-24 03:13:00-04:00,30580.25,30587.0,30576.75,30585.0,844
2026-09-24 03:14:00-04:00,30585.5,30595.5,30585.5,30594.5,829
2026-09-24 03:15:00-04:00,30594.25,30601.75,30582.25,30584.75,1733
2026-09-24 03:16:00-04:00,30585.25,30590.75,30584.5,30584.5,580
2026-09-24 03:17:00-04:00,30584.75,30591.25,30580.5,30580.5,640
2026-09-24 03:18:00-04:00,30581.25,30595.25,30576.75,30591.75,872
2026-09-24 03:19:00-04:00,30592.5,30601.0,30590.25,30597.25,627
2026-09-24 03:20:00-04:00,30596.75,30597.5,30588.5,30592.25,560
2026-09-24 03:21:00-04:00,30590.75,30595.0,30582.75,30584.25,768
2026-09-24 03:22:00-04:00,30584.0,30589.0,30583.5,30587.5,369
2026-09-24 03:23:00-04:00,30587.75,30592.5,30583.5,30589.0,364
2026-09-24 03:24:00-04:00,30588.5,30591.25,30582.0,30583.5,418
2026-09-24 03:25:00-04:00,30583.5,30588.75,30581.0,30583.0,663
2026-09-24 03:26:00-04:00,30582.25,30590.5,30574.5,30588.25,1053
2026-09-24 03:27:00-04:00,30588.0,30596.25,30586.75,30592.5,826
2026-09-24 03:28:00-04:00,30592.25,30598.25,30588.25,30590.75,594
2026-09-24 03:29:00-04:00,30592.0,30609.0,30591.0,30606.5,1021
2026-09-24 03:30:00-04:00,30606.75,30615.5,30601.5,30608.25,2501
2026-09-24 03:31:00-04:00,30608.75,30614.0,30601.0,30605.75,1311
2026-09-24 03:32:00-04:00,30605.75,30609.75,30601.0,30605.25,577
2026-09-24 03:33:00-04:00,30605.5,30620.0,30601.25,30618.0,1171
2026-09-24 03:34:00-04:00,30618.25,30618.75,30606.5,30609.75,754
2026-09-24 03:35:00-04:00,30610.0,30617.0,30605.75,30617.0,673
2026-09-24 03:36:00-04:00,30615.75,30629.5,30614.75,30629.25,1122
2026-09-24 03:37:00-04:00,30628.75,30631.75,30626.25,30629.75,971
2026-09-24 03:38:00-04:00,30628.75,30631.25,30621.5,30625.75,692
2026-09-24 03:39:00-04:00,30625.25,30626.75,30617.75,30622.75,543
2026-09-24 03:40:00-04:00,30621.25,30624.75,30618.0,30619.0,475
2026-09-24 03:41:00-04:00,30619.25,30622.25,30615.0,30616.0,532
2026-09-24 03:42:00-04:00,30616.0,30617.75,30610.5,30614.5,641
2026-09-24 03:43:00-04:00,30613.75,30619.5,30611.75,30618.25,407
2026-09-24 03:44:00-04:00,30617.75,30627.0,30617.25,30622.0,787
2026-09-24 03:45:00-04:00,30620.75,30623.5,30616.75,30619.0,367
2026-09-24 03:46:00-04:00,30619.5,30622.25,30616.0,30618.0,347
2026-09-24 03:47:00-04:00,30617.25,30619.0,30608.5,30609.5,856
2026-09-24 03:48:00-04:00,30610.0,30613.0,30605.5,30607.75,684
2026-09-24 03:49:00-04:00,30608.5,30610.25,30603.75,30607.75,352
2026-09-24 03:50:00-04:00,30606.25,30606.25,30597.0,30604.25,1066
2026-09-24 03:51:00-04:00,30604.75,30610.5,30601.5,30608.75,686
2026-09-24 03:52:00-04:00,30609.5,30610.25,30600.75,30600.75,374
2026-09-24 03:53:00-04:00,30601.0,30602.5,30594.0,30599.25,802
2026-09-24 03:54:00-04:00,30599.5,30601.25,30596.25,30601.0,370
2026-09-24 03:55:00-04:00,30598.75,30599.75,30575.0,30579.5,1770
2026-09-24 03:56:00-04:00,30580.25,30580.25,30564.5,30569.0,1164
2026-09-24 03:57:00-04:00,30569.75,30573.0,30562.75,30564.0,928
2026-09-24 03:58:00-04:00,30564.25,30566.25,30562.25,30563.0,511
2026-09-24 03:59:00-04:00,30562.5,30567.0,30558.5,30558.5,753
2026-09-24 04:00:00-04:00,30559.0,30577.25,30551.25,30571.5,2707
2026-09-24 04:01:00-04:00,30571.0,30590.5,30558.5,30587.25,2487
2026-09-24 04:02:00-04:00,30586.75,30587.25,30557.75,30560.0,1645
2026-09-24 04:03:00-04:00,30559.5,30565.5,30547.5,30560.5,1916
2026-09-24 04:04:00-04:00,30560.0,30560.0,30533.0,30544.75,2051
2026-09-24 04:05:00-04:00,30544.25,30552.0,30534.75,30537.75,1451
2026-09-24 04:06:00-04:00,30537.75,30541.75,30532.25,30539.75,1139
2026-09-24 04:07:00-04:00,30540.25,30545.0,30534.75,30537.75,902
2026-09-24 04:08:00-04:00,30538.5,30542.25,30528.5,30529.0,1114
2026-09-24 04:09:00-04:00,30529.25,30537.25,30524.75,30531.0,1099
2026-09-24 04:10:00-04:00,30530.5,30531.0,30515.75,30517.25,1418
2026-09-24 04:11:00-04:00,30516.5,30516.5,30496.5,30507.5,2350
2026-09-24 04:12:00-04:00,30507.0,30511.0,30492.25,30498.25,1766
2026-09-24 04:13:00-04:00,30498.5,30501.5,30481.75,30485.25,1848
2026-09-24 04:14:00-04:00,30485.75,30491.25,30479.5,30487.75,1872
2026-09-24 04:15:00-04:00,30487.25,30495.25,30479.5,30479.5,1602
2026-09-24 04:16:00-04:00,30479.5,30498.0,30479.5,30495.5,1346
2026-09-24 04:17:00-04:00,30495.0,30511.25,30489.5,30501.5,2041
2026-09-24 04:18:00-04:00,30502.75,30503.25,30485.25,30493.25,1429
2026-09-24 04:19:00-04:00,30492.75,30501.25,30486.25,30491.25,1028
2026-09-24 04:20:00-04:00,30491.0,30491.0,30476.25,30480.0,1473
2026-09-24 04:21:00-04:00,30479.75,30483.5,30472.5,30475.75,1390
2026-09-24 04:22:00-04:00,30475.75,30488.0,30475.0,30483.0,1396
2026-09-24 04:23:00-04:00,30481.75,30488.5,30477.5,30478.0,901
2026-09-24 04:24:00-04:00,30479.0,30491.25,30471.25,30483.5,1418
2026-09-24 04:25:00-04:00,30483.5,30494.25,30477.5,30477.5,1221
2026-09-24 04:26:00-04:00,30477.25,30478.75,30457.5,30463.0,2013
2026-09-24 04:27:00-04:00,30462.5,30464.25,30453.75,30460.25,1508
2026-09-24 04:28:00-04:00,30460.0,30461.5,30453.5,30456.0,1001
2026-09-24 04:29:00-04:00,30455.25,30466.5,30454.0,30455.5,986
2026-09-24 04:30:00-04:00,30455.5,30468.0,30453.75,30463.5,1266
2026-09-24 04:31:00-04:00,30463.5,30484.5,30463.5,30483.25,1562
2026-09-24 04:32:00-04:00,30483.75,30492.25,30477.5,30490.75,1554
2026-09-24 04:33:00-04:00,30491.25,30498.0,30481.0,30482.75,1643
2026-09-24 04:34:00-04:00,30483.25,30484.0,30448.25,30450.5,3109
2026-09-24 04:35:00-04:00,30450.25,30452.5,30441.5,30446.75,1637
2026-09-24 04:36:00-04:00,30446.25,30446.75,30435.5,30437.0,1473
2026-09-24 04:37:00-04:00,30437.0,30445.0,30431.0,30441.5,1274
2026-09-24 04:38:00-04:00,30441.0,30448.5,30435.75,30442.75,1337
2026-09-24 04:39:00-04:00,30442.5,30453.0,30439.5,30450.25,1293
2026-09-24 04:40:00-04:00,30450.5,30452.25,30435.0,30438.0,1058
2026-09-24 04:41:00-04:00,30437.5,30441.0,30430.25,30434.5,1123
2026-09-24 04:42:00-04:00,30434.5,30451.5,30431.25,30448.5,1089
2026-09-24 04:43:00-04:00,30448.25,30458.25,30445.25,30455.0,1291
2026-09-24 04:44:00-04:00,30454.75,30455.0,30439.0,30447.5,909
2026-09-24 04:45:00-04:00,30446.75,30457.25,30436.25,30442.25,1304
2026-09-24 04:46:00-04:00,30443.0,30450.5,30438.75,30442.0,560
2026-09-24 04:47:00-04:00,30441.5,30441.5,30430.0,30436.0,884
2026-09-24 04:48:00-04:00,30436.0,30436.25,30422.0,30424.0,1311
2026-09-24 04:49:00-04:00,30423.25,30427.0,30412.0,30414.75,1481
2026-09-24 04:50:00-04:00,30414.25,30416.0,30407.0,30412.75,1500
2026-09-24 04:51:00-04:00,30412.0,30435.0,30411.75,30433.75,1594
2026-09-24 04:52:00-04:00,30433.75,30434.5,30425.5,30431.5,728
2026-09-24 04:53:00-04:00,30431.5,30434.75,30418.75,30423.5,847
2026-09-24 04:54:00-04:00,30423.5,30429.0,30417.75,30421.75,638
2026-09-24 04:55:00-04:00,30422.5,30431.0,30416.5,30425.5,868
2026-09-24 04:56:00-04:00,30425.75,30428.25,30420.25,30423.25,448
2026-09-24 04:57:00-04:00,30422.25,30430.75,30420.0,30428.5,668
2026-09-24 04:58:00-04:00,30428.75,30435.5,30426.0,30430.75,647
2026-09-24 04:59:00-04:00,30430.5,30433.5,30425.5,30432.75,526
2026-09-24 05:00:00-04:00,30432.75,30440.5,30425.75,30436.0,1062
2026-09-24 05:01:00-04:00,30436.5,30455.5,30435.0,30447.25,1396
2026-09-24 05:02:00-04:00,30447.0,30449.0,30440.5,30442.75,570
2026-09-24 05:03:00-04:00,30441.75,30448.0,30439.0,30443.75,618
2026-09-24 05:04:00-04:00,30442.75,30447.0,30432.0,30438.5,993
2026-09-24 05:05:00-04:00,30440.0,30449.5,30433.25,30437.75,807
2026-09-24 05:06:00-04:00,30437.0,30439.75,30426.75,30439.0,768
2026-09-24 05:07:00-04:00,30439.25,30444.5,30437.75,30442.5,624
2026-09-24 05:08:00-04:00,30442.5,30456.0,30439.0,30449.25,1210
2026-09-24 05:09:00-04:00,30449.0,30452.75,30437.0,30438.75,774
2026-09-24 05:10:00-04:00,30438.5,30448.25,30436.5,30442.0,651
2026-09-24 05:11:00-04:00,30442.5,30444.0,30429.0,30431.25,754
2026-09-24 05:12:00-04:00,30431.75,30432.0,30418.75,30421.25,1117
2026-09-24 05:13:00-04:00,30420.75,30432.25,30418.0,30430.5,1004
2026-09-24 05:14:00-04:00,30430.5,30433.25,30426.5,30431.5,560
2026-09-24 05:15:00-04:00,30431.5,30436.25,30427.0,30434.0,776
2026-09-24 05:16:00-04:00,30433.5,30436.25,30427.25,30427.75,498
2026-09-24 05:17:00-04:00,30427.75,30441.75,30426.0,30429.25,801
2026-09-24 05:18:00-04:00,30429.0,30437.75,30421.5,30437.5,673
2026-09-24 05:19:00-04:00,30438.0,30445.0,30433.25,30442.25,715
2026-09-24 05:20:00-04:00,30442.0,30452.0,30440.75,30451.25,693
2026-09-24 05:21:00-04:00,30450.75,30451.75,30440.5,30441.25,803
2026-09-24 05:22:00-04:00,30441.75,30445.5,30434.5,30439.25,855
2026-09-24 05:23:00-04:00,30439.25,30453.25,30438.25,30451.0,814
2026-09-24 05:24:00-04:00,30450.75,30456.5,30447.0,30455.0,815
2026-09-24 05:25:00-04:00,30454.25,30464.5,30452.5,30461.5,1074
2026-09-24 05:26:00-04:00,30461.25,30463.0,30447.75,30452.5,633
2026-09-24 05:27:00-04:00,30453.25,30454.0,30439.75,30440.5,814
2026-09-24 05:28:00-04:00,30440.0,30442.75,30437.25,30441.75,501
2026-09-24 05:29:00-04:00,30441.75,30445.25,30439.75,30442.75,296
2026-09-24 05:30:00-04:00,30442.5,30444.75,30432.0,30432.25,788
2026-09-24 05:31:00-04:00,30432.75,30439.25,30423.75,30435.75,1137
2026-09-24 05:32:00-04:00,30435.75,30437.25,30428.0,30436.5,429
2026-09-24 05:33:00-04:00,30436.25,30437.25,30429.25,30429.5,354
2026-09-24 05:34:00-04:00,30429.75,30438.0,30427.25,30436.75,473
2026-09-24 05:35:00-04:00,30436.5,30440.25,30430.0,30431.5,410
2026-09-24 05:36:00-04:00,30431.25,30433.25,30420.0,30425.25,784
2026-09-24 05:37:00-04:00,30425.0,30425.0,30415.0,30416.75,892
2026-09-24 05:38:00-04:00,30416.5,30416.5,30404.75,30411.0,1383
2026-09-24 05:39:00-04:00,30410.75,30419.25,30409.75,30411.75,755
2026-09-24 05:40:00-04:00,30411.5,30415.75,30405.25,30406.25,780
2026-09-24 05:41:00-04:00,30405.75,30405.75,30390.25,30394.0,2318
2026-09-24 05:42:00-04:00,30393.25,30401.5,30388.0,30398.75,1199
2026-09-24 05:43:00-04:00,30398.75,30400.25,30370.75,30378.5,3598
2026-09-24 05:44:00-04:00,30379.25,30379.75,30371.0,30377.75,1257
2026-09-24 05:45:00-04:00,30376.75,30382.25,30372.25,30377.0,940
2026-09-24 05:46:00-04:00,30376.5,30390.5,30374.75,30389.0,993
2026-09-24 05:47:00-04:00,30389.75,30401.0,30379.5,30391.5,1153
2026-09-24 05:48:00-04:00,30390.75,30403.0,30388.25,30395.0,902
2026-09-24 05:49:00-04:00,30395.25,30408.5,30394.75,30407.5,728
2026-09-24 05:50:00-04:00,30406.0,30417.5,30405.5,30412.5,1038
2026-09-24 05:51:00-04:00,30411.75,30415.25,30407.75,30412.5,879
2026-09-24 05:52:00-04:00,30412.25,30421.0,30411.0,30419.25,663
2026-09-24 05:53:00-04:00,30419.75,30420.75,30412.0,30414.75,510
2026-09-24 05:54:00-04:00,30415.25,30420.0,30401.5,30419.5,1061
2026-09-24 05:55:00-04:00,30419.25,30433.75,30418.75,30430.0,1356
2026-09-24 05:56:00-04:00,30429.5,30435.0,30425.75,30429.0,917
2026-09-24 05:57:00-04:00,30429.0,30429.75,30420.75,30421.0,465
2026-09-24 05:58:00-04:00,30421.0,30432.25,30419.75,30431.0,510
2026-09-24 05:59:00-04:00,30430.75,30438.0,30429.5,30437.25,663
2026-09-24 06:00:00-04:00,30437.25,30445.75,30430.5,30441.0,1163
2026-09-24 06:01:00-04:00,30441.5,30449.5,30440.5,30447.75,943
2026-09-24 06:02:00-04:00,30448.0,30451.25,30439.0,30439.25,659
2026-09-24 06:03:00-04:00,30439.75,30443.5,30435.25,30435.75,475
2026-09-24 06:04:00-04:00,30435.75,30439.25,30425.25,30427.5,905
2026-09-24 06:05:00-04:00,30427.0,30430.75,30422.25,30423.75,695
2026-09-24 06:06:00-04:00,30423.5,30425.75,30416.0,30418.75,832
2026-09-24 06:07:00-04:00,30418.25,30424.75,30416.5,30423.0,512
2026-09-24 06:08:00-04:00,30423.0,30425.0,30420.5,30422.25,308
2026-09-24 06:09:00-04:00,30421.5,30427.25,30420.0,30423.25,576
2026-09-24 06:10:00-04:00,30422.5,30445.25,30420.75,30434.5,2222
2026-09-24 06:11:00-04:00,30435.0,30444.25,30433.25,30434.25,653
2026-09-24 06:12:00-04:00,30433.5,30437.25,30428.75,30429.5,444
2026-09-24 06:13:00-04:00,30431.5,30436.75,30425.0,30426.5,501
2026-09-24 06:14:00-04:00,30425.25,30438.75,30423.25,30437.5,562
2026-09-24 06:15:00-04:00,30437.25,30442.75,30434.5,30442.0,563
2026-09-24 06:16:00-04:00,30442.5,30456.75,30440.25,30455.75,1401
2026-09-24 06:17:00-04:00,30455.5,30459.75,30451.0,30452.75,1010
2026-09-24 06:18:00-04:00,30452.25,30457.5,30438.75,30440.5,1222
2026-09-24 06:19:00-04:00,30440.5,30448.0,30440.0,30444.25,588
2026-09-24 06:20:00-04:00,30445.5,30447.0,30441.5,30443.75,325
2026-09-24 06:21:00-04:00,30443.5,30447.5,30441.5,30444.25,345
2026-09-24 06:22:00-04:00,30443.75,30444.25,30436.5,30438.75,661
2026-09-24 06:23:00-04:00,30438.5,30444.0,30433.5,30434.75,504
2026-09-24 06:24:00-04:00,30434.25,30447.0,30418.25,30420.25,2693
2026-09-24 06:25:00-04:00,30421.0,30428.0,30414.0,30423.25,1347
2026-09-24 06:26:00-04:00,30423.75,30435.25,30421.5,30429.5,1197
2026-09-24 06:27:00-04:00,30429.5,30432.5,30425.75,30428.0,513
2026-09-24 06:28:00-04:00,30427.25,30448.5,30421.0,30446.25,2064
2026-09-24 06:29:00-04:00,30445.25,30449.25,30429.75,30432.75,1347
2026-09-24 06:30:00-04:00,30433.75,30445.25,30420.25,30429.0,1235
2026-09-24 06:31:00-04:00,30429.0,30441.5,30428.25,30438.5,984
2026-09-24 06:32:00-04:00,30439.0,30449.25,30438.75,30447.25,762
2026-09-24 06:33:00-04:00,30447.25,30453.75,30443.25,30444.0,694
2026-09-24 06:34:00-04:00,30444.25,30455.5,30443.25,30452.25,557
2026-09-24 06:35:00-04:00,30453.0,30461.5,30452.0,30458.5,733
2026-09-24 06:36:00-04:00,30458.25,30459.5,30449.5,30454.5,610
2026-09-24 06:37:00-04:00,30454.5,30461.25,30454.0,30460.25,605
2026-09-24 06:38:00-04:00,30460.25,30469.25,30456.5,30467.25,1064
2026-09-24 06:39:00-04:00,30467.0,30480.0,30467.0,30476.0,1594
2026-09-24 06:40:00-04:00,30475.75,30480.75,30472.5,30478.5,906
2026-09-24 06:41:00-04:00,30478.25,30481.75,30471.75,30477.0,743
2026-09-24 06:42:00-04:00,30476.75,30485.0,30476.25,30482.25,640
2026-09-24 06:43:00-04:00,30482.75,30482.75,30476.0,30478.75,479
2026-09-24 06:44:00-04:00,30479.5,30485.5,30476.75,30478.25,452
2026-09-24 06:45:00-04:00,30478.0,30479.25,30470.5,30476.0,784
2026-09-24 06:46:00-04:00,30475.5,30480.25,30474.25,30479.75,288
2026-09-24 06:47:00-04:00,30478.5,30483.5,30476.5,30477.0,317
2026-09-24 06:48:00-04:00,30476.0,30486.5,30473.5,30485.0,526
2026-09-24 06:49:00-04:00,30485.5,30524.25,30485.5,30519.5,5851
2026-09-24 06:50:00-04:00,30519.0,30523.75,30499.5,30505.0,1811
2026-09-24 06:51:00-04:00,30504.5,30510.0,30494.5,30494.75,852
2026-09-24 06:52:00-04:00,30494.75,30497.0,30488.25,30494.25,1018
2026-09-24 06:53:00-04:00,30494.0,30496.5,30491.0,30491.0,358
2026-09-24 06:54:00-04:00,30491.25,30493.5,30479.75,30480.5,810
2026-09-24 06:55:00-04:00,30480.0,30483.0,30472.75,30476.5,987
2026-09-24 06:56:00-04:00,30476.5,30480.25,30472.75,30480.25,496
2026-09-24 06:57:00-04:00,30479.75,30486.5,30478.0,30484.0,603
2026-09-24 06:58:00-04:00,30484.75,30493.5,30483.5,30488.75,876
2026-09-24 06:59:00-04:00,30488.75,30492.0,30484.75,30489.25,441
2026-09-24 07:00:00-04:00,30489.25,30506.0,30485.0,30490.75,1960
2026-09-24 07:01:00-04:00,30491.75,30493.0,30479.0,30485.75,1047
2026-09-24 07:02:00-04:00,30485.75,30491.75,30484.75,30487.5,571
2026-09-24 07:03:00-04:00,30487.75,30490.25,30482.0,30487.5,468
2026-09-24 07:04:00-04:00,30489.0,30490.0,30481.0,30481.0,410
2026-09-24 07:05:00-04:00,30481.0,30481.5,30473.75,30481.25,713
2026-09-24 07:06:00-04:00,30480.5,30484.0,30478.75,30482.0,456
2026-09-24 07:07:00-04:00,30482.25,30487.0,30475.5,30477.75,684
2026-09-24 07:08:00-04:00,30478.75,30482.25,30463.75,30466.5,1316
2026-09-24 07:09:00-04:00,30467.0,30478.25,30465.0,30471.75,778
2026-09-24 07:10:00-04:00,30472.0,30478.0,30470.5,30474.0,527
2026-09-24 07:11:00-04:00,30473.5,30475.0,30464.0,30466.0,503
2026-09-24 07:12:00-04:00,30466.25,30466.25,30460.25,30460.5,626
2026-09-24 07:13:00-04:00,30460.5,30472.75,30456.0,30468.75,944
2026-09-24 07:14:00-04:00,30468.75,30490.75,30468.75,30488.5,2018
2026-09-24 07:15:00-04:00,30488.75,30510.25,30478.25,30505.75,3435
2026-09-24 07:16:00-04:00,30506.0,30512.5,30496.0,30503.5,1572
2026-09-24 07:17:00-04:00,30504.25,30506.5,30489.0,30489.5,1457
2026-09-24 07:18:00-04:00,30490.5,30493.0,30480.75,30484.0,1073
2026-09-24 07:19:00-04:00,30483.0,30488.75,30482.25,30484.0,683
2026-09-24 07:20:00-04:00,30483.5,30495.25,30482.25,30489.5,823
2026-09-24 07:21:00-04:00,30488.0,30488.0,30476.25,30477.0,638
2026-09-24 07:22:00-04:00,30477.0,30494.5,30476.0,30491.5,719
2026-09-24 07:23:00-04:00,30492.0,30497.0,30490.75,30494.0,444
2026-09-24 07:24:00-04:00,30494.5,30499.75,30488.25,30495.0,787
2026-09-24 07:25:00-04:00,30494.5,30494.5,30480.5,30482.25,502
2026-09-24 07:26:00-04:00,30482.0,30487.25,30480.25,30486.5,330
2026-09-24 07:27:00-04:00,30485.5,30486.25,30472.5,30475.0,571
2026-09-24 07:28:00-04:00,30475.75,30479.25,30471.25,30474.0,360
2026-09-24 07:29:00-04:00,30473.5,30475.5,30470.5,30471.5,400
2026-09-24 07:30:00-04:00,30470.5,30493.5,30470.5,30486.5,1319
2026-09-24 07:31:00-04:00,30487.5,30501.25,30484.25,30492.75,767
2026-09-24 07:32:00-04:00,30492.5,30493.25,30481.0,30481.25,579
2026-09-24 07:33:00-04:00,30481.75,30487.0,30476.25,30478.75,437
2026-09-24 07:34:00-04:00,30479.5,30482.75,30470.0,30471.5,646
2026-09-24 07:35:00-04:00,30470.75,30471.0,30453.0,30465.75,1811
2026-09-24 07:36:00-04:00,30465.75,30467.0,30458.5,30463.25,376
2026-09-24 07:37:00-04:00,30463.5,30466.5,30451.5,30452.5,604
2026-09-24 07:38:00-04:00,30452.75,30454.0,30446.75,30447.75,936
2026-09-24 07:39:00-04:00,30447.75,30452.25,30447.0,30449.75,440
2026-09-24 07:40:00-04:00,30450.25,30451.5,30443.0,30445.75,650
2026-09-24 07:41:00-04:00,30446.5,30451.25,30445.25,30450.5,352
2026-09-24 07:42:00-04:00,30450.75,30452.0,30444.25,30447.5,390
2026-09-24 07:43:00-04:00,30447.25,30448.25,30443.5,30447.0,423
2026-09-24 07:44:00-04:00,30447.5,30452.25,30445.25,30451.5,312
2026-09-24 07:45:00-04:00,30451.75,30452.0,30443.25,30446.5,478
2026-09-24 07:46:00-04:00,30446.75,30448.0,30440.0,30441.75,786
2026-09-24 07:47:00-04:00,30441.25,30449.75,30438.0,30444.0,666
2026-09-24 07:48:00-04:00,30445.25,30446.0,30432.25,30434.5,1032
2026-09-24 07:49:00-04:00,30434.75,30435.0,30428.0,30429.25,875
2026-09-24 07:50:00-04:00,30428.75,30439.75,30428.75,30436.0,655
2026-09-24 07:51:00-04:00,30436.5,30440.25,30431.75,30439.0,517
2026-09-24 07:52:00-04:00,30438.5,30442.5,30433.0,30435.0,511
2026-09-24 07:53:00-04:00,30435.75,30439.5,30432.25,30437.0,385
2026-09-24 07:54:00-04:00,30437.25,30447.0,30435.5,30444.75,664
2026-09-24 07:55:00-04:00,30445.25,30449.0,30440.25,30446.0,588
2026-09-24 07:56:00-04:00,30446.25,30446.25,30431.5,30436.25,728
2026-09-24 07:57:00-04:00,30436.5,30448.0,30434.0,30446.5,569
2026-09-24 07:58:00-04:00,30446.75,30461.75,30446.5,30460.75,1362
2026-09-24 07:59:00-04:00,30460.75,30475.0,30457.25,30462.5,3041
2026-09-24 08:00:00-04:00,30462.25,30467.75,30452.75,30453.5,1650
2026-09-24 08:01:00-04:00,30453.75,30456.0,30424.0,30432.0,2153
2026-09-24 08:02:00-04:00,30431.25,30461.5,30429.75,30452.5,2185
2026-09-24 08:03:00-04:00,30453.0,30458.5,30434.0,30437.0,1230
2026-09-24 08:04:00-04:00,30435.75,30448.5,30433.75,30437.75,855
2026-09-24 08:05:00-04:00,30438.5,30448.0,30437.25,30447.5,542
2026-09-24 08:06:00-04:00,30447.5,30450.5,30442.25,30448.75,674
2026-09-24 08:07:00-04:00,30448.75,30459.5,30445.75,30455.0,890
2026-09-24 08:08:00-04:00,30454.5,30462.75,30451.75,30461.25,649
2026-09-24 08:09:00-04:00,30460.75,30461.75,30454.0,30457.75,386
2026-09-24 08:10:00-04:00,30456.75,30466.5,30456.25,30465.5,709
2026-09-24 08:11:00-04:00,30465.75,30468.0,30461.0,30462.0,672
2026-09-24 08:12:00-04:00,30462.5,30474.5,30462.25,30468.75,948
2026-09-24 08:13:00-04:00,30469.25,30471.0,30465.5,30465.5,427
2026-09-24 08:14:00-04:00,30465.5,30487.75,30463.75,30482.75,1780
2026-09-24 08:15:00-04:00,30482.25,30485.75,30477.5,30484.5,814
2026-09-24 08:16:00-04:00,30485.0,30490.75,30479.75,30486.5,1094
2026-09-24 08:17:00-04:00,30486.5,30501.75,30486.5,30498.0,1486
2026-09-24 08:18:00-04:00,30497.25,30500.25,30489.5,30492.25,626
2026-09-24 08:19:00-04:00,30492.25,30499.75,30488.75,30495.5,651
2026-09-24 08:20:00-04:00,30495.0,30509.5,30495.0,30499.75,1508
2026-09-24 08:21:00-04:00,30499.25,30505.5,30497.25,30497.5,720
2026-09-24 08:22:00-04:00,30497.5,30504.75,30495.75,30499.5,791
2026-09-24 08:23:00-04:00,30501.25,30501.5,30489.75,30494.5,1024
2026-09-24 08:24:00-04:00,30494.75,30505.0,30488.5,30501.0,1355
2026-09-24 08:25:00-04:00,30499.75,30505.0,30462.25,30485.5,6483
2026-09-24 08:26:00-04:00,30485.5,30486.25,30456.25,30463.75,1932
2026-09-24 08:27:00-04:00,30463.75,30478.75,30456.25,30468.25,1824
2026-09-24 08:28:00-04:00,30467.5,30476.0,30467.25,30475.25,490
2026-09-24 08:29:00-04:00,30474.75,30476.5,30470.25,30472.0,398
2026-09-24 08:30:00-04:00,30472.5,30480.5,30465.5,30475.25,1686
2026-09-24 08:31:00-04:00,30475.75,30476.5,30454.75,30455.75,1435
2026-09-24 08:32:00-04:00,30456.0,30461.25,30452.25,30453.0,1039
2026-09-24 08:33:00-04:00,30453.25,30458.0,30441.0,30445.0,1637
2026-09-24 08:34:00-04:00,30445.5,30451.0,30436.25,30438.25,1247
2026-09-24 08:35:00-04:00,30437.5,30441.5,30429.0,30430.0,1343
2026-09-24 08:36:00-04:00,30430.25,30437.25,30426.25,30431.5,1550
2026-09-24 08:37:00-04:00,30431.5,30440.0,30425.75,30426.75,1278
2026-09-24 08:38:00-04:00,30427.0,30428.5,30420.5,30427.75,1338
2026-09-24 08:39:00-04:00,30427.75,30438.0,30427.5,30436.75,1122
2026-09-24 08:40:00-04:00,30436.75,30451.75,30435.0,30440.75,1916
2026-09-24 08:41:00-04:00,30440.75,30464.5,30439.5,30463.25,1685
2026-09-24 08:42:00-04:00,30462.75,30478.5,30462.5,30463.5,2592
2026-09-24 08:43:00-04:00,30463.5,30473.0,30461.25,30471.75,890
2026-09-24 08:44:00-04:00,30473.0,30479.0,30470.0,30473.0,819
2026-09-24 08:45:00-04:00,30473.0,30480.25,30469.25,30470.25,877
2026-09-24 08:46:00-04:00,30470.0,30471.0,30462.75,30467.5,1255
2026-09-24 08:47:00-04:00,30467.5,30471.5,30462.25,30468.5,685
2026-09-24 08:48:00-04:00,30468.25,30481.25,30464.0,30480.0,1261
2026-09-24 08:49:00-04:00,30480.0,30481.0,30469.5,30474.5,812
2026-09-24 08:50:00-04:00,30474.5,30475.0,30457.25,30462.5,1334
2026-09-24 08:51:00-04:00,30462.25,30471.75,30462.0,30466.25,805
2026-09-24 08:52:00-04:00,30466.0,30475.25,30463.0,30472.0,736
2026-09-24 08:53:00-04:00,30471.5,30474.25,30463.25,30463.75,684
2026-09-24 08:54:00-04:00,30464.0,30482.75,30463.75,30482.5,1862
2026-09-24 08:55:00-04:00,30482.25,30488.5,30479.5,30487.5,1302
2026-09-24 08:56:00-04:00,30487.5,30497.75,30474.75,30476.5,1910
2026-09-24 08:57:00-04:00,30476.5,30491.75,30474.75,30490.5,1490
2026-09-24 08:58:00-04:00,30490.5,30491.75,30484.25,30486.0,728
2026-09-24 08:59:00-04:00,30485.5,30488.75,30480.0,30486.5,1181
2026-09-24 09:00:00-04:00,30486.5,30496.0,30485.0,30495.5,1688
2026-09-24 09:01:00-04:00,30495.25,30501.5,30494.5,30495.75,1462
2026-09-24 09:02:00-04:00,30496.25,30510.5,30495.0,30509.75,2013
2026-09-24 09:03:00-04:00,30509.0,30509.75,30497.5,30498.5,1766
2026-09-24 09:04:00-04:00,30498.75,30504.5,30494.75,30499.0,2001
2026-09-24 09:05:00-04:00,30498.75,30499.75,30485.0,30490.75,1939
2026-09-24 09:06:00-04:00,30490.75,30499.0,30489.25,30493.0,1317
2026-09-24 09:07:00-04:00,30493.0,30498.75,30490.5,30492.5,842
2026-09-24 09:08:00-04:00,30492.5,30499.25,30487.25,30493.75,752
2026-09-24 09:09:00-04:00,30493.25,30502.25,30491.0,30501.25,754
2026-09-24 09:10:00-04:00,30501.5,30508.25,30500.75,30504.25,1054
2026-09-24 09:11:00-04:00,30504.25,30519.75,30503.75,30517.0,2028
2026-09-24 09:12:00-04:00,30517.25,30519.75,30508.0,30508.75,1289
2026-09-24 09:13:00-04:00,30508.75,30514.75,30507.5,30511.0,943
2026-09-24 09:14:00-04:00,30512.25,30513.75,30507.75,30510.0,389
2026-09-24 09:15:00-04:00,30509.75,30512.25,30503.5,30505.75,1267
2026-09-24 09:16:00-04:00,30505.5,30512.5,30501.75,30511.5,1107
2026-09-24 09:17:00-04:00,30511.5,30521.0,30511.0,30518.0,1298
2026-09-24 09:18:00-04:00,30518.25,30522.5,30514.0,30520.25,1454
2026-09-24 09:19:00-04:00,30520.0,30521.0,30512.75,30518.5,939
2026-09-24 09:20:00-04:00,30518.5,30520.0,30511.75,30513.5,853
2026-09-24 09:21:00-04:00,30513.5,30513.5,30505.5,30506.5,1304
2026-09-24 09:22:00-04:00,30506.0,30513.75,30503.75,30512.25,1069
2026-09-24 09:23:00-04:00,30511.75,30512.0,30505.25,30509.5,747
2026-09-24 09:24:00-04:00,30510.0,30513.0,30507.5,30510.25,757
2026-09-24 09:25:00-04:00,30509.75,30515.0,30498.75,30512.5,2409
2026-09-24 09:26:00-04:00,30513.0,30519.5,30511.75,30513.25,1495
2026-09-24 09:27:00-04:00,30512.75,30526.25,30508.25,30525.5,2690
2026-09-24 09:28:00-04:00,30525.5,30525.5,30514.25,30520.0,1645
2026-09-24 09:29:00-04:00,30519.75,30522.5,30515.5,30519.25,1833
2026-09-24 09:30:00-04:00,30519.75,30533.5,30490.25,30515.5,16922
2026-09-24 09:31:00-04:00,30515.75,30525.0,30497.25,30524.25,10371
2026-09-24 09:32:00-04:00,30524.5,30545.0,30502.5,30505.0,14878
2026-09-24 09:33:00-04:00,30505.0,30533.0,30501.75,30525.0,9633
2026-09-24 09:34:00-04:00,30525.0,30551.0,30519.25,30540.0,9765
2026-09-24 09:35:00-04:00,30539.75,30566.75,30536.0,30561.5,12603
2026-09-24 09:36:00-04:00,30561.25,30593.5,30561.25,30580.25,12943
2026-09-24 09:37:00-04:00,30580.5,30587.5,30563.5,30585.75,8318
2026-09-24 09:38:00-04:00,30586.25,30606.75,30582.75,30605.25,10040
2026-09-24 09:39:00-04:00,30605.0,30605.5,30589.75,30596.0,5714
2026-09-24 09:40:00-04:00,30595.5,30598.0,30576.75,30590.5,9101
2026-09-24 09:41:00-04:00,30590.75,30597.0,30562.5,30565.0,8756
2026-09-24 09:42:00-04:00,30565.0,30582.75,30558.25,30565.0,7489
2026-09-24 09:43:00-04:00,30565.0,30578.0,30561.75,30574.75,5371
2026-09-24 09:44:00-04:00,30574.75,30587.5,30569.25,30583.5,6247
2026-09-24 09:45:00-04:00,30583.5,30598.25,30569.0,30592.0,9510
2026-09-24 09:46:00-04:00,30592.25,30608.75,30585.75,30603.25,7965
2026-09-24 09:47:00-04:00,30603.75,30622.75,30601.5,30615.5,9342
2026-09-24 09:48:00-04:00,30615.75,30616.75,30581.5,30585.0,9789
2026-09-24 09:49:00-04:00,30585.0,30587.25,30566.25,30577.0,8404
2026-09-24 09:50:00-04:00,30577.0,30586.25,30565.0,30574.75,7615
2026-09-24 09:51:00-04:00,30574.75,30590.25,30561.75,30564.25,6954
2026-09-24 09:52:00-04:00,30564.25,30586.5,30561.5,30575.0,6576
2026-09-24 09:53:00-04:00,30575.0,30578.0,30553.75,30559.25,6805
2026-09-24 09:54:00-04:00,30559.0,30563.25,30534.75,30544.75,11215
2026-09-24 09:55:00-04:00,30544.75,30563.5,30542.75,30546.0,7342
2026-09-24 09:56:00-04:00,30546.0,30552.75,30531.25,30549.5,7096
2026-09-24 09:57:00-04:00,30549.5,30559.75,30545.75,30553.0,4755
2026-09-24 09:58:00-04:00,30553.25,30570.75,30545.0,30560.0,4333
2026-09-24 09:59:00-04:00,30559.5,30583.0,30557.5,30579.5,5713
2026-09-24 10:00:00-04:00,30579.75,30608.75,30570.0,30596.0,11937
2026-09-24 10:01:00-04:00,30596.25,30610.25,30580.25,30583.5,7396
2026-09-24 10:02:00-04:00,30583.5,30596.5,30578.5,30590.0,4460
2026-09-24 10:03:00-04:00,30589.75,30600.75,30585.5,30600.0,3592
2026-09-24 10:04:00-04:00,30600.0,30611.75,30594.75,30606.5,5783
2026-09-24 10:05:00-04:00,30606.5,30611.25,30598.5,30604.75,3744
2026-09-24 10:06:00-04:00,30604.75,30606.5,30591.5,30598.0,4114
2026-09-24 10:07:00-04:00,30598.5,30617.0,30594.75,30612.75,5480
2026-09-24 10:08:00-04:00,30613.0,30613.25,30597.5,30599.5,3877
2026-09-24 10:09:00-04:00,30599.5,30608.5,30598.0,30599.0,2608
2026-09-24 10:10:00-04:00,30599.5,30600.0,30580.25,30594.25,7541
2026-09-24 10:11:00-04:00,30594.0,30594.75,30564.0,30574.0,6849
2026-09-24 10:12:00-04:00,30574.0,30577.5,30565.5,30570.25,4509
2026-09-24 10:13:00-04:00,30570.5,30583.25,30568.75,30580.25,4455
2026-09-24 10:14:00-04:00,30580.25,30588.5,30578.5,30585.75,3865
2026-09-24 10:15:00-04:00,30586.0,30596.25,30569.5,30571.25,7575
2026-09-24 10:16:00-04:00,30571.0,30582.25,30566.25,30580.75,4800
2026-09-24 10:17:00-04:00,30580.25,30588.25,30560.5,30575.0,6427
2026-09-24 10:18:00-04:00,30574.75,30600.0,30573.25,30595.0,6811
2026-09-24 10:19:00-04:00,30595.5,30603.0,30589.0,30596.0,4233
2026-09-24 10:20:00-04:00,30596.0,30602.5,30590.0,30599.25,3713
2026-09-24 10:21:00-04:00,30599.75,30607.25,30591.75,30592.5,4331
2026-09-24 10:22:00-04:00,30592.25,30601.75,30589.5,30596.0,3428
2026-09-24 10:23:00-04:00,30596.25,30616.5,30595.5,30609.0,5639
2026-09-24 10:24:00-04:00,30609.0,30613.25,30597.0,30601.5,3868
2026-09-24 10:25:00-04:00,30601.5,30612.25,30595.0,30608.5,4864
2026-09-24 10:26:00-04:00,30608.5,30616.5,30607.25,30613.25,4095
2026-09-24 10:27:00-04:00,30614.0,30638.25,30608.5,30637.5,9526
2026-09-24 10:28:00-04:00,30637.25,30637.5,30626.5,30631.5,5809
2026-09-24 10:29:00-04:00,30631.75,30635.5,30618.5,30630.5,4928
2026-09-24 10:30:00-04:00,30630.25,30630.5,30602.75,30606.75,8052
2026-09-24 10:31:00-04:00,30607.0,30616.0,30604.0,30609.75,4341
2026-09-24 10:32:00-04:00,30610.5,30623.0,30605.75,30612.5,5321
2026-09-24 10:33:00-04:00,30612.5,30626.5,30605.75,30620.5,4684
2026-09-24 10:34:00-04:00,30621.25,30632.75,30618.25,30630.5,3948
2026-09-24 10:35:00-04:00,30630.0,30644.25,30619.0,30634.25,6057
2026-09-24 10:36:00-04:00,30634.0,30634.75,30606.75,30613.5,7106
2026-09-24 10:37:00-04:00,30614.0,30621.0,30607.0,30610.25,3923
2026-09-24 10:38:00-04:00,30610.25,30617.25,30603.25,30605.25,3713
2026-09-24 10:39:00-04:00,30606.25,30614.5,30591.0,30607.5,6554
2026-09-24 10:40:00-04:00,30607.25,30613.0,30602.25,30605.5,3765
2026-09-24 10:41:00-04:00,30605.5,30607.5,30596.5,30597.25,3585
2026-09-24 10:42:00-04:00,30597.5,30616.0,30596.75,30602.5,5468
2026-09-24 10:43:00-04:00,30602.5,30603.75,30586.25,30587.25,5863
2026-09-24 10:44:00-04:00,30587.0,30589.0,30571.5,30579.5,7280
2026-09-24 10:45:00-04:00,30579.5,30583.25,30572.25,30575.25,4707
2026-09-24 10:46:00-04:00,30575.0,30585.25,30568.75,30585.25,5119
2026-09-24 10:47:00-04:00,30584.75,30607.25,30583.5,30603.25,7855
2026-09-24 10:48:00-04:00,30603.0,30605.5,30591.75,30592.5,4173
2026-09-24 10:49:00-04:00,30593.0,30599.0,30587.0,30592.5,3661
2026-09-24 10:50:00-04:00,30592.25,30614.0,30588.5,30589.0,9399
2026-09-24 10:51:00-04:00,30588.75,30595.0,30580.75,30586.5,5474
2026-09-24 10:52:00-04:00,30586.25,30591.5,30572.75,30573.25,4812
2026-09-24 10:53:00-04:00,30573.25,30574.75,30557.5,30571.75,8164
2026-09-24 10:54:00-04:00,30572.0,30574.25,30559.75,30564.75,3834
2026-09-24 10:55:00-04:00,30565.25,30566.25,30544.0,30546.0,6528
2026-09-24 10:56:00-04:00,30546.25,30552.0,30544.25,30551.0,4367
2026-09-24 10:57:00-04:00,30550.75,30553.25,30538.25,30545.5,4827
2026-09-24 10:58:00-04:00,30545.25,30547.75,30534.0,30543.25,4841
2026-09-24 10:59:00-04:00,30543.0,30547.0,30532.75,30542.0,4599
2026-09-24 11:00:00-04:00,30542.75,30552.25,30539.0,30544.25,7122
2026-09-24 11:01:00-04:00,30544.0,30551.25,30543.0,30547.5,3414
2026-09-24 11:02:00-04:00,30547.75,30569.25,30544.75,30550.0,7631
2026-09-24 11:03:00-04:00,30550.25,30564.0,30544.0,30561.25,5008
2026-09-24 11:04:00-04:00,30561.0,30573.5,30549.25,30553.75,6122
2026-09-24 11:05:00-04:00,30553.0,30559.5,30540.5,30543.5,6097
2026-09-24 11:06:00-04:00,30543.5,30552.25,30531.25,30534.5,5325
2026-09-24 11:07:00-04:00,30534.5,30534.75,30524.0,30529.75,6222
2026-09-24 11:08:00-04:00,30530.0,30538.5,30525.5,30534.0,3396
2026-09-24 11:09:00-04:00,30534.5,30534.75,30515.0,30516.75,5044
2026-09-24 11:10:00-04:00,30516.5,30528.0,30516.0,30526.0,4181
2026-09-24 11:11:00-04:00,30525.75,30530.25,30522.25,30529.5,2823
2026-09-24 11:12:00-04:00,30528.75,30537.75,30518.0,30519.5,5104
2026-09-24 11:13:00-04:00,30519.25,30522.0,30505.5,30511.75,6787
2026-09-24 11:14:00-04:00,30512.0,30518.0,30504.0,30511.25,4518
2026-09-24 11:15:00-04:00,30510.75,30523.5,30505.5,30519.25,5999
2026-09-24 11:16:00-04:00,30519.25,30545.5,30516.75,30534.5,10701
2026-09-24 11:17:00-04:00,30534.5,30547.25,30528.0,30538.5,5726
2026-09-24 11:18:00-04:00,30538.25,30539.5,30516.25,30524.25,4784
2026-09-24 11:19:00-04:00,30524.5,30524.75,30512.75,30518.0,3389
2026-09-24 11:20:00-04:00,30518.0,30520.5,30510.0,30515.75,4193
2026-09-24 11:21:00-04:00,30516.0,30530.75,30515.25,30527.5,4868
2026-09-24 11:22:00-04:00,30527.75,30533.75,30522.25,30532.75,4109
2026-09-24 11:23:00-04:00,30532.75,30546.0,30529.5,30544.0,5013
2026-09-24 11:24:00-04:00,30544.25,30558.0,30543.25,30554.5,5083
2026-09-24 11:25:00-04:00,30554.75,30555.5,30528.25,30532.75,5892
2026-09-24 11:26:00-04:00,30532.25,30534.0,30519.25,30520.75,4427
2026-09-24 11:27:00-04:00,30520.75,30523.0,30514.5,30520.5,3979
2026-09-24 11:28:00-04:00,30520.5,30522.5,30507.75,30510.75,3456
2026-09-24 11:29:00-04:00,30510.25,30517.0,30507.0,30513.5,3513
2026-09-24 11:30:00-04:00,30514.0,30518.5,30501.75,30506.75,4493
2026-09-24 11:31:00-04:00,30506.5,30516.0,30505.75,30511.0,2981
2026-09-24 11:32:00-04:00,30510.75,30520.0,30502.5,30517.5,4733
2026-09-24 11:33:00-04:00,30517.75,30522.25,30511.75,30520.5,2719
2026-09-24 11:34:00-04:00,30520.25,30527.25,30517.75,30521.5,3414
2026-09-24 11:35:00-04:00,30521.5,30537.0,30519.5,30531.0,4988
2026-09-24 11:36:00-04:00,30531.0,30543.0,30529.75,30534.75,5485
2026-09-24 11:37:00-04:00,30535.25,30542.25,30534.25,30540.0,3082
2026-09-24 11:38:00-04:00,30540.0,30544.25,30530.5,30531.25,3205
2026-09-24 11:39:00-04:00,30531.0,30531.5,30513.5,30526.0,5697
2026-09-24 11:40:00-04:00,30526.0,30530.0,30518.75,30519.5,3449
2026-09-24 11:41:00-04:00,30519.25,30528.75,30517.5,30524.0,3007
2026-09-24 11:42:00-04:00,30523.25,30525.0,30509.75,30516.25,3269
2026-09-24 11:43:00-04:00,30515.75,30528.75,30513.75,30528.5,3068
2026-09-24 11:44:00-04:00,30527.5,30540.75,30527.25,30537.5,3636
2026-09-24 11:45:00-04:00,30537.5,30550.0,30537.5,30545.25,4226
2026-09-24 11:46:00-04:00,30545.0,30545.0,30535.0,30538.75,3332
2026-09-24 11:47:00-04:00,30538.5,30547.25,30526.75,30527.75,3536
2026-09-24 11:48:00-04:00,30528.0,30531.25,30513.25,30514.25,4128
2026-09-24 11:49:00-04:00,30514.25,30520.0,30505.5,30516.5,4096
2026-09-24 11:50:00-04:00,30516.75,30546.0,30514.75,30545.25,5548
2026-09-24 11:51:00-04:00,30545.75,30553.0,30543.0,30550.0,4315
2026-09-24 11:52:00-04:00,30550.0,30562.5,30549.25,30560.0,4767
2026-09-24 11:53:00-04:00,30560.0,30567.75,30555.0,30557.0,4468
2026-09-24 11:54:00-04:00,30556.75,30567.5,30553.0,30566.75,3815
2026-09-24 11:55:00-04:00,30566.75,30570.0,30558.5,30558.75,2968
2026-09-24 11:56:00-04:00,30558.75,30559.25,30546.0,30555.0,4977
2026-09-24 11:57:00-04:00,30555.0,30556.0,30546.5,30554.0,2496
2026-09-24 11:58:00-04:00,30553.75,30561.75,30552.75,30560.0,2741
2026-09-24 11:59:00-04:00,30559.5,30562.0,30553.0,30554.0,1970
2026-09-24 12:00:00-04:00,30554.0,30556.75,30526.5,30529.25,6503
2026-09-24 12:01:00-04:00,30529.25,30539.25,30523.5,30532.0,4481
2026-09-24 12:02:00-04:00,30532.0,30538.25,30526.75,30532.5,2680
2026-09-24 12:03:00-04:00,30532.75,30534.5,30525.5,30532.0,2456
2026-09-24 12:04:00-04:00,30531.5,30540.75,30527.0,30539.75,2609
2026-09-24 12:05:00-04:00,30539.5,30542.0,30530.75,30541.5,2590
2026-09-24 12:06:00-04:00,30541.5,30542.0,30524.5,30531.5,2981
2026-09-24 12:07:00-04:00,30531.5,30532.75,30517.0,30524.25,3490
2026-09-24 12:08:00-04:00,30523.25,30526.0,30517.75,30523.5,1782
2026-09-24 12:09:00-04:00,30524.0,30526.0,30517.0,30523.75,2111
2026-09-24 12:10:00-04:00,30522.75,30528.25,30519.75,30521.5,2353
2026-09-24 12:11:00-04:00,30521.75,30522.25,30506.25,30509.75,3741
2026-09-24 12:12:00-04:00,30510.0,30518.5,30509.0,30510.5,2483
2026-09-24 12:13:00-04:00,30511.5,30523.5,30507.5,30522.75,2770
2026-09-24 12:14:00-04:00,30522.0,30561.25,30521.25,30559.25,5885
2026-09-24 12:15:00-04:00,30559.25,30632.5,30556.0,30625.5,28248
2026-09-24 12:16:00-04:00,30625.0,30714.5,30617.5,30699.75,24020
2026-09-24 12:17:00-04:00,30698.75,30724.75,30679.5,30712.25,16473
2026-09-24 12:18:00-04:00,30711.5,30748.25,30692.75,30695.5,16730
2026-09-24 12:19:00-04:00,30694.75,30709.75,30664.75,30682.25,12174
2026-09-24 12:20:00-04:00,30682.25,30710.75,30677.75,30693.0,10839
2026-09-24 12:21:00-04:00,30692.5,30694.0,30671.5,30676.5,8317
2026-09-24 12:22:00-04:00,30676.75,30703.5,30676.0,30699.75,7754
2026-09-24 12:23:00-04:00,30699.5,30707.0,30682.25,30687.75,8337
2026-09-24 12:24:00-04:00,30687.0,30696.5,30676.0,30689.5,5938
2026-09-24 12:25:00-04:00,30689.5,30698.5,30654.0,30655.25,8190
2026-09-24 12:26:00-04:00,30655.5,30674.5,30653.0,30669.25,5956
2026-09-24 12:27:00-04:00,30669.5,30692.5,30650.75,30690.75,6701
2026-09-24 12:28:00-04:00,30690.0,30710.0,30687.5,30703.75,6723
2026-09-24 12:29:00-04:00,30703.25,30705.25,30693.0,30697.5,3737
2026-09-24 12:30:00-04:00,30697.75,30701.25,30688.0,30694.75,4106
2026-09-24 12:31:00-04:00,30694.75,30702.75,30673.5,30674.25,4793
2026-09-24 12:32:00-04:00,30673.75,30676.75,30661.5,30670.75,5007
2026-09-24 12:33:00-04:00,30670.75,30686.75,30668.5,30684.0,4695
2026-09-24 12:34:00-04:00,30683.5,30687.25,30672.5,30684.75,3746
2026-09-24 12:35:00-04:00,30685.25,30705.75,30681.0,30703.75,4870
2026-09-24 12:36:00-04:00,30703.75,30735.0,30703.0,30734.75,6318
2026-09-24 12:37:00-04:00,30734.75,30748.0,30733.25,30736.0,6622
2026-09-24 12:38:00-04:00,30736.25,30742.25,30731.25,30735.25,4348
2026-09-24 12:39:00-04:00,30736.25,30747.25,30734.0,30747.0,3420
2026-09-24 12:40:00-04:00,30746.5,30778.0,30737.5,30777.0,8248
2026-09-24 12:41:00-04:00,30777.25,30795.75,30776.75,30795.75,8214
2026-09-24 12:42:00-04:00,30795.5,30814.75,30795.25,30811.25,8204
2026-09-24 12:43:00-04:00,30811.25,30813.5,30784.0,30787.25,7565
2026-09-24 12:44:00-04:00,30787.5,30792.25,30744.25,30746.5,8107
2026-09-24 12:45:00-04:00,30747.0,30751.75,30725.5,30738.0,9717
2026-09-24 12:46:00-04:00,30738.0,30753.75,30733.25,30747.5,8494
2026-09-24 12:47:00-04:00,30747.5,30750.75,30733.0,30743.5,5674
2026-09-24 12:48:00-04:00,30743.75,30780.5,30743.75,30775.75,7301
2026-09-24 12:49:00-04:00,30776.0,30792.75,30768.5,30785.75,5761
2026-09-24 12:50:00-04:00,30785.5,30792.75,30775.25,30781.5,6143
2026-09-24 12:51:00-04:00,30782.0,30805.75,30781.25,30793.5,6370
2026-09-24 12:52:00-04:00,30793.25,30796.25,30762.5,30766.5,6154
2026-09-24 12:53:00-04:00,30767.25,30771.25,30750.0,30756.0,4885
2026-09-24 12:54:00-04:00,30756.5,30771.5,30752.5,30763.5,4880
2026-09-24 12:55:00-04:00,30762.5,30777.5,30758.75,30768.25,4255
2026-09-24 12:56:00-04:00,30768.0,30799.0,30765.0,30798.5,4071
2026-09-24 12:57:00-04:00,30798.0,30815.75,30796.75,30797.0,5972
2026-09-24 12:58:00-04:00,30796.75,30805.25,30795.0,30799.5,3736
2026-09-24 12:59:00-04:00,30799.75,30801.25,30790.0,30792.5,3102
2026-09-24 13:00:00-04:00,30792.0,30792.0,30766.25,30772.75,7071
2026-09-24 13:01:00-04:00,30772.5,30796.25,30768.0,30785.25,5959
2026-09-24 13:02:00-04:00,30785.5,30788.25,30758.0,30787.75,7703
2026-09-24 13:03:00-04:00,30788.0,30818.5,30787.0,30805.75,8886
2026-09-24 13:04:00-04:00,30805.5,30808.5,30784.5,30807.0,9122
2026-09-24 13:05:00-04:00,30807.25,30827.5,30801.0,30805.25,8411
2026-09-24 13:06:00-04:00,30805.5,30815.5,30798.0,30803.0,4638
2026-09-24 13:07:00-04:00,30803.25,30813.75,30795.75,30797.0,3438
2026-09-24 13:08:00-04:00,30797.0,30806.0,30789.25,30804.25,4118
2026-09-24 13:09:00-04:00,30804.75,30805.5,30791.0,30791.75,2605
2026-09-24 13:10:00-04:00,30791.75,30793.25,30762.25,30773.0,10600
2026-09-24 13:11:00-04:00,30773.0,30777.25,30761.75,30772.0,4429
2026-09-24 13:12:00-04:00,30771.5,30776.25,30762.75,30765.25,2732
2026-09-24 13:13:00-04:00,30765.25,30782.25,30756.25,30782.0,4320
2026-09-24 13:14:00-04:00,30781.75,30796.25,30780.25,30790.0,3700
2026-09-24 13:15:00-04:00,30790.0,30793.25,30768.5,30772.75,4207
2026-09-24 13:16:00-04:00,30772.5,30782.5,30769.5,30770.5,2738
2026-09-24 13:17:00-04:00,30770.5,30780.75,30764.25,30765.0,2937
2026-09-24 13:18:00-04:00,30764.75,30789.0,30764.5,30782.75,3072
2026-09-24 13:19:00-04:00,30782.0,30782.75,30746.0,30746.5,6805
2026-09-24 13:20:00-04:00,30746.75,30748.75,30733.0,30746.25,6012
2026-09-24 13:21:00-04:00,30745.75,30753.75,30739.0,30745.5,4076
2026-09-24 13:22:00-04:00,30745.75,30761.5,30743.75,30753.5,3776
2026-09-24 13:23:00-04:00,30753.0,30758.25,30742.25,30750.5,3254
2026-09-24 13:24:00-04:00,30750.5,30760.5,30733.5,30736.25,4067
2026-09-24 13:25:00-04:00,30736.25,30740.25,30721.0,30722.75,5068
2026-09-24 13:26:00-04:00,30722.75,30727.0,30700.25,30707.25,6251
2026-09-24 13:27:00-04:00,30707.0,30717.75,30705.0,30714.75,4030
2026-09-24 13:28:00-04:00,30715.5,30736.25,30714.5,30733.75,4691
2026-09-24 13:29:00-04:00,30733.25,30740.0,30730.75,30735.5,3336
2026-09-24 13:30:00-04:00,30735.0,30754.0,30732.5,30750.5,5669
2026-09-24 13:31:00-04:00,30750.25,30761.25,30745.5,30752.25,4165
2026-09-24 13:32:00-04:00,30752.0,30756.25,30739.25,30747.0,3609
2026-09-24 13:33:00-04:00,30747.25,30747.5,30733.0,30737.75,3985
2026-09-24 13:34:00-04:00,30738.0,30738.25,30717.0,30718.25,4088
2026-09-24 13:35:00-04:00,30718.0,30726.75,30714.0,30716.25,3180
2026-09-24 13:36:00-04:00,30716.0,30726.75,30713.75,30719.75,2912
2026-09-24 13:37:00-04:00,30719.5,30724.5,30707.0,30709.75,4129
2026-09-24 13:38:00-04:00,30709.25,30713.25,30697.5,30706.0,3598
2026-09-24 13:39:00-04:00,30705.75,30721.25,30705.75,30712.5,3650
2026-09-24 13:40:00-04:00,30712.25,30723.5,30711.5,30714.75,3274
2026-09-24 13:41:00-04:00,30714.75,30720.0,30703.25,30708.25,4762
2026-09-24 13:42:00-04:00,30708.75,30723.0,30707.0,30707.5,3169
2026-09-24 13:43:00-04:00,30708.0,30709.5,30673.25,30680.0,7622
2026-09-24 13:44:00-04:00,30679.5,30685.25,30671.5,30673.0,4049
2026-09-24 13:45:00-04:00,30673.0,30681.75,30665.25,30680.5,5849
2026-09-24 13:46:00-04:00,30680.0,30695.0,30678.0,30687.5,4067
2026-09-24 13:47:00-04:00,30688.5,30705.5,30686.25,30704.75,4536
2026-09-24 13:48:00-04:00,30704.5,30706.75,30690.75,30695.25,3917
2026-09-24 13:49:00-04:00,30695.0,30708.75,30692.5,30701.75,3247
2026-09-24 13:50:00-04:00,30701.75,30705.5,30694.0,30697.5,2907
2026-09-24 13:51:00-04:00,30697.75,30704.0,30690.25,30691.75,2575
2026-09-24 13:52:00-04:00,30691.75,30702.25,30683.0,30687.0,3449
2026-09-24 13:53:00-04:00,30687.25,30694.5,30680.25,30680.75,3061
2026-09-24 13:54:00-04:00,30681.25,30686.0,30670.75,30681.75,4131
2026-09-24 13:55:00-04:00,30682.0,30688.0,30672.75,30673.25,2946
2026-09-24 13:56:00-04:00,30672.75,30703.5,30672.25,30696.75,4427
2026-09-24 13:57:00-04:00,30696.75,30697.5,30685.5,30691.0,3254
2026-09-24 13:58:00-04:00,30691.0,30693.5,30681.5,30693.25,2327
2026-09-24 13:59:00-04:00,30693.5,30705.75,30689.5,30696.75,2625
2026-09-24 14:00:00-04:00,30697.0,30698.5,30685.25,30686.0,3587
2026-09-24 14:01:00-04:00,30686.25,30689.0,30654.25,30664.75,6535
2026-09-24 14:02:00-04:00,30664.75,30665.25,30646.25,30650.5,5891
2026-09-24 14:03:00-04:00,30650.25,30650.25,30623.5,30633.5,8395
2026-09-24 14:04:00-04:00,30633.5,30643.0,30622.25,30627.0,5383
2026-09-24 14:05:00-04:00,30627.25,30642.75,30626.5,30638.25,4423
2026-09-24 14:06:00-04:00,30637.75,30662.75,30628.0,30656.75,6313
2026-09-24 14:07:00-04:00,30656.75,30668.75,30647.5,30657.25,4124
2026-09-24 14:08:00-04:00,30657.5,30690.75,30657.5,30679.25,6467
2026-09-24 14:09:00-04:00,30679.25,30691.0,30678.5,30683.5,3089
2026-09-24 14:10:00-04:00,30683.5,30693.0,30677.5,30682.0,3434
2026-09-24 14:11:00-04:00,30681.75,30705.25,30681.75,30693.75,5514
2026-09-24 14:12:00-04:00,30693.0,30695.0,30680.25,30682.25,2940
2026-09-24 14:13:00-04:00,30682.25,30688.0,30677.25,30683.5,2979
2026-09-24 14:14:00-04:00,30683.5,30697.75,30682.5,30696.0,2694
2026-09-24 14:15:00-04:00,30695.75,30702.5,30690.0,30698.75,3120
2026-09-24 14:16:00-04:00,30698.5,30719.75,30697.5,30712.5,6222
2026-09-24 14:17:00-04:00,30712.5,30721.75,30709.75,30720.75,3392
2026-09-24 14:18:00-04:00,30720.5,30729.75,30709.0,30711.75,4692
2026-09-24 14:19:00-04:00,30711.75,30716.75,30706.25,30714.0,2022
2026-09-24 14:20:00-04:00,30713.75,30718.25,30693.0,30697.25,4213
2026-09-24 14:21:00-04:00,30696.75,30709.5,30696.25,30707.5,2649
2026-09-24 14:22:00-04:00,30707.5,30713.25,30705.0,30706.25,2255
2026-09-24 14:23:00-04:00,30706.0,30722.75,30703.75,30720.0,2815
2026-09-24 14:24:00-04:00,30719.0,30720.0,30714.0,30717.75,1763
2026-09-24 14:25:00-04:00,30718.0,30746.75,30715.25,30732.0,9562
2026-09-24 14:26:00-04:00,30732.25,30753.0,30732.0,30743.25,5598
2026-09-24 14:27:00-04:00,30742.75,30745.5,30735.5,30738.75,3772
2026-09-24 14:28:00-04:00,30739.0,30749.0,30735.5,30741.25,2957
2026-09-24 14:29:00-04:00,30741.0,30746.75,30736.75,30740.25,1630
2026-09-24 14:30:00-04:00,30740.75,30746.75,30736.25,30740.5,2387
2026-09-24 14:31:00-04:00,30740.75,30742.25,30722.0,30732.5,4642
2026-09-24 14:32:00-04:00,30732.75,30732.75,30717.0,30723.5,3315
2026-09-24 14:33:00-04:00,30724.25,30733.25,30723.5,30727.25,2464
2026-09-24 14:34:00-04:00,30727.0,30731.25,30717.0,30717.25,2119
2026-09-24 14:35:00-04:00,30717.25,30720.0,30703.5,30707.0,3657
2026-09-24 14:36:00-04:00,30707.0,30719.5,30704.5,30713.75,2760
2026-09-24 14:37:00-04:00,30713.75,30722.0,30711.0,30715.25,2692
2026-09-24 14:38:00-04:00,30715.25,30759.5,30714.25,30758.25,12286
2026-09-24 14:39:00-04:00,30758.5,30783.75,30746.25,30753.25,12500
2026-09-24 14:40:00-04:00,30752.5,30752.5,30730.75,30738.0,4283
2026-09-24 14:41:00-04:00,30738.0,30743.25,30730.75,30740.25,3059
2026-09-24 14:42:00-04:00,30740.25,30746.25,30727.5,30734.5,3010
2026-09-24 14:43:00-04:00,30734.75,30735.25,30724.5,30734.0,2359
2026-09-24 14:44:00-04:00,30734.0,30741.0,30731.25,30737.25,2627
2026-09-24 14:45:00-04:00,30736.75,30751.25,30736.0,30744.25,2826
2026-09-24 14:46:00-04:00,30744.75,30749.25,30741.75,30746.75,1725
2026-09-24 14:47:00-04:00,30747.25,30750.5,30742.0,30743.5,1431
2026-09-24 14:48:00-04:00,30744.0,30752.25,30741.25,30748.0,1539
2026-09-24 14:49:00-04:00,30748.25,30750.5,30740.75,30747.25,1625
2026-09-24 14:50:00-04:00,30746.75,30768.75,30744.25,30761.5,5218
2026-09-24 14:51:00-04:00,30762.0,30763.25,30750.0,30757.5,2455
2026-09-24 14:52:00-04:00,30758.0,30776.25,30757.5,30771.5,3392
2026-09-24 14:53:00-04:00,30771.5,30771.5,30763.25,30767.5,1850
2026-09-24 14:54:00-04:00,30767.0,30768.75,30763.5,30766.5,1311
2026-09-24 14:55:00-04:00,30766.25,30778.5,30765.5,30775.75,2388
2026-09-24 14:56:00-04:00,30776.0,30788.25,30774.5,30785.25,2371
2026-09-24 14:57:00-04:00,30785.25,30792.25,30783.25,30788.5,2110
2026-09-24 14:58:00-04:00,30789.5,30792.0,30781.25,30788.5,2337
2026-09-24 14:59:00-04:00,30788.5,30791.0,30776.5,30779.5,2372
2026-09-24 15:00:00-04:00,30779.75,30783.75,30767.0,30774.25,4901
2026-09-24 15:01:00-04:00,30774.5,30776.0,30749.5,30757.5,7422
2026-09-24 15:02:00-04:00,30757.75,30761.5,30739.5,30742.0,4378
2026-09-24 15:03:00-04:00,30742.25,30743.75,30727.5,30728.0,3495
2026-09-24 15:04:00-04:00,30728.5,30735.5,30726.25,30733.75,2964
2026-09-24 15:05:00-04:00,30734.25,30743.25,30732.0,30742.75,2800
2026-09-24 15:06:00-04:00,30743.25,30746.25,30737.25,30738.25,2492
2026-09-24 15:07:00-04:00,30738.0,30746.0,30732.5,30742.0,2090
2026-09-24 15:08:00-04:00,30743.25,30749.75,30738.5,30739.25,1830
2026-09-24 15:09:00-04:00,30739.25,30742.25,30733.5,30738.75,2008
2026-09-24 15:10:00-04:00,30738.5,30744.75,30726.5,30728.25,2535
2026-09-24 15:11:00-04:00,30728.25,30733.25,30723.25,30730.0,2949
2026-09-24 15:12:00-04:00,30729.75,30735.0,30726.25,30733.5,1873
2026-09-24 15:13:00-04:00,30733.25,30743.0,30731.0,30737.75,1945
2026-09-24 15:14:00-04:00,30738.0,30739.0,30725.5,30726.5,2135
2026-09-24 15:15:00-04:00,30727.0,30742.0,30727.0,30739.25,2469
2026-09-24 15:16:00-04:00,30739.0,30755.0,30737.5,30753.5,2906
2026-09-24 15:17:00-04:00,30753.5,30759.5,30750.25,30755.25,3373
2026-09-24 15:18:00-04:00,30755.5,30768.5,30754.75,30763.25,2735
2026-09-24 15:19:00-04:00,30763.75,30764.5,30753.75,30761.75,3203
2026-09-24 15:20:00-04:00,30762.0,30766.5,30755.0,30755.25,1966
2026-09-24 15:21:00-04:00,30755.25,30761.0,30748.5,30760.75,2098
2026-09-24 15:22:00-04:00,30760.5,30764.5,30757.5,30760.25,1592
2026-09-24 15:23:00-04:00,30759.75,30760.5,30753.5,30760.25,1094
2026-09-24 15:24:00-04:00,30760.25,30769.0,30759.0,30766.5,1928
2026-09-24 15:25:00-04:00,30766.75,30773.0,30765.5,30766.5,1778
2026-09-24 15:26:00-04:00,30766.25,30771.0,30762.0,30769.0,1621
2026-09-24 15:27:00-04:00,30768.5,30769.5,30761.5,30761.5,1236
2026-09-24 15:28:00-04:00,30761.5,30765.5,30757.0,30758.5,1849
2026-09-24 15:29:00-04:00,30759.0,30759.5,30745.25,30750.75,2406
2026-09-24 15:30:00-04:00,30750.0,30757.5,30747.5,30753.75,2317
2026-09-24 15:31:00-04:00,30753.75,30764.75,30752.25,30764.5,1756
2026-09-24 15:32:00-04:00,30764.5,30764.5,30746.5,30749.5,2077
2026-09-24 15:33:00-04:00,30749.5,30757.0,30749.5,30756.75,1049
2026-09-24 15:34:00-04:00,30756.5,30768.25,30754.0,30767.75,1945
2026-09-24 15:35:00-04:00,30767.0,30768.0,30752.0,30757.25,2275
2026-09-24 15:36:00-04:00,30756.75,30764.75,30756.75,30761.75,1322
2026-09-24 15:37:00-04:00,30761.5,30761.75,30748.25,30751.5,1551
2026-09-24 15:38:00-04:00,30751.75,30757.0,30749.0,30754.75,1181
2026-09-24 15:39:00-04:00,30755.0,30764.25,30753.75,30763.0,1460
2026-09-24 15:40:00-04:00,30763.25,30769.75,30755.75,30756.25,2027
2026-09-24 15:41:00-04:00,30756.25,30762.75,30755.0,30762.0,1113
2026-09-24 15:42:00-04:00,30761.75,30762.0,30752.75,30754.0,995
2026-09-24 15:43:00-04:00,30753.75,30759.25,30750.0,30757.25,1200
2026-09-24 15:44:00-04:00,30757.0,30760.5,30750.0,30753.0,1603
2026-09-24 15:45:00-04:00,30752.75,30759.0,30747.0,30753.0,2054
2026-09-24 15:46:00-04:00,30753.0,30758.75,30751.0,30757.25,1466
2026-09-24 15:47:00-04:00,30757.5,30762.25,30755.75,30756.75,1308
2026-09-24 15:48:00-04:00,30757.0,30757.75,30749.75,30752.25,1377
2026-09-24 15:49:00-04:00,30752.0,30755.75,30745.75,30748.0,1480
2026-09-24 15:50:00-04:00,30747.5,30775.0,30747.25,30757.75,5985
2026-09-24 15:51:00-04:00,30757.75,30781.5,30755.25,30777.25,3837
2026-09-24 15:52:00-04:00,30777.75,30783.75,30773.75,30780.75,1995
2026-09-24 15:53:00-04:00,30781.0,30790.25,30780.25,30782.75,2805
2026-09-24 15:54:00-04:00,30783.0,30785.0,30774.0,30778.75,4708
2026-09-24 15:55:00-04:00,30779.0,30780.0,30764.75,30776.5,4604
2026-09-24 15:56:00-04:00,30776.75,30782.5,30768.25,30771.0,2058
2026-09-24 15:57:00-04:00,30770.75,30771.75,30765.25,30768.75,1377
2026-09-24 15:58:00-04:00,30769.0,30776.5,30767.75,30768.5,2069
2026-09-24 15:59:00-04:00,30768.5,30777.25,30756.0,30756.75,7785
2026-09-24 16:00:00-04:00,30756.75,30762.0,30744.5,30745.75,4117
2026-09-24 16:01:00-04:00,30746.25,30746.75,30732.0,30732.75,3512
2026-09-24 16:02:00-04:00,30732.5,30734.75,30723.0,30726.75,2514
2026-09-24 16:03:00-04:00,30727.0,30728.25,30722.75,30725.0,1107
2026-09-24 16:04:00-04:00,30724.75,30728.25,30724.25,30728.0,728
2026-09-24 16:05:00-04:00,30728.0,30729.5,30725.25,30726.75,852
2026-09-24 16:06:00-04:00,30727.5,30729.5,30723.75,30728.5,660
2026-09-24 16:07:00-04:00,30728.75,30733.0,30726.25,30730.5,990
2026-09-24 16:08:00-04:00,30731.0,30733.5,30730.0,30732.0,526
2026-09-24 16:09:00-04:00,30732.0,30734.5,30727.5,30729.25,754
2026-09-24 16:10:00-04:00,30729.0,30730.0,30717.0,30717.75,1858
2026-09-24 16:11:00-04:00,30718.0,30718.5,30710.5,30712.75,1380
2026-09-24 16:12:00-04:00,30712.5,30718.5,30712.25,30715.25,741
2026-09-24 16:13:00-04:00,30715.75,30716.0,30705.5,30708.0,1064
2026-09-24 16:14:00-04:00,30708.25,30712.25,30695.75,30698.75,1551
2026-09-24 16:15:00-04:00,30698.0,30712.75,30692.0,30693.0,2633
2026-09-24 16:16:00-04:00,30693.25,30698.5,30679.25,30682.5,1863
2026-09-24 16:17:00-04:00,30681.75,30687.25,30674.25,30680.75,1587
2026-09-24 16:18:00-04:00,30680.5,30685.75,30671.5,30679.0,1749
2026-09-24 16:19:00-04:00,30678.5,30686.0,30676.75,30680.5,889
2026-09-24 16:20:00-04:00,30680.0,30683.0,30675.5,30676.25,746
2026-09-24 16:21:00-04:00,30675.25,30677.0,30669.5,30675.25,1016
2026-09-24 16:22:00-04:00,30675.25,30679.75,30671.0,30673.5,688
2026-09-24 16:23:00-04:00,30674.0,30676.0,30670.5,30674.75,501
2026-09-24 16:24:00-04:00,30674.75,30682.25,30671.5,30673.0,988
2026-09-24 16:25:00-04:00,30673.0,30678.75,30665.25,30677.0,1169
2026-09-24 16:26:00-04:00,30677.0,30680.5,30671.0,30672.0,926
2026-09-24 16:27:00-04:00,30673.25,30674.0,30668.75,30670.5,491
2026-09-24 16:28:00-04:00,30670.75,30675.0,30667.25,30669.0,458
2026-09-24 16:29:00-04:00,30669.25,30669.5,30661.75,30667.25,775
2026-09-24 16:30:00-04:00,30666.5,30672.75,30664.0,30671.75,655
2026-09-24 16:31:00-04:00,30672.0,30675.5,30668.0,30672.5,653
2026-09-24 16:32:00-04:00,30673.0,30678.75,30672.5,30674.25,687
2026-09-24 16:33:00-04:00,30675.25,30679.5,30674.0,30678.0,518
2026-09-24 16:34:00-04:00,30678.0,30685.25,30677.0,30680.0,841
2026-09-24 16:35:00-04:00,30681.0,30683.75,30678.5,30678.5,494
2026-09-24 16:36:00-04:00,30678.75,30687.0,30678.0,30684.75,603
2026-09-24 16:37:00-04:00,30684.5,30687.0,30678.75,30682.0,685
2026-09-24 16:38:00-04:00,30682.0,30685.0,30681.25,30683.5,210
2026-09-24 16:39:00-04:00,30683.5,30690.25,30683.0,30690.0,574
2026-09-24 16:40:00-04:00,30690.0,30691.75,30686.75,30687.25,525
2026-09-24 16:41:00-04:00,30688.0,30695.0,30686.25,30691.75,484
2026-09-24 16:42:00-04:00,30692.25,30693.25,30688.75,30692.0,334
2026-09-24 16:43:00-04:00,30692.0,30703.25,30692.0,30703.0,874
2026-09-24 16:44:00-04:00,30702.5,30708.0,30702.25,30706.0,773
2026-09-24 16:45:00-04:00,30705.75,30710.5,30705.5,30705.75,631
2026-09-24 16:46:00-04:00,30706.0,30718.25,30704.75,30714.75,777
2026-09-24 16:47:00-04:00,30715.25,30717.5,30710.5,30714.25,575
2026-09-24 16:48:00-04:00,30714.5,30717.5,30713.75,30716.5,274
2026-09-24 16:49:00-04:00,30716.25,30719.0,30714.5,30717.25,341
2026-09-24 16:50:00-04:00,30717.25,30721.75,30715.75,30719.0,278
2026-09-24 16:51:00-04:00,30719.0,30721.0,30717.5,30720.0,312
2026-09-24 16:52:00-04:00,30720.0,30723.0,30718.5,30721.5,305
2026-09-24 16:53:00-04:00,30721.75,30723.25,30720.5,30721.25,252
2026-09-24 16:54:00-04:00,30720.75,30727.5,30720.5,30727.5,284
2026-09-24 16:55:00-04:00,30727.25,30731.25,30727.0,30730.25,600
2026-09-24 16:56:00-04:00,30730.0,30733.0,30728.75,30730.75,254
2026-09-24 16:57:00-04:00,30730.75,30735.0,30723.0,30734.0,476
2026-09-24 16:58:00-04:00,30733.0,30739.75,30732.5,30735.75,415
2026-09-24 16:59:00-04:00,30735.75,30739.25,30732.75,30735.5,322
2026-09-24 18:00:00-04:00,30731.0,30740.25,30715.75,30737.0,0
2026-09-24 18:01:00-04:00,30735.5,30749.25,30732.25,30742.25,1571
2026-09-24 18:02:00-04:00,30741.0,30759.75,30740.75,30751.5,1397
2026-09-24 18:03:00-04:00,30751.25,30757.0,30749.0,30750.25,587
2026-09-24 18:04:00-04:00,30749.75,30750.25,30740.5,30745.75,832
2026-09-24 18:05:00-04:00,30745.0,30746.75,30720.25,30727.5,1535
2026-09-24 18:06:00-04:00,30726.75,30732.0,30709.0,30717.0,1468
2026-09-24 18:07:00-04:00,30716.75,30734.75,30711.5,30731.5,1174
2026-09-24 18:08:00-04:00,30731.75,30734.25,30728.0,30728.75,518
2026-09-24 18:09:00-04:00,30729.5,30733.75,30729.0,30732.0,232
2026-09-24 18:10:00-04:00,30732.75,30735.5,30730.5,30733.75,261
2026-09-24 18:11:00-04:00,30732.75,30733.25,30729.75,30731.0,223
2026-09-24 18:12:00-04:00,30731.5,30732.25,30729.75,30731.0,116
2026-09-24 18:13:00-04:00,30731.5,30733.0,30726.25,30727.25,393
2026-09-24 18:14:00-04:00,30727.5,30728.75,30725.5,30726.0,226
2026-09-24 18:15:00-04:00,30726.75,30730.5,30724.5,30727.5,358
2026-09-24 18:16:00-04:00,30726.5,30729.0,30721.75,30725.25,469
2026-09-24 18:17:00-04:00,30724.5,30727.5,30724.25,30725.0,172
2026-09-24 18:18:00-04:00,30725.0,30726.25,30723.25,30725.0,165
2026-09-24 18:19:00-04:00,30726.0,30726.0,30720.5,30721.5,378
2026-09-24 18:20:00-04:00,30721.25,30721.5,30715.5,30719.5,561
2026-09-24 18:21:00-04:00,30718.75,30719.75,30713.5,30719.0,442
2026-09-24 18:22:00-04:00,30718.25,30723.0,30716.5,30722.0,604
2026-09-24 18:23:00-04:00,30721.75,30722.75,30717.5,30719.0,229
2026-09-24 18:24:00-04:00,30718.75,30719.25,30713.75,30715.0,269
2026-09-24 18:25:00-04:00,30714.5,30716.0,30713.0,30714.0,249
2026-09-24 18:26:00-04:00,30713.5,30714.0,30705.5,30708.0,936
2026-09-24 18:27:00-04:00,30707.5,30710.75,30706.75,30708.25,250
2026-09-24 18:28:00-04:00,30708.5,30709.0,30705.25,30707.75,354
2026-09-24 18:29:00-04:00,30708.0,30716.75,30707.75,30710.75,588
2026-09-24 18:30:00-04:00,30711.25,30725.0,30708.75,30719.0,1402
2026-09-24 18:31:00-04:00,30718.25,30722.0,30716.75,30718.75,537
2026-09-24 18:32:00-04:00,30718.5,30722.75,30715.5,30718.25,568
2026-09-24 18:33:00-04:00,30717.75,30720.5,30713.75,30719.0,332
2026-09-24 18:34:00-04:00,30718.25,30720.25,30717.25,30718.25,165
2026-09-24 18:35:00-04:00,30718.25,30723.5,30718.25,30722.0,315
2026-09-24 18:36:00-04:00,30721.75,30722.25,30719.5,30719.75,202
2026-09-24 18:37:00-04:00,30720.0,30724.5,30717.75,30722.0,283
2026-09-24 18:38:00-04:00,30721.75,30722.75,30718.5,30720.25,288
2026-09-24 18:39:00-04:00,30720.5,30721.5,30716.75,30718.5,344
2026-09-24 18:40:00-04:00,30718.5,30722.0,30715.75,30721.75,270
2026-09-24 18:41:00-04:00,30721.25,30731.0,30719.5,30726.5,863
2026-09-24 18:42:00-04:00,30726.75,30734.5,30726.25,30733.0,543
2026-09-24 18:43:00-04:00,30732.5,30736.5,30732.0,30734.0,490
2026-09-24 18:44:00-04:00,30734.25,30735.75,30728.75,30731.75,507
2026-09-24 18:45:00-04:00,30731.75,30734.0,30728.0,30732.0,386
2026-09-24 18:46:00-04:00,30731.5,30732.0,30722.75,30728.0,629
2026-09-24 18:47:00-04:00,30727.5,30728.75,30726.25,30728.0,126
2026-09-24 18:48:00-04:00,30728.25,30728.5,30725.0,30725.5,152
2026-09-24 18:49:00-04:00,30726.0,30733.0,30725.75,30731.0,796
2026-09-24 18:50:00-04:00,30730.75,30734.25,30730.0,30732.75,304
2026-09-24 18:51:00-04:00,30733.5,30733.75,30729.0,30732.75,285
2026-09-24 18:52:00-04:00,30733.5,30734.25,30730.25,30730.75,196
2026-09-24 18:53:00-04:00,30730.5,30732.75,30730.5,30730.5,114
2026-09-24 18:54:00-04:00,30731.75,30733.75,30730.75,30731.5,169
2026-09-24 18:55:00-04:00,30731.25,30732.0,30726.5,30728.0,341
2026-09-24 18:56:00-04:00,30727.25,30732.0,30727.25,30731.0,241
2026-09-24 18:57:00-04:00,30731.25,30735.75,30730.25,30735.75,243
2026-09-24 18:58:00-04:00,30735.5,30736.0,30729.75,30730.0,365
2026-09-24 18:59:00-04:00,30729.75,30731.0,30727.0,30729.5,213
2026-09-24 19:00:00-04:00,30729.25,30735.25,30728.5,30731.25,460
2026-09-24 19:01:00-04:00,30731.0,30732.75,30731.0,30731.75,157
2026-09-24 19:02:00-04:00,30732.0,30733.0,30729.25,30729.75,232
2026-09-24 19:03:00-04:00,30730.0,30733.25,30727.25,30730.75,216
2026-09-24 19:04:00-04:00,30731.25,30735.75,30730.5,30733.0,251
2026-09-24 19:05:00-04:00,30733.0,30737.25,30731.75,30732.75,298
2026-09-24 19:06:00-04:00,30732.0,30732.25,30723.5,30730.25,471
2026-09-24 19:07:00-04:00,30730.5,30730.5,30727.0,30727.75,173
2026-09-24 19:08:00-04:00,30728.0,30728.25,30713.75,30721.25,898
2026-09-24 19:09:00-04:00,30721.75,30723.0,30719.75,30721.75,240
2026-09-24 19:10:00-04:00,30721.5,30723.0,30716.75,30718.75,346
2026-09-24 19:11:00-04:00,30718.25,30720.75,30716.5,30720.75,234
2026-09-24 19:12:00-04:00,30719.75,30720.75,30714.0,30715.0,291
2026-09-24 19:13:00-04:00,30715.5,30717.75,30710.25,30717.0,500
2026-09-24 19:14:00-04:00,30716.25,30717.75,30714.5,30717.5,163
2026-09-24 19:15:00-04:00,30717.5,30719.25,30712.75,30718.5,353
2026-09-24 19:16:00-04:00,30718.75,30721.75,30716.0,30719.0,545
2026-09-24 19:17:00-04:00,30719.0,30720.75,30717.0,30718.0,255
2026-09-24 19:18:00-04:00,30717.75,30718.5,30716.0,30717.75,104
2026-09-24 19:19:00-04:00,30717.5,30718.75,30714.75,30716.25,242
2026-09-24 19:20:00-04:00,30716.0,30717.5,30711.75,30716.0,331
2026-09-24 19:21:00-04:00,30715.75,30717.25,30713.5,30715.75,230
2026-09-24 19:22:00-04:00,30715.0,30716.75,30714.5,30715.5,184
2026-09-24 19:23:00-04:00,30715.25,30720.5,30715.0,30719.0,273
2026-09-24 19:24:00-04:00,30718.75,30726.5,30718.75,30725.25,599
2026-09-24 19:25:00-04:00,30725.25,30726.0,30721.75,30722.5,304
2026-09-24 19:26:00-04:00,30723.0,30727.5,30722.5,30726.0,316
2026-09-24 19:27:00-04:00,30726.5,30733.75,30726.25,30731.75,763
2026-09-24 19:28:00-04:00,30731.75,30732.75,30729.75,30729.75,359
2026-09-24 19:29:00-04:00,30730.25,30731.25,30724.5,30725.75,566
2026-09-24 19:30:00-04:00,30726.0,30729.5,30726.0,30728.25,279
2026-09-24 19:31:00-04:00,30728.25,30729.25,30726.25,30729.0,222
2026-09-24 19:32:00-04:00,30727.75,30728.0,30726.0,30727.0,140
2026-09-24 19:33:00-04:00,30727.5,30732.25,30727.0,30729.0,336
2026-09-24 19:34:00-04:00,30729.25,30730.75,30727.0,30727.75,119
2026-09-24 19:35:00-04:00,30727.0,30727.75,30722.0,30723.0,348
2026-09-24 19:36:00-04:00,30723.25,30731.5,30723.0,30730.0,372
2026-09-24 19:37:00-04:00,30730.5,30730.5,30723.75,30724.75,218
2026-09-24 19:38:00-04:00,30724.75,30727.25,30724.25,30726.0,134
2026-09-24 19:39:00-04:00,30726.75,30727.0,30723.75,30725.5,101
2026-09-24 19:40:00-04:00,30725.75,30726.5,30723.0,30725.0,163
2026-09-24 19:41:00-04:00,30725.75,30726.0,30723.75,30724.25,70
2026-09-24 19:42:00-04:00,30724.5,30725.5,30721.75,30724.5,205
2026-09-24 19:43:00-04:00,30724.75,30724.75,30713.25,30714.0,784
2026-09-24 19:44:00-04:00,30714.0,30714.0,30707.75,30707.75,650
2026-09-24 19:45:00-04:00,30708.5,30713.75,30707.0,30710.25,629
2026-09-24 19:46:00-04:00,30710.25,30711.25,30703.5,30705.5,956
2026-09-24 19:47:00-04:00,30705.5,30707.75,30701.25,30704.25,558
2026-09-24 19:48:00-04:00,30704.5,30706.5,30697.5,30697.5,834
2026-09-24 19:49:00-04:00,30697.25,30705.0,30696.5,30702.25,662
2026-09-24 19:50:00-04:00,30701.75,30704.75,30697.25,30700.75,528
2026-09-24 19:51:00-04:00,30700.25,30700.25,30686.0,30691.5,1975
2026-09-24 19:52:00-04:00,30691.75,30697.0,30690.75,30695.75,482
2026-09-24 19:53:00-04:00,30696.5,30696.75,30691.0,30694.75,514
2026-09-24 19:54:00-04:00,30695.0,30695.25,30691.75,30692.5,229
2026-09-24 19:55:00-04:00,30692.75,30695.0,30691.25,30693.75,280
2026-09-24 19:56:00-04:00,30693.5,30695.5,30692.25,30694.25,223
2026-09-24 19:57:00-04:00,30694.75,30696.75,30681.25,30685.25,1235
2026-09-24 19:58:00-04:00,30685.0,30690.0,30685.0,30686.0,583
2026-09-24 19:59:00-04:00,30686.0,30690.75,30686.0,30687.75,432
2026-09-24 20:00:00-04:00,30687.75,30709.75,30686.25,30698.75,2755
2026-09-24 20:01:00-04:00,30699.0,30708.0,30696.0,30696.75,1089
2026-09-24 20:02:00-04:00,30697.0,30703.25,30695.5,30699.5,701
2026-09-24 20:03:00-04:00,30700.0,30712.75,30698.0,30707.0,1120
2026-09-24 20:04:00-04:00,30707.5,30718.0,30702.75,30707.25,1626
2026-09-24 20:05:00-04:00,30706.0,30708.5,30697.25,30705.25,1114
2026-09-24 20:06:00-04:00,30704.75,30705.25,30684.75,30685.75,1780
2026-09-24 20:07:00-04:00,30686.0,30694.0,30684.25,30692.5,974
2026-09-24 20:08:00-04:00,30692.5,30702.25,30692.5,30702.0,985
2026-09-24 20:09:00-04:00,30701.5,30702.25,30695.0,30699.5,636
2026-09-24 20:10:00-04:00,30699.5,30704.5,30695.0,30697.5,1024
2026-09-24 20:11:00-04:00,30697.5,30703.0,30691.5,30692.0,752
2026-09-24 20:12:00-04:00,30692.0,30695.75,30690.25,30691.75,415
2026-09-24 20:13:00-04:00,30692.25,30700.75,30686.5,30699.75,942
2026-09-24 20:14:00-04:00,30699.0,30700.5,30694.5,30696.75,484
2026-09-24 20:15:00-04:00,30697.5,30697.75,30680.0,30694.0,1743
2026-09-24 20:16:00-04:00,30694.5,30695.75,30686.75,30695.75,836
2026-09-24 20:17:00-04:00,30695.5,30702.0,30688.75,30690.25,890
2026-09-24 20:18:00-04:00,30690.75,30695.75,30687.25,30693.0,651
2026-09-24 20:19:00-04:00,30693.25,30695.75,30689.0,30693.25,415
2026-09-24 20:20:00-04:00,30693.25,30709.0,30691.5,30705.75,1418
2026-09-24 20:21:00-04:00,30705.75,30712.0,30705.0,30707.25,779
2026-09-24 20:22:00-04:00,30707.5,30725.5,30706.25,30720.25,1452
2026-09-24 20:23:00-04:00,30720.25,30724.5,30718.25,30720.0,640
2026-09-24 20:24:00-04:00,30719.25,30723.0,30716.75,30720.5,612
2026-09-24 20:25:00-04:00,30720.75,30726.25,30709.75,30725.0,1486
2026-09-24 20:26:00-04:00,30724.25,30727.75,30716.75,30722.0,1177
2026-09-24 20:27:00-04:00,30721.75,30722.75,30715.5,30719.0,505
2026-09-24 20:28:00-04:00,30718.75,30721.0,30716.0,30717.75,518
2026-09-24 20:29:00-04:00,30717.75,30720.0,30711.75,30714.25,463
2026-09-24 20:30:00-04:00,30714.0,30716.5,30708.25,30710.25,911
2026-09-24 20:31:00-04:00,30710.0,30713.25,30704.5,30707.5,948
2026-09-24 20:32:00-04:00,30707.25,30711.0,30700.75,30709.75,1045
2026-09-24 20:33:00-04:00,30709.5,30714.75,30707.0,30712.75,737
2026-09-24 20:34:00-04:00,30712.25,30712.75,30701.75,30705.5,446
2026-09-24 20:35:00-04:00,30706.0,30709.5,30705.25,30707.25,388
2026-09-24 20:36:00-04:00,30707.5,30708.5,30698.5,30698.75,746
2026-09-24 20:37:00-04:00,30698.5,30702.5,30689.25,30691.0,1570
2026-09-24 20:38:00-04:00,30691.5,30694.0,30682.0,30686.0,1372
2026-09-24 20:39:00-04:00,30685.75,30694.75,30684.25,30690.5,832
2026-09-24 20:40:00-04:00,30690.75,30703.0,30689.5,30697.5,1203
2026-09-24 20:41:00-04:00,30697.5,30699.25,30692.75,30697.25,627
2026-09-24 20:42:00-04:00,30697.5,30705.25,30692.75,30704.25,726
2026-09-24 20:43:00-04:00,30704.25,30707.25,30699.5,30701.0,797
2026-09-24 20:44:00-04:00,30701.25,30702.0,30698.75,30701.0,252
2026-09-24 20:45:00-04:00,30700.5,30705.75,30697.0,30701.75,670
2026-09-24 20:46:00-04:00,30702.5,30708.0,30698.5,30701.0,756
2026-09-24 20:47:00-04:00,30701.0,30703.75,30693.5,30696.75,671
2026-09-24 20:48:00-04:00,30697.0,30704.75,30695.75,30700.75,572
2026-09-24 20:49:00-04:00,30701.25,30707.5,30699.75,30703.5,565
2026-09-24 20:50:00-04:00,30703.75,30706.0,30695.0,30695.25,487
2026-09-24 20:51:00-04:00,30695.25,30698.0,30689.25,30689.25,593
2026-09-24 20:52:00-04:00,30689.0,30693.75,30685.25,30691.75,911
2026-09-24 20:53:00-04:00,30691.0,30698.75,30691.0,30697.75,631
2026-09-24 20:54:00-04:00,30697.5,30703.75,30696.75,30699.75,603
2026-09-24 20:55:00-04:00,30699.5,30704.0,30697.5,30700.5,368
2026-09-24 20:56:00-04:00,30700.5,30701.75,30693.75,30696.75,440
2026-09-24 20:57:00-04:00,30697.25,30697.75,30690.5,30693.0,463
2026-09-24 20:58:00-04:00,30692.25,30702.75,30690.75,30702.0,610
2026-09-24 20:59:00-04:00,30702.0,30704.75,30694.75,30698.25,493
2026-09-24 21:00:00-04:00,30698.25,30699.75,30683.5,30696.25,1570
2026-09-24 21:01:00-04:00,30696.75,30706.75,30696.5,30703.0,1037
2026-09-24 21:02:00-04:00,30703.0,30709.25,30702.75,30704.5,746
2026-09-24 21:03:00-04:00,30704.5,30705.25,30700.75,30701.25,685
2026-09-24 21:04:00-04:00,30701.25,30711.75,30701.25,30710.0,996
2026-09-24 21:05:00-04:00,30709.25,30709.5,30699.75,30701.25,809
2026-09-24 21:06:00-04:00,30700.75,30707.0,30695.5,30705.5,566
2026-09-24 21:07:00-04:00,30706.0,30715.75,30705.75,30712.75,1065
2026-09-24 21:08:00-04:00,30712.0,30722.75,30709.5,30713.75,1757
2026-09-24 21:09:00-04:00,30714.25,30720.0,30713.75,30716.75,520
2026-09-24 21:10:00-04:00,30717.25,30736.0,30716.0,30734.75,1935
2026-09-24 21:11:00-04:00,30734.75,30757.0,30733.5,30754.25,3237
2026-09-24 21:12:00-04:00,30754.25,30761.5,30740.25,30745.0,2365
2026-09-24 21:13:00-04:00,30745.0,30760.5,30742.75,30759.75,1427
2026-09-24 21:14:00-04:00,30760.0,30774.25,30757.75,30764.5,2495
2026-09-24 21:15:00-04:00,30763.75,30768.0,30760.75,30766.5,1192
2026-09-24 21:16:00-04:00,30767.25,30778.25,30762.25,30778.0,1740
2026-09-24 21:17:00-04:00,30778.5,30790.25,30775.5,30778.25,2628
2026-09-24 21:18:00-04:00,30778.25,30778.75,30771.75,30774.0,1234
2026-09-24 21:19:00-04:00,30774.0,30775.0,30767.75,30771.25,863
2026-09-24 21:20:00-04:00,30772.5,30780.5,30769.5,30773.75,942
2026-09-24 21:21:00-04:00,30774.25,30788.25,30774.25,30787.25,1117
2026-09-24 21:22:00-04:00,30787.25,30789.25,30782.75,30784.75,870
2026-09-24 21:23:00-04:00,30784.5,30785.0,30779.0,30780.25,665
2026-09-24 21:24:00-04:00,30780.5,30782.5,30773.5,30776.25,778
2026-09-24 21:25:00-04:00,30776.25,30779.25,30771.75,30775.75,842
2026-09-24 21:26:00-04:00,30775.0,30784.75,30774.25,30779.75,647
2026-09-24 21:27:00-04:00,30780.25,30788.25,30780.0,30783.25,745
2026-09-24 21:28:00-04:00,30783.0,30783.5,30776.5,30779.0,574
2026-09-24 21:29:00-04:00,30778.75,30780.25,30772.5,30775.0,474
2026-09-24 21:30:00-04:00,30775.75,30778.0,30761.0,30762.75,1585
2026-09-24 21:31:00-04:00,30762.5,30764.25,30753.75,30755.5,1474
2026-09-24 21:32:00-04:00,30755.75,30770.75,30754.5,30766.0,1353
2026-09-24 21:33:00-04:00,30765.75,30768.75,30763.5,30764.5,547
2026-09-24 21:34:00-04:00,30764.0,30765.0,30755.25,30756.25,723
2026-09-24 21:35:00-04:00,30755.75,30769.0,30750.25,30766.75,1336
2026-09-24 21:36:00-04:00,30766.5,30770.5,30762.0,30767.25,1117
2026-09-24 21:37:00-04:00,30766.5,30781.5,30766.5,30778.25,1299
2026-09-24 21:38:00-04:00,30777.75,30784.0,30777.0,30783.0,784
2026-09-24 21:39:00-04:00,30782.5,30792.5,30782.0,30791.25,1584
2026-09-24 21:40:00-04:00,30791.25,30792.25,30787.5,30790.0,716
2026-09-24 21:41:00-04:00,30789.75,30800.5,30789.5,30799.0,1645
2026-09-24 21:42:00-04:00,30798.75,30803.75,30798.25,30802.25,1007
2026-09-24 21:43:00-04:00,30802.5,30809.5,30801.0,30806.0,882
2026-09-24 21:44:00-04:00,30805.75,30807.0,30798.0,30798.0,941
2026-09-24 21:45:00-04:00,30798.25,30801.75,30795.5,30796.25,924
2026-09-24 21:46:00-04:00,30796.75,30799.0,30791.5,30795.75,638
2026-09-24 21:47:00-04:00,30796.5,30797.25,30784.0,30788.5,1023
2026-09-24 21:48:00-04:00,30788.25,30795.25,30786.0,30787.5,898
2026-09-24 21:49:00-04:00,30788.25,30799.25,30788.25,30797.75,621
2026-09-24 21:50:00-04:00,30797.5,30799.25,30789.25,30796.0,757
2026-09-24 21:51:00-04:00,30795.5,30796.0,30781.75,30786.25,941
2026-09-24 21:52:00-04:00,30786.75,30790.25,30785.75,30786.75,408
2026-09-24 21:53:00-04:00,30786.5,30787.25,30782.0,30783.25,343
2026-09-24 21:54:00-04:00,30783.25,30784.75,30778.0,30780.5,810
2026-09-24 21:55:00-04:00,30780.5,30781.75,30776.5,30777.5,442
2026-09-24 21:56:00-04:00,30777.5,30778.0,30771.0,30774.5,950
2026-09-24 21:57:00-04:00,30774.25,30778.5,30772.75,30776.25,451
2026-09-24 21:58:00-04:00,30776.0,30783.0,30774.25,30782.25,773
2026-09-24 21:59:00-04:00,30782.75,30791.25,30781.75,30790.75,957
2026-09-24 22:00:00-04:00,30791.0,30796.75,30785.25,30787.75,1425
2026-09-24 22:01:00-04:00,30787.5,30790.0,30783.0,30784.0,580
2026-09-24 22:02:00-04:00,30784.5,30792.75,30784.25,30789.5,533
2026-09-24 22:03:00-04:00,30789.75,30792.25,30788.0,30791.25,335
2026-09-24 22:04:00-04:00,30791.25,30797.25,30788.75,30794.5,809
2026-09-24 22:05:00-04:00,30794.25,30799.0,30794.0,30794.25,555
2026-09-24 22:06:00-04:00,30795.0,30804.75,30793.0,30804.0,898
2026-09-24 22:07:00-04:00,30803.5,30810.0,30799.25,30804.5,1502
2026-09-24 22:08:00-04:00,30804.25,30809.25,30800.25,30802.5,725
2026-09-24 22:09:00-04:00,30802.25,30810.75,30802.0,30806.25,686
2026-09-24 22:10:00-04:00,30806.0,30810.0,30806.0,30808.5,465
2026-09-24 22:11:00-04:00,30807.75,30808.5,30803.0,30805.75,516
2026-09-24 22:12:00-04:00,30805.25,30806.5,30800.75,30801.5,437
2026-09-24 22:13:00-04:00,30801.5,30802.0,30795.5,30799.0,922
2026-09-24 22:14:00-04:00,30799.0,30800.75,30794.0,30797.5,535
2026-09-24 22:15:00-04:00,30797.0,30800.75,30795.0,30798.75,490
2026-09-24 22:16:00-04:00,30798.25,30800.25,30796.25,30798.5,341
2026-09-24 22:17:00-04:00,30798.5,30801.5,30797.75,30799.5,293
2026-09-24 22:18:00-04:00,30799.5,30806.75,30799.5,30806.25,690
2026-09-24 22:19:00-04:00,30806.5,30809.0,30804.0,30806.25,525
2026-09-24 22:20:00-04:00,30806.75,30812.0,30805.5,30809.0,671
2026-09-24 22:21:00-04:00,30809.0,30814.5,30808.25,30813.0,745
2026-09-24 22:22:00-04:00,30812.75,30814.25,30804.75,30807.5,696
2026-09-24 22:23:00-04:00,30807.5,30808.75,30805.75,30807.25,302
2026-09-24 22:24:00-04:00,30807.25,30810.5,30803.75,30803.75,486
2026-09-24 22:25:00-04:00,30803.75,30804.5,30797.25,30800.5,1237
2026-09-24 22:26:00-04:00,30801.25,30803.75,30799.75,30802.25,276
2026-09-24 22:27:00-04:00,30802.75,30803.75,30796.25,30796.5,391
2026-09-24 22:28:00-04:00,30797.25,30802.0,30790.5,30791.5,911
2026-09-24 22:29:00-04:00,30792.25,30793.25,30784.75,30786.5,981
2026-09-24 22:30:00-04:00,30786.25,30787.0,30781.0,30783.75,844
2026-09-24 22:31:00-04:00,30783.5,30786.75,30782.25,30785.75,571
2026-09-24 22:32:00-04:00,30785.75,30789.25,30783.75,30785.75,663
2026-09-24 22:33:00-04:00,30786.0,30787.75,30779.5,30781.0,770
2026-09-24 22:34:00-04:00,30781.0,30781.0,30766.0,30767.0,2030
2026-09-24 22:35:00-04:00,30767.0,30768.25,30763.0,30763.75,882
2026-09-24 22:36:00-04:00,30763.5,30769.75,30763.5,30766.0,712
2026-09-24 22:37:00-04:00,30766.25,30768.75,30763.0,30767.75,504
2026-09-24 22:38:00-04:00,30766.75,30772.75,30760.75,30769.75,1061
2026-09-24 22:39:00-04:00,30770.25,30774.25,30768.25,30773.0,684
2026-09-24 22:40:00-04:00,30773.25,30781.0,30772.25,30774.25,1021
2026-09-24 22:41:00-04:00,30774.5,30777.25,30771.5,30775.0,517
2026-09-24 22:42:00-04:00,30774.5,30780.0,30774.25,30779.5,315
2026-09-24 22:43:00-04:00,30778.75,30788.5,30778.5,30786.5,1080
2026-09-24 22:44:00-04:00,30787.0,30795.0,30784.5,30788.25,1258
2026-09-24 22:45:00-04:00,30787.25,30789.0,30781.75,30782.75,720
2026-09-24 22:46:00-04:00,30783.25,30783.25,30769.75,30772.25,1263
2026-09-24 22:47:00-04:00,30772.25,30775.75,30770.25,30772.0,509
2026-09-24 22:48:00-04:00,30772.25,30775.25,30769.0,30772.0,538
2026-09-24 22:49:00-04:00,30772.0,30773.25,30770.75,30771.5,315
2026-09-24 22:50:00-04:00,30770.75,30771.75,30764.5,30769.5,735
2026-09-24 22:51:00-04:00,30769.75,30773.25,30769.0,30771.0,584
2026-09-24 22:52:00-04:00,30770.75,30773.75,30767.75,30769.75,322
2026-09-24 22:53:00-04:00,30770.0,30776.5,30769.25,30774.75,438
2026-09-24 22:54:00-04:00,30774.5,30785.5,30774.5,30784.75,854
2026-09-24 22:55:00-04:00,30784.75,30787.0,30781.75,30785.5,624
2026-09-24 22:56:00-04:00,30785.5,30788.0,30780.75,30781.75,575
2026-09-24 22:57:00-04:00,30781.5,30784.75,30778.5,30783.5,485
2026-09-24 22:58:00-04:00,30784.0,30788.25,30783.5,30787.5,329
2026-09-24 22:59:00-04:00,30787.0,30792.0,30786.75,30791.5,462
2026-09-24 23:00:00-04:00,30791.0,30792.25,30787.0,30790.25,543
2026-09-24 23:01:00-04:00,30790.25,30793.0,30781.25,30781.75,884
2026-09-24 23:02:00-04:00,30781.75,30788.0,30780.0,30786.5,561
2026-09-24 23:03:00-04:00,30786.5,30786.5,30781.25,30784.25,261
2026-09-24 23:04:00-04:00,30784.0,30787.0,30782.75,30785.75,282
2026-09-24 23:05:00-04:00,30786.25,30793.5,30786.0,30791.0,560
2026-09-24 23:06:00-04:00,30791.5,30802.5,30791.25,30798.75,1318
2026-09-24 23:07:00-04:00,30798.75,30807.75,30797.25,30807.25,724
2026-09-24 23:08:00-04:00,30807.75,30811.0,30806.0,30809.0,1031
2026-09-24 23:09:00-04:00,30809.5,30811.5,30804.0,30806.75,673
2026-09-24 23:10:00-04:00,30806.5,30806.5,30799.0,30800.25,660
2026-09-24 23:11:00-04:00,30800.0,30804.0,30800.0,30802.5,422
2026-09-24 23:12:00-04:00,30802.25,30804.0,30799.25,30801.0,450
2026-09-24 23:13:00-04:00,30800.75,30802.5,30796.75,30797.0,316
2026-09-24 23:14:00-04:00,30796.5,30804.25,30795.25,30802.5,648
2026-09-24 23:15:00-04:00,30802.5,30809.25,30799.5,30805.0,861
2026-09-24 23:16:00-04:00,30804.75,30808.0,30799.5,30801.5,781
2026-09-24 23:17:00-04:00,30800.75,30801.75,30789.75,30793.5,971
2026-09-24 23:18:00-04:00,30793.25,30800.5,30788.0,30796.25,931
2026-09-24 23:19:00-04:00,30796.5,30800.0,30796.0,30799.75,245
2026-09-24 23:20:00-04:00,30799.75,30806.0,30799.0,30805.5,688
2026-09-24 23:21:00-04:00,30804.5,30807.5,30802.5,30804.0,443
2026-09-24 23:22:00-04:00,30803.25,30808.0,30803.25,30807.0,324
2026-09-24 23:23:00-04:00,30807.5,30807.5,30798.5,30799.25,450
2026-09-24 23:24:00-04:00,30799.75,30802.25,30798.5,30800.25,310
2026-09-24 23:25:00-04:00,30800.5,30803.5,30796.5,30796.75,284
2026-09-24 23:26:00-04:00,30797.25,30798.25,30792.75,30796.75,579
2026-09-24 23:27:00-04:00,30797.0,30799.25,30795.25,30796.5,201
2026-09-24 23:28:00-04:00,30796.5,30798.25,30793.5,30794.5,403
2026-09-24 23:29:00-04:00,30794.5,30795.5,30792.25,30794.25,283
2026-09-24 23:30:00-04:00,30794.25,30797.0,30790.0,30794.25,583
2026-09-24 23:31:00-04:00,30795.5,30796.75,30792.5,30794.0,249
2026-09-24 23:32:00-04:00,30794.0,30798.0,30790.75,30795.25,655
2026-09-24 23:33:00-04:00,30795.25,30801.5,30794.25,30800.0,500
2026-09-24 23:34:00-04:00,30800.25,30802.25,30797.0,30797.75,399
2026-09-24 23:35:00-04:00,30798.5,30803.75,30796.25,30797.75,331
2026-09-24 23:36:00-04:00,30798.25,30801.0,30792.5,30794.25,596
2026-09-24 23:37:00-04:00,30793.75,30805.25,30792.5,30804.75,471
2026-09-24 23:38:00-04:00,30804.5,30807.75,30802.25,30802.5,405
2026-09-24 23:39:00-04:00,30803.0,30807.75,30802.0,30807.75,321
2026-09-24 23:40:00-04:00,30807.5,30808.25,30805.5,30807.5,341
2026-09-24 23:41:00-04:00,30807.25,30814.25,30804.0,30808.25,1187
2026-09-24 23:42:00-04:00,30807.25,30810.5,30803.5,30806.25,391
2026-09-24 23:43:00-04:00,30805.25,30806.5,30798.75,30801.0,798
2026-09-24 23:44:00-04:00,30801.0,30804.0,30784.25,30784.5,1147
2026-09-24 23:45:00-04:00,30785.0,30789.25,30782.0,30784.25,954
2026-09-24 23:46:00-04:00,30784.0,30784.5,30774.5,30780.25,1251
2026-09-24 23:47:00-04:00,30780.25,30783.5,30778.0,30780.75,625
2026-09-24 23:48:00-04:00,30780.0,30782.5,30777.25,30779.5,370
2026-09-24 23:49:00-04:00,30779.75,30791.0,30779.75,30787.25,642
2026-09-24 23:50:00-04:00,30786.5,30791.0,30781.75,30784.5,623
2026-09-24 23:51:00-04:00,30784.25,30789.5,30783.5,30787.25,376
2026-09-24 23:52:00-04:00,30787.75,30793.25,30786.5,30790.75,564
2026-09-24 23:53:00-04:00,30791.75,30792.5,30788.5,30790.0,395
2026-09-24 23:54:00-04:00,30790.75,30791.0,30780.5,30784.75,548
2026-09-24 23:55:00-04:00,30784.75,30789.5,30783.25,30787.25,258
2026-09-24 23:56:00-04:00,30787.75,30791.75,30785.25,30786.75,347
2026-09-24 23:57:00-04:00,30787.0,30794.5,30786.0,30793.75,400
2026-09-24 23:58:00-04:00,30793.75,30794.75,30788.25,30790.5,281
