,Open,High,Low,Close,Volume
2026-09-18 00:09:00-04:00,29762.75,29764.25,29762.25,29762.75,0
2026-09-18 00:10:00-04:00,29763.0,29767.0,29763.0,29765.25,236
2026-09-18 00:11:00-04:00,29765.25,29767.5,29763.75,29766.5,244
2026-09-18 00:12:00-04:00,29766.5,29769.0,29766.0,29766.75,381
2026-09-18 00:13:00-04:00,29767.0,29768.25,29766.75,29767.25,151
2026-09-18 00:14:00-04:00,29767.25,29768.25,29762.5,29768.0,546
2026-09-18 00:15:00-04:00,29767.5,29773.5,29767.25,29767.5,1000
2026-09-18 00:16:00-04:00,29767.0,29771.0,29763.25,29771.0,678
2026-09-18 00:17:00-04:00,29771.0,29771.25,29767.0,29769.25,338
2026-09-18 00:18:00-04:00,29768.5,29769.0,29760.75,29762.5,712
2026-09-18 00:19:00-04:00,29763.0,29768.5,29763.0,29766.5,392
2026-09-18 00:20:00-04:00,29766.75,29767.5,29760.0,29761.0,379
2026-09-18 00:21:00-04:00,29761.0,29764.75,29759.5,29763.5,412
2026-09-18 00:22:00-04:00,29763.75,29765.0,29761.75,29764.25,282
2026-09-18 00:23:00-04:00,29764.25,29764.25,29759.0,29762.25,366
2026-09-18 00:24:00-04:00,29761.75,29763.75,29759.25,29760.0,416
2026-09-18 00:25:00-04:00,29760.0,29761.25,29754.75,29760.5,853
2026-09-18 00:26:00-04:00,29760.0,29766.5,29760.0,29765.5,631
2026-09-18 00:27:00-04:00,29765.75,29771.5,29762.25,29771.0,795
2026-09-18 00:28:00-04:00,29771.25,29771.75,29768.25,29768.75,441
2026-09-18 00:29:00-04:00,29769.0,29772.75,29769.0,29772.5,339
2026-09-18 00:30:00-04:00,29772.5,29777.75,29772.25,29773.5,1563
2026-09-18 00:31:00-04:00,29773.75,29779.75,29773.0,29777.75,681
2026-09-18 00:32:00-04:00,29777.5,29779.75,29777.25,29778.0,437
2026-09-18 00:33:00-04:00,29778.25,29779.75,29777.5,29778.5,333
2026-09-18 00:34:00-04:00,29778.5,29779.0,29770.75,29772.75,649
2026-09-18 00:35:00-04:00,29772.25,29774.5,29772.0,29774.25,273
2026-09-18 00:36:00-04:00,29772.75,29772.75,29769.0,29769.75,390
2026-09-18 00:37:00-04:00,29770.5,29773.0,29768.0,29768.25,490
2026-09-18 00:38:00-04:00,29768.5,29770.0,29766.0,29768.25,305
2026-09-18 00:39:00-04:00,29768.75,29770.0,29767.25,29769.5,190
2026-09-18 00:40:00-04:00,29769.5,29770.75,29765.75,29769.25,230
2026-09-18 00:41:00-04:00,29769.5,29773.75,29768.5,29773.5,333
2026-09-18 00:42:00-04:00,29773.5,29785.0,29772.5,29784.5,1584
2026-09-18 00:43:00-04:00,29784.25,29800.5,29782.0,29797.0,3011
2026-09-18 00:44:00-04:00,29797.0,29797.0,29791.0,29795.5,1221
2026-09-18 00:45:00-04:00,29795.5,29796.75,29792.25,29792.5,658
2026-09-18 00:46:00-04:00,29792.75,29793.75,29789.25,29793.75,549
2026-09-18 00:47:00-04:00,29793.75,29793.75,29786.5,29787.75,598
2026-09-18 00:48:00-04:00,29788.0,29791.5,29788.0,29790.0,268
2026-09-18 00:49:00-04:00,29789.75,29792.25,29789.5,29791.5,364
2026-09-18 00:50:00-04:00,29791.0,29802.25,29790.75,29795.75,1358
2026-09-18 00:51:00-04:00,29795.75,29801.0,29795.75,29799.75,396
2026-09-18 00:52:00-04:00,29799.75,29810.0,29798.75,29809.0,1555
2026-09-18 00:53:00-04:00,29809.5,29810.25,29806.0,29808.25,758
2026-09-18 00:54:00-04:00,29808.75,29809.0,29804.0,29805.0,610
2026-09-18 00:55:00-04:00,29804.5,29809.0,29802.5,29806.0,683
2026-09-18 00:56:00-04:00,29806.25,29814.5,29805.5,29812.25,1042
2026-09-18 00:57:00-04:00,29812.25,29813.0,29810.0,29810.25,432
2026-09-18 00:58:00-04:00,29810.25,29810.75,29806.75,29808.25,457
2026-09-18 00:59:00-04:00,29808.25,29811.25,29807.0,29810.5,328
2026-09-18 01:00:00-04:00,29810.5,29810.75,29805.5,29809.0,536
2026-09-18 01:01:00-04:00,29809.25,29809.75,29803.75,29806.75,452
2026-09-18 01:02:00-04:00,29806.75,29809.75,29806.0,29806.0,289
2026-09-18 01:03:00-04:00,29806.5,29812.25,29806.0,29809.5,379
2026-09-18 01:04:00-04:00,29810.0,29811.5,29808.25,29811.25,279
2026-09-18 01:05:00-04:00,29811.75,29812.25,29806.25,29806.25,370
2026-09-18 01:06:00-04:00,29806.25,29808.0,29803.25,29805.25,622
2026-09-18 01:07:00-04:00,29804.75,29811.25,29804.75,29809.25,426
2026-09-18 01:08:00-04:00,29808.75,29809.25,29805.25,29806.25,189
2026-09-18 01:09:00-04:00,29806.0,29807.5,29802.75,29805.5,330
2026-09-18 01:10:00-04:00,29805.5,29810.0,29805.5,29809.75,318
2026-09-18 01:11:00-04:00,29809.75,29815.75,29808.25,29813.25,931
2026-09-18 01:12:00-04:00,29813.5,29814.25,29807.75,29809.75,566
2026-09-18 01:13:00-04:00,29810.0,29812.5,29806.25,29807.0,353
2026-09-18 01:14:00-04:00,29807.25,29811.0,29806.75,29810.25,282
2026-09-18 01:15:00-04:00,29810.75,29813.0,29810.0,29811.5,327
2026-09-18 01:16:00-04:00,29810.75,29815.25,29810.5,29813.25,430
2026-09-18 01:17:00-04:00,29813.5,29815.25,29811.5,29814.5,318
2026-09-18 01:18:00-04:00,29814.5,29815.25,29812.5,29813.75,218
2026-09-18 01:19:00-04:00,29814.0,29814.5,29813.0,29814.25,217
2026-09-18 01:20:00-04:00,29814.0,29815.5,29812.5,29813.0,266
2026-09-18 01:21:00-04:00,29812.75,29818.25,29812.5,29817.0,978
2026-09-18 01:22:00-04:00,29817.0,29818.25,29814.75,29816.25,566
2026-09-18 01:23:00-04:00,29816.25,29819.25,29815.75,29817.25,397
2026-09-18 01:24:00-04:00,29817.25,29824.25,29816.75,29821.75,1195
2026-09-18 01:25:00-04:00,29821.75,29827.0,29821.5,29822.0,1121
2026-09-18 01:26:00-04:00,29822.25,29822.75,29809.75,29814.5,1585
2026-09-18 01:27:00-04:00,29815.0,29815.5,29807.5,29808.5,862
2026-09-18 01:28:00-04:00,29809.0,29811.5,29807.75,29810.0,423
2026-09-18 01:29:00-04:00,29810.0,29820.5,29809.75,29815.0,900
2026-09-18 01:30:00-04:00,29815.0,29825.25,29812.0,29824.25,1218
2026-09-18 01:31:00-04:00,29824.25,29825.5,29816.0,29821.25,519
2026-09-18 01:32:00-04:00,29821.5,29825.25,29820.75,29823.0,420
2026-09-18 01:33:00-04:00,29823.25,29829.25,29822.5,29824.25,1280
2026-09-18 01:34:00-04:00,29824.25,29825.75,29823.25,29824.25,293
2026-09-18 01:35:00-04:00,29823.75,29825.5,29822.75,29824.0,408
2026-09-18 01:36:00-04:00,29824.0,29828.5,29821.25,29828.25,555
2026-09-18 01:37:00-04:00,29827.75,29831.75,29823.5,29831.0,965
2026-09-18 01:38:00-04:00,29830.75,29839.75,29828.75,29837.25,1978
2026-09-18 01:39:00-04:00,29837.75,29844.75,29837.25,29841.0,1422
2026-09-18 01:40:00-04:00,29840.75,29843.75,29839.25,29842.25,739
2026-09-18 01:41:00-04:00,29842.0,29844.25,29836.75,29838.25,718
2026-09-18 01:42:00-04:00,29838.5,29840.5,29834.25,29840.5,690
2026-09-18 01:43:00-04:00,29840.0,29847.5,29838.5,29844.25,1432
2026-09-18 01:44:00-04:00,29844.25,29854.25,29842.5,29854.25,1480
2026-09-18 01:45:00-04:00,29853.5,29860.0,29849.25,29849.5,1887
2026-09-18 01:46:00-04:00,29849.75,29852.5,29844.25,29844.75,1176
2026-09-18 01:47:00-04:00,29845.75,29852.25,29838.5,29843.25,1481
2026-09-18 01:48:00-04:00,29843.5,29852.0,29839.75,29850.25,907
2026-09-18 01:49:00-04:00,29850.0,29851.75,29840.0,29840.25,791
2026-09-18 01:50:00-04:00,29840.0,29852.0,29839.75,29852.0,1086
2026-09-18 01:51:00-04:00,29851.5,29853.25,29844.5,29847.5,661
2026-09-18 01:52:00-04:00,29847.0,29849.25,29839.75,29842.0,594
2026-09-18 01:53:00-04:00,29841.25,29847.25,29841.25,29845.0,338
2026-09-18 01:54:00-04:00,29845.25,29847.0,29840.0,29842.25,420
2026-09-18 01:55:00-04:00,29841.5,29844.0,29839.5,29841.5,431
2026-09-18 01:56:00-04:00,29841.5,29843.5,29838.75,29840.0,419
2026-09-18 01:57:00-04:00,29840.0,29843.5,29839.0,29841.25,339
2026-09-18 01:58:00-04:00,29841.5,29843.25,29838.5,29843.0,395
2026-09-18 01:59:00-04:00,29843.0,29849.5,29843.0,29846.5,599
2026-09-18 02:00:00-04:00,29846.0,29858.25,29844.75,29854.0,1402
2026-09-18 02:01:00-04:00,29853.75,29863.75,29853.25,29862.25,1570
2026-09-18 02:02:00-04:00,29862.0,29870.0,29856.75,29869.25,1832
2026-09-18 02:03:00-04:00,29870.0,29871.0,29865.5,29867.5,1528
2026-09-18 02:04:00-04:00,29868.0,29869.75,29862.25,29868.5,745
2026-09-18 02:05:00-04:00,29868.75,29870.25,29861.75,29866.5,710
2026-09-18 02:06:00-04:00,29866.75,29871.0,29864.25,29865.5,617
2026-09-18 02:07:00-04:00,29865.25,29869.5,29864.5,29869.25,614
2026-09-18 02:08:00-04:00,29869.75,29872.5,29868.0,29870.5,897
2026-09-18 02:09:00-04:00,29870.0,29872.0,29868.75,29871.25,463
2026-09-18 02:10:00-04:00,29871.0,29874.0,29864.0,29873.0,944
2026-09-18 02:11:00-04:00,29873.25,29878.5,29873.0,29875.0,1232
2026-09-18 02:12:00-04:00,29874.75,29880.25,29872.75,29878.0,999
2026-09-18 02:13:00-04:00,29877.75,29881.5,29877.0,29880.0,549
2026-09-18 02:14:00-04:00,29880.5,29885.5,29879.75,29882.75,1035
2026-09-18 02:15:00-04:00,29883.0,29890.0,29881.5,29883.5,1765
2026-09-18 02:16:00-04:00,29883.5,29886.5,29882.25,29884.0,672
2026-09-18 02:17:00-04:00,29884.0,29884.0,29876.5,29880.5,1385
2026-09-18 02:18:00-04:00,29880.75,29880.75,29870.75,29876.0,1405
2026-09-18 02:19:00-04:00,29877.75,29884.75,29877.75,29880.0,957
2026-09-18 02:20:00-04:00,29880.0,29880.0,29874.0,29875.25,613
2026-09-18 02:21:00-04:00,29875.0,29883.0,29874.5,29881.5,510
2026-09-18 02:22:00-04:00,29881.0,29892.25,29879.75,29889.75,1107
2026-09-18 02:23:00-04:00,29889.0,29896.75,29888.25,29893.0,1171
2026-09-18 02:24:00-04:00,29893.25,29895.0,29891.25,29892.25,643
2026-09-18 02:25:00-04:00,29892.0,29897.0,29891.75,29894.5,737
2026-09-18 02:26:00-04:00,29894.0,29895.0,29890.0,29893.5,588
2026-09-18 02:27:00-04:00,29893.5,29896.25,29892.5,29894.5,380
2026-09-18 02:28:00-04:00,29894.0,29897.0,29893.0,29894.75,269
2026-09-18 02:29:00-04:00,29894.5,29895.5,29882.75,29885.25,1141
2026-09-18 02:30:00-04:00,29885.25,29894.0,29884.0,29893.5,974
2026-09-18 02:31:00-04:00,29893.5,29897.5,29892.5,29896.75,782
2026-09-18 02:32:00-04:00,29896.75,29905.0,29894.75,29904.5,1977
2026-09-18 02:33:00-04:00,29903.75,29913.25,29903.75,29906.5,2007
2026-09-18 02:34:00-04:00,29907.25,29908.0,29903.5,29905.5,759
2026-09-18 02:35:00-04:00,29906.0,29912.0,29904.75,29909.25,715
2026-09-18 02:36:00-04:00,29909.5,29909.5,29902.0,29902.5,574
2026-09-18 02:37:00-04:00,29903.0,29909.75,29901.0,29909.0,635
2026-09-18 02:38:00-04:00,29909.5,29919.0,29908.75,29916.0,2078
2026-09-18 02:39:00-04:00,29916.5,29919.25,29913.0,29917.25,926
2026-09-18 02:40:00-04:00,29917.5,29917.75,29911.25,29913.75,454
2026-09-18 02:41:00-04:00,29914.25,29917.75,29912.0,29913.5,519
2026-09-18 02:42:00-04:00,29914.0,29914.25,29901.25,29905.75,1284
2026-09-18 02:43:00-04:00,29905.75,29907.0,29902.0,29904.75,446
2026-09-18 02:44:00-04:00,29905.75,29908.0,29899.25,29906.0,895
2026-09-18 02:45:00-04:00,29906.25,29909.25,29901.75,29906.25,523
2026-09-18 02:46:00-04:00,29906.0,29912.5,29904.5,29907.75,784
2026-09-18 02:47:00-04:00,29907.5,29911.75,29902.5,29903.25,484
2026-09-18 02:48:00-04:00,29903.5,29909.0,29903.0,29906.75,340
2026-09-18 02:49:00-04:00,29906.75,29908.5,29905.5,29907.0,184
2026-09-18 02:50:00-04:00,29907.75,29909.0,29905.75,29909.0,229
2026-09-18 02:51:00-04:00,29908.75,29911.0,29907.0,29911.0,329
2026-09-18 02:52:00-04:00,29911.0,29912.75,29906.5,29911.0,345
2026-09-18 02:53:00-04:00,29911.25,29911.25,29904.75,29907.5,446
2026-09-18 02:54:00-04:00,29908.0,29910.25,29906.0,29908.0,256
2026-09-18 02:55:00-04:00,29909.0,29910.25,29907.5,29908.75,202
2026-09-18 02:56:00-04:00,29908.75,29913.75,29907.75,29912.0,407
2026-09-18 02:57:00-04:00,29911.5,29917.25,29908.75,29916.25,543
2026-09-18 02:58:00-04:00,29916.25,29923.0,29914.25,29918.75,864
2026-09-18 02:59:00-04:00,29919.5,29920.5,29915.75,29916.5,539
2026-09-18 03:00:00-04:00,29916.25,29921.5,29913.25,29920.25,1135
2026-09-18 03:01:00-04:00,29920.25,29926.25,29918.75,29923.0,1137
2026-09-18 03:02:00-04:00,29922.25,29922.5,29910.25,29919.0,964
2026-09-18 03:03:00-04:00,29918.75,29922.25,29916.0,29919.25,646
2026-09-18 03:04:00-04:00,29919.5,29926.0,29916.25,29922.5,897
2026-09-18 03:05:00-04:00,29923.25,29923.5,29918.25,29919.0,420
2026-09-18 03:06:00-04:00,29919.25,29920.25,29915.0,29918.0,432
2026-09-18 03:07:00-04:00,29918.0,29921.5,29916.25,29919.25,356
2026-09-18 03:08:00-04:00,29919.75,29926.0,29918.25,29923.75,456
2026-09-18 03:09:00-04:00,29923.5,29928.5,29920.0,29925.25,592
2026-09-18 03:10:00-04:00,29925.0,29937.5,29923.25,29934.25,1810
2026-09-18 03:11:00-04:00,29934.0,29938.0,29928.0,29935.25,784
2026-09-18 03:12:00-04:00,29935.25,29937.75,29930.75,29935.5,528
2026-09-18 03:13:00-04:00,29935.75,29938.75,29927.25,29929.0,895
2026-09-18 03:14:00-04:00,29929.5,29930.5,29920.25,29921.25,837
2026-09-18 03:15:00-04:00,29922.0,29926.0,29919.0,29922.25,635
2026-09-18 03:16:00-04:00,29922.25,29934.0,29919.25,29930.0,714
2026-09-18 03:17:00-04:00,29929.75,29933.0,29926.75,29931.25,461
2026-09-18 03:18:00-04:00,29931.75,29936.5,29931.25,29933.0,366
2026-09-18 03:19:00-04:00,29933.75,29935.0,29929.25,29932.5,517
2026-09-18 03:20:00-04:00,29932.5,29938.0,29932.25,29934.25,562
2026-09-18 03:21:00-04:00,29934.25,29935.5,29929.5,29931.75,451
2026-09-18 03:22:00-04:00,29931.25,29939.0,29931.25,29936.75,566
2026-09-18 03:23:00-04:00,29936.5,29947.5,29934.5,29944.0,1811
2026-09-18 03:24:00-04:00,29943.25,29945.0,29937.0,29941.25,716
2026-09-18 03:25:00-04:00,29941.5,29952.25,29940.5,29952.25,1104
2026-09-18 03:26:00-04:00,29951.25,29963.5,29951.25,29956.75,2238
2026-09-18 03:27:00-04:00,29957.75,29960.0,29956.5,29959.0,693
2026-09-18 03:28:00-04:00,29959.25,29965.0,29956.0,29957.75,945
2026-09-18 03:29:00-04:00,29957.5,29962.25,29957.5,29961.5,649
2026-09-18 03:30:00-04:00,29961.5,29967.25,29960.0,29966.25,1128
2026-09-18 03:31:00-04:00,29966.0,29967.0,29953.5,29954.25,979
2026-09-18 03:32:00-04:00,29954.25,29958.0,29952.5,29956.0,784
2026-09-18 03:33:00-04:00,29956.5,29957.25,29953.75,29955.0,358
2026-09-18 03:34:00-04:00,29955.25,29960.25,29952.5,29958.75,888
2026-09-18 03:35:00-04:00,29959.25,29959.5,29955.25,29956.25,352
2026-09-18 03:36:00-04:00,29956.75,29961.0,29952.75,29960.25,562
2026-09-18 03:37:00-04:00,29960.0,29961.75,29954.5,29957.5,539
2026-09-18 03:38:00-04:00,29957.25,29960.75,29952.0,29960.0,571
2026-09-18 03:39:00-04:00,29959.75,29962.25,29957.0,29959.5,473
2026-09-18 03:40:00-04:00,29959.75,29960.25,29949.75,29951.75,730
2026-09-18 03:41:00-04:00,29952.5,29952.75,29945.25,29949.75,1064
2026-09-18 03:42:00-04:00,29950.25,29950.5,29936.75,29937.25,1239
2026-09-18 03:43:00-04:00,29937.25,29943.75,29936.5,29940.5,1145
2026-09-18 03:44:00-04:00,29940.25,29945.75,29938.75,29939.25,490
2026-09-18 03:45:00-04:00,29939.5,29942.0,29936.25,29938.0,666
2026-09-18 03:46:00-04:00,29938.5,29940.5,29933.75,29936.25,589
2026-09-18 03:47:00-04:00,29936.0,29943.25,29936.0,29941.0,647
2026-09-18 03:48:00-04:00,29941.5,29941.75,29934.75,29938.5,416
2026-09-18 03:49:00-04:00,29939.0,29946.25,29937.75,29946.0,371
2026-09-18 03:50:00-04:00,29945.75,29946.0,29939.0,29940.5,456
2026-09-18 03:51:00-04:00,29941.0,29943.0,29937.75,29942.0,288
2026-09-18 03:52:00-04:00,29942.0,29946.75,29939.25,29943.0,517
2026-09-18 03:53:00-04:00,29943.25,29952.0,29942.0,29947.75,1050
2026-09-18 03:54:00-04:00,29947.25,29950.25,29945.0,29948.0,337
2026-09-18 03:55:00-04:00,29947.5,29948.75,29937.25,29940.25,614
2026-09-18 03:56:00-04:00,29939.5,29940.5,29934.0,29937.5,699
2026-09-18 03:57:00-04:00,29937.5,29938.25,29929.5,29933.25,895
2026-09-18 03:58:00-04:00,29933.25,29935.0,29929.5,29932.0,592
2026-09-18 03:59:00-04:00,29933.0,29933.0,29923.5,29929.75,1054
2026-09-18 04:00:00-04:00,29928.75,29939.0,29924.0,29931.75,1947
2026-09-18 04:01:00-04:00,29931.0,29936.0,29922.0,29927.5,1612
2026-09-18 04:02:00-04:00,29927.5,29939.75,29927.5,29939.5,870
2026-09-18 04:03:00-04:00,29939.75,29945.0,29935.25,29936.75,1268
2026-09-18 04:04:00-04:00,29936.25,29940.5,29925.25,29926.5,1164
2026-09-18 04:05:00-04:00,29927.0,29929.25,29920.5,29922.5,1447
2026-09-18 04:06:00-04:00,29923.25,29928.75,29915.25,29917.0,1388
2026-09-18 04:07:00-04:00,29917.25,29925.0,29914.0,29915.5,1049
2026-09-18 04:08:00-04:00,29915.25,29919.0,29914.0,29917.75,690
2026-09-18 04:09:00-04:00,29917.0,29917.0,29905.5,29907.25,1150
2026-09-18 04:10:00-04:00,29907.5,29919.5,29904.0,29914.5,1205
2026-09-18 04:11:00-04:00,29914.0,29914.75,29906.5,29909.0,711
2026-09-18 04:12:00-04:00,29908.5,29913.25,29905.0,29908.25,794
2026-09-18 04:13:00-04:00,29909.0,29917.0,29904.75,29912.75,568
2026-09-18 04:14:00-04:00,29912.25,29915.5,29910.75,29913.0,439
2026-09-18 04:15:00-04:00,29912.5,29915.25,29908.25,29914.25,630
2026-09-18 04:16:00-04:00,29913.25,29916.25,29908.75,29916.25,481
2026-09-18 04:17:00-04:00,29915.5,29920.5,29915.5,29918.75,629
2026-09-18 04:18:00-04:00,29918.75,29920.5,29916.25,29916.75,353
2026-09-18 04:19:00-04:00,29916.75,29920.5,29914.0,29919.5,497
2026-09-18 04:20:00-04:00,29920.0,29931.5,29919.0,29929.0,1429
2026-09-18 04:21:00-04:00,29928.5,29929.0,29920.75,29926.0,660
2026-09-18 04:22:00-04:00,29926.0,29927.0,29917.0,29917.5,622
2026-09-18 04:23:00-04:00,29917.75,29923.5,29913.25,29914.5,866
2026-09-18 04:24:00-04:00,29915.0,29920.5,29912.0,29917.0,616
2026-09-18 04:25:00-04:00,29917.5,29921.75,29916.75,29920.0,486
2026-09-18 04:26:00-04:00,29919.75,29919.75,29911.75,29918.0,554
2026-09-18 04:27:00-04:00,29918.25,29919.25,29911.75,29914.25,426
2026-09-18 04:28:00-04:00,29914.0,29915.25,29904.5,29905.75,754
2026-09-18 04:29:00-04:00,29905.75,29907.0,29895.25,29897.25,1574
2026-09-18 04:30:00-04:00,29896.75,29902.25,29892.5,29899.5,1540
2026-09-18 04:31:00-04:00,29899.5,29906.0,29898.75,29905.5,790
2026-09-18 04:32:00-04:00,29905.25,29909.25,29899.5,29908.75,692
2026-09-18 04:33:00-04:00,29909.0,29911.25,29905.25,29909.75,486
2026-09-18 04:34:00-04:00,29910.5,29914.0,29907.5,29913.0,482
2026-09-18 04:35:00-04:00,29913.25,29917.5,29910.25,29911.25,606
2026-09-18 04:36:00-04:00,29911.0,29914.25,29909.75,29911.25,365
2026-09-18 04:37:00-04:00,29910.75,29910.75,29905.0,29906.0,492
2026-09-18 04:38:00-04:00,29906.0,29911.25,29902.0,29902.75,643
2026-09-18 04:39:00-04:00,29902.5,29907.75,29902.5,29905.25,277
2026-09-18 04:40:00-04:00,29905.0,29906.75,29900.0,29906.5,614
2026-09-18 04:41:00-04:00,29906.5,29907.5,29903.25,29905.5,340
2026-09-18 04:42:00-04:00,29905.5,29906.5,29901.5,29902.5,275
2026-09-18 04:43:00-04:00,29901.0,29907.25,29900.0,29906.0,475
2026-09-18 04:44:00-04:00,29906.25,29913.5,29905.5,29912.5,814
2026-09-18 04:45:00-04:00,29912.0,29918.75,29911.25,29912.75,994
2026-09-18 04:46:00-04:00,29912.25,29914.75,29909.25,29912.5,371
2026-09-18 04:47:00-04:00,29911.75,29915.5,29910.75,29914.0,292
2026-09-18 04:48:00-04:00,29914.5,29916.75,29908.5,29910.75,532
2026-09-18 04:49:00-04:00,29910.5,29913.0,29904.75,29908.0,524
2026-09-18 04:50:00-04:00,29909.0,29914.75,29908.75,29912.5,242
2026-09-18 04:51:00-04:00,29912.75,29913.25,29909.75,29912.5,268
2026-09-18 04:52:00-04:00,29911.0,29913.0,29904.0,29908.25,563
2026-09-18 04:53:00-04:00,29908.25,29909.75,29903.75,29903.75,236
2026-09-18 04:54:00-04:00,29904.0,29907.0,29896.0,29896.0,684
2026-09-18 04:55:00-04:00,29896.0,29900.0,29892.5,29898.75,583
2026-09-18 04:56:00-04:00,29898.5,29901.5,29894.0,29901.25,429
2026-09-18 04:57:00-04:00,29901.25,29901.5,29897.25,29898.0,278
2026-09-18 04:58:00-04:00,29897.0,29898.0,29891.0,29893.75,583
2026-09-18 04:59:00-04:00,29893.75,29897.0,29891.5,29893.25,332
2026-09-18 05:00:00-04:00,29893.5,29894.5,29887.0,29892.75,770
2026-09-18 05:01:00-04:00,29892.5,29893.75,29881.0,29882.0,1185
2026-09-18 05:02:00-04:00,29881.75,29886.0,29880.0,29884.25,826
2026-09-18 05:03:00-04:00,29884.75,29889.0,29883.0,29888.5,653
2026-09-18 05:04:00-04:00,29888.25,29889.25,29884.75,29885.25,453
2026-09-18 05:05:00-04:00,29885.5,29892.75,29880.75,29891.5,743
2026-09-18 05:06:00-04:00,29891.75,29893.5,29886.75,29888.0,531
2026-09-18 05:07:00-04:00,29888.5,29889.5,29885.25,29886.0,357
2026-09-18 05:08:00-04:00,29885.25,29895.0,29885.0,29892.75,289
2026-09-18 05:09:00-04:00,29893.25,29893.5,29887.5,29888.25,301
2026-09-18 05:10:00-04:00,29888.25,29892.25,29883.75,29892.25,388
2026-09-18 05:11:00-04:00,29891.75,29895.75,29889.0,29895.0,362
2026-09-18 05:12:00-04:00,29895.0,29895.0,29887.0,29887.5,227
2026-09-18 05:13:00-04:00,29887.75,29890.0,29887.0,29887.75,232
2026-09-18 05:14:00-04:00,29887.5,29888.75,29881.25,29884.25,438
2026-09-18 05:15:00-04:00,29883.75,29886.75,29881.0,29886.5,260
2026-09-18 05:16:00-04:00,29886.5,29890.5,29883.5,29887.75,300
2026-09-18 05:17:00-04:00,29887.5,29893.5,29885.0,29890.75,250
2026-09-18 05:18:00-04:00,29890.5,29891.0,29886.25,29888.75,143
2026-09-18 05:19:00-04:00,29888.25,29894.75,29887.0,29894.25,271
2026-09-18 05:20:00-04:00,29894.0,29897.25,29891.75,29895.0,445
2026-09-18 05:21:00-04:00,29894.5,29896.0,29890.75,29893.0,210
2026-09-18 05:22:00-04:00,29892.5,29899.75,29891.75,29894.0,514
2026-09-18 05:23:00-04:00,29894.0,29897.0,29891.25,29893.5,168
2026-09-18 05:24:00-04:00,29891.25,29893.5,29886.5,29887.75,352
2026-09-18 05:25:00-04:00,29887.75,29891.25,29884.25,29888.25,432
2026-09-18 05:26:00-04:00,29887.75,29887.75,29878.0,29879.25,798
2026-09-18 05:27:00-04:00,29878.75,29879.75,29873.0,29876.5,892
2026-09-18 05:28:00-04:00,29876.5,29878.0,29870.0,29875.75,998
2026-09-18 05:29:00-04:00,29875.5,29876.0,29872.75,29873.0,327
2026-09-18 05:30:00-04:00,29872.75,29874.5,29863.25,29867.25,1115
2026-09-18 05:31:00-04:00,29867.25,29868.5,29862.75,29863.75,506
2026-09-18 05:32:00-04:00,29863.75,29871.75,29863.0,29871.25,560
2026-09-18 05:33:00-04:00,29871.75,29874.0,29866.25,29867.75,719
2026-09-18 05:34:00-04:00,29868.0,29868.25,29863.0,29865.5,443
2026-09-18 05:35:00-04:00,29865.5,29870.0,29865.25,29868.5,331
2026-09-18 05:36:00-04:00,29868.25,29872.5,29862.75,29865.0,372
2026-09-18 05:37:00-04:00,29864.25,29865.0,29859.25,29861.25,582
2026-09-18 05:38:00-04:00,29861.25,29861.25,29852.25,29853.25,843
2026-09-18 05:39:00-04:00,29853.5,29856.25,29847.75,29848.25,859
2026-09-18 05:40:00-04:00,29848.0,29853.25,29844.75,29845.75,881
2026-09-18 05:41:00-04:00,29846.25,29849.0,29843.0,29846.0,529
2026-09-18 05:42:00-04:00,29846.5,29848.5,29842.25,29848.5,599
2026-09-18 05:43:00-04:00,29848.0,29854.0,29846.25,29847.25,647
2026-09-18 05:44:00-04:00,29846.75,29849.5,29837.0,29837.5,852
2026-09-18 05:45:00-04:00,29838.0,29846.0,29835.75,29845.5,949
2026-09-18 05:46:00-04:00,29844.75,29850.75,29844.75,29849.5,650
2026-09-18 05:47:00-04:00,29849.5,29852.0,29847.25,29847.75,378
2026-09-18 05:48:00-04:00,29847.75,29849.0,29841.25,29844.5,555
2026-09-18 05:49:00-04:00,29843.5,29847.75,29843.5,29845.0,287
2026-09-18 05:50:00-04:00,29844.25,29851.5,29841.5,29850.5,590
2026-09-18 05:51:00-04:00,29850.25,29857.25,29848.5,29853.25,888
2026-09-18 05:52:00-04:00,29853.75,29853.75,29848.5,29851.25,504
2026-09-18 05:53:00-04:00,29851.0,29852.5,29846.5,29848.0,349
2026-09-18 05:54:00-04:00,29847.75,29851.25,29843.5,29849.25,433
2026-09-18 05:55:00-04:00,29849.5,29849.5,29845.5,29848.25,257
2026-09-18 05:56:00-04:00,29848.25,29849.25,29845.5,29847.0,301
2026-09-18 05:57:00-04:00,29847.0,29851.5,29844.5,29848.75,385
2026-09-18 05:58:00-04:00,29849.0,29850.5,29845.0,29849.25,375
2026-09-18 05:59:00-04:00,29848.75,29853.5,29838.25,29838.5,879
2026-09-18 06:00:00-04:00,29838.25,29847.5,29837.75,29846.25,688
2026-09-18 06:01:00-04:00,29845.5,29846.25,29839.25,29840.75,406
2026-09-18 06:02:00-04:00,29841.5,29845.5,29841.5,29843.75,233
2026-09-18 06:03:00-04:00,29843.25,29850.0,29842.5,29850.0,328
2026-09-18 06:04:00-04:00,29850.0,29851.0,29841.25,29846.75,490
2026-09-18 06:05:00-04:00,29846.5,29852.25,29844.0,29845.25,451
2026-09-18 06:06:00-04:00,29844.5,29850.75,29843.25,29850.75,370
2026-09-18 06:07:00-04:00,29850.25,29855.25,29846.5,29852.5,477
2026-09-18 06:08:00-04:00,29852.5,29854.25,29847.5,29851.75,519
2026-09-18 06:09:00-04:00,29851.25,29853.5,29850.5,29851.5,175
2026-09-18 06:10:00-04:00,29851.5,29856.5,29849.0,29853.5,286
2026-09-18 06:11:00-04:00,29853.5,29853.75,29846.25,29849.0,385
2026-09-18 06:12:00-04:00,29848.75,29851.75,29847.0,29850.75,285
2026-09-18 06:13:00-04:00,29850.5,29852.25,29847.75,29851.25,156
2026-09-18 06:14:00-04:00,29851.25,29861.0,29850.75,29857.75,637
2026-09-18 06:15:00-04:00,29857.25,29863.0,29856.5,29861.25,989
2026-09-18 06:16:00-04:00,29861.0,29863.75,29859.25,29863.25,500
2026-09-18 06:17:00-04:00,29862.5,29867.25,29862.0,29865.25,873
2026-09-18 06:18:00-04:00,29865.25,29872.5,29864.5,29867.25,1034
2026-09-18 06:19:00-04:00,29867.0,29869.25,29861.75,29866.75,559
2026-09-18 06:20:00-04:00,29867.0,29872.75,29865.5,29869.75,437
2026-09-18 06:21:00-04:00,29869.25,29871.0,29865.75,29868.75,303
2026-09-18 06:22:00-04:00,29868.75,29874.75,29868.75,29874.0,566
2026-09-18 06:23:00-04:00,29873.25,29874.25,29869.5,29874.0,288
2026-09-18 06:24:00-04:00,29874.0,29874.75,29870.0,29872.25,452
2026-09-18 06:25:00-04:00,29871.25,29872.75,29867.75,29867.75,356
2026-09-18 06:26:00-04:00,29868.5,29872.0,29866.25,29871.75,825
2026-09-18 06:27:00-04:00,29872.25,29873.25,29868.5,29872.25,775
2026-09-18 06:28:00-04:00,29872.5,29877.75,29871.25,29875.25,552
2026-09-18 06:29:00-04:00,29875.75,29878.5,29874.25,29877.25,363
2026-09-18 06:30:00-04:00,29876.75,29887.0,29875.5,29883.0,1639
2026-09-18 06:31:00-04:00,29882.25,29886.75,29880.0,29886.25,509
2026-09-18 06:32:00-04:00,29885.25,29888.0,29883.75,29887.0,437
2026-09-18 06:33:00-04:00,29887.0,29890.25,29884.5,29888.25,539
2026-09-18 06:34:00-04:00,29888.25,29889.0,29885.0,29886.0,296
2026-09-18 06:35:00-04:00,29886.5,29889.0,29884.25,29887.25,322
2026-09-18 06:36:00-04:00,29887.25,29894.75,29887.25,29891.25,924
2026-09-18 06:37:00-04:00,29891.25,29901.5,29891.0,29898.5,1023
2026-09-18 06:38:00-04:00,29898.5,29903.5,29896.75,29897.75,642
2026-09-18 06:39:00-04:00,29897.75,29899.25,29894.0,29897.25,741
2026-09-18 06:40:00-04:00,29896.75,29898.25,29895.25,29896.5,266
2026-09-18 06:41:00-04:00,29897.0,29899.0,29894.0,29894.5,340
2026-09-18 06:42:00-04:00,29894.5,29895.0,29887.5,29888.0,832
2026-09-18 06:43:00-04:00,29888.25,29896.0,29887.5,29891.5,461
2026-09-18 06:44:00-04:00,29892.0,29892.75,29889.5,29891.75,240
2026-09-18 06:45:00-04:00,29891.75,29892.75,29885.0,29886.0,557
2026-09-18 06:46:00-04:00,29885.75,29887.25,29878.0,29880.0,904
2026-09-18 06:47:00-04:00,29880.5,29882.25,29877.25,29877.5,329
2026-09-18 06:48:00-04:00,29878.0,29880.0,29876.5,29877.25,351
2026-09-18 06:49:00-04:00,29877.0,29880.5,29876.0,29879.5,345
2026-09-18 06:50:00-04:00,29879.5,29880.75,29874.5,29876.25,372
2026-09-18 06:51:00-04:00,29876.75,29879.5,29876.0,29879.25,364
2026-09-18 06:52:00-04:00,29879.25,29879.75,29874.75,29877.5,193
2026-09-18 06:53:00-04:00,29878.0,29879.25,29876.0,29877.75,143
2026-09-18 06:54:00-04:00,29878.75,29883.5,29872.75,29878.5,735
2026-09-18 06:55:00-04:00,29878.5,29880.0,29875.75,29876.0,338
2026-09-18 06:56:00-04:00,29876.5,29882.5,29874.5,29881.25,306
2026-09-18 06:57:00-04:00,29881.25,29882.5,29877.5,29879.25,317
2026-09-18 06:58:00-04:00,29878.5,29879.75,29874.0,29877.5,391
2026-09-18 06:59:00-04:00,29877.5,29880.0,29876.0,29877.5,225
2026-09-18 07:00:00-04:00,29878.0,29879.25,29860.25,29868.5,1835
2026-09-18 07:01:00-04:00,29868.75,29885.5,29865.5,29877.25,1774
2026-09-18 07:02:00-04:00,29878.25,29884.5,29876.5,29877.5,649
2026-09-18 07:03:00-04:00,29877.5,29889.0,29876.5,29887.75,922
2026-09-18 07:04:00-04:00,29887.75,29899.0,29887.25,29896.5,1469
2026-09-18 07:05:00-04:00,29897.25,29897.25,29848.25,29849.5,6653
2026-09-18 07:06:00-04:00,29849.5,29863.5,29842.25,29859.5,3693
2026-09-18 07:07:00-04:00,29859.0,29862.0,29852.25,29859.75,1119
2026-09-18 07:08:00-04:00,29860.25,29866.5,29858.5,29860.75,920
2026-09-18 07:09:00-04:00,29860.75,29867.0,29856.75,29866.5,647
2026-09-18 07:10:00-04:00,29866.5,29871.0,29863.75,29868.75,880
2026-09-18 07:11:00-04:00,29869.0,29872.75,29861.0,29864.5,742
2026-09-18 07:12:00-04:00,29864.25,29868.75,29862.0,29865.0,409
2026-09-18 07:13:00-04:00,29864.5,29864.5,29846.5,29848.75,934
2026-09-18 07:14:00-04:00,29848.75,29859.5,29844.25,29856.5,886
2026-09-18 07:15:00-04:00,29856.75,29857.0,29848.0,29850.5,595
2026-09-18 07:16:00-04:00,29850.75,29851.0,29840.0,29840.75,790
2026-09-18 07:17:00-04:00,29841.0,29841.75,29828.25,29835.0,2109
2026-09-18 07:18:00-04:00,29835.0,29840.25,29832.0,29834.25,818
2026-09-18 07:19:00-04:00,29835.0,29838.5,29831.0,29836.0,679
2026-09-18 07:20:00-04:00,29836.0,29836.5,29823.75,29828.25,1324
2026-09-18 07:21:00-04:00,29828.25,29839.0,29827.5,29834.5,819
2026-09-18 07:22:00-04:00,29834.25,29846.25,29833.75,29844.75,887
2026-09-18 07:23:00-04:00,29844.25,29845.25,29836.0,29840.25,581
2026-09-18 07:24:00-04:00,29840.5,29841.0,29832.25,29835.25,612
2026-09-18 07:25:00-04:00,29835.25,29838.75,29831.75,29832.75,437
2026-09-18 07:26:00-04:00,29833.25,29839.25,29832.5,29836.0,392
2026-09-18 07:27:00-04:00,29835.5,29837.5,29830.75,29834.0,517
2026-09-18 07:28:00-04:00,29834.0,29839.0,29830.75,29837.25,438
2026-09-18 07:29:00-04:00,29837.0,29837.25,29827.25,29830.25,940
2026-09-18 07:30:00-04:00,29830.25,29837.25,29829.5,29836.0,593
2026-09-18 07:31:00-04:00,29836.25,29851.5,29835.5,29850.5,1363
2026-09-18 07:32:00-04:00,29850.5,29853.25,29847.25,29853.25,716
2026-09-18 07:33:00-04:00,29853.0,29854.25,29849.25,29849.5,564
2026-09-18 07:34:00-04:00,29849.5,29852.25,29841.75,29847.75,925
2026-09-18 07:35:00-04:00,29847.0,29847.75,29841.0,29846.0,570
2026-09-18 07:36:00-04:00,29845.5,29858.5,29845.5,29857.25,778
2026-09-18 07:37:00-04:00,29858.0,29859.0,29851.25,29854.0,590
2026-09-18 07:38:00-04:00,29853.5,29853.75,29842.25,29842.5,686
2026-09-18 07:39:00-04:00,29842.75,29848.0,29842.0,29846.0,358
2026-09-18 07:40:00-04:00,29846.0,29846.0,29839.0,29843.75,510
2026-09-18 07:41:00-04:00,29843.75,29845.0,29841.75,29843.5,262
2026-09-18 07:42:00-04:00,29844.0,29844.5,29832.25,29833.0,873
2026-09-18 07:43:00-04:00,29832.75,29836.5,29829.5,29831.0,904
2026-09-18 07:44:00-04:00,29831.75,29835.25,29826.25,29831.5,750
2026-09-18 07:45:00-04:00,29831.5,29832.25,29826.25,29826.5,522
2026-09-18 07:46:00-04:00,29827.0,29834.0,29820.0,29832.75,1273
2026-09-18 07:47:00-04:00,29832.5,29835.25,29829.75,29835.25,419
2026-09-18 07:48:00-04:00,29835.0,29838.25,29833.0,29836.0,562
2026-09-18 07:49:00-04:00,29836.25,29838.25,29834.25,29835.25,378
2026-09-18 07:50:00-04:00,29834.25,29838.25,29831.75,29835.25,362
2026-09-18 07:51:00-04:00,29834.75,29838.0,29834.5,29835.75,221
2026-09-18 07:52:00-04:00,29835.75,29840.0,29833.5,29837.0,522
2026-09-18 07:53:00-04:00,29836.5,29844.25,29835.75,29844.25,614
2026-09-18 07:54:00-04:00,29844.0,29845.25,29840.0,29843.25,563
2026-09-18 07:55:00-04:00,29844.0,29846.5,29836.5,29837.0,660
2026-09-18 07:56:00-04:00,29836.5,29843.5,29834.5,29839.25,623
2026-09-18 07:57:00-04:00,29839.5,29845.0,29831.75,29833.75,811
2026-09-18 07:58:00-04:00,29834.0,29836.25,29828.75,29836.25,884
2026-09-18 07:59:00-04:00,29836.25,29840.0,29834.0,29838.25,365
2026-09-18 08:00:00-04:00,29838.75,29842.75,29823.25,29825.75,1366
2026-09-18 08:01:00-04:00,29825.25,29829.0,29822.0,29827.25,863
2026-09-18 08:02:00-04:00,29827.25,29831.25,29814.5,29818.0,1740
2026-09-18 08:03:00-04:00,29818.25,29820.75,29816.0,29820.0,1176
2026-09-18 08:04:00-04:00,29820.75,29849.5,29815.75,29839.25,3785
2026-09-18 08:05:00-04:00,29839.0,29853.0,29814.75,29818.75,5808
2026-09-18 08:06:00-04:00,29818.75,29819.25,29809.75,29811.25,1500
2026-09-18 08:07:00-04:00,29812.5,29815.0,29802.5,29803.0,1598
2026-09-18 08:08:00-04:00,29803.0,29808.5,29798.5,29801.25,2084
2026-09-18 08:09:00-04:00,29801.0,29802.5,29797.5,29798.75,1043
2026-09-18 08:10:00-04:00,29799.0,29801.5,29795.0,29800.25,1253
2026-09-18 08:11:00-04:00,29800.5,29802.25,29791.25,29792.25,1522
2026-09-18 08:12:00-04:00,29792.25,29793.75,29787.75,29788.5,1562
2026-09-18 08:13:00-04:00,29789.25,29792.0,29784.75,29790.0,1109
2026-09-18 08:14:00-04:00,29790.0,29791.25,29785.25,29787.75,870
2026-09-18 08:15:00-04:00,29788.5,29790.0,29784.5,29786.5,883
2026-09-18 08:16:00-04:00,29786.0,29791.5,29780.0,29786.0,1730
2026-09-18 08:17:00-04:00,29785.75,29786.75,29780.25,29784.5,685
2026-09-18 08:18:00-04:00,29784.0,29799.25,29779.5,29789.75,2801
2026-09-18 08:19:00-04:00,29789.75,29790.25,29777.75,29779.25,1543
2026-09-18 08:20:00-04:00,29779.25,29779.5,29767.5,29770.0,2534
2026-09-18 08:21:00-04:00,29769.5,29779.5,29768.25,29777.0,1631
2026-09-18 08:22:00-04:00,29777.5,29791.5,29777.25,29788.25,1871
2026-09-18 08:23:00-04:00,29788.75,29788.75,29771.0,29771.75,1536
2026-09-18 08:24:00-04:00,29772.25,29774.75,29768.75,29771.0,910
2026-09-18 08:25:00-04:00,29770.25,29774.75,29769.25,29774.5,863
2026-09-18 08:26:00-04:00,29774.5,29785.25,29773.5,29778.75,1513
2026-09-18 08:27:00-04:00,29778.25,29781.25,29775.5,29779.75,766
2026-09-18 08:28:00-04:00,29780.0,29786.5,29778.25,29784.0,945
2026-09-18 08:29:00-04:00,29783.5,29784.5,29773.75,29773.75,817
2026-09-18 08:30:00-04:00,29773.75,29782.75,29773.5,29780.5,1024
2026-09-18 08:31:00-04:00,29780.75,29785.5,29771.0,29773.25,1310
2026-09-18 08:32:00-04:00,29775.0,29785.25,29772.5,29780.25,731
2026-09-18 08:33:00-04:00,29779.5,29796.0,29777.5,29791.25,1990
2026-09-18 08:34:00-04:00,29790.75,29796.5,29784.25,29791.5,1573
2026-09-18 08:35:00-04:00,29791.25,29793.75,29785.5,29790.5,906
2026-09-18 08:36:00-04:00,29791.0,29795.5,29788.25,29791.25,722
2026-09-18 08:37:00-04:00,29791.5,29791.75,29774.0,29779.5,2173
2026-09-18 08:38:00-04:00,29779.0,29790.25,29778.5,29787.75,1036
2026-09-18 08:39:00-04:00,29787.0,29788.5,29784.25,29785.0,541
2026-09-18 08:40:00-04:00,29784.5,29789.0,29783.5,29784.75,503
2026-09-18 08:41:00-04:00,29784.75,29789.0,29780.0,29788.75,844
2026-09-18 08:42:00-04:00,29788.5,29793.5,29785.0,29792.75,882
2026-09-18 08:43:00-04:00,29792.0,29793.75,29789.0,29790.75,506
2026-09-18 08:44:00-04:00,29789.5,29790.5,29787.0,29789.5,318
2026-09-18 08:45:00-04:00,29789.25,29791.0,29787.0,29789.0,348
2026-09-18 08:46:00-04:00,29789.25,29794.0,29787.5,29790.25,951
2026-09-18 08:47:00-04:00,29790.5,29795.75,29785.75,29790.0,1015
2026-09-18 08:48:00-04:00,29790.0,29791.25,29786.25,29791.25,491
2026-09-18 08:49:00-04:00,29791.0,29792.0,29785.25,29785.25,559
2026-09-18 08:50:00-04:00,29785.25,29789.75,29782.25,29787.25,739
2026-09-18 08:51:00-04:00,29787.75,29794.75,29786.5,29792.0,831
2026-09-18 08:52:00-04:00,29791.75,29791.75,29785.0,29788.5,614
2026-09-18 08:53:00-04:00,29787.75,29788.5,29785.5,29787.25,336
2026-09-18 08:54:00-04:00,29787.25,29788.25,29784.5,29786.75,449
2026-09-18 08:55:00-04:00,29785.75,29788.0,29782.75,29785.25,582
2026-09-18 08:56:00-04:00,29785.25,29785.25,29777.75,29781.5,913
2026-09-18 08:57:00-04:00,29781.75,29783.25,29775.0,29780.25,900
2026-09-18 08:58:00-04:00,29780.0,29780.75,29769.75,29773.25,1050
2026-09-18 08:59:00-04:00,29773.5,29776.75,29769.75,29775.75,938
2026-09-18 09:00:00-04:00,29776.5,29776.75,29768.5,29774.25,2045
2026-09-18 09:01:00-04:00,29773.75,29783.5,29771.75,29773.0,1617
2026-09-18 09:02:00-04:00,29772.5,29776.75,29764.0,29766.0,2976
2026-09-18 09:03:00-04:00,29766.75,29772.0,29765.75,29772.0,1167
2026-09-18 09:04:00-04:00,29771.75,29775.0,29769.5,29772.25,1067
2026-09-18 09:05:00-04:00,29772.0,29776.5,29770.75,29775.5,1014
2026-09-18 09:06:00-04:00,29776.0,29782.0,29775.25,29777.0,1352
2026-09-18 09:07:00-04:00,29775.75,29779.25,29774.0,29779.25,935
2026-09-18 09:08:00-04:00,29778.75,29789.75,29777.75,29787.0,2405
2026-09-18 09:09:00-04:00,29787.0,29788.25,29782.25,29785.75,1079
2026-09-18 09:10:00-04:00,29786.0,29789.25,29783.5,29786.5,1154
2026-09-18 09:11:00-04:00,29786.25,29791.0,29785.0,29787.5,1163
2026-09-18 09:12:00-04:00,29788.0,29789.5,29782.5,29784.25,573
2026-09-18 09:13:00-04:00,29784.25,29787.75,29783.0,29786.5,556
2026-09-18 09:14:00-04:00,29786.0,29788.25,29785.0,29786.25,297
2026-09-18 09:15:00-04:00,29786.5,29788.25,29785.25,29785.5,416
2026-09-18 09:16:00-04:00,29785.75,29792.75,29785.5,29792.0,1510
2026-09-18 09:17:00-04:00,29792.5,29794.25,29790.25,29791.5,1184
2026-09-18 09:18:00-04:00,29791.5,29796.75,29788.25,29789.75,1317
2026-09-18 09:19:00-04:00,29789.25,29794.0,29788.25,29793.75,587
2026-09-18 09:20:00-04:00,29793.5,29794.75,29790.5,29791.75,717
2026-09-18 09:21:00-04:00,29791.75,29793.0,29786.25,29791.25,830
2026-09-18 09:22:00-04:00,29791.25,29794.75,29785.75,29787.75,1440
2026-09-18 09:23:00-04:00,29787.5,29787.75,29780.25,29781.25,1429
2026-09-18 09:24:00-04:00,29781.75,29784.25,29768.5,29769.0,2100
2026-09-18 09:25:00-04:00,29768.5,29768.5,29751.5,29760.25,5773
2026-09-18 09:26:00-04:00,29760.25,29760.75,29751.0,29755.0,2774
2026-09-18 09:27:00-04:00,29755.25,29793.75,29744.5,29788.75,7742
2026-09-18 09:28:00-04:00,29788.25,29808.75,29786.75,29796.75,8667
2026-09-18 09:29:00-04:00,29796.5,29819.5,29790.75,29813.75,7942
2026-09-18 09:30:00-04:00,29814.5,29833.0,29804.0,29814.0,13129
2026-09-18 09:31:00-04:00,29814.0,29842.0,29812.0,29840.75,11172
2026-09-18 09:32:00-04:00,29840.75,29840.75,29808.75,29812.0,10170
2026-09-18 09:33:00-04:00,29812.0,29822.0,29801.0,29815.25,7668
2026-09-18 09:34:00-04:00,29815.75,29823.0,29804.0,29811.0,5708
2026-09-18 09:35:00-04:00,29811.0,29818.5,29798.75,29815.25,9108
2026-09-18 09:36:00-04:00,29815.25,29837.5,29810.5,29832.5,7981
2026-09-18 09:37:00-04:00,29832.75,29839.0,29822.0,29837.0,5674
2026-09-18 09:38:00-04:00,29837.0,29837.75,29824.5,29829.25,4802
2026-09-18 09:39:00-04:00,29829.75,29840.0,29829.0,29835.75,4356
2026-09-18 09:40:00-04:00,29836.0,29845.25,29826.25,29828.5,7418
2026-09-18 09:41:00-04:00,29828.75,29844.25,29823.0,29840.25,6130
2026-09-18 09:42:00-04:00,29840.5,29840.5,29829.0,29830.25,3783
2026-09-18 09:43:00-04:00,29830.25,29833.25,29802.0,29805.75,8231
2026-09-18 09:44:00-04:00,29805.5,29817.5,29802.25,29816.75,6375
2026-09-18 09:45:00-04:00,29816.75,29837.25,29810.75,29834.25,7679
2026-09-18 09:46:00-04:00,29833.75,29838.0,29825.5,29825.5,5048
2026-09-18 09:47:00-04:00,29825.75,29827.0,29808.0,29809.75,5955
2026-09-18 09:48:00-04:00,29809.25,29813.0,29793.75,29798.25,7234
2026-09-18 09:49:00-04:00,29798.5,29806.5,29790.25,29795.25,6598
2026-09-18 09:50:00-04:00,29795.0,29795.25,29785.25,29792.25,7283
2026-09-18 09:51:00-04:00,29792.25,29797.0,29781.5,29794.75,5704
2026-09-18 09:52:00-04:00,29795.25,29805.0,29788.75,29804.75,5568
2026-09-18 09:53:00-04:00,29804.75,29805.75,29788.5,29793.25,5610
2026-09-18 09:54:00-04:00,29794.0,29799.5,29775.0,29783.25,7239
2026-09-18 09:55:00-04:00,29783.25,29789.5,29770.0,29784.5,7764
2026-09-18 09:56:00-04:00,29785.0,29789.5,29775.75,29778.5,3713
2026-09-18 09:57:00-04:00,29778.25,29783.5,29768.75,29777.75,5352
2026-09-18 09:58:00-04:00,29778.0,29787.5,29773.25,29773.5,3642
2026-09-18 09:59:00-04:00,29773.5,29779.25,29765.75,29776.25,4317
2026-09-18 10:00:00-04:00,29776.75,29785.0,29764.5,29775.5,7275
2026-09-18 10:01:00-04:00,29775.5,29783.5,29751.0,29751.5,9280
2026-09-18 10:02:00-04:00,29751.25,29753.5,29731.25,29732.75,13218
2026-09-18 10:03:00-04:00,29732.75,29738.25,29727.75,29729.25,7209
2026-09-18 10:04:00-04:00,29729.0,29737.5,29723.0,29727.75,6589
2026-09-18 10:05:00-04:00,29728.25,29739.5,29714.25,29738.25,10473
2026-09-18 10:06:00-04:00,29738.0,29747.5,29734.25,29741.25,8150
2026-09-18 10:07:00-04:00,29741.25,29741.25,29716.0,29719.5,8330
2026-09-18 10:08:00-04:00,29719.5,29725.75,29711.0,29722.75,7542
2026-09-18 10:09:00-04:00,29722.75,29741.5,29717.5,29740.25,6680
2026-09-18 10:10:00-04:00,29739.75,29754.5,29738.75,29754.5,9259
2026-09-18 10:11:00-04:00,29754.5,29757.0,29745.75,29755.25,5495
2026-09-18 10:12:00-04:00,29754.5,29755.5,29738.75,29744.5,5836
2026-09-18 10:13:00-04:00,29744.25,29747.5,29724.75,29731.25,7903
2026-09-18 10:14:00-04:00,29731.75,29734.75,29716.75,29719.0,5697
2026-09-18 10:15:00-04:00,29719.25,29727.0,29714.75,29717.75,6356
2026-09-18 10:16:00-04:00,29717.75,29719.25,29694.0,29698.5,11605
2026-09-18 10:17:00-04:00,29698.25,29716.75,29695.0,29713.25,7268
2026-09-18 10:18:00-04:00,29713.0,29724.0,29712.5,29723.75,5485
2026-09-18 10:19:00-04:00,29723.75,29726.5,29716.0,29724.75,4305
2026-09-18 10:20:00-04:00,29724.75,29729.5,29717.0,29720.75,5103
2026-09-18 10:21:00-04:00,29721.5,29732.75,29717.0,29727.75,4196
2026-09-18 10:22:00-04:00,29728.25,29748.0,29727.0,29745.25,8362
2026-09-18 10:23:00-04:00,29745.75,29747.0,29733.5,29745.75,4580
2026-09-18 10:24:00-04:00,29745.75,29746.0,29730.0,29732.5,4145
2026-09-18 10:25:00-04:00,29732.5,29737.75,29723.75,29731.5,4407
2026-09-18 10:26:00-04:00,29731.5,29736.5,29726.0,29726.25,2752
2026-09-18 10:27:00-04:00,29726.5,29740.25,29724.0,29737.0,3554
2026-09-18 10:28:00-04:00,29737.5,29745.5,29733.75,29734.0,3918
2026-09-18 10:29:00-04:00,29734.75,29736.25,29727.5,29729.25,2846
2026-09-18 10:30:00-04:00,29728.5,29738.25,29724.0,29728.25,3808
2026-09-18 10:31:00-04:00,29728.5,29732.0,29717.25,29720.5,4643
2026-09-18 10:32:00-04:00,29720.25,29726.0,29716.5,29720.25,3245
2026-09-18 10:33:00-04:00,29720.75,29726.25,29712.5,29723.5,3620
2026-09-18 10:34:00-04:00,29724.25,29727.75,29717.5,29726.75,2233
2026-09-18 10:35:00-04:00,29727.0,29731.5,29720.5,29723.75,2967
2026-09-18 10:36:00-04:00,29724.25,29724.75,29710.25,29715.0,4316
2026-09-18 10:37:00-04:00,29715.0,29729.75,29712.75,29725.25,3754
2026-09-18 10:38:00-04:00,29725.25,29733.5,29723.5,29732.25,3112
2026-09-18 10:39:00-04:00,29732.75,29752.0,29729.25,29734.5,10152
2026-09-18 10:40:00-04:00,29734.25,29736.0,29729.75,29734.25,2681
2026-09-18 10:41:00-04:00,29734.0,29736.5,29720.75,29727.75,3476
2026-09-18 10:42:00-04:00,29729.0,29730.0,29702.5,29712.0,6435
2026-09-18 10:43:00-04:00,29712.5,29713.5,29704.0,29711.0,3011
2026-09-18 10:44:00-04:00,29711.25,29716.25,29707.25,29714.25,2221
2026-09-18 10:45:00-04:00,29715.0,29715.25,29707.25,29711.75,2222
2026-09-18 10:46:00-04:00,29711.75,29729.75,29711.5,29725.25,5511
2026-09-18 10:47:00-04:00,29725.25,29736.0,29722.75,29728.0,3709
2026-09-18 10:48:00-04:00,29728.0,29732.75,29724.25,29732.25,1664
2026-09-18 10:49:00-04:00,29731.75,29744.0,29730.75,29743.0,4144
2026-09-18 10:50:00-04:00,29742.5,29750.25,29735.0,29749.25,4800
2026-09-18 10:51:00-04:00,29749.0,29763.75,29746.25,29755.75,6975
2026-09-18 10:52:00-04:00,29756.0,29766.75,29754.5,29761.5,5622
2026-09-18 10:53:00-04:00,29761.75,29765.25,29758.25,29763.5,3265
2026-09-18 10:54:00-04:00,29764.0,29766.0,29757.25,29763.25,2971
2026-09-18 10:55:00-04:00,29763.5,29769.25,29754.0,29755.75,4296
2026-09-18 10:56:00-04:00,29755.75,29760.0,29752.25,29756.25,2443
2026-09-18 10:57:00-04:00,29756.25,29756.75,29751.0,29753.5,2412
2026-09-18 10:58:00-04:00,29753.25,29757.0,29747.25,29751.25,3061
2026-09-18 10:59:00-04:00,29751.5,29760.0,29750.75,29759.0,2361
2026-09-18 11:00:00-04:00,29758.5,29765.0,29752.75,29756.5,4135
2026-09-18 11:01:00-04:00,29756.25,29758.25,29745.5,29746.25,3642
2026-09-18 11:02:00-04:00,29746.75,29746.75,29736.25,29745.0,5125
2026-09-18 11:03:00-04:00,29745.25,29756.5,29741.5,29755.75,4186
2026-09-18 11:04:00-04:00,29755.25,29757.25,29748.25,29751.5,2605
2026-09-18 11:05:00-04:00,29751.25,29763.75,29747.25,29763.25,3356
2026-09-18 11:06:00-04:00,29763.75,29771.5,29755.0,29764.5,5023
2026-09-18 11:07:00-04:00,29764.75,29769.0,29762.0,29766.0,2221
2026-09-18 11:08:00-04:00,29765.5,29767.0,29757.0,29763.75,2787
2026-09-18 11:09:00-04:00,29764.75,29765.25,29748.75,29749.75,3827
2026-09-18 11:10:00-04:00,29750.0,29754.0,29745.75,29753.0,2870
2026-09-18 11:11:00-04:00,29752.75,29753.75,29728.5,29737.0,5501
2026-09-18 11:12:00-04:00,29737.25,29739.5,29732.0,29734.5,3373
2026-09-18 11:13:00-04:00,29734.0,29740.0,29725.0,29737.25,4852
2026-09-18 11:14:00-04:00,29737.25,29739.0,29727.5,29730.0,2251
2026-09-18 11:15:00-04:00,29730.25,29735.75,29725.25,29731.75,2838
2026-09-18 11:16:00-04:00,29731.5,29736.0,29723.0,29725.75,2664
2026-09-18 11:17:00-04:00,29725.75,29734.5,29723.0,29725.0,2469
2026-09-18 11:18:00-04:00,29725.5,29729.75,29720.75,29723.75,2787
2026-09-18 11:19:00-04:00,29723.75,29735.25,29723.5,29731.25,2696
2026-09-18 11:20:00-04:00,29731.5,29737.75,29727.75,29737.75,2390
2026-09-18 11:21:00-04:00,29737.5,29739.0,29731.0,29731.75,1977
2026-09-18 11:22:00-04:00,29731.25,29735.75,29725.0,29730.5,1957
2026-09-18 11:23:00-04:00,29730.5,29742.25,29729.75,29739.25,3206
2026-09-18 11:24:00-04:00,29739.25,29743.25,29735.75,29739.25,2194
2026-09-18 11:25:00-04:00,29738.75,29747.25,29738.25,29746.0,2267
2026-09-18 11:26:00-04:00,29746.0,29756.0,29745.75,29750.75,3856
2026-09-18 11:27:00-04:00,29750.5,29751.25,29745.25,29747.5,1694
2026-09-18 11:28:00-04:00,29747.75,29752.5,29745.75,29750.0,1381
2026-09-18 11:29:00-04:00,29750.0,29751.75,29742.75,29749.0,2098
2026-09-18 11:30:00-04:00,29749.5,29756.0,29730.75,29737.75,6846
2026-09-18 11:31:00-04:00,29737.25,29739.25,29730.0,29733.25,4430
2026-09-18 11:32:00-04:00,29733.0,29737.0,29727.25,29737.0,2426
2026-09-18 11:33:00-04:00,29737.25,29741.5,29730.25,29735.0,2453
2026-09-18 11:34:00-04:00,29734.75,29736.75,29728.75,29735.5,1844
2026-09-18 11:35:00-04:00,29735.5,29739.75,29732.75,29738.5,1893
2026-09-18 11:36:00-04:00,29738.75,29744.0,29734.0,29740.5,2018
2026-09-18 11:37:00-04:00,29740.5,29741.75,29735.75,29736.75,1703
2026-09-18 11:38:00-04:00,29736.75,29737.75,29728.25,29730.0,2692
2026-09-18 11:39:00-04:00,29730.25,29731.25,29720.0,29725.75,3882
2026-09-18 11:40:00-04:00,29725.5,29725.75,29714.75,29714.75,4108
2026-09-18 11:41:00-04:00,29715.25,29723.5,29712.5,29720.5,3248
2026-09-18 11:42:00-04:00,29720.75,29724.0,29716.0,29723.25,1694
2026-09-18 11:43:00-04:00,29723.0,29727.75,29722.25,29723.75,1929
2026-09-18 11:44:00-04:00,29724.0,29726.0,29718.0,29723.75,1567
2026-09-18 11:45:00-04:00,29724.5,29727.0,29711.5,29712.25,2247
2026-09-18 11:46:00-04:00,29712.5,29721.0,29712.25,29718.5,1935
2026-09-18 11:47:00-04:00,29718.0,29721.0,29716.0,29720.5,1117
2026-09-18 11:48:00-04:00,29720.25,29726.0,29718.75,29724.0,1477
2026-09-18 11:49:00-04:00,29724.0,29724.25,29718.5,29719.5,1265
2026-09-18 11:50:00-04:00,29719.25,29730.75,29717.0,29729.75,2442
2026-09-18 11:51:00-04:00,29729.5,29730.75,29721.0,29722.25,2110
2026-09-18 11:52:00-04:00,29722.0,29723.75,29714.25,29723.25,2244
2026-09-18 11:53:00-04:00,29723.25,29724.0,29710.0,29710.75,2175
2026-09-18 11:54:00-04:00,29710.75,29715.5,29707.75,29710.5,2424
2026-09-18 11:55:00-04:00,29710.5,29713.75,29708.25,29710.5,1477
2026-09-18 11:56:00-04:00,29711.0,29719.75,29710.5,29717.0,1961
2026-09-18 11:57:00-04:00,29717.25,29720.5,29710.25,29710.75,1463
2026-09-18 11:58:00-04:00,29710.75,29712.75,29704.75,29705.75,2452
2026-09-18 11:59:00-04:00,29705.5,29709.75,29702.75,29708.25,2038
2026-09-18 12:00:00-04:00,29708.25,29710.0,29699.0,29703.75,3422
2026-09-18 12:01:00-04:00,29703.75,29707.0,29701.0,29703.75,1739
2026-09-18 12:02:00-04:00,29703.5,29709.25,29700.75,29708.0,1934
2026-09-18 12:03:00-04:00,29707.5,29711.25,29703.0,29705.75,1683
2026-09-18 12:04:00-04:00,29706.5,29707.25,29702.0,29705.75,1179
2026-09-18 12:05:00-04:00,29706.0,29712.25,29705.5,29711.75,1821
2026-09-18 12:06:00-04:00,29711.25,29716.0,29710.75,29715.0,2366
2026-09-18 12:07:00-04:00,29715.25,29723.5,29714.5,29722.75,2691
2026-09-18 12:08:00-04:00,29722.75,29724.0,29710.25,29710.75,2742
2026-09-18 12:09:00-04:00,29710.75,29715.5,29710.75,29714.5,1564
2026-09-18 12:10:00-04:00,29714.25,29717.0,29711.75,29714.0,1246
2026-09-18 12:11:00-04:00,29714.25,29715.75,29710.0,29712.0,1116
2026-09-18 12:12:00-04:00,29712.75,29719.5,29712.0,29718.25,1425
2026-09-18 12:13:00-04:00,29718.0,29719.0,29709.0,29710.0,1580
2026-09-18 12:14:00-04:00,29710.0,29714.5,29709.0,29709.0,1366
2026-09-18 12:15:00-04:00,29709.5,29711.25,29706.0,29706.75,1975
2026-09-18 12:16:00-04:00,29707.0,29712.5,29703.75,29707.5,1777
2026-09-18 12:17:00-04:00,29707.25,29713.5,29707.25,29710.25,1029
2026-09-18 12:18:00-04:00,29710.25,29723.25,29710.25,29717.75,2666
2026-09-18 12:19:00-04:00,29718.0,29721.25,29717.0,29721.0,1087
2026-09-18 12:20:00-04:00,29721.0,29722.25,29713.75,29716.5,1386
2026-09-18 12:21:00-04:00,29716.75,29719.25,29712.25,29716.0,1007
2026-09-18 12:22:00-04:00,29716.25,29716.75,29709.25,29710.25,1145
2026-09-18 12:23:00-04:00,29710.75,29711.5,29675.25,29678.0,10799
2026-09-18 12:24:00-04:00,29677.75,29678.5,29669.25,29672.75,5379
2026-09-18 12:25:00-04:00,29672.5,29673.0,29659.25,29672.0,6528
2026-09-18 12:26:00-04:00,29672.0,29676.25,29668.25,29669.75,4008
2026-09-18 12:27:00-04:00,29669.75,29685.0,29669.25,29684.5,4072
2026-09-18 12:28:00-04:00,29684.5,29702.25,29680.5,29690.75,10206
2026-09-18 12:29:00-04:00,29690.5,29705.25,29688.0,29700.5,4749
2026-09-18 12:30:00-04:00,29700.0,29712.0,29692.5,29709.0,5348
2026-09-18 12:31:00-04:00,29709.5,29710.0,29696.5,29697.75,2631
2026-09-18 12:32:00-04:00,29697.75,29704.0,29695.25,29701.75,2193
2026-09-18 12:33:00-04:00,29702.25,29717.5,29699.75,29714.5,4879
2026-09-18 12:34:00-04:00,29714.75,29721.25,29711.25,29713.5,3355
2026-09-18 12:35:00-04:00,29713.25,29719.5,29711.0,29715.25,1760
2026-09-18 12:36:00-04:00,29715.5,29719.25,29708.25,29708.75,2067
2026-09-18 12:37:00-04:00,29709.0,29712.0,29704.5,29705.0,2043
2026-09-18 12:38:00-04:00,29705.0,29708.5,29697.0,29702.0,3194
2026-09-18 12:39:00-04:00,29701.75,29712.25,29700.75,29708.5,2228
2026-09-18 12:40:00-04:00,29708.75,29710.75,29705.25,29706.75,1101
2026-09-18 12:41:00-04:00,29707.25,29712.5,29702.25,29703.0,1355
2026-09-18 12:42:00-04:00,29703.25,29716.25,29701.75,29715.0,1883
2026-09-18 12:43:00-04:00,29715.25,29716.75,29710.25,29713.25,1123
2026-09-18 12:44:00-04:00,29713.5,29722.5,29712.5,29716.0,2162
2026-09-18 12:45:00-04:00,29716.5,29718.75,29713.5,29717.25,1265
2026-09-18 12:46:00-04:00,29717.25,29719.75,29708.5,29709.5,1413
2026-09-18 12:47:00-04:00,29709.75,29716.25,29702.0,29712.5,2944
2026-09-18 12:48:00-04:00,29712.5,29712.75,29705.5,29705.5,1224
2026-09-18 12:49:00-04:00,29705.5,29715.0,29705.5,29714.25,1276
2026-09-18 12:50:00-04:00,29713.75,29719.25,29713.75,29715.75,1507
2026-09-18 12:51:00-04:00,29715.5,29723.5,29714.25,29721.0,1717
2026-09-18 12:52:00-04:00,29721.0,29726.75,29721.0,29724.5,2771
2026-09-18 12:53:00-04:00,29724.5,29730.5,29724.0,29727.75,1879
2026-09-18 12:54:00-04:00,29728.25,29730.5,29725.75,29727.75,1416
2026-09-18 12:55:00-04:00,29728.25,29731.25,29725.5,29730.0,1190
2026-09-18 12:56:00-04:00,29729.75,29731.0,29723.75,29726.75,1361
2026-09-18 12:57:00-04:00,29727.0,29729.75,29726.0,29728.25,749
2026-09-18 12:58:00-04:00,29728.0,29735.25,29724.0,29725.75,3351
2026-09-18 12:59:00-04:00,29725.5,29728.0,29721.25,29727.75,2040
2026-09-18 13:00:00-04:00,29728.0,29729.0,29719.5,29724.5,1904
2026-09-18 13:01:00-04:00,29724.5,29729.5,29723.75,29726.75,1325
2026-09-18 13:02:00-04:00,29726.75,29731.5,29726.0,29728.0,1264
2026-09-18 13:03:00-04:00,29728.5,29735.0,29727.75,29734.25,1501
2026-09-18 13:04:00-04:00,29734.5,29734.75,29729.5,29731.5,1011
2026-09-18 13:05:00-04:00,29731.5,29739.25,29730.75,29738.25,2219
2026-09-18 13:06:00-04:00,29738.25,29742.25,29734.25,29736.25,1869
2026-09-18 13:07:00-04:00,29736.25,29740.25,29735.0,29739.25,988
2026-09-18 13:08:00-04:00,29738.5,29742.75,29736.25,29737.0,1271
2026-09-18 13:09:00-04:00,29737.0,29739.25,29732.75,29736.25,1366
2026-09-18 13:10:00-04:00,29736.75,29738.5,29728.75,29729.5,2443
2026-09-18 13:11:00-04:00,29729.75,29732.0,29726.5,29731.0,1656
2026-09-18 13:12:00-04:00,29732.0,29732.25,29725.0,29729.75,1516
2026-09-18 13:13:00-04:00,29730.0,29739.5,29729.75,29739.0,2161
2026-09-18 13:14:00-04:00,29739.0,29741.75,29738.5,29741.5,1217
2026-09-18 13:15:00-04:00,29741.25,29749.0,29739.0,29748.25,2201
2026-09-18 13:16:00-04:00,29748.0,29748.5,29740.0,29743.25,1796
2026-09-18 13:17:00-04:00,29743.0,29749.25,29742.0,29748.25,1544
2026-09-18 13:18:00-04:00,29748.25,29748.75,29740.75,29742.75,1328
2026-09-18 13:19:00-04:00,29742.75,29746.5,29740.75,29746.25,1067
2026-09-18 13:20:00-04:00,29746.0,29747.0,29740.25,29741.0,934
2026-09-18 13:21:00-04:00,29741.0,29744.0,29741.0,29741.5,675
2026-09-18 13:22:00-04:00,29741.75,29746.25,29738.0,29745.5,1448
2026-09-18 13:23:00-04:00,29745.75,29747.0,29743.5,29746.5,1006
2026-09-18 13:24:00-04:00,29746.5,29748.25,29744.75,29748.0,677
2026-09-18 13:25:00-04:00,29747.5,29750.5,29746.25,29749.75,1280
2026-09-18 13:26:00-04:00,29749.75,29751.0,29746.75,29749.25,952
2026-09-18 13:27:00-04:00,29749.5,29751.25,29747.75,29749.75,904
2026-09-18 13:28:00-04:00,29749.5,29751.0,29743.75,29743.75,1361
2026-09-18 13:29:00-04:00,29744.0,29745.5,29740.25,29741.5,1197
2026-09-18 13:30:00-04:00,29741.5,29741.75,29732.25,29734.75,2747
2026-09-18 13:31:00-04:00,29735.0,29738.0,29733.0,29737.0,1326
2026-09-18 13:32:00-04:00,29736.75,29739.25,29735.0,29737.5,976
2026-09-18 13:33:00-04:00,29737.75,29738.25,29732.25,29734.5,1271
2026-09-18 13:34:00-04:00,29734.5,29742.5,29734.25,29741.25,1629
2026-09-18 13:35:00-04:00,29741.25,29749.25,29740.5,29747.75,2462
2026-09-18 13:36:00-04:00,29748.0,29754.75,29748.0,29752.0,2848
2026-09-18 13:37:00-04:00,29752.0,29756.0,29750.0,29751.0,1694
2026-09-18 13:38:00-04:00,29751.0,29753.25,29748.25,29752.75,1277
2026-09-18 13:39:00-04:00,29752.75,29756.25,29752.0,29755.0,1008
2026-09-18 13:40:00-04:00,29755.0,29757.75,29753.0,29756.0,1311
2026-09-18 13:41:00-04:00,29756.0,29757.75,29752.75,29756.0,1174
2026-09-18 13:42:00-04:00,29756.25,29757.0,29752.5,29754.75,939
2026-09-18 13:43:00-04:00,29754.5,29757.0,29753.5,29755.25,793
2026-09-18 13:44:00-04:00,29755.25,29762.5,29755.25,29761.5,2358
2026-09-18 13:45:00-04:00,29761.5,29763.0,29759.25,29760.0,1642
2026-09-18 13:46:00-04:00,29760.0,29763.25,29759.0,29761.5,958
2026-09-18 13:47:00-04:00,29761.75,29765.5,29761.5,29762.75,1546
2026-09-18 13:48:00-04:00,29762.5,29764.0,29757.5,29758.25,1438
2026-09-18 13:49:00-04:00,29758.5,29759.75,29756.75,29758.5,1047
2026-09-18 13:50:00-04:00,29758.5,29760.75,29756.5,29759.5,999
2026-09-18 13:51:00-04:00,29760.0,29765.5,29760.0,29763.75,1204
2026-09-18 13:52:00-04:00,29763.75,29766.25,29762.5,29766.0,956
2026-09-18 13:53:00-04:00,29766.0,29766.25,29761.25,29762.25,1054
2026-09-18 13:54:00-04:00,29762.25,29764.5,29760.75,29762.0,677
2026-09-18 13:55:00-04:00,29762.0,29764.5,29759.5,29763.5,1164
2026-09-18 13:56:00-04:00,29763.5,29766.5,29763.25,29765.25,852
2026-09-18 13:57:00-04:00,29765.5,29768.0,29763.75,29764.5,1119
2026-09-18 13:58:00-04:00,29764.0,29765.0,29761.25,29764.5,893
2026-09-18 13:59:00-04:00,29764.25,29766.75,29763.25,29763.5,814
2026-09-18 14:00:00-04:00,29763.5,29765.5,29756.5,29756.5,2534
2026-09-18 14:01:00-04:00,29757.0,29769.0,29756.5,29763.5,2334
2026-09-18 14:02:00-04:00,29763.5,29764.25,29760.5,29761.75,1133
2026-09-18 14:03:00-04:00,29761.5,29763.0,29759.5,29762.75,832
2026-09-18 14:04:00-04:00,29762.75,29764.0,29760.25,29761.25,702
2026-09-18 14:05:00-04:00,29761.75,29763.5,29759.75,29763.25,710
2026-09-18 14:06:00-04:00,29763.0,29763.25,29757.75,29757.75,876
2026-09-18 14:07:00-04:00,29757.5,29760.5,29756.0,29760.0,1443
2026-09-18 14:08:00-04:00,29760.25,29762.25,29758.0,29758.5,769
2026-09-18 14:09:00-04:00,29758.75,29759.25,29755.25,29757.75,956
2026-09-18 14:10:00-04:00,29758.25,29759.75,29755.5,29758.75,625
2026-09-18 14:11:00-04:00,29757.75,29758.5,29750.0,29754.5,2730
2026-09-18 14:12:00-04:00,29755.0,29755.0,29748.0,29753.75,1795
2026-09-18 14:13:00-04:00,29754.25,29756.25,29751.0,29755.25,1201
2026-09-18 14:14:00-04:00,29755.0,29755.0,29751.75,29753.75,721
2026-09-18 14:15:00-04:00,29753.75,29756.75,29753.0,29755.5,841
2026-09-18 14:16:00-04:00,29755.75,29763.25,29755.75,29761.25,2106
2026-09-18 14:17:00-04:00,29761.25,29761.75,29755.25,29756.5,1397
2026-09-18 14:18:00-04:00,29756.75,29761.5,29756.75,29761.0,1025
2026-09-18 14:19:00-04:00,29760.5,29765.0,29759.75,29764.5,1219
2026-09-18 14:20:00-04:00,29764.5,29770.5,29764.25,29769.25,2333
2026-09-18 14:21:00-04:00,29769.25,29776.5,29768.5,29775.0,3950
2026-09-18 14:22:00-04:00,29775.0,29786.0,29773.0,29783.75,4350
2026-09-18 14:23:00-04:00,29783.25,29788.0,29777.5,29780.0,3275
2026-09-18 14:24:00-04:00,29779.5,29780.0,29774.5,29776.25,1780
2026-09-18 14:25:00-04:00,29776.25,29778.75,29773.25,29775.0,1408
2026-09-18 14:26:00-04:00,29775.0,29777.75,29772.5,29773.25,1182
2026-09-18 14:27:00-04:00,29772.75,29781.75,29771.75,29777.75,1742
2026-09-18 14:28:00-04:00,29778.0,29778.25,29771.25,29774.5,1580
2026-09-18 14:29:00-04:00,29774.25,29781.5,29774.0,29780.75,1067
2026-09-18 14:30:00-04:00,29780.75,29782.0,29776.0,29776.5,1568
2026-09-18 14:31:00-04:00,29776.75,29779.0,29775.25,29777.75,748
2026-09-18 14:32:00-04:00,29777.5,29778.75,29776.75,29778.25,587
2026-09-18 14:33:00-04:00,29778.0,29780.0,29774.5,29779.25,830
2026-09-18 14:34:00-04:00,29779.5,29785.0,29777.0,29785.0,1228
2026-09-18 14:35:00-04:00,29784.75,29785.75,29781.0,29785.5,1318
2026-09-18 14:36:00-04:00,29785.0,29785.75,29779.5,29781.5,1355
2026-09-18 14:37:00-04:00,29780.75,29780.75,29776.0,29779.75,1417
2026-09-18 14:38:00-04:00,29779.75,29780.0,29773.25,29776.25,1268
2026-09-18 14:39:00-04:00,29776.0,29781.25,29775.75,29779.75,833
2026-09-18 14:40:00-04:00,29780.25,29781.0,29777.25,29780.0,763
2026-09-18 14:41:00-04:00,29780.25,29782.5,29778.75,29781.0,807
2026-09-18 14:42:00-04:00,29781.25,29784.75,29781.25,29783.75,998
2026-09-18 14:43:00-04:00,29783.25,29789.5,29783.0,29787.5,1841
2026-09-18 14:44:00-04:00,29787.5,29792.75,29786.5,29791.0,1852
2026-09-18 14:45:00-04:00,29791.25,29802.0,29790.5,29801.25,3940
2026-09-18 14:46:00-04:00,29801.0,29817.5,29798.75,29815.75,6209
2026-09-18 14:47:00-04:00,29815.5,29824.0,29814.25,29819.5,3817
2026-09-18 14:48:00-04:00,29819.75,29824.5,29816.25,29821.5,2560
2026-09-18 14:49:00-04:00,29821.25,29822.75,29817.5,29819.5,1796
2026-09-18 14:50:00-04:00,29819.25,29825.75,29819.0,29821.5,2268
2026-09-18 14:51:00-04:00,29821.0,29826.5,29820.5,29823.5,1603
2026-09-18 14:52:00-04:00,29823.0,29831.0,29822.75,29829.0,1899
2026-09-18 14:53:00-04:00,29828.75,29847.75,29827.75,29843.25,6823
2026-09-18 14:54:00-04:00,29843.25,29849.25,29836.25,29837.0,4396
2026-09-18 14:55:00-04:00,29837.25,29837.75,29829.0,29835.0,3376
2026-09-18 14:56:00-04:00,29835.0,29837.5,29830.0,29831.0,1642
2026-09-18 14:57:00-04:00,29831.25,29838.25,29830.0,29835.75,1452
2026-09-18 14:58:00-04:00,29835.5,29837.75,29831.25,29833.5,1612
2026-09-18 14:59:00-04:00,29833.0,29834.25,29827.0,29831.75,2177
2026-09-18 15:00:00-04:00,29832.0,29839.25,29830.0,29836.75,2150
2026-09-18 15:01:00-04:00,29836.5,29838.75,29828.75,29832.0,1558
2026-09-18 15:02:00-04:00,29832.25,29834.0,29830.75,29833.0,1003
2026-09-18 15:03:00-04:00,29832.75,29838.75,29830.5,29838.5,1467
2026-09-18 15:04:00-04:00,29838.5,29848.5,29838.0,29845.0,3253
2026-09-18 15:05:00-04:00,29845.0,29847.0,29841.5,29847.0,1506
2026-09-18 15:06:00-04:00,29846.5,29852.75,29840.5,29840.5,3133
2026-09-18 15:07:00-04:00,29840.5,29841.25,29832.75,29833.25,2707
2026-09-18 15:08:00-04:00,29833.75,29839.75,29831.25,29831.25,1632
2026-09-18 15:09:00-04:00,29831.5,29837.75,29831.25,29837.5,1152
2026-09-18 15:10:00-04:00,29837.75,29839.75,29834.5,29834.75,948
2026-09-18 15:11:00-04:00,29835.0,29841.0,29834.0,29840.25,934
2026-09-18 15:12:00-04:00,29839.75,29844.75,29836.75,29844.0,1745
2026-09-18 15:13:00-04:00,29844.25,29844.25,29833.25,29834.75,1581
2026-09-18 15:14:00-04:00,29834.75,29837.0,29830.0,29835.0,2057
2026-09-18 15:15:00-04:00,29834.75,29836.75,29832.0,29835.25,982
2026-09-18 15:16:00-04:00,29835.5,29837.75,29833.25,29835.75,871
2026-09-18 15:17:00-04:00,29836.0,29838.5,29833.5,29837.25,594
2026-09-18 15:18:00-04:00,29837.0,29840.75,29836.5,29838.0,1006
2026-09-18 15:19:00-04:00,29838.0,29839.75,29833.75,29837.75,968
2026-09-18 15:20:00-04:00,29837.75,29838.5,29832.25,29837.75,1279
2026-09-18 15:21:00-04:00,29837.75,29845.75,29837.5,29840.75,1840
2026-09-18 15:22:00-04:00,29840.75,29841.75,29838.0,29839.0,656
2026-09-18 15:23:00-04:00,29839.5,29842.5,29839.0,29841.25,948
2026-09-18 15:24:00-04:00,29841.5,29844.0,29836.75,29840.5,1156
2026-09-18 15:25:00-04:00,29840.25,29842.5,29835.5,29835.75,927
2026-09-18 15:26:00-04:00,29836.5,29837.25,29833.0,29836.5,1070
2026-09-18 15:27:00-04:00,29836.25,29840.25,29835.75,29838.0,686
2026-09-18 15:28:00-04:00,29839.0,29839.75,29835.75,29838.75,706
2026-09-18 15:29:00-04:00,29838.75,29839.5,29829.0,29831.25,2373
2026-09-18 15:30:00-04:00,29831.5,29834.0,29821.75,29827.5,4061
2026-09-18 15:31:00-04:00,29827.5,29830.75,29824.0,29824.75,1393
2026-09-18 15:32:00-04:00,29824.75,29828.5,29824.5,29824.75,1244
2026-09-18 15:33:00-04:00,29825.0,29827.5,29823.5,29826.25,1119
2026-09-18 15:34:00-04:00,29826.25,29827.25,29823.75,29825.75,1078
2026-09-18 15:35:00-04:00,29825.75,29829.75,29824.25,29825.5,1409
2026-09-18 15:36:00-04:00,29825.75,29832.0,29825.5,29831.0,1272
2026-09-18 15:37:00-04:00,29830.75,29841.75,29829.75,29839.0,2711
2026-09-18 15:38:00-04:00,29838.75,29842.75,29838.25,29841.5,1740
2026-09-18 15:39:00-04:00,29841.25,29843.5,29838.25,29840.75,1487
2026-09-18 15:40:00-04:00,29840.5,29843.0,29836.75,29840.5,1454
2026-09-18 15:41:00-04:00,29840.25,29845.0,29838.5,29843.25,1475
2026-09-18 15:42:00-04:00,29843.25,29847.5,29840.75,29843.25,1630
2026-09-18 15:43:00-04:00,29843.5,29849.5,29842.5,29847.75,1629
2026-09-18 15:44:00-04:00,29848.0,29855.0,29846.75,29852.75,2167
2026-09-18 15:45:00-04:00,29852.5,29857.75,29850.25,29854.5,3131
2026-09-18 15:46:00-04:00,29855.0,29858.75,29852.25,29857.25,2116
2026-09-18 15:47:00-04:00,29857.0,29867.25,29856.5,29862.0,3638
2026-09-18 15:48:00-04:00,29862.0,29866.0,29861.5,29865.0,1551
2026-09-18 15:49:00-04:00,29865.25,29874.5,29865.0,29872.5,3018
2026-09-18 15:50:00-04:00,29872.75,29889.0,29867.0,29875.75,8910
2026-09-18 15:51:00-04:00,29876.0,29879.0,29863.5,29864.75,3752
2026-09-18 15:52:00-04:00,29865.5,29871.75,29862.0,29867.5,2419
2026-09-18 15:53:00-04:00,29867.5,29873.25,29865.75,29870.5,2126
2026-09-18 15:54:00-04:00,29870.75,29878.25,29865.75,29877.5,4526
2026-09-18 15:55:00-04:00,29877.75,29928.0,29877.25,29907.5,12858
2026-09-18 15:56:00-04:00,29907.5,29913.0,29905.5,29910.25,3280
2026-09-18 15:57:00-04:00,29910.0,29938.0,29909.0,29937.25,6740
2026-09-18 15:58:00-04:00,29937.25,29937.25,29916.25,29918.5,7306
2026-09-18 15:59:00-04:00,29918.5,29923.75,29910.75,29915.5,14134
2026-09-18 16:00:00-04:00,29916.25,29932.25,29912.5,29930.5,7213
2026-09-18 16:01:00-04:00,29930.25,29935.0,29923.25,29932.0,3287
2026-09-18 16:02:00-04:00,29932.25,29952.0,29931.0,29941.75,5475
2026-09-18 16:03:00-04:00,29942.0,29952.75,29937.5,29947.75,2656
2026-09-18 16:04:00-04:00,29947.75,29951.0,29944.75,29947.0,1628
2026-09-18 16:05:00-04:00,29947.0,29950.75,29941.75,29949.75,1888
2026-09-18 16:06:00-04:00,29949.5,29950.0,29941.75,29944.25,1216
2026-09-18 16:07:00-04:00,29944.25,29948.25,29942.25,29946.75,940
2026-09-18 16:08:00-04:00,29946.5,29949.25,29943.75,29944.5,811
2026-09-18 16:09:00-04:00,29944.25,29946.0,29939.25,29945.0,1443
2026-09-18 16:10:00-04:00,29944.5,29981.0,29944.5,29979.5,6045
2026-09-18 16:11:00-04:00,29979.5,29989.75,29976.5,29985.75,4079
2026-09-18 16:12:00-04:00,29985.5,29993.5,29976.0,29981.5,3373
2026-09-18 16:13:00-04:00,29981.75,29982.5,29975.0,29975.5,1485
2026-09-18 16:14:00-04:00,29976.25,29977.25,29968.25,29971.0,1946
2026-09-18 16:15:00-04:00,29970.5,29975.5,29966.25,29972.0,1647
2026-09-18 16:16:00-04:00,29972.0,29973.0,29967.5,29970.5,833
2026-09-18 16:17:00-04:00,29970.75,29975.0,29969.25,29974.75,611
2026-09-18 16:18:00-04:00,29974.5,29975.0,29965.0,29967.5,812
2026-09-18 16:19:00-04:00,29968.0,29969.5,29965.0,29965.75,682
2026-09-18 16:20:00-04:00,29966.25,29973.25,29966.25,29967.75,769
2026-09-18 16:21:00-04:00,29968.25,29968.5,29962.5,29964.5,789
2026-09-18 16:22:00-04:00,29964.25,29966.5,29961.5,29962.25,785
2026-09-18 16:23:00-04:00,29962.75,29966.75,29962.5,29963.0,502
2026-09-18 16:24:00-04:00,29963.0,29967.0,29960.25,29964.5,663
2026-09-18 16:25:00-04:00,29964.5,29970.5,29964.0,29968.0,1096
2026-09-18 16:26:00-04:00,29967.75,29969.25,29965.75,29965.75,272
2026-09-18 16:27:00-04:00,29965.75,29969.0,29965.0,29967.25,302
2026-09-18 16:28:00-04:00,29967.75,29970.0,29966.25,29969.5,253
2026-09-18 16:29:00-04:00,29969.0,29969.25,29965.25,29968.0,395
2026-09-18 16:30:00-04:00,29968.5,29970.0,29967.0,29967.5,376
2026-09-18 16:31:00-04:00,29967.75,29968.0,29963.5,29966.5,541
2026-09-18 16:32:00-04:00,29966.5,29966.5,29963.0,29964.0,358
2026-09-18 16:33:00-04:00,29964.0,29965.75,29963.0,29964.5,218
2026-09-18 16:34:00-04:00,29964.5,29971.75,29964.5,29966.5,1005
2026-09-18 16:35:00-04:00,29966.75,29967.0,29961.25,29962.75,502
2026-09-18 16:36:00-04:00,29962.5,29964.5,29961.75,29964.25,400
2026-09-18 16:37:00-04:00,29964.5,29964.5,29957.5,29958.75,678
2026-09-18 16:38:00-04:00,29959.25,29959.75,29957.0,29959.75,331
2026-09-18 16:39:00-04:00,29959.0,29968.0,29957.75,29966.25,900
2026-09-18 16:40:00-04:00,29966.5,29974.25,29966.5,29971.5,944
2026-09-18 16:41:00-04:00,29971.5,29975.5,29971.0,29973.75,793
2026-09-18 16:42:00-04:00,29973.75,29974.0,29968.0,29972.25,548
2026-09-18 16:43:00-04:00,29972.75,29975.0,29971.25,29973.5,379
2026-09-18 16:44:00-04:00,29974.0,29975.5,29972.0,29974.0,518
2026-09-18 16:45:00-04:00,29974.0,29982.0,29974.0,29981.0,1017
2026-09-18 16:46:00-04:00,29980.75,29986.0,29979.75,29984.5,758
2026-09-18 16:47:00-04:00,29985.0,29985.5,29979.0,29980.75,681
2026-09-18 16:48:00-04:00,29980.75,29982.75,29977.0,29978.75,419
2026-09-18 16:49:00-04:00,29978.25,29980.75,29976.75,29978.25,300
2026-09-18 16:50:00-04:00,29977.5,29980.0,29976.75,29980.0,457
2026-09-18 16:51:00-04:00,29980.0,29981.75,29977.5,29977.5,251
2026-09-18 16:52:00-04:00,29978.0,29978.25,29970.75,29972.0,546
2026-09-18 16:53:00-04:00,29971.25,29971.5,29965.25,29965.25,493
2026-09-18 16:54:00-04:00,29965.25,29965.75,29958.25,29959.25,397
2026-09-18 16:55:00-04:00,29959.75,29962.0,29959.25,29960.0,507
2026-09-18 16:56:00-04:00,29960.0,29960.25,29957.75,29957.75,276
2026-09-18 16:57:00-04:00,29957.5,29960.75,29955.5,29957.25,489
2026-09-18 16:58:00-04:00,29957.0,29959.25,29952.5,29955.5,640
2026-09-18 16:59:00-04:00,29955.0,29960.25,29917.25,29917.25,798
2026-09-20 18:10:00-04:00,29945.75,29950.0,29945.0,29948.5,0
2026-09-20 18:11:00-04:00,29948.5,29952.5,29946.5,29952.5,807
2026-09-20 18:12:00-04:00,29952.25,29969.25,29951.25,29968.0,2063
2026-09-20 18:13:00-04:00,29967.0,29978.0,29965.0,29977.5,1617
2026-09-20 18:14:00-04:00,29977.5,30005.25,29975.5,29997.25,2871
2026-09-20 18:15:00-04:00,29997.25,29997.25,29979.0,29992.5,2362
2026-09-20 18:16:00-04:00,29992.75,30008.0,29991.0,30001.25,2221
2026-09-20 18:17:00-04:00,30000.5,30003.0,29987.75,29987.75,1357
2026-09-20 18:18:00-04:00,29988.0,29990.75,29983.75,29990.25,967
2026-09-20 18:19:00-04:00,29989.75,29990.75,29985.75,29987.25,491
2026-09-20 18:20:00-04:00,29988.0,29989.5,29981.25,29982.0,723
2026-09-20 18:21:00-04:00,29982.0,29985.5,29981.25,29982.25,584
2026-09-20 18:22:00-04:00,29982.75,29989.0,29982.5,29989.0,562
2026-09-20 18:23:00-04:00,29989.25,29996.0,29984.0,29984.0,978
2026-09-20 18:24:00-04:00,29984.25,29986.25,29979.25,29981.5,756
2026-09-20 18:25:00-04:00,29981.0,29993.5,29981.0,29991.25,1074
2026-09-20 18:26:00-04:00,29990.75,29993.25,29987.25,29988.0,472
2026-09-20 18:27:00-04:00,29988.0,29989.25,29985.0,29985.25,228
2026-09-20 18:28:00-04:00,29985.25,29987.5,29981.25,29986.5,468
2026-09-20 18:29:00-04:00,29987.0,29991.25,29983.0,29989.5,460
2026-09-20 18:30:00-04:00,29989.25,29994.5,29987.25,29991.75,667
2026-09-20 18:31:00-04:00,29992.0,30002.5,29991.75,29995.25,1289
2026-09-20 18:32:00-04:00,29994.75,29998.75,29991.75,29996.5,617
2026-09-20 18:33:00-04:00,29997.0,29997.75,29994.0,29995.0,351
2026-09-20 18:34:00-04:00,29995.25,30000.75,29994.25,30000.5,803
2026-09-20 18:35:00-04:00,30001.0,30019.75,29999.75,30017.75,2800
2026-09-20 18:36:00-04:00,30017.0,30026.25,30014.5,30023.0,2081
2026-09-20 18:37:00-04:00,30022.5,30024.75,30013.0,30013.0,1005
2026-09-20 18:38:00-04:00,30013.25,30017.5,30011.5,30013.75,732
2026-09-20 18:39:00-04:00,30013.75,30016.0,30004.5,30007.25,947
2026-09-20 18:40:00-04:00,30006.5,30013.25,30006.25,30012.0,705
2026-09-20 18:41:00-04:00,30012.5,30022.0,30012.5,30020.0,1109
2026-09-20 18:42:00-04:00,30020.5,30023.25,30018.25,30018.5,739
2026-09-20 18:43:00-04:00,30018.5,30019.0,30011.5,30014.25,793
2026-09-20 18:44:00-04:00,30014.25,30014.75,30006.0,30007.5,580
2026-09-20 18:45:00-04:00,30008.0,30011.25,30005.5,30009.75,683
2026-09-20 18:46:00-04:00,30009.25,30010.75,30008.75,30010.75,279
2026-09-20 18:47:00-04:00,30010.5,30015.75,30010.5,30014.25,564
2026-09-20 18:48:00-04:00,30015.25,30015.75,30004.0,30006.0,750
2026-09-20 18:49:00-04:00,30006.0,30010.25,29996.0,30006.75,2111
2026-09-20 18:50:00-04:00,30006.25,30008.0,30003.0,30006.25,476
2026-09-20 18:51:00-04:00,30006.0,30008.25,30004.0,30007.5,375
2026-09-20 18:52:00-04:00,30007.5,30010.0,30003.25,30003.75,360
2026-09-20 18:53:00-04:00,30004.0,30005.0,30001.25,30002.5,451
2026-09-20 18:54:00-04:00,30002.5,30006.5,30002.5,30005.75,361
2026-09-20 18:55:00-04:00,30006.5,30012.0,30006.5,30011.25,552
2026-09-20 18:56:00-04:00,30011.5,30028.25,30010.5,30021.25,1908
2026-09-20 18:57:00-04:00,30022.0,30025.75,30017.25,30024.5,842
2026-09-20 18:58:00-04:00,30024.5,30032.75,30024.0,30028.5,1289
2026-09-20 18:59:00-04:00,30029.5,30033.75,30025.0,30025.75,976
2026-09-20 19:00:00-04:00,30025.0,30030.0,30022.25,30025.75,762
2026-09-20 19:01:00-04:00,30026.25,30028.25,30019.5,30020.5,633
2026-09-20 19:02:00-04:00,30020.5,30023.75,30015.25,30022.25,1211
2026-09-20 19:03:00-04:00,30022.25,30023.0,30017.75,30018.5,429
2026-09-20 19:04:00-04:00,30018.5,30018.75,30014.0,30016.5,532
2026-09-20 19:05:00-04:00,30016.75,30023.5,30016.5,30020.75,569
2026-09-20 19:06:00-04:00,30020.75,30020.75,30016.75,30017.75,303
2026-09-20 19:07:00-04:00,30018.0,30019.5,30015.25,30018.0,284
2026-09-20 19:08:00-04:00,30018.75,30019.0,30014.5,30016.75,272
2026-09-20 19:09:00-04:00,30016.75,30019.5,30016.75,30019.25,191
2026-09-20 19:10:00-04:00,30018.5,30020.5,30015.0,30017.25,468
2026-09-20 19:11:00-04:00,30017.75,30018.0,30016.25,30017.25,159
2026-09-20 19:12:00-04:00,30017.0,30022.5,30017.0,30021.75,277
2026-09-20 19:13:00-04:00,30021.75,30023.5,30019.0,30020.0,445
2026-09-20 19:14:00-04:00,30020.0,30020.25,30018.25,30019.75,140
2026-09-20 19:15:00-04:00,30019.75,30020.5,30012.0,30014.25,737
2026-09-20 19:16:00-04:00,30014.5,30018.75,30014.25,30016.5,505
2026-09-20 19:17:00-04:00,30016.5,30018.5,30014.75,30018.0,187
2026-09-20 19:18:00-04:00,30017.75,30021.0,30014.5,30018.0,607
2026-09-20 19:19:00-04:00,30018.0,30018.5,30014.0,30017.75,298
2026-09-20 19:20:00-04:00,30017.75,30018.0,30015.75,30016.75,206
2026-09-20 19:21:00-04:00,30016.0,30016.75,30010.5,30015.75,613
2026-09-20 19:22:00-04:00,30015.75,30017.0,30015.25,30016.0,202
2026-09-20 19:23:00-04:00,30016.25,30018.75,30012.5,30013.75,372
2026-09-20 19:24:00-04:00,30014.25,30018.25,30014.25,30018.0,209
2026-09-20 19:25:00-04:00,30018.75,30019.75,30017.0,30018.75,295
2026-09-20 19:26:00-04:00,30019.0,30028.0,30017.25,30021.25,957
2026-09-20 19:27:00-04:00,30020.5,30027.0,30019.5,30026.25,891
2026-09-20 19:28:00-04:00,30026.5,30030.0,30025.75,30028.25,731
2026-09-20 19:29:00-04:00,30028.0,30029.75,30025.25,30027.0,666
2026-09-20 19:30:00-04:00,30027.0,30032.5,30023.0,30029.25,1150
2026-09-20 19:31:00-04:00,30029.5,30030.75,30027.5,30028.75,297
2026-09-20 19:32:00-04:00,30028.0,30029.25,30023.0,30025.25,389
2026-09-20 19:33:00-04:00,30025.5,30027.0,30024.75,30026.5,216
2026-09-20 19:34:00-04:00,30027.0,30028.25,30024.75,30027.25,265
2026-09-20 19:35:00-04:00,30027.25,30027.75,30026.0,30027.0,110
2026-09-20 19:36:00-04:00,30027.5,30030.0,30026.0,30030.0,182
2026-09-20 19:37:00-04:00,30030.5,30037.5,30030.5,30034.75,1318
2026-09-20 19:38:00-04:00,30034.5,30034.75,30030.75,30032.5,367
2026-09-20 19:39:00-04:00,30032.5,30039.5,30031.25,30032.75,1012
2026-09-20 19:40:00-04:00,30032.75,30033.75,30028.75,30030.75,468
2026-09-20 19:41:00-04:00,30031.25,30034.25,30030.5,30032.25,207
2026-09-20 19:42:00-04:00,30033.25,30040.25,30032.0,30037.75,596
2026-09-20 19:43:00-04:00,30037.5,30038.0,30035.0,30036.5,280
2026-09-20 19:44:00-04:00,30036.75,30039.25,30033.75,30036.0,412
2026-09-20 19:45:00-04:00,30036.25,30036.25,30029.25,30033.0,651
2026-09-20 19:46:00-04:00,30032.5,30034.25,30027.75,30027.75,628
2026-09-20 19:47:00-04:00,30027.75,30032.5,30026.0,30028.75,648
2026-09-20 19:48:00-04:00,30028.0,30034.0,30027.0,30032.75,543
2026-09-20 19:49:00-04:00,30033.25,30040.0,30028.0,30030.5,1036
2026-09-20 19:50:00-04:00,30030.0,30031.75,30024.75,30028.5,709
2026-09-20 19:51:00-04:00,30028.0,30031.0,30025.25,30028.5,441
2026-09-20 19:52:00-04:00,30028.5,30029.75,30026.5,30026.5,276
2026-09-20 19:53:00-04:00,30026.5,30029.75,30026.5,30028.5,267
2026-09-20 19:54:00-04:00,30029.0,30030.0,30019.0,30024.5,957
2026-09-20 19:55:00-04:00,30024.5,30031.0,30023.75,30029.75,513
2026-09-20 19:56:00-04:00,30029.75,30036.5,30029.75,30030.75,700
2026-09-20 19:57:00-04:00,30030.5,30030.75,30025.5,30028.5,518
2026-09-20 19:58:00-04:00,30029.0,30030.75,30026.25,30026.75,242
2026-09-20 19:59:00-04:00,30027.75,30030.75,30027.75,30029.25,317
2026-09-20 20:00:00-04:00,30029.5,30037.25,30025.75,30032.25,1753
2026-09-20 20:01:00-04:00,30032.5,30038.0,30027.75,30036.5,1064
2026-09-20 20:02:00-04:00,30036.5,30055.0,30032.0,30052.5,3601
2026-09-20 20:03:00-04:00,30053.0,30053.25,30046.25,30051.25,1449
2026-09-20 20:04:00-04:00,30050.5,30051.75,30046.25,30048.5,663
2026-09-20 20:05:00-04:00,30049.0,30065.5,30049.0,30057.75,2964
2026-09-20 20:06:00-04:00,30056.75,30059.0,30047.75,30051.5,1187
2026-09-20 20:07:00-04:00,30051.5,30051.5,30040.0,30045.5,1783
2026-09-20 20:08:00-04:00,30047.0,30050.0,30043.25,30049.25,697
2026-09-20 20:09:00-04:00,30049.5,30050.0,30043.5,30046.75,624
2026-09-20 20:10:00-04:00,30047.25,30047.75,30041.0,30041.0,541
2026-09-20 20:11:00-04:00,30041.25,30042.5,30035.0,30040.25,1129
2026-09-20 20:12:00-04:00,30040.25,30046.5,30036.5,30045.0,924
2026-09-20 20:13:00-04:00,30045.0,30046.0,30038.0,30040.5,717
2026-09-20 20:14:00-04:00,30039.75,30045.0,30038.5,30041.5,426
2026-09-20 20:15:00-04:00,30041.25,30045.5,30035.25,30040.75,1152
2026-09-20 20:16:00-04:00,30041.0,30045.0,30036.0,30038.75,839
2026-09-20 20:17:00-04:00,30038.0,30038.0,30023.5,30024.75,1824
2026-09-20 20:18:00-04:00,30024.0,30025.25,30016.75,30020.0,2209
2026-09-20 20:19:00-04:00,30020.5,30027.5,30020.5,30024.75,812
2026-09-20 20:20:00-04:00,30024.5,30027.0,30021.75,30026.75,681
2026-09-20 20:21:00-04:00,30026.0,30042.25,30024.75,30037.5,1937
2026-09-20 20:22:00-04:00,30037.75,30060.0,30037.5,30059.25,2328
2026-09-20 20:23:00-04:00,30058.75,30070.0,30057.75,30062.5,2699
2026-09-20 20:24:00-04:00,30061.75,30069.75,30060.0,30065.5,1301
2026-09-20 20:25:00-04:00,30065.75,30067.75,30061.0,30064.0,1204
2026-09-20 20:26:00-04:00,30064.75,30066.75,30061.25,30064.5,569
2026-09-20 20:27:00-04:00,30065.0,30079.0,30064.5,30078.25,2309
2026-09-20 20:28:00-04:00,30078.25,30078.25,30071.75,30071.75,822
2026-09-20 20:29:00-04:00,30072.25,30072.25,30066.25,30066.75,884
2026-09-20 20:30:00-04:00,30066.75,30077.75,30066.75,30076.0,1140
2026-09-20 20:31:00-04:00,30075.5,30081.75,30075.5,30080.5,1146
2026-09-20 20:32:00-04:00,30081.0,30083.0,30077.25,30081.5,877
2026-09-20 20:33:00-04:00,30081.25,30088.75,30077.25,30086.0,1674
2026-09-20 20:34:00-04:00,30085.25,30090.75,30083.5,30088.0,861
2026-09-20 20:35:00-04:00,30088.25,30089.75,30083.75,30088.25,836
2026-09-20 20:36:00-04:00,30087.75,30091.75,30085.0,30087.75,758
2026-09-20 20:37:00-04:00,30087.5,30091.25,30086.25,30088.5,736
2026-09-20 20:38:00-04:00,30088.75,30089.0,30083.0,30084.75,898
2026-09-20 20:39:00-04:00,30084.75,30091.5,30082.25,30089.5,1481
2026-09-20 20:40:00-04:00,30090.5,30090.75,30081.75,30086.5,1164
2026-09-20 20:41:00-04:00,30086.25,30086.25,30078.0,30081.5,1184
2026-09-20 20:42:00-04:00,30081.75,30084.25,30078.75,30082.0,832
2026-09-20 20:43:00-04:00,30082.0,30085.0,30078.0,30079.5,615
2026-09-20 20:44:00-04:00,30080.25,30081.25,30070.75,30074.25,1564
2026-09-20 20:45:00-04:00,30074.25,30078.5,30073.75,30077.5,695
2026-09-20 20:46:00-04:00,30077.5,30077.75,30070.75,30076.0,664
2026-09-20 20:47:00-04:00,30076.25,30079.75,30075.5,30078.0,768
2026-09-20 20:48:00-04:00,30077.5,30082.25,30076.5,30079.75,833
2026-09-20 20:49:00-04:00,30080.0,30082.75,30076.25,30078.25,862
2026-09-20 20:50:00-04:00,30078.0,30087.5,30076.25,30083.5,855
2026-09-20 20:51:00-04:00,30083.75,30087.0,30080.25,30083.75,830
2026-09-20 20:52:00-04:00,30083.5,30086.75,30081.5,30084.0,497
2026-09-20 20:53:00-04:00,30084.25,30086.75,30082.0,30084.0,347
2026-09-20 20:54:00-04:00,30083.5,30084.25,30078.25,30078.5,624
2026-09-20 20:55:00-04:00,30078.75,30084.0,30078.25,30081.25,532
2026-09-20 20:56:00-04:00,30081.5,30084.5,30075.25,30080.25,749
2026-09-20 20:57:00-04:00,30080.5,30084.0,30080.5,30083.0,406
2026-09-20 20:58:00-04:00,30083.5,30087.25,30083.25,30084.75,687
2026-09-20 20:59:00-04:00,30086.0,30097.75,30084.25,30095.25,2570
2026-09-20 21:00:00-04:00,30095.25,30105.0,30094.75,30100.5,2783
2026-09-20 21:01:00-04:00,30100.5,30102.0,30088.5,30100.75,1785
2026-09-20 21:02:00-04:00,30101.0,30105.75,30097.75,30103.5,1476
2026-09-20 21:03:00-04:00,30104.25,30104.5,30098.5,30101.0,715
2026-09-20 21:04:00-04:00,30101.0,30105.75,30099.0,30104.5,734
2026-09-20 21:05:00-04:00,30104.5,30113.5,30101.25,30113.0,1965
2026-09-20 21:06:00-04:00,30113.0,30114.75,30108.75,30114.0,1575
2026-09-20 21:07:00-04:00,30114.0,30117.25,30113.0,30117.0,1270
2026-09-20 21:08:00-04:00,30117.25,30124.5,30115.5,30121.0,1685
2026-09-20 21:09:00-04:00,30121.0,30122.5,30115.75,30118.5,1368
2026-09-20 21:10:00-04:00,30118.75,30119.0,30114.5,30116.0,717
2026-09-20 21:11:00-04:00,30116.0,30118.0,30107.75,30118.0,1893
2026-09-20 21:12:00-04:00,30118.0,30128.75,30111.25,30118.0,2670
2026-09-20 21:13:00-04:00,30117.5,30118.75,30113.5,30114.0,656
2026-09-20 21:14:00-04:00,30113.75,30116.75,30105.75,30114.5,1421
2026-09-20 21:15:00-04:00,30114.75,30115.75,30109.5,30113.0,914
2026-09-20 21:16:00-04:00,30113.25,30116.0,30110.0,30115.0,621
2026-09-20 21:17:00-04:00,30114.75,30119.0,30111.25,30114.0,910
2026-09-20 21:18:00-04:00,30113.0,30113.0,30107.0,30109.75,615
2026-09-20 21:19:00-04:00,30110.5,30112.5,30107.0,30111.25,553
2026-09-20 21:20:00-04:00,30110.5,30115.5,30109.0,30114.5,592
2026-09-20 21:21:00-04:00,30115.0,30115.0,30111.0,30114.75,400
2026-09-20 21:22:00-04:00,30114.25,30114.5,30106.5,30110.5,578
2026-09-20 21:23:00-04:00,30109.75,30109.75,30104.75,30108.5,669
2026-09-20 21:24:00-04:00,30108.75,30112.0,30108.5,30111.5,580
2026-09-20 21:25:00-04:00,30111.5,30116.75,30111.25,30115.0,832
2026-09-20 21:26:00-04:00,30114.5,30120.75,30112.75,30119.5,797
2026-09-20 21:27:00-04:00,30119.75,30120.5,30115.0,30116.75,628
2026-09-20 21:28:00-04:00,30117.0,30126.25,30117.0,30122.75,1155
2026-09-20 21:29:00-04:00,30122.75,30127.5,30110.5,30111.0,1778
2026-09-20 21:30:00-04:00,30111.25,30119.5,30107.75,30115.25,1332
2026-09-20 21:31:00-04:00,30115.0,30117.25,30110.0,30111.5,622
2026-09-20 21:32:00-04:00,30111.0,30118.75,30111.0,30118.0,614
2026-09-20 21:33:00-04:00,30118.5,30120.75,30114.75,30119.0,621
2026-09-20 21:34:00-04:00,30119.5,30121.5,30117.5,30119.0,361
2026-09-20 21:35:00-04:00,30119.0,30119.5,30114.75,30114.75,414
2026-09-20 21:36:00-04:00,30114.5,30117.25,30111.0,30112.0,588
2026-09-20 21:37:00-04:00,30111.75,30112.75,30108.0,30110.75,646
2026-09-20 21:38:00-04:00,30111.0,30113.5,30109.5,30113.0,485
2026-09-20 21:39:00-04:00,30112.5,30114.5,30109.5,30114.25,474
2026-09-20 21:40:00-04:00,30114.25,30118.75,30114.0,30117.25,607
2026-09-20 21:41:00-04:00,30116.75,30119.75,30115.0,30117.25,388
2026-09-20 21:42:00-04:00,30117.0,30117.0,30109.0,30110.0,571
2026-09-20 21:43:00-04:00,30110.5,30111.5,30109.0,30110.5,352
2026-09-20 21:44:00-04:00,30110.5,30114.0,30109.25,30113.25,374
2026-09-20 21:45:00-04:00,30114.0,30114.75,30107.0,30108.75,530
2026-09-20 21:46:00-04:00,30108.75,30111.5,30105.25,30108.0,817
2026-09-20 21:47:00-04:00,30107.75,30108.5,30094.25,30097.5,2330
2026-09-20 21:48:00-04:00,30098.0,30098.0,30089.75,30093.5,1408
2026-09-20 21:49:00-04:00,30093.75,30096.75,30088.5,30092.5,1557
2026-09-20 21:50:00-04:00,30092.5,30098.25,30083.75,30084.75,2048
2026-09-20 21:51:00-04:00,30085.0,30091.75,30084.5,30091.0,982
2026-09-20 21:52:00-04:00,30091.5,30095.25,30088.25,30094.25,989
2026-09-20 21:53:00-04:00,30094.0,30099.25,30093.5,30097.0,968
2026-09-20 21:54:00-04:00,30096.5,30098.5,30092.0,30092.75,683
2026-09-20 21:55:00-04:00,30093.0,30094.5,30087.5,30088.75,609
2026-09-20 21:56:00-04:00,30088.25,30089.75,30084.75,30087.75,770
2026-09-20 21:57:00-04:00,30087.75,30091.0,30085.75,30089.5,566
2026-09-20 21:58:00-04:00,30089.75,30091.5,30073.5,30074.25,2302
2026-09-20 21:59:00-04:00,30075.0,30075.25,30069.5,30071.0,1578
2026-09-20 22:00:00-04:00,30070.75,30072.75,30064.75,30068.25,1753
2026-09-20 22:01:00-04:00,30068.5,30074.0,30063.75,30064.25,1251
2026-09-20 22:02:00-04:00,30064.0,30077.5,30063.75,30074.75,1311
2026-09-20 22:03:00-04:00,30075.25,30082.0,30074.25,30078.25,1246
2026-09-20 22:04:00-04:00,30077.75,30085.0,30076.25,30079.75,1082
2026-09-20 22:05:00-04:00,30079.25,30082.0,30072.0,30074.75,1010
2026-09-20 22:06:00-04:00,30074.75,30075.75,30070.0,30074.5,811
2026-09-20 22:07:00-04:00,30073.75,30074.5,30070.5,30073.0,378
2026-09-20 22:08:00-04:00,30073.25,30080.0,30072.75,30079.0,821
2026-09-20 22:09:00-04:00,30078.75,30082.5,30077.75,30081.75,728
2026-09-20 22:10:00-04:00,30081.25,30081.75,30075.5,30075.5,592
2026-09-20 22:11:00-04:00,30075.75,30084.25,30075.0,30080.75,611
2026-09-20 22:12:00-04:00,30080.5,30083.75,30080.0,30081.0,322
2026-09-20 22:13:00-04:00,30080.75,30083.75,30078.5,30080.25,415
2026-09-20 22:14:00-04:00,30079.5,30080.5,30076.5,30079.75,337
2026-09-20 22:15:00-04:00,30079.75,30081.25,30076.0,30078.0,447
2026-09-20 22:16:00-04:00,30078.0,30082.5,30072.25,30079.75,779
2026-09-20 22:17:00-04:00,30079.5,30082.0,30075.25,30076.5,551
2026-09-20 22:18:00-04:00,30076.25,30077.25,30073.5,30075.0,399
2026-09-20 22:19:00-04:00,30075.0,30079.75,30075.0,30077.75,459
2026-09-20 22:20:00-04:00,30077.0,30082.5,30073.25,30078.75,653
2026-09-20 22:21:00-04:00,30079.25,30079.25,30074.0,30076.0,391
2026-09-20 22:22:00-04:00,30076.25,30082.25,30076.0,30081.75,392
2026-09-20 22:23:00-04:00,30081.75,30082.5,30078.25,30082.5,490
2026-09-20 22:24:00-04:00,30082.25,30082.75,30072.5,30081.0,1315
2026-09-20 22:25:00-04:00,30081.0,30083.75,30079.75,30082.25,612
2026-09-20 22:26:00-04:00,30082.25,30089.25,30081.0,30085.25,1232
2026-09-20 22:27:00-04:00,30086.0,30088.5,30082.75,30085.25,1016
2026-09-20 22:28:00-04:00,30085.0,30088.25,30084.25,30087.0,506
2026-09-20 22:29:00-04:00,30087.5,30089.5,30086.75,30089.0,503
2026-09-20 22:30:00-04:00,30088.5,30088.75,30078.25,30081.25,1210
2026-09-20 22:31:00-04:00,30081.5,30082.25,30068.5,30071.0,1541
2026-09-20 22:32:00-04:00,30071.0,30073.25,30067.75,30068.5,977
2026-09-20 22:33:00-04:00,30068.75,30073.75,30068.0,30073.0,621
2026-09-20 22:34:00-04:00,30073.0,30075.0,30071.5,30073.75,495
2026-09-20 22:35:00-04:00,30073.5,30081.75,30073.0,30078.0,932
2026-09-20 22:36:00-04:00,30078.5,30080.75,30077.5,30079.75,410
2026-09-20 22:37:00-04:00,30079.25,30081.0,30075.0,30075.25,316
2026-09-20 22:38:00-04:00,30075.0,30081.75,30075.0,30079.75,374
2026-09-20 22:39:00-04:00,30080.0,30081.0,30078.5,30078.5,232
2026-09-20 22:40:00-04:00,30078.5,30078.75,30073.0,30076.0,501
2026-09-20 22:41:00-04:00,30076.0,30078.25,30074.25,30077.75,172
2026-09-20 22:42:00-04:00,30077.75,30084.0,30077.75,30084.0,579
2026-09-20 22:43:00-04:00,30084.25,30088.0,30081.75,30086.0,825
2026-09-20 22:44:00-04:00,30086.25,30087.0,30080.0,30083.25,533
2026-09-20 22:45:00-04:00,30082.75,30099.5,30080.25,30099.25,2392
2026-09-20 22:46:00-04:00,30099.0,30101.5,30094.5,30098.25,1538
2026-09-20 22:47:00-04:00,30098.25,30100.0,30096.75,30099.75,501
2026-09-20 22:48:00-04:00,30100.0,30101.0,30096.5,30100.0,420
2026-09-20 22:49:00-04:00,30099.5,30104.75,30098.25,30100.25,1223
2026-09-20 22:50:00-04:00,30100.5,30102.25,30098.25,30100.75,498
2026-09-20 22:51:00-04:00,30100.25,30101.0,30090.0,30090.0,1113
2026-09-20 22:52:00-04:00,30090.75,30094.0,30090.75,30091.25,483
2026-09-20 22:53:00-04:00,30092.25,30092.75,30088.5,30088.5,559
2026-09-20 22:54:00-04:00,30088.25,30089.0,30078.0,30084.75,1592
2026-09-20 22:55:00-04:00,30084.0,30086.5,30083.0,30083.25,383
2026-09-20 22:56:00-04:00,30083.25,30084.5,30076.0,30076.75,1027
2026-09-20 22:57:00-04:00,30077.5,30083.0,30076.75,30081.5,567
2026-09-20 22:58:00-04:00,30082.25,30083.0,30077.75,30078.5,386
2026-09-20 22:59:00-04:00,30079.0,30081.75,30077.0,30079.0,402
2026-09-20 23:00:00-04:00,30078.75,30083.5,30077.75,30082.5,347
2026-09-20 23:01:00-04:00,30082.5,30085.0,30080.0,30084.5,496
2026-09-20 23:02:00-04:00,30084.5,30087.75,30081.0,30085.5,648
2026-09-20 23:03:00-04:00,30086.0,30091.25,30085.75,30090.25,650
2026-09-20 23:04:00-04:00,30090.75,30100.75,30090.25,30098.75,1479
2026-09-20 23:05:00-04:00,30099.0,30100.25,30096.75,30097.25,657
2026-09-20 23:06:00-04:00,30097.0,30099.0,30093.75,30094.0,565
2026-09-20 23:07:00-04:00,30094.25,30096.0,30092.25,30094.75,328
2026-09-20 23:08:00-04:00,30095.0,30098.75,30094.25,30097.25,361
2026-09-20 23:09:00-04:00,30097.25,30097.25,30093.25,30094.25,270
2026-09-20 23:10:00-04:00,30095.0,30100.0,30094.0,30098.75,356
2026-09-20 23:11:00-04:00,30098.5,30099.0,30090.25,30092.0,315
2026-09-20 23:12:00-04:00,30091.5,30092.5,30089.25,30090.75,459
2026-09-20 23:13:00-04:00,30090.5,30094.25,30090.25,30093.0,308
2026-09-20 23:14:00-04:00,30093.0,30095.5,30092.5,30093.75,226
2026-09-20 23:15:00-04:00,30094.25,30097.25,30091.75,30097.0,330
2026-09-20 23:16:00-04:00,30096.5,30103.75,30095.5,30102.5,726
2026-09-20 23:17:00-04:00,30102.25,30102.75,30099.25,30101.75,467
2026-09-20 23:18:00-04:00,30101.5,30106.0,30100.25,30101.0,826
2026-09-20 23:19:00-04:00,30100.75,30103.0,30100.5,30102.5,318
2026-09-20 23:20:00-04:00,30101.75,30104.75,30100.75,30102.5,404
2026-09-20 23:21:00-04:00,30102.0,30102.25,30098.25,30100.25,387
2026-09-20 23:22:00-04:00,30100.25,30101.5,30098.0,30099.75,271
2026-09-20 23:23:00-04:00,30099.25,30101.25,30099.0,30099.25,150
2026-09-20 23:24:00-04:00,30099.25,30100.5,30098.75,30099.5,156
2026-09-20 23:25:00-04:00,30099.5,30102.25,30099.5,30101.25,206
2026-09-20 23:26:00-04:00,30101.75,30104.0,30100.5,30103.0,282
2026-09-20 23:27:00-04:00,30103.0,30103.25,30098.75,30099.25,254
2026-09-20 23:28:00-04:00,30099.5,30100.25,30094.5,30095.5,586
2026-09-20 23:29:00-04:00,30095.75,30096.5,30092.25,30093.0,403
2026-09-20 23:30:00-04:00,30092.75,30095.25,30089.75,30092.5,836
2026-09-20 23:31:00-04:00,30091.75,30093.0,30087.5,30089.75,414
2026-09-20 23:32:00-04:00,30089.75,30090.5,30082.75,30083.25,878
2026-09-20 23:33:00-04:00,30084.0,30091.25,30084.0,30090.25,554
2026-09-20 23:34:00-04:00,30090.75,30092.0,30088.25,30091.75,333
2026-09-20 23:35:00-04:00,30091.5,30095.25,30088.5,30089.5,671
2026-09-20 23:36:00-04:00,30088.75,30090.25,30086.0,30088.25,559
2026-09-20 23:37:00-04:00,30088.5,30089.75,30083.5,30084.25,447
2026-09-20 23:38:00-04:00,30084.25,30090.25,30083.5,30089.5,314
2026-09-20 23:39:00-04:00,30090.0,30093.75,30089.75,30092.0,328
2026-09-20 23:40:00-04:00,30092.0,30093.0,30089.75,30089.75,166
2026-09-20 23:41:00-04:00,30089.25,30092.0,30087.75,30089.0,169
2026-09-20 23:42:00-04:00,30089.75,30092.0,30089.5,30091.25,134
2026-09-20 23:43:00-04:00,30091.25,30093.0,30090.5,30092.25,223
2026-09-20 23:44:00-04:00,30091.5,30096.0,30091.5,30094.0,487
2026-09-20 23:45:00-04:00,30094.5,30105.75,30094.5,30104.75,1462
2026-09-20 23:46:00-04:00,30104.75,30107.5,30102.0,30103.25,896
2026-09-20 23:47:00-04:00,30103.75,30106.75,30102.0,30105.5,392
2026-09-20 23:48:00-04:00,30106.0,30106.5,30098.25,30100.0,624
2026-09-20 23:49:00-04:00,30100.0,30100.5,30093.5,30094.25,674
2026-09-20 23:50:00-04:00,30094.0,30094.0,30091.25,30092.75,598
2026-09-20 23:51:00-04:00,30092.25,30097.0,30092.0,30095.75,370
2026-09-20 23:52:00-04:00,30095.75,30101.25,30095.75,30100.25,349
2026-09-20 23:53:00-04:00,30100.0,30100.25,30096.75,30099.0,193
2026-09-20 23:54:00-04:00,30099.25,30099.5,30096.75,30097.5,144
2026-09-20 23:55:00-04:00,30097.25,30097.5,30091.75,30093.0,549
2026-09-20 23:56:00-04:00,30093.25,30094.0,30089.5,30092.5,388
2026-09-20 23:57:00-04:00,30092.5,30093.0,30090.75,30091.5,124
2026-09-20 23:58:00-04:00,30091.75,30093.0,30088.25,30089.5,351
2026-09-21 00:00:00-04:00,30087.25,30093.0,30087.25,30092.25,559
2026-09-21 00:01:00-04:00,30091.75,30095.0,30090.0,30094.75,352
2026-09-21 00:02:00-04:00,30095.25,30096.0,30091.0,30093.5,368
2026-09-21 00:03:00-04:00,30093.5,30094.25,30089.25,30089.75,274
2026-09-21 00:04:00-04:00,30090.25,30091.5,30081.5,30083.0,908
2026-09-21 00:05:00-04:00,30083.25,30085.25,30078.5,30081.75,912
2026-09-21 00:06:00-04:00,30082.25,30083.75,30073.5,30073.5,1011
2026-09-21 00:07:00-04:00,30073.25,30074.25,30070.25,30072.75,955
2026-09-21 00:08:00-04:00,30073.0,30087.75,30072.75,30086.0,1478
2026-09-21 00:09:00-04:00,30085.75,30085.75,30079.0,30081.0,656
2026-09-21 00:10:00-04:00,30080.75,30082.25,30078.75,30079.0,326
2026-09-21 00:11:00-04:00,30079.0,30079.0,30072.0,30074.0,814
2026-09-21 00:12:00-04:00,30074.75,30081.5,30074.5,30077.75,713
2026-09-21 00:13:00-04:00,30078.25,30083.0,30076.5,30081.25,365
2026-09-21 00:14:00-04:00,30081.25,30084.75,30080.5,30083.0,244
2026-09-21 00:15:00-04:00,30082.75,30085.0,30081.0,30083.75,408
2026-09-21 00:16:00-04:00,30083.5,30094.75,30083.25,30094.0,1213
2026-09-21 00:17:00-04:00,30094.25,30096.25,30092.25,30093.0,461
2026-09-21 00:18:00-04:00,30093.5,30099.0,30092.75,30097.0,543
2026-09-21 00:19:00-04:00,30097.75,30099.75,30096.75,30098.25,432
2026-09-21 00:20:00-04:00,30098.0,30101.5,30096.0,30098.25,674
2026-09-21 00:21:00-04:00,30098.25,30099.0,30096.25,30097.0,319
2026-09-21 00:22:00-04:00,30097.25,30099.25,30095.0,30096.0,262
2026-09-21 00:23:00-04:00,30096.25,30096.75,30087.75,30091.75,731
2026-09-21 00:24:00-04:00,30092.25,30094.25,30091.0,30094.0,219
2026-09-21 00:25:00-04:00,30094.0,30096.5,30093.5,30094.75,254
2026-09-21 00:26:00-04:00,30095.0,30097.5,30092.5,30096.75,338
2026-09-21 00:27:00-04:00,30096.75,30098.0,30095.5,30097.25,168
2026-09-21 00:28:00-04:00,30097.5,30097.75,30094.5,30095.0,99
2026-09-21 00:29:00-04:00,30095.0,30096.0,30093.25,30094.0,99
2026-09-21 00:30:00-04:00,30094.0,30094.5,30085.5,30086.0,625
2026-09-21 00:31:00-04:00,30086.5,30086.5,30081.0,30084.0,582
2026-09-21 00:32:00-04:00,30084.75,30087.0,30083.25,30085.5,307
2026-09-21 00:33:00-04:00,30085.75,30087.25,30085.0,30085.75,177
2026-09-21 00:34:00-04:00,30086.5,30087.25,30085.25,30086.75,157
2026-09-21 00:35:00-04:00,30087.0,30087.0,30081.0,30082.0,347
2026-09-21 00:36:00-04:00,30082.25,30084.25,30082.25,30083.5,219
2026-09-21 00:37:00-04:00,30083.0,30085.0,30082.0,30084.25,144
2026-09-21 00:38:00-04:00,30084.25,30084.5,30082.25,30083.5,143
2026-09-21 00:39:00-04:00,30084.0,30085.5,30082.0,30084.25,206
2026-09-21 00:40:00-04:00,30085.0,30093.25,30084.75,30091.0,748
2026-09-21 00:41:00-04:00,30091.25,30092.25,30089.75,30091.25,194
2026-09-21 00:42:00-04:00,30091.75,30092.75,30090.75,30091.5,200
2026-09-21 00:43:00-04:00,30091.5,30092.5,30088.25,30089.0,305
2026-09-21 00:44:00-04:00,30089.0,30091.0,30087.0,30088.0,181
2026-09-21 00:45:00-04:00,30087.75,30092.5,30086.75,30090.0,323
2026-09-21 00:46:00-04:00,30089.75,30091.5,30088.75,30091.5,123
2026-09-21 00:47:00-04:00,30091.5,30092.75,30090.25,30090.5,121
2026-09-21 00:48:00-04:00,30091.5,30096.0,30090.75,30094.0,466
2026-09-21 00:49:00-04:00,30094.75,30097.5,30093.25,30093.25,426
2026-09-21 00:50:00-04:00,30093.5,30095.0,30093.0,30094.5,168
2026-09-21 00:51:00-04:00,30094.0,30096.0,30092.5,30095.5,197
2026-09-21 00:52:00-04:00,30096.0,30097.0,30091.5,30092.0,207
2026-09-21 00:53:00-04:00,30091.75,30095.25,30090.75,30091.5,263
2026-09-21 00:54:00-04:00,30092.25,30093.75,30091.5,30091.5,160
2026-09-21 00:55:00-04:00,30092.0,30093.0,30089.0,30090.5,259
2026-09-21 00:56:00-04:00,30091.25,30096.75,30091.0,30096.75,286
2026-09-21 00:57:00-04:00,30096.0,30096.5,30093.0,30093.0,192
2026-09-21 00:58:00-04:00,30093.5,30093.75,30088.5,30089.0,383
2026-09-21 00:59:00-04:00,30089.25,30092.0,30089.0,30089.75,178
2026-09-21 01:00:00-04:00,30090.25,30090.75,30086.0,30087.5,338
2026-09-21 01:01:00-04:00,30087.25,30090.0,30086.75,30088.0,216
2026-09-21 01:02:00-04:00,30088.25,30089.25,30084.25,30088.75,270
2026-09-21 01:03:00-04:00,30088.5,30089.75,30085.75,30085.75,159
2026-09-21 01:04:00-04:00,30085.25,30088.0,30083.5,30084.0,202
2026-09-21 01:05:00-04:00,30083.75,30085.5,30081.5,30083.5,403
2026-09-21 01:06:00-04:00,30083.25,30084.5,30082.75,30084.25,135
2026-09-21 01:07:00-04:00,30084.0,30085.25,30083.0,30084.0,169
2026-09-21 01:08:00-04:00,30083.5,30086.75,30082.5,30083.25,475
2026-09-21 01:09:00-04:00,30083.5,30084.25,30079.25,30083.5,453
2026-09-21 01:10:00-04:00,30082.75,30086.75,30082.25,30082.5,180
2026-09-21 01:11:00-04:00,30082.5,30086.0,30081.25,30085.75,167
2026-09-21 01:12:00-04:00,30085.75,30085.75,30081.0,30083.5,151
2026-09-21 01:13:00-04:00,30084.0,30084.5,30081.0,30082.5,134
2026-09-21 01:14:00-04:00,30082.75,30084.5,30080.5,30081.75,331
2026-09-21 01:15:00-04:00,30081.25,30082.25,30079.25,30081.0,302
2026-09-21 01:16:00-04:00,30080.5,30083.0,30079.25,30080.75,220
2026-09-21 01:17:00-04:00,30080.5,30081.25,30077.5,30077.5,429
2026-09-21 01:18:00-04:00,30077.75,30079.0,30075.0,30079.0,471
2026-09-21 01:19:00-04:00,30079.25,30082.75,30077.25,30079.5,429
2026-09-21 01:20:00-04:00,30080.0,30081.75,30079.0,30081.75,200
2026-09-21 01:21:00-04:00,30081.5,30084.75,30079.75,30081.0,371
2026-09-21 01:22:00-04:00,30081.0,30086.25,30081.0,30085.25,283
2026-09-21 01:23:00-04:00,30085.25,30088.25,30083.0,30087.75,396
2026-09-21 01:24:00-04:00,30087.25,30089.5,30086.0,30088.0,338
2026-09-21 01:25:00-04:00,30088.25,30088.25,30081.25,30084.25,371
2026-09-21 01:26:00-04:00,30084.75,30086.25,30083.5,30084.75,135
2026-09-21 01:27:00-04:00,30084.25,30085.75,30081.75,30082.0,110
2026-09-21 01:28:00-04:00,30082.25,30082.75,30078.0,30079.25,474
2026-09-21 01:29:00-04:00,30079.25,30083.0,30079.25,30082.0,237
2026-09-21 01:30:00-04:00,30081.5,30086.25,30080.25,30084.25,480
2026-09-21 01:31:00-04:00,30084.5,30094.0,30083.25,30093.75,761
2026-09-21 01:32:00-04:00,30093.5,30095.25,30079.75,30081.75,803
2026-09-21 01:33:00-04:00,30081.75,30086.25,30077.0,30085.5,713
2026-09-21 01:34:00-04:00,30086.5,30091.0,30085.75,30089.25,405
2026-09-21 01:35:00-04:00,30089.0,30091.0,30084.25,30089.25,438
2026-09-21 01:36:00-04:00,30089.25,30096.0,30089.25,30092.5,623
2026-09-21 01:37:00-04:00,30092.75,30098.5,30091.25,30096.5,667
2026-09-21 01:38:00-04:00,30097.75,30103.25,30096.5,30102.75,644
2026-09-21 01:39:00-04:00,30103.0,30103.0,30092.0,30095.5,601
2026-09-21 01:40:00-04:00,30095.75,30112.0,30095.5,30109.25,1881
2026-09-21 01:41:00-04:00,30109.0,30109.5,30097.0,30099.5,969
2026-09-21 01:42:00-04:00,30099.75,30102.25,30094.75,30097.5,516
2026-09-21 01:43:00-04:00,30098.0,30101.0,30097.25,30098.25,159
2026-09-21 01:44:00-04:00,30098.0,30100.75,30097.25,30098.5,208
2026-09-21 01:45:00-04:00,30098.5,30101.0,30095.5,30097.5,479
2026-09-21 01:46:00-04:00,30097.75,30102.75,30095.75,30099.0,421
2026-09-21 01:47:00-04:00,30099.5,30099.5,30093.0,30095.0,453
2026-09-21 01:48:00-04:00,30095.25,30095.75,30084.0,30084.75,969
2026-09-21 01:49:00-04:00,30084.75,30089.25,30084.5,30085.25,329
2026-09-21 01:50:00-04:00,30085.5,30087.25,30082.75,30085.5,290
2026-09-21 01:51:00-04:00,30086.5,30088.25,30083.25,30087.25,319
2026-09-21 01:52:00-04:00,30086.75,30090.25,30085.75,30089.5,360
2026-09-21 01:53:00-04:00,30089.25,30097.25,30089.25,30095.0,572
2026-09-21 01:54:00-04:00,30095.5,30095.5,30089.0,30090.5,416
2026-09-21 01:55:00-04:00,30090.0,30092.0,30088.75,30089.0,257
2026-09-21 01:56:00-04:00,30089.0,30092.0,30089.0,30090.0,196
2026-09-21 01:57:00-04:00,30091.25,30093.0,30087.5,30090.5,328
2026-09-21 01:58:00-04:00,30090.25,30092.5,30089.75,30089.75,154
2026-09-21 01:59:00-04:00,30090.25,30091.75,30089.5,30090.0,254
2026-09-21 02:00:00-04:00,30090.25,30107.25,30090.0,30105.25,1613
2026-09-21 02:01:00-04:00,30105.5,30106.0,30100.5,30104.0,843
2026-09-21 02:02:00-04:00,30104.25,30106.0,30102.25,30103.5,535
2026-09-21 02:03:00-04:00,30104.0,30105.75,30102.5,30104.25,342
2026-09-21 02:04:00-04:00,30104.5,30108.75,30101.5,30107.5,497
2026-09-21 02:05:00-04:00,30107.25,30108.0,30104.75,30106.25,507
2026-09-21 02:06:00-04:00,30106.0,30109.75,30104.0,30107.25,671
2026-09-21 02:07:00-04:00,30108.0,30110.5,30104.75,30108.75,464
2026-09-21 02:08:00-04:00,30109.0,30110.5,30104.0,30110.0,470
2026-09-21 02:09:00-04:00,30110.0,30115.0,30108.5,30114.0,867
2026-09-21 02:10:00-04:00,30114.0,30115.75,30111.75,30113.75,583
2026-09-21 02:11:00-04:00,30114.0,30115.75,30112.0,30113.25,406
2026-09-21 02:12:00-04:00,30113.75,30121.5,30107.5,30111.75,1852
2026-09-21 02:13:00-04:00,30111.75,30111.75,30106.0,30110.0,548
2026-09-21 02:14:00-04:00,30109.5,30113.5,30105.75,30112.5,591
2026-09-21 02:15:00-04:00,30112.75,30115.25,30108.0,30115.0,541
2026-09-21 02:16:00-04:00,30114.5,30120.5,30113.75,30119.0,397
2026-09-21 02:17:00-04:00,30119.25,30122.75,30118.25,30120.0,697
2026-09-21 02:18:00-04:00,30120.25,30123.25,30118.0,30122.0,523
2026-09-21 02:19:00-04:00,30122.5,30124.0,30113.0,30116.75,1212
2026-09-21 02:20:00-04:00,30116.25,30118.75,30112.25,30113.75,525
2026-09-21 02:21:00-04:00,30114.25,30119.25,30110.0,30117.0,658
2026-09-21 02:22:00-04:00,30117.25,30117.5,30110.0,30112.5,496
2026-09-21 02:23:00-04:00,30112.75,30114.0,30110.0,30111.5,433
2026-09-21 02:24:00-04:00,30112.0,30113.25,30109.25,30112.0,405
2026-09-21 02:25:00-04:00,30111.5,30115.5,30109.75,30115.5,638
2026-09-21 02:26:00-04:00,30115.5,30115.5,30107.0,30108.75,601
2026-09-21 02:27:00-04:00,30108.5,30111.25,30107.75,30110.5,328
2026-09-21 02:28:00-04:00,30111.0,30112.75,30103.0,30105.5,688
2026-09-21 02:29:00-04:00,30105.5,30109.0,30105.25,30107.5,447
2026-09-21 02:30:00-04:00,30107.5,30112.25,30106.5,30107.75,621
2026-09-21 02:31:00-04:00,30108.25,30115.0,30108.0,30109.5,415
2026-09-21 02:32:00-04:00,30109.25,30112.75,30108.5,30111.5,286
2026-09-21 02:33:00-04:00,30111.25,30113.75,30109.75,30112.5,309
2026-09-21 02:34:00-04:00,30113.0,30121.0,30112.5,30120.75,594
2026-09-21 02:35:00-04:00,30120.25,30120.5,30114.25,30117.25,454
2026-09-21 02:36:00-04:00,30117.75,30122.75,30117.5,30121.0,524
2026-09-21 02:37:00-04:00,30121.5,30123.25,30120.5,30122.5,361
2026-09-21 02:38:00-04:00,30122.5,30123.75,30118.75,30121.5,407
2026-09-21 02:39:00-04:00,30121.25,30122.0,30119.0,30121.5,240
2026-09-21 02:40:00-04:00,30121.5,30124.0,30120.5,30120.75,292
2026-09-21 02:41:00-04:00,30121.25,30122.0,30119.0,30119.5,177
2026-09-21 02:42:00-04:00,30120.0,30121.5,30117.0,30118.5,328
2026-09-21 02:43:00-04:00,30118.25,30119.5,30117.25,30118.0,209
2026-09-21 02:44:00-04:00,30118.25,30122.0,30117.75,30120.75,240
2026-09-21 02:45:00-04:00,30121.5,30126.75,30121.0,30124.5,563
2026-09-21 02:46:00-04:00,30124.25,30130.0,30124.25,30128.5,1130
2026-09-21 02:47:00-04:00,30128.5,30138.0,30127.25,30133.0,1344
2026-09-21 02:48:00-04:00,30133.5,30135.0,30131.0,30134.75,721
2026-09-21 02:49:00-04:00,30134.25,30136.25,30133.75,30134.25,484
2026-09-21 02:50:00-04:00,30134.25,30136.0,30127.25,30128.0,638
2026-09-21 02:51:00-04:00,30127.75,30134.0,30127.75,30129.75,535
2026-09-21 02:52:00-04:00,30129.75,30133.0,30127.75,30130.75,384
2026-09-21 02:53:00-04:00,30130.5,30132.25,30121.5,30124.25,906
2026-09-21 02:54:00-04:00,30124.0,30125.5,30117.25,30124.5,953
2026-09-21 02:55:00-04:00,30124.25,30131.75,30124.0,30131.5,619
2026-09-21 02:56:00-04:00,30131.75,30134.75,30128.25,30133.75,531
2026-09-21 02:57:00-04:00,30133.75,30134.75,30132.0,30133.5,358
2026-09-21 02:58:00-04:00,30133.5,30136.5,30131.0,30135.5,440
2026-09-21 02:59:00-04:00,30135.5,30143.75,30132.5,30141.75,1789
2026-09-21 03:00:00-04:00,30141.5,30146.5,30138.25,30140.0,2450
2026-09-21 03:01:00-04:00,30140.25,30141.0,30131.0,30135.5,1172
2026-09-21 03:02:00-04:00,30135.5,30140.0,30134.0,30137.5,998
2026-09-21 03:03:00-04:00,30138.0,30156.25,30137.25,30155.0,2386
2026-09-21 03:04:00-04:00,30155.25,30162.75,30153.5,30159.5,2080
2026-09-21 03:05:00-04:00,30159.5,30160.75,30148.5,30156.5,1453
2026-09-21 03:06:00-04:00,30156.0,30159.0,30149.25,30151.5,913
2026-09-21 03:07:00-04:00,30151.25,30155.0,30149.25,30153.0,657
2026-09-21 03:08:00-04:00,30153.25,30158.25,30149.75,30151.75,675
2026-09-21 03:09:00-04:00,30151.25,30162.0,30149.25,30156.0,827
2026-09-21 03:10:00-04:00,30156.25,30156.5,30140.75,30141.0,1365
2026-09-21 03:11:00-04:00,30141.75,30144.25,30137.5,30140.25,954
2026-09-21 03:12:00-04:00,30141.0,30143.25,30135.0,30136.5,1137
2026-09-21 03:13:00-04:00,30136.25,30148.0,30135.5,30143.25,840
2026-09-21 03:14:00-04:00,30143.5,30155.75,30141.75,30153.5,1123
2026-09-21 03:15:00-04:00,30153.5,30155.5,30148.25,30151.0,726
2026-09-21 03:16:00-04:00,30150.5,30152.5,30146.0,30151.75,639
2026-09-21 03:17:00-04:00,30151.5,30154.25,30148.0,30151.0,657
2026-09-21 03:18:00-04:00,30151.0,30154.0,30147.75,30151.5,593
2026-09-21 03:19:00-04:00,30151.75,30154.75,30150.25,30150.5,341
2026-09-21 03:20:00-04:00,30151.25,30152.0,30143.75,30144.75,556
2026-09-21 03:21:00-04:00,30145.0,30146.5,30142.75,30144.0,337
2026-09-21 03:22:00-04:00,30143.5,30143.75,30136.5,30139.0,756
2026-09-21 03:23:00-04:00,30138.5,30139.25,30129.0,30132.5,1093
2026-09-21 03:24:00-04:00,30132.0,30136.25,30130.25,30135.0,562
2026-09-21 03:25:00-04:00,30135.25,30136.0,30129.25,30129.25,614
2026-09-21 03:26:00-04:00,30129.5,30134.5,30126.0,30129.25,881
2026-09-21 03:27:00-04:00,30128.75,30142.0,30127.75,30140.0,758
2026-09-21 03:28:00-04:00,30139.75,30142.5,30136.25,30138.0,619
2026-09-21 03:29:00-04:00,30138.0,30151.0,30138.0,30149.25,1315
2026-09-21 03:30:00-04:00,30149.25,30154.25,30147.0,30149.75,763
2026-09-21 03:31:00-04:00,30150.0,30155.0,30148.5,30154.25,555
2026-09-21 03:32:00-04:00,30155.0,30155.5,30145.25,30145.75,715
2026-09-21 03:33:00-04:00,30146.25,30151.0,30142.75,30149.5,451
2026-09-21 03:34:00-04:00,30149.25,30150.0,30144.75,30147.0,455
2026-09-21 03:35:00-04:00,30147.5,30148.75,30145.25,30145.75,285
2026-09-21 03:36:00-04:00,30145.75,30148.75,30145.0,30147.5,273
2026-09-21 03:37:00-04:00,30147.75,30154.0,30147.0,30151.25,433
2026-09-21 03:38:00-04:00,30151.25,30157.75,30150.75,30152.5,604
2026-09-21 03:39:00-04:00,30152.25,30153.75,30145.25,30152.0,667
2026-09-21 03:40:00-04:00,30152.0,30152.25,30145.0,30146.75,307
2026-09-21 03:41:00-04:00,30146.75,30148.5,30141.5,30142.0,743
2026-09-21 03:42:00-04:00,30142.75,30149.75,30142.5,30149.75,567
2026-09-21 03:43:00-04:00,30149.5,30150.0,30138.5,30139.5,583
2026-09-21 03:44:00-04:00,30139.0,30146.5,30139.0,30145.0,462
2026-09-21 03:45:00-04:00,30144.5,30150.75,30141.75,30147.25,506
2026-09-21 03:46:00-04:00,30147.75,30149.5,30140.5,30141.75,544
2026-09-21 03:47:00-04:00,30142.0,30149.0,30140.0,30146.75,376
2026-09-21 03:48:00-04:00,30146.0,30152.0,30145.0,30151.25,442
2026-09-21 03:49:00-04:00,30151.5,30152.0,30145.25,30149.75,459
2026-09-21 03:50:00-04:00,30150.0,30172.25,30149.0,30160.75,2040
2026-09-21 03:51:00-04:00,30160.5,30170.5,30159.75,30169.0,1195
2026-09-21 03:52:00-04:00,30169.0,30174.0,30168.75,30171.0,913
2026-09-21 03:53:00-04:00,30171.5,30175.0,30169.75,30174.0,709
2026-09-21 03:54:00-04:00,30174.5,30178.5,30173.5,30178.0,602
2026-09-21 03:55:00-04:00,30178.0,30182.5,30177.25,30180.5,1083
2026-09-21 03:56:00-04:00,30180.25,30183.25,30179.0,30182.25,696
2026-09-21 03:57:00-04:00,30182.0,30186.25,30180.75,30185.25,854
2026-09-21 03:58:00-04:00,30185.25,30188.25,30181.75,30184.0,761
2026-09-21 03:59:00-04:00,30184.0,30184.0,30177.5,30178.0,640
2026-09-21 04:00:00-04:00,30178.25,30193.25,30172.5,30192.0,2924
2026-09-21 04:01:00-04:00,30191.75,30195.5,30188.75,30195.25,1240
2026-09-21 04:02:00-04:00,30195.75,30204.0,30194.0,30201.5,2002
2026-09-21 04:03:00-04:00,30201.0,30216.25,30199.5,30209.25,2445
2026-09-21 04:04:00-04:00,30208.75,30210.75,30201.0,30202.75,1143
2026-09-21 04:05:00-04:00,30202.75,30203.25,30184.25,30186.75,1540
2026-09-21 04:06:00-04:00,30186.75,30205.0,30186.25,30201.5,1494
2026-09-21 04:07:00-04:00,30201.0,30202.0,30194.0,30196.25,932
2026-09-21 04:08:00-04:00,30196.5,30202.5,30196.0,30199.5,688
2026-09-21 04:09:00-04:00,30199.75,30208.75,30195.75,30207.5,868
2026-09-21 04:10:00-04:00,30207.75,30211.25,30205.0,30207.25,840
2026-09-21 04:11:00-04:00,30208.75,30211.0,30205.75,30209.25,368
2026-09-21 04:12:00-04:00,30209.5,30214.75,30208.0,30213.5,651
2026-09-21 04:13:00-04:00,30213.5,30213.75,30202.75,30204.0,729
2026-09-21 04:14:00-04:00,30204.25,30206.0,30202.25,30204.75,506
2026-09-21 04:15:00-04:00,30204.75,30208.5,30203.75,30203.75,416
2026-09-21 04:16:00-04:00,30204.5,30206.5,30203.25,30205.25,330
2026-09-21 04:17:00-04:00,30205.25,30205.75,30202.0,30202.0,274
2026-09-21 04:18:00-04:00,30202.25,30202.5,30197.0,30198.25,576
2026-09-21 04:19:00-04:00,30197.5,30203.75,30195.75,30197.5,803
2026-09-21 04:20:00-04:00,30197.5,30201.75,30191.75,30198.25,641
2026-09-21 04:21:00-04:00,30198.25,30201.0,30195.25,30200.75,368
2026-09-21 04:22:00-04:00,30200.75,30207.5,30195.75,30206.25,642
2026-09-21 04:23:00-04:00,30206.75,30212.25,30206.0,30208.5,660
2026-09-21 04:24:00-04:00,30208.75,30211.5,30206.5,30210.25,331
2026-09-21 04:25:00-04:00,30210.0,30214.0,30202.25,30202.75,727
2026-09-21 04:26:00-04:00,30203.25,30205.0,30199.0,30203.25,667
2026-09-21 04:27:00-04:00,30203.25,30206.75,30202.0,30205.0,251
2026-09-21 04:28:00-04:00,30206.25,30209.75,30203.25,30208.0,202
2026-09-21 04:29:00-04:00,30207.25,30209.0,30198.75,30199.5,418
2026-09-21 04:30:00-04:00,30199.0,30207.0,30197.25,30206.5,538
2026-09-21 04:31:00-04:00,30207.0,30215.25,30204.75,30212.25,595
2026-09-21 04:32:00-04:00,30212.5,30230.5,30210.75,30229.25,2576
2026-09-21 04:33:00-04:00,30229.5,30231.25,30226.25,30227.25,968
2026-09-21 04:34:00-04:00,30227.75,30228.25,30221.5,30223.75,974
2026-09-21 04:35:00-04:00,30223.75,30225.75,30220.5,30225.75,498
2026-09-21 04:36:00-04:00,30224.75,30229.75,30220.5,30223.5,747
2026-09-21 04:37:00-04:00,30223.5,30225.0,30219.25,30222.0,523
2026-09-21 04:38:00-04:00,30222.0,30228.0,30219.75,30223.75,629
2026-09-21 04:39:00-04:00,30223.5,30226.5,30221.75,30225.0,337
2026-09-21 04:40:00-04:00,30225.0,30226.0,30220.0,30223.75,379
2026-09-21 04:41:00-04:00,30224.0,30234.5,30223.75,30233.0,1075
2026-09-21 04:42:00-04:00,30233.25,30233.5,30229.25,30231.5,399
2026-09-21 04:43:00-04:00,30231.0,30237.5,30230.75,30234.0,760
2026-09-21 04:44:00-04:00,30233.75,30234.0,30230.25,30233.5,336
2026-09-21 04:45:00-04:00,30233.0,30233.25,30226.75,30230.75,687
2026-09-21 04:46:00-04:00,30231.5,30233.25,30227.0,30230.75,442
2026-09-21 04:47:00-04:00,30230.5,30234.25,30222.0,30227.25,740
2026-09-21 04:48:00-04:00,30227.25,30232.0,30225.75,30231.75,407
2026-09-21 04:49:00-04:00,30232.0,30234.75,30230.0,30231.25,418
2026-09-21 04:50:00-04:00,30229.75,30232.0,30223.75,30229.25,504
2026-09-21 04:51:00-04:00,30229.5,30232.25,30227.0,30228.25,295
2026-09-21 04:52:00-04:00,30227.5,30230.0,30225.5,30229.75,186
2026-09-21 04:53:00-04:00,30229.5,30235.5,30229.5,30232.5,401
2026-09-21 04:54:00-04:00,30233.0,30236.75,30225.5,30227.5,831
2026-09-21 04:55:00-04:00,30227.5,30231.5,30224.5,30230.75,251
2026-09-21 04:56:00-04:00,30230.75,30232.25,30227.0,30227.25,238
2026-09-21 04:57:00-04:00,30228.25,30234.25,30227.25,30232.75,291
2026-09-21 04:58:00-04:00,30232.0,30236.0,30230.5,30234.25,346
2026-09-21 04:59:00-04:00,30234.75,30238.5,30232.5,30234.0,575
2026-09-21 05:00:00-04:00,30234.75,30236.0,30228.75,30232.75,575
2026-09-21 05:01:00-04:00,30233.5,30236.25,30230.0,30235.0,398
2026-09-21 05:02:00-04:00,30234.25,30237.75,30232.25,30233.75,385
2026-09-21 05:03:00-04:00,30233.75,30237.75,30230.5,30236.75,262
2026-09-21 05:04:00-04:00,30236.75,30237.0,30229.0,30230.0,392
2026-09-21 05:05:00-04:00,30229.75,30233.75,30228.5,30233.25,257
2026-09-21 05:06:00-04:00,30234.0,30240.25,30233.0,30236.5,576
2026-09-21 05:07:00-04:00,30237.0,30243.75,30237.0,30242.25,653
2026-09-21 05:08:00-04:00,30242.25,30250.0,30242.0,30247.75,1327
2026-09-21 05:09:00-04:00,30247.5,30249.0,30240.25,30240.25,591
2026-09-21 05:10:00-04:00,30240.75,30245.0,30238.25,30239.25,513
2026-09-21 05:11:00-04:00,30239.25,30242.25,30232.25,30241.0,851
2026-09-21 05:12:00-04:00,30240.75,30243.5,30239.75,30242.0,302
2026-09-21 05:13:00-04:00,30241.75,30242.25,30236.25,30239.75,273
2026-09-21 05:14:00-04:00,30240.0,30243.25,30239.0,30239.0,226
2026-09-21 05:15:00-04:00,30238.75,30248.0,30237.5,30245.25,428
2026-09-21 05:16:00-04:00,30245.25,30246.25,30240.0,30240.5,312
2026-09-21 05:17:00-04:00,30240.0,30240.75,30234.25,30238.0,346
2026-09-21 05:18:00-04:00,30238.25,30240.75,30233.75,30234.25,384
2026-09-21 05:19:00-04:00,30234.75,30236.75,30232.5,30235.0,417
2026-09-21 05:20:00-04:00,30235.75,30237.5,30233.0,30233.75,221
2026-09-21 05:21:00-04:00,30233.25,30238.5,30232.25,30237.25,282
2026-09-21 05:22:00-04:00,30238.25,30247.75,30237.25,30246.75,557
2026-09-21 05:23:00-04:00,30247.25,30250.0,30244.0,30247.5,652
2026-09-21 05:24:00-04:00,30247.0,30248.5,30245.25,30246.75,212
2026-09-21 05:25:00-04:00,30246.25,30250.0,30242.75,30247.0,504
2026-09-21 05:26:00-04:00,30246.75,30256.25,30246.25,30254.25,1145
2026-09-21 05:27:00-04:00,30254.25,30261.75,30254.0,30260.5,1081
2026-09-21 05:28:00-04:00,30260.5,30261.0,30252.75,30254.25,736
2026-09-21 05:29:00-04:00,30254.0,30254.75,30246.25,30246.5,500
2026-09-21 05:30:00-04:00,30247.0,30248.25,30243.25,30248.0,575
2026-09-21 05:31:00-04:00,30249.0,30249.5,30241.0,30243.0,470
2026-09-21 05:32:00-04:00,30242.75,30246.0,30239.5,30245.5,501
2026-09-21 05:33:00-04:00,30245.75,30249.0,30243.25,30246.0,325
2026-09-21 05:34:00-04:00,30246.25,30250.0,30246.0,30249.5,330
2026-09-21 05:35:00-04:00,30250.5,30252.75,30247.75,30251.75,455
2026-09-21 05:36:00-04:00,30252.0,30254.5,30249.0,30249.5,359
2026-09-21 05:37:00-04:00,30249.0,30253.25,30249.0,30252.5,239
2026-09-21 05:38:00-04:00,30252.5,30256.0,30251.5,30253.0,354
2026-09-21 05:39:00-04:00,30253.25,30255.75,30250.75,30254.25,260
2026-09-21 05:40:00-04:00,30254.0,30255.0,30251.25,30252.0,222
2026-09-21 05:41:00-04:00,30251.75,30259.5,30251.75,30257.25,480
2026-09-21 05:42:00-04:00,30258.0,30258.0,30254.5,30255.25,207
2026-09-21 05:43:00-04:00,30255.25,30258.0,30255.0,30256.5,133
2026-09-21 05:44:00-04:00,30256.75,30260.0,30256.25,30257.25,227
2026-09-21 05:45:00-04:00,30257.75,30259.0,30255.5,30257.0,233
2026-09-21 05:46:00-04:00,30257.5,30258.5,30254.5,30257.75,301
2026-09-21 05:47:00-04:00,30257.5,30259.25,30256.25,30257.5,144
2026-09-21 05:48:00-04:00,30257.5,30264.0,30256.5,30262.5,747
2026-09-21 05:49:00-04:00,30262.5,30262.5,30253.0,30254.75,552
2026-09-21 05:50:00-04:00,30255.0,30259.75,30255.0,30256.25,532
2026-09-21 05:51:00-04:00,30256.25,30260.5,30254.75,30256.0,398
2026-09-21 05:52:00-04:00,30256.0,30258.5,30253.25,30253.25,349
2026-09-21 05:53:00-04:00,30253.25,30256.25,30250.75,30253.0,514
2026-09-21 05:54:00-04:00,30253.0,30255.75,30250.75,30254.0,324
2026-09-21 05:55:00-04:00,30253.75,30253.75,30248.75,30250.25,351
2026-09-21 05:56:00-04:00,30250.0,30251.0,30245.5,30246.0,502
2026-09-21 05:57:00-04:00,30246.0,30247.0,30235.0,30237.5,971
2026-09-21 05:58:00-04:00,30237.25,30238.5,30233.5,30234.75,749
2026-09-21 05:59:00-04:00,30235.0,30239.75,30232.75,30233.5,726
2026-09-21 06:00:00-04:00,30234.0,30238.75,30232.75,30234.75,710
2026-09-21 06:01:00-04:00,30235.5,30248.0,30233.5,30245.25,835
2026-09-21 06:02:00-04:00,30245.5,30247.0,30241.0,30246.75,448
2026-09-21 06:03:00-04:00,30247.0,30247.5,30244.25,30246.0,303
2026-09-21 06:04:00-04:00,30245.5,30246.5,30242.75,30246.5,334
2026-09-21 06:05:00-04:00,30246.0,30248.25,30241.25,30243.75,333
2026-09-21 06:06:00-04:00,30244.0,30245.25,30240.0,30240.75,355
2026-09-21 06:07:00-04:00,30241.0,30245.0,30238.0,30244.25,374
2026-09-21 06:08:00-04:00,30244.25,30245.5,30239.75,30242.25,331
2026-09-21 06:09:00-04:00,30242.0,30248.0,30242.0,30247.0,379
2026-09-21 06:10:00-04:00,30246.25,30247.0,30244.5,30245.25,216
2026-09-21 06:11:00-04:00,30245.5,30246.25,30242.25,30245.5,216
2026-09-21 06:12:00-04:00,30244.75,30245.0,30242.5,30242.75,213
2026-09-21 06:13:00-04:00,30242.5,30242.5,30238.5,30240.75,455
2026-09-21 06:14:00-04:00,30241.0,30246.5,30240.5,30246.5,340
2026-09-21 06:15:00-04:00,30246.0,30254.0,30245.0,30252.5,1057
2026-09-21 06:16:00-04:00,30252.0,30252.5,30248.0,30250.5,327
2026-09-21 06:17:00-04:00,30251.25,30252.75,30246.5,30247.0,350
2026-09-21 06:18:00-04:00,30247.0,30248.0,30241.75,30244.5,668
2026-09-21 06:19:00-04:00,30245.25,30249.0,30243.75,30246.25,352
2026-09-21 06:20:00-04:00,30246.25,30247.5,30243.5,30246.75,443
2026-09-21 06:21:00-04:00,30246.75,30247.5,30245.0,30246.5,116
2026-09-21 06:22:00-04:00,30246.0,30246.0,30242.5,30244.25,145
2026-09-21 06:23:00-04:00,30244.5,30245.25,30238.5,30240.75,455
2026-09-21 06:24:00-04:00,30240.75,30242.75,30239.5,30240.5,212
2026-09-21 06:25:00-04:00,30240.75,30243.5,30239.0,30239.0,302
2026-09-21 06:26:00-04:00,30240.25,30245.75,30239.0,30244.75,340
2026-09-21 06:27:00-04:00,30246.0,30251.75,30246.0,30250.25,584
2026-09-21 06:28:00-04:00,30250.25,30251.5,30248.5,30250.0,159
2026-09-21 06:29:00-04:00,30250.0,30250.0,30243.25,30245.75,304
2026-09-21 06:30:00-04:00,30246.5,30251.0,30236.75,30250.0,1247
2026-09-21 06:31:00-04:00,30249.5,30257.25,30247.5,30253.75,824
2026-09-21 06:32:00-04:00,30254.25,30255.75,30251.75,30253.5,336
2026-09-21 06:33:00-04:00,30252.75,30260.25,30252.0,30259.0,523
2026-09-21 06:34:00-04:00,30259.25,30261.0,30257.5,30259.5,370
2026-09-21 06:35:00-04:00,30259.5,30262.0,30248.75,30248.75,999
2026-09-21 06:36:00-04:00,30249.25,30253.75,30246.5,30253.25,579
2026-09-21 06:37:00-04:00,30253.25,30255.5,30252.25,30255.25,268
2026-09-21 06:38:00-04:00,30255.75,30259.0,30254.75,30257.75,264
2026-09-21 06:39:00-04:00,30257.75,30273.0,30257.75,30259.0,1724
2026-09-21 06:40:00-04:00,30258.75,30259.75,30254.5,30256.75,529
2026-09-21 06:41:00-04:00,30257.0,30257.75,30251.5,30253.75,428
2026-09-21 06:42:00-04:00,30253.75,30253.75,30250.75,30251.75,316
2026-09-21 06:43:00-04:00,30251.0,30253.5,30250.0,30251.75,359
2026-09-21 06:44:00-04:00,30251.75,30255.5,30251.0,30251.75,251
2026-09-21 06:45:00-04:00,30251.75,30254.25,30250.0,30252.5,196
2026-09-21 06:46:00-04:00,30252.25,30258.5,30251.75,30254.0,387
2026-09-21 06:47:00-04:00,30253.5,30256.25,30250.5,30254.5,398
2026-09-21 06:48:00-04:00,30254.25,30255.5,30248.25,30250.75,342
2026-09-21 06:49:00-04:00,30250.75,30251.5,30247.25,30249.5,207
2026-09-21 06:50:00-04:00,30249.75,30252.5,30248.5,30250.0,243
2026-09-21 06:51:00-04:00,30249.75,30251.0,30247.5,30249.25,162
2026-09-21 06:52:00-04:00,30249.5,30252.5,30247.75,30248.5,185
2026-09-21 06:53:00-04:00,30249.25,30254.75,30248.25,30254.0,212
2026-09-21 06:54:00-04:00,30253.25,30256.0,30250.25,30255.5,360
2026-09-21 06:55:00-04:00,30255.0,30255.75,30246.75,30247.25,402
2026-09-21 06:56:00-04:00,30246.75,30251.0,30245.5,30248.0,543
2026-09-21 06:57:00-04:00,30248.0,30249.5,30242.5,30243.25,494
2026-09-21 06:58:00-04:00,30243.5,30245.5,30241.0,30242.25,360
2026-09-21 06:59:00-04:00,30242.5,30244.0,30239.0,30241.25,549
2026-09-21 07:00:00-04:00,30241.0,30245.75,30232.75,30241.5,1616
2026-09-21 07:01:00-04:00,30241.25,30251.75,30241.0,30248.25,856
2026-09-21 07:02:00-04:00,30247.75,30248.25,30240.5,30243.75,553
2026-09-21 07:03:00-04:00,30243.75,30249.25,30243.5,30246.5,306
2026-09-21 07:04:00-04:00,30246.5,30247.0,30235.25,30235.25,437
2026-09-21 07:05:00-04:00,30235.5,30238.25,30232.75,30234.75,574
2026-09-21 07:06:00-04:00,30234.5,30236.75,30229.75,30231.5,693
2026-09-21 07:07:00-04:00,30231.0,30234.25,30227.25,30228.5,884
2026-09-21 07:08:00-04:00,30228.5,30229.0,30222.25,30225.75,837
2026-09-21 07:09:00-04:00,30226.0,30231.25,30225.0,30229.25,573
2026-09-21 07:10:00-04:00,30229.25,30229.5,30224.75,30226.5,387
2026-09-21 07:11:00-04:00,30226.75,30228.0,30224.25,30225.75,280
2026-09-21 07:12:00-04:00,30226.0,30230.25,30225.5,30229.5,262
2026-09-21 07:13:00-04:00,30230.0,30233.25,30229.75,30232.0,373
2026-09-21 07:14:00-04:00,30232.25,30238.25,30231.0,30233.0,718
2026-09-21 07:15:00-04:00,30233.0,30242.5,30232.25,30240.25,721
2026-09-21 07:16:00-04:00,30240.25,30240.25,30234.0,30237.25,458
2026-09-21 07:17:00-04:00,30236.75,30238.0,30233.0,30237.25,389
2026-09-21 07:18:00-04:00,30236.25,30237.25,30233.5,30236.0,270
2026-09-21 07:19:00-04:00,30236.5,30240.5,30235.25,30239.25,309
2026-09-21 07:20:00-04:00,30239.0,30239.0,30230.75,30233.0,655
2026-09-21 07:21:00-04:00,30232.75,30234.25,30231.0,30233.5,234
2026-09-21 07:22:00-04:00,30234.0,30234.25,30228.25,30232.25,466
2026-09-21 07:23:00-04:00,30232.75,30233.0,30223.5,30223.75,695
2026-09-21 07:24:00-04:00,30223.75,30228.25,30221.0,30224.5,702
2026-09-21 07:25:00-04:00,30224.0,30226.5,30221.0,30221.0,462
2026-09-21 07:26:00-04:00,30221.5,30224.0,30218.25,30221.25,880
2026-09-21 07:27:00-04:00,30221.5,30226.5,30221.5,30224.25,431
2026-09-21 07:28:00-04:00,30224.0,30228.25,30224.0,30226.25,361
2026-09-21 07:29:00-04:00,30226.75,30229.75,30222.75,30226.25,483
2026-09-21 07:30:00-04:00,30225.75,30229.75,30223.0,30227.5,361
2026-09-21 07:31:00-04:00,30228.0,30231.25,30224.75,30230.0,382
2026-09-21 07:32:00-04:00,30229.5,30232.0,30228.75,30230.5,373
2026-09-21 07:33:00-04:00,30231.0,30235.5,30227.0,30235.5,693
2026-09-21 07:34:00-04:00,30235.25,30240.0,30234.5,30234.5,747
2026-09-21 07:35:00-04:00,30234.75,30236.75,30231.75,30234.5,383
2026-09-21 07:36:00-04:00,30235.0,30235.0,30228.5,30229.5,364
2026-09-21 07:37:00-04:00,30229.0,30230.0,30220.75,30220.75,688
2026-09-21 07:38:00-04:00,30220.75,30226.0,30220.25,30225.25,581
2026-09-21 07:39:00-04:00,30225.25,30238.25,30224.75,30232.0,1270
2026-09-21 07:40:00-04:00,30231.0,30234.5,30229.25,30233.25,593
2026-09-21 07:41:00-04:00,30233.0,30234.0,30226.5,30229.0,453
2026-09-21 07:42:00-04:00,30229.25,30233.5,30228.75,30230.75,254
2026-09-21 07:43:00-04:00,30230.5,30231.0,30226.0,30229.5,307
2026-09-21 07:44:00-04:00,30229.75,30241.0,30229.75,30240.5,794
2026-09-21 07:45:00-04:00,30240.5,30244.25,30238.0,30242.75,851
2026-09-21 07:46:00-04:00,30242.5,30243.75,30239.0,30239.5,498
2026-09-21 07:47:00-04:00,30239.5,30239.75,30232.75,30237.0,619
2026-09-21 07:48:00-04:00,30236.5,30239.25,30235.5,30238.75,245
2026-09-21 07:49:00-04:00,30238.25,30250.0,30238.25,30248.75,1047
2026-09-21 07:50:00-04:00,30248.5,30250.75,30246.25,30249.5,681
2026-09-21 07:51:00-04:00,30249.25,30251.75,30246.75,30250.75,556
2026-09-21 07:52:00-04:00,30251.0,30257.25,30248.5,30257.25,1052
2026-09-21 07:53:00-04:00,30256.75,30257.25,30250.0,30252.25,720
2026-09-21 07:54:00-04:00,30252.25,30257.5,30251.5,30254.0,566
2026-09-21 07:55:00-04:00,30254.25,30261.5,30253.25,30255.75,868
2026-09-21 07:56:00-04:00,30255.75,30257.5,30247.5,30250.25,778
2026-09-21 07:57:00-04:00,30250.75,30251.75,30243.75,30249.5,780
2026-09-21 07:58:00-04:00,30249.5,30249.5,30245.0,30246.25,362
2026-09-21 07:59:00-04:00,30246.25,30249.25,30246.0,30247.0,249
2026-09-21 08:00:00-04:00,30247.25,30254.75,30245.5,30249.5,933
2026-09-21 08:01:00-04:00,30249.25,30250.25,30246.0,30248.5,350
2026-09-21 08:02:00-04:00,30249.5,30255.0,30236.0,30247.0,1948
2026-09-21 08:03:00-04:00,30247.25,30257.0,30243.25,30252.25,1178
2026-09-21 08:04:00-04:00,30252.25,30268.5,30252.25,30267.5,2259
2026-09-21 08:05:00-04:00,30267.75,30277.25,30264.25,30268.5,2155
2026-09-21 08:06:00-04:00,30268.75,30275.0,30268.0,30272.75,1055
2026-09-21 08:07:00-04:00,30273.5,30273.75,30262.25,30263.25,1041
2026-09-21 08:08:00-04:00,30263.5,30267.0,30262.25,30263.5,586
2026-09-21 08:09:00-04:00,30264.0,30266.5,30261.0,30264.0,518
2026-09-21 08:10:00-04:00,30264.5,30265.5,30260.75,30263.75,476
2026-09-21 08:11:00-04:00,30263.25,30266.0,30259.75,30265.5,728
2026-09-21 08:12:00-04:00,30265.5,30265.75,30259.25,30263.25,777
2026-09-21 08:13:00-04:00,30263.25,30264.5,30259.25,30262.0,367
2026-09-21 08:14:00-04:00,30262.5,30262.75,30251.5,30252.25,1209
2026-09-21 08:15:00-04:00,30252.5,30255.75,30250.25,30254.75,773
2026-09-21 08:16:00-04:00,30254.75,30258.0,30251.0,30251.75,643
2026-09-21 08:17:00-04:00,30251.75,30252.0,30245.75,30247.0,1142
2026-09-21 08:18:00-04:00,30247.5,30257.75,30246.75,30256.75,699
2026-09-21 08:19:00-04:00,30257.5,30258.25,30252.5,30252.5,696
2026-09-21 08:20:00-04:00,30252.25,30255.5,30247.0,30254.5,725
2026-09-21 08:21:00-04:00,30254.75,30256.0,30244.5,30245.75,909
2026-09-21 08:22:00-04:00,30246.25,30246.25,30236.0,30242.5,1449
2026-09-21 08:23:00-04:00,30242.0,30242.75,30237.5,30240.75,607
2026-09-21 08:24:00-04:00,30241.0,30242.25,30236.0,30236.0,588
2026-09-21 08:25:00-04:00,30235.75,30237.5,30233.0,30236.25,742
2026-09-21 08:26:00-04:00,30237.0,30238.25,30233.75,30236.0,410
2026-09-21 08:27:00-04:00,30236.75,30238.0,30229.5,30230.75,832
2026-09-21 08:28:00-04:00,30230.5,30231.5,30225.5,30229.0,1280
2026-09-21 08:29:00-04:00,30228.75,30230.75,30225.5,30225.5,425
2026-09-21 08:30:00-04:00,30225.5,30234.25,30225.5,30231.75,873
2026-09-21 08:31:00-04:00,30231.75,30235.75,30225.0,30234.75,855
2026-09-21 08:32:00-04:00,30236.0,30236.5,30226.25,30233.0,887
2026-09-21 08:33:00-04:00,30232.75,30233.25,30228.5,30230.0,468
2026-09-21 08:34:00-04:00,30230.0,30231.0,30223.5,30229.5,854
2026-09-21 08:35:00-04:00,30230.0,30231.0,30227.5,30229.5,378
2026-09-21 08:36:00-04:00,30229.25,30232.5,30227.0,30228.5,570
2026-09-21 08:37:00-04:00,30228.25,30230.0,30224.75,30228.75,713
2026-09-21 08:38:00-04:00,30228.0,30236.0,30222.25,30233.0,1291
2026-09-21 08:39:00-04:00,30233.25,30235.25,30230.5,30232.0,545
2026-09-21 08:40:00-04:00,30231.5,30234.75,30228.75,30232.25,382
2026-09-21 08:41:00-04:00,30232.0,30234.0,30226.5,30233.0,828
2026-09-21 08:42:00-04:00,30232.75,30240.5,30231.75,30239.0,1150
2026-09-21 08:43:00-04:00,30238.75,30240.5,30236.25,30236.75,572
2026-09-21 08:44:00-04:00,30236.5,30257.0,30232.75,30256.0,4444
2026-09-21 08:45:00-04:00,30256.0,30258.75,30248.25,30250.25,1732
2026-09-21 08:46:00-04:00,30250.5,30250.75,30241.0,30243.75,1082
2026-09-21 08:47:00-04:00,30243.75,30244.25,30238.0,30241.25,761
2026-09-21 08:48:00-04:00,30241.25,30241.5,30235.0,30238.75,608
2026-09-21 08:49:00-04:00,30239.0,30239.0,30233.25,30237.75,566
2026-09-21 08:50:00-04:00,30238.0,30240.5,30236.0,30239.0,664
2026-09-21 08:51:00-04:00,30238.75,30239.75,30237.0,30238.25,264
2026-09-21 08:52:00-04:00,30238.25,30241.75,30237.0,30240.75,634
2026-09-21 08:53:00-04:00,30241.0,30243.0,30238.0,30241.0,501
2026-09-21 08:54:00-04:00,30240.25,30240.25,30235.0,30237.5,462
2026-09-21 08:55:00-04:00,30236.75,30236.75,30229.75,30231.25,929
2026-09-21 08:56:00-04:00,30231.25,30233.5,30226.0,30226.25,870
2026-09-21 08:57:00-04:00,30226.5,30230.0,30225.5,30226.5,749
2026-09-21 08:58:00-04:00,30226.5,30231.25,30224.75,30230.0,722
2026-09-21 08:59:00-04:00,30230.25,30230.5,30224.5,30225.0,681
2026-09-21 09:00:00-04:00,30224.75,30226.0,30219.0,30223.25,2165
2026-09-21 09:01:00-04:00,30223.0,30228.25,30221.5,30225.5,1007
2026-09-21 09:02:00-04:00,30225.5,30235.25,30224.75,30233.75,1385
2026-09-21 09:03:00-04:00,30233.5,30234.75,30227.75,30229.0,900
2026-09-21 09:04:00-04:00,30229.25,30237.25,30229.25,30233.25,1050
2026-09-21 09:05:00-04:00,30233.25,30235.75,30227.25,30229.5,921
2026-09-21 09:06:00-04:00,30229.25,30230.75,30226.25,30230.25,445
2026-09-21 09:07:00-04:00,30230.25,30231.25,30224.5,30228.25,790
2026-09-21 09:08:00-04:00,30227.5,30231.25,30226.75,30228.0,471
2026-09-21 09:09:00-04:00,30228.5,30234.25,30228.5,30233.25,594
2026-09-21 09:10:00-04:00,30233.25,30239.25,30231.75,30233.0,1221
2026-09-21 09:11:00-04:00,30233.0,30234.25,30224.75,30225.25,898
2026-09-21 09:12:00-04:00,30225.5,30230.25,30225.25,30230.25,518
2026-09-21 09:13:00-04:00,30230.5,30230.5,30223.0,30223.75,869
2026-09-21 09:14:00-04:00,30223.25,30226.0,30220.25,30223.25,892
2026-09-21 09:15:00-04:00,30223.75,30229.5,30223.5,30229.5,675
2026-09-21 09:16:00-04:00,30229.5,30230.0,30225.25,30226.25,583
2026-09-21 09:17:00-04:00,30226.25,30228.25,30222.25,30223.5,727
2026-09-21 09:18:00-04:00,30223.5,30226.25,30223.0,30225.0,344
2026-09-21 09:19:00-04:00,30225.25,30231.75,30225.25,30230.25,814
2026-09-21 09:20:00-04:00,30230.0,30230.5,30212.0,30219.25,2004
2026-09-21 09:21:00-04:00,30219.25,30222.0,30217.5,30219.25,804
2026-09-21 09:22:00-04:00,30219.0,30219.5,30210.5,30212.0,1903
2026-09-21 09:23:00-04:00,30212.0,30214.5,30208.0,30209.75,1659
2026-09-21 09:24:00-04:00,30210.0,30211.0,30202.25,30202.75,1873
2026-09-21 09:25:00-04:00,30203.0,30213.75,30203.0,30212.25,2882
2026-09-21 09:26:00-04:00,30212.5,30227.25,30210.0,30218.5,3920
2026-09-21 09:27:00-04:00,30219.0,30233.0,30213.0,30232.5,3053
2026-09-21 09:28:00-04:00,30232.75,30232.75,30209.25,30209.75,2937
2026-09-21 09:29:00-04:00,30210.0,30223.5,30208.75,30222.0,2491
2026-09-21 09:30:00-04:00,30221.75,30260.75,30221.75,30253.5,15219
2026-09-21 09:31:00-04:00,30253.0,30255.25,30229.75,30253.25,11625
2026-09-21 09:32:00-04:00,30254.0,30259.25,30236.25,30238.25,9502
2026-09-21 09:33:00-04:00,30238.5,30240.0,30216.5,30224.5,10861
2026-09-21 09:34:00-04:00,30225.0,30252.0,30223.5,30251.5,8446
2026-09-21 09:35:00-04:00,30251.75,30259.0,30235.0,30256.25,9732
2026-09-21 09:36:00-04:00,30256.5,30265.0,30244.25,30264.25,8536
2026-09-21 09:37:00-04:00,30264.0,30296.0,30257.75,30292.0,17010
2026-09-21 09:38:00-04:00,30291.75,30293.75,30282.5,30291.75,6690
2026-09-21 09:39:00-04:00,30292.5,30303.75,30287.5,30297.25,7793
2026-09-21 09:40:00-04:00,30297.0,30310.25,30296.75,30307.0,8520
2026-09-21 09:41:00-04:00,30307.25,30313.25,30302.5,30307.75,5838
2026-09-21 09:42:00-04:00,30308.0,30316.0,30305.5,30315.0,4934
2026-09-21 09:43:00-04:00,30314.5,30328.75,30311.75,30323.5,7742
2026-09-21 09:44:00-04:00,30323.25,30340.75,30320.75,30340.0,7202
2026-09-21 09:45:00-04:00,30340.25,30366.75,30339.75,30366.5,13943
2026-09-21 09:46:00-04:00,30366.75,30369.0,30358.75,30365.25,6811
2026-09-21 09:47:00-04:00,30365.25,30365.75,30355.5,30358.0,5198
2026-09-21 09:48:00-04:00,30358.25,30371.75,30357.0,30364.75,5891
2026-09-21 09:49:00-04:00,30364.5,30365.5,30356.5,30358.75,4491
2026-09-21 09:50:00-04:00,30358.75,30361.0,30351.75,30357.0,5250
2026-09-21 09:51:00-04:00,30357.25,30383.25,30357.25,30371.0,8448
2026-09-21 09:52:00-04:00,30371.75,30396.0,30371.25,30392.0,12895
2026-09-21 09:53:00-04:00,30392.0,30399.75,30390.75,30399.25,5183
2026-09-21 09:54:00-04:00,30399.25,30408.5,30394.0,30407.75,8097
2026-09-21 09:55:00-04:00,30407.75,30408.25,30395.0,30403.0,6091
2026-09-21 09:56:00-04:00,30402.25,30408.0,30396.0,30398.0,4315
2026-09-21 09:57:00-04:00,30397.75,30418.0,30394.5,30417.75,6637
2026-09-21 09:58:00-04:00,30417.25,30422.75,30406.75,30409.5,7788
2026-09-21 09:59:00-04:00,30410.0,30419.5,30404.75,30417.0,5646
2026-09-21 10:00:00-04:00,30416.5,30426.75,30411.75,30418.75,7676
2026-09-21 10:01:00-04:00,30419.0,30438.25,30416.75,30429.75,10109
2026-09-21 10:02:00-04:00,30429.75,30430.5,30414.0,30423.25,6128
2026-09-21 10:03:00-04:00,30423.0,30424.75,30410.5,30413.25,4811
2026-09-21 10:04:00-04:00,30414.0,30422.0,30413.5,30417.0,4210
2026-09-21 10:05:00-04:00,30417.5,30419.0,30398.75,30410.5,9179
2026-09-21 10:06:00-04:00,30410.25,30410.75,30401.5,30402.75,3607
2026-09-21 10:07:00-04:00,30403.0,30408.75,30396.75,30403.25,5227
2026-09-21 10:08:00-04:00,30403.25,30416.25,30402.5,30415.5,4771
2026-09-21 10:09:00-04:00,30415.75,30421.75,30406.25,30408.25,5658
2026-09-21 10:10:00-04:00,30408.5,30427.25,30408.25,30421.0,6488
2026-09-21 10:11:00-04:00,30421.5,30429.0,30417.75,30426.0,4698
2026-09-21 10:12:00-04:00,30425.75,30434.5,30423.5,30432.75,6433
2026-09-21 10:13:00-04:00,30432.75,30450.0,30431.25,30442.5,9551
2026-09-21 10:14:00-04:00,30442.5,30444.0,30432.25,30437.25,4892
2026-09-21 10:15:00-04:00,30437.5,30455.25,30437.5,30453.5,7622
2026-09-21 10:16:00-04:00,30453.75,30471.0,30451.75,30467.5,9522
2026-09-21 10:17:00-04:00,30468.25,30469.0,30460.25,30463.5,4659
2026-09-21 10:18:00-04:00,30463.25,30471.25,30463.0,30468.5,3569
2026-09-21 10:19:00-04:00,30468.75,30470.0,30462.25,30468.75,3193
2026-09-21 10:20:00-04:00,30468.75,30469.5,30457.25,30458.0,4280
2026-09-21 10:21:00-04:00,30457.75,30488.5,30456.0,30487.25,10384
2026-09-21 10:22:00-04:00,30487.25,30498.75,30485.25,30497.5,8117
2026-09-21 10:23:00-04:00,30497.5,30503.75,30491.25,30502.25,6556
2026-09-21 10:24:00-04:00,30502.5,30505.25,30498.0,30502.25,5648
2026-09-21 10:25:00-04:00,30502.5,30502.75,30493.25,30500.0,4588
2026-09-21 10:26:00-04:00,30500.0,30510.0,30497.75,30506.25,6103
2026-09-21 10:27:00-04:00,30506.5,30514.5,30504.0,30512.0,5372
2026-09-21 10:28:00-04:00,30512.0,30519.75,30511.25,30516.5,5228
2026-09-21 10:29:00-04:00,30516.25,30519.75,30512.0,30518.0,4469
2026-09-21 10:30:00-04:00,30518.75,30525.75,30510.25,30524.75,5382
2026-09-21 10:31:00-04:00,30524.75,30527.5,30514.0,30522.0,6365
2026-09-21 10:32:00-04:00,30522.0,30534.25,30518.25,30527.0,6749
2026-09-21 10:33:00-04:00,30527.25,30531.0,30523.25,30527.5,3663
2026-09-21 10:34:00-04:00,30527.25,30529.25,30520.25,30524.0,3433
2026-09-21 10:35:00-04:00,30524.25,30532.25,30524.25,30531.0,3481
2026-09-21 10:36:00-04:00,30530.75,30548.5,30529.25,30547.0,9741
2026-09-21 10:37:00-04:00,30547.25,30556.5,30546.25,30546.75,7795
2026-09-21 10:38:00-04:00,30546.5,30548.5,30531.75,30532.75,6694
2026-09-21 10:39:00-04:00,30532.75,30537.5,30525.25,30531.0,6600
2026-09-21 10:40:00-04:00,30531.25,30532.25,30522.0,30526.25,5263
2026-09-21 10:41:00-04:00,30526.0,30539.5,30517.75,30522.0,8951
2026-09-21 10:42:00-04:00,30521.75,30522.5,30510.25,30512.0,5917
2026-09-21 10:43:00-04:00,30511.75,30513.25,30500.5,30509.5,7381
2026-09-21 10:44:00-04:00,30509.0,30519.0,30504.5,30517.0,5182
2026-09-21 10:45:00-04:00,30517.0,30517.75,30504.0,30507.5,5621
2026-09-21 10:46:00-04:00,30507.5,30525.0,30507.25,30520.0,5505
2026-09-21 10:47:00-04:00,30519.75,30531.5,30517.0,30526.5,6356
2026-09-21 10:48:00-04:00,30526.0,30531.5,30522.25,30529.25,3306
2026-09-21 10:49:00-04:00,30529.75,30531.0,30519.0,30519.0,3398
2026-09-21 10:50:00-04:00,30519.0,30522.75,30507.0,30509.25,5828
2026-09-21 10:51:00-04:00,30509.25,30522.0,30508.25,30518.25,3329
2026-09-21 10:52:00-04:00,30518.25,30524.25,30513.0,30517.25,2605
2026-09-21 10:53:00-04:00,30517.25,30521.25,30506.25,30507.25,2893
2026-09-21 10:54:00-04:00,30507.0,30529.25,30506.75,30528.25,4990
2026-09-21 10:55:00-04:00,30528.25,30528.25,30522.0,30524.0,2077
2026-09-21 10:56:00-04:00,30524.25,30543.75,30519.25,30543.0,6856
2026-09-21 10:57:00-04:00,30542.5,30546.5,30538.5,30541.5,5267
2026-09-21 10:58:00-04:00,30541.0,30564.5,30539.25,30551.0,7906
2026-09-21 10:59:00-04:00,30551.0,30551.5,30543.75,30550.25,4016
2026-09-21 11:00:00-04:00,30550.75,30561.5,30549.25,30556.75,6105
2026-09-21 11:01:00-04:00,30556.75,30560.0,30552.25,30557.0,3913
2026-09-21 11:02:00-04:00,30556.75,30559.75,30552.25,30557.25,2966
2026-09-21 11:03:00-04:00,30557.25,30574.75,30556.75,30569.0,7003
2026-09-21 11:04:00-04:00,30569.5,30577.0,30567.0,30576.25,5993
2026-09-21 11:05:00-04:00,30576.25,30577.0,30568.5,30570.25,4392
2026-09-21 11:06:00-04:00,30570.75,30571.0,30564.0,30565.25,4043
2026-09-21 11:07:00-04:00,30565.0,30573.75,30565.0,30571.25,2916
2026-09-21 11:08:00-04:00,30571.0,30574.0,30567.0,30572.5,1794
2026-09-21 11:09:00-04:00,30572.25,30579.75,30570.25,30575.5,3695
2026-09-21 11:10:00-04:00,30576.25,30577.0,30568.75,30569.75,3397
2026-09-21 11:11:00-04:00,30570.0,30572.25,30566.5,30571.25,2288
2026-09-21 11:12:00-04:00,30571.5,30581.25,30568.75,30580.0,4166
2026-09-21 11:13:00-04:00,30580.0,30581.0,30571.75,30574.0,3158
2026-09-21 11:14:00-04:00,30574.25,30576.25,30570.0,30575.5,2712
2026-09-21 11:15:00-04:00,30575.25,30589.0,30575.25,30579.75,4598
2026-09-21 11:16:00-04:00,30580.0,30582.0,30573.25,30576.5,2589
2026-09-21 11:17:00-04:00,30576.5,30578.75,30570.75,30578.75,3140
2026-09-21 11:18:00-04:00,30578.75,30582.25,30577.0,30579.0,2386
2026-09-21 11:19:00-04:00,30579.0,30586.75,30577.75,30585.0,3405
2026-09-21 11:20:00-04:00,30585.25,30586.0,30575.25,30577.75,2619
2026-09-21 11:21:00-04:00,30578.0,30582.75,30576.75,30580.0,2107
2026-09-21 11:22:00-04:00,30579.75,30580.75,30570.0,30576.0,2849
2026-09-21 11:23:00-04:00,30575.75,30577.0,30570.75,30574.25,1794
2026-09-21 11:24:00-04:00,30574.5,30577.0,30571.75,30574.0,1242
2026-09-21 11:25:00-04:00,30574.0,30581.25,30571.0,30576.25,2533
2026-09-21 11:26:00-04:00,30576.5,30581.5,30575.25,30578.25,1467
2026-09-21 11:27:00-04:00,30578.25,30588.5,30577.5,30581.5,2768
2026-09-21 11:28:00-04:00,30581.75,30586.25,30578.0,30578.25,2277
2026-09-21 11:29:00-04:00,30578.0,30586.75,30578.0,30584.5,1819
2026-09-21 11:30:00-04:00,30584.5,30595.0,30584.25,30594.75,5806
2026-09-21 11:31:00-04:00,30594.25,30594.5,30588.5,30593.0,2504
2026-09-21 11:32:00-04:00,30592.75,30593.75,30588.25,30589.5,1909
2026-09-21 11:33:00-04:00,30590.0,30592.0,30586.75,30588.0,2037
2026-09-21 11:34:00-04:00,30588.25,30591.25,30579.25,30582.5,3420
2026-09-21 11:35:00-04:00,30582.25,30586.75,30580.0,30582.0,2053
2026-09-21 11:36:00-04:00,30582.0,30598.25,30581.25,30592.25,6253
2026-09-21 11:37:00-04:00,30592.5,30598.0,30590.75,30597.25,2543
2026-09-21 11:38:00-04:00,30597.0,30599.75,30593.25,30597.75,3414
2026-09-21 11:39:00-04:00,30598.0,30617.75,30597.5,30607.75,9261
2026-09-21 11:40:00-04:00,30607.75,30610.5,30600.75,30602.75,4157
2026-09-21 11:41:00-04:00,30603.0,30607.5,30598.5,30606.75,3564
2026-09-21 11:42:00-04:00,30606.5,30607.75,30600.5,30606.0,1723
2026-09-21 11:43:00-04:00,30606.25,30611.25,30606.0,30609.0,2299
2026-09-21 11:44:00-04:00,30609.25,30614.75,30608.25,30613.5,2737
2026-09-21 11:45:00-04:00,30613.25,30624.0,30613.25,30620.0,6909
2026-09-21 11:46:00-04:00,30620.5,30625.25,30620.0,30624.0,3277
2026-09-21 11:47:00-04:00,30624.0,30632.5,30622.0,30630.75,4890
2026-09-21 11:48:00-04:00,30631.0,30631.0,30625.75,30627.5,2872
2026-09-21 11:49:00-04:00,30627.5,30628.75,30622.75,30624.5,2791
2026-09-21 11:50:00-04:00,30624.25,30639.5,30615.25,30621.75,12042
2026-09-21 11:51:00-04:00,30621.5,30623.75,30615.0,30616.75,3381
2026-09-21 11:52:00-04:00,30616.75,30624.5,30616.0,30620.5,2465
2026-09-21 11:53:00-04:00,30620.25,30624.5,30619.0,30621.75,1330
2026-09-21 11:54:00-04:00,30621.5,30622.75,30611.5,30612.5,2902
2026-09-21 11:55:00-04:00,30613.0,30616.75,30608.0,30615.75,3761
2026-09-21 11:56:00-04:00,30615.5,30617.5,30612.0,30613.25,1853
2026-09-21 11:57:00-04:00,30613.25,30613.5,30601.75,30606.25,3755
2026-09-21 11:58:00-04:00,30606.25,30610.0,30601.5,30608.5,2486
2026-09-21 11:59:00-04:00,30608.25,30611.25,30602.25,30610.25,2498
2026-09-21 12:00:00-04:00,30610.25,30610.75,30601.25,30606.25,2677
2026-09-21 12:01:00-04:00,30606.5,30609.0,30604.75,30608.25,1331
2026-09-21 12:02:00-04:00,30608.25,30622.75,30607.75,30620.75,5034
2026-09-21 12:03:00-04:00,30621.25,30627.0,30620.5,30626.0,3032
2026-09-21 12:04:00-04:00,30625.75,30632.75,30624.5,30629.75,3449
2026-09-21 12:05:00-04:00,30630.25,30634.0,30627.0,30627.75,3067
2026-09-21 12:06:00-04:00,30628.25,30631.25,30623.5,30623.75,2862
2026-09-21 12:07:00-04:00,30623.75,30649.25,30619.5,30638.75,16463
2026-09-21 12:08:00-04:00,30639.0,30643.5,30636.0,30641.25,3635
2026-09-21 12:09:00-04:00,30641.5,30655.75,30640.25,30652.25,6764
2026-09-21 12:10:00-04:00,30652.75,30659.5,30648.25,30658.75,5111
2026-09-21 12:11:00-04:00,30658.75,30661.5,30656.0,30656.75,3371
2026-09-21 12:12:00-04:00,30656.75,30657.0,30646.5,30651.75,5560
2026-09-21 12:13:00-04:00,30651.75,30660.0,30649.25,30650.0,2916
2026-09-21 12:14:00-04:00,30649.75,30653.5,30645.75,30652.75,2497
2026-09-21 12:15:00-04:00,30652.75,30660.5,30652.75,30658.0,3837
2026-09-21 12:16:00-04:00,30658.0,30663.0,30655.75,30659.5,2291
2026-09-21 12:17:00-04:00,30659.5,30664.25,30652.0,30652.5,4644
2026-09-21 12:18:00-04:00,30652.5,30656.75,30648.0,30651.75,2947
2026-09-21 12:19:00-04:00,30651.5,30659.0,30651.25,30657.25,2527
2026-09-21 12:20:00-04:00,30657.5,30667.5,30655.5,30658.0,4959
2026-09-21 12:21:00-04:00,30658.0,30664.0,30652.25,30663.0,3266
2026-09-21 12:22:00-04:00,30663.0,30669.25,30661.25,30666.25,3255
2026-09-21 12:23:00-04:00,30666.5,30669.5,30663.5,30669.5,1525
2026-09-21 12:24:00-04:00,30669.5,30672.0,30665.5,30670.5,2670
2026-09-21 12:25:00-04:00,30670.25,30673.0,30668.0,30671.75,2048
2026-09-21 12:26:00-04:00,30671.75,30677.0,30667.0,30675.5,2897
2026-09-21 12:27:00-04:00,30675.0,30685.75,30674.75,30685.75,4488
2026-09-21 12:28:00-04:00,30685.75,30687.75,30682.5,30684.75,3729
2026-09-21 12:29:00-04:00,30685.0,30685.5,30676.5,30678.25,3485
2026-09-21 12:30:00-04:00,30678.0,30686.25,30676.75,30685.5,3139
2026-09-21 12:31:00-04:00,30685.5,30693.75,30684.25,30692.25,3695
2026-09-21 12:32:00-04:00,30692.5,30699.75,30690.0,30697.0,5213
2026-09-21 12:33:00-04:00,30696.75,30703.75,30695.5,30698.5,5203
2026-09-21 12:34:00-04:00,30698.75,30699.75,30691.75,30696.75,3471
2026-09-21 12:35:00-04:00,30696.5,30699.75,30693.25,30695.25,2083
2026-09-21 12:36:00-04:00,30695.25,30698.25,30690.5,30693.25,2458
2026-09-21 12:37:00-04:00,30693.25,30694.5,30682.5,30683.0,3252
2026-09-21 12:38:00-04:00,30682.75,30683.25,30673.75,30676.75,4561
2026-09-21 12:39:00-04:00,30676.5,30677.0,30665.5,30667.25,3647
2026-09-21 12:40:00-04:00,30667.25,30678.0,30666.25,30677.0,3765
2026-09-21 12:41:00-04:00,30677.25,30680.5,30669.25,30677.25,3064
2026-09-21 12:42:00-04:00,30677.0,30683.0,30676.0,30679.5,2865
2026-09-21 12:43:00-04:00,30679.25,30683.5,30677.75,30679.0,1892
2026-09-21 12:44:00-04:00,30679.25,30680.5,30668.75,30669.75,3440
2026-09-21 12:45:00-04:00,30670.25,30679.5,30669.75,30674.25,2557
2026-09-21 12:46:00-04:00,30675.0,30680.75,30671.25,30676.75,2029
2026-09-21 12:47:00-04:00,30676.75,30678.75,30672.75,30678.0,1590
2026-09-21 12:48:00-04:00,30678.25,30681.5,30670.75,30677.0,1575
2026-09-21 12:49:00-04:00,30677.25,30678.5,30674.0,30678.25,882
2026-09-21 12:50:00-04:00,30678.25,30682.5,30676.75,30679.0,1849
2026-09-21 12:51:00-04:00,30678.5,30678.5,30671.0,30674.0,1620
2026-09-21 12:52:00-04:00,30673.75,30674.75,30663.0,30671.0,3695
2026-09-21 12:53:00-04:00,30671.0,30673.5,30666.75,30668.75,2058
2026-09-21 12:54:00-04:00,30669.25,30675.0,30668.5,30674.0,1742
2026-09-21 12:55:00-04:00,30674.25,30680.0,30673.5,30678.5,2123
2026-09-21 12:56:00-04:00,30678.75,30679.75,30670.0,30671.0,2123
2026-09-21 12:57:00-04:00,30670.75,30678.5,30670.75,30676.5,1534
2026-09-21 12:58:00-04:00,30677.0,30678.5,30673.75,30675.75,1043
2026-09-21 12:59:00-04:00,30675.5,30681.0,30675.25,30680.25,1491
2026-09-21 13:00:00-04:00,30680.5,30686.0,30678.5,30683.25,2862
2026-09-21 13:01:00-04:00,30683.25,30688.0,30681.75,30684.25,2516
2026-09-21 13:02:00-04:00,30684.5,30685.5,30680.25,30681.75,1601
2026-09-21 13:03:00-04:00,30682.0,30686.0,30680.0,30684.0,1126
2026-09-21 13:04:00-04:00,30683.5,30687.25,30679.0,30685.25,2051
2026-09-21 13:05:00-04:00,30685.25,30693.75,30685.25,30691.75,2747
2026-09-21 13:06:00-04:00,30691.5,30693.75,30687.75,30689.5,1688
2026-09-21 13:07:00-04:00,30689.25,30690.5,30682.0,30682.0,2045
2026-09-21 13:08:00-04:00,30682.25,30683.0,30675.75,30680.0,2891
2026-09-21 13:09:00-04:00,30679.75,30682.0,30676.25,30681.0,1605
2026-09-21 13:10:00-04:00,30680.75,30682.0,30676.0,30678.5,1606
2026-09-21 13:11:00-04:00,30679.0,30681.75,30675.75,30681.5,1239
2026-09-21 13:12:00-04:00,30681.25,30689.0,30680.0,30688.5,2997
2026-09-21 13:13:00-04:00,30688.5,30690.5,30687.25,30688.0,1557
2026-09-21 13:14:00-04:00,30688.0,30696.0,30685.75,30688.75,3157
2026-09-21 13:15:00-04:00,30688.75,30692.0,30686.25,30688.0,2185
2026-09-21 13:16:00-04:00,30688.0,30689.0,30683.75,30684.5,1723
2026-09-21 13:17:00-04:00,30684.25,30685.5,30680.0,30683.25,2560
2026-09-21 13:18:00-04:00,30683.0,30690.25,30680.75,30688.25,1868
2026-09-21 13:19:00-04:00,30688.25,30691.25,30686.5,30688.5,1426
2026-09-21 13:20:00-04:00,30689.0,30693.25,30688.5,30691.25,1577
2026-09-21 13:21:00-04:00,30691.0,30692.5,30687.0,30688.75,1423
2026-09-21 13:22:00-04:00,30688.75,30689.5,30678.0,30680.5,2585
2026-09-21 13:23:00-04:00,30680.5,30682.75,30671.5,30673.25,3168
2026-09-21 13:24:00-04:00,30673.0,30673.75,30667.25,30670.75,2732
2026-09-21 13:25:00-04:00,30670.75,30675.0,30668.75,30671.5,2071
2026-09-21 13:26:00-04:00,30671.75,30675.25,30667.5,30668.25,1857
2026-09-21 13:27:00-04:00,30668.0,30676.0,30664.25,30675.25,3359
2026-09-21 13:28:00-04:00,30675.25,30682.75,30671.75,30681.5,3029
2026-09-21 13:29:00-04:00,30681.25,30689.5,30681.0,30687.25,3670
2026-09-21 13:30:00-04:00,30687.75,30692.25,30685.25,30692.25,2328
2026-09-21 13:31:00-04:00,30692.25,30698.25,30676.5,30684.25,6498
2026-09-21 13:32:00-04:00,30684.0,30684.25,30677.75,30681.5,1981
2026-09-21 13:33:00-04:00,30681.75,30683.0,30675.25,30678.5,1669
2026-09-21 13:34:00-04:00,30678.5,30679.5,30673.5,30675.5,1620
2026-09-21 13:35:00-04:00,30675.5,30680.0,30670.75,30677.0,2173
2026-09-21 13:36:00-04:00,30677.5,30681.25,30677.0,30679.25,1305
2026-09-21 13:37:00-04:00,30679.5,30684.25,30674.0,30675.0,2286
2026-09-21 13:38:00-04:00,30675.0,30681.75,30675.0,30681.0,1220
2026-09-21 13:39:00-04:00,30680.75,30683.75,30677.75,30680.5,1152
2026-09-21 13:40:00-04:00,30680.5,30684.25,30678.25,30682.25,1401
2026-09-21 13:41:00-04:00,30682.5,30688.75,30682.5,30686.5,1651
2026-09-21 13:42:00-04:00,30686.5,30700.0,30686.5,30697.5,3883
2026-09-21 13:43:00-04:00,30697.5,30702.75,30694.25,30701.75,2443
2026-09-21 13:44:00-04:00,30701.75,30716.75,30701.25,30714.0,6524
2026-09-21 13:45:00-04:00,30714.25,30723.25,30713.75,30721.25,4101
2026-09-21 13:46:00-04:00,30721.25,30724.75,30718.5,30720.75,3249
2026-09-21 13:47:00-04:00,30720.75,30722.0,30710.5,30712.0,4161
2026-09-21 13:48:00-04:00,30711.75,30714.75,30709.5,30710.25,1951
2026-09-21 13:49:00-04:00,30710.25,30717.5,30708.25,30712.5,2469
2026-09-21 13:50:00-04:00,30712.25,30716.75,30710.75,30711.5,1466
2026-09-21 13:51:00-04:00,30711.75,30716.0,30711.5,30715.75,1084
2026-09-21 13:52:00-04:00,30715.5,30719.5,30714.75,30718.25,1654
2026-09-21 13:53:00-04:00,30718.5,30720.5,30716.5,30719.75,1961
2026-09-21 13:54:00-04:00,30719.75,30723.0,30718.0,30719.0,1775
2026-09-21 13:55:00-04:00,30718.75,30719.25,30712.0,30716.0,2157
2026-09-21 13:56:00-04:00,30715.75,30719.25,30710.5,30711.0,1627
2026-09-21 13:57:00-04:00,30711.25,30713.75,30709.0,30712.25,1581
2026-09-21 13:58:00-04:00,30712.5,30718.25,30712.0,30714.5,1308
2026-09-21 13:59:00-04:00,30714.25,30714.5,30710.25,30712.75,940
2026-09-21 14:00:00-04:00,30712.75,30716.75,30711.75,30714.75,1708
2026-09-21 14:01:00-04:00,30714.25,30718.5,30713.25,30717.5,1372
2026-09-21 14:02:00-04:00,30717.5,30722.25,30717.25,30721.5,1648
2026-09-21 14:03:00-04:00,30721.0,30724.25,30716.75,30718.75,1722
2026-09-21 14:04:00-04:00,30718.5,30724.5,30717.0,30724.5,1414
2026-09-21 14:05:00-04:00,30724.5,30729.0,30723.75,30727.5,4219
2026-09-21 14:06:00-04:00,30727.5,30729.0,30724.5,30728.75,1292
2026-09-21 14:07:00-04:00,30728.5,30730.75,30726.5,30729.5,1952
2026-09-21 14:08:00-04:00,30729.25,30732.0,30723.5,30727.75,2519
2026-09-21 14:09:00-04:00,30727.75,30728.5,30721.25,30724.0,1875
2026-09-21 14:10:00-04:00,30724.25,30728.5,30722.75,30724.0,1765
2026-09-21 14:11:00-04:00,30724.0,30728.25,30719.75,30727.5,1500
2026-09-21 14:12:00-04:00,30727.5,30728.25,30724.25,30725.75,803
2026-09-21 14:13:00-04:00,30726.0,30730.25,30725.25,30729.25,1489
2026-09-21 14:14:00-04:00,30728.75,30736.75,30728.75,30730.25,4300
2026-09-21 14:15:00-04:00,30730.75,30738.75,30729.5,30738.0,2606
2026-09-21 14:16:00-04:00,30738.0,30740.25,30732.5,30733.0,3159
2026-09-21 14:17:00-04:00,30733.0,30738.0,30732.0,30735.75,1360
2026-09-21 14:18:00-04:00,30736.0,30745.25,30736.0,30741.5,3722
2026-09-21 14:19:00-04:00,30741.5,30742.25,30734.75,30739.0,1887
2026-09-21 14:20:00-04:00,30739.5,30743.25,30738.75,30741.5,1487
2026-09-21 14:21:00-04:00,30742.0,30747.75,30739.0,30744.5,2491
2026-09-21 14:22:00-04:00,30744.0,30756.25,30744.0,30755.5,4208
2026-09-21 14:23:00-04:00,30755.0,30757.25,30752.25,30755.75,2552
2026-09-21 14:24:00-04:00,30755.75,30756.75,30752.75,30754.5,1542
2026-09-21 14:25:00-04:00,30754.75,30758.5,30750.0,30755.0,2617
2026-09-21 14:26:00-04:00,30754.75,30756.0,30748.0,30750.0,2695
2026-09-21 14:27:00-04:00,30750.25,30754.75,30749.75,30753.0,1489
2026-09-21 14:28:00-04:00,30753.0,30759.75,30753.0,30755.5,2086
2026-09-21 14:29:00-04:00,30755.75,30757.25,30751.75,30753.0,1730
2026-09-21 14:30:00-04:00,30753.75,30755.5,30750.5,30753.0,1697
2026-09-21 14:31:00-04:00,30752.75,30755.5,30744.0,30744.75,3190
2026-09-21 14:32:00-04:00,30745.0,30747.0,30735.5,30740.5,3046
2026-09-21 14:33:00-04:00,30740.75,30746.5,30737.5,30743.0,2518
2026-09-21 14:34:00-04:00,30743.25,30743.75,30739.25,30743.0,1112
2026-09-21 14:35:00-04:00,30743.25,30748.25,30738.75,30743.25,2471
2026-09-21 14:36:00-04:00,30742.75,30750.25,30741.25,30749.25,2151
2026-09-21 14:37:00-04:00,30749.25,30754.0,30748.25,30753.5,1900
2026-09-21 14:38:00-04:00,30753.25,30762.0,30753.25,30756.5,3675
2026-09-21 14:39:00-04:00,30756.75,30763.25,30756.75,30762.75,2076
2026-09-21 14:40:00-04:00,30762.75,30764.0,30756.25,30760.0,2378
2026-09-21 14:41:00-04:00,30760.0,30765.5,30757.25,30762.5,1887
2026-09-21 14:42:00-04:00,30762.75,30767.25,30762.5,30764.0,2009
2026-09-21 14:43:00-04:00,30763.5,30767.0,30760.0,30764.75,2025
2026-09-21 14:44:00-04:00,30765.25,30766.5,30762.75,30765.25,1199
2026-09-21 14:45:00-04:00,30765.25,30773.0,30765.0,30765.5,3986
2026-09-21 14:46:00-04:00,30765.25,30766.5,30761.5,30764.0,1947
2026-09-21 14:47:00-04:00,30764.75,30772.25,30764.0,30771.5,1620
2026-09-21 14:48:00-04:00,30771.25,30774.75,30769.25,30773.25,1950
2026-09-21 14:49:00-04:00,30773.5,30775.0,30769.5,30772.5,1788
2026-09-21 14:50:00-04:00,30772.5,30785.0,30772.5,30781.0,5950
2026-09-21 14:51:00-04:00,30781.25,30786.0,30781.0,30786.0,2219
2026-09-21 14:52:00-04:00,30785.5,30786.0,30780.75,30781.25,2133
2026-09-21 14:53:00-04:00,30781.0,30795.0,30780.75,30795.0,4363
2026-09-21 14:54:00-04:00,30795.0,30798.75,30791.0,30791.5,3670
2026-09-21 14:55:00-04:00,30792.0,30795.0,30788.0,30789.75,2243
2026-09-21 14:56:00-04:00,30790.0,30792.25,30786.25,30790.0,1880
2026-09-21 14:57:00-04:00,30790.25,30792.5,30786.25,30787.75,1653
2026-09-21 14:58:00-04:00,30787.75,30790.0,30781.0,30782.25,2556
2026-09-21 14:59:00-04:00,30782.5,30789.25,30778.25,30786.75,2922
2026-09-21 15:00:00-04:00,30786.75,30797.0,30784.0,30785.75,4593
2026-09-21 15:01:00-04:00,30786.0,30790.0,30784.25,30789.25,2081
2026-09-21 15:02:00-04:00,30788.75,30793.5,30786.0,30788.5,1760
2026-09-21 15:03:00-04:00,30788.25,30788.25,30783.5,30784.75,1601
2026-09-21 15:04:00-04:00,30785.0,30788.0,30775.25,30777.25,2696
2026-09-21 15:05:00-04:00,30777.5,30780.75,30773.25,30773.5,2784
2026-09-21 15:06:00-04:00,30773.5,30785.0,30772.5,30784.25,2720
2026-09-21 15:07:00-04:00,30784.0,30787.0,30781.75,30785.75,1755
2026-09-21 15:08:00-04:00,30786.0,30790.25,30785.25,30786.0,2358
2026-09-21 15:09:00-04:00,30786.75,30791.0,30786.75,30789.0,1578
2026-09-21 15:10:00-04:00,30789.0,30789.0,30778.5,30782.5,2732
2026-09-21 15:11:00-04:00,30782.5,30790.25,30781.25,30789.0,1729
2026-09-21 15:12:00-04:00,30789.5,30795.75,30788.75,30794.5,2745
2026-09-21 15:13:00-04:00,30794.5,30797.75,30793.0,30797.0,2033
2026-09-21 15:14:00-04:00,30797.0,30802.5,30794.75,30801.5,3095
2026-09-21 15:15:00-04:00,30801.5,30801.75,30794.25,30800.25,2922
2026-09-21 15:16:00-04:00,30800.25,30804.0,30797.75,30804.0,1757
2026-09-21 15:17:00-04:00,30803.5,30806.0,30802.25,30804.25,2323
2026-09-21 15:18:00-04:00,30804.25,30806.75,30801.75,30802.25,1659
2026-09-21 15:19:00-04:00,30802.0,30807.25,30800.75,30805.5,1643
2026-09-21 15:20:00-04:00,30805.25,30806.5,30800.5,30803.0,1680
2026-09-21 15:21:00-04:00,30802.75,30806.0,30796.0,30805.0,3142
2026-09-21 15:22:00-04:00,30805.0,30809.75,30803.5,30808.5,2103
2026-09-21 15:23:00-04:00,30808.75,30813.5,30804.75,30805.5,3251
2026-09-21 15:24:00-04:00,30805.25,30806.5,30801.75,30802.5,1494
2026-09-21 15:25:00-04:00,30803.0,30806.25,30797.75,30799.0,1629
2026-09-21 15:26:00-04:00,30799.0,30805.5,30797.75,30805.25,1592
2026-09-21 15:27:00-04:00,30805.5,30808.75,30805.0,30806.0,1432
2026-09-21 15:28:00-04:00,30806.25,30812.5,30804.75,30807.0,2213
2026-09-21 15:29:00-04:00,30807.5,30808.75,30802.25,30803.5,1823
2026-09-21 15:30:00-04:00,30803.25,30810.25,30800.25,30809.0,2330
2026-09-21 15:31:00-04:00,30808.75,30813.0,30804.25,30812.25,2338
2026-09-21 15:32:00-04:00,30812.0,30822.75,30811.5,30819.0,4888
2026-09-21 15:33:00-04:00,30819.25,30831.0,30818.75,30829.5,4389
2026-09-21 15:34:00-04:00,30829.5,30838.0,30828.5,30835.75,3768
2026-09-21 15:35:00-04:00,30835.5,30838.25,30832.5,30834.75,3026
2026-09-21 15:36:00-04:00,30834.75,30839.25,30832.75,30838.75,2163
2026-09-21 15:37:00-04:00,30839.0,30849.25,30837.5,30848.5,5112
2026-09-21 15:38:00-04:00,30848.5,30863.0,30848.5,30861.25,6106
2026-09-21 15:39:00-04:00,30861.5,30861.75,30853.75,30854.0,3378
2026-09-21 15:40:00-04:00,30854.5,30858.0,30840.0,30841.75,5360
2026-09-21 15:41:00-04:00,30842.0,30846.5,30834.0,30835.75,3705
2026-09-21 15:42:00-04:00,30835.75,30838.25,30827.75,30828.5,3173
2026-09-21 15:43:00-04:00,30828.5,30838.75,30826.75,30835.75,2920
2026-09-21 15:44:00-04:00,30835.75,30838.5,30832.5,30835.5,2086
2026-09-21 15:45:00-04:00,30835.25,30837.75,30823.0,30835.75,4530
2026-09-21 15:46:00-04:00,30835.5,30837.75,30826.5,30829.0,2388
2026-09-21 15:47:00-04:00,30828.75,30835.75,30828.0,30829.5,1990
2026-09-21 15:48:00-04:00,30829.5,30834.0,30824.25,30828.75,2090
2026-09-21 15:49:00-04:00,30828.5,30829.25,30821.5,30825.75,2717
2026-09-21 15:50:00-04:00,30825.75,30825.75,30787.75,30802.0,11774
2026-09-21 15:51:00-04:00,30802.25,30809.25,30796.25,30803.75,4915
2026-09-21 15:52:00-04:00,30804.0,30819.5,30804.0,30813.0,5656
2026-09-21 15:53:00-04:00,30813.25,30813.75,30802.75,30804.5,3056
2026-09-21 15:54:00-04:00,30804.0,30809.75,30793.5,30794.5,6083
2026-09-21 15:55:00-04:00,30794.75,30807.5,30788.25,30802.0,7037
2026-09-21 15:56:00-04:00,30802.25,30803.0,30794.5,30796.75,2771
2026-09-21 15:57:00-04:00,30796.75,30805.0,30793.75,30798.25,3230
2026-09-21 15:58:00-04:00,30798.25,30801.0,30792.0,30794.5,2933
2026-09-21 15:59:00-04:00,30794.75,30798.75,30778.0,30783.25,13426
2026-09-21 16:00:00-04:00,30783.75,30794.0,30775.75,30779.75,5981
2026-09-21 16:01:00-04:00,30779.25,30782.25,30774.5,30779.75,3579
2026-09-21 16:02:00-04:00,30780.25,30780.25,30772.75,30776.25,1763
2026-09-21 16:03:00-04:00,30776.75,30777.5,30769.75,30771.0,2214
2026-09-21 16:04:00-04:00,30771.5,30771.75,30763.5,30767.75,2716
2026-09-21 16:05:00-04:00,30768.0,30772.0,30766.25,30770.0,1730
2026-09-21 16:06:00-04:00,30770.0,30781.75,30769.75,30781.25,3097
2026-09-21 16:07:00-04:00,30781.25,30786.75,30778.25,30779.25,2518
2026-09-21 16:08:00-04:00,30779.25,30783.0,30775.5,30782.25,1337
2026-09-21 16:09:00-04:00,30782.25,30783.75,30780.0,30781.75,734
2026-09-21 16:10:00-04:00,30781.75,30784.0,30778.75,30779.25,740
2026-09-21 16:11:00-04:00,30779.75,30780.0,30772.0,30775.5,1503
2026-09-21 16:12:00-04:00,30775.75,30776.0,30770.75,30774.0,871
2026-09-21 16:13:00-04:00,30774.0,30782.0,30773.5,30779.0,1491
2026-09-21 16:14:00-04:00,30779.0,30782.0,30777.5,30778.25,764
2026-09-21 16:15:00-04:00,30778.5,30779.0,30773.25,30776.5,772
2026-09-21 16:16:00-04:00,30777.25,30777.25,30762.0,30766.25,2167
2026-09-21 16:17:00-04:00,30766.0,30766.0,30762.0,30764.0,955
2026-09-21 16:18:00-04:00,30763.75,30768.5,30763.25,30768.0,780
2026-09-21 16:19:00-04:00,30767.75,30771.75,30767.75,30771.25,1017
2026-09-21 16:20:00-04:00,30771.25,30772.75,30768.75,30769.75,573
2026-09-21 16:21:00-04:00,30769.75,30769.75,30765.25,30767.5,570
2026-09-21 16:22:00-04:00,30767.25,30768.0,30765.75,30767.75,321
2026-09-21 16:23:00-04:00,30767.5,30771.25,30767.5,30768.25,449
2026-09-21 16:24:00-04:00,30768.75,30772.0,30768.25,30769.0,523
2026-09-21 16:25:00-04:00,30769.25,30780.25,30769.25,30778.25,1652
2026-09-21 16:26:00-04:00,30777.75,30782.0,30777.5,30777.5,1337
2026-09-21 16:27:00-04:00,30777.5,30777.5,30775.0,30775.5,375
2026-09-21 16:28:00-04:00,30775.25,30781.25,30774.25,30781.25,509
2026-09-21 16:29:00-04:00,30780.75,30781.0,30776.25,30777.75,358
2026-09-21 16:30:00-04:00,30777.25,30778.5,30775.25,30775.75,406
2026-09-21 16:31:00-04:00,30775.0,30775.5,30772.0,30773.25,686
2026-09-21 16:32:00-04:00,30773.25,30775.0,30769.25,30771.75,605
2026-09-21 16:33:00-04:00,30771.5,30773.75,30771.0,30772.0,320
2026-09-21 16:34:00-04:00,30772.0,30773.5,30771.0,30772.5,238
2026-09-21 16:35:00-04:00,30772.25,30772.25,30769.25,30769.75,428
2026-09-21 16:36:00-04:00,30769.75,30770.0,30766.0,30766.75,687
2026-09-21 16:37:00-04:00,30766.75,30767.25,30762.25,30764.0,777
2026-09-21 16:38:00-04:00,30763.5,30765.25,30761.5,30763.25,971
2026-09-21 16:39:00-04:00,30763.0,30765.75,30761.5,30765.0,495
2026-09-21 16:40:00-04:00,30765.0,30767.25,30763.5,30764.5,711
2026-09-21 16:41:00-04:00,30764.25,30764.75,30760.75,30762.25,735
2026-09-21 16:42:00-04:00,30762.5,30763.0,30758.75,30759.75,917
2026-09-21 16:43:00-04:00,30760.25,30762.5,30759.75,30761.25,403
2026-09-21 16:44:00-04:00,30761.0,30764.0,30758.0,30762.75,908
2026-09-21 16:45:00-04:00,30762.5,30763.0,30760.5,30760.75,741
2026-09-21 16:46:00-04:00,30761.0,30764.25,30760.75,30762.25,403
2026-09-21 16:47:00-04:00,30762.25,30764.25,30760.25,30764.25,293
2026-09-21 16:48:00-04:00,30764.25,30766.75,30763.0,30765.5,527
2026-09-21 16:49:00-04:00,30764.75,30768.0,30764.75,30765.5,481
2026-09-21 16:50:00-04:00,30765.75,30767.75,30764.5,30765.5,367
2026-09-21 16:51:00-04:00,30765.5,30767.25,30763.5,30766.75,212
2026-09-21 16:52:00-04:00,30766.75,30771.0,30765.75,30766.5,466
2026-09-21 16:53:00-04:00,30766.0,30768.0,30765.75,30767.25,133
2026-09-21 16:54:00-04:00,30767.25,30770.25,30766.25,30768.5,625
2026-09-21 16:55:00-04:00,30768.5,30769.75,30767.0,30767.75,435
2026-09-21 16:56:00-04:00,30767.5,30768.5,30764.5,30768.0,296
2026-09-21 16:57:00-04:00,30768.0,30774.25,30767.5,30773.25,614
2026-09-21 16:58:00-04:00,30773.0,30778.25,30771.25,30776.25,538
2026-09-21 16:59:00-04:00,30776.25,30786.0,30773.25,30781.75,789
2026-09-21 18:00:00-04:00,30781.75,30803.25,30780.0,30789.0,0
2026-09-21 18:01:00-04:00,30788.5,30794.0,30783.25,30788.75,936
2026-09-21 18:02:00-04:00,30788.75,30790.0,30785.25,30787.5,383
2026-09-21 18:03:00-04:00,30787.0,30794.25,30786.5,30793.75,632
2026-09-21 18:04:00-04:00,30793.75,30810.0,30793.0,30809.25,1377
2026-09-21 18:05:00-04:00,30809.25,30821.0,30806.25,30809.5,1930
2026-09-21 18:06:00-04:00,30810.25,30810.5,30797.25,30801.0,1210
2026-09-21 18:07:00-04:00,30800.5,30807.25,30797.25,30804.0,667
2026-09-21 18:08:00-04:00,30803.5,30807.0,30802.5,30803.5,425
2026-09-21 18:09:00-04:00,30804.25,30807.0,30802.0,30804.0,220
2026-09-21 18:10:00-04:00,30804.0,30806.75,30802.0,30803.5,288
2026-09-21 18:11:00-04:00,30803.0,30804.0,30785.5,30801.25,1539
2026-09-21 18:12:00-04:00,30800.25,30805.75,30795.25,30797.75,632
2026-09-21 18:13:00-04:00,30796.75,30806.75,30795.25,30805.75,627
2026-09-21 18:14:00-04:00,30805.0,30810.0,30802.25,30803.75,633
2026-09-21 18:15:00-04:00,30803.0,30807.25,30802.25,30807.0,331
2026-09-21 18:16:00-04:00,30807.0,30807.0,30802.75,30803.5,215
2026-09-21 18:17:00-04:00,30803.0,30816.25,30801.25,30812.25,815
2026-09-21 18:18:00-04:00,30812.0,30812.75,30803.25,30807.25,601
2026-09-21 18:19:00-04:00,30807.25,30809.25,30805.25,30807.75,219
2026-09-21 18:20:00-04:00,30807.75,30811.0,30806.75,30807.25,401
2026-09-21 18:21:00-04:00,30807.25,30814.0,30807.0,30811.0,330
2026-09-21 18:22:00-04:00,30810.75,30812.0,30804.25,30808.5,315
2026-09-21 18:23:00-04:00,30807.75,30808.5,30803.25,30807.25,268
2026-09-21 18:24:00-04:00,30807.25,30812.0,30807.25,30811.5,296
2026-09-21 18:25:00-04:00,30811.5,30812.75,30809.25,30810.25,203
2026-09-21 18:26:00-04:00,30810.0,30811.25,30809.0,30810.5,191
2026-09-21 18:27:00-04:00,30810.5,30811.25,30808.0,30809.5,112
2026-09-21 18:28:00-04:00,30809.5,30813.75,30808.75,30813.75,239
2026-09-21 18:29:00-04:00,30812.75,30815.75,30811.0,30815.0,484
2026-09-21 18:30:00-04:00,30815.0,30829.5,30814.75,30826.75,1686
2026-09-21 18:31:00-04:00,30826.0,30828.5,30816.5,30820.75,930
2026-09-21 18:32:00-04:00,30820.75,30822.25,30813.75,30814.25,644
2026-09-21 18:33:00-04:00,30814.0,30815.25,30809.75,30814.5,511
2026-09-21 18:34:00-04:00,30813.5,30822.0,30812.5,30815.25,921
2026-09-21 18:35:00-04:00,30815.5,30817.25,30810.0,30815.25,432
2026-09-21 18:36:00-04:00,30815.25,30816.25,30810.5,30815.25,308
2026-09-21 18:37:00-04:00,30814.75,30818.25,30812.75,30817.0,245
2026-09-21 18:38:00-04:00,30816.25,30820.0,30813.5,30813.5,376
2026-09-21 18:39:00-04:00,30813.75,30815.0,30811.75,30813.0,260
2026-09-21 18:40:00-04:00,30813.75,30815.5,30811.25,30812.0,350
2026-09-21 18:41:00-04:00,30811.5,30813.75,30804.25,30807.0,1008
2026-09-21 18:42:00-04:00,30806.75,30810.0,30804.75,30808.5,437
2026-09-21 18:43:00-04:00,30808.75,30812.5,30807.5,30811.25,254
2026-09-21 18:44:00-04:00,30811.5,30823.0,30809.75,30822.5,807
2026-09-21 18:45:00-04:00,30821.75,30821.75,30812.75,30818.0,557
2026-09-21 18:46:00-04:00,30817.5,30818.0,30813.5,30817.5,316
2026-09-21 18:47:00-04:00,30816.75,30821.75,30816.25,30817.5,384
2026-09-21 18:48:00-04:00,30817.0,30825.0,30816.0,30823.25,406
2026-09-21 18:49:00-04:00,30822.75,30824.5,30820.5,30823.75,397
2026-09-21 18:50:00-04:00,30823.0,30828.5,30821.0,30825.25,651
2026-09-21 18:51:00-04:00,30825.0,30825.25,30819.25,30821.25,556
2026-09-21 18:52:00-04:00,30820.25,30820.5,30815.75,30820.5,466
2026-09-21 18:53:00-04:00,30820.25,30827.75,30819.5,30825.75,433
2026-09-21 18:54:00-04:00,30826.0,30830.0,30826.0,30829.75,502
2026-09-21 18:55:00-04:00,30830.0,30833.25,30824.25,30829.75,834
2026-09-21 18:56:00-04:00,30830.0,30831.75,30827.0,30829.0,439
2026-09-21 18:57:00-04:00,30829.0,30831.75,30828.75,30830.0,308
2026-09-21 18:58:00-04:00,30830.25,30831.75,30829.0,30829.75,362
2026-09-21 18:59:00-04:00,30829.75,30831.25,30827.75,30828.25,277
2026-09-21 19:00:00-04:00,30828.25,30831.75,30828.0,30829.75,433
2026-09-21 19:01:00-04:00,30830.25,30834.0,30823.0,30825.5,931
2026-09-21 19:02:00-04:00,30825.25,30830.25,30824.75,30829.0,402
2026-09-21 19:03:00-04:00,30829.25,30836.25,30829.0,30834.25,700
2026-09-21 19:04:00-04:00,30833.25,30834.25,30827.25,30828.75,474
2026-09-21 19:05:00-04:00,30828.75,30831.5,30827.5,30831.5,277
2026-09-21 19:06:00-04:00,30831.75,30837.75,30831.5,30834.5,486
2026-09-21 19:07:00-04:00,30834.5,30837.0,30832.5,30836.5,231
2026-09-21 19:08:00-04:00,30836.0,30840.0,30835.25,30837.0,604
2026-09-21 19:09:00-04:00,30837.25,30839.5,30836.0,30838.0,399
2026-09-21 19:10:00-04:00,30838.5,30839.25,30835.5,30838.0,304
2026-09-21 19:11:00-04:00,30837.5,30839.75,30836.0,30839.25,265
2026-09-21 19:12:00-04:00,30839.0,30844.75,30837.5,30843.75,993
2026-09-21 19:13:00-04:00,30843.25,30852.25,30841.75,30848.75,1462
2026-09-21 19:14:00-04:00,30848.0,30849.5,30842.75,30843.0,732
2026-09-21 19:15:00-04:00,30843.75,30847.25,30842.75,30846.0,307
2026-09-21 19:16:00-04:00,30846.25,30847.75,30842.0,30843.75,330
2026-09-21 19:17:00-04:00,30843.75,30845.0,30835.5,30837.5,936
2026-09-21 19:18:00-04:00,30837.25,30846.5,30837.25,30843.5,711
2026-09-21 19:19:00-04:00,30843.25,30846.25,30839.5,30842.75,404
2026-09-21 19:20:00-04:00,30842.5,30842.75,30838.25,30840.0,489
2026-09-21 19:21:00-04:00,30839.75,30843.0,30838.0,30841.5,329
2026-09-21 19:22:00-04:00,30841.25,30844.75,30841.0,30844.25,219
2026-09-21 19:23:00-04:00,30844.25,30845.0,30838.75,30841.0,538
2026-09-21 19:24:00-04:00,30840.5,30844.5,30840.0,30843.75,274
2026-09-21 19:25:00-04:00,30844.0,30844.0,30839.5,30842.0,288
2026-09-21 19:26:00-04:00,30842.0,30844.5,30841.25,30844.5,109
2026-09-21 19:27:00-04:00,30844.5,30845.0,30841.75,30842.5,181
2026-09-21 19:28:00-04:00,30841.75,30842.25,30837.5,30838.25,414
2026-09-21 19:29:00-04:00,30838.0,30843.5,30836.25,30842.25,459
2026-09-21 19:30:00-04:00,30842.25,30850.0,30840.5,30842.0,741
2026-09-21 19:31:00-04:00,30842.0,30844.5,30840.25,30840.5,238
2026-09-21 19:32:00-04:00,30840.75,30846.25,30837.25,30844.75,526
2026-09-21 19:33:00-04:00,30844.5,30848.75,30843.25,30846.5,460
2026-09-21 19:34:00-04:00,30847.5,30850.75,30846.75,30848.25,530
2026-09-21 19:35:00-04:00,30848.75,30850.0,30846.25,30846.75,344
2026-09-21 19:36:00-04:00,30846.5,30847.5,30841.5,30847.0,655
2026-09-21 19:37:00-04:00,30847.0,30851.0,30844.0,30844.25,668
2026-09-21 19:38:00-04:00,30844.5,30848.0,30842.75,30846.5,298
2026-09-21 19:39:00-04:00,30846.25,30847.25,30843.0,30846.75,226
2026-09-21 19:40:00-04:00,30846.75,30856.0,30846.75,30851.0,1004
2026-09-21 19:41:00-04:00,30851.75,30856.0,30851.0,30853.25,605
2026-09-21 19:42:00-04:00,30852.75,30854.25,30851.25,30853.0,381
2026-09-21 19:43:00-04:00,30853.25,30853.5,30851.0,30851.75,288
2026-09-21 19:44:00-04:00,30851.25,30853.0,30849.25,30849.75,332
2026-09-21 19:45:00-04:00,30850.0,30852.25,30847.5,30849.25,551
2026-09-21 19:46:00-04:00,30848.5,30854.75,30847.0,30851.75,462
2026-09-21 19:47:00-04:00,30851.5,30854.0,30848.0,30853.5,338
2026-09-21 19:48:00-04:00,30853.25,30853.5,30847.0,30849.5,395
2026-09-21 19:49:00-04:00,30849.25,30851.0,30847.5,30849.75,203
2026-09-21 19:50:00-04:00,30850.0,30850.75,30847.25,30849.0,335
2026-09-21 19:51:00-04:00,30848.75,30851.5,30848.25,30850.0,204
2026-09-21 19:52:00-04:00,30849.5,30851.0,30848.25,30850.5,191
2026-09-21 19:53:00-04:00,30850.25,30854.5,30850.0,30853.5,360
2026-09-21 19:54:00-04:00,30853.0,30856.75,30852.25,30854.25,435
2026-09-21 19:55:00-04:00,30854.5,30855.5,30851.5,30855.25,439
2026-09-21 19:56:00-04:00,30854.75,30855.25,30849.25,30852.75,373
2026-09-21 19:57:00-04:00,30852.75,30854.75,30852.0,30854.25,186
2026-09-21 19:58:00-04:00,30854.5,30855.25,30852.25,30852.75,192
2026-09-21 19:59:00-04:00,30852.25,30853.75,30850.5,30852.0,254
2026-09-21 20:00:00-04:00,30852.0,30858.5,30850.0,30856.75,1131
2026-09-21 20:01:00-04:00,30857.5,30868.5,30856.0,30862.5,2934
2026-09-21 20:02:00-04:00,30861.75,30867.5,30860.5,30867.0,1315
2026-09-21 20:03:00-04:00,30867.25,30869.25,30863.25,30864.75,1172
2026-09-21 20:04:00-04:00,30864.5,30867.75,30859.0,30865.25,1166
2026-09-21 20:05:00-04:00,30865.5,30870.0,30864.0,30868.0,1071
2026-09-21 20:06:00-04:00,30867.5,30869.5,30864.0,30868.25,703
2026-09-21 20:07:00-04:00,30868.5,30873.0,30868.25,30870.25,1163
2026-09-21 20:08:00-04:00,30871.0,30873.0,30869.0,30872.75,720
2026-09-21 20:09:00-04:00,30872.25,30885.5,30872.0,30884.0,2163
2026-09-21 20:10:00-04:00,30884.25,30887.75,30876.0,30885.25,2040
2026-09-21 20:11:00-04:00,30885.0,30888.5,30881.75,30884.75,1225
2026-09-21 20:12:00-04:00,30884.75,30889.0,30880.0,30881.5,1134
2026-09-21 20:13:00-04:00,30882.0,30882.25,30873.25,30879.0,1467
2026-09-21 20:14:00-04:00,30879.25,30880.25,30876.5,30876.5,461
2026-09-21 20:15:00-04:00,30877.0,30878.5,30862.5,30875.0,3487
2026-09-21 20:16:00-04:00,30876.0,30882.5,30872.25,30874.5,1424
2026-09-21 20:17:00-04:00,30874.75,30877.5,30870.5,30872.25,726
2026-09-21 20:18:00-04:00,30872.25,30875.75,30870.0,30872.75,634
2026-09-21 20:19:00-04:00,30872.5,30874.75,30870.75,30873.75,341
2026-09-21 20:20:00-04:00,30873.75,30875.75,30870.75,30871.5,436
2026-09-21 20:21:00-04:00,30871.5,30884.25,30870.0,30881.0,1638
2026-09-21 20:22:00-04:00,30881.0,30882.5,30878.5,30880.75,547
2026-09-21 20:23:00-04:00,30880.0,30882.0,30877.5,30879.25,447
2026-09-21 20:24:00-04:00,30879.25,30879.75,30874.5,30879.5,553
2026-09-21 20:25:00-04:00,30878.75,30880.75,30874.5,30875.5,417
2026-09-21 20:26:00-04:00,30875.0,30882.5,30874.75,30882.25,467
2026-09-21 20:27:00-04:00,30882.0,30886.0,30880.75,30883.25,850
2026-09-21 20:28:00-04:00,30883.5,30888.75,30881.5,30888.0,793
2026-09-21 20:29:00-04:00,30888.0,30893.75,30886.75,30892.75,1501
2026-09-21 20:30:00-04:00,30893.25,30906.25,30891.5,30905.5,3124
2026-09-21 20:31:00-04:00,30905.75,30909.5,30904.5,30908.75,1595
2026-09-21 20:32:00-04:00,30908.75,30917.5,30908.0,30912.75,2100
2026-09-21 20:33:00-04:00,30912.5,30912.75,30898.0,30900.0,2285
2026-09-21 20:34:00-04:00,30899.75,30901.0,30864.0,30881.75,4071
2026-09-21 20:35:00-04:00,30881.5,30884.25,30873.25,30877.75,2585
2026-09-21 20:36:00-04:00,30877.25,30881.0,30874.5,30877.75,1091
2026-09-21 20:37:00-04:00,30877.25,30879.25,30872.5,30878.0,727
2026-09-21 20:38:00-04:00,30878.5,30885.75,30877.75,30884.5,1018
2026-09-21 20:39:00-04:00,30884.5,30884.5,30874.0,30875.0,925
2026-09-21 20:40:00-04:00,30875.5,30882.5,30872.25,30876.75,878
2026-09-21 20:41:00-04:00,30876.0,30887.5,30875.5,30885.5,1025
2026-09-21 20:42:00-04:00,30885.75,30896.25,30884.0,30893.75,1632
2026-09-21 20:43:00-04:00,30894.5,30897.25,30890.5,30893.75,870
2026-09-21 20:44:00-04:00,30893.25,30893.75,30888.5,30891.25,468
2026-09-21 20:45:00-04:00,30891.75,30899.5,30889.75,30897.0,1053
2026-09-21 20:46:00-04:00,30897.0,30907.25,30894.5,30899.25,1916
2026-09-21 20:47:00-04:00,30899.75,30899.75,30891.75,30892.25,864
2026-09-21 20:48:00-04:00,30892.75,30896.0,30885.0,30895.0,1309
2026-09-21 20:49:00-04:00,30895.0,30899.75,30893.75,30896.25,664
2026-09-21 20:50:00-04:00,30895.75,30897.75,30892.75,30897.75,368
2026-09-21 20:51:00-04:00,30897.75,30901.5,30896.25,30898.5,480
2026-09-21 20:52:00-04:00,30898.75,30901.75,30896.0,30896.25,455
2026-09-21 20:53:00-04:00,30896.0,30901.25,30894.5,30900.0,468
2026-09-21 20:54:00-04:00,30900.25,30900.75,30897.75,30899.5,233
2026-09-21 20:55:00-04:00,30900.0,30901.75,30895.25,30895.5,493
2026-09-21 20:56:00-04:00,30895.25,30898.5,30892.0,30898.0,559
2026-09-21 20:57:00-04:00,30898.25,30900.5,30897.5,30898.0,314
2026-09-21 20:58:00-04:00,30898.0,30902.25,30896.5,30902.0,515
2026-09-21 20:59:00-04:00,30902.0,30903.0,30898.0,30900.5,753
2026-09-21 21:00:00-04:00,30900.25,30901.0,30894.25,30895.75,856
2026-09-21 21:01:00-04:00,30895.5,30896.5,30888.5,30892.25,1132
2026-09-21 21:02:00-04:00,30893.0,30893.0,30888.25,30889.75,681
2026-09-21 21:03:00-04:00,30889.75,30893.0,30883.25,30884.25,1160
2026-09-21 21:04:00-04:00,30884.5,30887.75,30882.25,30884.75,976
2026-09-21 21:05:00-04:00,30885.25,30891.5,30877.75,30889.0,1302
2026-09-21 21:06:00-04:00,30888.5,30896.0,30886.25,30893.25,803
2026-09-21 21:07:00-04:00,30892.5,30894.75,30889.25,30891.5,431
2026-09-21 21:08:00-04:00,30891.25,30897.5,30888.5,30894.5,653
2026-09-21 21:09:00-04:00,30894.75,30895.0,30887.0,30889.5,652
2026-09-21 21:10:00-04:00,30888.75,30888.75,30882.0,30882.75,835
2026-09-21 21:11:00-04:00,30883.0,30883.5,30876.75,30878.25,1231
2026-09-21 21:12:00-04:00,30879.0,30887.5,30878.75,30885.75,946
2026-09-21 21:13:00-04:00,30886.0,30886.25,30880.75,30883.25,433
2026-09-21 21:14:00-04:00,30883.5,30886.75,30881.0,30884.5,541
2026-09-21 21:15:00-04:00,30884.5,30884.75,30874.5,30879.5,937
2026-09-21 21:16:00-04:00,30879.75,30881.0,30871.0,30873.75,1187
2026-09-21 21:17:00-04:00,30874.25,30877.75,30873.5,30874.0,644
2026-09-21 21:18:00-04:00,30874.0,30879.5,30873.75,30874.75,459
2026-09-21 21:19:00-04:00,30874.5,30876.75,30871.0,30871.0,503
2026-09-21 21:20:00-04:00,30871.5,30876.5,30870.25,30874.0,827
2026-09-21 21:21:00-04:00,30874.0,30878.25,30872.75,30874.75,525
2026-09-21 21:22:00-04:00,30875.0,30875.5,30867.0,30870.25,1368
2026-09-21 21:23:00-04:00,30870.25,30876.75,30870.25,30871.75,1004
2026-09-21 21:24:00-04:00,30871.25,30875.75,30871.25,30872.25,443
2026-09-21 21:25:00-04:00,30872.25,30874.5,30870.5,30871.5,416
2026-09-21 21:26:00-04:00,30870.75,30872.5,30868.5,30871.5,438
2026-09-21 21:27:00-04:00,30871.25,30880.5,30871.25,30874.5,1404
2026-09-21 21:28:00-04:00,30874.5,30882.75,30874.25,30881.5,855
2026-09-21 21:29:00-04:00,30881.5,30891.5,30879.25,30882.5,1410
2026-09-21 21:30:00-04:00,30882.25,30884.5,30870.0,30878.75,1539
2026-09-21 21:31:00-04:00,30878.5,30888.25,30878.5,30886.25,957
2026-09-21 21:32:00-04:00,30886.5,30888.0,30883.25,30887.0,565
2026-09-21 21:33:00-04:00,30887.0,30899.25,30886.75,30892.5,1844
2026-09-21 21:34:00-04:00,30892.5,30897.75,30890.25,30897.0,641
2026-09-21 21:35:00-04:00,30897.0,30899.25,30893.5,30895.0,719
2026-09-21 21:36:00-04:00,30895.25,30900.0,30891.5,30896.5,905
2026-09-21 21:37:00-04:00,30897.25,30905.5,30894.0,30897.25,1362
2026-09-21 21:38:00-04:00,30897.25,30897.75,30890.0,30890.75,768
2026-09-21 21:39:00-04:00,30890.25,30892.5,30886.25,30888.25,1117
2026-09-21 21:40:00-04:00,30889.0,30891.75,30886.0,30889.25,608
2026-09-21 21:41:00-04:00,30889.0,30898.75,30889.0,30896.0,884
2026-09-21 21:42:00-04:00,30897.0,30898.5,30887.75,30892.75,665
2026-09-21 21:43:00-04:00,30892.5,30894.5,30888.75,30893.25,367
2026-09-21 21:44:00-04:00,30892.5,30892.75,30883.25,30884.75,537
2026-09-21 21:45:00-04:00,30886.5,30893.0,30886.25,30888.5,609
2026-09-21 21:46:00-04:00,30887.75,30889.25,30873.25,30884.25,1515
2026-09-21 21:47:00-04:00,30885.25,30890.75,30882.75,30884.0,757
2026-09-21 21:48:00-04:00,30885.0,30890.5,30879.25,30884.25,962
2026-09-21 21:49:00-04:00,30884.25,30884.25,30874.0,30876.75,1004
2026-09-21 21:50:00-04:00,30876.5,30881.0,30875.75,30878.75,580
2026-09-21 21:51:00-04:00,30879.0,30889.5,30875.75,30887.5,1073
2026-09-21 21:52:00-04:00,30887.25,30889.5,30882.0,30882.25,812
2026-09-21 21:53:00-04:00,30882.5,30886.5,30879.75,30883.5,474
2026-09-21 21:54:00-04:00,30883.5,30887.0,30881.25,30884.75,439
2026-09-21 21:55:00-04:00,30884.5,30886.25,30880.5,30881.0,309
2026-09-21 21:56:00-04:00,30881.0,30884.5,30877.75,30883.25,809
2026-09-21 21:57:00-04:00,30883.5,30890.0,30882.5,30883.75,1040
2026-09-21 21:58:00-04:00,30884.25,30884.25,30878.25,30879.5,371
2026-09-21 21:59:00-04:00,30879.5,30880.25,30871.5,30873.0,876
2026-09-21 22:00:00-04:00,30873.5,30886.0,30873.5,30883.25,848
2026-09-21 22:01:00-04:00,30883.75,30889.5,30882.5,30887.0,685
2026-09-21 22:02:00-04:00,30887.75,30894.75,30887.25,30892.0,880
2026-09-21 22:03:00-04:00,30892.5,30892.75,30886.25,30890.5,443
2026-09-21 22:04:00-04:00,30890.0,30893.25,30886.25,30890.75,488
2026-09-21 22:05:00-04:00,30891.5,30891.5,30882.5,30884.0,581
2026-09-21 22:06:00-04:00,30883.75,30887.0,30883.5,30886.75,192
2026-09-21 22:07:00-04:00,30886.75,30887.0,30880.75,30881.5,407
2026-09-21 22:08:00-04:00,30882.0,30884.75,30880.25,30881.75,226
2026-09-21 22:09:00-04:00,30881.5,30882.25,30877.0,30878.75,547
2026-09-21 22:10:00-04:00,30879.25,30879.25,30870.25,30870.5,1217
2026-09-21 22:11:00-04:00,30870.5,30875.5,30870.5,30872.75,322
2026-09-21 22:12:00-04:00,30872.75,30876.5,30870.5,30874.5,489
2026-09-21 22:13:00-04:00,30874.5,30875.0,30871.0,30873.0,223
2026-09-21 22:14:00-04:00,30873.25,30874.75,30872.0,30873.0,185
2026-09-21 22:15:00-04:00,30873.75,30878.25,30873.25,30877.75,381
2026-09-21 22:16:00-04:00,30877.5,30878.75,30875.0,30878.0,330
2026-09-21 22:17:00-04:00,30878.0,30879.5,30872.0,30874.5,417
2026-09-21 22:18:00-04:00,30875.5,30878.5,30872.25,30877.25,289
2026-09-21 22:19:00-04:00,30878.0,30879.25,30875.75,30877.5,338
2026-09-21 22:20:00-04:00,30877.25,30881.25,30877.25,30879.5,430
2026-09-21 22:21:00-04:00,30879.25,30880.75,30877.5,30879.0,280
2026-09-21 22:22:00-04:00,30879.5,30885.25,30878.5,30883.5,596
2026-09-21 22:23:00-04:00,30883.25,30884.0,30876.0,30876.5,370
2026-09-21 22:24:00-04:00,30877.0,30881.75,30874.5,30879.75,694
2026-09-21 22:25:00-04:00,30879.75,30881.25,30878.25,30880.25,216
2026-09-21 22:26:00-04:00,30880.5,30881.25,30878.0,30878.25,203
2026-09-21 22:27:00-04:00,30879.75,30882.0,30878.75,30880.75,209
2026-09-21 22:28:00-04:00,30880.25,30885.0,30879.0,30881.75,480
2026-09-21 22:29:00-04:00,30881.0,30881.25,30878.25,30879.0,182
2026-09-21 22:30:00-04:00,30879.25,30879.75,30867.0,30870.75,1550
2026-09-21 22:31:00-04:00,30870.5,30872.0,30866.5,30867.75,753
2026-09-21 22:32:00-04:00,30867.75,30871.25,30867.5,30870.25,381
2026-09-21 22:33:00-04:00,30870.25,30873.75,30866.25,30867.75,465
2026-09-21 22:34:00-04:00,30868.25,30870.5,30866.5,30869.5,304
2026-09-21 22:35:00-04:00,30870.0,30872.0,30868.25,30870.5,300
2026-09-21 22:36:00-04:00,30869.75,30874.0,30868.5,30872.25,356
2026-09-21 22:37:00-04:00,30871.5,30878.5,30868.0,30873.75,1031
2026-09-21 22:38:00-04:00,30874.0,30883.75,30872.75,30881.5,1094
2026-09-21 22:39:00-04:00,30882.25,30887.25,30878.5,30885.75,912
2026-09-21 22:40:00-04:00,30885.5,30895.0,30885.0,30889.25,1248
2026-09-21 22:41:00-04:00,30888.75,30891.25,30884.5,30890.75,488
2026-09-21 22:42:00-04:00,30891.0,30893.5,30888.75,30892.0,293
2026-09-21 22:43:00-04:00,30892.5,30892.75,30890.25,30891.0,268
2026-09-21 22:44:00-04:00,30891.0,30891.0,30887.75,30887.75,292
2026-09-21 22:45:00-04:00,30888.5,30890.75,30886.0,30888.25,323
2026-09-21 22:46:00-04:00,30888.5,30888.75,30885.75,30886.25,178
2026-09-21 22:47:00-04:00,30886.25,30889.75,30883.5,30889.5,340
2026-09-21 22:48:00-04:00,30889.25,30896.0,30887.0,30893.75,842
2026-09-21 22:49:00-04:00,30894.0,30895.0,30888.0,30888.5,498
2026-09-21 22:50:00-04:00,30888.0,30891.25,30886.0,30891.25,424
2026-09-21 22:51:00-04:00,30891.5,30893.25,30889.5,30890.5,346
2026-09-21 22:52:00-04:00,30891.0,30894.0,30890.25,30891.75,223
2026-09-21 22:53:00-04:00,30891.5,30896.0,30888.25,30895.75,417
2026-09-21 22:54:00-04:00,30895.5,30897.0,30893.5,30896.75,487
2026-09-21 22:55:00-04:00,30895.25,30895.25,30887.75,30889.0,345
2026-09-21 22:56:00-04:00,30888.0,30894.25,30887.75,30891.5,346
2026-09-21 22:57:00-04:00,30891.0,30895.5,30888.0,30893.75,304
2026-09-21 22:58:00-04:00,30893.5,30897.0,30891.5,30893.0,401
2026-09-21 22:59:00-04:00,30893.25,30897.75,30892.5,30895.0,439
2026-09-21 23:00:00-04:00,30894.25,30896.0,30891.0,30895.5,299
2026-09-21 23:01:00-04:00,30895.25,30895.75,30886.75,30889.5,638
2026-09-21 23:02:00-04:00,30889.5,30891.0,30888.75,30890.25,232
2026-09-21 23:03:00-04:00,30890.0,30897.25,30889.75,30895.0,611
2026-09-21 23:04:00-04:00,30895.5,30896.5,30892.25,30893.5,271
2026-09-21 23:05:00-04:00,30894.5,30894.5,30890.25,30891.75,154
2026-09-21 23:06:00-04:00,30891.75,30892.75,30889.25,30890.5,211
2026-09-21 23:07:00-04:00,30890.5,30891.5,30885.75,30887.5,397
2026-09-21 23:08:00-04:00,30887.5,30889.75,30886.75,30888.25,248
2026-09-21 23:09:00-04:00,30888.25,30888.25,30882.5,30884.5,491
2026-09-21 23:10:00-04:00,30884.0,30890.0,30884.0,30887.75,576
2026-09-21 23:11:00-04:00,30887.5,30888.75,30886.75,30887.75,181
2026-09-21 23:12:00-04:00,30887.75,30891.25,30886.25,30889.5,231
2026-09-21 23:13:00-04:00,30890.25,30890.75,30886.25,30886.5,114
2026-09-21 23:14:00-04:00,30886.75,30891.5,30886.5,30891.5,222
2026-09-21 23:15:00-04:00,30891.25,30899.25,30890.75,30898.75,589
2026-09-21 23:16:00-04:00,30899.0,30899.25,30890.5,30892.75,470
2026-09-21 23:17:00-04:00,30892.5,30894.0,30888.5,30890.5,289
2026-09-21 23:18:00-04:00,30890.25,30894.5,30890.25,30893.0,156
2026-09-21 23:19:00-04:00,30893.25,30894.0,30887.0,30891.75,294
2026-09-21 23:20:00-04:00,30891.0,30892.0,30887.75,30888.75,142
2026-09-21 23:21:00-04:00,30888.75,30890.75,30887.75,30890.5,100
2026-09-21 23:22:00-04:00,30890.25,30892.25,30887.0,30891.5,203
2026-09-21 23:23:00-04:00,30892.25,30892.25,30888.75,30889.75,174
2026-09-21 23:24:00-04:00,30890.0,30891.0,30887.0,30887.0,197
2026-09-21 23:25:00-04:00,30887.0,30890.0,30887.0,30889.25,124
2026-09-21 23:26:00-04:00,30889.25,30890.5,30888.0,30889.75,101
2026-09-21 23:27:00-04:00,30889.75,30890.75,30887.75,30889.75,85
2026-09-21 23:28:00-04:00,30889.75,30890.75,30887.75,30888.75,87
2026-09-21 23:29:00-04:00,30888.75,30889.75,30886.75,30889.0,155
2026-09-21 23:30:00-04:00,30889.25,30890.75,30887.0,30887.25,186
2026-09-21 23:31:00-04:00,30886.5,30887.0,30884.5,30884.75,325
2026-09-21 23:32:00-04:00,30884.75,30885.5,30880.25,30882.25,649
2026-09-21 23:33:00-04:00,30882.5,30887.25,30882.0,30885.75,263
2026-09-21 23:34:00-04:00,30885.75,30892.0,30884.0,30891.25,772
2026-09-21 23:35:00-04:00,30890.75,30895.0,30890.0,30893.75,523
2026-09-21 23:36:00-04:00,30893.25,30898.5,30893.0,30897.75,450
2026-09-21 23:37:00-04:00,30897.0,30898.75,30895.0,30895.25,300
2026-09-21 23:38:00-04:00,30895.5,30897.5,30893.75,30894.75,173
2026-09-21 23:39:00-04:00,30895.0,30897.5,30888.0,30889.75,678
2026-09-21 23:40:00-04:00,30889.5,30891.0,30883.5,30883.5,649
2026-09-21 23:41:00-04:00,30884.0,30888.5,30883.5,30886.0,381
2026-09-21 23:42:00-04:00,30886.25,30888.75,30883.5,30887.25,207
2026-09-21 23:43:00-04:00,30886.5,30887.25,30877.75,30882.25,720
2026-09-21 23:44:00-04:00,30882.5,30883.0,30880.5,30882.0,265
2026-09-21 23:45:00-04:00,30881.75,30885.0,30879.75,30881.5,378
2026-09-21 23:46:00-04:00,30881.0,30881.75,30878.25,30878.75,300
2026-09-21 23:47:00-04:00,30879.25,30880.75,30877.25,30878.75,500
2026-09-21 23:48:00-04:00,30878.75,30882.0,30878.25,30881.25,222
2026-09-21 23:49:00-04:00,30881.5,30883.75,30881.0,30882.5,259
2026-09-21 23:50:00-04:00,30881.75,30882.0,30878.5,30879.5,199
2026-09-21 23:51:00-04:00,30880.0,30881.75,30877.75,30881.25,166
2026-09-21 23:52:00-04:00,30881.0,30881.25,30877.0,30877.75,175
2026-09-21 23:53:00-04:00,30877.25,30880.0,30877.0,30878.25,281
2026-09-21 23:54:00-04:00,30879.0,30879.0,30874.5,30875.0,626
2026-09-21 23:55:00-04:00,30875.75,30875.75,30871.25,30874.0,695
2026-09-21 23:56:00-04:00,30873.75,30874.0,30856.75,30871.75,2116
2026-09-21 23:57:00-04:00,30871.5,30877.25,30870.25,30877.25,872
2026-09-21 23:58:00-04:00,30877.25,30879.0,30873.25,30875.0,781
2026-09-22 00:09:00-04:00,30846.25,30848.0,30840.25,30841.75,841
2026-09-22 00:10:00-04:00,30842.0,30850.25,30832.25,30850.0,2774
2026-09-22 00:11:00-04:00,30849.75,30867.75,30849.25,30863.5,2477
2026-09-22 00:12:00-04:00,30863.5,30863.5,30856.5,30862.75,855
2026-09-22 00:13:00-04:00,30862.5,30863.75,30854.5,30855.25,608
2026-09-22 00:14:00-04:00,30855.75,30859.0,30852.75,30852.75,522
2026-09-22 00:15:00-04:00,30853.25,30856.5,30851.0,30852.0,553
2026-09-22 00:16:00-04:00,30852.5,30853.75,30851.0,30853.0,292
2026-09-22 00:17:00-04:00,30852.5,30852.5,30844.75,30845.25,742
2026-09-22 00:18:00-04:00,30844.75,30845.25,30840.0,30843.5,1112
2026-09-22 00:19:00-04:00,30843.75,30845.0,30836.5,30836.5,885
2026-09-22 00:20:00-04:00,30836.5,30839.5,30833.0,30837.25,1151
2026-09-22 00:21:00-04:00,30837.0,30838.5,30833.0,30835.25,499
2026-09-22 00:22:00-04:00,30835.0,30840.75,30835.0,30838.5,519
2026-09-22 00:23:00-04:00,30838.5,30840.0,30832.5,30838.0,588
2026-09-22 00:24:00-04:00,30838.0,30841.75,30834.5,30838.75,565
2026-09-22 00:25:00-04:00,30838.75,30838.75,30831.0,30835.0,689
2026-09-22 00:26:00-04:00,30834.5,30841.25,30834.5,30838.75,495
2026-09-22 00:27:00-04:00,30838.25,30839.5,30834.5,30837.0,438
2026-09-22 00:28:00-04:00,30837.25,30843.25,30836.25,30841.5,502
2026-09-22 00:29:00-04:00,30841.25,30849.5,30837.0,30837.25,1356
2026-09-22 00:30:00-04:00,30836.75,30847.0,30835.5,30845.0,846
2026-09-22 00:31:00-04:00,30845.75,30848.5,30842.5,30843.25,517
2026-09-22 00:32:00-04:00,30843.5,30843.5,30834.75,30835.5,623
2026-09-22 00:33:00-04:00,30835.5,30838.25,30831.75,30833.75,618
2026-09-22 00:34:00-04:00,30834.0,30835.75,30831.25,30834.5,441
2026-09-22 00:35:00-04:00,30834.0,30834.0,30827.25,30829.25,1066
2026-09-22 00:36:00-04:00,30829.75,30832.5,30826.25,30828.0,472
2026-09-22 00:37:00-04:00,30828.0,30838.25,30827.25,30837.0,793
2026-09-22 00:38:00-04:00,30836.75,30839.75,30833.75,30835.0,439
2026-09-22 00:39:00-04:00,30834.0,30836.0,30829.75,30831.0,468
2026-09-22 00:40:00-04:00,30830.25,30831.75,30824.0,30826.5,844
2026-09-22 00:41:00-04:00,30826.0,30836.0,30824.0,30835.5,759
2026-09-22 00:42:00-04:00,30835.25,30839.5,30833.5,30839.0,730
2026-09-22 00:43:00-04:00,30838.75,30841.75,30833.5,30837.0,495
2026-09-22 00:44:00-04:00,30836.75,30837.25,30828.75,30828.75,372
2026-09-22 00:45:00-04:00,30829.0,30835.5,30827.5,30834.0,500
2026-09-22 00:46:00-04:00,30833.75,30835.0,30826.25,30827.0,409
2026-09-22 00:47:00-04:00,30826.75,30827.75,30820.75,30822.25,943
2026-09-22 00:48:00-04:00,30822.0,30823.75,30820.75,30821.75,370
2026-09-22 00:49:00-04:00,30821.5,30823.25,30820.0,30821.5,384
2026-09-22 00:50:00-04:00,30821.75,30823.75,30812.5,30814.0,1473
2026-09-22 00:51:00-04:00,30814.25,30818.0,30813.0,30816.25,565
2026-09-22 00:52:00-04:00,30816.25,30822.25,30813.5,30820.25,493
2026-09-22 00:53:00-04:00,30820.75,30821.0,30814.75,30816.75,358
2026-09-22 00:54:00-04:00,30816.25,30819.0,30814.0,30816.0,300
2026-09-22 00:55:00-04:00,30816.75,30821.0,30816.25,30816.75,277
2026-09-22 00:56:00-04:00,30817.0,30817.0,30813.0,30814.75,310
2026-09-22 00:57:00-04:00,30814.75,30814.75,30810.0,30813.25,641
2026-09-22 00:58:00-04:00,30813.25,30813.75,30810.0,30811.25,361
2026-09-22 00:59:00-04:00,30811.0,30813.5,30809.0,30812.75,355
2026-09-22 01:00:00-04:00,30813.0,30814.75,30808.25,30814.0,803
2026-09-22 01:01:00-04:00,30814.25,30815.5,30809.0,30812.25,534
2026-09-22 01:02:00-04:00,30813.25,30818.75,30812.0,30816.5,655
2026-09-22 01:03:00-04:00,30815.5,30821.25,30813.0,30813.75,848
2026-09-22 01:04:00-04:00,30813.75,30817.25,30811.25,30813.75,606
2026-09-22 01:05:00-04:00,30814.0,30815.5,30811.25,30814.25,198
2026-09-22 01:06:00-04:00,30814.5,30820.0,30813.0,30818.0,489
2026-09-22 01:07:00-04:00,30818.5,30820.75,30814.5,30815.25,517
2026-09-22 01:08:00-04:00,30815.75,30816.25,30811.5,30813.5,308
2026-09-22 01:09:00-04:00,30813.75,30814.75,30807.25,30808.0,864
2026-09-22 01:10:00-04:00,30808.25,30812.0,30804.5,30811.5,1094
2026-09-22 01:11:00-04:00,30811.75,30812.5,30807.5,30808.0,343
2026-09-22 01:12:00-04:00,30807.5,30809.5,30806.25,30808.75,356
2026-09-22 01:13:00-04:00,30809.0,30811.25,30805.75,30811.25,389
2026-09-22 01:14:00-04:00,30811.0,30812.5,30807.25,30809.75,358
2026-09-22 01:15:00-04:00,30809.5,30810.5,30801.5,30802.0,718
2026-09-22 01:16:00-04:00,30801.75,30804.0,30797.0,30800.0,1618
2026-09-22 01:17:00-04:00,30800.0,30800.0,30791.5,30796.25,1364
2026-09-22 01:18:00-04:00,30796.25,30796.25,30784.0,30785.5,1358
2026-09-22 01:19:00-04:00,30785.0,30789.0,30783.5,30784.75,944
2026-09-22 01:20:00-04:00,30784.5,30791.5,30783.5,30789.25,968
2026-09-22 01:21:00-04:00,30789.25,30809.0,30788.0,30805.25,1583
2026-09-22 01:22:00-04:00,30805.5,30810.0,30804.25,30805.75,1204
2026-09-22 01:23:00-04:00,30805.5,30808.0,30802.75,30803.5,491
2026-09-22 01:24:00-04:00,30804.25,30807.75,30789.0,30790.5,1863
2026-09-22 01:25:00-04:00,30790.25,30795.25,30788.25,30791.5,865
2026-09-22 01:26:00-04:00,30791.0,30791.5,30786.5,30790.0,713
2026-09-22 01:27:00-04:00,30790.25,30793.5,30785.25,30785.5,546
2026-09-22 01:28:00-04:00,30786.5,30797.75,30786.0,30797.25,581
2026-09-22 01:29:00-04:00,30797.25,30801.0,30792.75,30792.75,862
2026-09-22 01:30:00-04:00,30792.0,30793.0,30784.0,30785.0,843
2026-09-22 01:31:00-04:00,30784.5,30786.5,30780.0,30784.0,1362
2026-09-22 01:32:00-04:00,30783.5,30785.0,30778.75,30782.5,745
2026-09-22 01:33:00-04:00,30782.75,30790.0,30781.75,30789.5,535
2026-09-22 01:34:00-04:00,30789.0,30793.75,30787.0,30790.5,609
2026-09-22 01:35:00-04:00,30791.0,30802.5,30790.75,30794.0,1055
2026-09-22 01:36:00-04:00,30794.0,30798.25,30791.5,30792.75,512
2026-09-22 01:37:00-04:00,30793.5,30809.25,30793.0,30802.75,1140
2026-09-22 01:38:00-04:00,30802.75,30805.0,30799.0,30804.25,516
2026-09-22 01:39:00-04:00,30804.75,30815.0,30804.5,30813.5,1199
2026-09-22 01:40:00-04:00,30813.0,30817.75,30812.0,30815.5,1205
2026-09-22 01:41:00-04:00,30815.0,30823.5,30814.75,30816.75,1347
2026-09-22 01:42:00-04:00,30816.25,30817.0,30809.75,30813.0,842
2026-09-22 01:43:00-04:00,30813.0,30814.5,30807.5,30811.25,446
2026-09-22 01:44:00-04:00,30811.25,30818.75,30809.5,30818.25,598
2026-09-22 01:45:00-04:00,30817.25,30829.25,30815.5,30826.75,1296
2026-09-22 01:46:00-04:00,30826.75,30834.75,30824.5,30832.25,1114
2026-09-22 01:47:00-04:00,30831.75,30838.0,30830.25,30836.5,1028
2026-09-22 01:48:00-04:00,30836.25,30838.5,30826.75,30831.75,1551
2026-09-22 01:49:00-04:00,30831.5,30844.75,30828.0,30843.75,1210
2026-09-22 01:50:00-04:00,30843.75,30844.75,30828.0,30831.25,1369
2026-09-22 01:51:00-04:00,30831.5,30835.0,30829.25,30834.0,444
2026-09-22 01:52:00-04:00,30834.0,30835.25,30826.5,30827.25,769
2026-09-22 01:53:00-04:00,30828.0,30830.0,30826.25,30827.25,384
2026-09-22 01:54:00-04:00,30827.75,30829.75,30820.25,30821.0,842
2026-09-22 01:55:00-04:00,30821.5,30821.75,30813.75,30818.75,954
2026-09-22 01:56:00-04:00,30818.5,30822.5,30817.75,30820.0,471
2026-09-22 01:57:00-04:00,30820.25,30821.75,30817.75,30820.25,363
2026-09-22 01:58:00-04:00,30820.5,30821.0,30817.75,30819.5,258
2026-09-22 01:59:00-04:00,30819.0,30821.5,30812.75,30815.5,851
2026-09-22 02:00:00-04:00,30816.0,30819.25,30805.75,30816.75,1945
2026-09-22 02:01:00-04:00,30817.0,30818.25,30809.5,30810.25,757
2026-09-22 02:02:00-04:00,30810.25,30811.5,30797.25,30800.75,1377
2026-09-22 02:03:00-04:00,30800.75,30800.75,30791.25,30795.5,1252
2026-09-22 02:04:00-04:00,30795.75,30800.5,30790.0,30790.0,929
2026-09-22 02:05:00-04:00,30790.0,30799.0,30785.75,30798.5,1403
2026-09-22 02:06:00-04:00,30799.0,30800.5,30792.75,30793.5,663
2026-09-22 02:07:00-04:00,30793.0,30794.75,30788.25,30792.5,497
2026-09-22 02:08:00-04:00,30791.75,30795.75,30789.5,30795.75,419
2026-09-22 02:09:00-04:00,30795.25,30803.75,30793.0,30796.0,930
2026-09-22 02:10:00-04:00,30796.25,30800.5,30792.0,30796.0,656
2026-09-22 02:11:00-04:00,30794.75,30794.75,30786.25,30790.0,779
2026-09-22 02:12:00-04:00,30790.5,30790.5,30785.25,30787.0,485
2026-09-22 02:13:00-04:00,30787.0,30788.75,30780.5,30781.0,932
2026-09-22 02:14:00-04:00,30780.75,30784.75,30777.0,30784.25,1111
2026-09-22 02:15:00-04:00,30784.0,30788.25,30781.5,30785.75,857
2026-09-22 02:16:00-04:00,30786.75,30789.25,30777.5,30780.0,624
2026-09-22 02:17:00-04:00,30779.5,30781.5,30775.25,30779.75,825
2026-09-22 02:18:00-04:00,30779.5,30779.75,30776.0,30777.5,393
2026-09-22 02:19:00-04:00,30778.0,30778.5,30773.25,30774.0,728
2026-09-22 02:20:00-04:00,30774.0,30780.25,30771.5,30776.75,879
2026-09-22 02:21:00-04:00,30776.75,30778.5,30766.0,30776.0,1906
2026-09-22 02:22:00-04:00,30776.25,30782.75,30776.0,30776.75,939
2026-09-22 02:23:00-04:00,30777.25,30778.5,30773.5,30776.25,479
2026-09-22 02:24:00-04:00,30776.0,30776.0,30767.0,30770.5,805
2026-09-22 02:25:00-04:00,30771.25,30776.0,30769.5,30774.25,578
2026-09-22 02:26:00-04:00,30774.75,30781.75,30771.5,30772.0,845
2026-09-22 02:27:00-04:00,30771.25,30773.75,30768.25,30772.75,530
2026-09-22 02:28:00-04:00,30772.75,30777.25,30772.0,30777.0,414
2026-09-22 02:29:00-04:00,30777.0,30788.25,30776.75,30787.0,1056
2026-09-22 02:30:00-04:00,30786.5,30793.0,30783.75,30788.25,1220
2026-09-22 02:31:00-04:00,30788.0,30788.0,30782.0,30784.25,543
2026-09-22 02:32:00-04:00,30784.0,30788.75,30780.25,30784.25,457
2026-09-22 02:33:00-04:00,30784.25,30790.75,30781.75,30782.75,804
2026-09-22 02:34:00-04:00,30783.0,30784.5,30778.25,30780.75,678
2026-09-22 02:35:00-04:00,30780.25,30789.25,30778.25,30787.5,471
2026-09-22 02:36:00-04:00,30788.25,30795.25,30786.75,30793.0,561
2026-09-22 02:37:00-04:00,30792.25,30793.5,30788.0,30790.25,343
2026-09-22 02:38:00-04:00,30790.0,30791.25,30787.25,30790.0,263
2026-09-22 02:39:00-04:00,30788.75,30789.75,30778.5,30786.25,752
2026-09-22 02:40:00-04:00,30786.25,30792.0,30783.5,30790.75,479
2026-09-22 02:41:00-04:00,30790.5,30794.75,30788.0,30792.5,380
2026-09-22 02:42:00-04:00,30793.25,30794.25,30783.5,30784.25,460
2026-09-22 02:43:00-04:00,30784.0,30784.0,30775.75,30776.75,726
2026-09-22 02:44:00-04:00,30777.0,30781.0,30775.5,30780.25,333
2026-09-22 02:45:00-04:00,30780.25,30780.5,30775.0,30779.0,404
2026-09-22 02:46:00-04:00,30778.5,30786.0,30778.0,30786.0,349
2026-09-22 02:47:00-04:00,30785.75,30787.5,30780.0,30782.75,265
2026-09-22 02:48:00-04:00,30783.0,30787.0,30783.0,30784.0,155
2026-09-22 02:49:00-04:00,30783.75,30786.75,30780.0,30781.25,273
2026-09-22 02:50:00-04:00,30782.25,30785.0,30781.25,30784.5,107
2026-09-22 02:51:00-04:00,30783.0,30784.5,30781.5,30782.75,120
2026-09-22 02:52:00-04:00,30783.5,30785.5,30781.75,30785.5,159
2026-09-22 02:53:00-04:00,30784.5,30786.0,30782.0,30782.25,135
2026-09-22 02:54:00-04:00,30782.0,30782.0,30775.0,30776.75,489
2026-09-22 02:55:00-04:00,30776.75,30782.75,30776.25,30782.0,399
2026-09-22 02:56:00-04:00,30781.5,30785.25,30779.75,30784.5,225
2026-09-22 02:57:00-04:00,30785.5,30789.75,30782.5,30783.5,439
2026-09-22 02:58:00-04:00,30784.5,30786.5,30782.5,30785.75,151
2026-09-22 02:59:00-04:00,30785.75,30787.25,30778.0,30778.75,535
2026-09-22 03:00:00-04:00,30779.0,30789.5,30772.5,30776.5,1530
2026-09-22 03:01:00-04:00,30775.5,30777.5,30772.5,30775.25,604
2026-09-22 03:02:00-04:00,30775.0,30775.0,30767.25,30772.5,795
2026-09-22 03:03:00-04:00,30772.75,30777.0,30762.0,30768.75,1036
2026-09-22 03:04:00-04:00,30769.0,30778.25,30768.0,30775.5,826
2026-09-22 03:05:00-04:00,30775.5,30786.75,30770.25,30775.0,1021
2026-09-22 03:06:00-04:00,30775.5,30776.5,30766.5,30767.0,443
2026-09-22 03:07:00-04:00,30767.5,30775.5,30766.75,30771.5,494
2026-09-22 03:08:00-04:00,30771.75,30775.25,30769.0,30774.25,305
2026-09-22 03:09:00-04:00,30774.75,30782.5,30772.75,30781.25,709
2026-09-22 03:10:00-04:00,30782.0,30786.5,30775.75,30783.25,629
2026-09-22 03:11:00-04:00,30782.5,30785.0,30776.75,30781.5,415
2026-09-22 03:12:00-04:00,30783.0,30788.25,30780.0,30781.75,448
2026-09-22 03:13:00-04:00,30782.25,30782.75,30769.25,30773.0,773
2026-09-22 03:14:00-04:00,30773.75,30779.75,30768.25,30779.5,625
2026-09-22 03:15:00-04:00,30778.5,30784.75,30775.75,30784.5,483
2026-09-22 03:16:00-04:00,30784.0,30792.5,30780.0,30780.75,928
2026-09-22 03:17:00-04:00,30780.25,30792.0,30780.25,30788.5,876
2026-09-22 03:18:00-04:00,30788.0,30788.0,30782.0,30783.5,417
2026-09-22 03:19:00-04:00,30783.5,30784.25,30773.5,30774.25,575
2026-09-22 03:20:00-04:00,30774.75,30777.75,30772.5,30777.25,817
2026-09-22 03:21:00-04:00,30776.75,30780.75,30773.5,30780.25,337
2026-09-22 03:22:00-04:00,30779.75,30780.5,30773.5,30776.5,623
2026-09-22 03:23:00-04:00,30776.25,30779.75,30772.5,30775.0,403
2026-09-22 03:24:00-04:00,30774.5,30784.0,30767.5,30775.25,962
2026-09-22 03:25:00-04:00,30776.75,30778.75,30770.75,30776.25,486
2026-09-22 03:26:00-04:00,30776.75,30777.25,30768.75,30773.0,442
2026-09-22 03:27:00-04:00,30772.25,30780.25,30769.5,30776.25,406
2026-09-22 03:28:00-04:00,30775.0,30775.5,30770.0,30772.75,411
2026-09-22 03:29:00-04:00,30772.75,30773.5,30765.0,30769.25,539
2026-09-22 03:30:00-04:00,30769.0,30771.75,30761.25,30767.75,1223
2026-09-22 03:31:00-04:00,30767.5,30772.5,30765.75,30771.25,593
2026-09-22 03:32:00-04:00,30771.25,30776.75,30767.25,30768.0,819
2026-09-22 03:33:00-04:00,30767.5,30769.25,30762.0,30764.25,611
2026-09-22 03:34:00-04:00,30764.5,30769.75,30761.75,30765.25,479
2026-09-22 03:35:00-04:00,30765.25,30766.25,30762.0,30762.5,570
2026-09-22 03:36:00-04:00,30762.5,30772.25,30762.5,30771.0,534
2026-09-22 03:37:00-04:00,30770.75,30777.5,30769.25,30775.5,540
2026-09-22 03:38:00-04:00,30775.5,30776.25,30771.0,30772.75,427
2026-09-22 03:39:00-04:00,30770.75,30774.75,30769.0,30773.5,337
2026-09-22 03:40:00-04:00,30773.0,30777.0,30770.0,30770.0,272
2026-09-22 03:41:00-04:00,30770.25,30779.0,30770.0,30777.0,443
2026-09-22 03:42:00-04:00,30777.0,30779.75,30773.5,30777.75,249
2026-09-22 03:43:00-04:00,30777.75,30777.75,30773.25,30776.25,250
2026-09-22 03:44:00-04:00,30777.0,30780.0,30775.25,30780.0,221
2026-09-22 03:45:00-04:00,30780.0,30782.0,30776.5,30777.5,324
2026-09-22 03:46:00-04:00,30777.75,30786.0,30777.5,30777.75,623
2026-09-22 03:47:00-04:00,30777.5,30780.0,30766.75,30768.75,801
2026-09-22 03:48:00-04:00,30768.25,30769.5,30764.25,30769.5,525
2026-09-22 03:49:00-04:00,30769.5,30775.25,30768.0,30769.25,530
2026-09-22 03:50:00-04:00,30770.0,30773.0,30768.0,30770.5,367
2026-09-22 03:51:00-04:00,30770.25,30772.25,30766.5,30767.75,251
2026-09-22 03:52:00-04:00,30769.5,30777.5,30769.5,30777.0,419
2026-09-22 03:53:00-04:00,30777.0,30780.75,30772.5,30777.0,449
2026-09-22 03:54:00-04:00,30777.5,30780.75,30773.25,30779.5,350
2026-09-22 03:55:00-04:00,30778.25,30782.5,30777.0,30777.25,419
2026-09-22 03:56:00-04:00,30778.0,30782.0,30777.75,30778.5,303
2026-09-22 03:57:00-04:00,30778.25,30781.0,30769.75,30770.5,629
2026-09-22 03:58:00-04:00,30771.0,30774.0,30768.5,30769.5,374
2026-09-22 03:59:00-04:00,30769.5,30775.75,30769.5,30770.0,426
2026-09-22 04:00:00-04:00,30770.5,30771.75,30755.25,30764.75,3149
2026-09-22 04:01:00-04:00,30764.5,30764.75,30754.25,30758.5,1207
2026-09-22 04:02:00-04:00,30758.5,30766.75,30758.5,30763.25,1067
2026-09-22 04:03:00-04:00,30762.25,30763.0,30737.75,30742.5,2935
2026-09-22 04:04:00-04:00,30742.25,30744.5,30729.0,30731.25,1920
2026-09-22 04:05:00-04:00,30731.0,30747.5,30726.0,30738.0,2043
2026-09-22 04:06:00-04:00,30738.25,30742.0,30733.75,30735.0,780
2026-09-22 04:07:00-04:00,30734.75,30745.75,30731.0,30744.5,1145
2026-09-22 04:08:00-04:00,30745.25,30747.5,30736.5,30737.25,986
2026-09-22 04:09:00-04:00,30738.0,30739.75,30724.5,30737.25,1438
2026-09-22 04:10:00-04:00,30737.5,30742.75,30732.25,30737.5,1364
2026-09-22 04:11:00-04:00,30737.75,30738.5,30733.0,30737.25,553
2026-09-22 04:12:00-04:00,30737.25,30742.0,30730.25,30732.25,793
2026-09-22 04:13:00-04:00,30732.25,30738.75,30729.25,30735.25,679
2026-09-22 04:14:00-04:00,30735.5,30742.75,30735.0,30735.5,586
2026-09-22 04:15:00-04:00,30736.25,30737.5,30724.0,30726.0,1193
2026-09-22 04:16:00-04:00,30726.25,30726.75,30718.0,30721.25,1021
2026-09-22 04:17:00-04:00,30721.25,30721.75,30715.75,30717.0,671
2026-09-22 04:18:00-04:00,30716.5,30718.5,30712.5,30715.5,1023
2026-09-22 04:19:00-04:00,30716.25,30724.75,30716.25,30723.75,1011
2026-09-22 04:20:00-04:00,30724.0,30725.0,30710.5,30711.25,956
2026-09-22 04:21:00-04:00,30712.0,30718.5,30711.5,30718.0,644
2026-09-22 04:22:00-04:00,30717.5,30717.5,30705.25,30705.75,1196
2026-09-22 04:23:00-04:00,30705.75,30715.0,30700.75,30711.0,1561
2026-09-22 04:24:00-04:00,30711.0,30718.0,30709.25,30711.5,800
2026-09-22 04:25:00-04:00,30711.5,30734.75,30700.25,30700.5,3379
2026-09-22 04:26:00-04:00,30701.0,30705.25,30696.25,30698.0,1350
2026-09-22 04:27:00-04:00,30698.0,30698.5,30689.5,30692.5,1359
2026-09-22 04:28:00-04:00,30692.75,30696.25,30684.0,30685.0,1223
2026-09-22 04:29:00-04:00,30684.75,30688.75,30682.75,30686.75,1022
2026-09-22 04:30:00-04:00,30687.0,30687.75,30674.0,30674.25,1906
2026-09-22 04:31:00-04:00,30674.5,30686.75,30671.0,30680.0,2458
2026-09-22 04:32:00-04:00,30680.0,30700.25,30674.0,30682.5,2584
2026-09-22 04:33:00-04:00,30681.75,30682.75,30671.25,30680.0,1202
2026-09-22 04:34:00-04:00,30679.0,30692.75,30677.75,30690.75,1015
2026-09-22 04:35:00-04:00,30690.75,30705.0,30687.75,30703.25,1655
2026-09-22 04:36:00-04:00,30702.5,30717.5,30693.0,30714.25,1738
2026-09-22 04:37:00-04:00,30714.5,30720.25,30710.0,30712.5,1428
2026-09-22 04:38:00-04:00,30714.0,30723.25,30712.0,30721.25,1129
2026-09-22 04:39:00-04:00,30721.5,30744.0,30720.25,30735.75,2431
2026-09-22 04:40:00-04:00,30736.0,30737.0,30727.0,30731.25,1407
2026-09-22 04:41:00-04:00,30731.0,30751.75,30728.5,30748.75,1667
2026-09-22 04:42:00-04:00,30748.5,30765.25,30745.5,30755.0,2265
2026-09-22 04:43:00-04:00,30754.5,30762.25,30750.0,30755.5,1463
2026-09-22 04:44:00-04:00,30756.0,30762.0,30748.75,30759.75,1146
2026-09-22 04:45:00-04:00,30760.25,30763.75,30746.0,30751.0,1486
2026-09-22 04:46:00-04:00,30750.75,30760.75,30744.0,30756.5,1289
2026-09-22 04:47:00-04:00,30756.0,30772.75,30756.0,30769.75,1748
2026-09-22 04:48:00-04:00,30769.5,30776.25,30763.5,30772.5,1382
2026-09-22 04:49:00-04:00,30772.75,30780.5,30769.75,30777.5,1607
2026-09-22 04:50:00-04:00,30778.0,30780.5,30772.0,30779.25,1137
2026-09-22 04:51:00-04:00,30779.0,30784.0,30767.25,30768.75,1275
2026-09-22 04:52:00-04:00,30768.75,30780.75,30766.5,30776.75,1127
2026-09-22 04:53:00-04:00,30777.25,30787.25,30772.5,30786.25,1388
2026-09-22 04:54:00-04:00,30786.5,30788.25,30770.0,30776.5,1483
2026-09-22 04:55:00-04:00,30776.5,30783.5,30770.5,30772.5,1347
2026-09-22 04:56:00-04:00,30772.75,30785.0,30769.25,30783.0,886
2026-09-22 04:57:00-04:00,30783.0,30787.75,30778.25,30787.5,643
2026-09-22 04:58:00-04:00,30787.75,30790.5,30773.75,30777.0,1142
2026-09-22 04:59:00-04:00,30777.25,30789.0,30777.25,30782.25,795
2026-09-22 05:00:00-04:00,30783.25,30790.0,30777.0,30778.75,1390
2026-09-22 05:01:00-04:00,30778.5,30786.25,30770.5,30773.5,974
2026-09-22 05:02:00-04:00,30775.0,30802.5,30773.5,30786.0,2280
2026-09-22 05:03:00-04:00,30786.0,30789.25,30771.75,30771.75,879
2026-09-22 05:04:00-04:00,30771.75,30772.0,30756.5,30757.5,2142
2026-09-22 05:05:00-04:00,30756.75,30765.25,30754.25,30761.0,919
2026-09-22 05:06:00-04:00,30761.5,30780.75,30761.5,30777.5,1102
2026-09-22 05:07:00-04:00,30777.75,30777.75,30766.75,30777.25,1019
2026-09-22 05:08:00-04:00,30777.25,30779.75,30763.25,30763.5,912
2026-09-22 05:09:00-04:00,30763.75,30777.25,30758.0,30767.25,1399
2026-09-22 05:10:00-04:00,30766.75,30772.5,30762.75,30770.0,703
2026-09-22 05:11:00-04:00,30769.75,30781.25,30760.75,30773.0,1529
2026-09-22 05:12:00-04:00,30773.0,30774.25,30752.5,30755.5,1265
2026-09-22 05:13:00-04:00,30755.25,30770.0,30755.0,30763.75,758
2026-09-22 05:14:00-04:00,30763.5,30767.25,30760.75,30764.5,420
2026-09-22 05:15:00-04:00,30764.25,30788.0,30762.0,30785.0,2442
2026-09-22 05:16:00-04:00,30784.25,30784.75,30773.25,30777.0,767
2026-09-22 05:17:00-04:00,30776.5,30777.5,30769.0,30770.0,601
2026-09-22 05:18:00-04:00,30770.5,30774.75,30767.75,30768.5,322
2026-09-22 05:19:00-04:00,30768.5,30773.75,30766.75,30767.5,316
2026-09-22 05:20:00-04:00,30767.5,30770.75,30766.0,30770.25,433
2026-09-22 05:21:00-04:00,30770.5,30773.25,30769.0,30769.75,282
2026-09-22 05:22:00-04:00,30769.25,30775.0,30760.0,30768.75,969
2026-09-22 05:23:00-04:00,30768.75,30770.0,30760.25,30767.75,251
2026-09-22 05:24:00-04:00,30767.75,30772.0,30766.75,30766.75,294
2026-09-22 05:25:00-04:00,30766.25,30769.5,30761.0,30764.75,294
2026-09-22 05:26:00-04:00,30765.25,30769.25,30762.5,30767.5,240
2026-09-22 05:27:00-04:00,30767.75,30769.75,30765.0,30767.25,374
2026-09-22 05:28:00-04:00,30768.25,30768.75,30766.0,30768.75,114
2026-09-22 05:29:00-04:00,30768.75,30773.0,30767.0,30769.75,272
2026-09-22 05:30:00-04:00,30770.75,30777.75,30770.0,30776.5,515
2026-09-22 05:31:00-04:00,30776.0,30786.25,30776.0,30785.5,771
2026-09-22 05:32:00-04:00,30785.0,30787.0,30782.25,30782.75,372
2026-09-22 05:33:00-04:00,30782.25,30783.75,30766.0,30772.0,1768
2026-09-22 05:34:00-04:00,30772.0,30781.0,30772.0,30777.75,480
2026-09-22 05:35:00-04:00,30777.25,30777.75,30766.75,30769.75,530
2026-09-22 05:36:00-04:00,30770.0,30770.75,30765.5,30767.0,373
2026-09-22 05:37:00-04:00,30767.5,30772.25,30766.0,30769.5,311
2026-09-22 05:38:00-04:00,30768.0,30769.25,30763.5,30764.5,308
2026-09-22 05:39:00-04:00,30765.25,30769.0,30765.0,30766.5,266
2026-09-22 05:40:00-04:00,30766.5,30772.0,30765.75,30769.5,349
2026-09-22 05:41:00-04:00,30769.0,30783.25,30768.0,30775.0,1048
2026-09-22 05:42:00-04:00,30776.0,30778.5,30769.0,30777.25,403
2026-09-22 05:43:00-04:00,30777.0,30785.0,30777.0,30783.5,582
2026-09-22 05:44:00-04:00,30783.5,30790.0,30782.5,30789.5,604
2026-09-22 05:45:00-04:00,30789.0,30790.25,30783.75,30784.5,752
2026-09-22 05:46:00-04:00,30784.25,30788.25,30781.5,30785.0,500
2026-09-22 05:47:00-04:00,30784.5,30793.75,30783.25,30789.75,776
2026-09-22 05:48:00-04:00,30789.75,30792.25,30785.0,30786.25,321
2026-09-22 05:49:00-04:00,30785.75,30789.0,30784.75,30787.5,322
2026-09-22 05:50:00-04:00,30787.5,30791.75,30786.0,30791.75,400
2026-09-22 05:51:00-04:00,30791.25,30813.0,30790.75,30799.25,1540
2026-09-22 05:52:00-04:00,30799.5,30855.25,30795.25,30822.5,7218
2026-09-22 05:53:00-04:00,30823.25,30832.75,30800.0,30822.5,3743
2026-09-22 05:54:00-04:00,30821.0,30827.0,30806.75,30821.75,1947
2026-09-22 05:55:00-04:00,30821.75,30823.25,30800.0,30801.0,1973
2026-09-22 05:56:00-04:00,30800.25,30845.5,30794.5,30823.5,4596
2026-09-22 05:57:00-04:00,30823.5,30824.25,30806.75,30815.5,1525
2026-09-22 05:58:00-04:00,30815.75,30837.75,30814.25,30837.0,987
2026-09-22 05:59:00-04:00,30836.25,30842.25,30833.75,30836.5,1062
2026-09-22 06:00:00-04:00,30838.0,30838.5,30818.0,30826.75,1506
2026-09-22 06:01:00-04:00,30826.75,30832.25,30819.5,30824.75,961
2026-09-22 06:02:00-04:00,30824.25,30837.0,30823.75,30835.0,839
2026-09-22 06:03:00-04:00,30834.75,30842.0,30829.0,30839.5,976
2026-09-22 06:04:00-04:00,30838.75,30841.5,30832.0,30834.75,574
2026-09-22 06:05:00-04:00,30834.25,30842.25,30834.0,30834.75,900
2026-09-22 06:06:00-04:00,30834.75,30837.0,30830.0,30834.25,858
2026-09-22 06:07:00-04:00,30834.0,30839.0,30832.0,30838.25,466
2026-09-22 06:08:00-04:00,30837.5,30848.0,30837.5,30846.5,900
2026-09-22 06:09:00-04:00,30846.0,30847.25,30836.0,30838.25,649
2026-09-22 06:10:00-04:00,30838.5,30843.25,30830.5,30834.25,832
2026-09-22 06:11:00-04:00,30833.75,30835.0,30823.25,30824.5,757
2026-09-22 06:12:00-04:00,30825.0,30835.75,30825.0,30825.0,619
2026-09-22 06:13:00-04:00,30825.75,30827.25,30809.5,30816.0,1088
2026-09-22 06:14:00-04:00,30816.25,30824.0,30816.25,30818.25,714
2026-09-22 06:15:00-04:00,30817.75,30825.75,30817.25,30822.25,611
2026-09-22 06:16:00-04:00,30822.25,30824.25,30818.75,30822.5,415
2026-09-22 06:17:00-04:00,30822.5,30824.25,30817.5,30822.25,297
2026-09-22 06:18:00-04:00,30822.5,30823.75,30813.0,30814.75,417
2026-09-22 06:19:00-04:00,30814.25,30817.25,30809.5,30812.5,615
2026-09-22 06:20:00-04:00,30813.0,30815.25,30803.5,30807.25,734
2026-09-22 06:21:00-04:00,30807.75,30811.75,30804.75,30809.75,415
2026-09-22 06:22:00-04:00,30809.5,30811.5,30803.0,30805.5,568
2026-09-22 06:23:00-04:00,30804.75,30807.0,30799.0,30800.0,611
2026-09-22 06:24:00-04:00,30800.5,30803.75,30799.75,30801.25,481
2026-09-22 06:25:00-04:00,30802.0,30804.5,30794.5,30803.5,900
2026-09-22 06:26:00-04:00,30803.75,30807.75,30801.0,30804.0,601
2026-09-22 06:27:00-04:00,30804.25,30806.25,30799.5,30803.75,385
2026-09-22 06:28:00-04:00,30803.25,30808.25,30802.5,30808.25,365
2026-09-22 06:29:00-04:00,30808.0,30815.75,30804.0,30809.75,659
2026-09-22 06:30:00-04:00,30809.25,30814.25,30806.0,30814.25,615
2026-09-22 06:31:00-04:00,30813.0,30815.75,30805.0,30810.25,993
2026-09-22 06:32:00-04:00,30809.0,30811.25,30805.75,30807.0,402
2026-09-22 06:33:00-04:00,30807.75,30809.25,30797.75,30802.25,580
2026-09-22 06:34:00-04:00,30801.75,30806.25,30801.75,30805.25,249
2026-09-22 06:35:00-04:00,30804.75,30805.0,30798.25,30798.25,328
2026-09-22 06:36:00-04:00,30798.75,30805.25,30797.75,30803.75,394
2026-09-22 06:37:00-04:00,30804.25,30810.25,30802.0,30808.25,641
2026-09-22 06:38:00-04:00,30808.75,30809.75,30805.75,30806.75,285
2026-09-22 06:39:00-04:00,30807.25,30810.0,30806.0,30809.25,278
2026-09-22 06:40:00-04:00,30809.75,30811.75,30806.75,30810.75,275
2026-09-22 06:41:00-04:00,30811.0,30818.25,30810.5,30816.5,510
2026-09-22 06:42:00-04:00,30816.25,30817.75,30813.75,30817.75,415
2026-09-22 06:43:00-04:00,30817.5,30830.75,30816.25,30825.75,1158
2026-09-22 06:44:00-04:00,30825.75,30826.5,30818.75,30821.75,807
2026-09-22 06:45:00-04:00,30821.75,30822.0,30812.5,30817.5,808
2026-09-22 06:46:00-04:00,30817.75,30819.75,30808.25,30810.75,787
2026-09-22 06:47:00-04:00,30810.75,30820.75,30809.75,30820.75,550
2026-09-22 06:48:00-04:00,30820.25,30829.25,30819.25,30828.5,989
2026-09-22 06:49:00-04:00,30828.5,30832.25,30826.75,30828.25,528
2026-09-22 06:50:00-04:00,30828.25,30834.75,30828.0,30833.25,500
2026-09-22 06:51:00-04:00,30834.25,30834.5,30828.0,30831.5,509
2026-09-22 06:52:00-04:00,30830.75,30830.75,30827.0,30828.0,334
2026-09-22 06:53:00-04:00,30827.75,30833.5,30826.25,30829.75,350
2026-09-22 06:54:00-04:00,30829.25,30829.75,30823.75,30826.5,422
2026-09-22 06:55:00-04:00,30826.75,30829.5,30818.0,30819.75,655
2026-09-22 06:56:00-04:00,30820.5,30825.25,30818.0,30825.25,422
2026-09-22 06:57:00-04:00,30824.25,30826.75,30821.75,30823.0,316
2026-09-22 06:58:00-04:00,30823.75,30828.25,30823.5,30826.5,235
2026-09-22 06:59:00-04:00,30827.0,30830.0,30813.5,30814.5,879
2026-09-22 07:00:00-04:00,30814.5,30829.5,30810.25,30810.75,1321
2026-09-22 07:01:00-04:00,30811.25,30811.5,30802.0,30802.0,1147
2026-09-22 07:02:00-04:00,30802.25,30806.25,30800.25,30801.0,854
2026-09-22 07:03:00-04:00,30801.5,30808.0,30796.25,30807.5,1054
2026-09-22 07:04:00-04:00,30807.0,30811.25,30802.25,30809.75,901
2026-09-22 07:05:00-04:00,30810.0,30813.5,30796.75,30796.75,812
2026-09-22 07:06:00-04:00,30797.25,30804.75,30789.0,30800.25,1693
2026-09-22 07:07:00-04:00,30800.25,30810.25,30800.25,30807.75,716
2026-09-22 07:08:00-04:00,30808.75,30809.25,30800.75,30801.75,294
2026-09-22 07:09:00-04:00,30801.75,30809.75,30754.75,30773.5,6861
2026-09-22 07:10:00-04:00,30774.25,30791.25,30765.0,30790.0,3408
2026-09-22 07:11:00-04:00,30790.0,30794.0,30776.25,30794.0,1588
2026-09-22 07:12:00-04:00,30794.0,30805.0,30775.25,30783.5,2922
2026-09-22 07:13:00-04:00,30783.5,30786.75,30775.25,30781.5,1417
2026-09-22 07:14:00-04:00,30781.75,30797.0,30779.25,30795.25,1187
2026-09-22 07:15:00-04:00,30795.0,30800.25,30790.25,30796.5,1094
2026-09-22 07:16:00-04:00,30796.75,30798.5,30793.0,30797.5,666
2026-09-22 07:17:00-04:00,30797.5,30799.75,30793.25,30798.25,692
2026-09-22 07:18:00-04:00,30798.0,30798.25,30790.25,30792.0,443
2026-09-22 07:19:00-04:00,30792.0,30794.75,30788.25,30791.25,625
2026-09-22 07:20:00-04:00,30791.0,30793.5,30783.75,30786.5,650
2026-09-22 07:21:00-04:00,30787.0,30792.0,30786.5,30786.75,379
2026-09-22 07:22:00-04:00,30786.75,30796.0,30785.75,30790.0,580
2026-09-22 07:23:00-04:00,30790.25,30797.5,30788.0,30793.25,413
2026-09-22 07:24:00-04:00,30792.5,30802.5,30792.5,30799.25,987
2026-09-22 07:25:00-04:00,30799.0,30799.5,30791.25,30795.25,373
2026-09-22 07:26:00-04:00,30795.5,30801.75,30790.75,30794.5,770
2026-09-22 07:27:00-04:00,30794.75,30794.75,30783.5,30785.25,511
2026-09-22 07:28:00-04:00,30785.0,30787.0,30780.75,30783.0,375
2026-09-22 07:29:00-04:00,30783.25,30784.75,30777.5,30779.0,618
2026-09-22 07:30:00-04:00,30779.5,30783.5,30776.25,30783.0,913
2026-09-22 07:31:00-04:00,30782.25,30790.25,30780.25,30784.75,671
2026-09-22 07:32:00-04:00,30784.25,30795.5,30783.25,30792.0,667
2026-09-22 07:33:00-04:00,30792.0,30792.5,30787.0,30787.25,301
2026-09-22 07:34:00-04:00,30788.25,30788.75,30780.75,30788.0,588
2026-09-22 07:35:00-04:00,30787.75,30797.0,30787.5,30794.75,489
2026-09-22 07:36:00-04:00,30794.75,30798.25,30790.25,30791.5,516
2026-09-22 07:37:00-04:00,30791.25,30793.5,30789.5,30791.5,266
2026-09-22 07:38:00-04:00,30791.5,30797.0,30791.25,30795.75,388
2026-09-22 07:39:00-04:00,30795.5,30801.25,30793.25,30796.25,861
2026-09-22 07:40:00-04:00,30796.25,30799.0,30792.0,30798.25,573
2026-09-22 07:41:00-04:00,30798.5,30805.0,30794.0,30802.25,950
2026-09-22 07:42:00-04:00,30802.75,30803.5,30789.75,30790.75,725
2026-09-22 07:43:00-04:00,30791.0,30798.5,30790.0,30795.0,353
2026-09-22 07:44:00-04:00,30795.5,30796.25,30785.5,30794.25,776
2026-09-22 07:45:00-04:00,30794.75,30813.75,30790.75,30804.5,1653
2026-09-22 07:46:00-04:00,30804.5,30804.5,30784.5,30788.75,928
2026-09-22 07:47:00-04:00,30788.5,30793.0,30785.25,30792.5,591
2026-09-22 07:48:00-04:00,30792.75,30793.0,30788.5,30791.0,250
2026-09-22 07:49:00-04:00,30791.5,30793.75,30787.25,30792.0,327
2026-09-22 07:50:00-04:00,30792.0,30794.0,30782.5,30783.0,549
2026-09-22 07:51:00-04:00,30784.0,30786.0,30782.75,30784.75,410
2026-09-22 07:52:00-04:00,30784.5,30786.75,30778.5,30781.5,674
2026-09-22 07:53:00-04:00,30781.25,30783.75,30779.0,30781.0,316
2026-09-22 07:54:00-04:00,30781.25,30782.0,30775.25,30776.5,637
2026-09-22 07:55:00-04:00,30776.0,30792.0,30775.75,30786.0,1045
2026-09-22 07:56:00-04:00,30785.5,30786.0,30775.25,30778.75,585
2026-09-22 07:57:00-04:00,30778.5,30788.25,30778.5,30779.75,604
2026-09-22 07:58:00-04:00,30779.25,30780.25,30772.0,30774.0,730
2026-09-22 07:59:00-04:00,30774.5,30778.25,30772.25,30776.25,709
2026-09-22 08:00:00-04:00,30776.5,30781.0,30770.75,30774.5,931
2026-09-22 08:01:00-04:00,30774.75,30778.25,30771.75,30778.25,840
2026-09-22 08:02:00-04:00,30778.0,30783.5,30775.0,30780.75,1023
2026-09-22 08:03:00-04:00,30781.0,30791.75,30778.75,30789.75,893
2026-09-22 08:04:00-04:00,30789.25,30790.75,30784.5,30786.25,547
2026-09-22 08:05:00-04:00,30785.75,30789.0,30783.0,30783.5,326
2026-09-22 08:06:00-04:00,30783.25,30784.25,30768.25,30771.75,1132
2026-09-22 08:07:00-04:00,30771.75,30774.5,30767.75,30770.0,1059
2026-09-22 08:08:00-04:00,30770.25,30772.5,30762.25,30769.0,1400
2026-09-22 08:09:00-04:00,30769.0,30769.5,30747.75,30759.75,2970
2026-09-22 08:10:00-04:00,30759.75,30765.5,30757.25,30761.25,1160
2026-09-22 08:11:00-04:00,30762.0,30767.0,30758.25,30766.0,822
2026-09-22 08:12:00-04:00,30766.0,30769.5,30762.75,30766.5,457
2026-09-22 08:13:00-04:00,30766.5,30768.25,30763.5,30766.25,340
2026-09-22 08:14:00-04:00,30766.25,30768.5,30759.5,30761.0,384
2026-09-22 08:15:00-04:00,30762.0,30763.75,30753.25,30762.75,1032
2026-09-22 08:16:00-04:00,30762.5,30770.75,30754.0,30754.75,1527
2026-09-22 08:17:00-04:00,30754.25,30760.25,30749.25,30757.25,1217
2026-09-22 08:18:00-04:00,30756.75,30759.25,30754.75,30755.75,615
2026-09-22 08:19:00-04:00,30756.0,30763.5,30754.75,30758.5,707
2026-09-22 08:20:00-04:00,30758.25,30765.75,30757.25,30764.0,520
2026-09-22 08:21:00-04:00,30764.5,30783.25,30763.5,30773.0,2038
2026-09-22 08:22:00-04:00,30773.5,30774.5,30768.5,30770.75,597
2026-09-22 08:23:00-04:00,30771.0,30773.25,30770.0,30771.75,381
2026-09-22 08:24:00-04:00,30772.25,30776.75,30770.25,30771.0,646
2026-09-22 08:25:00-04:00,30771.0,30780.75,30770.5,30775.5,888
2026-09-22 08:26:00-04:00,30775.0,30776.25,30771.5,30776.0,693
2026-09-22 08:27:00-04:00,30776.0,30776.5,30771.5,30771.75,252
2026-09-22 08:28:00-04:00,30771.75,30777.75,30771.25,30776.5,297
2026-09-22 08:29:00-04:00,30777.0,30784.5,30775.75,30784.5,716
2026-09-22 08:30:00-04:00,30783.75,30785.0,30775.5,30777.5,834
2026-09-22 08:31:00-04:00,30777.75,30784.0,30772.0,30782.75,980
2026-09-22 08:32:00-04:00,30783.0,30787.25,30776.75,30780.5,1106
2026-09-22 08:33:00-04:00,30780.75,30788.25,30777.75,30788.0,710
2026-09-22 08:34:00-04:00,30788.0,30788.0,30782.25,30784.75,651
2026-09-22 08:35:00-04:00,30784.75,30787.25,30776.0,30777.0,975
2026-09-22 08:36:00-04:00,30777.25,30786.25,30771.0,30771.5,1394
2026-09-22 08:37:00-04:00,30771.75,30773.25,30764.0,30768.0,1505
2026-09-22 08:38:00-04:00,30767.75,30769.25,30765.0,30766.5,545
2026-09-22 08:39:00-04:00,30766.5,30772.5,30764.25,30767.75,745
2026-09-22 08:40:00-04:00,30767.5,30781.0,30767.25,30780.0,1123
2026-09-22 08:41:00-04:00,30779.5,30779.75,30773.75,30776.75,652
2026-09-22 08:42:00-04:00,30777.25,30779.5,30773.75,30778.25,563
2026-09-22 08:43:00-04:00,30779.0,30781.0,30771.75,30771.75,553
2026-09-22 08:44:00-04:00,30772.0,30772.75,30763.25,30764.5,882
2026-09-22 08:45:00-04:00,30765.0,30769.0,30763.25,30766.0,935
2026-09-22 08:46:00-04:00,30765.5,30769.0,30762.0,30762.75,635
2026-09-22 08:47:00-04:00,30762.5,30766.25,30761.25,30762.75,838
2026-09-22 08:48:00-04:00,30762.5,30769.75,30761.75,30766.5,440
2026-09-22 08:49:00-04:00,30767.0,30767.75,30761.25,30763.0,580
2026-09-22 08:50:00-04:00,30763.5,30765.25,30759.0,30759.75,707
2026-09-22 08:51:00-04:00,30759.75,30761.25,30757.0,30758.75,660
2026-09-22 08:52:00-04:00,30758.75,30760.0,30752.75,30758.5,997
2026-09-22 08:53:00-04:00,30758.5,30762.5,30756.25,30757.5,663
2026-09-22 08:54:00-04:00,30758.0,30758.75,30755.75,30758.0,444
2026-09-22 08:55:00-04:00,30757.5,30758.5,30753.0,30755.0,694
2026-09-22 08:56:00-04:00,30754.75,30755.25,30750.75,30752.75,862
2026-09-22 08:57:00-04:00,30752.5,30762.0,30752.0,30755.75,1008
2026-09-22 08:58:00-04:00,30755.75,30758.5,30752.5,30752.75,748
2026-09-22 08:59:00-04:00,30752.5,30753.5,30748.0,30752.5,1195
2026-09-22 09:00:00-04:00,30752.75,30760.0,30748.75,30758.75,1694
2026-09-22 09:01:00-04:00,30758.75,30767.75,30753.25,30767.25,1795
2026-09-22 09:02:00-04:00,30767.75,30770.75,30765.5,30769.75,1319
2026-09-22 09:03:00-04:00,30769.25,30771.25,30766.75,30769.75,1107
2026-09-22 09:04:00-04:00,30770.0,30771.75,30767.0,30767.5,624
2026-09-22 09:05:00-04:00,30767.75,30769.25,30761.25,30765.25,1073
2026-09-22 09:06:00-04:00,30765.5,30777.0,30757.75,30770.0,3582
2026-09-22 09:07:00-04:00,30769.75,30771.0,30763.75,30765.75,1060
2026-09-22 09:08:00-04:00,30766.0,30781.0,30766.0,30773.0,1760
2026-09-22 09:09:00-04:00,30772.75,30773.5,30766.25,30767.0,1195
2026-09-22 09:10:00-04:00,30766.75,30771.0,30760.5,30769.75,1309
2026-09-22 09:11:00-04:00,30769.0,30771.75,30765.25,30765.75,727
2026-09-22 09:12:00-04:00,30765.5,30768.5,30762.25,30765.0,660
2026-09-22 09:13:00-04:00,30765.0,30768.25,30760.25,30766.25,834
2026-09-22 09:14:00-04:00,30766.5,30773.0,30766.5,30769.75,934
2026-09-22 09:15:00-04:00,30769.5,30771.5,30761.5,30766.0,1125
2026-09-22 09:16:00-04:00,30766.0,30774.75,30764.75,30767.5,1134
2026-09-22 09:17:00-04:00,30767.5,30768.0,30757.75,30759.25,1038
2026-09-22 09:18:00-04:00,30759.5,30763.75,30756.75,30757.75,949
2026-09-22 09:19:00-04:00,30758.0,30759.75,30755.25,30759.25,939
2026-09-22 09:20:00-04:00,30759.25,30759.75,30750.75,30753.5,1167
2026-09-22 09:21:00-04:00,30753.25,30765.75,30752.75,30763.5,1324
2026-09-22 09:22:00-04:00,30763.25,30766.25,30759.25,30764.75,1369
2026-09-22 09:23:00-04:00,30764.0,30766.75,30759.5,30763.25,796
2026-09-22 09:24:00-04:00,30763.5,30771.25,30763.5,30768.25,1131
2026-09-22 09:25:00-04:00,30768.75,30777.75,30762.0,30777.5,2844
2026-09-22 09:26:00-04:00,30777.25,30777.75,30769.25,30773.0,1594
2026-09-22 09:27:00-04:00,30773.25,30776.75,30770.0,30776.0,2069
2026-09-22 09:28:00-04:00,30775.75,30775.75,30757.0,30765.0,3156
2026-09-22 09:29:00-04:00,30764.75,30769.0,30759.75,30764.0,2073
2026-09-22 09:30:00-04:00,30764.5,30815.75,30763.25,30812.75,17239
2026-09-22 09:31:00-04:00,30813.25,30846.75,30809.5,30842.25,13493
2026-09-22 09:32:00-04:00,30842.25,30864.5,30836.75,30859.0,12284
2026-09-22 09:33:00-04:00,30859.25,30868.25,30847.25,30853.5,10645
2026-09-22 09:34:00-04:00,30853.5,30866.25,30842.25,30865.5,8565
2026-09-22 09:35:00-04:00,30865.25,30886.5,30863.5,30882.25,14130
2026-09-22 09:36:00-04:00,30882.0,30894.5,30872.75,30891.25,8884
2026-09-22 09:37:00-04:00,30891.25,30894.25,30881.0,30884.5,6309
2026-09-22 09:38:00-04:00,30884.75,30895.5,30879.0,30884.5,6487
2026-09-22 09:39:00-04:00,30884.75,30897.5,30878.25,30893.0,6738
2026-09-22 09:40:00-04:00,30892.75,30900.5,30886.5,30894.0,7064
2026-09-22 09:41:00-04:00,30894.25,30913.0,30891.75,30896.25,10896
2026-09-22 09:42:00-04:00,30896.5,30922.5,30892.75,30918.0,10198
2026-09-22 09:43:00-04:00,30918.0,30927.5,30914.75,30925.5,6664
2026-09-22 09:44:00-04:00,30925.25,30925.75,30902.25,30902.25,7534
2026-09-22 09:45:00-04:00,30902.5,30913.5,30881.0,30907.5,13488
2026-09-22 09:46:00-04:00,30907.0,30919.25,30891.75,30894.0,9281
2026-09-22 09:47:00-04:00,30894.0,30904.25,30889.25,30899.75,5628
2026-09-22 09:48:00-04:00,30900.0,30924.75,30892.0,30922.25,9124
2026-09-22 09:49:00-04:00,30922.25,30923.25,30898.75,30907.0,6326
2026-09-22 09:50:00-04:00,30907.25,30941.0,30905.0,30939.0,10715
2026-09-22 09:51:00-04:00,30939.5,30942.0,30923.0,30934.5,6710
2026-09-22 09:52:00-04:00,30933.75,30939.0,30921.5,30932.75,5231
2026-09-22 09:53:00-04:00,30932.5,30944.25,30929.0,30937.75,4634
2026-09-22 09:54:00-04:00,30938.0,30947.25,30931.0,30941.5,4603
2026-09-22 09:55:00-04:00,30941.5,30943.5,30892.0,30922.75,10172
2026-09-22 09:56:00-04:00,30922.25,30924.75,30898.75,30906.25,7919
2026-09-22 09:57:00-04:00,30906.5,30929.0,30903.75,30923.0,6691
2026-09-22 09:58:00-04:00,30922.75,30934.75,30921.75,30930.0,5282
2026-09-22 09:59:00-04:00,30930.0,30930.75,30915.75,30930.0,4812
2026-09-22 10:00:00-04:00,30929.75,30937.75,30920.0,30920.75,9400
2026-09-22 10:01:00-04:00,30920.75,30931.25,30910.5,30926.25,5403
2026-09-22 10:02:00-04:00,30926.5,30931.25,30911.25,30923.25,3553
2026-09-22 10:03:00-04:00,30923.0,30925.5,30914.25,30917.75,2546
2026-09-22 10:04:00-04:00,30917.5,30933.25,30910.0,30928.0,4595
2026-09-22 10:05:00-04:00,30928.25,30933.75,30923.0,30925.5,3047
2026-09-22 10:06:00-04:00,30925.75,30928.0,30907.25,30915.25,5116
2026-09-22 10:07:00-04:00,30915.5,30930.0,30914.75,30924.25,3785
2026-09-22 10:08:00-04:00,30924.5,30927.0,30914.25,30919.5,2646
2026-09-22 10:09:00-04:00,30919.5,30919.75,30912.5,30915.0,2627
2026-09-22 10:10:00-04:00,30914.75,30939.25,30912.5,30937.0,6088
2026-09-22 10:11:00-04:00,30936.5,30961.75,30934.0,30955.0,11806
2026-09-22 10:12:00-04:00,30955.0,30967.25,30954.5,30966.75,7688
2026-09-22 10:13:00-04:00,30966.5,30987.5,30957.0,30959.25,12412
2026-09-22 10:14:00-04:00,30959.5,30966.25,30932.0,30960.25,8197
2026-09-22 10:15:00-04:00,30960.75,30974.25,30951.5,30974.25,6690
2026-09-22 10:16:00-04:00,30974.5,30978.75,30960.5,30964.75,5101
2026-09-22 10:17:00-04:00,30965.0,30965.25,30954.5,30962.25,3574
2026-09-22 10:18:00-04:00,30962.25,30962.25,30938.25,30946.25,7107
2026-09-22 10:19:00-04:00,30946.5,30954.25,30942.0,30950.0,3752
2026-09-22 10:20:00-04:00,30950.0,30960.75,30943.75,30954.75,4017
2026-09-22 10:21:00-04:00,30954.75,30955.5,30934.25,30948.75,5915
2026-09-22 10:22:00-04:00,30948.75,30959.0,30945.75,30957.25,4224
2026-09-22 10:23:00-04:00,30958.0,30959.0,30947.25,30949.75,2720
2026-09-22 10:24:00-04:00,30950.0,30952.5,30937.5,30950.75,4219
2026-09-22 10:25:00-04:00,30950.75,30952.25,30939.5,30947.25,2486
2026-09-22 10:26:00-04:00,30947.25,30962.5,30945.0,30957.75,4158
2026-09-22 10:27:00-04:00,30958.0,30964.5,30955.5,30957.75,3068
2026-09-22 10:28:00-04:00,30957.75,30963.75,30955.25,30962.0,2366
2026-09-22 10:29:00-04:00,30961.75,30966.5,30956.75,30961.0,2699
2026-09-22 10:30:00-04:00,30961.0,30966.0,30953.5,30956.0,3013
2026-09-22 10:31:00-04:00,30956.25,30977.75,30955.25,30974.0,6148
2026-09-22 10:32:00-04:00,30974.25,30987.25,30974.0,30983.0,6045
2026-09-22 10:33:00-04:00,30982.75,30997.75,30980.25,30991.25,6601
2026-09-22 10:34:00-04:00,30991.25,30996.0,30985.0,30987.75,3976
2026-09-22 10:35:00-04:00,30987.75,30988.5,30947.25,30953.75,12763
2026-09-22 10:36:00-04:00,30953.75,30959.75,30949.25,30958.5,4846
2026-09-22 10:37:00-04:00,30958.25,30972.5,30951.5,30969.25,5720
2026-09-22 10:38:00-04:00,30969.0,30970.5,30941.0,30947.25,9664
2026-09-22 10:39:00-04:00,30947.0,30989.25,30935.75,30943.5,15810
2026-09-22 10:40:00-04:00,30944.0,30949.25,30926.25,30942.5,8971
2026-09-22 10:41:00-04:00,30942.25,30942.75,30903.0,30908.75,12446
2026-09-22 10:42:00-04:00,30909.0,30914.5,30896.25,30902.5,9413
2026-09-22 10:43:00-04:00,30902.75,30918.0,30897.5,30916.5,5823
2026-09-22 10:44:00-04:00,30916.5,30927.25,30911.5,30914.0,7110
2026-09-22 10:45:00-04:00,30914.25,30920.5,30906.5,30906.5,6214
2026-09-22 10:46:00-04:00,30906.75,30912.75,30893.75,30896.0,7663
2026-09-22 10:47:00-04:00,30896.5,30920.0,30890.25,30915.25,8775
2026-09-22 10:48:00-04:00,30914.5,30933.25,30906.75,30932.75,7425
2026-09-22 10:49:00-04:00,30932.75,30944.75,30928.5,30942.0,6950
2026-09-22 10:50:00-04:00,30942.0,30955.75,30939.75,30945.25,7565
2026-09-22 10:51:00-04:00,30944.75,30946.0,30924.0,30929.5,6868
2026-09-22 10:52:00-04:00,30929.5,30936.5,30923.0,30934.25,4179
2026-09-22 10:53:00-04:00,30934.5,30943.25,30930.75,30933.25,3624
2026-09-22 10:54:00-04:00,30933.0,30946.0,30928.0,30943.75,3823
2026-09-22 10:55:00-04:00,30944.25,30950.0,30931.5,30941.75,4077
2026-09-22 10:56:00-04:00,30940.75,30944.0,30933.25,30937.0,2546
2026-09-22 10:57:00-04:00,30937.25,30942.5,30927.25,30929.5,2784
2026-09-22 10:58:00-04:00,30930.0,30933.0,30916.0,30921.0,4661
2026-09-22 10:59:00-04:00,30921.0,30927.75,30919.5,30925.0,2358
2026-09-22 11:00:00-04:00,30925.5,30930.0,30917.0,30922.0,3546
2026-09-22 11:01:00-04:00,30921.75,30929.5,30913.25,30928.25,4022
2026-09-22 11:02:00-04:00,30928.5,30930.0,30917.5,30926.25,3347
2026-09-22 11:03:00-04:00,30926.25,30927.5,30915.5,30919.75,2651
2026-09-22 11:04:00-04:00,30920.0,30924.5,30902.5,30915.5,6732
2026-09-22 11:05:00-04:00,30915.25,30922.5,30911.0,30922.0,2692
2026-09-22 11:06:00-04:00,30922.25,30930.0,30915.0,30916.0,6026
2026-09-22 11:07:00-04:00,30915.75,30940.5,30911.5,30921.75,6543
2026-09-22 11:08:00-04:00,30921.75,30925.0,30918.0,30922.0,2127
2026-09-22 11:09:00-04:00,30922.5,30928.0,30911.75,30914.5,2693
2026-09-22 11:10:00-04:00,30914.75,30926.25,30914.25,30921.75,2538
2026-09-22 11:11:00-04:00,30921.75,30928.5,30918.0,30920.25,1909
2026-09-22 11:12:00-04:00,30920.25,30923.0,30912.5,30918.5,2491
2026-09-22 11:13:00-04:00,30918.5,30918.5,30906.75,30913.5,3078
2026-09-22 11:14:00-04:00,30914.0,30945.0,30913.75,30938.0,7806
2026-09-22 11:15:00-04:00,30938.25,30940.0,30928.0,30928.5,3846
2026-09-22 11:16:00-04:00,30928.25,30942.25,30924.0,30941.75,3327
2026-09-22 11:17:00-04:00,30941.75,30942.75,30933.25,30935.5,2620
2026-09-22 11:18:00-04:00,30935.25,30937.0,30925.75,30926.0,2391
2026-09-22 11:19:00-04:00,30926.25,30948.25,30926.25,30946.5,3086
2026-09-22 11:20:00-04:00,30946.75,30947.25,30931.5,30932.0,2933
2026-09-22 11:21:00-04:00,30932.25,30945.75,30932.0,30941.75,2194
2026-09-22 11:22:00-04:00,30942.0,30944.0,30935.25,30937.25,1777
2026-09-22 11:23:00-04:00,30937.25,30937.5,30929.5,30935.0,2299
2026-09-22 11:24:00-04:00,30935.25,30938.0,30930.5,30933.0,1286
2026-09-22 11:25:00-04:00,30932.75,30945.0,30931.0,30939.5,2339
2026-09-22 11:26:00-04:00,30939.5,30941.0,30935.25,30937.25,1227
2026-09-22 11:27:00-04:00,30937.5,30939.75,30932.5,30937.25,1407
2026-09-22 11:28:00-04:00,30937.0,30938.0,30920.5,30922.25,3243
2026-09-22 11:29:00-04:00,30922.75,30932.5,30921.75,30928.25,2234
2026-09-22 11:30:00-04:00,30928.25,30928.5,30916.0,30919.0,3745
2026-09-22 11:31:00-04:00,30918.75,30929.25,30918.25,30923.75,2315
2026-09-22 11:32:00-04:00,30923.75,30929.0,30920.5,30923.0,1436
2026-09-22 11:33:00-04:00,30923.25,30930.75,30918.25,30922.75,2256
2026-09-22 11:34:00-04:00,30922.5,30934.25,30921.75,30923.75,2856
2026-09-22 11:35:00-04:00,30923.75,30925.75,30918.25,30918.5,2215
2026-09-22 11:36:00-04:00,30918.75,30922.75,30911.5,30916.5,4043
2026-09-22 11:37:00-04:00,30915.25,30915.75,30904.25,30910.0,3742
2026-09-22 11:38:00-04:00,30910.25,30910.75,30895.75,30898.0,4688
2026-09-22 11:39:00-04:00,30897.5,30902.0,30893.75,30897.5,3474
2026-09-22 11:40:00-04:00,30897.5,30902.0,30890.75,30901.75,3676
2026-09-22 11:41:00-04:00,30901.75,30904.5,30883.5,30894.25,4672
2026-09-22 11:42:00-04:00,30894.5,30903.0,30892.0,30901.25,3211
2026-09-22 11:43:00-04:00,30900.75,30906.5,30896.0,30896.25,2464
2026-09-22 11:44:00-04:00,30896.75,30904.0,30896.25,30899.5,1797
2026-09-22 11:45:00-04:00,30899.5,30905.25,30898.5,30901.5,1732
2026-09-22 11:46:00-04:00,30901.5,30907.0,30898.0,30903.0,2067
2026-09-22 11:47:00-04:00,30903.0,30913.5,30903.0,30913.25,3354
2026-09-22 11:48:00-04:00,30913.5,30914.25,30908.0,30913.75,2045
2026-09-22 11:49:00-04:00,30913.75,30918.75,30907.75,30908.25,3421
2026-09-22 11:50:00-04:00,30909.0,30914.75,30900.25,30908.5,3727
2026-09-22 11:51:00-04:00,30908.75,30911.5,30902.75,30907.0,1426
2026-09-22 11:52:00-04:00,30907.25,30911.5,30902.25,30903.5,1438
2026-09-22 11:53:00-04:00,30903.75,30909.25,30900.5,30903.5,1968
2026-09-22 11:54:00-04:00,30903.25,30906.75,30894.25,30895.5,2478
2026-09-22 11:55:00-04:00,30895.75,30897.75,30887.75,30896.0,3770
2026-09-22 11:56:00-04:00,30896.25,30896.5,30889.75,30890.0,1397
2026-09-22 11:57:00-04:00,30890.5,30896.75,30887.0,30896.5,1964
2026-09-22 11:58:00-04:00,30896.25,30904.25,30895.75,30903.25,2917
2026-09-22 11:59:00-04:00,30903.75,30912.0,30903.25,30911.0,2234
2026-09-22 12:00:00-04:00,30911.0,30920.0,30909.25,30910.5,4063
2026-09-22 12:01:00-04:00,30910.25,30911.75,30894.75,30899.5,3929
2026-09-22 12:02:00-04:00,30899.5,30900.75,30896.25,30899.25,1617
2026-09-22 12:03:00-04:00,30899.0,30906.25,30896.75,30905.75,1826
2026-09-22 12:04:00-04:00,30905.25,30911.0,30903.75,30908.75,1829
2026-09-22 12:05:00-04:00,30908.5,30913.75,30906.25,30912.0,1592
2026-09-22 12:06:00-04:00,30912.25,30917.5,30907.5,30914.75,2314
2026-09-22 12:07:00-04:00,30915.0,30927.25,30914.5,30925.75,4155
2026-09-22 12:08:00-04:00,30925.75,30931.0,30924.75,30930.0,2979
2026-09-22 12:09:00-04:00,30929.75,30935.25,30923.0,30926.75,4075
2026-09-22 12:10:00-04:00,30927.25,30934.5,30926.5,30930.25,2358
2026-09-22 12:11:00-04:00,30930.0,30930.25,30923.25,30928.25,1606
2026-09-22 12:12:00-04:00,30928.75,30931.5,30923.25,30923.25,1090
2026-09-22 12:13:00-04:00,30923.5,30926.0,30919.5,30924.0,2319
2026-09-22 12:14:00-04:00,30923.0,30925.75,30920.25,30925.25,1061
2026-09-22 12:15:00-04:00,30924.75,30924.75,30914.0,30916.25,2198
2026-09-22 12:16:00-04:00,30916.5,30921.75,30915.25,30920.0,1592
2026-09-22 12:17:00-04:00,30919.75,30926.75,30918.25,30925.0,1488
2026-09-22 12:18:00-04:00,30924.5,30926.25,30911.5,30915.25,2267
2026-09-22 12:19:00-04:00,30915.25,30916.0,30908.75,30910.5,2284
2026-09-22 12:20:00-04:00,30910.25,30917.25,30903.25,30916.25,4216
2026-09-22 12:21:00-04:00,30916.5,30922.0,30913.75,30918.5,1833
2026-09-22 12:22:00-04:00,30918.75,30923.25,30917.5,30918.0,1639
2026-09-22 12:23:00-04:00,30918.5,30926.5,30906.25,30907.0,3783
2026-09-22 12:24:00-04:00,30907.0,30908.0,30897.5,30900.0,3437
2026-09-22 12:25:00-04:00,30899.75,30907.75,30894.75,30904.5,2609
2026-09-22 12:26:00-04:00,30905.25,30907.5,30893.5,30894.5,1917
2026-09-22 12:27:00-04:00,30895.0,30901.25,30892.75,30898.5,1868
2026-09-22 12:28:00-04:00,30899.25,30901.0,30893.75,30895.25,1140
2026-09-22 12:29:00-04:00,30895.0,30896.5,30889.25,30892.25,2120
2026-09-22 12:30:00-04:00,30891.75,30900.75,30891.25,30899.5,2112
2026-09-22 12:31:00-04:00,30899.5,30906.75,30898.0,30903.0,2342
2026-09-22 12:32:00-04:00,30903.5,30910.0,30897.0,30906.0,2623
2026-09-22 12:33:00-04:00,30906.25,30914.5,30904.5,30910.5,2364
2026-09-22 12:34:00-04:00,30910.5,30920.0,30907.75,30919.25,2717
2026-09-22 12:35:00-04:00,30919.5,30920.0,30904.25,30908.0,2393
2026-09-22 12:36:00-04:00,30908.0,30913.5,30903.25,30910.75,1645
2026-09-22 12:37:00-04:00,30911.0,30912.25,30905.0,30906.0,1255
2026-09-22 12:38:00-04:00,30905.5,30906.75,30900.0,30905.25,1745
2026-09-22 12:39:00-04:00,30905.75,30908.75,30902.75,30904.5,1172
2026-09-22 12:40:00-04:00,30904.0,30905.5,30899.0,30903.25,1382
2026-09-22 12:41:00-04:00,30903.25,30905.0,30897.0,30900.75,1385
2026-09-22 12:42:00-04:00,30900.75,30901.75,30895.5,30897.25,1010
2026-09-22 12:43:00-04:00,30897.5,30909.75,30897.5,30909.25,1773
2026-09-22 12:44:00-04:00,30908.75,30916.25,30907.5,30915.5,1559
2026-09-22 12:45:00-04:00,30915.25,30918.0,30911.0,30912.5,2029
2026-09-22 12:46:00-04:00,30912.25,30921.25,30911.25,30919.75,1792
2026-09-22 12:47:00-04:00,30920.0,30922.25,30914.25,30915.25,1706
2026-09-22 12:48:00-04:00,30915.0,30945.75,30914.0,30930.0,9258
2026-09-22 12:49:00-04:00,30930.25,30945.0,30928.5,30943.0,5323
2026-09-22 12:50:00-04:00,30942.75,30945.5,30938.25,30944.75,3851
2026-09-22 12:51:00-04:00,30945.0,30946.0,30940.25,30942.5,1743
2026-09-22 12:52:00-04:00,30943.0,30944.0,30938.5,30940.75,1385
2026-09-22 12:53:00-04:00,30940.5,30946.0,30939.25,30943.25,1648
2026-09-22 12:54:00-04:00,30943.5,30944.25,30933.0,30938.25,2096
2026-09-22 12:55:00-04:00,30938.0,30943.5,30935.75,30938.0,1478
2026-09-22 12:56:00-04:00,30938.25,30942.75,30936.25,30939.25,1364
2026-09-22 12:57:00-04:00,30939.25,30942.0,30934.75,30942.0,1048
2026-09-22 12:58:00-04:00,30942.0,30944.0,30937.25,30942.5,1023
2026-09-22 12:59:00-04:00,30943.0,30943.75,30940.75,30941.0,940
2026-09-22 13:00:00-04:00,30941.0,30942.25,30936.5,30939.75,1531
2026-09-22 13:01:00-04:00,30939.75,30944.0,30939.25,30941.75,876
2026-09-22 13:02:00-04:00,30942.0,30943.25,30936.75,30939.0,1396
2026-09-22 13:03:00-04:00,30938.75,30943.25,30938.75,30940.25,595
2026-09-22 13:04:00-04:00,30940.25,30942.75,30938.25,30938.75,861
2026-09-22 13:05:00-04:00,30938.5,30945.5,30938.0,30944.75,1428
2026-09-22 13:06:00-04:00,30944.75,30954.0,30944.75,30952.25,3959
2026-09-22 13:07:00-04:00,30952.0,30953.5,30945.75,30948.25,2010
2026-09-22 13:08:00-04:00,30948.5,30948.5,30941.5,30942.25,1949
2026-09-22 13:09:00-04:00,30942.0,30943.0,30935.0,30942.0,2249
2026-09-22 13:10:00-04:00,30942.0,30946.75,30940.5,30940.75,1691
2026-09-22 13:11:00-04:00,30940.75,30943.25,30938.0,30941.0,1105
2026-09-22 13:12:00-04:00,30941.25,30941.75,30937.0,30939.75,1384
2026-09-22 13:13:00-04:00,30939.5,30941.75,30939.0,30939.75,557
2026-09-22 13:14:00-04:00,30939.5,30944.0,30938.0,30941.5,866
2026-09-22 13:15:00-04:00,30941.75,30943.0,30935.0,30942.5,1757
2026-09-22 13:16:00-04:00,30942.5,30944.25,30937.75,30937.75,1160
2026-09-22 13:17:00-04:00,30937.75,30942.0,30935.0,30940.0,1439
2026-09-22 13:18:00-04:00,30940.0,30940.5,30935.5,30939.0,789
2026-09-22 13:19:00-04:00,30939.0,30941.0,30937.0,30939.5,801
2026-09-22 13:20:00-04:00,30939.5,30939.5,30931.0,30934.5,2215
2026-09-22 13:21:00-04:00,30934.25,30935.5,30931.25,30933.0,1260
2026-09-22 13:22:00-04:00,30933.0,30934.75,30928.5,30933.25,1813
2026-09-22 13:23:00-04:00,30933.0,30934.0,30930.25,30933.0,777
2026-09-22 13:24:00-04:00,30933.5,30937.0,30931.5,30935.0,1389
2026-09-22 13:25:00-04:00,30935.25,30939.0,30932.75,30937.5,1126
2026-09-22 13:26:00-04:00,30937.5,30942.0,30936.0,30941.5,1567
2026-09-22 13:27:00-04:00,30941.5,30949.0,30941.5,30948.5,1900
2026-09-22 13:28:00-04:00,30948.5,30953.5,30947.25,30951.75,2024
2026-09-22 13:29:00-04:00,30951.75,30957.75,30951.25,30953.25,2495
2026-09-22 13:30:00-04:00,30953.25,30953.75,30942.75,30946.25,2721
2026-09-22 13:31:00-04:00,30946.25,30947.25,30935.25,30937.25,2069
2026-09-22 13:32:00-04:00,30937.25,30940.0,30934.5,30934.75,1428
2026-09-22 13:33:00-04:00,30935.25,30937.25,30931.5,30933.25,1502
2026-09-22 13:34:00-04:00,30933.25,30936.25,30930.25,30935.5,1335
2026-09-22 13:35:00-04:00,30935.25,30939.0,30933.25,30938.5,1130
2026-09-22 13:36:00-04:00,30938.5,30939.0,30925.5,30931.0,2527
2026-09-22 13:37:00-04:00,30931.0,30933.0,30929.25,30931.5,1056
2026-09-22 13:38:00-04:00,30931.75,30938.5,30929.25,30934.5,1482
2026-09-22 13:39:00-04:00,30934.5,30934.5,30928.75,30929.75,1051
2026-09-22 13:40:00-04:00,30929.75,30930.25,30921.75,30929.5,2690
2026-09-22 13:41:00-04:00,30929.25,30932.5,30928.0,30929.0,1302
2026-09-22 13:42:00-04:00,30929.25,30939.75,30929.25,30937.75,1687
2026-09-22 13:43:00-04:00,30937.25,30942.75,30934.75,30941.75,1504
2026-09-22 13:44:00-04:00,30942.0,30945.5,30941.75,30944.25,1216
2026-09-22 13:45:00-04:00,30944.5,30951.0,30943.75,30949.75,1889
2026-09-22 13:46:00-04:00,30949.75,30950.5,30943.25,30945.75,1579
2026-09-22 13:47:00-04:00,30945.25,30945.5,30937.5,30941.75,1900
2026-09-22 13:48:00-04:00,30942.0,30944.75,30941.5,30942.0,1002
2026-09-22 13:49:00-04:00,30942.0,30943.25,30939.25,30942.0,808
2026-09-22 13:50:00-04:00,30942.0,30944.0,30936.5,30941.5,1609
2026-09-22 13:51:00-04:00,30941.75,30945.5,30940.5,30944.5,1309
2026-09-22 13:52:00-04:00,30944.5,30987.75,30943.0,30976.75,14791
2026-09-22 13:53:00-04:00,30976.75,30984.75,30971.25,30973.0,5425
2026-09-22 13:54:00-04:00,30973.25,30987.0,30971.25,30976.75,6951
2026-09-22 13:55:00-04:00,30976.75,30979.0,30971.5,30977.25,2925
2026-09-22 13:56:00-04:00,30976.5,30980.75,30971.0,30972.5,2229
2026-09-22 13:57:00-04:00,30972.75,30973.5,30965.75,30966.75,2913
2026-09-22 13:58:00-04:00,30967.0,30973.75,30965.75,30971.25,1948
2026-09-22 13:59:00-04:00,30971.25,30977.75,30970.75,30977.25,1287
2026-09-22 14:00:00-04:00,30977.5,30979.75,30955.75,30957.75,4747
2026-09-22 14:01:00-04:00,30957.75,30960.5,30951.0,30958.5,4375
2026-09-22 14:02:00-04:00,30958.5,30959.75,30951.25,30957.25,1904
2026-09-22 14:03:00-04:00,30957.5,30959.25,30955.5,30956.75,1205
2026-09-22 14:04:00-04:00,30956.75,30964.5,30954.75,30960.5,3539
2026-09-22 14:05:00-04:00,30960.5,30973.75,30958.75,30970.0,2480
2026-09-22 14:06:00-04:00,30970.25,30977.0,30969.75,30974.5,2046
2026-09-22 14:07:00-04:00,30974.75,30975.0,30969.25,30973.75,1506
2026-09-22 14:08:00-04:00,30973.5,30976.25,30972.25,30974.75,1058
2026-09-22 14:09:00-04:00,30975.0,30981.5,30974.25,30980.5,1757
2026-09-22 14:10:00-04:00,30980.25,30984.25,30975.5,30980.5,2386
2026-09-22 14:11:00-04:00,30980.5,30984.0,30979.0,30982.75,1201
2026-09-22 14:12:00-04:00,30982.75,30985.25,30981.25,30982.25,1682
2026-09-22 14:13:00-04:00,30982.25,30982.75,30974.0,30978.5,2418
2026-09-22 14:14:00-04:00,30979.0,30982.5,30978.0,30980.5,1792
2026-09-22 14:15:00-04:00,30980.75,30987.0,30980.75,30986.75,1716
2026-09-22 14:16:00-04:00,30986.75,30988.75,30981.5,30986.25,2123
2026-09-22 14:17:00-04:00,30986.0,30989.0,30985.0,30988.25,1219
2026-09-22 14:18:00-04:00,30988.0,30994.75,30987.75,30992.75,2682
2026-09-22 14:19:00-04:00,30992.75,30994.0,30989.75,30990.5,1408
2026-09-22 14:20:00-04:00,30990.5,30996.0,30988.25,30994.25,2311
2026-09-22 14:21:00-04:00,30994.0,30995.5,30990.75,30993.75,1418
2026-09-22 14:22:00-04:00,30994.5,30998.5,30993.75,30996.75,2333
2026-09-22 14:23:00-04:00,30996.75,31009.75,30994.75,31006.0,4856
2026-09-22 14:24:00-04:00,31006.0,31007.5,31002.5,31004.0,2240
2026-09-22 14:25:00-04:00,31004.0,31006.75,31000.75,31002.25,1624
2026-09-22 14:26:00-04:00,31002.25,31003.25,30997.25,30999.0,2044
2026-09-22 14:27:00-04:00,30999.0,31000.25,30994.25,30996.75,2199
2026-09-22 14:28:00-04:00,30996.75,31000.75,30993.25,30997.5,2127
2026-09-22 14:29:00-04:00,30997.25,30999.25,30992.0,30994.0,1494
2026-09-22 14:30:00-04:00,30994.0,30995.75,30987.0,30993.5,3686
2026-09-22 14:31:00-04:00,30993.5,30998.75,30992.0,30992.75,1766
2026-09-22 14:32:00-04:00,30993.0,30993.5,30985.25,30989.25,2256
2026-09-22 14:33:00-04:00,30989.75,30990.5,30982.75,30984.0,2040
2026-09-22 14:34:00-04:00,30984.0,30985.25,30980.75,30981.75,1920
2026-09-22 14:35:00-04:00,30981.75,30985.0,30975.25,30977.25,3307
2026-09-22 14:36:00-04:00,30977.0,30980.25,30967.75,30978.5,3881
2026-09-22 14:37:00-04:00,30978.5,30980.5,30976.0,30976.75,1153
2026-09-22 14:38:00-04:00,30976.75,30978.25,30970.5,30972.25,2030
2026-09-22 14:39:00-04:00,30972.25,30973.75,30966.0,30972.25,2698
2026-09-22 14:40:00-04:00,30972.0,30978.75,30970.25,30977.0,2365
2026-09-22 14:41:00-04:00,30976.75,30979.75,30966.0,30975.75,3485
2026-09-22 14:42:00-04:00,30975.5,30984.25,30974.75,30982.0,2220
2026-09-22 14:43:00-04:00,30982.25,30992.5,30981.75,30989.25,3103
2026-09-22 14:44:00-04:00,30988.75,30992.75,30987.25,30988.0,2270
2026-09-22 14:45:00-04:00,30988.25,30991.75,30986.5,30989.0,1446
2026-09-22 14:46:00-04:00,30989.0,30989.0,30980.0,30981.5,2059
2026-09-22 14:47:00-04:00,30981.5,30985.25,30981.5,30983.0,1158
2026-09-22 14:48:00-04:00,30983.25,30986.5,30980.25,30985.75,1078
2026-09-22 14:49:00-04:00,30985.5,30987.75,30983.75,30984.25,727
2026-09-22 14:50:00-04:00,30984.0,30985.5,30978.0,30979.75,1410
2026-09-22 14:51:00-04:00,30979.5,30987.0,30979.0,30987.0,1354
2026-09-22 14:52:00-04:00,30987.0,30987.25,30982.5,30986.25,799
2026-09-22 14:53:00-04:00,30985.75,30989.25,30984.25,30984.75,874
2026-09-22 14:54:00-04:00,30984.5,30988.75,30984.0,30985.5,820
2026-09-22 14:55:00-04:00,30985.5,30985.75,30980.75,30984.75,1134
2026-09-22 14:56:00-04:00,30984.75,30987.5,30978.0,30978.25,1384
2026-09-22 14:57:00-04:00,30978.5,30978.5,30973.25,30974.5,1830
2026-09-22 14:58:00-04:00,30974.5,30976.25,30971.5,30972.75,1731
2026-09-22 14:59:00-04:00,30972.75,30977.5,30972.25,30976.0,1162
2026-09-22 15:00:00-04:00,30976.0,30983.0,30975.0,30982.0,2113
2026-09-22 15:01:00-04:00,30981.75,30985.5,30976.25,30984.0,1926
2026-09-22 15:02:00-04:00,30984.0,30986.5,30981.25,30982.5,1537
2026-09-22 15:03:00-04:00,30982.5,30984.75,30981.75,30983.0,796
2026-09-22 15:04:00-04:00,30983.5,30989.0,30980.5,30988.25,1225
2026-09-22 15:05:00-04:00,30988.5,30988.75,30984.25,30986.25,1102
2026-09-22 15:06:00-04:00,30985.75,30993.5,30985.5,30991.0,2369
2026-09-22 15:07:00-04:00,30991.25,30994.25,30988.75,30993.5,1149
2026-09-22 15:08:00-04:00,30993.5,30998.25,30991.5,30996.25,1778
2026-09-22 15:09:00-04:00,30996.0,30998.25,30991.5,30995.5,1155
2026-09-22 15:10:00-04:00,30996.0,31002.0,30995.75,30999.0,2016
2026-09-22 15:11:00-04:00,30999.25,31003.75,30997.0,31002.0,1417
2026-09-22 15:12:00-04:00,31002.0,31003.5,30999.75,31001.25,1206
2026-09-22 15:13:00-04:00,31001.5,31005.0,30999.75,31004.0,1202
2026-09-22 15:14:00-04:00,31003.5,31004.25,30999.25,31003.25,1056
2026-09-22 15:15:00-04:00,31003.0,31008.25,31002.25,31005.0,2117
2026-09-22 15:16:00-04:00,31005.0,31013.5,31002.25,31012.25,2854
2026-09-22 15:17:00-04:00,31012.25,31013.25,31009.5,31012.75,1314
2026-09-22 15:18:00-04:00,31012.75,31016.25,31010.75,31013.0,2164
2026-09-22 15:19:00-04:00,31013.25,31014.75,31009.25,31011.5,1436
2026-09-22 15:20:00-04:00,31011.5,31011.5,31002.5,31006.75,2641
2026-09-22 15:21:00-04:00,31006.25,31007.75,31000.0,31002.25,1549
2026-09-22 15:22:00-04:00,31002.25,31004.25,30997.75,30998.5,1584
2026-09-22 15:23:00-04:00,30998.75,31003.0,30998.0,31001.25,1067
2026-09-22 15:24:00-04:00,31001.0,31011.0,30999.0,31004.5,3215
2026-09-22 15:25:00-04:00,31005.0,31022.25,31003.75,31020.25,6092
2026-09-22 15:26:00-04:00,31020.0,31027.0,31019.5,31025.0,3601
2026-09-22 15:27:00-04:00,31025.25,31025.5,31016.25,31016.25,2890
2026-09-22 15:28:00-04:00,31016.5,31023.75,31016.25,31020.25,1322
2026-09-22 15:29:00-04:00,31020.25,31023.25,31018.75,31020.75,1079
2026-09-22 15:30:00-04:00,31020.5,31025.0,31018.5,31021.5,1756
2026-09-22 15:31:00-04:00,31021.5,31032.0,31021.5,31029.75,2860
2026-09-22 15:32:00-04:00,31029.5,31036.0,31028.25,31035.75,3890
2026-09-22 15:33:00-04:00,31036.0,31043.25,31033.75,31040.75,4376
2026-09-22 15:34:00-04:00,31040.5,31048.0,31036.25,31046.75,4722
2026-09-22 15:35:00-04:00,31046.5,31049.0,31040.5,31046.75,3394
2026-09-22 15:36:00-04:00,31046.5,31047.5,31037.0,31043.25,2713
2026-09-22 15:37:00-04:00,31043.25,31050.0,31040.75,31047.5,2462
2026-09-22 15:38:00-04:00,31047.5,31047.5,31040.0,31041.75,2115
2026-09-22 15:39:00-04:00,31041.5,31048.0,31037.5,31043.75,2228
2026-09-22 15:40:00-04:00,31043.25,31045.25,31042.0,31042.25,953
2026-09-22 15:41:00-04:00,31042.0,31042.75,31027.25,31029.0,4259
2026-09-22 15:42:00-04:00,31028.5,31028.75,31018.25,31025.0,4520
2026-09-22 15:43:00-04:00,31025.5,31034.0,31024.0,31034.0,2727
2026-09-22 15:44:00-04:00,31032.75,31037.0,31030.5,31034.25,1927
2026-09-22 15:45:00-04:00,31035.0,31042.75,31034.75,31035.25,2662
2026-09-22 15:46:00-04:00,31035.5,31039.5,31035.25,31037.5,1012
2026-09-22 15:47:00-04:00,31037.75,31043.25,31037.5,31042.0,1101
2026-09-22 15:48:00-04:00,31042.25,31045.5,31040.25,31043.25,1813
2026-09-22 15:49:00-04:00,31043.0,31049.25,31040.5,31046.75,2145
2026-09-22 15:50:00-04:00,31046.5,31050.0,31027.5,31042.0,6524
2026-09-22 15:51:00-04:00,31042.25,31054.25,31040.25,31054.25,2858
2026-09-22 15:52:00-04:00,31053.75,31064.5,31052.25,31060.75,5234
2026-09-22 15:53:00-04:00,31060.25,31066.0,31049.25,31049.75,3628
2026-09-22 15:54:00-04:00,31050.0,31053.0,31036.0,31039.75,6573
2026-09-22 15:55:00-04:00,31040.0,31040.75,31022.75,31027.0,7092
2026-09-22 15:56:00-04:00,31027.0,31030.0,31022.75,31028.0,3032
2026-09-22 15:57:00-04:00,31028.0,31033.0,31024.0,31028.5,2445
2026-09-22 15:58:00-04:00,31029.5,31033.0,31016.0,31016.25,3664
2026-09-22 15:59:00-04:00,31016.25,31035.75,31013.0,31030.5,9783
2026-09-22 16:00:00-04:00,31029.75,31030.25,31018.75,31023.5,3350
2026-09-22 16:01:00-04:00,31023.0,31027.5,31021.0,31022.0,1034
2026-09-22 16:02:00-04:00,31021.5,31022.5,31017.25,31022.5,1109
2026-09-22 16:03:00-04:00,31022.5,31022.75,31018.5,31021.5,712
2026-09-22 16:04:00-04:00,31021.5,31026.0,31020.25,31026.0,806
2026-09-22 16:05:00-04:00,31026.0,31027.75,31018.0,31020.25,1234
2026-09-22 16:06:00-04:00,31020.25,31029.75,31019.0,31028.0,1218
2026-09-22 16:07:00-04:00,31027.75,31035.5,31027.25,31029.0,1677
2026-09-22 16:08:00-04:00,31029.25,31032.25,31027.25,31030.75,680
2026-09-22 16:09:00-04:00,31030.75,31032.5,31027.0,31028.75,624
2026-09-22 16:10:00-04:00,31028.75,31031.0,31026.25,31030.0,718
2026-09-22 16:11:00-04:00,31030.25,31031.0,31027.0,31029.0,324
2026-09-22 16:12:00-04:00,31029.5,31034.75,31029.25,31030.5,804
2026-09-22 16:13:00-04:00,31030.25,31031.0,31026.25,31027.25,553
2026-09-22 16:14:00-04:00,31027.0,31027.5,31020.25,31021.5,1257
2026-09-22 16:15:00-04:00,31020.75,31024.25,31018.5,31018.75,827
2026-09-22 16:16:00-04:00,31018.5,31020.0,31015.75,31017.25,811
2026-09-22 16:17:00-04:00,31017.0,31021.25,31016.75,31021.0,444
2026-09-22 16:18:00-04:00,31021.25,31024.0,31017.25,31018.0,554
2026-09-22 16:19:00-04:00,31017.75,31018.0,31015.75,31016.0,321
2026-09-22 16:20:00-04:00,31016.5,31017.0,31008.75,31009.75,1564
2026-09-22 16:21:00-04:00,31010.25,31010.5,31005.25,31007.5,948
2026-09-22 16:22:00-04:00,31007.25,31007.5,31003.5,31005.0,679
2026-09-22 16:23:00-04:00,31005.0,31007.0,31000.0,31004.75,783
2026-09-22 16:24:00-04:00,31004.25,31010.0,31004.0,31008.5,826
2026-09-22 16:25:00-04:00,31008.5,31014.0,31006.0,31013.5,821
2026-09-22 16:26:00-04:00,31014.0,31014.75,31005.75,31007.25,689
2026-09-22 16:27:00-04:00,31007.0,31007.5,31005.0,31006.0,236
2026-09-22 16:28:00-04:00,31006.0,31007.75,31005.25,31007.75,165
2026-09-22 16:29:00-04:00,31007.75,31007.75,31002.75,31003.75,590
2026-09-22 16:30:00-04:00,31005.0,31008.5,31002.25,31008.0,637
2026-09-22 16:31:00-04:00,31008.0,31011.75,31007.75,31010.0,436
2026-09-22 16:32:00-04:00,31009.75,31010.75,31007.25,31008.25,197
2026-09-22 16:33:00-04:00,31008.75,31009.75,31007.75,31009.5,125
2026-09-22 16:34:00-04:00,31009.75,31010.75,31007.5,31007.5,276
2026-09-22 16:35:00-04:00,31007.5,31009.75,31007.25,31009.5,215
2026-09-22 16:36:00-04:00,31009.25,31009.75,31007.25,31008.0,154
2026-09-22 16:37:00-04:00,31008.25,31009.0,31006.75,31007.0,261
2026-09-22 16:38:00-04:00,31007.75,31009.5,31007.25,31008.25,188
2026-09-22 16:39:00-04:00,31008.5,31009.25,31006.5,31007.0,141
2026-09-22 16:40:00-04:00,31007.25,31008.5,31006.5,31007.0,204
2026-09-22 16:41:00-04:00,31006.5,31008.0,31006.0,31007.25,204
2026-09-22 16:42:00-04:00,31007.5,31009.75,31006.75,31006.75,303
2026-09-22 16:43:00-04:00,31007.0,31007.0,31005.0,31005.5,221
2026-09-22 16:44:00-04:00,31005.75,31006.25,31001.75,31002.5,474
2026-09-22 16:45:00-04:00,31002.5,31004.0,30996.5,30996.75,1072
2026-09-22 16:46:00-04:00,30997.0,30998.5,30995.75,30997.5,510
2026-09-22 16:47:00-04:00,30998.25,30999.75,30995.0,30995.5,276
2026-09-22 16:48:00-04:00,30995.75,30997.75,30994.75,30996.25,384
2026-09-22 16:49:00-04:00,30996.0,31000.5,30995.5,30999.25,344
2026-09-22 16:50:00-04:00,30999.25,31006.0,30999.25,31005.5,556
2026-09-22 16:51:00-04:00,31005.0,31005.0,30998.0,30998.75,365
2026-09-22 16:52:00-04:00,30999.5,31000.5,30998.25,30999.5,290
2026-09-22 16:53:00-04:00,31000.25,31002.25,30999.75,31001.75,175
2026-09-22 16:54:00-04:00,31002.0,31003.5,31000.75,31002.0,236
2026-09-22 16:55:00-04:00,31002.0,31004.0,31000.25,31001.0,355
2026-09-22 16:56:00-04:00,31000.0,31002.25,30999.0,30999.75,0
