,Open,High,Low,Close,Volume
2026-09-27 18:10:00-04:00,30844.5,30853.0,30843.5,30850.25,0
2026-09-27 18:11:00-04:00,30849.5,30850.25,30840.75,30846.25,602
2026-09-27 18:12:00-04:00,30847.0,30848.0,30834.5,30835.75,769
2026-09-27 18:13:00-04:00,30836.0,30837.5,30821.5,30823.75,1526
2026-09-27 18:14:00-04:00,30824.5,30826.5,30815.25,30820.75,1431
2026-09-27 18:15:00-04:00,30820.5,30825.5,30816.25,30822.25,1085
2026-09-27 18:16:00-04:00,30822.25,30827.75,30820.0,30824.75,558
2026-09-27 18:17:00-04:00,30824.25,30832.0,30824.25,30830.75,1254
2026-09-27 18:18:00-04:00,30831.25,30832.75,30821.75,30822.0,828
2026-09-27 18:19:00-04:00,30821.5,30825.75,30818.25,30819.25,688
2026-09-27 18:20:00-04:00,30819.75,30822.5,30797.25,30802.25,2214
2026-09-27 18:21:00-04:00,30803.0,30813.0,30803.0,30812.0,1181
2026-09-27 18:22:00-04:00,30812.25,30814.5,30807.0,30812.75,546
2026-09-27 18:23:00-04:00,30813.5,30827.25,30812.5,30825.0,1019
2026-09-27 18:24:00-04:00,30825.5,30827.25,30820.25,30824.25,675
2026-09-27 18:25:00-04:00,30824.5,30825.5,30821.25,30825.0,492
2026-09-27 18:26:00-04:00,30824.5,30832.0,30822.75,30829.0,1037
2026-09-27 18:27:00-04:00,30828.25,30842.5,30827.5,30842.5,1369
2026-09-27 18:28:00-04:00,30842.0,30842.0,30834.5,30840.25,1021
2026-09-27 18:29:00-04:00,30840.0,30840.5,30821.75,30824.5,1356
2026-09-27 18:30:00-04:00,30824.0,30824.25,30808.25,30810.75,1650
2026-09-27 18:31:00-04:00,30811.25,30818.0,30802.0,30811.75,1691
2026-09-27 18:32:00-04:00,30811.75,30816.25,30808.25,30811.5,632
2026-09-27 18:33:00-04:00,30813.25,30814.5,30807.75,30807.75,427
2026-09-27 18:34:00-04:00,30808.5,30809.25,30799.75,30803.25,1135
2026-09-27 18:35:00-04:00,30803.5,30810.0,30800.25,30804.5,904
2026-09-27 18:36:00-04:00,30804.5,30809.25,30801.25,30806.5,626
2026-09-27 18:37:00-04:00,30806.25,30808.25,30801.5,30804.0,451
2026-09-27 18:38:00-04:00,30803.75,30807.25,30801.5,30806.0,451
2026-09-27 18:39:00-04:00,30806.0,30809.75,30804.0,30809.0,297
2026-09-27 18:40:00-04:00,30808.75,30809.5,30806.5,30808.75,305
2026-09-27 18:41:00-04:00,30808.25,30809.75,30804.75,30804.75,297
2026-09-27 18:42:00-04:00,30805.25,30808.5,30802.75,30807.5,385
2026-09-27 18:43:00-04:00,30807.75,30808.75,30803.25,30804.75,253
2026-09-27 18:44:00-04:00,30805.0,30810.0,30804.5,30807.75,334
2026-09-27 18:45:00-04:00,30806.5,30808.25,30802.75,30805.0,437
2026-09-27 18:46:00-04:00,30805.0,30805.75,30797.5,30801.0,925
2026-09-27 18:47:00-04:00,30800.75,30801.75,30791.75,30799.0,1052
2026-09-27 18:48:00-04:00,30798.75,30799.0,30792.75,30797.25,1029
2026-09-27 18:49:00-04:00,30796.5,30797.25,30793.0,30795.0,383
2026-09-27 18:50:00-04:00,30794.25,30797.0,30790.25,30793.5,731
2026-09-27 18:51:00-04:00,30793.25,30793.5,30784.0,30789.75,1181
2026-09-27 18:52:00-04:00,30790.0,30791.75,30780.0,30789.0,1119
2026-09-27 18:53:00-04:00,30789.25,30793.5,30787.25,30791.25,585
2026-09-27 18:54:00-04:00,30791.25,30791.25,30785.25,30786.5,483
2026-09-27 18:55:00-04:00,30786.5,30792.0,30785.25,30789.75,641
2026-09-27 18:56:00-04:00,30789.75,30792.0,30786.25,30788.25,502
2026-09-27 18:57:00-04:00,30788.75,30791.0,30788.25,30789.75,205
2026-09-27 18:58:00-04:00,30790.0,30793.75,30788.0,30790.75,343
2026-09-27 18:59:00-04:00,30790.75,30792.5,30787.75,30792.25,299
2026-09-27 19:00:00-04:00,30792.25,30792.5,30783.5,30787.5,691
2026-09-27 19:01:00-04:00,30786.75,30791.0,30785.0,30790.5,433
2026-09-27 19:02:00-04:00,30790.25,30799.75,30788.75,30792.25,1173
2026-09-27 19:03:00-04:00,30791.5,30795.25,30789.5,30791.75,532
2026-09-27 19:04:00-04:00,30792.0,30798.75,30791.5,30793.25,677
2026-09-27 19:05:00-04:00,30794.0,30797.75,30792.0,30793.0,445
2026-09-27 19:06:00-04:00,30793.0,30796.0,30790.25,30795.5,361
2026-09-27 19:07:00-04:00,30795.25,30796.5,30793.75,30794.75,209
2026-09-27 19:08:00-04:00,30795.25,30803.5,30795.25,30799.75,1155
2026-09-27 19:09:00-04:00,30800.0,30804.75,30799.5,30802.0,669
2026-09-27 19:10:00-04:00,30801.75,30804.25,30800.5,30801.0,501
2026-09-27 19:11:00-04:00,30801.0,30807.75,30800.0,30807.5,731
2026-09-27 19:12:00-04:00,30807.5,30812.75,30805.0,30807.25,1217
2026-09-27 19:13:00-04:00,30807.0,30810.0,30805.5,30809.25,406
2026-09-27 19:14:00-04:00,30808.75,30810.0,30806.25,30810.0,384
2026-09-27 19:15:00-04:00,30810.0,30812.5,30804.5,30806.75,717
2026-09-27 19:16:00-04:00,30806.0,30811.25,30805.0,30810.5,475
2026-09-27 19:17:00-04:00,30811.0,30812.25,30807.75,30809.0,445
2026-09-27 19:18:00-04:00,30809.0,30810.0,30806.75,30808.0,224
2026-09-27 19:19:00-04:00,30808.0,30816.75,30808.0,30815.25,771
2026-09-27 19:20:00-04:00,30815.75,30822.0,30813.25,30820.75,1166
2026-09-27 19:21:00-04:00,30820.75,30822.25,30819.75,30820.75,755
2026-09-27 19:22:00-04:00,30820.75,30828.25,30818.75,30823.75,1311
2026-09-27 19:23:00-04:00,30823.5,30825.0,30819.5,30819.5,447
2026-09-27 19:24:00-04:00,30820.0,30821.0,30815.5,30816.5,809
2026-09-27 19:25:00-04:00,30817.25,30821.5,30815.0,30820.75,641
2026-09-27 19:26:00-04:00,30820.5,30823.0,30819.0,30820.0,409
2026-09-27 19:27:00-04:00,30820.5,30822.5,30816.75,30819.75,523
2026-09-27 19:28:00-04:00,30820.25,30821.0,30815.25,30817.5,456
2026-09-27 19:29:00-04:00,30817.75,30819.5,30815.25,30819.5,246
2026-09-27 19:30:00-04:00,30819.0,30825.5,30816.0,30816.0,815
2026-09-27 19:31:00-04:00,30816.75,30818.75,30809.5,30813.5,1206
2026-09-27 19:32:00-04:00,30814.25,30819.25,30811.75,30814.25,649
2026-09-27 19:33:00-04:00,30814.5,30816.5,30810.0,30810.75,463
2026-09-27 19:34:00-04:00,30810.75,30811.75,30801.25,30805.5,1234
2026-09-27 19:35:00-04:00,30806.5,30809.75,30804.0,30808.0,636
2026-09-27 19:36:00-04:00,30807.75,30809.25,30802.75,30806.75,428
2026-09-27 19:37:00-04:00,30806.75,30817.75,30804.25,30815.0,1092
2026-09-27 19:38:00-04:00,30814.5,30815.0,30807.25,30811.25,620
2026-09-27 19:39:00-04:00,30811.0,30811.75,30808.0,30809.25,245
2026-09-27 19:40:00-04:00,30810.0,30815.75,30806.75,30813.5,764
2026-09-27 19:41:00-04:00,30812.75,30813.5,30805.0,30805.5,424
2026-09-27 19:42:00-04:00,30805.5,30807.0,30800.0,30803.75,1218
2026-09-27 19:43:00-04:00,30804.0,30807.5,30803.75,30806.0,470
2026-09-27 19:44:00-04:00,30807.25,30813.5,30805.5,30812.0,637
2026-09-27 19:45:00-04:00,30812.5,30821.75,30812.5,30819.5,1591
2026-09-27 19:46:00-04:00,30820.25,30831.25,30815.0,30826.5,1705
2026-09-27 19:47:00-04:00,30826.5,30833.0,30821.5,30831.0,942
2026-09-27 19:48:00-04:00,30831.0,30844.75,30828.0,30844.0,2329
2026-09-27 19:49:00-04:00,30843.75,30846.5,30835.0,30837.25,1327
2026-09-27 19:50:00-04:00,30837.25,30847.5,30836.25,30846.5,970
2026-09-27 19:51:00-04:00,30846.5,30849.5,30838.5,30843.75,941
2026-09-27 19:52:00-04:00,30844.0,30844.0,30832.25,30834.25,896
2026-09-27 19:53:00-04:00,30834.75,30837.5,30823.0,30826.75,1404
2026-09-27 19:54:00-04:00,30827.0,30828.0,30820.5,30828.0,969
2026-09-27 19:55:00-04:00,30827.5,30829.75,30824.0,30828.75,591
2026-09-27 19:56:00-04:00,30828.5,30840.75,30826.75,30840.0,1312
2026-09-27 19:57:00-04:00,30840.0,30845.5,30838.0,30842.0,1057
2026-09-27 19:58:00-04:00,30842.0,30847.5,30839.75,30846.25,617
2026-09-27 19:59:00-04:00,30847.0,30849.5,30841.25,30849.25,1004
2026-09-27 20:00:00-04:00,30848.5,30858.25,30840.5,30843.75,3244
2026-09-27 20:01:00-04:00,30843.75,30872.75,30843.0,30870.0,3059
2026-09-27 20:02:00-04:00,30870.25,30884.25,30868.75,30871.25,3161
2026-09-27 20:03:00-04:00,30871.75,30885.5,30869.0,30882.0,1751
2026-09-27 20:04:00-04:00,30882.75,30883.25,30864.5,30874.75,1789
2026-09-27 20:05:00-04:00,30875.25,30876.75,30865.0,30868.25,1140
2026-09-27 20:06:00-04:00,30868.5,30878.5,30865.0,30878.5,1396
2026-09-27 20:07:00-04:00,30877.5,30882.75,30869.0,30876.25,864
2026-09-27 20:08:00-04:00,30877.0,30879.0,30868.75,30873.25,730
2026-09-27 20:09:00-04:00,30873.25,30881.5,30869.5,30880.0,650
2026-09-27 20:10:00-04:00,30880.0,30887.0,30879.0,30881.5,1517
2026-09-27 20:11:00-04:00,30881.75,30884.5,30877.75,30879.5,744
2026-09-27 20:12:00-04:00,30879.25,30891.75,30879.25,30891.0,1068
2026-09-27 20:13:00-04:00,30890.75,30896.75,30886.25,30893.5,1363
2026-09-27 20:14:00-04:00,30893.5,30897.25,30889.75,30895.75,1023
2026-09-27 20:15:00-04:00,30896.25,30896.75,30882.75,30889.25,1609
2026-09-27 20:16:00-04:00,30889.25,30890.0,30881.75,30885.0,738
2026-09-27 20:17:00-04:00,30884.75,30886.0,30876.75,30878.5,983
2026-09-27 20:18:00-04:00,30878.0,30886.75,30877.75,30885.25,578
2026-09-27 20:19:00-04:00,30885.25,30890.5,30882.0,30884.75,649
2026-09-27 20:20:00-04:00,30884.0,30888.0,30878.75,30879.75,691
2026-09-27 20:21:00-04:00,30879.75,30889.0,30879.75,30885.5,727
2026-09-27 20:22:00-04:00,30885.25,30895.0,30885.25,30892.75,985
2026-09-27 20:23:00-04:00,30893.0,30900.5,30891.0,30896.0,1096
2026-09-27 20:24:00-04:00,30896.5,30897.25,30886.0,30886.5,861
2026-09-27 20:25:00-04:00,30886.25,30891.25,30881.75,30884.0,932
2026-09-27 20:26:00-04:00,30885.0,30887.5,30875.5,30877.5,1006
2026-09-27 20:27:00-04:00,30877.5,30883.0,30873.75,30877.0,672
2026-09-27 20:28:00-04:00,30877.5,30879.75,30866.75,30876.5,1483
2026-09-27 20:29:00-04:00,30877.25,30880.0,30871.25,30871.25,679
2026-09-27 20:30:00-04:00,30871.5,30874.0,30865.25,30868.5,1008
2026-09-27 20:31:00-04:00,30869.0,30874.75,30855.0,30868.5,2335
2026-09-27 20:32:00-04:00,30868.5,30872.0,30862.75,30867.75,640
2026-09-27 20:33:00-04:00,30867.5,30868.5,30834.0,30835.0,3186
2026-09-27 20:34:00-04:00,30835.25,30846.0,30828.0,30842.5,2624
2026-09-27 20:35:00-04:00,30842.0,30847.75,30838.5,30845.25,1260
2026-09-27 20:36:00-04:00,30844.75,30846.75,30826.75,30830.25,2043
2026-09-27 20:37:00-04:00,30830.0,30834.5,30826.75,30830.75,911
2026-09-27 20:38:00-04:00,30830.0,30839.75,30830.0,30837.0,1036
2026-09-27 20:39:00-04:00,30836.5,30839.5,30832.0,30832.75,667
2026-09-27 20:40:00-04:00,30832.25,30833.5,30815.5,30818.75,2088
2026-09-27 20:41:00-04:00,30818.75,30821.5,30811.5,30821.0,1361
2026-09-27 20:42:00-04:00,30820.75,30823.5,30814.75,30821.75,938
2026-09-27 20:43:00-04:00,30822.0,30826.0,30817.0,30818.5,1057
2026-09-27 20:44:00-04:00,30818.5,30831.25,30817.0,30825.0,1176
2026-09-27 20:45:00-04:00,30825.75,30840.75,30825.25,30839.0,1986
2026-09-27 20:46:00-04:00,30839.5,30857.0,30837.0,30848.75,2408
2026-09-27 20:47:00-04:00,30849.5,30850.75,30836.25,30840.0,1202
2026-09-27 20:48:00-04:00,30840.25,30845.5,30827.0,30827.75,1503
2026-09-27 20:49:00-04:00,30828.25,30837.5,30827.5,30830.5,988
2026-09-27 20:50:00-04:00,30830.0,30832.5,30822.25,30830.25,1139
2026-09-27 20:51:00-04:00,30828.5,30848.0,30828.0,30847.0,1698
2026-09-27 20:52:00-04:00,30846.75,30855.25,30846.25,30848.75,971
2026-09-27 20:53:00-04:00,30848.5,30850.5,30838.5,30842.25,684
2026-09-27 20:54:00-04:00,30842.75,30843.0,30833.25,30834.0,746
2026-09-27 20:55:00-04:00,30835.0,30837.75,30820.25,30822.75,1255
2026-09-27 20:56:00-04:00,30823.0,30827.25,30812.25,30812.25,1587
2026-09-27 20:57:00-04:00,30812.25,30812.25,30804.75,30806.0,1844
2026-09-27 20:58:00-04:00,30805.75,30813.25,30802.75,30805.25,1041
2026-09-27 20:59:00-04:00,30804.75,30804.75,30791.5,30798.75,1897
2026-09-27 21:00:00-04:00,30797.75,30805.25,30794.0,30802.5,1746
2026-09-27 21:01:00-04:00,30802.75,30808.25,30796.75,30798.5,1151
2026-09-27 21:02:00-04:00,30798.5,30821.75,30794.25,30807.0,2398
2026-09-27 21:03:00-04:00,30807.25,30817.5,30791.75,30812.5,2016
2026-09-27 21:04:00-04:00,30812.25,30825.25,30807.5,30824.0,1480
2026-09-27 21:05:00-04:00,30824.75,30825.25,30794.0,30796.5,1733
2026-09-27 21:06:00-04:00,30797.0,30800.75,30787.5,30794.25,1720
2026-09-27 21:07:00-04:00,30795.25,30818.5,30790.25,30815.25,1600
2026-09-27 21:08:00-04:00,30815.25,30816.0,30810.5,30814.25,776
2026-09-27 21:09:00-04:00,30814.25,30814.5,30802.0,30809.0,1109
2026-09-27 21:10:00-04:00,30807.25,30814.0,30803.0,30807.0,772
2026-09-27 21:11:00-04:00,30807.5,30810.0,30799.75,30807.75,689
2026-09-27 21:12:00-04:00,30807.25,30810.5,30801.5,30805.25,595
2026-09-27 21:13:00-04:00,30805.75,30806.5,30794.5,30795.25,763
2026-09-27 21:14:00-04:00,30795.25,30807.5,30794.5,30797.75,732
2026-09-27 21:15:00-04:00,30798.5,30802.5,30776.0,30789.0,2749
2026-09-27 21:16:00-04:00,30789.25,30791.75,30783.5,30789.75,1084
2026-09-27 21:17:00-04:00,30790.0,30792.5,30778.75,30780.75,897
2026-09-27 21:18:00-04:00,30781.25,30783.25,30776.75,30777.75,938
2026-09-27 21:19:00-04:00,30777.5,30784.75,30772.75,30783.5,1128
2026-09-27 21:20:00-04:00,30784.0,30790.0,30782.0,30787.75,1212
2026-09-27 21:21:00-04:00,30788.25,30811.5,30788.25,30809.25,1993
2026-09-27 21:22:00-04:00,30808.75,30812.0,30796.5,30797.0,1169
2026-09-27 21:23:00-04:00,30796.25,30802.75,30788.0,30790.25,1310
2026-09-27 21:24:00-04:00,30790.25,30793.75,30780.0,30787.5,1205
2026-09-27 21:25:00-04:00,30787.75,30799.0,30784.5,30798.0,964
2026-09-27 21:26:00-04:00,30797.5,30806.25,30792.5,30805.0,1107
2026-09-27 21:27:00-04:00,30805.25,30807.5,30792.5,30798.5,1105
2026-09-27 21:28:00-04:00,30798.0,30810.75,30797.75,30810.5,720
2026-09-27 21:29:00-04:00,30810.5,30813.0,30800.75,30807.25,1065
2026-09-27 21:30:00-04:00,30806.75,30821.5,30805.25,30815.75,1631
2026-09-27 21:31:00-04:00,30815.5,30820.5,30814.75,30817.25,731
2026-09-27 21:32:00-04:00,30816.75,30822.25,30810.0,30820.25,1207
2026-09-27 21:33:00-04:00,30820.25,30823.5,30808.0,30811.0,1181
2026-09-27 21:34:00-04:00,30810.25,30811.5,30803.0,30808.5,1030
2026-09-27 21:35:00-04:00,30809.5,30813.5,30800.0,30808.5,1252
2026-09-27 21:36:00-04:00,30809.0,30811.5,30804.0,30805.0,710
2026-09-27 21:37:00-04:00,30805.5,30809.5,30804.5,30806.0,356
2026-09-27 21:38:00-04:00,30806.25,30809.25,30804.0,30806.75,358
2026-09-27 21:39:00-04:00,30806.5,30812.25,30806.0,30811.0,387
2026-09-27 21:40:00-04:00,30811.0,30811.25,30802.0,30803.75,619
2026-09-27 21:41:00-04:00,30804.25,30813.5,30795.75,30811.75,1287
2026-09-27 21:42:00-04:00,30811.75,30816.0,30802.25,30803.25,893
2026-09-27 21:43:00-04:00,30802.5,30806.25,30796.5,30797.0,806
2026-09-27 21:44:00-04:00,30796.75,30796.75,30778.5,30783.25,2394
2026-09-27 21:45:00-04:00,30783.25,30784.25,30773.25,30774.0,1358
2026-09-27 21:46:00-04:00,30774.25,30780.0,30767.5,30776.25,1472
2026-09-27 21:47:00-04:00,30776.75,30782.0,30771.25,30779.5,795
2026-09-27 21:48:00-04:00,30779.75,30789.5,30762.75,30766.0,2290
2026-09-27 21:49:00-04:00,30766.0,30772.75,30754.25,30759.5,2314
2026-09-27 21:50:00-04:00,30758.75,30763.75,30752.0,30753.75,1755
2026-09-27 21:51:00-04:00,30754.0,30765.5,30751.75,30761.25,1100
2026-09-27 21:52:00-04:00,30760.5,30766.75,30755.0,30764.0,944
2026-09-27 21:53:00-04:00,30763.75,30767.0,30758.0,30762.0,595
2026-09-27 21:54:00-04:00,30761.75,30763.75,30743.0,30750.75,2143
2026-09-27 21:55:00-04:00,30751.25,30760.25,30749.25,30758.5,906
2026-09-27 21:56:00-04:00,30759.25,30762.0,30752.75,30761.25,797
2026-09-27 21:57:00-04:00,30761.0,30767.25,30746.25,30747.25,1317
2026-09-27 21:58:00-04:00,30746.25,30752.0,30743.25,30750.0,1186
2026-09-27 21:59:00-04:00,30749.0,30750.5,30742.25,30743.0,773
2026-09-27 22:00:00-04:00,30743.5,30745.0,30725.75,30729.5,3022
2026-09-27 22:01:00-04:00,30729.75,30746.25,30722.5,30742.5,2260
2026-09-27 22:02:00-04:00,30742.0,30743.0,30736.0,30742.5,878
2026-09-27 22:03:00-04:00,30742.0,30742.75,30727.0,30731.75,1098
2026-09-27 22:04:00-04:00,30732.0,30738.5,30728.5,30737.75,779
2026-09-27 22:05:00-04:00,30737.75,30740.0,30731.25,30733.75,644
2026-09-27 22:06:00-04:00,30733.25,30738.5,30722.75,30733.5,1184
2026-09-27 22:07:00-04:00,30733.5,30733.5,30720.25,30721.75,1252
2026-09-27 22:08:00-04:00,30721.75,30735.0,30717.0,30733.0,1942
2026-09-27 22:09:00-04:00,30733.75,30748.25,30733.5,30742.75,1642
2026-09-27 22:10:00-04:00,30742.75,30755.25,30741.25,30745.75,2135
2026-09-27 22:11:00-04:00,30746.25,30747.5,30740.5,30746.25,958
2026-09-27 22:12:00-04:00,30746.5,30754.0,30742.5,30748.5,1212
2026-09-27 22:13:00-04:00,30749.25,30754.5,30747.75,30754.0,819
2026-09-27 22:14:00-04:00,30754.0,30760.0,30744.75,30751.0,1389
2026-09-27 22:15:00-04:00,30751.25,30753.25,30738.25,30740.0,1230
2026-09-27 22:16:00-04:00,30739.75,30740.75,30729.25,30730.0,1572
2026-09-27 22:17:00-04:00,30730.75,30734.5,30726.5,30726.75,776
2026-09-27 22:18:00-04:00,30726.75,30727.5,30720.25,30721.25,1439
2026-09-27 22:19:00-04:00,30721.0,30732.5,30719.5,30732.25,1065
2026-09-27 22:20:00-04:00,30732.5,30733.75,30720.0,30725.5,1000
2026-09-27 22:21:00-04:00,30724.5,30729.25,30711.75,30715.5,1390
2026-09-27 22:22:00-04:00,30715.75,30725.25,30711.75,30719.25,1537
2026-09-27 22:23:00-04:00,30720.0,30720.75,30707.0,30711.0,1627
2026-09-27 22:24:00-04:00,30710.75,30713.0,30701.0,30705.0,1851
2026-09-27 22:25:00-04:00,30705.25,30709.25,30701.75,30705.75,1110
2026-09-27 22:26:00-04:00,30706.0,30720.25,30703.25,30719.0,1402
2026-09-27 22:27:00-04:00,30718.5,30734.75,30718.25,30734.75,1794
2026-09-27 22:28:00-04:00,30735.0,30735.25,30724.25,30729.25,1151
2026-09-27 22:29:00-04:00,30728.75,30729.5,30715.25,30718.0,1037
2026-09-27 22:30:00-04:00,30718.25,30722.5,30702.5,30704.5,1776
2026-09-27 22:31:00-04:00,30704.75,30716.5,30704.75,30711.0,1283
2026-09-27 22:32:00-04:00,30711.5,30715.5,30709.25,30711.75,501
2026-09-27 22:33:00-04:00,30712.25,30728.75,30712.0,30720.5,1473
2026-09-27 22:34:00-04:00,30720.75,30720.75,30709.75,30709.75,910
2026-09-27 22:35:00-04:00,30709.5,30718.25,30708.5,30714.25,656
2026-09-27 22:36:00-04:00,30714.5,30715.25,30696.5,30697.25,1746
2026-09-27 22:37:00-04:00,30697.5,30701.5,30693.0,30700.25,1207
2026-09-27 22:38:00-04:00,30700.0,30706.0,30696.5,30697.75,894
2026-09-27 22:39:00-04:00,30697.25,30703.0,30695.75,30698.0,607
2026-09-27 22:40:00-04:00,30696.75,30709.75,30696.0,30701.5,844
2026-09-27 22:41:00-04:00,30701.0,30702.5,30692.0,30694.75,906
2026-09-27 22:42:00-04:00,30694.5,30699.75,30694.25,30698.25,508
2026-09-27 22:43:00-04:00,30698.5,30702.5,30697.5,30700.0,527
2026-09-27 22:44:00-04:00,30699.25,30706.75,30696.75,30703.75,699
2026-09-27 22:45:00-04:00,30703.0,30705.75,30697.5,30701.5,624
2026-09-27 22:46:00-04:00,30701.75,30702.25,30693.0,30694.75,741
2026-09-27 22:47:00-04:00,30695.5,30696.0,30680.5,30684.25,1972
2026-09-27 22:48:00-04:00,30684.75,30689.5,30681.25,30685.25,1317
2026-09-27 22:49:00-04:00,30684.75,30689.75,30683.0,30686.5,805
2026-09-27 22:50:00-04:00,30685.75,30692.25,30683.25,30689.0,743
2026-09-27 22:51:00-04:00,30689.0,30694.0,30684.25,30687.75,1024
2026-09-27 22:52:00-04:00,30687.25,30694.75,30684.25,30693.5,602
2026-09-27 22:53:00-04:00,30693.5,30697.25,30687.25,30694.5,799
2026-09-27 22:54:00-04:00,30692.75,30695.0,30689.25,30689.75,413
2026-09-27 22:55:00-04:00,30690.5,30691.25,30672.25,30674.75,2670
2026-09-27 22:56:00-04:00,30674.5,30675.25,30667.5,30670.25,1487
2026-09-27 22:57:00-04:00,30670.0,30675.5,30667.0,30674.75,881
2026-09-27 22:58:00-04:00,30674.25,30685.75,30674.0,30677.75,1084
2026-09-27 22:59:00-04:00,30677.75,30683.75,30676.25,30680.25,677
2026-09-27 23:00:00-04:00,30680.25,30699.75,30679.75,30696.75,2158
2026-09-27 23:01:00-04:00,30696.75,30697.25,30687.75,30692.75,956
2026-09-27 23:02:00-04:00,30692.5,30694.25,30678.0,30682.0,1257
2026-09-27 23:03:00-04:00,30682.5,30689.25,30680.5,30682.75,793
2026-09-27 23:04:00-04:00,30683.25,30693.25,30682.5,30691.0,759
2026-09-27 23:05:00-04:00,30691.25,30699.25,30687.25,30690.5,1194
2026-09-27 23:06:00-04:00,30689.25,30698.5,30684.75,30696.25,805
2026-09-27 23:07:00-04:00,30696.0,30703.25,30693.5,30696.0,1153
2026-09-27 23:08:00-04:00,30696.75,30699.25,30692.5,30698.25,647
2026-09-27 23:09:00-04:00,30698.0,30701.25,30688.25,30696.75,933
2026-09-27 23:10:00-04:00,30696.75,30704.75,30696.25,30700.75,858
2026-09-27 23:11:00-04:00,30700.5,30700.5,30683.5,30686.0,1402
2026-09-27 23:12:00-04:00,30685.5,30693.5,30679.75,30692.75,1216
2026-09-27 23:13:00-04:00,30692.5,30701.0,30692.5,30696.0,1159
2026-09-27 23:14:00-04:00,30695.75,30697.0,30680.0,30680.0,868
2026-09-27 23:15:00-04:00,30680.0,30689.25,30676.75,30678.0,1263
2026-09-27 23:16:00-04:00,30677.75,30683.5,30672.5,30678.0,1093
2026-09-27 23:17:00-04:00,30677.75,30679.5,30672.75,30678.5,570
2026-09-27 23:18:00-04:00,30678.5,30681.5,30674.25,30677.25,520
2026-09-27 23:19:00-04:00,30677.0,30688.0,30675.25,30676.25,977
2026-09-27 23:20:00-04:00,30676.25,30682.0,30674.0,30681.75,602
2026-09-27 23:21:00-04:00,30682.0,30682.0,30672.5,30675.25,693
2026-09-27 23:22:00-04:00,30675.5,30676.5,30657.0,30673.0,2163
2026-09-27 23:23:00-04:00,30673.0,30685.75,30672.25,30679.5,1207
2026-09-27 23:24:00-04:00,30680.0,30683.0,30673.25,30675.75,566
2026-09-27 23:25:00-04:00,30675.0,30675.5,30667.25,30672.5,929
2026-09-27 23:26:00-04:00,30673.0,30673.75,30666.75,30667.5,608
2026-09-27 23:27:00-04:00,30667.75,30671.25,30664.0,30665.75,547
2026-09-27 23:28:00-04:00,30665.75,30674.25,30665.25,30669.25,659
2026-09-27 23:29:00-04:00,30669.0,30671.75,30661.75,30664.25,622
2026-09-27 23:30:00-04:00,30665.0,30669.75,30655.25,30661.25,1415
2026-09-27 23:31:00-04:00,30661.0,30669.0,30657.25,30668.5,1013
2026-09-27 23:32:00-04:00,30669.0,30670.5,30660.0,30661.25,624
2026-09-27 23:33:00-04:00,30662.0,30668.25,30660.0,30664.25,516
2026-09-27 23:34:00-04:00,30663.75,30664.5,30653.25,30653.75,891
2026-09-27 23:35:00-04:00,30654.5,30659.25,30650.0,30655.0,1515
2026-09-27 23:36:00-04:00,30655.0,30656.0,30643.75,30654.25,2205
2026-09-27 23:37:00-04:00,30654.0,30657.75,30650.25,30652.5,747
2026-09-27 23:38:00-04:00,30653.0,30658.25,30652.75,30657.75,448
2026-09-27 23:39:00-04:00,30657.5,30667.25,30654.5,30658.75,840
2026-09-27 23:40:00-04:00,30659.0,30668.0,30651.0,30658.75,1348
2026-09-27 23:41:00-04:00,30659.0,30661.0,30653.25,30657.5,596
2026-09-27 23:42:00-04:00,30657.25,30668.0,30657.0,30662.5,550
2026-09-27 23:43:00-04:00,30662.75,30667.5,30662.5,30664.0,463
2026-09-27 23:44:00-04:00,30663.5,30669.25,30662.5,30667.5,423
2026-09-27 23:45:00-04:00,30667.25,30670.0,30661.75,30667.25,595
2026-09-27 23:46:00-04:00,30667.5,30671.25,30665.5,30669.0,656
2026-09-27 23:47:00-04:00,30668.25,30676.5,30667.5,30674.5,813
2026-09-27 23:48:00-04:00,30674.0,30674.25,30665.25,30671.75,728
2026-09-27 23:49:00-04:00,30672.5,30681.75,30669.25,30675.5,964
2026-09-27 23:50:00-04:00,30675.75,30676.5,30666.25,30670.0,1081
2026-09-27 23:51:00-04:00,30669.75,30671.0,30657.75,30663.75,1111
2026-09-27 23:52:00-04:00,30662.75,30663.5,30660.25,30662.0,364
2026-09-27 23:53:00-04:00,30662.75,30668.75,30660.75,30666.25,521
2026-09-27 23:54:00-04:00,30666.5,30672.0,30665.25,30671.25,572
2026-09-27 23:55:00-04:00,30671.5,30673.0,30651.5,30653.5,1137
2026-09-27 23:56:00-04:00,30653.0,30659.5,30650.75,30651.75,871
2026-09-27 23:57:00-04:00,30651.25,30652.75,30645.25,30651.75,868
2026-09-27 23:58:00-04:00,30652.5,30653.5,30648.5,30651.0,371
2026-09-28 00:00:00-04:00,30648.75,30648.75,30637.5,30641.5,1430
2026-09-28 00:01:00-04:00,30641.25,30655.5,30637.75,30655.0,1428
2026-09-28 00:02:00-04:00,30655.25,30658.75,30652.5,30657.0,696
2026-09-28 00:03:00-04:00,30657.25,30659.0,30652.0,30655.0,519
2026-09-28 00:04:00-04:00,30654.75,30656.75,30651.25,30655.75,428
2026-09-28 00:05:00-04:00,30655.0,30659.0,30652.0,30658.0,511
2026-09-28 00:06:00-04:00,30657.25,30660.75,30652.5,30657.25,564
2026-09-28 00:07:00-04:00,30657.0,30659.75,30652.0,30655.0,317
2026-09-28 00:08:00-04:00,30655.75,30658.0,30652.25,30656.75,401
2026-09-28 00:09:00-04:00,30657.0,30670.0,30656.25,30666.5,1115
2026-09-28 00:10:00-04:00,30667.25,30676.25,30666.5,30674.5,822
2026-09-28 00:11:00-04:00,30673.75,30676.25,30671.0,30675.5,705
2026-09-28 00:12:00-04:00,30675.5,30680.5,30674.25,30679.25,721
2026-09-28 00:13:00-04:00,30679.0,30680.25,30673.5,30674.0,463
2026-09-28 00:14:00-04:00,30673.75,30688.75,30673.5,30684.75,1327
2026-09-28 00:15:00-04:00,30684.75,30685.5,30677.0,30677.75,914
2026-09-28 00:16:00-04:00,30678.0,30679.75,30672.25,30674.0,647
2026-09-28 00:17:00-04:00,30673.75,30683.5,30673.0,30679.75,526
2026-09-28 00:18:00-04:00,30679.25,30683.5,30679.0,30682.75,476
2026-09-28 00:19:00-04:00,30682.25,30687.0,30679.5,30685.5,645
2026-09-28 00:20:00-04:00,30686.0,30697.5,30686.0,30694.25,1457
2026-09-28 00:21:00-04:00,30693.5,30694.5,30690.5,30693.0,446
2026-09-28 00:22:00-04:00,30692.0,30692.75,30685.0,30686.25,902
2026-09-28 00:23:00-04:00,30686.0,30690.0,30684.75,30687.25,382
2026-09-28 00:24:00-04:00,30687.25,30694.75,30686.0,30692.75,546
2026-09-28 00:25:00-04:00,30693.25,30695.0,30680.5,30686.25,1070
2026-09-28 00:26:00-04:00,30686.25,30686.5,30675.75,30679.75,878
2026-09-28 00:27:00-04:00,30679.75,30683.5,30677.75,30680.5,482
2026-09-28 00:28:00-04:00,30680.5,30687.0,30680.5,30684.25,487
2026-09-28 00:29:00-04:00,30684.5,30689.5,30683.0,30686.5,443
2026-09-28 00:30:00-04:00,30687.0,30689.0,30679.0,30679.5,546
2026-09-28 00:31:00-04:00,30679.5,30684.75,30678.75,30683.75,347
2026-09-28 00:32:00-04:00,30683.25,30684.0,30679.25,30679.75,219
2026-09-28 00:33:00-04:00,30679.75,30683.75,30678.5,30681.5,369
2026-09-28 00:34:00-04:00,30681.75,30685.0,30675.0,30680.25,501
2026-09-28 00:35:00-04:00,30679.75,30683.5,30675.75,30677.75,410
2026-09-28 00:36:00-04:00,30678.25,30682.0,30673.5,30680.75,553
2026-09-28 00:37:00-04:00,30680.0,30683.0,30678.25,30681.5,318
2026-09-28 00:38:00-04:00,30682.5,30684.0,30681.0,30682.0,211
2026-09-28 00:39:00-04:00,30681.75,30682.5,30680.25,30680.25,127
2026-09-28 00:40:00-04:00,30680.5,30685.0,30680.5,30681.25,355
2026-09-28 00:41:00-04:00,30680.75,30685.75,30678.75,30684.5,341
2026-09-28 00:42:00-04:00,30684.0,30685.5,30682.0,30684.25,303
2026-09-28 00:43:00-04:00,30684.5,30687.75,30682.75,30685.5,333
2026-09-28 00:44:00-04:00,30685.75,30686.75,30682.0,30684.25,293
2026-09-28 00:45:00-04:00,30683.0,30684.0,30674.25,30675.75,528
2026-09-28 00:46:00-04:00,30675.5,30678.25,30673.25,30676.25,425
2026-09-28 00:47:00-04:00,30676.0,30676.0,30666.75,30668.75,1089
2026-09-28 00:48:00-04:00,30669.5,30673.75,30668.75,30673.25,463
2026-09-28 00:49:00-04:00,30673.0,30675.0,30671.25,30674.5,299
2026-09-28 00:50:00-04:00,30674.75,30686.0,30673.0,30685.0,907
2026-09-28 00:51:00-04:00,30685.0,30685.75,30679.0,30681.5,525
2026-09-28 00:52:00-04:00,30682.0,30684.25,30680.0,30682.5,276
2026-09-28 00:53:00-04:00,30682.5,30684.25,30681.25,30683.25,222
2026-09-28 00:54:00-04:00,30683.0,30683.5,30677.25,30678.75,233
2026-09-28 00:55:00-04:00,30679.0,30682.0,30676.25,30680.0,427
2026-09-28 00:56:00-04:00,30680.5,30686.0,30679.25,30680.0,652
2026-09-28 00:57:00-04:00,30680.25,30683.25,30680.25,30682.0,165
2026-09-28 00:58:00-04:00,30681.5,30681.75,30678.75,30680.75,218
2026-09-28 00:59:00-04:00,30680.25,30680.25,30673.0,30677.75,493
2026-09-28 01:00:00-04:00,30678.5,30693.75,30677.5,30693.0,1436
2026-09-28 01:01:00-04:00,30692.75,30705.5,30692.75,30697.75,1937
2026-09-28 01:02:00-04:00,30698.25,30702.25,30695.0,30701.0,657
2026-09-28 01:03:00-04:00,30701.5,30701.75,30689.5,30693.75,828
2026-09-28 01:04:00-04:00,30693.25,30696.5,30689.75,30694.0,621
2026-09-28 01:05:00-04:00,30694.0,30696.25,30681.75,30684.75,889
2026-09-28 01:06:00-04:00,30684.75,30692.0,30684.25,30685.0,472
2026-09-28 01:07:00-04:00,30685.0,30687.5,30679.0,30682.75,776
2026-09-28 01:08:00-04:00,30682.5,30682.75,30675.0,30680.75,658
2026-09-28 01:09:00-04:00,30680.25,30683.75,30676.75,30678.0,553
2026-09-28 01:10:00-04:00,30677.5,30682.25,30671.75,30673.25,843
2026-09-28 01:11:00-04:00,30673.5,30674.5,30662.0,30665.75,1569
2026-09-28 01:12:00-04:00,30665.25,30670.75,30663.25,30663.25,608
2026-09-28 01:13:00-04:00,30663.0,30666.25,30658.25,30662.75,965
2026-09-28 01:14:00-04:00,30662.5,30672.0,30659.5,30669.75,764
2026-09-28 01:15:00-04:00,30670.5,30678.75,30669.25,30674.75,982
2026-09-28 01:16:00-04:00,30675.0,30678.0,30672.75,30674.25,513
2026-09-28 01:17:00-04:00,30674.5,30677.0,30663.0,30668.25,765
2026-09-28 01:18:00-04:00,30668.5,30668.5,30659.5,30664.5,807
2026-09-28 01:19:00-04:00,30664.75,30664.75,30656.0,30660.25,667
2026-09-28 01:20:00-04:00,30660.5,30661.5,30653.75,30655.25,1058
2026-09-28 01:21:00-04:00,30655.25,30661.0,30654.5,30657.5,459
2026-09-28 01:22:00-04:00,30657.75,30659.5,30652.0,30653.0,473
2026-09-28 01:23:00-04:00,30653.25,30664.5,30653.0,30664.0,556
2026-09-28 01:24:00-04:00,30663.75,30666.0,30658.25,30660.5,562
2026-09-28 01:25:00-04:00,30660.25,30669.5,30658.5,30664.25,821
2026-09-28 01:26:00-04:00,30665.0,30670.0,30662.75,30668.75,756
2026-09-28 01:27:00-04:00,30668.25,30672.25,30666.25,30669.5,518
2026-09-28 01:28:00-04:00,30670.0,30677.0,30668.5,30670.5,783
2026-09-28 01:29:00-04:00,30669.75,30671.25,30654.5,30664.0,1104
2026-09-28 01:30:00-04:00,30664.25,30664.25,30648.5,30655.25,1733
2026-09-28 01:31:00-04:00,30653.75,30658.0,30647.5,30648.75,819
2026-09-28 01:32:00-04:00,30648.75,30658.5,30647.75,30658.5,548
2026-09-28 01:33:00-04:00,30658.75,30671.5,30654.25,30655.75,1550
2026-09-28 01:34:00-04:00,30656.0,30663.25,30653.25,30653.5,595
2026-09-28 01:35:00-04:00,30654.5,30667.75,30653.5,30659.0,752
2026-09-28 01:36:00-04:00,30658.25,30659.5,30652.25,30656.75,540
2026-09-28 01:37:00-04:00,30656.75,30662.5,30654.75,30657.75,475
2026-09-28 01:38:00-04:00,30657.5,30660.25,30645.25,30646.75,740
2026-09-28 01:39:00-04:00,30646.25,30651.25,30634.0,30643.5,1719
2026-09-28 01:40:00-04:00,30643.0,30648.0,30641.25,30646.0,923
2026-09-28 01:41:00-04:00,30646.25,30648.0,30636.5,30640.0,854
2026-09-28 01:42:00-04:00,30640.0,30644.75,30636.25,30642.25,724
2026-09-28 01:43:00-04:00,30642.25,30642.5,30628.5,30634.25,1194
2026-09-28 01:44:00-04:00,30634.5,30643.5,30632.5,30642.0,700
2026-09-28 01:45:00-04:00,30641.25,30650.75,30640.0,30641.0,760
2026-09-28 01:46:00-04:00,30640.75,30651.75,30638.75,30651.5,757
2026-09-28 01:47:00-04:00,30652.0,30656.0,30647.5,30647.5,818
2026-09-28 01:48:00-04:00,30648.0,30650.5,30641.0,30645.0,705
2026-09-28 01:49:00-04:00,30644.0,30650.5,30643.0,30649.25,479
2026-09-28 01:50:00-04:00,30649.75,30661.75,30649.0,30653.25,1081
2026-09-28 01:51:00-04:00,30653.0,30654.5,30640.0,30643.75,920
2026-09-28 01:52:00-04:00,30643.25,30644.25,30637.0,30639.5,565
2026-09-28 01:53:00-04:00,30639.5,30641.0,30634.0,30635.75,555
2026-09-28 01:54:00-04:00,30635.5,30643.75,30635.5,30642.25,511
2026-09-28 01:55:00-04:00,30642.0,30645.5,30638.75,30642.5,682
2026-09-28 01:56:00-04:00,30643.0,30650.0,30641.75,30648.75,567
2026-09-28 01:57:00-04:00,30648.5,30652.5,30643.25,30652.0,595
2026-09-28 01:58:00-04:00,30652.0,30657.25,30646.0,30656.75,730
2026-09-28 01:59:00-04:00,30656.75,30656.75,30646.0,30650.0,820
2026-09-28 02:00:00-04:00,30651.25,30672.0,30649.0,30656.0,2327
2026-09-28 02:01:00-04:00,30656.0,30664.25,30655.5,30658.5,936
2026-09-28 02:02:00-04:00,30658.5,30661.75,30644.75,30648.25,1232
2026-09-28 02:03:00-04:00,30648.0,30652.0,30638.75,30644.0,1237
2026-09-28 02:04:00-04:00,30644.75,30651.0,30635.5,30636.5,1030
2026-09-28 02:05:00-04:00,30636.0,30638.0,30626.0,30638.0,1930
2026-09-28 02:06:00-04:00,30637.75,30660.0,30636.25,30650.75,2129
2026-09-28 02:07:00-04:00,30651.25,30655.75,30646.5,30648.5,1062
2026-09-28 02:08:00-04:00,30648.75,30662.75,30647.25,30660.25,1324
2026-09-28 02:09:00-04:00,30661.25,30666.75,30654.25,30658.5,1244
2026-09-28 02:10:00-04:00,30658.75,30671.75,30658.75,30670.0,1131
2026-09-28 02:11:00-04:00,30670.75,30679.25,30669.5,30672.75,1314
2026-09-28 02:12:00-04:00,30672.5,30673.5,30660.75,30665.5,1136
2026-09-28 02:13:00-04:00,30664.75,30665.5,30644.0,30645.0,1155
2026-09-28 02:14:00-04:00,30644.5,30645.5,30630.5,30634.0,1914
2026-09-28 02:15:00-04:00,30634.0,30634.0,30622.25,30629.25,2058
2026-09-28 02:16:00-04:00,30629.5,30638.25,30629.0,30636.25,1353
2026-09-28 02:17:00-04:00,30636.0,30636.5,30616.5,30618.5,1690
2026-09-28 02:18:00-04:00,30618.0,30622.0,30613.75,30616.5,1387
2026-09-28 02:19:00-04:00,30616.75,30616.75,30605.75,30607.5,1463
2026-09-28 02:20:00-04:00,30607.75,30608.5,30595.75,30601.25,2340
2026-09-28 02:21:00-04:00,30600.5,30609.0,30596.25,30607.0,1284
2026-09-28 02:22:00-04:00,30607.75,30612.0,30605.0,30609.5,738
2026-09-28 02:23:00-04:00,30610.25,30610.5,30599.5,30608.0,839
2026-09-28 02:24:00-04:00,30609.0,30609.75,30597.0,30597.5,554
2026-09-28 02:25:00-04:00,30597.5,30599.0,30585.25,30587.5,2185
2026-09-28 02:26:00-04:00,30587.25,30601.0,30583.0,30593.0,1797
2026-09-28 02:27:00-04:00,30591.5,30598.25,30589.0,30595.25,938
2026-09-28 02:28:00-04:00,30595.25,30598.75,30587.0,30592.25,717
2026-09-28 02:29:00-04:00,30592.0,30596.5,30589.5,30591.25,713
2026-09-28 02:30:00-04:00,30591.0,30597.75,30581.25,30593.25,2059
2026-09-28 02:31:00-04:00,30593.5,30615.5,30593.25,30614.0,1951
2026-09-28 02:32:00-04:00,30614.5,30616.25,30604.0,30604.75,1238
2026-09-28 02:33:00-04:00,30605.25,30605.25,30592.5,30596.25,1382
2026-09-28 02:34:00-04:00,30596.25,30603.75,30591.25,30603.25,798
2026-09-28 02:35:00-04:00,30603.25,30620.5,30602.0,30616.5,1283
2026-09-28 02:36:00-04:00,30617.25,30625.0,30614.5,30618.5,1332
2026-09-28 02:37:00-04:00,30618.5,30622.5,30613.0,30622.5,635
2026-09-28 02:38:00-04:00,30622.25,30628.5,30616.25,30628.25,925
2026-09-28 02:39:00-04:00,30628.0,30630.0,30622.25,30627.75,643
2026-09-28 02:40:00-04:00,30628.0,30631.0,30615.5,30618.5,969
2026-09-28 02:41:00-04:00,30618.5,30632.5,30618.0,30632.25,727
2026-09-28 02:42:00-04:00,30632.5,30637.75,30627.5,30627.5,974
2026-09-28 02:43:00-04:00,30628.0,30632.0,30619.75,30621.75,674
2026-09-28 02:44:00-04:00,30622.25,30624.25,30611.0,30611.25,720
2026-09-28 02:45:00-04:00,30611.75,30621.5,30609.75,30621.5,922
2026-09-28 02:46:00-04:00,30621.0,30626.75,30617.25,30620.0,853
2026-09-28 02:47:00-04:00,30619.25,30625.0,30614.25,30621.75,657
2026-09-28 02:48:00-04:00,30622.0,30624.75,30614.25,30622.25,509
2026-09-28 02:49:00-04:00,30622.75,30625.0,30618.25,30624.0,357
2026-09-28 02:50:00-04:00,30624.0,30625.75,30612.0,30613.5,439
2026-09-28 02:51:00-04:00,30613.75,30625.75,30612.75,30617.5,630
2026-09-28 02:52:00-04:00,30617.0,30626.5,30616.25,30626.0,440
2026-09-28 02:53:00-04:00,30625.5,30641.25,30622.5,30635.75,1183
2026-09-28 02:54:00-04:00,30636.0,30636.25,30619.25,30622.5,772
2026-09-28 02:55:00-04:00,30623.0,30629.0,30622.5,30623.75,471
2026-09-28 02:56:00-04:00,30623.75,30629.25,30620.0,30621.25,468
2026-09-28 02:57:00-04:00,30621.5,30627.5,30617.5,30626.75,560
2026-09-28 02:58:00-04:00,30627.0,30642.25,30626.75,30638.75,760
2026-09-28 02:59:00-04:00,30638.75,30649.25,30638.0,30646.5,932
2026-09-28 03:00:00-04:00,30645.75,30646.5,30623.0,30625.75,2410
2026-09-28 03:01:00-04:00,30626.5,30627.25,30612.75,30623.0,1507
2026-09-28 03:02:00-04:00,30623.25,30627.0,30616.0,30617.5,958
2026-09-28 03:03:00-04:00,30617.0,30624.5,30613.25,30615.0,713
2026-09-28 03:04:00-04:00,30614.5,30623.75,30604.0,30623.0,1624
2026-09-28 03:05:00-04:00,30623.25,30623.25,30611.75,30613.0,1024
2026-09-28 03:06:00-04:00,30613.0,30620.25,30611.75,30615.5,761
2026-09-28 03:07:00-04:00,30615.75,30618.75,30608.25,30615.5,593
2026-09-28 03:08:00-04:00,30614.5,30619.0,30612.0,30612.75,540
2026-09-28 03:09:00-04:00,30611.5,30628.0,30611.5,30617.75,906
2026-09-28 03:10:00-04:00,30617.5,30624.5,30611.5,30615.75,1084
2026-09-28 03:11:00-04:00,30616.25,30618.75,30609.0,30611.0,549
2026-09-28 03:12:00-04:00,30611.25,30614.75,30604.5,30606.75,701
2026-09-28 03:13:00-04:00,30606.75,30610.75,30601.5,30602.5,536
2026-09-28 03:14:00-04:00,30601.75,30603.25,30590.75,30595.0,1377
2026-09-28 03:15:00-04:00,30594.75,30601.0,30589.25,30599.0,1055
2026-09-28 03:16:00-04:00,30599.25,30605.5,30597.75,30603.75,849
2026-09-28 03:17:00-04:00,30604.0,30610.0,30600.5,30605.0,845
2026-09-28 03:18:00-04:00,30604.75,30609.5,30595.75,30602.25,959
2026-09-28 03:19:00-04:00,30602.25,30607.75,30598.0,30606.25,598
2026-09-28 03:20:00-04:00,30606.0,30614.0,30597.25,30609.0,1141
2026-09-28 03:21:00-04:00,30608.5,30608.5,30590.0,30595.5,1098
2026-09-28 03:22:00-04:00,30595.0,30600.25,30589.5,30591.75,532
2026-09-28 03:23:00-04:00,30591.25,30612.25,30591.25,30607.75,1046
2026-09-28 03:24:00-04:00,30607.25,30617.75,30604.25,30606.5,911
2026-09-28 03:25:00-04:00,30606.0,30617.5,30605.25,30609.75,732
2026-09-28 03:26:00-04:00,30612.0,30612.75,30590.5,30596.75,1223
2026-09-28 03:27:00-04:00,30596.5,30597.75,30587.75,30593.75,695
2026-09-28 03:28:00-04:00,30594.0,30602.5,30589.25,30591.75,720
2026-09-28 03:29:00-04:00,30592.25,30600.5,30590.75,30595.75,682
2026-09-28 03:30:00-04:00,30595.75,30598.0,30586.75,30590.5,640
2026-09-28 03:31:00-04:00,30592.25,30596.25,30589.5,30592.0,437
2026-09-28 03:32:00-04:00,30592.5,30595.75,30588.25,30588.5,380
2026-09-28 03:33:00-04:00,30589.0,30601.75,30585.75,30590.0,1041
2026-09-28 03:34:00-04:00,30590.75,30597.25,30587.25,30596.25,422
2026-09-28 03:35:00-04:00,30596.5,30600.5,30594.0,30597.5,365
2026-09-28 03:36:00-04:00,30597.25,30606.0,30597.25,30604.0,611
2026-09-28 03:37:00-04:00,30603.25,30603.75,30592.0,30593.5,586
2026-09-28 03:38:00-04:00,30593.5,30594.75,30576.25,30580.25,2180
2026-09-28 03:39:00-04:00,30580.0,30594.5,30578.75,30590.25,761
2026-09-28 03:40:00-04:00,30590.25,30606.0,30589.25,30600.75,970
2026-09-28 03:41:00-04:00,30601.0,30613.75,30599.5,30603.0,1136
2026-09-28 03:42:00-04:00,30603.75,30604.75,30587.5,30592.75,1005
2026-09-28 03:43:00-04:00,30592.75,30596.25,30582.5,30584.5,610
2026-09-28 03:44:00-04:00,30584.0,30585.0,30571.0,30578.75,1925
2026-09-28 03:45:00-04:00,30579.0,30591.75,30577.5,30588.5,1148
2026-09-28 03:46:00-04:00,30588.5,30599.25,30586.75,30587.0,1059
2026-09-28 03:47:00-04:00,30587.25,30592.75,30585.25,30589.25,458
2026-09-28 03:48:00-04:00,30589.5,30611.5,30589.25,30606.0,1306
2026-09-28 03:49:00-04:00,30606.0,30617.25,30602.75,30612.75,976
2026-09-28 03:50:00-04:00,30613.0,30617.25,30605.25,30606.75,712
2026-09-28 03:51:00-04:00,30607.25,30615.0,30606.25,30611.5,515
2026-09-28 03:52:00-04:00,30611.0,30611.0,30594.25,30595.0,895
2026-09-28 03:53:00-04:00,30595.0,30601.5,30590.5,30597.5,603
2026-09-28 03:54:00-04:00,30597.5,30622.75,30595.0,30621.0,1235
2026-09-28 03:55:00-04:00,30620.5,30629.5,30615.5,30626.25,1339
2026-09-28 03:56:00-04:00,30625.0,30628.25,30619.25,30621.5,650
2026-09-28 03:57:00-04:00,30621.25,30622.25,30607.5,30608.0,684
2026-09-28 03:58:00-04:00,30607.0,30613.0,30603.25,30611.0,806
2026-09-28 03:59:00-04:00,30610.5,30614.5,30609.0,30609.75,457
2026-09-28 04:00:00-04:00,30610.0,30612.0,30588.75,30599.25,3049
2026-09-28 04:01:00-04:00,30599.0,30619.5,30598.0,30616.5,1595
2026-09-28 04:02:00-04:00,30616.0,30618.75,30609.0,30615.75,959
2026-09-28 04:03:00-04:00,30614.0,30617.5,30589.5,30592.5,1553
2026-09-28 04:04:00-04:00,30593.25,30615.75,30593.25,30611.0,1285
2026-09-28 04:05:00-04:00,30611.25,30612.0,30597.5,30597.5,759
2026-09-28 04:06:00-04:00,30597.75,30603.25,30593.0,30594.0,911
2026-09-28 04:07:00-04:00,30594.75,30604.75,30594.0,30601.5,761
2026-09-28 04:08:00-04:00,30602.5,30621.0,30602.5,30611.75,1152
2026-09-28 04:09:00-04:00,30611.5,30617.0,30609.75,30613.25,469
2026-09-28 04:10:00-04:00,30612.75,30618.5,30606.0,30615.5,490
2026-09-28 04:11:00-04:00,30616.0,30619.25,30609.75,30613.75,564
2026-09-28 04:12:00-04:00,30613.0,30614.5,30603.25,30607.75,1065
2026-09-28 04:13:00-04:00,30607.75,30620.5,30601.25,30616.75,989
2026-09-28 04:14:00-04:00,30616.25,30636.75,30615.75,30634.0,1590
2026-09-28 04:15:00-04:00,30633.75,30640.0,30624.5,30626.0,1361
2026-09-28 04:16:00-04:00,30626.0,30629.25,30617.75,30625.5,963
2026-09-28 04:17:00-04:00,30625.75,30628.75,30610.25,30618.25,1111
2026-09-28 04:18:00-04:00,30618.25,30626.75,30610.5,30612.75,976
2026-09-28 04:19:00-04:00,30612.0,30614.0,30608.0,30612.5,552
2026-09-28 04:20:00-04:00,30612.0,30616.5,30608.0,30614.75,749
2026-09-28 04:21:00-04:00,30615.25,30615.25,30600.0,30607.75,1065
2026-09-28 04:22:00-04:00,30607.75,30614.25,30604.75,30611.5,778
2026-09-28 04:23:00-04:00,30610.5,30615.0,30600.25,30602.5,701
2026-09-28 04:24:00-04:00,30603.0,30605.0,30592.25,30600.0,1023
2026-09-28 04:25:00-04:00,30600.0,30609.5,30599.0,30607.5,660
2026-09-28 04:26:00-04:00,30607.5,30624.25,30606.5,30617.75,1163
2026-09-28 04:27:00-04:00,30618.25,30621.75,30606.0,30608.5,825
2026-09-28 04:28:00-04:00,30608.5,30615.0,30607.5,30613.25,625
2026-09-28 04:29:00-04:00,30613.5,30622.75,30612.0,30622.75,664
2026-09-28 04:30:00-04:00,30622.5,30630.25,30618.25,30624.5,1126
2026-09-28 04:31:00-04:00,30624.25,30628.5,30616.75,30621.25,635
2026-09-28 04:32:00-04:00,30621.0,30621.0,30605.0,30617.0,1132
2026-09-28 04:33:00-04:00,30617.0,30618.75,30606.5,30608.5,485
2026-09-28 04:34:00-04:00,30609.0,30611.25,30605.25,30608.25,353
2026-09-28 04:35:00-04:00,30610.0,30613.25,30606.75,30608.0,476
2026-09-28 04:36:00-04:00,30606.75,30608.25,30598.25,30600.0,605
2026-09-28 04:37:00-04:00,30599.75,30599.75,30589.25,30591.0,1136
2026-09-28 04:38:00-04:00,30589.75,30590.5,30582.5,30585.0,1239
2026-09-28 04:39:00-04:00,30584.5,30584.75,30571.0,30582.75,1504
2026-09-28 04:40:00-04:00,30584.0,30599.0,30581.5,30596.25,1624
2026-09-28 04:41:00-04:00,30595.75,30597.0,30591.0,30592.5,672
2026-09-28 04:42:00-04:00,30593.0,30596.75,30588.75,30593.0,601
2026-09-28 04:43:00-04:00,30593.75,30594.5,30582.75,30585.0,708
2026-09-28 04:44:00-04:00,30585.0,30590.5,30583.0,30589.25,455
2026-09-28 04:45:00-04:00,30589.0,30589.0,30582.75,30585.5,286
2026-09-28 04:46:00-04:00,30584.0,30592.75,30575.75,30586.5,1490
2026-09-28 04:47:00-04:00,30587.75,30605.0,30586.0,30595.5,1301
2026-09-28 04:48:00-04:00,30595.0,30595.75,30583.5,30585.25,529
2026-09-28 04:49:00-04:00,30584.75,30590.75,30582.75,30589.75,416
2026-09-28 04:50:00-04:00,30590.0,30599.75,30588.75,30597.25,495
2026-09-28 04:51:00-04:00,30596.75,30597.75,30588.0,30592.75,492
2026-09-28 04:52:00-04:00,30592.5,30592.5,30576.0,30590.0,925
2026-09-28 04:53:00-04:00,30589.25,30594.75,30585.25,30591.25,625
2026-09-28 04:54:00-04:00,30589.75,30594.25,30580.0,30581.5,441
2026-09-28 04:55:00-04:00,30582.5,30586.75,30580.25,30581.25,581
2026-09-28 04:56:00-04:00,30581.25,30584.5,30578.5,30582.75,473
2026-09-28 04:57:00-04:00,30582.75,30591.25,30582.75,30589.75,460
2026-09-28 04:58:00-04:00,30590.25,30590.25,30581.5,30585.0,383
2026-09-28 04:59:00-04:00,30584.75,30587.0,30578.5,30579.25,556
2026-09-28 05:00:00-04:00,30578.5,30606.5,30574.25,30604.0,3989
2026-09-28 05:01:00-04:00,30603.5,30606.0,30589.0,30593.0,1188
2026-09-28 05:02:00-04:00,30592.75,30593.25,30576.25,30577.25,1267
2026-09-28 05:03:00-04:00,30577.5,30578.5,30568.75,30570.5,1203
2026-09-28 05:04:00-04:00,30570.5,30572.75,30563.0,30566.0,1487
2026-09-28 05:05:00-04:00,30566.25,30567.25,30555.25,30564.5,1613
2026-09-28 05:06:00-04:00,30564.0,30569.0,30558.5,30565.25,1006
2026-09-28 05:07:00-04:00,30564.75,30574.75,30559.75,30564.5,1167
2026-09-28 05:08:00-04:00,30565.5,30567.75,30553.0,30556.75,1179
2026-09-28 05:09:00-04:00,30556.25,30557.0,30548.75,30550.25,1360
2026-09-28 05:10:00-04:00,30550.5,30551.75,30544.5,30547.25,1093
2026-09-28 05:11:00-04:00,30546.5,30552.5,30538.25,30538.25,1800
2026-09-28 05:12:00-04:00,30538.25,30547.25,30537.5,30543.75,1205
2026-09-28 05:13:00-04:00,30543.25,30543.5,30536.25,30542.5,727
2026-09-28 05:14:00-04:00,30543.25,30549.25,30542.25,30543.25,1015
2026-09-28 05:15:00-04:00,30544.0,30554.25,30543.25,30546.5,1018
2026-09-28 05:16:00-04:00,30546.0,30546.5,30537.75,30540.25,878
2026-09-28 05:17:00-04:00,30540.75,30548.0,30535.0,30544.5,838
2026-09-28 05:18:00-04:00,30545.25,30550.5,30541.25,30550.25,933
2026-09-28 05:19:00-04:00,30549.75,30574.25,30548.0,30571.5,2379
2026-09-28 05:20:00-04:00,30572.25,30583.0,30570.0,30576.75,1417
2026-09-28 05:21:00-04:00,30575.75,30591.0,30574.5,30584.0,1572
2026-09-28 05:22:00-04:00,30584.0,30587.25,30577.5,30584.5,856
2026-09-28 05:23:00-04:00,30584.5,30586.25,30575.75,30577.75,659
2026-09-28 05:24:00-04:00,30577.75,30583.0,30576.0,30579.25,725
2026-09-28 05:25:00-04:00,30579.75,30581.5,30573.75,30578.5,824
2026-09-28 05:26:00-04:00,30578.75,30584.0,30570.75,30576.25,795
2026-09-28 05:27:00-04:00,30575.75,30576.25,30565.5,30575.5,1025
2026-09-28 05:28:00-04:00,30575.25,30582.25,30571.75,30575.0,822
2026-09-28 05:29:00-04:00,30575.0,30589.0,30572.75,30587.25,972
2026-09-28 05:30:00-04:00,30587.5,30592.25,30579.5,30579.5,1084
2026-09-28 05:31:00-04:00,30579.75,30584.0,30576.75,30578.25,521
2026-09-28 05:32:00-04:00,30578.25,30586.75,30578.25,30586.25,354
2026-09-28 05:33:00-04:00,30584.75,30585.75,30569.0,30570.0,645
2026-09-28 05:34:00-04:00,30570.25,30574.75,30559.75,30560.0,869
2026-09-28 05:35:00-04:00,30560.0,30571.0,30558.25,30571.0,969
2026-09-28 05:36:00-04:00,30570.75,30583.75,30570.75,30583.75,792
2026-09-28 05:37:00-04:00,30584.0,30584.5,30572.0,30574.5,697
2026-09-28 05:38:00-04:00,30575.5,30575.5,30567.75,30572.5,579
2026-09-28 05:39:00-04:00,30573.25,30577.75,30571.0,30571.5,312
2026-09-28 05:40:00-04:00,30571.0,30591.0,30569.75,30585.0,869
2026-09-28 05:41:00-04:00,30585.0,30586.25,30577.25,30578.0,639
2026-09-28 05:42:00-04:00,30578.75,30587.75,30577.0,30587.75,346
2026-09-28 05:43:00-04:00,30587.25,30591.5,30587.25,30590.25,488
2026-09-28 05:44:00-04:00,30589.75,30594.75,30588.5,30593.5,512
2026-09-28 05:45:00-04:00,30594.5,30600.25,30592.75,30600.0,971
2026-09-28 05:46:00-04:00,30600.0,30600.0,30589.5,30591.5,720
2026-09-28 05:47:00-04:00,30592.25,30600.75,30591.0,30591.5,522
2026-09-28 05:48:00-04:00,30591.75,30600.75,30591.0,30597.25,420
2026-09-28 05:49:00-04:00,30597.25,30602.0,30593.5,30599.75,406
2026-09-28 05:50:00-04:00,30599.5,30609.0,30597.0,30601.75,1197
2026-09-28 05:51:00-04:00,30602.0,30602.75,30595.75,30599.75,547
2026-09-28 05:52:00-04:00,30600.0,30601.75,30596.0,30599.25,582
2026-09-28 05:53:00-04:00,30598.0,30602.0,30591.5,30593.25,522
2026-09-28 05:54:00-04:00,30593.25,30598.5,30592.75,30594.25,590
2026-09-28 05:55:00-04:00,30594.25,30598.25,30593.5,30598.25,276
2026-09-28 05:56:00-04:00,30598.25,30598.25,30586.25,30592.0,649
2026-09-28 05:57:00-04:00,30591.5,30593.0,30585.75,30589.25,472
2026-09-28 05:58:00-04:00,30589.5,30589.5,30582.5,30585.75,635
2026-09-28 05:59:00-04:00,30585.5,30593.5,30583.0,30592.0,478
2026-09-28 06:00:00-04:00,30592.25,30605.5,30590.25,30600.75,1349
2026-09-28 06:01:00-04:00,30600.5,30606.0,30595.0,30597.5,610
2026-09-28 06:02:00-04:00,30597.0,30600.0,30589.25,30597.25,542
2026-09-28 06:03:00-04:00,30596.5,30605.75,30593.75,30602.5,591
2026-09-28 06:04:00-04:00,30602.25,30607.0,30601.25,30605.0,427
2026-09-28 06:05:00-04:00,30606.0,30606.0,30593.25,30597.5,1021
2026-09-28 06:06:00-04:00,30597.0,30598.75,30585.25,30589.25,1016
2026-09-28 06:07:00-04:00,30588.75,30589.75,30573.75,30574.75,1156
2026-09-28 06:08:00-04:00,30575.75,30577.5,30564.5,30566.25,1273
2026-09-28 06:09:00-04:00,30566.5,30573.0,30562.5,30567.0,920
2026-09-28 06:10:00-04:00,30567.5,30569.25,30563.75,30564.75,456
2026-09-28 06:11:00-04:00,30564.0,30564.0,30547.75,30557.75,1819
2026-09-28 06:12:00-04:00,30558.25,30583.5,30556.0,30565.5,2671
2026-09-28 06:13:00-04:00,30565.5,30568.0,30557.0,30566.5,585
2026-09-28 06:14:00-04:00,30566.5,30569.0,30562.0,30567.75,723
2026-09-28 06:15:00-04:00,30568.0,30579.75,30567.5,30575.25,1446
2026-09-28 06:16:00-04:00,30575.5,30577.5,30572.0,30574.25,497
2026-09-28 06:17:00-04:00,30573.5,30577.5,30569.25,30569.25,388
2026-09-28 06:18:00-04:00,30569.25,30577.25,30565.25,30572.25,592
2026-09-28 06:19:00-04:00,30572.0,30577.0,30564.5,30564.5,404
2026-09-28 06:20:00-04:00,30564.5,30571.25,30564.25,30568.5,417
2026-09-28 06:21:00-04:00,30568.5,30579.0,30568.5,30575.75,519
2026-09-28 06:22:00-04:00,30575.75,30577.75,30572.75,30574.0,284
2026-09-28 06:23:00-04:00,30573.75,30576.0,30570.5,30573.25,377
2026-09-28 06:24:00-04:00,30573.0,30575.25,30566.0,30569.5,495
2026-09-28 06:25:00-04:00,30570.0,30573.0,30568.25,30571.5,261
2026-09-28 06:26:00-04:00,30571.5,30576.25,30570.75,30572.0,372
2026-09-28 06:27:00-04:00,30571.0,30571.25,30557.25,30562.5,1136
2026-09-28 06:28:00-04:00,30561.75,30568.5,30560.75,30564.0,323
2026-09-28 06:29:00-04:00,30564.25,30576.75,30564.25,30575.75,421
2026-09-28 06:30:00-04:00,30577.0,30581.25,30561.25,30562.5,862
2026-09-28 06:31:00-04:00,30563.25,30576.5,30562.75,30574.75,516
2026-09-28 06:32:00-04:00,30575.5,30576.0,30569.75,30574.0,273
2026-09-28 06:33:00-04:00,30574.0,30578.5,30570.25,30577.75,276
2026-09-28 06:34:00-04:00,30578.25,30580.5,30573.5,30577.5,297
2026-09-28 06:35:00-04:00,30578.25,30584.25,30574.75,30578.75,592
2026-09-28 06:36:00-04:00,30577.5,30578.5,30566.25,30571.0,479
2026-09-28 06:37:00-04:00,30571.25,30576.5,30567.5,30569.75,490
2026-09-28 06:38:00-04:00,30569.0,30571.25,30566.25,30568.25,419
2026-09-28 06:39:00-04:00,30568.0,30578.0,30568.0,30573.0,364
2026-09-28 06:40:00-04:00,30572.75,30577.75,30571.5,30575.5,219
2026-09-28 06:41:00-04:00,30575.75,30585.75,30574.75,30583.0,472
2026-09-28 06:42:00-04:00,30583.25,30583.5,30573.5,30578.75,440
2026-09-28 06:43:00-04:00,30578.25,30580.25,30575.75,30578.0,318
2026-09-28 06:44:00-04:00,30578.5,30579.5,30575.5,30576.0,144
2026-09-28 06:45:00-04:00,30576.25,30579.75,30573.25,30577.75,307
2026-09-28 06:46:00-04:00,30577.75,30586.25,30577.25,30579.5,443
2026-09-28 06:47:00-04:00,30580.5,30581.0,30576.5,30579.75,233
2026-09-28 06:48:00-04:00,30579.25,30583.5,30574.5,30582.5,436
2026-09-28 06:49:00-04:00,30581.75,30589.25,30579.5,30585.0,518
2026-09-28 06:50:00-04:00,30585.0,30596.0,30581.5,30593.5,938
2026-09-28 06:51:00-04:00,30594.0,30601.5,30593.0,30598.75,996
2026-09-28 06:52:00-04:00,30599.0,30616.25,30598.5,30609.75,2816
2026-09-28 06:53:00-04:00,30609.0,30610.25,30602.25,30602.75,947
2026-09-28 06:54:00-04:00,30602.75,30605.5,30597.75,30601.0,686
2026-09-28 06:55:00-04:00,30601.25,30601.75,30591.0,30600.75,1065
2026-09-28 06:56:00-04:00,30600.75,30601.0,30589.5,30590.75,561
2026-09-28 06:57:00-04:00,30590.75,30599.0,30590.25,30592.75,429
2026-09-28 06:58:00-04:00,30592.75,30598.0,30590.75,30597.25,623
2026-09-28 06:59:00-04:00,30595.75,30598.25,30583.5,30585.5,1147
2026-09-28 07:00:00-04:00,30585.75,30644.0,30585.75,30630.25,8258
2026-09-28 07:01:00-04:00,30630.75,30637.75,30615.0,30625.5,3464
2026-09-28 07:02:00-04:00,30625.0,30631.5,30617.0,30629.0,1965
2026-09-28 07:03:00-04:00,30628.5,30631.5,30610.5,30611.5,1945
2026-09-28 07:04:00-04:00,30611.75,30615.75,30604.75,30613.5,1530
2026-09-28 07:05:00-04:00,30614.25,30618.0,30596.75,30600.25,1465
2026-09-28 07:06:00-04:00,30599.75,30606.0,30596.0,30601.25,1228
2026-09-28 07:07:00-04:00,30601.25,30607.75,30592.75,30605.75,1779
2026-09-28 07:08:00-04:00,30605.25,30608.25,30588.5,30602.75,1614
2026-09-28 07:09:00-04:00,30602.75,30611.25,30600.5,30609.5,749
2026-09-28 07:10:00-04:00,30610.5,30610.5,30596.75,30597.0,972
2026-09-28 07:11:00-04:00,30596.25,30601.5,30590.75,30591.0,796
2026-09-28 07:12:00-04:00,30591.75,30602.75,30587.5,30593.0,1174
2026-09-28 07:13:00-04:00,30593.5,30599.0,30589.25,30598.0,699
2026-09-28 07:14:00-04:00,30597.0,30601.25,30592.25,30592.75,596
2026-09-28 07:15:00-04:00,30592.75,30599.75,30589.25,30597.25,631
2026-09-28 07:16:00-04:00,30597.0,30627.75,30590.75,30620.5,6305
2026-09-28 07:17:00-04:00,30620.5,30629.25,30617.0,30623.75,2154
2026-09-28 07:18:00-04:00,30624.5,30626.75,30605.25,30605.75,1267
2026-09-28 07:19:00-04:00,30605.75,30607.75,30588.0,30592.5,1497
2026-09-28 07:20:00-04:00,30591.5,30596.25,30588.25,30595.0,720
2026-09-28 07:21:00-04:00,30594.5,30606.25,30594.5,30605.0,928
2026-09-28 07:22:00-04:00,30606.0,30627.0,30605.25,30624.5,1552
2026-09-28 07:23:00-04:00,30624.5,30636.25,30620.75,30630.0,1293
2026-09-28 07:24:00-04:00,30630.0,30639.75,30628.25,30639.0,853
2026-09-28 07:25:00-04:00,30639.0,30641.0,30632.0,30635.5,919
2026-09-28 07:26:00-04:00,30636.0,30641.25,30630.75,30640.75,834
2026-09-28 07:27:00-04:00,30641.0,30641.0,30633.0,30635.25,524
2026-09-28 07:28:00-04:00,30635.0,30642.0,30634.75,30637.25,663
2026-09-28 07:29:00-04:00,30637.75,30642.75,30633.25,30642.0,659
2026-09-28 07:30:00-04:00,30641.5,30644.5,30627.5,30629.25,1113
2026-09-28 07:31:00-04:00,30628.5,30634.5,30628.25,30631.5,539
2026-09-28 07:32:00-04:00,30631.0,30636.25,30629.0,30629.75,455
2026-09-28 07:33:00-04:00,30629.25,30634.25,30619.25,30633.5,861
2026-09-28 07:34:00-04:00,30633.5,30638.0,30629.75,30636.75,528
2026-09-28 07:35:00-04:00,30637.5,30638.75,30629.5,30633.25,549
2026-09-28 07:36:00-04:00,30633.0,30639.0,30632.5,30636.0,416
2026-09-28 07:37:00-04:00,30636.0,30643.0,30636.0,30640.25,556
2026-09-28 07:38:00-04:00,30639.75,30642.25,30634.0,30634.0,436
2026-09-28 07:39:00-04:00,30634.5,30639.25,30634.5,30635.5,341
2026-09-28 07:40:00-04:00,30636.0,30639.25,30633.0,30635.25,460
2026-09-28 07:41:00-04:00,30635.75,30647.0,30634.25,30634.75,911
2026-09-28 07:42:00-04:00,30635.25,30639.5,30628.5,30633.25,978
2026-09-28 07:43:00-04:00,30633.25,30635.0,30627.0,30631.75,678
2026-09-28 07:44:00-04:00,30632.25,30644.0,30631.25,30643.75,625
2026-09-28 07:45:00-04:00,30644.0,30649.0,30640.5,30642.75,1175
2026-09-28 07:46:00-04:00,30642.75,30644.25,30633.0,30640.75,659
2026-09-28 07:47:00-04:00,30640.5,30643.0,30635.5,30635.5,352
2026-09-28 07:48:00-04:00,30635.75,30640.0,30634.0,30637.75,426
2026-09-28 07:49:00-04:00,30637.75,30639.5,30634.25,30639.0,365
2026-09-28 07:50:00-04:00,30639.0,30639.75,30630.5,30636.0,559
2026-09-28 07:51:00-04:00,30636.25,30640.5,30633.25,30636.5,324
2026-09-28 07:52:00-04:00,30636.75,30645.0,30635.25,30637.5,394
2026-09-28 07:53:00-04:00,30638.0,30638.75,30625.5,30627.75,712
2026-09-28 07:54:00-04:00,30627.75,30632.25,30624.25,30629.0,442
2026-09-28 07:55:00-04:00,30628.25,30636.25,30627.5,30636.25,373
2026-09-28 07:56:00-04:00,30634.5,30644.75,30633.5,30638.5,604
2026-09-28 07:57:00-04:00,30640.25,30645.0,30633.75,30637.75,574
2026-09-28 07:58:00-04:00,30637.75,30639.5,30632.5,30634.5,339
2026-09-28 07:59:00-04:00,30634.5,30641.75,30629.75,30639.75,446
2026-09-28 08:00:00-04:00,30639.75,30645.0,30623.5,30624.25,1359
2026-09-28 08:01:00-04:00,30624.25,30624.75,30610.5,30618.0,1753
2026-09-28 08:02:00-04:00,30619.0,30622.5,30613.75,30620.75,783
2026-09-28 08:03:00-04:00,30619.75,30623.5,30615.5,30621.25,666
2026-09-28 08:04:00-04:00,30621.25,30686.75,30617.0,30681.75,9140
2026-09-28 08:05:00-04:00,30681.5,30697.75,30678.25,30691.75,3521
2026-09-28 08:06:00-04:00,30692.25,30712.25,30690.5,30708.5,3318
2026-09-28 08:07:00-04:00,30707.5,30711.75,30701.25,30705.25,1986
2026-09-28 08:08:00-04:00,30705.25,30707.25,30679.75,30693.75,2898
2026-09-28 08:09:00-04:00,30693.75,30699.75,30689.0,30699.75,1493
2026-09-28 08:10:00-04:00,30698.75,30711.75,30696.0,30702.5,1870
2026-09-28 08:11:00-04:00,30702.5,30719.25,30699.75,30710.25,2043
2026-09-28 08:12:00-04:00,30710.0,30714.25,30689.0,30690.25,2042
2026-09-28 08:13:00-04:00,30690.25,30697.5,30685.25,30693.25,1133
2026-09-28 08:14:00-04:00,30692.5,30704.0,30691.75,30703.0,873
2026-09-28 08:15:00-04:00,30702.5,30709.5,30699.5,30705.25,979
2026-09-28 08:16:00-04:00,30705.5,30712.25,30702.5,30709.5,719
2026-09-28 08:17:00-04:00,30710.0,30718.0,30704.0,30704.75,1896
2026-09-28 08:18:00-04:00,30705.5,30713.75,30703.75,30709.0,628
2026-09-28 08:19:00-04:00,30709.75,30727.5,30708.5,30723.75,2076
2026-09-28 08:20:00-04:00,30724.25,30735.25,30723.25,30734.25,1651
2026-09-28 08:21:00-04:00,30734.75,30736.0,30719.5,30721.5,1708
2026-09-28 08:22:00-04:00,30721.5,30722.25,30694.75,30695.0,2566
2026-09-28 08:23:00-04:00,30695.25,30704.75,30688.25,30704.75,2320
2026-09-28 08:24:00-04:00,30704.25,30710.25,30703.5,30705.5,989
2026-09-28 08:25:00-04:00,30705.5,30707.5,30695.5,30703.25,1263
2026-09-28 08:26:00-04:00,30703.0,30729.5,30699.5,30717.0,3227
2026-09-28 08:27:00-04:00,30717.0,30717.0,30705.0,30711.25,855
2026-09-28 08:28:00-04:00,30710.5,30713.0,30697.0,30697.75,911
2026-09-28 08:29:00-04:00,30699.0,30700.5,30692.0,30694.75,1030
2026-09-28 08:30:00-04:00,30694.5,30702.5,30691.75,30700.75,1557
2026-09-28 08:31:00-04:00,30700.0,30704.5,30696.5,30699.0,1269
2026-09-28 08:32:00-04:00,30699.0,30709.0,30692.0,30706.0,1204
2026-09-28 08:33:00-04:00,30706.25,30708.5,30696.75,30706.5,1106
2026-09-28 08:34:00-04:00,30706.0,30717.75,30699.0,30716.25,1089
2026-09-28 08:35:00-04:00,30715.75,30716.5,30703.0,30714.25,918
2026-09-28 08:36:00-04:00,30715.0,30717.25,30707.0,30708.25,941
2026-09-28 08:37:00-04:00,30708.75,30714.0,30700.75,30712.75,1534
2026-09-28 08:38:00-04:00,30713.25,30714.0,30699.25,30707.75,1241
2026-09-28 08:39:00-04:00,30708.5,30711.75,30702.25,30711.5,690
2026-09-28 08:40:00-04:00,30711.5,30712.0,30694.25,30696.5,1408
2026-09-28 08:41:00-04:00,30697.75,30714.0,30696.75,30712.0,1305
2026-09-28 08:42:00-04:00,30712.25,30718.0,30708.5,30716.75,1243
2026-09-28 08:43:00-04:00,30716.75,30721.0,30711.0,30711.0,1206
2026-09-28 08:44:00-04:00,30712.5,30727.75,30711.75,30727.5,988
2026-09-28 08:45:00-04:00,30727.75,30739.5,30726.75,30738.0,1917
2026-09-28 08:46:00-04:00,30737.5,30743.5,30734.75,30737.0,1622
2026-09-28 08:47:00-04:00,30737.75,30739.5,30723.5,30725.5,1615
2026-09-28 08:48:00-04:00,30724.75,30735.75,30720.5,30733.25,1345
2026-09-28 08:49:00-04:00,30733.5,30734.0,30723.0,30727.75,817
2026-09-28 08:50:00-04:00,30727.0,30735.0,30723.0,30730.0,1086
2026-09-28 08:51:00-04:00,30729.75,30730.5,30721.75,30722.25,605
2026-09-28 08:52:00-04:00,30723.0,30739.0,30722.5,30729.5,1118
2026-09-28 08:53:00-04:00,30728.25,30740.75,30723.5,30740.25,730
2026-09-28 08:54:00-04:00,30740.25,30747.0,30738.5,30741.25,1360
2026-09-28 08:55:00-04:00,30741.0,30742.5,30722.5,30732.25,1529
2026-09-28 08:56:00-04:00,30732.75,30750.5,30730.25,30748.75,1571
2026-09-28 08:57:00-04:00,30748.25,30753.75,30744.75,30748.25,1521
2026-09-28 08:58:00-04:00,30747.25,30748.0,30732.75,30736.75,1558
2026-09-28 08:59:00-04:00,30737.5,30741.75,30735.0,30739.25,715
2026-09-28 09:00:00-04:00,30739.0,30740.25,30716.25,30719.25,2942
2026-09-28 09:01:00-04:00,30719.5,30721.0,30709.0,30711.75,2046
2026-09-28 09:02:00-04:00,30712.25,30715.75,30704.5,30708.25,1636
2026-09-28 09:03:00-04:00,30707.75,30709.25,30702.25,30705.75,1078
2026-09-28 09:04:00-04:00,30706.0,30707.0,30699.0,30700.25,1073
2026-09-28 09:05:00-04:00,30699.75,30704.25,30696.0,30701.5,1388
2026-09-28 09:06:00-04:00,30701.25,30708.75,30699.25,30704.75,1089
2026-09-28 09:07:00-04:00,30704.5,30712.0,30704.0,30711.25,954
2026-09-28 09:08:00-04:00,30709.75,30713.0,30704.25,30709.25,655
2026-09-28 09:09:00-04:00,30709.25,30713.0,30705.0,30707.5,526
2026-09-28 09:10:00-04:00,30708.0,30716.0,30703.5,30713.75,1338
2026-09-28 09:11:00-04:00,30713.75,30717.75,30707.75,30711.75,1526
2026-09-28 09:12:00-04:00,30712.5,30715.75,30703.5,30707.25,885
2026-09-28 09:13:00-04:00,30706.5,30710.0,30701.75,30707.25,1023
2026-09-28 09:14:00-04:00,30707.25,30710.75,30704.5,30708.5,1058
2026-09-28 09:15:00-04:00,30708.5,30714.25,30707.5,30708.75,1151
2026-09-28 09:16:00-04:00,30708.75,30716.5,30708.25,30709.5,1102
2026-09-28 09:17:00-04:00,30710.0,30716.75,30705.75,30707.25,1222
2026-09-28 09:18:00-04:00,30707.75,30710.75,30690.5,30698.75,4385
2026-09-28 09:19:00-04:00,30699.25,30702.25,30690.75,30699.75,2340
2026-09-28 09:20:00-04:00,30699.5,30702.75,30693.5,30702.25,1147
2026-09-28 09:21:00-04:00,30702.0,30708.25,30701.0,30705.5,957
2026-09-28 09:22:00-04:00,30705.5,30705.5,30694.25,30696.5,1195
2026-09-28 09:23:00-04:00,30696.0,30702.25,30692.75,30696.0,999
2026-09-28 09:24:00-04:00,30695.5,30699.75,30693.5,30698.5,1024
2026-09-28 09:25:00-04:00,30697.75,30714.75,30697.5,30712.25,3109
2026-09-28 09:26:00-04:00,30712.25,30720.0,30709.75,30717.0,1884
2026-09-28 09:27:00-04:00,30716.25,30720.0,30708.25,30719.0,2812
2026-09-28 09:28:00-04:00,30719.0,30725.0,30702.25,30722.75,2940
2026-09-28 09:29:00-04:00,30723.0,30723.25,30712.5,30717.5,2389
2026-09-28 09:30:00-04:00,30717.75,30730.0,30691.25,30695.25,12029
2026-09-28 09:31:00-04:00,30695.25,30716.25,30675.0,30709.25,11836
2026-09-28 09:32:00-04:00,30709.5,30759.25,30709.25,30737.75,15451
2026-09-28 09:33:00-04:00,30737.75,30737.75,30692.25,30709.75,12549
2026-09-28 09:34:00-04:00,30709.5,30710.75,30671.5,30677.0,11133
2026-09-28 09:35:00-04:00,30677.25,30679.5,30621.0,30630.25,16712
2026-09-28 09:36:00-04:00,30629.75,30665.5,30617.25,30658.0,12817
2026-09-28 09:37:00-04:00,30657.5,30669.0,30641.5,30643.0,8890
2026-09-28 09:38:00-04:00,30643.0,30654.75,30624.5,30645.0,9422
2026-09-28 09:39:00-04:00,30645.25,30665.5,30639.5,30644.0,7427
2026-09-28 09:40:00-04:00,30643.5,30658.75,30635.25,30648.0,6854
2026-09-28 09:41:00-04:00,30647.75,30652.25,30621.0,30626.0,7120
2026-09-28 09:42:00-04:00,30626.0,30652.0,30624.0,30642.0,6813
2026-09-28 09:43:00-04:00,30642.25,30649.25,30633.5,30646.25,4765
2026-09-28 09:44:00-04:00,30645.5,30645.75,30601.5,30612.0,10909
2026-09-28 09:45:00-04:00,30612.25,30621.0,30597.0,30603.0,10602
2026-09-28 09:46:00-04:00,30603.25,30617.25,30592.25,30611.5,9494
2026-09-28 09:47:00-04:00,30611.75,30643.0,30606.0,30622.5,10678
2026-09-28 09:48:00-04:00,30622.5,30642.25,30613.75,30633.5,8241
2026-09-28 09:49:00-04:00,30634.25,30650.5,30622.25,30628.25,10093
2026-09-28 09:50:00-04:00,30628.75,30639.25,30600.5,30609.75,10772
2026-09-28 09:51:00-04:00,30609.75,30610.75,30582.25,30591.25,12524
2026-09-28 09:52:00-04:00,30591.25,30612.75,30586.25,30608.75,7664
2026-09-28 09:53:00-04:00,30609.25,30650.0,30607.25,30643.25,11667
2026-09-28 09:54:00-04:00,30643.5,30666.75,30638.75,30652.75,10548
2026-09-28 09:55:00-04:00,30653.0,30669.25,30639.25,30644.0,10434
2026-09-28 09:56:00-04:00,30643.5,30644.25,30626.25,30631.75,7978
2026-09-28 09:57:00-04:00,30632.0,30662.25,30629.5,30661.75,6123
2026-09-28 09:58:00-04:00,30662.25,30666.5,30652.5,30653.5,5458
2026-09-28 09:59:00-04:00,30653.5,30658.5,30642.0,30651.0,3909
2026-09-28 10:00:00-04:00,30651.5,30657.5,30634.0,30656.75,7580
2026-09-28 10:01:00-04:00,30656.25,30658.75,30632.75,30641.25,5005
2026-09-28 10:02:00-04:00,30641.25,30642.75,30621.25,30630.5,7477
2026-09-28 10:03:00-04:00,30630.5,30633.75,30610.0,30615.25,6250
2026-09-28 10:04:00-04:00,30614.25,30618.0,30593.5,30596.0,7142
2026-09-28 10:05:00-04:00,30596.0,30599.0,30573.0,30579.75,9598
2026-09-28 10:06:00-04:00,30579.5,30588.75,30566.75,30587.25,7804
2026-09-28 10:07:00-04:00,30587.5,30594.5,30566.5,30577.5,6817
2026-09-28 10:08:00-04:00,30577.75,30583.25,30565.0,30571.0,5323
2026-09-28 10:09:00-04:00,30571.75,30586.5,30562.75,30563.25,6145
2026-09-28 10:10:00-04:00,30563.25,30563.25,30542.75,30544.75,10312
2026-09-28 10:11:00-04:00,30544.5,30545.5,30524.5,30534.5,9613
2026-09-28 10:12:00-04:00,30534.25,30540.25,30523.0,30527.25,7771
2026-09-28 10:13:00-04:00,30527.5,30542.25,30521.0,30533.75,5899
2026-09-28 10:14:00-04:00,30533.5,30534.25,30506.75,30521.5,8963
2026-09-28 10:15:00-04:00,30521.5,30554.25,30520.5,30539.75,10992
2026-09-28 10:16:00-04:00,30539.5,30553.25,30531.25,30552.25,5816
2026-09-28 10:17:00-04:00,30551.75,30569.75,30548.25,30569.5,6624
2026-09-28 10:18:00-04:00,30569.25,30577.5,30564.25,30570.75,6835
2026-09-28 10:19:00-04:00,30570.75,30578.0,30568.25,30570.75,3908
2026-09-28 10:20:00-04:00,30570.75,30583.75,30553.5,30580.5,9095
2026-09-28 10:21:00-04:00,30580.25,30585.25,30560.0,30570.5,5338
2026-09-28 10:22:00-04:00,30571.0,30601.0,30570.25,30599.0,9071
2026-09-28 10:23:00-04:00,30599.0,30599.5,30583.75,30588.75,5692
2026-09-28 10:24:00-04:00,30589.5,30590.0,30579.5,30586.5,4394
2026-09-28 10:25:00-04:00,30587.0,30590.0,30568.25,30571.0,6302
2026-09-28 10:26:00-04:00,30571.25,30576.5,30554.75,30565.75,7313
2026-09-28 10:27:00-04:00,30565.5,30571.75,30559.75,30564.5,4046
2026-09-28 10:28:00-04:00,30564.5,30570.0,30556.25,30567.0,4429
2026-09-28 10:29:00-04:00,30566.75,30567.5,30541.75,30547.75,7271
2026-09-28 10:30:00-04:00,30547.5,30551.5,30540.25,30546.5,4764
2026-09-28 10:31:00-04:00,30546.5,30550.25,30538.0,30546.25,4121
2026-09-28 10:32:00-04:00,30546.0,30558.75,30540.5,30556.0,4894
2026-09-28 10:33:00-04:00,30556.0,30563.5,30539.75,30547.25,6707
2026-09-28 10:34:00-04:00,30547.0,30551.0,30543.75,30546.75,2441
2026-09-28 10:35:00-04:00,30546.25,30551.0,30536.0,30540.25,4179
2026-09-28 10:36:00-04:00,30540.5,30548.0,30532.75,30535.25,4473
2026-09-28 10:37:00-04:00,30535.25,30542.5,30513.0,30513.25,7564
2026-09-28 10:38:00-04:00,30513.75,30515.5,30489.5,30498.75,12862
2026-09-28 10:39:00-04:00,30498.25,30510.25,30494.25,30499.25,6849
2026-09-28 10:40:00-04:00,30499.5,30512.25,30492.5,30500.5,6836
2026-09-28 10:41:00-04:00,30501.0,30507.75,30487.5,30500.5,7809
2026-09-28 10:42:00-04:00,30501.0,30502.5,30477.25,30480.75,8115
2026-09-28 10:43:00-04:00,30481.0,30481.25,30441.25,30442.75,13191
2026-09-28 10:44:00-04:00,30443.5,30443.5,30425.25,30428.75,11120
2026-09-28 10:45:00-04:00,30428.5,30434.25,30397.75,30408.0,16048
2026-09-28 10:46:00-04:00,30408.0,30415.75,30394.5,30400.75,10603
2026-09-28 10:47:00-04:00,30400.5,30400.75,30366.0,30372.75,15576
2026-09-28 10:48:00-04:00,30373.0,30381.5,30356.5,30377.0,12374
2026-09-28 10:49:00-04:00,30377.75,30392.75,30375.75,30386.75,8761
2026-09-28 10:50:00-04:00,30386.75,30415.0,30381.75,30404.0,13670
2026-09-28 10:51:00-04:00,30403.5,30408.25,30384.5,30387.25,8247
2026-09-28 10:52:00-04:00,30386.25,30399.75,30378.25,30383.5,7500
2026-09-28 10:53:00-04:00,30383.5,30398.75,30378.5,30383.25,5574
2026-09-28 10:54:00-04:00,30383.25,30391.0,30373.5,30379.5,6425
2026-09-28 10:55:00-04:00,30379.5,30384.5,30370.75,30372.75,6615
2026-09-28 10:56:00-04:00,30373.5,30410.0,30373.5,30407.25,7978
2026-09-28 10:57:00-04:00,30407.75,30418.0,30396.25,30412.0,6510
2026-09-28 10:58:00-04:00,30412.25,30420.75,30399.75,30407.5,7753
2026-09-28 10:59:00-04:00,30407.25,30410.75,30395.5,30409.75,5039
2026-09-28 11:00:00-04:00,30409.75,30424.75,30405.0,30415.0,7834
2026-09-28 11:01:00-04:00,30415.0,30434.5,30411.75,30422.75,8552
2026-09-28 11:02:00-04:00,30423.0,30437.0,30422.5,30430.5,5383
2026-09-28 11:03:00-04:00,30430.25,30446.25,30429.75,30444.75,6050
2026-09-28 11:04:00-04:00,30444.75,30446.0,30435.0,30441.0,3714
2026-09-28 11:05:00-04:00,30441.0,30449.75,30436.0,30443.5,5349
2026-09-28 11:06:00-04:00,30443.25,30459.75,30428.25,30456.25,8275
2026-09-28 11:07:00-04:00,30456.25,30482.0,30456.25,30480.5,7982
2026-09-28 11:08:00-04:00,30480.5,30489.75,30474.0,30476.5,6271
2026-09-28 11:09:00-04:00,30476.5,30492.5,30475.5,30491.5,4676
2026-09-28 11:10:00-04:00,30492.0,30496.75,30478.5,30479.5,6662
2026-09-28 11:11:00-04:00,30479.25,30498.75,30478.0,30488.25,5498
2026-09-28 11:12:00-04:00,30488.25,30498.5,30483.75,30497.75,3485
2026-09-28 11:13:00-04:00,30498.25,30502.75,30487.5,30490.5,4705
2026-09-28 11:14:00-04:00,30490.75,30490.75,30474.5,30482.0,5423
2026-09-28 11:15:00-04:00,30482.5,30484.0,30472.0,30473.0,3949
2026-09-28 11:16:00-04:00,30473.0,30474.0,30455.5,30461.25,6718
2026-09-28 11:17:00-04:00,30461.25,30462.5,30447.75,30459.5,5122
2026-09-28 11:18:00-04:00,30459.5,30466.75,30450.5,30459.25,4697
2026-09-28 11:19:00-04:00,30458.75,30472.75,30452.5,30465.75,4452
2026-09-28 11:20:00-04:00,30465.5,30470.75,30458.5,30470.0,3513
2026-09-28 11:21:00-04:00,30469.0,30470.75,30454.0,30461.5,3782
2026-09-28 11:22:00-04:00,30461.5,30464.0,30453.25,30456.0,2941
2026-09-28 11:23:00-04:00,30456.75,30471.75,30455.0,30467.5,2998
2026-09-28 11:24:00-04:00,30467.25,30479.75,30462.0,30471.75,5020
2026-09-28 11:25:00-04:00,30471.75,30495.0,30460.5,30485.5,10343
2026-09-28 11:26:00-04:00,30485.5,30502.0,30478.0,30502.0,6396
2026-09-28 11:27:00-04:00,30501.75,30502.25,30490.0,30493.75,4468
2026-09-28 11:28:00-04:00,30493.75,30498.25,30484.5,30490.75,3575
2026-09-28 11:29:00-04:00,30490.75,30498.25,30485.75,30494.5,3156
2026-09-28 11:30:00-04:00,30494.25,30498.5,30483.25,30494.5,4165
2026-09-28 11:31:00-04:00,30494.0,30495.5,30472.75,30478.0,4199
2026-09-28 11:32:00-04:00,30478.25,30495.5,30477.5,30490.0,3794
2026-09-28 11:33:00-04:00,30490.0,30494.75,30476.0,30479.75,3531
2026-09-28 11:34:00-04:00,30479.75,30495.0,30477.5,30493.5,2976
2026-09-28 11:35:00-04:00,30494.25,30499.25,30486.0,30496.75,3138
2026-09-28 11:36:00-04:00,30497.25,30518.5,30495.75,30517.75,7917
2026-09-28 11:37:00-04:00,30517.75,30523.5,30513.0,30517.75,4836
2026-09-28 11:38:00-04:00,30518.0,30530.25,30515.0,30524.0,3698
2026-09-28 11:39:00-04:00,30524.5,30531.25,30520.25,30526.5,3219
2026-09-28 11:40:00-04:00,30527.0,30528.5,30493.0,30496.0,6521
2026-09-28 11:41:00-04:00,30496.0,30498.25,30472.5,30475.5,6802
2026-09-28 11:42:00-04:00,30475.75,30482.5,30470.25,30471.0,4324
2026-09-28 11:43:00-04:00,30471.0,30472.25,30456.5,30457.25,5713
2026-09-28 11:44:00-04:00,30457.5,30474.0,30455.75,30473.25,4121
2026-09-28 11:45:00-04:00,30473.25,30474.25,30463.25,30472.5,3435
2026-09-28 11:46:00-04:00,30472.25,30481.5,30463.25,30474.0,4423
2026-09-28 11:47:00-04:00,30474.25,30482.75,30471.5,30480.25,2431
2026-09-28 11:48:00-04:00,30479.75,30487.25,30477.25,30480.75,2730
2026-09-28 11:49:00-04:00,30480.5,30490.75,30480.0,30484.5,2630
2026-09-28 11:50:00-04:00,30484.25,30500.0,30482.0,30490.75,4347
2026-09-28 11:51:00-04:00,30490.75,30491.5,30478.25,30484.5,3517
2026-09-28 11:52:00-04:00,30484.5,30489.75,30478.75,30481.75,2085
2026-09-28 11:53:00-04:00,30481.75,30493.75,30476.5,30490.5,2723
2026-09-28 11:54:00-04:00,30490.5,30507.25,30487.75,30507.0,4543
2026-09-28 11:55:00-04:00,30506.75,30517.75,30505.75,30512.75,4517
2026-09-28 11:56:00-04:00,30513.25,30524.75,30511.25,30521.5,3374
2026-09-28 11:57:00-04:00,30522.0,30524.75,30512.25,30516.5,3420
2026-09-28 11:58:00-04:00,30516.5,30522.75,30513.0,30519.75,2392
2026-09-28 11:59:00-04:00,30519.25,30528.0,30518.0,30522.25,2457
2026-09-28 12:00:00-04:00,30522.25,30525.75,30504.0,30511.0,6173
2026-09-28 12:01:00-04:00,30511.0,30516.5,30500.25,30506.75,3409
2026-09-28 12:02:00-04:00,30507.25,30511.0,30503.25,30508.25,1996
2026-09-28 12:03:00-04:00,30508.25,30513.5,30501.5,30506.0,2506
2026-09-28 12:04:00-04:00,30506.0,30512.0,30502.5,30508.0,2135
2026-09-28 12:05:00-04:00,30507.75,30511.5,30497.75,30503.25,2859
2026-09-28 12:06:00-04:00,30503.0,30516.0,30498.5,30513.25,3452
2026-09-28 12:07:00-04:00,30513.0,30523.75,30509.75,30518.0,2419
2026-09-28 12:08:00-04:00,30518.5,30530.25,30516.75,30522.5,3193
2026-09-28 12:09:00-04:00,30521.75,30525.0,30514.5,30523.25,2601
2026-09-28 12:10:00-04:00,30523.5,30535.25,30522.0,30529.0,4070
2026-09-28 12:11:00-04:00,30529.75,30537.25,30525.0,30526.75,3472
2026-09-28 12:12:00-04:00,30526.75,30529.25,30509.25,30515.5,4190
2026-09-28 12:13:00-04:00,30515.5,30517.75,30509.25,30515.0,2042
2026-09-28 12:14:00-04:00,30514.0,30518.25,30512.0,30516.0,1897
2026-09-28 12:15:00-04:00,30515.75,30523.25,30511.25,30519.75,2401
2026-09-28 12:16:00-04:00,30519.5,30580.5,30513.25,30572.75,23325
2026-09-28 12:17:00-04:00,30572.75,30591.5,30558.75,30570.5,14105
2026-09-28 12:18:00-04:00,30571.0,30581.5,30565.75,30566.25,6573
2026-09-28 12:19:00-04:00,30566.25,30575.75,30553.0,30575.25,6205
2026-09-28 12:20:00-04:00,30575.25,30617.25,30564.5,30609.5,13593
2026-09-28 12:21:00-04:00,30609.75,30626.0,30605.75,30617.75,10742
2026-09-28 12:22:00-04:00,30617.25,30628.75,30613.25,30621.25,8082
2026-09-28 12:23:00-04:00,30620.0,30628.0,30602.5,30619.5,7164
2026-09-28 12:24:00-04:00,30619.0,30642.5,30613.0,30633.25,11253
2026-09-28 12:25:00-04:00,30633.25,30655.75,30630.75,30652.25,8321
2026-09-28 12:26:00-04:00,30652.25,30717.0,30647.5,30704.0,19699
2026-09-28 12:27:00-04:00,30704.25,30722.0,30693.0,30709.25,15746
2026-09-28 12:28:00-04:00,30709.75,30721.0,30688.5,30694.5,10403
2026-09-28 12:29:00-04:00,30694.75,30707.0,30675.0,30683.0,8493
2026-09-28 12:30:00-04:00,30683.25,30688.75,30658.0,30666.0,8913
2026-09-28 12:31:00-04:00,30666.25,30672.75,30660.0,30668.25,5674
2026-09-28 12:32:00-04:00,30667.5,30669.25,30623.5,30628.0,11073
2026-09-28 12:33:00-04:00,30628.0,30650.25,30625.25,30646.5,8788
2026-09-28 12:34:00-04:00,30645.25,30658.5,30642.25,30655.0,4654
2026-09-28 12:35:00-04:00,30654.5,30663.75,30649.25,30656.75,4028
2026-09-28 12:36:00-04:00,30657.0,30670.75,30654.25,30669.0,4156
2026-09-28 12:37:00-04:00,30669.0,30670.75,30652.75,30662.75,4193
2026-09-28 12:38:00-04:00,30662.75,30663.75,30634.5,30637.5,4785
2026-09-28 12:39:00-04:00,30637.25,30638.75,30628.25,30635.75,3595
2026-09-28 12:40:00-04:00,30635.5,30645.0,30626.0,30628.0,4560
2026-09-28 12:41:00-04:00,30627.25,30629.0,30607.0,30607.75,5352
2026-09-28 12:42:00-04:00,30607.75,30611.0,30593.75,30594.5,4627
2026-09-28 12:43:00-04:00,30594.5,30604.0,30589.0,30598.25,3983
2026-09-28 12:44:00-04:00,30598.25,30606.75,30594.75,30600.75,3111
2026-09-28 12:45:00-04:00,30600.75,30624.25,30600.75,30606.25,6708
2026-09-28 12:46:00-04:00,30606.25,30625.0,30598.5,30614.0,4066
2026-09-28 12:47:00-04:00,30614.25,30619.25,30605.5,30609.75,2879
2026-09-28 12:48:00-04:00,30609.25,30609.75,30594.0,30594.25,3123
2026-09-28 12:49:00-04:00,30594.5,30605.5,30593.0,30604.0,2628
2026-09-28 12:50:00-04:00,30603.75,30614.25,30596.75,30598.75,3181
2026-09-28 12:51:00-04:00,30598.75,30603.0,30586.5,30598.25,4229
2026-09-28 12:52:00-04:00,30598.25,30606.25,30589.25,30602.5,2957
2026-09-28 12:53:00-04:00,30603.0,30606.75,30594.0,30605.25,2195
2026-09-28 12:54:00-04:00,30605.0,30614.0,30604.25,30611.0,3017
2026-09-28 12:55:00-04:00,30610.75,30615.75,30605.25,30608.5,2146
2026-09-28 12:56:00-04:00,30608.75,30612.25,30602.0,30607.5,1810
2026-09-28 12:57:00-04:00,30607.25,30609.75,30600.0,30604.0,2111
2026-09-28 12:58:00-04:00,30604.75,30608.5,30600.0,30602.25,1433
2026-09-28 12:59:00-04:00,30602.25,30607.5,30595.75,30602.5,2542
2026-09-28 13:00:00-04:00,30602.25,30604.0,30576.25,30582.0,6391
2026-09-28 13:01:00-04:00,30582.0,30596.25,30578.25,30592.25,3543
2026-09-28 13:02:00-04:00,30593.0,30595.0,30577.25,30584.5,3191
2026-09-28 13:03:00-04:00,30585.5,30587.75,30580.0,30583.5,1789
2026-09-28 13:04:00-04:00,30583.75,30593.25,30583.0,30588.75,2137
2026-09-28 13:05:00-04:00,30589.25,30592.0,30577.75,30578.75,2755
2026-09-28 13:06:00-04:00,30578.25,30584.25,30568.5,30582.5,4127
2026-09-28 13:07:00-04:00,30582.5,30585.75,30569.0,30570.0,2650
2026-09-28 13:08:00-04:00,30569.75,30572.75,30563.75,30571.0,3368
2026-09-28 13:09:00-04:00,30571.0,30576.5,30566.0,30569.0,2306
2026-09-28 13:10:00-04:00,30569.0,30575.0,30567.75,30571.25,1625
2026-09-28 13:11:00-04:00,30571.75,30688.0,30570.75,30678.5,25330
2026-09-28 13:12:00-04:00,30678.5,30695.25,30650.25,30663.25,19936
2026-09-28 13:13:00-04:00,30662.25,30691.5,30658.0,30680.75,9687
2026-09-28 13:14:00-04:00,30680.25,30692.0,30664.5,30691.5,9878
2026-09-28 13:15:00-04:00,30691.0,30691.5,30647.25,30675.25,10019
2026-09-28 13:16:00-04:00,30675.5,30681.75,30664.25,30673.5,6109
2026-09-28 13:17:00-04:00,30673.5,30676.75,30633.75,30648.0,11173
2026-09-28 13:18:00-04:00,30647.75,30650.75,30621.25,30623.0,7492
2026-09-28 13:19:00-04:00,30623.25,30624.25,30606.0,30610.25,6041
2026-09-28 13:20:00-04:00,30610.25,30612.0,30598.5,30608.5,4748
2026-09-28 13:21:00-04:00,30608.0,30616.25,30605.75,30607.75,3778
2026-09-28 13:22:00-04:00,30608.5,30621.5,30607.5,30613.0,3910
2026-09-28 13:23:00-04:00,30613.25,30627.75,30612.25,30618.25,3641
2026-09-28 13:24:00-04:00,30618.5,30632.5,30617.25,30625.75,2612
2026-09-28 13:25:00-04:00,30626.75,30636.25,30622.5,30630.5,3523
2026-09-28 13:26:00-04:00,30630.25,30631.0,30603.25,30604.0,4434
2026-09-28 13:27:00-04:00,30604.0,30611.0,30601.0,30607.5,2746
2026-09-28 13:28:00-04:00,30607.25,30617.0,30607.25,30614.5,2517
2026-09-28 13:29:00-04:00,30614.75,30621.0,30610.0,30614.0,2736
2026-09-28 13:30:00-04:00,30614.25,30627.5,30613.0,30623.25,2588
2026-09-28 13:31:00-04:00,30623.0,30637.25,30620.75,30635.5,3213
2026-09-28 13:32:00-04:00,30635.25,30643.5,30634.0,30637.25,3044
2026-09-28 13:33:00-04:00,30637.25,30642.0,30627.5,30628.25,2553
2026-09-28 13:34:00-04:00,30628.25,30635.25,30620.75,30633.25,2452
2026-09-28 13:35:00-04:00,30633.25,30641.5,30629.0,30639.5,2079
2026-09-28 13:36:00-04:00,30639.75,30645.75,30633.25,30640.0,1863
2026-09-28 13:37:00-04:00,30640.75,30644.25,30616.75,30618.5,3440
2026-09-28 13:38:00-04:00,30618.75,30633.75,30616.75,30630.25,1873
2026-09-28 13:39:00-04:00,30631.25,30633.25,30626.75,30629.75,1107
2026-09-28 13:40:00-04:00,30630.0,30635.0,30626.0,30630.75,1239
2026-09-28 13:41:00-04:00,30630.5,30636.25,30626.5,30633.5,1014
2026-09-28 13:42:00-04:00,30633.25,30633.25,30615.0,30623.75,2518
2026-09-28 13:43:00-04:00,30624.25,30627.25,30621.5,30625.0,1277
2026-09-28 13:44:00-04:00,30624.75,30626.25,30620.0,30624.25,1113
2026-09-28 13:45:00-04:00,30624.5,30636.75,30622.0,30624.75,2253
2026-09-28 13:46:00-04:00,30625.0,30629.75,30621.0,30628.75,1152
2026-09-28 13:47:00-04:00,30628.5,30628.75,30619.25,30619.75,1485
2026-09-28 13:48:00-04:00,30619.75,30640.0,30618.5,30640.0,2416
2026-09-28 13:49:00-04:00,30639.5,30640.5,30625.5,30636.25,1977
2026-09-28 13:50:00-04:00,30635.25,30638.0,30629.25,30629.5,1210
2026-09-28 13:51:00-04:00,30629.25,30633.25,30622.5,30632.5,1613
2026-09-28 13:52:00-04:00,30632.5,30636.25,30627.75,30628.0,1336
2026-09-28 13:53:00-04:00,30628.25,30631.75,30625.5,30626.25,808
2026-09-28 13:54:00-04:00,30626.0,30634.25,30626.0,30630.0,1260
2026-09-28 13:55:00-04:00,30630.0,30632.5,30610.5,30626.75,5482
2026-09-28 13:56:00-04:00,30626.75,30628.0,30620.0,30621.75,1976
2026-09-28 13:57:00-04:00,30622.0,30627.75,30619.5,30620.5,1470
2026-09-28 13:58:00-04:00,30621.25,30632.25,30618.0,30624.25,2329
2026-09-28 13:59:00-04:00,30624.25,30627.0,30620.25,30626.0,901
2026-09-28 14:00:00-04:00,30625.25,30631.5,30613.25,30616.5,2746
2026-09-28 14:01:00-04:00,30616.5,30618.5,30601.5,30613.25,3845
2026-09-28 14:02:00-04:00,30613.5,30629.5,30612.75,30628.5,2320
2026-09-28 14:03:00-04:00,30628.0,30633.5,30624.25,30629.75,2289
2026-09-28 14:04:00-04:00,30630.0,30641.25,30629.75,30638.0,2433
2026-09-28 14:05:00-04:00,30638.75,30643.25,30632.5,30639.5,2000
2026-09-28 14:06:00-04:00,30639.0,30641.25,30628.5,30631.25,1824
2026-09-28 14:07:00-04:00,30631.5,30633.25,30622.25,30628.0,2309
2026-09-28 14:08:00-04:00,30628.25,30631.5,30623.0,30630.75,1095
2026-09-28 14:09:00-04:00,30630.5,30634.0,30626.75,30629.5,1336
2026-09-28 14:10:00-04:00,30629.25,30640.75,30628.75,30636.0,1743
2026-09-28 14:11:00-04:00,30636.25,30639.75,30631.75,30637.75,1167
2026-09-28 14:12:00-04:00,30638.5,30645.25,30633.5,30635.0,2479
2026-09-28 14:13:00-04:00,30635.25,30635.25,30628.75,30632.5,1186
2026-09-28 14:14:00-04:00,30632.75,30640.25,30632.0,30639.0,989
2026-09-28 14:15:00-04:00,30639.75,30645.75,30636.25,30639.25,1687
2026-09-28 14:16:00-04:00,30639.25,30643.25,30635.5,30642.5,1343
2026-09-28 14:17:00-04:00,30643.5,30645.0,30625.25,30626.5,1798
2026-09-28 14:18:00-04:00,30626.25,30632.75,30621.5,30627.75,2531
2026-09-28 14:19:00-04:00,30628.25,30630.0,30620.25,30621.0,1316
2026-09-28 14:20:00-04:00,30621.25,30626.75,30620.5,30622.0,872
2026-09-28 14:21:00-04:00,30622.0,30629.25,30620.75,30628.0,945
2026-09-28 14:22:00-04:00,30627.75,30632.5,30625.75,30630.0,1017
2026-09-28 14:23:00-04:00,30629.5,30630.0,30611.5,30612.25,2483
2026-09-28 14:24:00-04:00,30612.5,30614.75,30605.25,30614.25,2405
2026-09-28 14:25:00-04:00,30614.5,30618.5,30612.75,30617.75,1716
2026-09-28 14:26:00-04:00,30617.5,30623.25,30616.25,30620.75,1333
2026-09-28 14:27:00-04:00,30620.75,30627.0,30619.25,30619.75,1317
2026-09-28 14:28:00-04:00,30620.0,30627.0,30620.0,30621.75,1268
2026-09-28 14:29:00-04:00,30621.5,30622.75,30617.75,30620.75,986
2026-09-28 14:30:00-04:00,30621.0,30632.0,30610.75,30619.5,5111
2026-09-28 14:31:00-04:00,30620.0,30620.0,30602.25,30609.25,2690
2026-09-28 14:32:00-04:00,30608.75,30609.5,30600.5,30605.0,1890
2026-09-28 14:33:00-04:00,30604.75,30610.75,30603.75,30607.5,2201
2026-09-28 14:34:00-04:00,30607.75,30618.5,30605.5,30614.25,1734
2026-09-28 14:35:00-04:00,30614.0,30615.75,30610.25,30614.0,1129
2026-09-28 14:36:00-04:00,30613.5,30614.75,30605.75,30611.5,1405
2026-09-28 14:37:00-04:00,30612.5,30615.75,30609.25,30610.5,1131
2026-09-28 14:38:00-04:00,30610.75,30612.75,30595.25,30597.0,3141
2026-09-28 14:39:00-04:00,30597.0,30597.25,30578.75,30585.0,5172
2026-09-28 14:40:00-04:00,30585.25,30599.0,30581.25,30598.0,3681
2026-09-28 14:41:00-04:00,30597.75,30608.75,30596.5,30606.75,3151
2026-09-28 14:42:00-04:00,30606.75,30611.0,30599.25,30604.25,2052
2026-09-28 14:43:00-04:00,30604.25,30615.0,30603.5,30615.0,2026
2026-09-28 14:44:00-04:00,30615.0,30627.0,30612.75,30626.0,3318
2026-09-28 14:45:00-04:00,30625.25,30628.0,30620.0,30620.75,2289
2026-09-28 14:46:00-04:00,30620.75,30625.75,30616.75,30621.0,1704
2026-09-28 14:47:00-04:00,30620.5,30623.5,30610.25,30622.75,1987
2026-09-28 14:48:00-04:00,30622.75,30633.75,30611.0,30625.75,5204
2026-09-28 14:49:00-04:00,30625.75,30637.5,30617.75,30632.25,3426
2026-09-28 14:50:00-04:00,30632.75,30636.75,30627.0,30629.5,2509
2026-09-28 14:51:00-04:00,30630.25,30633.25,30620.5,30633.25,1841
2026-09-28 14:52:00-04:00,30632.75,30639.75,30632.0,30634.25,1506
2026-09-28 14:53:00-04:00,30634.5,30650.75,30630.25,30634.25,5750
2026-09-28 14:54:00-04:00,30634.5,30640.0,30622.25,30638.75,2915
2026-09-28 14:55:00-04:00,30638.25,30640.75,30629.75,30638.75,2520
2026-09-28 14:56:00-04:00,30638.75,30644.5,30636.0,30639.75,1814
2026-09-28 14:57:00-04:00,30639.75,30644.0,30635.5,30637.5,1788
2026-09-28 14:58:00-04:00,30637.25,30650.0,30635.75,30644.25,1962
2026-09-28 14:59:00-04:00,30644.0,30645.5,30636.25,30639.25,1511
2026-09-28 15:00:00-04:00,30639.0,30641.25,30612.0,30616.25,4197
2026-09-28 15:01:00-04:00,30616.75,30617.75,30606.5,30606.5,2482
2026-09-28 15:02:00-04:00,30606.5,30609.75,30597.25,30603.0,4710
2026-09-28 15:03:00-04:00,30602.75,30616.75,30599.0,30613.25,3629
2026-09-28 15:04:00-04:00,30613.0,30618.0,30611.25,30615.5,1490
2026-09-28 15:05:00-04:00,30615.0,30620.75,30613.5,30615.5,1413
2026-09-28 15:06:00-04:00,30615.0,30618.25,30596.75,30600.25,2706
2026-09-28 15:07:00-04:00,30600.25,30604.75,30594.0,30599.0,2574
2026-09-28 15:08:00-04:00,30599.0,30602.0,30594.75,30597.25,2082
2026-09-28 15:09:00-04:00,30597.5,30601.0,30593.75,30594.5,1358
2026-09-28 15:10:00-04:00,30594.75,30595.25,30586.75,30591.25,2571
2026-09-28 15:11:00-04:00,30590.5,30595.75,30586.25,30586.5,1781
2026-09-28 15:12:00-04:00,30586.75,30591.5,30583.5,30589.25,1731
2026-09-28 15:13:00-04:00,30589.25,30594.25,30576.0,30578.5,3603
2026-09-28 15:14:00-04:00,30578.75,30580.0,30573.0,30576.75,2984
2026-09-28 15:15:00-04:00,30576.75,30581.0,30569.0,30578.5,3865
2026-09-28 15:16:00-04:00,30578.5,30591.25,30575.75,30581.75,4008
2026-09-28 15:17:00-04:00,30581.75,30591.5,30579.0,30591.0,2800
2026-09-28 15:18:00-04:00,30591.0,30594.75,30588.0,30592.0,2755
2026-09-28 15:19:00-04:00,30591.5,30593.75,30582.25,30588.5,2615
2026-09-28 15:20:00-04:00,30588.0,30594.75,30586.5,30589.25,2437
2026-09-28 15:21:00-04:00,30589.5,30602.25,30583.5,30597.25,3379
2026-09-28 15:22:00-04:00,30597.5,30598.5,30587.5,30594.0,2275
2026-09-28 15:23:00-04:00,30593.5,30596.0,30587.25,30592.0,1035
2026-09-28 15:24:00-04:00,30592.25,30596.25,30589.75,30596.25,964
2026-09-28 15:25:00-04:00,30596.0,30605.75,30590.75,30602.25,5158
2026-09-28 15:26:00-04:00,30601.75,30605.5,30596.75,30603.5,1870
2026-09-28 15:27:00-04:00,30603.0,30604.25,30592.25,30596.25,1650
2026-09-28 15:28:00-04:00,30596.5,30602.75,30589.75,30601.0,2874
2026-09-28 15:29:00-04:00,30600.5,30601.0,30589.25,30596.25,1592
2026-09-28 15:30:00-04:00,30595.75,30598.75,30575.75,30575.75,3507
2026-09-28 15:31:00-04:00,30575.75,30584.25,30574.5,30582.75,2364
2026-09-28 15:32:00-04:00,30583.25,30597.25,30573.0,30585.0,4495
2026-09-28 15:33:00-04:00,30585.75,30596.25,30578.25,30583.75,3681
2026-09-28 15:34:00-04:00,30583.5,30592.25,30576.0,30588.25,2495
2026-09-28 15:35:00-04:00,30587.75,30593.5,30579.0,30582.0,2086
2026-09-28 15:36:00-04:00,30581.75,30581.75,30567.25,30571.0,2595
2026-09-28 15:37:00-04:00,30571.0,30571.75,30562.0,30564.0,2984
2026-09-28 15:38:00-04:00,30564.0,30566.0,30552.75,30554.5,2996
2026-09-28 15:39:00-04:00,30553.75,30554.25,30541.25,30545.5,4651
2026-09-28 15:40:00-04:00,30545.75,30553.5,30545.75,30548.25,2727
2026-09-28 15:41:00-04:00,30548.5,30561.5,30548.5,30556.75,3469
2026-09-28 15:42:00-04:00,30556.25,30566.25,30552.25,30563.5,2998
2026-09-28 15:43:00-04:00,30563.75,30566.0,30556.75,30557.5,2199
2026-09-28 15:44:00-04:00,30557.5,30562.25,30555.75,30560.25,1083
2026-09-28 15:45:00-04:00,30560.75,30568.5,30558.0,30567.5,1906
2026-09-28 15:46:00-04:00,30567.25,30574.5,30565.0,30570.5,2712
2026-09-28 15:47:00-04:00,30570.25,30575.5,30565.25,30572.25,1496
2026-09-28 15:48:00-04:00,30571.75,30572.0,30559.75,30567.0,2238
2026-09-28 15:49:00-04:00,30567.0,30567.25,30553.5,30557.0,2389
2026-09-28 15:50:00-04:00,30557.0,30570.0,30546.75,30551.0,6402
2026-09-28 15:51:00-04:00,30551.5,30568.5,30550.0,30564.0,2614
2026-09-28 15:52:00-04:00,30564.75,30564.75,30550.25,30551.5,2147
2026-09-28 15:53:00-04:00,30551.0,30555.75,30545.75,30549.25,2157
2026-09-28 15:54:00-04:00,30549.0,30550.0,30534.0,30536.75,6322
2026-09-28 15:55:00-04:00,30536.5,30554.0,30535.0,30544.5,5335
2026-09-28 15:56:00-04:00,30544.25,30553.5,30542.0,30550.75,2161
2026-09-28 15:57:00-04:00,30550.5,30564.0,30547.75,30564.0,2734
2026-09-28 15:58:00-04:00,30564.0,30576.0,30558.5,30573.75,4440
2026-09-28 15:59:00-04:00,30573.75,30574.5,30558.5,30566.75,12425
2026-09-28 16:00:00-04:00,30567.0,30576.25,30565.0,30572.0,4045
2026-09-28 16:01:00-04:00,30571.5,30575.5,30566.5,30566.5,1374
2026-09-28 16:02:00-04:00,30566.5,30572.0,30564.25,30572.0,967
2026-09-28 16:03:00-04:00,30571.25,30576.0,30565.0,30565.0,918
2026-09-28 16:04:00-04:00,30565.5,30578.75,30564.25,30573.0,1283
2026-09-28 16:05:00-04:00,30573.5,30574.0,30561.25,30565.25,1362
2026-09-28 16:06:00-04:00,30566.0,30574.5,30565.25,30573.25,717
2026-09-28 16:07:00-04:00,30572.0,30572.75,30564.5,30565.25,593
2026-09-28 16:08:00-04:00,30565.25,30565.5,30552.5,30554.5,1358
2026-09-28 16:09:00-04:00,30555.0,30561.75,30552.75,30560.75,1097
2026-09-28 16:10:00-04:00,30561.75,30563.75,30557.0,30559.0,669
2026-09-28 16:11:00-04:00,30559.25,30562.0,30555.0,30556.0,369
2026-09-28 16:12:00-04:00,30556.0,30556.25,30548.25,30553.5,1025
2026-09-28 16:13:00-04:00,30552.75,30559.25,30550.75,30558.5,810
2026-09-28 16:14:00-04:00,30558.5,30562.0,30556.75,30557.5,640
2026-09-28 16:15:00-04:00,30557.75,30562.25,30552.75,30556.25,1029
2026-09-28 16:16:00-04:00,30556.25,30557.0,30552.75,30555.75,389
2026-09-28 16:17:00-04:00,30555.5,30558.75,30554.25,30556.25,180
2026-09-28 16:18:00-04:00,30556.25,30557.75,30552.5,30557.25,272
2026-09-28 16:19:00-04:00,30557.25,30560.25,30557.0,30559.5,317
2026-09-28 16:20:00-04:00,30559.75,30561.5,30558.5,30560.5,377
2026-09-28 16:21:00-04:00,30561.25,30563.75,30558.75,30562.25,368
2026-09-28 16:22:00-04:00,30562.5,30564.5,30562.0,30563.5,284
2026-09-28 16:23:00-04:00,30563.5,30564.0,30561.5,30562.0,155
2026-09-28 16:24:00-04:00,30562.5,30562.5,30559.5,30561.0,155
2026-09-28 16:25:00-04:00,30561.0,30561.25,30557.5,30559.75,236
2026-09-28 16:26:00-04:00,30559.5,30563.5,30559.5,30563.5,138
2026-09-28 16:27:00-04:00,30563.5,30567.25,30563.5,30565.5,532
2026-09-28 16:28:00-04:00,30565.0,30565.75,30562.0,30563.25,220
2026-09-28 16:29:00-04:00,30562.75,30566.5,30562.5,30564.25,185
2026-09-28 16:30:00-04:00,30564.0,30564.5,30560.5,30562.5,223
2026-09-28 16:31:00-04:00,30562.75,30563.5,30560.0,30561.25,313
2026-09-28 16:32:00-04:00,30561.25,30562.75,30560.5,30561.0,186
2026-09-28 16:33:00-04:00,30561.25,30563.5,30561.0,30562.0,192
2026-09-28 16:34:00-04:00,30562.5,30565.75,30562.0,30562.5,304
2026-09-28 16:35:00-04:00,30562.25,30563.25,30561.25,30562.25,87
2026-09-28 16:36:00-04:00,30562.0,30562.75,30557.25,30558.5,280
2026-09-28 16:37:00-04:00,30558.0,30559.5,30554.0,30556.75,560
2026-09-28 16:38:00-04:00,30558.25,30559.25,30555.5,30558.0,147
2026-09-28 16:39:00-04:00,30557.75,30560.25,30557.5,30557.75,246
2026-09-28 16:40:00-04:00,30558.25,30561.75,30558.25,30559.25,211
2026-09-28 16:41:00-04:00,30559.25,30561.75,30557.25,30557.75,308
2026-09-28 16:42:00-04:00,30557.5,30559.25,30553.0,30553.25,492
2026-09-28 16:43:00-04:00,30553.5,30555.0,30550.0,30555.0,397
2026-09-28 16:44:00-04:00,30555.25,30556.75,30550.5,30551.25,429
2026-09-28 16:45:00-04:00,30551.25,30552.5,30547.75,30550.5,490
2026-09-28 16:46:00-04:00,30550.75,30554.75,30550.75,30552.25,369
2026-09-28 16:47:00-04:00,30552.5,30553.0,30546.75,30549.0,443
2026-09-28 16:48:00-04:00,30549.25,30549.5,30545.0,30546.0,240
2026-09-28 16:49:00-04:00,30546.0,30547.5,30540.75,30544.5,409
2026-09-28 16:50:00-04:00,30544.25,30545.5,30539.5,30540.75,345
2026-09-28 16:51:00-04:00,30540.75,30540.75,30531.75,30537.25,475
2026-09-28 16:52:00-04:00,30537.5,30540.25,30535.25,30539.5,283
2026-09-28 16:53:00-04:00,30539.5,30541.75,30538.75,30540.75,201
2026-09-28 16:54:00-04:00,30540.5,30543.0,30538.0,30541.75,553
2026-09-28 16:55:00-04:00,30542.0,30553.5,30540.75,30552.5,573
2026-09-28 16:56:00-04:00,30552.5,30559.25,30551.0,30558.25,406
2026-09-28 16:57:00-04:00,30558.5,30562.0,30556.25,30556.75,277
2026-09-28 16:58:00-04:00,30557.0,30566.5,30557.0,30565.75,393
2026-09-28 16:59:00-04:00,30565.75,30565.75,30556.0,30556.75,406
2026-09-28 18:00:00-04:00,30560.75,30584.25,30555.25,30555.25,0
2026-09-28 18:01:00-04:00,30556.5,30560.5,30542.75,30553.75,1338
2026-09-28 18:02:00-04:00,30553.5,30555.0,30546.0,30553.5,688
2026-09-28 18:03:00-04:00,30553.75,30554.0,30540.0,30541.5,497
2026-09-28 18:04:00-04:00,30541.25,30558.5,30537.0,30549.75,854
2026-09-28 18:05:00-04:00,30550.25,30558.75,30542.0,30554.0,929
2026-09-28 18:06:00-04:00,30553.75,30580.0,30553.5,30578.75,1794
2026-09-28 18:07:00-04:00,30578.75,30591.5,30578.5,30590.75,1292
2026-09-28 18:08:00-04:00,30591.25,30594.0,30585.0,30589.5,638
2026-09-28 18:09:00-04:00,30590.5,30591.0,30575.75,30590.25,945
2026-09-28 18:10:00-04:00,30590.25,30596.25,30582.5,30584.5,955
2026-09-28 18:11:00-04:00,30584.0,30592.75,30582.5,30591.5,459
2026-09-28 18:12:00-04:00,30590.5,30597.0,30587.0,30596.75,546
2026-09-28 18:13:00-04:00,30596.0,30603.25,30594.5,30603.25,1077
2026-09-28 18:14:00-04:00,30603.25,30615.25,30599.0,30600.5,1653
2026-09-28 18:15:00-04:00,30601.25,30602.75,30594.0,30594.75,687
2026-09-28 18:16:00-04:00,30595.0,30613.25,30594.75,30609.25,1030
2026-09-28 18:17:00-04:00,30608.25,30610.0,30596.0,30605.0,1145
2026-09-28 18:18:00-04:00,30604.75,30608.75,30600.5,30603.75,552
2026-09-28 18:19:00-04:00,30604.25,30608.5,30600.75,30602.25,278
2026-09-28 18:20:00-04:00,30601.25,30603.25,30595.5,30599.25,556
2026-09-28 18:21:00-04:00,30600.0,30601.25,30598.25,30600.5,219
2026-09-28 18:22:00-04:00,30601.0,30601.75,30590.5,30595.25,497
2026-09-28 18:23:00-04:00,30595.5,30597.25,30591.5,30594.75,470
2026-09-28 18:24:00-04:00,30594.5,30597.75,30592.75,30596.25,216
2026-09-28 18:25:00-04:00,30595.5,30597.75,30592.0,30592.5,260
2026-09-28 18:26:00-04:00,30593.0,30600.0,30590.75,30598.5,408
2026-09-28 18:27:00-04:00,30597.75,30600.75,30597.0,30600.25,314
2026-09-28 18:28:00-04:00,30600.0,30601.0,30597.0,30598.0,281
2026-09-28 18:29:00-04:00,30597.25,30600.75,30595.0,30597.5,328
2026-09-28 18:30:00-04:00,30598.0,30599.0,30593.25,30594.5,414
2026-09-28 18:31:00-04:00,30594.25,30595.25,30587.0,30587.25,806
2026-09-28 18:32:00-04:00,30588.25,30599.75,30586.75,30594.25,602
2026-09-28 18:33:00-04:00,30594.25,30595.5,30591.25,30593.25,309
2026-09-28 18:34:00-04:00,30593.25,30594.0,30590.75,30593.75,162
2026-09-28 18:35:00-04:00,30593.75,30594.25,30589.75,30593.5,115
2026-09-28 18:36:00-04:00,30593.5,30594.75,30591.75,30592.25,125
2026-09-28 18:37:00-04:00,30592.25,30600.75,30591.5,30600.25,402
2026-09-28 18:38:00-04:00,30600.25,30603.0,30597.0,30599.0,473
2026-09-28 18:39:00-04:00,30599.75,30600.25,30596.25,30597.25,184
2026-09-28 18:40:00-04:00,30596.75,30598.5,30594.5,30598.0,215
2026-09-28 18:41:00-04:00,30597.5,30601.25,30597.5,30598.5,323
2026-09-28 18:42:00-04:00,30599.5,30600.75,30596.5,30598.25,182
2026-09-28 18:43:00-04:00,30597.75,30600.75,30596.75,30599.75,291
2026-09-28 18:44:00-04:00,30599.5,30600.75,30596.0,30597.5,171
2026-09-28 18:45:00-04:00,30597.5,30600.5,30596.5,30599.0,239
2026-09-28 18:46:00-04:00,30599.0,30600.0,30596.25,30598.5,83
2026-09-28 18:47:00-04:00,30598.25,30598.5,30594.75,30596.25,220
2026-09-28 18:48:00-04:00,30595.5,30595.5,30591.75,30593.25,386
2026-09-28 18:49:00-04:00,30593.5,30594.75,30591.25,30593.75,223
2026-09-28 18:50:00-04:00,30594.0,30600.25,30593.75,30598.75,457
2026-09-28 18:51:00-04:00,30599.0,30605.75,30597.25,30601.0,1061
2026-09-28 18:52:00-04:00,30601.25,30602.75,30597.25,30598.75,287
2026-09-28 18:53:00-04:00,30598.75,30600.0,30596.0,30597.75,181
2026-09-28 18:54:00-04:00,30598.75,30599.75,30596.75,30598.5,147
2026-09-28 18:55:00-04:00,30599.0,30600.0,30596.75,30599.0,142
2026-09-28 18:56:00-04:00,30598.25,30600.25,30597.25,30599.25,87
2026-09-28 18:57:00-04:00,30599.25,30600.75,30596.5,30600.0,126
2026-09-28 18:58:00-04:00,30599.75,30600.5,30596.0,30597.75,133
2026-09-28 18:59:00-04:00,30597.5,30605.5,30597.0,30600.25,422
2026-09-28 19:00:00-04:00,30600.25,30601.0,30594.0,30596.0,382
2026-09-28 19:01:00-04:00,30596.25,30598.25,30593.0,30596.25,259
2026-09-28 19:02:00-04:00,30595.25,30597.25,30592.25,30596.0,342
2026-09-28 19:03:00-04:00,30596.5,30598.5,30593.5,30597.0,143
2026-09-28 19:04:00-04:00,30597.0,30598.25,30593.5,30593.75,100
2026-09-28 19:05:00-04:00,30594.25,30598.25,30593.75,30595.75,153
2026-09-28 19:06:00-04:00,30595.75,30597.75,30595.25,30596.0,80
2026-09-28 19:07:00-04:00,30595.5,30597.5,30593.25,30593.75,183
2026-09-28 19:08:00-04:00,30594.25,30596.5,30591.5,30596.0,243
2026-09-28 19:09:00-04:00,30596.0,30598.5,30595.5,30595.75,162
2026-09-28 19:10:00-04:00,30595.75,30597.75,30595.5,30596.75,122
2026-09-28 19:11:00-04:00,30597.25,30597.25,30594.5,30594.75,126
2026-09-28 19:12:00-04:00,30595.0,30596.25,30593.5,30595.75,121
2026-09-28 19:13:00-04:00,30595.5,30597.75,30592.75,30592.75,161
2026-09-28 19:14:00-04:00,30593.5,30594.5,30591.5,30593.0,183
2026-09-28 19:15:00-04:00,30593.25,30595.5,30593.25,30595.25,90
2026-09-28 19:16:00-04:00,30595.25,30595.75,30593.75,30595.25,91
2026-09-28 19:17:00-04:00,30596.0,30598.0,30594.75,30594.75,186
2026-09-28 19:18:00-04:00,30595.75,30599.0,30594.75,30598.75,152
2026-09-28 19:19:00-04:00,30599.0,30599.5,30594.5,30594.75,151
2026-09-28 19:20:00-04:00,30595.0,30598.75,30594.5,30598.25,125
2026-09-28 19:21:00-04:00,30597.75,30598.5,30596.5,30598.5,86
2026-09-28 19:22:00-04:00,30598.0,30603.5,30597.75,30601.5,541
2026-09-28 19:23:00-04:00,30603.0,30613.25,30602.5,30610.0,1103
2026-09-28 19:24:00-04:00,30609.0,30611.5,30607.75,30609.25,428
2026-09-28 19:25:00-04:00,30609.0,30609.5,30605.25,30607.0,478
2026-09-28 19:26:00-04:00,30607.75,30608.25,30604.75,30606.5,298
2026-09-28 19:27:00-04:00,30607.0,30607.75,30604.75,30606.25,154
2026-09-28 19:28:00-04:00,30606.75,30606.75,30601.25,30603.5,396
2026-09-28 19:29:00-04:00,30603.75,30608.5,30603.0,30607.75,359
2026-09-28 19:30:00-04:00,30607.0,30610.25,30605.25,30608.25,561
2026-09-28 19:31:00-04:00,30608.0,30608.75,30600.0,30602.5,504
2026-09-28 19:32:00-04:00,30603.0,30607.0,30602.5,30604.25,372
2026-09-28 19:33:00-04:00,30604.25,30604.25,30599.25,30599.75,235
2026-09-28 19:34:00-04:00,30599.5,30600.25,30593.75,30597.75,856
2026-09-28 19:35:00-04:00,30598.75,30600.5,30597.5,30599.25,156
2026-09-28 19:36:00-04:00,30599.5,30602.0,30590.75,30592.5,694
2026-09-28 19:37:00-04:00,30593.25,30596.0,30592.25,30594.75,247
2026-09-28 19:38:00-04:00,30595.0,30601.5,30595.0,30601.5,384
2026-09-28 19:39:00-04:00,30601.25,30606.75,30601.0,30606.0,494
2026-09-28 19:40:00-04:00,30605.75,30612.25,30604.5,30609.25,631
2026-09-28 19:41:00-04:00,30610.0,30610.5,30605.5,30607.75,304
2026-09-28 19:42:00-04:00,30607.75,30608.25,30600.75,30602.25,450
2026-09-28 19:43:00-04:00,30602.5,30603.75,30600.0,30602.0,135
2026-09-28 19:44:00-04:00,30602.0,30603.75,30600.25,30601.5,171
2026-09-28 19:45:00-04:00,30602.0,30604.0,30580.5,30582.25,1939
2026-09-28 19:46:00-04:00,30582.25,30588.25,30579.25,30584.25,1390
2026-09-28 19:47:00-04:00,30584.25,30587.5,30581.75,30586.5,520
2026-09-28 19:48:00-04:00,30586.5,30587.0,30568.5,30568.5,1717
2026-09-28 19:49:00-04:00,30568.75,30578.0,30568.0,30576.25,1062
2026-09-28 19:50:00-04:00,30575.75,30577.5,30571.0,30576.0,584
2026-09-28 19:51:00-04:00,30576.25,30584.5,30576.0,30579.25,1004
2026-09-28 19:52:00-04:00,30579.0,30587.0,30578.25,30582.25,561
2026-09-28 19:53:00-04:00,30582.25,30584.25,30581.75,30582.25,221
2026-09-28 19:54:00-04:00,30582.5,30603.0,30581.75,30601.5,1872
2026-09-28 19:55:00-04:00,30602.0,30604.5,30593.25,30595.5,1321
2026-09-28 19:56:00-04:00,30595.75,30598.0,30592.5,30596.75,472
2026-09-28 19:57:00-04:00,30596.0,30597.5,30590.0,30591.5,400
2026-09-28 19:58:00-04:00,30591.5,30600.0,30590.0,30595.25,606
2026-09-28 19:59:00-04:00,30594.75,30595.0,30578.0,30579.25,1762
2026-09-28 20:00:00-04:00,30578.5,30591.0,30568.25,30575.75,3363
2026-09-28 20:01:00-04:00,30576.5,30598.0,30574.75,30588.25,2497
2026-09-28 20:02:00-04:00,30588.0,30598.5,30586.25,30591.25,1836
2026-09-28 20:03:00-04:00,30591.25,30591.25,30570.5,30575.0,1619
2026-09-28 20:04:00-04:00,30574.25,30600.75,30572.0,30597.25,1733
2026-09-28 20:05:00-04:00,30597.75,30607.0,30585.5,30587.25,1645
2026-09-28 20:06:00-04:00,30587.0,30597.5,30576.25,30586.0,1739
2026-09-28 20:07:00-04:00,30587.5,30594.0,30584.0,30584.75,743
2026-09-28 20:08:00-04:00,30584.75,30604.5,30584.0,30602.25,1089
2026-09-28 20:09:00-04:00,30602.0,30606.5,30597.0,30597.25,1097
2026-09-28 20:10:00-04:00,30598.0,30601.75,30582.75,30590.0,1732
2026-09-28 20:11:00-04:00,30589.25,30589.25,30577.25,30582.5,1443
2026-09-28 20:12:00-04:00,30583.0,30586.0,30571.25,30580.25,1371
2026-09-28 20:13:00-04:00,30580.25,30596.25,30574.0,30584.0,1706
2026-09-28 20:14:00-04:00,30584.25,30594.75,30580.75,30592.0,780
2026-09-28 20:15:00-04:00,30591.25,30597.5,30555.0,30555.0,3202
2026-09-28 20:16:00-04:00,30556.0,30561.5,30550.0,30550.5,1776
2026-09-28 20:17:00-04:00,30550.25,30553.0,30535.25,30538.75,2699
2026-09-28 20:18:00-04:00,30538.0,30543.0,30527.5,30542.25,2213
2026-09-28 20:19:00-04:00,30541.75,30553.0,30538.25,30544.75,2026
2026-09-28 20:20:00-04:00,30544.25,30554.75,30538.75,30550.25,1509
2026-09-28 20:21:00-04:00,30550.5,30553.5,30542.25,30546.25,928
2026-09-28 20:22:00-04:00,30546.5,30549.5,30540.25,30544.75,787
2026-09-28 20:23:00-04:00,30545.25,30547.0,30521.5,30527.0,1955
2026-09-28 20:24:00-04:00,30528.0,30534.5,30525.75,30528.0,1422
2026-09-28 20:25:00-04:00,30527.0,30531.5,30523.25,30525.0,911
2026-09-28 20:26:00-04:00,30525.25,30533.0,30522.5,30530.0,876
2026-09-28 20:27:00-04:00,30530.5,30531.75,30521.5,30531.75,778
2026-09-28 20:28:00-04:00,30531.25,30542.75,30526.0,30541.75,1772
2026-09-28 20:29:00-04:00,30542.5,30544.0,30527.75,30529.25,1177
2026-09-28 20:30:00-04:00,30529.5,30538.5,30529.5,30532.5,1041
2026-09-28 20:31:00-04:00,30532.25,30534.25,30512.75,30525.0,2684
2026-09-28 20:32:00-04:00,30525.0,30550.0,30521.75,30543.75,1938
2026-09-28 20:33:00-04:00,30543.75,30552.5,30538.5,30551.0,1157
2026-09-28 20:34:00-04:00,30551.25,30557.75,30538.75,30553.0,1996
2026-09-28 20:35:00-04:00,30553.25,30557.75,30545.75,30555.0,1046
2026-09-28 20:36:00-04:00,30554.25,30562.75,30550.0,30560.5,968
2026-09-28 20:37:00-04:00,30559.25,30560.75,30552.5,30559.0,771
2026-09-28 20:38:00-04:00,30557.5,30557.75,30545.75,30545.75,887
2026-09-28 20:39:00-04:00,30546.25,30550.25,30543.25,30544.75,693
2026-09-28 20:40:00-04:00,30544.5,30548.75,30540.5,30544.75,663
2026-09-28 20:41:00-04:00,30545.75,30552.25,30543.75,30545.5,579
2026-09-28 20:42:00-04:00,30545.75,30558.5,30545.5,30552.25,704
2026-09-28 20:43:00-04:00,30554.75,30557.25,30550.5,30554.75,453
2026-09-28 20:44:00-04:00,30553.75,30557.5,30549.25,30549.25,318
2026-09-28 20:45:00-04:00,30549.0,30550.75,30526.5,30529.75,2074
2026-09-28 20:46:00-04:00,30529.0,30532.75,30521.0,30525.75,1341
2026-09-28 20:47:00-04:00,30525.25,30529.25,30522.5,30524.5,567
2026-09-28 20:48:00-04:00,30524.25,30528.75,30520.25,30523.0,635
2026-09-28 20:49:00-04:00,30522.5,30524.5,30500.75,30503.75,2771
2026-09-28 20:50:00-04:00,30503.5,30512.0,30502.25,30508.75,1584
2026-09-28 20:51:00-04:00,30508.0,30508.75,30499.25,30501.25,1352
2026-09-28 20:52:00-04:00,30502.0,30505.0,30495.25,30502.5,1328
2026-09-28 20:53:00-04:00,30502.5,30505.0,30499.5,30503.5,735
2026-09-28 20:54:00-04:00,30503.0,30511.0,30502.25,30509.75,789
2026-09-28 20:55:00-04:00,30509.75,30519.0,30507.25,30514.5,1161
2026-09-28 20:56:00-04:00,30514.5,30516.5,30508.75,30513.75,778
2026-09-28 20:57:00-04:00,30514.25,30514.25,30497.0,30503.75,1497
2026-09-28 20:58:00-04:00,30503.75,30512.25,30501.5,30508.5,879
2026-09-28 20:59:00-04:00,30508.25,30510.5,30493.75,30493.75,1150
2026-09-28 21:00:00-04:00,30494.0,30515.25,30487.0,30512.0,3151
2026-09-28 21:01:00-04:00,30511.75,30518.25,30507.25,30515.0,1278
2026-09-28 21:02:00-04:00,30515.0,30529.75,30514.5,30525.75,1942
2026-09-28 21:03:00-04:00,30526.25,30528.0,30516.25,30516.25,1304
2026-09-28 21:04:00-04:00,30516.75,30526.0,30511.0,30511.25,1266
2026-09-28 21:05:00-04:00,30511.0,30511.0,30498.25,30508.0,1573
2026-09-28 21:06:00-04:00,30507.5,30514.75,30505.5,30506.75,846
2026-09-28 21:07:00-04:00,30506.25,30508.75,30495.75,30502.5,1260
2026-09-28 21:08:00-04:00,30502.75,30509.5,30496.25,30498.25,1147
2026-09-28 21:09:00-04:00,30498.5,30507.5,30497.0,30502.75,812
2026-09-28 21:10:00-04:00,30502.5,30502.75,30493.0,30494.25,785
2026-09-28 21:11:00-04:00,30494.25,30498.5,30475.0,30477.75,2442
2026-09-28 21:12:00-04:00,30478.0,30484.0,30473.0,30481.5,1824
2026-09-28 21:13:00-04:00,30481.0,30481.0,30471.5,30475.75,1645
2026-09-28 21:14:00-04:00,30476.0,30483.0,30473.75,30475.5,1245
2026-09-28 21:15:00-04:00,30475.5,30483.5,30471.5,30477.75,1053
2026-09-28 21:16:00-04:00,30478.0,30479.5,30468.25,30471.75,1170
2026-09-28 21:17:00-04:00,30471.25,30472.0,30457.75,30460.5,2025
2026-09-28 21:18:00-04:00,30460.25,30463.75,30450.25,30451.25,1855
2026-09-28 21:19:00-04:00,30450.75,30451.5,30430.0,30432.0,4348
2026-09-28 21:20:00-04:00,30432.5,30460.5,30430.25,30457.5,3357
2026-09-28 21:21:00-04:00,30457.5,30468.5,30455.0,30463.25,1968
2026-09-28 21:22:00-04:00,30464.0,30474.25,30461.25,30468.75,1504
2026-09-28 21:23:00-04:00,30469.0,30476.0,30463.25,30466.5,1180
2026-09-28 21:24:00-04:00,30466.75,30472.5,30463.5,30466.25,893
2026-09-28 21:25:00-04:00,30465.25,30480.5,30464.25,30479.25,1182
2026-09-28 21:26:00-04:00,30479.25,30486.0,30469.75,30472.25,1831
2026-09-28 21:27:00-04:00,30472.25,30479.75,30469.5,30475.5,774
2026-09-28 21:28:00-04:00,30476.25,30485.0,30470.25,30481.75,851
2026-09-28 21:29:00-04:00,30481.75,30485.25,30476.75,30484.25,991
2026-09-28 21:30:00-04:00,30484.0,30502.0,30477.0,30498.75,3036
2026-09-28 21:31:00-04:00,30499.0,30508.25,30494.5,30495.0,2144
2026-09-28 21:32:00-04:00,30495.0,30498.0,30475.25,30487.5,2408
2026-09-28 21:33:00-04:00,30487.75,30491.25,30481.0,30486.25,969
2026-09-28 21:34:00-04:00,30486.0,30493.25,30481.25,30489.5,773
2026-09-28 21:35:00-04:00,30490.5,30490.5,30479.0,30488.0,1057
2026-09-28 21:36:00-04:00,30488.5,30488.5,30481.5,30487.0,614
2026-09-28 21:37:00-04:00,30486.5,30503.5,30486.0,30495.75,1689
2026-09-28 21:38:00-04:00,30495.75,30500.25,30493.5,30499.75,781
2026-09-28 21:39:00-04:00,30499.25,30506.5,30496.5,30501.5,1356
2026-09-28 21:40:00-04:00,30502.5,30515.5,30496.75,30511.5,1628
2026-09-28 21:41:00-04:00,30512.0,30513.75,30505.25,30510.75,1107
2026-09-28 21:42:00-04:00,30510.75,30512.75,30501.75,30503.25,1083
2026-09-28 21:43:00-04:00,30503.25,30509.5,30495.5,30503.25,1052
2026-09-28 21:44:00-04:00,30504.25,30516.0,30498.0,30508.5,1601
2026-09-28 21:45:00-04:00,30509.0,30517.0,30502.75,30515.5,1015
2026-09-28 21:46:00-04:00,30515.5,30518.0,30501.0,30502.5,1169
2026-09-28 21:47:00-04:00,30502.5,30508.25,30494.5,30499.25,1107
2026-09-28 21:48:00-04:00,30499.5,30508.25,30493.75,30494.75,973
2026-09-28 21:49:00-04:00,30495.0,30505.75,30493.75,30497.25,994
2026-09-28 21:50:00-04:00,30497.0,30498.25,30487.75,30493.5,1128
2026-09-28 21:51:00-04:00,30493.75,30503.75,30492.75,30498.25,1030
2026-09-28 21:52:00-04:00,30498.25,30512.5,30497.5,30512.25,1038
2026-09-28 21:53:00-04:00,30512.0,30513.5,30504.25,30504.75,656
2026-09-28 21:54:00-04:00,30504.75,30507.75,30500.0,30503.75,620
2026-09-28 21:55:00-04:00,30503.5,30506.25,30496.5,30498.25,785
2026-09-28 21:56:00-04:00,30498.75,30506.75,30496.75,30504.5,649
2026-09-28 21:57:00-04:00,30506.0,30506.5,30499.0,30502.5,362
2026-09-28 21:58:00-04:00,30503.25,30505.75,30497.5,30499.5,489
2026-09-28 21:59:00-04:00,30500.25,30502.75,30498.25,30500.5,353
2026-09-28 22:00:00-04:00,30500.5,30505.0,30497.75,30501.25,613
2026-09-28 22:01:00-04:00,30501.0,30501.75,30493.25,30500.0,848
2026-09-28 22:02:00-04:00,30499.75,30502.5,30495.25,30498.75,424
2026-09-28 22:03:00-04:00,30499.25,30501.5,30493.75,30494.5,440
2026-09-28 22:04:00-04:00,30494.25,30507.25,30493.5,30496.75,1086
2026-09-28 22:05:00-04:00,30496.25,30497.75,30490.0,30491.75,895
2026-09-28 22:06:00-04:00,30492.25,30493.0,30479.5,30487.75,1737
2026-09-28 22:07:00-04:00,30486.75,30489.0,30482.0,30483.25,977
2026-09-28 22:08:00-04:00,30483.25,30491.0,30482.5,30488.5,755
2026-09-28 22:09:00-04:00,30489.5,30493.0,30485.0,30487.25,559
2026-09-28 22:10:00-04:00,30487.5,30490.0,30482.0,30486.25,753
2026-09-28 22:11:00-04:00,30487.25,30491.75,30485.75,30488.25,405
2026-09-28 22:12:00-04:00,30489.25,30511.0,30486.25,30507.0,2065
2026-09-28 22:13:00-04:00,30507.75,30520.0,30503.5,30518.75,1612
2026-09-28 22:14:00-04:00,30519.0,30522.25,30510.0,30513.25,1228
2026-09-28 22:15:00-04:00,30513.75,30514.75,30500.25,30507.75,1628
2026-09-28 22:16:00-04:00,30508.0,30510.25,30502.0,30507.75,672
2026-09-28 22:17:00-04:00,30508.0,30511.5,30498.5,30509.25,920
2026-09-28 22:18:00-04:00,30509.0,30529.75,30508.75,30525.0,2186
2026-09-28 22:19:00-04:00,30525.0,30537.75,30524.25,30536.25,1531
2026-09-28 22:20:00-04:00,30536.75,30536.75,30528.75,30530.0,1070
2026-09-28 22:21:00-04:00,30530.0,30531.75,30514.5,30517.0,1596
2026-09-28 22:22:00-04:00,30517.25,30519.25,30503.25,30513.0,1724
2026-09-28 22:23:00-04:00,30513.75,30523.5,30513.5,30517.25,1134
2026-09-28 22:24:00-04:00,30517.75,30522.75,30516.25,30517.75,646
2026-09-28 22:25:00-04:00,30518.0,30519.75,30508.0,30519.0,1133
2026-09-28 22:26:00-04:00,30519.0,30521.75,30514.25,30515.25,628
2026-09-28 22:27:00-04:00,30515.75,30519.25,30508.75,30510.75,569
2026-09-28 22:28:00-04:00,30510.5,30511.0,30504.25,30505.0,770
2026-09-28 22:29:00-04:00,30504.75,30513.0,30501.5,30512.25,615
2026-09-28 22:30:00-04:00,30512.25,30518.75,30504.25,30504.75,1222
2026-09-28 22:31:00-04:00,30504.5,30507.0,30489.5,30491.5,1797
2026-09-28 22:32:00-04:00,30490.75,30490.75,30481.25,30481.25,1318
2026-09-28 22:33:00-04:00,30481.75,30483.5,30478.5,30483.0,957
2026-09-28 22:34:00-04:00,30482.5,30486.75,30480.25,30483.5,471
2026-09-28 22:35:00-04:00,30484.0,30486.25,30476.75,30478.0,781
2026-09-28 22:36:00-04:00,30477.25,30481.5,30473.5,30477.5,1189
2026-09-28 22:37:00-04:00,30477.75,30485.75,30477.25,30483.0,582
2026-09-28 22:38:00-04:00,30483.25,30491.5,30482.5,30491.5,720
2026-09-28 22:39:00-04:00,30490.75,30497.25,30489.0,30492.0,1150
2026-09-28 22:40:00-04:00,30492.5,30494.5,30480.0,30480.5,1084
2026-09-28 22:41:00-04:00,30480.0,30484.25,30475.25,30483.25,1047
2026-09-28 22:42:00-04:00,30482.25,30486.0,30470.5,30472.0,745
2026-09-28 22:43:00-04:00,30471.0,30483.25,30471.0,30481.75,594
2026-09-28 22:44:00-04:00,30481.75,30484.5,30476.5,30481.5,462
2026-09-28 22:45:00-04:00,30481.5,30485.0,30478.5,30484.25,376
2026-09-28 22:46:00-04:00,30483.75,30490.0,30482.25,30483.5,740
2026-09-28 22:47:00-04:00,30483.5,30484.5,30481.25,30482.25,325
2026-09-28 22:48:00-04:00,30482.5,30485.5,30475.0,30477.0,602
2026-09-28 22:49:00-04:00,30478.0,30479.75,30473.75,30474.75,385
2026-09-28 22:50:00-04:00,30475.0,30476.5,30471.5,30475.25,600
2026-09-28 22:51:00-04:00,30474.0,30474.5,30455.75,30458.0,1726
2026-09-28 22:52:00-04:00,30457.5,30457.75,30448.5,30450.25,1767
2026-09-28 22:53:00-04:00,30449.75,30453.75,30443.0,30445.25,1466
2026-09-28 22:54:00-04:00,30445.25,30446.0,30441.0,30444.0,870
2026-09-28 22:55:00-04:00,30443.5,30449.0,30442.0,30447.75,943
2026-09-28 22:56:00-04:00,30447.25,30450.25,30444.0,30448.75,581
2026-09-28 22:57:00-04:00,30448.25,30462.5,30447.5,30455.75,1283
2026-09-28 22:58:00-04:00,30454.75,30466.25,30452.75,30462.0,1026
2026-09-28 22:59:00-04:00,30461.75,30464.5,30459.0,30463.25,428
2026-09-28 23:00:00-04:00,30464.25,30470.5,30459.5,30470.5,1004
2026-09-28 23:01:00-04:00,30469.5,30477.75,30468.5,30473.25,1040
2026-09-28 23:02:00-04:00,30473.75,30474.75,30469.75,30473.75,469
2026-09-28 23:03:00-04:00,30474.0,30479.25,30464.5,30465.25,864
2026-09-28 23:04:00-04:00,30465.25,30465.5,30445.0,30448.0,1757
2026-09-28 23:05:00-04:00,30448.25,30449.5,30444.25,30446.5,801
2026-09-28 23:06:00-04:00,30447.25,30457.25,30446.25,30455.5,943
2026-09-28 23:07:00-04:00,30455.5,30456.0,30449.0,30454.5,457
2026-09-28 23:08:00-04:00,30454.0,30457.5,30448.0,30448.25,490
2026-09-28 23:09:00-04:00,30448.75,30450.0,30439.0,30442.5,1415
2026-09-28 23:10:00-04:00,30441.75,30447.5,30440.25,30443.0,706
2026-09-28 23:11:00-04:00,30442.75,30445.5,30435.75,30436.25,690
2026-09-28 23:12:00-04:00,30435.75,30449.0,30435.0,30436.0,1121
2026-09-28 23:13:00-04:00,30436.25,30437.5,30424.0,30424.75,1850
2026-09-28 23:14:00-04:00,30424.75,30427.75,30412.5,30421.25,2934
2026-09-28 23:15:00-04:00,30421.0,30428.0,30420.0,30427.5,1057
2026-09-28 23:16:00-04:00,30426.5,30432.5,30423.5,30429.25,702
2026-09-28 23:17:00-04:00,30428.75,30439.5,30427.25,30438.25,776
2026-09-28 23:18:00-04:00,30438.0,30457.25,30436.5,30450.25,1737
2026-09-28 23:19:00-04:00,30450.25,30460.75,30449.75,30457.25,1098
2026-09-28 23:20:00-04:00,30457.5,30470.75,30457.0,30468.25,1210
2026-09-28 23:21:00-04:00,30469.0,30475.0,30463.0,30463.5,1192
2026-09-28 23:22:00-04:00,30463.75,30465.5,30458.0,30461.25,1000
2026-09-28 23:23:00-04:00,30461.5,30473.0,30460.75,30470.5,776
2026-09-28 23:24:00-04:00,30470.25,30475.0,30468.5,30474.5,454
2026-09-28 23:25:00-04:00,30475.0,30476.0,30467.5,30472.5,519
2026-09-28 23:26:00-04:00,30472.25,30476.75,30472.0,30472.75,528
2026-09-28 23:27:00-04:00,30472.0,30473.25,30466.0,30468.75,614
2026-09-28 23:28:00-04:00,30469.25,30474.0,30469.25,30470.75,363
2026-09-28 23:29:00-04:00,30471.5,30474.5,30470.5,30472.5,186
2026-09-28 23:30:00-04:00,30471.75,30472.75,30457.75,30467.5,1392
2026-09-28 23:31:00-04:00,30467.5,30477.0,30467.0,30473.75,1065
2026-09-28 23:32:00-04:00,30473.0,30473.0,30467.25,30470.5,353
2026-09-28 23:33:00-04:00,30470.75,30471.5,30463.75,30471.0,415
2026-09-28 23:34:00-04:00,30471.0,30474.25,30467.75,30472.75,733
2026-09-28 23:35:00-04:00,30472.5,30475.25,30463.5,30465.25,578
2026-09-28 23:36:00-04:00,30465.75,30483.0,30462.75,30477.75,1119
2026-09-28 23:37:00-04:00,30477.25,30486.0,30474.5,30479.0,1064
2026-09-28 23:38:00-04:00,30478.25,30481.0,30476.25,30477.25,418
2026-09-28 23:39:00-04:00,30476.25,30479.5,30474.75,30478.25,256
2026-09-28 23:40:00-04:00,30477.5,30479.75,30473.75,30478.25,353
2026-09-28 23:41:00-04:00,30478.5,30494.5,30477.25,30492.0,1466
2026-09-28 23:42:00-04:00,30492.25,30500.0,30491.5,30497.0,1056
2026-09-28 23:43:00-04:00,30496.75,30498.25,30488.0,30488.25,781
2026-09-28 23:44:00-04:00,30489.0,30493.0,30480.5,30485.0,652
2026-09-28 23:45:00-04:00,30485.25,30486.75,30478.5,30478.5,831
2026-09-28 23:46:00-04:00,30478.75,30480.25,30472.0,30472.0,814
2026-09-28 23:47:00-04:00,30472.25,30479.0,30470.5,30477.0,657
2026-09-28 23:48:00-04:00,30476.0,30480.0,30470.0,30471.5,507
2026-09-28 23:49:00-04:00,30471.5,30475.5,30470.0,30473.0,378
2026-09-28 23:50:00-04:00,30472.5,30473.0,30462.5,30463.5,916
2026-09-28 23:51:00-04:00,30462.5,30467.0,30458.0,30460.0,888
2026-09-28 23:52:00-04:00,30460.25,30465.25,30455.0,30456.75,734
2026-09-28 23:53:00-04:00,30457.25,30469.75,30455.0,30460.0,1128
2026-09-28 23:54:00-04:00,30460.75,30463.5,30456.75,30457.25,584
2026-09-28 23:55:00-04:00,30457.25,30459.0,30449.5,30451.25,942
2026-09-28 23:56:00-04:00,30451.25,30451.75,30444.0,30444.5,1080
2026-09-28 23:57:00-04:00,30445.25,30449.5,30442.0,30445.25,970
2026-09-28 23:58:00-04:00,30445.25,30445.75,30432.75,30437.25,1272
2026-09-29 00:09:00-04:00,30431.25,30442.0,30431.25,30437.75,659
2026-09-29 00:10:00-04:00,30438.25,30440.75,30433.25,30434.5,555
2026-09-29 00:11:00-04:00,30434.75,30438.25,30431.0,30432.5,441
2026-09-29 00:12:00-04:00,30432.75,30434.75,30427.75,30429.75,593
2026-09-29 00:13:00-04:00,30429.0,30435.0,30427.75,30432.0,409
2026-09-29 00:14:00-04:00,30432.0,30435.5,30432.0,30433.5,165
2026-09-29 00:15:00-04:00,30433.0,30437.0,30431.5,30432.0,354
2026-09-29 00:16:00-04:00,30432.0,30438.25,30432.0,30437.75,342
2026-09-29 00:17:00-04:00,30438.25,30440.25,30436.0,30437.75,581
2026-09-29 00:18:00-04:00,30437.5,30443.0,30433.0,30442.5,402
2026-09-29 00:19:00-04:00,30443.0,30446.25,30439.5,30444.25,751
2026-09-29 00:20:00-04:00,30444.0,30448.75,30438.0,30441.25,749
2026-09-29 00:21:00-04:00,30440.5,30446.75,30437.0,30442.0,444
2026-09-29 00:22:00-04:00,30442.75,30445.25,30439.5,30442.75,402
2026-09-29 00:23:00-04:00,30443.75,30445.75,30437.5,30440.75,405
2026-09-29 00:24:00-04:00,30440.25,30446.75,30440.25,30446.25,357
2026-09-29 00:25:00-04:00,30445.75,30450.5,30439.75,30439.75,765
2026-09-29 00:26:00-04:00,30440.0,30442.5,30436.75,30438.0,414
2026-09-29 00:27:00-04:00,30438.0,30438.75,30434.75,30436.25,312
2026-09-29 00:28:00-04:00,30436.25,30439.5,30435.75,30437.5,159
2026-09-29 00:29:00-04:00,30437.0,30439.25,30427.0,30427.0,732
2026-09-29 00:30:00-04:00,30427.25,30433.5,30423.25,30427.5,1147
2026-09-29 00:31:00-04:00,30426.75,30429.5,30420.75,30421.25,1036
2026-09-29 00:32:00-04:00,30422.0,30427.25,30421.75,30426.25,469
2026-09-29 00:33:00-04:00,30425.5,30431.25,30423.5,30429.5,405
2026-09-29 00:34:00-04:00,30430.5,30438.0,30430.0,30435.5,570
2026-09-29 00:35:00-04:00,30435.5,30435.5,30423.75,30424.25,558
2026-09-29 00:36:00-04:00,30425.75,30430.25,30421.5,30423.75,659
2026-09-29 00:37:00-04:00,30424.75,30435.0,30423.75,30433.0,395
2026-09-29 00:38:00-04:00,30432.5,30433.75,30428.75,30431.5,208
2026-09-29 00:39:00-04:00,30430.75,30432.0,30423.0,30424.0,397
2026-09-29 00:40:00-04:00,30424.5,30426.0,30421.5,30422.5,296
2026-09-29 00:41:00-04:00,30422.75,30433.25,30422.0,30429.25,482
2026-09-29 00:42:00-04:00,30429.0,30430.25,30419.0,30425.75,622
2026-09-29 00:43:00-04:00,30425.5,30430.0,30423.75,30425.25,395
2026-09-29 00:44:00-04:00,30425.75,30428.5,30423.5,30427.75,162
2026-09-29 00:45:00-04:00,30427.5,30433.75,30426.0,30427.0,443
2026-09-29 00:46:00-04:00,30427.75,30430.5,30426.5,30430.0,165
2026-09-29 00:47:00-04:00,30429.25,30429.5,30421.5,30422.75,460
2026-09-29 00:48:00-04:00,30423.0,30425.75,30419.5,30425.0,450
2026-09-29 00:49:00-04:00,30424.5,30430.75,30423.0,30427.0,500
2026-09-29 00:50:00-04:00,30426.75,30430.0,30423.5,30427.0,237
2026-09-29 00:51:00-04:00,30428.0,30438.25,30422.25,30437.75,605
2026-09-29 00:52:00-04:00,30438.25,30445.25,30434.0,30434.75,1125
2026-09-29 00:53:00-04:00,30434.25,30440.25,30432.5,30438.25,460
2026-09-29 00:54:00-04:00,30438.25,30438.5,30430.0,30436.5,535
2026-09-29 00:55:00-04:00,30436.5,30436.75,30430.75,30433.75,466
2026-09-29 00:56:00-04:00,30433.75,30437.5,30432.0,30433.75,285
2026-09-29 00:57:00-04:00,30433.0,30437.5,30432.25,30433.5,214
2026-09-29 00:58:00-04:00,30433.75,30437.5,30430.5,30436.5,207
2026-09-29 00:59:00-04:00,30437.25,30437.5,30430.0,30432.0,250
2026-09-29 01:00:00-04:00,30432.75,30453.25,30432.0,30447.25,1355
2026-09-29 01:01:00-04:00,30447.5,30452.75,30447.25,30449.25,507
2026-09-29 01:02:00-04:00,30449.5,30450.75,30446.25,30446.75,326
2026-09-29 01:03:00-04:00,30446.75,30447.5,30431.25,30432.5,848
2026-09-29 01:04:00-04:00,30432.25,30436.25,30428.0,30432.25,779
2026-09-29 01:05:00-04:00,30432.0,30436.5,30428.5,30432.75,532
2026-09-29 01:06:00-04:00,30432.5,30439.25,30422.5,30425.25,1004
2026-09-29 01:07:00-04:00,30424.75,30433.75,30422.75,30429.75,589
2026-09-29 01:08:00-04:00,30430.25,30433.5,30426.75,30431.75,421
2026-09-29 01:09:00-04:00,30431.75,30435.25,30430.75,30431.75,288
2026-09-29 01:10:00-04:00,30432.0,30432.25,30415.25,30426.0,1058
2026-09-29 01:11:00-04:00,30426.5,30434.0,30425.0,30433.5,606
2026-09-29 01:12:00-04:00,30433.5,30440.75,30432.25,30436.0,688
2026-09-29 01:13:00-04:00,30436.0,30436.5,30432.0,30434.5,223
2026-09-29 01:14:00-04:00,30434.75,30440.5,30433.25,30439.75,411
2026-09-29 01:15:00-04:00,30439.75,30441.5,30431.0,30437.75,657
2026-09-29 01:16:00-04:00,30438.5,30439.75,30427.5,30436.25,616
2026-09-29 01:17:00-04:00,30437.25,30448.0,30429.0,30446.5,649
2026-09-29 01:18:00-04:00,30447.0,30449.0,30442.0,30445.5,485
2026-09-29 01:19:00-04:00,30445.25,30457.5,30444.0,30445.5,746
2026-09-29 01:20:00-04:00,30445.25,30445.75,30437.75,30440.0,512
2026-09-29 01:21:00-04:00,30439.5,30447.75,30433.0,30438.5,726
2026-09-29 01:22:00-04:00,30439.5,30441.25,30436.0,30437.5,301
2026-09-29 01:23:00-04:00,30438.75,30441.0,30437.0,30439.5,243
2026-09-29 01:24:00-04:00,30439.0,30441.0,30435.5,30439.5,198
2026-09-29 01:25:00-04:00,30439.5,30439.5,30427.0,30427.0,567
2026-09-29 01:26:00-04:00,30427.0,30427.5,30420.5,30421.25,655
2026-09-29 01:27:00-04:00,30420.5,30424.5,30418.75,30422.0,615
2026-09-29 01:28:00-04:00,30421.5,30431.25,30419.25,30430.0,566
2026-09-29 01:29:00-04:00,30430.5,30431.0,30424.25,30424.25,371
2026-09-29 01:30:00-04:00,30424.25,30426.0,30413.25,30413.75,1192
2026-09-29 01:31:00-04:00,30413.5,30416.5,30402.75,30403.5,1716
2026-09-29 01:32:00-04:00,30404.0,30411.75,30397.0,30397.25,1659
2026-09-29 01:33:00-04:00,30397.0,30398.5,30386.25,30390.25,1756
2026-09-29 01:34:00-04:00,30390.0,30393.25,30383.75,30388.75,966
2026-09-29 01:35:00-04:00,30389.25,30390.5,30371.75,30382.5,2076
2026-09-29 01:36:00-04:00,30381.75,30389.75,30376.75,30380.0,1097
2026-09-29 01:37:00-04:00,30379.5,30380.25,30374.0,30379.0,860
2026-09-29 01:38:00-04:00,30379.0,30385.0,30373.25,30385.0,934
2026-09-29 01:39:00-04:00,30385.0,30412.75,30383.75,30412.0,1915
2026-09-29 01:40:00-04:00,30411.75,30416.0,30398.5,30399.25,1426
2026-09-29 01:41:00-04:00,30400.0,30404.25,30394.75,30400.75,978
2026-09-29 01:42:00-04:00,30400.25,30404.0,30393.25,30404.0,740
2026-09-29 01:43:00-04:00,30404.5,30419.25,30393.25,30418.0,1236
2026-09-29 01:44:00-04:00,30418.0,30425.75,30402.25,30404.0,1592
2026-09-29 01:45:00-04:00,30404.25,30405.5,30397.25,30398.0,720
2026-09-29 01:46:00-04:00,30398.25,30402.5,30396.25,30399.25,503
2026-09-29 01:47:00-04:00,30400.5,30405.25,30390.0,30401.5,854
2026-09-29 01:48:00-04:00,30401.25,30417.75,30399.0,30413.25,1046
2026-09-29 01:49:00-04:00,30413.75,30427.0,30412.75,30420.75,1469
2026-09-29 01:50:00-04:00,30420.5,30428.5,30415.5,30424.0,1003
2026-09-29 01:51:00-04:00,30424.5,30430.5,30415.75,30421.5,891
2026-09-29 01:52:00-04:00,30421.75,30432.5,30421.75,30423.0,948
2026-09-29 01:53:00-04:00,30423.5,30429.75,30420.75,30428.75,709
2026-09-29 01:54:00-04:00,30428.0,30428.75,30419.25,30422.0,467
2026-09-29 01:55:00-04:00,30422.75,30429.5,30420.0,30425.5,763
2026-09-29 01:56:00-04:00,30425.0,30431.0,30422.75,30423.0,574
2026-09-29 01:57:00-04:00,30423.25,30430.5,30421.0,30427.25,707
2026-09-29 01:58:00-04:00,30428.0,30428.0,30421.75,30425.0,418
2026-09-29 01:59:00-04:00,30425.25,30432.0,30424.75,30431.25,752
2026-09-29 02:00:00-04:00,30431.75,30435.75,30425.25,30434.0,955
2026-09-29 02:01:00-04:00,30434.25,30442.0,30427.75,30434.75,1441
2026-09-29 02:02:00-04:00,30435.5,30443.5,30435.25,30439.0,1194
2026-09-29 02:03:00-04:00,30439.75,30454.5,30438.25,30449.5,1598
2026-09-29 02:04:00-04:00,30450.0,30456.5,30448.0,30449.75,971
2026-09-29 02:05:00-04:00,30449.0,30456.5,30447.75,30452.25,847
2026-09-29 02:06:00-04:00,30453.0,30459.75,30449.0,30459.5,858
2026-09-29 02:07:00-04:00,30459.5,30461.25,30452.75,30460.5,1093
2026-09-29 02:08:00-04:00,30460.75,30472.75,30454.75,30470.0,1802
2026-09-29 02:09:00-04:00,30470.25,30482.25,30469.75,30479.25,1820
2026-09-29 02:10:00-04:00,30479.25,30497.5,30478.75,30492.75,1964
2026-09-29 02:11:00-04:00,30492.75,30500.5,30489.0,30497.0,1250
2026-09-29 02:12:00-04:00,30497.75,30501.5,30491.25,30494.0,1095
2026-09-29 02:13:00-04:00,30494.25,30504.5,30493.25,30502.75,1100
2026-09-29 02:14:00-04:00,30502.75,30505.75,30495.0,30497.25,913
2026-09-29 02:15:00-04:00,30497.0,30501.0,30485.75,30487.5,1362
2026-09-29 02:16:00-04:00,30487.75,30489.25,30480.5,30482.75,1070
2026-09-29 02:17:00-04:00,30482.25,30482.25,30472.75,30477.25,1383
2026-09-29 02:18:00-04:00,30478.0,30482.25,30469.0,30473.75,1167
2026-09-29 02:19:00-04:00,30474.0,30485.0,30474.0,30479.75,1127
2026-09-29 02:20:00-04:00,30480.0,30487.25,30472.25,30485.5,781
2026-09-29 02:21:00-04:00,30486.0,30499.5,30485.75,30497.0,1266
2026-09-29 02:22:00-04:00,30496.5,30509.75,30496.5,30505.5,1367
2026-09-29 02:23:00-04:00,30505.5,30508.0,30502.75,30505.75,553
2026-09-29 02:24:00-04:00,30505.25,30505.25,30494.75,30501.75,1043
2026-09-29 02:25:00-04:00,30502.0,30511.25,30501.25,30502.0,994
2026-09-29 02:26:00-04:00,30502.25,30512.5,30502.0,30508.25,741
2026-09-29 02:27:00-04:00,30507.75,30514.0,30504.5,30507.25,833
2026-09-29 02:28:00-04:00,30507.75,30518.75,30507.25,30514.0,890
2026-09-29 02:29:00-04:00,30514.5,30527.25,30514.25,30524.25,1540
2026-09-29 02:30:00-04:00,30524.5,30541.25,30524.5,30538.75,2848
2026-09-29 02:31:00-04:00,30539.25,30548.0,30536.25,30541.5,1362
2026-09-29 02:32:00-04:00,30541.25,30542.75,30532.0,30541.75,1129
2026-09-29 02:33:00-04:00,30542.25,30545.75,30540.75,30545.0,561
2026-09-29 02:34:00-04:00,30545.0,30551.25,30543.0,30547.0,1009
2026-09-29 02:35:00-04:00,30547.5,30548.25,30540.0,30543.5,921
2026-09-29 02:36:00-04:00,30543.75,30546.25,30538.75,30540.25,577
2026-09-29 02:37:00-04:00,30540.75,30544.75,30539.25,30544.25,556
2026-09-29 02:38:00-04:00,30543.5,30547.5,30540.0,30544.75,582
2026-09-29 02:39:00-04:00,30545.0,30547.25,30541.5,30543.5,358
2026-09-29 02:40:00-04:00,30543.0,30556.25,30543.0,30551.75,1054
2026-09-29 02:41:00-04:00,30551.5,30552.0,30548.25,30550.25,614
2026-09-29 02:42:00-04:00,30550.25,30556.0,30549.25,30553.25,518
2026-09-29 02:43:00-04:00,30553.25,30556.5,30547.75,30550.5,533
2026-09-29 02:44:00-04:00,30550.25,30556.25,30544.75,30556.25,702
2026-09-29 02:45:00-04:00,30556.0,30556.75,30549.75,30555.0,664
2026-09-29 02:46:00-04:00,30555.0,30556.0,30550.5,30550.5,385
2026-09-29 02:47:00-04:00,30550.75,30556.0,30544.75,30552.5,577
2026-09-29 02:48:00-04:00,30552.5,30554.5,30549.0,30551.5,364
2026-09-29 02:49:00-04:00,30552.0,30553.0,30548.75,30551.5,383
2026-09-29 02:50:00-04:00,30552.0,30553.5,30546.5,30549.5,322
2026-09-29 02:51:00-04:00,30549.5,30551.5,30547.75,30551.25,240
2026-09-29 02:52:00-04:00,30551.0,30555.5,30548.0,30553.75,344
2026-09-29 02:53:00-04:00,30553.75,30557.0,30550.5,30554.0,454
2026-09-29 02:54:00-04:00,30554.0,30558.0,30552.25,30555.75,513
2026-09-29 02:55:00-04:00,30555.75,30557.75,30549.25,30551.75,402
2026-09-29 02:56:00-04:00,30551.25,30551.75,30542.75,30545.0,533
2026-09-29 02:57:00-04:00,30545.0,30549.25,30543.25,30549.25,323
2026-09-29 02:58:00-04:00,30548.75,30549.75,30539.75,30542.5,517
2026-09-29 02:59:00-04:00,30542.5,30549.0,30536.5,30548.25,859
2026-09-29 03:00:00-04:00,30548.75,30552.75,30536.75,30539.75,1563
2026-09-29 03:01:00-04:00,30540.25,30542.25,30528.75,30530.75,1282
2026-09-29 03:02:00-04:00,30531.25,30535.75,30528.0,30535.0,745
2026-09-29 03:03:00-04:00,30535.5,30547.75,30533.75,30545.0,1125
2026-09-29 03:04:00-04:00,30545.5,30554.0,30543.5,30552.5,739
2026-09-29 03:05:00-04:00,30553.25,30560.0,30552.0,30556.5,1166
2026-09-29 03:06:00-04:00,30556.75,30560.0,30550.75,30554.0,820
2026-09-29 03:07:00-04:00,30554.0,30562.75,30551.25,30554.5,870
2026-09-29 03:08:00-04:00,30554.75,30556.0,30545.0,30553.5,696
2026-09-29 03:09:00-04:00,30554.75,30564.75,30551.75,30563.25,758
2026-09-29 03:10:00-04:00,30563.25,30564.75,30549.75,30557.5,844
2026-09-29 03:11:00-04:00,30558.25,30559.75,30550.5,30558.25,598
2026-09-29 03:12:00-04:00,30558.25,30561.75,30553.0,30556.0,899
2026-09-29 03:13:00-04:00,30555.75,30560.0,30552.0,30557.0,642
2026-09-29 03:14:00-04:00,30557.5,30560.25,30551.0,30559.75,546
2026-09-29 03:15:00-04:00,30560.25,30565.0,30553.75,30557.25,808
2026-09-29 03:16:00-04:00,30557.75,30559.25,30551.0,30556.0,581
2026-09-29 03:17:00-04:00,30555.25,30556.5,30550.25,30550.5,452
2026-09-29 03:18:00-04:00,30552.5,30558.0,30551.5,30554.75,414
2026-09-29 03:19:00-04:00,30553.5,30560.5,30551.25,30557.75,426
2026-09-29 03:20:00-04:00,30557.5,30563.75,30555.0,30559.0,679
2026-09-29 03:21:00-04:00,30559.0,30567.5,30557.75,30561.75,907
2026-09-29 03:22:00-04:00,30561.25,30570.0,30560.75,30561.75,819
2026-09-29 03:23:00-04:00,30561.25,30576.25,30556.0,30572.25,1332
2026-09-29 03:24:00-04:00,30572.25,30576.75,30569.75,30575.25,739
2026-09-29 03:25:00-04:00,30576.75,30585.0,30575.75,30579.0,1315
2026-09-29 03:26:00-04:00,30578.75,30582.0,30576.25,30581.25,585
2026-09-29 03:27:00-04:00,30581.5,30596.0,30579.75,30590.75,1219
2026-09-29 03:28:00-04:00,30590.75,30591.5,30573.25,30580.0,1217
2026-09-29 03:29:00-04:00,30580.0,30580.5,30575.25,30577.5,613
2026-09-29 03:30:00-04:00,30578.25,30588.25,30575.25,30587.0,1065
2026-09-29 03:31:00-04:00,30587.75,30588.75,30576.5,30587.0,881
2026-09-29 03:32:00-04:00,30586.0,30598.25,30585.25,30597.0,1015
2026-09-29 03:33:00-04:00,30597.0,30601.0,30595.5,30598.75,1070
2026-09-29 03:34:00-04:00,30599.75,30603.5,30598.25,30601.25,715
2026-09-29 03:35:00-04:00,30601.25,30605.75,30599.75,30602.75,830
2026-09-29 03:36:00-04:00,30603.25,30608.75,30601.75,30606.75,664
2026-09-29 03:37:00-04:00,30606.75,30611.75,30604.5,30610.0,952
2026-09-29 03:38:00-04:00,30610.25,30615.0,30609.5,30612.5,905
2026-09-29 03:39:00-04:00,30612.5,30630.0,30604.75,30612.5,3617
2026-09-29 03:40:00-04:00,30613.0,30613.0,30595.5,30606.5,1681
2026-09-29 03:41:00-04:00,30605.5,30606.0,30596.5,30598.0,702
2026-09-29 03:42:00-04:00,30598.25,30601.0,30595.0,30595.75,685
2026-09-29 03:43:00-04:00,30596.0,30600.75,30594.25,30594.5,554
2026-09-29 03:44:00-04:00,30594.5,30594.75,30585.0,30588.25,1096
2026-09-29 03:45:00-04:00,30589.5,30595.5,30588.25,30590.5,773
2026-09-29 03:46:00-04:00,30590.0,30594.75,30585.75,30593.0,644
2026-09-29 03:47:00-04:00,30593.75,30594.5,30589.75,30592.0,478
2026-09-29 03:48:00-04:00,30591.5,30594.75,30590.0,30591.75,247
2026-09-29 03:49:00-04:00,30591.75,30593.0,30586.75,30588.0,425
2026-09-29 03:50:00-04:00,30587.75,30593.75,30580.25,30593.0,883
2026-09-29 03:51:00-04:00,30593.0,30593.5,30586.25,30589.0,272
2026-09-29 03:52:00-04:00,30588.5,30592.5,30585.75,30587.25,309
2026-09-29 03:53:00-04:00,30586.75,30590.0,30585.5,30589.25,182
2026-09-29 03:54:00-04:00,30589.5,30591.0,30586.75,30586.75,314
2026-09-29 03:55:00-04:00,30586.75,30587.5,30581.75,30583.75,397
2026-09-29 03:56:00-04:00,30584.0,30587.5,30582.5,30586.0,309
2026-09-29 03:57:00-04:00,30586.0,30587.0,30580.0,30580.25,319
2026-09-29 03:58:00-04:00,30581.0,30588.0,30579.75,30583.75,541
2026-09-29 03:59:00-04:00,30584.5,30584.75,30578.75,30580.25,312
2026-09-29 04:00:00-04:00,30580.5,30590.25,30577.25,30587.75,1519
2026-09-29 04:01:00-04:00,30587.75,30601.75,30583.25,30599.5,1404
2026-09-29 04:02:00-04:00,30599.75,30611.5,30596.75,30597.25,1663
2026-09-29 04:03:00-04:00,30597.5,30597.75,30589.75,30591.0,1140
2026-09-29 04:04:00-04:00,30590.5,30594.0,30580.75,30586.5,949
2026-09-29 04:05:00-04:00,30586.0,30596.25,30583.0,30587.75,1199
2026-09-29 04:06:00-04:00,30586.75,30596.5,30580.0,30586.25,1251
2026-09-29 04:07:00-04:00,30585.5,30585.75,30568.0,30570.0,1373
2026-09-29 04:08:00-04:00,30569.5,30577.0,30569.5,30573.0,627
2026-09-29 04:09:00-04:00,30573.5,30578.0,30570.0,30576.25,507
2026-09-29 04:10:00-04:00,30576.75,30583.25,30576.5,30577.0,617
2026-09-29 04:11:00-04:00,30577.25,30578.25,30573.0,30578.0,427
2026-09-29 04:12:00-04:00,30578.0,30586.25,30575.0,30579.0,564
2026-09-29 04:13:00-04:00,30579.0,30587.75,30576.25,30586.5,440
2026-09-29 04:14:00-04:00,30586.25,30590.0,30580.25,30583.0,617
2026-09-29 04:15:00-04:00,30583.25,30595.75,30582.5,30593.0,805
2026-09-29 04:16:00-04:00,30592.75,30598.0,30590.75,30594.25,401
2026-09-29 04:17:00-04:00,30594.25,30606.5,30594.25,30597.25,952
2026-09-29 04:18:00-04:00,30597.75,30607.75,30597.25,30603.75,551
2026-09-29 04:19:00-04:00,30604.25,30613.75,30602.5,30611.25,824
2026-09-29 04:20:00-04:00,30612.0,30618.5,30607.0,30617.75,818
2026-09-29 04:21:00-04:00,30618.25,30633.0,30617.25,30628.5,1974
2026-09-29 04:22:00-04:00,30627.75,30635.0,30623.75,30626.0,1251
2026-09-29 04:23:00-04:00,30626.0,30626.0,30611.25,30613.25,1248
2026-09-29 04:24:00-04:00,30613.0,30619.5,30608.0,30617.5,798
2026-09-29 04:25:00-04:00,30618.25,30621.25,30614.25,30617.5,549
2026-09-29 04:26:00-04:00,30617.0,30619.25,30611.75,30617.25,489
2026-09-29 04:27:00-04:00,30617.75,30618.25,30605.75,30613.0,703
2026-09-29 04:28:00-04:00,30613.25,30618.5,30610.0,30612.0,423
2026-09-29 04:29:00-04:00,30612.0,30618.5,30604.25,30605.75,703
2026-09-29 04:30:00-04:00,30605.5,30611.0,30593.0,30597.25,1142
2026-09-29 04:31:00-04:00,30597.0,30608.75,30595.5,30603.5,707
2026-09-29 04:32:00-04:00,30603.5,30608.0,30597.75,30605.25,604
2026-09-29 04:33:00-04:00,30605.5,30607.0,30599.0,30605.0,327
2026-09-29 04:34:00-04:00,30604.0,30604.75,30599.75,30600.25,282
2026-09-29 04:35:00-04:00,30600.0,30605.5,30600.0,30604.25,245
2026-09-29 04:36:00-04:00,30604.0,30604.5,30595.5,30602.5,400
2026-09-29 04:37:00-04:00,30602.5,30604.0,30597.0,30602.25,263
2026-09-29 04:38:00-04:00,30602.5,30610.75,30602.0,30610.0,472
2026-09-29 04:39:00-04:00,30610.25,30622.75,30609.75,30619.5,688
2026-09-29 04:40:00-04:00,30619.0,30621.0,30607.5,30611.25,640
2026-09-29 04:41:00-04:00,30611.5,30615.25,30606.0,30613.75,526
2026-09-29 04:42:00-04:00,30613.75,30615.5,30609.75,30615.0,220
2026-09-29 04:43:00-04:00,30614.75,30624.0,30614.5,30623.5,595
2026-09-29 04:44:00-04:00,30623.25,30626.75,30619.75,30626.0,613
2026-09-29 04:45:00-04:00,30626.25,30626.75,30618.25,30622.0,533
2026-09-29 04:46:00-04:00,30622.0,30625.5,30617.25,30621.75,508
2026-09-29 04:47:00-04:00,30622.75,30626.25,30621.75,30622.0,273
2026-09-29 04:48:00-04:00,30623.0,30627.5,30622.25,30626.25,364
2026-09-29 04:49:00-04:00,30625.75,30628.75,30622.25,30624.0,299
2026-09-29 04:50:00-04:00,30624.0,30624.5,30613.0,30616.0,628
2026-09-29 04:51:00-04:00,30616.0,30617.75,30604.25,30606.5,822
2026-09-29 04:52:00-04:00,30606.0,30606.0,30591.25,30593.0,1108
2026-09-29 04:53:00-04:00,30592.75,30594.5,30585.75,30588.0,905
2026-09-29 04:54:00-04:00,30589.0,30590.5,30581.25,30583.0,753
2026-09-29 04:55:00-04:00,30582.75,30593.0,30582.0,30592.0,577
2026-09-29 04:56:00-04:00,30592.25,30596.0,30591.75,30594.0,479
2026-09-29 04:57:00-04:00,30594.5,30595.5,30580.5,30584.25,563
2026-09-29 04:58:00-04:00,30584.5,30590.0,30584.25,30590.0,345
2026-09-29 04:59:00-04:00,30589.75,30604.5,30588.0,30601.0,847
2026-09-29 05:00:00-04:00,30600.5,30606.0,30588.25,30597.0,1244
2026-09-29 05:01:00-04:00,30597.25,30608.0,30595.25,30602.5,762
2026-09-29 05:02:00-04:00,30602.75,30605.0,30595.5,30597.0,626
2026-09-29 05:03:00-04:00,30596.5,30597.5,30578.5,30583.0,1007
2026-09-29 05:04:00-04:00,30583.0,30591.5,30580.25,30589.25,518
2026-09-29 05:05:00-04:00,30589.75,30590.25,30582.75,30583.75,344
2026-09-29 05:06:00-04:00,30584.0,30588.5,30579.25,30584.0,483
2026-09-29 05:07:00-04:00,30583.75,30584.0,30576.25,30581.75,561
2026-09-29 05:08:00-04:00,30582.5,30586.75,30582.25,30583.25,244
2026-09-29 05:09:00-04:00,30583.75,30589.25,30582.0,30588.75,218
2026-09-29 05:10:00-04:00,30589.0,30589.25,30579.5,30580.5,531
2026-09-29 05:11:00-04:00,30580.75,30583.5,30578.75,30581.0,261
2026-09-29 05:12:00-04:00,30580.0,30586.0,30578.5,30584.0,348
2026-09-29 05:13:00-04:00,30584.75,30589.0,30579.75,30580.0,566
2026-09-29 05:14:00-04:00,30580.0,30582.0,30572.5,30575.0,557
2026-09-29 05:15:00-04:00,30575.5,30575.75,30562.0,30564.0,1189
2026-09-29 05:16:00-04:00,30564.75,30568.0,30562.0,30564.0,563
2026-09-29 05:17:00-04:00,30564.75,30569.75,30564.75,30567.25,402
2026-09-29 05:18:00-04:00,30567.25,30577.0,30563.25,30571.25,644
2026-09-29 05:19:00-04:00,30571.0,30577.25,30570.5,30575.75,356
2026-09-29 05:20:00-04:00,30576.25,30577.0,30566.5,30575.5,456
2026-09-29 05:21:00-04:00,30576.0,30577.0,30569.5,30573.25,337
2026-09-29 05:22:00-04:00,30572.0,30572.25,30566.5,30566.75,232
2026-09-29 05:23:00-04:00,30566.75,30567.25,30550.0,30550.75,1454
2026-09-29 05:24:00-04:00,30550.75,30559.75,30548.75,30558.25,659
2026-09-29 05:25:00-04:00,30557.5,30558.0,30552.5,30556.5,574
2026-09-29 05:26:00-04:00,30556.75,30556.75,30546.0,30550.75,540
2026-09-29 05:27:00-04:00,30551.0,30553.75,30549.0,30553.0,238
2026-09-29 05:28:00-04:00,30553.25,30559.0,30551.5,30557.0,381
2026-09-29 05:29:00-04:00,30557.25,30559.75,30549.75,30550.25,349
2026-09-29 05:30:00-04:00,30550.75,30551.25,30540.5,30547.5,978
2026-09-29 05:31:00-04:00,30547.75,30548.75,30537.75,30540.0,853
2026-09-29 05:32:00-04:00,30540.5,30548.75,30539.75,30542.0,559
2026-09-29 05:33:00-04:00,30541.75,30550.5,30541.75,30547.0,497
2026-09-29 05:34:00-04:00,30548.0,30551.0,30545.75,30550.5,338
2026-09-29 05:35:00-04:00,30550.0,30555.75,30549.75,30551.75,457
2026-09-29 05:36:00-04:00,30552.25,30554.5,30545.25,30546.0,280
2026-09-29 05:37:00-04:00,30545.25,30552.25,30545.25,30552.25,327
2026-09-29 05:38:00-04:00,30552.75,30556.75,30550.75,30554.5,387
2026-09-29 05:39:00-04:00,30553.25,30559.75,30549.25,30555.75,613
2026-09-29 05:40:00-04:00,30557.0,30562.5,30556.0,30561.75,531
2026-09-29 05:41:00-04:00,30562.0,30562.0,30555.75,30558.5,373
2026-09-29 05:42:00-04:00,30558.25,30559.5,30554.0,30557.5,342
2026-09-29 05:43:00-04:00,30557.5,30574.5,30557.0,30574.25,1160
2026-09-29 05:44:00-04:00,30574.25,30581.0,30570.0,30580.0,981
2026-09-29 05:45:00-04:00,30580.0,30583.0,30573.25,30576.25,799
2026-09-29 05:46:00-04:00,30575.75,30576.5,30571.0,30573.5,436
2026-09-29 05:47:00-04:00,30573.0,30594.5,30572.5,30585.75,1544
2026-09-29 05:48:00-04:00,30585.25,30591.75,30583.25,30584.75,1043
2026-09-29 05:49:00-04:00,30585.75,30587.25,30574.75,30578.25,854
2026-09-29 05:50:00-04:00,30577.5,30581.0,30573.75,30579.75,688
2026-09-29 05:51:00-04:00,30579.5,30580.25,30569.0,30569.75,619
2026-09-29 05:52:00-04:00,30569.25,30570.25,30560.5,30566.5,994
2026-09-29 05:53:00-04:00,30566.25,30579.5,30563.5,30579.0,777
2026-09-29 05:54:00-04:00,30579.0,30596.75,30578.5,30581.25,1465
2026-09-29 05:55:00-04:00,30581.75,30590.75,30572.25,30585.5,2147
2026-09-29 05:56:00-04:00,30585.25,30587.75,30568.75,30570.75,780
2026-09-29 05:57:00-04:00,30571.25,30573.25,30562.5,30562.75,529
2026-09-29 05:58:00-04:00,30563.25,30571.75,30557.0,30571.0,810
2026-09-29 05:59:00-04:00,30571.0,30572.75,30567.0,30567.25,344
2026-09-29 06:00:00-04:00,30567.75,30577.75,30565.0,30574.0,711
2026-09-29 06:01:00-04:00,30574.25,30583.0,30570.25,30582.0,463
2026-09-29 06:02:00-04:00,30581.5,30584.0,30572.0,30578.25,853
2026-09-29 06:03:00-04:00,30578.25,30592.0,30577.25,30591.25,632
2026-09-29 06:04:00-04:00,30591.75,30593.0,30585.5,30590.0,564
2026-09-29 06:05:00-04:00,30590.75,30597.5,30590.0,30591.5,548
2026-09-29 06:06:00-04:00,30592.25,30598.0,30590.5,30597.75,508
2026-09-29 06:07:00-04:00,30597.5,30598.75,30590.0,30595.75,435
2026-09-29 06:08:00-04:00,30596.25,30601.75,30594.0,30597.0,703
2026-09-29 06:09:00-04:00,30596.25,30607.75,30596.25,30607.25,787
2026-09-29 06:10:00-04:00,30607.25,30614.75,30605.75,30612.0,1037
2026-09-29 06:11:00-04:00,30611.5,30616.25,30608.75,30608.75,890
2026-09-29 06:12:00-04:00,30608.75,30614.25,30608.0,30614.25,294
2026-09-29 06:13:00-04:00,30613.75,30613.75,30607.5,30609.5,361
2026-09-29 06:14:00-04:00,30609.5,30610.5,30605.0,30605.0,328
2026-09-29 06:15:00-04:00,30605.5,30606.0,30595.75,30597.75,774
2026-09-29 06:16:00-04:00,30597.25,30601.0,30589.5,30591.75,563
2026-09-29 06:17:00-04:00,30590.75,30596.0,30586.25,30591.75,655
2026-09-29 06:18:00-04:00,30592.25,30595.5,30589.25,30594.75,277
2026-09-29 06:19:00-04:00,30595.25,30596.0,30585.25,30586.25,387
2026-09-29 06:20:00-04:00,30585.5,30592.0,30585.0,30589.5,245
2026-09-29 06:21:00-04:00,30589.75,30592.0,30585.25,30588.0,332
2026-09-29 06:22:00-04:00,30588.0,30593.5,30586.25,30591.75,587
2026-09-29 06:23:00-04:00,30592.0,30594.75,30590.25,30592.0,234
2026-09-29 06:24:00-04:00,30592.25,30596.75,30591.75,30593.75,216
2026-09-29 06:25:00-04:00,30593.5,30601.25,30591.75,30599.75,418
2026-09-29 06:26:00-04:00,30600.0,30600.75,30591.25,30593.0,795
2026-09-29 06:27:00-04:00,30593.75,30597.0,30593.5,30593.75,232
2026-09-29 06:28:00-04:00,30594.25,30599.75,30593.0,30598.75,216
2026-09-29 06:29:00-04:00,30599.75,30610.0,30599.75,30609.5,534
2026-09-29 06:30:00-04:00,30609.25,30615.75,30609.25,30612.0,720
2026-09-29 06:31:00-04:00,30611.75,30612.5,30606.0,30609.0,632
2026-09-29 06:32:00-04:00,30609.75,30611.5,30592.75,30598.0,1620
2026-09-29 06:33:00-04:00,30598.75,30600.0,30589.0,30595.0,570
2026-09-29 06:34:00-04:00,30595.75,30597.75,30592.0,30595.0,293
2026-09-29 06:35:00-04:00,30595.25,30601.75,30593.0,30599.0,371
2026-09-29 06:36:00-04:00,30598.75,30606.5,30596.75,30606.5,463
2026-09-29 06:37:00-04:00,30605.5,30610.0,30602.5,30610.0,603
2026-09-29 06:38:00-04:00,30610.0,30613.0,30606.25,30608.0,545
2026-09-29 06:39:00-04:00,30607.75,30615.0,30607.0,30614.25,362
2026-09-29 06:40:00-04:00,30614.5,30619.75,30611.75,30614.0,818
2026-09-29 06:41:00-04:00,30614.0,30615.5,30609.75,30609.75,391
2026-09-29 06:42:00-04:00,30609.75,30611.5,30607.5,30609.0,249
2026-09-29 06:43:00-04:00,30609.75,30614.5,30608.0,30610.5,229
2026-09-29 06:44:00-04:00,30609.5,30615.5,30609.25,30614.75,243
2026-09-29 06:45:00-04:00,30614.75,30617.0,30609.75,30613.75,405
2026-09-29 06:46:00-04:00,30613.5,30619.75,30612.0,30618.75,442
2026-09-29 06:47:00-04:00,30618.75,30619.0,30608.5,30613.25,371
2026-09-29 06:48:00-04:00,30613.75,30616.5,30612.0,30615.5,301
2026-09-29 06:49:00-04:00,30615.25,30617.5,30610.0,30614.75,358
2026-09-29 06:50:00-04:00,30615.25,30616.25,30608.0,30614.0,751
2026-09-29 06:51:00-04:00,30614.5,30617.5,30610.5,30617.25,395
2026-09-29 06:52:00-04:00,30616.5,30626.0,30614.75,30625.25,749
2026-09-29 06:53:00-04:00,30624.75,30627.25,30622.25,30626.25,488
2026-09-29 06:54:00-04:00,30626.25,30628.75,30623.75,30624.25,607
2026-09-29 06:55:00-04:00,30624.25,30627.75,30615.25,30624.75,884
2026-09-29 06:56:00-04:00,30625.0,30639.75,30624.0,30636.5,1861
2026-09-29 06:57:00-04:00,30636.5,30637.5,30628.75,30633.5,974
2026-09-29 06:58:00-04:00,30633.0,30641.5,30631.5,30641.0,746
2026-09-29 06:59:00-04:00,30640.75,30643.25,30638.25,30641.75,794
2026-09-29 07:00:00-04:00,30642.0,30658.25,30640.75,30656.25,2195
2026-09-29 07:01:00-04:00,30656.5,30659.25,30653.5,30654.25,1104
2026-09-29 07:02:00-04:00,30653.5,30655.0,30646.0,30649.75,858
2026-09-29 07:03:00-04:00,30648.5,30667.75,30647.0,30658.75,1628
2026-09-29 07:04:00-04:00,30658.25,30660.25,30644.25,30654.25,1519
2026-09-29 07:05:00-04:00,30654.25,30664.5,30653.25,30663.5,721
2026-09-29 07:06:00-04:00,30663.0,30669.0,30658.25,30662.25,940
2026-09-29 07:07:00-04:00,30662.0,30662.0,30651.5,30652.25,787
2026-09-29 07:08:00-04:00,30652.5,30657.25,30648.5,30648.75,752
2026-09-29 07:09:00-04:00,30648.0,30649.5,30632.0,30636.5,1680
2026-09-29 07:10:00-04:00,30637.0,30640.5,30634.0,30636.0,543
2026-09-29 07:11:00-04:00,30635.5,30638.25,30632.5,30633.5,504
2026-09-29 07:12:00-04:00,30633.5,30637.0,30630.5,30636.75,460
2026-09-29 07:13:00-04:00,30637.0,30639.0,30631.75,30635.0,393
2026-09-29 07:14:00-04:00,30634.75,30640.25,30628.5,30638.25,822
2026-09-29 07:15:00-04:00,30639.5,30646.0,30635.75,30637.5,1162
2026-09-29 07:16:00-04:00,30637.25,30641.75,30635.5,30639.75,458
2026-09-29 07:17:00-04:00,30640.25,30641.25,30634.5,30637.75,329
2026-09-29 07:18:00-04:00,30637.5,30649.75,30636.0,30649.5,811
2026-09-29 07:19:00-04:00,30649.25,30649.25,30638.5,30640.5,880
2026-09-29 07:20:00-04:00,30640.25,30651.5,30636.0,30649.75,591
2026-09-29 07:21:00-04:00,30649.75,30654.0,30648.25,30650.0,698
2026-09-29 07:22:00-04:00,30649.75,30653.0,30648.75,30650.5,319
2026-09-29 07:23:00-04:00,30651.25,30652.5,30646.25,30650.75,339
2026-09-29 07:24:00-04:00,30651.25,30654.25,30649.5,30652.25,422
2026-09-29 07:25:00-04:00,30652.5,30654.25,30649.75,30650.5,392
2026-09-29 07:26:00-04:00,30650.0,30655.0,30648.75,30651.75,337
2026-09-29 07:27:00-04:00,30651.5,30651.75,30645.5,30650.0,416
2026-09-29 07:28:00-04:00,30651.0,30653.0,30642.25,30642.25,604
2026-09-29 07:29:00-04:00,30642.75,30645.75,30641.0,30645.75,379
2026-09-29 07:30:00-04:00,30646.0,30647.25,30642.25,30643.75,357
2026-09-29 07:31:00-04:00,30643.75,30645.5,30637.75,30640.5,484
2026-09-29 07:32:00-04:00,30640.0,30655.0,30639.25,30647.5,790
2026-09-29 07:33:00-04:00,30647.75,30658.5,30647.75,30657.75,746
2026-09-29 07:34:00-04:00,30658.0,30658.25,30649.75,30653.25,647
2026-09-29 07:35:00-04:00,30652.75,30664.25,30652.5,30660.25,1335
2026-09-29 07:36:00-04:00,30659.5,30660.75,30654.5,30658.75,449
2026-09-29 07:37:00-04:00,30659.0,30665.75,30654.75,30664.0,505
2026-09-29 07:38:00-04:00,30663.25,30665.0,30662.0,30663.25,322
2026-09-29 07:39:00-04:00,30662.5,30666.75,30658.0,30661.25,439
2026-09-29 07:40:00-04:00,30661.25,30666.75,30661.25,30666.75,409
2026-09-29 07:41:00-04:00,30666.5,30666.75,30650.5,30654.5,746
2026-09-29 07:42:00-04:00,30653.75,30656.0,30646.0,30651.25,1007
2026-09-29 07:43:00-04:00,30651.5,30660.25,30649.25,30659.25,591
2026-09-29 07:44:00-04:00,30659.0,30662.0,30657.25,30659.5,410
2026-09-29 07:45:00-04:00,30659.5,30660.25,30646.75,30652.25,795
2026-09-29 07:46:00-04:00,30652.0,30653.25,30646.5,30650.5,627
2026-09-29 07:47:00-04:00,30651.25,30655.0,30643.5,30651.25,960
2026-09-29 07:48:00-04:00,30650.5,30655.0,30648.25,30651.5,389
2026-09-29 07:49:00-04:00,30650.5,30702.75,30636.0,30699.0,9416
2026-09-29 07:50:00-04:00,30698.0,30707.5,30685.25,30694.5,3871
2026-09-29 07:51:00-04:00,30694.0,30695.0,30666.25,30669.5,2153
2026-09-29 07:52:00-04:00,30669.25,30681.5,30669.25,30679.0,1098
2026-09-29 07:53:00-04:00,30679.25,30689.25,30675.75,30681.75,1222
2026-09-29 07:54:00-04:00,30682.25,30687.5,30673.5,30686.0,900
2026-09-29 07:55:00-04:00,30686.25,30692.0,30683.0,30686.75,1088
2026-09-29 07:56:00-04:00,30687.0,30689.0,30683.25,30684.75,428
2026-09-29 07:57:00-04:00,30685.5,30688.25,30678.5,30682.5,619
2026-09-29 07:58:00-04:00,30682.25,30685.75,30678.25,30685.5,422
2026-09-29 07:59:00-04:00,30685.25,30686.5,30680.75,30681.25,357
2026-09-29 08:00:00-04:00,30681.75,30694.5,30678.25,30692.25,1330
2026-09-29 08:01:00-04:00,30691.25,30703.75,30691.0,30699.5,1255
2026-09-29 08:02:00-04:00,30699.25,30702.0,30695.0,30701.25,590
2026-09-29 08:03:00-04:00,30700.5,30701.75,30686.75,30691.5,1025
2026-09-29 08:04:00-04:00,30691.25,30705.75,30689.25,30700.5,980
2026-09-29 08:05:00-04:00,30700.5,30701.0,30686.25,30687.5,976
2026-09-29 08:06:00-04:00,30688.25,30697.25,30684.5,30693.75,696
2026-09-29 08:07:00-04:00,30693.5,30696.5,30688.25,30694.0,726
2026-09-29 08:08:00-04:00,30693.75,30695.25,30689.0,30689.75,494
2026-09-29 08:09:00-04:00,30690.5,30699.5,30688.5,30689.25,672
2026-09-29 08:10:00-04:00,30689.5,30695.25,30687.75,30693.5,401
2026-09-29 08:11:00-04:00,30693.75,30694.5,30686.25,30690.25,456
2026-09-29 08:12:00-04:00,30690.75,30696.5,30689.0,30694.0,498
2026-09-29 08:13:00-04:00,30693.25,30710.0,30692.5,30698.5,1713
2026-09-29 08:14:00-04:00,30698.25,30699.75,30693.0,30699.5,688
2026-09-29 08:15:00-04:00,30700.0,30717.5,30699.0,30714.0,2265
2026-09-29 08:16:00-04:00,30714.5,30717.75,30710.75,30711.75,961
2026-09-29 08:17:00-04:00,30712.0,30712.25,30700.75,30701.75,939
2026-09-29 08:18:00-04:00,30701.75,30704.25,30690.25,30695.5,1107
2026-09-29 08:19:00-04:00,30695.5,30697.25,30685.25,30693.75,1113
2026-09-29 08:20:00-04:00,30693.25,30703.25,30686.5,30687.75,1121
2026-09-29 08:21:00-04:00,30688.25,30689.25,30683.0,30684.75,912
2026-09-29 08:22:00-04:00,30685.0,30691.75,30685.0,30690.0,562
2026-09-29 08:23:00-04:00,30690.75,30693.75,30680.75,30684.75,719
2026-09-29 08:24:00-04:00,30684.75,30685.5,30669.75,30678.25,1445
2026-09-29 08:25:00-04:00,30678.0,30678.0,30666.75,30667.25,1069
2026-09-29 08:26:00-04:00,30667.0,30671.5,30656.25,30667.25,2668
2026-09-29 08:27:00-04:00,30667.25,30674.0,30655.0,30659.75,1574
2026-09-29 08:28:00-04:00,30660.0,30665.25,30657.5,30663.75,786
2026-09-29 08:29:00-04:00,30663.5,30677.0,30662.75,30674.75,946
2026-09-29 08:30:00-04:00,30674.5,30681.0,30665.5,30667.5,1712
2026-09-29 08:31:00-04:00,30667.25,30669.5,30662.25,30666.75,721
2026-09-29 08:32:00-04:00,30667.25,30680.75,30666.5,30675.25,1092
2026-09-29 08:33:00-04:00,30674.5,30676.25,30663.5,30665.25,827
2026-09-29 08:34:00-04:00,30665.0,30668.0,30657.5,30667.25,1152
2026-09-29 08:35:00-04:00,30666.75,30669.75,30661.25,30666.75,602
2026-09-29 08:36:00-04:00,30666.5,30667.5,30661.75,30665.25,522
2026-09-29 08:37:00-04:00,30666.25,30668.25,30658.75,30663.5,644
2026-09-29 08:38:00-04:00,30663.5,30667.75,30663.0,30665.0,425
2026-09-29 08:39:00-04:00,30665.25,30666.5,30651.0,30651.75,1214
2026-09-29 08:40:00-04:00,30652.0,30656.0,30647.75,30653.75,2071
2026-09-29 08:41:00-04:00,30653.75,30654.25,30647.0,30650.25,885
2026-09-29 08:42:00-04:00,30649.75,30653.25,30647.75,30649.0,486
2026-09-29 08:43:00-04:00,30649.75,30655.5,30649.5,30654.25,587
2026-09-29 08:44:00-04:00,30654.0,30659.5,30643.75,30652.5,2106
2026-09-29 08:45:00-04:00,30652.5,30653.0,30642.25,30642.5,1144
2026-09-29 08:46:00-04:00,30643.25,30644.5,30639.25,30640.0,1078
2026-09-29 08:47:00-04:00,30640.75,30646.25,30631.5,30633.5,1913
2026-09-29 08:48:00-04:00,30633.75,30645.75,30632.25,30644.75,1499
2026-09-29 08:49:00-04:00,30644.75,30645.5,30637.25,30643.5,1105
2026-09-29 08:50:00-04:00,30643.5,30647.25,30642.25,30643.5,648
2026-09-29 08:51:00-04:00,30643.0,30643.5,30638.0,30642.75,798
2026-09-29 08:52:00-04:00,30642.0,30646.0,30640.5,30641.25,637
2026-09-29 08:53:00-04:00,30642.0,30642.0,30632.5,30634.75,1216
2026-09-29 08:54:00-04:00,30635.25,30637.25,30630.25,30635.25,1162
2026-09-29 08:55:00-04:00,30635.25,30638.25,30633.5,30636.5,629
2026-09-29 08:56:00-04:00,30636.0,30640.25,30634.25,30638.5,702
2026-09-29 08:57:00-04:00,30639.0,30639.75,30634.0,30637.5,548
2026-09-29 08:58:00-04:00,30637.75,30641.25,30633.0,30634.0,812
2026-09-29 08:59:00-04:00,30634.75,30640.25,30628.5,30631.5,1375
2026-09-29 09:00:00-04:00,30631.25,30646.75,30630.75,30633.0,2373
2026-09-29 09:01:00-04:00,30633.25,30637.25,30629.5,30636.25,1154
2026-09-29 09:02:00-04:00,30636.25,30645.0,30635.25,30643.0,989
2026-09-29 09:03:00-04:00,30643.5,30649.25,30642.5,30642.5,1516
2026-09-29 09:04:00-04:00,30642.5,30644.0,30634.5,30637.25,1285
2026-09-29 09:05:00-04:00,30637.25,30641.0,30633.25,30639.25,899
2026-09-29 09:06:00-04:00,30639.5,30646.75,30636.25,30645.75,953
2026-09-29 09:07:00-04:00,30645.5,30647.5,30639.0,30647.25,879
2026-09-29 09:08:00-04:00,30647.0,30651.75,30644.0,30650.75,1156
2026-09-29 09:09:00-04:00,30650.5,30663.0,30650.25,30662.5,2552
2026-09-29 09:10:00-04:00,30662.25,30665.5,30658.75,30660.75,1423
2026-09-29 09:11:00-04:00,30660.75,30666.0,30656.75,30659.0,1228
2026-09-29 09:12:00-04:00,30658.0,30661.0,30655.75,30660.5,878
2026-09-29 09:13:00-04:00,30659.75,30661.75,30652.0,30657.75,1117
2026-09-29 09:14:00-04:00,30657.75,30666.5,30657.25,30665.5,1072
2026-09-29 09:15:00-04:00,30666.0,30669.25,30655.5,30660.25,1407
2026-09-29 09:16:00-04:00,30660.0,30667.0,30659.0,30660.75,982
2026-09-29 09:17:00-04:00,30660.25,30661.25,30654.75,30658.25,853
2026-09-29 09:18:00-04:00,30658.5,30669.25,30656.5,30658.5,1436
2026-09-29 09:19:00-04:00,30658.75,30662.0,30657.0,30660.75,461
2026-09-29 09:20:00-04:00,30660.5,30667.5,30659.5,30664.75,630
2026-09-29 09:21:00-04:00,30665.5,30665.5,30660.0,30662.75,606
2026-09-29 09:22:00-04:00,30662.25,30669.25,30658.5,30668.5,819
2026-09-29 09:23:00-04:00,30668.5,30676.0,30667.25,30673.0,1299
2026-09-29 09:24:00-04:00,30673.25,30676.25,30670.25,30672.75,854
2026-09-29 09:25:00-04:00,30672.75,30694.0,30671.0,30682.75,4033
2026-09-29 09:26:00-04:00,30682.5,30687.5,30675.5,30676.5,1735
2026-09-29 09:27:00-04:00,30676.5,30699.0,30673.5,30697.0,2874
2026-09-29 09:28:00-04:00,30696.5,30700.75,30685.75,30697.25,2859
2026-09-29 09:29:00-04:00,30696.0,30709.25,30691.0,30709.0,3059
2026-09-29 09:30:00-04:00,30708.75,30725.25,30665.25,30677.5,14963
2026-09-29 09:31:00-04:00,30676.75,30706.25,30653.25,30663.5,15088
2026-09-29 09:32:00-04:00,30663.25,30676.5,30652.5,30666.5,13480
2026-09-29 09:33:00-04:00,30666.75,30668.0,30621.0,30621.0,15264
2026-09-29 09:34:00-04:00,30621.0,30629.5,30602.0,30609.5,15054
2026-09-29 09:35:00-04:00,30610.25,30621.5,30586.75,30597.75,14602
2026-09-29 09:36:00-04:00,30597.75,30615.5,30587.75,30605.0,12013
2026-09-29 09:37:00-04:00,30605.0,30634.75,30604.5,30610.75,13066
2026-09-29 09:38:00-04:00,30610.5,30611.0,30582.0,30607.75,14237
2026-09-29 09:39:00-04:00,30607.0,30619.0,30599.25,30619.0,8010
2026-09-29 09:40:00-04:00,30618.75,30623.0,30569.0,30571.5,13849
2026-09-29 09:41:00-04:00,30571.25,30583.25,30567.5,30572.75,9117
2026-09-29 09:42:00-04:00,30573.0,30586.5,30547.75,30550.75,14329
2026-09-29 09:43:00-04:00,30551.5,30573.5,30545.25,30551.0,11344
2026-09-29 09:44:00-04:00,30551.0,30571.25,30546.75,30567.0,7677
2026-09-29 09:45:00-04:00,30567.25,30582.75,30560.5,30580.0,10906
2026-09-29 09:46:00-04:00,30580.25,30596.75,30574.5,30574.75,10970
2026-09-29 09:47:00-04:00,30574.25,30600.25,30570.25,30579.0,10009
2026-09-29 09:48:00-04:00,30579.5,30595.0,30568.5,30573.0,7827
2026-09-29 09:49:00-04:00,30573.5,30583.75,30558.25,30577.75,7384
2026-09-29 09:50:00-04:00,30577.75,30597.0,30570.5,30591.25,8940
2026-09-29 09:51:00-04:00,30591.75,30612.5,30589.5,30601.5,11126
2026-09-29 09:52:00-04:00,30601.75,30621.0,30591.25,30619.0,9217
2026-09-29 09:53:00-04:00,30619.25,30630.0,30613.25,30623.75,8673
2026-09-29 09:54:00-04:00,30624.5,30626.0,30615.25,30621.0,4668
2026-09-29 09:55:00-04:00,30621.75,30650.0,30619.5,30649.25,9787
2026-09-29 09:56:00-04:00,30649.0,30656.25,30639.0,30643.5,8038
2026-09-29 09:57:00-04:00,30643.5,30645.5,30624.75,30634.5,6825
2026-09-29 09:58:00-04:00,30633.25,30640.75,30623.0,30635.0,3465
2026-09-29 09:59:00-04:00,30635.25,30636.25,30596.0,30609.5,7902
2026-09-29 10:00:00-04:00,30608.25,30663.0,30602.75,30638.5,14565
2026-09-29 10:01:00-04:00,30638.5,30650.75,30622.0,30623.75,7180
2026-09-29 10:02:00-04:00,30623.75,30624.0,30603.25,30617.5,7950
2026-09-29 10:03:00-04:00,30617.75,30640.5,30609.25,30637.0,7196
2026-09-29 10:04:00-04:00,30637.0,30637.5,30613.75,30629.25,5865
2026-09-29 10:05:00-04:00,30629.25,30636.0,30615.5,30630.0,4912
2026-09-29 10:06:00-04:00,30630.0,30630.0,30611.5,30624.75,5450
2026-09-29 10:07:00-04:00,30624.75,30635.75,30609.0,30616.5,5739
2026-09-29 10:08:00-04:00,30617.0,30626.0,30613.75,30619.75,3775
2026-09-29 10:09:00-04:00,30619.75,30619.75,30597.75,30612.25,6711
2026-09-29 10:10:00-04:00,30612.75,30630.0,30611.5,30625.25,6319
2026-09-29 10:11:00-04:00,30626.5,30634.5,30590.25,30597.5,8937
2026-09-29 10:12:00-04:00,30597.25,30619.0,30588.5,30616.0,7036
2026-09-29 10:13:00-04:00,30616.25,30644.0,30616.25,30622.5,9170
2026-09-29 10:14:00-04:00,30622.0,30636.0,30619.0,30628.25,4315
2026-09-29 10:15:00-04:00,30628.25,30631.5,30603.75,30607.75,6606
2026-09-29 10:16:00-04:00,30608.25,30652.0,30597.75,30645.5,11047
2026-09-29 10:17:00-04:00,30646.25,30653.75,30633.5,30644.75,7821
2026-09-29 10:18:00-04:00,30644.25,30661.25,30640.75,30654.75,6873
2026-09-29 10:19:00-04:00,30655.5,30671.25,30646.5,30660.5,9519
2026-09-29 10:20:00-04:00,30661.0,30667.25,30605.0,30623.0,14976
2026-09-29 10:21:00-04:00,30622.25,30650.0,30617.25,30646.0,8241
2026-09-29 10:22:00-04:00,30645.5,30670.25,30641.5,30669.25,7764
2026-09-29 10:23:00-04:00,30669.0,30676.0,30649.5,30665.75,9695
2026-09-29 10:24:00-04:00,30665.5,30671.0,30648.5,30664.0,5583
2026-09-29 10:25:00-04:00,30663.75,30684.25,30657.0,30678.0,6711
2026-09-29 10:26:00-04:00,30678.0,30691.0,30672.0,30690.75,6917
2026-09-29 10:27:00-04:00,30690.75,30698.5,30685.25,30687.5,7427
2026-09-29 10:28:00-04:00,30687.75,30688.25,30657.0,30659.0,8109
2026-09-29 10:29:00-04:00,30658.5,30671.5,30654.5,30671.0,5739
2026-09-29 10:30:00-04:00,30671.0,30689.75,30668.75,30684.0,6655
2026-09-29 10:31:00-04:00,30683.75,30696.0,30676.25,30690.25,5722
2026-09-29 10:32:00-04:00,30690.75,30699.75,30675.0,30681.0,6679
2026-09-29 10:33:00-04:00,30680.75,30694.0,30677.75,30693.25,3727
2026-09-29 10:34:00-04:00,30693.0,30693.75,30681.0,30688.75,3739
2026-09-29 10:35:00-04:00,30687.75,30693.75,30677.75,30688.25,4190
2026-09-29 10:36:00-04:00,30688.25,30690.75,30680.0,30680.5,3054
2026-09-29 10:37:00-04:00,30680.5,30681.25,30659.0,30668.25,6521
2026-09-29 10:38:00-04:00,30668.0,30684.75,30663.75,30683.5,5435
2026-09-29 10:39:00-04:00,30683.0,30686.75,30675.75,30682.0,3935
2026-09-29 10:40:00-04:00,30682.25,30700.0,30656.75,30664.75,10893
2026-09-29 10:41:00-04:00,30665.0,30686.25,30660.5,30672.75,5976
2026-09-29 10:42:00-04:00,30673.0,30684.0,30665.0,30677.5,5591
2026-09-29 10:43:00-04:00,30677.5,30681.75,30664.0,30664.25,3018
2026-09-29 10:44:00-04:00,30664.5,30674.25,30657.0,30669.5,4601
2026-09-29 10:45:00-04:00,30669.5,30680.5,30668.0,30680.0,3682
2026-09-29 10:46:00-04:00,30680.25,30680.25,30662.25,30676.5,4451
2026-09-29 10:47:00-04:00,30676.75,30679.0,30668.25,30676.5,2629
2026-09-29 10:48:00-04:00,30676.5,30690.75,30665.0,30666.0,5499
2026-09-29 10:49:00-04:00,30666.0,30668.25,30642.0,30644.5,8836
2026-09-29 10:50:00-04:00,30644.25,30665.5,30641.25,30665.5,6518
2026-09-29 10:51:00-04:00,30665.5,30695.25,30660.5,30692.0,9032
2026-09-29 10:52:00-04:00,30692.0,30697.25,30688.5,30690.25,4549
2026-09-29 10:53:00-04:00,30690.5,30695.0,30668.75,30688.75,6666
2026-09-29 10:54:00-04:00,30689.25,30704.0,30686.75,30697.75,5064
2026-09-29 10:55:00-04:00,30697.5,30700.0,30686.0,30694.5,5223
2026-09-29 10:56:00-04:00,30694.25,30700.0,30686.75,30698.0,3735
2026-09-29 10:57:00-04:00,30697.25,30706.5,30688.0,30698.0,4509
2026-09-29 10:58:00-04:00,30698.0,30698.25,30667.75,30673.5,5698
2026-09-29 10:59:00-04:00,30672.75,30680.0,30655.75,30663.5,5967
2026-09-29 11:00:00-04:00,30663.0,30666.0,30633.5,30636.5,9579
2026-09-29 11:01:00-04:00,30636.75,30651.0,30631.25,30650.25,5888
2026-09-29 11:02:00-04:00,30651.25,30652.25,30627.5,30639.5,5944
2026-09-29 11:03:00-04:00,30639.75,30645.75,30635.75,30641.25,3295
2026-09-29 11:04:00-04:00,30641.0,30647.0,30628.75,30629.75,4100
2026-09-29 11:05:00-04:00,30630.25,30636.0,30620.0,30627.5,6715
2026-09-29 11:06:00-04:00,30627.75,30641.5,30627.25,30630.5,5270
2026-09-29 11:07:00-04:00,30630.5,30631.25,30618.25,30624.5,4807
2026-09-29 11:08:00-04:00,30624.5,30625.75,30603.5,30616.25,7523
2026-09-29 11:09:00-04:00,30616.75,30626.5,30607.75,30615.5,5432
2026-09-29 11:10:00-04:00,30615.0,30628.0,30613.0,30619.75,3997
2026-09-29 11:11:00-04:00,30620.25,30622.25,30607.5,30612.25,3441
2026-09-29 11:12:00-04:00,30611.75,30612.5,30593.5,30598.25,6246
2026-09-29 11:13:00-04:00,30598.25,30624.0,30597.5,30621.5,5618
2026-09-29 11:14:00-04:00,30621.25,30638.5,30617.0,30638.25,6679
2026-09-29 11:15:00-04:00,30637.75,30648.75,30632.25,30635.25,7085
2026-09-29 11:16:00-04:00,30635.75,30644.75,30632.25,30637.25,3543
2026-09-29 11:17:00-04:00,30637.0,30638.75,30620.0,30624.25,4629
2026-09-29 11:18:00-04:00,30624.5,30625.0,30593.25,30596.0,7605
2026-09-29 11:19:00-04:00,30596.0,30606.0,30583.5,30583.5,8050
2026-09-29 11:20:00-04:00,30584.0,30591.25,30575.75,30577.0,6853
2026-09-29 11:21:00-04:00,30577.5,30586.5,30572.75,30581.5,5806
2026-09-29 11:22:00-04:00,30581.5,30589.5,30568.5,30579.0,6119
2026-09-29 11:23:00-04:00,30579.0,30581.5,30557.25,30559.75,5757
2026-09-29 11:24:00-04:00,30559.5,30563.75,30549.5,30559.5,7707
2026-09-29 11:25:00-04:00,30559.75,30567.0,30547.75,30556.5,7721
2026-09-29 11:26:00-04:00,30556.25,30564.75,30535.0,30540.5,8799
2026-09-29 11:27:00-04:00,30540.75,30552.75,30532.0,30548.5,7253
2026-09-29 11:28:00-04:00,30548.75,30561.75,30544.25,30549.0,6353
2026-09-29 11:29:00-04:00,30549.5,30558.0,30545.5,30554.5,4403
2026-09-29 11:30:00-04:00,30554.75,30566.5,30554.75,30555.5,7014
2026-09-29 11:31:00-04:00,30555.75,30559.5,30543.25,30552.75,5520
2026-09-29 11:32:00-04:00,30553.0,30573.5,30552.25,30571.25,6144
2026-09-29 11:33:00-04:00,30571.75,30593.25,30570.5,30592.0,7875
2026-09-29 11:34:00-04:00,30591.75,30605.0,30589.5,30598.75,7059
2026-09-29 11:35:00-04:00,30598.75,30601.75,30590.0,30592.75,4253
2026-09-29 11:36:00-04:00,30593.25,30602.75,30591.25,30597.25,3683
2026-09-29 11:37:00-04:00,30596.5,30599.5,30585.0,30592.25,4325
2026-09-29 11:38:00-04:00,30593.0,30611.75,30586.0,30611.5,5364
2026-09-29 11:39:00-04:00,30611.5,30613.75,30593.25,30599.75,5300
2026-09-29 11:40:00-04:00,30600.0,30601.5,30590.25,30598.25,2878
2026-09-29 11:41:00-04:00,30598.5,30600.5,30569.25,30573.0,7254
2026-09-29 11:42:00-04:00,30573.0,30592.0,30570.0,30580.75,5178
2026-09-29 11:43:00-04:00,30581.25,30581.5,30567.0,30578.25,4892
2026-09-29 11:44:00-04:00,30577.75,30588.5,30572.25,30577.5,3590
2026-09-29 11:45:00-04:00,30577.75,30586.25,30573.25,30576.0,3003
2026-09-29 11:46:00-04:00,30576.0,30577.0,30556.75,30562.5,5262
2026-09-29 11:47:00-04:00,30562.0,30610.5,30555.25,30591.0,21876
2026-09-29 11:48:00-04:00,30591.25,30594.25,30572.0,30588.5,10185
2026-09-29 11:49:00-04:00,30588.5,30603.75,30583.25,30598.25,7404
2026-09-29 11:50:00-04:00,30598.0,30612.25,30587.25,30591.25,7704
2026-09-29 11:51:00-04:00,30591.25,30594.25,30568.5,30577.75,6008
2026-09-29 11:52:00-04:00,30577.5,30580.5,30559.5,30568.25,6088
2026-09-29 11:53:00-04:00,30568.25,30574.75,30561.0,30565.75,3545
2026-09-29 11:54:00-04:00,30566.25,30575.75,30553.0,30566.5,5888
2026-09-29 11:55:00-04:00,30566.25,30572.5,30556.0,30561.75,3433
2026-09-29 11:56:00-04:00,30562.25,30579.75,30562.0,30577.25,3292
2026-09-29 11:57:00-04:00,30578.0,30581.75,30564.5,30568.25,3361
2026-09-29 11:58:00-04:00,30568.75,30585.0,30567.25,30577.75,3122
2026-09-29 11:59:00-04:00,30577.75,30588.5,30574.0,30588.25,2279
2026-09-29 12:00:00-04:00,30588.25,30588.5,30571.5,30577.25,3975
2026-09-29 12:01:00-04:00,30576.75,30583.75,30570.5,30576.5,2779
2026-09-29 12:02:00-04:00,30576.25,30576.5,30554.0,30567.0,4321
2026-09-29 12:03:00-04:00,30566.75,30568.5,30561.0,30567.0,1866
2026-09-29 12:04:00-04:00,30567.25,30570.5,30551.5,30556.0,2649
2026-09-29 12:05:00-04:00,30556.0,30565.75,30552.0,30557.5,3057
2026-09-29 12:06:00-04:00,30557.5,30569.75,30552.75,30569.25,3371
2026-09-29 12:07:00-04:00,30568.75,30580.25,30564.0,30577.25,3560
2026-09-29 12:08:00-04:00,30577.25,30586.0,30568.75,30582.0,3539
2026-09-29 12:09:00-04:00,30582.75,30593.75,30580.75,30589.0,3674
2026-09-29 12:10:00-04:00,30589.25,30594.0,30582.75,30586.0,2986
2026-09-29 12:11:00-04:00,30586.0,30591.25,30576.75,30587.75,3809
2026-09-29 12:12:00-04:00,30587.0,30587.25,30573.25,30574.0,2767
2026-09-29 12:13:00-04:00,30573.75,30580.25,30561.25,30562.5,3170
2026-09-29 12:14:00-04:00,30562.5,30566.0,30556.0,30559.0,3186
2026-09-29 12:15:00-04:00,30559.25,30565.75,30554.0,30564.5,3299
2026-09-29 12:16:00-04:00,30564.5,30570.25,30557.5,30569.5,3228
2026-09-29 12:17:00-04:00,30569.5,30572.75,30558.75,30559.75,2789
2026-09-29 12:18:00-04:00,30559.75,30563.25,30550.5,30562.0,3412
2026-09-29 12:19:00-04:00,30561.5,30565.75,30551.75,30565.75,2903
2026-09-29 12:20:00-04:00,30565.5,30572.0,30565.25,30566.5,2760
2026-09-29 12:21:00-04:00,30566.25,30579.5,30555.0,30557.0,5253
2026-09-29 12:22:00-04:00,30557.5,30573.75,30553.0,30569.25,3083
2026-09-29 12:23:00-04:00,30569.0,30570.0,30559.75,30569.5,1949
2026-09-29 12:24:00-04:00,30569.0,30575.75,30566.75,30568.25,1905
2026-09-29 12:25:00-04:00,30568.25,30579.5,30567.5,30579.0,2141
2026-09-29 12:26:00-04:00,30578.25,30585.5,30574.0,30583.75,2398
2026-09-29 12:27:00-04:00,30584.25,30587.5,30580.5,30585.25,2232
2026-09-29 12:28:00-04:00,30585.0,30590.75,30583.25,30586.5,2073
2026-09-29 12:29:00-04:00,30586.5,30588.25,30580.25,30583.75,1946
2026-09-29 12:30:00-04:00,30583.75,30584.75,30569.25,30570.75,3564
2026-09-29 12:31:00-04:00,30571.0,30581.0,30563.75,30567.75,3705
2026-09-29 12:32:00-04:00,30568.5,30574.5,30565.0,30567.75,2087
2026-09-29 12:33:00-04:00,30567.5,30574.5,30566.5,30570.5,1888
2026-09-29 12:34:00-04:00,30570.5,30571.0,30565.5,30569.75,1461
2026-09-29 12:35:00-04:00,30569.25,30584.0,30568.75,30574.25,3136
2026-09-29 12:36:00-04:00,30574.0,30581.25,30568.5,30578.0,2204
2026-09-29 12:37:00-04:00,30578.0,30579.25,30570.25,30575.75,1509
2026-09-29 12:38:00-04:00,30575.75,30581.0,30570.0,30580.0,1570
2026-09-29 12:39:00-04:00,30579.5,30579.75,30567.75,30572.75,2225
2026-09-29 12:40:00-04:00,30572.75,30573.25,30550.0,30553.25,4944
2026-09-29 12:41:00-04:00,30553.25,30558.75,30534.75,30535.0,5173
2026-09-29 12:42:00-04:00,30535.0,30548.0,30528.5,30543.75,5407
2026-09-29 12:43:00-04:00,30544.0,30544.0,30525.25,30527.25,4289
2026-09-29 12:44:00-04:00,30527.25,30529.25,30517.5,30518.5,5913
2026-09-29 12:45:00-04:00,30518.75,30526.0,30504.0,30511.5,7359
2026-09-29 12:46:00-04:00,30511.5,30533.25,30506.75,30532.0,6108
2026-09-29 12:47:00-04:00,30532.75,30547.75,30528.75,30541.25,5890
2026-09-29 12:48:00-04:00,30541.25,30556.0,30535.75,30551.75,4746
2026-09-29 12:49:00-04:00,30552.0,30552.75,30538.5,30549.25,3399
2026-09-29 12:50:00-04:00,30549.25,30562.0,30546.0,30560.75,3878
2026-09-29 12:51:00-04:00,30560.5,30568.0,30543.0,30544.75,5551
2026-09-29 12:52:00-04:00,30545.25,30546.75,30537.0,30540.5,4088
2026-09-29 12:53:00-04:00,30540.25,30543.25,30535.0,30538.5,2618
2026-09-29 12:54:00-04:00,30538.5,30541.75,30533.25,30539.5,2846
2026-09-29 12:55:00-04:00,30539.5,30539.75,30525.25,30528.0,4087
2026-09-29 12:56:00-04:00,30527.75,30528.25,30515.25,30521.75,4239
2026-09-29 12:57:00-04:00,30522.25,30527.5,30519.75,30521.0,2897
2026-09-29 12:58:00-04:00,30521.75,30532.0,30519.25,30529.5,2542
2026-09-29 12:59:00-04:00,30529.25,30540.5,30526.25,30538.0,3196
2026-09-29 13:00:00-04:00,30537.75,30538.25,30522.0,30522.25,3769
2026-09-29 13:01:00-04:00,30523.0,30534.25,30520.0,30525.25,2801
2026-09-29 13:02:00-04:00,30524.75,30529.0,30519.5,30521.75,2067
2026-09-29 13:03:00-04:00,30521.5,30532.0,30513.0,30531.25,4326
2026-09-29 13:04:00-04:00,30530.5,30533.75,30525.75,30530.5,2318
2026-09-29 13:05:00-04:00,30530.25,30538.0,30528.0,30536.25,2221
2026-09-29 13:06:00-04:00,30536.75,30540.25,30530.0,30533.5,2551
2026-09-29 13:07:00-04:00,30533.75,30534.5,30525.5,30533.25,2799
2026-09-29 13:08:00-04:00,30533.0,30540.25,30529.5,30534.5,2048
2026-09-29 13:09:00-04:00,30534.75,30536.25,30530.0,30530.75,1228
2026-09-29 13:10:00-04:00,30530.75,30542.0,30526.0,30537.75,3278
2026-09-29 13:11:00-04:00,30538.25,30548.5,30532.75,30533.5,3678
2026-09-29 13:12:00-04:00,30533.5,30537.0,30524.5,30528.0,2598
2026-09-29 13:13:00-04:00,30528.0,30535.25,30525.5,30533.25,1807
2026-09-29 13:14:00-04:00,30533.0,30543.25,30527.5,30543.25,2482
2026-09-29 13:15:00-04:00,30542.5,30548.0,30538.0,30541.5,2787
2026-09-29 13:16:00-04:00,30541.25,30544.5,30521.25,30528.75,3361
2026-09-29 13:17:00-04:00,30528.5,30540.0,30528.0,30531.5,2369
2026-09-29 13:18:00-04:00,30531.25,30536.75,30526.5,30533.25,1622
2026-09-29 13:19:00-04:00,30532.5,30542.0,30529.75,30538.25,2311
2026-09-29 13:20:00-04:00,30537.25,30544.0,30531.5,30540.0,2373
2026-09-29 13:21:00-04:00,30540.0,30546.0,30535.25,30538.5,2448
2026-09-29 13:22:00-04:00,30538.25,30546.75,30536.5,30542.25,1619
2026-09-29 13:23:00-04:00,30541.75,30555.5,30540.75,30552.75,3392
2026-09-29 13:24:00-04:00,30552.75,30566.5,30551.75,30565.75,3387
2026-09-29 13:25:00-04:00,30566.25,30575.5,30564.0,30568.0,4398
2026-09-29 13:26:00-04:00,30567.5,30571.25,30565.5,30570.5,2177
2026-09-29 13:27:00-04:00,30570.75,30578.75,30565.25,30577.75,2801
2026-09-29 13:28:00-04:00,30577.75,30581.25,30562.5,30568.25,3957
2026-09-29 13:29:00-04:00,30568.0,30573.0,30566.25,30568.25,2061
2026-09-29 13:30:00-04:00,30568.25,30572.75,30553.5,30555.75,4124
2026-09-29 13:31:00-04:00,30556.0,30566.25,30554.0,30563.5,3158
2026-09-29 13:32:00-04:00,30564.0,30569.0,30559.0,30565.0,2094
2026-09-29 13:33:00-04:00,30564.5,30574.5,30561.75,30569.25,2363
2026-09-29 13:34:00-04:00,30569.0,30574.25,30567.0,30574.25,1674
2026-09-29 13:35:00-04:00,30573.75,30584.75,30572.75,30578.25,4088
2026-09-29 13:36:00-04:00,30579.0,30579.25,30569.75,30569.75,2493
2026-09-29 13:37:00-04:00,30570.25,30573.0,30564.25,30567.0,1960
2026-09-29 13:38:00-04:00,30567.25,30573.25,30560.75,30563.0,1954
2026-09-29 13:39:00-04:00,30563.25,30565.25,30558.0,30563.5,1772
2026-09-29 13:40:00-04:00,30563.75,30563.75,30556.25,30559.25,2084
2026-09-29 13:41:00-04:00,30559.5,30564.0,30551.25,30554.75,3113
2026-09-29 13:42:00-04:00,30554.75,30555.0,30538.75,30543.25,4251
2026-09-29 13:43:00-04:00,30543.0,30552.75,30541.25,30552.75,2751
2026-09-29 13:44:00-04:00,30552.5,30562.25,30550.5,30559.5,2831
2026-09-29 13:45:00-04:00,30559.25,30568.25,30558.75,30559.75,2834
2026-09-29 13:46:00-04:00,30560.0,30571.0,30556.25,30557.0,4022
2026-09-29 13:47:00-04:00,30557.0,30565.75,30554.75,30562.0,1672
2026-09-29 13:48:00-04:00,30562.0,30562.75,30551.75,30555.5,2002
2026-09-29 13:49:00-04:00,30555.5,30555.75,30547.75,30551.25,2311
2026-09-29 13:50:00-04:00,30551.75,30558.0,30548.25,30549.25,1692
2026-09-29 13:51:00-04:00,30549.25,30551.0,30541.25,30542.5,2850
2026-09-29 13:52:00-04:00,30542.75,30545.75,30531.25,30534.75,3548
2026-09-29 13:53:00-04:00,30535.25,30537.0,30520.0,30526.25,3436
2026-09-29 13:54:00-04:00,30525.75,30535.0,30524.0,30533.25,2165
2026-09-29 13:55:00-04:00,30533.0,30535.25,30526.25,30527.25,2029
2026-09-29 13:56:00-04:00,30527.5,30529.0,30518.75,30522.0,2351
2026-09-29 13:57:00-04:00,30522.25,30526.5,30510.25,30513.75,3485
2026-09-29 13:58:00-04:00,30513.25,30517.75,30508.0,30512.25,2618
2026-09-29 13:59:00-04:00,30511.75,30524.75,30511.0,30522.5,3573
2026-09-29 14:00:00-04:00,30522.0,30587.25,30522.0,30577.0,22930
2026-09-29 14:01:00-04:00,30576.75,30587.25,30561.0,30563.0,8980
2026-09-29 14:02:00-04:00,30563.5,30579.25,30562.75,30574.75,6338
2026-09-29 14:03:00-04:00,30574.25,30575.5,30556.25,30569.0,4478
2026-09-29 14:04:00-04:00,30568.75,30580.75,30562.75,30579.0,4881
2026-09-29 14:05:00-04:00,30578.25,30597.75,30572.75,30584.25,6868
2026-09-29 14:06:00-04:00,30584.75,30592.5,30581.0,30588.25,4324
2026-09-29 14:07:00-04:00,30588.25,30597.75,30568.25,30580.25,6622
2026-09-29 14:08:00-04:00,30580.25,30586.5,30570.75,30574.0,2811
2026-09-29 14:09:00-04:00,30573.75,30578.25,30554.25,30556.75,4072
2026-09-29 14:10:00-04:00,30556.25,30569.0,30556.0,30559.0,3267
2026-09-29 14:11:00-04:00,30558.5,30560.25,30548.75,30551.75,2919
2026-09-29 14:12:00-04:00,30551.75,30558.5,30548.75,30557.0,2239
2026-09-29 14:13:00-04:00,30556.0,30582.75,30555.0,30578.5,4669
2026-09-29 14:14:00-04:00,30578.5,30592.25,30578.0,30589.0,4485
2026-09-29 14:15:00-04:00,30588.5,30591.25,30584.5,30587.0,2310
2026-09-29 14:16:00-04:00,30587.25,30595.75,30586.75,30590.25,3080
2026-09-29 14:17:00-04:00,30590.25,30596.25,30585.5,30589.75,1975
2026-09-29 14:18:00-04:00,30589.5,30594.75,30586.5,30592.75,1713
2026-09-29 14:19:00-04:00,30592.5,30600.0,30588.5,30594.25,3714
2026-09-29 14:20:00-04:00,30594.0,30596.0,30586.5,30593.5,2097
2026-09-29 14:21:00-04:00,30593.5,30598.5,30590.5,30596.0,2197
2026-09-29 14:22:00-04:00,30595.75,30610.75,30593.5,30610.0,3284
2026-09-29 14:23:00-04:00,30610.0,30617.0,30602.25,30603.0,5141
2026-09-29 14:24:00-04:00,30603.25,30607.0,30589.0,30591.75,3428
2026-09-29 14:25:00-04:00,30592.0,30600.75,30590.75,30590.75,2379
2026-09-29 14:26:00-04:00,30591.0,30602.75,30590.75,30597.5,1887
2026-09-29 14:27:00-04:00,30597.75,30609.25,30595.0,30606.0,2628
2026-09-29 14:28:00-04:00,30606.0,30620.0,30605.75,30610.25,4599
2026-09-29 14:29:00-04:00,30610.5,30612.0,30601.25,30601.75,2370
2026-09-29 14:30:00-04:00,30602.25,30623.25,30591.75,30596.5,9026
2026-09-29 14:31:00-04:00,30596.5,30599.75,30582.0,30588.75,3827
2026-09-29 14:32:00-04:00,30588.5,30594.5,30586.75,30589.0,2020
2026-09-29 14:33:00-04:00,30588.75,30593.25,30581.0,30583.5,1910
2026-09-29 14:34:00-04:00,30583.5,30594.75,30583.25,30593.0,1713
2026-09-29 14:35:00-04:00,30593.5,30600.0,30590.0,30598.0,1916
2026-09-29 14:36:00-04:00,30597.75,30607.0,30595.0,30605.25,3242
2026-09-29 14:37:00-04:00,30605.5,30613.5,30604.75,30611.0,1862
2026-09-29 14:38:00-04:00,30610.75,30632.25,30608.75,30631.75,4872
2026-09-29 14:39:00-04:00,30631.25,30643.75,30630.75,30641.25,5801
2026-09-29 14:40:00-04:00,30641.5,30651.5,30637.5,30650.0,5144
2026-09-29 14:41:00-04:00,30649.5,30661.0,30643.25,30647.75,5195
2026-09-29 14:42:00-04:00,30648.0,30651.25,30639.0,30645.75,3369
2026-09-29 14:43:00-04:00,30646.0,30646.5,30633.25,30638.0,3257
2026-09-29 14:44:00-04:00,30637.5,30642.25,30630.25,30639.0,2516
2026-09-29 14:45:00-04:00,30639.0,30647.25,30637.5,30644.0,2316
2026-09-29 14:46:00-04:00,30642.75,30646.25,30639.75,30643.0,1515
2026-09-29 14:47:00-04:00,30642.75,30643.0,30624.75,30629.75,4314
2026-09-29 14:48:00-04:00,30629.5,30636.75,30628.5,30636.75,1831
2026-09-29 14:49:00-04:00,30636.5,30642.25,30635.0,30637.75,1655
2026-09-29 14:50:00-04:00,30637.75,30642.5,30633.75,30640.5,1985
2026-09-29 14:51:00-04:00,30640.0,30647.25,30639.5,30645.5,1674
2026-09-29 14:52:00-04:00,30645.0,30651.5,30642.0,30649.25,1856
2026-09-29 14:53:00-04:00,30649.0,30651.5,30645.5,30650.0,1495
2026-09-29 14:54:00-04:00,30650.25,30650.75,30635.75,30637.75,2329
2026-09-29 14:55:00-04:00,30637.75,30643.25,30635.0,30642.25,2030
2026-09-29 14:56:00-04:00,30642.5,30644.0,30638.0,30639.25,1253
2026-09-29 14:57:00-04:00,30639.25,30642.0,30631.25,30636.25,2289
2026-09-29 14:58:00-04:00,30636.0,30653.25,30634.5,30648.5,2603
2026-09-29 14:59:00-04:00,30648.0,30655.0,30643.0,30646.75,2757
2026-09-29 15:00:00-04:00,30647.0,30654.0,30645.5,30649.0,2621
2026-09-29 15:01:00-04:00,30649.0,30650.0,30643.5,30646.0,1527
2026-09-29 15:02:00-04:00,30645.75,30650.0,30641.75,30646.25,1626
2026-09-29 15:03:00-04:00,30646.0,30651.0,30644.0,30645.0,1423
2026-09-29 15:04:00-04:00,30644.75,30655.0,30639.0,30652.5,2058
2026-09-29 15:05:00-04:00,30652.25,30654.5,30644.25,30651.5,1821
2026-09-29 15:06:00-04:00,30651.5,30656.75,30647.75,30653.25,1694
2026-09-29 15:07:00-04:00,30653.5,30654.0,30645.25,30648.0,1363
2026-09-29 15:08:00-04:00,30648.25,30652.0,30643.25,30646.5,1771
2026-09-29 15:09:00-04:00,30646.5,30649.0,30639.0,30639.75,1857
2026-09-29 15:10:00-04:00,30639.25,30642.0,30636.0,30638.5,2414
2026-09-29 15:11:00-04:00,30638.25,30645.75,30636.75,30639.5,1909
2026-09-29 15:12:00-04:00,30640.0,30640.75,30627.25,30630.75,3454
2026-09-29 15:13:00-04:00,30630.25,30634.5,30626.75,30627.75,1636
2026-09-29 15:14:00-04:00,30628.25,30628.5,30617.25,30623.0,3637
2026-09-29 15:15:00-04:00,30623.25,30625.0,30617.25,30620.5,1729
2026-09-29 15:16:00-04:00,30620.5,30628.5,30618.75,30626.5,2011
2026-09-29 15:17:00-04:00,30626.0,30627.25,30619.75,30623.75,1267
2026-09-29 15:18:00-04:00,30623.75,30632.75,30623.25,30628.0,2878
2026-09-29 15:19:00-04:00,30628.25,30630.25,30620.0,30627.0,1865
2026-09-29 15:20:00-04:00,30627.0,30628.0,30619.5,30622.25,1649
2026-09-29 15:21:00-04:00,30622.25,30634.0,30622.25,30634.0,2097
2026-09-29 15:22:00-04:00,30633.5,30639.75,30631.0,30637.75,2459
2026-09-29 15:23:00-04:00,30637.5,30643.0,30635.75,30638.25,2054
2026-09-29 15:24:00-04:00,30638.75,30640.5,30625.75,30630.75,2836
2026-09-29 15:25:00-04:00,30630.5,30635.25,30624.25,30628.75,2059
2026-09-29 15:26:00-04:00,30628.25,30634.25,30627.75,30629.0,1334
2026-09-29 15:27:00-04:00,30629.25,30632.75,30627.5,30631.75,1098
2026-09-29 15:28:00-04:00,30632.0,30632.5,30623.25,30625.75,1125
2026-09-29 15:29:00-04:00,30626.0,30627.75,30622.25,30626.0,1258
2026-09-29 15:30:00-04:00,30625.75,30627.75,30615.25,30618.75,3445
2026-09-29 15:31:00-04:00,30619.0,30630.25,30618.5,30629.25,2080
2026-09-29 15:32:00-04:00,30630.25,30640.0,30627.75,30636.25,2903
2026-09-29 15:33:00-04:00,30636.25,30637.25,30628.5,30628.5,1444
2026-09-29 15:34:00-04:00,30629.0,30630.75,30626.25,30630.25,1328
2026-09-29 15:35:00-04:00,30629.75,30631.25,30623.75,30625.25,1373
2026-09-29 15:36:00-04:00,30625.25,30629.75,30623.5,30627.5,916
2026-09-29 15:37:00-04:00,30627.5,30634.5,30626.5,30632.0,1165
2026-09-29 15:38:00-04:00,30632.5,30636.0,30629.5,30631.75,1453
2026-09-29 15:39:00-04:00,30631.75,30633.25,30623.75,30625.25,1405
2026-09-29 15:40:00-04:00,30625.5,30626.5,30618.25,30621.25,2133
2026-09-29 15:41:00-04:00,30621.5,30623.0,30613.5,30621.0,2039
2026-09-29 15:42:00-04:00,30621.0,30621.25,30615.0,30615.5,1361
2026-09-29 15:43:00-04:00,30615.75,30616.25,30601.5,30601.5,3819
2026-09-29 15:44:00-04:00,30602.0,30607.0,30599.5,30602.0,2403
2026-09-29 15:45:00-04:00,30601.5,30604.5,30596.25,30601.0,2799
2026-09-29 15:46:00-04:00,30601.0,30608.5,30599.75,30606.0,1986
2026-09-29 15:47:00-04:00,30606.0,30619.75,30606.0,30617.0,2986
2026-09-29 15:48:00-04:00,30617.0,30618.25,30610.25,30614.5,1629
2026-09-29 15:49:00-04:00,30614.75,30618.0,30612.5,30617.0,1427
2026-09-29 15:50:00-04:00,30617.0,30624.75,30609.25,30622.25,4167
2026-09-29 15:51:00-04:00,30621.75,30634.75,30621.25,30628.5,3819
2026-09-29 15:52:00-04:00,30629.0,30638.25,30623.25,30635.0,3088
2026-09-29 15:53:00-04:00,30635.0,30635.25,30625.5,30630.5,3867
2026-09-29 15:54:00-04:00,30631.0,30647.75,30630.25,30636.5,6134
2026-09-29 15:55:00-04:00,30636.5,30636.75,30592.5,30613.0,8558
2026-09-29 15:56:00-04:00,30613.25,30615.5,30594.25,30607.0,4111
2026-09-29 15:57:00-04:00,30607.5,30626.5,30605.75,30625.0,3735
2026-09-29 15:58:00-04:00,30625.25,30626.75,30612.0,30614.75,3232
2026-09-29 15:59:00-04:00,30615.25,30621.75,30602.75,30617.5,13814
2026-09-29 16:00:00-04:00,30617.0,30644.0,30614.0,30642.75,5244
2026-09-29 16:01:00-04:00,30642.25,30644.75,30630.25,30630.5,1962
2026-09-29 16:02:00-04:00,30630.75,30641.75,30630.75,30637.75,1035
2026-09-29 16:03:00-04:00,30638.0,30640.0,30631.25,30632.5,662
2026-09-29 16:04:00-04:00,30632.25,30633.5,30626.5,30629.0,780
2026-09-29 16:05:00-04:00,30629.5,30629.5,30621.25,30624.0,1035
2026-09-29 16:06:00-04:00,30623.75,30633.5,30622.75,30631.75,820
2026-09-29 16:07:00-04:00,30630.75,30633.0,30629.5,30630.0,315
2026-09-29 16:08:00-04:00,30630.0,30631.75,30627.5,30627.75,381
2026-09-29 16:09:00-04:00,30628.0,30629.0,30625.0,30626.25,342
2026-09-29 16:10:00-04:00,30627.0,30627.75,30621.25,30623.75,687
2026-09-29 16:11:00-04:00,30623.75,30627.75,30623.5,30627.75,326
2026-09-29 16:12:00-04:00,30627.25,30628.25,30625.5,30627.5,245
2026-09-29 16:13:00-04:00,30627.5,30631.5,30627.0,30631.5,395
2026-09-29 16:14:00-04:00,30631.5,30636.25,30627.5,30629.25,595
2026-09-29 16:15:00-04:00,30629.75,30630.25,30626.25,30627.5,385
2026-09-29 16:16:00-04:00,30627.5,30631.5,30626.5,30630.5,342
2026-09-29 16:17:00-04:00,30630.5,30632.5,30629.25,30630.25,262
2026-09-29 16:18:00-04:00,30630.0,30635.75,30630.0,30635.5,262
2026-09-29 16:19:00-04:00,30635.0,30637.0,30634.0,30634.75,341
2026-09-29 16:20:00-04:00,30634.5,30636.5,30633.75,30633.75,239
2026-09-29 16:21:00-04:00,30633.75,30635.5,30632.5,30635.5,182
2026-09-29 16:22:00-04:00,30634.75,30637.0,30634.25,30635.0,151
2026-09-29 16:23:00-04:00,30635.5,30635.5,30629.5,30632.0,298
2026-09-29 16:24:00-04:00,30631.25,30639.25,30630.75,30639.0,353
2026-09-29 16:25:00-04:00,30639.0,30642.75,30638.0,30641.75,605
2026-09-29 16:26:00-04:00,30642.25,30651.25,30641.75,30651.0,991
2026-09-29 16:27:00-04:00,30650.5,30652.0,30646.75,30649.75,547
2026-09-29 16:28:00-04:00,30650.25,30654.0,30648.0,30653.25,329
2026-09-29 16:29:00-04:00,30653.5,30657.5,30653.0,30655.25,666
2026-09-29 16:30:00-04:00,30654.75,30659.5,30653.5,30655.5,457
2026-09-29 16:31:00-04:00,30654.75,30654.75,30648.5,30650.75,532
2026-09-29 16:32:00-04:00,30650.5,30656.25,30650.0,30654.5,349
2026-09-29 16:33:00-04:00,30654.25,30660.0,30653.75,30659.0,328
2026-09-29 16:34:00-04:00,30659.25,30663.0,30659.0,30660.0,590
2026-09-29 16:35:00-04:00,30660.0,30661.0,30656.5,30658.0,347
2026-09-29 16:36:00-04:00,30658.0,30660.5,30655.0,30656.0,397
2026-09-29 16:37:00-04:00,30656.0,30660.5,30655.25,30660.25,282
2026-09-29 16:38:00-04:00,30659.5,30667.75,30659.25,30666.75,665
2026-09-29 16:39:00-04:00,30667.0,30673.75,30666.75,30673.25,841
2026-09-29 16:40:00-04:00,30672.75,30677.75,30670.25,30670.75,666
2026-09-29 16:41:00-04:00,30671.0,30671.5,30667.75,30670.5,284
2026-09-29 16:42:00-04:00,30670.5,30677.25,30668.0,30675.75,536
2026-09-29 16:43:00-04:00,30675.5,30676.75,30672.75,30673.75,177
2026-09-29 16:44:00-04:00,30674.0,30675.5,30671.0,30674.5,350
2026-09-29 16:45:00-04:00,30674.5,30676.5,30669.25,30669.75,572
2026-09-29 16:46:00-04:00,30669.5,30669.75,30665.5,30667.5,479
2026-09-29 16:47:00-04:00,30667.5,30669.75,30665.5,30669.0,472
2026-09-29 16:48:00-04:00,30669.25,30669.25,30664.25,30665.75,309
2026-09-29 16:49:00-04:00,30665.5,30668.0,30665.0,30667.25,342
2026-09-29 16:50:00-04:00,30666.75,30667.5,30661.5,30662.5,302
2026-09-29 16:51:00-04:00,30663.0,30663.25,30660.0,30661.0,202
2026-09-29 16:52:00-04:00,30661.0,30663.25,30659.75,30662.0,251
2026-09-29 16:53:00-04:00,30662.75,30663.0,30660.75,30661.0,159
2026-09-29 16:54:00-04:00,30661.5,30662.25,30660.0,30662.25,148
2026-09-29 16:55:00-04:00,30661.5,30662.75,30658.25,30661.5,278
2026-09-29 16:56:00-04:00,30660.75,30660.75,30657.5,30657.5,101
2026-09-29 16:57:00-04:00,30658.0,30658.25,30652.25,30655.75,302
2026-09-29 16:58:00-04:00,30655.5,30658.25,30654.75,30656.5,161
2026-09-29 16:59:00-04:00,30656.75,30658.5,30648.25,30651.0,288
2026-09-29 18:00:00-04:00,30655.5,30670.25,30653.75,30668.5,0
2026-09-29 18:01:00-04:00,30667.75,30686.0,30666.0,30683.75,1547
2026-09-29 18:02:00-04:00,30684.25,30687.75,30676.75,30683.25,867
2026-09-29 18:03:00-04:00,30682.75,30694.5,30682.75,30692.75,817
2026-09-29 18:04:00-04:00,30691.75,30696.0,30690.0,30690.75,587
2026-09-29 18:05:00-04:00,30690.75,30697.0,30688.5,30695.25,949
2026-09-29 18:06:00-04:00,30694.5,30699.5,30692.25,30694.75,751
2026-09-29 18:07:00-04:00,30693.75,30694.75,30690.0,30691.75,357
2026-09-29 18:08:00-04:00,30691.75,30695.75,30687.5,30693.75,487
2026-09-29 18:09:00-04:00,30693.75,30694.75,30691.75,30694.0,219
2026-09-29 18:10:00-04:00,30694.0,30703.75,30692.25,30698.5,954
2026-09-29 18:11:00-04:00,30698.25,30700.0,30690.5,30693.25,629
2026-09-29 18:12:00-04:00,30692.5,30697.5,30692.5,30694.25,362
2026-09-29 18:13:00-04:00,30694.5,30697.25,30692.0,30692.0,235
2026-09-29 18:14:00-04:00,30692.0,30692.5,30688.0,30688.5,480
2026-09-29 18:15:00-04:00,30688.25,30697.0,30686.75,30692.75,840
2026-09-29 18:16:00-04:00,30692.25,30696.0,30691.25,30693.5,353
2026-09-29 18:17:00-04:00,30693.0,30694.0,30691.0,30692.25,171
2026-09-29 18:18:00-04:00,30693.0,30696.75,30691.25,30695.75,346
2026-09-29 18:19:00-04:00,30695.5,30708.75,30695.25,30704.75,1001
2026-09-29 18:20:00-04:00,30705.0,30708.5,30702.5,30703.25,909
2026-09-29 18:21:00-04:00,30702.75,30703.75,30700.5,30702.25,416
2026-09-29 18:22:00-04:00,30701.5,30705.75,30695.5,30701.25,1021
2026-09-29 18:23:00-04:00,30701.75,30705.75,30699.5,30700.5,523
2026-09-29 18:24:00-04:00,30700.25,30704.25,30699.5,30701.75,237
2026-09-29 18:25:00-04:00,30701.0,30702.5,30699.0,30701.0,262
2026-09-29 18:26:00-04:00,30700.5,30702.0,30696.0,30698.0,378
2026-09-29 18:27:00-04:00,30697.5,30699.25,30688.75,30690.0,1245
2026-09-29 18:28:00-04:00,30689.75,30692.0,30680.25,30684.25,1480
2026-09-29 18:29:00-04:00,30684.0,30684.5,30678.0,30680.5,1017
2026-09-29 18:30:00-04:00,30681.25,30685.5,30664.5,30671.5,1670
2026-09-29 18:31:00-04:00,30671.25,30675.25,30670.0,30671.75,969
2026-09-29 18:32:00-04:00,30672.0,30673.75,30666.5,30669.0,795
2026-09-29 18:33:00-04:00,30668.5,30672.0,30662.25,30666.5,1014
2026-09-29 18:34:00-04:00,30666.75,30672.0,30664.5,30670.25,529
2026-09-29 18:35:00-04:00,30670.25,30671.5,30666.5,30667.25,387
2026-09-29 18:36:00-04:00,30667.25,30668.0,30662.75,30664.0,412
2026-09-29 18:37:00-04:00,30664.0,30670.25,30663.75,30668.75,409
2026-09-29 18:38:00-04:00,30668.5,30669.25,30666.5,30667.0,221
2026-09-29 18:39:00-04:00,30667.0,30669.25,30663.25,30666.5,338
2026-09-29 18:40:00-04:00,30666.75,30668.25,30665.75,30668.0,270
2026-09-29 18:41:00-04:00,30668.0,30675.25,30666.75,30673.75,754
2026-09-29 18:42:00-04:00,30673.75,30676.75,30671.75,30672.5,800
2026-09-29 18:43:00-04:00,30672.5,30673.75,30666.0,30668.5,601
2026-09-29 18:44:00-04:00,30667.5,30669.75,30665.5,30669.5,288
2026-09-29 18:45:00-04:00,30668.75,30669.5,30665.75,30667.0,282
2026-09-29 18:46:00-04:00,30667.0,30668.25,30663.5,30664.25,345
2026-09-29 18:47:00-04:00,30664.25,30668.75,30660.5,30668.5,562
2026-09-29 18:48:00-04:00,30668.5,30670.25,30666.25,30666.75,195
2026-09-29 18:49:00-04:00,30666.75,30669.0,30665.75,30668.0,131
2026-09-29 18:50:00-04:00,30668.0,30671.75,30667.25,30671.5,225
2026-09-29 18:51:00-04:00,30670.75,30672.5,30669.25,30669.5,303
2026-09-29 18:52:00-04:00,30669.0,30669.75,30666.75,30668.5,211
2026-09-29 18:53:00-04:00,30669.25,30674.5,30669.0,30671.0,326
2026-09-29 18:54:00-04:00,30671.5,30673.0,30668.5,30670.5,211
2026-09-29 18:55:00-04:00,30670.5,30671.0,30668.25,30670.5,198
2026-09-29 18:56:00-04:00,30670.25,30672.75,30669.25,30672.5,109
2026-09-29 18:57:00-04:00,30672.25,30672.5,30669.25,30669.25,166
2026-09-29 18:58:00-04:00,30669.5,30670.5,30668.5,30669.5,190
2026-09-29 18:59:00-04:00,30669.5,30669.5,30666.25,30669.0,210
2026-09-29 19:00:00-04:00,30669.5,30673.5,30667.5,30671.0,356
2026-09-29 19:01:00-04:00,30670.75,30672.25,30666.75,30667.5,240
2026-09-29 19:02:00-04:00,30667.75,30667.75,30663.75,30666.75,451
2026-09-29 19:03:00-04:00,30666.25,30668.5,30663.75,30668.25,274
2026-09-29 19:04:00-04:00,30667.5,30670.75,30665.0,30669.75,276
2026-09-29 19:05:00-04:00,30669.75,30674.25,30669.25,30673.25,434
2026-09-29 19:06:00-04:00,30673.25,30679.0,30670.0,30677.0,785
2026-09-29 19:07:00-04:00,30677.0,30677.25,30672.5,30673.75,354
2026-09-29 19:08:00-04:00,30673.75,30676.0,30673.25,30674.25,187
2026-09-29 19:09:00-04:00,30675.25,30676.0,30672.75,30674.75,189
2026-09-29 19:10:00-04:00,30675.25,30678.75,30674.25,30676.25,301
2026-09-29 19:11:00-04:00,30676.5,30680.75,30675.25,30679.0,540
2026-09-29 19:12:00-04:00,30679.5,30682.25,30678.75,30681.75,518
2026-09-29 19:13:00-04:00,30682.0,30684.5,30680.25,30684.5,614
2026-09-29 19:14:00-04:00,30684.0,30685.0,30681.0,30682.0,341
2026-09-29 19:15:00-04:00,30681.5,30684.25,30680.75,30683.75,217
2026-09-29 19:16:00-04:00,30684.0,30687.25,30682.5,30683.5,476
2026-09-29 19:17:00-04:00,30683.75,30688.0,30683.0,30687.25,290
2026-09-29 19:18:00-04:00,30687.75,30689.75,30677.5,30682.0,926
2026-09-29 19:19:00-04:00,30682.5,30682.75,30677.5,30679.5,444
2026-09-29 19:20:00-04:00,30679.5,30680.5,30677.5,30678.25,339
2026-09-29 19:21:00-04:00,30678.75,30678.75,30672.5,30675.5,620
2026-09-29 19:22:00-04:00,30675.25,30676.0,30670.0,30671.0,596
2026-09-29 19:23:00-04:00,30671.5,30678.75,30670.25,30673.25,618
2026-09-29 19:24:00-04:00,30673.75,30676.25,30673.5,30675.5,158
2026-09-29 19:25:00-04:00,30675.25,30675.75,30673.0,30675.25,194
2026-09-29 19:26:00-04:00,30675.75,30679.25,30675.5,30677.25,312
2026-09-29 19:27:00-04:00,30677.25,30683.0,30677.0,30679.5,649
2026-09-29 19:28:00-04:00,30679.5,30682.25,30678.5,30680.0,319
2026-09-29 19:29:00-04:00,30679.75,30680.75,30677.75,30678.75,255
2026-09-29 19:30:00-04:00,30679.25,30680.5,30674.0,30676.5,529
2026-09-29 19:31:00-04:00,30676.0,30676.0,30670.5,30673.0,557
2026-09-29 19:32:00-04:00,30673.0,30676.75,30672.0,30676.75,185
2026-09-29 19:33:00-04:00,30677.0,30679.5,30675.25,30676.0,311
2026-09-29 19:34:00-04:00,30676.5,30684.75,30675.75,30683.0,489
2026-09-29 19:35:00-04:00,30683.0,30693.75,30682.75,30692.0,1493
2026-09-29 19:36:00-04:00,30691.5,30694.0,30690.0,30693.5,642
2026-09-29 19:37:00-04:00,30693.5,30694.25,30692.0,30694.25,251
2026-09-29 19:38:00-04:00,30693.75,30703.5,30693.75,30701.75,1091
2026-09-29 19:39:00-04:00,30702.25,30703.5,30699.75,30701.5,552
2026-09-29 19:40:00-04:00,30701.25,30702.0,30694.25,30695.75,804
2026-09-29 19:41:00-04:00,30695.75,30703.0,30695.5,30698.25,500
2026-09-29 19:42:00-04:00,30698.0,30700.75,30692.75,30693.0,564
2026-09-29 19:43:00-04:00,30693.25,30697.75,30690.25,30692.5,415
2026-09-29 19:44:00-04:00,30692.25,30698.5,30692.0,30695.25,427
2026-09-29 19:45:00-04:00,30696.0,30697.5,30692.75,30695.0,474
2026-09-29 19:46:00-04:00,30695.0,30700.0,30693.25,30698.25,293
2026-09-29 19:47:00-04:00,30698.25,30701.75,30697.5,30700.25,405
2026-09-29 19:48:00-04:00,30700.25,30705.0,30699.75,30704.0,649
2026-09-29 19:49:00-04:00,30704.0,30707.0,30700.5,30700.5,642
2026-09-29 19:50:00-04:00,30700.75,30701.5,30697.0,30697.5,506
2026-09-29 19:51:00-04:00,30698.0,30699.75,30696.0,30698.25,279
2026-09-29 19:52:00-04:00,30698.25,30701.75,30696.5,30701.25,333
2026-09-29 19:53:00-04:00,30701.0,30705.25,30700.0,30701.0,451
2026-09-29 19:54:00-04:00,30700.75,30702.5,30698.75,30700.75,331
2026-09-29 19:55:00-04:00,30701.0,30712.5,30700.75,30710.75,1204
2026-09-29 19:56:00-04:00,30710.75,30712.0,30705.75,30706.25,790
2026-09-29 19:57:00-04:00,30705.75,30707.75,30703.0,30704.5,555
2026-09-29 19:58:00-04:00,30704.75,30706.5,30701.75,30703.5,369
2026-09-29 19:59:00-04:00,30703.0,30714.5,30701.25,30712.25,981
2026-09-29 20:00:00-04:00,30712.25,30722.25,30708.5,30721.75,3342
2026-09-29 20:01:00-04:00,30721.75,30722.75,30710.0,30720.75,1776
2026-09-29 20:02:00-04:00,30720.5,30720.75,30708.75,30709.5,1025
2026-09-29 20:03:00-04:00,30710.0,30721.5,30708.25,30712.0,1562
2026-09-29 20:04:00-04:00,30712.0,30713.0,30706.0,30708.75,1071
2026-09-29 20:05:00-04:00,30709.25,30731.0,30704.75,30728.5,3429
2026-09-29 20:06:00-04:00,30728.5,30737.25,30727.5,30732.5,2674
2026-09-29 20:07:00-04:00,30732.75,30735.25,30728.5,30733.0,891
2026-09-29 20:08:00-04:00,30733.5,30733.5,30726.25,30728.5,964
2026-09-29 20:09:00-04:00,30727.75,30732.25,30724.75,30726.0,781
2026-09-29 20:10:00-04:00,30727.0,30729.0,30724.0,30724.25,771
2026-09-29 20:11:00-04:00,30724.5,30725.0,30718.5,30720.5,1321
2026-09-29 20:12:00-04:00,30720.25,30731.75,30719.75,30731.0,1130
2026-09-29 20:13:00-04:00,30731.25,30735.0,30728.0,30734.5,856
2026-09-29 20:14:00-04:00,30734.5,30734.75,30728.5,30730.5,780
2026-09-29 20:15:00-04:00,30730.5,30735.5,30725.5,30727.25,1569
2026-09-29 20:16:00-04:00,30726.75,30728.25,30721.25,30721.5,933
2026-09-29 20:17:00-04:00,30721.5,30730.75,30716.25,30717.0,1788
2026-09-29 20:18:00-04:00,30717.0,30718.5,30698.75,30699.5,3402
2026-09-29 20:19:00-04:00,30699.25,30701.75,30696.25,30700.75,1289
2026-09-29 20:20:00-04:00,30701.25,30707.0,30699.5,30703.0,1527
2026-09-29 20:21:00-04:00,30702.5,30708.75,30701.75,30705.25,842
2026-09-29 20:22:00-04:00,30704.5,30705.25,30693.0,30695.75,1689
2026-09-29 20:23:00-04:00,30695.5,30707.5,30693.75,30703.5,1501
2026-09-29 20:24:00-04:00,30704.75,30710.25,30702.5,30707.5,890
2026-09-29 20:25:00-04:00,30707.75,30710.25,30698.75,30701.75,1095
2026-09-29 20:26:00-04:00,30701.75,30707.5,30699.5,30707.25,614
2026-09-29 20:27:00-04:00,30707.25,30707.25,30691.75,30696.0,1585
2026-09-29 20:28:00-04:00,30696.0,30702.0,30693.0,30701.25,484
2026-09-29 20:29:00-04:00,30700.75,30704.5,30697.25,30697.5,662
2026-09-29 20:30:00-04:00,30697.5,30703.75,30692.5,30696.25,1212
2026-09-29 20:31:00-04:00,30696.5,30702.25,30694.0,30700.75,837
2026-09-29 20:32:00-04:00,30700.0,30707.5,30699.75,30706.25,648
2026-09-29 20:33:00-04:00,30706.5,30712.25,30703.5,30710.0,1360
2026-09-29 20:34:00-04:00,30709.5,30713.25,30707.5,30710.0,733
2026-09-29 20:35:00-04:00,30709.75,30713.25,30697.75,30698.25,1349
2026-09-29 20:36:00-04:00,30698.75,30702.25,30686.75,30688.75,2593
2026-09-29 20:37:00-04:00,30688.25,30688.25,30677.25,30685.25,2427
2026-09-29 20:38:00-04:00,30685.75,30685.75,30677.5,30678.5,894
2026-09-29 20:39:00-04:00,30677.75,30682.0,30675.25,30678.75,1139
2026-09-29 20:40:00-04:00,30678.25,30686.25,30678.25,30685.25,1072
2026-09-29 20:41:00-04:00,30685.0,30690.0,30681.75,30685.0,1019
2026-09-29 20:42:00-04:00,30685.75,30687.5,30682.25,30684.75,404
2026-09-29 20:43:00-04:00,30685.0,30685.75,30680.5,30683.25,419
2026-09-29 20:44:00-04:00,30682.5,30684.75,30676.25,30678.0,764
2026-09-29 20:45:00-04:00,30678.0,30679.5,30672.25,30674.75,1203
2026-09-29 20:46:00-04:00,30674.5,30676.25,30668.5,30674.0,1160
2026-09-29 20:47:00-04:00,30674.0,30674.0,30661.5,30664.25,1856
2026-09-29 20:48:00-04:00,30665.0,30669.0,30657.75,30658.0,1664
2026-09-29 20:49:00-04:00,30658.75,30665.0,30657.0,30661.5,1370
2026-09-29 20:50:00-04:00,30661.5,30663.75,30653.0,30655.25,1602
2026-09-29 20:51:00-04:00,30654.75,30655.25,30644.5,30646.75,2576
2026-09-29 20:52:00-04:00,30646.5,30651.0,30645.5,30649.0,998
2026-09-29 20:53:00-04:00,30648.25,30654.0,30646.0,30651.25,939
2026-09-29 20:54:00-04:00,30650.75,30655.25,30644.0,30644.25,1177
2026-09-29 20:55:00-04:00,30645.0,30655.0,30644.75,30653.0,1192
2026-09-29 20:56:00-04:00,30653.25,30654.25,30650.0,30652.0,534
2026-09-29 20:57:00-04:00,30651.75,30659.5,30648.25,30659.0,957
2026-09-29 20:58:00-04:00,30658.5,30660.5,30654.5,30655.75,824
2026-09-29 20:59:00-04:00,30656.0,30656.5,30652.5,30655.25,633
2026-09-29 21:00:00-04:00,30654.25,30656.25,30643.25,30649.0,2023
2026-09-29 21:01:00-04:00,30648.25,30660.5,30647.5,30658.5,1327
2026-09-29 21:02:00-04:00,30658.75,30669.25,30658.0,30668.75,1908
2026-09-29 21:03:00-04:00,30668.25,30668.25,30653.75,30660.25,1819
2026-09-29 21:04:00-04:00,30659.5,30669.5,30659.5,30663.25,1207
2026-09-29 21:05:00-04:00,30662.75,30665.25,30660.25,30662.0,509
2026-09-29 21:06:00-04:00,30661.75,30662.0,30643.5,30644.5,1592
2026-09-29 21:07:00-04:00,30645.0,30649.75,30641.0,30648.0,1401
2026-09-29 21:08:00-04:00,30647.0,30648.25,30640.25,30641.0,873
2026-09-29 21:09:00-04:00,30641.0,30652.5,30641.0,30651.25,1067
2026-09-29 21:10:00-04:00,30650.75,30652.0,30642.25,30646.75,819
2026-09-29 21:11:00-04:00,30647.0,30652.75,30646.75,30648.25,777
2026-09-29 21:12:00-04:00,30648.75,30651.0,30640.75,30641.5,526
2026-09-29 21:13:00-04:00,30641.5,30643.0,30633.0,30639.25,2007
2026-09-29 21:14:00-04:00,30638.75,30644.75,30637.0,30641.5,798
2026-09-29 21:15:00-04:00,30641.25,30647.0,30641.25,30644.0,690
2026-09-29 21:16:00-04:00,30644.25,30646.5,30636.5,30636.5,493
2026-09-29 21:17:00-04:00,30637.25,30644.25,30636.5,30638.75,893
2026-09-29 21:18:00-04:00,30638.5,30641.25,30634.75,30636.25,662
2026-09-29 21:19:00-04:00,30636.5,30643.5,30634.5,30642.0,554
2026-09-29 21:20:00-04:00,30641.25,30646.0,30637.0,30644.5,629
2026-09-29 21:21:00-04:00,30645.25,30648.25,30630.25,30637.75,1817
2026-09-29 21:22:00-04:00,30637.25,30641.75,30636.0,30640.5,476
2026-09-29 21:23:00-04:00,30640.75,30652.0,30639.5,30647.5,1204
2026-09-29 21:24:00-04:00,30647.0,30647.0,30635.5,30644.0,1254
2026-09-29 21:25:00-04:00,30643.5,30645.0,30638.5,30642.75,370
2026-09-29 21:26:00-04:00,30642.25,30646.25,30640.0,30644.75,416
2026-09-29 21:27:00-04:00,30644.25,30645.5,30641.0,30642.5,496
2026-09-29 21:28:00-04:00,30642.5,30642.5,30636.0,30639.0,489
2026-09-29 21:29:00-04:00,30639.0,30640.0,30631.5,30631.75,651
2026-09-29 21:30:00-04:00,30631.75,30638.0,30624.25,30634.75,2479
2026-09-29 21:31:00-04:00,30635.75,30651.5,30632.75,30648.0,1630
2026-09-29 21:32:00-04:00,30647.5,30651.0,30641.5,30649.0,891
2026-09-29 21:33:00-04:00,30648.75,30648.75,30635.0,30647.75,1367
2026-09-29 21:34:00-04:00,30647.5,30653.0,30642.75,30647.25,1086
2026-09-29 21:35:00-04:00,30646.5,30654.75,30645.5,30653.25,704
2026-09-29 21:36:00-04:00,30652.75,30654.75,30643.25,30649.75,879
2026-09-29 21:37:00-04:00,30649.25,30651.5,30635.75,30637.75,773
2026-09-29 21:38:00-04:00,30637.5,30641.5,30625.0,30627.75,1158
2026-09-29 21:39:00-04:00,30628.0,30634.5,30627.75,30633.75,679
2026-09-29 21:40:00-04:00,30634.0,30643.5,30632.25,30641.5,888
2026-09-29 21:41:00-04:00,30641.0,30647.5,30637.25,30639.0,767
2026-09-29 21:42:00-04:00,30639.0,30642.0,30634.75,30635.25,449
2026-09-29 21:43:00-04:00,30634.75,30645.25,30634.5,30643.0,452
2026-09-29 21:44:00-04:00,30643.5,30645.25,30640.25,30642.5,427
2026-09-29 21:45:00-04:00,30643.0,30644.5,30630.5,30633.25,572
2026-09-29 21:46:00-04:00,30633.5,30647.0,30633.25,30642.25,636
2026-09-29 21:47:00-04:00,30642.75,30648.0,30639.0,30644.75,646
2026-09-29 21:48:00-04:00,30644.0,30647.75,30637.25,30639.0,514
2026-09-29 21:49:00-04:00,30638.75,30645.5,30636.75,30643.5,466
2026-09-29 21:50:00-04:00,30644.5,30645.5,30638.0,30642.0,419
2026-09-29 21:51:00-04:00,30642.0,30642.75,30637.5,30641.25,248
2026-09-29 21:52:00-04:00,30640.75,30641.0,30634.75,30636.25,419
2026-09-29 21:53:00-04:00,30636.0,30643.25,30635.75,30640.75,390
2026-09-29 21:54:00-04:00,30641.25,30648.75,30639.5,30646.25,590
2026-09-29 21:55:00-04:00,30645.5,30648.0,30643.0,30643.75,408
2026-09-29 21:56:00-04:00,30644.0,30646.0,30636.25,30640.25,518
2026-09-29 21:57:00-04:00,30639.5,30650.25,30638.0,30647.75,543
2026-09-29 21:58:00-04:00,30647.75,30649.5,30642.75,30645.75,433
2026-09-29 21:59:00-04:00,30645.75,30648.5,30644.0,30647.25,324
2026-09-29 22:00:00-04:00,30647.25,30654.0,30646.0,30649.25,859
2026-09-29 22:01:00-04:00,30648.75,30658.0,30648.75,30653.5,1150
2026-09-29 22:02:00-04:00,30653.25,30654.0,30642.0,30642.0,1200
2026-09-29 22:03:00-04:00,30642.0,30649.0,30641.25,30648.75,792
2026-09-29 22:04:00-04:00,30649.0,30650.75,30641.0,30641.75,783
2026-09-29 22:05:00-04:00,30642.75,30647.75,30639.0,30639.75,611
2026-09-29 22:06:00-04:00,30639.75,30645.5,30638.5,30642.0,548
2026-09-29 22:07:00-04:00,30642.75,30647.0,30641.5,30645.75,434
2026-09-29 22:08:00-04:00,30645.75,30645.75,30628.75,30629.5,1401
2026-09-29 22:09:00-04:00,30630.0,30631.0,30617.25,30622.0,2982
2026-09-29 22:10:00-04:00,30621.75,30622.75,30607.0,30611.0,2323
2026-09-29 22:11:00-04:00,30611.0,30612.0,30601.75,30604.0,1671
2026-09-29 22:12:00-04:00,30603.5,30606.75,30597.25,30600.5,1987
2026-09-29 22:13:00-04:00,30600.5,30620.0,30599.25,30616.75,2028
2026-09-29 22:14:00-04:00,30616.5,30617.5,30606.5,30610.0,1221
2026-09-29 22:15:00-04:00,30609.5,30623.25,30605.75,30615.5,1658
2026-09-29 22:16:00-04:00,30616.25,30620.0,30611.25,30614.0,881
2026-09-29 22:17:00-04:00,30614.25,30627.25,30613.5,30619.0,1654
2026-09-29 22:18:00-04:00,30618.75,30621.0,30610.5,30617.0,934
2026-09-29 22:19:00-04:00,30616.75,30619.0,30614.25,30616.25,389
2026-09-29 22:20:00-04:00,30616.0,30616.75,30610.25,30614.25,800
2026-09-29 22:21:00-04:00,30614.5,30626.25,30612.75,30625.0,805
2026-09-29 22:22:00-04:00,30626.0,30631.0,30622.5,30629.0,1230
2026-09-29 22:23:00-04:00,30629.0,30630.0,30617.75,30619.0,1051
2026-09-29 22:24:00-04:00,30619.75,30621.25,30613.0,30616.5,592
2026-09-29 22:25:00-04:00,30616.25,30616.5,30609.0,30609.5,714
2026-09-29 22:26:00-04:00,30610.0,30613.5,30603.5,30605.25,979
2026-09-29 22:27:00-04:00,30605.75,30609.5,30601.0,30604.0,834
2026-09-29 22:28:00-04:00,30604.25,30609.75,30601.0,30607.5,713
2026-09-29 22:29:00-04:00,30607.5,30609.5,30603.25,30605.75,438
2026-09-29 22:30:00-04:00,30606.25,30609.0,30600.0,30601.75,824
2026-09-29 22:31:00-04:00,30601.0,30609.5,30600.5,30608.25,561
2026-09-29 22:32:00-04:00,30608.0,30608.5,30590.75,30593.5,1419
2026-09-29 22:33:00-04:00,30593.25,30594.25,30588.5,30590.5,1159
2026-09-29 22:34:00-04:00,30590.5,30593.25,30585.0,30587.5,1088
2026-09-29 22:35:00-04:00,30588.0,30598.5,30587.25,30593.25,1036
2026-09-29 22:36:00-04:00,30593.5,30596.75,30589.0,30593.0,609
2026-09-29 22:37:00-04:00,30593.0,30595.25,30586.5,30588.0,580
2026-09-29 22:38:00-04:00,30587.5,30588.0,30572.25,30577.75,2303
2026-09-29 22:39:00-04:00,30578.0,30583.5,30578.0,30582.0,671
2026-09-29 22:40:00-04:00,30582.25,30589.0,30577.75,30586.75,852
2026-09-29 22:41:00-04:00,30585.75,30587.0,30573.5,30576.0,913
2026-09-29 22:42:00-04:00,30576.0,30579.75,30575.75,30578.75,371
2026-09-29 22:43:00-04:00,30579.75,30589.0,30579.0,30587.25,894
2026-09-29 22:44:00-04:00,30586.5,30594.0,30584.75,30591.5,932
2026-09-29 22:45:00-04:00,30592.25,30592.5,30585.25,30591.0,689
2026-09-29 22:46:00-04:00,30591.25,30611.0,30591.25,30609.25,1849
2026-09-29 22:47:00-04:00,30609.25,30620.75,30607.25,30619.25,1871
2026-09-29 22:48:00-04:00,30619.0,30621.5,30612.75,30614.0,1153
2026-09-29 22:49:00-04:00,30614.0,30617.25,30610.0,30613.75,769
2026-09-29 22:50:00-04:00,30613.25,30614.25,30609.0,30610.25,630
2026-09-29 22:51:00-04:00,30610.5,30615.0,30609.5,30614.0,393
2026-09-29 22:52:00-04:00,30613.75,30618.0,30612.75,30614.0,425
2026-09-29 22:53:00-04:00,30614.25,30618.75,30612.25,30612.75,443
2026-09-29 22:54:00-04:00,30613.0,30617.75,30611.75,30616.75,383
2026-09-29 22:55:00-04:00,30617.0,30619.0,30613.75,30616.25,331
2026-09-29 22:56:00-04:00,30616.25,30618.25,30608.0,30609.75,520
2026-09-29 22:57:00-04:00,30609.0,30609.25,30598.75,30601.5,1034
2026-09-29 22:58:00-04:00,30601.0,30602.0,30590.75,30591.5,1270
2026-09-29 22:59:00-04:00,30592.0,30598.75,30589.25,30595.75,824
2026-09-29 23:00:00-04:00,30595.75,30606.75,30595.0,30598.75,1065
2026-09-29 23:01:00-04:00,30598.5,30599.25,30594.0,30595.75,515
2026-09-29 23:02:00-04:00,30597.25,30603.5,30595.0,30599.5,448
2026-09-29 23:03:00-04:00,30600.5,30607.75,30600.25,30603.25,773
2026-09-29 23:04:00-04:00,30603.5,30612.25,30603.5,30609.25,675
2026-09-29 23:05:00-04:00,30609.5,30611.25,30606.0,30608.5,418
2026-09-29 23:06:00-04:00,30609.25,30609.75,30605.5,30605.75,350
2026-09-29 23:07:00-04:00,30605.75,30609.25,30598.25,30607.5,869
2026-09-29 23:08:00-04:00,30607.0,30607.0,30602.75,30605.25,291
2026-09-29 23:09:00-04:00,30605.75,30608.25,30603.5,30607.75,219
2026-09-29 23:10:00-04:00,30607.75,30610.5,30601.25,30602.25,801
2026-09-29 23:11:00-04:00,30601.75,30605.5,30598.25,30603.75,541
2026-09-29 23:12:00-04:00,30604.0,30608.75,30601.25,30606.75,444
2026-09-29 23:13:00-04:00,30606.75,30607.0,30601.25,30603.75,287
2026-09-29 23:14:00-04:00,30603.75,30603.75,30599.5,30602.25,288
2026-09-29 23:15:00-04:00,30601.75,30612.25,30601.75,30612.0,538
2026-09-29 23:16:00-04:00,30612.25,30613.0,30602.5,30603.25,494
2026-09-29 23:17:00-04:00,30604.0,30604.75,30595.75,30596.75,572
2026-09-29 23:18:00-04:00,30595.75,30601.75,30595.5,30596.5,444
2026-09-29 23:19:00-04:00,30596.75,30599.75,30596.25,30596.25,239
2026-09-29 23:20:00-04:00,30596.25,30598.0,30590.25,30597.0,874
2026-09-29 23:21:00-04:00,30596.25,30603.5,30596.25,30599.75,658
2026-09-29 23:22:00-04:00,30600.0,30609.5,30599.25,30605.75,531
2026-09-29 23:23:00-04:00,30606.25,30609.75,30604.25,30608.75,360
2026-09-29 23:24:00-04:00,30608.75,30611.25,30602.0,30602.75,620
2026-09-29 23:25:00-04:00,30603.0,30604.0,30596.5,30598.25,597
2026-09-29 23:26:00-04:00,30598.0,30603.25,30594.5,30601.25,601
2026-09-29 23:27:00-04:00,30601.25,30607.75,30598.0,30606.25,282
2026-09-29 23:28:00-04:00,30606.25,30611.25,30604.5,30606.0,505
2026-09-29 23:29:00-04:00,30606.5,30611.25,30606.0,30608.25,414
2026-09-29 23:30:00-04:00,30608.75,30614.25,30604.75,30610.0,1162
2026-09-29 23:31:00-04:00,30610.5,30620.0,30610.5,30618.5,933
2026-09-29 23:32:00-04:00,30618.75,30630.25,30618.75,30625.75,1482
2026-09-29 23:33:00-04:00,30625.75,30636.75,30624.75,30635.5,1241
2026-09-29 23:34:00-04:00,30635.5,30638.5,30629.0,30631.25,1151
2026-09-29 23:35:00-04:00,30631.5,30632.5,30617.5,30624.75,1312
2026-09-29 23:36:00-04:00,30624.25,30635.0,30623.0,30635.0,861
2026-09-29 23:37:00-04:00,30634.5,30648.5,30631.75,30647.5,1883
2026-09-29 23:38:00-04:00,30647.0,30647.75,30640.75,30642.0,688
2026-09-29 23:39:00-04:00,30642.25,30647.0,30641.75,30642.25,570
2026-09-29 23:40:00-04:00,30642.5,30648.25,30642.25,30643.0,642
2026-09-29 23:41:00-04:00,30642.5,30646.5,30640.25,30643.75,513
2026-09-29 23:42:00-04:00,30643.5,30647.75,30639.75,30641.25,477
2026-09-29 23:43:00-04:00,30640.75,30645.0,30639.75,30645.0,294
2026-09-29 23:44:00-04:00,30645.0,30645.5,30636.75,30638.0,379
2026-09-29 23:45:00-04:00,30639.0,30642.75,30632.75,30634.75,646
2026-09-29 23:46:00-04:00,30634.0,30635.75,30629.25,30634.5,928
2026-09-29 23:47:00-04:00,30634.0,30642.5,30633.5,30636.25,811
2026-09-29 23:48:00-04:00,30636.25,30639.25,30632.0,30633.0,518
2026-09-29 23:49:00-04:00,30633.5,30637.5,30632.5,30636.5,298
2026-09-29 23:50:00-04:00,30636.0,30638.5,30632.25,30637.75,298
2026-09-29 23:51:00-04:00,30637.75,30641.5,30633.75,30634.5,394
2026-09-29 23:52:00-04:00,30634.75,30636.75,30632.75,30633.75,288
2026-09-29 23:53:00-04:00,30633.25,30636.5,30632.75,30635.0,208
2026-09-29 23:54:00-04:00,30635.0,30643.0,30634.75,30640.75,548
2026-09-29 23:55:00-04:00,30640.75,30643.75,30638.5,30642.0,318
2026-09-29 23:56:00-04:00,30642.25,30643.5,30638.75,30640.5,257
2026-09-29 23:57:00-04:00,30640.5,30643.25,30638.5,30640.25,291
2026-09-29 23:58:00-04:00,30640.0,30640.25,30636.5,30638.5,283
2026-09-30 00:09:00-04:00,30643.25,30646.5,30640.25,30645.75,387
2026-09-30 00:10:00-04:00,30645.5,30654.75,30643.0,30650.75,684
2026-09-30 00:11:00-04:00,30651.5,30654.75,30650.75,30654.0,468
2026-09-30 00:12:00-04:00,30653.75,30655.0,30652.0,30652.25,402
2026-09-30 00:13:00-04:00,30652.75,30654.25,30648.75,30650.75,302
2026-09-30 00:14:00-04:00,30651.25,30657.0,30651.0,30656.5,422
2026-09-30 00:15:00-04:00,30657.0,30660.75,30656.25,30657.0,889
2026-09-30 00:16:00-04:00,30657.25,30658.0,30648.25,30652.25,788
2026-09-30 00:17:00-04:00,30652.5,30653.0,30649.5,30649.5,214
2026-09-30 00:18:00-04:00,30650.0,30656.75,30650.0,30654.75,368
2026-09-30 00:19:00-04:00,30654.75,30656.25,30652.0,30654.5,269
2026-09-30 00:20:00-04:00,30655.0,30659.25,30655.0,30656.25,397
2026-09-30 00:21:00-04:00,30656.0,30656.75,30652.25,30655.75,293
2026-09-30 00:22:00-04:00,30655.25,30657.0,30651.25,30653.0,239
2026-09-30 00:23:00-04:00,30653.0,30653.5,30644.5,30649.25,967
2026-09-30 00:24:00-04:00,30649.75,30651.25,30646.75,30650.5,310
2026-09-30 00:25:00-04:00,30650.0,30656.75,30649.0,30656.75,401
2026-09-30 00:26:00-04:00,30657.0,30660.25,30652.75,30658.0,436
2026-09-30 00:27:00-04:00,30658.5,30658.5,30653.0,30655.25,320
2026-09-30 00:28:00-04:00,30655.25,30655.5,30650.75,30652.25,260
2026-09-30 00:29:00-04:00,30651.5,30655.0,30650.75,30654.5,218
2026-09-30 00:30:00-04:00,30653.75,30656.0,30649.75,30652.75,477
2026-09-30 00:31:00-04:00,30652.5,30667.0,30651.0,30666.75,1149
2026-09-30 00:32:00-04:00,30666.5,30672.25,30662.25,30669.75,1051
2026-09-30 00:33:00-04:00,30670.0,30672.5,30665.25,30671.0,788
2026-09-30 00:34:00-04:00,30671.5,30674.75,30669.0,30670.0,836
2026-09-30 00:35:00-04:00,30670.5,30677.0,30669.0,30674.25,661
2026-09-30 00:36:00-04:00,30674.75,30676.0,30671.5,30672.75,405
2026-09-30 00:37:00-04:00,30673.0,30673.0,30667.5,30670.0,412
2026-09-30 00:38:00-04:00,30669.5,30673.25,30667.75,30670.5,309
2026-09-30 00:39:00-04:00,30670.5,30672.5,30668.75,30671.25,204
2026-09-30 00:40:00-04:00,30670.75,30675.0,30664.5,30664.75,719
2026-09-30 00:41:00-04:00,30664.5,30672.0,30662.75,30671.5,563
2026-09-30 00:42:00-04:00,30670.75,30671.5,30666.5,30668.25,244
2026-09-30 00:43:00-04:00,30667.0,30668.75,30665.25,30666.5,206
2026-09-30 00:44:00-04:00,30666.25,30672.0,30662.5,30669.75,630
2026-09-30 00:45:00-04:00,30670.0,30672.25,30669.0,30671.0,371
2026-09-30 00:46:00-04:00,30671.0,30673.0,30665.75,30667.75,354
2026-09-30 00:47:00-04:00,30667.5,30668.0,30663.5,30667.5,276
2026-09-30 00:48:00-04:00,30667.0,30670.75,30667.0,30668.0,230
2026-09-30 00:49:00-04:00,30667.75,30667.75,30660.0,30661.25,687
2026-09-30 00:50:00-04:00,30661.5,30662.25,30654.0,30654.0,772
2026-09-30 00:51:00-04:00,30654.75,30655.25,30646.25,30648.75,1050
2026-09-30 00:52:00-04:00,30648.75,30654.25,30648.25,30652.5,593
2026-09-30 00:53:00-04:00,30652.25,30652.25,30649.5,30650.75,185
2026-09-30 00:54:00-04:00,30650.75,30654.0,30646.25,30646.25,365
2026-09-30 00:55:00-04:00,30646.5,30647.0,30640.0,30640.5,1033
2026-09-30 00:56:00-04:00,30640.75,30643.5,30639.75,30642.75,560
2026-09-30 00:57:00-04:00,30642.25,30643.5,30640.75,30641.5,212
2026-09-30 00:58:00-04:00,30641.0,30649.5,30641.0,30648.0,594
2026-09-30 00:59:00-04:00,30648.0,30648.5,30644.25,30647.25,412
2026-09-30 01:00:00-04:00,30647.25,30660.0,30645.25,30658.0,1057
2026-09-30 01:01:00-04:00,30658.25,30662.0,30645.5,30650.25,1007
2026-09-30 01:02:00-04:00,30651.25,30651.75,30635.5,30637.5,1194
2026-09-30 01:03:00-04:00,30637.5,30638.0,30631.0,30631.75,852
2026-09-30 01:04:00-04:00,30631.5,30634.5,30626.75,30628.0,942
2026-09-30 01:05:00-04:00,30627.5,30627.5,30620.25,30625.75,905
2026-09-30 01:06:00-04:00,30626.0,30634.0,30625.25,30629.75,828
2026-09-30 01:07:00-04:00,30630.5,30632.5,30626.5,30630.75,432
2026-09-30 01:08:00-04:00,30630.75,30632.5,30626.0,30626.75,415
2026-09-30 01:09:00-04:00,30627.25,30630.0,30623.0,30626.75,528
2026-09-30 01:10:00-04:00,30626.75,30626.75,30614.75,30619.25,1075
2026-09-30 01:11:00-04:00,30618.5,30624.5,30615.0,30621.5,836
2026-09-30 01:12:00-04:00,30621.75,30621.75,30608.5,30609.0,1152
2026-09-30 01:13:00-04:00,30609.25,30610.0,30600.25,30605.75,1442
2026-09-30 01:14:00-04:00,30605.75,30608.75,30598.25,30598.25,777
2026-09-30 01:15:00-04:00,30599.0,30599.5,30580.0,30581.75,2251
2026-09-30 01:16:00-04:00,30580.75,30593.25,30579.75,30587.5,1452
2026-09-30 01:17:00-04:00,30587.25,30600.5,30587.0,30594.0,1155
2026-09-30 01:18:00-04:00,30594.0,30609.0,30593.25,30604.75,1254
2026-09-30 01:19:00-04:00,30604.75,30609.5,30599.25,30609.0,870
2026-09-30 01:20:00-04:00,30609.25,30616.75,30603.25,30611.0,1259
2026-09-30 01:21:00-04:00,30611.75,30617.75,30611.25,30613.25,494
2026-09-30 01:22:00-04:00,30613.25,30618.0,30602.75,30610.25,878
2026-09-30 01:23:00-04:00,30610.75,30611.25,30602.75,30608.75,513
2026-09-30 01:24:00-04:00,30609.25,30617.75,30605.25,30617.0,732
2026-09-30 01:25:00-04:00,30616.75,30617.5,30601.5,30601.75,965
2026-09-30 01:26:00-04:00,30602.0,30605.0,30596.75,30597.5,850
2026-09-30 01:27:00-04:00,30598.25,30604.5,30594.0,30602.25,718
2026-09-30 01:28:00-04:00,30602.5,30611.0,30598.5,30608.0,807
2026-09-30 01:29:00-04:00,30608.75,30613.0,30605.25,30611.75,564
2026-09-30 01:30:00-04:00,30611.5,30619.25,30609.25,30618.25,874
2026-09-30 01:31:00-04:00,30618.0,30621.0,30612.0,30616.25,974
2026-09-30 01:32:00-04:00,30616.0,30630.75,30614.25,30622.75,1612
2026-09-30 01:33:00-04:00,30623.25,30626.75,30619.0,30622.75,794
2026-09-30 01:34:00-04:00,30622.75,30631.5,30622.75,30630.0,552
2026-09-30 01:35:00-04:00,30630.0,30647.75,30627.0,30646.25,2060
2026-09-30 01:36:00-04:00,30646.75,30648.75,30639.75,30640.75,1019
2026-09-30 01:37:00-04:00,30640.25,30641.25,30631.25,30635.75,948
2026-09-30 01:38:00-04:00,30635.25,30635.25,30623.25,30624.75,899
2026-09-30 01:39:00-04:00,30625.25,30625.75,30614.25,30616.75,919
2026-09-30 01:40:00-04:00,30616.75,30618.5,30609.0,30615.75,1119
2026-09-30 01:41:00-04:00,30615.75,30619.75,30614.0,30618.75,502
2026-09-30 01:42:00-04:00,30618.5,30623.25,30615.5,30620.75,635
2026-09-30 01:43:00-04:00,30620.75,30623.75,30616.0,30616.0,465
2026-09-30 01:44:00-04:00,30616.0,30626.0,30614.5,30618.75,713
2026-09-30 01:45:00-04:00,30619.0,30626.0,30615.0,30617.25,833
2026-09-30 01:46:00-04:00,30617.5,30618.75,30605.5,30606.75,1169
2026-09-30 01:47:00-04:00,30607.25,30610.25,30600.25,30605.0,956
2026-09-30 01:48:00-04:00,30605.75,30608.75,30603.5,30607.0,493
2026-09-30 01:49:00-04:00,30608.5,30609.25,30603.5,30608.25,414
2026-09-30 01:50:00-04:00,30608.5,30611.5,30606.0,30609.75,458
2026-09-30 01:51:00-04:00,30609.75,30611.0,30602.25,30604.0,534
2026-09-30 01:52:00-04:00,30604.5,30606.0,30600.75,30601.75,362
2026-09-30 01:53:00-04:00,30601.0,30602.0,30590.75,30595.25,1051
2026-09-30 01:54:00-04:00,30595.0,30596.75,30586.5,30586.5,672
2026-09-30 01:55:00-04:00,30586.25,30590.0,30584.25,30585.5,722
2026-09-30 01:56:00-04:00,30585.5,30592.75,30583.25,30590.5,704
2026-09-30 01:57:00-04:00,30590.75,30593.25,30587.5,30589.25,354
2026-09-30 01:58:00-04:00,30588.75,30639.0,30588.75,30633.25,3674
2026-09-30 01:59:00-04:00,30632.75,30635.25,30610.5,30614.25,1814
2026-09-30 02:00:00-04:00,30613.75,30627.0,30604.0,30622.25,1839
2026-09-30 02:01:00-04:00,30623.5,30631.0,30616.75,30619.25,1610
2026-09-30 02:02:00-04:00,30618.25,30624.25,30610.75,30620.75,988
2026-09-30 02:03:00-04:00,30620.25,30620.75,30604.25,30608.0,1040
2026-09-30 02:04:00-04:00,30608.5,30611.75,30601.5,30611.5,962
2026-09-30 02:05:00-04:00,30611.75,30615.25,30606.5,30611.5,744
2026-09-30 02:06:00-04:00,30611.0,30616.0,30605.75,30608.5,530
2026-09-30 02:07:00-04:00,30608.25,30610.25,30600.5,30605.0,574
2026-09-30 02:08:00-04:00,30604.5,30608.75,30595.5,30599.5,710
2026-09-30 02:09:00-04:00,30599.5,30609.5,30599.0,30603.5,611
2026-09-30 02:10:00-04:00,30604.25,30611.0,30602.25,30606.5,617
2026-09-30 02:11:00-04:00,30606.75,30608.0,30598.75,30604.75,612
2026-09-30 02:12:00-04:00,30605.0,30609.25,30597.75,30599.5,732
2026-09-30 02:13:00-04:00,30599.0,30608.5,30596.75,30602.0,733
2026-09-30 02:14:00-04:00,30601.5,30605.0,30591.5,30592.5,460
2026-09-30 02:15:00-04:00,30591.75,30598.25,30589.75,30595.75,1032
2026-09-30 02:16:00-04:00,30596.0,30603.0,30591.5,30600.5,622
2026-09-30 02:17:00-04:00,30601.25,30610.0,30599.0,30601.0,977
2026-09-30 02:18:00-04:00,30600.5,30604.5,30594.25,30596.0,633
2026-09-30 02:19:00-04:00,30596.75,30598.5,30592.75,30595.0,408
2026-09-30 02:20:00-04:00,30595.0,30606.75,30591.75,30603.75,710
2026-09-30 02:21:00-04:00,30602.75,30609.5,30597.0,30606.0,582
2026-09-30 02:22:00-04:00,30606.25,30612.5,30603.75,30609.5,644
2026-09-30 02:23:00-04:00,30609.0,30610.5,30601.25,30606.0,403
2026-09-30 02:24:00-04:00,30605.75,30607.25,30602.75,30604.5,263
2026-09-30 02:25:00-04:00,30604.75,30605.0,30599.5,30604.0,352
2026-09-30 02:26:00-04:00,30603.25,30608.0,30602.0,30606.0,281
2026-09-30 02:27:00-04:00,30605.5,30610.75,30604.75,30610.5,260
2026-09-30 02:28:00-04:00,30610.5,30611.25,30594.0,30594.5,479
2026-09-30 02:29:00-04:00,30595.25,30601.0,30592.0,30597.5,468
2026-09-30 02:30:00-04:00,30597.0,30601.25,30586.0,30592.5,1023
2026-09-30 02:31:00-04:00,30593.0,30596.25,30588.75,30592.75,467
2026-09-30 02:32:00-04:00,30592.75,30593.75,30583.5,30588.75,721
2026-09-30 02:33:00-04:00,30588.5,30590.75,30573.0,30574.0,1227
2026-09-30 02:34:00-04:00,30573.5,30578.0,30565.5,30567.5,2110
2026-09-30 02:35:00-04:00,30567.25,30575.0,30565.75,30572.0,903
2026-09-30 02:36:00-04:00,30571.75,30577.25,30568.75,30574.25,953
2026-09-30 02:37:00-04:00,30575.0,30575.75,30565.0,30568.5,635
2026-09-30 02:38:00-04:00,30569.0,30579.75,30563.5,30568.0,1740
2026-09-30 02:39:00-04:00,30568.5,30571.5,30558.0,30561.0,1147
2026-09-30 02:40:00-04:00,30561.0,30567.25,30558.0,30563.25,627
2026-09-30 02:41:00-04:00,30562.25,30564.0,30549.0,30555.25,1668
2026-09-30 02:42:00-04:00,30554.75,30573.75,30554.25,30572.5,1297
2026-09-30 02:43:00-04:00,30572.0,30575.75,30562.25,30565.5,819
2026-09-30 02:44:00-04:00,30564.75,30572.5,30561.75,30569.25,632
2026-09-30 02:45:00-04:00,30569.25,30570.0,30551.0,30556.0,1453
2026-09-30 02:46:00-04:00,30556.0,30557.5,30549.5,30552.25,654
2026-09-30 02:47:00-04:00,30553.25,30556.5,30539.75,30547.5,1620
2026-09-30 02:48:00-04:00,30546.5,30549.0,30541.75,30545.5,906
2026-09-30 02:49:00-04:00,30545.5,30564.5,30544.25,30563.5,1258
2026-09-30 02:50:00-04:00,30563.0,30574.25,30562.75,30569.5,1116
2026-09-30 02:51:00-04:00,30569.75,30582.0,30566.0,30580.0,1036
2026-09-30 02:52:00-04:00,30580.5,30595.0,30577.25,30592.5,1401
2026-09-30 02:53:00-04:00,30591.75,30592.0,30585.5,30590.0,681
2026-09-30 02:54:00-04:00,30590.0,30591.5,30583.25,30589.25,530
2026-09-30 02:55:00-04:00,30590.0,30609.5,30590.0,30607.75,1386
2026-09-30 02:56:00-04:00,30608.25,30608.75,30597.25,30600.75,802
2026-09-30 02:57:00-04:00,30600.75,30605.5,30593.5,30601.75,721
2026-09-30 02:58:00-04:00,30602.5,30603.5,30596.75,30596.75,342
2026-09-30 02:59:00-04:00,30596.75,30597.0,30586.0,30587.25,766
2026-09-30 03:00:00-04:00,30587.0,30591.75,30581.5,30588.75,1756
2026-09-30 03:01:00-04:00,30587.5,30602.5,30583.0,30602.0,1098
2026-09-30 03:02:00-04:00,30602.0,30613.0,30597.25,30611.5,1281
2026-09-30 03:03:00-04:00,30610.75,30617.75,30607.25,30611.0,988
2026-09-30 03:04:00-04:00,30611.0,30620.0,30610.0,30619.25,908
2026-09-30 03:05:00-04:00,30619.75,30635.5,30619.5,30633.5,1855
2026-09-30 03:06:00-04:00,30633.75,30633.75,30614.25,30620.75,1173
2026-09-30 03:07:00-04:00,30620.5,30634.0,30617.75,30630.25,941
2026-09-30 03:08:00-04:00,30631.25,30635.5,30621.5,30625.0,715
2026-09-30 03:09:00-04:00,30626.25,30626.5,30611.25,30615.75,908
2026-09-30 03:10:00-04:00,30616.0,30626.25,30615.25,30621.5,478
2026-09-30 03:11:00-04:00,30620.75,30627.0,30609.0,30611.5,783
2026-09-30 03:12:00-04:00,30612.25,30624.5,30611.25,30619.0,478
2026-09-30 03:13:00-04:00,30618.5,30628.25,30617.5,30627.75,661
2026-09-30 03:14:00-04:00,30627.0,30635.0,30626.0,30630.25,686
2026-09-30 03:15:00-04:00,30630.0,30647.75,30627.5,30647.25,1481
2026-09-30 03:16:00-04:00,30647.0,30666.75,30644.75,30665.5,2060
2026-09-30 03:17:00-04:00,30665.5,30665.75,30656.25,30658.0,1362
2026-09-30 03:18:00-04:00,30658.25,30668.0,30653.75,30666.0,1189
2026-09-30 03:19:00-04:00,30667.0,30668.25,30662.5,30665.5,627
2026-09-30 03:20:00-04:00,30666.25,30670.0,30660.5,30662.25,1177
2026-09-30 03:21:00-04:00,30661.75,30672.5,30659.5,30671.75,796
2026-09-30 03:22:00-04:00,30671.5,30672.75,30660.0,30662.75,971
2026-09-30 03:23:00-04:00,30664.0,30684.75,30663.25,30682.0,1476
2026-09-30 03:24:00-04:00,30682.5,30685.0,30670.75,30674.5,931
2026-09-30 03:25:00-04:00,30674.5,30675.5,30667.25,30674.25,802
2026-09-30 03:26:00-04:00,30674.5,30682.25,30672.25,30675.25,1102
2026-09-30 03:27:00-04:00,30675.75,30676.5,30661.75,30665.75,911
2026-09-30 03:28:00-04:00,30665.0,30666.25,30654.75,30657.75,904
2026-09-30 03:29:00-04:00,30657.0,30658.75,30652.0,30658.25,708
2026-09-30 03:30:00-04:00,30657.75,30669.0,30654.25,30666.25,1243
2026-09-30 03:31:00-04:00,30666.75,30667.0,30652.25,30659.25,672
2026-09-30 03:32:00-04:00,30660.25,30669.0,30660.25,30666.5,592
2026-09-30 03:33:00-04:00,30665.5,30669.0,30663.25,30664.5,300
2026-09-30 03:34:00-04:00,30665.25,30666.5,30661.0,30666.25,301
2026-09-30 03:35:00-04:00,30665.75,30674.25,30664.25,30673.5,720
2026-09-30 03:36:00-04:00,30673.25,30678.25,30670.5,30672.25,561
2026-09-30 03:37:00-04:00,30672.5,30674.75,30668.5,30674.5,345
2026-09-30 03:38:00-04:00,30674.0,30674.5,30666.0,30671.75,384
2026-09-30 03:39:00-04:00,30671.5,30685.0,30671.25,30682.5,643
2026-09-30 03:40:00-04:00,30682.75,30693.0,30680.25,30689.75,1318
2026-09-30 03:41:00-04:00,30689.0,30689.75,30683.5,30688.25,517
2026-09-30 03:42:00-04:00,30688.0,30688.25,30679.5,30682.0,432
2026-09-30 03:43:00-04:00,30682.0,30689.0,30682.0,30685.5,379
2026-09-30 03:44:00-04:00,30686.5,30687.0,30679.25,30679.5,293
2026-09-30 03:45:00-04:00,30680.0,30690.0,30679.75,30687.0,469
2026-09-30 03:46:00-04:00,30686.25,30690.5,30683.75,30685.0,291
2026-09-30 03:47:00-04:00,30685.0,30685.75,30677.0,30679.0,510
2026-09-30 03:48:00-04:00,30679.0,30684.5,30679.0,30682.75,382
2026-09-30 03:49:00-04:00,30680.75,30684.5,30676.25,30683.75,260
2026-09-30 03:50:00-04:00,30684.25,30685.25,30681.25,30684.75,231
2026-09-30 03:51:00-04:00,30684.75,30691.75,30684.25,30687.0,521
2026-09-30 03:52:00-04:00,30686.25,30687.0,30682.75,30684.25,147
2026-09-30 03:53:00-04:00,30685.75,30687.0,30677.75,30679.0,310
2026-09-30 03:54:00-04:00,30679.5,30684.25,30678.5,30682.0,250
2026-09-30 03:55:00-04:00,30682.5,30686.5,30681.0,30682.75,301
2026-09-30 03:56:00-04:00,30681.0,30683.25,30676.5,30682.75,374
2026-09-30 03:57:00-04:00,30682.5,30685.25,30680.0,30681.0,180
2026-09-30 03:58:00-04:00,30680.5,30688.5,30679.0,30686.75,391
2026-09-30 03:59:00-04:00,30686.5,30692.0,30684.0,30689.5,379
2026-09-30 04:00:00-04:00,30689.5,30692.25,30681.0,30684.5,1165
2026-09-30 04:01:00-04:00,30684.0,30706.5,30684.0,30700.75,2211
2026-09-30 04:02:00-04:00,30700.5,30700.5,30688.5,30693.25,843
2026-09-30 04:03:00-04:00,30693.5,30707.5,30690.75,30704.5,834
2026-09-30 04:04:00-04:00,30703.25,30704.75,30686.0,30692.0,819
2026-09-30 04:05:00-04:00,30692.75,30692.75,30677.0,30678.25,923
2026-09-30 04:06:00-04:00,30678.25,30682.5,30672.75,30676.75,736
2026-09-30 04:07:00-04:00,30676.25,30681.75,30667.25,30675.75,989
2026-09-30 04:08:00-04:00,30676.0,30678.0,30670.75,30672.75,454
2026-09-30 04:09:00-04:00,30671.5,30674.5,30662.25,30672.0,644
2026-09-30 04:10:00-04:00,30672.0,30673.0,30661.75,30662.75,475
2026-09-30 04:11:00-04:00,30662.5,30667.75,30657.75,30666.0,665
2026-09-30 04:12:00-04:00,30665.5,30674.75,30664.25,30667.5,470
2026-09-30 04:13:00-04:00,30667.5,30671.25,30657.0,30658.25,455
2026-09-30 04:14:00-04:00,30658.25,30661.0,30654.5,30658.5,604
2026-09-30 04:15:00-04:00,30658.75,30664.25,30649.75,30661.75,715
2026-09-30 04:16:00-04:00,30662.0,30665.0,30658.75,30663.5,306
2026-09-30 04:17:00-04:00,30664.0,30669.25,30654.75,30661.0,718
2026-09-30 04:18:00-04:00,30661.5,30671.25,30661.5,30669.25,436
2026-09-30 04:19:00-04:00,30669.75,30674.25,30652.0,30654.25,817
2026-09-30 04:20:00-04:00,30654.25,30659.5,30652.75,30658.0,489
2026-09-30 04:21:00-04:00,30658.5,30661.0,30654.0,30661.0,329
2026-09-30 04:22:00-04:00,30660.75,30661.75,30656.0,30658.25,214
2026-09-30 04:23:00-04:00,30659.0,30660.75,30654.25,30656.25,270
2026-09-30 04:24:00-04:00,30657.0,30664.75,30654.75,30663.5,305
2026-09-30 04:25:00-04:00,30663.75,30665.25,30659.25,30663.75,326
2026-09-30 04:26:00-04:00,30663.75,30667.75,30661.5,30666.25,536
2026-09-30 04:27:00-04:00,30666.25,30667.5,30663.0,30665.0,284
2026-09-30 04:28:00-04:00,30666.75,30670.0,30663.0,30669.5,501
2026-09-30 04:29:00-04:00,30667.5,30672.0,30662.5,30663.5,491
2026-09-30 04:30:00-04:00,30666.25,30667.25,30652.75,30654.5,746
2026-09-30 04:31:00-04:00,30654.5,30657.0,30648.5,30655.75,676
2026-09-30 04:32:00-04:00,30656.0,30661.5,30653.25,30658.75,412
2026-09-30 04:33:00-04:00,30659.25,30664.5,30655.25,30662.5,402
2026-09-30 04:34:00-04:00,30663.5,30671.5,30662.75,30668.5,628
2026-09-30 04:35:00-04:00,30667.75,30671.0,30663.0,30663.0,359
2026-09-30 04:36:00-04:00,30664.5,30665.5,30658.5,30658.5,337
2026-09-30 04:37:00-04:00,30659.5,30664.25,30654.75,30661.25,361
2026-09-30 04:38:00-04:00,30660.25,30667.25,30660.0,30665.75,309
2026-09-30 04:39:00-04:00,30665.75,30666.5,30658.25,30658.25,281
2026-09-30 04:40:00-04:00,30658.75,30662.5,30656.5,30657.75,346
2026-09-30 04:41:00-04:00,30657.75,30657.75,30647.25,30649.25,589
2026-09-30 04:42:00-04:00,30648.75,30649.0,30637.5,30645.5,1223
2026-09-30 04:43:00-04:00,30645.25,30648.0,30638.75,30639.0,415
2026-09-30 04:44:00-04:00,30640.25,30642.0,30635.25,30638.25,559
2026-09-30 04:45:00-04:00,30637.75,30642.0,30635.75,30637.25,469
2026-09-30 04:46:00-04:00,30638.0,30653.0,30636.75,30650.5,799
2026-09-30 04:47:00-04:00,30650.25,30653.25,30640.5,30641.5,440
2026-09-30 04:48:00-04:00,30642.0,30656.75,30640.5,30654.0,588
2026-09-30 04:49:00-04:00,30654.0,30655.5,30647.75,30655.0,302
2026-09-30 04:50:00-04:00,30654.5,30656.5,30649.25,30651.5,262
2026-09-30 04:51:00-04:00,30652.25,30653.0,30646.5,30647.0,323
2026-09-30 04:52:00-04:00,30646.75,30653.5,30646.75,30653.0,276
2026-09-30 04:53:00-04:00,30653.25,30654.5,30642.25,30642.5,389
2026-09-30 04:54:00-04:00,30643.0,30645.5,30633.0,30634.25,757
2026-09-30 04:55:00-04:00,30634.25,30637.5,30631.0,30636.25,733
2026-09-30 04:56:00-04:00,30636.25,30639.25,30634.5,30637.5,419
2026-09-30 04:57:00-04:00,30637.5,30638.0,30631.75,30634.75,284
2026-09-30 04:58:00-04:00,30634.5,30636.75,30632.75,30635.5,134
2026-09-30 04:59:00-04:00,30635.5,30638.75,30619.25,30620.0,1135
2026-09-30 05:00:00-04:00,30620.5,30623.25,30613.75,30616.5,987
2026-09-30 05:01:00-04:00,30616.5,30623.5,30616.5,30619.75,519
2026-09-30 05:02:00-04:00,30619.75,30623.25,30614.25,30619.5,450
2026-09-30 05:03:00-04:00,30619.75,30622.0,30611.5,30618.25,736
2026-09-30 05:04:00-04:00,30617.5,30626.5,30616.5,30626.0,588
2026-09-30 05:05:00-04:00,30625.25,30626.5,30620.25,30623.25,393
2026-09-30 05:06:00-04:00,30623.25,30623.5,30610.0,30612.75,909
2026-09-30 05:07:00-04:00,30612.5,30616.25,30608.75,30609.75,533
2026-09-30 05:08:00-04:00,30609.25,30619.5,30597.75,30600.5,3200
2026-09-30 05:09:00-04:00,30600.5,30601.25,30588.25,30595.75,1371
2026-09-30 05:10:00-04:00,30594.5,30601.5,30592.25,30597.5,1040
2026-09-30 05:11:00-04:00,30596.75,30608.25,30596.25,30604.25,574
2026-09-30 05:12:00-04:00,30604.0,30617.0,30603.75,30615.75,668
2026-09-30 05:13:00-04:00,30616.0,30628.0,30615.5,30620.5,907
2026-09-30 05:14:00-04:00,30620.5,30632.0,30620.5,30631.25,527
2026-09-30 05:15:00-04:00,30631.25,30635.0,30626.75,30632.5,852
2026-09-30 05:16:00-04:00,30632.5,30634.0,30618.75,30621.25,856
2026-09-30 05:17:00-04:00,30621.5,30622.75,30618.25,30620.0,312
2026-09-30 05:18:00-04:00,30619.75,30625.75,30617.0,30623.25,445
2026-09-30 05:19:00-04:00,30624.0,30629.25,30623.0,30623.5,398
2026-09-30 05:20:00-04:00,30623.25,30627.5,30622.0,30622.0,363
2026-09-30 05:21:00-04:00,30622.0,30622.5,30613.0,30614.0,736
2026-09-30 05:22:00-04:00,30614.0,30621.75,30611.5,30618.75,610
2026-09-30 05:23:00-04:00,30619.0,30620.75,30613.25,30615.0,316
2026-09-30 05:24:00-04:00,30614.75,30620.0,30612.75,30616.75,263
2026-09-30 05:25:00-04:00,30616.25,30620.5,30615.0,30619.5,211
2026-09-30 05:26:00-04:00,30619.75,30621.75,30608.5,30612.25,589
2026-09-30 05:27:00-04:00,30611.5,30614.75,30609.0,30613.0,420
2026-09-30 05:28:00-04:00,30612.0,30620.25,30611.5,30611.5,439
2026-09-30 05:29:00-04:00,30613.25,30619.75,30610.25,30616.75,307
2026-09-30 05:30:00-04:00,30616.5,30620.0,30614.75,30618.25,276
2026-09-30 05:31:00-04:00,30618.75,30625.75,30616.75,30624.0,527
2026-09-30 05:32:00-04:00,30624.5,30640.5,30624.0,30638.25,1217
2026-09-30 05:33:00-04:00,30637.25,30642.75,30636.5,30638.0,490
2026-09-30 05:34:00-04:00,30639.0,30640.25,30629.25,30630.25,430
2026-09-30 05:35:00-04:00,30629.25,30630.0,30625.0,30626.75,468
2026-09-30 05:36:00-04:00,30626.5,30628.75,30624.0,30628.0,333
2026-09-30 05:37:00-04:00,30628.25,30629.75,30620.75,30621.25,275
2026-09-30 05:38:00-04:00,30621.25,30623.75,30617.25,30620.5,370
2026-09-30 05:39:00-04:00,30619.75,30619.75,30606.5,30611.0,772
2026-09-30 05:40:00-04:00,30611.75,30613.5,30608.25,30610.5,265
2026-09-30 05:41:00-04:00,30610.5,30614.25,30605.25,30607.0,535
2026-09-30 05:42:00-04:00,30607.5,30611.0,30603.0,30603.75,478
2026-09-30 05:43:00-04:00,30604.0,30605.0,30593.25,30597.25,984
2026-09-30 05:44:00-04:00,30597.25,30605.5,30597.25,30605.0,542
2026-09-30 05:45:00-04:00,30604.5,30610.75,30604.25,30605.5,430
2026-09-30 05:46:00-04:00,30605.5,30609.0,30603.0,30607.0,231
2026-09-30 05:47:00-04:00,30606.75,30608.5,30604.0,30608.5,168
2026-09-30 05:48:00-04:00,30608.5,30610.75,30603.75,30604.75,304
2026-09-30 05:49:00-04:00,30604.5,30613.25,30604.5,30610.5,249
2026-09-30 05:50:00-04:00,30609.75,30612.75,30605.0,30612.0,381
2026-09-30 05:51:00-04:00,30610.75,30613.5,30609.25,30610.75,185
2026-09-30 05:52:00-04:00,30610.5,30613.5,30607.0,30612.25,234
2026-09-30 05:53:00-04:00,30612.0,30613.0,30605.5,30605.75,337
2026-09-30 05:54:00-04:00,30606.0,30609.75,30605.0,30608.75,240
2026-09-30 05:55:00-04:00,30608.25,30616.25,30606.0,30611.75,358
2026-09-30 05:56:00-04:00,30610.75,30614.25,30608.75,30610.5,160
2026-09-30 05:57:00-04:00,30610.75,30615.25,30610.25,30613.75,229
2026-09-30 05:58:00-04:00,30614.0,30615.5,30611.5,30613.75,188
2026-09-30 05:59:00-04:00,30614.25,30617.5,30610.0,30615.0,203
2026-09-30 06:00:00-04:00,30614.25,30614.5,30598.5,30603.25,690
2026-09-30 06:01:00-04:00,30603.5,30610.25,30603.25,30608.25,405
2026-09-30 06:02:00-04:00,30609.25,30609.25,30599.0,30605.0,363
2026-09-30 06:03:00-04:00,30604.75,30611.5,30603.0,30603.75,315
2026-09-30 06:04:00-04:00,30604.25,30606.5,30595.75,30598.0,514
2026-09-30 06:05:00-04:00,30598.0,30603.75,30598.0,30600.0,360
2026-09-30 06:06:00-04:00,30599.75,30602.25,30592.0,30600.5,630
2026-09-30 06:07:00-04:00,30600.25,30605.75,30600.0,30604.5,327
2026-09-30 06:08:00-04:00,30604.25,30604.25,30601.25,30603.75,186
2026-09-30 06:09:00-04:00,30604.0,30604.75,30598.25,30600.0,306
2026-09-30 06:10:00-04:00,30600.0,30602.25,30596.0,30596.0,187
2026-09-30 06:11:00-04:00,30596.0,30597.0,30586.0,30586.25,772
2026-09-30 06:12:00-04:00,30586.5,30589.75,30582.25,30588.0,677
2026-09-30 06:13:00-04:00,30588.25,30599.5,30588.25,30597.5,644
2026-09-30 06:14:00-04:00,30597.0,30599.0,30580.0,30582.0,942
2026-09-30 06:15:00-04:00,30581.75,30590.5,30578.0,30581.75,1538
2026-09-30 06:16:00-04:00,30581.0,30584.0,30571.75,30584.0,1091
2026-09-30 06:17:00-04:00,30583.5,30594.25,30582.75,30588.75,1058
2026-09-30 06:18:00-04:00,30589.0,30592.75,30571.5,30581.25,1121
2026-09-30 06:19:00-04:00,30581.25,30601.25,30575.25,30588.0,1603
2026-09-30 06:20:00-04:00,30587.5,30598.5,30584.0,30595.5,533
2026-09-30 06:21:00-04:00,30595.75,30601.0,30590.25,30597.5,465
2026-09-30 06:22:00-04:00,30597.5,30599.5,30591.0,30595.5,336
2026-09-30 06:23:00-04:00,30594.75,30601.25,30591.75,30592.25,366
2026-09-30 06:24:00-04:00,30592.5,30597.5,30582.5,30596.5,914
2026-09-30 06:25:00-04:00,30597.0,30604.0,30594.75,30603.25,562
2026-09-30 06:26:00-04:00,30602.0,30605.75,30597.0,30603.0,478
2026-09-30 06:27:00-04:00,30602.5,30602.5,30589.5,30590.0,569
2026-09-30 06:28:00-04:00,30590.25,30594.0,30587.75,30591.75,345
2026-09-30 06:29:00-04:00,30592.0,30595.5,30588.25,30589.25,257
2026-09-30 06:30:00-04:00,30589.0,30590.25,30585.0,30586.5,508
2026-09-30 06:31:00-04:00,30586.75,30591.75,30584.75,30586.5,394
2026-09-30 06:32:00-04:00,30586.5,30593.25,30582.0,30589.0,454
2026-09-30 06:33:00-04:00,30588.25,30594.75,30588.25,30594.25,327
2026-09-30 06:34:00-04:00,30594.0,30594.0,30586.0,30586.75,383
2026-09-30 06:35:00-04:00,30586.5,30590.5,30577.75,30585.0,781
2026-09-30 06:36:00-04:00,30586.25,30589.25,30585.5,30588.75,245
2026-09-30 06:37:00-04:00,30588.75,30589.0,30579.75,30584.25,358
2026-09-30 06:38:00-04:00,30583.75,30594.25,30583.5,30593.75,446
2026-09-30 06:39:00-04:00,30593.75,30596.25,30588.0,30592.75,442
2026-09-30 06:40:00-04:00,30591.25,30594.25,30589.75,30591.75,294
2026-09-30 06:41:00-04:00,30591.0,30592.25,30586.25,30587.75,266
2026-09-30 06:42:00-04:00,30588.25,30599.5,30588.0,30596.5,618
2026-09-30 06:43:00-04:00,30595.75,30598.75,30592.5,30598.5,271
2026-09-30 06:44:00-04:00,30598.0,30601.0,30589.25,30591.25,718
2026-09-30 06:45:00-04:00,30591.75,30592.0,30584.25,30586.25,323
2026-09-30 06:46:00-04:00,30585.75,30594.25,30585.75,30590.0,318
2026-09-30 06:47:00-04:00,30590.0,30594.25,30588.5,30590.5,292
2026-09-30 06:48:00-04:00,30590.25,30592.75,30587.5,30590.0,256
2026-09-30 06:49:00-04:00,30590.75,30592.25,30585.0,30590.0,272
2026-09-30 06:50:00-04:00,30589.75,30594.5,30587.0,30591.25,243
2026-09-30 06:51:00-04:00,30590.75,30594.25,30588.0,30593.0,203
2026-09-30 06:52:00-04:00,30593.5,30600.5,30592.75,30594.5,418
2026-09-30 06:53:00-04:00,30594.75,30596.0,30590.0,30595.25,277
2026-09-30 06:54:00-04:00,30594.0,30600.0,30591.5,30596.25,217
2026-09-30 06:55:00-04:00,30596.0,30598.75,30592.75,30596.25,245
2026-09-30 06:56:00-04:00,30596.25,30607.75,30594.25,30598.75,1021
2026-09-30 06:57:00-04:00,30597.75,30605.0,30594.25,30600.75,538
2026-09-30 06:58:00-04:00,30600.25,30602.25,30588.75,30591.25,629
2026-09-30 06:59:00-04:00,30591.5,30597.0,30590.0,30590.0,314
2026-09-30 07:00:00-04:00,30590.25,30590.25,30570.0,30571.0,2434
2026-09-30 07:01:00-04:00,30570.5,30572.5,30566.25,30570.25,1489
2026-09-30 07:02:00-04:00,30570.0,30570.75,30564.5,30565.75,652
2026-09-30 07:03:00-04:00,30565.5,30572.5,30565.25,30569.75,679
2026-09-30 07:04:00-04:00,30570.5,30572.25,30563.25,30568.25,733
2026-09-30 07:05:00-04:00,30568.0,30576.0,30567.0,30573.5,767
2026-09-30 07:06:00-04:00,30573.75,30574.75,30565.75,30567.5,769
2026-09-30 07:07:00-04:00,30567.0,30567.0,30547.5,30550.75,2156
2026-09-30 07:08:00-04:00,30551.0,30559.0,30549.75,30558.0,816
2026-09-30 07:09:00-04:00,30558.5,30564.75,30552.25,30552.5,804
2026-09-30 07:10:00-04:00,30552.5,30553.75,30534.25,30537.0,2570
2026-09-30 07:11:00-04:00,30536.25,30542.25,30529.5,30539.75,1581
2026-09-30 07:12:00-04:00,30540.0,30552.25,30537.25,30546.5,1082
2026-09-30 07:13:00-04:00,30546.5,30553.5,30539.25,30541.5,842
2026-09-30 07:14:00-04:00,30540.75,30547.5,30532.5,30539.5,1042
2026-09-30 07:15:00-04:00,30538.5,30539.0,30519.25,30519.5,1714
2026-09-30 07:16:00-04:00,30519.75,30526.5,30515.75,30525.75,1607
2026-09-30 07:17:00-04:00,30525.0,30530.25,30521.25,30522.5,752
2026-09-30 07:18:00-04:00,30523.0,30531.5,30522.5,30528.25,572
2026-09-30 07:19:00-04:00,30529.25,30531.75,30513.75,30513.75,1093
2026-09-30 07:20:00-04:00,30513.75,30522.0,30511.75,30520.0,1140
2026-09-30 07:21:00-04:00,30521.25,30530.75,30517.75,30527.75,985
2026-09-30 07:22:00-04:00,30528.0,30550.25,30528.0,30549.0,1990
2026-09-30 07:23:00-04:00,30549.0,30567.5,30549.0,30565.75,1883
2026-09-30 07:24:00-04:00,30565.75,30569.5,30562.75,30568.5,1233
2026-09-30 07:25:00-04:00,30568.75,30577.0,30567.5,30572.25,1415
2026-09-30 07:26:00-04:00,30572.25,30578.75,30572.25,30573.75,727
2026-09-30 07:27:00-04:00,30573.25,30574.5,30569.0,30572.5,890
2026-09-30 07:28:00-04:00,30573.25,30581.25,30570.5,30578.75,1064
2026-09-30 07:29:00-04:00,30578.5,30587.0,30573.5,30574.75,1389
2026-09-30 07:30:00-04:00,30575.0,30579.75,30568.25,30578.0,1478
2026-09-30 07:31:00-04:00,30578.0,30590.25,30577.0,30586.75,1202
2026-09-30 07:32:00-04:00,30586.25,30586.75,30579.25,30584.5,1049
2026-09-30 07:33:00-04:00,30585.25,30592.25,30584.25,30592.0,898
2026-09-30 07:34:00-04:00,30592.0,30601.25,30590.5,30599.0,1586
2026-09-30 07:35:00-04:00,30600.25,30602.25,30598.25,30599.25,767
2026-09-30 07:36:00-04:00,30599.25,30600.0,30591.0,30595.5,859
2026-09-30 07:37:00-04:00,30596.25,30604.25,30595.5,30601.25,829
2026-09-30 07:38:00-04:00,30602.5,30606.75,30598.75,30599.25,790
2026-09-30 07:39:00-04:00,30599.25,30604.0,30596.0,30599.75,588
2026-09-30 07:40:00-04:00,30600.0,30602.5,30596.0,30596.0,594
2026-09-30 07:41:00-04:00,30595.75,30595.75,30589.25,30590.75,1033
2026-09-30 07:42:00-04:00,30590.0,30593.5,30586.5,30589.0,570
2026-09-30 07:43:00-04:00,30589.25,30589.75,30582.0,30584.25,884
2026-09-30 07:44:00-04:00,30584.25,30592.0,30583.5,30591.5,485
2026-09-30 07:45:00-04:00,30591.25,30593.0,30581.0,30582.5,824
2026-09-30 07:46:00-04:00,30582.0,30600.0,30575.5,30576.25,3451
2026-09-30 07:47:00-04:00,30576.25,30580.5,30565.25,30566.0,2092
2026-09-30 07:48:00-04:00,30566.75,30567.75,30561.25,30562.25,985
2026-09-30 07:49:00-04:00,30562.25,30563.5,30554.0,30560.25,1351
2026-09-30 07:50:00-04:00,30559.75,30560.25,30550.0,30553.5,1132
2026-09-30 07:51:00-04:00,30552.75,30563.0,30551.0,30558.0,1189
2026-09-30 07:52:00-04:00,30558.5,30565.0,30556.5,30556.75,756
2026-09-30 07:53:00-04:00,30557.5,30572.25,30557.5,30567.75,934
2026-09-30 07:54:00-04:00,30566.75,30568.75,30562.0,30567.5,489
2026-09-30 07:55:00-04:00,30567.5,30572.5,30564.0,30566.75,578
2026-09-30 07:56:00-04:00,30567.0,30573.25,30564.0,30570.5,576
2026-09-30 07:57:00-04:00,30571.0,30573.75,30565.5,30567.5,541
2026-09-30 07:58:00-04:00,30567.25,30579.0,30565.75,30572.75,980
2026-09-30 07:59:00-04:00,30573.0,30595.5,30573.0,30589.75,1703
2026-09-30 08:00:00-04:00,30589.25,30600.5,30577.25,30579.25,2215
2026-09-30 08:01:00-04:00,30578.25,30578.25,30566.0,30569.75,1412
2026-09-30 08:02:00-04:00,30569.5,30578.75,30558.0,30565.0,2079
2026-09-30 08:03:00-04:00,30565.5,30575.75,30561.75,30566.75,1142
2026-09-30 08:04:00-04:00,30566.75,30580.0,30566.75,30573.75,1018
2026-09-30 08:05:00-04:00,30573.25,30575.0,30562.75,30564.5,852
2026-09-30 08:06:00-04:00,30565.5,30565.5,30556.0,30558.75,1000
2026-09-30 08:07:00-04:00,30557.75,30566.25,30556.75,30563.25,903
2026-09-30 08:08:00-04:00,30563.25,30563.25,30556.5,30558.0,624
2026-09-30 08:09:00-04:00,30557.5,30559.75,30553.5,30557.0,828
2026-09-30 08:10:00-04:00,30557.25,30565.0,30555.0,30557.0,786
2026-09-30 08:11:00-04:00,30556.5,30560.75,30554.0,30560.75,575
2026-09-30 08:12:00-04:00,30560.25,30567.25,30560.25,30565.25,808
2026-09-30 08:13:00-04:00,30565.75,30568.75,30563.0,30567.0,635
2026-09-30 08:14:00-04:00,30567.25,30590.0,30564.25,30575.25,1326
2026-09-30 08:15:00-04:00,30576.25,30579.0,30531.5,30552.75,3357
2026-09-30 08:16:00-04:00,30552.75,30552.75,30539.25,30551.25,1340
2026-09-30 08:17:00-04:00,30551.75,30555.75,30546.5,30551.0,940
2026-09-30 08:18:00-04:00,30551.0,30558.75,30546.25,30553.0,1031
2026-09-30 08:19:00-04:00,30552.25,30561.75,30549.25,30549.5,1181
2026-09-30 08:20:00-04:00,30549.75,30555.25,30546.75,30551.75,1185
2026-09-30 08:21:00-04:00,30552.0,30560.25,30546.5,30549.75,1132
2026-09-30 08:22:00-04:00,30549.75,30574.75,30545.5,30568.25,2028
2026-09-30 08:23:00-04:00,30568.0,30570.75,30554.75,30568.75,993
2026-09-30 08:24:00-04:00,30568.75,30590.75,30566.75,30588.75,1622
2026-09-30 08:25:00-04:00,30588.75,30593.5,30579.75,30584.0,1120
2026-09-30 08:26:00-04:00,30584.25,30593.75,30584.25,30590.5,921
2026-09-30 08:27:00-04:00,30590.5,30600.0,30590.0,30599.5,1084
2026-09-30 08:28:00-04:00,30598.75,30613.5,30597.75,30608.25,1844
2026-09-30 08:29:00-04:00,30607.75,30623.5,30607.5,30623.0,2124
2026-09-30 08:30:00-04:00,30621.0,30704.25,30601.5,30690.0,11428
2026-09-30 08:31:00-04:00,30690.5,30777.5,30688.0,30775.5,10623
2026-09-30 08:32:00-04:00,30775.0,30779.25,30745.0,30745.5,6303
2026-09-30 08:33:00-04:00,30745.5,30747.0,30720.0,30721.75,4735
2026-09-30 08:34:00-04:00,30722.25,30742.5,30707.75,30741.25,4298
2026-09-30 08:35:00-04:00,30740.75,30750.75,30730.25,30741.0,3655
2026-09-30 08:36:00-04:00,30740.5,30741.5,30702.5,30705.0,3719
2026-09-30 08:37:00-04:00,30705.0,30711.25,30682.25,30704.5,5144
2026-09-30 08:38:00-04:00,30704.25,30709.5,30696.25,30699.75,2220
2026-09-30 08:39:00-04:00,30699.25,30705.25,30685.25,30698.75,2474
2026-09-30 08:40:00-04:00,30699.5,30731.5,30699.5,30730.0,3261
2026-09-30 08:41:00-04:00,30730.0,30733.5,30718.75,30730.25,2883
2026-09-30 08:42:00-04:00,30730.25,30737.0,30712.75,30720.75,2357
2026-09-30 08:43:00-04:00,30721.0,30737.5,30715.75,30723.0,2180
2026-09-30 08:44:00-04:00,30722.5,30728.5,30717.5,30718.5,1361
2026-09-30 08:45:00-04:00,30718.5,30732.75,30717.0,30726.5,1800
2026-09-30 08:46:00-04:00,30726.5,30727.0,30691.0,30691.5,5061
2026-09-30 08:47:00-04:00,30691.75,30693.75,30672.0,30681.5,4898
2026-09-30 08:48:00-04:00,30681.75,30701.0,30680.5,30693.75,2802
2026-09-30 08:49:00-04:00,30694.75,30704.75,30690.0,30696.0,1467
2026-09-30 08:50:00-04:00,30695.0,30700.5,30690.0,30697.25,1258
2026-09-30 08:51:00-04:00,30697.25,30716.25,30684.75,30711.0,2911
2026-09-30 08:52:00-04:00,30710.75,30714.5,30705.0,30711.0,1433
2026-09-30 08:53:00-04:00,30710.75,30714.75,30704.75,30705.75,1309
2026-09-30 08:54:00-04:00,30707.0,30740.5,30706.75,30736.0,2663
2026-09-30 08:55:00-04:00,30736.0,30736.75,30723.25,30732.75,2057
2026-09-30 08:56:00-04:00,30733.0,30738.5,30725.75,30731.25,1476
2026-09-30 08:57:00-04:00,30731.25,30744.0,30725.75,30726.75,2882
2026-09-30 08:58:00-04:00,30726.25,30726.5,30710.75,30714.5,2018
2026-09-30 08:59:00-04:00,30714.0,30720.75,30709.0,30714.25,1261
2026-09-30 09:00:00-04:00,30714.75,30742.0,30711.75,30741.75,3476
2026-09-30 09:01:00-04:00,30741.75,30748.5,30737.25,30738.5,2879
2026-09-30 09:02:00-04:00,30738.75,30744.25,30729.75,30741.5,2147
2026-09-30 09:03:00-04:00,30741.0,30745.0,30733.5,30744.25,1296
2026-09-30 09:04:00-04:00,30744.5,30750.0,30739.75,30750.0,1505
2026-09-30 09:05:00-04:00,30750.0,30755.25,30739.75,30741.75,3598
2026-09-30 09:06:00-04:00,30740.75,30759.5,30737.5,30752.5,3517
2026-09-30 09:07:00-04:00,30752.25,30761.25,30747.75,30759.75,2093
2026-09-30 09:08:00-04:00,30760.0,30768.25,30741.5,30746.5,2903
2026-09-30 09:09:00-04:00,30746.75,30752.0,30742.0,30747.5,1333
2026-09-30 09:10:00-04:00,30746.75,30748.75,30739.25,30742.25,1490
2026-09-30 09:11:00-04:00,30741.75,30758.75,30736.5,30757.75,3442
2026-09-30 09:12:00-04:00,30758.25,30761.25,30742.0,30742.5,1583
2026-09-30 09:13:00-04:00,30742.0,30754.75,30736.25,30741.0,2478
2026-09-30 09:14:00-04:00,30740.25,30741.0,30734.0,30738.5,1409
2026-09-30 09:15:00-04:00,30739.0,30747.5,30729.25,30736.25,2010
2026-09-30 09:16:00-04:00,30737.0,30742.75,30732.75,30735.75,1163
2026-09-30 09:17:00-04:00,30735.75,30738.0,30717.25,30722.0,2525
2026-09-30 09:18:00-04:00,30722.0,30727.25,30715.5,30724.75,1508
2026-09-30 09:19:00-04:00,30724.5,30726.5,30706.0,30707.75,2105
2026-09-30 09:20:00-04:00,30707.75,30711.5,30694.0,30697.25,3227
2026-09-30 09:21:00-04:00,30697.25,30706.0,30693.5,30697.25,2092
2026-09-30 09:22:00-04:00,30697.25,30713.25,30694.5,30696.25,3117
2026-09-30 09:23:00-04:00,30696.25,30701.75,30687.25,30698.25,2497
2026-09-30 09:24:00-04:00,30698.0,30709.0,30695.5,30705.75,1942
2026-09-30 09:25:00-04:00,30705.5,30734.0,30703.5,30722.5,3757
2026-09-30 09:26:00-04:00,30722.5,30732.25,30719.25,30730.0,1813
2026-09-30 09:27:00-04:00,30729.75,30732.5,30716.5,30720.0,2725
2026-09-30 09:28:00-04:00,30719.75,30726.75,30692.0,30701.0,3563
2026-09-30 09:29:00-04:00,30700.75,30705.25,30697.0,30699.25,2758
2026-09-30 09:30:00-04:00,30699.25,30728.0,30682.25,30724.75,11693
2026-09-30 09:31:00-04:00,30725.0,30802.5,30721.25,30796.25,19203
2026-09-30 09:32:00-04:00,30795.75,30810.25,30750.5,30758.75,13387
2026-09-30 09:33:00-04:00,30758.25,30766.0,30722.25,30758.25,12611
2026-09-30 09:34:00-04:00,30757.75,30782.75,30757.0,30767.5,8648
2026-09-30 09:35:00-04:00,30767.5,30771.0,30718.5,30729.0,12147
2026-09-30 09:36:00-04:00,30728.75,30759.25,30722.5,30758.5,9882
2026-09-30 09:37:00-04:00,30759.0,30769.75,30742.25,30752.5,8687
2026-09-30 09:38:00-04:00,30753.0,30754.75,30716.0,30732.5,8746
2026-09-30 09:39:00-04:00,30731.75,30768.0,30727.75,30765.75,8153
2026-09-30 09:40:00-04:00,30765.5,30766.0,30718.75,30724.75,8327
2026-09-30 09:41:00-04:00,30724.5,30753.5,30722.25,30750.0,4743
2026-09-30 09:42:00-04:00,30749.75,30768.25,30743.25,30761.5,5799
2026-09-30 09:43:00-04:00,30761.5,30781.5,30754.25,30762.75,8252
2026-09-30 09:44:00-04:00,30762.75,30772.5,30751.0,30768.5,6741
2026-09-30 09:45:00-04:00,30768.75,30790.75,30738.0,30739.25,11161
2026-09-30 09:46:00-04:00,30739.5,30739.5,30719.0,30726.25,9574
2026-09-30 09:47:00-04:00,30726.25,30740.0,30717.0,30734.5,7665
2026-09-30 09:48:00-04:00,30735.5,30755.0,30726.25,30732.25,9201
2026-09-30 09:49:00-04:00,30732.25,30783.0,30732.25,30770.0,9490
2026-09-30 09:50:00-04:00,30770.5,30779.0,30754.75,30766.5,7159
2026-09-30 09:51:00-04:00,30766.0,30785.0,30760.5,30771.5,6814
2026-09-30 09:52:00-04:00,30771.0,30772.0,30748.5,30757.0,7249
2026-09-30 09:53:00-04:00,30756.75,30764.25,30730.0,30756.5,9108
2026-09-30 09:54:00-04:00,30756.25,30782.0,30751.75,30777.75,7664
2026-09-30 09:55:00-04:00,30778.75,30804.25,30777.25,30790.5,10438
2026-09-30 09:56:00-04:00,30790.75,30798.0,30786.0,30793.5,5227
2026-09-30 09:57:00-04:00,30793.75,30807.0,30782.0,30797.25,6954
2026-09-30 09:58:00-04:00,30797.5,30802.0,30784.0,30799.75,5236
2026-09-30 09:59:00-04:00,30799.5,30843.5,30793.5,30841.0,12183
2026-09-30 10:00:00-04:00,30841.0,30856.5,30835.0,30849.25,15832
2026-09-30 10:01:00-04:00,30849.25,30874.25,30848.75,30864.5,9629
2026-09-30 10:02:00-04:00,30865.0,30874.75,30861.25,30863.0,6273
2026-09-30 10:03:00-04:00,30863.25,30873.5,30852.75,30870.5,7127
2026-09-30 10:04:00-04:00,30870.25,30874.0,30856.75,30863.25,4796
2026-09-30 10:05:00-04:00,30863.5,30877.75,30861.25,30871.75,5579
2026-09-30 10:06:00-04:00,30871.75,30893.0,30869.0,30880.5,8742
2026-09-30 10:07:00-04:00,30880.25,30880.75,30858.75,30867.25,6442
2026-09-30 10:08:00-04:00,30866.5,30867.5,30858.0,30864.0,3883
2026-09-30 10:09:00-04:00,30864.0,30864.0,30844.5,30853.25,8152
2026-09-30 10:10:00-04:00,30853.0,30856.25,30827.5,30828.5,9246
2026-09-30 10:11:00-04:00,30829.0,30830.75,30815.0,30820.0,8439
2026-09-30 10:12:00-04:00,30820.5,30835.5,30817.25,30829.5,6286
2026-09-30 10:13:00-04:00,30829.0,30831.5,30812.5,30813.25,4921
2026-09-30 10:14:00-04:00,30813.75,30833.25,30804.5,30830.5,8386
2026-09-30 10:15:00-04:00,30830.25,30848.75,30826.5,30834.75,9359
2026-09-30 10:16:00-04:00,30834.0,30841.75,30827.5,30836.75,4249
2026-09-30 10:17:00-04:00,30837.0,30837.0,30810.25,30829.75,7874
2026-09-30 10:18:00-04:00,30830.0,30852.25,30828.75,30830.25,7882
2026-09-30 10:19:00-04:00,30829.75,30851.25,30828.75,30850.5,4343
2026-09-30 10:20:00-04:00,30850.0,30865.5,30846.25,30857.0,7564
2026-09-30 10:21:00-04:00,30857.25,30866.25,30853.25,30858.75,3884
2026-09-30 10:22:00-04:00,30858.5,30861.75,30837.5,30841.75,5931
2026-09-30 10:23:00-04:00,30841.75,30852.5,30827.0,30849.0,6776
2026-09-30 10:24:00-04:00,30848.75,30852.5,30828.0,30830.25,4778
2026-09-30 10:25:00-04:00,30830.75,30834.75,30821.5,30833.0,6554
2026-09-30 10:26:00-04:00,30832.75,30842.25,30823.5,30828.0,5100
2026-09-30 10:27:00-04:00,30827.75,30837.5,30819.0,30836.0,4143
2026-09-30 10:28:00-04:00,30836.5,30839.25,30800.0,30812.5,8403
2026-09-30 10:29:00-04:00,30812.75,30831.0,30810.75,30827.25,6554
2026-09-30 10:30:00-04:00,30827.75,30831.25,30811.75,30826.0,7318
2026-09-30 10:31:00-04:00,30825.5,30835.75,30812.25,30832.5,6417
2026-09-30 10:32:00-04:00,30832.75,30845.0,30816.25,30817.75,7268
2026-09-30 10:33:00-04:00,30817.75,30819.0,30802.75,30811.5,6937
2026-09-30 10:34:00-04:00,30811.5,30811.5,30782.75,30793.0,9769
2026-09-30 10:35:00-04:00,30793.0,30796.0,30783.25,30786.5,5193
2026-09-30 10:36:00-04:00,30786.25,30799.0,30780.0,30782.75,6626
2026-09-30 10:37:00-04:00,30782.75,30801.5,30782.25,30796.0,5461
2026-09-30 10:38:00-04:00,30796.25,30817.0,30783.5,30813.0,11951
2026-09-30 10:39:00-04:00,30813.0,30820.0,30801.25,30804.25,6952
2026-09-30 10:40:00-04:00,30804.75,30807.5,30781.5,30806.75,8569
2026-09-30 10:41:00-04:00,30806.5,30816.5,30789.5,30811.0,7023
2026-09-30 10:42:00-04:00,30810.75,30834.0,30806.25,30831.25,7521
2026-09-30 10:43:00-04:00,30831.0,30834.75,30801.0,30812.0,11558
2026-09-30 10:44:00-04:00,30811.5,30820.0,30794.5,30796.75,6588
2026-09-30 10:45:00-04:00,30796.75,30822.75,30792.25,30814.25,7281
2026-09-30 10:46:00-04:00,30814.5,30821.0,30802.25,30811.5,5125
2026-09-30 10:47:00-04:00,30812.25,30826.75,30810.25,30823.5,4305
2026-09-30 10:48:00-04:00,30823.5,30839.25,30821.25,30837.0,5989
2026-09-30 10:49:00-04:00,30837.0,30854.0,30834.5,30851.75,7266
2026-09-30 10:50:00-04:00,30851.25,30853.0,30835.25,30837.75,5073
2026-09-30 10:51:00-04:00,30837.75,30849.25,30836.75,30839.5,4312
2026-09-30 10:52:00-04:00,30840.0,30852.75,30837.0,30850.25,3644
2026-09-30 10:53:00-04:00,30850.25,30865.0,30849.75,30858.75,7341
2026-09-30 10:54:00-04:00,30859.0,30881.5,30859.0,30866.25,11878
2026-09-30 10:55:00-04:00,30866.25,30871.5,30857.75,30865.5,5748
2026-09-30 10:56:00-04:00,30865.75,30876.25,30856.75,30869.25,5073
2026-09-30 10:57:00-04:00,30869.5,30882.25,30864.0,30871.25,4786
2026-09-30 10:58:00-04:00,30871.0,30873.25,30848.75,30856.25,6463
2026-09-30 10:59:00-04:00,30856.5,30861.25,30842.0,30843.5,5154
2026-09-30 11:00:00-04:00,30843.75,30847.5,30834.0,30838.75,6997
2026-09-30 11:01:00-04:00,30838.75,30839.25,30821.0,30831.75,6960
2026-09-30 11:02:00-04:00,30832.0,30842.5,30815.0,30818.25,6578
2026-09-30 11:03:00-04:00,30819.0,30831.25,30813.75,30830.75,5787
2026-09-30 11:04:00-04:00,30830.25,30840.25,30817.75,30839.0,6540
2026-09-30 11:05:00-04:00,30839.25,30839.25,30821.5,30828.75,4506
2026-09-30 11:06:00-04:00,30828.25,30835.5,30820.75,30832.0,4347
2026-09-30 11:07:00-04:00,30832.0,30836.5,30812.5,30820.75,5412
2026-09-30 11:08:00-04:00,30821.25,30837.5,30820.0,30834.75,4662
2026-09-30 11:09:00-04:00,30834.5,30853.75,30830.75,30850.25,6378
2026-09-30 11:10:00-04:00,30849.75,30852.5,30839.0,30847.75,4283
2026-09-30 11:11:00-04:00,30847.75,30854.5,30829.5,30834.25,6778
2026-09-30 11:12:00-04:00,30834.25,30845.25,30813.75,30832.25,10168
2026-09-30 11:13:00-04:00,30832.5,30843.75,30831.5,30833.75,3332
2026-09-30 11:14:00-04:00,30834.0,30835.0,30817.0,30827.75,6504
2026-09-30 11:15:00-04:00,30827.75,30845.5,30825.25,30843.5,4555
2026-09-30 11:16:00-04:00,30843.25,30858.0,30841.0,30853.25,4912
2026-09-30 11:17:00-04:00,30853.0,30853.0,30839.25,30843.75,3413
2026-09-30 11:18:00-04:00,30844.0,30844.0,30829.0,30830.5,3771
2026-09-30 11:19:00-04:00,30830.5,30841.5,30829.25,30835.75,2565
2026-09-30 11:20:00-04:00,30836.0,30840.0,30820.25,30821.5,3944
2026-09-30 11:21:00-04:00,30821.25,30823.75,30811.25,30817.75,5381
2026-09-30 11:22:00-04:00,30817.0,30821.75,30806.0,30807.25,3593
2026-09-30 11:23:00-04:00,30807.75,30819.25,30806.0,30818.75,3290
2026-09-30 11:24:00-04:00,30818.75,30825.0,30814.5,30821.75,3782
2026-09-30 11:25:00-04:00,30822.5,30830.25,30815.75,30816.5,3833
2026-09-30 11:26:00-04:00,30816.75,30829.5,30814.0,30821.0,3192
2026-09-30 11:27:00-04:00,30821.0,30842.0,30817.75,30840.25,4513
2026-09-30 11:28:00-04:00,30840.25,30846.75,30836.0,30841.75,3992
2026-09-30 11:29:00-04:00,30842.25,30856.0,30840.5,30855.75,5162
2026-09-30 11:30:00-04:00,30855.5,30864.25,30852.5,30863.75,5400
2026-09-30 11:31:00-04:00,30863.0,30867.25,30854.75,30867.0,3644
2026-09-30 11:32:00-04:00,30866.5,30876.25,30864.25,30870.25,5910
2026-09-30 11:33:00-04:00,30870.5,30871.0,30860.5,30866.5,3618
2026-09-30 11:34:00-04:00,30866.25,30877.75,30855.5,30860.0,7574
2026-09-30 11:35:00-04:00,30859.75,30871.25,30855.0,30861.75,4305
2026-09-30 11:36:00-04:00,30861.25,30861.25,30847.75,30852.25,3886
2026-09-30 11:37:00-04:00,30852.5,30860.75,30843.0,30860.25,4112
2026-09-30 11:38:00-04:00,30860.25,30866.5,30858.5,30862.25,2814
2026-09-30 11:39:00-04:00,30862.25,30872.5,30861.0,30866.0,3220
2026-09-30 11:40:00-04:00,30865.75,30868.5,30859.5,30863.0,2745
2026-09-30 11:41:00-04:00,30863.25,30874.25,30860.25,30861.25,4310
2026-09-30 11:42:00-04:00,30861.5,30868.5,30859.75,30861.0,2662
2026-09-30 11:43:00-04:00,30861.0,30862.0,30835.75,30836.75,6292
2026-09-30 11:44:00-04:00,30837.0,30840.0,30825.5,30834.25,6564
2026-09-30 11:45:00-04:00,30833.75,30840.75,30826.0,30836.75,5173
2026-09-30 11:46:00-04:00,30836.75,30838.75,30828.75,30833.0,3732
2026-09-30 11:47:00-04:00,30832.75,30843.25,30831.25,30843.0,3327
2026-09-30 11:48:00-04:00,30843.0,30874.75,30842.75,30869.5,8357
2026-09-30 11:49:00-04:00,30869.75,30902.5,30866.0,30900.5,10068
2026-09-30 11:50:00-04:00,30900.25,30906.0,30893.25,30895.5,6630
2026-09-30 11:51:00-04:00,30895.5,30898.75,30880.0,30883.5,4352
2026-09-30 11:52:00-04:00,30883.0,30883.0,30867.25,30869.75,5125
2026-09-30 11:53:00-04:00,30869.75,30879.5,30868.25,30876.0,2909
2026-09-30 11:54:00-04:00,30876.5,30884.25,30854.75,30856.0,5292
2026-09-30 11:55:00-04:00,30856.0,30860.5,30843.0,30853.75,6403
2026-09-30 11:56:00-04:00,30854.0,30863.25,30853.25,30859.25,3187
2026-09-30 11:57:00-04:00,30859.0,30873.25,30857.75,30872.5,3184
2026-09-30 11:58:00-04:00,30872.5,30875.25,30866.75,30871.5,2927
2026-09-30 11:59:00-04:00,30871.25,30879.75,30867.0,30879.25,2627
2026-09-30 12:00:00-04:00,30879.0,30879.75,30865.75,30873.75,6909
2026-09-30 12:01:00-04:00,30873.5,30879.75,30869.25,30873.5,2620
2026-09-30 12:02:00-04:00,30873.75,30888.75,30873.75,30882.5,3792
2026-09-30 12:03:00-04:00,30883.0,30884.5,30875.75,30881.25,2245
2026-09-30 12:04:00-04:00,30881.25,30883.75,30872.5,30883.0,3512
2026-09-30 12:05:00-04:00,30883.0,30887.5,30880.0,30881.5,2408
2026-09-30 12:06:00-04:00,30881.5,30887.25,30879.75,30883.25,1519
2026-09-30 12:07:00-04:00,30883.5,30885.0,30875.0,30875.5,2307
2026-09-30 12:08:00-04:00,30875.75,30882.25,30874.5,30880.5,1501
2026-09-30 12:09:00-04:00,30881.5,30884.75,30878.25,30884.0,1388
2026-09-30 12:10:00-04:00,30883.75,30888.25,30881.0,30883.0,1713
2026-09-30 12:11:00-04:00,30883.75,30896.75,30879.5,30886.75,5115
2026-09-30 12:12:00-04:00,30887.5,30888.0,30870.75,30874.0,3293
2026-09-30 12:13:00-04:00,30873.75,30887.25,30870.5,30882.75,2663
2026-09-30 12:14:00-04:00,30882.75,30891.5,30881.5,30890.25,1875
2026-09-30 12:15:00-04:00,30890.75,30893.0,30879.5,30884.25,2267
2026-09-30 12:16:00-04:00,30884.0,30884.5,30874.0,30877.0,1891
2026-09-30 12:17:00-04:00,30876.75,30878.25,30855.5,30856.25,5027
2026-09-30 12:18:00-04:00,30856.25,30860.0,30850.75,30859.25,3792
2026-09-30 12:19:00-04:00,30858.75,30868.0,30858.75,30866.5,2585
2026-09-30 12:20:00-04:00,30866.5,30867.75,30857.0,30861.0,2648
2026-09-30 12:21:00-04:00,30860.5,30862.0,30858.0,30859.0,1285
2026-09-30 12:22:00-04:00,30859.25,30869.0,30859.25,30865.75,2170
2026-09-30 12:23:00-04:00,30865.25,30868.75,30857.5,30867.25,1929
2026-09-30 12:24:00-04:00,30867.0,30871.75,30861.0,30862.75,2186
2026-09-30 12:25:00-04:00,30862.75,30867.0,30858.75,30862.0,1329
2026-09-30 12:26:00-04:00,30862.5,30864.75,30857.0,30859.5,1189
2026-09-30 12:27:00-04:00,30860.0,30860.0,30853.25,30856.5,2037
2026-09-30 12:28:00-04:00,30856.5,30859.25,30850.0,30853.0,2654
2026-09-30 12:29:00-04:00,30852.5,30858.5,30845.0,30846.0,2779
2026-09-30 12:30:00-04:00,30846.5,30852.0,30835.0,30835.75,5300
2026-09-30 12:31:00-04:00,30836.25,30839.75,30830.5,30832.5,3577
2026-09-30 12:32:00-04:00,30833.0,30837.5,30826.0,30829.5,2536
2026-09-30 12:33:00-04:00,30829.25,30833.75,30825.0,30832.75,2614
2026-09-30 12:34:00-04:00,30833.25,30836.0,30826.0,30833.75,3124
2026-09-30 12:35:00-04:00,30833.75,30837.75,30827.25,30831.75,2446
2026-09-30 12:36:00-04:00,30831.75,30835.0,30819.0,30822.5,3841
2026-09-30 12:37:00-04:00,30822.25,30833.75,30820.75,30829.25,2886
2026-09-30 12:38:00-04:00,30829.5,30843.75,30826.75,30842.25,3230
2026-09-30 12:39:00-04:00,30842.0,30842.25,30832.5,30836.75,2204
2026-09-30 12:40:00-04:00,30836.5,30841.5,30832.5,30840.0,1902
2026-09-30 12:41:00-04:00,30840.5,30859.25,30840.25,30851.5,5027
2026-09-30 12:42:00-04:00,30851.5,30854.5,30843.0,30848.25,2812
2026-09-30 12:43:00-04:00,30848.5,30864.0,30847.0,30860.0,3272
2026-09-30 12:44:00-04:00,30859.75,30866.5,30859.0,30861.75,3031
2026-09-30 12:45:00-04:00,30861.5,30861.5,30847.0,30849.75,3339
2026-09-30 12:46:00-04:00,30850.0,30854.25,30845.25,30850.5,2116
2026-09-30 12:47:00-04:00,30850.5,30860.5,30850.5,30853.25,2109
2026-09-30 12:48:00-04:00,30852.5,30853.0,30836.0,30837.75,3752
2026-09-30 12:49:00-04:00,30838.25,30840.5,30833.5,30839.0,2369
2026-09-30 12:50:00-04:00,30839.75,30847.25,30837.75,30846.75,2022
2026-09-30 12:51:00-04:00,30847.25,30851.0,30842.0,30843.25,2191
2026-09-30 12:52:00-04:00,30843.0,30851.75,30840.25,30843.0,1804
2026-09-30 12:53:00-04:00,30843.0,30848.5,30841.0,30845.0,1473
2026-09-30 12:54:00-04:00,30844.75,30846.5,30841.75,30843.25,1636
2026-09-30 12:55:00-04:00,30843.75,30848.25,30838.5,30841.5,1414
2026-09-30 12:56:00-04:00,30841.5,30845.25,30837.5,30843.75,1461
2026-09-30 12:57:00-04:00,30844.0,30856.0,30844.0,30851.25,2514
2026-09-30 12:58:00-04:00,30851.5,30861.25,30850.75,30856.75,2519
2026-09-30 12:59:00-04:00,30857.0,30863.0,30855.25,30860.5,2573
2026-09-30 13:00:00-04:00,30861.0,30868.25,30857.0,30862.25,3203
2026-09-30 13:01:00-04:00,30862.25,30870.75,30859.25,30868.25,2694
2026-09-30 13:02:00-04:00,30868.5,30870.25,30861.75,30863.25,2064
2026-09-30 13:03:00-04:00,30863.5,30866.5,30858.5,30865.25,2145
2026-09-30 13:04:00-04:00,30865.5,30867.75,30859.75,30860.0,1361
2026-09-30 13:05:00-04:00,30859.75,30867.75,30857.5,30862.25,1830
2026-09-30 13:06:00-04:00,30863.0,30869.5,30860.5,30865.75,1898
2026-09-30 13:07:00-04:00,30865.75,30870.25,30862.25,30864.5,1263
2026-09-30 13:08:00-04:00,30864.5,30870.0,30863.25,30868.0,1434
2026-09-30 13:09:00-04:00,30868.0,30869.5,30861.25,30862.25,1038
2026-09-30 13:10:00-04:00,30862.5,30864.5,30855.5,30859.25,1867
2026-09-30 13:11:00-04:00,30858.75,30863.5,30854.0,30856.75,1878
2026-09-30 13:12:00-04:00,30857.25,30859.25,30849.0,30849.0,2549
2026-09-30 13:13:00-04:00,30849.25,30850.25,30830.75,30833.75,4436
2026-09-30 13:14:00-04:00,30833.5,30841.0,30832.0,30835.5,3027
2026-09-30 13:15:00-04:00,30835.5,30835.75,30809.25,30810.0,6689
2026-09-30 13:16:00-04:00,30810.0,30810.25,30798.25,30809.25,7577
2026-09-30 13:17:00-04:00,30809.25,30817.75,30804.25,30813.0,4030
2026-09-30 13:18:00-04:00,30813.0,30813.75,30802.25,30806.25,3216
2026-09-30 13:19:00-04:00,30805.75,30810.75,30790.5,30791.75,4349
2026-09-30 13:20:00-04:00,30791.25,30795.5,30783.25,30791.0,5916
2026-09-30 13:21:00-04:00,30791.25,30808.5,30791.25,30806.0,4444
2026-09-30 13:22:00-04:00,30805.75,30810.0,30794.25,30798.75,4168
2026-09-30 13:23:00-04:00,30798.75,30801.0,30790.75,30797.5,2246
2026-09-30 13:24:00-04:00,30797.25,30801.0,30796.25,30800.25,1237
2026-09-30 13:25:00-04:00,30800.0,30800.25,30785.0,30789.0,3514
2026-09-30 13:26:00-04:00,30789.0,30792.75,30761.5,30766.75,7441
2026-09-30 13:27:00-04:00,30766.5,30781.25,30763.5,30778.5,5065
2026-09-30 13:28:00-04:00,30778.0,30785.75,30776.0,30783.25,2767
2026-09-30 13:29:00-04:00,30783.25,30796.0,30782.5,30789.0,3750
2026-09-30 13:30:00-04:00,30789.25,30798.0,30788.0,30796.5,3594
2026-09-30 13:31:00-04:00,30796.25,30805.0,30788.75,30803.75,3413
2026-09-30 13:32:00-04:00,30803.75,30814.75,30802.75,30812.75,4462
2026-09-30 13:33:00-04:00,30812.5,30813.0,30804.0,30804.75,2586
2026-09-30 13:34:00-04:00,30804.25,30808.5,30797.5,30802.0,3643
2026-09-30 13:35:00-04:00,30802.25,30817.0,30802.25,30809.75,3240
2026-09-30 13:36:00-04:00,30810.25,30818.75,30806.5,30808.25,3391
2026-09-30 13:37:00-04:00,30808.25,30809.75,30799.0,30799.5,2936
2026-09-30 13:38:00-04:00,30799.75,30812.0,30798.0,30811.75,2548
2026-09-30 13:39:00-04:00,30811.25,30824.5,30809.25,30824.0,4009
2026-09-30 13:40:00-04:00,30823.75,30828.25,30820.0,30821.75,2859
2026-09-30 13:41:00-04:00,30821.75,30832.5,30818.75,30829.5,3225
2026-09-30 13:42:00-04:00,30829.75,30835.75,30822.25,30834.5,3058
2026-09-30 13:43:00-04:00,30834.5,30837.5,30825.25,30825.75,2892
2026-09-30 13:44:00-04:00,30825.75,30827.0,30817.25,30826.0,2761
2026-09-30 13:45:00-04:00,30826.25,30827.75,30816.0,30822.0,2575
2026-09-30 13:46:00-04:00,30822.5,30826.5,30820.0,30825.5,1849
2026-09-30 13:47:00-04:00,30824.75,30851.25,30820.5,30835.5,7766
2026-09-30 13:48:00-04:00,30835.5,30853.0,30832.0,30850.75,3763
2026-09-30 13:49:00-04:00,30850.75,30857.5,30849.75,30856.25,3389
2026-09-30 13:50:00-04:00,30856.5,30862.25,30853.5,30854.0,3617
2026-09-30 13:51:00-04:00,30854.75,30859.75,30853.0,30857.75,1813
2026-09-30 13:52:00-04:00,30857.5,30863.75,30849.5,30850.25,3110
2026-09-30 13:53:00-04:00,30850.5,30852.75,30846.25,30852.25,2817
2026-09-30 13:54:00-04:00,30852.0,30856.25,30847.0,30855.5,1604
2026-09-30 13:55:00-04:00,30855.5,30856.25,30847.0,30852.25,1917
2026-09-30 13:56:00-04:00,30852.25,30858.5,30851.5,30857.5,1646
2026-09-30 13:57:00-04:00,30858.0,30860.25,30851.5,30853.75,1875
2026-09-30 13:58:00-04:00,30853.75,30857.5,30852.75,30855.25,1173
2026-09-30 13:59:00-04:00,30855.5,30860.0,30853.75,30856.25,1252
2026-09-30 14:00:00-04:00,30856.25,30857.0,30840.25,30840.5,3605
2026-09-30 14:01:00-04:00,30841.0,30845.5,30830.0,30837.5,4456
2026-09-30 14:02:00-04:00,30837.5,30840.75,30835.0,30838.5,2018
2026-09-30 14:03:00-04:00,30838.25,30843.75,30836.5,30838.75,1858
2026-09-30 14:04:00-04:00,30839.25,30846.25,30836.25,30842.5,1701
2026-09-30 14:05:00-04:00,30842.5,30846.75,30835.75,30836.0,1872
2026-09-30 14:06:00-04:00,30835.75,30835.75,30819.25,30822.5,4603
2026-09-30 14:07:00-04:00,30822.75,30831.25,30821.5,30829.5,2371
2026-09-30 14:08:00-04:00,30829.25,30835.25,30820.5,30835.25,2962
2026-09-30 14:09:00-04:00,30835.0,30844.0,30828.25,30844.0,2972
2026-09-30 14:10:00-04:00,30843.75,30845.75,30838.5,30844.75,2514
2026-09-30 14:11:00-04:00,30845.25,30853.75,30843.0,30851.0,2829
2026-09-30 14:12:00-04:00,30851.0,30863.0,30850.5,30859.75,3328
2026-09-30 14:13:00-04:00,30859.75,30861.0,30847.75,30853.0,2870
2026-09-30 14:14:00-04:00,30853.25,30860.5,30851.5,30856.75,2027
2026-09-30 14:15:00-04:00,30857.0,30859.5,30850.75,30855.0,1650
2026-09-30 14:16:00-04:00,30855.25,30858.0,30846.75,30848.0,1873
2026-09-30 14:17:00-04:00,30847.75,30848.75,30837.0,30838.0,3050
2026-09-30 14:18:00-04:00,30837.75,30843.5,30831.0,30842.25,2919
2026-09-30 14:19:00-04:00,30842.5,30844.0,30830.25,30834.0,2499
2026-09-30 14:20:00-04:00,30833.75,30837.75,30826.5,30830.5,2814
2026-09-30 14:21:00-04:00,30830.25,30830.25,30817.5,30824.5,3721
2026-09-30 14:22:00-04:00,30824.0,30827.25,30820.5,30823.5,2181
2026-09-30 14:23:00-04:00,30823.0,30824.75,30817.25,30823.5,1734
2026-09-30 14:24:00-04:00,30823.75,30825.5,30818.25,30818.75,1581
2026-09-30 14:25:00-04:00,30818.5,30824.0,30810.75,30812.0,2831
2026-09-30 14:26:00-04:00,30811.75,30829.25,30807.75,30826.25,5278
2026-09-30 14:27:00-04:00,30826.25,30830.5,30820.5,30823.0,2587
2026-09-30 14:28:00-04:00,30822.75,30833.25,30822.5,30832.0,3403
2026-09-30 14:29:00-04:00,30831.5,30837.0,30827.25,30832.0,2517
2026-09-30 14:30:00-04:00,30832.25,30837.0,30827.75,30832.0,3380
2026-09-30 14:31:00-04:00,30831.75,30833.25,30813.75,30814.0,4152
2026-09-30 14:32:00-04:00,30814.25,30816.0,30807.25,30810.25,2985
2026-09-30 14:33:00-04:00,30809.75,30812.5,30797.25,30801.25,4455
2026-09-30 14:34:00-04:00,30800.75,30802.5,30794.0,30800.75,3265
2026-09-30 14:35:00-04:00,30801.0,30806.25,30799.5,30800.75,2402
2026-09-30 14:36:00-04:00,30800.25,30813.0,30797.25,30806.5,3671
2026-09-30 14:37:00-04:00,30807.0,30813.5,30804.0,30810.5,2123
2026-09-30 14:38:00-04:00,30810.5,30817.25,30806.25,30817.0,2244
2026-09-30 14:39:00-04:00,30817.0,30831.75,30814.0,30827.75,3579
2026-09-30 14:40:00-04:00,30827.75,30829.25,30821.75,30823.5,1959
2026-09-30 14:41:00-04:00,30823.5,30825.75,30821.0,30824.5,1207
2026-09-30 14:42:00-04:00,30824.25,30831.5,30820.25,30830.75,2039
2026-09-30 14:43:00-04:00,30831.0,30834.75,30825.25,30830.25,2840
2026-09-30 14:44:00-04:00,30830.25,30830.5,30823.75,30826.25,1172
2026-09-30 14:45:00-04:00,30826.25,30828.0,30813.0,30816.25,2811
2026-09-30 14:46:00-04:00,30816.25,30821.75,30815.25,30817.75,1329
2026-09-30 14:47:00-04:00,30818.25,30822.25,30813.25,30815.25,1633
2026-09-30 14:48:00-04:00,30815.0,30816.0,30802.0,30804.5,2917
2026-09-30 14:49:00-04:00,30804.5,30807.25,30795.25,30802.25,2108
2026-09-30 14:50:00-04:00,30802.5,30810.0,30801.5,30804.75,2087
2026-09-30 14:51:00-04:00,30805.0,30806.25,30794.75,30798.25,2097
2026-09-30 14:52:00-04:00,30797.75,30803.0,30796.5,30801.25,1420
2026-09-30 14:53:00-04:00,30801.0,30806.0,30791.0,30793.5,3015
2026-09-30 14:54:00-04:00,30793.0,30802.75,30790.5,30800.75,2126
2026-09-30 14:55:00-04:00,30800.5,30805.75,30799.0,30802.5,2127
2026-09-30 14:56:00-04:00,30802.25,30808.75,30797.0,30803.25,2461
2026-09-30 14:57:00-04:00,30803.0,30813.0,30802.0,30812.5,2155
2026-09-30 14:58:00-04:00,30812.5,30824.25,30808.75,30818.75,3615
2026-09-30 14:59:00-04:00,30818.75,30823.5,30811.75,30812.25,2636
2026-09-30 15:00:00-04:00,30812.75,30821.75,30811.0,30820.75,2837
2026-09-30 15:01:00-04:00,30820.75,30829.0,30813.75,30827.0,2632
2026-09-30 15:02:00-04:00,30827.25,30831.75,30824.75,30831.0,1809
2026-09-30 15:03:00-04:00,30831.25,30838.75,30828.75,30837.25,2613
2026-09-30 15:04:00-04:00,30837.5,30844.0,30835.5,30842.75,2758
2026-09-30 15:05:00-04:00,30843.25,30844.5,30838.75,30842.0,1856
2026-09-30 15:06:00-04:00,30842.0,30844.75,30839.0,30840.0,1602
2026-09-30 15:07:00-04:00,30841.0,30848.75,30837.75,30844.75,2354
2026-09-30 15:08:00-04:00,30844.75,30855.25,30844.5,30851.25,2609
2026-09-30 15:09:00-04:00,30851.5,30853.75,30844.0,30853.75,2185
2026-09-30 15:10:00-04:00,30853.75,30854.75,30841.0,30846.25,2605
2026-09-30 15:11:00-04:00,30846.25,30852.0,30838.5,30841.0,2070
2026-09-30 15:12:00-04:00,30841.5,30846.0,30840.5,30845.5,1713
2026-09-30 15:13:00-04:00,30845.0,30846.0,30842.25,30844.0,1040
2026-09-30 15:14:00-04:00,30844.5,30853.25,30844.25,30848.5,2495
2026-09-30 15:15:00-04:00,30849.25,30849.5,30840.5,30842.25,2018
2026-09-30 15:16:00-04:00,30842.25,30843.75,30837.5,30839.75,2086
2026-09-30 15:17:00-04:00,30840.0,30841.25,30833.0,30839.25,2601
2026-09-30 15:18:00-04:00,30838.75,30839.75,30831.5,30839.0,1863
2026-09-30 15:19:00-04:00,30839.0,30845.75,30837.0,30842.75,2127
2026-09-30 15:20:00-04:00,30842.5,30843.25,30833.25,30839.75,1975
2026-09-30 15:21:00-04:00,30839.25,30845.0,30835.25,30836.0,1448
2026-09-30 15:22:00-04:00,30836.0,30839.0,30833.5,30838.25,1016
2026-09-30 15:23:00-04:00,30838.0,30838.5,30826.0,30827.0,3388
2026-09-30 15:24:00-04:00,30827.25,30833.75,30825.5,30830.25,2572
2026-09-30 15:25:00-04:00,30829.75,30841.25,30828.75,30831.75,3346
2026-09-30 15:26:00-04:00,30831.75,30837.75,30831.25,30833.25,1505
2026-09-30 15:27:00-04:00,30833.0,30838.25,30831.5,30835.5,1208
2026-09-30 15:28:00-04:00,30835.25,30840.5,30830.75,30836.5,1357
2026-09-30 15:29:00-04:00,30836.75,30838.0,30831.5,30833.5,1185
2026-09-30 15:30:00-04:00,30833.25,30842.75,30829.25,30840.25,2817
2026-09-30 15:31:00-04:00,30840.25,30845.25,30836.0,30842.0,1807
2026-09-30 15:32:00-04:00,30841.75,30848.0,30841.25,30843.0,1961
2026-09-30 15:33:00-04:00,30843.0,30843.75,30837.5,30843.5,1438
2026-09-30 15:34:00-04:00,30843.5,30849.75,30842.75,30843.25,1716
2026-09-30 15:35:00-04:00,30844.0,30858.0,30841.75,30855.25,4111
2026-09-30 15:36:00-04:00,30855.25,30855.5,30842.75,30843.75,2018
2026-09-30 15:37:00-04:00,30843.75,30845.5,30826.5,30831.0,3713
2026-09-30 15:38:00-04:00,30831.25,30837.0,30823.25,30825.0,3188
2026-09-30 15:39:00-04:00,30825.0,30844.0,30821.0,30838.25,5189
2026-09-30 15:40:00-04:00,30838.0,30841.75,30832.75,30835.75,3576
2026-09-30 15:41:00-04:00,30835.5,30838.5,30824.25,30825.25,2838
2026-09-30 15:42:00-04:00,30825.0,30829.75,30817.0,30819.25,2885
2026-09-30 15:43:00-04:00,30819.75,30829.0,30813.5,30826.5,3151
2026-09-30 15:44:00-04:00,30826.75,30834.25,30826.0,30827.0,2220
2026-09-30 15:45:00-04:00,30827.5,30833.75,30822.0,30827.25,3619
2026-09-30 15:46:00-04:00,30827.0,30829.75,30822.25,30825.0,1792
2026-09-30 15:47:00-04:00,30825.25,30830.5,30820.25,30823.0,1757
2026-09-30 15:48:00-04:00,30823.0,30842.0,30819.25,30831.75,5218
2026-09-30 15:49:00-04:00,30831.5,30834.5,30824.25,30826.5,2260
2026-09-30 15:50:00-04:00,30826.0,30826.0,30780.25,30783.75,12679
2026-09-30 15:51:00-04:00,30784.0,30788.75,30771.25,30781.5,6578
2026-09-30 15:52:00-04:00,30782.0,30791.75,30771.0,30779.75,9983
2026-09-30 15:53:00-04:00,30779.5,30790.75,30776.0,30777.0,5890
2026-09-30 15:54:00-04:00,30777.25,30778.0,30724.0,30727.75,14246
2026-09-30 15:55:00-04:00,30727.75,30728.25,30700.25,30725.75,13399
2026-09-30 15:56:00-04:00,30725.5,30732.25,30715.75,30726.0,6355
2026-09-30 15:57:00-04:00,30725.75,30741.5,30720.25,30735.5,5932
2026-09-30 15:58:00-04:00,30735.5,30737.0,30708.75,30733.0,6685
2026-09-30 15:59:00-04:00,30732.5,30751.5,30680.0,30693.25,26202
2026-09-30 16:00:00-04:00,30692.75,30699.75,30660.0,30697.75,11935
2026-09-30 16:01:00-04:00,30696.5,30697.75,30636.75,30665.0,9672
2026-09-30 16:02:00-04:00,30665.75,30686.5,30657.5,30683.25,5409
2026-09-30 16:03:00-04:00,30683.75,30684.25,30651.0,30676.75,4206
2026-09-30 16:04:00-04:00,30676.25,30683.0,30648.0,30675.5,4836
2026-09-30 16:05:00-04:00,30674.75,30708.25,30671.75,30689.75,6210
2026-09-30 16:06:00-04:00,30689.0,30702.25,30685.0,30694.25,3198
2026-09-30 16:07:00-04:00,30693.5,30711.0,30665.0,30682.5,5052
2026-09-30 16:08:00-04:00,30682.5,30691.0,30675.75,30688.5,2030
2026-09-30 16:09:00-04:00,30688.25,30693.75,30675.0,30687.0,1465
2026-09-30 16:10:00-04:00,30686.75,30700.0,30686.5,30695.75,1479
2026-09-30 16:11:00-04:00,30696.5,30703.25,30691.75,30695.5,1277
2026-09-30 16:12:00-04:00,30696.25,30698.25,30691.5,30695.0,645
2026-09-30 16:13:00-04:00,30694.75,30714.0,30688.75,30713.0,1631
2026-09-30 16:14:00-04:00,30713.0,30728.5,30709.25,30715.0,2949
2026-09-30 16:15:00-04:00,30713.5,30718.0,30690.5,30714.5,2860
2026-09-30 16:16:00-04:00,30715.0,30722.25,30704.25,30705.25,1347
2026-09-30 16:17:00-04:00,30706.5,30710.75,30702.0,30704.25,835
2026-09-30 16:18:00-04:00,30704.75,30716.75,30704.5,30714.25,981
2026-09-30 16:19:00-04:00,30714.75,30723.5,30713.75,30720.25,726
2026-09-30 16:20:00-04:00,30720.75,30729.75,30715.25,30727.5,1234
2026-09-30 16:21:00-04:00,30728.0,30738.5,30725.75,30734.0,1585
2026-09-30 16:22:00-04:00,30735.5,30745.0,30728.0,30740.0,1588
2026-09-30 16:23:00-04:00,30740.75,30742.75,30724.25,30724.75,1454
2026-09-30 16:24:00-04:00,30725.0,30737.0,30724.25,30732.0,846
2026-09-30 16:25:00-04:00,30732.25,30739.25,30730.75,30735.0,1119
2026-09-30 16:26:00-04:00,30735.75,30743.75,30735.75,30740.75,826
2026-09-30 16:27:00-04:00,30741.0,30746.0,30737.25,30746.0,687
2026-09-30 16:28:00-04:00,30746.25,30747.0,30739.0,30741.25,768
2026-09-30 16:29:00-04:00,30741.75,30746.0,30740.5,30740.75,492
2026-09-30 16:30:00-04:00,30740.75,30742.0,30732.25,30733.5,902
2026-09-30 16:31:00-04:00,30733.0,30742.75,30732.25,30740.25,719
2026-09-30 16:32:00-04:00,30741.0,30745.5,30738.5,30744.0,660
2026-09-30 16:33:00-04:00,30744.75,30745.0,30737.25,30744.0,565
2026-09-30 16:34:00-04:00,30744.0,30749.25,30737.5,30741.25,1139
2026-09-30 16:35:00-04:00,30740.75,30748.75,30739.0,30746.0,749
2026-09-30 16:36:00-04:00,30745.75,30751.75,30743.0,30745.0,1284
2026-09-30 16:37:00-04:00,30745.25,30745.75,30739.25,30740.5,697
2026-09-30 16:38:00-04:00,30740.0,30742.75,30731.25,30736.0,998
2026-09-30 16:39:00-04:00,30736.0,30743.0,30733.25,30740.75,649
2026-09-30 16:40:00-04:00,30741.25,30743.75,30739.0,30740.0,360
2026-09-30 16:41:00-04:00,30740.5,30743.0,30727.25,30734.0,1202
2026-09-30 16:42:00-04:00,30734.25,30739.75,30732.75,30739.25,662
2026-09-30 16:43:00-04:00,30739.0,30743.0,30734.5,30737.25,393
2026-09-30 16:44:00-04:00,30737.25,30737.75,30730.0,30736.25,575
2026-09-30 16:45:00-04:00,30735.5,30737.0,30730.25,30733.5,589
2026-09-30 16:46:00-04:00,30733.75,30734.5,30728.25,30729.75,431
2026-09-30 16:47:00-04:00,30729.75,30729.75,30721.75,30725.0,1149
2026-09-30 16:48:00-04:00,30725.5,30725.5,30711.0,30714.75,1130
2026-09-30 16:49:00-04:00,30714.75,30724.5,30714.0,30723.25,771
2026-09-30 16:50:00-04:00,30723.5,30724.75,30713.5,30720.25,816
2026-09-30 16:51:00-04:00,30720.0,30726.75,30716.0,30722.0,500
2026-09-30 16:52:00-04:00,30722.0,30731.5,30721.0,30728.5,527
2026-09-30 16:53:00-04:00,30728.75,30733.25,30725.5,30728.0,414
2026-09-30 16:54:00-04:00,30727.0,30732.0,30726.0,30728.5,498
2026-09-30 16:55:00-04:00,30729.0,30734.25,30727.0,30730.25,617
2026-09-30 16:56:00-04:00,30729.5,30730.25,30722.25,30725.5,420
2026-09-30 16:57:00-04:00,30725.0,30728.75,30723.0,30724.25,286
2026-09-30 16:58:00-04:00,30725.25,30725.25,30718.5,30719.5,167
2026-09-30 16:59:00-04:00,30719.75,30731.75,30715.75,30726.25,589
