,Open,High,Low,Close,Volume
2026-08-06 04:00:00-04:00,0.865,0.8829,0.865,0.865,0
2026-08-06 04:01:00-04:00,0.8093,0.8093,0.8093,0.8093,0
2026-08-06 05:03:00-04:00,0.87,0.87,0.87,0.87,0
2026-08-06 06:07:00-04:00,0.879,0.879,0.879,0.879,0
2026-08-06 06:47:00-04:00,0.879,0.879,0.879,0.879,0
2026-08-06 07:20:00-04:00,0.879,0.879,0.879,0.879,0
2026-08-06 07:26:00-04:00,0.879,0.879,0.879,0.879,0
2026-08-06 07:29:00-04:00,0.8789,0.8789,0.8789,0.8789,0
2026-08-06 07:35:00-04:00,0.8615,0.8615,0.8615,0.8615,0
2026-08-06 07:54:00-04:00,0.8111,0.8111,0.8111,0.8111,0
2026-08-06 07:55:00-04:00,0.8111,0.8111,0.8111,0.8111,0
2026-08-06 08:25:00-04:00,0.8,0.8,0.8,0.8,0
2026-08-06 08:34:00-04:00,0.7949,0.7949,0.7949,0.7949,0
2026-08-06 08:43:00-04:00,0.7756,0.7756,0.7756,0.7756,0
2026-08-06 08:44:00-04:00,0.7756,0.7756,0.7756,0.7756,0
2026-08-06 08:49:00-04:00,0.7756,0.7756,0.7756,0.7756,0
2026-08-06 09:05:00-04:00,0.777,0.777,0.777,0.777,0
2026-08-06 09:12:00-04:00,0.8146,0.8146,0.8146,0.8146,0
2026-08-06 09:30:00-04:00,0.8001000285148621,0.8001000285148621,0.8001000285148621,0.8001000285148621,18211
2026-08-06 09:46:00-04:00,0.7853999733924866,0.7853999733924866,0.7706999778747559,0.770799994468689,3595
2026-08-06 09:47:00-04:00,0.7700999975204468,0.7700999975204468,0.7700999975204468,0.7700999975204468,3274
2026-08-06 09:48:00-04:00,0.7749999761581421,0.7749999761581421,0.7749999761581421,0.7749999761581421,815
2026-08-06 09:49:00-04:00,0.7599999904632568,0.7599999904632568,0.7599999904632568,0.7599999904632568,3792
2026-08-06 09:51:00-04:00,0.7703999876976013,0.7703999876976013,0.7703999876976013,0.7703999876976013,253
2026-08-06 09:52:00-04:00,0.7699999809265137,0.7699999809265137,0.7699999809265137,0.7699999809265137,1904
2026-08-06 09:53:00-04:00,0.7599999904632568,0.7599999904632568,0.7599999904632568,0.7599999904632568,2983
2026-08-06 09:55:00-04:00,0.7559999823570251,0.7559999823570251,0.7559999823570251,0.7559999823570251,1015
2026-08-06 09:58:00-04:00,0.7480999827384949,0.7480999827384949,0.7480999827384949,0.7480999827384949,1699
2026-08-06 10:02:00-04:00,0.7434999942779541,0.7434999942779541,0.7434999942779541,0.7434999942779541,275
2026-08-06 10:04:00-04:00,0.7368999719619751,0.7368999719619751,0.7368999719619751,0.7368999719619751,346
2026-08-06 10:08:00-04:00,0.7368000149726868,0.7368000149726868,0.7343000173568726,0.7368000149726868,3808
2026-08-06 10:09:00-04:00,0.7368999719619751,0.7368999719619751,0.7368999719619751,0.7368999719619751,250
2026-08-06 10:10:00-04:00,0.7368999719619751,0.7368999719619751,0.7368999719619751,0.7368999719619751,1691
2026-08-06 10:12:00-04:00,0.7415000200271606,0.7415000200271606,0.7415000200271606,0.7415000200271606,0
2026-08-06 10:13:00-04:00,0.7498000264167786,0.7498000264167786,0.7498000264167786,0.7498000264167786,2324
2026-08-06 10:14:00-04:00,0.7498000264167786,0.75,0.7498000264167786,0.75,4766
2026-08-06 10:16:00-04:00,0.7488999962806702,0.7488999962806702,0.7488999962806702,0.7488999962806702,555
2026-08-06 10:18:00-04:00,0.7498000264167786,0.7498999834060669,0.7498000264167786,0.7498999834060669,901
2026-08-06 10:21:00-04:00,0.7498999834060669,0.7498999834060669,0.7498999834060669,0.7498999834060669,350
2026-08-06 10:29:00-04:00,0.7498999834060669,0.7511000037193298,0.7498999834060669,0.7511000037193298,2443
2026-08-06 10:31:00-04:00,0.7498000264167786,0.7498000264167786,0.7498000264167786,0.7498000264167786,502
2026-08-06 10:35:00-04:00,0.7437999844551086,0.7437999844551086,0.7437999844551086,0.7437999844551086,101
2026-08-06 10:36:00-04:00,0.7497000098228455,0.7498999834060669,0.7497000098228455,0.7498999834060669,456
2026-08-06 10:37:00-04:00,0.7498999834060669,0.7498999834060669,0.7498999834060669,0.7498999834060669,200
2026-08-06 10:38:00-04:00,0.7469000220298767,0.7469000220298767,0.7469000220298767,0.7469000220298767,101
2026-08-06 10:43:00-04:00,0.7498999834060669,0.7631000280380249,0.7498999834060669,0.7631000280380249,1734
2026-08-06 10:44:00-04:00,0.7631000280380249,0.7631000280380249,0.7631000280380249,0.7631000280380249,21
2026-08-06 10:49:00-04:00,0.7498999834060669,0.7498999834060669,0.7498999834060669,0.7498999834060669,406
2026-08-06 11:06:00-04:00,0.7797999978065491,0.7797999978065491,0.7649000287055969,0.7649000287055969,3730
2026-08-06 11:17:00-04:00,0.7649999856948853,0.7649999856948853,0.7501000165939331,0.7501000165939331,5311
2026-08-06 11:36:00-04:00,0.7501999735832214,0.7501999735832214,0.7501999735832214,0.7501999735832214,1320
2026-08-06 11:53:00-04:00,0.7616999745368958,0.7616999745368958,0.7616999745368958,0.7616999745368958,6261
2026-08-06 11:57:00-04:00,0.7585999965667725,0.7585999965667725,0.7585999965667725,0.7585999965667725,500
2026-08-06 12:06:00-04:00,0.7615000009536743,0.7615000009536743,0.7599999904632568,0.7615000009536743,4249
2026-08-06 12:44:00-04:00,0.766700029373169,0.766700029373169,0.766700029373169,0.766700029373169,368
2026-08-06 12:48:00-04:00,0.7666000127792358,0.7666000127792358,0.7666000127792358,0.7666000127792358,979
2026-08-06 14:18:00-04:00,0.7620000243186951,0.7620000243186951,0.7620000243186951,0.7620000243186951,300
2026-08-06 14:29:00-04:00,0.7617999911308289,0.7617999911308289,0.7617999911308289,0.7617999911308289,1669
2026-08-06 14:54:00-04:00,0.7851999998092651,0.7851999998092651,0.7851999998092651,0.7851999998092651,1468
2026-08-06 14:56:00-04:00,0.7802000045776367,0.7802000045776367,0.7802000045776367,0.7802000045776367,296
2026-08-06 15:06:00-04:00,0.7556999921798706,0.7556999921798706,0.7556999921798706,0.7556999921798706,1486
2026-08-06 15:15:00-04:00,0.7505000233650208,0.7505000233650208,0.7505000233650208,0.7505000233650208,1926
2026-08-06 15:31:00-04:00,0.7501999735832214,0.7501999735832214,0.7501999735832214,0.7501999735832214,200
2026-08-06 15:32:00-04:00,0.75,0.75,0.75,0.75,2268
2026-08-06 15:47:00-04:00,0.7487000226974487,0.7488999962806702,0.7487000226974487,0.7488999962806702,3491
2026-08-06 15:56:00-04:00,0.7444999814033508,0.7444999814033508,0.7444999814033508,0.7444999814033508,1165
2026-08-06 15:59:00-04:00,0.7488999962806702,0.7488999962806702,0.7488999962806702,0.7488999962806702,852
2026-08-06 16:00:00-04:00,0.7498,0.7498,0.7498,0.7498,0
2026-08-06 16:04:00-04:00,0.7498,0.7498,0.7498,0.7498,0
2026-08-06 16:05:00-04:00,0.7402,0.7402,0.74,0.74,0
2026-08-06 16:06:00-04:00,0.7399,0.7399,0.7399,0.7399,0
2026-08-06 16:10:00-04:00,0.7498,0.7498,0.7498,0.7498,0
2026-08-06 16:29:00-04:00,0.7398,0.7398,0.7398,0.7398,0
2026-08-06 16:33:00-04:00,0.738,0.738,0.738,0.738,0
2026-08-06 19:18:00-04:00,0.79,0.79,0.79,0.79,0
2026-08-06 19:45:00-04:00,0.784,0.784,0.784,0.784,0
2026-08-07 04:50:00-04:00,0.862,0.9361,0.862,0.8624,0
2026-08-07 05:29:00-04:00,0.8488,0.8488,0.8488,0.8488,0
2026-08-07 05:37:00-04:00,0.8488,0.8488,0.8488,0.8488,0
2026-08-07 05:41:00-04:00,0.8488,0.8488,0.8488,0.8488,0
2026-08-07 06:00:00-04:00,0.7894,0.7894,0.7894,0.7894,0
2026-08-07 06:01:00-04:00,0.7894,0.7894,0.7894,0.7894,0
2026-08-07 06:02:00-04:00,0.7511,0.7511,0.7511,0.7511,0
2026-08-07 06:44:00-04:00,0.79,0.79,0.79,0.79,0
2026-08-07 09:25:00-04:00,0.804,0.804,0.804,0.804,0
2026-08-07 09:30:00-04:00,0.7599999904632568,0.7681999802589417,0.7599999904632568,0.7681999802589417,4563
2026-08-07 09:32:00-04:00,0.7511000037193298,0.7511000037193298,0.7511000037193298,0.7511000037193298,4391
2026-08-07 10:21:00-04:00,0.7350000143051147,0.7350000143051147,0.7261999845504761,0.7319999933242798,7864
2026-08-07 10:24:00-04:00,0.7200999855995178,0.7200999855995178,0.7200999855995178,0.7200999855995178,9950
2026-08-07 10:42:00-04:00,0.7099999785423279,0.7099999785423279,0.7099999785423279,0.7099999785423279,397
2026-08-07 10:46:00-04:00,0.7199000120162964,0.7199000120162964,0.7199000120162964,0.7199000120162964,2570
2026-08-07 11:11:00-04:00,0.7053999900817871,0.7053999900817871,0.7053999900817871,0.7053999900817871,2508
2026-08-07 11:23:00-04:00,0.7042999863624573,0.7042999863624573,0.7042999863624573,0.7042999863624573,2405
2026-08-07 11:27:00-04:00,0.7038000226020813,0.7038000226020813,0.7038000226020813,0.7038000226020813,374
2026-08-07 11:38:00-04:00,0.7042999863624573,0.7156000137329102,0.7042999863624573,0.7156000137329102,1135
2026-08-07 11:55:00-04:00,0.7159000039100647,0.7159000039100647,0.7159000039100647,0.7159000039100647,457
2026-08-07 12:01:00-04:00,0.7157999873161316,0.7157999873161316,0.7157999873161316,0.7157999873161316,149
2026-08-07 12:06:00-04:00,0.7044000029563904,0.7044000029563904,0.7044000029563904,0.7044000029563904,532
2026-08-07 12:44:00-04:00,0.7099999785423279,0.7099999785423279,0.7099999785423279,0.7099999785423279,467
2026-08-07 12:58:00-04:00,0.7099000215530396,0.7099000215530396,0.7099000215530396,0.7099000215530396,264
2026-08-07 13:01:00-04:00,0.7099000215530396,0.7099000215530396,0.7099000215530396,0.7099000215530396,2232
2026-08-07 13:02:00-04:00,0.7200000286102295,0.7200000286102295,0.7200000286102295,0.7200000286102295,20406
2026-08-07 13:03:00-04:00,0.7224000096321106,0.7224000096321106,0.7174999713897705,0.7199000120162964,0
2026-08-07 13:04:00-04:00,0.7099999785423279,0.7099999785423279,0.7099999785423279,0.7099999785423279,2021
2026-08-07 13:05:00-04:00,0.7197999954223633,0.7199000120162964,0.7197999954223633,0.7199000120162964,975
2026-08-07 13:07:00-04:00,0.715499997138977,0.7200000286102295,0.715499997138977,0.7200000286102295,800
2026-08-07 13:12:00-04:00,0.7197999954223633,0.7197999954223633,0.7197999954223633,0.7197999954223633,73
2026-08-07 13:14:00-04:00,0.7200000286102295,0.7214000225067139,0.7200000286102295,0.7214000225067139,2347
2026-08-07 13:16:00-04:00,0.7200000286102295,0.7200000286102295,0.7199000120162964,0.7199000120162964,779
2026-08-07 13:21:00-04:00,0.72079998254776,0.72079998254776,0.7099999785423279,0.7099999785423279,3585
2026-08-07 13:37:00-04:00,0.7299000024795532,0.7299000024795532,0.7299000024795532,0.7299000024795532,988
2026-08-07 13:58:00-04:00,0.7299000024795532,0.7299000024795532,0.7299000024795532,0.7299000024795532,858
2026-08-07 14:04:00-04:00,0.7099999785423279,0.7099999785423279,0.7099999785423279,0.7099999785423279,6179
2026-08-07 14:05:00-04:00,0.7200000286102295,0.7200000286102295,0.7200000286102295,0.7200000286102295,222
2026-08-07 15:23:00-04:00,0.7149999737739563,0.7149999737739563,0.7149999737739563,0.7149999737739563,200
2026-08-07 15:38:00-04:00,0.7148000001907349,0.7148000001907349,0.7148000001907349,0.7148000001907349,372
2026-08-07 15:46:00-04:00,0.7125999927520752,0.7125999927520752,0.7125999927520752,0.7125999927520752,2183
2026-08-07 15:47:00-04:00,0.7149999737739563,0.7149999737739563,0.7149999737739563,0.7149999737739563,227
2026-08-07 16:00:00-04:00,0.7175,0.7175,0.7175,0.7175,6214734
2026-08-07 16:04:00-04:00,0.7175,0.7175,0.7175,0.7175,0
2026-08-07 16:10:00-04:00,0.7175,0.7175,0.7175,0.7175,0
2026-08-07 16:23:00-04:00,0.7103,0.7103,0.7103,0.7103,0
2026-08-07 16:33:00-04:00,0.7279,0.7279,0.7279,0.7279,0
2026-08-07 16:38:00-04:00,0.728,0.728,0.728,0.728,0
2026-08-07 16:41:00-04:00,0.7279,0.728,0.7279,0.7279,0
2026-08-07 17:08:00-04:00,0.7135,0.7135,0.7135,0.7135,0
2026-08-07 17:17:00-04:00,0.7102,0.7102,0.7102,0.7102,0
2026-08-07 17:59:00-04:00,0.7103,0.7103,0.7103,0.7103,0
2026-08-07 18:13:00-04:00,0.7135,0.7135,0.7135,0.7135,0
2026-08-07 19:34:00-04:00,0.72,0.72,0.72,0.72,0
2026-08-07 19:40:00-04:00,0.72,0.72,0.72,0.72,0
2026-08-07 19:41:00-04:00,0.7201,0.7201,0.7201,0.7201,0
2026-08-07 19:44:00-04:00,0.72,0.72,0.72,0.72,0
2026-08-10 04:44:00-04:00,0.704,0.704,0.704,0.704,0
2026-08-10 04:46:00-04:00,0.704,0.704,0.704,0.704,0
2026-08-10 04:50:00-04:00,0.704,0.704,0.704,0.704,0
2026-08-10 05:00:00-04:00,0.75,0.75,0.75,0.75,0
2026-08-10 05:01:00-04:00,0.7893,0.8969,0.7893,0.8969,0
2026-08-10 05:02:00-04:00,0.92,1.2289,0.85,1.0898,0
2026-08-10 05:03:00-04:00,1.05,1.46,0.9843,1.31,0
2026-08-10 05:04:00-04:00,1.31,1.55,0.9,0.9153,0
2026-08-10 05:05:00-04:00,0.9114,1.22,0.8957,1.1706,0
2026-08-10 05:06:00-04:00,1.1605,1.1898,0.95,0.95,0
2026-08-10 05:07:00-04:00,0.9676,0.9676,0.8099,0.8435,0
2026-08-10 05:08:00-04:00,0.8435,0.85,0.6389,0.6894,0
2026-08-10 05:09:00-04:00,0.6894,0.6894,0.6,0.625,0
2026-08-10 05:10:00-04:00,0.6303,0.6303,0.55,0.5634,0
2026-08-10 05:11:00-04:00,0.55,0.62,0.55,0.5832,0
2026-08-10 05:12:00-04:00,0.5969,0.6,0.5656,0.5799,0
2026-08-10 05:13:00-04:00,0.5799,0.5972,0.552,0.574,0
2026-08-10 05:14:00-04:00,0.5758,0.5798,0.56,0.574,0
2026-08-10 05:15:00-04:00,0.5972,0.5972,0.5638,0.5887,0
2026-08-10 05:16:00-04:00,0.5887,0.5887,0.5775,0.5817,0
2026-08-10 05:17:00-04:00,0.5817,0.5817,0.5638,0.564,0
2026-08-10 05:18:00-04:00,0.564,0.568,0.5492,0.5492,0
2026-08-10 05:19:00-04:00,0.5492,0.57,0.54,0.5652,0
2026-08-10 05:20:00-04:00,0.5652,0.5652,0.5524,0.553,0
2026-08-10 05:21:00-04:00,0.5529,0.5599,0.5529,0.553,0
2026-08-10 05:22:00-04:00,0.5539,0.5638,0.5532,0.5638,0
2026-08-10 05:23:00-04:00,0.5576,0.5583,0.554,0.556,0
2026-08-10 05:24:00-04:00,0.556,0.5634,0.55,0.55,0
2026-08-10 05:25:00-04:00,0.55,0.5501,0.5432,0.5482,0
2026-08-10 05:26:00-04:00,0.5849,0.59,0.5482,0.59,0
2026-08-10 05:27:00-04:00,0.5986,0.6,0.5563,0.59,0
2026-08-10 05:28:00-04:00,0.5997,0.6482,0.59,0.5993,0
2026-08-10 05:29:00-04:00,0.5993,0.5993,0.5916,0.597,0
2026-08-10 05:30:00-04:00,0.597,0.597,0.561,0.59,0
2026-08-10 05:31:00-04:00,0.59,0.597,0.57,0.5899,0
2026-08-10 05:32:00-04:00,0.5899,0.5899,0.5701,0.58,0
2026-08-10 05:33:00-04:00,0.58,0.5855,0.5701,0.58,0
2026-08-10 05:34:00-04:00,0.5799,0.5799,0.5701,0.578,0
2026-08-10 05:35:00-04:00,0.578,0.5855,0.5701,0.5701,0
2026-08-10 05:36:00-04:00,0.5701,0.5774,0.5701,0.5702,0
2026-08-10 05:37:00-04:00,0.5855,0.5855,0.573,0.5835,0
2026-08-10 05:38:00-04:00,0.61,0.61,0.6,0.6001,0
2026-08-10 05:40:00-04:00,0.6002,0.6002,0.6002,0.6002,0
2026-08-10 05:41:00-04:00,0.6012,0.6199,0.6012,0.603,0
2026-08-10 05:42:00-04:00,0.6,0.6,0.5749,0.5781,0
2026-08-10 05:43:00-04:00,0.5782,0.58,0.5782,0.58,0
2026-08-10 05:44:00-04:00,0.5811,0.6,0.58,0.5851,0
2026-08-10 05:45:00-04:00,0.6,0.6,0.5851,0.5851,0
2026-08-10 05:46:00-04:00,0.5851,0.5851,0.574,0.574,0
2026-08-10 05:47:00-04:00,0.575,0.6,0.575,0.6,0
2026-08-10 05:48:00-04:00,0.5926,0.6,0.58,0.58,0
2026-08-10 05:49:00-04:00,0.58,0.583,0.5754,0.5754,0
2026-08-10 05:50:00-04:00,0.5754,0.5778,0.5721,0.5754,0
2026-08-10 05:51:00-04:00,0.5754,0.5777,0.5721,0.5759,0
2026-08-10 05:53:00-04:00,0.5757,0.5917,0.5757,0.5917,0
2026-08-10 05:54:00-04:00,0.5761,0.5917,0.575,0.5917,0
2026-08-10 05:55:00-04:00,0.575,0.5785,0.575,0.5782,0
2026-08-10 05:56:00-04:00,0.5782,0.5917,0.5782,0.5917,0
2026-08-10 05:57:00-04:00,0.5916,0.5916,0.58,0.5916,0
2026-08-10 05:58:00-04:00,0.58,0.5875,0.58,0.58,0
2026-08-10 05:59:00-04:00,0.59,0.59,0.575,0.575,0
2026-08-10 06:00:00-04:00,0.575,0.575,0.5602,0.5602,0
2026-08-10 06:01:00-04:00,0.5608,0.569,0.5608,0.569,0
2026-08-10 06:02:00-04:00,0.567,0.567,0.5669,0.5669,0
2026-08-10 06:03:00-04:00,0.5651,0.567,0.5621,0.567,0
2026-08-10 06:04:00-04:00,0.5695,0.5695,0.5669,0.5669,0
2026-08-10 06:05:00-04:00,0.5669,0.567,0.5669,0.567,0
2026-08-10 06:06:00-04:00,0.5671,0.5701,0.5671,0.5701,0
2026-08-10 06:07:00-04:00,0.5701,0.5709,0.5701,0.5703,0
2026-08-10 06:08:00-04:00,0.5701,0.5701,0.5635,0.5635,0
2026-08-10 06:09:00-04:00,0.5637,0.5637,0.5637,0.5637,0
2026-08-10 06:10:00-04:00,0.5639,0.5639,0.5639,0.5639,0
2026-08-10 06:11:00-04:00,0.5639,0.565,0.5639,0.565,0
2026-08-10 06:12:00-04:00,0.565,0.565,0.5638,0.565,0
2026-08-10 06:13:00-04:00,0.566,0.5687,0.566,0.5687,0
2026-08-10 06:14:00-04:00,0.5652,0.5652,0.5652,0.5652,0
2026-08-10 06:15:00-04:00,0.5662,0.5662,0.5662,0.5662,0
2026-08-10 06:17:00-04:00,0.5665,0.5665,0.5636,0.5636,0
2026-08-10 06:18:00-04:00,0.5636,0.5636,0.5636,0.5636,0
2026-08-10 06:19:00-04:00,0.5636,0.5636,0.5636,0.5636,0
2026-08-10 06:20:00-04:00,0.5636,0.5636,0.5628,0.5628,0
2026-08-10 06:21:00-04:00,0.5637,0.5637,0.5637,0.5637,0
2026-08-10 06:22:00-04:00,0.566,0.566,0.566,0.566,0
2026-08-10 06:23:00-04:00,0.5663,0.5663,0.5653,0.5654,0
2026-08-10 06:24:00-04:00,0.5657,0.5657,0.5656,0.5656,0
2026-08-10 06:28:00-04:00,0.5706,0.5706,0.5706,0.5706,0
2026-08-10 06:29:00-04:00,0.5729,0.5729,0.5729,0.5729,0
2026-08-10 06:30:00-04:00,0.5775,0.5797,0.5775,0.5797,0
2026-08-10 06:32:00-04:00,0.5716,0.5716,0.571,0.571,0
2026-08-10 06:33:00-04:00,0.5772,0.5797,0.5772,0.5797,0
2026-08-10 06:34:00-04:00,0.577,0.577,0.5658,0.5658,0
2026-08-10 06:37:00-04:00,0.5671,0.5671,0.567,0.567,0
2026-08-10 06:38:00-04:00,0.5674,0.5674,0.567,0.567,0
2026-08-10 06:39:00-04:00,0.567,0.567,0.564,0.564,0
2026-08-10 06:40:00-04:00,0.5631,0.5656,0.5631,0.5656,0
2026-08-10 06:41:00-04:00,0.566,0.567,0.566,0.567,0
2026-08-10 06:43:00-04:00,0.576,0.577,0.576,0.577,0
2026-08-10 06:44:00-04:00,0.5758,0.5758,0.5758,0.5758,0
2026-08-10 06:45:00-04:00,0.5706,0.5773,0.5703,0.5758,0
2026-08-10 06:46:00-04:00,0.5758,0.5758,0.5758,0.5758,0
2026-08-10 06:48:00-04:00,0.5747,0.5747,0.5747,0.5747,0
2026-08-10 06:49:00-04:00,0.5798,0.5798,0.5798,0.5798,0
2026-08-10 06:50:00-04:00,0.5722,0.5722,0.5701,0.5701,0
2026-08-10 06:53:00-04:00,0.5725,0.5725,0.5725,0.5725,0
2026-08-10 06:55:00-04:00,0.5854,0.5854,0.5751,0.5751,0
2026-08-10 06:56:00-04:00,0.5752,0.5752,0.5752,0.5752,0
2026-08-10 06:57:00-04:00,0.5753,0.584,0.5753,0.5781,0
2026-08-10 06:58:00-04:00,0.5785,0.5791,0.5785,0.5791,0
2026-08-10 07:00:00-04:00,0.588,0.5936,0.588,0.5936,0
2026-08-10 07:01:00-04:00,0.5929,0.6018,0.5929,0.6018,0
2026-08-10 07:02:00-04:00,0.6001,0.6109,0.6001,0.6107,0
2026-08-10 07:03:00-04:00,0.6003,0.61,0.59,0.6015,0
2026-08-10 07:05:00-04:00,0.605,0.605,0.605,0.605,0
2026-08-10 07:06:00-04:00,0.6023,0.605,0.6016,0.6033,0
2026-08-10 07:07:00-04:00,0.6023,0.6023,0.6002,0.6002,0
2026-08-10 07:08:00-04:00,0.6,0.6,0.6,0.6,0
2026-08-10 07:09:00-04:00,0.588,0.6,0.588,0.6,0
2026-08-10 07:11:00-04:00,0.5923,0.6,0.5883,0.6,0
2026-08-10 07:12:00-04:00,0.59,0.59,0.59,0.59,0
2026-08-10 07:13:00-04:00,0.5895,0.5895,0.5895,0.5895,0
2026-08-10 07:14:00-04:00,0.588,0.588,0.588,0.588,0
2026-08-10 07:16:00-04:00,0.5918,0.5918,0.5918,0.5918,0
2026-08-10 07:17:00-04:00,0.5805,0.5805,0.5805,0.5805,0
2026-08-10 07:18:00-04:00,0.5805,0.5805,0.5805,0.5805,0
2026-08-10 07:19:00-04:00,0.5847,0.5847,0.5803,0.5803,0
2026-08-10 07:20:00-04:00,0.5805,0.5805,0.5803,0.5803,0
2026-08-10 07:21:00-04:00,0.5803,0.5803,0.5725,0.5745,0
2026-08-10 07:22:00-04:00,0.5697,0.5703,0.5697,0.5703,0
2026-08-10 07:24:00-04:00,0.5708,0.5708,0.5708,0.5708,0
2026-08-10 07:27:00-04:00,0.5724,0.5724,0.5708,0.5708,0
2026-08-10 07:29:00-04:00,0.5777,0.5777,0.576,0.576,0
2026-08-10 07:30:00-04:00,0.578,0.578,0.578,0.578,0
2026-08-10 07:31:00-04:00,0.578,0.578,0.578,0.578,0
2026-08-10 07:32:00-04:00,0.578,0.578,0.578,0.578,0
2026-08-10 07:34:00-04:00,0.578,0.5879,0.578,0.5879,0
2026-08-10 07:35:00-04:00,0.571,0.5711,0.571,0.5711,0
2026-08-10 07:38:00-04:00,0.5711,0.5711,0.5711,0.5711,0
2026-08-10 07:39:00-04:00,0.5736,0.5736,0.5736,0.5736,0
2026-08-10 07:40:00-04:00,0.5732,0.5732,0.5732,0.5732,0
2026-08-10 07:43:00-04:00,0.5703,0.5703,0.5703,0.5703,0
2026-08-10 07:47:00-04:00,0.5704,0.5996,0.5654,0.5996,0
2026-08-10 07:51:00-04:00,0.575,0.575,0.575,0.575,0
2026-08-10 07:52:00-04:00,0.5718,0.5718,0.5651,0.5654,0
2026-08-10 07:55:00-04:00,0.575,0.58,0.575,0.58,0
2026-08-10 07:56:00-04:00,0.5845,0.5885,0.5845,0.5885,0
2026-08-10 07:57:00-04:00,0.5751,0.5751,0.5751,0.5751,0
2026-08-10 07:59:00-04:00,0.58,0.58,0.58,0.58,0
2026-08-10 08:01:00-04:00,0.58,0.58,0.58,0.58,0
2026-08-10 08:02:00-04:00,0.584,0.585,0.584,0.585,0
2026-08-10 08:03:00-04:00,0.575,0.575,0.575,0.575,0
2026-08-10 08:06:00-04:00,0.575,0.575,0.575,0.575,0
2026-08-10 08:09:00-04:00,0.5751,0.5849,0.5751,0.5849,0
2026-08-10 08:10:00-04:00,0.5758,0.5758,0.5754,0.5754,0
2026-08-10 08:11:00-04:00,0.5766,0.5766,0.5766,0.5766,0
2026-08-10 08:15:00-04:00,0.598,0.598,0.589,0.598,0
2026-08-10 08:17:00-04:00,0.5989,0.5989,0.5989,0.5989,0
2026-08-10 08:18:00-04:00,0.5999,0.5999,0.5999,0.5999,0
2026-08-10 08:19:00-04:00,0.595,0.595,0.593,0.593,0
2026-08-10 08:20:00-04:00,0.5999,0.5999,0.595,0.5959,0
2026-08-10 08:21:00-04:00,0.5951,0.5957,0.5951,0.5957,0
2026-08-10 08:22:00-04:00,0.5992,0.5995,0.5992,0.5995,0
2026-08-10 08:23:00-04:00,0.5995,0.5995,0.5981,0.5981,0
2026-08-10 08:24:00-04:00,0.5951,0.5951,0.5951,0.5951,0
2026-08-10 08:25:00-04:00,0.5951,0.5951,0.5951,0.5951,0
2026-08-10 08:26:00-04:00,0.5951,0.5951,0.595,0.595,0
2026-08-10 08:28:00-04:00,0.5908,0.5951,0.5908,0.5951,0
2026-08-10 08:29:00-04:00,0.5853,0.5948,0.5853,0.5948,0
2026-08-10 08:30:00-04:00,0.605,0.6051,0.605,0.6051,0
2026-08-10 08:32:00-04:00,0.6051,0.6051,0.588,0.588,0
2026-08-10 08:33:00-04:00,0.6,0.6,0.6,0.6,0
2026-08-10 08:34:00-04:00,0.6,0.6,0.6,0.6,0
2026-08-10 08:36:00-04:00,0.6,0.6101,0.6,0.61,0
2026-08-10 08:37:00-04:00,0.605,0.6053,0.605,0.6053,0
2026-08-10 08:38:00-04:00,0.6051,0.61,0.605,0.605,0
2026-08-10 08:39:00-04:00,0.6051,0.6051,0.6051,0.6051,0
2026-08-10 08:40:00-04:00,0.6051,0.6052,0.6,0.601,0
2026-08-10 08:42:00-04:00,0.62,0.62,0.62,0.62,0
2026-08-10 08:44:00-04:00,0.6051,0.6065,0.605,0.6065,0
2026-08-10 08:47:00-04:00,0.6068,0.6068,0.6068,0.6068,0
2026-08-10 08:49:00-04:00,0.6196,0.6196,0.6196,0.6196,0
2026-08-10 08:50:00-04:00,0.6175,0.6175,0.6175,0.6175,0
2026-08-10 08:51:00-04:00,0.6068,0.6068,0.6068,0.6068,0
2026-08-10 08:54:00-04:00,0.6067,0.6155,0.6067,0.6155,0
2026-08-10 08:55:00-04:00,0.6068,0.6152,0.6068,0.6152,0
2026-08-10 08:56:00-04:00,0.6197,0.6197,0.6196,0.6196,0
2026-08-10 09:00:00-04:00,0.6195,0.6195,0.6195,0.6195,0
2026-08-10 09:01:00-04:00,0.614,0.614,0.614,0.614,0
2026-08-10 09:02:00-04:00,0.6111,0.6111,0.6103,0.6103,0
2026-08-10 09:03:00-04:00,0.61,0.61,0.61,0.61,0
2026-08-10 09:04:00-04:00,0.6101,0.6101,0.6101,0.6101,0
2026-08-10 09:05:00-04:00,0.61,0.61,0.61,0.61,0
2026-08-10 09:06:00-04:00,0.61,0.61,0.61,0.61,0
2026-08-10 09:08:00-04:00,0.6101,0.6101,0.6101,0.6101,0
2026-08-10 09:09:00-04:00,0.6196,0.6196,0.6101,0.6101,0
2026-08-10 09:12:00-04:00,0.6006,0.6068,0.59,0.6068,0
2026-08-10 09:13:00-04:00,0.6068,0.6068,0.6068,0.6068,0
2026-08-10 09:15:00-04:00,0.5923,0.5995,0.59,0.59,0
2026-08-10 09:16:00-04:00,0.6067,0.6067,0.6067,0.6067,0
2026-08-10 09:17:00-04:00,0.6067,0.6067,0.6066,0.6066,0
2026-08-10 09:20:00-04:00,0.6065,0.6065,0.6064,0.6064,0
2026-08-10 09:21:00-04:00,0.59,0.59,0.59,0.59,0
2026-08-10 09:22:00-04:00,0.5901,0.6,0.5901,0.5999,0
2026-08-10 09:23:00-04:00,0.6,0.6196,0.6,0.6196,0
2026-08-10 09:24:00-04:00,0.6124,0.6124,0.6049,0.6049,0
2026-08-10 09:26:00-04:00,0.6043,0.6043,0.59,0.5901,0
2026-08-10 09:28:00-04:00,0.6043,0.6043,0.6043,0.6043,0
2026-08-10 09:29:00-04:00,0.5933,0.5997,0.5911,0.5911,0
2026-08-10 09:30:00-04:00,0.6100999712944031,0.6100999712944031,0.5831000208854675,0.5831000208854675,6296488
2026-08-10 09:31:00-04:00,0.5985999703407288,0.5985999703407288,0.5830000042915344,0.5830000042915344,15031
2026-08-10 09:32:00-04:00,0.590399980545044,0.619700014591217,0.5899999737739563,0.6047000288963318,23115
2026-08-10 09:33:00-04:00,0.6000000238418579,0.6000000238418579,0.5979999899864197,0.5979999899864197,3693
2026-08-10 09:34:00-04:00,0.6100000143051147,0.6100000143051147,0.6098999977111816,0.6098999977111816,2584
2026-08-10 09:35:00-04:00,0.6098999977111816,0.6098999977111816,0.6098999977111816,0.6098999977111816,671
2026-08-10 09:36:00-04:00,0.6098999977111816,0.6098999977111816,0.6098999977111816,0.6098999977111816,340
2026-08-10 09:37:00-04:00,0.6021000146865845,0.6100999712944031,0.6021000146865845,0.6100999712944031,14902
2026-08-10 09:38:00-04:00,0.6299999952316284,0.6349999904632568,0.6200000047683716,0.6200000047683716,25860
2026-08-10 09:39:00-04:00,0.6251000165939331,0.6251000165939331,0.6201000213623047,0.6208999752998352,2133
2026-08-10 09:40:00-04:00,0.6295999884605408,0.635200023651123,0.625,0.6301000118255615,3120
2026-08-10 09:41:00-04:00,0.6399999856948853,0.6399999856948853,0.6388000249862671,0.6388000249862671,3943
2026-08-10 09:42:00-04:00,0.6349999904632568,0.6399999856948853,0.6301000118255615,0.6301000118255615,6367
2026-08-10 09:43:00-04:00,0.6190999746322632,0.6190999746322632,0.6190999746322632,0.6190999746322632,6122
2026-08-10 09:44:00-04:00,0.6190999746322632,0.6243000030517578,0.6190999746322632,0.6201000213623047,7220
2026-08-10 09:45:00-04:00,0.6244000196456909,0.6244000196456909,0.6200000047683716,0.6200000047683716,1143
2026-08-10 09:47:00-04:00,0.619700014591217,0.619700014591217,0.6019999980926514,0.6019999980926514,484
2026-08-10 09:48:00-04:00,0.6100000143051147,0.6100000143051147,0.6013000011444092,0.6013000011444092,2138
2026-08-10 09:49:00-04:00,0.6100000143051147,0.6100000143051147,0.6001999974250793,0.6075000166893005,782
2026-08-10 09:50:00-04:00,0.6100000143051147,0.6100000143051147,0.6100000143051147,0.6100000143051147,2462
2026-08-10 09:53:00-04:00,0.6100999712944031,0.619700014591217,0.6100999712944031,0.619700014591217,5235
2026-08-10 09:54:00-04:00,0.6000000238418579,0.6000000238418579,0.6000000238418579,0.6000000238418579,149
2026-08-10 09:55:00-04:00,0.6011999845504761,0.605400025844574,0.6011999845504761,0.602400004863739,1002
2026-08-10 09:57:00-04:00,0.6000999808311462,0.6000999808311462,0.6000999808311462,0.6000999808311462,269
2026-08-10 09:58:00-04:00,0.5907999873161316,0.5907999873161316,0.5907999873161316,0.5907999873161316,1823
2026-08-10 10:00:00-04:00,0.6086000204086304,0.6195999979972839,0.6086000204086304,0.6195999979972839,6629
2026-08-10 10:01:00-04:00,0.619700014591217,0.619700014591217,0.6123999953269958,0.6173999905586243,6112
2026-08-10 10:02:00-04:00,0.614799976348877,0.614799976348877,0.6123999953269958,0.6123999953269958,1386
2026-08-10 10:03:00-04:00,0.6164000034332275,0.6164000034332275,0.6164000034332275,0.6164000034332275,323
2026-08-10 10:05:00-04:00,0.6104000210762024,0.619700014591217,0.6104000210762024,0.619700014591217,1854
2026-08-10 10:06:00-04:00,0.6148999929428101,0.6148999929428101,0.614799976348877,0.614799976348877,2235
2026-08-10 10:07:00-04:00,0.6148999929428101,0.6193000078201294,0.614799976348877,0.6193000078201294,2302
2026-08-10 10:08:00-04:00,0.6101999878883362,0.6121000051498413,0.6100000143051147,0.6100000143051147,3132
2026-08-10 10:09:00-04:00,0.6047000288963318,0.6047000288963318,0.5910999774932861,0.5910999774932861,201
2026-08-10 10:10:00-04:00,0.5935999751091003,0.6195999979972839,0.5935999751091003,0.6195999979972839,10173
2026-08-10 10:11:00-04:00,0.619700014591217,0.619700014591217,0.605400025844574,0.605400025844574,1228
2026-08-10 10:12:00-04:00,0.619700014591217,0.619700014591217,0.6011000275611877,0.6011000275611877,628
2026-08-10 10:13:00-04:00,0.609499990940094,0.609499990940094,0.609499990940094,0.609499990940094,83
2026-08-10 10:14:00-04:00,0.6177999973297119,0.621399998664856,0.6176999807357788,0.621399998664856,5941
2026-08-10 10:15:00-04:00,0.621399998664856,0.6236000061035156,0.6152999997138977,0.6154000163078308,4524
2026-08-10 10:17:00-04:00,0.618399977684021,0.618399977684021,0.618399977684021,0.618399977684021,559
2026-08-10 10:18:00-04:00,0.6209999918937683,0.6230000257492065,0.6209999918937683,0.6230000257492065,700
2026-08-10 10:19:00-04:00,0.6215000152587891,0.6215000152587891,0.611299991607666,0.611299991607666,4199
2026-08-10 10:20:00-04:00,0.616599977016449,0.6274999976158142,0.616599977016449,0.6274999976158142,10609
2026-08-10 10:21:00-04:00,0.614300012588501,0.614300012588501,0.614300012588501,0.614300012588501,0
2026-08-10 10:22:00-04:00,0.6209999918937683,0.6209999918937683,0.6209999918937683,0.6209999918937683,108
2026-08-10 10:23:00-04:00,0.6147000193595886,0.6147000193595886,0.6147000193595886,0.6147000193595886,1634
2026-08-10 10:24:00-04:00,0.6237999796867371,0.6299999952316284,0.6237999796867371,0.6299999952316284,6298
2026-08-10 10:25:00-04:00,0.6345999836921692,0.6359000205993652,0.6345999836921692,0.6347000002861023,1501
2026-08-10 10:26:00-04:00,0.6359000205993652,0.6700000166893005,0.633400022983551,0.6700000166893005,12899
2026-08-10 10:27:00-04:00,0.6607999801635742,0.666100025177002,0.6399999856948853,0.6600000262260437,10031
2026-08-10 10:28:00-04:00,0.6575000286102295,0.664900004863739,0.6430000066757202,0.6430000066757202,29242
2026-08-10 10:29:00-04:00,0.6449999809265137,0.6478999853134155,0.6299999952316284,0.6308000087738037,26389
2026-08-10 10:30:00-04:00,0.6409000158309937,0.6409000158309937,0.6409000158309937,0.6409000158309937,9847
2026-08-10 10:32:00-04:00,0.6383000016212463,0.6383000016212463,0.6383000016212463,0.6383000016212463,1174
2026-08-10 10:33:00-04:00,0.6338000297546387,0.6416000127792358,0.6338000297546387,0.6413000226020813,5081
2026-08-10 10:35:00-04:00,0.6337000131607056,0.6337000131607056,0.6337000131607056,0.6337000131607056,1715
2026-08-10 10:36:00-04:00,0.6299999952316284,0.6299999952316284,0.6299999952316284,0.6299999952316284,1277
2026-08-10 10:37:00-04:00,0.6297000050544739,0.6327000260353088,0.6297000050544739,0.6327000260353088,694
2026-08-10 10:38:00-04:00,0.6313999891281128,0.6401000022888184,0.6312000155448914,0.6312000155448914,2013
2026-08-10 10:40:00-04:00,0.6480000019073486,0.6599000096321106,0.6406999826431274,0.6599000096321106,7718
2026-08-10 10:41:00-04:00,0.6456000208854675,0.6456000208854675,0.6399999856948853,0.6399999856948853,700
2026-08-10 10:42:00-04:00,0.6456000208854675,0.6456000208854675,0.6456000208854675,0.6456000208854675,253
2026-08-10 10:43:00-04:00,0.6384000182151794,0.6384000182151794,0.6384000182151794,0.6384000182151794,301
2026-08-10 10:44:00-04:00,0.6453999876976013,0.6455000042915344,0.6399999856948853,0.6455000042915344,2150
2026-08-10 10:45:00-04:00,0.6455000042915344,0.6455000042915344,0.6455000042915344,0.6455000042915344,806
2026-08-10 10:46:00-04:00,0.6455000042915344,0.6455000042915344,0.6383000016212463,0.6383000016212463,650
2026-08-10 10:48:00-04:00,0.6383000016212463,0.6383000016212463,0.6383000016212463,0.6383000016212463,320
2026-08-10 10:50:00-04:00,0.6312999725341797,0.6549999713897705,0.6312999725341797,0.6500999927520752,14225
2026-08-10 10:51:00-04:00,0.6499999761581421,0.6499999761581421,0.6499999761581421,0.6499999761581421,1002
2026-08-10 10:52:00-04:00,0.640500009059906,0.640500009059906,0.6312999725341797,0.6312999725341797,280
2026-08-10 10:53:00-04:00,0.640500009059906,0.640500009059906,0.640500009059906,0.640500009059906,1946
2026-08-10 10:54:00-04:00,0.6355999708175659,0.6456000208854675,0.6348999738693237,0.6456000208854675,3205
2026-08-10 10:55:00-04:00,0.6455000042915344,0.6455000042915344,0.6355999708175659,0.6355999708175659,5704
2026-08-10 10:56:00-04:00,0.6355999708175659,0.6399000287055969,0.6355999708175659,0.6399000287055969,3641
2026-08-10 10:57:00-04:00,0.640500009059906,0.640500009059906,0.640500009059906,0.640500009059906,967
2026-08-10 10:59:00-04:00,0.6496000289916992,0.6599000096321106,0.6496000289916992,0.6599000096321106,4371
2026-08-10 11:00:00-04:00,0.6600000262260437,0.6664999723434448,0.6600000262260437,0.6664999723434448,17433
2026-08-10 11:01:00-04:00,0.6700000166893005,0.6759999990463257,0.6541000008583069,0.6541000008583069,13341
2026-08-10 11:02:00-04:00,0.6541000008583069,0.6800000071525574,0.6541000008583069,0.6700000166893005,19085
2026-08-10 11:04:00-04:00,0.67330002784729,0.67330002784729,0.6699000000953674,0.6711999773979187,5957
2026-08-10 11:05:00-04:00,0.67330002784729,0.67330002784729,0.6689000129699707,0.6700999736785889,3812
2026-08-10 11:06:00-04:00,0.6784999966621399,0.6837999820709229,0.6784999966621399,0.6787999868392944,10403
2026-08-10 11:07:00-04:00,0.6665999889373779,0.6797999739646912,0.6665999889373779,0.6704999804496765,3253
2026-08-10 11:08:00-04:00,0.6682999730110168,0.6685000061988831,0.666700005531311,0.666700005531311,3121
2026-08-10 11:10:00-04:00,0.651199996471405,0.6699000000953674,0.651199996471405,0.6699000000953674,9910
2026-08-10 11:12:00-04:00,0.6500999927520752,0.6500999927520752,0.6499999761581421,0.6499999761581421,2614
2026-08-10 11:14:00-04:00,0.6496999859809875,0.6496999859809875,0.6496999859809875,0.6496999859809875,202
2026-08-10 11:16:00-04:00,0.6302000284194946,0.6302000284194946,0.6302000284194946,0.6302000284194946,4706
2026-08-10 11:17:00-04:00,0.6398000121116638,0.6398000121116638,0.6398000121116638,0.6398000121116638,3108
2026-08-10 11:18:00-04:00,0.6398000121116638,0.6398000121116638,0.6398000121116638,0.6398000121116638,0
2026-08-10 11:19:00-04:00,0.6398000121116638,0.6398000121116638,0.6398000121116638,0.6398000121116638,240
2026-08-10 11:20:00-04:00,0.6398000121116638,0.6492999792098999,0.6398000121116638,0.6492999792098999,1791
2026-08-10 11:21:00-04:00,0.6646000146865845,0.6646000146865845,0.6646000146865845,0.6646000146865845,1100
2026-08-10 11:23:00-04:00,0.6500999927520752,0.6654000282287598,0.6500999927520752,0.6654000282287598,3072
2026-08-10 11:24:00-04:00,0.6726999878883362,0.6776999831199646,0.6668000221252441,0.6726999878883362,3560
2026-08-10 11:26:00-04:00,0.6614000201225281,0.6614000201225281,0.6614000201225281,0.6614000201225281,200
2026-08-10 11:27:00-04:00,0.660099983215332,0.6614000201225281,0.660099983215332,0.6614000201225281,3126
2026-08-10 11:28:00-04:00,0.659500002861023,0.6596999764442444,0.633899986743927,0.633899986743927,1355
2026-08-10 11:30:00-04:00,0.6538000106811523,0.663100004196167,0.6538000106811523,0.663100004196167,1200
2026-08-10 11:33:00-04:00,0.6610000133514404,0.6610000133514404,0.6610000133514404,0.6610000133514404,1924
2026-08-10 11:37:00-04:00,0.6402000188827515,0.6402000188827515,0.6402000188827515,0.6402000188827515,2441
2026-08-10 11:41:00-04:00,0.6503999829292297,0.6503999829292297,0.6503999829292297,0.6503999829292297,6205
2026-08-10 11:43:00-04:00,0.6503999829292297,0.6503999829292297,0.6402000188827515,0.6402000188827515,647
2026-08-10 11:44:00-04:00,0.6402999758720398,0.6503999829292297,0.6402999758720398,0.6503999829292297,1366
2026-08-10 11:45:00-04:00,0.6460000276565552,0.6596999764442444,0.6460000276565552,0.6596999764442444,4177
2026-08-10 11:46:00-04:00,0.6607000231742859,0.6607000231742859,0.6607000231742859,0.6607000231742859,1123
2026-08-10 11:47:00-04:00,0.6607000231742859,0.6607000231742859,0.6607000231742859,0.6607000231742859,809
2026-08-10 11:48:00-04:00,0.6607000231742859,0.6607000231742859,0.6607000231742859,0.6607000231742859,1001
2026-08-10 11:49:00-04:00,0.6607000231742859,0.6607000231742859,0.6607000231742859,0.6607000231742859,2444
2026-08-10 11:50:00-04:00,0.6607000231742859,0.6665999889373779,0.6607000231742859,0.6665999889373779,2668
2026-08-10 11:51:00-04:00,0.6712999939918518,0.6726999878883362,0.6712999939918518,0.6718999743461609,2520
2026-08-10 11:52:00-04:00,0.6714000105857849,0.6714000105857849,0.6714000105857849,0.6714000105857849,549
2026-08-10 11:53:00-04:00,0.6779999732971191,0.6794999837875366,0.6668000221252441,0.6733999848365784,7725
2026-08-10 11:55:00-04:00,0.6674000024795532,0.6674000024795532,0.6674000024795532,0.6674000024795532,2893
2026-08-10 11:57:00-04:00,0.6725000143051147,0.6725000143051147,0.6725000143051147,0.6725000143051147,2543
2026-08-10 11:59:00-04:00,0.6693000197410583,0.6693000197410583,0.6640999913215637,0.6675999760627747,1961
2026-08-10 12:00:00-04:00,0.6726999878883362,0.6726999878883362,0.6726999878883362,0.6726999878883362,419
2026-08-10 12:01:00-04:00,0.6765999794006348,0.6800000071525574,0.6729000210762024,0.6736000180244446,8645
2026-08-10 12:02:00-04:00,0.6736000180244446,0.6736000180244446,0.6736000180244446,0.6736000180244446,581
2026-08-10 12:03:00-04:00,0.6672999858856201,0.6672999858856201,0.6672000288963318,0.6672000288963318,1504
2026-08-10 12:04:00-04:00,0.6604999899864197,0.6604999899864197,0.6604999899864197,0.6604999899864197,1100
2026-08-10 12:05:00-04:00,0.649399995803833,0.649399995803833,0.6430000066757202,0.6453999876976013,2753
2026-08-10 12:06:00-04:00,0.6500999927520752,0.6538000106811523,0.6500999927520752,0.6538000106811523,6875
2026-08-10 12:09:00-04:00,0.6571999788284302,0.6636000275611877,0.6571999788284302,0.6636000275611877,3647
2026-08-10 12:12:00-04:00,0.6585999727249146,0.6585999727249146,0.6556000113487244,0.6556000113487244,560
2026-08-10 12:14:00-04:00,0.6624000072479248,0.6800000071525574,0.6572999954223633,0.6800000071525574,8457
2026-08-10 12:16:00-04:00,0.6503999829292297,0.6503999829292297,0.6503999829292297,0.6503999829292297,352
2026-08-10 12:17:00-04:00,0.6825000047683716,0.6826000213623047,0.6783000230789185,0.6783000230789185,2100
2026-08-10 12:19:00-04:00,0.6825000047683716,0.6825000047683716,0.6825000047683716,0.6825000047683716,2431
2026-08-10 12:22:00-04:00,0.6815999746322632,0.6815999746322632,0.6815999746322632,0.6815999746322632,407
2026-08-10 12:23:00-04:00,0.6589999794960022,0.6589999794960022,0.6589999794960022,0.6589999794960022,2946
2026-08-10 12:27:00-04:00,0.669700026512146,0.669700026512146,0.6582000255584717,0.6582000255584717,5216
2026-08-10 12:28:00-04:00,0.6640999913215637,0.6640999913215637,0.65829998254776,0.65829998254776,2302
2026-08-10 12:29:00-04:00,0.6590999960899353,0.6597999930381775,0.6583999991416931,0.6583999991416931,789
2026-08-10 12:30:00-04:00,0.6586999893188477,0.6586999893188477,0.6586999893188477,0.6586999893188477,1015
2026-08-10 12:33:00-04:00,0.6635000109672546,0.6635000109672546,0.6635000109672546,0.6635000109672546,1201
2026-08-10 12:34:00-04:00,0.660099983215332,0.660099983215332,0.660099983215332,0.660099983215332,401
2026-08-10 12:35:00-04:00,0.6643000245094299,0.6646999716758728,0.6643000245094299,0.6646999716758728,2216
2026-08-10 12:36:00-04:00,0.6618000268936157,0.6639999747276306,0.6618000268936157,0.6639999747276306,2020
2026-08-10 12:37:00-04:00,0.6639999747276306,0.6642000079154968,0.6639999747276306,0.6642000079154968,800
2026-08-10 12:38:00-04:00,0.6603000164031982,0.6603000164031982,0.6603000164031982,0.6603000164031982,234
2026-08-10 12:39:00-04:00,0.6575000286102295,0.6575000286102295,0.6503000259399414,0.6503000259399414,2095
2026-08-10 12:40:00-04:00,0.6815000176429749,0.6830999851226807,0.6800000071525574,0.6830999851226807,7990
2026-08-10 12:41:00-04:00,0.682200014591217,0.682200014591217,0.682200014591217,0.682200014591217,3246
2026-08-10 12:42:00-04:00,0.6699000000953674,0.6819999814033508,0.6588000059127808,0.6588000059127808,3041
2026-08-10 12:44:00-04:00,0.6664000153541565,0.6664000153541565,0.6664000153541565,0.6664000153541565,241
2026-08-10 12:45:00-04:00,0.6797999739646912,0.6797999739646912,0.6682000160217285,0.6682000160217285,3259
2026-08-10 12:46:00-04:00,0.6682000160217285,0.6717000007629395,0.6682000160217285,0.6717000007629395,3490
2026-08-10 12:47:00-04:00,0.680899977684021,0.7146999835968018,0.6797999739646912,0.7146999835968018,26870
2026-08-10 12:48:00-04:00,0.707099974155426,0.7200000286102295,0.699999988079071,0.710099995136261,44664
2026-08-10 12:49:00-04:00,0.7188000082969666,0.7699999809265137,0.710099995136261,0.7660999894142151,138440
2026-08-10 12:50:00-04:00,0.76419997215271,0.7746000289916992,0.7400000095367432,0.7476000189781189,67682
2026-08-10 12:51:00-04:00,0.7450000047683716,0.7498999834060669,0.7174999713897705,0.7294999957084656,46223
2026-08-10 12:52:00-04:00,0.7283999919891357,0.7675999999046326,0.7271000146865845,0.7605999708175659,41020
2026-08-10 12:53:00-04:00,0.7462999820709229,0.7675999999046326,0.7394000291824341,0.7498999834060669,38321
2026-08-10 12:54:00-04:00,0.7450000047683716,0.7450000047683716,0.7365999817848206,0.7373999953269958,7468
2026-08-10 12:55:00-04:00,0.7300000190734863,0.7358999848365784,0.710099995136261,0.723800003528595,29752
2026-08-10 12:56:00-04:00,0.73580002784729,0.7599999904632568,0.7343000173568726,0.7487999796867371,27486
2026-08-10 12:57:00-04:00,0.7519000172615051,0.7677000164985657,0.7505999803543091,0.7675999999046326,33921
2026-08-10 12:58:00-04:00,0.7699999809265137,0.8443999886512756,0.7699999809265137,0.7958999872207642,175268
2026-08-10 12:59:00-04:00,0.7839999794960022,0.8442999720573425,0.7799999713897705,0.8442999720573425,93023
2026-08-10 13:00:00-04:00,0.8353999853134155,0.8443999886512756,0.7900000214576721,0.8050000071525574,91328
2026-08-10 13:01:00-04:00,0.8026000261306763,0.8399999737739563,0.8026000261306763,0.828000009059906,104796
2026-08-10 13:02:00-04:00,0.826200008392334,0.8779000043869019,0.8241000175476074,0.8507999777793884,164346
2026-08-10 13:03:00-04:00,0.8532000184059143,0.9269000291824341,0.8001000285148621,0.8058000206947327,336251
2026-08-10 13:04:00-04:00,0.8098999857902527,0.8499000072479248,0.8058000206947327,0.8258000016212463,198465
2026-08-10 13:05:00-04:00,0.8245000243186951,0.8256000280380249,0.8033000230789185,0.8033000230789185,54517
2026-08-10 13:06:00-04:00,0.8008999824523926,0.8054999709129333,0.7700999975204468,0.7918000221252441,162808
2026-08-10 13:07:00-04:00,0.7858999967575073,0.8281000256538391,0.7858999967575073,0.8185999989509583,59326
2026-08-10 13:08:00-04:00,0.8208000063896179,0.8208000063896179,0.7799999713897705,0.7800999879837036,56517
2026-08-10 13:09:00-04:00,0.77920001745224,0.7900999784469604,0.7300000190734863,0.7498999834060669,144399
2026-08-10 13:10:00-04:00,0.7401000261306763,0.7746000289916992,0.7401000261306763,0.7684999704360962,68044
2026-08-10 13:11:00-04:00,0.7741000056266785,0.8163999915122986,0.7741000056266785,0.7766000032424927,101985
2026-08-10 13:12:00-04:00,0.7968000173568726,0.8072999715805054,0.7541000247001648,0.7767999768257141,60928
2026-08-10 13:13:00-04:00,0.7897999882698059,0.7897999882698059,0.7767999768257141,0.7800999879837036,30516
2026-08-10 13:14:00-04:00,0.7799999713897705,0.7799999713897705,0.7591999769210815,0.7631999850273132,31120
2026-08-10 13:15:00-04:00,0.7623000144958496,0.7781000137329102,0.715399980545044,0.7192000150680542,55941
2026-08-10 13:16:00-04:00,0.7190999984741211,0.7627999782562256,0.7021999955177307,0.7200000286102295,45782
2026-08-10 13:17:00-04:00,0.7200000286102295,0.7200000286102295,0.6733999848365784,0.6736999750137329,51581
2026-08-10 13:18:00-04:00,0.6797999739646912,0.7110999822616577,0.6733999848365784,0.6772000193595886,66262
2026-08-10 13:19:00-04:00,0.6819999814033508,0.691100001335144,0.677299976348877,0.684499979019165,24291
2026-08-10 13:20:00-04:00,0.6832000017166138,0.6866000294685364,0.6500999927520752,0.6500999927520752,79898
2026-08-10 13:21:00-04:00,0.6504999995231628,0.6787999868392944,0.6502000093460083,0.6640999913215637,17043
2026-08-10 13:22:00-04:00,0.6656000018119812,0.6718000173568726,0.6539000272750854,0.6539000272750854,33885
2026-08-10 13:23:00-04:00,0.6535999774932861,0.6539000272750854,0.6488000154495239,0.6499999761581421,30232
2026-08-10 13:24:00-04:00,0.6499999761581421,0.6547999978065491,0.6488999724388123,0.6518999934196472,12154
2026-08-10 13:25:00-04:00,0.6585000157356262,0.669700026512146,0.6521000266075134,0.6629999876022339,15949
2026-08-10 13:26:00-04:00,0.669700026512146,0.6850000023841858,0.669700026512146,0.6837000250816345,11120
2026-08-10 13:27:00-04:00,0.6830000281333923,0.7039999961853027,0.6801000237464905,0.689300000667572,6988
2026-08-10 13:28:00-04:00,0.6800000071525574,0.6995999813079834,0.6800000071525574,0.6898000240325928,10386
2026-08-10 13:29:00-04:00,0.6898999810218811,0.6898999810218811,0.6898999810218811,0.6898999810218811,970
2026-08-10 13:30:00-04:00,0.690500020980835,0.6908000111579895,0.690500020980835,0.6908000111579895,830
2026-08-10 13:31:00-04:00,0.6955999732017517,0.6955999732017517,0.6898999810218811,0.6952999830245972,10936
2026-08-10 13:32:00-04:00,0.7063000202178955,0.717199981212616,0.7050999999046326,0.7050999999046326,5424
2026-08-10 13:33:00-04:00,0.7081000208854675,0.7081000208854675,0.6953999996185303,0.7080000042915344,5438
2026-08-10 13:34:00-04:00,0.7080000042915344,0.7080000042915344,0.705299973487854,0.705299973487854,1971
2026-08-10 13:35:00-04:00,0.7067000269889832,0.7067000269889832,0.699999988079071,0.7002000212669373,1597
2026-08-10 13:36:00-04:00,0.7001000046730042,0.7001000046730042,0.6958000063896179,0.6980999708175659,1216
2026-08-10 13:37:00-04:00,0.6953999996185303,0.6953999996185303,0.6800000071525574,0.6876999735832214,9689
2026-08-10 13:38:00-04:00,0.6811000108718872,0.6811000108718872,0.6811000108718872,0.6811000108718872,780
2026-08-10 13:39:00-04:00,0.6801999807357788,0.6804999709129333,0.6675000190734863,0.6678000092506409,11918
2026-08-10 13:40:00-04:00,0.6610000133514404,0.6658999919891357,0.6592000126838684,0.6658999919891357,8702
2026-08-10 13:41:00-04:00,0.6643999814987183,0.6759999990463257,0.6550999879837036,0.6550999879837036,7943
2026-08-10 13:42:00-04:00,0.6575000286102295,0.6675999760627747,0.6575000286102295,0.6640999913215637,7901
2026-08-10 13:43:00-04:00,0.6765000224113464,0.6765000224113464,0.6765000224113464,0.6765000224113464,277
2026-08-10 13:44:00-04:00,0.6812999844551086,0.6879000067710876,0.6653000116348267,0.6653000116348267,1219
2026-08-10 13:45:00-04:00,0.6732000112533569,0.6732000112533569,0.6729000210762024,0.6729000210762024,1993
2026-08-10 13:48:00-04:00,0.6725000143051147,0.6725000143051147,0.6628999710083008,0.6628999710083008,3194
2026-08-10 13:49:00-04:00,0.6662999987602234,0.6662999987602234,0.6606000065803528,0.6662999987602234,1432
2026-08-10 13:50:00-04:00,0.6665999889373779,0.669700026512146,0.6665999889373779,0.669700026512146,1684
2026-08-10 13:51:00-04:00,0.6668999791145325,0.6672000288963318,0.6668999791145325,0.6672000288963318,7568
2026-08-10 13:54:00-04:00,0.6672000288963318,0.6736000180244446,0.6672000288963318,0.6736000180244446,3769
2026-08-10 13:55:00-04:00,0.6722999811172485,0.6722999811172485,0.6722999811172485,0.6722999811172485,510
2026-08-10 13:56:00-04:00,0.666100025177002,0.666100025177002,0.666100025177002,0.666100025177002,955
2026-08-10 13:59:00-04:00,0.6661999821662903,0.6662999987602234,0.6661999821662903,0.6662999987602234,564
2026-08-10 14:00:00-04:00,0.6777999997138977,0.6777999997138977,0.6723999977111816,0.6723999977111816,5258
2026-08-10 14:03:00-04:00,0.6662999987602234,0.6662999987602234,0.6662999987602234,0.6662999987602234,3718
2026-08-10 14:04:00-04:00,0.6662999987602234,0.6662999987602234,0.6662999987602234,0.6662999987602234,2507
2026-08-10 14:05:00-04:00,0.6661999821662903,0.6692000031471252,0.6661999821662903,0.6692000031471252,5689
2026-08-10 14:10:00-04:00,0.6550999879837036,0.6577000021934509,0.6550999879837036,0.6550999879837036,5404
2026-08-10 14:11:00-04:00,0.6377999782562256,0.6646999716758728,0.6200000047683716,0.6646999716758728,17004
2026-08-10 14:12:00-04:00,0.652999997138977,0.652999997138977,0.6499999761581421,0.6499999761581421,1726
2026-08-10 14:13:00-04:00,0.6880000233650208,0.6880000233650208,0.6668000221252441,0.6879000067710876,6671
2026-08-10 14:14:00-04:00,0.6689000129699707,0.6689000129699707,0.6689000129699707,0.6689000129699707,120
2026-08-10 14:15:00-04:00,0.6865000128746033,0.6876999735832214,0.6689000129699707,0.6689000129699707,4551
2026-08-10 14:16:00-04:00,0.6833000183105469,0.6833000183105469,0.6833000183105469,0.6833000183105469,53
2026-08-10 14:19:00-04:00,0.6833999752998352,0.6863999962806702,0.6801999807357788,0.6841999888420105,19337
2026-08-10 14:21:00-04:00,0.6965000033378601,0.6965000033378601,0.6887999773025513,0.6887999773025513,6795
2026-08-10 14:23:00-04:00,0.696399986743927,0.710099995136261,0.6904000043869019,0.7034000158309937,10508
2026-08-10 14:24:00-04:00,0.7063999772071838,0.7113999724388123,0.703499972820282,0.7113999724388123,3569
2026-08-10 14:25:00-04:00,0.7127000093460083,0.7127000093460083,0.6850000023841858,0.6850000023841858,5962
2026-08-10 14:26:00-04:00,0.6800000071525574,0.6800000071525574,0.6800000071525574,0.6800000071525574,434
2026-08-10 14:27:00-04:00,0.7138000130653381,0.7138000130653381,0.7103999853134155,0.7103999853134155,1700
2026-08-10 14:28:00-04:00,0.704200029373169,0.7084000110626221,0.704200029373169,0.7084000110626221,264
2026-08-10 14:29:00-04:00,0.7099000215530396,0.7200000286102295,0.707099974155426,0.7139999866485596,3942
2026-08-10 14:30:00-04:00,0.7138000130653381,0.7286999821662903,0.7121999859809875,0.7128000259399414,4949
2026-08-10 14:31:00-04:00,0.7271000146865845,0.7287999987602234,0.7044000029563904,0.7044000029563904,17072
2026-08-10 14:32:00-04:00,0.7049999833106995,0.7286999821662903,0.7049999833106995,0.7286999821662903,1547
2026-08-10 14:33:00-04:00,0.7398999929428101,0.7400000095367432,0.7286999821662903,0.7400000095367432,14277
2026-08-10 14:34:00-04:00,0.7398999929428101,0.7603999972343445,0.6992999911308289,0.7603999972343445,7288
2026-08-10 14:35:00-04:00,0.7246999740600586,0.7498999834060669,0.7246999740600586,0.7265999913215637,3324
2026-08-10 14:37:00-04:00,0.7324000000953674,0.7488999962806702,0.7200000286102295,0.7407000064849854,9684
2026-08-10 14:38:00-04:00,0.7407000064849854,0.7418000102043152,0.7324000000953674,0.7324000000953674,5430
2026-08-10 14:39:00-04:00,0.7324000000953674,0.7328000068664551,0.7305999994277954,0.7305999994277954,3606
2026-08-10 14:40:00-04:00,0.7304999828338623,0.7304999828338623,0.7304999828338623,0.7304999828338623,3218
2026-08-10 14:41:00-04:00,0.7278000116348267,0.7282999753952026,0.7278000116348267,0.7282999753952026,1797
2026-08-10 14:42:00-04:00,0.727400004863739,0.7282999753952026,0.727400004863739,0.7282999753952026,2496
2026-08-10 14:43:00-04:00,0.7282999753952026,0.7304999828338623,0.7282999753952026,0.7304999828338623,1490
2026-08-10 14:45:00-04:00,0.7398999929428101,0.7699000239372253,0.7398999929428101,0.7490000128746033,9228
2026-08-10 14:46:00-04:00,0.767300009727478,0.7674000263214111,0.7502999901771545,0.7502999901771545,6997
2026-08-10 14:47:00-04:00,0.75,0.7688999772071838,0.7498000264167786,0.7498000264167786,7508
2026-08-10 14:48:00-04:00,0.75,0.75,0.7498000264167786,0.7498000264167786,1294
2026-08-10 14:50:00-04:00,0.7498999834060669,0.7498999834060669,0.7498999834060669,0.7498999834060669,14731
2026-08-10 14:53:00-04:00,0.7580000162124634,0.7734000086784363,0.7580000162124634,0.7734000086784363,1901
2026-08-10 14:54:00-04:00,0.7734000086784363,0.7875000238418579,0.7734000086784363,0.7875000238418579,2478
2026-08-10 14:55:00-04:00,0.7871999740600586,0.7871999740600586,0.7742999792098999,0.7742999792098999,1905
2026-08-10 14:56:00-04:00,0.7731999754905701,0.7849000096321106,0.7731999754905701,0.7849000096321106,4644
2026-08-10 14:57:00-04:00,0.7849000096321106,0.7997999787330627,0.7849000096321106,0.7997999787330627,2037
2026-08-10 14:58:00-04:00,0.7900999784469604,0.794700026512146,0.7900999784469604,0.794700026512146,1325
2026-08-10 14:59:00-04:00,0.7924000024795532,0.7996000051498413,0.7922999858856201,0.7996000051498413,3311
2026-08-10 15:00:00-04:00,0.7924000024795532,0.7998999953269958,0.7900999784469604,0.7946000099182129,8148
2026-08-10 15:01:00-04:00,0.7997999787330627,0.8133999705314636,0.7983999848365784,0.8133000135421753,8209
2026-08-10 15:02:00-04:00,0.8133999705314636,0.8167999982833862,0.8133000135421753,0.816100001335144,18401
2026-08-10 15:03:00-04:00,0.8151999711990356,0.8151999711990356,0.7501000165939331,0.7799999713897705,24380
2026-08-10 15:04:00-04:00,0.7644000053405762,0.7799999713897705,0.7455999851226807,0.7699999809265137,5139
2026-08-10 15:06:00-04:00,0.7796000242233276,0.7796000242233276,0.7796000242233276,0.7796000242233276,6803
2026-08-10 15:07:00-04:00,0.8032000064849854,0.8032000064849854,0.8030999898910522,0.8030999898910522,2850
2026-08-10 15:08:00-04:00,0.7861999869346619,0.7994999885559082,0.7771000266075134,0.7771000266075134,2657
2026-08-10 15:09:00-04:00,0.7972999811172485,0.7972999811172485,0.7972999811172485,0.7972999811172485,2321
2026-08-10 15:10:00-04:00,0.7835999727249146,0.7972999811172485,0.7835999727249146,0.7972999811172485,2753
2026-08-10 15:11:00-04:00,0.800000011920929,0.800000011920929,0.800000011920929,0.800000011920929,3465
2026-08-10 15:12:00-04:00,0.8032000064849854,0.8098000288009644,0.7914000153541565,0.7914000153541565,3944
2026-08-10 15:13:00-04:00,0.7957000136375427,0.7957000136375427,0.7957000136375427,0.7957000136375427,5134
2026-08-10 15:14:00-04:00,0.7998999953269958,0.8098000288009644,0.7972999811172485,0.8090000152587891,5227
2026-08-10 15:15:00-04:00,0.8059999942779541,0.8097000122070312,0.8059999942779541,0.8061000108718872,5191
2026-08-10 15:16:00-04:00,0.8100000023841858,0.8100000023841858,0.8069999814033508,0.8069999814033508,2958
2026-08-10 15:17:00-04:00,0.8093000054359436,0.8093000054359436,0.8084999918937683,0.8090999722480774,1934
2026-08-10 15:18:00-04:00,0.8101000189781189,0.8198999762535095,0.8101000189781189,0.8149999976158142,5265
2026-08-10 15:19:00-04:00,0.8138999938964844,0.8192999958992004,0.8086000084877014,0.8191999793052673,2973
2026-08-10 15:20:00-04:00,0.8100000023841858,0.8100000023841858,0.8090000152587891,0.8090000152587891,1126
2026-08-10 15:21:00-04:00,0.8191999793052673,0.8191999793052673,0.8076000213623047,0.8093000054359436,5933
2026-08-10 15:22:00-04:00,0.8051000237464905,0.8051999807357788,0.8004999756813049,0.8051999807357788,2025
2026-08-10 15:23:00-04:00,0.8069999814033508,0.8098999857902527,0.800599992275238,0.800599992275238,4337
2026-08-10 15:24:00-04:00,0.8100000023841858,0.8115000128746033,0.8026999831199646,0.8115000128746033,5477
2026-08-10 15:26:00-04:00,0.8100000023841858,0.8100000023841858,0.8001999855041504,0.8001999855041504,2246
2026-08-10 15:27:00-04:00,0.8047000169754028,0.8047000169754028,0.8047000169754028,0.8047000169754028,3062
2026-08-10 15:28:00-04:00,0.8102999925613403,0.8102999925613403,0.8102999925613403,0.8102999925613403,397
2026-08-10 15:29:00-04:00,0.8046000003814697,0.8046000003814697,0.8046000003814697,0.8046000003814697,1078
2026-08-10 15:30:00-04:00,0.8102999925613403,0.8102999925613403,0.8102999925613403,0.8102999925613403,3030
2026-08-10 15:31:00-04:00,0.8009999990463257,0.8009999990463257,0.8009999990463257,0.8009999990463257,6274
2026-08-10 15:32:00-04:00,0.805899977684021,0.8059999942779541,0.8008999824523926,0.8059999942779541,3337
2026-08-10 15:33:00-04:00,0.8100000023841858,0.8100000023841858,0.7717999815940857,0.7717999815940857,18607
2026-08-10 15:35:00-04:00,0.7857000231742859,0.7857000231742859,0.7857000231742859,0.7857000231742859,535
2026-08-10 15:36:00-04:00,0.7857000231742859,0.7886000275611877,0.771399974822998,0.7886000275611877,6637
2026-08-10 15:37:00-04:00,0.7921000123023987,0.7922000288963318,0.7860000133514404,0.7860000133514404,2192
2026-08-10 15:38:00-04:00,0.7857999801635742,0.7857999801635742,0.7734000086784363,0.7734000086784363,5593
2026-08-10 15:39:00-04:00,0.7768999934196472,0.7768999934196472,0.7768999934196472,0.7768999934196472,1020
2026-08-10 15:40:00-04:00,0.7594000101089478,0.7770000100135803,0.7594000101089478,0.7770000100135803,2078
2026-08-10 15:41:00-04:00,0.7829999923706055,0.7829999923706055,0.7829999923706055,0.7829999923706055,200
2026-08-10 15:42:00-04:00,0.765999972820282,0.7831000089645386,0.765999972820282,0.7752000093460083,6973
2026-08-10 15:43:00-04:00,0.7753000259399414,0.7753000259399414,0.7753000259399414,0.7753000259399414,455
2026-08-10 15:44:00-04:00,0.7752000093460083,0.7763000130653381,0.7752000093460083,0.7763000130653381,407
2026-08-10 15:45:00-04:00,0.7998999953269958,0.7998999953269958,0.7882000207901001,0.7882000207901001,1820
2026-08-10 15:46:00-04:00,0.7882000207901001,0.7998999953269958,0.7882000207901001,0.7897999882698059,9535
2026-08-10 15:47:00-04:00,0.7997999787330627,0.800000011920929,0.7918000221252441,0.800000011920929,5296
2026-08-10 15:48:00-04:00,0.800000011920929,0.800000011920929,0.7972000241279602,0.7972000241279602,4608
2026-08-10 15:49:00-04:00,0.7972999811172485,0.7972999811172485,0.7972999811172485,0.7972999811172485,1223
2026-08-10 15:50:00-04:00,0.7972999811172485,0.7972999811172485,0.7972999811172485,0.7972999811172485,1561
2026-08-10 15:51:00-04:00,0.7972000241279602,0.8097000122070312,0.7972000241279602,0.8097000122070312,1859
2026-08-10 15:52:00-04:00,0.7998999953269958,0.7998999953269958,0.7900000214576721,0.7906000018119812,2769
2026-08-10 15:53:00-04:00,0.7906000018119812,0.7994999885559082,0.7903000116348267,0.7994999885559082,3218
2026-08-10 15:54:00-04:00,0.7900999784469604,0.7900999784469604,0.7900999784469604,0.7900999784469604,204
2026-08-10 15:55:00-04:00,0.794700026512146,0.7993999719619751,0.789900004863739,0.7993000149726868,13657
2026-08-10 15:56:00-04:00,0.7993000149726868,0.8008000254631042,0.7897999882698059,0.7915999889373779,5600
2026-08-10 15:58:00-04:00,0.7993999719619751,0.7994999885559082,0.794700026512146,0.7994999885559082,8953
2026-08-10 15:59:00-04:00,0.7994999885559082,0.7994999885559082,0.7897999882698059,0.7897999882698059,8892
2026-08-10 16:00:00-04:00,0.779,0.7973,0.779,0.779,0
2026-08-10 16:01:00-04:00,0.7558,0.7558,0.7558,0.7558,0
2026-08-10 16:02:00-04:00,0.7571,0.7611,0.7571,0.7611,0
2026-08-10 16:03:00-04:00,0.761,0.761,0.761,0.761,0
2026-08-10 16:04:00-04:00,0.7651,0.7973,0.7651,0.7973,0
2026-08-10 16:09:00-04:00,0.7801,0.7801,0.7801,0.7801,0
2026-08-10 16:10:00-04:00,0.7973,0.7973,0.7801,0.7801,0
2026-08-10 16:12:00-04:00,0.7611,0.7611,0.7611,0.7611,0
2026-08-10 16:13:00-04:00,0.7611,0.7611,0.7611,0.7611,0
2026-08-10 16:14:00-04:00,0.74,0.74,0.74,0.74,0
2026-08-10 16:16:00-04:00,0.7305,0.7305,0.7305,0.7305,0
2026-08-10 16:17:00-04:00,0.73,0.73,0.73,0.73,0
2026-08-10 16:19:00-04:00,0.729,0.729,0.729,0.729,0
2026-08-10 16:22:00-04:00,0.7218,0.7218,0.7218,0.7218,0
2026-08-10 16:25:00-04:00,0.7217,0.7218,0.7217,0.7218,0
2026-08-10 16:26:00-04:00,0.7109,0.7109,0.7109,0.7109,0
2026-08-10 16:27:00-04:00,0.7,0.7,0.7,0.7,0
2026-08-10 16:29:00-04:00,0.6606,0.6606,0.6606,0.6606,0
2026-08-10 16:30:00-04:00,0.6606,0.6606,0.6606,0.6606,0
2026-08-10 16:32:00-04:00,0.7218,0.7218,0.7218,0.7218,0
2026-08-10 16:35:00-04:00,0.71,0.71,0.71,0.71,0
2026-08-10 16:37:00-04:00,0.7099,0.71,0.7099,0.71,0
2026-08-10 16:39:00-04:00,0.708,0.708,0.708,0.708,0
2026-08-10 16:47:00-04:00,0.708,0.708,0.708,0.708,0
2026-08-10 16:53:00-04:00,0.7281,0.7281,0.7281,0.7281,0
2026-08-10 16:56:00-04:00,0.7135,0.7135,0.7135,0.7135,0
2026-08-10 17:01:00-04:00,0.7801,0.7801,0.7801,0.7801,0
2026-08-10 17:05:00-04:00,0.77,0.77,0.77,0.77,0
2026-08-10 17:06:00-04:00,0.77,0.77,0.7601,0.7601,0
2026-08-10 17:11:00-04:00,0.7601,0.7601,0.7601,0.7601,0
2026-08-10 17:13:00-04:00,0.7701,0.7701,0.7701,0.7701,0
2026-08-10 17:14:00-04:00,0.7701,0.7801,0.7701,0.7701,0
2026-08-10 17:21:00-04:00,0.7677,0.7677,0.7677,0.7677,0
2026-08-10 17:22:00-04:00,0.7677,0.7677,0.7677,0.7677,0
2026-08-10 17:23:00-04:00,0.7687,0.7687,0.7687,0.7687,0
2026-08-10 17:24:00-04:00,0.77,0.78,0.7687,0.78,0
2026-08-10 17:25:00-04:00,0.8063,0.85,0.8063,0.85,0
2026-08-10 17:26:00-04:00,0.86,0.873,0.82,0.82,0
2026-08-10 17:27:00-04:00,0.84,0.86,0.83,0.86,0
2026-08-10 17:28:00-04:00,0.8351,0.84,0.82,0.84,0
2026-08-10 17:29:00-04:00,0.82,0.82,0.82,0.82,0
2026-08-10 17:30:00-04:00,0.86,0.86,0.8311,0.8451,0
2026-08-10 17:31:00-04:00,0.815,0.815,0.7999,0.7999,0
2026-08-10 17:32:00-04:00,0.7604,0.7604,0.7604,0.7604,0
2026-08-10 17:33:00-04:00,0.7604,0.7604,0.7604,0.7604,0
2026-08-10 17:34:00-04:00,0.7211,0.7211,0.7211,0.7211,0
2026-08-10 17:35:00-04:00,0.7598,0.784,0.7598,0.784,0
2026-08-10 17:39:00-04:00,0.79,0.79,0.79,0.79,0
2026-08-10 17:52:00-04:00,0.7837,0.7837,0.7837,0.7837,0
2026-08-10 18:04:00-04:00,0.7689,0.7689,0.7675,0.7675,0
2026-08-10 18:05:00-04:00,0.7675,0.7675,0.7651,0.7651,0
2026-08-10 18:10:00-04:00,0.7677,0.7677,0.7677,0.7677,0
2026-08-10 18:12:00-04:00,0.7675,0.7675,0.7675,0.7675,0
2026-08-10 18:15:00-04:00,0.7676,0.7676,0.7676,0.7676,0
2026-08-10 18:17:00-04:00,0.7675,0.7675,0.7675,0.7675,0
2026-08-10 18:18:00-04:00,0.78,0.78,0.7578,0.7578,0
2026-08-10 18:25:00-04:00,0.797,0.797,0.797,0.797,0
2026-08-10 18:28:00-04:00,0.78,0.78,0.78,0.78,0
2026-08-10 18:29:00-04:00,0.7501,0.7501,0.7501,0.7501,0
2026-08-10 18:30:00-04:00,0.7735,0.7735,0.7735,0.7735,0
2026-08-10 18:31:00-04:00,0.7672,0.7672,0.7672,0.7672,0
2026-08-10 18:33:00-04:00,0.78,0.78,0.78,0.78,0
2026-08-10 18:35:00-04:00,0.78,0.78,0.78,0.78,0
2026-08-10 18:44:00-04:00,0.78,0.78,0.78,0.78,0
2026-08-10 18:50:00-04:00,0.75,0.75,0.75,0.75,0
2026-08-10 18:51:00-04:00,0.7512,0.7512,0.75,0.75,0
2026-08-10 18:55:00-04:00,0.721,0.721,0.721,0.721,0
2026-08-10 18:59:00-04:00,0.7211,0.7211,0.7211,0.7211,0
2026-08-10 19:03:00-04:00,0.721,0.7211,0.721,0.7211,0
2026-08-10 19:07:00-04:00,0.7183,0.73,0.7183,0.73,0
2026-08-10 19:10:00-04:00,0.7154,0.7154,0.7154,0.7154,0
2026-08-10 19:14:00-04:00,0.7154,0.7154,0.7154,0.7154,0
2026-08-10 19:16:00-04:00,0.7154,0.7155,0.7154,0.7155,0
2026-08-10 19:34:00-04:00,0.7157,0.7157,0.7157,0.7157,0
2026-08-10 19:37:00-04:00,0.7223,0.7223,0.7223,0.7223,0
2026-08-10 19:46:00-04:00,0.7188,0.7188,0.7188,0.7188,0
2026-08-10 19:56:00-04:00,0.7231,0.7231,0.7231,0.7231,0
2026-08-11 04:00:00-04:00,0.766,0.8182,0.75,0.7679,0
2026-08-11 04:07:00-04:00,0.743,0.743,0.743,0.743,0
2026-08-11 05:23:00-04:00,0.73,0.73,0.73,0.73,0
2026-08-11 05:31:00-04:00,0.7108,0.7108,0.7108,0.7108,0
2026-08-11 05:34:00-04:00,0.7108,0.7108,0.7108,0.7108,0
2026-08-11 05:35:00-04:00,0.7108,0.7108,0.7108,0.7108,0
2026-08-11 05:42:00-04:00,0.7108,0.7108,0.7108,0.7108,0
2026-08-11 05:43:00-04:00,0.7108,0.7136,0.7108,0.7136,0
2026-08-11 06:11:00-04:00,0.6936,0.6936,0.6936,0.6936,0
2026-08-11 06:16:00-04:00,0.7053,0.7053,0.7053,0.7053,0
2026-08-11 06:23:00-04:00,0.7053,0.7053,0.7053,0.7053,0
2026-08-11 06:26:00-04:00,0.7053,0.71,0.7053,0.7097,0
2026-08-11 06:41:00-04:00,0.6884,0.695,0.6884,0.695,0
2026-08-11 06:56:00-04:00,0.6864,0.6864,0.6864,0.6864,0
2026-08-11 07:00:00-04:00,0.7097,0.7097,0.7097,0.7097,0
2026-08-11 07:04:00-04:00,0.705,0.705,0.705,0.705,0
2026-08-11 07:05:00-04:00,0.7,0.7,0.7,0.7,0
2026-08-11 07:09:00-04:00,0.705,0.705,0.705,0.705,0
2026-08-11 07:10:00-04:00,0.705,0.705,0.705,0.705,0
2026-08-11 07:28:00-04:00,0.705,0.705,0.705,0.705,0
2026-08-11 07:29:00-04:00,0.7097,0.7097,0.7097,0.7097,0
2026-08-11 07:44:00-04:00,0.7004,0.7004,0.7004,0.7004,0
2026-08-11 07:51:00-04:00,0.7074,0.7077,0.7074,0.7077,0
2026-08-11 07:55:00-04:00,0.7051,0.7051,0.705,0.705,0
2026-08-11 07:56:00-04:00,0.707,0.8,0.707,0.8,0
2026-08-11 08:02:00-04:00,0.75,0.75,0.75,0.75,0
2026-08-11 08:12:00-04:00,0.7501,0.7501,0.75,0.75,0
2026-08-11 08:17:00-04:00,0.74,0.74,0.74,0.74,0
2026-08-11 08:20:00-04:00,0.75,0.75,0.75,0.75,0
2026-08-11 08:44:00-04:00,0.7589,0.843,0.7589,0.8,0
2026-08-11 08:45:00-04:00,0.8,0.8,0.795,0.795,0
2026-08-11 08:46:00-04:00,0.84,0.8909,0.84,0.84,0
2026-08-11 08:47:00-04:00,0.8607,0.8607,0.84,0.84,0
2026-08-11 08:48:00-04:00,0.84,0.855,0.84,0.855,0
2026-08-11 08:49:00-04:00,0.8382,0.8382,0.8382,0.8382,0
2026-08-11 08:50:00-04:00,0.8022,0.8022,0.8001,0.8001,0
2026-08-11 08:51:00-04:00,0.8,0.8,0.8,0.8,0
2026-08-11 08:52:00-04:00,0.8,0.8,0.776,0.776,0
2026-08-11 08:54:00-04:00,0.8,0.8,0.8,0.8,0
2026-08-11 09:00:00-04:00,0.8,0.8,0.7999,0.7999,0
2026-08-11 09:05:00-04:00,0.8,0.8,0.8,0.8,0
2026-08-11 09:08:00-04:00,0.8,0.8,0.8,0.8,0
2026-08-11 09:09:00-04:00,0.794,0.794,0.794,0.794,0
2026-08-11 09:10:00-04:00,0.79,0.79,0.79,0.79,0
2026-08-11 09:23:00-04:00,0.79,0.79,0.79,0.79,0
2026-08-11 09:26:00-04:00,0.794,0.8,0.794,0.8,0
2026-08-11 09:27:00-04:00,0.8,0.8,0.8,0.8,0
2026-08-11 09:28:00-04:00,0.8,0.8,0.794,0.794,0
2026-08-11 09:30:00-04:00,0.7950000166893005,0.7998999953269958,0.7949000000953674,0.7998999953269958,99793
2026-08-11 09:31:00-04:00,0.7968999743461609,0.7968999743461609,0.7968999743461609,0.7968999743461609,4590
2026-08-11 09:32:00-04:00,0.7900999784469604,0.7900999784469604,0.7900999784469604,0.7900999784469604,878
2026-08-11 09:34:00-04:00,0.7935000061988831,0.7935000061988831,0.7935000061988831,0.7935000061988831,77
2026-08-11 09:35:00-04:00,0.79339998960495,0.79339998960495,0.79339998960495,0.79339998960495,103
2026-08-11 09:36:00-04:00,0.7929999828338623,0.7929999828338623,0.7929999828338623,0.7929999828338623,772
2026-08-11 09:38:00-04:00,0.7925000190734863,0.7925000190734863,0.7789999842643738,0.7789999842643738,705
2026-08-11 09:39:00-04:00,0.7599999904632568,0.7599999904632568,0.7599999904632568,0.7599999904632568,4038
2026-08-11 09:46:00-04:00,0.7307000160217285,0.7307000160217285,0.7301999926567078,0.7301999926567078,4496
2026-08-11 09:49:00-04:00,0.7261000275611877,0.7400000095367432,0.7261000275611877,0.7400000095367432,3813
2026-08-11 09:52:00-04:00,0.7498000264167786,0.7498000264167786,0.7498000264167786,0.7498000264167786,2345
2026-08-11 09:55:00-04:00,0.7498000264167786,0.7498000264167786,0.7498000264167786,0.7498000264167786,2458
2026-08-11 09:56:00-04:00,0.7059000134468079,0.7059000134468079,0.7059000134468079,0.7059000134468079,450
2026-08-11 09:58:00-04:00,0.723800003528595,0.723800003528595,0.723800003528595,0.723800003528595,839
2026-08-11 10:01:00-04:00,0.714900016784668,0.714900016784668,0.714900016784668,0.714900016784668,749
2026-08-11 10:02:00-04:00,0.7200000286102295,0.7200000286102295,0.7059000134468079,0.7059000134468079,4129
2026-08-11 10:04:00-04:00,0.699999988079071,0.699999988079071,0.699999988079071,0.699999988079071,2794
2026-08-11 10:06:00-04:00,0.6998999714851379,0.6998999714851379,0.6998999714851379,0.6998999714851379,1382
2026-08-11 10:12:00-04:00,0.6990000009536743,0.6998999714851379,0.6990000009536743,0.6998999714851379,4577
2026-08-11 10:13:00-04:00,0.6998999714851379,0.6998999714851379,0.6998999714851379,0.6998999714851379,1243
2026-08-11 10:14:00-04:00,0.699999988079071,0.699999988079071,0.699999988079071,0.699999988079071,769
2026-08-11 10:15:00-04:00,0.699999988079071,0.699999988079071,0.699999988079071,0.699999988079071,105
2026-08-11 10:16:00-04:00,0.699999988079071,0.699999988079071,0.699999988079071,0.699999988079071,1872
2026-08-11 10:21:00-04:00,0.7003999948501587,0.7003999948501587,0.7003999948501587,0.7003999948501587,7311
2026-08-11 10:37:00-04:00,0.7063999772071838,0.7063999772071838,0.7063999772071838,0.7063999772071838,2784
2026-08-11 10:41:00-04:00,0.679099977016449,0.679099977016449,0.679099977016449,0.679099977016449,386
2026-08-11 10:46:00-04:00,0.6868000030517578,0.6868000030517578,0.6868000030517578,0.6868000030517578,1203
2026-08-11 10:48:00-04:00,0.6854000091552734,0.6854000091552734,0.6854000091552734,0.6854000091552734,2917
2026-08-11 11:01:00-04:00,0.6800000071525574,0.6800000071525574,0.6800000071525574,0.6800000071525574,859
2026-08-11 11:16:00-04:00,0.6764000058174133,0.6794000267982483,0.6743999719619751,0.6794000267982483,1699
2026-08-11 11:21:00-04:00,0.6740000247955322,0.678600013256073,0.6740000247955322,0.678600013256073,12000
2026-08-11 11:23:00-04:00,0.6700000166893005,0.6700000166893005,0.6700000166893005,0.6700000166893005,4061
2026-08-11 11:24:00-04:00,0.6783999800682068,0.6783999800682068,0.6693000197410583,0.6693000197410583,2157
2026-08-11 11:26:00-04:00,0.6693999767303467,0.6693999767303467,0.6693999767303467,0.6693999767303467,613
2026-08-11 11:28:00-04:00,0.6700999736785889,0.6700999736785889,0.6700999736785889,0.6700999736785889,1361
2026-08-11 11:31:00-04:00,0.6953999996185303,0.6953999996185303,0.6951000094413757,0.6951000094413757,4313
2026-08-11 11:32:00-04:00,0.6953999996185303,0.6953999996185303,0.6869999766349792,0.6869999766349792,1495
2026-08-11 11:33:00-04:00,0.6880000233650208,0.6880000233650208,0.6880000233650208,0.6880000233650208,2324
2026-08-11 11:34:00-04:00,0.6934999823570251,0.6938999891281128,0.6934999823570251,0.6937999725341797,1138
2026-08-11 11:37:00-04:00,0.6987000107765198,0.6987000107765198,0.6987000107765198,0.6987000107765198,3623
2026-08-11 11:38:00-04:00,0.6963000297546387,0.6963000297546387,0.6963000297546387,0.6963000297546387,0
2026-08-11 11:39:00-04:00,0.6987000107765198,0.6987000107765198,0.6987000107765198,0.6987000107765198,5148
2026-08-11 11:40:00-04:00,0.699999988079071,0.704800009727478,0.699999988079071,0.704800009727478,300
2026-08-11 11:41:00-04:00,0.699999988079071,0.7093999981880188,0.699999988079071,0.7093999981880188,2649
2026-08-11 11:42:00-04:00,0.7149999737739563,0.7149999737739563,0.7149999737739563,0.7149999737739563,2499
2026-08-11 11:43:00-04:00,0.7149999737739563,0.7149999737739563,0.7149999737739563,0.7149999737739563,100
2026-08-11 11:44:00-04:00,0.7149999737739563,0.7149999737739563,0.7149999737739563,0.7149999737739563,200
2026-08-11 11:45:00-04:00,0.7149999737739563,0.7149999737739563,0.7099000215530396,0.7099000215530396,937
2026-08-11 11:46:00-04:00,0.7099999785423279,0.710099995136261,0.7099999785423279,0.710099995136261,11001
2026-08-11 11:47:00-04:00,0.699999988079071,0.7099000215530396,0.699999988079071,0.7099000215530396,35252
2026-08-11 11:55:00-04:00,0.6937999725341797,0.6937999725341797,0.6937999725341797,0.6937999725341797,338
2026-08-11 11:56:00-04:00,0.694100022315979,0.694100022315979,0.694100022315979,0.694100022315979,570
2026-08-11 12:15:00-04:00,0.6898000240325928,0.6898000240325928,0.6800000071525574,0.6800000071525574,10480
2026-08-11 12:17:00-04:00,0.6898000240325928,0.6898999810218811,0.6898000240325928,0.6898999810218811,2560
2026-08-11 12:26:00-04:00,0.6815999746322632,0.6815999746322632,0.6815999746322632,0.6815999746322632,2043
2026-08-11 12:42:00-04:00,0.6840000152587891,0.6840000152587891,0.6840000152587891,0.6840000152587891,774
2026-08-11 12:57:00-04:00,0.6908000111579895,0.6908000111579895,0.6908000111579895,0.6908000111579895,323
2026-08-11 13:25:00-04:00,0.704800009727478,0.704800009727478,0.704800009727478,0.704800009727478,480
2026-08-11 13:26:00-04:00,0.7013000249862671,0.7099999785423279,0.7013000249862671,0.7099999785423279,1398
2026-08-11 13:38:00-04:00,0.718500018119812,0.7199000120162964,0.718500018119812,0.7199000120162964,1518
2026-08-11 13:39:00-04:00,0.7199000120162964,0.7300000190734863,0.7199000120162964,0.7300000190734863,6920
2026-08-11 13:40:00-04:00,0.7275000214576721,0.7275000214576721,0.7275000214576721,0.7275000214576721,301
2026-08-11 13:43:00-04:00,0.7200000286102295,0.7200000286102295,0.7200000286102295,0.7200000286102295,466
2026-08-11 13:46:00-04:00,0.7199000120162964,0.7199000120162964,0.699999988079071,0.699999988079071,2732
2026-08-11 13:47:00-04:00,0.6840000152587891,0.6840000152587891,0.6840000152587891,0.6840000152587891,47
2026-08-11 14:01:00-04:00,0.6840999722480774,0.6840999722480774,0.6840999722480774,0.6840999722480774,2900
2026-08-11 14:02:00-04:00,0.6840000152587891,0.6840000152587891,0.6840000152587891,0.6840000152587891,6550
2026-08-11 14:03:00-04:00,0.6859999895095825,0.6859999895095825,0.6859999895095825,0.6859999895095825,0
2026-08-11 14:13:00-04:00,0.6700000166893005,0.6700000166893005,0.6499999761581421,0.6499999761581421,45066
2026-08-11 14:21:00-04:00,0.6703000068664551,0.6703000068664551,0.6703000068664551,0.6703000068664551,1922
2026-08-11 14:32:00-04:00,0.6700000166893005,0.6700000166893005,0.6700000166893005,0.6700000166893005,230
2026-08-11 14:36:00-04:00,0.6863999962806702,0.6998999714851379,0.6863999962806702,0.6998999714851379,9334
2026-08-11 14:37:00-04:00,0.6998999714851379,0.6998999714851379,0.6998999714851379,0.6998999714851379,1339
2026-08-11 14:41:00-04:00,0.7195000052452087,0.7195000052452087,0.7195000052452087,0.7195000052452087,245
2026-08-11 14:42:00-04:00,0.704800009727478,0.704800009727478,0.704800009727478,0.704800009727478,146
2026-08-11 14:43:00-04:00,0.7195000052452087,0.7195000052452087,0.7166000008583069,0.7179999947547913,2049
2026-08-11 15:04:00-04:00,0.7039999961853027,0.7039999961853027,0.7039999961853027,0.7039999961853027,1002
2026-08-11 15:35:00-04:00,0.7038999795913696,0.7038999795913696,0.6970000267028809,0.6970000267028809,2343
2026-08-11 15:36:00-04:00,0.690500020980835,0.690500020980835,0.690500020980835,0.690500020980835,1445
2026-08-11 15:37:00-04:00,0.6909000277519226,0.6909000277519226,0.6901999711990356,0.6901999711990356,4751
2026-08-11 15:41:00-04:00,0.6899999976158142,0.6899999976158142,0.6899999976158142,0.6899999976158142,617
2026-08-11 15:42:00-04:00,0.6899999976158142,0.6969000101089478,0.6899999976158142,0.6969000101089478,20722
2026-08-11 15:43:00-04:00,0.695900022983551,0.695900022983551,0.695900022983551,0.695900022983551,0
2026-08-11 15:45:00-04:00,0.6901000142097473,0.6966000199317932,0.6901000142097473,0.6966000199317932,4447
2026-08-11 15:48:00-04:00,0.7038999795913696,0.7299000024795532,0.7038000226020813,0.7299000024795532,33393
2026-08-11 15:49:00-04:00,0.7039999961853027,0.7039999961853027,0.7039999961853027,0.7039999961853027,0
2026-08-11 15:50:00-04:00,0.7099999785423279,0.7199000120162964,0.7099999785423279,0.7199000120162964,16651
2026-08-11 15:51:00-04:00,0.7199000120162964,0.7199000120162964,0.7199000120162964,0.7199000120162964,2712
2026-08-11 15:53:00-04:00,0.7013999819755554,0.7013999819755554,0.7013999819755554,0.7013999819755554,5900
2026-08-11 15:57:00-04:00,0.6980000138282776,0.6980000138282776,0.6980000138282776,0.6980000138282776,0
2026-08-11 15:59:00-04:00,0.6980000138282776,0.7085000276565552,0.6980000138282776,0.7085000276565552,1427
2026-08-11 16:00:00-04:00,0.7132,0.7132,0.7132,0.7132,113804363
2026-08-11 16:04:00-04:00,0.7132,0.7132,0.7132,0.7132,0
2026-08-11 16:07:00-04:00,0.6987,0.6987,0.6987,0.6987,0
2026-08-11 16:27:00-04:00,0.7066,0.7066,0.7066,0.7066,0
2026-08-11 16:43:00-04:00,0.7066,0.7066,0.7066,0.7066,0
2026-08-11 16:45:00-04:00,0.7066,0.7216,0.7066,0.7132,0
2026-08-11 16:47:00-04:00,0.79,0.79,0.79,0.79,0
2026-08-11 16:48:00-04:00,0.778,0.7807,0.7303,0.75,0
2026-08-11 16:49:00-04:00,0.7499,0.7499,0.7302,0.7468,0
2026-08-11 16:50:00-04:00,0.74,0.7616,0.74,0.7616,0
2026-08-11 16:52:00-04:00,0.7705,0.8442,0.7606,0.8262,0
2026-08-11 16:53:00-04:00,0.82,0.83,0.799,0.819,0
2026-08-11 16:54:00-04:00,0.8223,0.83,0.812,0.83,0
2026-08-11 16:55:00-04:00,0.83,0.83,0.79,0.8,0
2026-08-11 16:56:00-04:00,0.8,0.83,0.8,0.805,0
2026-08-11 16:57:00-04:00,0.7807,0.7951,0.7807,0.79,0
2026-08-11 16:58:00-04:00,0.79,0.816,0.7807,0.816,0
2026-08-11 16:59:00-04:00,0.8001,0.8199,0.8001,0.8161,0
2026-08-11 17:00:00-04:00,0.82,0.83,0.8004,0.8296,0
2026-08-11 17:01:00-04:00,0.8296,0.83,0.8215,0.8296,0
2026-08-11 17:02:00-04:00,0.82,0.82,0.82,0.82,0
2026-08-11 17:04:00-04:00,0.8,0.8,0.787,0.8,0
2026-08-11 17:05:00-04:00,0.78,0.784,0.78,0.784,0
2026-08-11 17:06:00-04:00,0.7957,0.7957,0.779,0.779,0
2026-08-11 17:07:00-04:00,0.77,0.78,0.7546,0.78,0
2026-08-11 17:08:00-04:00,0.7611,0.7701,0.7611,0.7701,0
2026-08-11 17:09:00-04:00,0.7711,0.78,0.7711,0.7799,0
2026-08-11 17:10:00-04:00,0.7711,0.81,0.7711,0.8099,0
2026-08-11 17:12:00-04:00,0.8099,0.8099,0.7937,0.7937,0
2026-08-11 17:13:00-04:00,0.7763,0.8063,0.7715,0.8063,0
2026-08-11 17:14:00-04:00,0.7902,0.8099,0.7902,0.8099,0
2026-08-11 17:16:00-04:00,0.8099,0.8099,0.7733,0.7733,0
2026-08-11 17:17:00-04:00,0.795,0.8098,0.7733,0.8098,0
2026-08-11 17:18:00-04:00,0.7749,0.8098,0.7749,0.8098,0
2026-08-11 17:19:00-04:00,0.8099,0.8099,0.775,0.8098,0
2026-08-11 17:21:00-04:00,0.7937,0.7937,0.7937,0.7937,0
2026-08-11 17:22:00-04:00,0.7937,0.8025,0.7936,0.796,0
2026-08-11 17:23:00-04:00,0.8025,0.8097,0.7937,0.8097,0
2026-08-11 17:25:00-04:00,0.8,0.8,0.7804,0.7805,0
2026-08-11 17:26:00-04:00,0.7805,0.8,0.7805,0.7962,0
2026-08-11 17:28:00-04:00,0.798,0.798,0.7961,0.7961,0
2026-08-11 17:29:00-04:00,0.79,0.79,0.7501,0.7798,0
2026-08-11 17:30:00-04:00,0.7642,0.7642,0.7642,0.7642,0
2026-08-11 17:31:00-04:00,0.7642,0.79,0.7642,0.79,0
2026-08-11 17:32:00-04:00,0.79,0.79,0.79,0.79,0
2026-08-11 17:33:00-04:00,0.7794,0.7794,0.7794,0.7794,0
2026-08-11 17:34:00-04:00,0.765,0.79,0.76,0.79,0
2026-08-11 17:35:00-04:00,0.788,0.79,0.788,0.7886,0
2026-08-11 17:37:00-04:00,0.7729,0.7729,0.7665,0.7729,0
2026-08-11 17:38:00-04:00,0.7665,0.7665,0.7665,0.7665,0
2026-08-11 17:39:00-04:00,0.7729,0.7729,0.7729,0.7729,0
2026-08-11 17:40:00-04:00,0.7729,0.7729,0.7716,0.7716,0
2026-08-11 17:41:00-04:00,0.7716,0.7716,0.7716,0.7716,0
2026-08-11 17:42:00-04:00,0.79,0.79,0.7665,0.783,0
2026-08-11 17:44:00-04:00,0.7829,0.7829,0.7829,0.7829,0
2026-08-11 17:45:00-04:00,0.7777,0.7777,0.7777,0.7777,0
2026-08-11 17:46:00-04:00,0.7665,0.7665,0.7665,0.7665,0
2026-08-11 17:47:00-04:00,0.7665,0.7665,0.7665,0.7665,0
2026-08-11 17:48:00-04:00,0.773,0.773,0.773,0.773,0
2026-08-11 17:49:00-04:00,0.7665,0.772,0.7665,0.772,0
2026-08-11 17:52:00-04:00,0.772,0.772,0.772,0.772,0
2026-08-11 17:53:00-04:00,0.78,0.78,0.78,0.78,0
2026-08-11 17:54:00-04:00,0.772,0.772,0.772,0.772,0
2026-08-11 17:57:00-04:00,0.7666,0.772,0.7666,0.772,0
2026-08-11 17:58:00-04:00,0.771,0.771,0.771,0.771,0
2026-08-11 17:59:00-04:00,0.78,0.78,0.778,0.778,0
2026-08-11 18:00:00-04:00,0.778,0.778,0.778,0.778,0
2026-08-11 18:01:00-04:00,0.7676,0.7676,0.7676,0.7676,0
2026-08-11 18:02:00-04:00,0.7799,0.7799,0.7665,0.7666,0
2026-08-11 18:03:00-04:00,0.7665,0.7665,0.7665,0.7665,0
2026-08-11 18:05:00-04:00,0.77,0.77,0.7665,0.7665,0
2026-08-11 18:06:00-04:00,0.7666,0.7666,0.7665,0.7665,0
2026-08-11 18:09:00-04:00,0.768,0.768,0.768,0.768,0
2026-08-11 18:10:00-04:00,0.7834,0.7834,0.7834,0.7834,0
2026-08-11 18:11:00-04:00,0.79,0.79,0.7834,0.79,0
2026-08-11 18:12:00-04:00,0.79,0.7999,0.79,0.7999,0
2026-08-11 18:13:00-04:00,0.7999,0.7999,0.79,0.7995,0
2026-08-11 18:15:00-04:00,0.7995,0.7995,0.79,0.79,0
2026-08-11 18:16:00-04:00,0.79,0.799,0.79,0.799,0
2026-08-11 18:17:00-04:00,0.799,0.799,0.7977,0.799,0
2026-08-11 18:18:00-04:00,0.7989,0.7989,0.7989,0.7989,0
2026-08-11 18:19:00-04:00,0.79,0.7999,0.79,0.798,0
2026-08-11 18:20:00-04:00,0.798,0.798,0.79,0.79,0
2026-08-11 18:23:00-04:00,0.79,0.79,0.79,0.79,0
2026-08-11 18:24:00-04:00,0.78,0.797,0.78,0.797,0
2026-08-11 18:25:00-04:00,0.7899,0.797,0.7899,0.797,0
2026-08-11 18:31:00-04:00,0.7811,0.7823,0.767,0.7823,0
2026-08-11 18:32:00-04:00,0.7823,0.7823,0.75,0.75,0
2026-08-11 18:33:00-04:00,0.73,0.73,0.73,0.73,0
2026-08-11 18:34:00-04:00,0.7301,0.735,0.7301,0.735,0
2026-08-11 18:35:00-04:00,0.735,0.736,0.735,0.736,0
2026-08-11 18:36:00-04:00,0.7507,0.7507,0.7507,0.7507,0
2026-08-11 18:39:00-04:00,0.7507,0.7557,0.7507,0.7507,0
2026-08-11 18:40:00-04:00,0.7657,0.7657,0.7657,0.7657,0
2026-08-11 18:42:00-04:00,0.7507,0.7823,0.7507,0.7507,0
2026-08-11 18:46:00-04:00,0.76,0.7819,0.76,0.7819,0
2026-08-11 18:50:00-04:00,0.7663,0.7819,0.7663,0.7819,0
2026-08-11 18:54:00-04:00,0.775,0.775,0.775,0.775,0
2026-08-11 18:55:00-04:00,0.775,0.775,0.775,0.775,0
2026-08-11 18:56:00-04:00,0.7818,0.7818,0.7818,0.7818,0
2026-08-11 18:57:00-04:00,0.77,0.7819,0.77,0.7819,0
2026-08-11 18:58:00-04:00,0.755,0.755,0.755,0.755,0
2026-08-11 18:59:00-04:00,0.73,0.7493,0.73,0.7493,0
2026-08-11 19:00:00-04:00,0.73,0.7819,0.73,0.7819,0
2026-08-11 19:04:00-04:00,0.7819,0.7819,0.7642,0.7642,0
2026-08-11 19:05:00-04:00,0.7642,0.7642,0.7609,0.7642,0
2026-08-11 19:06:00-04:00,0.7642,0.7642,0.7642,0.7642,0
2026-08-11 19:08:00-04:00,0.7642,0.7642,0.7642,0.7642,0
2026-08-11 19:10:00-04:00,0.7663,0.7663,0.7663,0.7663,0
2026-08-11 19:11:00-04:00,0.7643,0.7643,0.7643,0.7643,0
2026-08-11 19:12:00-04:00,0.7371,0.76,0.7371,0.76,0
2026-08-11 19:14:00-04:00,0.759,0.759,0.759,0.759,0
2026-08-11 19:15:00-04:00,0.759,0.759,0.759,0.759,0
2026-08-11 19:17:00-04:00,0.7663,0.7663,0.7663,0.7663,0
2026-08-11 19:20:00-04:00,0.76,0.7663,0.76,0.7663,0
2026-08-11 19:21:00-04:00,0.7663,0.7663,0.7662,0.7662,0
2026-08-11 19:22:00-04:00,0.759,0.759,0.759,0.759,0
2026-08-11 19:26:00-04:00,0.77,0.77,0.765,0.765,0
2026-08-11 19:31:00-04:00,0.765,0.765,0.765,0.765,0
2026-08-11 19:32:00-04:00,0.77,0.77,0.77,0.77,0
2026-08-11 19:33:00-04:00,0.7692,0.7692,0.7675,0.7675,0
2026-08-11 19:34:00-04:00,0.7675,0.7692,0.7675,0.7692,0
2026-08-11 19:36:00-04:00,0.765,0.765,0.765,0.765,0
2026-08-11 19:37:00-04:00,0.765,0.765,0.765,0.765,0
2026-08-11 19:38:00-04:00,0.765,0.765,0.7601,0.7601,0
2026-08-11 19:41:00-04:00,0.7463,0.7463,0.7463,0.7463,0
2026-08-11 19:42:00-04:00,0.732,0.74,0.72,0.72,0
2026-08-11 19:45:00-04:00,0.75,0.75,0.75,0.75,0
2026-08-11 19:46:00-04:00,0.75,0.75,0.75,0.75,0
2026-08-11 19:47:00-04:00,0.75,0.75,0.75,0.75,0
2026-08-11 19:48:00-04:00,0.7499,0.7499,0.73,0.73,0
2026-08-11 19:50:00-04:00,0.7301,0.7301,0.7301,0.7301,0
2026-08-11 19:51:00-04:00,0.73,0.75,0.73,0.75,0
2026-08-11 19:54:00-04:00,0.7306,0.7306,0.7306,0.7306,0
2026-08-11 19:55:00-04:00,0.74,0.74,0.74,0.74,0
2026-08-11 19:58:00-04:00,0.7306,0.747,0.7306,0.7306,0
2026-08-12 04:00:00-04:00,0.72,0.72,0.7054,0.7054,0
2026-08-12 04:02:00-04:00,0.7325,0.7325,0.7325,0.7325,0
2026-08-12 04:03:00-04:00,0.7294,0.7294,0.7294,0.7294,0
2026-08-12 04:35:00-04:00,0.76,0.76,0.76,0.76,0
2026-08-12 04:39:00-04:00,0.76,0.76,0.76,0.76,0
2026-08-12 04:59:00-04:00,0.7534,0.7534,0.7534,0.7534,0
2026-08-12 05:01:00-04:00,0.7421,0.7421,0.7421,0.7421,0
2026-08-12 05:54:00-04:00,0.6995,0.6995,0.6995,0.6995,0
2026-08-12 05:58:00-04:00,0.7595,0.7595,0.75,0.75,0
2026-08-12 05:59:00-04:00,0.7594,0.7595,0.7594,0.7595,0
2026-08-12 06:00:00-04:00,0.7518,0.7865,0.7518,0.7865,0
2026-08-12 06:01:00-04:00,0.7865,0.7865,0.7865,0.7865,0
2026-08-12 06:02:00-04:00,0.7865,0.7865,0.7864,0.7864,0
2026-08-12 06:03:00-04:00,0.7865,0.7865,0.7865,0.7865,0
2026-08-12 06:04:00-04:00,0.8,0.8,0.8,0.8,0
2026-08-12 06:05:00-04:00,0.804,0.845,0.804,0.8041,0
2026-08-12 06:06:00-04:00,0.8041,0.9,0.8041,0.89,0
2026-08-12 06:07:00-04:00,0.89,0.9999,0.89,0.9959,0
2026-08-12 06:08:00-04:00,0.9978,0.9978,0.88,0.8997,0
2026-08-12 06:09:00-04:00,0.8902,1.07,0.8901,1.041,0
2026-08-12 06:10:00-04:00,1.049,1.11,0.9476,0.9543,0
2026-08-12 06:11:00-04:00,0.9543,0.99,0.9324,0.9617,0
2026-08-12 06:12:00-04:00,0.9617,0.9617,0.87,0.87,0
2026-08-12 06:13:00-04:00,0.87,0.909,0.845,0.8929,0
2026-08-12 06:14:00-04:00,0.8929,0.93,0.89,0.93,0
2026-08-12 06:15:00-04:00,0.9299,0.98,0.9034,0.975,0
2026-08-12 06:16:00-04:00,0.9738,0.9867,0.935,0.94,0
2026-08-12 06:17:00-04:00,0.94,1.16,0.9385,1.11,0
2026-08-12 06:18:00-04:00,1.11,1.1398,1.06,1.0998,0
2026-08-12 06:19:00-04:00,1.0902,1.1,1.03,1.0398,0
2026-08-12 06:20:00-04:00,1.0302,1.25,1.02,1.1702,0
2026-08-12 06:21:00-04:00,1.17,1.24,1.15,1.2089,0
2026-08-12 06:22:00-04:00,1.209,1.29,1.18,1.27,0
2026-08-12 06:23:00-04:00,1.269,1.27,1.2,1.2199,0
2026-08-12 06:24:00-04:00,1.2189,1.22,1.09,1.13,0
2026-08-12 06:25:00-04:00,1.129,1.13,1.05,1.059,0
2026-08-12 06:26:00-04:00,1.059,1.1,1.05,1.0997,0
2026-08-12 06:27:00-04:00,1.0999,1.12,1.07,1.08,0
2026-08-12 06:28:00-04:00,1.0797,1.0799,0.951,0.9879,0
2026-08-12 06:29:00-04:00,0.9879,1.03,0.9694,1.0103,0
2026-08-12 06:30:00-04:00,1.03,1.15,1.02,1.15,0
2026-08-12 06:31:00-04:00,1.141,1.18,1.12,1.16,0
2026-08-12 06:32:00-04:00,1.16,1.22,1.16,1.2199,0
2026-08-12 06:33:00-04:00,1.219,1.26,1.15,1.23,0
2026-08-12 06:34:00-04:00,1.239,1.45,1.22,1.391,0
2026-08-12 06:35:00-04:00,1.4,1.49,1.35,1.439,0
2026-08-12 06:36:00-04:00,1.431,1.5,1.37,1.5,0
2026-08-12 06:37:00-04:00,1.4997,1.5,1.42,1.4399,0
2026-08-12 06:38:00-04:00,1.4399,1.4399,1.33,1.33,0
2026-08-12 06:39:00-04:00,1.33,1.47,1.33,1.4699,0
2026-08-12 06:40:00-04:00,1.461,1.75,1.46,1.6299,0
2026-08-12 06:41:00-04:00,1.6202,1.69,1.58,1.5889,0
2026-08-12 06:42:00-04:00,1.5899,1.71,1.55,1.66,0
2026-08-12 06:43:00-04:00,1.661,1.74,1.6,1.6989,0
2026-08-12 06:44:00-04:00,1.699,1.7,1.62,1.6297,0
2026-08-12 06:45:00-04:00,1.629,1.69,1.62,1.639,0
2026-08-12 06:46:00-04:00,1.639,1.77,1.55,1.76,0
2026-08-12 06:47:00-04:00,1.76,1.78,1.7,1.7097,0
2026-08-12 06:48:00-04:00,1.709,1.74,1.65,1.681,0
2026-08-12 06:49:00-04:00,1.689,1.69,1.61,1.649,0
2026-08-12 06:50:00-04:00,1.649,1.65,1.54,1.611,0
2026-08-12 06:51:00-04:00,1.61,1.73,1.61,1.679,0
2026-08-12 06:52:00-04:00,1.6702,1.7,1.62,1.699,0
2026-08-12 06:53:00-04:00,1.691,2.15,1.69,1.97,0
2026-08-12 06:54:00-04:00,1.9602,2.02,1.95,2.0,0
2026-08-12 06:55:00-04:00,2.0,2.15,1.95,2.0701,0
2026-08-12 06:56:00-04:00,2.0799,2.57,2.07,2.401,0
2026-08-12 06:57:00-04:00,2.4099,2.51,2.4,2.4,0
2026-08-12 06:58:00-04:00,2.4099,2.41,2.16,2.289,0
2026-08-12 06:59:00-04:00,2.289,2.29,2.12,2.1399,0
2026-08-12 07:00:00-04:00,2.135,2.7697,2.13,2.4198,0
2026-08-12 07:01:00-04:00,2.4197,2.66,2.38,2.5615,0
2026-08-12 07:02:00-04:00,2.56,2.9,2.54,2.56,0
2026-08-12 07:03:00-04:00,2.5589,2.57,2.48,2.4998,0
2026-08-12 07:04:00-04:00,2.4915,2.53,2.37,2.4698,0
2026-08-12 07:05:00-04:00,2.4697,2.62,2.45,2.46,0
2026-08-12 07:06:00-04:00,2.4597,2.68,2.45,2.6498,0
2026-08-12 07:07:00-04:00,2.6402,2.73,2.5,2.53,0
2026-08-12 07:08:00-04:00,2.5289,2.53,2.45,2.4799,0
2026-08-12 07:09:00-04:00,2.48,2.54,2.3801,2.3802,0
2026-08-12 07:10:00-04:00,2.3899,2.39,2.2,2.2789,0
2026-08-12 07:11:00-04:00,2.2798,2.29,2.26,2.2798,0
2026-08-12 07:12:00-04:00,2.28,2.31,2.27,2.31,0
2026-08-12 07:13:00-04:00,2.31,2.47,2.31,2.4189,0
2026-08-12 07:14:00-04:00,2.419,2.44,2.28,2.2801,0
2026-08-12 07:15:00-04:00,2.29,2.33,2.0,2.0303,0
2026-08-12 07:16:00-04:00,2.0389,2.04,1.93,1.9989,0
2026-08-12 07:17:00-04:00,1.9997,2.0898,1.9401,2.061,0
2026-08-12 07:18:00-04:00,2.069,2.07,1.9501,1.96,0
2026-08-12 07:19:00-04:00,1.951,1.96,1.82,1.909,0
2026-08-12 07:20:00-04:00,1.91,1.94,1.85,1.8589,0
2026-08-12 07:21:00-04:00,1.86,1.9,1.75,1.765,0
2026-08-12 07:22:00-04:00,1.7698,1.87,1.72,1.83,0
2026-08-12 07:23:00-04:00,1.8203,1.92,1.82,1.9197,0
2026-08-12 07:24:00-04:00,1.911,2.06,1.89,2.048,0
2026-08-12 07:25:00-04:00,2.0403,2.2,2.03,2.048,0
2026-08-12 07:26:00-04:00,2.0401,2.05,1.83,1.9489,0
2026-08-12 07:27:00-04:00,1.9499,2.0,1.87,2.0,0
2026-08-12 07:28:00-04:00,1.99,2.1699,1.88,1.95,0
2026-08-12 07:29:00-04:00,1.9697,2.14,1.96,2.04,0
2026-08-12 07:30:00-04:00,2.05,2.14,1.95,2.1,0
2026-08-12 07:31:00-04:00,2.11,2.17,2.05,2.0803,0
2026-08-12 07:32:00-04:00,2.0801,2.17,1.9989,2.0002,0
2026-08-12 07:33:00-04:00,2.0002,2.13,1.99,2.0401,0
2026-08-12 07:34:00-04:00,2.0401,2.18,2.04,2.12,0
2026-08-12 07:35:00-04:00,2.119,2.14,2.05,2.12,0
2026-08-12 07:36:00-04:00,2.12,2.19,2.02,2.0797,0
2026-08-12 07:37:00-04:00,2.07,2.08,1.99,2.0,0
2026-08-12 07:38:00-04:00,2.0,2.01,1.89,2.009,0
2026-08-12 07:39:00-04:00,2.01,2.05,1.9999,2.03,0
2026-08-12 07:40:00-04:00,2.0299,2.05,1.96,2.0303,0
2026-08-12 07:41:00-04:00,2.04,2.18,2.03,2.08,0
2026-08-12 07:42:00-04:00,2.08,2.1,2.01,2.0402,0
2026-08-12 07:43:00-04:00,2.041,2.05,1.97,1.98,0
2026-08-12 07:44:00-04:00,1.98,2.05,1.94,1.979,0
2026-08-12 07:45:00-04:00,1.9701,2.0297,1.96,1.9697,0
2026-08-12 07:46:00-04:00,1.97,1.97,1.93,1.9499,0
2026-08-12 07:47:00-04:00,1.9403,1.99,1.93,1.98,0
2026-08-12 07:48:00-04:00,1.98,1.9899,1.93,1.94,0
2026-08-12 07:49:00-04:00,1.9399,1.94,1.86,1.8603,0
2026-08-12 07:50:00-04:00,1.8697,1.88,1.85,1.8589,0
2026-08-12 07:51:00-04:00,1.8501,1.86,1.67,1.6911,0
2026-08-12 07:52:00-04:00,1.6901,1.78,1.69,1.7511,0
2026-08-12 07:53:00-04:00,1.7589,1.81,1.7501,1.79,0
2026-08-12 07:54:00-04:00,1.7897,1.82,1.77,1.7799,0
2026-08-12 07:55:00-04:00,1.78,1.85,1.77,1.84,0
2026-08-12 07:56:00-04:00,1.85,1.85,1.83,1.84,0
2026-08-12 07:57:00-04:00,1.84,1.8799,1.83,1.839,0
2026-08-12 07:58:00-04:00,1.8302,1.84,1.77,1.7785,0
2026-08-12 07:59:00-04:00,1.7797,1.86,1.77,1.809,0
2026-08-12 08:00:00-04:00,1.81,1.92,1.8,1.8997,0
2026-08-12 08:01:00-04:00,1.8997,2.0,1.89,1.998,0
2026-08-12 08:02:00-04:00,1.999,2.03,1.94,1.9401,0
2026-08-12 08:03:00-04:00,1.94,2.1003,1.93,2.091,0
2026-08-12 08:04:00-04:00,2.0902,2.1,2.04,2.0598,0
2026-08-12 08:05:00-04:00,2.06,2.06,1.9303,1.9811,0
2026-08-12 08:06:00-04:00,1.9899,2.06,1.95,2.03,0
2026-08-12 08:07:00-04:00,2.03,2.04,1.96,1.99,0
2026-08-12 08:08:00-04:00,1.9901,2.02,1.98,1.9897,0
2026-08-12 08:09:00-04:00,1.9815,2.06,1.95,1.9598,0
2026-08-12 08:10:00-04:00,1.96,2.01,1.95,1.979,0
2026-08-12 08:11:00-04:00,1.9799,2.11,1.97,2.0895,0
2026-08-12 08:12:00-04:00,2.0898,2.23,2.02,2.21,0
2026-08-12 08:13:00-04:00,2.2,2.21,2.11,2.16,0
2026-08-12 08:14:00-04:00,2.1515,2.19,2.12,2.18,0
2026-08-12 08:15:00-04:00,2.18,2.21,2.1,2.14,0
2026-08-12 08:16:00-04:00,2.14,2.1499,1.95,1.96,0
2026-08-12 08:17:00-04:00,1.97,2.01,1.96,1.9703,0
2026-08-12 08:18:00-04:00,1.97,1.98,1.9,1.9399,0
2026-08-12 08:19:00-04:00,1.94,1.94,1.84,1.8902,0
2026-08-12 08:20:00-04:00,1.8903,1.99,1.87,1.9597,0
2026-08-12 08:21:00-04:00,1.9597,2.03,1.95,2.0101,0
2026-08-12 08:22:00-04:00,2.0101,2.02,1.95,1.9699,0
2026-08-12 08:23:00-04:00,1.97,2.0199,1.9611,1.989,0
2026-08-12 08:24:00-04:00,1.9811,2.0,1.96,1.9603,0
2026-08-12 08:25:00-04:00,1.9699,2.03,1.96,1.989,0
2026-08-12 08:26:00-04:00,1.9898,2.01,1.97,1.99,0
2026-08-12 08:27:00-04:00,1.9889,1.99,1.98,1.981,0
2026-08-12 08:28:00-04:00,1.99,1.99,1.95,1.9501,0
2026-08-12 08:29:00-04:00,1.9502,2.02,1.95,2.02,0
2026-08-12 08:30:00-04:00,2.0101,2.08,2.01,2.039,0
2026-08-12 08:31:00-04:00,2.0303,2.04,1.97,2.0201,0
2026-08-12 08:32:00-04:00,2.03,2.03,2.0,2.02,0
2026-08-12 08:33:00-04:00,2.02,2.1,1.99,2.0402,0
2026-08-12 08:34:00-04:00,2.04,2.11,2.04,2.1003,0
2026-08-12 08:35:00-04:00,2.1,2.16,2.05,2.139,0
2026-08-12 08:36:00-04:00,2.1389,2.22,2.1301,2.1902,0
2026-08-12 08:37:00-04:00,2.2,2.23,2.12,2.1797,0
2026-08-12 08:38:00-04:00,2.179,2.18,2.1,2.1602,0
2026-08-12 08:39:00-04:00,2.1698,2.25,2.09,2.14,0
2026-08-12 08:40:00-04:00,2.13,2.74,2.1,2.6501,0
2026-08-12 08:41:00-04:00,2.65,3.5,2.65,2.88,0
2026-08-12 08:42:00-04:00,2.875,2.97,2.69,2.8301,0
2026-08-12 08:43:00-04:00,2.8389,3.05,2.81,2.91,0
2026-08-12 08:44:00-04:00,2.905,3.0,2.85,2.98,0
2026-08-12 08:45:00-04:00,2.971,3.02,2.75,2.849,0
2026-08-12 08:46:00-04:00,2.849,2.9611,2.77,2.8003,0
2026-08-12 08:47:00-04:00,2.8,2.87,2.73,2.8003,0
2026-08-12 08:48:00-04:00,2.8001,2.92,2.8,2.9101,0
2026-08-12 08:49:00-04:00,2.91,3.33,2.78,2.8898,0
2026-08-12 08:50:00-04:00,2.8802,2.89,2.71,2.7502,0
2026-08-12 08:51:00-04:00,2.76,2.76,2.58,2.591,0
2026-08-12 08:52:00-04:00,2.6,2.72,2.59,2.7,0
2026-08-12 08:53:00-04:00,2.7,2.89,2.69,2.8097,0
2026-08-12 08:54:00-04:00,2.801,2.88,2.76,2.8002,0
2026-08-12 08:55:00-04:00,2.809,2.81,2.65,2.7201,0
2026-08-12 08:56:00-04:00,2.7297,2.83,2.65,2.8001,0
2026-08-12 08:57:00-04:00,2.8099,2.85,2.7,2.7599,0
2026-08-12 08:58:00-04:00,2.7515,2.82,2.74,2.8,0
2026-08-12 08:59:00-04:00,2.798,2.88,2.78,2.86,0
2026-08-12 09:00:00-04:00,2.862,2.87,2.74,2.791,0
2026-08-12 09:01:00-04:00,2.7997,2.82,2.77,2.8089,0
2026-08-12 09:02:00-04:00,2.81,2.85,2.75,2.78,0
2026-08-12 09:03:00-04:00,2.7803,2.83,2.72,2.7299,0
2026-08-12 09:04:00-04:00,2.7297,2.79,2.72,2.789,0
2026-08-12 09:05:00-04:00,2.79,2.79,2.73,2.7799,0
2026-08-12 09:06:00-04:00,2.7702,2.8202,2.71,2.74,0
2026-08-12 09:07:00-04:00,2.75,2.75,2.6,2.6085,0
2026-08-12 09:08:00-04:00,2.6,2.64,2.52,2.6,0
2026-08-12 09:09:00-04:00,2.595,2.61,2.54,2.58,0
2026-08-12 09:10:00-04:00,2.5785,2.65,2.57,2.6101,0
2026-08-12 09:11:00-04:00,2.62,2.63,2.61,2.62,0
2026-08-12 09:12:00-04:00,2.6199,2.73,2.61,2.6998,0
2026-08-12 09:13:00-04:00,2.6997,2.75,2.68,2.7403,0
2026-08-12 09:14:00-04:00,2.75,2.78,2.66,2.69,0
2026-08-12 09:15:00-04:00,2.6814,2.69,2.6,2.68,0
2026-08-12 09:16:00-04:00,2.679,2.72,2.62,2.69,0
2026-08-12 09:17:00-04:00,2.6889,2.69,2.6689,2.6689,0
2026-08-12 09:18:00-04:00,2.6689,2.74,2.65,2.709,0
2026-08-12 09:19:00-04:00,2.7,2.73,2.66,2.7015,0
2026-08-12 09:20:00-04:00,2.7089,2.76,2.65,2.65,0
2026-08-12 09:21:00-04:00,2.66,2.701,2.65,2.699,0
2026-08-12 09:22:00-04:00,2.6997,2.73,2.66,2.7,0
2026-08-12 09:23:00-04:00,2.69,2.7,2.66,2.67,0
2026-08-12 09:24:00-04:00,2.67,2.7,2.57,2.5799,0
2026-08-12 09:25:00-04:00,2.5711,2.63,2.57,2.5901,0
2026-08-12 09:26:00-04:00,2.5901,2.63,2.59,2.62,0
2026-08-12 09:27:00-04:00,2.6103,2.64,2.6,2.6,0
2026-08-12 09:28:00-04:00,2.6,2.6197,2.55,2.5997,0
2026-08-12 09:29:00-04:00,2.5901,2.62,2.53,2.55,0
2026-08-12 09:30:00-04:00,2.5397000312805176,2.700000047683716,2.450000047683716,2.700000047683716,114915438
2026-08-12 09:35:00-04:00,2.8499999046325684,3.0,2.799999952316284,3.0,1435460
2026-08-12 09:36:00-04:00,3.0,3.0,3.0,3.0,13318
2026-08-12 09:46:00-04:00,3.3499999046325684,3.5,3.2100000381469727,3.5,804007
2026-08-12 09:56:00-04:00,3.700000047683716,3.700000047683716,3.549999952316284,3.549999952316284,811473
2026-08-12 10:11:00-04:00,3.0,3.0,2.8499999046325684,2.8499999046325684,447368
2026-08-12 10:21:00-04:00,2.690000057220459,2.690000057220459,2.5399999618530273,2.5399999618530273,434483
2026-08-12 10:22:00-04:00,2.5399999618530273,2.5399999618530273,2.5399999618530273,2.5399999618530273,19615
2026-08-12 10:27:00-04:00,2.569999933242798,2.690000057220459,2.4200000762939453,2.4200000762939453,972065
2026-08-12 10:37:00-04:00,2.2300000190734863,2.25,2.0799999237060547,2.0799999237060547,484861
2026-08-12 10:47:00-04:00,2.109999895095825,2.259999990463257,2.109999895095825,2.259999990463257,578305
2026-08-12 10:48:00-04:00,2.259999990463257,2.259999990463257,2.259999990463257,2.259999990463257,30875
2026-08-12 10:53:00-04:00,2.1500000953674316,2.180000066757202,2.0,2.0,386970
2026-08-12 11:03:00-04:00,1.7999999523162842,1.9500000476837158,1.7200000286102295,1.9500000476837158,1039782
2026-08-12 11:04:00-04:00,1.9500000476837158,1.9500000476837158,1.9500000476837158,1.9500000476837158,12592
2026-08-12 11:09:00-04:00,1.899999976158142,2.125,1.8300000429153442,2.109999895095825,723537
2026-08-12 11:10:00-04:00,2.119999885559082,2.139899969100952,1.9510999917984009,2.050100088119507,583886
2026-08-12 11:11:00-04:00,2.065000057220459,2.2100000381469727,2.065000057220459,2.2100000381469727,440801
2026-08-12 11:16:00-04:00,2.2100000381469727,2.2100000381469727,2.059999942779541,2.059999942779541,153689
2026-08-12 11:17:00-04:00,2.059999942779541,2.059999942779541,2.059999942779541,2.059999942779541,17905
2026-08-12 11:22:00-04:00,2.049999952316284,2.0799999237060547,1.9700000286102295,2.0283000469207764,517212
2026-08-12 11:23:00-04:00,2.0350000858306885,2.049999952316284,1.8600000143051147,1.8600000143051147,380331
2026-08-12 11:28:00-04:00,1.850000023841858,1.9600000381469727,1.840000033378601,1.934999942779541,216973
2026-08-12 11:29:00-04:00,1.934999942779541,1.9900000095367432,1.8700000047683716,1.9101999998092651,385817
2026-08-12 11:30:00-04:00,1.9103000164031982,1.9190000295639038,1.7699999809265137,1.7699999809265137,187324
2026-08-12 11:35:00-04:00,1.7699999809265137,1.899999976158142,1.7699999809265137,1.877500057220459,304073
2026-08-12 11:36:00-04:00,1.8700000047683716,1.9199999570846558,1.8300000429153442,1.898800015449524,259759
2026-08-12 11:37:00-04:00,1.899999976158142,1.9299999475479126,1.7999999523162842,1.8350000381469727,284653
2026-08-12 11:38:00-04:00,1.8350000381469727,1.8389999866485596,1.7200000286102295,1.7200000286102295,190082
2026-08-12 11:43:00-04:00,1.659999966621399,1.7999999523162842,1.649999976158142,1.7699999809265137,295941
2026-08-12 11:44:00-04:00,1.7799999713897705,1.809999942779541,1.6200000047683716,1.6801999807357788,406181
2026-08-12 11:45:00-04:00,1.6899000406265259,1.7196999788284302,1.649999976158142,1.6500999927520752,256342
2026-08-12 11:46:00-04:00,1.6502000093460083,1.7000000476837158,1.600000023841858,1.6699999570846558,343691
2026-08-12 11:47:00-04:00,1.6699999570846558,1.7599999904632568,1.660099983215332,1.7410000562667847,230001
2026-08-12 11:48:00-04:00,1.749899983406067,1.8600000143051147,1.7448999881744385,1.8600000143051147,356780
2026-08-12 11:53:00-04:00,1.899999976158142,1.940000057220459,1.8899999856948853,1.9199999570846558,97754
2026-08-12 11:54:00-04:00,1.9249999523162842,1.940000057220459,1.7999999523162842,1.9049999713897705,475602
2026-08-12 11:55:00-04:00,1.9088000059127808,2.069999933242798,1.9000999927520752,2.069999933242798,559784
2026-08-12 11:56:00-04:00,2.069999933242798,2.069999933242798,2.069999933242798,2.069999933242798,57329
2026-08-12 12:01:00-04:00,2.0999999046325684,2.0999999046325684,1.9500000476837158,2.099900007247925,665575
2026-08-12 12:02:00-04:00,2.0999999046325684,2.0999999046325684,2.0,2.0880000591278076,401896
2026-08-12 12:03:00-04:00,2.0850000381469727,2.2100000381469727,2.0799999237060547,2.2100000381469727,265173
2026-08-12 12:08:00-04:00,2.2799999713897705,2.2799999713897705,2.130000114440918,2.130000114440918,466459
2026-08-12 12:13:00-04:00,2.0,2.009999990463257,1.8700000047683716,1.9011000394821167,135088
2026-08-12 12:14:00-04:00,1.9010000228881836,1.9697999954223633,1.850000023841858,1.850000023841858,215695
2026-08-12 12:19:00-04:00,1.7699999809265137,1.9199999570846558,1.7699999809265137,1.9199999570846558,317167
2026-08-12 12:20:00-04:00,1.9199999570846558,1.9199999570846558,1.9199999570846558,1.9199999570846558,6583
2026-08-12 12:25:00-04:00,2.0,2.0399999618530273,1.9299999475479126,1.9874000549316406,381385
2026-08-12 12:26:00-04:00,1.989799976348877,2.0,1.9500000476837158,1.9500000476837158,184611
2026-08-12 12:27:00-04:00,1.9510999917984009,2.0299999713897705,1.9500999450683594,2.015000104904175,189717
2026-08-12 12:28:00-04:00,2.01990008354187,2.0299999713897705,1.9500000476837158,1.9700000286102295,169040
2026-08-12 12:29:00-04:00,1.965399980545044,2.0199999809265137,1.9600000381469727,1.9900000095367432,134731
2026-08-12 12:30:00-04:00,1.9850000143051147,2.0299999713897705,1.9600000381469727,1.9701000452041626,102744
2026-08-12 12:31:00-04:00,1.9710999727249146,2.009999990463257,1.9700000286102295,1.9901000261306763,113354
2026-08-12 12:32:00-04:00,2.009999990463257,2.119999885559082,2.009999990463257,2.1050000190734863,260634
2026-08-12 12:33:00-04:00,2.1054999828338623,2.130000114440918,2.0350000858306885,2.0789999961853027,306813
2026-08-12 12:34:00-04:00,2.073199987411499,2.119999885559082,1.9800000190734863,2.049999952316284,195463
2026-08-12 12:35:00-04:00,2.0299999713897705,2.068000078201294,1.9600000381469727,1.9900000095367432,182696
2026-08-12 12:36:00-04:00,1.9950000047683716,2.0199999809265137,1.9700000286102295,2.015000104904175,94343
2026-08-12 12:37:00-04:00,2.010999917984009,2.010999917984009,1.9700000286102295,1.9710999727249146,92401
2026-08-12 12:38:00-04:00,1.9800000190734863,2.0199999809265137,1.9710999727249146,1.9950000047683716,79605
2026-08-12 12:39:00-04:00,1.9950000047683716,1.999899983406067,1.9700000286102295,1.975000023841858,66085
2026-08-12 12:40:00-04:00,1.9797999858856201,1.9800000190734863,1.8700000047683716,1.899999976158142,183263
2026-08-12 12:41:00-04:00,1.8949999809265137,1.940000057220459,1.8899999856948853,1.920199990272522,120591
2026-08-12 12:42:00-04:00,1.9287999868392944,1.929900050163269,1.8700000047683716,1.898800015449524,165932
2026-08-12 12:43:00-04:00,1.899999976158142,1.9500000476837158,1.8700000047683716,1.9000999927520752,104658
2026-08-12 12:44:00-04:00,1.909999966621399,1.9299999475479126,1.8899999856948853,1.9149999618530273,63615
2026-08-12 12:45:00-04:00,1.9098000526428223,1.909999966621399,1.8700000047683716,1.8702000379562378,58893
2026-08-12 12:46:00-04:00,1.8702000379562378,1.8949999809265137,1.850000023841858,1.8880000114440918,103612
2026-08-12 12:47:00-04:00,1.8868999481201172,1.9199999570846558,1.8799999952316284,1.9002000093460083,87585
2026-08-12 12:48:00-04:00,1.9010000228881836,1.909999966621399,1.8601000308990479,1.8949999809265137,87161
2026-08-12 12:49:00-04:00,1.8902000188827515,1.9299999475479126,1.8899999856948853,1.9149999618530273,92645
2026-08-12 12:50:00-04:00,1.9199999570846558,1.9700000286102295,1.909999966621399,1.9496999979019165,108547
2026-08-12 12:51:00-04:00,1.9498000144958496,1.9700000286102295,1.899999976158142,1.9249999523162842,149465
2026-08-12 12:52:00-04:00,1.9299999475479126,1.940000057220459,1.8899999856948853,1.9000999927520752,74546
2026-08-12 12:53:00-04:00,1.9097000360488892,1.909999966621399,1.8901000022888184,1.909999966621399,45006
2026-08-12 12:54:00-04:00,1.909999966621399,1.909999966621399,1.8899999856948853,1.8984999656677246,73882
2026-08-12 12:55:00-04:00,1.899999976158142,1.899999976158142,1.8899999856948853,1.8949999809265137,17219
2026-08-12 12:56:00-04:00,1.8910000324249268,1.8990999460220337,1.850000023841858,1.8550000190734863,69712
2026-08-12 12:57:00-04:00,1.850100040435791,1.8990000486373901,1.850000023841858,1.888800024986267,74717
2026-08-12 12:58:00-04:00,1.8849999904632568,1.899899959564209,1.8799999952316284,1.8898999691009521,29696
2026-08-12 12:59:00-04:00,1.8890000581741333,1.899999976158142,1.8799999952316284,1.8799999952316284,43667
2026-08-12 13:00:00-04:00,1.8890000581741333,1.8890000581741333,1.850000023841858,1.8601000308990479,85163
2026-08-12 13:01:00-04:00,1.8609999418258667,1.8700000047683716,1.8600000143051147,1.8600000143051147,35419
2026-08-12 13:02:00-04:00,1.8700000047683716,1.8700000047683716,1.850000023841858,1.8590999841690063,50052
2026-08-12 13:03:00-04:00,1.8550000190734863,1.8700000047683716,1.851099967956543,1.8600000143051147,46990
2026-08-12 13:04:00-04:00,1.861299991607666,1.8801000118255615,1.8600000143051147,1.8600000143051147,87489
2026-08-12 13:05:00-04:00,1.8601000308990479,1.8650000095367432,1.850000023841858,1.8600000143051147,51186
2026-08-12 13:06:00-04:00,1.8550000190734863,1.8600000143051147,1.75,1.7999999523162842,236423
2026-08-12 13:07:00-04:00,1.7898999452590942,1.8200000524520874,1.7799999713897705,1.7899999618530273,113182
2026-08-12 13:08:00-04:00,1.7800999879837036,1.8200000524520874,1.7799999713897705,1.7949999570846558,71758
2026-08-12 13:09:00-04:00,1.7901999950408936,1.7999999523162842,1.7889000177383423,1.7889000177383423,44434
2026-08-12 13:10:00-04:00,1.7888000011444092,1.7899999618530273,1.7799999713897705,1.7799999713897705,55034
2026-08-12 13:11:00-04:00,1.7889000177383423,1.7899999618530273,1.7599999904632568,1.7649999856948853,47889
2026-08-12 13:12:00-04:00,1.7609000205993652,1.8600000143051147,1.76010000705719,1.8586000204086304,197567
2026-08-12 13:13:00-04:00,1.851199984550476,1.8688000440597534,1.809999942779541,1.809999942779541,117674
2026-08-12 13:14:00-04:00,1.808899998664856,1.809000015258789,1.7800999879837036,1.7999000549316406,47068
2026-08-12 13:15:00-04:00,1.791200041770935,1.7999999523162842,1.7599999904632568,1.7699999809265137,56383
2026-08-12 13:16:00-04:00,1.773300051689148,1.7999999523162842,1.7699999809265137,1.7899999618530273,36883
2026-08-12 13:17:00-04:00,1.791200041770935,1.791200041770935,1.7799999713897705,1.7799999713897705,51764
2026-08-12 13:18:00-04:00,1.784999966621399,1.7898999452590942,1.7200000286102295,1.725000023841858,70903
2026-08-12 13:19:00-04:00,1.7201000452041626,1.7299000024795532,1.7000000476837158,1.7000000476837158,148158
2026-08-12 13:20:00-04:00,1.7099000215530396,1.7200000286102295,1.7000000476837158,1.7102999687194824,62586
2026-08-12 13:21:00-04:00,1.7101999521255493,1.7578999996185303,1.7100000381469727,1.75,95564
2026-08-12 13:22:00-04:00,1.7450000047683716,1.75,1.7309999465942383,1.7403000593185425,51595
2026-08-12 13:23:00-04:00,1.7400000095367432,1.75,1.7300000190734863,1.7450000047683716,28386
2026-08-12 13:24:00-04:00,1.7497999668121338,1.75,1.7100000381469727,1.7209999561309814,82054
2026-08-12 13:25:00-04:00,1.7200000286102295,1.7300000190734863,1.7200000286102295,1.7300000190734863,22195
2026-08-12 13:26:00-04:00,1.7300000190734863,1.7503000497817993,1.7200000286102295,1.749899983406067,42418
2026-08-12 13:27:00-04:00,1.7483999729156494,1.75,1.7301000356674194,1.7400000095367432,20179
2026-08-12 13:28:00-04:00,1.730299949645996,1.7400000095367432,1.7300000190734863,1.73989999294281,14193
2026-08-12 13:29:00-04:00,1.7300000190734863,1.7400000095367432,1.7200000286102295,1.7300000190734863,33705
2026-08-12 13:30:00-04:00,1.7300000190734863,1.7400000095367432,1.7200000286102295,1.729099988937378,19757
2026-08-12 13:31:00-04:00,1.725000023841858,1.7300000190734863,1.7200000286102295,1.7209999561309814,26322
2026-08-12 13:32:00-04:00,1.7288999557495117,1.7300000190734863,1.7200000286102295,1.7299000024795532,25469
2026-08-12 13:33:00-04:00,1.7200000286102295,1.7200000286102295,1.7000000476837158,1.7050000429153442,38819
2026-08-12 13:34:00-04:00,1.708899974822998,1.7100000381469727,1.7000000476837158,1.7089999914169312,52710
2026-08-12 13:35:00-04:00,1.7010999917984009,1.7100000381469727,1.7000000476837158,1.7000999450683594,43367
2026-08-12 13:36:00-04:00,1.7009999752044678,1.7100000381469727,1.690000057220459,1.690000057220459,49833
2026-08-12 13:37:00-04:00,1.6901999711990356,1.6950000524520874,1.6799999475479126,1.684999942779541,73107
2026-08-12 13:38:00-04:00,1.6799999475479126,1.690000057220459,1.659000039100647,1.6649999618530273,120234
2026-08-12 13:39:00-04:00,1.659999966621399,1.659999966621399,1.6299999952316284,1.6449999809265137,111474
2026-08-12 13:40:00-04:00,1.6399999856948853,1.649999976158142,1.6399999856948853,1.6482000350952148,50529
2026-08-12 13:41:00-04:00,1.648900032043457,1.649999976158142,1.6399999856948853,1.649999976158142,27804
2026-08-12 13:42:00-04:00,1.649999976158142,1.649999976158142,1.6399999856948853,1.6411000490188599,24836
2026-08-12 13:43:00-04:00,1.6399999856948853,1.649899959564209,1.6100000143051147,1.6109999418258667,101977
2026-08-12 13:44:00-04:00,1.6100000143051147,1.6150000095367432,1.5500999689102173,1.569000005722046,156652
2026-08-12 13:45:00-04:00,1.565000057220459,1.5700000524520874,1.5399999618530273,1.5599000453948975,125453
2026-08-12 13:46:00-04:00,1.559999942779541,1.559999942779541,1.524999976158142,1.5463999509811401,132593
2026-08-12 13:47:00-04:00,1.5420000553131104,1.5499999523162842,1.5099999904632568,1.5190000534057617,194632
2026-08-12 13:48:00-04:00,1.5149999856948853,1.5199999809265137,1.4299999475479126,1.4800000190734863,284139
2026-08-12 13:49:00-04:00,1.4799000024795532,1.5800000429153442,1.475000023841858,1.5699000358581543,204754
2026-08-12 13:50:00-04:00,1.5700000524520874,1.600000023841858,1.5499999523162842,1.5789999961853027,136611
2026-08-12 13:51:00-04:00,1.5750000476837158,1.5800000429153442,1.5399999618530273,1.5599000453948975,153092
2026-08-12 13:52:00-04:00,1.5549999475479126,1.5750000476837158,1.5549999475479126,1.565000057220459,39284
2026-08-12 13:53:00-04:00,1.5687999725341797,1.5800000429153442,1.5299999713897705,1.570099949836731,65748
2026-08-12 13:54:00-04:00,1.5750000476837158,1.5800000429153442,1.559999942779541,1.565000057220459,24617
2026-08-12 13:55:00-04:00,1.5700000524520874,1.590000033378601,1.559999942779541,1.589900016784668,41340
2026-08-12 13:56:00-04:00,1.5786999464035034,1.5799000263214111,1.559999942779541,1.5602999925613403,50448
2026-08-12 13:57:00-04:00,1.565000057220459,1.5699000358581543,1.5499999523162842,1.5499999523162842,22326
2026-08-12 13:58:00-04:00,1.551300048828125,1.590000033378601,1.5500999689102173,1.5810999870300293,57932
2026-08-12 13:59:00-04:00,1.5889999866485596,1.6299999952316284,1.5800000429153442,1.6153000593185425,83509
2026-08-12 14:00:00-04:00,1.6200000047683716,1.659999966621399,1.610200047492981,1.6511000394821167,65583
2026-08-12 14:01:00-04:00,1.6598999500274658,1.7000000476837158,1.649999976158142,1.6710000038146973,239443
2026-08-12 14:02:00-04:00,1.6789000034332275,1.6789000034332275,1.6299999952316284,1.6349999904632568,70511
2026-08-12 14:03:00-04:00,1.6398999691009521,1.6399999856948853,1.6150000095367432,1.6150000095367432,28800
2026-08-12 14:04:00-04:00,1.61899995803833,1.6299999952316284,1.6100000143051147,1.6263999938964844,57100
2026-08-12 14:05:00-04:00,1.6266000270843506,1.6299999952316284,1.6100000143051147,1.6202000379562378,35482
2026-08-12 14:06:00-04:00,1.625,1.6298999786376953,1.6050000190734863,1.6100000143051147,28718
2026-08-12 14:07:00-04:00,1.6102999448776245,1.6200000047683716,1.6100000143051147,1.6150000095367432,16272
2026-08-12 14:08:00-04:00,1.6100000143051147,1.6200000047683716,1.6050000190734863,1.6100000143051147,38573
2026-08-12 14:09:00-04:00,1.6050000190734863,1.6200000047683716,1.600000023841858,1.6200000047683716,26770
2026-08-12 14:10:00-04:00,1.6100000143051147,1.6200000047683716,1.600000023841858,1.6050000190734863,32084
2026-08-12 14:11:00-04:00,1.6009999513626099,1.649999976158142,1.600100040435791,1.6449999809265137,48492
2026-08-12 14:12:00-04:00,1.649999976158142,1.655500054359436,1.63100004196167,1.638800024986267,39785
2026-08-12 14:13:00-04:00,1.6399999856948853,1.6399999856948853,1.6299999952316284,1.6301000118255615,37020
2026-08-12 14:14:00-04:00,1.6349999904632568,1.6698999404907227,1.6301000118255615,1.6399999856948853,64262
2026-08-12 14:15:00-04:00,1.6399999856948853,1.649999976158142,1.6399999856948853,1.6403000354766846,24396
2026-08-12 14:16:00-04:00,1.6449999809265137,1.649999976158142,1.6399999856948853,1.6490000486373901,16687
2026-08-12 14:17:00-04:00,1.649999976158142,1.649999976158142,1.6399999856948853,1.6449999809265137,15705
2026-08-12 14:18:00-04:00,1.649999976158142,1.649999976158142,1.6399999856948853,1.6401000022888184,21311
2026-08-12 14:19:00-04:00,1.6449999809265137,1.649999976158142,1.6399999856948853,1.6402000188827515,21174
2026-08-12 14:20:00-04:00,1.6399999856948853,1.649899959564209,1.6399999856948853,1.6399999856948853,34834
2026-08-12 14:21:00-04:00,1.6363999843597412,1.6399999856948853,1.6299999952316284,1.6301000118255615,18963
2026-08-12 14:22:00-04:00,1.6311999559402466,1.6311999559402466,1.5800000429153442,1.590000033378601,89557
2026-08-12 14:23:00-04:00,1.5801000595092773,1.600000023841858,1.5700000524520874,1.5800000429153442,62725
2026-08-12 14:24:00-04:00,1.5850000381469727,1.600000023841858,1.5800000429153442,1.5950000286102295,26586
2026-08-12 14:25:00-04:00,1.5987999439239502,1.600000023841858,1.590000033378601,1.5988999605178833,31248
2026-08-12 14:26:00-04:00,1.5950000286102295,1.600000023841858,1.5800000429153442,1.589900016784668,41413
2026-08-12 14:27:00-04:00,1.590000033378601,1.590000033378601,1.5800000429153442,1.5850000381469727,14214
2026-08-12 14:28:00-04:00,1.590000033378601,1.6159000396728516,1.5800000429153442,1.6159000396728516,26901
2026-08-12 14:29:00-04:00,1.6101000308990479,1.6200000047683716,1.5799000263214111,1.5850000381469727,70636
2026-08-12 14:30:00-04:00,1.5809999704360962,1.590000033378601,1.5800000429153442,1.5850000381469727,15088
2026-08-12 14:31:00-04:00,1.5850000381469727,1.590000033378601,1.5810999870300293,1.5812000036239624,6087
2026-08-12 14:32:00-04:00,1.5810999870300293,1.5850000381469727,1.5299999713897705,1.5699000358581543,74490
2026-08-12 14:33:00-04:00,1.5599000453948975,1.5800000429153442,1.5500999689102173,1.559999942779541,50456
2026-08-12 14:34:00-04:00,1.5608999729156494,1.5800000429153442,1.5499999523162842,1.5549999475479126,61992
2026-08-12 14:35:00-04:00,1.559999942779541,1.559999942779541,1.5499999523162842,1.5599000453948975,20383
2026-08-12 14:36:00-04:00,1.5600999593734741,1.5700000524520874,1.559999942779541,1.5613000392913818,16598
2026-08-12 14:37:00-04:00,1.5700000524520874,1.5800000429153442,1.559999942779541,1.565000057220459,33519
2026-08-12 14:38:00-04:00,1.5700000524520874,1.5800000429153442,1.5600999593734741,1.5700000524520874,19446
2026-08-12 14:39:00-04:00,1.569100022315979,1.5700000524520874,1.5499999523162842,1.5509999990463257,22374
2026-08-12 14:40:00-04:00,1.5509999990463257,1.5549999475479126,1.4800000190734863,1.5,65620
2026-08-12 14:41:00-04:00,1.4800000190734863,1.5,1.4800000190734863,1.4900000095367432,39604
2026-08-12 14:42:00-04:00,1.4900000095367432,1.5,1.4800000190734863,1.4850000143051147,31957
2026-08-12 14:43:00-04:00,1.4801000356674194,1.4889999628067017,1.399999976158142,1.409000039100647,218566
2026-08-12 14:44:00-04:00,1.4049999713897705,1.4700000286102295,1.399999976158142,1.4550000429153442,112245
2026-08-12 14:45:00-04:00,1.4550000429153442,1.4600000381469727,1.4408999681472778,1.4500000476837158,48558
2026-08-12 14:46:00-04:00,1.4508999586105347,1.5,1.4508999586105347,1.4950000047683716,82730
2026-08-12 14:47:00-04:00,1.4900000095367432,1.5099999904632568,1.4900000095367432,1.5,60639
2026-08-12 14:48:00-04:00,1.5091999769210815,1.5099999904632568,1.4900000095367432,1.4918999671936035,30142
2026-08-12 14:49:00-04:00,1.4950000047683716,1.5,1.4900000095367432,1.4901000261306763,19810
2026-08-12 14:50:00-04:00,1.4950000047683716,1.5,1.4600000381469727,1.465000033378601,34260
2026-08-12 14:51:00-04:00,1.4609999656677246,1.4700000286102295,1.4500000476837158,1.451300024986267,38771
2026-08-12 14:52:00-04:00,1.4600000381469727,1.5098999738693237,1.4600000381469727,1.5010000467300415,38547
2026-08-12 14:53:00-04:00,1.5049999952316284,1.5099999904632568,1.4900000095367432,1.4901000261306763,47195
2026-08-12 14:54:00-04:00,1.5,1.5410000085830688,1.5,1.524999976158142,128451
2026-08-12 14:55:00-04:00,1.5199999809265137,1.5499999523162842,1.513700008392334,1.5299999713897705,55469
2026-08-12 14:56:00-04:00,1.5200999975204468,1.5399999618530273,1.5200999975204468,1.5302000045776367,39655
2026-08-12 14:57:00-04:00,1.5398999452590942,1.5399999618530273,1.5199999809265137,1.521299958229065,73777
2026-08-12 14:58:00-04:00,1.5299999713897705,1.5299999713897705,1.5,1.511199951171875,50427
2026-08-12 14:59:00-04:00,1.5190999507904053,1.5499999523162842,1.51010000705719,1.5499999523162842,88293
2026-08-12 15:00:00-04:00,1.5399999618530273,1.5499999523162842,1.4700000286102295,1.4700000286102295,69378
2026-08-12 15:01:00-04:00,1.4788000583648682,1.5,1.4700000286102295,1.4866000413894653,41443
2026-08-12 15:02:00-04:00,1.4900000095367432,1.5,1.4700000286102295,1.4996999502182007,34682
2026-08-12 15:03:00-04:00,1.4902000427246094,1.499899983406067,1.4800000190734863,1.4900000095367432,16744
2026-08-12 15:04:00-04:00,1.4809999465942383,1.4900000095367432,1.4700000286102295,1.4702999591827393,12437
2026-08-12 15:05:00-04:00,1.4700000286102295,1.5099999904632568,1.4700000286102295,1.4809999465942383,72097
2026-08-12 15:06:00-04:00,1.4874000549316406,1.4874000549316406,1.4700000286102295,1.4702999591827393,22666
2026-08-12 15:07:00-04:00,1.4788000583648682,1.4800000190734863,1.4701000452041626,1.4713000059127808,7432
2026-08-12 15:08:00-04:00,1.475000023841858,1.475000023841858,1.4500000476837158,1.4599000215530396,39394
2026-08-12 15:09:00-04:00,1.4589999914169312,1.4699000120162964,1.4500000476837158,1.4601999521255493,26341
2026-08-12 15:10:00-04:00,1.4609999656677246,1.468999981880188,1.4500000476837158,1.4500000476837158,19480
2026-08-12 15:11:00-04:00,1.4550000429153442,1.4600000381469727,1.4199999570846558,1.4299999475479126,64715
2026-08-12 15:12:00-04:00,1.434999942779541,1.4600000381469727,1.4299999475479126,1.434999942779541,32170
2026-08-12 15:13:00-04:00,1.434999942779541,1.4499000310897827,1.409999966621399,1.409999966621399,82903
2026-08-12 15:14:00-04:00,1.4108999967575073,1.4249999523162842,1.399999976158142,1.399999976158142,43057
2026-08-12 15:15:00-04:00,1.4014999866485596,1.409999966621399,1.399999976158142,1.4010000228881836,47818
2026-08-12 15:16:00-04:00,1.4012999534606934,1.409999966621399,1.3600000143051147,1.375,114929
2026-08-12 15:17:00-04:00,1.3798999786376953,1.3799999952316284,1.340000033378601,1.3487999439239502,114539
2026-08-12 15:18:00-04:00,1.3413000106811523,1.3598999977111816,1.340000033378601,1.3431999683380127,50037
2026-08-12 15:19:00-04:00,1.350000023841858,1.378999948501587,1.340000033378601,1.361199975013733,84587
2026-08-12 15:20:00-04:00,1.3600000143051147,1.3910000324249268,1.340000033378601,1.340000033378601,85210
2026-08-12 15:21:00-04:00,1.3489999771118164,1.3849999904632568,1.340000033378601,1.3849999904632568,55654
2026-08-12 15:22:00-04:00,1.3799999952316284,1.4800000190734863,1.3700000047683716,1.4600000381469727,159119
2026-08-12 15:23:00-04:00,1.4700000286102295,1.48989999294281,1.440000057220459,1.4700000286102295,77273
2026-08-12 15:24:00-04:00,1.4500000476837158,1.4600000381469727,1.4206000566482544,1.429900050163269,45717
2026-08-12 15:25:00-04:00,1.420199990272522,1.4600000381469727,1.4199999570846558,1.440000057220459,53425
2026-08-12 15:26:00-04:00,1.4550000429153442,1.4550000429153442,1.4200999736785889,1.4200999736785889,30207
2026-08-12 15:27:00-04:00,1.4199999570846558,1.4299999475479126,1.409999966621399,1.4163999557495117,32813
2026-08-12 15:28:00-04:00,1.409999966621399,1.4199999570846558,1.409999966621399,1.4149999618530273,17109
2026-08-12 15:29:00-04:00,1.4111000299453735,1.4399000406265259,1.409999966621399,1.434999942779541,16695
2026-08-12 15:30:00-04:00,1.4289000034332275,1.4299999475479126,1.4199999570846558,1.4199999570846558,17064
2026-08-12 15:31:00-04:00,1.4249999523162842,1.440000057220459,1.4199999570846558,1.434999942779541,26290
2026-08-12 15:32:00-04:00,1.434999942779541,1.440000057220459,1.4199999570846558,1.429900050163269,23887
2026-08-12 15:33:00-04:00,1.4199999570846558,1.4249999523162842,1.3890000581741333,1.3890000581741333,35047
2026-08-12 15:34:00-04:00,1.3849999904632568,1.3899999856948853,1.3700000047683716,1.3799999952316284,50564
2026-08-12 15:35:00-04:00,1.371000051498413,1.399999976158142,1.3700000047683716,1.375,51190
2026-08-12 15:36:00-04:00,1.3798999786376953,1.3799999952316284,1.3700000047683716,1.375,35523
2026-08-12 15:37:00-04:00,1.378999948501587,1.3899999856948853,1.3700000047683716,1.3700000047683716,25635
2026-08-12 15:38:00-04:00,1.3799999952316284,1.3899999856948853,1.3600000143051147,1.3700000047683716,55384
2026-08-12 15:39:00-04:00,1.3701000213623047,1.409999966621399,1.3701000213623047,1.409999966621399,39068
2026-08-12 15:40:00-04:00,1.4098999500274658,1.409999966621399,1.3600000143051147,1.3650000095367432,39786
2026-08-12 15:41:00-04:00,1.3650000095367432,1.3799999952316284,1.3600000143051147,1.3701000213623047,16620
2026-08-12 15:42:00-04:00,1.375,1.3799999952316284,1.3700000047683716,1.3798999786376953,18394
2026-08-12 15:43:00-04:00,1.3798999786376953,1.3799999952316284,1.3700000047683716,1.3700000047683716,15186
2026-08-12 15:44:00-04:00,1.3712999820709229,1.3799999952316284,1.3700000047683716,1.375,9823
2026-08-12 15:45:00-04:00,1.375,1.399999976158142,1.375,1.3901000022888184,57186
2026-08-12 15:46:00-04:00,1.399999976158142,1.399999976158142,1.3899999856948853,1.399999976158142,16575
2026-08-12 15:47:00-04:00,1.399999976158142,1.399999976158142,1.3700000047683716,1.3849999904632568,44910
2026-08-12 15:48:00-04:00,1.3849999904632568,1.3899999856948853,1.3700000047683716,1.3700000047683716,25360
2026-08-12 15:49:00-04:00,1.3712999820709229,1.3799999952316284,1.3700000047683716,1.3700000047683716,21553
2026-08-12 15:50:00-04:00,1.3700000047683716,1.3799999952316284,1.3700000047683716,1.375,13645
2026-08-12 15:51:00-04:00,1.3700000047683716,1.3799999952316284,1.3609999418258667,1.3609999418258667,27199
2026-08-12 15:52:00-04:00,1.3650000095367432,1.3688000440597534,1.350000023841858,1.3600000143051147,55588
2026-08-12 15:53:00-04:00,1.3550000190734863,1.3600000143051147,1.350000023841858,1.350000023841858,42948
2026-08-12 15:54:00-04:00,1.3588000535964966,1.378999948501587,1.350100040435791,1.3700000047683716,44391
2026-08-12 15:55:00-04:00,1.3700000047683716,1.3799999952316284,1.3600000143051147,1.3600000143051147,70181
2026-08-12 15:56:00-04:00,1.3700000047683716,1.3700000047683716,1.3600000143051147,1.3600000143051147,38715
2026-08-12 15:57:00-04:00,1.3700000047683716,1.3700000047683716,1.3600000143051147,1.3650000095367432,28927
2026-08-12 15:58:00-04:00,1.3650000095367432,1.3799999952316284,1.3600000143051147,1.3799999952316284,56567
2026-08-12 15:59:00-04:00,1.3700000047683716,1.399999976158142,1.3450000286102295,1.3600000143051147,249490
2026-08-12 16:00:00-04:00,1.35,1.3899,1.34,1.34,0
2026-08-12 16:01:00-04:00,1.3408,1.35,1.31,1.31,0
2026-08-12 16:02:00-04:00,1.3199,1.34,1.31,1.32,0
2026-08-12 16:03:00-04:00,1.3209,1.38,1.31,1.36,0
2026-08-12 16:04:00-04:00,1.36,1.38,1.35,1.36,0
2026-08-12 16:05:00-04:00,1.36,1.36,1.32,1.35,0
2026-08-12 16:06:00-04:00,1.3503,1.3592,1.31,1.3185,0
2026-08-12 16:07:00-04:00,1.3197,1.32,1.3,1.31,0
2026-08-12 16:08:00-04:00,1.3103,1.32,1.31,1.31,0
2026-08-12 16:09:00-04:00,1.32,1.32,1.3,1.3001,0
2026-08-12 16:10:00-04:00,1.31,1.36,1.3,1.3001,0
2026-08-12 16:11:00-04:00,1.3001,1.3001,1.23,1.23,0
2026-08-12 16:12:00-04:00,1.2302,1.25,1.05,1.24,0
2026-08-12 16:13:00-04:00,1.2391,1.27,1.23,1.27,0
2026-08-12 16:14:00-04:00,1.2615,1.28,1.2595,1.26,0
2026-08-12 16:15:00-04:00,1.2601,1.3,1.17,1.28,0
2026-08-12 16:16:00-04:00,1.28,1.29,1.27,1.2701,0
2026-08-12 16:17:00-04:00,1.2702,1.28,1.23,1.23,0
2026-08-12 16:18:00-04:00,1.2701,1.29,1.27,1.2702,0
2026-08-12 16:19:00-04:00,1.2708,1.28,1.27,1.27,0
2026-08-12 16:20:00-04:00,1.27,1.28,1.25,1.2798,0
2026-08-12 16:21:00-04:00,1.27,1.28,1.27,1.27,0
2026-08-12 16:22:00-04:00,1.2615,1.28,1.25,1.27,0
2026-08-12 16:23:00-04:00,1.26,1.27,1.25,1.26,0
2026-08-12 16:24:00-04:00,1.2502,1.27,1.25,1.25,0
2026-08-12 16:25:00-04:00,1.25,1.29,1.25,1.2603,0
2026-08-12 16:26:00-04:00,1.27,1.28,1.26,1.28,0
2026-08-12 16:27:00-04:00,1.28,1.28,1.26,1.2692,0
2026-08-12 16:28:00-04:00,1.27,1.28,1.26,1.28,0
2026-08-12 16:29:00-04:00,1.28,1.28,1.27,1.28,0
2026-08-12 16:30:00-04:00,1.28,1.28,1.27,1.2709,0
2026-08-12 16:31:00-04:00,1.2701,1.42,1.27,1.3893,0
2026-08-12 16:32:00-04:00,1.39,1.39,1.3201,1.34,0
2026-08-12 16:33:00-04:00,1.3401,1.35,1.33,1.35,0
2026-08-12 16:34:00-04:00,1.3491,1.39,1.342,1.3699,0
2026-08-12 16:35:00-04:00,1.37,1.42,1.36,1.4192,0
2026-08-12 16:36:00-04:00,1.42,1.42,1.3819,1.3994,0
2026-08-12 16:37:00-04:00,1.3969,1.4,1.36,1.3608,0
2026-08-12 16:38:00-04:00,1.3699,1.39,1.3699,1.37,0
2026-08-12 16:39:00-04:00,1.36,1.37,1.33,1.33,0
2026-08-12 16:40:00-04:00,1.35,1.37,1.33,1.3501,0
2026-08-12 16:41:00-04:00,1.3501,1.3502,1.33,1.34,0
2026-08-12 16:42:00-04:00,1.35,1.35,1.34,1.3497,0
2026-08-12 16:43:00-04:00,1.3401,1.36,1.3401,1.358,0
2026-08-12 16:44:00-04:00,1.35,1.36,1.34,1.36,0
2026-08-12 16:45:00-04:00,1.3598,1.41,1.35,1.4,0
2026-08-12 16:46:00-04:00,1.4092,1.43,1.4,1.4192,0
2026-08-12 16:47:00-04:00,1.42,1.42,1.41,1.4102,0
2026-08-12 16:48:00-04:00,1.4108,1.42,1.4,1.4009,0
2026-08-12 16:49:00-04:00,1.4009,1.41,1.38,1.3999,0
2026-08-12 16:50:00-04:00,1.39,1.4,1.38,1.3807,0
2026-08-12 16:51:00-04:00,1.39,1.39,1.3694,1.3694,0
2026-08-12 16:52:00-04:00,1.3694,1.3799,1.36,1.3797,0
2026-08-12 16:53:00-04:00,1.3798,1.38,1.36,1.37,0
2026-08-12 16:54:00-04:00,1.37,1.38,1.35,1.38,0
2026-08-12 16:55:00-04:00,1.37,1.4199,1.37,1.4107,0
2026-08-12 16:56:00-04:00,1.41,1.5,1.41,1.4899,0
2026-08-12 16:57:00-04:00,1.4805,1.5,1.4607,1.5,0
2026-08-12 16:58:00-04:00,1.5,1.66,1.49,1.6092,0
2026-08-12 16:59:00-04:00,1.6091,1.63,1.59,1.63,0
2026-08-12 17:00:00-04:00,1.6299,1.63,1.59,1.6008,0
2026-08-12 17:01:00-04:00,1.6015,1.6103,1.59,1.59,0
2026-08-12 17:02:00-04:00,1.59,1.5999,1.57,1.58,0
2026-08-12 17:03:00-04:00,1.5797,1.61,1.57,1.6,0
2026-08-12 17:04:00-04:00,1.59,1.7,1.59,1.7,0
2026-08-12 17:05:00-04:00,1.7,1.75,1.66,1.6699,0
2026-08-12 17:06:00-04:00,1.66,1.67,1.65,1.6509,0
2026-08-12 17:07:00-04:00,1.6509,1.66,1.6,1.6185,0
2026-08-12 17:08:00-04:00,1.6192,1.63,1.57,1.6107,0
2026-08-12 17:09:00-04:00,1.62,1.68,1.61,1.66,0
2026-08-12 17:10:00-04:00,1.6693,1.67,1.62,1.66,0
2026-08-12 17:11:00-04:00,1.6685,1.6697,1.61,1.62,0
2026-08-12 17:12:00-04:00,1.6207,1.65,1.62,1.6299,0
2026-08-12 17:13:00-04:00,1.6202,1.63,1.6,1.6092,0
2026-08-12 17:14:00-04:00,1.6001,1.61,1.56,1.59,0
2026-08-12 17:15:00-04:00,1.6,1.63,1.59,1.6208,0
2026-08-12 17:16:00-04:00,1.63,1.63,1.62,1.6297,0
2026-08-12 17:17:00-04:00,1.63,1.63,1.6,1.6001,0
2026-08-12 17:18:00-04:00,1.6097,1.61,1.58,1.58,0
2026-08-12 17:19:00-04:00,1.59,1.6,1.58,1.5902,0
2026-08-12 17:20:00-04:00,1.6,1.6,1.58,1.58,0
2026-08-12 17:21:00-04:00,1.59,1.59,1.5791,1.58,0
2026-08-12 17:22:00-04:00,1.58,1.58,1.52,1.52,0
2026-08-12 17:23:00-04:00,1.52,1.56,1.52,1.5507,0
2026-08-12 17:24:00-04:00,1.5411,1.57,1.54,1.55,0
2026-08-12 17:25:00-04:00,1.54,1.55,1.53,1.53,0
2026-08-12 17:26:00-04:00,1.5397,1.54,1.52,1.5321,0
2026-08-12 17:27:00-04:00,1.53,1.54,1.5201,1.5308,0
2026-08-12 17:28:00-04:00,1.53,1.54,1.52,1.54,0
2026-08-12 17:29:00-04:00,1.53,1.54,1.5093,1.52,0
2026-08-12 17:30:00-04:00,1.51,1.54,1.51,1.54,0
2026-08-12 17:31:00-04:00,1.5303,1.57,1.5303,1.56,0
2026-08-12 17:32:00-04:00,1.56,1.59,1.56,1.59,0
2026-08-12 17:33:00-04:00,1.5899,1.6,1.57,1.59,0
2026-08-12 17:34:00-04:00,1.59,1.63,1.58,1.6299,0
2026-08-12 17:35:00-04:00,1.62,1.63,1.62,1.63,0
2026-08-12 17:36:00-04:00,1.62,1.63,1.62,1.6208,0
2026-08-12 17:37:00-04:00,1.6209,1.63,1.61,1.62,0
2026-08-12 17:38:00-04:00,1.61,1.62,1.61,1.61,0
2026-08-12 17:39:00-04:00,1.61,1.62,1.61,1.6101,0
2026-08-12 17:40:00-04:00,1.62,1.62,1.6,1.6,0
2026-08-12 17:41:00-04:00,1.5807,1.6,1.58,1.59,0
2026-08-12 17:42:00-04:00,1.58,1.5898,1.55,1.5603,0
2026-08-12 17:43:00-04:00,1.5601,1.57,1.56,1.5694,0
2026-08-12 17:44:00-04:00,1.5708,1.58,1.56,1.57,0
2026-08-12 17:45:00-04:00,1.5708,1.59,1.57,1.59,0
2026-08-12 17:46:00-04:00,1.5897,1.59,1.57,1.5803,0
2026-08-12 17:47:00-04:00,1.57,1.5809,1.57,1.5802,0
2026-08-12 17:48:00-04:00,1.58,1.59,1.57,1.572,0
2026-08-12 17:49:00-04:00,1.5899,1.59,1.58,1.5899,0
2026-08-12 17:50:00-04:00,1.5809,1.61,1.58,1.61,0
2026-08-12 17:51:00-04:00,1.6092,1.61,1.6,1.6009,0
2026-08-12 17:52:00-04:00,1.6098,1.61,1.6,1.6009,0
2026-08-12 17:53:00-04:00,1.61,1.61,1.6,1.61,0
2026-08-12 17:54:00-04:00,1.6099,1.61,1.6,1.6008,0
2026-08-12 17:55:00-04:00,1.61,1.61,1.59,1.6,0
2026-08-12 17:56:00-04:00,1.6,1.61,1.59,1.6009,0
2026-08-12 17:57:00-04:00,1.6002,1.64,1.6,1.64,0
2026-08-12 17:58:00-04:00,1.6397,1.64,1.63,1.6391,0
2026-08-12 17:59:00-04:00,1.64,1.64,1.62,1.6202,0
2026-08-12 18:00:00-04:00,1.63,1.64,1.62,1.63,0
2026-08-12 18:01:00-04:00,1.63,1.65,1.6,1.65,0
2026-08-12 18:02:00-04:00,1.6499,1.6499,1.61,1.63,0
2026-08-12 18:03:00-04:00,1.63,1.65,1.63,1.64,0
2026-08-12 18:04:00-04:00,1.63,1.64,1.63,1.64,0
2026-08-12 18:05:00-04:00,1.6308,1.64,1.63,1.63,0
2026-08-12 18:06:00-04:00,1.6302,1.64,1.63,1.6303,0
2026-08-12 18:07:00-04:00,1.64,1.64,1.62,1.62,0
2026-08-12 18:08:00-04:00,1.6001,1.62,1.59,1.6092,0
2026-08-12 18:09:00-04:00,1.61,1.61,1.6,1.61,0
2026-08-12 18:10:00-04:00,1.6099,1.6099,1.59,1.5901,0
2026-08-12 18:11:00-04:00,1.59,1.61,1.59,1.61,0
2026-08-12 18:12:00-04:00,1.6,1.61,1.55,1.5999,0
2026-08-12 18:13:00-04:00,1.6,1.61,1.57,1.57,0
2026-08-12 18:14:00-04:00,1.57,1.57,1.5502,1.5502,0
2026-08-12 18:15:00-04:00,1.56,1.56,1.55,1.56,0
2026-08-12 18:16:00-04:00,1.55,1.56,1.55,1.56,0
2026-08-12 18:17:00-04:00,1.5808,1.59,1.5673,1.5869,0
2026-08-12 18:18:00-04:00,1.58,1.5858,1.57,1.58,0
2026-08-12 18:19:00-04:00,1.58,1.58,1.57,1.5797,0
2026-08-12 18:20:00-04:00,1.58,1.58,1.57,1.57,0
2026-08-12 18:21:00-04:00,1.57,1.58,1.56,1.5791,0
2026-08-12 18:22:00-04:00,1.5608,1.57,1.55,1.56,0
2026-08-12 18:23:00-04:00,1.57,1.57,1.55,1.55,0
2026-08-12 18:24:00-04:00,1.5508,1.56,1.55,1.5599,0
2026-08-12 18:25:00-04:00,1.5597,1.56,1.55,1.5502,0
2026-08-12 18:26:00-04:00,1.56,1.56,1.55,1.5591,0
2026-08-12 18:27:00-04:00,1.55,1.5592,1.54,1.5493,0
2026-08-12 18:28:00-04:00,1.54,1.55,1.54,1.54,0
2026-08-12 18:29:00-04:00,1.5401,1.55,1.54,1.5499,0
2026-08-12 18:30:00-04:00,1.54,1.55,1.53,1.5493,0
2026-08-12 18:31:00-04:00,1.54,1.55,1.54,1.5409,0
2026-08-12 18:32:00-04:00,1.5401,1.55,1.54,1.5402,0
2026-08-12 18:33:00-04:00,1.5403,1.55,1.53,1.5409,0
2026-08-12 18:34:00-04:00,1.55,1.5607,1.54,1.5403,0
2026-08-12 18:35:00-04:00,1.5408,1.55,1.54,1.54,0
2026-08-12 18:36:00-04:00,1.54,1.55,1.54,1.5401,0
2026-08-12 18:37:00-04:00,1.5403,1.55,1.54,1.54,0
2026-08-12 18:38:00-04:00,1.54,1.54,1.53,1.53,0
2026-08-12 18:39:00-04:00,1.54,1.55,1.53,1.53,0
2026-08-12 18:40:00-04:00,1.53,1.54,1.53,1.53,0
2026-08-12 18:41:00-04:00,1.53,1.54,1.53,1.53,0
2026-08-12 18:42:00-04:00,1.54,1.54,1.51,1.52,0
2026-08-12 18:43:00-04:00,1.52,1.53,1.52,1.53,0
2026-08-12 18:44:00-04:00,1.53,1.53,1.52,1.52,0
2026-08-12 18:45:00-04:00,1.5102,1.53,1.5,1.52,0
2026-08-12 18:46:00-04:00,1.5202,1.54,1.52,1.54,0
2026-08-12 18:47:00-04:00,1.54,1.54,1.53,1.5398,0
2026-08-12 18:48:00-04:00,1.5391,1.54,1.53,1.54,0
2026-08-12 18:49:00-04:00,1.54,1.54,1.53,1.53,0
2026-08-12 18:50:00-04:00,1.53,1.54,1.53,1.54,0
2026-08-12 18:51:00-04:00,1.5301,1.54,1.5299,1.5299,0
2026-08-12 18:52:00-04:00,1.52,1.54,1.52,1.5299,0
2026-08-12 18:53:00-04:00,1.52,1.53,1.52,1.5298,0
2026-08-12 18:54:00-04:00,1.52,1.53,1.52,1.53,0
2026-08-12 18:55:00-04:00,1.52,1.53,1.52,1.53,0
2026-08-12 18:56:00-04:00,1.5203,1.53,1.51,1.5199,0
2026-08-12 18:57:00-04:00,1.51,1.52,1.51,1.51,0
2026-08-12 18:58:00-04:00,1.51,1.54,1.51,1.54,0
2026-08-12 18:59:00-04:00,1.54,1.54,1.52,1.5201,0
2026-08-12 19:00:00-04:00,1.52,1.53,1.52,1.5201,0
2026-08-12 19:01:00-04:00,1.53,1.53,1.52,1.53,0
2026-08-12 19:02:00-04:00,1.52,1.53,1.52,1.5201,0
2026-08-12 19:03:00-04:00,1.52,1.53,1.52,1.53,0
2026-08-12 19:04:00-04:00,1.52,1.53,1.52,1.52,0
2026-08-12 19:05:00-04:00,1.52,1.53,1.52,1.52,0
2026-08-12 19:06:00-04:00,1.5201,1.53,1.52,1.52,0
2026-08-12 19:07:00-04:00,1.52,1.53,1.52,1.5202,0
2026-08-12 19:08:00-04:00,1.53,1.53,1.52,1.5203,0
2026-08-12 19:09:00-04:00,1.53,1.5385,1.52,1.53,0
2026-08-12 19:10:00-04:00,1.53,1.55,1.53,1.5498,0
2026-08-12 19:11:00-04:00,1.55,1.58,1.55,1.58,0
2026-08-12 19:12:00-04:00,1.58,1.58,1.55,1.55,0
2026-08-12 19:13:00-04:00,1.56,1.56,1.55,1.55,0
2026-08-12 19:14:00-04:00,1.55,1.56,1.55,1.55,0
2026-08-12 19:15:00-04:00,1.5503,1.6,1.55,1.58,0
2026-08-12 19:16:00-04:00,1.58,1.58,1.57,1.58,0
2026-08-12 19:17:00-04:00,1.5799,1.6,1.5785,1.6,0
2026-08-12 19:18:00-04:00,1.5997,1.6,1.58,1.59,0
2026-08-12 19:19:00-04:00,1.5803,1.6,1.5715,1.58,0
2026-08-12 19:20:00-04:00,1.58,1.58,1.5503,1.56,0
2026-08-12 19:21:00-04:00,1.5601,1.58,1.56,1.58,0
2026-08-12 19:22:00-04:00,1.58,1.58,1.56,1.57,0
2026-08-12 19:23:00-04:00,1.57,1.57,1.56,1.5601,0
2026-08-12 19:24:00-04:00,1.56,1.56,1.5599,1.5599,0
2026-08-12 19:25:00-04:00,1.55,1.58,1.55,1.58,0
2026-08-12 19:26:00-04:00,1.6,1.61,1.5896,1.5896,0
2026-08-12 19:27:00-04:00,1.5646,1.58,1.5646,1.58,0
2026-08-12 19:28:00-04:00,1.59,1.595,1.59,1.59,0
2026-08-12 19:29:00-04:00,1.59,1.59,1.58,1.58,0
2026-08-12 19:30:00-04:00,1.59,1.59,1.57,1.58,0
2026-08-12 19:31:00-04:00,1.5799,1.6,1.5791,1.5909,0
2026-08-12 19:32:00-04:00,1.59,1.6,1.59,1.6,0
2026-08-12 19:33:00-04:00,1.59,1.6,1.5891,1.5897,0
2026-08-12 19:34:00-04:00,1.59,1.59,1.57,1.58,0
2026-08-12 19:35:00-04:00,1.5799,1.58,1.5701,1.5702,0
2026-08-12 19:36:00-04:00,1.57,1.58,1.57,1.58,0
2026-08-12 19:37:00-04:00,1.58,1.6,1.5799,1.6,0
2026-08-12 19:38:00-04:00,1.59,1.6,1.59,1.5999,0
2026-08-12 19:39:00-04:00,1.59,1.6,1.59,1.59,0
2026-08-12 19:40:00-04:00,1.58,1.6,1.58,1.5897,0
2026-08-12 19:41:00-04:00,1.59,1.5999,1.58,1.5999,0
2026-08-12 19:42:00-04:00,1.5897,1.5897,1.58,1.58,0
2026-08-12 19:43:00-04:00,1.58,1.59,1.58,1.5809,0
2026-08-12 19:44:00-04:00,1.59,1.6,1.5803,1.5899,0
2026-08-12 19:45:00-04:00,1.5802,1.59,1.58,1.59,0
2026-08-12 19:46:00-04:00,1.5803,1.5901,1.5803,1.59,0
2026-08-12 19:47:00-04:00,1.6,1.6,1.58,1.5985,0
2026-08-12 19:48:00-04:00,1.59,1.63,1.59,1.6103,0
2026-08-12 19:49:00-04:00,1.61,1.63,1.6,1.6,0
2026-08-12 19:50:00-04:00,1.61,1.63,1.6015,1.6015,0
2026-08-12 19:51:00-04:00,1.6,1.62,1.6,1.62,0
2026-08-12 19:52:00-04:00,1.6,1.62,1.6,1.6199,0
2026-08-12 19:53:00-04:00,1.6193,1.62,1.61,1.61,0
2026-08-12 19:54:00-04:00,1.61,1.62,1.61,1.62,0
2026-08-12 19:55:00-04:00,1.62,1.62,1.61,1.6199,0
2026-08-12 19:56:00-04:00,1.61,1.61,1.6,1.6015,0
2026-08-12 19:57:00-04:00,1.6,1.61,1.6,1.6,0
2026-08-12 19:58:00-04:00,1.5909,1.6,1.5901,1.5915,0
2026-08-12 19:59:00-04:00,1.59,1.6,1.57,1.5891,0
