,Open,High,Low,Close,Volume
2026-09-11 04:00:00-04:00,1.6,1.6,1.6,1.6,0
2026-09-11 08:40:00-04:00,2.0,2.0,2.0,2.0,0
2026-09-11 08:41:00-04:00,1.71,1.71,1.71,1.71,0
2026-09-11 08:53:00-04:00,1.61,1.61,1.61,1.61,0
2026-09-11 08:57:00-04:00,1.71,1.71,1.71,1.71,0
2026-09-11 09:30:00-04:00,1.6449999809265137,1.6449999809265137,1.6449999809265137,1.6449999809265137,769
2026-09-11 09:42:00-04:00,1.6101000308990479,1.6101000308990479,1.6101000308990479,1.6101000308990479,251
2026-09-11 09:48:00-04:00,1.6299999952316284,1.6299999952316284,1.600000023841858,1.600000023841858,6221
2026-09-11 09:50:00-04:00,1.5700000524520874,1.590000033378601,1.5700000524520874,1.590000033378601,1255
2026-09-11 10:21:00-04:00,1.5764000415802002,1.5764000415802002,1.5764000415802002,1.5764000415802002,549
2026-09-11 10:24:00-04:00,1.5500999689102173,1.5500999689102173,1.5500999689102173,1.5500999689102173,164
2026-09-11 10:25:00-04:00,1.590000033378601,1.590000033378601,1.590000033378601,1.590000033378601,1000
2026-09-11 10:26:00-04:00,1.5750000476837158,1.5750000476837158,1.5750000476837158,1.5750000476837158,703
2026-09-11 10:30:00-04:00,1.590000033378601,1.600000023841858,1.590000033378601,1.590000033378601,5168
2026-09-11 10:34:00-04:00,1.5700000524520874,1.5700000524520874,1.5700000524520874,1.5700000524520874,320
2026-09-11 10:35:00-04:00,1.590000033378601,1.590000033378601,1.590000033378601,1.590000033378601,649
2026-09-11 10:36:00-04:00,1.590000033378601,1.590000033378601,1.590000033378601,1.590000033378601,265
2026-09-11 10:45:00-04:00,1.5750000476837158,1.5750000476837158,1.5750000476837158,1.5750000476837158,609
2026-09-11 11:11:00-04:00,1.5925999879837036,1.600000023841858,1.5925999879837036,1.5999000072479248,1028
2026-09-11 12:13:00-04:00,1.5449999570846558,1.5449999570846558,1.5449999570846558,1.5449999570846558,315
2026-09-11 12:34:00-04:00,1.534999966621399,1.534999966621399,1.534999966621399,1.534999966621399,400
2026-09-11 12:38:00-04:00,1.5399999618530273,1.5399999618530273,1.5399999618530273,1.5399999618530273,390
2026-09-11 13:00:00-04:00,1.5299999713897705,1.5299999713897705,1.5299999713897705,1.5299999713897705,1490
2026-09-11 13:01:00-04:00,1.5299999713897705,1.5299999713897705,1.5299999713897705,1.5299999713897705,374
2026-09-11 13:02:00-04:00,1.5399999618530273,1.5399999618530273,1.5399999618530273,1.5399999618530273,203
2026-09-11 13:28:00-04:00,1.5399999618530273,1.5399999618530273,1.5399999618530273,1.5399999618530273,609
2026-09-11 13:53:00-04:00,1.5299999713897705,1.5494999885559082,1.5299999713897705,1.5494999885559082,869
2026-09-11 13:54:00-04:00,1.5499999523162842,1.5499999523162842,1.5499999523162842,1.5499999523162842,201
2026-09-11 13:59:00-04:00,1.5699000358581543,1.5699000358581543,1.5699000358581543,1.5699000358581543,2475
2026-09-11 14:24:00-04:00,1.5700000524520874,1.5700000524520874,1.5700000524520874,1.5700000524520874,142
2026-09-11 14:39:00-04:00,1.5299999713897705,1.5299999713897705,1.5299999713897705,1.5299999713897705,613
2026-09-11 15:24:00-04:00,1.5499999523162842,1.5499999523162842,1.5499999523162842,1.5499999523162842,768
2026-09-11 15:27:00-04:00,1.559999942779541,1.5700000524520874,1.559999942779541,1.5700000524520874,1789
2026-09-11 16:00:00-04:00,1.56,1.56,1.56,1.56,373
2026-09-11 16:04:00-04:00,1.56,1.56,1.56,1.56,0
2026-09-11 16:10:00-04:00,1.56,1.56,1.56,1.56,0
2026-09-11 19:30:00-04:00,1.56,1.56,1.56,1.56,0
2026-09-14 04:00:00-04:00,1.56,1.56,1.56,1.56,0
2026-09-14 05:02:00-04:00,1.5,1.5,1.5,1.5,0
2026-09-14 05:41:00-04:00,1.5075,1.5075,1.5075,1.5075,0
2026-09-14 07:00:00-04:00,1.5599,1.5599,1.5599,1.5599,0
2026-09-14 07:05:00-04:00,1.56,1.56,1.56,1.56,0
2026-09-14 07:06:00-04:00,1.5599,1.5599,1.5599,1.5599,0
2026-09-14 07:24:00-04:00,1.56,1.56,1.56,1.56,0
2026-09-14 08:33:00-04:00,1.59,1.59,1.59,1.59,0
2026-09-14 09:32:00-04:00,1.600000023841858,1.6399999856948853,1.5800000429153442,1.6200000047683716,13141
2026-09-14 09:38:00-04:00,1.7000000476837158,1.7000000476837158,1.7000000476837158,1.7000000476837158,200
2026-09-14 09:39:00-04:00,1.6799999475479126,1.7000000476837158,1.6799999475479126,1.7000000476837158,856
2026-09-14 09:44:00-04:00,1.690000057220459,1.7000000476837158,1.659999966621399,1.690000057220459,2971
2026-09-14 09:46:00-04:00,1.7000000476837158,1.7000000476837158,1.7000000476837158,1.7000000476837158,102
2026-09-14 09:48:00-04:00,1.7300000190734863,1.7400000095367432,1.7200000286102295,1.7200000286102295,13793
2026-09-14 09:49:00-04:00,1.7300000190734863,1.7798999547958374,1.7000000476837158,1.7000000476837158,6022
2026-09-14 09:51:00-04:00,1.7000000476837158,1.7000000476837158,1.7000000476837158,1.7000000476837158,758
2026-09-14 09:57:00-04:00,1.7300000190734863,1.75,1.7300000190734863,1.75,5211
2026-09-14 09:58:00-04:00,1.7599999904632568,1.7599999904632568,1.7599999904632568,1.7599999904632568,176
2026-09-14 10:01:00-04:00,1.7799999713897705,1.7899999618530273,1.7599999904632568,1.7649999856948853,4636
2026-09-14 10:03:00-04:00,1.7400000095367432,1.7400000095367432,1.7300000190734863,1.7300000190734863,3574
2026-09-14 10:25:00-04:00,1.7200000286102295,1.7200000286102295,1.7200000286102295,1.7200000286102295,1356
2026-09-14 10:26:00-04:00,1.7300000190734863,1.7400000095367432,1.7300000190734863,1.7400000095367432,931
2026-09-14 10:36:00-04:00,1.749899983406067,1.749899983406067,1.7400000095367432,1.7400000095367432,1436
2026-09-14 10:37:00-04:00,1.7899999618530273,1.7899999618530273,1.7899999618530273,1.7899999618530273,400
2026-09-14 10:38:00-04:00,1.7999999523162842,1.8956999778747559,1.7999999523162842,1.8799999952316284,11137
2026-09-14 10:39:00-04:00,1.929900050163269,1.929900050163269,1.76010000705719,1.858299970626831,26757
2026-09-14 10:40:00-04:00,1.850000023841858,1.8899999856948853,1.7999999523162842,1.864799976348877,16038
2026-09-14 10:41:00-04:00,1.8200000524520874,1.840000033378601,1.7835999727249146,1.8000999689102173,11500
2026-09-14 10:42:00-04:00,1.809999942779541,1.840000033378601,1.809999942779541,1.839900016784668,5449
2026-09-14 10:43:00-04:00,1.809999942779541,1.8300000429153442,1.7799999713897705,1.8300000429153442,9756
2026-09-14 10:44:00-04:00,1.8300000429153442,1.8746000528335571,1.8300000429153442,1.850000023841858,5452
2026-09-14 10:45:00-04:00,1.8600000143051147,1.8600000143051147,1.840000033378601,1.857699990272522,6845
2026-09-14 10:46:00-04:00,1.8600000143051147,1.8600000143051147,1.8200000524520874,1.840000033378601,5191
2026-09-14 10:47:00-04:00,1.8350000381469727,1.837499976158142,1.8300000429153442,1.8350000381469727,4306
2026-09-14 10:48:00-04:00,1.840000033378601,1.840000033378601,1.7999999523162842,1.7999999523162842,1551
2026-09-14 10:49:00-04:00,1.7999999523162842,1.840000033378601,1.7999999523162842,1.809999942779541,3024
2026-09-14 10:51:00-04:00,1.840000033378601,1.8600000143051147,1.840000033378601,1.8598999977111816,7113
2026-09-14 10:52:00-04:00,1.8600000143051147,1.8600000143051147,1.8598999977111816,1.8598999977111816,7247
2026-09-14 10:53:00-04:00,1.840000033378601,1.840000033378601,1.840000033378601,1.840000033378601,1611
2026-09-14 10:54:00-04:00,1.809999942779541,1.839900016784668,1.809999942779541,1.839900016784668,1857
2026-09-14 10:55:00-04:00,1.7999999523162842,1.7999999523162842,1.7725000381469727,1.7725000381469727,8566
2026-09-14 10:56:00-04:00,1.7503999471664429,1.7899999618530273,1.75,1.7855000495910645,2967
2026-09-14 10:57:00-04:00,1.7999999523162842,1.809999942779541,1.7999999523162842,1.8049999475479126,1978
2026-09-14 10:58:00-04:00,1.809999942779541,1.809999942779541,1.809999942779541,1.809999942779541,797
2026-09-14 10:59:00-04:00,1.8099000453948975,1.8099000453948975,1.8099000453948975,1.8099000453948975,457
2026-09-14 11:00:00-04:00,1.809999942779541,1.809999942779541,1.784999966621399,1.784999966621399,775
2026-09-14 11:01:00-04:00,1.8099000453948975,1.809999942779541,1.8099000453948975,1.809999942779541,2001
2026-09-14 11:05:00-04:00,1.8200000524520874,1.8200000524520874,1.815000057220459,1.815000057220459,201
2026-09-14 11:06:00-04:00,1.8005000352859497,1.8005000352859497,1.8005000352859497,1.8005000352859497,1221
2026-09-14 11:07:00-04:00,1.8200000524520874,1.8300000429153442,1.8200000524520874,1.8200000524520874,2411
2026-09-14 11:08:00-04:00,1.8020000457763672,1.8300000429153442,1.8020000457763672,1.8300000429153442,1334
2026-09-14 11:09:00-04:00,1.8200000524520874,1.8300000429153442,1.8200000524520874,1.8300000429153442,1604
2026-09-14 11:10:00-04:00,1.8200000524520874,1.8200000524520874,1.8200000524520874,1.8200000524520874,1174
2026-09-14 11:11:00-04:00,1.8300000429153442,1.8300000429153442,1.8200000524520874,1.8200000524520874,789
2026-09-14 11:12:00-04:00,1.8379000425338745,1.8379000425338745,1.8379000425338745,1.8379000425338745,1269
2026-09-14 11:13:00-04:00,1.7933000326156616,1.7933000326156616,1.7933000326156616,1.7933000326156616,350
2026-09-14 11:14:00-04:00,1.840000033378601,1.850000023841858,1.8300000429153442,1.8300000429153442,4954
2026-09-14 11:15:00-04:00,1.840000033378601,1.840000033378601,1.840000033378601,1.840000033378601,1477
2026-09-14 11:17:00-04:00,1.8581000566482544,1.8581000566482544,1.8274999856948853,1.8450000286102295,2919
2026-09-14 11:18:00-04:00,1.8350000381469727,1.8350000381469727,1.8206000328063965,1.8214000463485718,859
2026-09-14 11:19:00-04:00,1.850000023841858,1.850000023841858,1.850000023841858,1.850000023841858,2090
2026-09-14 11:23:00-04:00,1.8345999717712402,1.840000033378601,1.8345999717712402,1.840000033378601,1317
2026-09-14 11:24:00-04:00,1.840000033378601,1.840000033378601,1.840000033378601,1.840000033378601,1383
2026-09-14 11:31:00-04:00,1.850000023841858,1.8600000143051147,1.850000023841858,1.8598999977111816,1568
2026-09-14 11:32:00-04:00,1.8600000143051147,1.8600000143051147,1.8600000143051147,1.8600000143051147,1235
2026-09-14 11:33:00-04:00,1.8559000492095947,1.8559000492095947,1.8410999774932861,1.8410999774932861,532
2026-09-14 11:34:00-04:00,1.8523000478744507,1.8523000478744507,1.850100040435791,1.850100040435791,1452
2026-09-14 11:37:00-04:00,1.850000023841858,1.850000023841858,1.850000023841858,1.850000023841858,1444
2026-09-14 11:38:00-04:00,1.8600000143051147,1.8600000143051147,1.850000023841858,1.850000023841858,2202
2026-09-14 11:42:00-04:00,1.8700000047683716,1.8700000047683716,1.850000023841858,1.850000023841858,801
2026-09-14 11:43:00-04:00,1.850000023841858,1.8700000047683716,1.850000023841858,1.8700000047683716,3776
2026-09-14 11:47:00-04:00,1.850000023841858,1.865399956703186,1.850000023841858,1.865399956703186,1250
2026-09-14 11:51:00-04:00,1.850000023841858,1.8550000190734863,1.850000023841858,1.8550000190734863,750
2026-09-14 11:52:00-04:00,1.850000023841858,1.8600000143051147,1.850000023841858,1.8600000143051147,709
2026-09-14 11:53:00-04:00,1.8693000078201294,1.877500057220459,1.8693000078201294,1.877500057220459,2726
2026-09-14 11:54:00-04:00,1.8300000429153442,1.8300000429153442,1.8300000429153442,1.8300000429153442,1950
2026-09-14 11:55:00-04:00,1.8550000190734863,1.8550000190734863,1.8550000190734863,1.8550000190734863,200
2026-09-14 11:56:00-04:00,1.8301000595092773,1.8310999870300293,1.809999942779541,1.809999942779541,2781
2026-09-14 11:57:00-04:00,1.850000023841858,1.8700000047683716,1.850000023841858,1.8700000047683716,2211
2026-09-14 11:59:00-04:00,1.8700000047683716,1.8700000047683716,1.8600000143051147,1.8700000047683716,5400
2026-09-14 12:00:00-04:00,1.8700000047683716,1.8700000047683716,1.8157000541687012,1.8157000541687012,1934
2026-09-14 12:01:00-04:00,1.840000033378601,1.840000033378601,1.840000033378601,1.840000033378601,261
2026-09-14 12:02:00-04:00,1.8600000143051147,1.8600000143051147,1.8600000143051147,1.8600000143051147,541
2026-09-14 12:03:00-04:00,1.8600000143051147,1.940000057220459,1.8600000143051147,1.9299999475479126,14270
2026-09-14 12:04:00-04:00,1.9498000144958496,2.0399999618530273,1.9299999475479126,1.9800000190734863,60311
2026-09-14 12:05:00-04:00,1.9700000286102295,2.0299999713897705,1.9199999570846558,1.9800000190734863,66017
2026-09-14 12:06:00-04:00,2.0,2.0399999618530273,1.9600000381469727,2.0023999214172363,79857
2026-09-14 12:07:00-04:00,1.9850000143051147,2.0399999618530273,1.9299999475479126,1.9900000095367432,63097
2026-09-14 12:08:00-04:00,2.007999897003174,2.0799999237060547,1.9600000381469727,1.9800000190734863,70166
2026-09-14 12:09:00-04:00,1.9700000286102295,2.029900074005127,1.9500000476837158,1.9599000215530396,48493
2026-09-14 12:10:00-04:00,1.9600000381469727,1.967900037765503,1.940000057220459,1.9450000524520874,31259
2026-09-14 12:11:00-04:00,1.940600037574768,1.999899983406067,1.940000057220459,1.9900000095367432,53246
2026-09-14 12:12:00-04:00,1.9891999959945679,2.079900026321411,1.9850000143051147,2.0399999618530273,95845
2026-09-14 12:13:00-04:00,2.059799909591675,2.069999933242798,2.0,2.0599000453948975,67294
2026-09-14 12:14:00-04:00,2.0527000427246094,2.069999933242798,2.009999990463257,2.049999952316284,49976
2026-09-14 12:15:00-04:00,2.0699000358581543,2.1521999835968018,2.030100107192993,2.0999999046325684,164601
2026-09-14 12:16:00-04:00,2.109499931335449,2.109999895095825,2.0250000953674316,2.0510001182556152,114605
2026-09-14 12:17:00-04:00,2.050100088119507,2.0899999141693115,2.0201001167297363,2.0799999237060547,71957
2026-09-14 12:18:00-04:00,2.0897998809814453,2.0899999141693115,2.009999990463257,2.0404999256134033,65080
2026-09-14 12:19:00-04:00,2.0299999713897705,2.079900026321411,1.9700000286102295,1.9700000286102295,113008
2026-09-14 12:20:00-04:00,1.9850000143051147,2.009999990463257,1.9600000381469727,1.965000033378601,59184
2026-09-14 12:21:00-04:00,1.965000033378601,1.9800000190734863,1.899999976158142,1.9199999570846558,115797
2026-09-14 12:22:00-04:00,1.9399000406265259,1.9399000406265259,1.8100999593734741,1.820099949836731,137815
2026-09-14 12:23:00-04:00,1.840000033378601,1.8799999952316284,1.7599999904632568,1.7799999713897705,74919
2026-09-14 12:24:00-04:00,1.7798999547958374,1.8300000429153442,1.7200000286102295,1.7899999618530273,70833
2026-09-14 12:25:00-04:00,1.8099000453948975,1.8099000453948975,1.76010000705719,1.7799999713897705,31521
2026-09-14 12:26:00-04:00,1.7990000247955322,1.7999999523162842,1.76010000705719,1.7699999809265137,15657
2026-09-14 12:27:00-04:00,1.7699999809265137,1.850000023841858,1.7699999809265137,1.8300000429153442,22092
2026-09-14 12:28:00-04:00,1.8350000381469727,1.8799999952316284,1.8200000524520874,1.8453999757766724,39002
2026-09-14 12:29:00-04:00,1.850000023841858,1.8650000095367432,1.8300000429153442,1.8619999885559082,9343
2026-09-14 12:30:00-04:00,1.8598999977111816,1.8598999977111816,1.8200000524520874,1.820099949836731,12514
2026-09-14 12:31:00-04:00,1.8301000595092773,1.840000033378601,1.809999942779541,1.8100999593734741,9825
2026-09-14 12:32:00-04:00,1.820099949836731,1.8499000072479248,1.8100999593734741,1.8499000072479248,4185
2026-09-14 12:33:00-04:00,1.8250000476837158,1.8250000476837158,1.8250000476837158,1.8250000476837158,1667
2026-09-14 12:34:00-04:00,1.8250000476837158,1.8250000476837158,1.809999942779541,1.8250000476837158,5481
2026-09-14 12:35:00-04:00,1.840000033378601,1.8799999952316284,1.8200000524520874,1.8700000047683716,10631
2026-09-14 12:36:00-04:00,1.8878999948501587,1.8898999691009521,1.8650000095367432,1.8650000095367432,2920
2026-09-14 12:37:00-04:00,1.8650000095367432,1.8899999856948853,1.8650000095367432,1.8865000009536743,6259
2026-09-14 12:38:00-04:00,1.8799999952316284,1.9199999570846558,1.87909996509552,1.909999966621399,13619
2026-09-14 12:39:00-04:00,1.9049999713897705,1.929900050163269,1.8801000118255615,1.9198999404907227,6538
2026-09-14 12:40:00-04:00,1.8899999856948853,1.909600019454956,1.8600000143051147,1.8700000047683716,8347
2026-09-14 12:41:00-04:00,1.8700000047683716,1.940000057220459,1.8700000047683716,1.9299999475479126,25124
2026-09-14 12:42:00-04:00,1.936400055885315,1.9900000095367432,1.9299999475479126,1.9700000286102295,48479
2026-09-14 12:43:00-04:00,1.9700000286102295,1.9800000190734863,1.8799999952316284,1.9450000524520874,40684
2026-09-14 12:44:00-04:00,1.909999966621399,1.9249999523162842,1.909999966621399,1.9199999570846558,4803
2026-09-14 12:45:00-04:00,1.9299999475479126,1.940000057220459,1.8700000047683716,1.909999966621399,19668
2026-09-14 12:46:00-04:00,1.9199999570846558,1.9500000476837158,1.9198999404907227,1.9305000305175781,11462
2026-09-14 12:47:00-04:00,1.9104000329971313,1.9800000190734863,1.909999966621399,1.9600000381469727,35606
2026-09-14 12:48:00-04:00,1.9600000381469727,1.9699000120162964,1.9299999475479126,1.9399000406265259,7598
2026-09-14 12:49:00-04:00,1.9299999475479126,1.9450000524520874,1.909999966621399,1.9249999523162842,15004
2026-09-14 12:50:00-04:00,1.9299999475479126,1.9299999475479126,1.850000023841858,1.8899999856948853,31452
2026-09-14 12:51:00-04:00,1.8939000368118286,1.909999966621399,1.8939000368118286,1.909999966621399,1380
2026-09-14 12:52:00-04:00,1.899999976158142,1.9043999910354614,1.8899999856948853,1.899999976158142,10204
2026-09-14 12:53:00-04:00,1.9394999742507935,1.9394999742507935,1.8700000047683716,1.8799999952316284,10077
2026-09-14 12:54:00-04:00,1.8701000213623047,1.8799999952316284,1.8601000308990479,1.8799999952316284,6627
2026-09-14 12:55:00-04:00,1.8707000017166138,1.8707000017166138,1.8600000143051147,1.86080002784729,951
2026-09-14 12:56:00-04:00,1.8638999462127686,1.8701000213623047,1.8638999462127686,1.8657000064849854,4467
2026-09-14 12:57:00-04:00,1.8600000143051147,1.8650000095367432,1.850000023841858,1.8600000143051147,4689
2026-09-14 12:58:00-04:00,1.850000023841858,1.8650000095367432,1.850000023841858,1.850000023841858,5646
2026-09-14 12:59:00-04:00,1.850000023841858,1.8698999881744385,1.850000023841858,1.8600000143051147,2458
2026-09-14 13:00:00-04:00,1.850000023841858,1.850000023841858,1.850000023841858,1.850000023841858,1588
2026-09-14 13:01:00-04:00,1.86899995803833,1.86899995803833,1.850000023841858,1.8600000143051147,3064
2026-09-14 13:02:00-04:00,1.850000023841858,1.8600000143051147,1.850000023841858,1.8600000143051147,2047
2026-09-14 13:03:00-04:00,1.8502000570297241,1.8509999513626099,1.809999942779541,1.8100999593734741,16502
2026-09-14 13:04:00-04:00,1.809999942779541,1.8499000072479248,1.809999942779541,1.8499000072479248,8236
2026-09-14 13:05:00-04:00,1.8300000429153442,1.840000033378601,1.7999999523162842,1.8200000524520874,11421
2026-09-14 13:06:00-04:00,1.8499000072479248,1.8499000072479248,1.8000999689102173,1.815000057220459,1368
2026-09-14 13:07:00-04:00,1.815000057220459,1.815000057220459,1.7999999523162842,1.804800033569336,2367
2026-09-14 13:08:00-04:00,1.809999942779541,1.8200000524520874,1.7999999523162842,1.8005000352859497,7536
2026-09-14 13:09:00-04:00,1.8200000524520874,1.850000023841858,1.809999942779541,1.850000023841858,7689
2026-09-14 13:10:00-04:00,1.850000023841858,1.850000023841858,1.840000033378601,1.840000033378601,1854
2026-09-14 13:11:00-04:00,1.840000033378601,1.850000023841858,1.809999942779541,1.8300000429153442,7803
2026-09-14 13:12:00-04:00,1.8250000476837158,1.8499000072479248,1.8250000476837158,1.8312000036239624,3228
2026-09-14 13:13:00-04:00,1.850000023841858,1.850000023841858,1.822100043296814,1.8350000381469727,2651
2026-09-14 13:14:00-04:00,1.850000023841858,1.850000023841858,1.850000023841858,1.850000023841858,2911
2026-09-14 13:15:00-04:00,1.840000033378601,1.850000023841858,1.8300000429153442,1.840000033378601,2373
2026-09-14 13:16:00-04:00,1.840000033378601,1.840000033378601,1.840000033378601,1.840000033378601,520
2026-09-14 13:17:00-04:00,1.8300000429153442,1.8499000072479248,1.8300000429153442,1.8301000595092773,9096
2026-09-14 13:18:00-04:00,1.8300000429153442,1.8356000185012817,1.8200000524520874,1.8300000429153442,13449
2026-09-14 13:19:00-04:00,1.850000023841858,1.850000023841858,1.840000033378601,1.850000023841858,4342
2026-09-14 13:20:00-04:00,1.8550000190734863,1.8550000190734863,1.840000033378601,1.840000033378601,4443
2026-09-14 13:21:00-04:00,1.8450000286102295,1.850000023841858,1.8387000560760498,1.8387000560760498,1044
2026-09-14 13:22:00-04:00,1.8300000429153442,1.850000023841858,1.8300000429153442,1.8389999866485596,1561
2026-09-14 13:23:00-04:00,1.8301000595092773,1.8600000143051147,1.8300000429153442,1.8300000429153442,7161
2026-09-14 13:24:00-04:00,1.8450000286102295,1.8450000286102295,1.8200000524520874,1.8300000429153442,2817
2026-09-14 13:25:00-04:00,1.8300000429153442,1.840000033378601,1.8300000429153442,1.840000033378601,380
2026-09-14 13:26:00-04:00,1.850000023841858,1.850000023841858,1.8300000429153442,1.850000023841858,1487
2026-09-14 13:27:00-04:00,1.8499000072479248,1.8499000072479248,1.809999942779541,1.8300000429153442,8933
2026-09-14 13:30:00-04:00,1.8108999729156494,1.8108999729156494,1.8108999729156494,1.8108999729156494,1321
2026-09-14 13:31:00-04:00,1.840000033378601,1.8554999828338623,1.8299000263214111,1.8554999828338623,3985
2026-09-14 13:32:00-04:00,1.8528000116348267,1.8528000116348267,1.8528000116348267,1.8528000116348267,460
2026-09-14 13:34:00-04:00,1.850000023841858,1.850000023841858,1.850000023841858,1.850000023841858,411
2026-09-14 13:35:00-04:00,1.8350000381469727,1.8350000381469727,1.8350000381469727,1.8350000381469727,931
2026-09-14 13:36:00-04:00,1.850000023841858,1.8600000143051147,1.850000023841858,1.8550000190734863,2363
2026-09-14 13:37:00-04:00,1.8550000190734863,1.8550000190734863,1.850000023841858,1.850000023841858,2219
2026-09-14 13:38:00-04:00,1.8450000286102295,1.8700000047683716,1.8450000286102295,1.8700000047683716,2932
2026-09-14 13:39:00-04:00,1.899999976158142,1.899999976158142,1.8799999952316284,1.8799999952316284,1774
2026-09-14 13:40:00-04:00,1.8799999952316284,1.899999976158142,1.8701000213623047,1.8701000213623047,3896
2026-09-14 13:41:00-04:00,1.8700000047683716,1.8849999904632568,1.8700000047683716,1.8799999952316284,2733
2026-09-14 13:42:00-04:00,1.899999976158142,1.899999976158142,1.8805999755859375,1.8899999856948853,8366
2026-09-14 13:43:00-04:00,1.8799999952316284,1.8801000118255615,1.8799999952316284,1.8801000118255615,1247
2026-09-14 13:44:00-04:00,1.8899999856948853,1.8899999856948853,1.8899999856948853,1.8899999856948853,621
2026-09-14 13:45:00-04:00,1.8803000450134277,1.8803000450134277,1.8803000450134277,1.8803000450134277,1130
2026-09-14 13:47:00-04:00,1.8849999904632568,1.8899999856948853,1.8801000118255615,1.8849999904632568,3981
2026-09-14 13:48:00-04:00,1.8899999856948853,1.940000057220459,1.8899999856948853,1.9399000406265259,9734
2026-09-14 13:49:00-04:00,1.9299999475479126,1.9299999475479126,1.8949999809265137,1.899999976158142,1660
2026-09-14 13:50:00-04:00,1.9199999570846558,1.9199999570846558,1.8905999660491943,1.9199999570846558,12288
2026-09-14 13:51:00-04:00,1.9149999618530273,1.940000057220459,1.9101999998092651,1.9385000467300415,11675
2026-09-14 13:52:00-04:00,1.9399000406265259,1.9399000406265259,1.927899956703186,1.9299999475479126,4278
2026-09-14 13:53:00-04:00,1.940000057220459,1.9500000476837158,1.9199999570846558,1.948099970817566,5737
2026-09-14 13:54:00-04:00,1.9358999729156494,1.9699000120162964,1.899999976158142,1.9450000524520874,18800
2026-09-14 13:55:00-04:00,1.9199999570846558,1.9199999570846558,1.9049999713897705,1.9113999605178833,4263
2026-09-14 13:56:00-04:00,1.9199999570846558,1.9500000476837158,1.9199999570846558,1.9386999607086182,6184
2026-09-14 13:57:00-04:00,1.9500000476837158,1.9500000476837158,1.9299999475479126,1.9399000406265259,6541
2026-09-14 13:58:00-04:00,1.8901000022888184,1.8912999629974365,1.8899999856948853,1.8912999629974365,963
2026-09-14 13:59:00-04:00,1.899999976158142,1.9149999618530273,1.899999976158142,1.9149999618530273,1178
2026-09-14 14:00:00-04:00,1.9149999618530273,1.9399000406265259,1.909999966621399,1.9399000406265259,8807
2026-09-14 14:01:00-04:00,1.9241000413894653,1.9299999475479126,1.9199999570846558,1.9199999570846558,578
2026-09-14 14:02:00-04:00,1.909999966621399,1.9249999523162842,1.909999966621399,1.9249999523162842,3135
2026-09-14 14:03:00-04:00,1.940000057220459,1.9500000476837158,1.9199999570846558,1.9500000476837158,5711
2026-09-14 14:04:00-04:00,1.9499000310897827,1.9499000310897827,1.9199999570846558,1.9199999570846558,9164
2026-09-14 14:05:00-04:00,1.9104000329971313,1.9500000476837158,1.9104000329971313,1.940000057220459,2600
2026-09-14 14:06:00-04:00,1.9499000310897827,1.9499000310897827,1.9199999570846558,1.9199999570846558,1131
2026-09-14 14:07:00-04:00,1.9199999570846558,1.9199999570846558,1.8700000047683716,1.899999976158142,5804
2026-09-14 14:08:00-04:00,1.8645999431610107,1.8799999952316284,1.8645999431610107,1.8799999952316284,4527
2026-09-14 14:10:00-04:00,1.8849999904632568,1.8885999917984009,1.8849999904632568,1.8885999917984009,1751
2026-09-14 14:11:00-04:00,1.899999976158142,1.899999976158142,1.899999976158142,1.899999976158142,454
2026-09-14 14:13:00-04:00,1.8700000047683716,1.8700000047683716,1.8700000047683716,1.8700000047683716,282
2026-09-14 14:14:00-04:00,1.8799999952316284,1.8799999952316284,1.8799999952316284,1.8799999952316284,552
2026-09-14 14:15:00-04:00,1.909999966621399,1.909999966621399,1.909999966621399,1.909999966621399,5256
2026-09-14 14:16:00-04:00,1.9199999570846558,1.9199999570846558,1.9199999570846558,1.9199999570846558,0
2026-09-14 14:17:00-04:00,1.8801000118255615,1.8801000118255615,1.8801000118255615,1.8801000118255615,1381
2026-09-14 14:19:00-04:00,1.8901000022888184,1.8901000022888184,1.8901000022888184,1.8901000022888184,1746
2026-09-14 14:20:00-04:00,1.8899999856948853,1.9299999475479126,1.8899999856948853,1.9299999475479126,1513
2026-09-14 14:21:00-04:00,1.9199999570846558,1.9290000200271606,1.910099983215332,1.910099983215332,1340
2026-09-14 14:22:00-04:00,1.929900050163269,1.929900050163269,1.929900050163269,1.929900050163269,0
2026-09-14 14:23:00-04:00,1.909999966621399,1.929900050163269,1.909999966621399,1.929900050163269,3575
2026-09-14 14:24:00-04:00,1.9199999570846558,1.9199999570846558,1.9199999570846558,1.9199999570846558,145
2026-09-14 14:25:00-04:00,1.9117000102996826,1.9199999570846558,1.909999966621399,1.9129999876022339,3341
2026-09-14 14:27:00-04:00,1.9299999475479126,1.9394999742507935,1.9299999475479126,1.9394999742507935,2475
2026-09-14 14:28:00-04:00,1.934999942779541,1.9395999908447266,1.934999942779541,1.9395999908447266,1640
2026-09-14 14:29:00-04:00,1.934999942779541,1.9392000436782837,1.934999942779541,1.9392000436782837,684
2026-09-14 14:30:00-04:00,1.9299999475479126,1.9313000440597534,1.9299999475479126,1.9313000440597534,1330
2026-09-14 14:31:00-04:00,1.9299999475479126,1.9300999641418457,1.9299999475479126,1.9299999475479126,3161
2026-09-14 14:32:00-04:00,1.934999942779541,1.9700000286102295,1.9299999475479126,1.9693000316619873,14427
2026-09-14 14:33:00-04:00,1.9600000381469727,1.9700000286102295,1.9500000476837158,1.9545999765396118,9231
2026-09-14 14:34:00-04:00,1.9600000381469727,1.9600000381469727,1.9600000381469727,1.9600000381469727,954
2026-09-14 14:35:00-04:00,1.9500000476837158,1.9600000381469727,1.9500000476837158,1.9600000381469727,800
2026-09-14 14:36:00-04:00,1.9500000476837158,1.9599000215530396,1.940000057220459,1.9599000215530396,6937
2026-09-14 14:37:00-04:00,1.9611999988555908,1.9800000190734863,1.9600000381469727,1.9800000190734863,8383
2026-09-14 14:38:00-04:00,1.9600000381469727,1.9665000438690186,1.9299999475479126,1.9299999475479126,7274
2026-09-14 14:39:00-04:00,1.9299999475479126,1.9788999557495117,1.9299999475479126,1.9550000429153442,3320
2026-09-14 14:40:00-04:00,1.9300999641418457,1.9352999925613403,1.8901000022888184,1.9299999475479126,9610
2026-09-14 14:41:00-04:00,1.910099983215332,1.929900050163269,1.910099983215332,1.929900050163269,521
2026-09-14 14:42:00-04:00,1.9199999570846558,1.9199999570846558,1.9199999570846558,1.9199999570846558,518
2026-09-14 14:43:00-04:00,1.9199999570846558,1.9199999570846558,1.909999966621399,1.909999966621399,3742
2026-09-14 14:44:00-04:00,1.9299999475479126,1.9299999475479126,1.9299999475479126,1.9299999475479126,598
2026-09-14 14:45:00-04:00,1.940000057220459,1.940000057220459,1.9299999475479126,1.9299999475479126,4020
2026-09-14 14:46:00-04:00,1.9299999475479126,1.9299999475479126,1.9299999475479126,1.9299999475479126,712
2026-09-14 14:47:00-04:00,1.9500000476837158,1.9500000476837158,1.9479999542236328,1.9490000009536743,1079
2026-09-14 14:48:00-04:00,1.9299999475479126,1.9299999475479126,1.9299999475479126,1.9299999475479126,1233
2026-09-14 14:49:00-04:00,1.9299999475479126,1.934999942779541,1.9299999475479126,1.9301999807357788,1960
2026-09-14 14:50:00-04:00,1.9325000047683716,1.9700000286102295,1.9325000047683716,1.9594000577926636,6027
2026-09-14 14:51:00-04:00,1.9500000476837158,1.968999981880188,1.940000057220459,1.968999981880188,2004
2026-09-14 14:52:00-04:00,1.9600000381469727,1.9700000286102295,1.9600000381469727,1.969499945640564,1319
2026-09-14 14:54:00-04:00,1.9600000381469727,1.9600000381469727,1.9500000476837158,1.9500000476837158,7540
2026-09-14 14:55:00-04:00,1.9600000381469727,1.9600000381469727,1.9500000476837158,1.9500000476837158,692
2026-09-14 14:58:00-04:00,1.9600000381469727,2.0399999618530273,1.9600000381469727,2.0299999713897705,42486
2026-09-14 14:59:00-04:00,2.039900064468384,2.059999942779541,2.0,2.049999952316284,31031
2026-09-14 15:00:00-04:00,2.0450000762939453,2.0450000762939453,2.0299999713897705,2.0380001068115234,7924
2026-09-14 15:01:00-04:00,2.0399999618530273,2.0943000316619873,2.0399999618530273,2.049999952316284,33114
2026-09-14 15:02:00-04:00,2.0850000381469727,2.140000104904175,2.0399999618530273,2.049999952316284,63149
2026-09-14 15:03:00-04:00,2.0553998947143555,2.0799999237060547,2.0199999809265137,2.0799999237060547,37759
2026-09-14 15:04:00-04:00,2.060800075531006,2.0778000354766846,2.0399999618530273,2.065000057220459,21133
2026-09-14 15:05:00-04:00,2.069999933242798,2.075000047683716,2.0306999683380127,2.049999952316284,20541
2026-09-14 15:06:00-04:00,2.049999952316284,2.0999999046325684,2.0399999618530273,2.075000047683716,27328
2026-09-14 15:07:00-04:00,2.0601000785827637,2.0799999237060547,2.059999942779541,2.075000047683716,2345
2026-09-14 15:08:00-04:00,2.075000047683716,2.1050000190734863,2.075000047683716,2.0950000286102295,13297
2026-09-14 15:09:00-04:00,2.0899999141693115,2.099900007247925,2.0399999618530273,2.069999933242798,39880
2026-09-14 15:10:00-04:00,2.079900026321411,2.079900026321411,2.049999952316284,2.055000066757202,4386
2026-09-14 15:11:00-04:00,2.059999942779541,2.0899999141693115,2.059999942779541,2.0799999237060547,12559
2026-09-14 15:12:00-04:00,2.0799999237060547,2.0899999141693115,2.065000057220459,2.065000057220459,3754
2026-09-14 15:13:00-04:00,2.0401999950408936,2.0797998905181885,2.0401999950408936,2.0797998905181885,3033
2026-09-14 15:14:00-04:00,2.0757999420166016,2.0999999046325684,2.069999933242798,2.0850000381469727,12175
2026-09-14 15:15:00-04:00,2.092600107192993,2.0999999046325684,1.9500999450683594,2.0999999046325684,24963
2026-09-14 15:16:00-04:00,2.0999999046325684,2.1500000953674316,2.0799999237060547,2.0799999237060547,35326
2026-09-14 15:17:00-04:00,2.0899999141693115,2.0999999046325684,2.0899999141693115,2.0922000408172607,4748
2026-09-14 15:18:00-04:00,2.0999999046325684,2.119999885559082,2.0899999141693115,2.109999895095825,4857
2026-09-14 15:19:00-04:00,2.130000114440918,2.130000114440918,2.115000009536743,2.115000009536743,5181
2026-09-14 15:20:00-04:00,2.1050000190734863,2.140000104904175,2.101300001144409,2.140000104904175,18427
2026-09-14 15:21:00-04:00,2.140000104904175,2.1500000953674316,2.109999895095825,2.1201999187469482,22422
2026-09-14 15:22:00-04:00,2.130000114440918,2.1500000953674316,2.119999885559082,2.140000104904175,17871
2026-09-14 15:23:00-04:00,2.140000104904175,2.190000057220459,2.140000104904175,2.159899950027466,50084
2026-09-14 15:24:00-04:00,2.1600000858306885,2.190000057220459,2.1500000953674316,2.1500000953674316,46408
2026-09-14 15:25:00-04:00,2.1600000858306885,2.190000057220459,2.1600000858306885,2.184999942779541,36065
2026-09-14 15:26:00-04:00,2.184999942779541,2.190000057220459,2.0899999141693115,2.0999999046325684,63385
2026-09-14 15:27:00-04:00,2.109999895095825,2.1798999309539795,2.101599931716919,2.1700000762939453,37645
2026-09-14 15:28:00-04:00,2.1600000858306885,2.200000047683716,2.1600000858306885,2.194999933242798,38603
2026-09-14 15:29:00-04:00,2.194999933242798,2.196500062942505,2.121799945831299,2.180000066757202,43160
2026-09-14 15:30:00-04:00,2.1700000762939453,2.180000066757202,2.140000104904175,2.1700000762939453,16310
2026-09-14 15:31:00-04:00,2.1649999618530273,2.200000047683716,2.1649999618530273,2.190000057220459,28182
2026-09-14 15:32:00-04:00,2.190000057220459,2.200000047683716,2.1600000858306885,2.190000057220459,39170
2026-09-14 15:33:00-04:00,2.196899890899658,2.196899890899658,2.1600000858306885,2.1700000762939453,17255
2026-09-14 15:34:00-04:00,2.180000066757202,2.2100000381469727,2.1700000762939453,2.200000047683716,23165
2026-09-14 15:35:00-04:00,2.2053000926971436,2.208899974822998,2.1700000762939453,2.1700000762939453,39431
2026-09-14 15:36:00-04:00,2.1700000762939453,2.180000066757202,2.1500000953674316,2.1698999404907227,22632
2026-09-14 15:37:00-04:00,2.1600000858306885,2.1649999618530273,2.119999885559082,2.149899959564209,26094
2026-09-14 15:38:00-04:00,2.140000104904175,2.1449999809265137,2.1301000118255615,2.1301000118255615,5507
2026-09-14 15:39:00-04:00,2.131999969482422,2.180000066757202,2.131999969482422,2.1600000858306885,13976
2026-09-14 15:40:00-04:00,2.188999891281128,2.200000047683716,2.1700000762939453,2.174999952316284,22374
2026-09-14 15:41:00-04:00,2.1600000858306885,2.1798999309539795,2.140000104904175,2.169800043106079,11147
2026-09-14 15:42:00-04:00,2.1500000953674316,2.1500000953674316,2.109999895095825,2.130000114440918,19198
2026-09-14 15:43:00-04:00,2.130000114440918,2.140000104904175,2.125,2.1287999153137207,10991
2026-09-14 15:44:00-04:00,2.130000114440918,2.1898999214172363,2.130000114440918,2.1600000858306885,16844
2026-09-14 15:45:00-04:00,2.1600000858306885,2.1700000762939453,2.1600000858306885,2.160099983215332,10930
2026-09-14 15:46:00-04:00,2.1649999618530273,2.1700000762939453,2.1500000953674316,2.1500000953674316,7657
2026-09-14 15:47:00-04:00,2.1600000858306885,2.1600000858306885,2.1500000953674316,2.1500000953674316,3023
2026-09-14 15:48:00-04:00,2.1500000953674316,2.1649999618530273,2.1449999809265137,2.160099983215332,9654
2026-09-14 15:49:00-04:00,2.1600000858306885,2.190000057220459,2.1600000858306885,2.1700000762939453,16039
2026-09-14 15:50:00-04:00,2.180000066757202,2.2298998832702637,2.180000066757202,2.220099925994873,41290
2026-09-14 15:51:00-04:00,2.221100091934204,2.221100091934204,2.180000066757202,2.2200000286102295,26011
2026-09-14 15:52:00-04:00,2.2149999141693115,2.25,2.200000047683716,2.2202999591827393,43194
2026-09-14 15:53:00-04:00,2.2360999584198,2.2799999713897705,2.2200000286102295,2.2699999809265137,54062
2026-09-14 15:54:00-04:00,2.2699999809265137,2.299999952316284,2.240000009536743,2.2500998973846436,108883
2026-09-14 15:55:00-04:00,2.2850000858306885,2.299999952316284,2.259999990463257,2.2799999713897705,38197
2026-09-14 15:56:00-04:00,2.2908999919891357,2.359999895095825,2.2799999713897705,2.299999952316284,80014
2026-09-14 15:57:00-04:00,2.305000066757202,2.319999933242798,2.2799999713897705,2.2850000858306885,42433
2026-09-14 15:58:00-04:00,2.2850000858306885,2.319999933242798,2.2850000858306885,2.3134000301361084,69190
2026-09-14 15:59:00-04:00,2.309999942779541,2.309999942779541,2.25,2.2799999713897705,64015
2026-09-14 16:00:00-04:00,2.29,2.29,2.24,2.2482,10342
2026-09-14 16:01:00-04:00,2.2517,2.26,2.22,2.22,0
2026-09-14 16:02:00-04:00,2.25,2.25,2.22,2.22,0
2026-09-14 16:03:00-04:00,2.22,2.2599,2.22,2.2585,0
2026-09-14 16:04:00-04:00,2.25,2.29,2.25,2.26,0
2026-09-14 16:05:00-04:00,2.25,2.26,2.23,2.2495,0
2026-09-14 16:06:00-04:00,2.25,2.25,2.24,2.24,0
2026-09-14 16:07:00-04:00,2.2398,2.24,2.22,2.22,0
2026-09-14 16:08:00-04:00,2.219,2.22,2.18,2.1804,0
2026-09-14 16:09:00-04:00,2.2008,2.22,2.19,2.1999,0
2026-09-14 16:10:00-04:00,2.1998,2.29,2.19,2.22,0
2026-09-14 16:11:00-04:00,2.22,2.26,2.22,2.24,0
2026-09-14 16:12:00-04:00,2.24,2.26,2.23,2.25,0
2026-09-14 16:13:00-04:00,2.26,2.26,2.24,2.2599,0
2026-09-14 16:14:00-04:00,2.25,2.31,2.23,2.31,0
2026-09-14 16:15:00-04:00,2.309,2.32,2.281,2.281,0
2026-09-14 16:16:00-04:00,2.2992,2.3,2.27,2.27,0
2026-09-14 16:17:00-04:00,2.27,2.3,2.27,2.2994,0
2026-09-14 16:18:00-04:00,2.2999,2.3,2.27,2.29,0
2026-09-14 16:19:00-04:00,2.28,2.28,2.21,2.2294,0
2026-09-14 16:20:00-04:00,2.22,2.23,2.21,2.21,0
2026-09-14 16:21:00-04:00,2.2107,2.23,2.21,2.22,0
2026-09-14 16:22:00-04:00,2.23,2.25,2.23,2.25,0
2026-09-14 16:23:00-04:00,2.25,2.25,2.23,2.24,0
2026-09-14 16:24:00-04:00,2.23,2.2399,2.21,2.22,0
2026-09-14 16:25:00-04:00,2.21,2.21,2.2,2.2007,0
2026-09-14 16:26:00-04:00,2.2,2.24,2.2,2.24,0
2026-09-14 16:27:00-04:00,2.24,2.24,2.21,2.21,0
2026-09-14 16:28:00-04:00,2.21,2.25,2.21,2.25,0
2026-09-14 16:29:00-04:00,2.24,2.24,2.24,2.24,0
2026-09-14 16:30:00-04:00,2.22,2.25,2.21,2.25,0
2026-09-14 16:31:00-04:00,2.25,2.25,2.24,2.2485,0
2026-09-14 16:32:00-04:00,2.25,2.25,2.2497,2.25,0
2026-09-14 16:33:00-04:00,2.2491,2.2491,2.22,2.22,0
2026-09-14 16:34:00-04:00,2.24,2.24,2.23,2.24,0
2026-09-14 16:35:00-04:00,2.21,2.24,2.21,2.2117,0
2026-09-14 16:36:00-04:00,2.25,2.25,2.23,2.25,0
2026-09-14 16:37:00-04:00,2.2501,2.26,2.25,2.26,0
2026-09-14 16:38:00-04:00,2.26,2.26,2.25,2.26,0
2026-09-14 16:39:00-04:00,2.25,2.26,2.25,2.26,0
2026-09-14 16:40:00-04:00,2.25,2.26,2.25,2.26,0
2026-09-14 16:41:00-04:00,2.26,2.26,2.25,2.25,0
2026-09-14 16:42:00-04:00,2.26,2.67,2.26,2.56,0
2026-09-14 16:43:00-04:00,2.55,2.6901,2.4,2.6296,0
2026-09-14 16:44:00-04:00,2.61,2.74,2.53,2.64,0
2026-09-14 16:45:00-04:00,2.6245,2.65,2.5,2.53,0
2026-09-14 16:46:00-04:00,2.53,2.61,2.53,2.5517,0
2026-09-14 16:47:00-04:00,2.541,2.68,2.5306,2.6199,0
2026-09-14 16:48:00-04:00,2.6196,2.76,2.6,2.71,0
2026-09-14 16:49:00-04:00,2.7,2.8,2.67,2.7417,0
2026-09-14 16:50:00-04:00,2.74,2.75,2.65,2.709,0
2026-09-14 16:51:00-04:00,2.72,2.8,2.7,2.7307,0
2026-09-14 16:52:00-04:00,2.73,2.83,2.69,2.82,0
2026-09-14 16:53:00-04:00,2.8169,2.8169,2.72,2.7593,0
2026-09-14 16:54:00-04:00,2.7597,2.8,2.72,2.7715,0
2026-09-14 16:55:00-04:00,2.7715,2.79,2.72,2.7232,0
2026-09-14 16:56:00-04:00,2.74,2.8,2.72,2.7485,0
2026-09-14 16:57:00-04:00,2.75,2.78,2.66,2.73,0
2026-09-14 16:58:00-04:00,2.72,2.78,2.68,2.75,0
2026-09-14 16:59:00-04:00,2.7507,2.8797,2.73,2.8293,0
2026-09-14 17:00:00-04:00,2.83,2.89,2.81,2.8793,0
2026-09-14 17:01:00-04:00,2.88,2.94,2.86,2.8797,0
2026-09-14 17:02:00-04:00,2.8799,2.9,2.83,2.8798,0
2026-09-14 17:03:00-04:00,2.8701,3.05,2.8701,3.0485,0
2026-09-14 17:04:00-04:00,3.05,3.07,2.94,2.96,0
2026-09-14 17:05:00-04:00,2.952,3.05,2.95,3.02,0
2026-09-14 17:06:00-04:00,3.0151,3.15,3.01,3.09,0
2026-09-14 17:07:00-04:00,3.09,3.14,3.08,3.14,0
2026-09-14 17:08:00-04:00,3.1302,3.29,3.13,3.25,0
2026-09-14 17:09:00-04:00,3.25,3.27,3.19,3.2193,0
2026-09-14 17:10:00-04:00,3.2193,3.26,3.2,3.25,0
2026-09-14 17:11:00-04:00,3.2469,3.25,3.15,3.1724,0
2026-09-14 17:12:00-04:00,3.16,3.18,3.0103,3.0403,0
2026-09-14 17:13:00-04:00,3.05,3.1,3.04,3.09,0
2026-09-14 17:14:00-04:00,3.09,3.0997,3.04,3.0507,0
2026-09-14 17:15:00-04:00,3.07,3.19,3.06,3.1693,0
2026-09-14 17:16:00-04:00,3.1601,3.21,3.13,3.1715,0
2026-09-14 17:17:00-04:00,3.16,3.28,3.15,3.2507,0
2026-09-14 17:18:00-04:00,3.26,3.38,3.25,3.36,0
2026-09-14 17:19:00-04:00,3.3507,3.38,3.3,3.31,0
2026-09-14 17:20:00-04:00,3.329,3.33,3.25,3.2807,0
2026-09-14 17:21:00-04:00,3.28,3.4,3.28,3.35,0
2026-09-14 17:22:00-04:00,3.3403,3.36,3.18,3.23,0
2026-09-14 17:23:00-04:00,3.2207,3.26,3.18,3.2,0
2026-09-14 17:24:00-04:00,3.18,3.33,3.17,3.29,0
2026-09-14 17:25:00-04:00,3.29,3.35,3.28,3.2807,0
2026-09-14 17:26:00-04:00,3.2898,3.33,3.22,3.33,0
2026-09-14 17:27:00-04:00,3.32,3.33,3.26,3.28,0
2026-09-14 17:28:00-04:00,3.2702,3.4,3.22,3.32,0
2026-09-14 17:29:00-04:00,3.315,3.33,3.26,3.2897,0
2026-09-14 17:30:00-04:00,3.28,3.41,3.28,3.3815,0
2026-09-14 17:31:00-04:00,3.3803,3.51,3.37,3.4193,0
2026-09-14 17:32:00-04:00,3.42,3.42,3.35,3.38,0
2026-09-14 17:33:00-04:00,3.3793,3.45,3.36,3.4302,0
2026-09-14 17:34:00-04:00,3.43,3.5,3.4,3.46,0
2026-09-14 17:35:00-04:00,3.4607,3.59,3.46,3.51,0
2026-09-14 17:36:00-04:00,3.5093,3.8,3.5,3.7697,0
2026-09-14 17:37:00-04:00,3.769,3.77,3.61,3.7,0
2026-09-14 17:38:00-04:00,3.69,3.74,3.66,3.68,0
2026-09-14 17:39:00-04:00,3.67,3.83,3.67,3.8007,0
2026-09-14 17:40:00-04:00,3.808,3.83,3.66,3.6783,0
2026-09-14 17:41:00-04:00,3.7,3.74,3.6,3.69,0
2026-09-14 17:42:00-04:00,3.6997,3.7,3.65,3.6799,0
2026-09-14 17:43:00-04:00,3.68,3.73,3.67,3.6899,0
2026-09-14 17:44:00-04:00,3.69,3.69,3.6,3.66,0
2026-09-14 17:45:00-04:00,3.6598,3.82,3.65,3.79,0
2026-09-14 17:46:00-04:00,3.798,3.9,3.75,3.8393,0
2026-09-14 17:47:00-04:00,3.8385,3.87,3.8,3.84,0
2026-09-14 17:48:00-04:00,3.8397,3.85,3.75,3.7898,0
2026-09-14 17:49:00-04:00,3.78,3.91,3.75,3.76,0
2026-09-14 17:50:00-04:00,3.76,3.92,3.75,3.9,0
2026-09-14 17:51:00-04:00,3.8803,3.98,3.87,3.97,0
2026-09-14 17:52:00-04:00,3.98,4.0,3.92,3.998,0
2026-09-14 17:53:00-04:00,4.0,4.11,3.99,4.08,0
2026-09-14 17:54:00-04:00,4.07,4.09,3.92,3.99,0
2026-09-14 17:55:00-04:00,4.0,4.02,3.91,3.94,0
2026-09-14 17:56:00-04:00,3.95,4.05,3.93,4.02,0
2026-09-14 17:57:00-04:00,4.03,4.05,3.94,4.0331,0
2026-09-14 17:58:00-04:00,4.0483,4.1,3.91,3.96,0
2026-09-14 17:59:00-04:00,3.9699,4.0,3.91,3.91,0
2026-09-14 18:00:00-04:00,3.91,3.97,3.91,3.9107,0
2026-09-14 18:01:00-04:00,3.9186,3.92,3.8,3.8801,0
2026-09-14 18:02:00-04:00,3.889,3.9899,3.85,3.8507,0
2026-09-14 18:03:00-04:00,3.8593,3.8969,3.8,3.84,0
2026-09-14 18:04:00-04:00,3.84,3.89,3.84,3.87,0
2026-09-14 18:05:00-04:00,3.8693,3.87,3.77,3.78,0
2026-09-14 18:06:00-04:00,3.79,3.82,3.77,3.8,0
2026-09-14 18:07:00-04:00,3.8007,3.81,3.7,3.7098,0
2026-09-14 18:08:00-04:00,3.71,3.78,3.6897,3.7499,0
2026-09-14 18:09:00-04:00,3.75,3.77,3.72,3.72,0
2026-09-14 18:10:00-04:00,3.73,3.7383,3.69,3.6993,0
2026-09-14 18:11:00-04:00,3.7,3.72,3.65,3.68,0
2026-09-14 18:12:00-04:00,3.6893,3.7,3.62,3.6306,0
2026-09-14 18:13:00-04:00,3.6305,3.74,3.58,3.71,0
2026-09-14 18:14:00-04:00,3.7115,3.79,3.71,3.7693,0
2026-09-14 18:15:00-04:00,3.7699,3.78,3.74,3.748,0
2026-09-14 18:16:00-04:00,3.7497,3.75,3.69,3.72,0
2026-09-14 18:17:00-04:00,3.7297,3.73,3.67,3.67,0
2026-09-14 18:18:00-04:00,3.67,3.79,3.65,3.77,0
2026-09-14 18:19:00-04:00,3.77,3.88,3.75,3.8398,0
2026-09-14 18:20:00-04:00,3.838,3.89,3.838,3.88,0
2026-09-14 18:21:00-04:00,3.89,3.91,3.86,3.91,0
2026-09-14 18:22:00-04:00,3.9007,3.98,3.9,3.904,0
2026-09-14 18:23:00-04:00,3.92,3.92,3.84,3.87,0
2026-09-14 18:24:00-04:00,3.8517,3.93,3.85,3.91,0
2026-09-14 18:25:00-04:00,3.92,3.92,3.81,3.862,0
2026-09-14 18:26:00-04:00,3.8607,3.92,3.85,3.9,0
2026-09-14 18:27:00-04:00,3.88,3.9398,3.83,3.84,0
2026-09-14 18:28:00-04:00,3.84,3.8736,3.84,3.86,0
2026-09-14 18:29:00-04:00,3.8507,3.86,3.81,3.8405,0
2026-09-14 18:30:00-04:00,3.84,3.84,3.8,3.83,0
2026-09-14 18:31:00-04:00,3.82,3.9,3.8198,3.89,0
2026-09-14 18:32:00-04:00,3.89,3.89,3.85,3.8802,0
2026-09-14 18:33:00-04:00,3.88,3.9,3.86,3.9,0
2026-09-14 18:34:00-04:00,3.89,3.9,3.8,3.8086,0
2026-09-14 18:35:00-04:00,3.8086,3.84,3.78,3.81,0
2026-09-14 18:36:00-04:00,3.8208,3.833,3.78,3.78,0
2026-09-14 18:37:00-04:00,3.79,3.8,3.76,3.78,0
2026-09-14 18:38:00-04:00,3.78,3.83,3.7602,3.7997,0
2026-09-14 18:39:00-04:00,3.79,3.84,3.79,3.8196,0
2026-09-14 18:40:00-04:00,3.8193,3.82,3.8,3.8197,0
2026-09-14 18:41:00-04:00,3.8001,3.82,3.78,3.7817,0
2026-09-14 18:42:00-04:00,3.78,3.8,3.75,3.7693,0
2026-09-14 18:43:00-04:00,3.76,3.88,3.75,3.86,0
2026-09-14 18:44:00-04:00,3.87,4.0,3.85,3.95,0
2026-09-14 18:45:00-04:00,3.948,3.99,3.92,3.9201,0
2026-09-14 18:46:00-04:00,3.92,4.0,3.92,3.97,0
2026-09-14 18:47:00-04:00,3.9585,3.98,3.93,3.95,0
2026-09-14 18:48:00-04:00,3.949,3.98,3.8001,3.88,0
2026-09-14 18:49:00-04:00,3.8769,3.95,3.86,3.9305,0
2026-09-14 18:50:00-04:00,3.93,3.94,3.9,3.9383,0
2026-09-14 18:51:00-04:00,3.9203,3.95,3.88,3.9098,0
2026-09-14 18:52:00-04:00,3.905,3.94,3.9,3.93,0
2026-09-14 18:53:00-04:00,3.92,3.93,3.91,3.92,0
2026-09-14 18:54:00-04:00,3.92,3.93,3.88,3.9099,0
2026-09-14 18:55:00-04:00,3.9069,3.91,3.88,3.91,0
2026-09-14 18:56:00-04:00,3.89,3.91,3.88,3.89,0
2026-09-14 18:57:00-04:00,3.9,3.93,3.88,3.9,0
2026-09-14 18:58:00-04:00,3.8915,3.916,3.86,3.8607,0
2026-09-14 18:59:00-04:00,3.86,3.9069,3.82,3.8985,0
2026-09-14 19:00:00-04:00,3.89,3.97,3.89,3.92,0
2026-09-14 19:01:00-04:00,3.93,3.93,3.88,3.9,0
2026-09-14 19:02:00-04:00,3.8999,3.94,3.8807,3.91,0
2026-09-14 19:03:00-04:00,3.92,3.93,3.91,3.93,0
2026-09-14 19:04:00-04:00,3.9203,3.93,3.9,3.918,0
2026-09-14 19:05:00-04:00,3.9115,3.92,3.88,3.8807,0
2026-09-14 19:06:00-04:00,3.8885,3.94,3.8885,3.9203,0
2026-09-14 19:07:00-04:00,3.93,3.93,3.8803,3.93,0
2026-09-14 19:08:00-04:00,3.93,3.93,3.91,3.9298,0
2026-09-14 19:09:00-04:00,3.9203,3.93,3.88,3.91,0
2026-09-14 19:10:00-04:00,3.91,3.91,3.88,3.8907,0
2026-09-14 19:11:00-04:00,3.8907,3.9,3.82,3.84,0
2026-09-14 19:12:00-04:00,3.8397,3.87,3.83,3.86,0
2026-09-14 19:13:00-04:00,3.868,3.87,3.82,3.86,0
2026-09-14 19:14:00-04:00,3.83,3.86,3.83,3.8597,0
2026-09-14 19:15:00-04:00,3.86,3.9,3.85,3.85,0
2026-09-14 19:16:00-04:00,3.86,3.89,3.85,3.86,0
2026-09-14 19:17:00-04:00,3.86,3.87,3.85,3.8607,0
2026-09-14 19:18:00-04:00,3.87,3.87,3.83,3.85,0
2026-09-14 19:19:00-04:00,3.84,3.85,3.8,3.8,0
2026-09-14 19:20:00-04:00,3.8006,3.87,3.8,3.8506,0
2026-09-14 19:21:00-04:00,3.8698,3.87,3.84,3.84,0
2026-09-14 19:22:00-04:00,3.84,3.85,3.8393,3.8393,0
2026-09-14 19:23:00-04:00,3.84,3.85,3.83,3.8397,0
2026-09-14 19:24:00-04:00,3.84,3.84,3.8,3.82,0
2026-09-14 19:25:00-04:00,3.81,3.84,3.81,3.82,0
2026-09-14 19:26:00-04:00,3.82,3.83,3.81,3.82,0
2026-09-14 19:27:00-04:00,3.81,3.84,3.8,3.8299,0
2026-09-14 19:28:00-04:00,3.85,3.86,3.83,3.84,0
2026-09-14 19:29:00-04:00,3.8399,3.89,3.82,3.888,0
2026-09-14 19:30:00-04:00,3.88,3.93,3.83,3.9,0
2026-09-14 19:31:00-04:00,3.9,4.07,3.9,3.97,0
2026-09-14 19:32:00-04:00,3.97,4.03,3.96,3.98,0
2026-09-14 19:33:00-04:00,3.98,3.99,3.91,3.9607,0
2026-09-14 19:34:00-04:00,3.96,4.02,3.96,4.0199,0
2026-09-14 19:35:00-04:00,4.0107,4.04,3.98,3.992,0
2026-09-14 19:36:00-04:00,3.9898,4.03,3.94,3.9485,0
2026-09-14 19:37:00-04:00,3.94,3.99,3.94,3.98,0
2026-09-14 19:38:00-04:00,3.97,4.0,3.97,3.9807,0
2026-09-14 19:39:00-04:00,3.98,3.9993,3.98,3.9897,0
2026-09-14 19:40:00-04:00,3.9805,3.99,3.97,3.97,0
2026-09-14 19:41:00-04:00,3.9701,4.0283,3.95,4.0283,0
2026-09-14 19:42:00-04:00,4.02,4.1,3.99,4.05,0
2026-09-14 19:43:00-04:00,4.069,4.12,4.05,4.095,0
2026-09-14 19:44:00-04:00,4.0907,4.19,4.09,4.1417,0
2026-09-14 19:45:00-04:00,4.15,4.17,4.06,4.07,0
2026-09-14 19:46:00-04:00,4.07,4.14,4.06,4.1301,0
2026-09-14 19:47:00-04:00,4.13,4.14,4.1,4.14,0
2026-09-14 19:48:00-04:00,4.1209,4.14,4.1,4.138,0
2026-09-14 19:49:00-04:00,4.13,4.1798,4.1,4.1007,0
2026-09-14 19:50:00-04:00,4.1093,4.17,4.1,4.17,0
2026-09-14 19:51:00-04:00,4.17,4.2,4.13,4.19,0
2026-09-14 19:52:00-04:00,4.19,4.19,4.15,4.18,0
2026-09-14 19:53:00-04:00,4.17,4.19,4.16,4.19,0
2026-09-14 19:54:00-04:00,4.19,4.25,4.1793,4.25,0
2026-09-14 19:55:00-04:00,4.24,4.25,4.15,4.1931,0
2026-09-14 19:56:00-04:00,4.2,4.2,4.12,4.1607,0
2026-09-14 19:57:00-04:00,4.16,4.19,4.15,4.16,0
2026-09-14 19:58:00-04:00,4.1618,4.22,4.16,4.22,0
2026-09-14 19:59:00-04:00,4.22,4.22,4.1,4.2,0
2026-09-15 04:00:00-04:00,4.0503,4.3397,3.95,4.2212,0
2026-09-15 04:01:00-04:00,4.22,4.26,3.95,4.0087,0
2026-09-15 04:02:00-04:00,4.0012,4.05,3.95,3.9587,0
2026-09-15 04:03:00-04:00,3.95,4.08,3.94,4.0105,0
2026-09-15 04:04:00-04:00,4.0198,4.08,4.0,4.0312,0
2026-09-15 04:05:00-04:00,4.0303,4.21,3.7805,3.8,0
2026-09-15 04:06:00-04:00,3.8075,3.86,3.76,3.78,0
2026-09-15 04:07:00-04:00,3.7796,3.8497,3.73,3.7502,0
2026-09-15 04:08:00-04:00,3.7512,3.85,3.7,3.8188,0
2026-09-15 04:09:00-04:00,3.82,3.86,3.77,3.839,0
2026-09-15 04:10:00-04:00,3.8387,3.89,3.81,3.88,0
2026-09-15 04:11:00-04:00,3.8702,3.91,3.85,3.8589,0
2026-09-15 04:12:00-04:00,3.8513,3.86,3.81,3.8187,0
2026-09-15 04:13:00-04:00,3.8187,3.8697,3.81,3.8587,0
2026-09-15 04:14:00-04:00,3.8587,3.86,3.8318,3.86,0
2026-09-15 04:15:00-04:00,3.8587,3.8599,3.82,3.8313,0
2026-09-15 04:16:00-04:00,3.8312,3.84,3.8,3.8013,0
2026-09-15 04:17:00-04:00,3.8,3.81,3.72,3.7487,0
2026-09-15 04:18:00-04:00,3.7402,3.7402,3.66,3.6994,0
2026-09-15 04:19:00-04:00,3.6998,3.72,3.66,3.7095,0
2026-09-15 04:20:00-04:00,3.7091,3.71,3.6901,3.6987,0
2026-09-15 04:21:00-04:00,3.6903,3.7,3.6702,3.68,0
2026-09-15 04:22:00-04:00,3.6788,3.73,3.6703,3.7109,0
2026-09-15 04:23:00-04:00,3.7195,3.74,3.7,3.7395,0
2026-09-15 04:24:00-04:00,3.7387,3.76,3.7,3.7195,0
2026-09-15 04:25:00-04:00,3.7103,3.7189,3.61,3.6213,0
2026-09-15 04:26:00-04:00,3.6287,3.65,3.59,3.63,0
2026-09-15 04:27:00-04:00,3.6388,3.67,3.63,3.67,0
2026-09-15 04:28:00-04:00,3.6687,3.7,3.66,3.6997,0
2026-09-15 04:29:00-04:00,3.69,3.7,3.67,3.6712,0
2026-09-15 04:30:00-04:00,3.6787,3.68,3.65,3.6595,0
2026-09-15 04:31:00-04:00,3.6597,3.75,3.6504,3.75,0
2026-09-15 04:32:00-04:00,3.75,3.7596,3.7012,3.7292,0
2026-09-15 04:33:00-04:00,3.73,3.75,3.7001,3.7405,0
2026-09-15 04:34:00-04:00,3.7487,3.7798,3.72,3.7202,0
2026-09-15 04:35:00-04:00,3.7287,3.76,3.72,3.75,0
2026-09-15 04:36:00-04:00,3.75,3.77,3.7487,3.7595,0
2026-09-15 04:37:00-04:00,3.7506,3.76,3.72,3.7501,0
2026-09-15 04:38:00-04:00,3.7513,3.79,3.7513,3.7813,0
2026-09-15 04:39:00-04:00,3.7813,3.79,3.75,3.7692,0
2026-09-15 04:40:00-04:00,3.7605,3.78,3.7602,3.7687,0
2026-09-15 04:41:00-04:00,3.7688,3.77,3.7505,3.7605,0
2026-09-15 04:42:00-04:00,3.7613,3.7799,3.7,3.7089,0
2026-09-15 04:43:00-04:00,3.7,3.7098,3.68,3.6987,0
2026-09-15 04:44:00-04:00,3.6905,3.6905,3.67,3.6898,0
2026-09-15 04:45:00-04:00,3.6897,3.69,3.68,3.6887,0
2026-09-15 04:46:00-04:00,3.6787,3.7,3.66,3.6913,0
2026-09-15 04:47:00-04:00,3.6987,3.7,3.69,3.6913,0
2026-09-15 04:48:00-04:00,3.6897,3.69,3.68,3.69,0
2026-09-15 04:49:00-04:00,3.69,3.71,3.62,3.64,0
2026-09-15 04:50:00-04:00,3.6389,3.6487,3.63,3.6398,0
2026-09-15 04:51:00-04:00,3.6387,3.64,3.57,3.57,0
2026-09-15 04:52:00-04:00,3.58,3.59,3.57,3.5887,0
2026-09-15 04:53:00-04:00,3.5887,3.6,3.58,3.5887,0
2026-09-15 04:54:00-04:00,3.5887,3.62,3.55,3.6013,0
2026-09-15 04:55:00-04:00,3.6087,3.61,3.6,3.61,0
2026-09-15 04:56:00-04:00,3.6012,3.61,3.6,3.6012,0
2026-09-15 04:57:00-04:00,3.61,3.63,3.6,3.6213,0
2026-09-15 04:58:00-04:00,3.6213,3.6598,3.6103,3.6489,0
2026-09-15 04:59:00-04:00,3.6405,3.65,3.64,3.6405,0
2026-09-15 05:00:00-04:00,3.6487,3.6497,3.63,3.6388,0
2026-09-15 05:01:00-04:00,3.64,3.67,3.62,3.6205,0
2026-09-15 05:02:00-04:00,3.62,3.6587,3.62,3.63,0
2026-09-15 05:03:00-04:00,3.63,3.64,3.52,3.5289,0
2026-09-15 05:04:00-04:00,3.5202,3.55,3.49,3.5094,0
2026-09-15 05:05:00-04:00,3.5087,3.5399,3.5,3.5187,0
2026-09-15 05:06:00-04:00,3.5194,3.52,3.46,3.4788,0
2026-09-15 05:07:00-04:00,3.4713,3.5,3.44,3.4487,0
2026-09-15 05:08:00-04:00,3.4413,3.47,3.4287,3.4494,0
2026-09-15 05:09:00-04:00,3.4497,3.45,3.43,3.4301,0
2026-09-15 05:10:00-04:00,3.4413,3.46,3.4402,3.4402,0
2026-09-15 05:11:00-04:00,3.4487,3.4487,3.41,3.4199,0
2026-09-15 05:12:00-04:00,3.4199,3.45,3.41,3.44,0
2026-09-15 05:13:00-04:00,3.4312,3.44,3.42,3.4312,0
2026-09-15 05:14:00-04:00,3.4389,3.45,3.43,3.4312,0
2026-09-15 05:15:00-04:00,3.43,3.4387,3.41,3.4287,0
2026-09-15 05:16:00-04:00,3.4213,3.44,3.36,3.3795,0
2026-09-15 05:17:00-04:00,3.3796,3.3998,3.35,3.3507,0
2026-09-15 05:18:00-04:00,3.3502,3.37,3.32,3.3205,0
2026-09-15 05:19:00-04:00,3.3203,3.37,3.32,3.3595,0
2026-09-15 05:20:00-04:00,3.36,3.38,3.36,3.3706,0
2026-09-15 05:21:00-04:00,3.3796,3.38,3.36,3.3687,0
2026-09-15 05:22:00-04:00,3.37,3.37,3.34,3.3508,0
2026-09-15 05:23:00-04:00,3.36,3.4099,3.35,3.4013,0
2026-09-15 05:24:00-04:00,3.4013,3.4013,3.38,3.38,0
2026-09-15 05:25:00-04:00,3.3887,3.41,3.37,3.41,0
2026-09-15 05:26:00-04:00,3.4088,3.42,3.4,3.4087,0
2026-09-15 05:27:00-04:00,3.4087,3.41,3.3813,3.3889,0
2026-09-15 05:28:00-04:00,3.3887,3.4,3.38,3.39,0
2026-09-15 05:29:00-04:00,3.3987,3.46,3.3912,3.4298,0
2026-09-15 05:30:00-04:00,3.4213,3.45,3.42,3.44,0
2026-09-15 05:31:00-04:00,3.4488,3.4499,3.41,3.44,0
2026-09-15 05:32:00-04:00,3.44,3.47,3.43,3.4389,0
2026-09-15 05:33:00-04:00,3.4313,3.44,3.4087,3.4187,0
2026-09-15 05:34:00-04:00,3.4103,3.46,3.4103,3.4513,0
2026-09-15 05:35:00-04:00,3.46,3.49,3.4506,3.48,0
2026-09-15 05:36:00-04:00,3.4789,3.57,3.47,3.5587,0
2026-09-15 05:37:00-04:00,3.5587,3.58,3.53,3.5797,0
2026-09-15 05:38:00-04:00,3.5787,3.58,3.51,3.5113,0
2026-09-15 05:39:00-04:00,3.5113,3.52,3.51,3.52,0
2026-09-15 05:40:00-04:00,3.52,3.5287,3.47,3.4798,0
2026-09-15 05:41:00-04:00,3.4799,3.49,3.47,3.47,0
2026-09-15 05:42:00-04:00,3.46,3.47,3.44,3.4505,0
2026-09-15 05:43:00-04:00,3.4487,3.49,3.4487,3.4787,0
2026-09-15 05:44:00-04:00,3.4712,3.5,3.47,3.4888,0
2026-09-15 05:45:00-04:00,3.4889,3.53,3.48,3.4887,0
2026-09-15 05:46:00-04:00,3.48,3.5088,3.48,3.4888,0
2026-09-15 05:47:00-04:00,3.4813,3.53,3.4788,3.5287,0
2026-09-15 05:48:00-04:00,3.5287,3.57,3.52,3.5395,0
2026-09-15 05:49:00-04:00,3.53,3.5699,3.52,3.5697,0
2026-09-15 05:50:00-04:00,3.5697,3.59,3.5501,3.5611,0
2026-09-15 05:51:00-04:00,3.5687,3.57,3.56,3.5687,0
2026-09-15 05:52:00-04:00,3.5687,3.61,3.56,3.59,0
2026-09-15 05:53:00-04:00,3.58,3.61,3.5487,3.5498,0
2026-09-15 05:54:00-04:00,3.5487,3.56,3.53,3.5412,0
2026-09-15 05:55:00-04:00,3.5402,3.59,3.54,3.5587,0
2026-09-15 05:56:00-04:00,3.5587,3.57,3.53,3.5387,0
2026-09-15 05:57:00-04:00,3.53,3.54,3.5187,3.5194,0
2026-09-15 05:58:00-04:00,3.5113,3.56,3.5101,3.54,0
2026-09-15 05:59:00-04:00,3.5399,3.5495,3.52,3.5287,0
2026-09-15 06:00:00-04:00,3.5287,3.53,3.44,3.4605,0
2026-09-15 06:01:00-04:00,3.4605,3.48,3.44,3.44,0
2026-09-15 06:02:00-04:00,3.44,3.47,3.43,3.4688,0
2026-09-15 06:03:00-04:00,3.4602,3.47,3.4501,3.47,0
2026-09-15 06:04:00-04:00,3.4687,3.47,3.45,3.4695,0
2026-09-15 06:05:00-04:00,3.4687,3.47,3.3987,3.4087,0
2026-09-15 06:06:00-04:00,3.4097,3.42,3.35,3.3595,0
2026-09-15 06:07:00-04:00,3.36,3.41,3.3506,3.41,0
2026-09-15 06:08:00-04:00,3.4006,3.41,3.39,3.3901,0
2026-09-15 06:09:00-04:00,3.3906,3.43,3.38,3.4297,0
2026-09-15 06:10:00-04:00,3.43,3.4599,3.42,3.4587,0
2026-09-15 06:11:00-04:00,3.4588,3.4697,3.44,3.4406,0
2026-09-15 06:12:00-04:00,3.4413,3.46,3.44,3.4587,0
2026-09-15 06:13:00-04:00,3.45,3.5,3.45,3.5,0
2026-09-15 06:14:00-04:00,3.4987,3.5,3.4687,3.4713,0
2026-09-15 06:15:00-04:00,3.4713,3.48,3.46,3.4687,0
2026-09-15 06:16:00-04:00,3.4687,3.4687,3.44,3.4512,0
2026-09-15 06:17:00-04:00,3.4513,3.47,3.4506,3.4587,0
2026-09-15 06:18:00-04:00,3.4597,3.54,3.4503,3.54,0
2026-09-15 06:19:00-04:00,3.5387,3.55,3.5105,3.5487,0
2026-09-15 06:20:00-04:00,3.5494,3.55,3.4705,3.4787,0
2026-09-15 06:21:00-04:00,3.4787,3.4787,3.44,3.4512,0
2026-09-15 06:22:00-04:00,3.4587,3.469,3.44,3.4487,0
2026-09-15 06:23:00-04:00,3.4413,3.45,3.43,3.4313,0
2026-09-15 06:24:00-04:00,3.4387,3.44,3.39,3.4012,0
2026-09-15 06:25:00-04:00,3.4094,3.43,3.4,3.4003,0
2026-09-15 06:26:00-04:00,3.4087,3.42,3.4087,3.4113,0
2026-09-15 06:27:00-04:00,3.4187,3.42,3.4,3.4099,0
2026-09-15 06:28:00-04:00,3.4,3.4113,3.4,3.4103,0
2026-09-15 06:29:00-04:00,3.4101,3.42,3.41,3.419,0
2026-09-15 06:30:00-04:00,3.4195,3.42,3.38,3.39,0
2026-09-15 06:31:00-04:00,3.3913,3.4,3.38,3.4,0
2026-09-15 06:32:00-04:00,3.4013,3.44,3.4013,3.4398,0
2026-09-15 06:33:00-04:00,3.44,3.44,3.4013,3.4088,0
2026-09-15 06:34:00-04:00,3.4013,3.4187,3.4,3.41,0
2026-09-15 06:35:00-04:00,3.4187,3.43,3.41,3.4288,0
2026-09-15 06:36:00-04:00,3.4213,3.43,3.41,3.4112,0
2026-09-15 06:37:00-04:00,3.4113,3.43,3.4003,3.43,0
2026-09-15 06:38:00-04:00,3.43,3.43,3.4001,3.4013,0
2026-09-15 06:39:00-04:00,3.4087,3.4313,3.4001,3.43,0
2026-09-15 06:40:00-04:00,3.4294,3.5,3.42,3.4897,0
2026-09-15 06:41:00-04:00,3.4895,3.5,3.48,3.4813,0
2026-09-15 06:42:00-04:00,3.4805,3.51,3.48,3.51,0
2026-09-15 06:43:00-04:00,3.51,3.6,3.5,3.53,0
2026-09-15 06:44:00-04:00,3.53,3.5387,3.47,3.4799,0
2026-09-15 06:45:00-04:00,3.4787,3.5,3.4702,3.4987,0
2026-09-15 06:46:00-04:00,3.4987,3.5,3.48,3.4903,0
2026-09-15 06:47:00-04:00,3.4987,3.53,3.49,3.4987,0
2026-09-15 06:48:00-04:00,3.4987,3.5,3.48,3.49,0
2026-09-15 06:49:00-04:00,3.4887,3.49,3.4802,3.481,0
2026-09-15 06:50:00-04:00,3.4813,3.53,3.48,3.5188,0
2026-09-15 06:51:00-04:00,3.5187,3.56,3.5,3.5597,0
2026-09-15 06:52:00-04:00,3.5505,3.57,3.51,3.5213,0
2026-09-15 06:53:00-04:00,3.5287,3.55,3.5001,3.5001,0
2026-09-15 06:54:00-04:00,3.5001,3.53,3.5001,3.5113,0
2026-09-15 06:55:00-04:00,3.5187,3.55,3.5113,3.5287,0
2026-09-15 06:56:00-04:00,3.5213,3.56,3.5202,3.55,0
2026-09-15 06:57:00-04:00,3.5587,3.65,3.5513,3.6198,0
2026-09-15 06:58:00-04:00,3.6113,3.62,3.57,3.58,0
2026-09-15 06:59:00-04:00,3.5899,3.6,3.5713,3.58,0
2026-09-15 07:00:00-04:00,3.57,3.59,3.43,3.4613,0
2026-09-15 07:01:00-04:00,3.47,3.47,3.4,3.455,0
2026-09-15 07:02:00-04:00,3.4587,3.48,3.452,3.4621,0
2026-09-15 07:03:00-04:00,3.47,3.48,3.45,3.4603,0
2026-09-15 07:04:00-04:00,3.462,3.48,3.45,3.47,0
2026-09-15 07:05:00-04:00,3.47,3.48,3.46,3.472,0
2026-09-15 07:06:00-04:00,3.4713,3.48,3.42,3.43,0
2026-09-15 07:07:00-04:00,3.43,3.43,3.4,3.4001,0
2026-09-15 07:08:00-04:00,3.4,3.44,3.4,3.44,0
2026-09-15 07:09:00-04:00,3.4415,3.47,3.44,3.4587,0
2026-09-15 07:10:00-04:00,3.45,3.47,3.44,3.45,0
2026-09-15 07:11:00-04:00,3.44,3.48,3.44,3.48,0
2026-09-15 07:12:00-04:00,3.48,3.54,3.4703,3.5299,0
2026-09-15 07:13:00-04:00,3.5295,3.56,3.5295,3.54,0
2026-09-15 07:14:00-04:00,3.5379,3.55,3.52,3.5499,0
2026-09-15 07:15:00-04:00,3.55,3.58,3.54,3.5607,0
2026-09-15 07:16:00-04:00,3.57,3.61,3.55,3.61,0
2026-09-15 07:17:00-04:00,3.61,3.71,3.5,3.7085,0
2026-09-15 07:18:00-04:00,3.7087,3.79,3.69,3.76,0
2026-09-15 07:19:00-04:00,3.75,3.77,3.7,3.701,0
2026-09-15 07:20:00-04:00,3.7097,3.91,3.68,3.8987,0
2026-09-15 07:21:00-04:00,3.89,3.94,3.83,3.9115,0
2026-09-15 07:22:00-04:00,3.91,3.93,3.86,3.8787,0
2026-09-15 07:23:00-04:00,3.8787,3.92,3.84,3.87,0
2026-09-15 07:24:00-04:00,3.872,3.95,3.85,3.91,0
2026-09-15 07:25:00-04:00,3.9,3.92,3.82,3.8215,0
2026-09-15 07:26:00-04:00,3.82,3.87,3.76,3.8,0
2026-09-15 07:27:00-04:00,3.7987,3.86,3.79,3.83,0
2026-09-15 07:28:00-04:00,3.8207,3.92,3.79,3.87,0
2026-09-15 07:29:00-04:00,3.88,3.93,3.78,3.82,0
2026-09-15 07:30:00-04:00,3.82,3.82,3.79,3.8,0
2026-09-15 07:31:00-04:00,3.8,3.82,3.74,3.76,0
2026-09-15 07:32:00-04:00,3.7687,3.78,3.65,3.72,0
2026-09-15 07:33:00-04:00,3.73,3.77,3.71,3.75,0
2026-09-15 07:34:00-04:00,3.759,3.77,3.74,3.7506,0
2026-09-15 07:35:00-04:00,3.7503,3.78,3.73,3.78,0
2026-09-15 07:36:00-04:00,3.7701,3.84,3.75,3.82,0
2026-09-15 07:37:00-04:00,3.8299,3.94,3.82,3.882,0
2026-09-15 07:38:00-04:00,3.89,3.92,3.86,3.86,0
2026-09-15 07:39:00-04:00,3.85,3.94,3.85,3.92,0
2026-09-15 07:40:00-04:00,3.9213,3.95,3.88,3.88,0
2026-09-15 07:41:00-04:00,3.89,4.07,3.87,4.038,0
2026-09-15 07:42:00-04:00,4.0397,4.07,3.991,4.0187,0
2026-09-15 07:43:00-04:00,4.0199,4.17,4.01,4.1191,0
2026-09-15 07:44:00-04:00,4.12,4.15,4.09,4.1,0
2026-09-15 07:45:00-04:00,4.1013,4.16,4.09,4.1187,0
2026-09-15 07:46:00-04:00,4.11,4.3,4.11,4.29,0
2026-09-15 07:47:00-04:00,4.292,4.3387,4.23,4.2813,0
2026-09-15 07:48:00-04:00,4.28,4.29,4.15,4.1783,0
2026-09-15 07:49:00-04:00,4.18,4.22,4.15,4.198,0
2026-09-15 07:50:00-04:00,4.1903,4.25,4.12,4.1298,0
2026-09-15 07:51:00-04:00,4.1213,4.17,4.1,4.1087,0
2026-09-15 07:52:00-04:00,4.1,4.13,4.08,4.1294,0
2026-09-15 07:53:00-04:00,4.13,4.13,4.03,4.0998,0
2026-09-15 07:54:00-04:00,4.1,4.13,4.08,4.11,0
2026-09-15 07:55:00-04:00,4.12,4.12,4.06,4.0818,0
2026-09-15 07:56:00-04:00,4.0898,4.11,4.07,4.0985,0
2026-09-15 07:57:00-04:00,4.0913,4.15,4.05,4.09,0
2026-09-15 07:58:00-04:00,4.0985,4.28,4.08,4.2719,0
2026-09-15 07:59:00-04:00,4.2701,4.38,4.1385,4.2,0
2026-09-15 08:00:00-04:00,4.19,4.21,4.05,4.0881,0
2026-09-15 08:01:00-04:00,4.08,4.14,4.08,4.14,0
2026-09-15 08:02:00-04:00,4.1306,4.14,4.0,4.0085,0
2026-09-15 08:03:00-04:00,4.0085,4.03,3.9413,3.9813,0
2026-09-15 08:04:00-04:00,3.982,4.04,3.93,4.04,0
2026-09-15 08:05:00-04:00,4.04,4.1,4.03,4.08,0
2026-09-15 08:06:00-04:00,4.08,4.11,4.02,4.04,0
2026-09-15 08:07:00-04:00,4.04,4.05,3.98,4.0302,0
2026-09-15 08:08:00-04:00,4.03,4.05,3.99,4.0,0
2026-09-15 08:09:00-04:00,4.0,4.01,3.97,3.9703,0
2026-09-15 08:10:00-04:00,3.98,4.08,3.97,4.0506,0
2026-09-15 08:11:00-04:00,4.0501,4.06,4.0,4.0098,0
2026-09-15 08:12:00-04:00,4.0013,4.03,3.99,4.0197,0
2026-09-15 08:13:00-04:00,4.0113,4.0187,3.98,3.998,0
2026-09-15 08:14:00-04:00,3.9906,4.04,3.98,4.0213,0
2026-09-15 08:15:00-04:00,4.022,4.08,3.99,4.01,0
2026-09-15 08:16:00-04:00,4.0,4.03,3.98,3.9887,0
2026-09-15 08:17:00-04:00,3.98,4.01,3.91,3.9387,0
2026-09-15 08:18:00-04:00,3.9301,3.96,3.93,3.9395,0
2026-09-15 08:19:00-04:00,3.94,4.0,3.94,3.9899,0
2026-09-15 08:20:00-04:00,3.9894,4.0,3.93,3.962,0
2026-09-15 08:21:00-04:00,3.9681,3.97,3.93,3.93,0
2026-09-15 08:22:00-04:00,3.9417,4.02,3.92,4.0099,0
2026-09-15 08:23:00-04:00,4.01,4.05,3.98,3.9898,0
2026-09-15 08:24:00-04:00,3.98,3.99,3.93,3.93,0
2026-09-15 08:25:00-04:00,3.9315,4.02,3.91,3.958,0
2026-09-15 08:26:00-04:00,3.96,4.0,3.95,3.9787,0
2026-09-15 08:27:00-04:00,3.9702,4.0,3.96,3.9999,0
2026-09-15 08:28:00-04:00,3.9994,4.05,3.9994,4.01,0
2026-09-15 08:29:00-04:00,4.02,4.08,4.0,4.06,0
2026-09-15 08:30:00-04:00,4.05,4.1,4.04,4.0905,0
2026-09-15 08:31:00-04:00,4.0987,4.17,4.06,4.1195,0
2026-09-15 08:32:00-04:00,4.11,4.13,4.09,4.1,0
2026-09-15 08:33:00-04:00,4.0987,4.11,4.05,4.07,0
2026-09-15 08:34:00-04:00,4.0612,4.08,4.02,4.0587,0
2026-09-15 08:35:00-04:00,4.0585,4.0587,4.02,4.0202,0
2026-09-15 08:36:00-04:00,4.0287,4.08,4.01,4.0701,0
2026-09-15 08:37:00-04:00,4.0787,4.1,3.97,4.0387,0
2026-09-15 08:38:00-04:00,4.0387,4.05,4.02,4.0313,0
2026-09-15 08:39:00-04:00,4.03,4.04,4.0,4.0097,0
2026-09-15 08:40:00-04:00,4.0,4.06,4.0,4.0399,0
2026-09-15 08:41:00-04:00,4.04,4.23,4.0387,4.16,0
2026-09-15 08:42:00-04:00,4.1502,4.21,4.11,4.1802,0
2026-09-15 08:43:00-04:00,4.19,4.26,4.16,4.2087,0
2026-09-15 08:44:00-04:00,4.2199,4.3,4.21,4.26,0
2026-09-15 08:45:00-04:00,4.259,4.48,4.23,4.43,0
2026-09-15 08:46:00-04:00,4.44,4.5,4.33,4.49,0
2026-09-15 08:47:00-04:00,4.4902,4.53,4.31,4.34,0
2026-09-15 08:48:00-04:00,4.34,4.36,4.28,4.34,0
2026-09-15 08:49:00-04:00,4.348,4.35,4.3,4.3201,0
2026-09-15 08:50:00-04:00,4.3299,4.4,4.27,4.2906,0
2026-09-15 08:51:00-04:00,4.29,4.3,4.23,4.2603,0
2026-09-15 08:52:00-04:00,4.2603,4.27,4.22,4.24,0
2026-09-15 08:53:00-04:00,4.24,4.27,4.21,4.26,0
2026-09-15 08:54:00-04:00,4.2598,4.3,4.21,4.28,0
2026-09-15 08:55:00-04:00,4.2797,4.28,4.1787,4.2113,0
2026-09-15 08:56:00-04:00,4.21,4.23,4.14,4.1787,0
2026-09-15 08:57:00-04:00,4.17,4.18,4.13,4.16,0
2026-09-15 08:58:00-04:00,4.16,4.19,4.14,4.15,0
2026-09-15 08:59:00-04:00,4.1413,4.2,4.12,4.1687,0
2026-09-15 09:00:00-04:00,4.17,4.23,4.15,4.2087,0
2026-09-15 09:01:00-04:00,4.2,4.22,4.2,4.21,0
2026-09-15 09:02:00-04:00,4.2187,4.24,4.2,4.2387,0
2026-09-15 09:03:00-04:00,4.2387,4.25,4.2,4.2287,0
2026-09-15 09:04:00-04:00,4.2294,4.25,4.19,4.1987,0
2026-09-15 09:05:00-04:00,4.1903,4.2,4.12,4.1287,0
2026-09-15 09:06:00-04:00,4.13,4.17,4.13,4.17,0
2026-09-15 09:07:00-04:00,4.1697,4.17,4.14,4.16,0
2026-09-15 09:08:00-04:00,4.1603,4.17,4.14,4.1519,0
2026-09-15 09:09:00-04:00,4.16,4.16,4.12,4.13,0
2026-09-15 09:10:00-04:00,4.1395,4.15,4.1,4.15,0
2026-09-15 09:11:00-04:00,4.14,4.18,4.14,4.15,0
2026-09-15 09:12:00-04:00,4.142,4.29,4.14,4.27,0
2026-09-15 09:13:00-04:00,4.27,4.35,4.24,4.3297,0
2026-09-15 09:14:00-04:00,4.3287,4.33,4.25,4.269,0
2026-09-15 09:15:00-04:00,4.2698,4.38,4.2602,4.3702,0
2026-09-15 09:16:00-04:00,4.37,4.38,4.32,4.3493,0
2026-09-15 09:17:00-04:00,4.3401,4.35,4.27,4.2899,0
2026-09-15 09:18:00-04:00,4.2885,4.29,4.24,4.24,0
2026-09-15 09:19:00-04:00,4.2405,4.29,4.24,4.27,0
2026-09-15 09:20:00-04:00,4.27,4.28,4.25,4.2593,0
2026-09-15 09:21:00-04:00,4.2599,4.27,4.17,4.2,0
2026-09-15 09:22:00-04:00,4.2086,4.21,4.18,4.1899,0
2026-09-15 09:23:00-04:00,4.19,4.27,4.18,4.262,0
2026-09-15 09:24:00-04:00,4.268,4.32,4.26,4.27,0
2026-09-15 09:25:00-04:00,4.28,4.31,4.28,4.2998,0
2026-09-15 09:26:00-04:00,4.2997,4.37,4.29,4.36,0
2026-09-15 09:27:00-04:00,4.358,4.37,4.28,4.31,0
2026-09-15 09:28:00-04:00,4.32,4.33,4.26,4.2695,0
2026-09-15 09:29:00-04:00,4.27,4.34,4.22,4.3299,0
2026-09-15 09:30:00-04:00,4.320000171661377,4.989999771118164,4.309999942779541,4.769999980926514,47401433
2026-09-15 09:31:00-04:00,4.769999980926514,4.78000020980835,4.610000133514404,4.75,1535354
2026-09-15 09:32:00-04:00,4.75,5.28000020980835,4.659999847412109,5.150000095367432,3381826
2026-09-15 09:33:00-04:00,5.140100002288818,5.159999847412109,4.900000095367432,5.019999980926514,1905690
2026-09-15 09:34:00-04:00,5.0,5.099899768829346,4.880000114440918,4.909800052642822,1110497
2026-09-15 09:35:00-04:00,4.909999847412109,5.039999961853027,4.840000152587891,5.019199848175049,1318330
2026-09-15 09:36:00-04:00,5.014999866485596,5.099999904632568,4.850100040435791,4.979899883270264,1162761
2026-09-15 09:37:00-04:00,4.978300094604492,5.019899845123291,4.820000171661377,4.860000133514404,713195
2026-09-15 09:38:00-04:00,4.849999904632568,5.21999979019165,4.829999923706055,5.130099773406982,1485097
2026-09-15 09:39:00-04:00,5.130000114440918,5.210000038146973,4.610000133514404,4.956699848175049,2414254
2026-09-15 09:40:00-04:00,4.960000038146973,5.179999828338623,4.849999904632568,4.945000171661377,1460784
2026-09-15 09:41:00-04:00,4.949100017547607,4.960000038146973,4.800000190734863,4.909999847412109,560095
2026-09-15 09:42:00-04:00,4.90910005569458,4.949999809265137,4.75,4.755899906158447,614997
2026-09-15 09:43:00-04:00,4.760000228881836,4.880000114440918,4.739999771118164,4.809999942779541,458366
2026-09-15 09:44:00-04:00,4.801599979400635,4.849999904632568,4.619999885559082,4.630000114440918,660514
2026-09-15 09:45:00-04:00,4.630000114440918,4.730000019073486,4.619999885559082,4.689700126647949,644127
2026-09-15 09:46:00-04:00,4.690000057220459,4.829999923706055,4.659999847412109,4.7399001121521,665874
2026-09-15 09:47:00-04:00,4.730000019073486,4.920000076293945,4.730000019073486,4.799900054931641,850445
2026-09-15 09:48:00-04:00,4.799900054931641,5.069900035858154,4.78000020980835,4.928199768066406,1218596
2026-09-15 09:49:00-04:00,4.929999828338623,4.960000038146973,4.71999979019165,4.850100040435791,816288
2026-09-15 09:50:00-04:00,4.855000019073486,4.949999809265137,4.840000152587891,4.900000095367432,603091
2026-09-15 09:51:00-04:00,4.909999847412109,5.199999809265137,4.820000171661377,4.954999923706055,2005491
2026-09-15 09:52:00-04:00,4.950099945068359,5.539999961853027,4.925000190734863,5.269999980926514,2544941
2026-09-15 09:53:00-04:00,5.279900074005127,5.300000190734863,4.949999809265137,5.020899772644043,1580204
2026-09-15 09:54:00-04:00,5.029799938201904,5.210000038146973,5.019999980926514,5.139999866485596,1166526
2026-09-15 09:55:00-04:00,5.150000095367432,5.579899787902832,5.119999885559082,5.410099983215332,2037150
2026-09-15 09:56:00-04:00,5.420000076293945,6.230000019073486,5.380000114440918,6.230000019073486,2179022
2026-09-15 10:01:00-04:00,5.96999979019165,6.21999979019165,5.849999904632568,6.089900016784668,1625109
2026-09-15 10:02:00-04:00,6.074999809265137,6.389999866485596,5.800000190734863,6.059999942779541,2111676
2026-09-15 10:03:00-04:00,6.074999809265137,6.2399001121521,5.920000076293945,6.059999942779541,1244874
2026-09-15 10:04:00-04:00,6.059999942779541,6.269999980926514,5.96999979019165,6.264999866485596,962224
2026-09-15 10:05:00-04:00,6.269999980926514,6.75,6.019999980926514,6.183800220489502,2477995
2026-09-15 10:06:00-04:00,6.179999828338623,6.25,6.03000020980835,6.078000068664551,876053
2026-09-15 10:07:00-04:00,6.059999942779541,6.150000095367432,5.880000114440918,5.993899822235107,851735
2026-09-15 10:08:00-04:00,6.009399890899658,6.039999961853027,5.570000171661377,5.78000020980835,1268761
2026-09-15 10:09:00-04:00,5.775000095367432,5.989999771118164,5.620100021362305,5.800000190734863,732344
2026-09-15 10:10:00-04:00,5.829899787902832,6.150000095367432,5.789999961853027,6.009900093078613,892235
2026-09-15 10:11:00-04:00,6.0,6.25,5.960000038146973,6.111999988555908,1321493
2026-09-15 10:12:00-04:00,6.110000133514404,6.126800060272217,5.909999847412109,5.939599990844727,654275
2026-09-15 10:13:00-04:00,5.938799858093262,6.110000133514404,5.920100212097168,6.070000171661377,539369
2026-09-15 10:14:00-04:00,6.060100078582764,6.170000076293945,5.960000038146973,5.980000019073486,699257
2026-09-15 10:15:00-04:00,5.985000133514404,6.130000114440918,5.960100173950195,6.126200199127197,350322
2026-09-15 10:16:00-04:00,6.119999885559082,6.170000076293945,5.849999904632568,5.929999828338623,856083
2026-09-15 10:17:00-04:00,5.949999809265137,6.0,5.849999904632568,5.940000057220459,391576
2026-09-15 10:18:00-04:00,5.929999828338623,6.099999904632568,5.929999828338623,5.990600109100342,452429
2026-09-15 10:19:00-04:00,5.990099906921387,6.010000228881836,5.780099868774414,5.835000038146973,469635
2026-09-15 10:20:00-04:00,5.839900016784668,5.96999979019165,5.820000171661377,5.955399990081787,307759
2026-09-15 10:21:00-04:00,5.945899963378906,6.050000190734863,5.849999904632568,5.994999885559082,496867
2026-09-15 10:22:00-04:00,6.010000228881836,6.099999904632568,5.889999866485596,5.990099906921387,625805
2026-09-15 10:23:00-04:00,6.005000114440918,6.300000190734863,5.929999828338623,6.119999885559082,1492399
2026-09-15 10:24:00-04:00,6.114999771118164,6.479899883270264,6.079999923706055,6.370100021362305,1132019
2026-09-15 10:25:00-04:00,6.400000095367432,6.44920015335083,6.209000110626221,6.3119001388549805,1104764
2026-09-15 10:26:00-04:00,6.311999797821045,6.340000152587891,6.170000076293945,6.233699798583984,694892
2026-09-15 10:27:00-04:00,6.21999979019165,6.289999961853027,5.909999847412109,6.019999980926514,1091772
2026-09-15 10:28:00-04:00,6.03000020980835,6.170000076293945,6.024400234222412,6.132199764251709,419490
2026-09-15 10:29:00-04:00,6.148399829864502,6.150000095367432,6.019999980926514,6.039999961853027,296599
2026-09-15 10:30:00-04:00,6.059999942779541,6.170000076293945,6.0,6.062099933624268,417694
2026-09-15 10:31:00-04:00,6.072000026702881,6.159999847412109,5.960000038146973,6.050000190734863,380475
2026-09-15 10:32:00-04:00,6.065000057220459,6.159999847412109,5.96999979019165,6.014999866485596,313247
2026-09-15 10:33:00-04:00,6.030700206756592,6.099999904632568,5.940000057220459,5.96999979019165,342147
2026-09-15 10:34:00-04:00,5.96999979019165,6.0,5.829999923706055,5.940000057220459,572137
2026-09-15 10:35:00-04:00,5.960000038146973,6.170000076293945,5.949999809265137,6.135000228881836,670562
2026-09-15 10:36:00-04:00,6.135000228881836,6.300000190734863,6.090099811553955,6.119999885559082,775724
2026-09-15 10:37:00-04:00,6.119999885559082,6.170000076293945,6.0,6.090000152587891,431882
2026-09-15 10:38:00-04:00,6.099299907684326,6.099999904632568,5.900000095367432,5.980000019073486,448866
2026-09-15 10:39:00-04:00,5.95989990234375,6.03000020980835,5.849999904632568,5.925000190734863,559201
2026-09-15 10:40:00-04:00,5.920000076293945,6.039999961853027,5.880000114440918,5.96999979019165,337564
2026-09-15 10:41:00-04:00,5.979400157928467,5.979899883270264,5.619999885559082,5.75,821310
2026-09-15 10:42:00-04:00,5.75,5.909999847412109,5.739999771118164,5.779799938201904,344664
2026-09-15 10:43:00-04:00,5.775000095367432,5.849999904632568,5.710000038146973,5.832099914550781,276959
2026-09-15 10:44:00-04:00,5.840000152587891,5.929999828338623,5.770100116729736,5.8780999183654785,272258
2026-09-15 10:45:00-04:00,5.860099792480469,5.880000114440918,5.781000137329102,5.809999942779541,187361
2026-09-15 10:46:00-04:00,5.809999942779541,5.869900226593018,5.670000076293945,5.699999809265137,251831
2026-09-15 10:47:00-04:00,5.721700191497803,5.769999980926514,5.409999847412109,5.459099769592285,1040361
2026-09-15 10:48:00-04:00,5.459700107574463,5.539899826049805,5.360000133514404,5.494999885559082,729068
2026-09-15 10:49:00-04:00,5.494999885559082,5.510000228881836,5.210000038146973,5.34499979019165,950176
2026-09-15 10:50:00-04:00,5.349999904632568,5.590000152587891,5.329999923706055,5.4899001121521,637481
2026-09-15 10:51:00-04:00,5.489799976348877,5.619999885559082,5.449999809265137,5.570000171661377,462771
2026-09-15 10:52:00-04:00,5.550000190734863,5.599999904632568,5.510000228881836,5.559999942779541,311595
2026-09-15 10:53:00-04:00,5.589900016784668,5.589900016784668,5.449999809265137,5.500100135803223,283484
2026-09-15 10:54:00-04:00,5.489999771118164,5.599999904632568,5.429999828338623,5.585000038146973,374600
2026-09-15 10:55:00-04:00,5.589900016784668,5.730000019073486,5.539999961853027,5.71999979019165,602123
2026-09-15 10:56:00-04:00,5.710000038146973,5.729899883270264,5.619999885559082,5.671999931335449,357527
2026-09-15 10:57:00-04:00,5.673500061035156,5.840000152587891,5.673500061035156,5.789999961853027,566852
2026-09-15 10:58:00-04:00,5.809199810028076,5.809199810028076,5.739999771118164,5.762400150299072,245634
2026-09-15 10:59:00-04:00,5.7621002197265625,5.78000020980835,5.579999923706055,5.644999980926514,316852
2026-09-15 11:00:00-04:00,5.639999866485596,5.78000020980835,5.610000133514404,5.719900131225586,278777
2026-09-15 11:01:00-04:00,5.710000038146973,5.730000019073486,5.670100212097168,5.717599868774414,154595
2026-09-15 11:02:00-04:00,5.704999923706055,5.739999771118164,5.650000095367432,5.679999828338623,155994
2026-09-15 11:03:00-04:00,5.670000076293945,5.769999980926514,5.639999866485596,5.736999988555908,216735
2026-09-15 11:04:00-04:00,5.739999771118164,5.880000114440918,5.710100173950195,5.800600051879883,477740
2026-09-15 11:05:00-04:00,5.809999942779541,5.96999979019165,5.75,5.8480000495910645,770820
2026-09-15 11:06:00-04:00,5.849899768829346,5.940000057220459,5.799900054931641,5.885000228881836,507936
2026-09-15 11:07:00-04:00,5.889800071716309,5.909999847412109,5.760000228881836,5.839700222015381,334631
2026-09-15 11:08:00-04:00,5.824999809265137,5.860000133514404,5.710000038146973,5.7667999267578125,304554
2026-09-15 11:09:00-04:00,5.769899845123291,5.849999904632568,5.730000019073486,5.835000038146973,223550
2026-09-15 11:10:00-04:00,5.820000171661377,5.889999866485596,5.710700035095215,5.760000228881836,255073
2026-09-15 11:11:00-04:00,5.760900020599365,5.866499900817871,5.739999771118164,5.809999942779541,172976
2026-09-15 11:12:00-04:00,5.829999923706055,5.840000152587891,5.739999771118164,5.759900093078613,143714
2026-09-15 11:13:00-04:00,5.760000228881836,5.800000190734863,5.619999885559082,5.735000133514404,273697
2026-09-15 11:14:00-04:00,5.71999979019165,5.749899864196777,5.630000114440918,5.7170000076293945,207949
2026-09-15 11:15:00-04:00,5.710000038146973,5.719399929046631,5.670000076293945,5.690000057220459,79186
2026-09-15 11:16:00-04:00,5.699999809265137,5.710000038146973,5.659999847412109,5.659999847412109,118668
2026-09-15 11:17:00-04:00,5.675000190734863,5.678699970245361,5.510000228881836,5.585000038146973,397621
2026-09-15 11:18:00-04:00,5.5883002281188965,5.649899959564209,5.539999961853027,5.570000171661377,148221
2026-09-15 11:19:00-04:00,5.560100078582764,5.71999979019165,5.539999961853027,5.684999942779541,208522
2026-09-15 11:20:00-04:00,5.699900150299072,5.710000038146973,5.630000114440918,5.650199890136719,140031
2026-09-15 11:21:00-04:00,5.65500020980835,5.700099945068359,5.639900207519531,5.650000095367432,139048
2026-09-15 11:22:00-04:00,5.650000095367432,5.65500020980835,5.570000171661377,5.630000114440918,115059
2026-09-15 11:23:00-04:00,5.630000114440918,5.840000152587891,5.610400199890137,5.755000114440918,438889
2026-09-15 11:24:00-04:00,5.760000228881836,5.769999980926514,5.670000076293945,5.729899883270264,177249
2026-09-15 11:25:00-04:00,5.724999904632568,5.809999942779541,5.711599826812744,5.730000019073486,181298
2026-09-15 11:26:00-04:00,5.723499774932861,5.760000228881836,5.670000076293945,5.739999771118164,190881
2026-09-15 11:27:00-04:00,5.735000133514404,5.849999904632568,5.699999809265137,5.742499828338623,340745
2026-09-15 11:28:00-04:00,5.740099906921387,5.789999961853027,5.68209981918335,5.690000057220459,209611
2026-09-15 11:29:00-04:00,5.6880998611450195,5.71999979019165,5.510000228881836,5.630000114440918,362521
2026-09-15 11:30:00-04:00,5.635000228881836,5.659999847412109,5.559999942779541,5.599999904632568,184905
2026-09-15 11:31:00-04:00,5.590099811553955,5.649899959564209,5.570000171661377,5.610000133514404,133753
2026-09-15 11:32:00-04:00,5.618599891662598,5.619999885559082,5.550000190734863,5.590000152587891,148789
2026-09-15 11:33:00-04:00,5.590000152587891,5.599999904632568,5.510000228881836,5.574999809265137,118982
2026-09-15 11:34:00-04:00,5.570000171661377,5.589900016784668,5.510000228881836,5.550000190734863,107345
2026-09-15 11:35:00-04:00,5.539999961853027,5.679999828338623,5.539999961853027,5.580100059509277,238118
2026-09-15 11:36:00-04:00,5.623799800872803,5.623799800872803,5.53000020980835,5.565000057220459,126419
2026-09-15 11:37:00-04:00,5.599899768829346,5.599999904632568,5.329999923706055,5.449999809265137,406042
2026-09-15 11:38:00-04:00,5.449900150299072,5.559999942779541,5.429999828338623,5.539999961853027,170105
2026-09-15 11:39:00-04:00,5.531000137329102,5.590000152587891,5.510799884796143,5.578199863433838,157538
2026-09-15 11:40:00-04:00,5.53000020980835,5.599999904632568,5.53000020980835,5.559999942779541,90215
2026-09-15 11:41:00-04:00,5.550000190734863,5.559999942779541,5.53000020980835,5.549900054931641,56618
2026-09-15 11:42:00-04:00,5.550000190734863,5.590000152587891,5.539999961853027,5.570000171661377,52920
2026-09-15 11:43:00-04:00,5.561500072479248,5.569900035858154,5.46999979019165,5.510000228881836,120857
2026-09-15 11:44:00-04:00,5.510000228881836,5.639999866485596,5.46999979019165,5.619999885559082,190284
2026-09-15 11:45:00-04:00,5.636000156402588,5.759900093078613,5.570000171661377,5.710000038146973,319319
2026-09-15 11:46:00-04:00,5.730000019073486,5.800000190734863,5.670000076293945,5.784999847412109,370283
2026-09-15 11:47:00-04:00,5.78879976272583,5.909999847412109,5.769999980926514,5.880000114440918,548986
2026-09-15 11:48:00-04:00,5.875,5.919899940490723,5.769999980926514,5.820000171661377,316832
2026-09-15 11:49:00-04:00,5.829899787902832,5.864999771118164,5.78000020980835,5.839600086212158,203368
2026-09-15 11:50:00-04:00,5.839900016784668,6.099999904632568,5.809999942779541,6.03000020980835,850466
2026-09-15 11:51:00-04:00,6.039999961853027,6.21999979019165,5.989999771118164,6.0894999504089355,916717
2026-09-15 11:52:00-04:00,6.090000152587891,6.25,6.0817999839782715,6.210000038146973,722007
2026-09-15 11:53:00-04:00,6.218599796295166,6.25,6.019999980926514,6.125,643894
2026-09-15 11:54:00-04:00,6.130000114440918,6.139999866485596,5.929999828338623,6.032199859619141,520223
2026-09-15 11:55:00-04:00,6.039999961853027,6.050000190734863,5.869999885559082,5.90500020980835,460481
2026-09-15 11:56:00-04:00,5.900100231170654,6.070000171661377,5.874100208282471,6.059999942779541,346320
2026-09-15 11:57:00-04:00,6.050300121307373,6.070000171661377,5.96999979019165,6.005000114440918,239087
2026-09-15 11:58:00-04:00,5.991099834442139,6.03000020980835,5.900000095367432,5.95989990234375,202638
2026-09-15 11:59:00-04:00,5.957600116729736,5.96999979019165,5.710000038146973,5.80810022354126,396937
2026-09-15 12:00:00-04:00,5.809700012207031,5.829999923706055,5.650599956512451,5.724999904632568,481880
2026-09-15 12:01:00-04:00,5.7220001220703125,5.860000133514404,5.710000038146973,5.78000020980835,290680
2026-09-15 12:02:00-04:00,5.789999961853027,5.809999942779541,5.75,5.76140022277832,134147
2026-09-15 12:03:00-04:00,5.760000228881836,5.889999866485596,5.75,5.889999866485596,236038
2026-09-15 12:04:00-04:00,5.889999866485596,5.929999828338623,5.860000133514404,5.925000190734863,322820
2026-09-15 12:05:00-04:00,5.929999828338623,5.949999809265137,5.78000020980835,5.800000190734863,274443
2026-09-15 12:06:00-04:00,5.809999942779541,5.829999923706055,5.699999809265137,5.789999961853027,282240
2026-09-15 12:07:00-04:00,5.789999961853027,5.829899787902832,5.71999979019165,5.740099906921387,177972
2026-09-15 12:08:00-04:00,5.746500015258789,5.900000095367432,5.730000019073486,5.849999904632568,285713
2026-09-15 12:09:00-04:00,5.860000133514404,5.869999885559082,5.809999942779541,5.840000152587891,103483
2026-09-15 12:10:00-04:00,5.830100059509277,5.835999965667725,5.710000038146973,5.729899883270264,249943
2026-09-15 12:11:00-04:00,5.724999904632568,5.769999980926514,5.715000152587891,5.769999980926514,128053
2026-09-15 12:12:00-04:00,5.770299911499023,5.960000038146973,5.764999866485596,5.920000076293945,411577
2026-09-15 12:13:00-04:00,5.925000190734863,5.949999809265137,5.869999885559082,5.889900207519531,248768
2026-09-15 12:14:00-04:00,5.872399806976318,5.949999809265137,5.840000152587891,5.869999885559082,194154
2026-09-15 12:15:00-04:00,5.849999904632568,5.929999828338623,5.829999923706055,5.9008002281188965,211388
2026-09-15 12:16:00-04:00,5.908599853515625,6.099999904632568,5.9070000648498535,6.050000190734863,756927
2026-09-15 12:17:00-04:00,6.054999828338623,6.079999923706055,6.0,6.058000087738037,261240
2026-09-15 12:18:00-04:00,6.059500217437744,6.059999942779541,5.940000057220459,5.949999809265137,252116
2026-09-15 12:19:00-04:00,5.954999923706055,6.019999980926514,5.75,5.824999809265137,462394
2026-09-15 12:20:00-04:00,5.810699939727783,5.96999979019165,5.809999942779541,5.940999984741211,293059
2026-09-15 12:21:00-04:00,5.949900150299072,5.96999979019165,5.869999885559082,5.902299880981445,176225
2026-09-15 12:22:00-04:00,5.90500020980835,5.929999828338623,5.880099773406982,5.890699863433838,101658
2026-09-15 12:23:00-04:00,5.909900188446045,6.070000171661377,5.880099773406982,5.998700141906738,357474
2026-09-15 12:24:00-04:00,5.96999979019165,5.9899001121521,5.900000095367432,5.971099853515625,130680
2026-09-15 12:25:00-04:00,5.973700046539307,5.973700046539307,5.900000095367432,5.965000152587891,95553
2026-09-15 12:26:00-04:00,5.960000038146973,6.420000076293945,5.929999828338623,6.219799995422363,1199662
2026-09-15 12:27:00-04:00,6.215000152587891,6.300000190734863,6.170000076293945,6.215000152587891,530691
2026-09-15 12:28:00-04:00,6.218699932098389,6.409999847412109,5.96999979019165,6.135000228881836,913839
2026-09-15 12:29:00-04:00,6.130799770355225,7.489999771118164,6.110000133514404,7.0177001953125,2406558
2026-09-15 12:30:00-04:00,7.010000228881836,7.190000057220459,6.960000038146973,7.031199932098389,875399
2026-09-15 12:31:00-04:00,7.039999961853027,7.039999961853027,6.814199924468994,6.849999904632568,555033
2026-09-15 12:32:00-04:00,6.855999946594238,6.917699813842773,6.699999809265137,6.809999942779541,540983
2026-09-15 12:33:00-04:00,6.800099849700928,6.989999771118164,6.739999771118164,6.949900150299072,612489
2026-09-15 12:34:00-04:00,6.940000057220459,7.090000152587891,6.820099830627441,6.820700168609619,880854
2026-09-15 12:35:00-04:00,6.829899787902832,7.079899787902832,6.720099925994873,6.991600036621094,583445
2026-09-15 12:36:00-04:00,7.009500026702881,7.090000152587891,6.909999847412109,6.985000133514404,428262
2026-09-15 12:37:00-04:00,6.980000019073486,7.059999942779541,6.920000076293945,6.971499919891357,281431
2026-09-15 12:38:00-04:00,6.984399795532227,7.019999980926514,6.559999942779541,6.715000152587891,712332
2026-09-15 12:39:00-04:00,6.7221999168396,6.900000095367432,6.690000057220459,6.869999885559082,305000
2026-09-15 12:40:00-04:00,6.869999885559082,6.889999866485596,6.769999980926514,6.835000038146973,189202
2026-09-15 12:41:00-04:00,6.8302001953125,7.0,6.760000228881836,6.949900150299072,276869
2026-09-15 12:42:00-04:00,6.945000171661377,7.059999942779541,6.809999942779541,7.0,574737
2026-09-15 12:43:00-04:00,7.0,7.199999809265137,6.849999904632568,6.994999885559082,848082
2026-09-15 12:44:00-04:00,7.0,7.179999828338623,6.954999923706055,7.139999866485596,622291
2026-09-15 12:45:00-04:00,7.144999980926514,7.152100086212158,7.030099868774414,7.090000152587891,422820
2026-09-15 12:46:00-04:00,7.098700046539307,7.329999923706055,7.059999942779541,7.249899864196777,766975
2026-09-15 12:47:00-04:00,7.239999771118164,7.260000228881836,7.079999923706055,7.140100002288818,644698
2026-09-15 12:48:00-04:00,7.1697001457214355,7.179900169372559,6.929999828338623,7.060100078582764,503342
2026-09-15 12:49:00-04:00,7.0879998207092285,7.090000152587891,6.960000038146973,7.008699893951416,292220
2026-09-15 12:50:00-04:00,6.990300178527832,7.230000019073486,6.78000020980835,6.8933000564575195,690378
2026-09-15 12:51:00-04:00,6.875,6.929999828338623,6.700099945068359,6.840000152587891,466075
2026-09-15 12:52:00-04:00,6.830100059509277,6.949999809265137,6.824999809265137,6.949900150299072,176806
2026-09-15 12:53:00-04:00,6.948400020599365,6.989999771118164,6.888700008392334,6.945000171661377,168591
2026-09-15 12:54:00-04:00,6.945000171661377,6.949900150299072,6.849999904632568,6.880000114440918,150697
2026-09-15 12:55:00-04:00,6.874800205230713,7.039999961853027,6.860000133514404,6.954999923706055,266545
2026-09-15 12:56:00-04:00,6.960000038146973,7.039999961853027,6.900000095367432,6.989299774169922,280664
2026-09-15 12:57:00-04:00,6.973499774932861,7.28000020980835,6.940000057220459,7.049900054931641,618578
2026-09-15 12:58:00-04:00,7.039999961853027,7.049900054931641,6.869999885559082,6.945000171661377,210823
2026-09-15 12:59:00-04:00,6.949900150299072,7.039999961853027,6.894999980926514,6.940100193023682,191044
2026-09-15 13:00:00-04:00,6.949999809265137,7.019999980926514,6.929999828338623,6.989999771118164,125420
2026-09-15 13:01:00-04:00,6.999800205230713,7.099999904632568,6.989999771118164,7.025000095367432,250787
2026-09-15 13:02:00-04:00,7.019999980926514,7.026100158691406,6.920000076293945,6.960000038146973,215184
2026-09-15 13:03:00-04:00,6.965099811553955,7.019999980926514,6.930099964141846,6.974999904632568,161802
2026-09-15 13:04:00-04:00,6.969900131225586,6.989999771118164,6.889999866485596,6.900000095367432,185936
2026-09-15 13:05:00-04:00,6.909999847412109,6.938799858093262,6.610000133514404,6.779399871826172,542944
2026-09-15 13:06:00-04:00,6.761099815368652,6.840000152587891,6.760000228881836,6.795000076293945,155321
2026-09-15 13:07:00-04:00,6.800000190734863,6.910099983215332,6.78000020980835,6.849899768829346,209750
2026-09-15 13:08:00-04:00,6.860000133514404,6.880000114440918,6.650000095367432,6.760000228881836,261406
2026-09-15 13:09:00-04:00,6.760000228881836,6.78000020980835,6.710599899291992,6.710599899291992,118767
2026-09-15 13:10:00-04:00,6.718800067901611,6.7245001792907715,5.5100998878479,5.920000076293945,1611724
2026-09-15 13:11:00-04:00,5.909999847412109,5.989999771118164,5.710000038146973,5.949999809265137,508254
2026-09-15 13:12:00-04:00,5.942299842834473,5.989200115203857,5.869999885559082,5.890699863433838,287274
2026-09-15 13:13:00-04:00,5.899899959564209,5.940000057220459,5.769999980926514,5.799900054931641,308220
2026-09-15 13:14:00-04:00,5.800000190734863,5.946400165557861,5.769999980926514,5.894999980926514,310164
2026-09-15 13:15:00-04:00,5.894999980926514,6.090000152587891,5.885300159454346,6.0,267356
2026-09-15 13:16:00-04:00,6.005000114440918,6.139999866485596,6.000899791717529,6.070099830627441,258371
2026-09-15 13:17:00-04:00,6.064199924468994,6.139999866485596,6.03000020980835,6.039899826049805,193861
2026-09-15 13:18:00-04:00,6.031000137329102,6.07859992980957,6.03000020980835,6.03000020980835,76736
2026-09-15 13:19:00-04:00,6.03000020980835,6.03000020980835,5.900000095367432,5.980000019073486,228359
2026-09-15 13:20:00-04:00,5.974999904632568,5.979899883270264,5.909999847412109,5.940000057220459,94917
2026-09-15 13:21:00-04:00,5.940000057220459,5.96999979019165,5.849999904632568,5.889900207519531,113975
2026-09-15 13:22:00-04:00,5.871200084686279,5.900000095367432,5.820000171661377,5.899899959564209,143169
2026-09-15 13:23:00-04:00,5.869999885559082,5.979899883270264,5.820000171661377,5.929999828338623,161894
2026-09-15 13:24:00-04:00,5.929999828338623,5.940000057220459,5.860000133514404,5.900000095367432,88160
2026-09-15 13:25:00-04:00,5.894999980926514,5.95989990234375,5.8907999992370605,5.925000190734863,62759
2026-09-15 13:26:00-04:00,5.920000076293945,5.961699962615967,5.909999847412109,5.914999961853027,77370
2026-09-15 13:27:00-04:00,5.914999961853027,5.965000152587891,5.849999904632568,5.894999980926514,122861
2026-09-15 13:28:00-04:00,5.905900001525879,5.949900150299072,5.880000114440918,5.900599956512451,64953
2026-09-15 13:29:00-04:00,5.900000095367432,5.900000095367432,5.75,5.789999961853027,264608
2026-09-15 13:30:00-04:00,5.789999961853027,5.849999904632568,5.71999979019165,5.724999904632568,154928
2026-09-15 13:31:00-04:00,5.728099822998047,5.7855000495910645,5.63700008392334,5.739999771118164,165773
2026-09-15 13:32:00-04:00,5.75,5.769999980926514,5.659999847412109,5.7459001541137695,201007
2026-09-15 13:33:00-04:00,5.735000133514404,5.829999923706055,5.735000133514404,5.78000020980835,116287
2026-09-15 13:34:00-04:00,5.779699802398682,5.880000114440918,5.770100116729736,5.829899787902832,165259
2026-09-15 13:35:00-04:00,5.829999923706055,6.170000076293945,5.824100017547607,6.130000114440918,289192
2026-09-15 13:36:00-04:00,6.119999885559082,6.129899978637695,5.980000019073486,6.079899787902832,303314
2026-09-15 13:37:00-04:00,6.070000171661377,6.090000152587891,6.0,6.010000228881836,145503
2026-09-15 13:38:00-04:00,6.019599914550781,6.039999961853027,5.940000057220459,5.954999923706055,121376
2026-09-15 13:39:00-04:00,5.960000038146973,6.059999942779541,5.929999828338623,6.055500030517578,115967
2026-09-15 13:40:00-04:00,6.050000190734863,6.050000190734863,5.96999979019165,5.972099781036377,66776
2026-09-15 13:41:00-04:00,5.980000019073486,6.0,5.900000095367432,5.920000076293945,79318
2026-09-15 13:42:00-04:00,5.903600215911865,5.940000057220459,5.890999794006348,5.939799785614014,99268
2026-09-15 13:43:00-04:00,5.929999828338623,5.949999809265137,5.860000133514404,5.910299777984619,80125
2026-09-15 13:44:00-04:00,5.914999961853027,5.914999961853027,5.863500118255615,5.889999866485596,48553
2026-09-15 13:45:00-04:00,5.889999866485596,5.900000095367432,5.730100154876709,5.832799911499023,151430
2026-09-15 13:46:00-04:00,5.833600044250488,5.889500141143799,5.760000228881836,5.795000076293945,109714
2026-09-15 13:47:00-04:00,5.799900054931641,5.810100078582764,5.730000019073486,5.749599933624268,123616
2026-09-15 13:48:00-04:00,5.75,5.760000228881836,5.670000076293945,5.724999904632568,162570
2026-09-15 13:49:00-04:00,5.720099925994873,5.7399001121521,5.550000190734863,5.719900131225586,236185
2026-09-15 13:50:00-04:00,5.719799995422363,5.789999961853027,5.640100002288818,5.699900150299072,167755
2026-09-15 13:51:00-04:00,5.681399822235107,5.756400108337402,5.670000076293945,5.710000038146973,63362
2026-09-15 13:52:00-04:00,5.710000038146973,5.789599895477295,5.699999809265137,5.75,44874
2026-09-15 13:53:00-04:00,5.75,5.820000171661377,5.700099945068359,5.78000020980835,132949
2026-09-15 13:54:00-04:00,5.78000020980835,5.800000190734863,5.760000228881836,5.796299934387207,31875
2026-09-15 13:55:00-04:00,5.789999961853027,5.800000190734863,5.680099964141846,5.730000019073486,85980
2026-09-15 13:56:00-04:00,5.724999904632568,5.75,5.640100002288818,5.738800048828125,73316
2026-09-15 13:57:00-04:00,5.739999771118164,5.739999771118164,5.640100002288818,5.684000015258789,103467
2026-09-15 13:58:00-04:00,5.689899921417236,5.70389986038208,5.610099792480469,5.669899940490723,112354
2026-09-15 13:59:00-04:00,5.670000076293945,5.701200008392334,5.670000076293945,5.679999828338623,45577
2026-09-15 14:00:00-04:00,5.696899890899658,5.75,5.680099964141846,5.71999979019165,75274
2026-09-15 14:01:00-04:00,5.71999979019165,5.809999942779541,5.53000020980835,5.580100059509277,242293
2026-09-15 14:02:00-04:00,5.599999904632568,5.799900054931641,5.400000095367432,5.4506001472473145,294557
2026-09-15 14:03:00-04:00,5.46999979019165,5.559899806976318,5.320099830627441,5.460700035095215,296383
2026-09-15 14:04:00-04:00,5.469399929046631,5.509699821472168,5.110000133514404,5.118599891662598,421330
2026-09-15 14:05:00-04:00,5.139999866485596,5.340000152587891,5.099999904632568,5.289999961853027,401765
2026-09-15 14:06:00-04:00,5.280099868774414,5.389999866485596,5.25,5.389999866485596,185360
2026-09-15 14:07:00-04:00,5.385000228881836,5.429900169372559,5.326099872589111,5.340000152587891,176004
2026-09-15 14:08:00-04:00,5.339900016784668,5.3495001792907715,5.230000019073486,5.284999847412109,118906
2026-09-15 14:09:00-04:00,5.289899826049805,5.389200210571289,5.284999847412109,5.385000228881836,89879
2026-09-15 14:10:00-04:00,5.380000114440918,5.389900207519531,5.300000190734863,5.340000152587891,87458
2026-09-15 14:11:00-04:00,5.335000038146973,5.339900016784668,5.289999961853027,5.335000038146973,58562
2026-09-15 14:12:00-04:00,5.329999923706055,5.380000114440918,5.300300121307373,5.304999828338623,37075
2026-09-15 14:13:00-04:00,5.326399803161621,5.349999904632568,5.300000190734863,5.315000057220459,49711
2026-09-15 14:14:00-04:00,5.329999923706055,5.360000133514404,5.301499843597412,5.330399990081787,64031
2026-09-15 14:15:00-04:00,5.340099811553955,5.369999885559082,5.329999923706055,5.329999923706055,65954
2026-09-15 14:16:00-04:00,5.340000152587891,5.650000095367432,5.300099849700928,5.54010009765625,300224
2026-09-15 14:17:00-04:00,5.570000171661377,5.579999923706055,5.519999980926514,5.559800148010254,156496
2026-09-15 14:18:00-04:00,5.555099964141846,5.579899787902832,5.519499778747559,5.534999847412109,123733
2026-09-15 14:19:00-04:00,5.531400203704834,5.71999979019165,5.531400203704834,5.656499862670898,245313
2026-09-15 14:20:00-04:00,5.65500020980835,5.829999923706055,5.610000133514404,5.780099868774414,377788
2026-09-15 14:21:00-04:00,5.78000020980835,5.849999904632568,5.71999979019165,5.769999980926514,276042
2026-09-15 14:22:00-04:00,5.784999847412109,5.820000171661377,5.739999771118164,5.800000190734863,115747
2026-09-15 14:23:00-04:00,5.820000171661377,5.820000171661377,5.730000019073486,5.760000228881836,125679
2026-09-15 14:24:00-04:00,5.769999980926514,5.769999980926514,5.610000133514404,5.650000095367432,217007
2026-09-15 14:25:00-04:00,5.651199817657471,5.699999809265137,5.630000114440918,5.664999961853027,79831
2026-09-15 14:26:00-04:00,5.670000076293945,5.699999809265137,5.599999904632568,5.639999866485596,89854
2026-09-15 14:27:00-04:00,5.664999961853027,5.679999828338623,5.619999885559082,5.679900169372559,41463
2026-09-15 14:28:00-04:00,5.659999847412109,5.820000171661377,5.659999847412109,5.780799865722656,315613
2026-09-15 14:29:00-04:00,5.775000095367432,5.78000020980835,5.71999979019165,5.730000019073486,98549
2026-09-15 14:30:00-04:00,5.740099906921387,5.749899864196777,5.630000114440918,5.710000038146973,145943
2026-09-15 14:31:00-04:00,5.710000038146973,5.730000019073486,5.650000095367432,5.670000076293945,54181
2026-09-15 14:32:00-04:00,5.679999828338623,5.719900131225586,5.6620001792907715,5.690000057220459,53968
2026-09-15 14:33:00-04:00,5.704800128936768,5.820000171661377,5.679999828338623,5.769999980926514,177326
2026-09-15 14:34:00-04:00,5.760000228881836,5.78000020980835,5.730100154876709,5.78000020980835,76236
2026-09-15 14:35:00-04:00,5.7600998878479,5.920000076293945,5.730000019073486,5.864999771118164,351337
2026-09-15 14:36:00-04:00,5.860000133514404,5.96999979019165,5.829999923706055,5.954999923706055,325534
2026-09-15 14:37:00-04:00,5.951000213623047,6.0,5.849999904632568,5.886099815368652,325228
2026-09-15 14:38:00-04:00,5.900000095367432,5.989999771118164,5.869999885559082,5.8821001052856445,246134
2026-09-15 14:39:00-04:00,5.900000095367432,5.949999809265137,5.670000076293945,5.729800224304199,258185
2026-09-15 14:40:00-04:00,5.729800224304199,5.769999980926514,5.559999942779541,5.75,288792
2026-09-15 14:41:00-04:00,5.759900093078613,5.800000190734863,5.710000038146973,5.760000228881836,173888
2026-09-15 14:42:00-04:00,5.760000228881836,5.820000171661377,5.739999771118164,5.808000087738037,95907
2026-09-15 14:43:00-04:00,5.7906999588012695,5.880000114440918,5.780099868774414,5.836299896240234,145582
2026-09-15 14:44:00-04:00,5.824999809265137,5.869999885559082,5.710400104522705,5.775000095367432,197161
2026-09-15 14:45:00-04:00,5.772799968719482,5.809899806976318,5.639999866485596,5.684999942779541,168838
2026-09-15 14:46:00-04:00,5.679999828338623,5.760000228881836,5.659999847412109,5.704999923706055,85460
2026-09-15 14:47:00-04:00,5.715000152587891,5.718999862670898,5.659900188446045,5.690000057220459,83015
2026-09-15 14:48:00-04:00,5.679999828338623,5.710000038146973,5.660099983215332,5.675000190734863,57456
2026-09-15 14:49:00-04:00,5.678199768066406,5.679999828338623,5.530099868774414,5.650000095367432,126240
2026-09-15 14:50:00-04:00,5.625,5.675000190734863,5.60230016708374,5.619999885559082,60029
2026-09-15 14:51:00-04:00,5.639999866485596,5.659999847412109,5.619900226593018,5.630000114440918,44746
2026-09-15 14:52:00-04:00,5.599999904632568,5.599999904632568,5.420000076293945,5.489999771118164,239668
2026-09-15 14:53:00-04:00,5.499899864196777,5.559999942779541,5.449999809265137,5.545000076293945,121398
2026-09-15 14:54:00-04:00,5.54040002822876,5.630000114440918,5.54040002822876,5.574999809265137,91966
2026-09-15 14:55:00-04:00,5.574999809265137,5.599999904632568,5.53000020980835,5.570000171661377,60481
2026-09-15 14:56:00-04:00,5.570000171661377,5.610000133514404,5.559999942779541,5.590000152587891,62095
2026-09-15 14:57:00-04:00,5.59499979019165,5.610000133514404,5.519999980926514,5.590000152587891,70990
2026-09-15 14:58:00-04:00,5.590000152587891,5.619999885559082,5.559999942779541,5.610000133514404,47460
2026-09-15 14:59:00-04:00,5.610000133514404,5.7758002281188965,5.605000019073486,5.75,261286
2026-09-15 15:00:00-04:00,5.759900093078613,5.800000190734863,5.720200061798096,5.800000190734863,117998
2026-09-15 15:01:00-04:00,5.784999847412109,5.799900054931641,5.690000057220459,5.71999979019165,69253
2026-09-15 15:02:00-04:00,5.705900192260742,5.71999979019165,5.640699863433838,5.644999980926514,62916
2026-09-15 15:03:00-04:00,5.647900104522705,5.696400165557861,5.640100002288818,5.670000076293945,59764
2026-09-15 15:04:00-04:00,5.67080020904541,5.809999942779541,5.670000076293945,5.739999771118164,157492
2026-09-15 15:05:00-04:00,5.755899906158447,5.769999980926514,5.71999979019165,5.739200115203857,58657
2026-09-15 15:06:00-04:00,5.739999771118164,5.809999942779541,5.739999771118164,5.760000228881836,97354
2026-09-15 15:07:00-04:00,5.763899803161621,5.815000057220459,5.71999979019165,5.815000057220459,122301
2026-09-15 15:08:00-04:00,5.820000171661377,5.820000171661377,5.75,5.774600028991699,117610
2026-09-15 15:09:00-04:00,5.769999980926514,5.78000020980835,5.599999904632568,5.75,109191
2026-09-15 15:10:00-04:00,5.739999771118164,5.739999771118164,5.71999979019165,5.721199989318848,61323
2026-09-15 15:11:00-04:00,5.729700088500977,5.75,5.710000038146973,5.719900131225586,65407
2026-09-15 15:12:00-04:00,5.71999979019165,6.069399833679199,5.71999979019165,5.910099983215332,406136
2026-09-15 15:13:00-04:00,5.919899940490723,5.954999923706055,5.800000190734863,5.939899921417236,257585
2026-09-15 15:14:00-04:00,5.940000057220459,5.940000057220459,5.894999980926514,5.940000057220459,112326
2026-09-15 15:15:00-04:00,5.939700126647949,6.139999866485596,5.900000095367432,6.074999809265137,475780
2026-09-15 15:16:00-04:00,6.070000171661377,6.269999980926514,5.920000076293945,6.005000114440918,694071
2026-09-15 15:17:00-04:00,5.994800090789795,6.119900226593018,5.949999809265137,6.059999942779541,251386
2026-09-15 15:18:00-04:00,6.054999828338623,6.099999904632568,6.010000228881836,6.050099849700928,197871
2026-09-15 15:19:00-04:00,6.054999828338623,6.21999979019165,6.054999828338623,6.199999809265137,428747
2026-09-15 15:20:00-04:00,6.199999809265137,6.239999771118164,6.110000133514404,6.14900016784668,281025
2026-09-15 15:21:00-04:00,6.144999980926514,6.190000057220459,6.03000020980835,6.130000114440918,237102
2026-09-15 15:22:00-04:00,6.139999866485596,6.159999847412109,6.099999904632568,6.110000133514404,141438
2026-09-15 15:23:00-04:00,6.119999885559082,6.130000114440918,5.949999809265137,6.054999828338623,253361
2026-09-15 15:24:00-04:00,6.054999828338623,6.130000114440918,5.949999809265137,6.110000133514404,198718
2026-09-15 15:25:00-04:00,6.079999923706055,6.199999809265137,6.079999923706055,6.179900169372559,235482
2026-09-15 15:26:00-04:00,6.170199871063232,6.218500137329102,6.111299991607666,6.135000228881836,235520
2026-09-15 15:27:00-04:00,6.139999866485596,6.139999866485596,6.010000228881836,6.030900001525879,248060
2026-09-15 15:28:00-04:00,6.050000190734863,6.110000133514404,5.680099964141846,5.790599822998047,373909
2026-09-15 15:29:00-04:00,5.8190999031066895,5.849999904632568,5.723599910736084,5.764100074768066,296126
2026-09-15 15:30:00-04:00,5.769999980926514,5.800000190734863,5.699999809265137,5.729899883270264,160103
2026-09-15 15:31:00-04:00,5.75,5.769999980926514,5.699999809265137,5.730100154876709,120468
2026-09-15 15:32:00-04:00,5.730400085449219,5.840000152587891,5.730400085449219,5.75,175661
2026-09-15 15:33:00-04:00,5.759699821472168,5.849999904632568,5.699999809265137,5.71999979019165,146293
2026-09-15 15:34:00-04:00,5.71999979019165,5.769700050354004,5.630000114440918,5.688700199127197,163263
2026-09-15 15:35:00-04:00,5.684999942779541,5.817999839782715,5.684999942779541,5.809999942779541,106865
2026-09-15 15:36:00-04:00,5.809999942779541,5.869999885559082,5.75,5.764999866485596,135685
2026-09-15 15:37:00-04:00,5.76800012588501,5.817599773406982,5.75,5.78000020980835,39405
2026-09-15 15:38:00-04:00,5.769999980926514,5.78000020980835,5.559999942779541,5.659999847412109,210708
2026-09-15 15:39:00-04:00,5.670000076293945,5.699999809265137,5.619999885559082,5.670000076293945,105809
2026-09-15 15:40:00-04:00,5.670000076293945,5.699999809265137,5.635000228881836,5.659999847412109,79763
2026-09-15 15:41:00-04:00,5.65500020980835,5.670000076293945,5.490099906921387,5.559999942779541,137523
2026-09-15 15:42:00-04:00,5.590000152587891,5.639999866485596,5.550000190734863,5.614999771118164,74766
2026-09-15 15:43:00-04:00,5.610000133514404,5.699999809265137,5.610000133514404,5.690100193023682,67245
2026-09-15 15:44:00-04:00,5.695000171661377,5.824999809265137,5.679999828338623,5.775000095367432,175287
2026-09-15 15:45:00-04:00,5.784999847412109,5.789999961853027,5.749000072479248,5.767899990081787,78635
2026-09-15 15:46:00-04:00,5.757900238037109,5.777400016784668,5.730000019073486,5.755000114440918,64611
2026-09-15 15:47:00-04:00,5.750999927520752,5.840000152587891,5.739999771118164,5.820000171661377,121320
2026-09-15 15:48:00-04:00,5.810100078582764,5.849899768829346,5.710000038146973,5.784999847412109,124452
2026-09-15 15:49:00-04:00,5.800000190734863,5.800000190734863,5.639999866485596,5.704999923706055,106757
2026-09-15 15:50:00-04:00,5.698299884796143,5.699999809265137,5.635000228881836,5.690000057220459,55435
2026-09-15 15:51:00-04:00,5.690000057220459,5.760000228881836,5.690000057220459,5.71999979019165,58055
2026-09-15 15:52:00-04:00,5.71999979019165,5.75,5.699999809265137,5.720099925994873,52445
2026-09-15 15:53:00-04:00,5.710000038146973,5.730000019073486,5.659999847412109,5.679999828338623,57706
2026-09-15 15:54:00-04:00,5.679999828338623,5.789999961853027,5.659999847412109,5.760000228881836,137098
2026-09-15 15:55:00-04:00,5.760000228881836,5.900000095367432,5.75,5.769999980926514,311684
2026-09-15 15:56:00-04:00,5.760000228881836,5.820000171661377,5.760000228881836,5.781199932098389,105391
2026-09-15 15:57:00-04:00,5.789999961853027,5.849999904632568,5.78000020980835,5.830100059509277,125826
2026-09-15 15:58:00-04:00,5.829999923706055,5.840000152587891,5.659999847412109,5.690000057220459,170444
2026-09-15 15:59:00-04:00,5.699999809265137,5.760000228881836,5.599999904632568,5.695000171661377,304538
2026-09-15 16:00:00-04:00,5.71,5.72,5.47,5.6397,16755
2026-09-15 16:01:00-04:00,5.6383,5.74,5.34,5.41,0
2026-09-15 16:02:00-04:00,5.36,5.45,5.33,5.38,0
2026-09-15 16:03:00-04:00,5.4,5.51,5.3838,5.4898,0
2026-09-15 16:04:00-04:00,5.48,5.71,5.3,5.33,0
2026-09-15 16:05:00-04:00,5.33,5.37,5.21,5.274,0
2026-09-15 16:06:00-04:00,5.27,5.48,5.2507,5.45,0
2026-09-15 16:07:00-04:00,5.4216,5.58,5.4003,5.5338,0
2026-09-15 16:08:00-04:00,5.51,5.57,5.4,5.5527,0
2026-09-15 16:09:00-04:00,5.5,5.54,5.45,5.4507,0
2026-09-15 16:10:00-04:00,5.4548,5.71,5.35,5.4723,0
2026-09-15 16:11:00-04:00,5.44,5.69,5.44,5.6592,0
2026-09-15 16:12:00-04:00,5.67,5.92,5.44,5.73,0
2026-09-15 16:13:00-04:00,5.72,5.7269,5.5,5.6005,0
2026-09-15 16:14:00-04:00,5.5,5.88,5.4,5.54,0
2026-09-15 16:15:00-04:00,5.54,5.77,5.36,5.52,0
2026-09-15 16:16:00-04:00,5.51,5.72,5.34,5.5,0
2026-09-15 16:17:00-04:00,5.56,5.57,5.44,5.45,0
2026-09-15 16:18:00-04:00,5.4695,5.58,5.45,5.5,0
2026-09-15 16:19:00-04:00,5.54,5.69,5.36,5.5092,0
2026-09-15 16:20:00-04:00,5.58,5.71,5.35,5.35,0
2026-09-15 16:21:00-04:00,5.33,5.5344,5.28,5.3937,0
2026-09-15 16:22:00-04:00,5.39,5.62,5.31,5.49,0
2026-09-15 16:23:00-04:00,5.48,5.49,5.42,5.4303,0
2026-09-15 16:24:00-04:00,5.4399,5.4498,5.4,5.4,0
2026-09-15 16:25:00-04:00,5.4,5.43,5.2103,5.2103,0
2026-09-15 16:26:00-04:00,5.21,5.22,5.1,5.101,0
2026-09-15 16:27:00-04:00,5.1085,5.17,5.0899,5.12,0
2026-09-15 16:28:00-04:00,5.11,5.12,5.03,5.1,0
2026-09-15 16:29:00-04:00,5.09,5.1,5.051,5.08,0
2026-09-15 16:30:00-04:00,5.1,5.14,5.08,5.13,0
2026-09-15 16:31:00-04:00,5.1301,5.23,5.13,5.2154,0
2026-09-15 16:32:00-04:00,5.22,5.3,5.19,5.3,0
2026-09-15 16:33:00-04:00,5.2701,5.34,5.2,5.29,0
2026-09-15 16:34:00-04:00,5.2893,5.29,5.1977,5.1977,0
2026-09-15 16:35:00-04:00,5.21,5.26,5.17,5.17,0
2026-09-15 16:36:00-04:00,5.16,5.41,5.05,5.2107,0
2026-09-15 16:37:00-04:00,5.2102,5.24,5.21,5.23,0
2026-09-15 16:38:00-04:00,5.22,5.23,5.18,5.19,0
2026-09-15 16:39:00-04:00,5.1968,5.28,5.17,5.28,0
2026-09-15 16:40:00-04:00,5.2608,5.29,5.22,5.225,0
2026-09-15 16:41:00-04:00,5.23,5.23,5.2,5.23,0
2026-09-15 16:42:00-04:00,5.23,5.23,5.2,5.22,0
2026-09-15 16:43:00-04:00,5.23,5.23,5.2,5.21,0
2026-09-15 16:44:00-04:00,5.2,5.34,5.2,5.28,0
2026-09-15 16:45:00-04:00,5.31,5.35,5.29,5.34,0
2026-09-15 16:46:00-04:00,5.34,5.34,5.25,5.3,0
2026-09-15 16:47:00-04:00,5.2933,5.31,5.22,5.2201,0
2026-09-15 16:48:00-04:00,5.23,5.25,5.22,5.23,0
2026-09-15 16:49:00-04:00,5.2331,5.25,5.2,5.24,0
2026-09-15 16:50:00-04:00,5.19,5.25,5.19,5.24,0
2026-09-15 16:51:00-04:00,5.21,5.25,5.18,5.18,0
2026-09-15 16:52:00-04:00,5.187,5.19,5.15,5.15,0
2026-09-15 16:53:00-04:00,5.1503,5.22,5.15,5.22,0
2026-09-15 16:54:00-04:00,5.2,5.3,5.16,5.28,0
2026-09-15 16:55:00-04:00,5.19,5.33,5.19,5.3,0
2026-09-15 16:56:00-04:00,5.2805,5.33,5.28,5.33,0
2026-09-15 16:57:00-04:00,5.29,5.35,5.28,5.324,0
2026-09-15 16:58:00-04:00,5.32,5.4697,5.3,5.38,0
2026-09-15 16:59:00-04:00,5.34,5.4,5.3,5.345,0
2026-09-15 17:00:00-04:00,5.35,5.5192,5.35,5.5,0
2026-09-15 17:01:00-04:00,5.5,5.5,5.41,5.438,0
2026-09-15 17:02:00-04:00,5.42,5.47,5.41,5.4499,0
2026-09-15 17:03:00-04:00,5.4402,5.49,5.44,5.45,0
2026-09-15 17:04:00-04:00,5.46,5.49,5.43,5.46,0
2026-09-15 17:05:00-04:00,5.46,5.63,5.41,5.6109,0
2026-09-15 17:06:00-04:00,5.6121,5.67,5.5517,5.654,0
2026-09-15 17:07:00-04:00,5.65,5.77,5.65,5.74,0
2026-09-15 17:08:00-04:00,5.74,5.75,5.58,5.65,0
2026-09-15 17:09:00-04:00,5.65,5.7,5.62,5.6607,0
2026-09-15 17:10:00-04:00,5.66,5.7085,5.64,5.7,0
2026-09-15 17:11:00-04:00,5.69,5.79,5.69,5.74,0
2026-09-15 17:12:00-04:00,5.7587,5.76,5.69,5.7,0
2026-09-15 17:13:00-04:00,5.7,5.8,5.7,5.7823,0
2026-09-15 17:14:00-04:00,5.77,5.93,5.73,5.9238,0
2026-09-15 17:15:00-04:00,5.929,5.97,5.83,5.8402,0
2026-09-15 17:16:00-04:00,5.85,5.8899,5.82,5.8303,0
2026-09-15 17:17:00-04:00,5.85,5.85,5.77,5.82,0
2026-09-15 17:18:00-04:00,5.8204,5.87,5.81,5.83,0
2026-09-15 17:19:00-04:00,5.83,5.88,5.75,5.75,0
2026-09-15 17:20:00-04:00,5.7506,5.94,5.75,5.94,0
2026-09-15 17:21:00-04:00,5.9,5.99,5.9,5.95,0
2026-09-15 17:22:00-04:00,5.9499,5.96,5.76,5.86,0
2026-09-15 17:23:00-04:00,5.9,5.9,5.8,5.8,0
2026-09-15 17:24:00-04:00,5.87,5.87,5.77,5.8,0
2026-09-15 17:25:00-04:00,5.78,5.8,5.67,5.7,0
2026-09-15 17:26:00-04:00,5.7139,5.79,5.69,5.69,0
2026-09-15 17:27:00-04:00,5.69,5.7,5.62,5.65,0
2026-09-15 17:28:00-04:00,5.6598,5.72,5.65,5.67,0
2026-09-15 17:29:00-04:00,5.67,5.67,5.65,5.6515,0
2026-09-15 17:30:00-04:00,5.65,5.66,5.65,5.6593,0
2026-09-15 17:31:00-04:00,5.6598,5.75,5.6517,5.72,0
2026-09-15 17:32:00-04:00,5.6993,5.7,5.67,5.6885,0
2026-09-15 17:33:00-04:00,5.68,5.7216,5.68,5.72,0
2026-09-15 17:34:00-04:00,5.72,5.79,5.71,5.77,0
2026-09-15 17:35:00-04:00,5.7854,5.7854,5.71,5.72,0
2026-09-15 17:36:00-04:00,5.73,5.76,5.7101,5.73,0
2026-09-15 17:37:00-04:00,5.73,5.73,5.68,5.6805,0
2026-09-15 17:38:00-04:00,5.68,5.68,5.54,5.55,0
2026-09-15 17:39:00-04:00,5.58,5.6,5.5401,5.57,0
2026-09-15 17:40:00-04:00,5.59,5.6,5.57,5.5804,0
2026-09-15 17:41:00-04:00,5.5796,5.58,5.57,5.5707,0
2026-09-15 17:42:00-04:00,5.55,5.58,5.55,5.5754,0
2026-09-15 17:43:00-04:00,5.55,5.6,5.55,5.5998,0
2026-09-15 17:44:00-04:00,5.6,5.6,5.56,5.5702,0
2026-09-15 17:45:00-04:00,5.57,5.58,5.57,5.57,0
2026-09-15 17:46:00-04:00,5.5698,5.5698,5.55,5.5528,0
2026-09-15 17:47:00-04:00,5.5617,5.58,5.56,5.5707,0
2026-09-15 17:48:00-04:00,5.57,5.6,5.57,5.6,0
2026-09-15 17:49:00-04:00,5.57,5.6,5.57,5.57,0
2026-09-15 17:50:00-04:00,5.57,5.58,5.52,5.5202,0
2026-09-15 17:51:00-04:00,5.53,5.53,5.5,5.5285,0
2026-09-15 17:52:00-04:00,5.5203,5.57,5.52,5.57,0
2026-09-15 17:53:00-04:00,5.55,5.65,5.55,5.65,0
2026-09-15 17:54:00-04:00,5.65,5.74,5.65,5.7106,0
2026-09-15 17:55:00-04:00,5.7185,5.72,5.65,5.6507,0
2026-09-15 17:56:00-04:00,5.6599,5.68,5.65,5.67,0
2026-09-15 17:57:00-04:00,5.68,5.7997,5.65,5.7501,0
2026-09-15 17:58:00-04:00,5.7503,5.8207,5.66,5.8207,0
2026-09-15 17:59:00-04:00,5.82,5.8293,5.76,5.79,0
2026-09-15 18:00:00-04:00,5.77,5.77,5.7,5.729,0
2026-09-15 18:01:00-04:00,5.728,5.7284,5.68,5.706,0
2026-09-15 18:02:00-04:00,5.7199,5.72,5.7,5.7107,0
2026-09-15 18:03:00-04:00,5.7198,5.7198,5.65,5.67,0
2026-09-15 18:04:00-04:00,5.66,5.71,5.65,5.66,0
2026-09-15 18:05:00-04:00,5.6505,5.7,5.64,5.64,0
2026-09-15 18:06:00-04:00,5.6483,5.7,5.64,5.65,0
2026-09-15 18:07:00-04:00,5.6403,5.67,5.64,5.665,0
2026-09-15 18:08:00-04:00,5.68,5.68,5.64,5.6405,0
2026-09-15 18:09:00-04:00,5.64,5.67,5.6,5.62,0
2026-09-15 18:10:00-04:00,5.6,5.62,5.59,5.62,0
2026-09-15 18:11:00-04:00,5.6198,5.62,5.6,5.6191,0
2026-09-15 18:12:00-04:00,5.6,5.601,5.55,5.5618,0
2026-09-15 18:13:00-04:00,5.5607,5.61,5.554,5.61,0
2026-09-15 18:14:00-04:00,5.61,5.68,5.6,5.648,0
2026-09-15 18:15:00-04:00,5.6304,5.6304,5.58,5.58,0
2026-09-15 18:16:00-04:00,5.59,5.6,5.58,5.59,0
2026-09-15 18:17:00-04:00,5.59,5.6,5.58,5.58,0
2026-09-15 18:18:00-04:00,5.58,5.59,5.56,5.576,0
2026-09-15 18:19:00-04:00,5.5508,5.59,5.55,5.59,0
2026-09-15 18:20:00-04:00,5.5869,5.62,5.57,5.62,0
2026-09-15 18:21:00-04:00,5.62,5.62,5.58,5.6193,0
2026-09-15 18:22:00-04:00,5.61,5.62,5.59,5.6006,0
2026-09-15 18:23:00-04:00,5.6,5.65,5.6,5.6,0
2026-09-15 18:24:00-04:00,5.6208,5.64,5.62,5.621,0
2026-09-15 18:25:00-04:00,5.6358,5.6358,5.6,5.6,0
2026-09-15 18:26:00-04:00,5.6046,5.63,5.58,5.594,0
2026-09-15 18:27:00-04:00,5.58,5.6,5.57,5.58,0
2026-09-15 18:28:00-04:00,5.5799,5.58,5.56,5.5601,0
2026-09-15 18:29:00-04:00,5.56,5.57,5.55,5.5607,0
2026-09-15 18:30:00-04:00,5.5617,5.58,5.5601,5.5794,0
2026-09-15 18:31:00-04:00,5.56,5.62,5.56,5.6003,0
2026-09-15 18:32:00-04:00,5.62,5.6799,5.6017,5.674,0
2026-09-15 18:33:00-04:00,5.68,5.7,5.67,5.7,0
2026-09-15 18:34:00-04:00,5.708,5.7196,5.67,5.71,0
2026-09-15 18:35:00-04:00,5.7,5.72,5.7,5.7199,0
2026-09-15 18:36:00-04:00,5.71,5.72,5.7,5.7,0
2026-09-15 18:37:00-04:00,5.7,5.7,5.68,5.69,0
2026-09-15 18:38:00-04:00,5.69,5.6969,5.68,5.69,0
2026-09-15 18:39:00-04:00,5.69,5.69,5.68,5.69,0
2026-09-15 18:40:00-04:00,5.69,5.69,5.65,5.66,0
2026-09-15 18:41:00-04:00,5.66,5.67,5.62,5.62,0
2026-09-15 18:42:00-04:00,5.62,5.6369,5.62,5.6208,0
2026-09-15 18:43:00-04:00,5.6293,5.6299,5.61,5.61,0
2026-09-15 18:44:00-04:00,5.61,5.7,5.61,5.6728,0
2026-09-15 18:45:00-04:00,5.68,5.7,5.67,5.67,0
2026-09-15 18:46:00-04:00,5.67,5.7,5.65,5.666,0
2026-09-15 18:47:00-04:00,5.66,5.66,5.61,5.6135,0
2026-09-15 18:48:00-04:00,5.62,5.67,5.61,5.62,0
2026-09-15 18:49:00-04:00,5.6607,5.6607,5.62,5.62,0
2026-09-15 18:50:00-04:00,5.62,5.64,5.62,5.6398,0
2026-09-15 18:51:00-04:00,5.63,5.67,5.63,5.664,0
2026-09-15 18:52:00-04:00,5.64,5.7,5.64,5.6998,0
2026-09-15 18:53:00-04:00,5.68,5.7093,5.68,5.7,0
2026-09-15 18:54:00-04:00,5.71,5.72,5.7,5.72,0
2026-09-15 18:55:00-04:00,5.72,5.72,5.71,5.7115,0
2026-09-15 18:56:00-04:00,5.72,5.72,5.7,5.712,0
2026-09-15 18:57:00-04:00,5.7193,5.72,5.71,5.7193,0
2026-09-15 18:58:00-04:00,5.7193,5.72,5.71,5.72,0
2026-09-15 18:59:00-04:00,5.7011,5.7199,5.7,5.7001,0
2026-09-15 19:00:00-04:00,5.7,5.71,5.7,5.7001,0
2026-09-15 19:01:00-04:00,5.7007,5.7007,5.65,5.6507,0
2026-09-15 19:02:00-04:00,5.6562,5.6581,5.65,5.6537,0
2026-09-15 19:03:00-04:00,5.67,5.68,5.65,5.68,0
2026-09-15 19:04:00-04:00,5.6773,5.68,5.65,5.65,0
2026-09-15 19:05:00-04:00,5.67,5.6785,5.67,5.6707,0
2026-09-15 19:06:00-04:00,5.67,5.6799,5.65,5.65,0
2026-09-15 19:07:00-04:00,5.6652,5.6707,5.62,5.64,0
2026-09-15 19:08:00-04:00,5.67,5.67,5.62,5.65,0
2026-09-15 19:09:00-04:00,5.62,5.63,5.62,5.6207,0
2026-09-15 19:10:00-04:00,5.6397,5.64,5.6202,5.64,0
2026-09-15 19:11:00-04:00,5.64,5.6407,5.63,5.6407,0
2026-09-15 19:12:00-04:00,5.6415,5.68,5.64,5.68,0
2026-09-15 19:13:00-04:00,5.67,5.71,5.67,5.67,0
2026-09-15 19:14:00-04:00,5.7038,5.72,5.7,5.72,0
2026-09-15 19:15:00-04:00,5.712,5.72,5.71,5.7193,0
2026-09-15 19:16:00-04:00,5.7101,5.72,5.71,5.7107,0
2026-09-15 19:17:00-04:00,5.72,5.7954,5.718,5.79,0
2026-09-15 19:18:00-04:00,5.78,5.83,5.78,5.8003,0
2026-09-15 19:19:00-04:00,5.8002,5.83,5.72,5.7897,0
2026-09-15 19:20:00-04:00,5.79,5.79,5.7393,5.7863,0
2026-09-15 19:21:00-04:00,5.7801,5.79,5.75,5.78,0
2026-09-15 19:22:00-04:00,5.77,5.77,5.74,5.7507,0
2026-09-15 19:23:00-04:00,5.7508,5.78,5.75,5.78,0
2026-09-15 19:24:00-04:00,5.78,5.78,5.7525,5.76,0
2026-09-15 19:25:00-04:00,5.7669,5.7838,5.72,5.7298,0
2026-09-15 19:26:00-04:00,5.7203,5.73,5.71,5.7197,0
2026-09-15 19:27:00-04:00,5.71,5.71,5.69,5.7,0
2026-09-15 19:28:00-04:00,5.7,5.75,5.64,5.7104,0
2026-09-15 19:29:00-04:00,5.71,5.76,5.71,5.76,0
2026-09-15 19:30:00-04:00,5.77,5.77,5.74,5.74,0
2026-09-15 19:31:00-04:00,5.7403,5.75,5.71,5.7146,0
2026-09-15 19:32:00-04:00,5.71,5.73,5.71,5.72,0
2026-09-15 19:33:00-04:00,5.71,5.75,5.71,5.75,0
2026-09-15 19:34:00-04:00,5.74,5.75,5.71,5.72,0
2026-09-15 19:35:00-04:00,5.7199,5.72,5.71,5.71,0
2026-09-15 19:36:00-04:00,5.7102,5.72,5.684,5.684,0
2026-09-15 19:37:00-04:00,5.67,5.72,5.65,5.6609,0
2026-09-15 19:38:00-04:00,5.69,5.7,5.65,5.7,0
2026-09-15 19:39:00-04:00,5.68,5.68,5.66,5.6697,0
2026-09-15 19:40:00-04:00,5.67,5.67,5.66,5.66,0
2026-09-15 19:41:00-04:00,5.67,5.72,5.66,5.7035,0
2026-09-15 19:42:00-04:00,5.71,5.75,5.67,5.72,0
2026-09-15 19:43:00-04:00,5.7227,5.75,5.66,5.7,0
2026-09-15 19:44:00-04:00,5.6817,5.74,5.68,5.7,0
2026-09-15 19:45:00-04:00,5.74,5.74,5.71,5.71,0
2026-09-15 19:46:00-04:00,5.72,5.75,5.71,5.75,0
2026-09-15 19:47:00-04:00,5.74,5.76,5.74,5.75,0
2026-09-15 19:48:00-04:00,5.75,5.8,5.75,5.7999,0
2026-09-15 19:49:00-04:00,5.7915,5.8,5.7783,5.79,0
2026-09-15 19:50:00-04:00,5.79,5.79,5.76,5.77,0
2026-09-15 19:51:00-04:00,5.79,5.79,5.77,5.79,0
2026-09-15 19:52:00-04:00,5.79,5.79,5.7683,5.77,0
2026-09-15 19:53:00-04:00,5.76,5.76,5.72,5.7236,0
2026-09-15 19:54:00-04:00,5.72,5.75,5.72,5.73,0
2026-09-15 19:55:00-04:00,5.74,5.8,5.74,5.78,0
2026-09-15 19:56:00-04:00,5.7897,5.81,5.78,5.8015,0
2026-09-15 19:57:00-04:00,5.84,5.8408,5.8,5.8215,0
2026-09-15 19:58:00-04:00,5.82,5.8515,5.82,5.85,0
2026-09-15 19:59:00-04:00,5.86,5.95,5.84,5.8709,0
