,Open,High,Low,Close,Volume
2026-08-31 04:00:00-04:00,7.3795,7.93,6.8158,7.1473,0
2026-08-31 04:01:00-04:00,7.02,7.86,7.0127,7.0601,0
2026-08-31 04:02:00-04:00,7.0714,7.3536,7.0701,7.299,0
2026-08-31 04:03:00-04:00,7.299,7.3,7.27,7.3,0
2026-08-31 04:04:00-04:00,7.418,7.43,7.08,7.1619,0
2026-08-31 04:05:00-04:00,7.15,7.86,7.1,7.2825,0
2026-08-31 04:06:00-04:00,7.0705,7.08,7.07,7.0779,0
2026-08-31 04:07:00-04:00,7.0705,7.1072,7.07,7.1072,0
2026-08-31 04:08:00-04:00,7.0803,7.1,7.0,7.0095,0
2026-08-31 04:09:00-04:00,7.0005,7.01,7.0,7.002,0
2026-08-31 04:10:00-04:00,7.01,7.01,7.0001,7.0002,0
2026-08-31 04:11:00-04:00,7.0016,7.0078,7.0,7.0002,0
2026-08-31 04:12:00-04:00,7.0095,7.01,7.0002,7.0078,0
2026-08-31 04:13:00-04:00,7.0005,7.01,7.0005,7.0095,0
2026-08-31 04:14:00-04:00,7.0095,7.01,7.0005,7.01,0
2026-08-31 04:15:00-04:00,7.0005,7.01,7.0,7.0095,0
2026-08-31 04:16:00-04:00,7.01,7.01,7.0002,7.0005,0
2026-08-31 04:17:00-04:00,7.0005,7.0095,7.0,7.0095,0
2026-08-31 04:18:00-04:00,7.0005,7.01,7.0005,7.008,0
2026-08-31 04:19:00-04:00,7.0095,7.01,6.8256,6.8937,0
2026-08-31 04:20:00-04:00,6.8543,6.9413,6.6,6.78,0
2026-08-31 04:21:00-04:00,6.68,6.977,6.67,6.86,0
2026-08-31 04:22:00-04:00,6.9962,6.9962,6.7303,6.7395,0
2026-08-31 04:23:00-04:00,6.9785,6.99,6.81,6.9313,0
2026-08-31 04:24:00-04:00,6.9332,6.9997,6.9079,6.9844,0
2026-08-31 04:25:00-04:00,6.99,6.99,6.89,6.92,0
2026-08-31 04:26:00-04:00,6.8979,7.1301,6.8979,7.0765,0
2026-08-31 04:27:00-04:00,7.1,7.2889,7.0579,7.1486,0
2026-08-31 04:28:00-04:00,7.1486,7.29,7.0814,7.2836,0
2026-08-31 04:29:00-04:00,7.2,7.28,7.16,7.19,0
2026-08-31 04:30:00-04:00,7.19,7.5585,7.19,7.3515,0
2026-08-31 04:31:00-04:00,7.3615,7.51,7.3515,7.4005,0
2026-08-31 04:32:00-04:00,7.4005,7.41,7.2,7.3881,0
2026-08-31 04:33:00-04:00,7.2915,7.37,7.2915,7.3095,0
2026-08-31 04:34:00-04:00,7.31,7.4,7.3,7.3985,0
2026-08-31 04:35:00-04:00,7.3985,7.4,7.22,7.3785,0
2026-08-31 04:36:00-04:00,7.34,7.4,7.3115,7.3985,0
2026-08-31 04:37:00-04:00,7.4,7.5,7.3579,7.4985,0
2026-08-31 04:38:00-04:00,7.4985,7.55,7.36,7.5485,0
2026-08-31 04:39:00-04:00,7.538,7.55,7.3215,7.3467,0
2026-08-31 04:40:00-04:00,7.3985,7.4,7.3315,7.3661,0
2026-08-31 04:41:00-04:00,7.3985,7.432,7.36,7.37,0
2026-08-31 04:42:00-04:00,7.37,7.3985,7.32,7.35,0
2026-08-31 04:43:00-04:00,7.3415,7.37,7.25,7.25,0
2026-08-31 04:44:00-04:00,7.25,7.3689,7.2,7.27,0
2026-08-31 04:45:00-04:00,7.24,7.3665,7.22,7.28,0
2026-08-31 04:46:00-04:00,7.28,7.3685,7.28,7.3015,0
2026-08-31 04:47:00-04:00,7.33,7.35,7.3015,7.32,0
2026-08-31 04:48:00-04:00,7.3685,7.3685,7.32,7.34,0
2026-08-31 04:49:00-04:00,7.35,7.35,7.32,7.35,0
2026-08-31 04:50:00-04:00,7.3083,7.31,7.2481,7.2481,0
2026-08-31 04:51:00-04:00,7.25,7.2686,7.2,7.21,0
2026-08-31 04:52:00-04:00,7.23,7.3197,7.2001,7.21,0
2026-08-31 04:53:00-04:00,7.32,7.32,7.2005,7.2197,0
2026-08-31 04:54:00-04:00,7.3113,7.3113,7.13,7.1314,0
2026-08-31 04:55:00-04:00,7.131,7.149,7.0502,7.0986,0
2026-08-31 04:56:00-04:00,7.08,7.2081,7.0264,7.2081,0
2026-08-31 04:57:00-04:00,7.14,7.2136,7.1,7.17,0
2026-08-31 04:58:00-04:00,7.1289,7.1686,7.0614,7.0615,0
2026-08-31 04:59:00-04:00,7.0872,7.21,7.06,7.0995,0
2026-08-31 05:00:00-04:00,7.0995,7.11,7.0514,7.06,0
2026-08-31 05:01:00-04:00,7.0514,7.1,7.0514,7.09,0
2026-08-31 05:02:00-04:00,7.07,7.1913,7.07,7.1482,0
2026-08-31 05:03:00-04:00,7.12,7.15,7.11,7.13,0
2026-08-31 05:04:00-04:00,7.12,7.1286,7.1,7.11,0
2026-08-31 05:05:00-04:00,7.119,7.1297,7.1014,7.1183,0
2026-08-31 05:06:00-04:00,7.12,7.1297,7.0505,7.06,0
2026-08-31 05:07:00-04:00,7.0578,7.0986,7.02,7.0986,0
2026-08-31 05:08:00-04:00,7.0314,7.1,7.0314,7.06,0
2026-08-31 05:09:00-04:00,7.08,7.08,7.0605,7.0621,0
2026-08-31 05:10:00-04:00,7.0605,7.07,7.02,7.0686,0
2026-08-31 05:11:00-04:00,7.0465,7.0486,7.0105,7.0105,0
2026-08-31 05:12:00-04:00,7.0122,7.0178,6.7,6.8,0
2026-08-31 05:13:00-04:00,6.7,6.88,6.7,6.88,0
2026-08-31 05:14:00-04:00,6.83,6.88,6.8003,6.85,0
2026-08-31 05:15:00-04:00,6.86,6.9897,6.8401,6.88,0
2026-08-31 05:16:00-04:00,6.91,6.9286,6.88,6.8814,0
2026-08-31 05:17:00-04:00,6.8814,6.92,6.88,6.92,0
2026-08-31 05:18:00-04:00,6.9,6.93,6.88,6.88,0
2026-08-31 05:19:00-04:00,6.88,6.9,6.88,6.8987,0
2026-08-31 05:20:00-04:00,6.9,6.9997,6.9,6.91,0
2026-08-31 05:21:00-04:00,6.9079,7.0,6.9079,6.98,0
2026-08-31 05:22:00-04:00,6.98,6.99,6.85,6.86,0
2026-08-31 05:23:00-04:00,6.9,6.9621,6.8779,6.88,0
2026-08-31 05:24:00-04:00,6.9,6.95,6.8764,6.92,0
2026-08-31 05:25:00-04:00,6.8981,6.9,6.8795,6.8795,0
2026-08-31 05:26:00-04:00,6.8781,6.889,6.8,6.8014,0
2026-08-31 05:27:00-04:00,6.8079,6.85,6.8001,6.8305,0
2026-08-31 05:28:00-04:00,6.8267,6.8997,6.8156,6.899,0
2026-08-31 05:29:00-04:00,6.95,6.95,6.8595,6.91,0
2026-08-31 05:30:00-04:00,6.93,6.9421,6.9014,6.9095,0
2026-08-31 05:31:00-04:00,6.9005,6.91,6.88,6.9014,0
2026-08-31 05:32:00-04:00,6.919,6.9486,6.9,6.9269,0
2026-08-31 05:33:00-04:00,6.9243,6.9243,6.85,6.85,0
2026-08-31 05:34:00-04:00,6.8514,6.893,6.8501,6.893,0
2026-08-31 05:35:00-04:00,6.8742,6.9208,6.86,6.91,0
2026-08-31 05:36:00-04:00,6.91,6.9844,6.91,6.96,0
2026-08-31 05:37:00-04:00,6.9844,6.9844,6.9056,6.96,0
2026-08-31 05:38:00-04:00,6.96,7.02,6.96,7.02,0
2026-08-31 05:39:00-04:00,7.0,7.0,6.9614,7.0,0
2026-08-31 05:40:00-04:00,6.99,7.03,6.99,7.03,0
2026-08-31 05:41:00-04:00,7.0314,7.0928,7.01,7.04,0
2026-08-31 05:42:00-04:00,7.04,7.0928,7.02,7.0386,0
2026-08-31 05:43:00-04:00,7.0305,7.04,7.0014,7.0157,0
2026-08-31 05:44:00-04:00,7.0114,7.02,7.0,7.0005,0
2026-08-31 05:45:00-04:00,7.01,7.0921,7.0005,7.0921,0
2026-08-31 05:46:00-04:00,7.0921,7.0929,7.034,7.09,0
2026-08-31 05:47:00-04:00,7.0114,7.0486,7.01,7.0425,0
2026-08-31 05:48:00-04:00,7.0486,7.0486,7.0114,7.02,0
2026-08-31 05:49:00-04:00,7.02,7.0486,7.0,7.0005,0
2026-08-31 05:50:00-04:00,7.0005,7.0098,7.0001,7.0005,0
2026-08-31 05:51:00-04:00,7.0095,7.0095,7.0005,7.0019,0
2026-08-31 05:52:00-04:00,7.0005,7.01,7.0001,7.0001,0
2026-08-31 05:53:00-04:00,7.0095,7.01,7.0005,7.0005,0
2026-08-31 05:54:00-04:00,7.0005,7.0095,7.0,7.0083,0
2026-08-31 05:55:00-04:00,7.0005,7.01,7.0,7.0084,0
2026-08-31 05:56:00-04:00,7.0005,7.01,7.0,7.0079,0
2026-08-31 05:57:00-04:00,7.008,7.0081,7.0,7.0,0
2026-08-31 05:58:00-04:00,7.0005,7.0005,6.9605,6.9682,0
2026-08-31 05:59:00-04:00,6.9605,6.9605,6.9005,6.9005,0
2026-08-31 06:00:00-04:00,6.9005,6.93,6.9,6.93,0
2026-08-31 06:01:00-04:00,6.95,6.9921,6.95,6.99,0
2026-08-31 06:02:00-04:00,6.9719,6.9828,6.9003,6.94,0
2026-08-31 06:03:00-04:00,6.96,6.99,6.9414,6.9414,0
2026-08-31 06:04:00-04:00,6.9775,7.1,6.9775,7.0881,0
2026-08-31 06:05:00-04:00,7.0881,7.09,6.9595,6.9595,0
2026-08-31 06:06:00-04:00,7.02,7.0486,7.0001,7.0486,0
2026-08-31 06:07:00-04:00,7.0486,7.0486,7.0353,7.0353,0
2026-08-31 06:08:00-04:00,7.04,7.049,7.0301,7.049,0
2026-08-31 06:09:00-04:00,7.049,7.1,7.049,7.1,0
2026-08-31 06:10:00-04:00,7.08,7.1,7.08,7.1,0
2026-08-31 06:11:00-04:00,7.14,7.25,7.0895,7.1986,0
2026-08-31 06:12:00-04:00,7.1852,7.26,7.13,7.2521,0
2026-08-31 06:13:00-04:00,7.26,7.37,7.2319,7.27,0
2026-08-31 06:14:00-04:00,7.28,7.3,7.26,7.299,0
2026-08-31 06:15:00-04:00,7.299,7.45,7.2814,7.2864,0
2026-08-31 06:16:00-04:00,7.2864,7.3536,7.0,7.1,0
2026-08-31 06:17:00-04:00,7.0957,7.2105,6.9487,7.2025,0
2026-08-31 06:18:00-04:00,7.07,7.2,7.0359,7.18,0
2026-08-31 06:19:00-04:00,7.1879,7.19,7.15,7.15,0
2026-08-31 06:20:00-04:00,7.1505,7.1505,7.1,7.1014,0
2026-08-31 06:21:00-04:00,7.11,7.13,7.1014,7.1195,0
2026-08-31 06:22:00-04:00,7.1105,7.1186,7.07,7.0714,0
2026-08-31 06:23:00-04:00,7.0714,7.1,7.0705,7.0767,0
2026-08-31 06:24:00-04:00,7.0788,7.1159,7.07,7.1027,0
2026-08-31 06:25:00-04:00,7.1014,7.1828,7.0887,7.1813,0
2026-08-31 06:26:00-04:00,7.14,7.2,7.13,7.1986,0
2026-08-31 06:27:00-04:00,7.1079,7.2986,7.1079,7.2849,0
2026-08-31 06:28:00-04:00,7.281,7.299,7.1503,7.2,0
2026-08-31 06:29:00-04:00,7.21,7.3,7.21,7.3,0
2026-08-31 06:30:00-04:00,7.3,7.3,7.29,7.29,0
2026-08-31 06:31:00-04:00,7.2909,7.3,7.2301,7.2486,0
2026-08-31 06:32:00-04:00,7.23,7.3,7.23,7.2881,0
2026-08-31 06:33:00-04:00,7.2765,7.28,7.2005,7.2071,0
2026-08-31 06:34:00-04:00,7.2828,7.2897,7.2072,7.2164,0
2026-08-31 06:35:00-04:00,7.2356,7.2365,7.2214,7.2365,0
2026-08-31 06:36:00-04:00,7.24,7.24,7.201,7.21,0
2026-08-31 06:37:00-04:00,7.201,7.22,7.2,7.2005,0
2026-08-31 06:38:00-04:00,7.2087,7.21,7.2005,7.2005,0
2026-08-31 06:39:00-04:00,7.2019,7.2095,7.1,7.1,0
2026-08-31 06:40:00-04:00,7.1079,7.1093,7.07,7.0802,0
2026-08-31 06:41:00-04:00,7.07,7.1921,7.07,7.15,0
2026-08-31 06:42:00-04:00,7.1014,7.15,7.1014,7.14,0
2026-08-31 06:43:00-04:00,7.14,7.15,7.1014,7.1014,0
2026-08-31 06:44:00-04:00,7.1486,7.1486,7.1,7.1486,0
2026-08-31 06:45:00-04:00,7.1486,7.1486,7.05,7.1421,0
2026-08-31 06:46:00-04:00,7.06,7.13,7.06,7.1005,0
2026-08-31 06:47:00-04:00,7.1007,7.11,7.1,7.1,0
2026-08-31 06:48:00-04:00,7.1,7.1,7.0986,7.0986,0
2026-08-31 06:49:00-04:00,7.0986,7.0986,7.0614,7.0614,0
2026-08-31 06:50:00-04:00,7.07,7.0986,7.06,7.07,0
2026-08-31 06:51:00-04:00,7.08,7.0976,7.08,7.0976,0
2026-08-31 06:52:00-04:00,7.0975,7.0993,7.08,7.0814,0
2026-08-31 06:53:00-04:00,7.11,7.12,7.1087,7.1186,0
2026-08-31 06:54:00-04:00,7.1086,7.11,7.08,7.08,0
2026-08-31 06:55:00-04:00,7.11,7.11,7.1005,7.11,0
2026-08-31 06:56:00-04:00,7.11,7.3,7.105,7.28,0
2026-08-31 06:57:00-04:00,7.299,7.299,7.21,7.21,0
2026-08-31 06:58:00-04:00,7.2114,7.2486,7.17,7.17,0
2026-08-31 06:59:00-04:00,7.2,7.21,7.17,7.2086,0
2026-08-31 07:00:00-04:00,7.2096,7.2436,7.11,7.1579,0
2026-08-31 07:01:00-04:00,7.18,7.22,7.1,7.11,0
2026-08-31 07:02:00-04:00,7.18,7.2,7.149,7.2,0
2026-08-31 07:03:00-04:00,7.21,7.2499,7.1714,7.2483,0
2026-08-31 07:04:00-04:00,7.22,7.29,7.2071,7.28,0
2026-08-31 07:05:00-04:00,7.2736,7.28,7.2,7.2737,0
2026-08-31 07:06:00-04:00,7.2063,7.28,7.2063,7.25,0
2026-08-31 07:07:00-04:00,7.28,7.5085,7.2414,7.5,0
2026-08-31 07:08:00-04:00,7.49,7.55,7.26,7.3528,0
2026-08-31 07:09:00-04:00,7.344,7.43,7.05,7.3295,0
2026-08-31 07:10:00-04:00,7.31,7.3286,7.1235,7.2,0
2026-08-31 07:11:00-04:00,7.18,7.24,7.11,7.1495,0
2026-08-31 07:12:00-04:00,7.11,7.15,7.1,7.15,0
2026-08-31 07:13:00-04:00,7.1014,7.2,7.0603,7.126,0
2026-08-31 07:14:00-04:00,7.188,7.1996,7.0879,7.0879,0
2026-08-31 07:15:00-04:00,7.1165,7.2,7.0879,7.17,0
2026-08-31 07:16:00-04:00,7.11,7.18,7.11,7.1549,0
2026-08-31 07:17:00-04:00,7.16,7.2557,7.1579,7.2557,0
2026-08-31 07:18:00-04:00,7.29,7.3898,7.25,7.27,0
2026-08-31 07:19:00-04:00,7.26,7.3,7.2514,7.2514,0
2026-08-31 07:20:00-04:00,7.3,7.4,7.2703,7.35,0
2026-08-31 07:21:00-04:00,7.315,7.37,7.3,7.35,0
2026-08-31 07:22:00-04:00,7.3595,7.44,7.26,7.35,0
2026-08-31 07:23:00-04:00,7.35,7.4385,7.3,7.3,0
2026-08-31 07:24:00-04:00,7.44,7.44,7.22,7.35,0
2026-08-31 07:25:00-04:00,7.35,7.3736,7.22,7.3736,0
2026-08-31 07:26:00-04:00,7.38,7.38,7.15,7.2377,0
2026-08-31 07:27:00-04:00,7.2989,7.2989,7.1995,7.1999,0
2026-08-31 07:28:00-04:00,7.1995,7.3289,7.1874,7.23,0
2026-08-31 07:29:00-04:00,7.16,7.2543,7.1501,7.18,0
2026-08-31 07:30:00-04:00,7.3,7.3,7.1695,7.2705,0
2026-08-31 07:31:00-04:00,7.17,7.2713,7.17,7.17,0
2026-08-31 07:32:00-04:00,7.1714,7.2,7.17,7.17,0
2026-08-31 07:33:00-04:00,7.1798,7.2,7.17,7.2,0
2026-08-31 07:34:00-04:00,7.2,7.2,7.17,7.1719,0
2026-08-31 07:35:00-04:00,7.1702,7.2,7.17,7.175,0
2026-08-31 07:36:00-04:00,7.1702,7.19,7.17,7.171,0
2026-08-31 07:37:00-04:00,7.18,7.19,7.17,7.171,0
2026-08-31 07:38:00-04:00,7.18,7.25,7.17,7.1814,0
2026-08-31 07:39:00-04:00,7.23,7.25,7.19,7.1911,0
2026-08-31 07:40:00-04:00,7.25,7.25,7.19,7.1914,0
2026-08-31 07:41:00-04:00,7.19,7.22,7.19,7.21,0
2026-08-31 07:42:00-04:00,7.2,7.22,7.19,7.1994,0
2026-08-31 07:43:00-04:00,7.1997,7.2,7.19,7.2,0
2026-08-31 07:44:00-04:00,7.198,7.2,7.19,7.1905,0
2026-08-31 07:45:00-04:00,7.1905,7.24,7.19,7.24,0
2026-08-31 07:46:00-04:00,7.1908,7.2386,7.1908,7.2,0
2026-08-31 07:47:00-04:00,7.219,7.22,7.2,7.219,0
2026-08-31 07:48:00-04:00,7.22,7.24,7.2003,7.21,0
2026-08-31 07:49:00-04:00,7.24,7.25,7.21,7.2235,0
2026-08-31 07:50:00-04:00,7.2117,7.25,7.21,7.23,0
2026-08-31 07:51:00-04:00,7.2114,7.25,7.17,7.22,0
2026-08-31 07:52:00-04:00,7.17,7.17,7.12,7.12,0
2026-08-31 07:53:00-04:00,7.1287,7.22,7.12,7.2,0
2026-08-31 07:54:00-04:00,7.1465,7.2,7.12,7.1886,0
2026-08-31 07:55:00-04:00,7.17,7.19,7.12,7.1886,0
2026-08-31 07:56:00-04:00,7.19,7.19,7.1514,7.1879,0
2026-08-31 07:57:00-04:00,7.16,7.25,7.15,7.2396,0
2026-08-31 07:58:00-04:00,7.24,7.24,7.2,7.2269,0
2026-08-31 07:59:00-04:00,7.21,7.3,7.21,7.2886,0
2026-08-31 08:00:00-04:00,7.29,7.29,7.25,7.2776,0
2026-08-31 08:01:00-04:00,7.26,7.28,7.26,7.279,0
2026-08-31 08:02:00-04:00,7.2715,7.28,7.2602,7.2695,0
2026-08-31 08:03:00-04:00,7.268,7.27,7.25,7.25,0
2026-08-31 08:04:00-04:00,7.27,7.27,7.2118,7.27,0
2026-08-31 08:05:00-04:00,7.2386,7.24,7.2,7.2009,0
2026-08-31 08:06:00-04:00,7.2,7.36,7.2,7.36,0
2026-08-31 08:07:00-04:00,7.33,7.36,7.28,7.28,0
2026-08-31 08:08:00-04:00,7.3013,7.33,7.2095,7.3,0
2026-08-31 08:09:00-04:00,7.29,7.3,7.26,7.2614,0
2026-08-31 08:10:00-04:00,7.3,7.3,7.21,7.23,0
2026-08-31 08:11:00-04:00,7.24,7.25,7.21,7.2214,0
2026-08-31 08:12:00-04:00,7.22,7.25,7.1512,7.2,0
2026-08-31 08:13:00-04:00,7.16,7.2,7.16,7.18,0
2026-08-31 08:14:00-04:00,7.2,7.205,7.16,7.2,0
2026-08-31 08:15:00-04:00,7.2107,7.2186,7.1714,7.2,0
2026-08-31 08:16:00-04:00,7.21,7.22,7.2,7.22,0
2026-08-31 08:17:00-04:00,7.21,7.25,7.2014,7.2486,0
2026-08-31 08:18:00-04:00,7.24,7.25,7.21,7.25,0
2026-08-31 08:19:00-04:00,7.2486,7.25,7.2,7.2,0
2026-08-31 08:20:00-04:00,7.24,7.25,7.2108,7.24,0
2026-08-31 08:21:00-04:00,7.25,7.25,7.22,7.22,0
2026-08-31 08:22:00-04:00,7.2486,7.2486,7.2114,7.2194,0
2026-08-31 08:23:00-04:00,7.2105,7.2199,7.21,7.2195,0
2026-08-31 08:24:00-04:00,7.2101,7.35,7.21,7.35,0
2026-08-31 08:25:00-04:00,7.3297,7.35,7.21,7.35,0
2026-08-31 08:26:00-04:00,7.307,7.4736,7.307,7.41,0
2026-08-31 08:27:00-04:00,7.4,7.44,7.25,7.3597,0
2026-08-31 08:28:00-04:00,7.2587,7.4,7.25,7.3822,0
2026-08-31 08:29:00-04:00,7.4,7.52,7.35,7.4915,0
2026-08-31 08:30:00-04:00,7.52,7.52,7.3572,7.43,0
2026-08-31 08:31:00-04:00,7.45,7.5,7.4,7.431,0
2026-08-31 08:32:00-04:00,7.449,7.45,7.35,7.4,0
2026-08-31 08:33:00-04:00,7.3805,7.39,7.38,7.39,0
2026-08-31 08:34:00-04:00,7.3885,7.39,7.33,7.33,0
2026-08-31 08:35:00-04:00,7.3,7.47,7.3,7.4,0
2026-08-31 08:36:00-04:00,7.45,7.45,7.35,7.3563,0
2026-08-31 08:37:00-04:00,7.35,7.4,7.3,7.35,0
2026-08-31 08:38:00-04:00,7.37,7.4,7.36,7.39,0
2026-08-31 08:39:00-04:00,7.39,7.3997,7.3,7.3615,0
2026-08-31 08:40:00-04:00,7.361,7.38,7.36,7.36,0
2026-08-31 08:41:00-04:00,7.36,7.4,7.36,7.38,0
2026-08-31 08:42:00-04:00,7.38,7.4,7.37,7.38,0
2026-08-31 08:43:00-04:00,7.38,7.3999,7.3715,7.381,0
2026-08-31 08:44:00-04:00,7.4,7.4,7.38,7.3999,0
2026-08-31 08:45:00-04:00,7.4,7.4,7.33,7.33,0
2026-08-31 08:46:00-04:00,7.33,7.37,7.3,7.3385,0
2026-08-31 08:47:00-04:00,7.3108,7.41,7.31,7.32,0
2026-08-31 08:48:00-04:00,7.35,7.35,7.3,7.3,0
2026-08-31 08:49:00-04:00,7.31,7.5,7.3069,7.43,0
2026-08-31 08:50:00-04:00,7.43,7.65,7.3419,7.6485,0
2026-08-31 08:51:00-04:00,7.6423,7.88,7.56,7.8697,0
2026-08-31 08:52:00-04:00,7.86,7.95,7.7916,7.9197,0
2026-08-31 08:53:00-04:00,7.9384,8.74,7.9101,8.6816,0
2026-08-31 08:54:00-04:00,8.6117,8.75,8.0,8.0005,0
2026-08-31 08:55:00-04:00,8.0,8.01,7.16,7.29,0
2026-08-31 08:56:00-04:00,7.3592,7.36,7.12,7.18,0
2026-08-31 08:57:00-04:00,7.18,7.2,7.05,7.06,0
2026-08-31 08:58:00-04:00,7.0814,7.22,7.06,7.2,0
2026-08-31 08:59:00-04:00,7.2,7.2,7.12,7.12,0
2026-08-31 09:00:00-04:00,7.12,7.24,7.12,7.1201,0
2026-08-31 09:01:00-04:00,7.1214,7.2,7.12,7.12,0
2026-08-31 09:02:00-04:00,7.1201,7.13,7.05,7.0505,0
2026-08-31 09:03:00-04:00,7.0505,7.11,7.0101,7.07,0
2026-08-31 09:04:00-04:00,7.07,7.13,7.06,7.1086,0
2026-08-31 09:05:00-04:00,7.11,7.11,7.06,7.0815,0
2026-08-31 09:06:00-04:00,7.0675,7.13,7.05,7.13,0
2026-08-31 09:07:00-04:00,7.1,7.13,7.0,7.04,0
2026-08-31 09:08:00-04:00,7.0014,7.04,7.0,7.01,0
2026-08-31 09:09:00-04:00,7.01,7.03,7.0,7.0003,0
2026-08-31 09:10:00-04:00,7.01,7.01,7.0,7.0,0
2026-08-31 09:11:00-04:00,7.01,7.0104,6.8,6.9186,0
2026-08-31 09:12:00-04:00,6.9,6.9,6.8,6.8384,0
2026-08-31 09:13:00-04:00,6.89,7.0,6.83,6.99,0
2026-08-31 09:14:00-04:00,7.0481,7.0897,6.9219,7.0897,0
2026-08-31 09:15:00-04:00,7.0605,7.1,7.0504,7.0886,0
2026-08-31 09:16:00-04:00,7.09,7.1421,7.05,7.1,0
2026-08-31 09:17:00-04:00,7.07,7.15,7.07,7.1486,0
2026-08-31 09:18:00-04:00,7.15,7.2,7.06,7.09,0
2026-08-31 09:19:00-04:00,7.06,7.1897,7.06,7.1,0
2026-08-31 09:20:00-04:00,7.1064,7.18,7.1,7.1014,0
2026-08-31 09:21:00-04:00,7.1095,7.11,7.1,7.1002,0
2026-08-31 09:22:00-04:00,7.1017,7.11,7.1,7.1014,0
2026-08-31 09:23:00-04:00,7.11,7.14,7.1,7.1095,0
2026-08-31 09:24:00-04:00,7.1099,7.11,7.1,7.11,0
2026-08-31 09:25:00-04:00,7.17,7.17,7.11,7.1686,0
2026-08-31 09:26:00-04:00,7.1314,7.3,7.1314,7.2686,0
2026-08-31 09:27:00-04:00,7.279,7.3485,7.2064,7.2676,0
2026-08-31 09:28:00-04:00,7.25,7.29,7.2,7.2,0
2026-08-31 09:29:00-04:00,7.2,7.29,7.2,7.2686,0
2026-08-31 09:30:00-04:00,7.210000038146973,7.25,7.010000228881836,7.138299942016602,2408270
2026-08-31 09:31:00-04:00,7.086999893188477,7.14709997177124,7.03000020980835,7.062900066375732,12495
2026-08-31 09:32:00-04:00,7.119999885559082,7.4899001121521,7.099999904632568,7.130000114440918,46783
2026-08-31 09:33:00-04:00,7.179800033569336,7.320000171661377,7.100100040435791,7.25,18726
2026-08-31 09:34:00-04:00,7.25,7.800000190734863,7.239999771118164,7.650000095367432,72799
2026-08-31 09:35:00-04:00,7.661300182342529,8.0,7.599999904632568,7.700099945068359,148690
2026-08-31 09:36:00-04:00,7.695000171661377,8.100000381469727,7.599999904632568,7.800000190734863,170385
2026-08-31 09:37:00-04:00,7.838900089263916,8.479999542236328,7.619999885559082,8.336899757385254,242296
2026-08-31 09:38:00-04:00,8.3149995803833,8.619999885559082,8.199999809265137,8.524999618530273,361888
2026-08-31 09:39:00-04:00,8.484999656677246,8.75,8.15999984741211,8.302800178527832,356038
2026-08-31 09:40:00-04:00,8.300100326538086,8.5600004196167,8.199999809265137,8.470000267028809,177631
2026-08-31 09:41:00-04:00,8.426899909973145,8.970000267028809,8.40999984741211,8.757699966430664,370191
2026-08-31 09:42:00-04:00,8.699999809265137,9.369999885559082,8.6899995803833,9.369999885559082,352193
2026-08-31 09:47:00-04:00,9.369999885559082,9.729999542236328,8.760000228881836,9.688199996948242,231488
2026-08-31 09:48:00-04:00,9.630000114440918,10.069999694824219,8.5,9.975000381469727,677151
2026-08-31 09:49:00-04:00,10.022199630737305,10.390000343322754,9.609999656677246,9.739999771118164,609992
2026-08-31 09:50:00-04:00,9.649999618530273,10.329999923706055,9.620100021362305,9.970000267028809,397047
2026-08-31 09:51:00-04:00,9.970000267028809,10.5,9.770000457763672,10.074999809265137,386398
2026-08-31 09:52:00-04:00,10.074999809265137,10.379899978637695,9.88379955291748,9.979999542236328,316886
2026-08-31 09:53:00-04:00,9.99590015411377,10.130000114440918,9.140000343322754,9.149999618530273,297357
2026-08-31 09:54:00-04:00,9.234999656677246,9.670000076293945,9.050000190734863,9.625,287472
2026-08-31 09:55:00-04:00,9.649900436401367,10.270000457763672,9.500100135803223,10.010299682617188,400772
2026-08-31 09:56:00-04:00,10.050000190734863,10.260000228881836,9.779999732971191,9.970000267028809,316807
2026-08-31 09:57:00-04:00,10.029999732971191,10.880000114440918,9.910099983215332,10.77560043334961,612174
2026-08-31 09:58:00-04:00,10.721500396728516,11.180000305175781,10.449999809265137,10.833600044250488,510109
2026-08-31 09:59:00-04:00,10.866100311279297,11.270000457763672,10.399999618530273,11.0600004196167,545490
2026-08-31 10:00:00-04:00,11.089900016784668,11.390000343322754,10.729999542236328,11.310700416564941,455522
2026-08-31 10:01:00-04:00,11.33530044555664,11.408100128173828,10.850000381469727,10.960399627685547,326158
2026-08-31 10:02:00-04:00,10.949999809265137,11.199899673461914,10.760100364685059,11.010000228881836,261948
2026-08-31 10:03:00-04:00,11.010000228881836,11.149700164794922,10.854499816894531,11.09000015258789,172465
2026-08-31 10:04:00-04:00,11.09000015258789,11.146100044250488,10.300000190734863,10.300000190734863,256070
2026-08-31 10:05:00-04:00,10.300000190734863,10.70989990234375,10.29010009765625,10.64579963684082,137118
2026-08-31 10:06:00-04:00,10.600000381469727,10.649999618530273,9.979999542236328,10.020000457763672,255442
2026-08-31 10:07:00-04:00,10.00409984588623,10.25,9.840100288391113,10.100099563598633,149878
2026-08-31 10:08:00-04:00,10.165900230407715,10.25,10.039999961853027,10.140000343322754,88284
2026-08-31 10:09:00-04:00,10.135899543762207,10.229999542236328,10.0649995803833,10.09000015258789,55386
2026-08-31 10:10:00-04:00,10.102999687194824,10.630000114440918,10.102999687194824,10.4399995803833,236089
2026-08-31 10:11:00-04:00,10.460000038146973,10.515700340270996,10.260000228881836,10.34000015258789,110903
2026-08-31 10:12:00-04:00,10.350000381469727,10.429900169372559,10.170000076293945,10.225000381469727,100535
2026-08-31 10:13:00-04:00,10.239999771118164,10.249899864196777,9.869999885559082,9.973600387573242,159438
2026-08-31 10:14:00-04:00,10.000100135803223,10.149999618530273,9.899999618530273,10.017200469970703,64340
2026-08-31 10:15:00-04:00,10.024100303649902,10.399999618530273,9.953399658203125,10.36870002746582,109430
2026-08-31 10:16:00-04:00,10.3149995803833,10.537799835205078,10.199999809265137,10.274200439453125,150952
2026-08-31 10:17:00-04:00,10.319999694824219,10.5600004196167,10.233799934387207,10.402099609375,113714
2026-08-31 10:18:00-04:00,10.380000114440918,10.960000038146973,10.300100326538086,10.901399612426758,205086
2026-08-31 10:19:00-04:00,10.90880012512207,10.949999809265137,10.710000038146973,10.729999542236328,216374
2026-08-31 10:20:00-04:00,10.8100004196167,11.0,10.45009994506836,10.460000038146973,256449
2026-08-31 10:21:00-04:00,10.489999771118164,10.779999732971191,10.3100004196167,10.619999885559082,174874
2026-08-31 10:22:00-04:00,10.619999885559082,10.678099632263184,10.464300155639648,10.619999885559082,102738
2026-08-31 10:23:00-04:00,10.618000030517578,11.350000381469727,10.539400100708008,11.319999694824219,370517
2026-08-31 10:24:00-04:00,11.345000267028809,11.579999923706055,11.0,11.278300285339355,407597
2026-08-31 10:25:00-04:00,11.300000190734863,11.899900436401367,11.149999618530273,11.680000305175781,428358
2026-08-31 10:26:00-04:00,11.649999618530273,11.6899995803833,11.25,11.300000190734863,352897
2026-08-31 10:27:00-04:00,11.289999961853027,11.59000015258789,11.160300254821777,11.3149995803833,190580
2026-08-31 10:28:00-04:00,11.30459976196289,11.470000267028809,10.819999694824219,11.15999984741211,202548
2026-08-31 10:29:00-04:00,11.1899995803833,11.199899673461914,10.63010025024414,10.848999977111816,171868
2026-08-31 10:30:00-04:00,10.829999923706055,11.099900245666504,10.770099639892578,10.9399995803833,106972
2026-08-31 10:31:00-04:00,10.904500007629395,11.039999961853027,10.770000457763672,10.960000038146973,77488
2026-08-31 10:32:00-04:00,10.960000038146973,10.960000038146973,10.359999656677246,10.520000457763672,211117
2026-08-31 10:33:00-04:00,10.524999618530273,10.59570026397705,10.40999984741211,10.579999923706055,73535
2026-08-31 10:34:00-04:00,10.510100364685059,10.71560001373291,10.510100364685059,10.670000076293945,47384
2026-08-31 10:35:00-04:00,10.670000076293945,10.770000457763672,10.434300422668457,10.710000038146973,71933
2026-08-31 10:36:00-04:00,10.664600372314453,10.800000190734863,10.619999885559082,10.739999771118164,56356
2026-08-31 10:37:00-04:00,10.710800170898438,11.239999771118164,10.699999809265137,11.180000305175781,187346
2026-08-31 10:38:00-04:00,11.199999809265137,11.319899559020996,10.960000038146973,11.034000396728516,163004
2026-08-31 10:39:00-04:00,11.065500259399414,11.428999900817871,11.0,11.399900436401367,147062
2026-08-31 10:40:00-04:00,11.359999656677246,12.0,11.140000343322754,11.979900360107422,426527
2026-08-31 10:41:00-04:00,11.9399995803833,12.09000015258789,11.649999618530273,11.835000038146973,362214
2026-08-31 10:42:00-04:00,11.860899925231934,12.479999542236328,11.83489990234375,12.349900245666504,479224
2026-08-31 10:43:00-04:00,12.33489990234375,13.060500144958496,12.260100364685059,12.934200286865234,442955
2026-08-31 10:44:00-04:00,12.9399995803833,13.420000076293945,12.819999694824219,13.058300018310547,576580
2026-08-31 10:45:00-04:00,13.09000015258789,13.270000457763672,12.630000114440918,13.020000457763672,320334
2026-08-31 10:46:00-04:00,13.03499984741211,13.300000190734863,12.359999656677246,12.600000381469727,334786
2026-08-31 10:47:00-04:00,12.560099601745605,12.699999809265137,12.109999656677246,12.600000381469727,351234
2026-08-31 10:48:00-04:00,12.630000114440918,12.890000343322754,12.5,12.716699600219727,181783
2026-08-31 10:49:00-04:00,12.680000305175781,13.449999809265137,12.359999656677246,13.404999732971191,420858
2026-08-31 10:50:00-04:00,13.404999732971191,13.579999923706055,12.569999694824219,12.59000015258789,478748
2026-08-31 10:51:00-04:00,12.601499557495117,13.04990005493164,12.59000015258789,12.859999656677246,160377
2026-08-31 10:52:00-04:00,12.819899559020996,13.359999656677246,12.655099868774414,13.069999694824219,254824
2026-08-31 10:53:00-04:00,13.069999694824219,13.1899995803833,12.800100326538086,12.885299682617188,181974
2026-08-31 10:54:00-04:00,12.899999618530273,13.270000457763672,12.649999618530273,12.660099983215332,222110
2026-08-31 10:55:00-04:00,12.789999961853027,13.050000190734863,12.75,12.982799530029297,91765
2026-08-31 10:56:00-04:00,13.029999732971191,13.350000381469727,12.859999656677246,13.0,354876
2026-08-31 10:57:00-04:00,13.039999961853027,13.85990047454834,12.960000038146973,13.789999961853027,471882
2026-08-31 10:58:00-04:00,13.789999961853027,14.0,13.000100135803223,13.2947998046875,455880
2026-08-31 10:59:00-04:00,13.279999732971191,13.390000343322754,13.109999656677246,13.25,151337
2026-08-31 11:00:00-04:00,13.334600448608398,13.380000114440918,12.899999618530273,13.0,196171
2026-08-31 11:01:00-04:00,12.960000038146973,13.0,12.400099754333496,12.890000343322754,261026
2026-08-31 11:02:00-04:00,12.860099792480469,13.129899978637695,12.800000190734863,13.114999771118164,137014
2026-08-31 11:03:00-04:00,13.0649995803833,13.129899978637695,12.5600004196167,12.625,188685
2026-08-31 11:04:00-04:00,12.630000114440918,12.729999542236328,12.3100004196167,12.54990005493164,163652
2026-08-31 11:05:00-04:00,12.5108003616333,12.550000190734863,12.1899995803833,12.370100021362305,142110
2026-08-31 11:06:00-04:00,12.4399995803833,12.640000343322754,12.310099601745605,12.479999542236328,98718
2026-08-31 11:07:00-04:00,12.556699752807617,12.579999923706055,12.410099983215332,12.41349983215332,45958
2026-08-31 11:08:00-04:00,12.40999984741211,12.746399879455566,12.210000038146973,12.71500015258789,130129
2026-08-31 11:09:00-04:00,12.720000267028809,12.899999618530273,12.510000228881836,12.55519962310791,141412
2026-08-31 11:10:00-04:00,12.550000190734863,12.859999656677246,12.5,12.550000190734863,83442
2026-08-31 11:11:00-04:00,12.585000038146973,12.659899711608887,12.5,12.5,56211
2026-08-31 11:12:00-04:00,12.5,12.510000228881836,12.050000190734863,12.288599967956543,109960
2026-08-31 11:13:00-04:00,12.305000305175781,12.600000381469727,12.26039981842041,12.491700172424316,66295
2026-08-31 11:14:00-04:00,12.489999771118164,12.649999618530273,12.300000190734863,12.404899597167969,86453
2026-08-31 11:15:00-04:00,12.40999984741211,12.40999984741211,12.0600004196167,12.249899864196777,88082
2026-08-31 11:16:00-04:00,12.29990005493164,12.29990005493164,11.324999809265137,11.520099639892578,253978
2026-08-31 11:17:00-04:00,11.555000305175781,11.899900436401367,11.5,11.770000457763672,103526
2026-08-31 11:18:00-04:00,11.84000015258789,11.960000038146973,11.699999809265137,11.84000015258789,59923
2026-08-31 11:19:00-04:00,11.880000114440918,11.880000114440918,11.729999542236328,11.880000114440918,39215
2026-08-31 11:20:00-04:00,11.850299835205078,11.995699882507324,11.640000343322754,11.930000305175781,76752
2026-08-31 11:21:00-04:00,11.944999694824219,12.029999732971191,11.779999732971191,11.963299751281738,59877
2026-08-31 11:22:00-04:00,11.985099792480469,11.985099792480469,11.5600004196167,11.729999542236328,54613
2026-08-31 11:23:00-04:00,11.739999771118164,11.774800300598145,11.650099754333496,11.720000267028809,22789
2026-08-31 11:24:00-04:00,11.70009994506836,11.79520034790039,11.619999885559082,11.640000343322754,23050
2026-08-31 11:25:00-04:00,11.640000343322754,11.849900245666504,11.630000114440918,11.679400444030762,37289
2026-08-31 11:26:00-04:00,11.649999618530273,12.029999732971191,11.6048002243042,11.899999618530273,77425
2026-08-31 11:27:00-04:00,11.920000076293945,12.289999961853027,11.899999618530273,12.251500129699707,179342
2026-08-31 11:28:00-04:00,12.255000114440918,12.470000267028809,12.180000305175781,12.180000305175781,196797
2026-08-31 11:29:00-04:00,12.21500015258789,12.609999656677246,12.149999618530273,12.574999809265137,154512
2026-08-31 11:30:00-04:00,12.529999732971191,12.70989990234375,12.300000190734863,12.360799789428711,163994
2026-08-31 11:31:00-04:00,12.375,12.399100303649902,12.15999984741211,12.25,102205
2026-08-31 11:32:00-04:00,12.273599624633789,12.329999923706055,11.829999923706055,12.050000190734863,113609
2026-08-31 11:33:00-04:00,12.029999732971191,12.100000381469727,11.930000305175781,12.010000228881836,29920
2026-08-31 11:34:00-04:00,12.029899597167969,12.074999809265137,11.970000267028809,12.0600004196167,27268
2026-08-31 11:35:00-04:00,12.0600004196167,12.180000305175781,11.8100004196167,11.84000015258789,79134
2026-08-31 11:36:00-04:00,11.90999984741211,11.970000267028809,11.8100004196167,11.91100025177002,40489
2026-08-31 11:37:00-04:00,11.910099983215332,12.0,11.835000038146973,11.96500015258789,27503
2026-08-31 11:38:00-04:00,11.96500015258789,12.0,11.619999885559082,11.654999732971191,58248
2026-08-31 11:39:00-04:00,11.610699653625488,11.770000457763672,11.510000228881836,11.555000305175781,59306
2026-08-31 11:40:00-04:00,11.547200202941895,11.639399528503418,11.430000305175781,11.497900009155273,59275
2026-08-31 11:41:00-04:00,11.53499984741211,11.739999771118164,11.510000228881836,11.640000343322754,37890
2026-08-31 11:42:00-04:00,11.689000129699707,11.749899864196777,11.600000381469727,11.71500015258789,31020
2026-08-31 11:43:00-04:00,11.699999809265137,11.739999771118164,11.649999618530273,11.649999618530273,13600
2026-08-31 11:44:00-04:00,11.65999984741211,11.699999809265137,11.619999885559082,11.670000076293945,20002
2026-08-31 11:45:00-04:00,11.65999984741211,11.789999961853027,11.619999885559082,11.6899995803833,29145
2026-08-31 11:46:00-04:00,11.65999984741211,11.6899995803833,11.550000190734863,11.640000343322754,23689
2026-08-31 11:47:00-04:00,11.600000381469727,11.680000305175781,11.600000381469727,11.63479995727539,16210
2026-08-31 11:48:00-04:00,11.720000267028809,11.789899826049805,11.675000190734863,11.775199890136719,17645
2026-08-31 11:49:00-04:00,11.778300285339355,11.800000190734863,11.600000381469727,11.739999771118164,27206
2026-08-31 11:50:00-04:00,11.65999984741211,11.739999771118164,11.600000381469727,11.645000457763672,13888
2026-08-31 11:51:00-04:00,11.653800010681152,11.670000076293945,11.609999656677246,11.670000076293945,9656
2026-08-31 11:52:00-04:00,11.675200462341309,11.69849967956543,11.619999885559082,11.640000343322754,9091
2026-08-31 11:53:00-04:00,11.699999809265137,11.699999809265137,11.65999984741211,11.6899995803833,11238
2026-08-31 11:54:00-04:00,11.654800415039062,11.680000305175781,10.810099601745605,10.820199966430664,122967
2026-08-31 11:55:00-04:00,10.820699691772461,11.077799797058105,10.70009994506836,10.789999961853027,120986
2026-08-31 11:56:00-04:00,10.829999923706055,10.890000343322754,10.569999694824219,10.760000228881836,135082
2026-08-31 11:57:00-04:00,10.770000457763672,10.819999694824219,10.660099983215332,10.748100280761719,37911
2026-08-31 11:58:00-04:00,10.725000381469727,10.770000457763672,10.5600004196167,10.609999656677246,59287
2026-08-31 11:59:00-04:00,10.564399719238281,10.630000114440918,10.360099792480469,10.609999656677246,92065
2026-08-31 12:00:00-04:00,10.630000114440918,10.630000114440918,10.54010009765625,10.600000381469727,29044
2026-08-31 12:01:00-04:00,10.579999923706055,10.600000381469727,10.489999771118164,10.5600004196167,34580
2026-08-31 12:02:00-04:00,10.609999656677246,10.723899841308594,10.5600004196167,10.720000267028809,39464
2026-08-31 12:03:00-04:00,10.720000267028809,10.739899635314941,10.580100059509277,10.600000381469727,30490
2026-08-31 12:04:00-04:00,10.615699768066406,10.680000305175781,10.5802001953125,10.619999885559082,10011
2026-08-31 12:05:00-04:00,10.609999656677246,10.629899978637695,10.579999923706055,10.59000015258789,20101
2026-08-31 12:06:00-04:00,10.600099563598633,10.699999809265137,10.552000045776367,10.630000114440918,24296
2026-08-31 12:07:00-04:00,10.595000267028809,10.659899711608887,10.510000228881836,10.655599594116211,23820
2026-08-31 12:08:00-04:00,10.569999694824219,10.650400161743164,10.48009967803955,10.550000190734863,31416
2026-08-31 12:09:00-04:00,10.545000076293945,10.566499710083008,10.430000305175781,10.454999923706055,21998
2026-08-31 12:10:00-04:00,10.475700378417969,10.630000114440918,10.369999885559082,10.46090030670166,42123
2026-08-31 12:11:00-04:00,10.489999771118164,10.649999618530273,10.449999809265137,10.520099639892578,34054
2026-08-31 12:12:00-04:00,10.539999961853027,10.5600004196167,10.489999771118164,10.489999771118164,17906
2026-08-31 12:13:00-04:00,10.489999771118164,10.550000190734863,10.401000022888184,10.449999809265137,12198
2026-08-31 12:14:00-04:00,10.516400337219238,10.516400337219238,10.119999885559082,10.130000114440918,50821
2026-08-31 12:15:00-04:00,10.150099754333496,10.28969955444336,10.130000114440918,10.1899995803833,61846
2026-08-31 12:16:00-04:00,10.1850004196167,10.34000015258789,10.15999984741211,10.160200119018555,34316
2026-08-31 12:17:00-04:00,10.145000457763672,10.204999923706055,10.100000381469727,10.149999618530273,30749
2026-08-31 12:18:00-04:00,10.130000114440918,10.149999618530273,9.950300216674805,10.039999961853027,70068
2026-08-31 12:19:00-04:00,10.09000015258789,10.170000076293945,9.960100173950195,10.104999542236328,43303
2026-08-31 12:20:00-04:00,10.140000343322754,10.699999809265137,10.100099563598633,10.699999809265137,73731
2026-08-31 12:21:00-04:00,10.604999542236328,10.604999542236328,10.300000190734863,10.302800178527832,69116
2026-08-31 12:22:00-04:00,10.324999809265137,10.34000015258789,10.100000381469727,10.145000457763672,34289
2026-08-31 12:23:00-04:00,10.100099563598633,10.319999694824219,10.080100059509277,10.199999809265137,20858
2026-08-31 12:24:00-04:00,10.149999618530273,10.20989990234375,10.130000114440918,10.167699813842773,11602
2026-08-31 12:25:00-04:00,10.170000076293945,10.170000076293945,10.1141996383667,10.1141996383667,11384
2026-08-31 12:26:00-04:00,10.149999618530273,10.15999984741211,10.080100059509277,10.130000114440918,11733
2026-08-31 12:27:00-04:00,10.149999618530273,10.199899673461914,10.010000228881836,10.09000015258789,19534
2026-08-31 12:28:00-04:00,10.058099746704102,10.147299766540527,10.000100135803223,10.10990047454834,21477
2026-08-31 12:29:00-04:00,10.097800254821777,10.100000381469727,9.90999984741211,9.920599937438965,38685
2026-08-31 12:30:00-04:00,9.899999618530273,9.989899635314941,9.800000190734863,9.819999694824219,55424
2026-08-31 12:31:00-04:00,9.854999542236328,9.854999542236328,9.630000114440918,9.654999732971191,65842
2026-08-31 12:32:00-04:00,9.63010025024414,9.767499923706055,9.630000114440918,9.704999923706055,41980
2026-08-31 12:33:00-04:00,9.680000305175781,9.739999771118164,9.520000457763672,9.710000038146973,44037
2026-08-31 12:34:00-04:00,9.710000038146973,9.770000457763672,9.5600004196167,9.609999656677246,22316
2026-08-31 12:35:00-04:00,9.600000381469727,9.744999885559082,9.550200462341309,9.725000381469727,16224
2026-08-31 12:36:00-04:00,9.70009994506836,9.8100004196167,9.699999809265137,9.71399974822998,34315
2026-08-31 12:37:00-04:00,9.725000381469727,10.140000343322754,9.725000381469727,9.880000114440918,73489
2026-08-31 12:38:00-04:00,9.884699821472168,10.079999923706055,9.859999656677246,10.075900077819824,44650
2026-08-31 12:39:00-04:00,10.0,10.079999923706055,9.930000305175781,10.041399955749512,36109
2026-08-31 12:40:00-04:00,10.029999732971191,10.039999961853027,9.890000343322754,9.920000076293945,40743
2026-08-31 12:41:00-04:00,9.920000076293945,9.930000305175781,9.819999694824219,9.829999923706055,17866
2026-08-31 12:42:00-04:00,9.821000099182129,10.199999809265137,9.821000099182129,10.143799781799316,99711
2026-08-31 12:43:00-04:00,10.147199630737305,10.147199630737305,10.0600004196167,10.09000015258789,25178
2026-08-31 12:44:00-04:00,10.119999885559082,10.130000114440918,10.079999923706055,10.095000267028809,22360
2026-08-31 12:45:00-04:00,10.069999694824219,10.149999618530273,10.020000457763672,10.140999794006348,42686
2026-08-31 12:46:00-04:00,10.16349983215332,10.420000076293945,10.149700164794922,10.399999618530273,107013
2026-08-31 12:47:00-04:00,10.399999618530273,10.600000381469727,10.329999923706055,10.54990005493164,67658
2026-08-31 12:48:00-04:00,10.550000190734863,10.859999656677246,10.399999618530273,10.76990032196045,90529
2026-08-31 12:49:00-04:00,10.75,11.100000381469727,10.711000442504883,10.834500312805176,199903
2026-08-31 12:50:00-04:00,10.864999771118164,11.130000114440918,10.83430004119873,11.029999732971191,109150
2026-08-31 12:51:00-04:00,11.079899787902832,11.25,11.0,11.239999771118164,91211
2026-08-31 12:52:00-04:00,11.255499839782715,11.565299987792969,11.149999618530273,11.49940013885498,254382
2026-08-31 12:53:00-04:00,11.454999923706055,11.869999885559082,11.410099983215332,11.699999809265137,181658
2026-08-31 12:54:00-04:00,11.6899995803833,11.729399681091309,11.5,11.684700012207031,130445
2026-08-31 12:55:00-04:00,11.680000305175781,11.760000228881836,11.260000228881836,11.350000381469727,159507
2026-08-31 12:56:00-04:00,11.364999771118164,11.550000190734863,11.300000190734863,11.380900382995605,69697
2026-08-31 12:57:00-04:00,11.3149995803833,11.489999771118164,11.260100364685059,11.350000381469727,52731
2026-08-31 12:58:00-04:00,11.315899848937988,11.489999771118164,11.315899848937988,11.420000076293945,47237
2026-08-31 12:59:00-04:00,11.425299644470215,11.680000305175781,11.384699821472168,11.54520034790039,91960
2026-08-31 13:00:00-04:00,11.555000305175781,11.699999809265137,11.448599815368652,11.679900169372559,89321
2026-08-31 13:01:00-04:00,11.65999984741211,11.679900169372559,11.260000228881836,11.3149995803833,93655
2026-08-31 13:02:00-04:00,11.270000457763672,11.379899978637695,10.899999618530273,11.023300170898438,132370
2026-08-31 13:03:00-04:00,11.039999961853027,11.079899787902832,10.899999618530273,10.930000305175781,43564
2026-08-31 13:04:00-04:00,10.962800025939941,11.020000457763672,10.75,10.804499626159668,49329
2026-08-31 13:05:00-04:00,10.819999694824219,11.130000114440918,10.80049991607666,11.071900367736816,70909
2026-08-31 13:06:00-04:00,11.085000038146973,11.099800109863281,10.949999809265137,10.960000038146973,31641
2026-08-31 13:07:00-04:00,10.979999542236328,11.038000106811523,10.899999618530273,11.038000106811523,27755
2026-08-31 13:08:00-04:00,10.989999771118164,11.09000015258789,10.989999771118164,10.994500160217285,33521
2026-08-31 13:09:00-04:00,11.029999732971191,11.029999732971191,10.800000190734863,10.801899909973145,37824
2026-08-31 13:10:00-04:00,10.81029987335205,10.899999618530273,10.699999809265137,10.819999694824219,36619
2026-08-31 13:11:00-04:00,10.82960033416748,10.95989990234375,10.8100004196167,10.819999694824219,20382
2026-08-31 13:12:00-04:00,10.810099601745605,10.88029956817627,10.75,10.84000015258789,21913
2026-08-31 13:13:00-04:00,10.84000015258789,10.885600090026855,10.75,10.808500289916992,21386
2026-08-31 13:14:00-04:00,10.800000190734863,10.920000076293945,10.754400253295898,10.875,22657
2026-08-31 13:15:00-04:00,10.887900352478027,10.890000343322754,10.550000190734863,10.6899995803833,48661
2026-08-31 13:16:00-04:00,10.63949966430664,10.840499877929688,10.63949966430664,10.8149995803833,27529
2026-08-31 13:17:00-04:00,10.849900245666504,10.880000114440918,10.683300018310547,10.704999923706055,26519
2026-08-31 13:18:00-04:00,10.704999923706055,10.817500114440918,10.699999809265137,10.815600395202637,10500
2026-08-31 13:19:00-04:00,10.8100004196167,10.989999771118164,10.805000305175781,10.95009994506836,41196
2026-08-31 13:20:00-04:00,10.949999809265137,10.970000267028809,10.880000114440918,10.90999984741211,48577
2026-08-31 13:21:00-04:00,10.90999984741211,10.969900131225586,10.75,10.754400253295898,61112
2026-08-31 13:22:00-04:00,10.75409984588623,10.848400115966797,10.650400161743164,10.779999732971191,45279
2026-08-31 13:23:00-04:00,10.800000190734863,10.890000343322754,10.649999618530273,10.699999809265137,37947
2026-08-31 13:24:00-04:00,10.693400382995605,10.699999809265137,10.25,10.430000305175781,96705
2026-08-31 13:25:00-04:00,10.510000228881836,10.583100318908691,10.329999923706055,10.390000343322754,30758
2026-08-31 13:26:00-04:00,10.360199928283691,10.360199928283691,10.180000305175781,10.241900444030762,54594
2026-08-31 13:27:00-04:00,10.245800018310547,10.399999618530273,10.220000267028809,10.260000228881836,51757
2026-08-31 13:28:00-04:00,10.270000457763672,10.390000343322754,10.25,10.270000457763672,15540
2026-08-31 13:29:00-04:00,10.300000190734863,10.430000305175781,10.289999961853027,10.420000076293945,14344
2026-08-31 13:30:00-04:00,10.404999732971191,10.460000038146973,10.369999885559082,10.449899673461914,38372
2026-08-31 13:31:00-04:00,10.460000038146973,10.600000381469727,10.420000076293945,10.430100440979004,33167
2026-08-31 13:32:00-04:00,10.438599586486816,10.539999961853027,10.399999618530273,10.4399995803833,28437
2026-08-31 13:33:00-04:00,10.475099563598633,10.5600004196167,10.420000076293945,10.529899597167969,29886
2026-08-31 13:34:00-04:00,10.489999771118164,10.555700302124023,10.470000267028809,10.505000114440918,12919
2026-08-31 13:35:00-04:00,10.508299827575684,10.749899864196777,10.507800102233887,10.689900398254395,54095
2026-08-31 13:36:00-04:00,10.614999771118164,10.669099807739258,10.569999694824219,10.614399909973145,24368
2026-08-31 13:37:00-04:00,10.630000114440918,10.649999618530273,10.601400375366211,10.601400375366211,10882
2026-08-31 13:38:00-04:00,10.604999542236328,10.609999656677246,10.489999771118164,10.489999771118164,19154
2026-08-31 13:39:00-04:00,10.475000381469727,10.5,10.399999618530273,10.5,20105
2026-08-31 13:40:00-04:00,10.485699653625488,10.589900016784668,10.40999984741211,10.509900093078613,12718
2026-08-31 13:41:00-04:00,10.520000457763672,10.59000015258789,10.420000076293945,10.420000076293945,6257
2026-08-31 13:42:00-04:00,10.460000038146973,10.485699653625488,10.400099754333496,10.40999984741211,17356
2026-08-31 13:43:00-04:00,10.420000076293945,10.439900398254395,10.414999961853027,10.414999961853027,5749
2026-08-31 13:44:00-04:00,10.40999984741211,10.599900245666504,10.300000190734863,10.5600004196167,28441
2026-08-31 13:45:00-04:00,10.551400184631348,10.569999694824219,10.490099906921387,10.53499984741211,12068
2026-08-31 13:46:00-04:00,10.53499984741211,10.729999542236328,10.53499984741211,10.680000305175781,28355
2026-08-31 13:47:00-04:00,10.680000305175781,10.880000114440918,10.640000343322754,10.800000190734863,104643
2026-08-31 13:48:00-04:00,10.765000343322754,10.86989974975586,10.734999656677246,10.767999649047852,39144
2026-08-31 13:49:00-04:00,10.770000457763672,10.807999610900879,10.600000381469727,10.63479995727539,37923
2026-08-31 13:50:00-04:00,10.609999656677246,10.619999885559082,10.529999732971191,10.559700012207031,21663
2026-08-31 13:51:00-04:00,10.555000305175781,10.6899995803833,10.529999732971191,10.59000015258789,19459
2026-08-31 13:52:00-04:00,10.5649995803833,10.5649995803833,10.140000343322754,10.142499923706055,64629
2026-08-31 13:53:00-04:00,10.229999542236328,10.34000015258789,10.140000343322754,10.231599807739258,34753
2026-08-31 13:54:00-04:00,10.25,10.470000267028809,10.25,10.2947998046875,19982
2026-08-31 13:55:00-04:00,10.300000190734863,10.3100004196167,10.220000267028809,10.25,13169
2026-08-31 13:56:00-04:00,10.234199523925781,10.279899597167969,10.199999809265137,10.259499549865723,14505
2026-08-31 13:57:00-04:00,10.25979995727539,10.25979995727539,10.199999809265137,10.20009994506836,11468
2026-08-31 13:58:00-04:00,10.199999809265137,10.220000267028809,9.899999618530273,9.930000305175781,42704
2026-08-31 13:59:00-04:00,9.930000305175781,10.004599571228027,9.640000343322754,9.776000022888184,108524
2026-08-31 14:00:00-04:00,9.734999656677246,9.779999732971191,9.5,9.5600004196167,68641
2026-08-31 14:01:00-04:00,9.569999694824219,9.725000381469727,9.5600004196167,9.699999809265137,39342
2026-08-31 14:02:00-04:00,9.680000305175781,9.699999809265137,9.5600004196167,9.61240005493164,31180
2026-08-31 14:03:00-04:00,9.620200157165527,9.640000343322754,9.505000114440918,9.508700370788574,25360
2026-08-31 14:04:00-04:00,9.505000114440918,9.539999961853027,9.3100004196167,9.454999923706055,54979
2026-08-31 14:05:00-04:00,9.454999923706055,9.489999771118164,9.400099754333496,9.420000076293945,13320
2026-08-31 14:06:00-04:00,9.420000076293945,9.59000015258789,9.420000076293945,9.53320026397705,34712
2026-08-31 14:07:00-04:00,9.536100387573242,9.536100387573242,9.420000076293945,9.484999656677246,17401
2026-08-31 14:08:00-04:00,9.499699592590332,9.656000137329102,9.499699592590332,9.579999923706055,22972
2026-08-31 14:09:00-04:00,9.59000015258789,9.650300025939941,9.5,9.520000457763672,35546
2026-08-31 14:10:00-04:00,9.579999923706055,9.600000381469727,9.4399995803833,9.479999542236328,36806
2026-08-31 14:11:00-04:00,9.504899978637695,9.600000381469727,9.48009967803955,9.579999923706055,20945
2026-08-31 14:12:00-04:00,9.579999923706055,9.670000076293945,9.520000457763672,9.598299980163574,17983
2026-08-31 14:13:00-04:00,9.595000267028809,9.65999984741211,9.520000457763672,9.559900283813477,21382
2026-08-31 14:14:00-04:00,9.587499618530273,9.587499618530273,9.420999526977539,9.420999526977539,16444
2026-08-31 14:15:00-04:00,9.479999542236328,9.550000190734863,9.449999809265137,9.550000190734863,11092
2026-08-31 14:16:00-04:00,9.529999732971191,9.556099891662598,9.494999885559082,9.510000228881836,16314
2026-08-31 14:17:00-04:00,9.510000228881836,9.510000228881836,9.350000381469727,9.359999656677246,24772
2026-08-31 14:18:00-04:00,9.369999885559082,9.390000343322754,9.229999542236328,9.390000343322754,53796
2026-08-31 14:19:00-04:00,9.385000228881836,9.479999542236328,9.369999885559082,9.430000305175781,20018
2026-08-31 14:20:00-04:00,9.40999984741211,9.574999809265137,9.40999984741211,9.449999809265137,30814
2026-08-31 14:21:00-04:00,9.520000457763672,9.550000190734863,9.399999618530273,9.40999984741211,10376
2026-08-31 14:22:00-04:00,9.40999984741211,9.40999984741211,9.110099792480469,9.170000076293945,57779
2026-08-31 14:23:00-04:00,9.180000305175781,9.217000007629395,9.010000228881836,9.010000228881836,54768
2026-08-31 14:24:00-04:00,9.03499984741211,9.099900245666504,9.029999732971191,9.079999923706055,34884
2026-08-31 14:25:00-04:00,9.09000015258789,9.09119987487793,9.029999732971191,9.079999923706055,16327
2026-08-31 14:26:00-04:00,9.0600004196167,9.09000015258789,9.029999732971191,9.029999732971191,16890
2026-08-31 14:27:00-04:00,9.050000190734863,9.050000190734863,8.603599548339844,8.609999656677246,128692
2026-08-31 14:28:00-04:00,8.608599662780762,8.609999656677246,8.239999771118164,8.448200225830078,162302
2026-08-31 14:29:00-04:00,8.399999618530273,8.489299774169922,8.368000030517578,8.479700088500977,34861
2026-08-31 14:30:00-04:00,8.420000076293945,8.420000076293945,8.150099754333496,8.158900260925293,70772
2026-08-31 14:31:00-04:00,8.130000114440918,8.140000343322754,7.800000190734863,8.02299976348877,109570
2026-08-31 14:32:00-04:00,8.039999961853027,8.08489990234375,7.960100173950195,8.050000190734863,44902
2026-08-31 14:33:00-04:00,8.055000305175781,8.079999923706055,8.00100040435791,8.029999732971191,25823
2026-08-31 14:34:00-04:00,8.045999526977539,8.100000381469727,7.923299789428711,8.039999961853027,44968
2026-08-31 14:35:00-04:00,8.083399772644043,8.139900207519531,8.000100135803223,8.024800300598145,39736
2026-08-31 14:36:00-04:00,8.0,8.029999732971191,7.929999828338623,7.960100173950195,32220
2026-08-31 14:37:00-04:00,8.003600120544434,8.069999694824219,8.0,8.029999732971191,30745
2026-08-31 14:38:00-04:00,8.039999961853027,8.039999961853027,7.929999828338623,7.940000057220459,25953
2026-08-31 14:39:00-04:00,7.940000057220459,8.029999732971191,7.849999904632568,8.011300086975098,35951
2026-08-31 14:40:00-04:00,8.005000114440918,8.067299842834473,7.982800006866455,7.989999771118164,20276
2026-08-31 14:41:00-04:00,7.980000019073486,8.029999732971191,7.949999809265137,7.994999885559082,19102
2026-08-31 14:42:00-04:00,8.0,8.09000015258789,7.993199825286865,8.050000190734863,21564
2026-08-31 14:43:00-04:00,8.039999961853027,8.170000076293945,8.03499984741211,8.135000228881836,61223
2026-08-31 14:44:00-04:00,8.135000228881836,8.199999809265137,8.050000190734863,8.140000343322754,52026
2026-08-31 14:45:00-04:00,8.092100143432617,8.149999618530273,8.079999923706055,8.109999656677246,28492
2026-08-31 14:46:00-04:00,8.100000381469727,8.11989974975586,8.0,8.086700439453125,37958
2026-08-31 14:47:00-04:00,8.069999694824219,8.09000015258789,8.050000190734863,8.050000190734863,11521
2026-08-31 14:48:00-04:00,8.079999923706055,8.180000305175781,8.0600004196167,8.100099563598633,13266
2026-08-31 14:49:00-04:00,8.10990047454834,8.170000076293945,8.103300094604492,8.135000228881836,14621
2026-08-31 14:50:00-04:00,8.130000114440918,8.239999771118164,8.109999656677246,8.1899995803833,40815
2026-08-31 14:51:00-04:00,8.164999961853027,8.180000305175781,8.148699760437012,8.162799835205078,9683
2026-08-31 14:52:00-04:00,8.164999961853027,8.239899635314941,8.109999656677246,8.111000061035156,32171
2026-08-31 14:53:00-04:00,8.109999656677246,8.180000305175781,8.050100326538086,8.0600004196167,17694
2026-08-31 14:54:00-04:00,8.069999694824219,8.14579963684082,8.0600004196167,8.118300437927246,10972
2026-08-31 14:55:00-04:00,8.09000015258789,8.140000343322754,8.069999694824219,8.09000015258789,16271
2026-08-31 14:56:00-04:00,8.109999656677246,8.170000076293945,8.100000381469727,8.166500091552734,8975
2026-08-31 14:57:00-04:00,8.154999732971191,8.168999671936035,8.109999656677246,8.109999656677246,14412
2026-08-31 14:58:00-04:00,8.100000381469727,8.100000381469727,8.039999961853027,8.079999923706055,18693
2026-08-31 14:59:00-04:00,8.0600004196167,8.079999923706055,8.050000190734863,8.0649995803833,6610
2026-08-31 15:00:00-04:00,8.050000190734863,8.149999618530273,8.050000190734863,8.140000343322754,19248
2026-08-31 15:01:00-04:00,8.135299682617188,8.140000343322754,8.079999923706055,8.100000381469727,8768
2026-08-31 15:02:00-04:00,8.110099792480469,8.180000305175781,8.110099792480469,8.15999984741211,19432
2026-08-31 15:03:00-04:00,8.17300033569336,8.199999809265137,8.154999732971191,8.154999732971191,16736
2026-08-31 15:04:00-04:00,8.130000114440918,8.149999618530273,8.100000381469727,8.130000114440918,18409
2026-08-31 15:05:00-04:00,8.09000015258789,8.130000114440918,7.96999979019165,7.980000019073486,26588
2026-08-31 15:06:00-04:00,7.974999904632568,7.980000019073486,7.639999866485596,7.779600143432617,89828
2026-08-31 15:07:00-04:00,7.75,7.772200107574463,7.679999828338623,7.708799839019775,18794
2026-08-31 15:08:00-04:00,7.735000133514404,7.812300205230713,7.710000038146973,7.755000114440918,19773
2026-08-31 15:09:00-04:00,7.760000228881836,7.840000152587891,7.760000228881836,7.769999980926514,13883
2026-08-31 15:10:00-04:00,7.769999980926514,7.880000114440918,7.75,7.879000186920166,17823
2026-08-31 15:11:00-04:00,7.87470006942749,7.920000076293945,7.849999904632568,7.880000114440918,17301
2026-08-31 15:12:00-04:00,7.849999904632568,7.929999828338623,7.849999904632568,7.929999828338623,12112
2026-08-31 15:13:00-04:00,7.934999942779541,7.989999771118164,7.860000133514404,7.880000114440918,31730
2026-08-31 15:14:00-04:00,7.900000095367432,7.900000095367432,7.800000190734863,7.800000190734863,24577
2026-08-31 15:15:00-04:00,7.800099849700928,7.9293999671936035,7.769999980926514,7.885000228881836,23646
2026-08-31 15:16:00-04:00,7.907899856567383,7.929999828338623,7.840099811553955,7.914999961853027,10108
2026-08-31 15:17:00-04:00,7.929999828338623,7.949999809265137,7.880000114440918,7.880099773406982,24071
2026-08-31 15:18:00-04:00,7.909999847412109,7.909999847412109,7.815700054168701,7.873000144958496,8728
2026-08-31 15:19:00-04:00,7.853499889373779,7.899899959564209,7.829999923706055,7.880000114440918,9373
2026-08-31 15:20:00-04:00,7.871500015258789,7.900000095367432,7.840000152587891,7.840000152587891,14208
2026-08-31 15:21:00-04:00,7.820000171661377,7.880000114440918,7.800000190734863,7.810100078582764,25093
2026-08-31 15:22:00-04:00,7.829999923706055,7.829999923706055,7.800000190734863,7.815000057220459,8779
2026-08-31 15:23:00-04:00,7.818600177764893,7.829999923706055,7.808300018310547,7.809999942779541,10013
2026-08-31 15:24:00-04:00,7.810100078582764,7.818600177764893,7.800000190734863,7.809999942779541,8972
2026-08-31 15:25:00-04:00,7.809999942779541,7.900000095367432,7.7982001304626465,7.820000171661377,23862
2026-08-31 15:26:00-04:00,7.849999904632568,7.888299942016602,7.82889986038208,7.849999904632568,3507
2026-08-31 15:27:00-04:00,7.835000038146973,7.849999904632568,7.800000190734863,7.804999828338623,19229
2026-08-31 15:28:00-04:00,7.804999828338623,7.829999923706055,7.804999828338623,7.815000057220459,2578
2026-08-31 15:29:00-04:00,7.82480001449585,7.94789981842041,7.71999979019165,7.894999980926514,62981
2026-08-31 15:30:00-04:00,7.929999828338623,7.949900150299072,7.849999904632568,7.849999904632568,9918
2026-08-31 15:31:00-04:00,7.860000133514404,7.949999809265137,7.860000133514404,7.949999809265137,10813
2026-08-31 15:32:00-04:00,7.9899001121521,7.989999771118164,7.900000095367432,7.940000057220459,31577
2026-08-31 15:33:00-04:00,7.934999942779541,7.96999979019165,7.820000171661377,7.829999923706055,23502
2026-08-31 15:34:00-04:00,7.860000133514404,7.920000076293945,7.820000171661377,7.920000076293945,11268
2026-08-31 15:35:00-04:00,7.875,7.920000076293945,7.619999885559082,7.630000114440918,45987
2026-08-31 15:36:00-04:00,7.670000076293945,7.748000144958496,7.400000095367432,7.445499897003174,85532
2026-08-31 15:37:00-04:00,7.465000152587891,7.53000020980835,7.099999904632568,7.246799945831299,75107
2026-08-31 15:38:00-04:00,7.261199951171875,7.269999980926514,6.900000095367432,7.0,86831
2026-08-31 15:39:00-04:00,7.050000190734863,7.050000190734863,6.960000038146973,7.0,56517
2026-08-31 15:40:00-04:00,7.0,7.039999961853027,6.971799850463867,7.0,44391
2026-08-31 15:41:00-04:00,7.0,7.010000228881836,6.75,6.8831000328063965,56730
2026-08-31 15:42:00-04:00,6.800099849700928,6.900000095367432,6.701000213623047,6.75,73013
2026-08-31 15:43:00-04:00,6.739999771118164,6.827700138092041,6.610000133514404,6.689000129699707,82180
2026-08-31 15:44:00-04:00,6.632699966430664,6.739999771118164,6.559999942779541,6.670000076293945,34692
2026-08-31 15:45:00-04:00,6.689899921417236,6.689899921417236,6.474999904632568,6.474999904632568,71228
2026-08-31 15:46:00-04:00,6.469900131225586,6.53000020980835,6.429999828338623,6.468100070953369,45981
2026-08-31 15:47:00-04:00,6.440000057220459,6.515999794006348,6.389999866485596,6.420000076293945,45194
2026-08-31 15:48:00-04:00,6.449999809265137,6.465000152587891,6.369999885559082,6.3993000984191895,26068
2026-08-31 15:49:00-04:00,6.385000228881836,6.429999828338623,6.301000118255615,6.349999904632568,92161
2026-08-31 15:50:00-04:00,6.349699974060059,6.389999866485596,6.250999927520752,6.300000190734863,30241
2026-08-31 15:51:00-04:00,6.289999961853027,6.300000190734863,5.829999923706055,5.875,157117
2026-08-31 15:52:00-04:00,5.889999866485596,5.940000057220459,5.550000190734863,5.650000095367432,126860
2026-08-31 15:53:00-04:00,5.649499893188477,5.949999809265137,5.550000190734863,5.699999809265137,106417
2026-08-31 15:54:00-04:00,5.699999809265137,5.900000095367432,5.599999904632568,5.69980001449585,89888
2026-08-31 15:55:00-04:00,5.690000057220459,5.800000190734863,5.599999904632568,5.684999942779541,59655
2026-08-31 15:56:00-04:00,5.699999809265137,5.900000095367432,5.650100231170654,5.659999847412109,133091
2026-08-31 15:57:00-04:00,5.670000076293945,5.699900150299072,5.550000190734863,5.605000019073486,43034
2026-08-31 15:58:00-04:00,5.64900016784668,5.64900016784668,5.429999828338623,5.5,144932
2026-08-31 15:59:00-04:00,5.539999961853027,5.599999904632568,5.460000038146973,5.510000228881836,91144
2026-08-31 16:00:00-04:00,5.5,5.98,5.48,5.89,1575
2026-08-31 16:01:00-04:00,5.87,5.98,5.7,5.9599,0
2026-08-31 16:02:00-04:00,5.97,6.47,5.9498,6.39,0
2026-08-31 16:03:00-04:00,6.38,6.64,6.3,6.6299,0
2026-08-31 16:04:00-04:00,6.62,6.8,6.4,6.4599,0
2026-08-31 16:05:00-04:00,6.45,6.46,6.35,6.35,0
2026-08-31 16:06:00-04:00,6.32,6.36,6.0658,6.35,0
2026-08-31 16:07:00-04:00,6.33,6.35,6.2206,6.29,0
2026-08-31 16:08:00-04:00,6.3,6.37,6.28,6.37,0
2026-08-31 16:09:00-04:00,6.37,6.4,6.25,6.36,0
2026-08-31 16:10:00-04:00,6.36,6.36,5.48,6.2194,0
2026-08-31 16:11:00-04:00,6.22,6.52,6.2,6.51,0
2026-08-31 16:12:00-04:00,6.51,6.51,6.35,6.38,0
2026-08-31 16:13:00-04:00,6.37,6.5,6.34,6.4568,0
2026-08-31 16:14:00-04:00,6.4304,6.74,6.4304,6.74,0
2026-08-31 16:15:00-04:00,6.74,7.0,6.68,6.89,0
2026-08-31 16:16:00-04:00,6.87,7.15,6.87,7.03,0
2026-08-31 16:17:00-04:00,7.0273,7.08,6.9,6.9099,0
2026-08-31 16:18:00-04:00,6.9,7.0,6.8719,6.88,0
2026-08-31 16:19:00-04:00,6.8776,6.9,6.6,6.7797,0
2026-08-31 16:20:00-04:00,6.78,6.94,6.74,6.7426,0
2026-08-31 16:21:00-04:00,6.745,6.75,6.5,6.6,0
2026-08-31 16:22:00-04:00,6.5985,6.6144,6.4,6.5101,0
2026-08-31 16:23:00-04:00,6.5102,6.6,6.45,6.5026,0
2026-08-31 16:24:00-04:00,6.51,7.09,6.5,7.01,0
2026-08-31 16:25:00-04:00,7.0088,7.09,6.95,7.0199,0
2026-08-31 16:26:00-04:00,7.0,7.0697,6.55,6.6099,0
2026-08-31 16:27:00-04:00,6.5993,6.6984,6.5,6.51,0
2026-08-31 16:28:00-04:00,6.5,6.8,6.5,6.67,0
2026-08-31 16:29:00-04:00,6.716,6.75,6.6001,6.6002,0
2026-08-31 16:30:00-04:00,6.6,6.61,6.35,6.43,0
2026-08-31 16:31:00-04:00,6.44,6.56,6.4,6.4697,0
2026-08-31 16:32:00-04:00,6.4696,6.47,6.35,6.36,0
2026-08-31 16:33:00-04:00,6.3502,6.47,6.34,6.45,0
2026-08-31 16:34:00-04:00,6.43,6.45,6.36,6.41,0
2026-08-31 16:35:00-04:00,6.4,6.5,6.38,6.3845,0
2026-08-31 16:36:00-04:00,6.39,6.48,6.39,6.44,0
2026-08-31 16:37:00-04:00,6.45,6.66,6.45,6.5413,0
2026-08-31 16:38:00-04:00,6.5749,6.62,6.54,6.5477,0
2026-08-31 16:39:00-04:00,6.5402,6.55,6.5,6.51,0
2026-08-31 16:40:00-04:00,6.5102,6.55,6.51,6.55,0
2026-08-31 16:41:00-04:00,6.53,6.6,6.51,6.6,0
2026-08-31 16:42:00-04:00,6.57,6.57,6.42,6.42,0
2026-08-31 16:43:00-04:00,6.4222,6.52,6.37,6.38,0
2026-08-31 16:44:00-04:00,6.38,6.54,6.36,6.5,0
2026-08-31 16:45:00-04:00,6.48,6.49,6.41,6.45,0
2026-08-31 16:46:00-04:00,6.4019,6.46,6.4,6.4221,0
2026-08-31 16:47:00-04:00,6.41,6.45,6.4,6.42,0
2026-08-31 16:48:00-04:00,6.41,6.43,6.41,6.41,0
2026-08-31 16:49:00-04:00,6.4253,6.5423,6.41,6.51,0
2026-08-31 16:50:00-04:00,6.5078,6.6,6.48,6.5,0
2026-08-31 16:51:00-04:00,6.5017,6.55,6.45,6.4721,0
2026-08-31 16:52:00-04:00,6.4797,6.57,6.47,6.57,0
2026-08-31 16:53:00-04:00,6.55,6.6382,6.53,6.6382,0
2026-08-31 16:54:00-04:00,6.6256,6.64,6.5095,6.57,0
2026-08-31 16:55:00-04:00,6.542,6.66,6.54,6.63,0
2026-08-31 16:56:00-04:00,6.61,6.67,6.57,6.6077,0
2026-08-31 16:57:00-04:00,6.6,6.65,6.6,6.6495,0
2026-08-31 16:58:00-04:00,6.6491,6.65,6.57,6.5727,0
2026-08-31 16:59:00-04:00,6.5773,6.58,6.57,6.58,0
2026-08-31 17:00:00-04:00,6.5798,6.58,6.51,6.53,0
2026-08-31 17:01:00-04:00,6.5019,6.51,6.4,6.49,0
2026-08-31 17:02:00-04:00,6.47,6.58,6.47,6.5,0
2026-08-31 17:03:00-04:00,6.5009,6.55,6.47,6.4898,0
2026-08-31 17:04:00-04:00,6.49,6.55,6.48,6.5,0
2026-08-31 17:05:00-04:00,6.5001,6.55,6.48,6.5,0
2026-08-31 17:06:00-04:00,6.5021,6.63,6.5,6.63,0
2026-08-31 17:07:00-04:00,6.54,6.6,6.5,6.6,0
2026-08-31 17:08:00-04:00,6.58,6.6,6.51,6.5116,0
2026-08-31 17:09:00-04:00,6.51,6.55,6.51,6.5299,0
2026-08-31 17:10:00-04:00,6.5273,6.53,6.48,6.5,0
2026-08-31 17:11:00-04:00,6.48,6.55,6.48,6.55,0
2026-08-31 17:12:00-04:00,6.56,6.56,6.49,6.52,0
2026-08-31 17:13:00-04:00,6.54,6.54,6.5,6.5,0
2026-08-31 17:14:00-04:00,6.51,6.59,6.5,6.59,0
2026-08-31 17:15:00-04:00,6.5508,6.59,6.55,6.5853,0
2026-08-31 17:16:00-04:00,6.5801,6.62,6.55,6.62,0
2026-08-31 17:17:00-04:00,6.59,6.61,6.52,6.5712,0
2026-08-31 17:18:00-04:00,6.6,6.6,6.5201,6.5201,0
2026-08-31 17:19:00-04:00,6.52,6.59,6.52,6.52,0
2026-08-31 17:20:00-04:00,6.53,6.58,6.52,6.58,0
2026-08-31 17:21:00-04:00,6.58,6.58,6.55,6.55,0
2026-08-31 17:22:00-04:00,6.57,6.65,6.57,6.62,0
2026-08-31 17:23:00-04:00,6.65,6.65,6.55,6.55,0
2026-08-31 17:24:00-04:00,6.55,6.61,6.55,6.58,0
2026-08-31 17:25:00-04:00,6.58,6.59,6.55,6.59,0
2026-08-31 17:26:00-04:00,6.55,6.59,6.55,6.55,0
2026-08-31 17:27:00-04:00,6.57,6.58,6.55,6.5577,0
2026-08-31 17:28:00-04:00,6.5577,6.57,6.55,6.57,0
2026-08-31 17:29:00-04:00,6.57,6.58,6.56,6.56,0
2026-08-31 17:30:00-04:00,6.56,6.58,6.56,6.57,0
2026-08-31 17:31:00-04:00,6.5769,6.58,6.56,6.56,0
2026-08-31 17:32:00-04:00,6.57,6.57,6.55,6.56,0
2026-08-31 17:33:00-04:00,6.56,6.56,6.55,6.56,0
2026-08-31 17:34:00-04:00,6.56,6.57,6.5523,6.56,0
2026-08-31 17:35:00-04:00,6.5608,6.57,6.56,6.5685,0
2026-08-31 17:36:00-04:00,6.5697,6.57,6.56,6.56,0
2026-08-31 17:37:00-04:00,6.5601,6.5628,6.56,6.5601,0
2026-08-31 17:38:00-04:00,6.5677,6.5699,6.51,6.5297,0
2026-08-31 17:39:00-04:00,6.5099,6.53,6.48,6.4823,0
2026-08-31 17:40:00-04:00,6.4803,6.49,6.37,6.37,0
2026-08-31 17:41:00-04:00,6.37,6.39,6.34,6.36,0
2026-08-31 17:42:00-04:00,6.37,6.42,6.37,6.41,0
2026-08-31 17:43:00-04:00,6.38,6.4,6.38,6.39,0
2026-08-31 17:44:00-04:00,6.3803,6.4,6.38,6.3898,0
2026-08-31 17:45:00-04:00,6.38,6.44,6.36,6.3901,0
2026-08-31 17:46:00-04:00,6.4,6.44,6.39,6.4033,0
2026-08-31 17:47:00-04:00,6.4,6.4,6.39,6.39,0
2026-08-31 17:48:00-04:00,6.3903,6.4,6.35,6.3599,0
2026-08-31 17:49:00-04:00,6.35,6.36,6.2,6.2608,0
2026-08-31 17:50:00-04:00,6.2839,6.3,6.24,6.2983,0
2026-08-31 17:51:00-04:00,6.26,6.3,6.26,6.2892,0
2026-08-31 17:52:00-04:00,6.29,6.32,6.26,6.3,0
2026-08-31 17:53:00-04:00,6.31,6.3899,6.31,6.3898,0
2026-08-31 17:54:00-04:00,6.389,6.5,6.38,6.45,0
2026-08-31 17:55:00-04:00,6.48,6.48,6.4,6.41,0
2026-08-31 17:56:00-04:00,6.4098,6.41,6.3,6.3764,0
2026-08-31 17:57:00-04:00,6.3405,6.4026,6.34,6.4,0
2026-08-31 17:58:00-04:00,6.38,6.51,6.3696,6.38,0
2026-08-31 17:59:00-04:00,6.3737,6.4,6.3607,6.4,0
2026-08-31 18:00:00-04:00,6.36,6.4,6.36,6.3805,0
2026-08-31 18:01:00-04:00,6.39,6.4,6.39,6.4,0
2026-08-31 18:02:00-04:00,6.4,6.4,6.39,6.4,0
2026-08-31 18:03:00-04:00,6.38,6.4,6.36,6.38,0
2026-08-31 18:04:00-04:00,6.3899,6.39,6.38,6.3802,0
2026-08-31 18:05:00-04:00,6.39,6.4,6.38,6.39,0
2026-08-31 18:06:00-04:00,6.3897,6.39,6.38,6.39,0
2026-08-31 18:07:00-04:00,6.39,6.39,6.38,6.3898,0
2026-08-31 18:08:00-04:00,6.39,6.39,6.38,6.3895,0
2026-08-31 18:09:00-04:00,6.38,6.38,6.36,6.38,0
2026-08-31 18:10:00-04:00,6.38,6.38,6.36,6.37,0
2026-08-31 18:11:00-04:00,6.3715,6.38,6.37,6.37,0
2026-08-31 18:12:00-04:00,6.37,6.37,6.36,6.36,0
2026-08-31 18:13:00-04:00,6.36,6.36,6.35,6.36,0
2026-08-31 18:14:00-04:00,6.35,6.36,6.31,6.3297,0
2026-08-31 18:15:00-04:00,6.3175,6.3199,6.28,6.28,0
2026-08-31 18:16:00-04:00,6.28,6.32,6.25,6.2798,0
2026-08-31 18:17:00-04:00,6.2702,6.35,6.27,6.35,0
2026-08-31 18:18:00-04:00,6.3,6.35,6.28,6.35,0
2026-08-31 18:19:00-04:00,6.3,6.32,6.3,6.32,0
2026-08-31 18:20:00-04:00,6.34,6.35,6.34,6.34,0
2026-08-31 18:21:00-04:00,6.3392,6.34,6.3,6.34,0
2026-08-31 18:22:00-04:00,6.34,6.35,6.32,6.3409,0
2026-08-31 18:23:00-04:00,6.33,6.35,6.33,6.35,0
2026-08-31 18:24:00-04:00,6.35,6.38,6.35,6.3697,0
2026-08-31 18:25:00-04:00,6.36,6.37,6.36,6.36,0
2026-08-31 18:26:00-04:00,6.38,6.4,6.35,6.3989,0
2026-08-31 18:27:00-04:00,6.39,6.4,6.36,6.38,0
2026-08-31 18:28:00-04:00,6.3808,6.41,6.38,6.4,0
2026-08-31 18:29:00-04:00,6.4,6.42,6.39,6.42,0
2026-08-31 18:30:00-04:00,6.4101,6.47,6.4056,6.44,0
2026-08-31 18:31:00-04:00,6.48,6.53,6.48,6.5223,0
2026-08-31 18:32:00-04:00,6.5278,6.58,6.5209,6.5246,0
2026-08-31 18:33:00-04:00,6.55,6.55,6.51,6.5101,0
2026-08-31 18:34:00-04:00,6.51,6.52,6.5003,6.5197,0
2026-08-31 18:35:00-04:00,6.51,6.53,6.51,6.53,0
2026-08-31 18:36:00-04:00,6.53,6.6,6.53,6.59,0
2026-08-31 18:37:00-04:00,6.5999,6.6,6.58,6.59,0
2026-08-31 18:38:00-04:00,6.57,6.58,6.53,6.54,0
2026-08-31 18:39:00-04:00,6.5477,6.55,6.5299,6.5299,0
2026-08-31 18:40:00-04:00,6.5297,6.53,6.51,6.51,0
2026-08-31 18:41:00-04:00,6.51,6.52,6.51,6.5197,0
2026-08-31 18:42:00-04:00,6.5101,6.52,6.51,6.52,0
2026-08-31 18:43:00-04:00,6.51,6.51,6.44,6.5,0
2026-08-31 18:44:00-04:00,6.47,6.4999,6.43,6.43,0
2026-08-31 18:45:00-04:00,6.43,6.4553,6.43,6.43,0
2026-08-31 18:46:00-04:00,6.4301,6.5,6.43,6.4945,0
2026-08-31 18:47:00-04:00,6.5,6.5,6.4843,6.49,0
2026-08-31 18:48:00-04:00,6.5,6.5,6.45,6.45,0
2026-08-31 18:49:00-04:00,6.48,6.48,6.45,6.45,0
2026-08-31 18:50:00-04:00,6.4506,6.5,6.4506,6.5,0
2026-08-31 18:51:00-04:00,6.5,6.59,6.5,6.56,0
2026-08-31 18:52:00-04:00,6.57,6.59,6.5549,6.56,0
2026-08-31 18:53:00-04:00,6.5609,6.59,6.56,6.59,0
2026-08-31 18:54:00-04:00,6.57,6.59,6.57,6.58,0
2026-08-31 18:55:00-04:00,6.5702,6.59,6.52,6.52,0
2026-08-31 18:56:00-04:00,6.5201,6.58,6.52,6.58,0
2026-08-31 18:57:00-04:00,6.5,6.55,6.5,6.52,0
2026-08-31 18:58:00-04:00,6.51,6.55,6.5,6.55,0
2026-08-31 18:59:00-04:00,6.55,6.58,6.55,6.5681,0
2026-08-31 19:00:00-04:00,6.57,6.57,6.5,6.5,0
2026-08-31 19:01:00-04:00,6.53,6.5638,6.51,6.56,0
2026-08-31 19:02:00-04:00,6.57,6.57,6.53,6.53,0
2026-08-31 19:03:00-04:00,6.56,6.56,6.53,6.53,0
2026-08-31 19:04:00-04:00,6.55,6.55,6.51,6.51,0
2026-08-31 19:05:00-04:00,6.52,6.54,6.52,6.54,0
2026-08-31 19:06:00-04:00,6.54,6.54,6.53,6.53,0
2026-08-31 19:07:00-04:00,6.58,6.6,6.5698,6.58,0
2026-08-31 19:08:00-04:00,6.586,6.59,6.53,6.58,0
2026-08-31 19:09:00-04:00,6.5799,6.6,6.55,6.59,0
2026-08-31 19:10:00-04:00,6.55,6.59,6.55,6.57,0
2026-08-31 19:11:00-04:00,6.57,6.57,6.55,6.57,0
2026-08-31 19:12:00-04:00,6.5507,6.6,6.55,6.55,0
2026-08-31 19:13:00-04:00,6.59,6.59,6.55,6.59,0
2026-08-31 19:14:00-04:00,6.59,6.59,6.55,6.55,0
2026-08-31 19:15:00-04:00,6.5893,6.59,6.57,6.59,0
2026-08-31 19:16:00-04:00,6.5799,6.67,6.57,6.67,0
2026-08-31 19:17:00-04:00,6.67,6.88,6.6693,6.86,0
2026-08-31 19:18:00-04:00,6.88,6.97,6.81,6.91,0
2026-08-31 19:19:00-04:00,6.91,6.91,6.8,6.82,0
2026-08-31 19:20:00-04:00,6.82,6.82,6.7,6.74,0
2026-08-31 19:21:00-04:00,6.7115,6.8,6.7,6.79,0
2026-08-31 19:22:00-04:00,6.79,6.79,6.72,6.7299,0
2026-08-31 19:23:00-04:00,6.72,6.73,6.6,6.66,0
2026-08-31 19:24:00-04:00,6.69,6.74,6.65,6.73,0
2026-08-31 19:25:00-04:00,6.77,6.8,6.69,6.7496,0
2026-08-31 19:26:00-04:00,6.66,6.75,6.66,6.73,0
2026-08-31 19:27:00-04:00,6.71,6.73,6.71,6.73,0
2026-08-31 19:28:00-04:00,6.71,6.8,6.71,6.8,0
2026-08-31 19:29:00-04:00,6.73,6.79,6.72,6.76,0
2026-08-31 19:30:00-04:00,6.78,6.78,6.75,6.76,0
2026-08-31 19:31:00-04:00,6.7599,6.8482,6.75,6.77,0
2026-08-31 19:32:00-04:00,6.83,6.83,6.8,6.81,0
2026-08-31 19:33:00-04:00,6.8106,6.87,6.8106,6.8653,0
2026-08-31 19:34:00-04:00,6.8695,6.87,6.78,6.8,0
2026-08-31 19:35:00-04:00,6.8118,6.87,6.81,6.85,0
2026-08-31 19:36:00-04:00,6.85,6.85,6.8,6.81,0
2026-08-31 19:37:00-04:00,6.81,6.81,6.77,6.7798,0
2026-08-31 19:38:00-04:00,6.7799,6.7799,6.76,6.7601,0
2026-08-31 19:39:00-04:00,6.7699,6.77,6.7501,6.7501,0
2026-08-31 19:40:00-04:00,6.7502,6.76,6.66,6.7,0
2026-08-31 19:41:00-04:00,6.661,6.7,6.6604,6.68,0
2026-08-31 19:42:00-04:00,6.6601,6.6675,6.61,6.65,0
2026-08-31 19:43:00-04:00,6.61,6.63,6.61,6.63,0
2026-08-31 19:44:00-04:00,6.6299,6.6299,6.6101,6.62,0
2026-08-31 19:45:00-04:00,6.6198,6.63,6.6,6.63,0
2026-08-31 19:46:00-04:00,6.66,6.68,6.63,6.6799,0
2026-08-31 19:47:00-04:00,6.68,6.68,6.63,6.6797,0
2026-08-31 19:48:00-04:00,6.6792,6.68,6.61,6.6789,0
2026-08-31 19:49:00-04:00,6.68,6.68,6.6,6.64,0
2026-08-31 19:50:00-04:00,6.67,6.77,6.62,6.6701,0
2026-08-31 19:51:00-04:00,6.7898,6.79,6.67,6.7,0
2026-08-31 19:52:00-04:00,6.79,6.79,6.7,6.75,0
2026-08-31 19:53:00-04:00,6.7,6.75,6.7,6.71,0
2026-08-31 19:54:00-04:00,6.72,6.75,6.7,6.72,0
2026-08-31 19:55:00-04:00,6.7,6.7,6.6152,6.7,0
2026-08-31 19:56:00-04:00,6.6201,6.7,6.6201,6.66,0
2026-08-31 19:57:00-04:00,6.66,6.69,6.6,6.63,0
2026-08-31 19:58:00-04:00,6.65,6.65,6.5,6.52,0
2026-08-31 19:59:00-04:00,6.5324,6.6,6.5324,6.6,0
2026-09-01 04:00:00-04:00,7.11,7.63,6.96,7.121,0
2026-09-01 04:01:00-04:00,7.139,7.6,7.05,7.28,0
2026-09-01 04:02:00-04:00,7.2705,7.2797,7.09,7.1,0
2026-09-01 04:03:00-04:00,7.1921,7.2486,7.1079,7.23,0
2026-09-01 04:04:00-04:00,7.2486,7.2486,7.07,7.0855,0
2026-09-01 04:05:00-04:00,7.071,7.57,6.8914,6.93,0
2026-09-01 04:06:00-04:00,6.91,6.97,6.8014,6.97,0
2026-09-01 04:07:00-04:00,6.9064,7.0586,6.86,7.0383,0
2026-09-01 04:08:00-04:00,7.0486,7.1,7.0398,7.0986,0
2026-09-01 04:09:00-04:00,7.0986,7.1486,7.0703,7.11,0
2026-09-01 04:10:00-04:00,7.1005,7.1986,7.02,7.0986,0
2026-09-01 04:11:00-04:00,7.05,7.1,7.0,7.02,0
2026-09-01 04:12:00-04:00,7.02,7.06,7.02,7.0205,0
2026-09-01 04:13:00-04:00,7.0205,7.15,7.0205,7.1124,0
2026-09-01 04:14:00-04:00,7.1014,7.2486,7.1014,7.2014,0
2026-09-01 04:15:00-04:00,7.2486,7.25,7.16,7.1614,0
2026-09-01 04:16:00-04:00,7.17,7.2536,7.13,7.2536,0
2026-09-01 04:17:00-04:00,7.27,7.2786,7.19,7.229,0
2026-09-01 04:18:00-04:00,7.21,7.2386,7.1903,7.22,0
2026-09-01 04:19:00-04:00,7.22,7.2286,7.15,7.17,0
2026-09-01 04:20:00-04:00,7.1786,7.18,7.1403,7.159,0
2026-09-01 04:21:00-04:00,7.14,7.1486,7.1,7.14,0
2026-09-01 04:22:00-04:00,7.1174,7.14,7.11,7.129,0
2026-09-01 04:23:00-04:00,7.111,7.18,7.1105,7.16,0
2026-09-01 04:24:00-04:00,7.17,7.44,7.1675,7.44,0
2026-09-01 04:25:00-04:00,7.4385,7.65,7.4,7.5285,0
2026-09-01 04:26:00-04:00,7.5,7.7889,7.42,7.6955,0
2026-09-01 04:27:00-04:00,7.72,8.0,7.59,7.9072,0
2026-09-01 04:28:00-04:00,7.9736,8.15,7.7615,8.0984,0
2026-09-01 04:29:00-04:00,8.0984,8.2,7.93,7.9792,0
2026-09-01 04:30:00-04:00,8.0084,8.01,7.8,7.8516,0
2026-09-01 04:31:00-04:00,7.85,8.1,7.85,8.0016,0
2026-09-01 04:32:00-04:00,8.0127,8.0784,7.9,7.9875,0
2026-09-01 04:33:00-04:00,7.989,7.989,7.9,7.9026,0
2026-09-01 04:34:00-04:00,7.91,7.919,7.65,7.7436,0
2026-09-01 04:35:00-04:00,7.7585,7.7785,7.58,7.7085,0
2026-09-01 04:36:00-04:00,7.66,7.7085,7.5515,7.6685,0
2026-09-01 04:37:00-04:00,7.6115,7.78,7.6015,7.75,0
2026-09-01 04:38:00-04:00,7.7485,7.86,7.6615,7.8154,0
2026-09-01 04:39:00-04:00,7.81,7.9,7.74,7.7415,0
2026-09-01 04:40:00-04:00,7.7415,7.94,7.7403,7.9328,0
2026-09-01 04:41:00-04:00,7.9384,7.9384,7.7515,7.79,0
2026-09-01 04:42:00-04:00,7.7715,7.8713,7.7,7.7024,0
2026-09-01 04:43:00-04:00,7.701,7.75,7.7,7.7095,0
2026-09-01 04:44:00-04:00,7.7001,7.7885,7.7,7.757,0
2026-09-01 04:45:00-04:00,7.71,7.7597,7.71,7.71,0
2026-09-01 04:46:00-04:00,7.7105,7.719,7.5,7.5005,0
2026-09-01 04:47:00-04:00,7.5095,7.54,7.4615,7.499,0
2026-09-01 04:48:00-04:00,7.49,7.5285,7.48,7.52,0
2026-09-01 04:49:00-04:00,7.5285,7.58,7.5015,7.569,0
2026-09-01 04:50:00-04:00,7.5598,7.5685,7.5,7.5379,0
2026-09-01 04:51:00-04:00,7.5395,7.5395,7.43,7.5,0
2026-09-01 04:52:00-04:00,7.5,7.5436,7.44,7.46,0
2026-09-01 04:53:00-04:00,7.45,7.4797,7.41,7.4434,0
2026-09-01 04:54:00-04:00,7.4295,7.43,7.35,7.43,0
2026-09-01 04:55:00-04:00,7.43,7.52,7.4087,7.4815,0
2026-09-01 04:56:00-04:00,7.5085,7.5385,7.42,7.5,0
2026-09-01 04:57:00-04:00,7.41,7.4936,7.3,7.319,0
2026-09-01 04:58:00-04:00,7.319,7.319,7.3,7.3079,0
2026-09-01 04:59:00-04:00,7.3005,7.3086,7.25,7.2755,0
2026-09-01 05:00:00-04:00,7.2514,7.3536,7.21,7.2895,0
2026-09-01 05:01:00-04:00,7.2895,7.3485,7.26,7.32,0
2026-09-01 05:02:00-04:00,7.32,7.3385,7.28,7.299,0
2026-09-01 05:03:00-04:00,7.299,7.3483,7.281,7.3393,0
2026-09-01 05:04:00-04:00,7.3315,7.34,7.31,7.31,0
2026-09-01 05:05:00-04:00,7.319,7.3885,7.3,7.3785,0
2026-09-01 05:06:00-04:00,7.3785,7.4485,7.3605,7.4218,0
2026-09-01 05:07:00-04:00,7.4105,7.4485,7.4,7.4485,0
2026-09-01 05:08:00-04:00,7.4485,7.45,7.3701,7.3705,0
2026-09-01 05:09:00-04:00,7.3781,7.4085,7.34,7.3523,0
2026-09-01 05:10:00-04:00,7.351,7.37,7.3195,7.3606,0
2026-09-01 05:11:00-04:00,7.38,7.45,7.3515,7.4095,0
2026-09-01 05:12:00-04:00,7.41,7.45,7.39,7.44,0
2026-09-01 05:13:00-04:00,7.4395,7.47,7.41,7.4595,0
2026-09-01 05:14:00-04:00,7.4595,7.4785,7.4215,7.46,0
2026-09-01 05:15:00-04:00,7.4695,7.57,7.45,7.539,0
2026-09-01 05:16:00-04:00,7.5281,7.57,7.49,7.5405,0
2026-09-01 05:17:00-04:00,7.5485,7.5595,7.481,7.5463,0
2026-09-01 05:18:00-04:00,7.5405,7.5495,7.47,7.4847,0
2026-09-01 05:19:00-04:00,7.4844,7.49,7.44,7.4895,0
2026-09-01 05:20:00-04:00,7.4905,7.629,7.4905,7.589,0
2026-09-01 05:21:00-04:00,7.589,7.599,7.53,7.5795,0
2026-09-01 05:22:00-04:00,7.569,7.59,7.5,7.5225,0
2026-09-01 05:23:00-04:00,7.5305,7.5305,7.5,7.5,0
2026-09-01 05:24:00-04:00,7.5005,7.59,7.48,7.5868,0
2026-09-01 05:25:00-04:00,7.589,7.59,7.549,7.5895,0
2026-09-01 05:26:00-04:00,7.5804,7.5805,7.521,7.539,0
2026-09-01 05:27:00-04:00,7.51,7.53,7.43,7.4605,0
2026-09-01 05:28:00-04:00,7.4605,7.4948,7.45,7.4705,0
2026-09-01 05:29:00-04:00,7.4705,7.5,7.47,7.48,0
2026-09-01 05:30:00-04:00,7.47,7.51,7.46,7.4905,0
2026-09-01 05:31:00-04:00,7.4905,7.4986,7.43,7.4419,0
2026-09-01 05:32:00-04:00,7.4495,7.49,7.44,7.48,0
2026-09-01 05:33:00-04:00,7.48,7.5093,7.48,7.48,0
2026-09-01 05:34:00-04:00,7.4795,7.509,7.4795,7.4995,0
2026-09-01 05:35:00-04:00,7.51,7.5117,7.49,7.5,0
2026-09-01 05:36:00-04:00,7.5,7.5195,7.49,7.5105,0
2026-09-01 05:37:00-04:00,7.5105,7.6,7.5105,7.5317,0
2026-09-01 05:38:00-04:00,7.52,7.7,7.52,7.659,0
2026-09-01 05:39:00-04:00,7.639,7.639,7.57,7.6,0
2026-09-01 05:40:00-04:00,7.6,7.75,7.581,7.67,0
2026-09-01 05:41:00-04:00,7.66,7.7725,7.63,7.6915,0
2026-09-01 05:42:00-04:00,7.7199,7.85,7.7,7.82,0
2026-09-01 05:43:00-04:00,7.7715,7.8385,7.75,7.76,0
2026-09-01 05:44:00-04:00,7.78,7.78,7.67,7.6795,0
2026-09-01 05:45:00-04:00,7.6722,7.8,7.63,7.7885,0
2026-09-01 05:46:00-04:00,7.8,7.89,7.7211,7.8149,0
2026-09-01 05:47:00-04:00,7.82,7.9385,7.8,7.8784,0
2026-09-01 05:48:00-04:00,7.87,7.87,7.7115,7.7599,0
2026-09-01 05:49:00-04:00,7.7595,7.799,7.72,7.799,0
2026-09-01 05:50:00-04:00,7.79,7.799,7.7015,7.7295,0
2026-09-01 05:51:00-04:00,7.7205,7.77,7.72,7.72,0
2026-09-01 05:52:00-04:00,7.74,7.7597,7.69,7.7,0
2026-09-01 05:53:00-04:00,7.68,7.71,7.68,7.6976,0
2026-09-01 05:54:00-04:00,7.699,7.699,7.67,7.67,0
2026-09-01 05:55:00-04:00,7.67,7.679,7.5715,7.6007,0
2026-09-01 05:56:00-04:00,7.601,7.639,7.6,7.6105,0
2026-09-01 05:57:00-04:00,7.6105,7.7,7.6105,7.681,0
2026-09-01 05:58:00-04:00,7.69,7.7,7.6315,7.6415,0
2026-09-01 05:59:00-04:00,7.6415,7.6823,7.6415,7.6675,0
2026-09-01 06:00:00-04:00,7.6985,7.7,7.66,7.661,0
2026-09-01 06:01:00-04:00,7.66,7.7,7.66,7.6985,0
2026-09-01 06:02:00-04:00,7.688,7.73,7.67,7.71,0
2026-09-01 06:03:00-04:00,7.72,7.75,7.6815,7.73,0
2026-09-01 06:04:00-04:00,7.75,7.8384,7.66,7.7085,0
2026-09-01 06:05:00-04:00,7.7085,7.7485,7.6715,7.74,0
2026-09-01 06:06:00-04:00,7.7,7.7397,7.6815,7.7206,0
2026-09-01 06:07:00-04:00,7.7295,7.7295,7.6684,7.6684,0
2026-09-01 06:08:00-04:00,7.6605,7.7,7.65,7.69,0
2026-09-01 06:09:00-04:00,7.6985,7.6985,7.6615,7.68,0
2026-09-01 06:10:00-04:00,7.68,7.73,7.661,7.711,0
2026-09-01 06:11:00-04:00,7.73,7.75,7.7,7.7485,0
2026-09-01 06:12:00-04:00,7.73,7.7397,7.6897,7.7,0
2026-09-01 06:13:00-04:00,7.68,7.7036,7.63,7.6515,0
2026-09-01 06:14:00-04:00,7.67,7.67,7.6125,7.63,0
2026-09-01 06:15:00-04:00,7.629,7.6485,7.61,7.626,0
2026-09-01 06:16:00-04:00,7.62,7.6585,7.6,7.65,0
2026-09-01 06:17:00-04:00,7.6248,7.6585,7.6115,7.63,0
2026-09-01 06:18:00-04:00,7.629,7.6385,7.61,7.62,0
2026-09-01 06:19:00-04:00,7.6198,7.7,7.6198,7.64,0
2026-09-01 06:20:00-04:00,7.658,7.76,7.6515,7.749,0
2026-09-01 06:21:00-04:00,7.749,7.75,7.6515,7.72,0
2026-09-01 06:22:00-04:00,7.7285,7.73,7.63,7.63,0
2026-09-01 06:23:00-04:00,7.639,7.65,7.581,7.59,0
2026-09-01 06:24:00-04:00,7.59,7.6485,7.58,7.6485,0
2026-09-01 06:25:00-04:00,7.6385,7.6385,7.56,7.59,0
2026-09-01 06:26:00-04:00,7.5961,7.6497,7.58,7.6,0
2026-09-01 06:27:00-04:00,7.6,7.6197,7.57,7.57,0
2026-09-01 06:28:00-04:00,7.57,7.6,7.57,7.5854,0
2026-09-01 06:29:00-04:00,7.5824,7.5997,7.57,7.5876,0
2026-09-01 06:30:00-04:00,7.571,7.6,7.5515,7.6,0
2026-09-01 06:31:00-04:00,7.6,7.6921,7.5764,7.68,0
2026-09-01 06:32:00-04:00,7.68,7.68,7.6015,7.63,0
2026-09-01 06:33:00-04:00,7.6285,7.6697,7.6015,7.6485,0
2026-09-01 06:34:00-04:00,7.64,7.6485,7.62,7.639,0
2026-09-01 06:35:00-04:00,7.6398,7.6398,7.6201,7.63,0
2026-09-01 06:36:00-04:00,7.6475,7.6685,7.64,7.6495,0
2026-09-01 06:37:00-04:00,7.65,7.74,7.64,7.7285,0
2026-09-01 06:38:00-04:00,7.7285,7.88,7.7,7.8476,0
2026-09-01 06:39:00-04:00,7.84,7.94,7.7171,7.85,0
2026-09-01 06:40:00-04:00,7.8684,8.09,7.8216,7.94,0
2026-09-01 06:41:00-04:00,7.94,7.9584,7.75,7.7785,0
2026-09-01 06:42:00-04:00,7.7506,7.8,7.7003,7.78,0
2026-09-01 06:43:00-04:00,7.78,7.7985,7.72,7.74,0
2026-09-01 06:44:00-04:00,7.75,7.76,7.61,7.6315,0
2026-09-01 06:45:00-04:00,7.645,7.7,7.61,7.6387,0
2026-09-01 06:46:00-04:00,7.6315,7.8,7.6315,7.7115,0
2026-09-01 06:47:00-04:00,7.745,7.75,7.67,7.7,0
2026-09-01 06:48:00-04:00,7.67,7.73,7.67,7.6938,0
2026-09-01 06:49:00-04:00,7.7,7.7299,7.68,7.699,0
2026-09-01 06:50:00-04:00,7.6881,7.75,7.65,7.75,0
2026-09-01 06:51:00-04:00,7.75,7.782,7.72,7.75,0
2026-09-01 06:52:00-04:00,7.77,7.77,7.7,7.7293,0
2026-09-01 06:53:00-04:00,7.7285,7.7695,7.68,7.6992,0
2026-09-01 06:54:00-04:00,7.69,7.72,7.67,7.7127,0
2026-09-01 06:55:00-04:00,7.7185,7.7485,7.6815,7.7015,0
2026-09-01 06:56:00-04:00,7.7236,7.729,7.6715,7.7064,0
2026-09-01 06:57:00-04:00,7.6815,7.7064,7.67,7.699,0
2026-09-01 06:58:00-04:00,7.681,7.71,7.661,7.7,0
2026-09-01 06:59:00-04:00,7.6715,7.697,7.67,7.69,0
2026-09-01 07:00:00-04:00,7.69,7.8,7.6813,7.78,0
2026-09-01 07:01:00-04:00,7.789,7.789,7.68,7.72,0
2026-09-01 07:02:00-04:00,7.7,7.7,7.65,7.65,0
2026-09-01 07:03:00-04:00,7.69,7.75,7.6515,7.69,0
2026-09-01 07:04:00-04:00,7.689,7.73,7.67,7.71,0
2026-09-01 07:05:00-04:00,7.71,7.71,7.67,7.69,0
2026-09-01 07:06:00-04:00,7.69,7.7,7.65,7.6885,0
2026-09-01 07:07:00-04:00,7.69,7.69,7.46,7.47,0
2026-09-01 07:08:00-04:00,7.52,7.62,7.5,7.5401,0
2026-09-01 07:09:00-04:00,7.558,7.57,7.47,7.48,0
2026-09-01 07:10:00-04:00,7.4715,7.5,7.35,7.48,0
2026-09-01 07:11:00-04:00,7.45,7.48,7.42,7.4395,0
2026-09-01 07:12:00-04:00,7.432,7.45,7.4,7.4095,0
2026-09-01 07:13:00-04:00,7.4095,7.44,7.31,7.41,0
2026-09-01 07:14:00-04:00,7.41,7.44,7.3815,7.4302,0
2026-09-01 07:15:00-04:00,7.44,7.48,7.43,7.48,0
2026-09-01 07:16:00-04:00,7.4785,7.54,7.46,7.53,0
2026-09-01 07:17:00-04:00,7.5369,7.54,7.52,7.54,0
2026-09-01 07:18:00-04:00,7.53,7.53,7.45,7.47,0
2026-09-01 07:19:00-04:00,7.451,7.469,7.4,7.42,0
2026-09-01 07:20:00-04:00,7.42,7.5,7.4115,7.47,0
2026-09-01 07:21:00-04:00,7.469,7.47,7.45,7.4695,0
2026-09-01 07:22:00-04:00,7.5,7.56,7.48,7.5415,0
2026-09-01 07:23:00-04:00,7.6,7.6,7.5315,7.5315,0
2026-09-01 07:24:00-04:00,7.56,7.57,7.5,7.5015,0
2026-09-01 07:25:00-04:00,7.5295,7.56,7.5,7.51,0
2026-09-01 07:26:00-04:00,7.5485,7.55,7.4315,7.4315,0
2026-09-01 07:27:00-04:00,7.45,7.4985,7.43,7.44,0
2026-09-01 07:28:00-04:00,7.421,7.5,7.4,7.43,0
2026-09-01 07:29:00-04:00,7.4928,7.5,7.41,7.4444,0
2026-09-01 07:30:00-04:00,7.46,7.48,7.41,7.44,0
2026-09-01 07:31:00-04:00,7.43,7.4699,7.42,7.4315,0
2026-09-01 07:32:00-04:00,7.46,7.46,7.43,7.4301,0
2026-09-01 07:33:00-04:00,7.44,7.49,7.43,7.4885,0
2026-09-01 07:34:00-04:00,7.4985,7.5,7.45,7.49,0
2026-09-01 07:35:00-04:00,7.481,7.5,7.45,7.46,0
2026-09-01 07:36:00-04:00,7.48,7.48,7.43,7.4541,0
2026-09-01 07:37:00-04:00,7.437,7.48,7.42,7.45,0
2026-09-01 07:38:00-04:00,7.421,7.45,7.421,7.44,0
2026-09-01 07:39:00-04:00,7.45,7.45,7.38,7.4,0
2026-09-01 07:40:00-04:00,7.4248,7.45,7.4,7.4005,0
2026-09-01 07:41:00-04:00,7.4001,7.4418,7.4,7.4115,0
2026-09-01 07:42:00-04:00,7.42,7.429,7.4,7.4095,0
2026-09-01 07:43:00-04:00,7.39,7.41,7.38,7.3805,0
2026-09-01 07:44:00-04:00,7.3805,7.41,7.38,7.3815,0
2026-09-01 07:45:00-04:00,7.3815,7.41,7.37,7.37,0
2026-09-01 07:46:00-04:00,7.38,7.38,7.35,7.35,0
2026-09-01 07:47:00-04:00,7.35,7.369,7.35,7.36,0
2026-09-01 07:48:00-04:00,7.35,7.41,7.35,7.4,0
2026-09-01 07:49:00-04:00,7.39,7.4085,7.38,7.3895,0
2026-09-01 07:50:00-04:00,7.3895,7.68,7.38,7.611,0
2026-09-01 07:51:00-04:00,7.6121,7.62,7.5,7.5215,0
2026-09-01 07:52:00-04:00,7.55,7.55,7.4379,7.5,0
2026-09-01 07:53:00-04:00,7.5006,7.53,7.4941,7.5,0
2026-09-01 07:54:00-04:00,7.45,7.5185,7.45,7.5185,0
2026-09-01 07:55:00-04:00,7.48,7.52,7.46,7.5,0
2026-09-01 07:56:00-04:00,7.52,7.52,7.4715,7.5,0
2026-09-01 07:57:00-04:00,7.5,7.5,7.46,7.4885,0
2026-09-01 07:58:00-04:00,7.478,7.53,7.47,7.53,0
2026-09-01 07:59:00-04:00,7.52,7.63,7.5015,7.6,0
2026-09-01 08:00:00-04:00,7.6,7.72,7.5715,7.72,0
2026-09-01 08:01:00-04:00,7.7169,7.73,7.47,7.519,0
2026-09-01 08:02:00-04:00,7.5191,7.53,7.42,7.52,0
2026-09-01 08:03:00-04:00,7.529,7.54,7.4072,7.4985,0
2026-09-01 08:04:00-04:00,7.49,7.49,7.43,7.4315,0
2026-09-01 08:05:00-04:00,7.4315,7.47,7.42,7.4397,0
2026-09-01 08:06:00-04:00,7.4398,7.47,7.42,7.47,0
2026-09-01 08:07:00-04:00,7.46,7.5,7.4409,7.49,0
2026-09-01 08:08:00-04:00,7.489,7.49,7.47,7.4797,0
2026-09-01 08:09:00-04:00,7.48,7.49,7.47,7.4701,0
2026-09-01 08:10:00-04:00,7.47,7.48,7.42,7.44,0
2026-09-01 08:11:00-04:00,7.48,7.48,7.414,7.42,0
2026-09-01 08:12:00-04:00,7.47,7.47,7.4,7.42,0
2026-09-01 08:13:00-04:00,7.4,7.42,7.4,7.41,0
2026-09-01 08:14:00-04:00,7.4196,7.45,7.4,7.45,0
2026-09-01 08:15:00-04:00,7.421,7.48,7.42,7.46,0
2026-09-01 08:16:00-04:00,7.4502,7.48,7.45,7.4504,0
2026-09-01 08:17:00-04:00,7.451,7.48,7.4,7.41,0
2026-09-01 08:18:00-04:00,7.41,7.5,7.39,7.4921,0
2026-09-01 08:19:00-04:00,7.44,7.49,7.42,7.4415,0
2026-09-01 08:20:00-04:00,7.46,7.48,7.42,7.4215,0
2026-09-01 08:21:00-04:00,7.45,7.45,7.42,7.44,0
2026-09-01 08:22:00-04:00,7.43,7.44,7.4,7.42,0
2026-09-01 08:23:00-04:00,7.42,7.42,7.39,7.42,0
2026-09-01 08:24:00-04:00,7.42,7.42,7.26,7.2695,0
2026-09-01 08:25:00-04:00,7.27,7.31,7.21,7.2195,0
2026-09-01 08:26:00-04:00,7.2195,7.2328,7.09,7.1204,0
2026-09-01 08:27:00-04:00,7.1295,7.2,7.06,7.065,0
2026-09-01 08:28:00-04:00,7.0786,7.08,7.01,7.0595,0
2026-09-01 08:29:00-04:00,7.0599,7.06,7.03,7.05,0
2026-09-01 08:30:00-04:00,7.0572,7.17,7.041,7.17,0
2026-09-01 08:31:00-04:00,7.17,7.27,7.14,7.17,0
2026-09-01 08:32:00-04:00,7.17,7.18,7.13,7.18,0
2026-09-01 08:33:00-04:00,7.161,7.2495,7.161,7.2405,0
2026-09-01 08:34:00-04:00,7.2485,7.29,7.24,7.29,0
2026-09-01 08:35:00-04:00,7.28,7.29,7.1914,7.21,0
2026-09-01 08:36:00-04:00,7.21,7.22,7.2,7.2005,0
2026-09-01 08:37:00-04:00,7.2098,7.31,7.2003,7.28,0
2026-09-01 08:38:00-04:00,7.28,7.31,7.26,7.31,0
2026-09-01 08:39:00-04:00,7.31,7.32,7.29,7.32,0
2026-09-01 08:40:00-04:00,7.3183,7.32,7.2901,7.2901,0
2026-09-01 08:41:00-04:00,7.3,7.32,7.2614,7.281,0
2026-09-01 08:42:00-04:00,7.3,7.31,7.26,7.27,0
2026-09-01 08:43:00-04:00,7.27,7.28,7.24,7.25,0
2026-09-01 08:44:00-04:00,7.23,7.28,7.2,7.25,0
2026-09-01 08:45:00-04:00,7.21,7.2486,7.2,7.23,0
2026-09-01 08:46:00-04:00,7.22,7.2986,7.2,7.2986,0
2026-09-01 08:47:00-04:00,7.2986,7.2986,7.2164,7.267,0
2026-09-01 08:48:00-04:00,7.2617,7.2886,7.22,7.22,0
2026-09-01 08:49:00-04:00,7.24,7.2886,7.23,7.28,0
2026-09-01 08:50:00-04:00,7.24,7.32,7.24,7.32,0
2026-09-01 08:51:00-04:00,7.28,7.45,7.28,7.4385,0
2026-09-01 08:52:00-04:00,7.4385,7.44,7.35,7.3515,0
2026-09-01 08:53:00-04:00,7.38,7.42,7.35,7.4001,0
2026-09-01 08:54:00-04:00,7.4005,7.4194,7.37,7.39,0
2026-09-01 08:55:00-04:00,7.39,7.47,7.38,7.44,0
2026-09-01 08:56:00-04:00,7.46,7.47,7.42,7.46,0
2026-09-01 08:57:00-04:00,7.41,7.46,7.41,7.46,0
2026-09-01 08:58:00-04:00,7.44,7.46,7.42,7.44,0
2026-09-01 08:59:00-04:00,7.43,7.44,7.42,7.44,0
2026-09-01 09:00:00-04:00,7.4305,7.44,7.42,7.428,0
2026-09-01 09:01:00-04:00,7.43,7.4305,7.4,7.421,0
2026-09-01 09:02:00-04:00,7.4205,7.55,7.42,7.52,0
2026-09-01 09:03:00-04:00,7.53,7.5493,7.45,7.49,0
2026-09-01 09:04:00-04:00,7.49,7.49,7.41,7.44,0
2026-09-01 09:05:00-04:00,7.4511,7.4511,7.4,7.44,0
2026-09-01 09:06:00-04:00,7.4285,7.43,7.4015,7.4285,0
2026-09-01 09:07:00-04:00,7.43,7.43,7.4,7.42,0
2026-09-01 09:08:00-04:00,7.43,7.5,7.4015,7.5,0
2026-09-01 09:09:00-04:00,7.5,7.52,7.46,7.5199,0
2026-09-01 09:10:00-04:00,7.52,7.58,7.51,7.56,0
2026-09-01 09:11:00-04:00,7.56,7.56,7.52,7.5315,0
2026-09-01 09:12:00-04:00,7.5585,7.56,7.54,7.5497,0
2026-09-01 09:13:00-04:00,7.5495,7.65,7.54,7.5993,0
2026-09-01 09:14:00-04:00,7.6,7.61,7.55,7.55,0
2026-09-01 09:15:00-04:00,7.5504,7.59,7.51,7.57,0
2026-09-01 09:16:00-04:00,7.5685,7.57,7.52,7.53,0
2026-09-01 09:17:00-04:00,7.54,7.55,7.5,7.525,0
2026-09-01 09:18:00-04:00,7.53,7.53,7.51,7.5105,0
2026-09-01 09:19:00-04:00,7.5105,7.52,7.51,7.5105,0
2026-09-01 09:20:00-04:00,7.52,7.52,7.5,7.5005,0
2026-09-01 09:21:00-04:00,7.5005,7.54,7.5,7.5321,0
2026-09-01 09:22:00-04:00,7.54,7.54,7.5131,7.5295,0
2026-09-01 09:23:00-04:00,7.52,7.55,7.52,7.549,0
2026-09-01 09:24:00-04:00,7.5585,7.65,7.55,7.6185,0
2026-09-01 09:25:00-04:00,7.61,7.8,7.61,7.7093,0
2026-09-01 09:26:00-04:00,7.7,7.75,7.68,7.68,0
2026-09-01 09:27:00-04:00,7.67,7.67,7.6,7.6596,0
2026-09-01 09:28:00-04:00,7.64,7.6896,7.63,7.6695,0
2026-09-01 09:29:00-04:00,7.6695,7.72,7.64,7.68,0
2026-09-01 09:30:00-04:00,7.670000076293945,8.050000190734863,7.650000095367432,7.920000076293945,4654321
2026-09-01 09:31:00-04:00,7.940000057220459,8.300000190734863,7.539999961853027,7.600100040435791,448893
2026-09-01 09:32:00-04:00,7.610000133514404,8.0,7.520100116729736,7.899899959564209,271813
2026-09-01 09:33:00-04:00,7.889999866485596,8.420000076293945,7.75,8.385000228881836,357288
2026-09-01 09:34:00-04:00,8.420000076293945,8.4399995803833,8.069999694824219,8.3100004196167,303148
2026-09-01 09:35:00-04:00,8.289999961853027,8.420000076293945,7.800000190734863,7.949999809265137,347934
2026-09-01 09:36:00-04:00,7.959000110626221,8.0600004196167,7.760000228881836,7.760000228881836,143958
2026-09-01 09:37:00-04:00,7.75,7.813499927520752,7.230000019073486,7.4095001220703125,329222
2026-09-01 09:38:00-04:00,7.400000095367432,7.559999942779541,7.333000183105469,7.480000019073486,127681
2026-09-01 09:39:00-04:00,7.5,7.5,7.409999847412109,7.445000171661377,46401
2026-09-01 09:40:00-04:00,7.434500217437744,7.53000020980835,7.329999923706055,7.519999980926514,96442
2026-09-01 09:41:00-04:00,7.514999866485596,7.539999961853027,7.410099983215332,7.474999904632568,42952
2026-09-01 09:42:00-04:00,7.480000019073486,7.519999980926514,7.400000095367432,7.466899871826172,56054
2026-09-01 09:43:00-04:00,7.420000076293945,7.489999771118164,7.130000114440918,7.199999809265137,150107
2026-09-01 09:44:00-04:00,7.200200080871582,7.244999885559082,7.070000171661377,7.135000228881836,73578
2026-09-01 09:45:00-04:00,7.130000114440918,7.349999904632568,7.130000114440918,7.187900066375732,74388
2026-09-01 09:46:00-04:00,7.199900150299072,7.249800205230713,7.170300006866455,7.2129998207092285,33699
2026-09-01 09:47:00-04:00,7.199999809265137,7.199999809265137,7.059999942779541,7.117099761962891,59324
2026-09-01 09:48:00-04:00,7.074399948120117,7.150000095367432,6.772799968719482,6.786799907684326,155568
2026-09-01 09:49:00-04:00,6.79040002822876,6.920000076293945,6.75,6.900000095367432,75037
2026-09-01 09:50:00-04:00,6.914599895477295,6.9730000495910645,6.849999904632568,6.86870002746582,50526
2026-09-01 09:51:00-04:00,6.900000095367432,7.019999980926514,6.869999885559082,6.989999771118164,53430
2026-09-01 09:52:00-04:00,7.019999980926514,7.1539998054504395,6.994999885559082,7.079999923706055,65339
2026-09-01 09:53:00-04:00,7.114999771118164,7.114999771118164,7.0,7.010000228881836,54379
2026-09-01 09:54:00-04:00,7.001200199127197,7.010000228881836,6.800000190734863,6.840000152587891,90135
2026-09-01 09:55:00-04:00,6.840000152587891,6.840000152587891,6.5,6.5578999519348145,156158
2026-09-01 09:56:00-04:00,6.542699813842773,6.559999942779541,6.400000095367432,6.460000038146973,109559
2026-09-01 09:57:00-04:00,6.440199851989746,6.441299915313721,6.260000228881836,6.300000190734863,121183
2026-09-01 09:58:00-04:00,6.299799919128418,6.340000152587891,5.949999809265137,6.300000190734863,162358
2026-09-01 09:59:00-04:00,6.320000171661377,6.400000095367432,6.312600135803223,6.380000114440918,65108
2026-09-01 10:00:00-04:00,6.3902997970581055,6.489999771118164,6.340000152587891,6.395500183105469,108746
2026-09-01 10:01:00-04:00,6.381999969482422,6.400000095367432,6.309999942779541,6.320000171661377,39304
2026-09-01 10:02:00-04:00,6.367400169372559,6.449999809265137,6.349999904632568,6.40500020980835,38553
2026-09-01 10:03:00-04:00,6.440000057220459,6.440000057220459,6.360000133514404,6.384500026702881,24207
2026-09-01 10:04:00-04:00,6.409999847412109,6.409999847412109,6.269999980926514,6.32859992980957,25357
2026-09-01 10:05:00-04:00,6.320000171661377,6.440000057220459,6.300000190734863,6.420100212097168,65284
2026-09-01 10:06:00-04:00,6.434999942779541,6.440000057220459,6.380000114440918,6.396999835968018,43088
2026-09-01 10:07:00-04:00,6.389999866485596,6.440000057220459,6.382599830627441,6.400000095367432,51716
2026-09-01 10:08:00-04:00,6.420000076293945,6.579999923706055,6.380000114440918,6.579999923706055,50222
2026-09-01 10:09:00-04:00,6.570000171661377,6.579999923706055,6.46999979019165,6.46999979019165,54507
2026-09-01 10:10:00-04:00,6.5131001472473145,6.559899806976318,6.409299850463867,6.489999771118164,38446
2026-09-01 10:11:00-04:00,6.483500003814697,6.53000020980835,6.452000141143799,6.53000020980835,13999
2026-09-01 10:12:00-04:00,6.510000228881836,6.519999980926514,6.380000114440918,6.400100231170654,35192
2026-09-01 10:13:00-04:00,6.400000095367432,6.489999771118164,6.400000095367432,6.457300186157227,15514
2026-09-01 10:14:00-04:00,6.440000057220459,6.440000057220459,6.389999866485596,6.409999847412109,19869
2026-09-01 10:15:00-04:00,6.409999847412109,6.460000038146973,6.35099983215332,6.440000057220459,22611
2026-09-01 10:16:00-04:00,6.420000076293945,6.420000076293945,6.309999942779541,6.324999809265137,29130
2026-09-01 10:17:00-04:00,6.329999923706055,6.340000152587891,6.150000095367432,6.180099964141846,93556
2026-09-01 10:18:00-04:00,6.194799900054932,6.23799991607666,6.170199871063232,6.190000057220459,27491
2026-09-01 10:19:00-04:00,6.179999828338623,6.2399001121521,6.039999961853027,6.079999923706055,46193
2026-09-01 10:20:00-04:00,6.059999942779541,6.300000190734863,6.059999942779541,6.210000038146973,51120
2026-09-01 10:21:00-04:00,6.2677001953125,6.336999893188477,6.222300052642822,6.309999942779541,19952
2026-09-01 10:22:00-04:00,6.320000171661377,6.320000171661377,6.269999980926514,6.299900054931641,24113
2026-09-01 10:23:00-04:00,6.295000076293945,6.380000114440918,6.284999847412109,6.320000171661377,12027
2026-09-01 10:24:00-04:00,6.369999885559082,6.376399993896484,6.300000190734863,6.367400169372559,38183
2026-09-01 10:25:00-04:00,6.34499979019165,6.349999904632568,6.220099925994873,6.276000022888184,41228
2026-09-01 10:26:00-04:00,6.240799903869629,6.336599826812744,6.199999809265137,6.300000190734863,32046
2026-09-01 10:27:00-04:00,6.269999980926514,6.309899806976318,6.21999979019165,6.25,26855
2026-09-01 10:28:00-04:00,6.260000228881836,6.28000020980835,6.239999771118164,6.25,7471
2026-09-01 10:29:00-04:00,6.2600998878479,6.269999980926514,6.199999809265137,6.210000038146973,12376
2026-09-01 10:30:00-04:00,6.199999809265137,6.239999771118164,6.079999923706055,6.105000019073486,54483
2026-09-01 10:31:00-04:00,6.130000114440918,6.170000076293945,6.099999904632568,6.139999866485596,23710
2026-09-01 10:32:00-04:00,6.150000095367432,6.150000095367432,6.010000228881836,6.019999980926514,40629
2026-09-01 10:33:00-04:00,6.03249979019165,6.099999904632568,6.019999980926514,6.074999809265137,27315
2026-09-01 10:34:00-04:00,6.090000152587891,6.099999904632568,6.030099868774414,6.03249979019165,15327
2026-09-01 10:35:00-04:00,6.050000190734863,6.099999904632568,6.039999961853027,6.059999942779541,20877
2026-09-01 10:36:00-04:00,6.050000190734863,6.070000171661377,5.849999904632568,5.889999866485596,108169
2026-09-01 10:37:00-04:00,5.880000114440918,5.960000038146973,5.880000114440918,5.918000221252441,39677
2026-09-01 10:38:00-04:00,5.915900230407715,5.96999979019165,5.915900230407715,5.960000038146973,20623
2026-09-01 10:39:00-04:00,5.96999979019165,6.03000020980835,5.960000038146973,6.019999980926514,29145
2026-09-01 10:40:00-04:00,6.03000020980835,6.070000171661377,6.0,6.014999866485596,30184
2026-09-01 10:41:00-04:00,6.0,6.068999767303467,6.0,6.010000228881836,23122
2026-09-01 10:42:00-04:00,6.034999847412109,6.057499885559082,5.960000038146973,6.056300163269043,23891
2026-09-01 10:43:00-04:00,6.025000095367432,6.050000190734863,6.0,6.019999980926514,7958
2026-09-01 10:44:00-04:00,6.034999847412109,6.090000152587891,6.034999847412109,6.065000057220459,15982
2026-09-01 10:45:00-04:00,6.079899787902832,6.079899787902832,6.010000228881836,6.012499809265137,12708
2026-09-01 10:46:00-04:00,6.03000020980835,6.03000020980835,5.960000038146973,6.016300201416016,36410
2026-09-01 10:47:00-04:00,6.014999866485596,6.099999904632568,6.014999866485596,6.090000152587891,13863
2026-09-01 10:48:00-04:00,6.079899787902832,6.150000095367432,6.079899787902832,6.110000133514404,33342
2026-09-01 10:49:00-04:00,6.125,6.140399932861328,6.082799911499023,6.125100135803223,28842
2026-09-01 10:50:00-04:00,6.118800163269043,6.130000114440918,6.09499979019165,6.119999885559082,16262
2026-09-01 10:51:00-04:00,6.119999885559082,6.119999885559082,6.070000171661377,6.107500076293945,22841
2026-09-01 10:52:00-04:00,6.107500076293945,6.117499828338623,6.052499771118164,6.087299823760986,19238
2026-09-01 10:53:00-04:00,6.070700168609619,6.099999904632568,6.070000171661377,6.087200164794922,16602
2026-09-01 10:54:00-04:00,6.085000038146973,6.110000133514404,6.085000038146973,6.090000152587891,12964
2026-09-01 10:55:00-04:00,6.070000171661377,6.075900077819824,6.03000020980835,6.050000190734863,16200
2026-09-01 10:56:00-04:00,6.050000190734863,6.100100040435791,6.050000190734863,6.050000190734863,18116
2026-09-01 10:57:00-04:00,6.036399841308594,6.070000171661377,5.95989990234375,5.96750020980835,30508
2026-09-01 10:58:00-04:00,5.963200092315674,6.010000228881836,5.909999847412109,5.9232001304626465,36881
2026-09-01 10:59:00-04:00,5.929999828338623,6.0,5.909999847412109,5.949999809265137,16656
2026-09-01 11:00:00-04:00,5.920000076293945,5.929999828338623,5.900000095367432,5.920000076293945,21795
2026-09-01 11:01:00-04:00,5.924699783325195,5.929999828338623,5.849999904632568,5.8730998039245605,32706
2026-09-01 11:02:00-04:00,5.900000095367432,5.909999847412109,5.860000133514404,5.877900123596191,16749
2026-09-01 11:03:00-04:00,5.875,5.929999828338623,5.862299919128418,5.909999847412109,28599
2026-09-01 11:04:00-04:00,5.929900169372559,5.96999979019165,5.896100044250488,5.960000038146973,20001
2026-09-01 11:05:00-04:00,5.940400123596191,5.96999979019165,5.89169979095459,5.927700042724609,21549
2026-09-01 11:06:00-04:00,5.90500020980835,5.909999847412109,5.849999904632568,5.856200218200684,26219
2026-09-01 11:07:00-04:00,5.860000133514404,5.860000133514404,5.659999847412109,5.699999809265137,76736
2026-09-01 11:08:00-04:00,5.736599922180176,5.789999961853027,5.679999828338623,5.69980001449585,29445
2026-09-01 11:09:00-04:00,5.688600063323975,5.78000020980835,5.670000076293945,5.765900135040283,39118
2026-09-01 11:10:00-04:00,5.720799922943115,5.789999961853027,5.720799922943115,5.789400100708008,9461
2026-09-01 11:11:00-04:00,5.796500205993652,5.820000171661377,5.769999980926514,5.789999961853027,23241
2026-09-01 11:12:00-04:00,5.789999961853027,5.800000190734863,5.760000228881836,5.760000228881836,6573
2026-09-01 11:13:00-04:00,5.760000228881836,5.820000171661377,5.71999979019165,5.77239990234375,14064
2026-09-01 11:14:00-04:00,5.810699939727783,5.980000019073486,5.795000076293945,5.949999809265137,26736
2026-09-01 11:15:00-04:00,5.9475998878479,6.0,5.900000095367432,5.960000038146973,28662
2026-09-01 11:16:00-04:00,5.989999771118164,5.989999771118164,5.920000076293945,5.949999809265137,25051
2026-09-01 11:17:00-04:00,5.940000057220459,5.969900131225586,5.940000057220459,5.957600116729736,12682
2026-09-01 11:18:00-04:00,5.945000171661377,5.96999979019165,5.930099964141846,5.96999979019165,8770
2026-09-01 11:19:00-04:00,5.960000038146973,5.960000038146973,5.840000152587891,5.914999961853027,13786
2026-09-01 11:20:00-04:00,5.920000076293945,5.945099830627441,5.860000133514404,5.909999847412109,8766
2026-09-01 11:21:00-04:00,5.920000076293945,5.940000057220459,5.920000076293945,5.940000057220459,3358
2026-09-01 11:22:00-04:00,5.940000057220459,5.949999809265137,5.940000057220459,5.949999809265137,5915
2026-09-01 11:23:00-04:00,5.949900150299072,5.989999771118164,5.900000095367432,5.989999771118164,10441
2026-09-01 11:24:00-04:00,5.96999979019165,6.0,5.96750020980835,5.980000019073486,10690
2026-09-01 11:25:00-04:00,5.97130012512207,6.099899768829346,5.965000152587891,6.019999980926514,28410
2026-09-01 11:26:00-04:00,6.059999942779541,6.099999904632568,6.052499771118164,6.094799995422363,37108
2026-09-01 11:27:00-04:00,6.099899768829346,6.138299942016602,6.070000171661377,6.138299942016602,25914
2026-09-01 11:28:00-04:00,6.133600234985352,6.139999866485596,6.099999904632568,6.122099876403809,17454
2026-09-01 11:29:00-04:00,6.102499961853027,6.119999885559082,6.079999923706055,6.105000019073486,24372
2026-09-01 11:30:00-04:00,6.105000019073486,6.119999885559082,6.0,6.091599941253662,20490
2026-09-01 11:31:00-04:00,6.047500133514404,6.048900127410889,6.03000020980835,6.039999961853027,4240
2026-09-01 11:32:00-04:00,6.03000020980835,6.047500133514404,6.0,6.002500057220459,11526
2026-09-01 11:33:00-04:00,6.03000020980835,6.099999904632568,6.019999980926514,6.054999828338623,6175
2026-09-01 11:34:00-04:00,6.073400020599365,6.079999923706055,6.065000057220459,6.065000057220459,4420
2026-09-01 11:35:00-04:00,6.077300071716309,6.077300071716309,6.021999835968018,6.03000020980835,4176
2026-09-01 11:36:00-04:00,6.030099868774414,6.054999828338623,6.03000020980835,6.054999828338623,3187
2026-09-01 11:37:00-04:00,6.070000171661377,6.099999904632568,6.050000190734863,6.090099811553955,6945
2026-09-01 11:38:00-04:00,6.074999809265137,6.090000152587891,6.059999942779541,6.059999942779541,8511
2026-09-01 11:39:00-04:00,6.054999828338623,6.070000171661377,6.03000020980835,6.065000057220459,12903
2026-09-01 11:40:00-04:00,6.065000057220459,6.079999923706055,6.043399810791016,6.050000190734863,3675
2026-09-01 11:41:00-04:00,6.050000190734863,6.069900035858154,6.0,6.069900035858154,17721
2026-09-01 11:42:00-04:00,6.031300067901611,6.050000190734863,6.0,6.03000020980835,3537
2026-09-01 11:43:00-04:00,6.03000020980835,6.050000190734863,6.010200023651123,6.012499809265137,4333
2026-09-01 11:44:00-04:00,6.014999866485596,6.019999980926514,6.010000228881836,6.014999866485596,5064
2026-09-01 11:45:00-04:00,6.03000020980835,6.067500114440918,6.021900177001953,6.039899826049805,6870
2026-09-01 11:46:00-04:00,6.0,6.014999866485596,6.0,6.000199794769287,5978
2026-09-01 11:47:00-04:00,6.010000228881836,6.039999961853027,6.010000228881836,6.010000228881836,4549
2026-09-01 11:48:00-04:00,6.0,6.019999980926514,6.0,6.012400150299072,9721
2026-09-01 11:49:00-04:00,6.012499809265137,6.045000076293945,6.010000228881836,6.045000076293945,4116
2026-09-01 11:50:00-04:00,6.025000095367432,6.079999923706055,6.020199775695801,6.041299819946289,6319
2026-09-01 11:51:00-04:00,6.034999847412109,6.057499885559082,6.0100998878479,6.0100998878479,2360
2026-09-01 11:52:00-04:00,6.023200035095215,6.039999961853027,6.010000228881836,6.03000020980835,9085
2026-09-01 11:53:00-04:00,6.063000202178955,6.070000171661377,6.050000190734863,6.070000171661377,5458
2026-09-01 11:54:00-04:00,6.070000171661377,6.077499866485596,6.060100078582764,6.060100078582764,2349
2026-09-01 11:55:00-04:00,6.066199779510498,6.090000152587891,6.03000020980835,6.03000020980835,18765
2026-09-01 11:56:00-04:00,6.03000020980835,6.048500061035156,6.03000020980835,6.034999847412109,2448
2026-09-01 11:57:00-04:00,6.034999847412109,6.039999961853027,6.017899990081787,6.025000095367432,14581
2026-09-01 11:58:00-04:00,6.025000095367432,6.039899826049805,6.019999980926514,6.019999980926514,7308
2026-09-01 11:59:00-04:00,6.019999980926514,6.038599967956543,6.000100135803223,6.019999980926514,8016
2026-09-01 12:00:00-04:00,6.010200023651123,6.059999942779541,6.010200023651123,6.034999847412109,10506
2026-09-01 12:01:00-04:00,6.059899806976318,6.059899806976318,6.022500038146973,6.045000076293945,2803
2026-09-01 12:02:00-04:00,6.050000190734863,6.050000190734863,6.019999980926514,6.03000020980835,3888
2026-09-01 12:03:00-04:00,6.037499904632568,6.037499904632568,6.0,6.0,15095
2026-09-01 12:04:00-04:00,6.009900093078613,6.009900093078613,5.909999847412109,5.929999828338623,19320
2026-09-01 12:05:00-04:00,5.909999847412109,5.949999809265137,5.909999847412109,5.943600177764893,3325
2026-09-01 12:06:00-04:00,5.965000152587891,5.980000019073486,5.949999809265137,5.979599952697754,4299
2026-09-01 12:07:00-04:00,5.982800006866455,5.9934000968933105,5.982800006866455,5.988800048828125,1811
2026-09-01 12:08:00-04:00,5.995299816131592,6.034999847412109,5.990099906921387,5.990099906921387,4077
2026-09-01 12:09:00-04:00,6.014999866485596,6.039899826049805,6.008999824523926,6.03000020980835,4681
2026-09-01 12:10:00-04:00,6.03000020980835,6.03000020980835,5.990099906921387,6.0,2940
2026-09-01 12:11:00-04:00,5.994999885559082,5.994999885559082,5.9633002281188965,5.96999979019165,8832
2026-09-01 12:12:00-04:00,5.986999988555908,6.099999904632568,5.986999988555908,6.087500095367432,11694
2026-09-01 12:13:00-04:00,6.065000057220459,6.087500095367432,6.039999961853027,6.059999942779541,9561
2026-09-01 12:14:00-04:00,6.090000152587891,6.090000152587891,6.065700054168701,6.084799766540527,6805
2026-09-01 12:15:00-04:00,6.065999984741211,6.070000171661377,6.050000190734863,6.052499771118164,2603
2026-09-01 12:16:00-04:00,6.050000190734863,6.090000152587891,6.045000076293945,6.079599857330322,5270
2026-09-01 12:17:00-04:00,6.087600231170654,6.119999885559082,6.070000171661377,6.105800151824951,11055
2026-09-01 12:18:00-04:00,6.099999904632568,6.11269998550415,6.085000038146973,6.085000038146973,7136
2026-09-01 12:19:00-04:00,6.085000038146973,6.091400146484375,6.070099830627441,6.070099830627441,5574
2026-09-01 12:20:00-04:00,6.090000152587891,6.090000152587891,6.039999961853027,6.039999961853027,937
2026-09-01 12:21:00-04:00,6.039999961853027,6.059999942779541,6.0,6.037499904632568,11443
2026-09-01 12:22:00-04:00,6.019999980926514,6.03000020980835,6.003799915313721,6.019999980926514,2490
2026-09-01 12:23:00-04:00,6.03000020980835,6.03000020980835,6.022500038146973,6.03000020980835,2075
2026-09-01 12:24:00-04:00,6.031400203704834,6.042500019073486,6.031400203704834,6.042500019073486,3464
2026-09-01 12:25:00-04:00,6.059999942779541,6.079999923706055,6.051599979400635,6.07859992980957,8363
2026-09-01 12:26:00-04:00,6.070000171661377,6.090000152587891,6.070000171661377,6.090000152587891,5030
2026-09-01 12:27:00-04:00,6.079999923706055,6.119999885559082,6.079999923706055,6.110000133514404,6747
2026-09-01 12:28:00-04:00,6.110000133514404,6.110000133514404,6.059999942779541,6.079999923706055,5978
2026-09-01 12:29:00-04:00,6.089799880981445,6.109000205993652,6.082499980926514,6.099999904632568,2575
2026-09-01 12:30:00-04:00,6.0980000495910645,6.230000019073486,6.0980000495910645,6.230000019073486,31430
2026-09-01 12:31:00-04:00,6.229000091552734,6.25,6.21999979019165,6.230000019073486,15458
2026-09-01 12:32:00-04:00,6.224999904632568,6.249899864196777,6.190000057220459,6.210000038146973,20354
2026-09-01 12:33:00-04:00,6.215000152587891,6.227499961853027,6.190000057220459,6.190000057220459,12855
2026-09-01 12:34:00-04:00,6.210000038146973,6.21999979019165,6.150000095367432,6.159800052642822,18251
2026-09-01 12:35:00-04:00,6.150000095367432,6.150000095367432,6.099999904632568,6.13040018081665,9015
2026-09-01 12:36:00-04:00,6.119999885559082,6.199999809265137,6.119999885559082,6.199999809265137,16423
2026-09-01 12:37:00-04:00,6.21999979019165,6.21999979019165,6.184999942779541,6.184999942779541,7362
2026-09-01 12:38:00-04:00,6.204999923706055,6.248000144958496,6.204999923706055,6.220099925994873,10901
2026-09-01 12:39:00-04:00,6.23199987411499,6.239999771118164,6.161799907684326,6.161799907684326,12723
2026-09-01 12:40:00-04:00,6.175000190734863,6.25,6.175000190734863,6.210000038146973,21663
2026-09-01 12:41:00-04:00,6.179999828338623,6.222700119018555,6.170000076293945,6.170000076293945,12106
2026-09-01 12:42:00-04:00,6.164999961853027,6.28000020980835,6.130000114440918,6.244999885559082,18103
2026-09-01 12:43:00-04:00,6.25,6.319900035858154,6.25,6.269999980926514,20043
2026-09-01 12:44:00-04:00,6.289999961853027,6.289999961853027,6.179999828338623,6.224999904632568,9680
2026-09-01 12:45:00-04:00,6.215199947357178,6.289999961853027,6.215199947357178,6.25,10318
2026-09-01 12:46:00-04:00,6.289899826049805,6.340000152587891,6.260000228881836,6.329999923706055,25291
2026-09-01 12:47:00-04:00,6.30049991607666,6.339900016784668,6.284999847412109,6.319900035858154,34015
2026-09-01 12:48:00-04:00,6.309999942779541,6.367000102996826,6.300000190734863,6.342700004577637,38414
2026-09-01 12:49:00-04:00,6.34499979019165,6.34499979019165,6.260000228881836,6.318299770355225,29256
2026-09-01 12:50:00-04:00,6.309999942779541,6.329999923706055,6.270100116729736,6.304999828338623,22148
2026-09-01 12:51:00-04:00,6.290599822998047,6.300000190734863,6.28000020980835,6.28000020980835,14044
2026-09-01 12:52:00-04:00,6.289999961853027,6.320000171661377,6.210000038146973,6.241700172424316,29073
2026-09-01 12:53:00-04:00,6.300000190734863,6.300000190734863,6.210000038146973,6.210000038146973,13300
2026-09-01 12:54:00-04:00,6.21999979019165,6.230000019073486,6.210000038146973,6.220099925994873,3120
2026-09-01 12:55:00-04:00,6.210100173950195,6.248000144958496,6.210100173950195,6.248000144958496,6746
2026-09-01 12:56:00-04:00,6.249899864196777,6.257999897003174,6.247200012207031,6.25,5310
2026-09-01 12:57:00-04:00,6.255899906158447,6.260000228881836,6.21999979019165,6.21999979019165,3878
2026-09-01 12:58:00-04:00,6.235000133514404,6.235000133514404,6.119999885559082,6.119999885559082,20313
2026-09-01 12:59:00-04:00,6.127500057220459,6.179999828338623,6.1219000816345215,6.150000095367432,10113
2026-09-01 13:00:00-04:00,6.150000095367432,6.199999809265137,6.139999866485596,6.164999961853027,11898
2026-09-01 13:01:00-04:00,6.130000114440918,6.144999980926514,6.1072998046875,6.114999771118164,7480
2026-09-01 13:02:00-04:00,6.130099773406982,6.137499809265137,6.119999885559082,6.122499942779541,2528
2026-09-01 13:03:00-04:00,6.121099948883057,6.139999866485596,6.119999885559082,6.12529993057251,6281
2026-09-01 13:04:00-04:00,6.125199794769287,6.130000114440918,6.114999771118164,6.114999771118164,3671
2026-09-01 13:05:00-04:00,6.102499961853027,6.1203999519348145,6.10099983215332,6.1203999519348145,1823
2026-09-01 13:06:00-04:00,6.114999771118164,6.119999885559082,6.100100040435791,6.114999771118164,2577
2026-09-01 13:07:00-04:00,6.110000133514404,6.110000133514404,6.059999942779541,6.074999809265137,9043
2026-09-01 13:08:00-04:00,6.0625,6.119999885559082,6.019999980926514,6.026700019836426,23835
2026-09-01 13:09:00-04:00,6.039599895477295,6.079999923706055,6.034999847412109,6.034999847412109,5512
2026-09-01 13:10:00-04:00,6.034999847412109,6.034999847412109,5.869999885559082,5.989999771118164,52025
2026-09-01 13:11:00-04:00,5.949999809265137,5.989999771118164,5.920000076293945,5.940000057220459,8854
2026-09-01 13:12:00-04:00,5.979300022125244,5.989999771118164,5.925000190734863,5.965000152587891,3166
2026-09-01 13:13:00-04:00,5.945000171661377,5.9857001304626465,5.929999828338623,5.9857001304626465,7459
2026-09-01 13:14:00-04:00,5.968999862670898,5.989999771118164,5.929999828338623,5.929999828338623,6075
2026-09-01 13:15:00-04:00,5.946000099182129,5.949999809265137,5.929999828338623,5.949999809265137,2569
2026-09-01 13:16:00-04:00,5.941999912261963,5.949900150299072,5.925000190734863,5.925000190734863,5772
2026-09-01 13:17:00-04:00,5.927499771118164,5.940000057220459,5.902400016784668,5.902400016784668,4222
2026-09-01 13:18:00-04:00,5.920000076293945,5.960599899291992,5.900000095367432,5.934999942779541,4000
2026-09-01 13:19:00-04:00,5.920000076293945,5.984600067138672,5.920000076293945,5.956699848175049,2702
2026-09-01 13:20:00-04:00,5.96999979019165,5.96999979019165,5.920599937438965,5.934500217437744,3783
2026-09-01 13:21:00-04:00,5.920000076293945,5.980000019073486,5.920000076293945,5.980000019073486,5258
2026-09-01 13:22:00-04:00,5.980000019073486,5.980000019073486,5.941999912261963,5.960000038146973,5794
2026-09-01 13:23:00-04:00,5.960000038146973,5.973800182342529,5.958600044250488,5.973800182342529,3946
2026-09-01 13:24:00-04:00,5.96999979019165,6.0,5.96999979019165,6.0,4745
2026-09-01 13:25:00-04:00,5.998300075531006,5.999899864196777,5.96999979019165,5.980000019073486,4322
2026-09-01 13:26:00-04:00,5.96999979019165,5.980000019073486,5.966000080108643,5.977499961853027,2768
2026-09-01 13:27:00-04:00,5.96999979019165,6.0,5.96999979019165,5.989999771118164,9152
2026-09-01 13:28:00-04:00,5.980000019073486,6.0,5.980000019073486,5.994999885559082,1929
2026-09-01 13:29:00-04:00,5.999800205230713,6.03000020980835,5.999800205230713,6.025000095367432,4042
2026-09-01 13:30:00-04:00,6.025000095367432,6.077499866485596,6.025000095367432,6.03000020980835,9439
2026-09-01 13:31:00-04:00,6.050000190734863,6.079999923706055,6.039999961853027,6.047500133514404,4617
2026-09-01 13:32:00-04:00,6.039999961853027,6.079999923706055,6.030099868774414,6.030099868774414,4746
2026-09-01 13:33:00-04:00,6.034999847412109,6.039999961853027,6.011899948120117,6.039999961853027,8029
2026-09-01 13:34:00-04:00,6.000199794769287,6.010000228881836,6.0,6.010000228881836,2894
2026-09-01 13:35:00-04:00,6.0,6.0,5.960000038146973,5.975900173187256,21277
2026-09-01 13:36:00-04:00,5.989999771118164,5.989999771118164,5.960000038146973,5.974999904632568,2951
2026-09-01 13:37:00-04:00,5.978000164031982,6.03000020980835,5.978000164031982,6.029699802398682,8104
2026-09-01 13:38:00-04:00,6.033599853515625,6.033599853515625,5.980000019073486,6.019999980926514,3229
2026-09-01 13:39:00-04:00,5.994999885559082,6.019999980926514,5.994999885559082,6.010000228881836,4584
2026-09-01 13:40:00-04:00,6.014999866485596,6.014999866485596,6.010000228881836,6.010000228881836,2263
2026-09-01 13:41:00-04:00,6.029799938201904,6.029799938201904,6.013999938964844,6.018599987030029,1037
2026-09-01 13:42:00-04:00,6.0142998695373535,6.0142998695373535,6.000100135803223,6.000100135803223,2699
2026-09-01 13:44:00-04:00,6.010000228881836,6.010000228881836,6.010000228881836,6.010000228881836,1906
2026-09-01 13:45:00-04:00,6.005499839782715,6.03000020980835,6.0,6.03000020980835,11087
2026-09-01 13:46:00-04:00,6.049799919128418,6.049900054931641,6.012599945068359,6.03980016708374,6143
2026-09-01 13:47:00-04:00,6.019999980926514,6.019999980926514,6.0,6.0,24549
2026-09-01 13:48:00-04:00,5.960000038146973,5.980999946594238,5.949999809265137,5.980999946594238,8013
2026-09-01 13:49:00-04:00,5.974999904632568,5.990099906921387,5.96999979019165,5.96999979019165,4668
2026-09-01 13:50:00-04:00,5.989999771118164,6.010000228881836,5.989999771118164,6.010000228881836,5249
2026-09-01 13:51:00-04:00,6.019999980926514,6.033199787139893,6.019999980926514,6.033199787139893,472
2026-09-01 13:52:00-04:00,6.019999980926514,6.03000020980835,6.014999866485596,6.014999866485596,1751
2026-09-01 13:53:00-04:00,6.03000020980835,6.033699989318848,5.987500190734863,5.987500190734863,8508
2026-09-01 13:54:00-04:00,5.975299835205078,5.980000019073486,5.975299835205078,5.980000019073486,381
2026-09-01 13:55:00-04:00,5.980000019073486,5.985000133514404,5.980000019073486,5.980000019073486,1840
2026-09-01 13:56:00-04:00,5.98769998550415,5.98769998550415,5.980000019073486,5.980000019073486,2714
2026-09-01 13:57:00-04:00,5.989999771118164,5.989999771118164,5.985000133514404,5.989999771118164,2235
2026-09-01 13:58:00-04:00,6.019999980926514,6.036499977111816,5.989999771118164,5.989999771118164,3111
2026-09-01 13:59:00-04:00,5.989999771118164,5.989999771118164,5.949999809265137,5.9770002365112305,4662
2026-09-01 14:00:00-04:00,5.960000038146973,6.0005998611450195,5.960000038146973,6.0005998611450195,20009
2026-09-01 14:01:00-04:00,6.005000114440918,6.020199775695801,5.980100154876709,6.020199775695801,2415
2026-09-01 14:02:00-04:00,6.005000114440918,6.03000020980835,6.005000114440918,6.010000228881836,4574
2026-09-01 14:04:00-04:00,6.0,6.0,5.960000038146973,5.96999979019165,6398
2026-09-01 14:05:00-04:00,5.985000133514404,5.985000133514404,5.985000133514404,5.985000133514404,739
2026-09-01 14:06:00-04:00,6.007599830627441,6.007599830627441,5.970099925994873,5.970099925994873,2553
2026-09-01 14:07:00-04:00,5.965000152587891,5.965000152587891,5.960000038146973,5.960000038146973,1699
2026-09-01 14:08:00-04:00,5.969900131225586,5.969900131225586,5.949999809265137,5.954999923706055,4093
2026-09-01 14:09:00-04:00,5.949999809265137,5.96999979019165,5.940100193023682,5.96999979019165,9053
2026-09-01 14:10:00-04:00,5.980000019073486,6.010000228881836,5.980000019073486,6.010000228881836,3169
2026-09-01 14:11:00-04:00,6.0,6.006700038909912,5.980000019073486,5.980000019073486,1565
2026-09-01 14:12:00-04:00,5.993000030517578,5.993000030517578,5.980000019073486,5.980000019073486,3688
2026-09-01 14:13:00-04:00,5.960000038146973,5.980000019073486,5.960000038146973,5.977499961853027,1214
2026-09-01 14:14:00-04:00,5.976500034332275,5.980000019073486,5.960000038146973,5.980000019073486,4661
2026-09-01 14:15:00-04:00,5.989999771118164,6.03000020980835,5.989999771118164,6.03000020980835,6754
2026-09-01 14:16:00-04:00,6.039899826049805,6.039999961853027,6.019999980926514,6.029900074005127,7591
2026-09-01 14:17:00-04:00,6.019999980926514,6.03000020980835,6.019999980926514,6.03000020980835,1771
2026-09-01 14:18:00-04:00,6.021399974822998,6.039999961853027,6.021399974822998,6.039999961853027,3019
2026-09-01 14:19:00-04:00,6.039999961853027,6.054999828338623,6.019999980926514,6.019999980926514,7923
2026-09-01 14:20:00-04:00,6.039999961853027,6.053599834442139,6.0,6.0,4141
2026-09-01 14:21:00-04:00,6.019899845123291,6.050000190734863,6.019899845123291,6.050000190734863,3168
2026-09-01 14:22:00-04:00,6.029900074005127,6.029900074005127,6.010000228881836,6.010000228881836,3054
2026-09-01 14:23:00-04:00,6.050000190734863,6.050000190734863,6.010000228881836,6.019999980926514,2514
2026-09-01 14:24:00-04:00,6.03000020980835,6.03000020980835,6.0,6.006800174713135,3764
2026-09-01 14:25:00-04:00,6.025000095367432,6.025000095367432,5.980000019073486,5.980000019073486,10097
2026-09-01 14:26:00-04:00,5.974999904632568,5.984300136566162,5.930099964141846,5.940000057220459,7236
2026-09-01 14:27:00-04:00,5.949999809265137,5.974999904632568,5.910200119018555,5.910200119018555,4096
2026-09-01 14:28:00-04:00,5.997200012207031,5.997200012207031,5.954999923706055,5.954999923706055,1617
2026-09-01 14:29:00-04:00,5.920000076293945,5.99970006942749,5.920000076293945,5.99970006942749,2845
2026-09-01 14:30:00-04:00,5.974999904632568,5.980000019073486,5.960000038146973,5.980000019073486,2150
2026-09-01 14:31:00-04:00,5.96999979019165,5.96999979019165,5.960599899291992,5.960599899291992,944
2026-09-01 14:32:00-04:00,5.96999979019165,5.980000019073486,5.96999979019165,5.975200176239014,2113
2026-09-01 14:33:00-04:00,5.960100173950195,5.980000019073486,5.960100173950195,5.9654998779296875,1677
2026-09-01 14:34:00-04:00,5.979000091552734,5.979899883270264,5.962500095367432,5.977700233459473,3097
2026-09-01 14:35:00-04:00,5.96999979019165,5.970200061798096,5.920000076293945,5.929999828338623,8722
2026-09-01 14:36:00-04:00,5.945000171661377,5.96999979019165,5.920199871063232,5.949999809265137,7358
2026-09-01 14:37:00-04:00,5.980000019073486,5.980000019073486,5.950099945068359,5.979899883270264,2925
2026-09-01 14:38:00-04:00,5.979899883270264,5.979899883270264,5.920000076293945,5.920000076293945,5445
2026-09-01 14:39:00-04:00,5.940000057220459,5.945099830627441,5.914599895477295,5.914599895477295,6744
2026-09-01 14:40:00-04:00,5.901199817657471,5.909999847412109,5.900000095367432,5.900100231170654,5921
2026-09-01 14:41:00-04:00,5.900000095367432,5.900000095367432,5.800000190734863,5.860000133514404,34053
2026-09-01 14:42:00-04:00,5.840000152587891,5.900000095367432,5.840000152587891,5.860000133514404,8759
2026-09-01 14:43:00-04:00,5.809999942779541,5.849999904632568,5.809999942779541,5.849999904632568,8023
2026-09-01 14:44:00-04:00,5.850599765777588,5.860000133514404,5.849999904632568,5.859899997711182,3538
2026-09-01 14:45:00-04:00,5.860000133514404,5.860000133514404,5.832499980926514,5.849999904632568,10745
2026-09-01 14:46:00-04:00,5.835000038146973,5.849999904632568,5.824999809265137,5.824999809265137,9365
2026-09-01 14:47:00-04:00,5.824999809265137,5.869999885559082,5.824999809265137,5.869999885559082,8184
2026-09-01 14:48:00-04:00,5.906400203704834,5.906400203704834,5.869999885559082,5.869999885559082,1946
2026-09-01 14:49:00-04:00,5.875,5.894800186157227,5.860099792480469,5.879799842834473,1832
2026-09-01 14:50:00-04:00,5.853899955749512,5.885000228881836,5.853899955749512,5.860000133514404,2151
2026-09-01 14:51:00-04:00,5.878799915313721,5.880000114440918,5.864999771118164,5.880000114440918,7779
2026-09-01 14:52:00-04:00,5.880000114440918,5.894999980926514,5.880000114440918,5.894999980926514,2290
2026-09-01 14:53:00-04:00,5.880000114440918,5.880000114440918,5.855000019073486,5.880000114440918,2576
2026-09-01 14:54:00-04:00,5.900000095367432,5.900000095367432,5.875,5.889999866485596,1628
2026-09-01 14:55:00-04:00,5.889999866485596,5.889999866485596,5.860000133514404,5.860000133514404,1364
2026-09-01 14:56:00-04:00,5.860000133514404,5.860000133514404,5.84250020980835,5.860000133514404,3995
2026-09-01 14:57:00-04:00,5.830100059509277,5.840000152587891,5.829999923706055,5.840000152587891,1775
2026-09-01 14:58:00-04:00,5.831699848175049,5.860199928283691,5.831699848175049,5.860099792480469,5822
2026-09-01 14:59:00-04:00,5.875,5.875,5.869999885559082,5.869999885559082,1563
2026-09-01 15:00:00-04:00,5.869999885559082,5.869999885559082,5.860099792480469,5.860099792480469,1215
2026-09-01 15:01:00-04:00,5.864999771118164,5.867000102996826,5.849999904632568,5.849999904632568,5017
2026-09-01 15:02:00-04:00,5.840000152587891,5.869999885559082,5.840000152587891,5.84060001373291,3447
2026-09-01 15:03:00-04:00,5.849999904632568,5.860000133514404,5.78000020980835,5.789999961853027,19160
2026-09-01 15:04:00-04:00,5.829999923706055,5.829999923706055,5.800000190734863,5.809999942779541,4716
2026-09-01 15:05:00-04:00,5.809999942779541,5.849999904632568,5.789999961853027,5.829999923706055,15611
2026-09-01 15:06:00-04:00,5.840000152587891,5.840000152587891,5.810100078582764,5.810100078582764,1691
2026-09-01 15:07:00-04:00,5.809999942779541,5.849699974060059,5.800000190734863,5.840000152587891,8453
2026-09-01 15:08:00-04:00,5.855800151824951,5.860000133514404,5.820000171661377,5.820000171661377,4462
2026-09-01 15:09:00-04:00,5.869900226593018,5.869900226593018,5.829999923706055,5.840000152587891,1490
2026-09-01 15:10:00-04:00,5.84499979019165,5.855500221252441,5.8165998458862305,5.8165998458862305,4544
2026-09-01 15:11:00-04:00,5.800000190734863,5.840000152587891,5.800000190734863,5.820000171661377,3281
2026-09-01 15:12:00-04:00,5.820000171661377,5.829999923706055,5.809999942779541,5.809999942779541,9785
2026-09-01 15:13:00-04:00,5.800000190734863,5.820000171661377,5.78000020980835,5.789999961853027,5255
2026-09-01 15:14:00-04:00,5.829999923706055,5.829999923706055,5.800000190734863,5.820000171661377,2571
2026-09-01 15:15:00-04:00,5.809999942779541,5.809999942779541,5.710000038146973,5.78000020980835,21769
2026-09-01 15:16:00-04:00,5.800099849700928,5.809999942779541,5.78000020980835,5.809999942779541,10859
2026-09-01 15:17:00-04:00,5.820000171661377,5.820000171661377,5.75,5.797699928283691,14117
2026-09-01 15:18:00-04:00,5.78000020980835,5.800000190734863,5.769999980926514,5.800000190734863,4499
2026-09-01 15:19:00-04:00,5.78000020980835,5.800000190734863,5.769999980926514,5.769999980926514,7900
2026-09-01 15:20:00-04:00,5.769999980926514,5.819900035858154,5.769999980926514,5.819900035858154,3619
2026-09-01 15:21:00-04:00,5.794300079345703,5.800000190734863,5.760200023651123,5.78000020980835,5539
2026-09-01 15:22:00-04:00,5.764999866485596,5.764999866485596,5.71999979019165,5.74399995803833,8851
2026-09-01 15:23:00-04:00,5.75,5.75,5.720600128173828,5.739999771118164,5003
2026-09-01 15:24:00-04:00,5.739999771118164,5.769899845123291,5.739999771118164,5.752399921417236,4042
2026-09-01 15:25:00-04:00,5.75,5.781899929046631,5.75,5.78000020980835,6471
2026-09-01 15:26:00-04:00,5.764999866485596,5.798600196838379,5.764999866485596,5.789999961853027,4781
2026-09-01 15:27:00-04:00,5.784999847412109,5.800000190734863,5.71999979019165,5.744999885559082,12780
2026-09-01 15:28:00-04:00,5.744999885559082,5.800000190734863,5.744999885559082,5.775000095367432,6331
2026-09-01 15:29:00-04:00,5.78000020980835,5.78000020980835,5.730000019073486,5.760000228881836,4453
2026-09-01 15:30:00-04:00,5.759699821472168,5.800000190734863,5.730000019073486,5.739999771118164,13274
2026-09-01 15:31:00-04:00,5.760000228881836,5.789999961853027,5.71999979019165,5.71999979019165,9933
2026-09-01 15:32:00-04:00,5.722700119018555,5.78000020980835,5.71999979019165,5.752600193023682,5276
2026-09-01 15:33:00-04:00,5.779900074005127,5.779900074005127,5.735199928283691,5.735199928283691,1818
2026-09-01 15:34:00-04:00,5.744999885559082,5.900000095367432,5.699999809265137,5.900000095367432,30701
2026-09-01 15:35:00-04:00,5.880000114440918,6.0,5.880000114440918,5.989999771118164,28522
2026-09-01 15:36:00-04:00,5.989999771118164,5.989999771118164,5.75,5.789999961853027,21263
2026-09-01 15:37:00-04:00,5.815000057220459,5.827899932861328,5.785699844360352,5.809999942779541,7004
2026-09-01 15:38:00-04:00,5.800000190734863,5.875199794769287,5.800000190734863,5.875199794769287,10097
2026-09-01 15:39:00-04:00,5.800000190734863,5.820000171661377,5.800000190734863,5.809999942779541,4639
2026-09-01 15:40:00-04:00,5.821499824523926,5.821499824523926,5.75,5.769400119781494,10554
2026-09-01 15:41:00-04:00,5.769000053405762,5.789599895477295,5.71999979019165,5.769999980926514,21868
2026-09-01 15:42:00-04:00,5.769999980926514,5.789999961853027,5.769999980926514,5.789899826049805,2112
2026-09-01 15:43:00-04:00,5.77239990234375,5.869999885559082,5.770100116729736,5.811200141906738,11690
2026-09-01 15:44:00-04:00,5.780099868774414,5.82480001449585,5.780099868774414,5.79010009765625,1571
2026-09-01 15:45:00-04:00,5.7895002365112305,5.949999809265137,5.7895002365112305,5.809999942779541,106739
2026-09-01 15:46:00-04:00,5.829999923706055,5.8445000648498535,5.809999942779541,5.820000171661377,19065
2026-09-01 15:47:00-04:00,5.809999942779541,5.949999809265137,5.809999942779541,5.849999904632568,11853
2026-09-01 15:48:00-04:00,5.875,5.900000095367432,5.849999904632568,5.864999771118164,9407
2026-09-01 15:49:00-04:00,5.849999904632568,5.900000095367432,5.809999942779541,5.900000095367432,7125
2026-09-01 15:50:00-04:00,5.900000095367432,5.900000095367432,5.820000171661377,5.885000228881836,26749
2026-09-01 15:51:00-04:00,5.869999885559082,5.940000057220459,5.860000133514404,5.885000228881836,16763
2026-09-01 15:52:00-04:00,5.896999835968018,5.949900150299072,5.860000133514404,5.875199794769287,14771
2026-09-01 15:53:00-04:00,5.860000133514404,5.949900150299072,5.849999904632568,5.909999847412109,17400
2026-09-01 15:54:00-04:00,5.94980001449585,5.949999809265137,5.900000095367432,5.925000190734863,10134
2026-09-01 15:55:00-04:00,5.925000190734863,5.96999979019165,5.900000095367432,5.920000076293945,10668
2026-09-01 15:56:00-04:00,5.949900150299072,5.949900150299072,5.889999866485596,5.929999828338623,8182
2026-09-01 15:57:00-04:00,5.909999847412109,5.934999942779541,5.900000095367432,5.909999847412109,15909
2026-09-01 15:58:00-04:00,5.909999847412109,5.920000076293945,5.860000133514404,5.900100231170654,40070
2026-09-01 15:59:00-04:00,5.900000095367432,6.010000228881836,5.880000114440918,5.96999979019165,68790
2026-09-01 16:00:00-04:00,5.94,6.02,5.94,6.0,11814
2026-09-01 16:01:00-04:00,6.0,6.0,5.94,5.94,0
2026-09-01 16:02:00-04:00,5.9527,5.98,5.9403,5.97,0
2026-09-01 16:03:00-04:00,5.97,5.97,5.95,5.9651,0
2026-09-01 16:04:00-04:00,5.94,5.97,5.94,5.95,0
2026-09-01 16:05:00-04:00,5.9498,5.9498,5.81,5.81,0
2026-09-01 16:06:00-04:00,5.8117,5.9,5.81,5.83,0
2026-09-01 16:07:00-04:00,5.83,5.85,5.82,5.83,0
2026-09-01 16:08:00-04:00,5.83,5.9,5.83,5.85,0
2026-09-01 16:09:00-04:00,5.85,5.87,5.83,5.84,0
2026-09-01 16:10:00-04:00,5.94,5.94,5.8397,5.86,0
2026-09-01 16:11:00-04:00,5.865,5.9,5.865,5.89,0
2026-09-01 16:12:00-04:00,5.9,5.9,5.85,5.8776,0
2026-09-01 16:13:00-04:00,5.87,5.91,5.87,5.9,0
2026-09-01 16:14:00-04:00,5.92,5.95,5.89,5.92,0
2026-09-01 16:15:00-04:00,5.94,5.94,5.9,5.92,0
2026-09-01 16:16:00-04:00,5.9003,5.95,5.9,5.9136,0
2026-09-01 16:17:00-04:00,5.95,5.95,5.91,5.92,0
2026-09-01 16:18:00-04:00,5.9101,5.95,5.9,5.9,0
2026-09-01 16:19:00-04:00,5.9,5.93,5.9,5.9,0
2026-09-01 16:20:00-04:00,5.9,5.94,5.9,5.91,0
2026-09-01 16:21:00-04:00,5.9376,5.95,5.91,5.93,0
2026-09-01 16:22:00-04:00,5.95,5.95,5.9,5.94,0
2026-09-01 16:23:00-04:00,5.95,5.95,5.9,5.9,0
2026-09-01 16:24:00-04:00,5.9,5.95,5.9,5.93,0
2026-09-01 16:25:00-04:00,5.9327,5.9327,5.92,5.93,0
2026-09-01 16:26:00-04:00,5.9297,5.93,5.92,5.93,0
2026-09-01 16:27:00-04:00,5.92,5.94,5.9,5.92,0
2026-09-01 16:28:00-04:00,5.9,5.9499,5.9,5.94,0
2026-09-01 16:29:00-04:00,5.94,5.94,5.9,5.9288,0
2026-09-01 16:30:00-04:00,5.9,5.95,5.9,5.91,0
2026-09-01 16:31:00-04:00,5.92,5.94,5.92,5.93,0
2026-09-01 16:32:00-04:00,5.94,5.94,5.92,5.92,0
2026-09-01 16:33:00-04:00,5.94,5.94,5.92,5.93,0
2026-09-01 16:34:00-04:00,5.93,5.93,5.91,5.92,0
2026-09-01 16:35:00-04:00,5.9177,5.93,5.91,5.91,0
2026-09-01 16:36:00-04:00,5.91,5.93,5.91,5.93,0
2026-09-01 16:37:00-04:00,5.94,5.94,5.91,5.935,0
2026-09-01 16:38:00-04:00,5.94,5.95,5.94,5.95,0
2026-09-01 16:39:00-04:00,5.9495,5.95,5.9376,5.9398,0
2026-09-01 16:40:00-04:00,5.93,5.94,5.93,5.93,0
2026-09-01 16:41:00-04:00,5.93,5.95,5.93,5.94,0
2026-09-01 16:42:00-04:00,5.94,5.96,5.89,5.89,0
2026-09-01 16:43:00-04:00,5.87,5.89,5.85,5.85,0
2026-09-01 16:44:00-04:00,5.85,5.85,5.82,5.84,0
2026-09-01 16:45:00-04:00,5.85,5.8731,5.82,5.84,0
2026-09-01 16:46:00-04:00,5.85,5.89,5.85,5.85,0
2026-09-01 16:47:00-04:00,5.89,5.9,5.85,5.88,0
2026-09-01 16:48:00-04:00,5.9,5.9,5.87,5.9,0
2026-09-01 16:49:00-04:00,5.8923,5.9,5.89,5.9,0
2026-09-01 16:50:00-04:00,5.9293,5.94,5.9,5.9213,0
2026-09-01 16:51:00-04:00,5.92,5.93,5.92,5.9222,0
2026-09-01 16:52:00-04:00,5.9201,5.94,5.92,5.9399,0
2026-09-01 16:53:00-04:00,5.94,5.95,5.92,5.95,0
2026-09-01 16:54:00-04:00,5.95,5.95,5.92,5.9399,0
2026-09-01 16:55:00-04:00,5.94,5.94,5.93,5.9302,0
2026-09-01 16:56:00-04:00,5.9398,5.94,5.9311,5.9398,0
2026-09-01 16:57:00-04:00,5.94,5.94,5.9323,5.9398,0
2026-09-01 16:58:00-04:00,5.93,5.94,5.93,5.9302,0
2026-09-01 16:59:00-04:00,5.94,5.94,5.93,5.93,0
2026-09-01 17:00:00-04:00,5.9311,5.95,5.9301,5.9403,0
2026-09-01 17:01:00-04:00,5.9401,5.96,5.94,5.96,0
2026-09-01 17:02:00-04:00,5.98,6.0,5.9403,6.0,0
2026-09-01 17:03:00-04:00,6.0,6.0,5.9403,5.9844,0
2026-09-01 17:04:00-04:00,5.9748,5.99,5.97,5.99,0
2026-09-01 17:05:00-04:00,5.971,6.01,5.971,6.01,0
2026-09-01 17:06:00-04:00,5.99,6.0,5.98,5.99,0
2026-09-01 17:07:00-04:00,5.98,6.0,5.98,5.99,0
2026-09-01 17:08:00-04:00,6.0,6.0,5.98,5.99,0
2026-09-01 17:09:00-04:00,5.999,6.02,5.99,6.0047,0
2026-09-01 17:10:00-04:00,6.0,6.02,6.0,6.01,0
2026-09-01 17:11:00-04:00,6.02,6.04,6.01,6.04,0
2026-09-01 17:12:00-04:00,6.04,6.2,6.04,6.2,0
2026-09-01 17:13:00-04:00,6.18,6.36,6.16,6.2194,0
2026-09-01 17:14:00-04:00,6.2194,6.25,6.13,6.17,0
2026-09-01 17:15:00-04:00,6.1623,6.2,6.1329,6.145,0
2026-09-01 17:16:00-04:00,6.12,6.18,6.12,6.1424,0
2026-09-01 17:17:00-04:00,6.15,6.15,6.13,6.132,0
2026-09-01 17:18:00-04:00,6.13,6.13,6.06,6.09,0
2026-09-01 17:19:00-04:00,6.1,6.1387,6.07,6.12,0
2026-09-01 17:20:00-04:00,6.1499,6.15,6.14,6.14,0
2026-09-01 17:21:00-04:00,6.15,6.15,6.1356,6.1399,0
2026-09-01 17:22:00-04:00,6.14,6.14,6.1,6.1323,0
2026-09-01 17:23:00-04:00,6.1301,6.1322,6.11,6.1101,0
2026-09-01 17:24:00-04:00,6.1254,6.13,6.11,6.13,0
2026-09-01 17:25:00-04:00,6.12,6.19,6.12,6.1799,0
2026-09-01 17:26:00-04:00,6.18,6.2792,6.18,6.2473,0
2026-09-01 17:27:00-04:00,6.26,6.26,6.11,6.13,0
2026-09-01 17:28:00-04:00,6.1277,6.13,6.12,6.12,0
2026-09-01 17:29:00-04:00,6.1298,6.13,6.12,6.1277,0
2026-09-01 17:30:00-04:00,6.12,6.13,6.11,6.11,0
2026-09-01 17:31:00-04:00,6.12,6.12,6.1,6.12,0
2026-09-01 17:32:00-04:00,6.1023,6.11,5.98,5.98,0
2026-09-01 17:33:00-04:00,5.9844,6.1,5.96,6.1,0
2026-09-01 17:34:00-04:00,6.04,6.1,6.02,6.02,0
2026-09-01 17:35:00-04:00,6.02,6.0797,6.02,6.04,0
2026-09-01 17:36:00-04:00,6.0798,6.0798,6.05,6.0576,0
2026-09-01 17:37:00-04:00,6.0795,6.08,6.04,6.0477,0
2026-09-01 17:38:00-04:00,6.0497,6.06,6.04,6.05,0
2026-09-01 17:39:00-04:00,6.0403,6.0595,6.04,6.04,0
2026-09-01 17:40:00-04:00,6.04,6.04,6.02,6.0215,0
2026-09-01 17:41:00-04:00,6.0208,6.06,6.0002,6.0145,0
2026-09-01 17:42:00-04:00,6.0,6.05,6.0,6.04,0
2026-09-01 17:43:00-04:00,6.04,6.05,6.0162,6.05,0
2026-09-01 17:44:00-04:00,6.03,6.05,6.01,6.041,0
2026-09-01 17:45:00-04:00,6.022,6.03,6.01,6.01,0
2026-09-01 17:46:00-04:00,6.03,6.03,6.01,6.029,0
2026-09-01 17:47:00-04:00,6.02,6.0297,5.99,5.99,0
2026-09-01 17:48:00-04:00,5.9895,5.99,5.95,5.96,0
2026-09-01 17:49:00-04:00,5.9503,5.9899,5.95,5.9898,0
2026-09-01 17:50:00-04:00,5.99,5.99,5.96,5.9894,0
2026-09-01 17:51:00-04:00,5.98,5.9895,5.97,5.98,0
2026-09-01 17:52:00-04:00,5.95,5.99,5.95,5.9744,0
2026-09-01 17:53:00-04:00,5.9606,5.9753,5.96,5.96,0
2026-09-01 17:54:00-04:00,5.9647,5.97,5.86,5.9197,0
2026-09-01 17:55:00-04:00,5.91,5.92,5.85,5.9025,0
2026-09-01 17:56:00-04:00,5.91,5.91,5.86,5.8993,0
2026-09-01 17:57:00-04:00,5.8662,5.9,5.86,5.8923,0
2026-09-01 17:58:00-04:00,5.8991,5.9,5.89,5.89,0
2026-09-01 17:59:00-04:00,5.8975,5.9,5.89,5.8927,0
2026-09-01 18:00:00-04:00,5.9,5.9,5.89,5.9,0
2026-09-01 18:01:00-04:00,5.89,6.01,5.89,5.95,0
2026-09-01 18:02:00-04:00,5.95,6.0097,5.9,5.98,0
2026-09-01 18:03:00-04:00,6.01,6.01,5.9101,5.98,0
2026-09-01 18:04:00-04:00,5.98,5.98,5.91,5.9597,0
2026-09-01 18:05:00-04:00,5.9355,5.95,5.92,5.92,0
2026-09-01 18:06:00-04:00,5.92,6.02,5.92,5.95,0
2026-09-01 18:07:00-04:00,6.0,6.05,5.95,5.96,0
2026-09-01 18:08:00-04:00,6.05,6.05,5.97,6.0,0
2026-09-01 18:09:00-04:00,5.97,5.99,5.96,5.98,0
2026-09-01 18:10:00-04:00,6.0347,6.0347,5.98,6.03,0
2026-09-01 18:11:00-04:00,6.0385,6.0385,5.97,5.97,0
2026-09-01 18:12:00-04:00,5.97,6.0,5.96,5.97,0
2026-09-01 18:13:00-04:00,5.96,6.0,5.96,5.97,0
2026-09-01 18:14:00-04:00,5.96,6.0,5.96,5.98,0
2026-09-01 18:15:00-04:00,5.96,5.97,5.96,5.96,0
2026-09-01 18:16:00-04:00,5.96,5.96,5.95,5.95,0
2026-09-01 18:17:00-04:00,5.95,5.97,5.95,5.97,0
2026-09-01 18:18:00-04:00,5.96,6.0,5.95,5.97,0
2026-09-01 18:19:00-04:00,5.97,5.99,5.95,5.97,0
2026-09-01 18:20:00-04:00,5.95,5.98,5.95,5.95,0
2026-09-01 18:21:00-04:00,5.9613,5.98,5.95,5.95,0
2026-09-01 18:22:00-04:00,5.96,5.9923,5.96,5.9923,0
2026-09-01 18:23:00-04:00,5.99,5.99,5.9505,5.9505,0
2026-09-01 18:24:00-04:00,5.9506,5.9722,5.88,5.88,0
2026-09-01 18:25:00-04:00,5.96,5.96,5.88,5.89,0
2026-09-01 18:26:00-04:00,5.9,5.96,5.89,5.95,0
2026-09-01 18:27:00-04:00,5.9483,5.9483,5.9,5.92,0
2026-09-01 18:28:00-04:00,5.9099,5.9099,5.89,5.89,0
2026-09-01 18:29:00-04:00,5.88,5.8992,5.8299,5.83,0
2026-09-01 18:30:00-04:00,5.8316,5.86,5.82,5.86,0
2026-09-01 18:31:00-04:00,5.8599,5.88,5.82,5.83,0
2026-09-01 18:32:00-04:00,5.83,5.84,5.8285,5.84,0
2026-09-01 18:33:00-04:00,5.84,5.89,5.84,5.8798,0
2026-09-01 18:34:00-04:00,5.8899,5.89,5.88,5.8802,0
2026-09-01 18:35:00-04:00,5.8876,5.89,5.87,5.87,0
2026-09-01 18:36:00-04:00,5.89,5.89,5.86,5.8608,0
2026-09-01 18:37:00-04:00,5.87,5.88,5.8103,5.8103,0
2026-09-01 18:38:00-04:00,5.8115,5.82,5.78,5.8,0
2026-09-01 18:39:00-04:00,5.79,5.8,5.76,5.77,0
2026-09-01 18:40:00-04:00,5.7797,5.78,5.7508,5.755,0
2026-09-01 18:41:00-04:00,5.755,5.76,5.75,5.7501,0
2026-09-01 18:42:00-04:00,5.755,5.76,5.75,5.755,0
2026-09-01 18:43:00-04:00,5.759,5.76,5.75,5.7585,0
2026-09-01 18:44:00-04:00,5.75,5.77,5.75,5.77,0
2026-09-01 18:45:00-04:00,5.769,5.8,5.75,5.78,0
2026-09-01 18:46:00-04:00,5.79,5.8,5.79,5.79,0
2026-09-01 18:47:00-04:00,5.7902,5.8,5.79,5.7973,0
2026-09-01 18:48:00-04:00,5.8,5.8,5.79,5.8,0
2026-09-01 18:49:00-04:00,5.79,5.8,5.79,5.79,0
2026-09-01 18:50:00-04:00,5.8,5.8,5.78,5.79,0
2026-09-01 18:51:00-04:00,5.7965,5.8,5.78,5.79,0
2026-09-01 18:52:00-04:00,5.79,5.8,5.79,5.7974,0
2026-09-01 18:53:00-04:00,5.8,5.8,5.79,5.79,0
2026-09-01 18:54:00-04:00,5.8,5.8,5.79,5.8,0
2026-09-01 18:55:00-04:00,5.8,5.8,5.7909,5.8,0
2026-09-01 18:56:00-04:00,5.8,5.8,5.8,5.8,0
2026-09-01 18:57:00-04:00,5.8,5.88,5.8,5.87,0
2026-09-01 18:58:00-04:00,5.87,5.87,5.84,5.84,0
2026-09-01 18:59:00-04:00,5.84,5.8485,5.83,5.8398,0
2026-09-01 19:00:00-04:00,5.83,5.8446,5.83,5.84,0
2026-09-01 19:01:00-04:00,5.84,5.86,5.83,5.83,0
2026-09-01 19:02:00-04:00,5.83,5.84,5.83,5.832,0
2026-09-01 19:03:00-04:00,5.83,5.84,5.75,5.7645,0
2026-09-01 19:04:00-04:00,5.75,5.7573,5.72,5.72,0
2026-09-01 19:05:00-04:00,5.72,5.74,5.66,5.66,0
2026-09-01 19:06:00-04:00,5.66,5.72,5.6,5.6115,0
2026-09-01 19:07:00-04:00,5.61,5.7,5.61,5.6408,0
2026-09-01 19:08:00-04:00,5.66,5.7,5.63,5.7,0
2026-09-01 19:09:00-04:00,5.66,5.7,5.66,5.6753,0
2026-09-01 19:10:00-04:00,5.6795,5.68,5.66,5.6622,0
2026-09-01 19:11:00-04:00,5.66,5.68,5.6504,5.66,0
2026-09-01 19:12:00-04:00,5.6522,5.66,5.65,5.6599,0
2026-09-01 19:13:00-04:00,5.6578,5.66,5.65,5.6553,0
2026-09-01 19:14:00-04:00,5.65,5.6597,5.61,5.62,0
2026-09-01 19:15:00-04:00,5.62,5.63,5.55,5.5523,0
2026-09-01 19:16:00-04:00,5.55,5.59,5.55,5.59,0
2026-09-01 19:17:00-04:00,5.59,5.59,5.56,5.58,0
2026-09-01 19:18:00-04:00,5.5798,5.58,5.57,5.5798,0
2026-09-01 19:19:00-04:00,5.5777,5.59,5.5726,5.59,0
2026-09-01 19:20:00-04:00,5.5855,5.59,5.58,5.59,0
2026-09-01 19:21:00-04:00,5.6,5.65,5.5965,5.62,0
2026-09-01 19:22:00-04:00,5.62,5.65,5.62,5.63,0
2026-09-01 19:23:00-04:00,5.6302,5.6491,5.63,5.63,0
2026-09-01 19:24:00-04:00,5.6379,5.64,5.59,5.5947,0
2026-09-01 19:25:00-04:00,5.58,5.6,5.54,5.5893,0
2026-09-01 19:26:00-04:00,5.58,5.59,5.5602,5.58,0
2026-09-01 19:27:00-04:00,5.57,5.59,5.56,5.5892,0
2026-09-01 19:28:00-04:00,5.59,5.65,5.59,5.65,0
2026-09-01 19:29:00-04:00,5.6498,5.65,5.62,5.6346,0
2026-09-01 19:30:00-04:00,5.6395,5.64,5.6,5.62,0
2026-09-01 19:31:00-04:00,5.6203,5.64,5.62,5.6203,0
2026-09-01 19:32:00-04:00,5.6244,5.64,5.6244,5.63,0
2026-09-01 19:33:00-04:00,5.64,5.68,5.64,5.68,0
2026-09-01 19:34:00-04:00,5.6797,5.68,5.65,5.66,0
2026-09-01 19:35:00-04:00,5.68,5.68,5.6603,5.6711,0
2026-09-01 19:36:00-04:00,5.67,5.68,5.67,5.67,0
2026-09-01 19:37:00-04:00,5.7,5.78,5.7,5.75,0
2026-09-01 19:38:00-04:00,5.75,5.78,5.75,5.7575,0
2026-09-01 19:39:00-04:00,5.76,5.76,5.66,5.69,0
2026-09-01 19:40:00-04:00,5.6783,5.78,5.6783,5.73,0
2026-09-01 19:41:00-04:00,5.71,5.73,5.7,5.7297,0
2026-09-01 19:42:00-04:00,5.729,5.7299,5.72,5.7215,0
2026-09-01 19:43:00-04:00,5.721,5.73,5.72,5.73,0
2026-09-01 19:44:00-04:00,5.7397,5.78,5.7397,5.75,0
2026-09-01 19:45:00-04:00,5.74,5.77,5.74,5.7597,0
2026-09-01 19:46:00-04:00,5.7599,5.78,5.75,5.78,0
2026-09-01 19:47:00-04:00,5.77,5.78,5.76,5.76,0
2026-09-01 19:48:00-04:00,5.77,5.79,5.77,5.7899,0
2026-09-01 19:49:00-04:00,5.79,5.9,5.79,5.855,0
2026-09-01 19:50:00-04:00,5.85,5.85,5.8,5.8,0
2026-09-01 19:51:00-04:00,5.84,5.84,5.8,5.84,0
2026-09-01 19:52:00-04:00,5.81,5.84,5.8,5.8101,0
2026-09-01 19:53:00-04:00,5.82,5.84,5.81,5.8146,0
2026-09-01 19:54:00-04:00,5.82,5.82,5.81,5.82,0
2026-09-01 19:55:00-04:00,5.81,5.82,5.8,5.8197,0
2026-09-01 19:56:00-04:00,5.8,5.82,5.79,5.8188,0
2026-09-01 19:57:00-04:00,5.81,5.82,5.81,5.82,0
2026-09-01 19:58:00-04:00,5.81,5.82,5.76,5.8094,0
2026-09-01 19:59:00-04:00,5.81,5.81,5.77,5.7801,0
2026-09-02 04:00:00-04:00,5.79,5.9381,5.79,5.8712,0
2026-09-02 04:01:00-04:00,5.84,5.8988,5.82,5.8702,0
2026-09-02 04:02:00-04:00,5.87,5.87,5.81,5.81,0
2026-09-02 04:03:00-04:00,5.8064,5.81,5.71,5.7179,0
2026-09-02 04:04:00-04:00,5.7105,5.7697,5.7011,5.7011,0
2026-09-02 04:05:00-04:00,5.7,5.7389,5.6,5.7,0
2026-09-02 04:06:00-04:00,5.7428,5.7428,5.6163,5.73,0
2026-09-02 04:07:00-04:00,5.66,5.7,5.66,5.7,0
2026-09-02 04:08:00-04:00,5.7,5.7489,5.7,5.7,0
2026-09-02 04:09:00-04:00,5.69,5.7,5.65,5.68,0
2026-09-02 04:10:00-04:00,5.67,5.68,5.6105,5.6105,0
2026-09-02 04:11:00-04:00,5.6195,5.6429,5.5611,5.5989,0
2026-09-02 04:12:00-04:00,5.6,5.6,5.55,5.59,0
2026-09-02 04:13:00-04:00,5.58,5.7365,5.58,5.5995,0
2026-09-02 04:14:00-04:00,5.6156,5.64,5.56,5.56,0
2026-09-02 04:15:00-04:00,5.5675,5.5795,5.53,5.549,0
2026-09-02 04:16:00-04:00,5.549,5.549,5.53,5.531,0
2026-09-02 04:17:00-04:00,5.54,5.5489,5.42,5.47,0
2026-09-02 04:18:00-04:00,5.47,5.5405,5.43,5.46,0
2026-09-02 04:19:00-04:00,5.47,5.5,5.47,5.5,0
2026-09-02 04:20:00-04:00,5.5,5.5489,5.48,5.5091,0
2026-09-02 04:21:00-04:00,5.5005,5.53,5.5005,5.51,0
2026-09-02 04:22:00-04:00,5.51,5.529,5.5023,5.5108,0
2026-09-02 04:23:00-04:00,5.52,5.529,5.4811,5.5,0
2026-09-02 04:24:00-04:00,5.48,5.48,5.42,5.4221,0
2026-09-02 04:25:00-04:00,5.4295,5.4295,5.3446,5.349,0
2026-09-02 04:26:00-04:00,5.331,5.35,5.2505,5.2628,0
2026-09-02 04:27:00-04:00,5.2765,5.29,5.1303,5.159,0
2026-09-02 04:28:00-04:00,5.1597,5.199,4.88,5.07,0
2026-09-02 04:29:00-04:00,5.0921,5.3,5.01,5.3,0
2026-09-02 04:30:00-04:00,5.2,5.2928,5.1356,5.181,0
2026-09-02 04:31:00-04:00,5.2,5.249,5.18,5.211,0
2026-09-02 04:32:00-04:00,5.201,5.349,5.201,5.299,0
2026-09-02 04:33:00-04:00,5.299,5.3,5.271,5.299,0
2026-09-02 04:34:00-04:00,5.2851,5.2997,5.26,5.28,0
2026-09-02 04:35:00-04:00,5.299,5.3,5.271,5.299,0
2026-09-02 04:36:00-04:00,5.299,5.3,5.261,5.299,0
2026-09-02 04:37:00-04:00,5.29,5.29,5.2005,5.2196,0
2026-09-02 04:38:00-04:00,5.2,5.26,5.2,5.2356,0
2026-09-02 04:39:00-04:00,5.2944,5.2997,5.231,5.269,0
2026-09-02 04:40:00-04:00,5.251,5.269,5.191,5.191,0
2026-09-02 04:41:00-04:00,5.191,5.24,5.191,5.2106,0
2026-09-02 04:42:00-04:00,5.2106,5.3,5.2103,5.2928,0
2026-09-02 04:43:00-04:00,5.3,5.3505,5.2825,5.3329,0
2026-09-02 04:44:00-04:00,5.339,5.34,5.29,5.33,0
2026-09-02 04:45:00-04:00,5.3389,5.3611,5.3211,5.3611,0
2026-09-02 04:46:00-04:00,5.4705,5.4789,5.3695,5.4064,0
2026-09-02 04:47:00-04:00,5.4311,5.45,5.43,5.4324,0
2026-09-02 04:48:00-04:00,5.4405,5.45,5.36,5.4,0
2026-09-02 04:49:00-04:00,5.4011,5.456,5.4005,5.42,0
2026-09-02 04:50:00-04:00,5.41,5.4199,5.41,5.4199,0
2026-09-02 04:51:00-04:00,5.4195,5.4199,5.41,5.41,0
2026-09-02 04:52:00-04:00,5.4105,5.4489,5.4105,5.4302,0
2026-09-02 04:53:00-04:00,5.4306,5.4395,5.421,5.421,0
2026-09-02 04:54:00-04:00,5.4204,5.439,5.42,5.43,0
2026-09-02 04:55:00-04:00,5.42,5.4739,5.42,5.47,0
2026-09-02 04:56:00-04:00,5.4901,5.5452,5.4901,5.5452,0
2026-09-02 04:57:00-04:00,5.5017,5.5297,5.5,5.5011,0
2026-09-02 04:58:00-04:00,5.5051,5.53,5.5011,5.5246,0
2026-09-02 04:59:00-04:00,5.5495,5.6289,5.5483,5.61,0
2026-09-02 05:00:00-04:00,5.6,5.6829,5.521,5.521,0
2026-09-02 05:01:00-04:00,5.53,5.53,5.49,5.4911,0
2026-09-02 05:02:00-04:00,5.5,5.5172,5.4611,5.5172,0
2026-09-02 05:03:00-04:00,5.59,5.5921,5.51,5.55,0
2026-09-02 05:04:00-04:00,5.52,5.5929,5.51,5.5929,0
2026-09-02 05:05:00-04:00,5.5928,5.5928,5.52,5.56,0
2026-09-02 05:06:00-04:00,5.57,5.57,5.5303,5.5303,0
2026-09-02 05:07:00-04:00,5.5311,5.5311,5.48,5.48,0
2026-09-02 05:08:00-04:00,5.48,5.49,5.48,5.49,0
2026-09-02 05:09:00-04:00,5.49,5.49,5.49,5.49,0
2026-09-02 05:10:00-04:00,5.4889,5.4889,5.46,5.46,0
2026-09-02 05:11:00-04:00,5.4505,5.4595,5.3811,5.3811,0
2026-09-02 05:12:00-04:00,5.3945,5.45,5.381,5.3856,0
2026-09-02 05:13:00-04:00,5.44,5.4406,5.3948,5.4405,0
2026-09-02 05:14:00-04:00,5.431,5.4515,5.431,5.4448,0
2026-09-02 05:15:00-04:00,5.47,5.499,5.47,5.499,0
2026-09-02 05:16:00-04:00,5.481,5.49,5.481,5.49,0
2026-09-02 05:17:00-04:00,5.4919,5.4995,5.4906,5.4906,0
2026-09-02 05:18:00-04:00,5.5,5.5589,5.5,5.5552,0
2026-09-02 05:19:00-04:00,5.5589,5.5589,5.53,5.5395,0
2026-09-02 05:20:00-04:00,5.51,5.53,5.5,5.5,0
2026-09-02 05:21:00-04:00,5.49,5.52,5.44,5.49,0
2026-09-02 05:22:00-04:00,5.4989,5.4989,5.47,5.4711,0
2026-09-02 05:23:00-04:00,5.52,5.52,5.48,5.5089,0
2026-09-02 05:24:00-04:00,5.4811,5.52,5.4811,5.5005,0
2026-09-02 05:25:00-04:00,5.5005,5.5005,5.5,5.5,0
2026-09-02 05:26:00-04:00,5.5,5.5089,5.5,5.5,0
2026-09-02 05:27:00-04:00,5.5,5.5097,5.4811,5.5097,0
2026-09-02 05:28:00-04:00,5.49,5.5,5.481,5.4999,0
2026-09-02 05:29:00-04:00,5.499,5.499,5.36,5.3711,0
2026-09-02 05:30:00-04:00,5.3711,5.4889,5.3711,5.43,0
2026-09-02 05:31:00-04:00,5.3664,5.4352,5.3664,5.39,0
2026-09-02 05:32:00-04:00,5.39,5.4389,5.39,5.4,0
2026-09-02 05:33:00-04:00,5.4389,5.4389,5.4011,5.43,0
2026-09-02 05:34:00-04:00,5.42,5.421,5.419,5.421,0
2026-09-02 05:35:00-04:00,5.421,5.4389,5.401,5.401,0
2026-09-02 05:36:00-04:00,5.4356,5.4356,5.41,5.43,0
2026-09-02 05:37:00-04:00,5.43,5.48,5.43,5.45,0
2026-09-02 05:38:00-04:00,5.45,5.4944,5.45,5.45,0
2026-09-02 05:39:00-04:00,5.45,5.4505,5.45,5.4505,0
2026-09-02 05:40:00-04:00,5.4511,5.4511,5.4511,5.4511,0
2026-09-02 05:41:00-04:00,5.48,5.5,5.48,5.5,0
2026-09-02 05:42:00-04:00,5.5544,5.5544,5.49,5.49,0
2026-09-02 05:43:00-04:00,5.5011,5.5595,5.5011,5.5502,0
2026-09-02 05:44:00-04:00,5.55,5.55,5.52,5.54,0
2026-09-02 05:45:00-04:00,5.5495,5.55,5.5003,5.5389,0
2026-09-02 05:46:00-04:00,5.519,5.52,5.5,5.5,0
2026-09-02 05:47:00-04:00,5.52,5.54,5.501,5.52,0
2026-09-02 05:48:00-04:00,5.52,5.52,5.5,5.5,0
2026-09-02 05:49:00-04:00,5.52,5.52,5.501,5.52,0
2026-09-02 05:50:00-04:00,5.52,5.521,5.52,5.521,0
2026-09-02 05:51:00-04:00,5.53,5.5397,5.53,5.5305,0
2026-09-02 05:52:00-04:00,5.53,5.54,5.53,5.54,0
2026-09-02 05:53:00-04:00,5.55,5.5589,5.54,5.55,0
2026-09-02 05:54:00-04:00,5.56,5.6236,5.56,5.6198,0
2026-09-02 05:55:00-04:00,5.6195,5.6195,5.5989,5.6,0
2026-09-02 05:56:00-04:00,5.5989,5.5989,5.58,5.58,0
2026-09-02 05:57:00-04:00,5.5989,5.6,5.58,5.58,0
2026-09-02 05:58:00-04:00,5.58,5.599,5.58,5.599,0
2026-09-02 05:59:00-04:00,5.58,5.599,5.58,5.58,0
2026-09-02 06:00:00-04:00,5.55,5.58,5.55,5.5511,0
2026-09-02 06:01:00-04:00,5.55,5.55,5.46,5.46,0
2026-09-02 06:02:00-04:00,5.46,5.47,5.449,5.4564,0
2026-09-02 06:03:00-04:00,5.479,5.5,5.4695,5.5,0
2026-09-02 06:04:00-04:00,5.5,5.5,5.46,5.46,0
2026-09-02 06:05:00-04:00,5.47,5.48,5.47,5.48,0
2026-09-02 06:06:00-04:00,5.4797,5.4797,5.4702,5.4705,0
2026-09-02 06:07:00-04:00,5.48,5.48,5.4705,5.4705,0
2026-09-02 06:08:00-04:00,5.4795,5.48,5.4605,5.4605,0
2026-09-02 06:09:00-04:00,5.47,5.489,5.47,5.471,0
2026-09-02 06:10:00-04:00,5.48,5.48,5.471,5.471,0
2026-09-02 06:11:00-04:00,5.471,5.471,5.47,5.47,0
2026-09-02 06:12:00-04:00,5.46,5.4611,5.46,5.4611,0
2026-09-02 06:13:00-04:00,5.46,5.47,5.46,5.47,0
2026-09-02 06:14:00-04:00,5.4889,5.5,5.4611,5.5,0
2026-09-02 06:15:00-04:00,5.48,5.48,5.48,5.48,0
2026-09-02 06:16:00-04:00,5.4802,5.4811,5.4802,5.4811,0
2026-09-02 06:17:00-04:00,5.4811,5.529,5.4811,5.51,0
2026-09-02 06:18:00-04:00,5.529,5.529,5.511,5.5199,0
2026-09-02 06:19:00-04:00,5.5105,5.5198,5.5105,5.5198,0
2026-09-02 06:20:00-04:00,5.52,5.52,5.51,5.52,0
2026-09-02 06:21:00-04:00,5.51,5.51,5.49,5.49,0
2026-09-02 06:22:00-04:00,5.5,5.52,5.4711,5.4711,0
2026-09-02 06:23:00-04:00,5.51,5.53,5.51,5.52,0
2026-09-02 06:24:00-04:00,5.4711,5.5189,5.4711,5.5189,0
2026-09-02 06:25:00-04:00,5.53,5.53,5.4748,5.4748,0
2026-09-02 06:26:00-04:00,5.5,5.53,5.5,5.5,0
2026-09-02 06:27:00-04:00,5.5,5.5,5.4711,5.49,0
2026-09-02 06:28:00-04:00,5.48,5.48,5.47,5.4711,0
2026-09-02 06:29:00-04:00,5.48,5.48,5.47,5.4711,0
2026-09-02 06:30:00-04:00,5.48,5.48,5.4705,5.4705,0
2026-09-02 06:31:00-04:00,5.46,5.46,5.46,5.46,0
2026-09-02 06:32:00-04:00,5.479,5.48,5.4603,5.461,0
2026-09-02 06:33:00-04:00,5.461,5.461,5.431,5.431,0
2026-09-02 06:34:00-04:00,5.43,5.44,5.43,5.4303,0
2026-09-02 06:35:00-04:00,5.421,5.46,5.42,5.46,0
2026-09-02 06:36:00-04:00,5.46,5.46,5.4311,5.4311,0
2026-09-02 06:37:00-04:00,5.4355,5.44,5.4211,5.44,0
2026-09-02 06:39:00-04:00,5.4511,5.4511,5.4511,5.4511,0
2026-09-02 06:40:00-04:00,5.4511,5.4511,5.45,5.4511,0
2026-09-02 06:41:00-04:00,5.4511,5.4511,5.45,5.4511,0
2026-09-02 06:42:00-04:00,5.451,5.451,5.4403,5.4403,0
2026-09-02 06:43:00-04:00,5.45,5.45,5.4211,5.4211,0
2026-09-02 06:44:00-04:00,5.4211,5.45,5.4211,5.43,0
2026-09-02 06:45:00-04:00,5.42,5.4311,5.42,5.4311,0
2026-09-02 06:46:00-04:00,5.4311,5.45,5.431,5.4311,0
2026-09-02 06:47:00-04:00,5.45,5.45,5.4311,5.45,0
2026-09-02 06:48:00-04:00,5.4305,5.4305,5.4305,5.4305,0
2026-09-02 06:49:00-04:00,5.4308,5.4697,5.4308,5.4311,0
2026-09-02 06:50:00-04:00,5.45,5.46,5.45,5.46,0
2026-09-02 06:51:00-04:00,5.46,5.46,5.45,5.45,0
2026-09-02 06:52:00-04:00,5.46,5.4697,5.46,5.4697,0
2026-09-02 06:53:00-04:00,5.4403,5.47,5.43,5.4411,0
2026-09-02 06:54:00-04:00,5.44,5.47,5.44,5.4408,0
2026-09-02 06:55:00-04:00,5.4789,5.4789,5.4311,5.4311,0
2026-09-02 06:56:00-04:00,5.4311,5.4511,5.4311,5.45,0
2026-09-02 06:57:00-04:00,5.48,5.48,5.45,5.45,0
2026-09-02 06:58:00-04:00,5.4511,5.48,5.4511,5.47,0
2026-09-02 06:59:00-04:00,5.4889,5.49,5.46,5.4889,0
2026-09-02 07:00:00-04:00,5.4885,5.51,5.4731,5.51,0
2026-09-02 07:01:00-04:00,5.52,5.53,5.5,5.53,0
2026-09-02 07:02:00-04:00,5.53,5.53,5.5,5.5299,0
2026-09-02 07:03:00-04:00,5.52,5.53,5.52,5.5202,0
2026-09-02 07:04:00-04:00,5.52,5.53,5.52,5.53,0
2026-09-02 07:05:00-04:00,5.5295,5.53,5.51,5.53,0
2026-09-02 07:06:00-04:00,5.53,5.53,5.51,5.51,0
2026-09-02 07:07:00-04:00,5.5102,5.53,5.5089,5.5089,0
2026-09-02 07:08:00-04:00,5.5,5.51,5.44,5.44,0
2026-09-02 07:09:00-04:00,5.45,5.4987,5.45,5.45,0
2026-09-02 07:10:00-04:00,5.4308,5.431,5.33,5.34,0
2026-09-02 07:11:00-04:00,5.35,5.46,5.35,5.361,0
2026-09-02 07:12:00-04:00,5.361,5.5,5.35,5.3503,0
2026-09-02 07:13:00-04:00,5.35,5.4881,5.35,5.36,0
2026-09-02 07:14:00-04:00,5.3619,5.383,5.36,5.36,0
2026-09-02 07:15:00-04:00,5.35,5.37,5.25,5.27,0
2026-09-02 07:16:00-04:00,5.29,5.31,5.251,5.31,0
2026-09-02 07:17:00-04:00,5.3095,5.3689,5.3095,5.36,0
2026-09-02 07:18:00-04:00,5.35,5.37,5.35,5.37,0
2026-09-02 07:19:00-04:00,5.35,5.37,5.28,5.325,0
2026-09-02 07:20:00-04:00,5.3,5.3,5.28,5.29,0
2026-09-02 07:21:00-04:00,5.29,5.3,5.25,5.26,0
2026-09-02 07:22:00-04:00,5.2896,5.29,5.26,5.289,0
2026-09-02 07:23:00-04:00,5.2899,5.29,5.21,5.25,0
2026-09-02 07:24:00-04:00,5.2784,5.2784,5.23,5.25,0
2026-09-02 07:25:00-04:00,5.24,5.29,5.2101,5.29,0
2026-09-02 07:26:00-04:00,5.2812,5.2899,5.231,5.26,0
2026-09-02 07:27:00-04:00,5.2788,5.2987,5.24,5.29,0
2026-09-02 07:28:00-04:00,5.29,5.42,5.29,5.29,0
2026-09-02 07:29:00-04:00,5.32,5.4,5.32,5.32,0
2026-09-02 07:30:00-04:00,5.4,5.4,5.3011,5.312,0
2026-09-02 07:31:00-04:00,5.32,5.32,5.3105,5.32,0
2026-09-02 07:32:00-04:00,5.3197,5.32,5.3101,5.3105,0
2026-09-02 07:33:00-04:00,5.3105,5.32,5.31,5.32,0
2026-09-02 07:34:00-04:00,5.3195,5.3928,5.3105,5.3928,0
2026-09-02 07:35:00-04:00,5.32,5.3836,5.3164,5.32,0
2026-09-02 07:36:00-04:00,5.3195,5.32,5.31,5.31,0
2026-09-02 07:37:00-04:00,5.31,5.3198,5.31,5.3105,0
2026-09-02 07:38:00-04:00,5.31,5.409,5.31,5.409,0
2026-09-02 07:39:00-04:00,5.33,5.34,5.32,5.3239,0
2026-09-02 07:40:00-04:00,5.3389,5.35,5.3111,5.3496,0
2026-09-02 07:41:00-04:00,5.35,5.35,5.32,5.35,0
2026-09-02 07:42:00-04:00,5.35,5.35,5.32,5.34,0
2026-09-02 07:43:00-04:00,5.32,5.35,5.3111,5.32,0
2026-09-02 07:44:00-04:00,5.35,5.35,5.31,5.32,0
2026-09-02 07:45:00-04:00,5.3211,5.3246,5.32,5.32,0
2026-09-02 07:46:00-04:00,5.3211,5.3489,5.32,5.3211,0
2026-09-02 07:47:00-04:00,5.32,5.35,5.32,5.33,0
2026-09-02 07:48:00-04:00,5.32,5.35,5.32,5.34,0
2026-09-02 07:49:00-04:00,5.3369,5.3392,5.32,5.32,0
2026-09-02 07:50:00-04:00,5.32,5.3397,5.32,5.33,0
2026-09-02 07:51:00-04:00,5.34,5.4028,5.33,5.39,0
2026-09-02 07:52:00-04:00,5.38,5.39,5.38,5.39,0
2026-09-02 07:53:00-04:00,5.378,5.39,5.378,5.3894,0
2026-09-02 07:54:00-04:00,5.39,5.39,5.35,5.39,0
2026-09-02 07:55:00-04:00,5.38,5.38,5.35,5.3789,0
2026-09-02 07:56:00-04:00,5.37,5.3791,5.35,5.35,0
2026-09-02 07:57:00-04:00,5.3599,5.38,5.33,5.34,0
2026-09-02 07:58:00-04:00,5.34,5.34,5.321,5.33,0
2026-09-02 07:59:00-04:00,5.33,5.33,5.32,5.3297,0
2026-09-02 08:00:00-04:00,5.33,5.37,5.32,5.3295,0
2026-09-02 08:01:00-04:00,5.33,5.33,5.32,5.3298,0
2026-09-02 08:02:00-04:00,5.32,5.33,5.2811,5.2811,0
2026-09-02 08:03:00-04:00,5.32,5.32,5.26,5.27,0
2026-09-02 08:04:00-04:00,5.27,5.32,5.26,5.27,0
2026-09-02 08:05:00-04:00,5.27,5.27,5.26,5.26,0
2026-09-02 08:06:00-04:00,5.2501,5.32,5.25,5.32,0
2026-09-02 08:07:00-04:00,5.29,5.3189,5.27,5.3189,0
2026-09-02 08:08:00-04:00,5.27,5.32,5.27,5.32,0
2026-09-02 08:09:00-04:00,5.28,5.3184,5.28,5.29,0
2026-09-02 08:10:00-04:00,5.2803,5.29,5.2595,5.26,0
2026-09-02 08:11:00-04:00,5.2599,5.29,5.25,5.26,0
2026-09-02 08:12:00-04:00,5.2887,5.29,5.251,5.251,0
2026-09-02 08:13:00-04:00,5.289,5.289,5.2797,5.28,0
2026-09-02 08:14:00-04:00,5.29,5.29,5.26,5.28,0
2026-09-02 08:15:00-04:00,5.3,5.32,5.2648,5.32,0
2026-09-02 08:16:00-04:00,5.3,5.3,5.29,5.2905,0
2026-09-02 08:17:00-04:00,5.29,5.2999,5.28,5.2999,0
2026-09-02 08:18:00-04:00,5.281,5.3,5.28,5.29,0
2026-09-02 08:19:00-04:00,5.3,5.3,5.28,5.28,0
2026-09-02 08:20:00-04:00,5.3,5.3,5.26,5.261,0
2026-09-02 08:21:00-04:00,5.289,5.29,5.26,5.26,0
2026-09-02 08:22:00-04:00,5.26,5.3045,5.22,5.2348,0
2026-09-02 08:23:00-04:00,5.24,5.29,5.24,5.28,0
2026-09-02 08:24:00-04:00,5.279,5.279,5.25,5.26,0
2026-09-02 08:25:00-04:00,5.26,5.2669,5.25,5.2669,0
2026-09-02 08:26:00-04:00,5.25,5.27,5.25,5.2699,0
2026-09-02 08:27:00-04:00,5.28,5.28,5.25,5.27,0
2026-09-02 08:28:00-04:00,5.26,5.29,5.26,5.28,0
2026-09-02 08:29:00-04:00,5.27,5.28,5.26,5.279,0
2026-09-02 08:30:00-04:00,5.27,5.29,5.251,5.29,0
2026-09-02 08:31:00-04:00,5.25,5.29,5.25,5.29,0
2026-09-02 08:32:00-04:00,5.289,5.29,5.25,5.26,0
2026-09-02 08:33:00-04:00,5.289,5.29,5.25,5.25,0
2026-09-02 08:34:00-04:00,5.25,5.289,5.25,5.28,0
2026-09-02 08:35:00-04:00,5.2601,5.2794,5.22,5.221,0
2026-09-02 08:36:00-04:00,5.221,5.28,5.22,5.25,0
2026-09-02 08:37:00-04:00,5.26,5.3,5.22,5.25,0
2026-09-02 08:38:00-04:00,5.25,5.25,5.23,5.249,0
2026-09-02 08:39:00-04:00,5.249,5.25,5.23,5.249,0
2026-09-02 08:40:00-04:00,5.24,5.25,5.24,5.25,0
2026-09-02 08:41:00-04:00,5.2499,5.289,5.2499,5.251,0
2026-09-02 08:42:00-04:00,5.2679,5.2679,5.24,5.24,0
2026-09-02 08:43:00-04:00,5.26,5.289,5.25,5.289,0
2026-09-02 08:44:00-04:00,5.279,5.279,5.243,5.26,0
2026-09-02 08:45:00-04:00,5.27,5.27,5.23,5.23,0
2026-09-02 08:46:00-04:00,5.24,5.27,5.24,5.25,0
2026-09-02 08:47:00-04:00,5.2852,5.2852,5.23,5.26,0
2026-09-02 08:48:00-04:00,5.23,5.29,5.23,5.23,0
2026-09-02 08:49:00-04:00,5.29,5.29,5.249,5.249,0
2026-09-02 08:50:00-04:00,5.249,5.249,5.2,5.201,0
2026-09-02 08:51:00-04:00,5.2001,5.24,5.151,5.1571,0
2026-09-02 08:52:00-04:00,5.18,5.199,5.11,5.1503,0
2026-09-02 08:53:00-04:00,5.11,5.19,5.0703,5.15,0
2026-09-02 08:54:00-04:00,5.15,5.17,5.05,5.1344,0
2026-09-02 08:55:00-04:00,5.08,5.13,5.07,5.1147,0
2026-09-02 08:56:00-04:00,5.11,5.14,5.1,5.12,0
2026-09-02 08:57:00-04:00,5.149,5.15,5.12,5.14,0
2026-09-02 08:58:00-04:00,5.139,5.1844,5.12,5.15,0
2026-09-02 08:59:00-04:00,5.155,5.19,5.151,5.18,0
2026-09-02 09:00:00-04:00,5.18,5.189,5.149,5.149,0
2026-09-02 09:01:00-04:00,5.149,5.16,5.11,5.12,0
2026-09-02 09:02:00-04:00,5.12,5.169,5.1,5.169,0
2026-09-02 09:03:00-04:00,5.131,5.17,5.13,5.15,0
2026-09-02 09:04:00-04:00,5.1,5.1496,5.1,5.1302,0
2026-09-02 09:05:00-04:00,5.1306,5.15,5.13,5.15,0
2026-09-02 09:06:00-04:00,5.131,5.1499,5.1309,5.149,0
2026-09-02 09:07:00-04:00,5.149,5.1546,5.1405,5.1546,0
2026-09-02 09:08:00-04:00,5.16,5.17,5.14,5.15,0
2026-09-02 09:09:00-04:00,5.141,5.17,5.14,5.15,0
2026-09-02 09:10:00-04:00,5.141,5.1499,5.1403,5.141,0
2026-09-02 09:11:00-04:00,5.141,5.19,5.141,5.18,0
2026-09-02 09:12:00-04:00,5.19,5.19,5.18,5.19,0
2026-09-02 09:13:00-04:00,5.19,5.205,5.189,5.205,0
2026-09-02 09:14:00-04:00,5.29,5.29,5.2,5.2094,0
2026-09-02 09:15:00-04:00,5.191,5.25,5.191,5.2,0
2026-09-02 09:16:00-04:00,5.2006,5.2852,5.2006,5.23,0
2026-09-02 09:17:00-04:00,5.25,5.29,5.23,5.29,0
2026-09-02 09:18:00-04:00,5.27,5.2797,5.241,5.26,0
2026-09-02 09:19:00-04:00,5.259,5.26,5.24,5.24,0
2026-09-02 09:20:00-04:00,5.2487,5.2487,5.22,5.239,0
2026-09-02 09:21:00-04:00,5.24,5.24,5.201,5.23,0
2026-09-02 09:22:00-04:00,5.2299,5.23,5.2,5.2,0
2026-09-02 09:23:00-04:00,5.2005,5.21,5.2,5.21,0
2026-09-02 09:24:00-04:00,5.2095,5.21,5.2,5.2,0
2026-09-02 09:25:00-04:00,5.21,5.25,5.181,5.249,0
2026-09-02 09:26:00-04:00,5.2497,5.25,5.24,5.2499,0
2026-09-02 09:27:00-04:00,5.25,5.25,5.1672,5.2,0
2026-09-02 09:28:00-04:00,5.25,5.4,5.25,5.3749,0
2026-09-02 09:29:00-04:00,5.3489,5.3489,5.3,5.31,0
2026-09-02 09:30:00-04:00,5.329999923706055,5.329999923706055,5.200099945068359,5.269999980926514,784381
2026-09-02 09:31:00-04:00,5.230000019073486,5.28000020980835,5.099999904632568,5.119999885559082,24079
2026-09-02 09:32:00-04:00,5.170000076293945,5.340000152587891,5.110099792480469,5.2399001121521,17475
2026-09-02 09:33:00-04:00,5.21999979019165,5.230000019073486,5.150000095367432,5.159999847412109,6063
2026-09-02 09:34:00-04:00,5.159999847412109,5.309899806976318,5.159999847412109,5.204999923706055,9258
2026-09-02 09:35:00-04:00,5.180200099945068,5.259900093078613,5.166200160980225,5.25,8571
2026-09-02 09:36:00-04:00,5.21999979019165,5.230000019073486,5.160099983215332,5.202400207519531,5994
2026-09-02 09:37:00-04:00,5.247600078582764,5.247600078582764,5.179999828338623,5.190000057220459,1429
2026-09-02 09:38:00-04:00,5.210000038146973,5.219699859619141,5.119999885559082,5.159999847412109,12784
2026-09-02 09:39:00-04:00,5.1554999351501465,5.210000038146973,5.150100231170654,5.160999774932861,5338
2026-09-02 09:40:00-04:00,5.151000022888184,5.1778998374938965,5.119999885559082,5.15500020980835,12047
2026-09-02 09:41:00-04:00,5.156799793243408,5.156799793243408,5.110000133514404,5.11329984664917,5892
2026-09-02 09:42:00-04:00,5.111000061035156,5.111000061035156,4.800000190734863,4.839200019836426,118648
2026-09-02 09:43:00-04:00,4.909999847412109,4.949999809265137,4.840000152587891,4.849999904632568,28082
2026-09-02 09:44:00-04:00,4.849999904632568,4.889999866485596,4.75,4.761899948120117,48497
2026-09-02 09:45:00-04:00,4.760000228881836,4.80810022354126,4.610000133514404,4.619999885559082,42012
2026-09-02 09:46:00-04:00,4.687099933624268,4.699999809265137,4.579999923706055,4.699999809265137,36805
2026-09-02 09:47:00-04:00,4.735000133514404,4.794300079345703,4.699999809265137,4.699999809265137,27426
2026-09-02 09:48:00-04:00,4.755000114440918,4.789999961853027,4.699999809265137,4.71999979019165,14331
2026-09-02 09:49:00-04:00,4.7778000831604,4.789999961853027,4.739999771118164,4.7846999168396,13190
2026-09-02 09:50:00-04:00,4.775000095367432,4.789999961853027,4.71999979019165,4.734899997711182,13336
2026-09-02 09:51:00-04:00,4.75,4.755000114440918,4.71999979019165,4.755000114440918,10515
2026-09-02 09:52:00-04:00,4.764999866485596,4.78000020980835,4.699999809265137,4.730000019073486,20895
2026-09-02 09:53:00-04:00,4.738800048828125,4.769999980926514,4.699999809265137,4.71999979019165,14970
2026-09-02 09:54:00-04:00,4.715000152587891,4.715000152587891,4.583799839019775,4.585000038146973,19589
2026-09-02 09:55:00-04:00,4.585000038146973,4.585000038146973,4.400000095367432,4.400100231170654,62174
2026-09-02 09:56:00-04:00,4.420000076293945,4.469099998474121,3.9700000286102295,4.059999942779541,257309
2026-09-02 09:57:00-04:00,3.9700000286102295,4.018199920654297,3.869999885559082,3.869999885559082,56163
2026-09-02 10:02:00-04:00,3.9100000858306885,4.025000095367432,3.859999895095825,3.990000009536743,109455
2026-09-02 10:03:00-04:00,3.9000000953674316,3.97760009765625,3.4800000190734863,3.565000057220459,181040
2026-09-02 10:04:00-04:00,3.565000057220459,3.75,3.549999952316284,3.740000009536743,104197
2026-09-02 10:05:00-04:00,3.7699999809265137,3.8613998889923096,3.7100000381469727,3.7850000858306885,55980
2026-09-02 10:06:00-04:00,3.7799999713897705,3.8399999141693115,3.7200000286102295,3.839900016784668,71099
2026-09-02 10:07:00-04:00,3.7701001167297363,3.9000000953674316,3.7701001167297363,3.8889999389648438,35986
2026-09-02 10:08:00-04:00,3.890000104904175,4.070000171661377,3.880000114440918,3.9800000190734863,105841
2026-09-02 10:09:00-04:00,3.984999895095825,4.0,3.9200000762939453,3.990000009536743,44561
2026-09-02 10:10:00-04:00,3.9800000190734863,3.980299949645996,3.860100030899048,3.9400999546051025,64648
2026-09-02 10:11:00-04:00,3.922100067138672,3.9798998832702637,3.9100000858306885,3.940000057220459,27125
2026-09-02 10:12:00-04:00,3.940000057220459,3.990000009536743,3.9000000953674316,3.9100000858306885,29296
2026-09-02 10:13:00-04:00,3.9100000858306885,3.9149999618530273,3.859999895095825,3.890000104904175,54278
2026-09-02 10:14:00-04:00,3.909899950027466,3.940000057220459,3.880000114440918,3.9000000953674316,17950
2026-09-02 10:15:00-04:00,3.9000000953674316,4.03000020980835,3.883500099182129,3.9999001026153564,39931
2026-09-02 10:16:00-04:00,3.990000009536743,4.039999961853027,3.9200000762939453,3.950000047683716,40541
2026-09-02 10:17:00-04:00,3.934999942779541,3.950000047683716,3.9000000953674316,3.9200000762939453,16380
2026-09-02 10:18:00-04:00,3.968400001525879,3.9749999046325684,3.9000000953674316,3.910099983215332,24742
2026-09-02 10:19:00-04:00,3.930000066757202,3.9700000286102295,3.910799980163574,3.9649999141693115,13932
2026-09-02 10:20:00-04:00,3.9649999141693115,4.029900074005127,3.9649999141693115,4.014999866485596,18627
2026-09-02 10:21:00-04:00,4.0,4.159999847412109,3.9800000190734863,4.079999923706055,76702
2026-09-02 10:22:00-04:00,4.099999904632568,4.139900207519531,4.010000228881836,4.078499794006348,46561
2026-09-02 10:23:00-04:00,4.045000076293945,4.150000095367432,4.0,4.150000095367432,37318
2026-09-02 10:24:00-04:00,4.125,4.149899959564209,4.060100078582764,4.099999904632568,28111
2026-09-02 10:25:00-04:00,4.10830020904541,4.23829984664917,4.039999961853027,4.2179999351501465,50245
2026-09-02 10:26:00-04:00,4.195000171661377,4.2480998039245605,4.150000095367432,4.21999979019165,57244
2026-09-02 10:27:00-04:00,4.238699913024902,4.300000190734863,4.210000038146973,4.21999979019165,53175
2026-09-02 10:28:00-04:00,4.228300094604492,4.28000020980835,4.210000038146973,4.25,18415
2026-09-02 10:29:00-04:00,4.255000114440918,4.360000133514404,4.255000114440918,4.340000152587891,49126
2026-09-02 10:30:00-04:00,4.320099830627441,4.329999923706055,4.21999979019165,4.28000020980835,55066
2026-09-02 10:31:00-04:00,4.251999855041504,4.251999855041504,4.059999942779541,4.059999942779541,75146
2026-09-02 10:32:00-04:00,4.09499979019165,4.196599960327148,4.059999942779541,4.127299785614014,24106
2026-09-02 10:33:00-04:00,4.130000114440918,4.159999847412109,4.039999961853027,4.041600227355957,19916
2026-09-02 10:34:00-04:00,4.039999961853027,4.079999923706055,4.009099960327148,4.079999923706055,23617
2026-09-02 10:35:00-04:00,4.070000171661377,4.119999885559082,4.070000171661377,4.090000152587891,19214
2026-09-02 10:36:00-04:00,4.098999977111816,4.119999885559082,4.059999942779541,4.099999904632568,12437
2026-09-02 10:37:00-04:00,4.03000020980835,4.079999923706055,4.019999980926514,4.05679988861084,13587
2026-09-02 10:38:00-04:00,4.059999942779541,4.070000171661377,3.9000000953674316,3.950000047683716,54866
2026-09-02 10:39:00-04:00,3.9749999046325684,3.9749999046325684,3.9000000953674316,3.9549999237060547,13631
2026-09-02 10:40:00-04:00,3.9549999237060547,3.969899892807007,3.9100000858306885,3.9649999141693115,10191
2026-09-02 10:41:00-04:00,3.9202001094818115,3.950000047683716,3.9200000762939453,3.9407999515533447,10746
2026-09-02 10:42:00-04:00,3.9700000286102295,4.029799938201904,3.930000066757202,3.984999895095825,19834
2026-09-02 10:43:00-04:00,4.019999980926514,4.029900074005127,3.9700000286102295,4.005000114440918,4107
2026-09-02 10:44:00-04:00,4.013500213623047,4.050000190734863,3.9800000190734863,4.000199794769287,19493
2026-09-02 10:45:00-04:00,3.990000009536743,4.050000190734863,3.990000009536743,4.03000020980835,10637
2026-09-02 10:46:00-04:00,4.039999961853027,4.050000190734863,4.0,4.0,21073
2026-09-02 10:47:00-04:00,4.0015997886657715,4.02839994430542,3.990999937057495,4.009900093078613,8201
2026-09-02 10:48:00-04:00,4.006499767303467,4.03000020980835,3.9804999828338623,4.010000228881836,19526
2026-09-02 10:49:00-04:00,4.019899845123291,4.028800010681152,3.9600000381469727,3.9649999141693115,15188
2026-09-02 10:50:00-04:00,3.9700000286102295,3.9997000694274902,3.9000000953674316,3.9100000858306885,22205
2026-09-02 10:51:00-04:00,3.9200000762939453,3.990000009536743,3.9200000762939453,3.944999933242798,4619
2026-09-02 10:52:00-04:00,3.9200000762939453,3.949899911880493,3.880000114440918,3.9479000568389893,17619
2026-09-02 10:53:00-04:00,3.930000066757202,3.949899911880493,3.9100000858306885,3.9100000858306885,8353
2026-09-02 10:54:00-04:00,3.9100000858306885,3.950000047683716,3.9000000953674316,3.9200000762939453,13141
2026-09-02 10:55:00-04:00,3.940000057220459,4.0,3.940000057220459,4.0,14667
2026-09-02 10:56:00-04:00,3.9700000286102295,3.9800000190734863,3.911600112915039,3.950000047683716,5577
2026-09-02 10:57:00-04:00,3.9697999954223633,4.0,3.9200000762939453,3.9200000762939453,12642
2026-09-02 10:58:00-04:00,3.9649999141693115,3.9899001121520996,3.940000057220459,3.950000047683716,6137
2026-09-02 10:59:00-04:00,3.9700000286102295,3.9800000190734863,3.930000066757202,3.950000047683716,8778
2026-09-02 11:00:00-04:00,3.9600000381469727,3.9600000381469727,3.930000066757202,3.930000066757202,2925
2026-09-02 11:01:00-04:00,3.930000066757202,3.9800000190734863,3.930000066757202,3.9800000190734863,10250
2026-09-02 11:02:00-04:00,3.940000057220459,3.950000047683716,3.9000000953674316,3.9000000953674316,9948
2026-09-02 11:03:00-04:00,3.9123001098632812,3.944999933242798,3.9000000953674316,3.9200000762939453,9604
2026-09-02 11:04:00-04:00,3.9284000396728516,3.9284000396728516,3.890000104904175,3.9149999618530273,4569
2026-09-02 11:05:00-04:00,3.9000000953674316,3.950000047683716,3.890000104904175,3.950000047683716,15500
2026-09-02 11:06:00-04:00,3.9200000762939453,3.950000047683716,3.9200000762939453,3.9200000762939453,6157
2026-09-02 11:07:00-04:00,3.940000057220459,3.9600000381469727,3.9000000953674316,3.9149999618530273,9428
2026-09-02 11:08:00-04:00,3.9149999618530273,3.9700000286102295,3.9000000953674316,3.9700000286102295,3135
2026-09-02 11:09:00-04:00,3.9577999114990234,3.9577999114990234,3.9260001182556152,3.926800012588501,4175
2026-09-02 11:10:00-04:00,3.9100000858306885,3.9600000381469727,3.9100000858306885,3.9600000381469727,4191
2026-09-02 11:11:00-04:00,3.944999933242798,3.9800000190734863,3.9398000240325928,3.9800000190734863,22812
2026-09-02 11:12:00-04:00,3.9800000190734863,3.9800000190734863,3.9100000858306885,3.9516000747680664,25658
2026-09-02 11:13:00-04:00,3.9516000747680664,4.019899845123291,3.950000047683716,4.019899845123291,8361
2026-09-02 11:14:00-04:00,3.9700000286102295,4.019999980926514,3.950000047683716,3.950000047683716,21236
2026-09-02 11:15:00-04:00,4.0,4.0,3.9600000381469727,3.9888999462127686,10770
2026-09-02 11:16:00-04:00,3.9800000190734863,3.9999001026153564,3.950000047683716,3.9749999046325684,19263
2026-09-02 11:17:00-04:00,3.950000047683716,4.0,3.950000047683716,3.9800000190734863,7930
2026-09-02 11:18:00-04:00,3.9749999046325684,3.9749999046325684,3.950000047683716,3.9649999141693115,21505
2026-09-02 11:19:00-04:00,3.950000047683716,3.950000047683716,3.9114999771118164,3.911600112915039,10235
2026-09-02 11:20:00-04:00,3.9100000858306885,3.9600000381469727,3.9100000858306885,3.934999942779541,10970
2026-09-02 11:21:00-04:00,3.921600103378296,3.984299898147583,3.921600103378296,3.950000047683716,5324
2026-09-02 11:22:00-04:00,3.9649999141693115,3.990000009536743,3.9200000762939453,3.950000047683716,16772
2026-09-02 11:23:00-04:00,3.9700000286102295,3.9700000286102295,3.9700000286102295,3.9700000286102295,651
2026-09-02 11:24:00-04:00,3.950000047683716,3.9630000591278076,3.9100000858306885,3.9630000591278076,6990
2026-09-02 11:25:00-04:00,3.9549999237060547,3.9549999237060547,3.934999942779541,3.950000047683716,3041
2026-09-02 11:26:00-04:00,3.9679999351501465,3.9697999954223633,3.930000066757202,3.950000047683716,8011
2026-09-02 11:27:00-04:00,3.950000047683716,3.9690001010894775,3.9400999546051025,3.9600000381469727,2211
2026-09-02 11:28:00-04:00,3.9600000381469727,3.9783999919891357,3.9600000381469727,3.9783999919891357,4456
2026-09-02 11:29:00-04:00,3.9616000652313232,3.9700000286102295,3.9200000762939453,3.9600000381469727,9157
2026-09-02 11:30:00-04:00,3.9484000205993652,3.9484000205993652,3.9000000953674316,3.9128000736236572,8226
2026-09-02 11:31:00-04:00,3.908600091934204,3.908600091934204,3.859999895095825,3.8715999126434326,14663
2026-09-02 11:32:00-04:00,3.880000114440918,3.919100046157837,3.880000114440918,3.9100000858306885,10409
2026-09-02 11:33:00-04:00,3.9382998943328857,3.9398999214172363,3.9100000858306885,3.9398999214172363,3560
2026-09-02 11:34:00-04:00,3.890000104904175,3.9100000858306885,3.890000104904175,3.9100000858306885,4406
2026-09-02 11:35:00-04:00,3.924999952316284,3.940000057220459,3.901099920272827,3.9049999713897705,8402
2026-09-02 11:36:00-04:00,3.9089999198913574,3.950000047683716,3.907099962234497,3.950000047683716,7025
2026-09-02 11:37:00-04:00,3.9300999641418457,3.950000047683716,3.930000066757202,3.940200090408325,4874
2026-09-02 11:38:00-04:00,3.944999933242798,3.950000047683716,3.944999933242798,3.947999954223633,2741
2026-09-02 11:39:00-04:00,3.950000047683716,3.9983999729156494,3.950000047683716,3.9800000190734863,15353
2026-09-02 11:40:00-04:00,3.984999895095825,3.984999895095825,3.950000047683716,3.9600000381469727,7535
2026-09-02 11:41:00-04:00,3.9700000286102295,3.97160005569458,3.9700000286102295,3.97160005569458,1270
2026-09-02 11:42:00-04:00,3.9892001152038574,3.9892001152038574,3.9844000339508057,3.9844000339508057,451
2026-09-02 11:43:00-04:00,3.9800000190734863,3.990000009536743,3.9600000381469727,3.986999988555908,7793
2026-09-02 11:44:00-04:00,3.98799991607666,4.0,3.9800000190734863,3.9800000190734863,3730
2026-09-02 11:45:00-04:00,3.990000009536743,4.0,3.990000009536743,3.990999937057495,8172
2026-09-02 11:46:00-04:00,4.019899845123291,4.019999980926514,3.9916000366210938,4.018400192260742,3189
2026-09-02 11:47:00-04:00,4.0,4.019999980926514,3.990000009536743,4.019999980926514,6767
2026-09-02 11:48:00-04:00,4.03000020980835,4.050000190734863,4.014999866485596,4.050000190734863,19092
2026-09-02 11:49:00-04:00,4.048999786376953,4.069900035858154,4.034999847412109,4.039999961853027,13062
2026-09-02 11:50:00-04:00,4.059999942779541,4.059999942779541,4.0,4.039999961853027,15912
2026-09-02 11:51:00-04:00,3.990000009536743,4.010000228881836,3.9800000190734863,4.005000114440918,6894
2026-09-02 11:52:00-04:00,4.0,4.010000228881836,3.9800000190734863,4.0,13219
2026-09-02 11:53:00-04:00,3.999000072479248,4.019999980926514,3.98009991645813,4.009799957275391,16905
2026-09-02 11:54:00-04:00,3.9700000286102295,3.9927000999450684,3.950000047683716,3.9700000286102295,9602
2026-09-02 11:55:00-04:00,3.9800000190734863,4.010000228881836,3.950000047683716,4.010000228881836,23588
2026-09-02 11:56:00-04:00,4.03000020980835,4.050000190734863,3.9600000381469727,3.9700000286102295,12011
2026-09-02 11:57:00-04:00,3.9600000381469727,4.0,3.947999954223633,3.947999954223633,7953
2026-09-02 11:58:00-04:00,3.962399959564209,3.984999895095825,3.950000047683716,3.984999895095825,5746
2026-09-02 11:59:00-04:00,3.9893999099731445,4.010000228881836,3.9700000286102295,4.0,7423
2026-09-02 12:00:00-04:00,3.996500015258789,4.010000228881836,3.9800000190734863,4.010000228881836,2530
2026-09-02 12:01:00-04:00,4.0,4.010000228881836,3.9800000190734863,3.994999885559082,1706
2026-09-02 12:02:00-04:00,3.9983999729156494,3.9983999729156494,3.9649999141693115,3.9649999141693115,4310
2026-09-02 12:03:00-04:00,3.9600000381469727,3.9700000286102295,3.950000047683716,3.9611001014709473,10192
2026-09-02 12:04:00-04:00,3.9549999237060547,3.9549999237060547,3.900099992752075,3.940000057220459,8058
2026-09-02 12:05:00-04:00,3.9200000762939453,3.950000047683716,3.911400079727173,3.950000047683716,5007
2026-09-02 12:06:00-04:00,3.940000057220459,3.950000047683716,3.930000066757202,3.934999942779541,7517
2026-09-02 12:07:00-04:00,3.9398999214172363,3.940000057220459,3.9200000762939453,3.930000066757202,11512
2026-09-02 12:08:00-04:00,3.921600103378296,3.940000057220459,3.910099983215332,3.910099983215332,2002
2026-09-02 12:09:00-04:00,3.930000066757202,3.940000057220459,3.9100000858306885,3.922499895095825,9166
2026-09-02 12:10:00-04:00,3.9200000762939453,3.9200000762939453,3.911600112915039,3.911600112915039,1599
2026-09-02 12:11:00-04:00,3.9200000762939453,3.9200000762939453,3.9200000762939453,3.9200000762939453,2861
2026-09-02 12:12:00-04:00,3.9100000858306885,3.930000066757202,3.9100000858306885,3.930000066757202,9355
2026-09-02 12:13:00-04:00,3.930000066757202,3.9800000190734863,3.930000066757202,3.940000057220459,14611
2026-09-02 12:14:00-04:00,3.940000057220459,3.990000009536743,3.940000057220459,3.9549999237060547,17351
2026-09-02 12:15:00-04:00,3.960099935531616,4.0,3.960099935531616,4.0,2831
2026-09-02 12:16:00-04:00,3.9800000190734863,3.9800000190734863,3.950000047683716,3.950000047683716,1710
2026-09-02 12:17:00-04:00,3.930000066757202,4.019999980926514,3.930000066757202,3.940000057220459,35499
2026-09-02 12:18:00-04:00,3.9700000286102295,3.999799966812134,3.9600000381469727,3.9600000381469727,1609
2026-09-02 12:19:00-04:00,3.9749999046325684,3.990000009536743,3.940000057220459,3.990000009536743,10049
2026-09-02 12:21:00-04:00,3.9700000286102295,3.9700000286102295,3.9549999237060547,3.969899892807007,2629
2026-09-02 12:22:00-04:00,3.95989990234375,3.9649999141693115,3.950000047683716,3.9649999141693115,2454
2026-09-02 12:23:00-04:00,3.990000009536743,3.990000009536743,3.940000057220459,3.9400999546051025,8189
2026-09-02 12:24:00-04:00,3.940000057220459,3.9416000843048096,3.940000057220459,3.9416000843048096,1555
2026-09-02 12:25:00-04:00,3.9549999237060547,3.9744999408721924,3.930000066757202,3.9744999408721924,22767
2026-09-02 12:26:00-04:00,3.9800000190734863,4.0,3.940000057220459,3.9800000190734863,24002
2026-09-02 12:27:00-04:00,4.0,4.050000190734863,4.0,4.019999980926514,8414
2026-09-02 12:28:00-04:00,4.000199794769287,4.000199794769287,3.940000057220459,3.990000009536743,29418
2026-09-02 12:29:00-04:00,3.9899001121520996,3.9899001121520996,3.9700000286102295,3.9700000286102295,715
2026-09-02 12:30:00-04:00,3.968600034713745,3.9800000190734863,3.968600034713745,3.9800000190734863,2515
2026-09-02 12:31:00-04:00,3.989300012588501,3.989300012588501,3.9600000381469727,3.9600000381469727,8159
2026-09-02 12:32:00-04:00,3.9700000286102295,3.990000009536743,3.969899892807007,3.990000009536743,5255
2026-09-02 12:33:00-04:00,3.989799976348877,4.029900074005127,3.989799976348877,4.005000114440918,11487
2026-09-02 12:34:00-04:00,4.019999980926514,4.019999980926514,3.9916999340057373,4.009799957275391,12809
2026-09-02 12:35:00-04:00,4.0,4.010000228881836,3.990000009536743,4.010000228881836,7438
2026-09-02 12:36:00-04:00,4.005000114440918,4.009900093078613,4.0,4.0,4477
2026-09-02 12:37:00-04:00,4.0081000328063965,4.0081000328063965,3.9800000190734863,3.990000009536743,7460
2026-09-02 12:38:00-04:00,3.9800000190734863,3.9800000190734863,3.9800000190734863,3.9800000190734863,551
2026-09-02 12:39:00-04:00,3.9983999729156494,4.03000020980835,3.97160005569458,4.005000114440918,14732
2026-09-02 12:40:00-04:00,4.019999980926514,4.019999980926514,4.005000114440918,4.005000114440918,3947
2026-09-02 12:41:00-04:00,4.019999980926514,4.059999942779541,3.950000047683716,4.059999942779541,25413
2026-09-02 12:42:00-04:00,4.03000020980835,4.050000190734863,4.010000228881836,4.019999980926514,1675
2026-09-02 12:43:00-04:00,4.010000228881836,4.010000228881836,3.9700000286102295,3.9700000286102295,3879
2026-09-02 12:44:00-04:00,3.9600000381469727,4.029099941253662,3.950000047683716,4.029099941253662,6295
2026-09-02 12:45:00-04:00,3.9976999759674072,4.0,3.990000009536743,3.990000009536743,1557
2026-09-02 12:46:00-04:00,3.9700000286102295,4.0,3.9700000286102295,3.9800000190734863,2179
2026-09-02 12:47:00-04:00,3.984999895095825,3.9971001148223877,3.930000066757202,3.9600000381469727,9804
2026-09-02 12:48:00-04:00,3.9649999141693115,3.9649999141693115,3.9649999141693115,3.9649999141693115,102
2026-09-02 12:49:00-04:00,3.9800000190734863,3.990000009536743,3.9300999641418457,3.9800000190734863,25943
2026-09-02 12:50:00-04:00,3.9798998832702637,3.9798998832702637,3.9798998832702637,3.9798998832702637,457
2026-09-02 12:51:00-04:00,3.9700000286102295,3.9735000133514404,3.950000047683716,3.9600000381469727,3486
2026-09-02 12:52:00-04:00,3.9600000381469727,3.9800000190734863,3.950000047683716,3.9649999141693115,2931
2026-09-02 12:53:00-04:00,3.9800000190734863,3.9830000400543213,3.9649999141693115,3.9800000190734863,1962
2026-09-02 12:54:00-04:00,3.9700000286102295,3.9883999824523926,3.950000047683716,3.950000047683716,4885
2026-09-02 12:55:00-04:00,3.9700000286102295,3.9700000286102295,3.969899892807007,3.969899892807007,1010
2026-09-02 12:56:00-04:00,3.9600000381469727,3.9600000381469727,3.9600000381469727,3.9600000381469727,651
2026-09-02 12:57:00-04:00,3.9549999237060547,3.9600000381469727,3.950000047683716,3.9586000442504883,2064
2026-09-02 12:58:00-04:00,3.9549999237060547,3.9600000381469727,3.9549999237060547,3.9549999237060547,4155
2026-09-02 12:59:00-04:00,3.9600000381469727,3.985100030899048,3.950000047683716,3.9565000534057617,3666
2026-09-02 13:00:00-04:00,3.940000057220459,3.940000057220459,3.930000066757202,3.930000066757202,8194
2026-09-02 13:01:00-04:00,3.9286000728607178,3.9300999641418457,3.9286000728607178,3.9300999641418457,4166
2026-09-02 13:02:00-04:00,3.950000047683716,3.950000047683716,3.9316000938415527,3.9316000938415527,631
2026-09-02 13:03:00-04:00,3.9688000679016113,3.9688000679016113,3.930000066757202,3.930000066757202,2620
2026-09-02 13:04:00-04:00,3.9200000762939453,3.930000066757202,3.9149999618530273,3.9200000762939453,16447
2026-09-02 13:05:00-04:00,3.9149999618530273,3.940000057220459,3.9149999618530273,3.940000057220459,6148
2026-09-02 13:06:00-04:00,3.940000057220459,3.940000057220459,3.930000066757202,3.930000066757202,7559
2026-09-02 13:07:00-04:00,3.9149999618530273,3.9200000762939453,3.869999885559082,3.8701000213623047,36976
2026-09-02 13:08:00-04:00,3.880000114440918,3.900099992752075,3.8701000213623047,3.8701999187469482,14208
2026-09-02 13:09:00-04:00,3.8705999851226807,3.9200000762939453,3.8705999851226807,3.9200000762939453,24501
2026-09-02 13:10:00-04:00,3.9184000492095947,3.9184000492095947,3.916100025177002,3.9184000492095947,1439
2026-09-02 13:11:00-04:00,3.9049999713897705,3.9100000858306885,3.880000114440918,3.9000000953674316,4418
2026-09-02 13:12:00-04:00,3.869999885559082,3.9000000953674316,3.819999933242798,3.898400068283081,14962
2026-09-02 13:13:00-04:00,3.8499999046325684,3.899899959564209,3.7799999713897705,3.7799999713897705,39219
2026-09-02 13:14:00-04:00,3.8399999141693115,3.8399999141693115,3.7750000953674316,3.7750000953674316,12356
2026-09-02 13:15:00-04:00,3.778599977493286,3.8589999675750732,3.7720999717712402,3.8299999237060547,9467
2026-09-02 13:16:00-04:00,3.8584001064300537,3.8584001064300537,3.799999952316284,3.8299999237060547,10682
2026-09-02 13:17:00-04:00,3.815000057220459,3.828200101852417,3.799999952316284,3.819999933242798,8017
2026-09-02 13:18:00-04:00,3.815000057220459,3.8399999141693115,3.815000057220459,3.8399999141693115,6089
2026-09-02 13:19:00-04:00,3.8132998943328857,3.8399999141693115,3.799999952316284,3.799999952316284,6952
2026-09-02 13:20:00-04:00,3.819999933242798,3.8399999141693115,3.7976999282836914,3.799999952316284,5567
2026-09-02 13:21:00-04:00,3.815000057220459,3.889899969100952,3.8046000003814697,3.869999885559082,16413
2026-09-02 13:22:00-04:00,3.869999885559082,3.880000114440918,3.850100040435791,3.880000114440918,4998
2026-09-02 13:23:00-04:00,3.875,3.875,3.865000009536743,3.865000009536743,4626
2026-09-02 13:24:00-04:00,3.8782999515533447,3.8798999786376953,3.875,3.8798000812530518,1078
2026-09-02 13:25:00-04:00,3.871000051498413,3.8798999786376953,3.871000051498413,3.8798999786376953,685
2026-09-02 13:26:00-04:00,3.880000114440918,3.889899969100952,3.880000114440918,3.889899969100952,814
2026-09-02 13:27:00-04:00,3.890000104904175,3.890000104904175,3.88100004196167,3.88100004196167,2619
2026-09-02 13:28:00-04:00,3.884999990463257,3.9200000762939453,3.884999990463257,3.9100000858306885,8330
2026-09-02 13:29:00-04:00,3.909899950027466,3.9100000858306885,3.9089999198913574,3.9100000858306885,1806
2026-09-02 13:30:00-04:00,3.9200000762939453,3.9200000762939453,3.880000114440918,3.890000104904175,12120
2026-09-02 13:31:00-04:00,3.8984999656677246,3.8984999656677246,3.869999885559082,3.869999885559082,5516
2026-09-02 13:33:00-04:00,3.8815999031066895,3.8815999031066895,3.8815999031066895,3.8815999031066895,579
2026-09-02 13:34:00-04:00,3.9000000953674316,3.9000000953674316,3.9000000953674316,3.9000000953674316,368
2026-09-02 13:35:00-04:00,3.9000000953674316,3.9200000762939453,3.9000000953674316,3.9200000762939453,2975
2026-09-02 13:36:00-04:00,3.9102001190185547,3.940000057220459,3.880000114440918,3.880000114440918,15128
2026-09-02 13:38:00-04:00,3.9100000858306885,3.9100000858306885,3.9000000953674316,3.9000000953674316,3366
2026-09-02 13:39:00-04:00,3.909899950027466,3.909899950027466,3.9000000953674316,3.9000000953674316,358
2026-09-02 13:40:00-04:00,3.9200000762939453,3.9398999214172363,3.9200000762939453,3.9200000762939453,2002
2026-09-02 13:41:00-04:00,3.929800033569336,3.930000066757202,3.901599884033203,3.927299976348877,2343
2026-09-02 13:42:00-04:00,3.929500102996826,3.929500102996826,3.8852999210357666,3.9000000953674316,11792
2026-09-02 13:43:00-04:00,3.9200000762939453,3.9484000205993652,3.9049999713897705,3.9149999618530273,3487
2026-09-02 13:44:00-04:00,3.9149999618530273,3.950000047683716,3.9149999618530273,3.9200000762939453,7575
2026-09-02 13:45:00-04:00,3.9200000762939453,3.9416000843048096,3.9000000953674316,3.9416000843048096,3208
2026-09-02 13:46:00-04:00,3.910599946975708,3.930000066757202,3.9000000953674316,3.9000000953674316,1161
2026-09-02 13:47:00-04:00,3.9100000858306885,3.9298999309539795,3.9000000953674316,3.9298999309539795,1949
2026-09-02 13:48:00-04:00,3.916599988937378,3.9200000762939453,3.9100000858306885,3.9200000762939453,4567
2026-09-02 13:49:00-04:00,3.915299892425537,3.9298999309539795,3.915299892425537,3.9298999309539795,1995
2026-09-02 13:50:00-04:00,3.9200000762939453,3.930000066757202,3.9100000858306885,3.9286000728607178,9363
2026-09-02 13:51:00-04:00,3.924999952316284,3.940000057220459,3.924999952316284,3.934999942779541,1326
2026-09-02 13:52:00-04:00,3.920099973678589,3.940000057220459,3.920099973678589,3.933000087738037,2104
2026-09-02 13:53:00-04:00,3.950000047683716,3.95989990234375,3.924999952316284,3.930000066757202,3521
2026-09-02 13:54:00-04:00,3.928999900817871,3.930000066757202,3.9214000701904297,3.9291000366210938,2364
2026-09-02 13:55:00-04:00,3.924999952316284,3.924999952316284,3.9214000701904297,3.924999952316284,1416
2026-09-02 13:56:00-04:00,3.930000066757202,3.930000066757202,3.920099973678589,3.924999952316284,1346
2026-09-02 13:57:00-04:00,3.930000066757202,3.930000066757202,3.9298999309539795,3.9298999309539795,978
2026-09-02 13:58:00-04:00,3.930000066757202,3.940000057220459,3.920099973678589,3.940000057220459,8401
2026-09-02 13:59:00-04:00,3.930000066757202,3.9600000381469727,3.930000066757202,3.949899911880493,2359
2026-09-02 14:00:00-04:00,3.944999933242798,3.950000047683716,3.934999942779541,3.940000057220459,3893
2026-09-02 14:01:00-04:00,3.940000057220459,4.0,3.930000066757202,3.9549999237060547,26610
2026-09-02 14:02:00-04:00,3.950000047683716,3.9730000495910645,3.940000057220459,3.9730000495910645,1357
2026-09-02 14:03:00-04:00,3.952500104904175,3.9697999954223633,3.950000047683716,3.9600000381469727,4793
2026-09-02 14:04:00-04:00,3.940000057220459,3.9700000286102295,3.940000057220459,3.9695000648498535,15744
2026-09-02 14:05:00-04:00,3.950000047683716,4.0,3.950000047683716,3.9992001056671143,10895
2026-09-02 14:06:00-04:00,4.0,4.0,3.970099925994873,3.990000009536743,10856
2026-09-02 14:07:00-04:00,3.999000072479248,4.0,3.98009991645813,3.98009991645813,9593
2026-09-02 14:08:00-04:00,3.9951000213623047,4.0,3.9700000286102295,3.9700000286102295,3185
2026-09-02 14:09:00-04:00,3.9899001121520996,3.990000009536743,3.9600000381469727,3.9800000190734863,8041
2026-09-02 14:10:00-04:00,3.9800000190734863,3.9800000190734863,3.9600000381469727,3.9700000286102295,10345
2026-09-02 14:11:00-04:00,3.9600000381469727,3.990000009536743,3.9600000381469727,3.9839000701904297,4352
2026-09-02 14:12:00-04:00,3.9700000286102295,3.9700000286102295,3.9649999141693115,3.9700000286102295,4731
2026-09-02 14:13:00-04:00,3.960099935531616,3.969899892807007,3.930000066757202,3.930000066757202,7250
2026-09-02 14:14:00-04:00,3.930000066757202,3.940000057220459,3.930000066757202,3.940000057220459,4322
2026-09-02 14:15:00-04:00,3.950000047683716,3.9651999473571777,3.940000057220459,3.9600000381469727,4010
2026-09-02 14:16:00-04:00,3.9600000381469727,3.9700000286102295,3.950000047683716,3.9600000381469727,2523
2026-09-02 14:17:00-04:00,3.9700000286102295,3.9700000286102295,3.9700000286102295,3.9700000286102295,2407
2026-09-02 14:18:00-04:00,3.950000047683716,3.950000047683716,3.930000066757202,3.950000047683716,11536
2026-09-02 14:19:00-04:00,3.930000066757202,3.930000066757202,3.9100000858306885,3.9100000858306885,4395
2026-09-02 14:20:00-04:00,3.9000000953674316,3.9398999214172363,3.9000000953674316,3.924999952316284,4772
2026-09-02 14:21:00-04:00,3.921600103378296,3.940000057220459,3.9000000953674316,3.940000057220459,12359
2026-09-02 14:22:00-04:00,3.9100000858306885,3.9100000858306885,3.9000000953674316,3.9000000953674316,2933
2026-09-02 14:23:00-04:00,3.950000047683716,3.950000047683716,3.890000104904175,3.936800003051758,3101
2026-09-02 14:24:00-04:00,3.9000000953674316,3.950000047683716,3.890000104904175,3.9100000858306885,2679
2026-09-02 14:25:00-04:00,3.9398999214172363,3.9398999214172363,3.9149999618530273,3.9149999618530273,3153
2026-09-02 14:26:00-04:00,3.9100000858306885,3.9184000492095947,3.890000104904175,3.9184000492095947,5848
2026-09-02 14:27:00-04:00,3.9200000762939453,3.930000066757202,3.9198999404907227,3.9286000728607178,5682
2026-09-02 14:28:00-04:00,3.9286000728607178,3.930000066757202,3.9286000728607178,3.930000066757202,1084
2026-09-02 14:29:00-04:00,3.9484000205993652,3.9484000205993652,3.9484000205993652,3.9484000205993652,373
2026-09-02 14:30:00-04:00,3.950000047683716,3.950000047683716,3.950000047683716,3.950000047683716,423
2026-09-02 14:31:00-04:00,3.924999952316284,3.950000047683716,3.924999952316284,3.930000066757202,2458
2026-09-02 14:33:00-04:00,3.944999933242798,3.9570999145507812,3.9000000953674316,3.9000000953674316,7243
2026-09-02 14:34:00-04:00,3.924999952316284,3.9600000381469727,3.924999952316284,3.950000047683716,2838
2026-09-02 14:35:00-04:00,3.9010000228881836,3.944999933242798,3.9010000228881836,3.944999933242798,2247
2026-09-02 14:36:00-04:00,3.9414000511169434,3.950000047683716,3.9400999546051025,3.944999933242798,4906
2026-09-02 14:37:00-04:00,3.944999933242798,3.950000047683716,3.944999933242798,3.950000047683716,479
2026-09-02 14:38:00-04:00,3.930000066757202,3.930000066757202,3.930000066757202,3.930000066757202,2658
2026-09-02 14:39:00-04:00,3.940000057220459,3.940000057220459,3.940000057220459,3.940000057220459,201
2026-09-02 14:40:00-04:00,3.930000066757202,3.930000066757202,3.930000066757202,3.930000066757202,1353
2026-09-02 14:41:00-04:00,3.9200000762939453,3.9200000762939453,3.9117000102996826,3.9200000762939453,2492
2026-09-02 14:42:00-04:00,3.9202001094818115,3.9202001094818115,3.9200000762939453,3.9200000762939453,13245
2026-09-02 14:43:00-04:00,3.930000066757202,3.944999933242798,3.930000066757202,3.940000057220459,2168
2026-09-02 14:44:00-04:00,3.940000057220459,3.940000057220459,3.930000066757202,3.930000066757202,1759
2026-09-02 14:45:00-04:00,3.9100000858306885,3.9200000762939453,3.9000000953674316,3.9200000762939453,3373
2026-09-02 14:46:00-04:00,3.9100000858306885,3.9398999214172363,3.9000000953674316,3.9200000762939453,6357
2026-09-02 14:47:00-04:00,3.925299882888794,3.940000057220459,3.925299882888794,3.940000057220459,5565
2026-09-02 14:48:00-04:00,3.9200000762939453,3.9395999908447266,3.9100000858306885,3.930000066757202,4683
2026-09-02 14:49:00-04:00,3.929800033569336,3.929800033569336,3.9000000953674316,3.908600091934204,10761
2026-09-02 14:50:00-04:00,3.9100000858306885,3.9291999340057373,3.9000000953674316,3.924999952316284,1855
2026-09-02 14:51:00-04:00,3.930000066757202,3.930000066757202,3.930000066757202,3.930000066757202,5696
2026-09-02 14:52:00-04:00,3.928999900817871,3.9700000286102295,3.9200000762939453,3.9200000762939453,11457
2026-09-02 14:53:00-04:00,3.9200000762939453,3.9600000381469727,3.9200000762939453,3.9600000381469727,7298
2026-09-02 14:54:00-04:00,3.950000047683716,3.950000047683716,3.950000047683716,3.950000047683716,1942
2026-09-02 14:55:00-04:00,3.944999933242798,3.950000047683716,3.944999933242798,3.950000047683716,2547
2026-09-02 14:56:00-04:00,3.944999933242798,4.0,3.944999933242798,3.989300012588501,11791
2026-09-02 14:57:00-04:00,3.9600000381469727,3.9800000190734863,3.9600000381469727,3.9800000190734863,3188
2026-09-02 14:58:00-04:00,3.9700000286102295,4.0,3.9700000286102295,3.9800000190734863,16684
2026-09-02 14:59:00-04:00,3.994999885559082,4.0,3.990000009536743,3.990000009536743,4496
2026-09-02 15:00:00-04:00,3.994999885559082,4.0,3.990000009536743,3.994999885559082,5769
2026-09-02 15:01:00-04:00,3.994999885559082,4.0,3.9600000381469727,3.9914000034332275,13995
2026-09-02 15:02:00-04:00,3.990000009536743,3.990000009536743,3.9700000286102295,3.9800000190734863,12040
2026-09-02 15:03:00-04:00,3.9800000190734863,3.9800000190734863,3.9800000190734863,3.9800000190734863,2134
2026-09-02 15:04:00-04:00,3.9700000286102295,3.98009991645813,3.9700000286102295,3.98009991645813,1313
2026-09-02 15:05:00-04:00,3.984999895095825,3.98799991607666,3.9814000129699707,3.98799991607666,3055
2026-09-02 15:06:00-04:00,3.984999895095825,3.990000009536743,3.9600000381469727,3.9600000381469727,2804
2026-09-02 15:07:00-04:00,3.9600000381469727,3.9800000190734863,3.9549999237060547,3.9649999141693115,10046
2026-09-02 15:08:00-04:00,3.9700000286102295,3.9798998832702637,3.9700000286102295,3.9798998832702637,1691
2026-09-02 15:09:00-04:00,3.970099925994873,3.970099925994873,3.930000066757202,3.969899892807007,13415
2026-09-02 15:10:00-04:00,3.9600000381469727,3.9649999141693115,3.940000057220459,3.940000057220459,5657
2026-09-02 15:11:00-04:00,3.940000057220459,3.944999933242798,3.940000057220459,3.944999933242798,1587
2026-09-02 15:12:00-04:00,3.950000047683716,3.9700000286102295,3.944999933242798,3.9700000286102295,2341
2026-09-02 15:13:00-04:00,3.9800000190734863,3.990000009536743,3.950000047683716,3.950000047683716,6542
2026-09-02 15:14:00-04:00,3.950000047683716,3.9700000286102295,3.950000047683716,3.9700000286102295,844
2026-09-02 15:15:00-04:00,3.990000009536743,4.0,3.9814000129699707,3.990000009536743,5512
2026-09-02 15:16:00-04:00,3.9999001026153564,4.0,3.990000009536743,4.0,2945
2026-09-02 15:17:00-04:00,3.990000009536743,4.090000152587891,3.990000009536743,3.990000009536743,25664
2026-09-02 15:18:00-04:00,4.050000190734863,4.050000190734863,3.990000009536743,4.019999980926514,9351
2026-09-02 15:19:00-04:00,4.0,4.049900054931641,4.0,4.049900054931641,5030
2026-09-02 15:20:00-04:00,4.0,4.025000095367432,4.0,4.025000095367432,12581
2026-09-02 15:21:00-04:00,4.025000095367432,4.039999961853027,4.0,4.014999866485596,11853
2026-09-02 15:22:00-04:00,4.0,4.010000228881836,3.990000009536743,4.010000228881836,5159
2026-09-02 15:23:00-04:00,4.010000228881836,4.039899826049805,4.010000228881836,4.039899826049805,372
2026-09-02 15:24:00-04:00,4.010000228881836,4.03380012512207,4.0,4.019999980926514,2410
2026-09-02 15:25:00-04:00,4.010000228881836,4.019999980926514,4.010000228881836,4.014999866485596,1706
2026-09-02 15:26:00-04:00,4.038000106811523,4.039899826049805,4.01200008392334,4.039899826049805,1592
2026-09-02 15:27:00-04:00,4.039000034332275,4.03980016708374,4.01170015335083,4.025000095367432,7363
2026-09-02 15:28:00-04:00,4.038300037384033,4.038300037384033,4.038300037384033,4.038300037384033,368
2026-09-02 15:29:00-04:00,4.025000095367432,4.043600082397461,4.025000095367432,4.03000020980835,3243
2026-09-02 15:30:00-04:00,4.010900020599365,4.034999847412109,4.010000228881836,4.03000020980835,9544
2026-09-02 15:32:00-04:00,4.03000020980835,4.050000190734863,4.019999980926514,4.02239990234375,6831
2026-09-02 15:33:00-04:00,4.03000020980835,4.050000190734863,4.010000228881836,4.010000228881836,5746
2026-09-02 15:34:00-04:00,4.019999980926514,4.034999847412109,4.019999980926514,4.019999980926514,1559
2026-09-02 15:35:00-04:00,4.034999847412109,4.050000190734863,4.0,4.010000228881836,14513
2026-09-02 15:36:00-04:00,4.039999961853027,4.039999961853027,4.025000095367432,4.025000095367432,2069
2026-09-02 15:37:00-04:00,4.029799938201904,4.029799938201904,4.0,4.0,8681
2026-09-02 15:38:00-04:00,4.019899845123291,4.019899845123291,4.0,4.010000228881836,1762
2026-09-02 15:39:00-04:00,4.010000228881836,4.019800186157227,3.950000047683716,3.9800000190734863,12813
2026-09-02 15:40:00-04:00,3.990000009536743,3.990000009536743,3.984999895095825,3.984999895095825,2593
2026-09-02 15:41:00-04:00,3.984999895095825,4.008399963378906,3.9700000286102295,3.9700000286102295,2139
2026-09-02 15:42:00-04:00,3.984999895095825,4.010000228881836,3.981600046157837,4.010000228881836,1586
2026-09-02 15:43:00-04:00,3.990000009536743,4.010000228881836,3.990000009536743,4.009900093078613,6679
2026-09-02 15:44:00-04:00,4.010000228881836,4.010000228881836,3.994999885559082,3.998300075531006,4490
2026-09-02 15:45:00-04:00,3.99429988861084,3.99429988861084,3.940000057220459,3.9700000286102295,14717
2026-09-02 15:46:00-04:00,3.9865000247955322,3.9999001026153564,3.940000057220459,3.9600000381469727,7894
2026-09-02 15:47:00-04:00,3.9600000381469727,4.010000228881836,3.9600000381469727,3.960099935531616,6033
2026-09-02 15:48:00-04:00,3.9700000286102295,4.009900093078613,3.8499999046325684,3.9000000953674316,87549
2026-09-02 15:49:00-04:00,3.9000000953674316,3.944999933242798,3.9000000953674316,3.944999933242798,4030
2026-09-02 15:50:00-04:00,3.9697000980377197,3.9697000980377197,3.950000047683716,3.950000047683716,6331
2026-09-02 15:51:00-04:00,3.940000057220459,3.950000047683716,3.9200000762939453,3.9200000762939453,13743
2026-09-02 15:52:00-04:00,3.930000066757202,3.949899911880493,3.9001998901367188,3.940000057220459,14507
2026-09-02 15:53:00-04:00,3.924999952316284,3.950000047683716,3.9000000953674316,3.934999942779541,8099
2026-09-02 15:54:00-04:00,3.930000066757202,3.940000057220459,3.924999952316284,3.940000057220459,3972
2026-09-02 15:55:00-04:00,3.938999891281128,3.9549999237060547,3.934999942779541,3.950000047683716,4139
2026-09-02 15:56:00-04:00,3.950000047683716,3.9600000381469727,3.9354000091552734,3.9600000381469727,6564
2026-09-02 15:57:00-04:00,3.9549999237060547,3.9700000286102295,3.940000057220459,3.9697999954223633,9273
2026-09-02 15:58:00-04:00,3.9700000286102295,3.9700000286102295,3.8499999046325684,3.9000000953674316,24855
2026-09-02 15:59:00-04:00,3.9700000286102295,3.9700000286102295,3.8499999046325684,3.930000066757202,50998
2026-09-02 16:00:00-04:00,3.93,3.93,3.91,3.93,8808
2026-09-02 16:01:00-04:00,3.93,3.93,3.9,3.92,0
2026-09-02 16:02:00-04:00,3.9108,3.9108,3.89,3.9,0
2026-09-02 16:03:00-04:00,3.9,3.9,3.85,3.8516,0
2026-09-02 16:04:00-04:00,3.93,3.93,3.84,3.8497,0
2026-09-02 16:05:00-04:00,3.8402,3.85,3.8102,3.8102,0
2026-09-02 16:06:00-04:00,3.82,3.84,3.8,3.829,0
2026-09-02 16:07:00-04:00,3.83,3.83,3.82,3.83,0
2026-09-02 16:08:00-04:00,3.82,3.83,3.8,3.8,0
2026-09-02 16:09:00-04:00,3.8,3.83,3.78,3.78,0
2026-09-02 16:10:00-04:00,3.93,3.93,3.76,3.76,0
2026-09-02 16:11:00-04:00,3.76,3.7998,3.7101,3.79,0
2026-09-02 16:12:00-04:00,3.79,3.79,3.75,3.77,0
2026-09-02 16:13:00-04:00,3.77,3.8,3.75,3.7669,0
2026-09-02 16:14:00-04:00,3.7503,3.82,3.75,3.82,0
2026-09-02 16:15:00-04:00,3.85,3.85,3.8,3.8055,0
2026-09-02 16:16:00-04:00,3.8002,3.82,3.8,3.81,0
2026-09-02 16:17:00-04:00,3.82,3.82,3.81,3.82,0
2026-09-02 16:18:00-04:00,3.8197,3.86,3.81,3.86,0
2026-09-02 16:19:00-04:00,3.8899,3.89,3.85,3.87,0
2026-09-02 16:20:00-04:00,3.8692,3.88,3.86,3.87,0
2026-09-02 16:21:00-04:00,3.89,3.9,3.85,3.86,0
2026-09-02 16:22:00-04:00,3.87,3.88,3.87,3.88,0
2026-09-02 16:23:00-04:00,3.86,3.89,3.86,3.8778,0
2026-09-02 16:24:00-04:00,3.8799,3.88,3.87,3.88,0
2026-09-02 16:25:00-04:00,3.9,3.9,3.88,3.89,0
2026-09-02 16:26:00-04:00,3.89,3.93,3.88,3.88,0
2026-09-02 16:27:00-04:00,3.9,3.9,3.87,3.8954,0
2026-09-02 16:28:00-04:00,3.8803,3.89,3.8801,3.8801,0
2026-09-02 16:29:00-04:00,3.9,3.9,3.88,3.8842,0
2026-09-02 16:30:00-04:00,3.8807,3.9,3.88,3.9,0
2026-09-02 16:31:00-04:00,3.88,3.9,3.88,3.8901,0
2026-09-02 16:32:00-04:00,3.9,3.9,3.89,3.89,0
2026-09-02 16:33:00-04:00,3.9,3.9,3.89,3.9,0
2026-09-02 16:34:00-04:00,3.89,3.9,3.88,3.8993,0
2026-09-02 16:35:00-04:00,3.89,3.9,3.88,3.9,0
2026-09-02 16:36:00-04:00,3.8997,3.9,3.88,3.88,0
2026-09-02 16:37:00-04:00,3.88,3.8898,3.85,3.8508,0
2026-09-02 16:38:00-04:00,3.85,3.85,3.85,3.85,0
2026-09-02 16:39:00-04:00,3.85,3.9,3.85,3.86,0
2026-09-02 16:40:00-04:00,3.8699,3.88,3.8699,3.8797,0
2026-09-02 16:41:00-04:00,3.88,3.88,3.86,3.86,0
2026-09-02 16:42:00-04:00,3.88,3.88,3.86,3.88,0
2026-09-02 16:43:00-04:00,3.86,3.88,3.86,3.8797,0
2026-09-02 16:44:00-04:00,3.88,3.88,3.8799,3.88,0
2026-09-02 16:45:00-04:00,3.86,3.87,3.86,3.86,0
2026-09-02 16:46:00-04:00,3.8699,3.87,3.86,3.87,0
2026-09-02 16:47:00-04:00,3.86,3.87,3.86,3.86,0
2026-09-02 16:48:00-04:00,3.87,3.87,3.86,3.86,0
2026-09-02 16:49:00-04:00,3.8602,3.87,3.86,3.8608,0
2026-09-02 16:50:00-04:00,3.87,3.87,3.86,3.87,0
2026-09-02 16:51:00-04:00,3.87,3.87,3.86,3.87,0
2026-09-02 16:52:00-04:00,3.87,3.87,3.86,3.87,0
2026-09-02 16:53:00-04:00,3.8685,3.87,3.86,3.87,0
2026-09-02 16:54:00-04:00,3.8697,3.87,3.86,3.87,0
2026-09-02 16:55:00-04:00,3.86,3.8698,3.86,3.8601,0
2026-09-02 16:56:00-04:00,3.86,3.88,3.86,3.88,0
2026-09-02 16:57:00-04:00,3.88,3.88,3.86,3.86,0
2026-09-02 16:58:00-04:00,3.88,3.88,3.86,3.8798,0
2026-09-02 16:59:00-04:00,3.88,3.88,3.87,3.8701,0
2026-09-02 17:00:00-04:00,3.87,3.88,3.87,3.8799,0
2026-09-02 17:01:00-04:00,3.87,3.87,3.87,3.87,0
2026-09-02 17:02:00-04:00,3.8703,3.88,3.87,3.87,0
2026-09-02 17:03:00-04:00,3.87,3.8798,3.86,3.86,0
2026-09-02 17:04:00-04:00,3.86,3.87,3.86,3.87,0
2026-09-02 17:05:00-04:00,3.8697,3.87,3.8603,3.8603,0
2026-09-02 17:06:00-04:00,3.8698,3.8698,3.86,3.8697,0
2026-09-02 17:07:00-04:00,3.86,3.87,3.86,3.86,0
2026-09-02 17:08:00-04:00,3.8697,3.8697,3.86,3.86,0
2026-09-02 17:09:00-04:00,3.86,3.86,3.85,3.85,0
2026-09-02 17:10:00-04:00,3.86,3.86,3.8521,3.86,0
2026-09-02 17:11:00-04:00,3.8599,3.8599,3.85,3.85,0
2026-09-02 17:12:00-04:00,3.85,3.93,3.85,3.9,0
2026-09-02 17:13:00-04:00,3.91,3.98,3.91,3.98,0
2026-09-02 17:14:00-04:00,3.98,3.98,3.9,3.96,0
2026-09-02 17:15:00-04:00,3.96,3.98,3.96,3.979,0
2026-09-02 17:16:00-04:00,3.98,3.98,3.946,3.946,0
2026-09-02 17:17:00-04:00,3.9491,3.9498,3.9,3.94,0
2026-09-02 17:18:00-04:00,3.94,3.95,3.94,3.95,0
2026-09-02 17:19:00-04:00,3.96,3.98,3.95,3.96,0
2026-09-02 17:20:00-04:00,3.94,3.98,3.94,3.97,0
2026-09-02 17:21:00-04:00,3.97,3.98,3.96,3.96,0
2026-09-02 17:22:00-04:00,3.96,3.97,3.95,3.9597,0
2026-09-02 17:23:00-04:00,3.96,3.96,3.95,3.9503,0
2026-09-02 17:24:00-04:00,3.95,3.9598,3.95,3.95,0
2026-09-02 17:25:00-04:00,3.95,3.95,3.95,3.95,0
2026-09-02 17:26:00-04:00,3.95,3.9599,3.95,3.9597,0
2026-09-02 17:27:00-04:00,3.9598,3.96,3.95,3.96,0
2026-09-02 17:28:00-04:00,3.96,3.96,3.9501,3.9599,0
2026-09-02 17:29:00-04:00,3.9503,3.9599,3.95,3.9598,0
2026-09-02 17:30:00-04:00,3.95,3.9699,3.95,3.95,0
2026-09-02 17:31:00-04:00,3.969,3.97,3.96,3.97,0
2026-09-02 17:32:00-04:00,3.9692,3.97,3.9597,3.9597,0
2026-09-02 17:33:00-04:00,3.95,3.9502,3.95,3.95,0
2026-09-02 17:34:00-04:00,3.95,3.9694,3.95,3.96,0
2026-09-02 17:35:00-04:00,3.95,3.96,3.95,3.96,0
2026-09-02 17:36:00-04:00,3.95,3.9599,3.95,3.9572,0
2026-09-02 17:37:00-04:00,3.9502,3.96,3.95,3.9576,0
2026-09-02 17:38:00-04:00,3.96,3.96,3.9577,3.9598,0
2026-09-02 17:39:00-04:00,3.9573,3.96,3.95,3.9501,0
2026-09-02 17:40:00-04:00,3.9573,3.9599,3.95,3.9599,0
2026-09-02 17:41:00-04:00,3.9502,3.9599,3.9501,3.9501,0
2026-09-02 17:42:00-04:00,3.96,3.96,3.95,3.9597,0
2026-09-02 17:43:00-04:00,3.9577,3.96,3.95,3.9501,0
2026-09-02 17:44:00-04:00,3.9577,3.9599,3.95,3.9599,0
2026-09-02 17:45:00-04:00,3.96,3.98,3.9578,3.9777,0
2026-09-02 17:46:00-04:00,3.98,4.1,3.97,4.1,0
2026-09-02 17:47:00-04:00,4.1,4.25,4.07,4.15,0
2026-09-02 17:48:00-04:00,4.2,4.2,4.09,4.1402,0
2026-09-02 17:49:00-04:00,4.15,4.15,4.05,4.0883,0
2026-09-02 17:50:00-04:00,4.09,4.1,4.08,4.09,0
2026-09-02 17:51:00-04:00,4.0577,4.1,4.0577,4.09,0
2026-09-02 17:52:00-04:00,4.09,4.1,4.08,4.09,0
2026-09-02 17:53:00-04:00,4.09,4.09,4.05,4.0504,0
2026-09-02 17:54:00-04:00,4.05,4.06,4.05,4.05,0
2026-09-02 17:55:00-04:00,4.05,4.08,4.05,4.05,0
2026-09-02 17:56:00-04:00,4.06,4.06,4.05,4.0578,0
2026-09-02 17:57:00-04:00,4.05,4.06,4.05,4.0598,0
2026-09-02 17:58:00-04:00,4.0523,4.06,4.05,4.05,0
2026-09-02 17:59:00-04:00,4.05,4.06,4.05,4.05,0
2026-09-02 18:00:00-04:00,4.05,4.06,4.05,4.0599,0
2026-09-02 18:01:00-04:00,4.05,4.06,4.05,4.0597,0
2026-09-02 18:02:00-04:00,4.055,4.055,4.0,4.03,0
2026-09-02 18:03:00-04:00,4.0307,4.05,4.0,4.0,0
2026-09-02 18:04:00-04:00,4.01,4.05,4.0,4.05,0
2026-09-02 18:05:00-04:00,4.05,4.05,4.0392,4.04,0
2026-09-02 18:06:00-04:00,4.04,4.04,4.01,4.0298,0
2026-09-02 18:07:00-04:00,4.0299,4.03,4.0102,4.0198,0
2026-09-02 18:08:00-04:00,4.02,4.0296,4.01,4.0296,0
2026-09-02 18:09:00-04:00,4.01,4.01,3.96,3.97,0
2026-09-02 18:10:00-04:00,3.971,4.01,3.971,4.0091,0
2026-09-02 18:11:00-04:00,4.0099,4.01,3.97,4.01,0
2026-09-02 18:12:00-04:00,4.0,4.0097,3.99,3.99,0
2026-09-02 18:13:00-04:00,4.01,4.01,4.0,4.0095,0
2026-09-02 18:14:00-04:00,4.0,4.0,3.98,3.99,0
2026-09-02 18:15:00-04:00,3.9999,4.01,3.99,4.01,0
2026-09-02 18:16:00-04:00,4.0099,4.01,4.0099,4.01,0
2026-09-02 18:17:00-04:00,4.0098,4.01,4.0098,4.0099,0
2026-09-02 18:18:00-04:00,4.0099,4.01,4.0,4.0,0
2026-09-02 18:19:00-04:00,4.0,4.01,4.0,4.0,0
2026-09-02 18:20:00-04:00,4.01,4.03,4.01,4.03,0
2026-09-02 18:21:00-04:00,4.01,4.03,4.01,4.01,0
2026-09-02 18:22:00-04:00,4.03,4.03,4.01,4.03,0
2026-09-02 18:23:00-04:00,4.03,4.05,4.0299,4.05,0
2026-09-02 18:24:00-04:00,4.0492,4.0499,4.03,4.03,0
2026-09-02 18:25:00-04:00,4.0301,4.05,4.03,4.03,0
2026-09-02 18:26:00-04:00,4.05,4.06,4.03,4.06,0
2026-09-02 18:27:00-04:00,4.06,4.06,4.03,4.03,0
2026-09-02 18:28:00-04:00,4.04,4.0498,4.03,4.0498,0
2026-09-02 18:29:00-04:00,4.04,4.06,4.04,4.04,0
2026-09-02 18:30:00-04:00,4.02,4.05,4.02,4.05,0
2026-09-02 18:31:00-04:00,4.05,4.05,4.04,4.05,0
2026-09-02 18:32:00-04:00,4.05,4.0503,4.05,4.05,0
2026-09-02 18:33:00-04:00,4.0502,4.0502,4.05,4.0501,0
2026-09-02 18:34:00-04:00,4.0599,4.06,4.0599,4.06,0
2026-09-02 18:35:00-04:00,4.06,4.06,4.04,4.04,0
2026-09-02 18:36:00-04:00,4.04,4.06,4.03,4.03,0
2026-09-02 18:37:00-04:00,4.02,4.03,4.01,4.03,0
2026-09-02 18:38:00-04:00,4.01,4.0101,4.01,4.0101,0
2026-09-02 18:39:00-04:00,4.0199,4.02,4.0,4.0,0
2026-09-02 18:40:00-04:00,4.01,4.0203,4.0,4.0,0
2026-09-02 18:41:00-04:00,4.01,4.01,4.01,4.01,0
2026-09-02 18:42:00-04:00,4.0199,4.02,4.01,4.0101,0
2026-09-02 18:43:00-04:00,4.0197,4.0201,4.01,4.0201,0
2026-09-02 18:44:00-04:00,4.0203,4.0203,4.02,4.0203,0
2026-09-02 18:45:00-04:00,4.03,4.03,4.03,4.03,0
2026-09-02 18:46:00-04:00,4.0309,4.05,4.03,4.03,0
2026-09-02 18:47:00-04:00,4.03,4.03,4.02,4.02,0
2026-09-02 18:48:00-04:00,4.04,4.04,4.04,4.04,0
2026-09-02 18:49:00-04:00,4.04,4.04,4.0201,4.0201,0
2026-09-02 18:50:00-04:00,4.05,4.05,4.0201,4.05,0
2026-09-02 18:51:00-04:00,4.0201,4.0201,4.02,4.02,0
2026-09-02 18:52:00-04:00,4.02,4.03,4.02,4.03,0
2026-09-02 18:53:00-04:00,4.03,4.03,4.03,4.03,0
2026-09-02 18:54:00-04:00,4.03,4.03,4.02,4.03,0
2026-09-02 18:55:00-04:00,4.03,4.03,4.03,4.03,0
2026-09-02 18:56:00-04:00,4.03,4.03,4.0,4.0,0
2026-09-02 18:57:00-04:00,4.0014,4.0016,4.0,4.0016,0
2026-09-02 18:58:00-04:00,4.04,4.04,4.0,4.0,0
2026-09-02 18:59:00-04:00,4.04,4.04,4.04,4.04,0
2026-09-02 19:00:00-04:00,4.0,4.0,4.0,4.0,0
2026-09-02 19:01:00-04:00,3.99,4.0,3.99,3.99,0
2026-09-02 19:02:00-04:00,4.03,4.03,4.03,4.03,0
2026-09-02 19:03:00-04:00,4.0,4.0,3.9501,3.9501,0
2026-09-02 19:04:00-04:00,3.96,3.9797,3.96,3.971,0
2026-09-02 19:05:00-04:00,3.9577,3.98,3.95,3.95,0
2026-09-02 19:06:00-04:00,3.98,3.99,3.98,3.99,0
2026-09-02 19:07:00-04:00,3.9601,3.9601,3.9601,3.9601,0
2026-09-02 19:08:00-04:00,3.9776,3.98,3.95,3.9601,0
2026-09-02 19:09:00-04:00,3.96,3.9694,3.9599,3.96,0
2026-09-02 19:10:00-04:00,3.95,3.99,3.95,3.99,0
2026-09-02 19:11:00-04:00,3.9897,3.9897,3.9897,3.9897,0
2026-09-02 19:12:00-04:00,3.98,3.99,3.97,3.97,0
2026-09-02 19:13:00-04:00,3.99,3.99,3.9703,3.98,0
2026-09-02 19:14:00-04:00,3.98,3.99,3.98,3.99,0
2026-09-02 19:15:00-04:00,3.98,3.99,3.97,3.98,0
2026-09-02 19:16:00-04:00,3.97,3.97,3.95,3.9597,0
2026-09-02 19:17:00-04:00,3.96,3.99,3.96,3.96,0
2026-09-02 19:18:00-04:00,3.99,3.99,3.99,3.99,0
2026-09-02 19:19:00-04:00,3.9708,3.9708,3.9708,3.9708,0
2026-09-02 19:20:00-04:00,3.97,3.97,3.9615,3.9698,0
2026-09-02 19:21:00-04:00,3.9602,3.9602,3.95,3.96,0
2026-09-02 19:22:00-04:00,3.96,3.9829,3.96,3.9829,0
2026-09-02 19:23:00-04:00,3.96,3.98,3.96,3.98,0
2026-09-02 19:24:00-04:00,3.96,3.97,3.96,3.97,0
2026-09-02 19:25:00-04:00,3.98,3.99,3.97,3.97,0
2026-09-02 19:26:00-04:00,3.99,3.99,3.96,3.9604,0
2026-09-02 19:27:00-04:00,3.96,3.9781,3.96,3.96,0
2026-09-02 19:28:00-04:00,3.9894,3.99,3.97,3.97,0
2026-09-02 19:29:00-04:00,3.9699,3.97,3.95,3.95,0
2026-09-02 19:30:00-04:00,3.94,3.94,3.9223,3.93,0
2026-09-02 19:31:00-04:00,3.93,3.93,3.92,3.93,0
2026-09-02 19:32:00-04:00,3.96,3.96,3.9353,3.9353,0
2026-09-02 19:33:00-04:00,3.9397,3.94,3.9377,3.9377,0
2026-09-02 19:34:00-04:00,3.9301,3.9398,3.93,3.9358,0
2026-09-02 19:35:00-04:00,3.9394,3.9398,3.92,3.9201,0
2026-09-02 19:36:00-04:00,3.9199,3.92,3.91,3.91,0
2026-09-02 19:37:00-04:00,3.91,3.9679,3.91,3.92,0
2026-09-02 19:38:00-04:00,3.93,3.9883,3.93,3.95,0
2026-09-02 19:39:00-04:00,3.9495,3.9498,3.9453,3.9453,0
2026-09-02 19:40:00-04:00,3.95,3.95,3.9412,3.9412,0
2026-09-02 19:41:00-04:00,3.9897,3.99,3.9695,3.9695,0
2026-09-02 19:42:00-04:00,3.98,3.98,3.94,3.97,0
2026-09-02 19:43:00-04:00,3.95,3.95,3.95,3.95,0
2026-09-02 19:44:00-04:00,3.9469,3.95,3.9458,3.9458,0
2026-09-02 19:45:00-04:00,3.93,3.95,3.93,3.95,0
2026-09-02 19:46:00-04:00,3.97,3.97,3.95,3.95,0
2026-09-02 19:47:00-04:00,3.95,3.95,3.93,3.9301,0
2026-09-02 19:48:00-04:00,3.9377,3.94,3.9303,3.9303,0
2026-09-02 19:49:00-04:00,3.9302,3.94,3.9302,3.94,0
2026-09-02 19:50:00-04:00,3.99,3.99,3.93,3.95,0
2026-09-02 19:51:00-04:00,3.95,3.95,3.94,3.94,0
2026-09-02 19:52:00-04:00,3.93,3.95,3.93,3.95,0
2026-09-02 19:53:00-04:00,3.95,3.95,3.95,3.95,0
2026-09-02 19:54:00-04:00,3.99,3.99,3.9494,3.95,0
2026-09-02 19:55:00-04:00,3.9458,3.95,3.9458,3.95,0
2026-09-02 19:56:00-04:00,3.9659,3.9659,3.93,3.95,0
2026-09-02 19:57:00-04:00,3.9303,3.95,3.93,3.95,0
2026-09-02 19:58:00-04:00,3.98,3.98,3.98,3.98,0
2026-09-02 19:59:00-04:00,3.97,3.98,3.95,3.98,0
2026-09-03 04:00:00-04:00,3.99,4.04,3.85,3.94,0
2026-09-03 04:01:00-04:00,3.89,3.99,3.89,3.94,0
2026-09-03 04:02:00-04:00,3.9448,3.9448,3.9008,3.9008,0
2026-09-03 04:03:00-04:00,3.9008,3.9928,3.9,3.99,0
2026-09-03 04:04:00-04:00,3.9256,3.9929,3.9163,3.9163,0
2026-09-03 04:05:00-04:00,3.9852,3.99,3.93,3.99,0
2026-09-03 04:06:00-04:00,3.9896,3.9896,3.944,3.98,0
2026-09-03 04:07:00-04:00,3.95,3.98,3.95,3.98,0
2026-09-03 04:08:00-04:00,4.01,4.0352,4.0,4.0308,0
2026-09-03 04:09:00-04:00,4.05,4.1421,4.04,4.0995,0
2026-09-03 04:10:00-04:00,4.0999,4.22,4.09,4.196,0
2026-09-03 04:11:00-04:00,4.19,4.1992,4.12,4.1395,0
2026-09-03 04:12:00-04:00,4.1305,4.14,4.12,4.1295,0
2026-09-03 04:13:00-04:00,4.12,4.19,4.12,4.15,0
2026-09-03 04:14:00-04:00,4.1505,4.1899,4.1405,4.17,0
2026-09-03 04:15:00-04:00,4.1692,4.19,4.15,4.17,0
2026-09-03 04:16:00-04:00,4.17,4.22,4.154,4.2192,0
2026-09-03 04:17:00-04:00,4.2192,4.4,4.1308,4.161,0
2026-09-03 04:18:00-04:00,4.1992,4.31,4.19,4.2563,0
2026-09-03 04:19:00-04:00,4.27,4.2992,4.22,4.2495,0
2026-09-03 04:20:00-04:00,4.2797,4.28,4.235,4.235,0
2026-09-03 04:21:00-04:00,4.2305,4.24,4.14,4.1758,0
2026-09-03 04:22:00-04:00,4.1733,4.1992,4.16,4.1792,0
2026-09-03 04:23:00-04:00,4.1634,4.19,4.16,4.1705,0
2026-09-03 04:24:00-04:00,4.1608,4.1897,4.1,4.11,0
2026-09-03 04:25:00-04:00,4.11,4.11,4.0308,4.0505,0
2026-09-03 04:26:00-04:00,4.0505,4.07,4.05,4.07,0
2026-09-03 04:27:00-04:00,4.06,4.09,4.06,4.07,0
2026-09-03 04:28:00-04:00,4.07,4.07,4.0,4.0005,0
2026-09-03 04:29:00-04:00,4.0082,4.03,3.95,4.0008,0
2026-09-03 04:30:00-04:00,4.0,4.0215,3.9501,3.98,0
2026-09-03 04:31:00-04:00,4.0,4.15,3.98,4.0698,0
2026-09-03 04:32:00-04:00,4.06,4.12,4.06,4.1098,0
2026-09-03 04:33:00-04:00,4.09,4.114,4.0803,4.0992,0
2026-09-03 04:34:00-04:00,4.1,4.1,4.0835,4.09,0
2026-09-03 04:35:00-04:00,4.0808,4.0993,4.08,4.0895,0
2026-09-03 04:36:00-04:00,4.0808,4.09,4.08,4.082,0
2026-09-03 04:37:00-04:00,4.08,4.0992,4.08,4.0805,0
2026-09-03 04:38:00-04:00,4.09,4.09,4.08,4.09,0
2026-09-03 04:39:00-04:00,4.0803,4.1,4.0803,4.0985,0
2026-09-03 04:40:00-04:00,4.0905,4.0995,4.08,4.0892,0
2026-09-03 04:41:00-04:00,4.08,4.08,4.06,4.0605,0
2026-09-03 04:42:00-04:00,4.06,4.09,4.06,4.09,0
2026-09-03 04:43:00-04:00,4.0899,4.09,4.0708,4.0708,0
2026-09-03 04:44:00-04:00,4.0806,4.09,4.08,4.0805,0
2026-09-03 04:45:00-04:00,4.089,4.0899,4.0801,4.0806,0
2026-09-03 04:46:00-04:00,4.082,4.0895,4.0803,4.0805,0
2026-09-03 04:47:00-04:00,4.0802,4.09,4.08,4.0878,0
2026-09-03 04:48:00-04:00,4.0895,4.0895,4.079,4.079,0
2026-09-03 04:49:00-04:00,4.07,4.08,4.07,4.07,0
2026-09-03 04:50:00-04:00,4.0692,4.07,4.05,4.0581,0
2026-09-03 04:51:00-04:00,4.0521,4.08,4.0519,4.079,0
2026-09-03 04:52:00-04:00,4.06,4.09,4.0501,4.052,0
2026-09-03 04:53:00-04:00,4.052,4.06,4.05,4.0579,0
2026-09-03 04:54:00-04:00,4.0521,4.0598,4.0505,4.0598,0
2026-09-03 04:55:00-04:00,4.0505,4.0595,4.05,4.0505,0
2026-09-03 04:56:00-04:00,4.0505,4.08,4.0501,4.0505,0
2026-09-03 04:57:00-04:00,4.0508,4.0792,4.05,4.0729,0
2026-09-03 04:58:00-04:00,4.0705,4.0795,4.07,4.0792,0
2026-09-03 04:59:00-04:00,4.0792,4.0795,4.05,4.0705,0
2026-09-03 05:00:00-04:00,4.0698,4.0698,4.06,4.06,0
2026-09-03 05:01:00-04:00,4.068,4.0695,4.0605,4.0605,0
2026-09-03 05:02:00-04:00,4.0605,4.0691,4.0601,4.0691,0
2026-09-03 05:03:00-04:00,4.0678,4.068,4.0601,4.0601,0
2026-09-03 05:04:00-04:00,4.07,4.07,4.05,4.0608,0
2026-09-03 05:05:00-04:00,4.07,4.08,4.07,4.07,0
2026-09-03 05:06:00-04:00,4.08,4.08,4.07,4.0795,0
2026-09-03 05:07:00-04:00,4.0795,4.0869,4.0707,4.08,0
2026-09-03 05:08:00-04:00,4.08,4.0992,4.0795,4.0992,0
2026-09-03 05:09:00-04:00,4.0802,4.1,4.0802,4.1,0
2026-09-03 05:10:00-04:00,4.0995,4.14,4.0995,4.1219,0
2026-09-03 05:11:00-04:00,4.13,4.1792,4.13,4.1492,0
2026-09-03 05:12:00-04:00,4.15,4.15,4.13,4.1305,0
2026-09-03 05:13:00-04:00,4.14,4.15,4.13,4.1395,0
2026-09-03 05:14:00-04:00,4.13,4.14,4.1181,4.1181,0
2026-09-03 05:15:00-04:00,4.12,4.12,4.08,4.09,0
2026-09-03 05:16:00-04:00,4.08,4.09,4.0751,4.0821,0
2026-09-03 05:17:00-04:00,4.0805,4.09,4.08,4.09,0
2026-09-03 05:18:00-04:00,4.09,4.09,4.09,4.09,0
2026-09-03 05:19:00-04:00,4.09,4.09,4.089,4.09,0
2026-09-03 05:20:00-04:00,4.09,4.1,4.09,4.09,0
2026-09-03 05:21:00-04:00,4.09,4.1,4.09,4.1,0
2026-09-03 05:22:00-04:00,4.1092,4.1092,4.09,4.09,0
2026-09-03 05:23:00-04:00,4.0995,4.1,4.09,4.09,0
2026-09-03 05:24:00-04:00,4.1,4.1,4.09,4.0998,0
2026-09-03 05:25:00-04:00,4.09,4.0995,4.09,4.0995,0
2026-09-03 05:26:00-04:00,4.0995,4.1,4.099,4.0995,0
2026-09-03 05:27:00-04:00,4.1,4.1,4.0905,4.0995,0
2026-09-03 05:28:00-04:00,4.0995,4.1,4.09,4.0998,0
2026-09-03 05:29:00-04:00,4.0905,4.0995,4.0905,4.0905,0
2026-09-03 05:30:00-04:00,4.0995,4.0998,4.09,4.09,0
2026-09-03 05:31:00-04:00,4.09,4.09,4.0805,4.09,0
2026-09-03 05:32:00-04:00,4.09,4.1,4.089,4.09,0
2026-09-03 05:33:00-04:00,4.09,4.09,4.0808,4.09,0
2026-09-03 05:34:00-04:00,4.08,4.0895,4.08,4.08,0
2026-09-03 05:35:00-04:00,4.0895,4.0895,4.0802,4.0895,0
2026-09-03 05:36:00-04:00,4.0895,4.09,4.08,4.09,0
2026-09-03 05:37:00-04:00,4.08,4.09,4.08,4.09,0
2026-09-03 05:38:00-04:00,4.09,4.09,4.0805,4.0805,0
2026-09-03 05:39:00-04:00,4.0801,4.0878,4.08,4.0801,0
2026-09-03 05:40:00-04:00,4.089,4.09,4.08,4.0882,0
2026-09-03 05:41:00-04:00,4.0805,4.0895,4.08,4.0805,0
2026-09-03 05:42:00-04:00,4.0805,4.09,4.0801,4.09,0
2026-09-03 05:43:00-04:00,4.09,4.09,4.0895,4.0895,0
2026-09-03 05:44:00-04:00,4.09,4.09,4.08,4.08,0
2026-09-03 05:45:00-04:00,4.0805,4.0805,4.08,4.0805,0
2026-09-03 05:46:00-04:00,4.09,4.09,4.08,4.0805,0
2026-09-03 05:47:00-04:00,4.09,4.09,4.0805,4.0805,0
2026-09-03 05:48:00-04:00,4.07,4.07,4.0595,4.0595,0
2026-09-03 05:49:00-04:00,4.0595,4.06,4.05,4.05,0
2026-09-03 05:50:00-04:00,4.0505,4.06,4.05,4.0595,0
2026-09-03 05:51:00-04:00,4.06,4.06,4.05,4.05,0
2026-09-03 05:52:00-04:00,4.05,4.05,4.02,4.02,0
2026-09-03 05:53:00-04:00,4.0105,4.0198,4.0,4.0003,0
2026-09-03 05:54:00-04:00,4.0005,4.009,4.0005,4.009,0
2026-09-03 05:55:00-04:00,4.0005,4.01,4.0,4.01,0
2026-09-03 05:56:00-04:00,4.0005,4.01,4.0,4.0001,0
2026-09-03 05:57:00-04:00,4.01,4.01,4.01,4.01,0
2026-09-03 05:58:00-04:00,4.0095,4.0221,4.0003,4.0221,0
2026-09-03 05:59:00-04:00,4.0314,4.07,4.0201,4.0592,0
2026-09-03 06:00:00-04:00,4.02,4.04,4.02,4.03,0
2026-09-03 06:01:00-04:00,4.03,4.03,4.02,4.0216,0
2026-09-03 06:02:00-04:00,4.02,4.0292,4.01,4.01,0
2026-09-03 06:03:00-04:00,4.02,4.02,4.0008,4.01,0
2026-09-03 06:04:00-04:00,4.0196,4.0196,4.0079,4.0095,0
2026-09-03 06:05:00-04:00,4.0095,4.0108,4.0095,4.01,0
2026-09-03 06:06:00-04:00,4.0108,4.046,4.0108,4.04,0
2026-09-03 06:07:00-04:00,4.04,4.05,4.04,4.05,0
2026-09-03 06:08:00-04:00,4.04,4.04,4.0392,4.0392,0
2026-09-03 06:09:00-04:00,4.0008,4.0392,4.0,4.01,0
2026-09-03 06:10:00-04:00,4.0397,4.04,4.039,4.0399,0
2026-09-03 06:11:00-04:00,4.04,4.04,4.0395,4.04,0
2026-09-03 06:12:00-04:00,4.0395,4.0397,4.0305,4.0305,0
2026-09-03 06:13:00-04:00,4.0305,4.0395,4.0305,4.0305,0
2026-09-03 06:14:00-04:00,4.0395,4.0395,4.0108,4.0108,0
2026-09-03 06:15:00-04:00,4.04,4.0401,4.04,4.0401,0
2026-09-03 06:16:00-04:00,4.0408,4.044,4.04,4.04,0
2026-09-03 06:17:00-04:00,4.04,4.086,4.04,4.0608,0
2026-09-03 06:18:00-04:00,4.06,4.06,4.04,4.06,0
2026-09-03 06:19:00-04:00,4.0607,4.0705,4.0607,4.0705,0
2026-09-03 06:20:00-04:00,4.07,4.07,4.07,4.07,0
2026-09-03 06:21:00-04:00,4.07,4.07,4.04,4.04,0
2026-09-03 06:22:00-04:00,4.04,4.04,4.0205,4.0205,0
2026-09-03 06:23:00-04:00,4.0195,4.02,4.0005,4.01,0
2026-09-03 06:24:00-04:00,4.01,4.01,4.0,4.01,0
2026-09-03 06:25:00-04:00,4.0148,4.024,4.0148,4.02,0
2026-09-03 06:26:00-04:00,4.0208,4.0592,4.0208,4.0592,0
2026-09-03 06:27:00-04:00,4.0208,4.0208,4.0208,4.0208,0
2026-09-03 06:28:00-04:00,4.02,4.02,4.02,4.02,0
2026-09-03 06:29:00-04:00,4.02,4.04,4.02,4.04,0
2026-09-03 06:30:00-04:00,4.02,4.0295,4.02,4.0295,0
2026-09-03 06:31:00-04:00,4.0295,4.0295,4.0295,4.0295,0
2026-09-03 06:33:00-04:00,4.02,4.0397,4.02,4.0397,0
2026-09-03 06:34:00-04:00,4.0395,4.0395,4.03,4.0395,0
2026-09-03 06:35:00-04:00,4.0308,4.0501,4.0308,4.05,0
2026-09-03 06:36:00-04:00,4.0308,4.0308,4.0308,4.0308,0
2026-09-03 06:37:00-04:00,4.05,4.05,4.05,4.05,0
2026-09-03 06:38:00-04:00,4.0492,4.05,4.04,4.05,0
2026-09-03 06:39:00-04:00,4.05,4.05,4.05,4.05,0
2026-09-03 06:40:00-04:00,4.05,4.05,4.0493,4.0493,0
2026-09-03 06:41:00-04:00,4.0492,4.0494,4.0492,4.0492,0
2026-09-03 06:42:00-04:00,4.05,4.05,4.04,4.04,0
2026-09-03 06:43:00-04:00,4.04,4.05,4.03,4.03,0
2026-09-03 06:44:00-04:00,4.03,4.0592,4.03,4.03,0
2026-09-03 06:45:00-04:00,4.05,4.05,4.0301,4.0301,0
2026-09-03 06:46:00-04:00,4.05,4.05,4.03,4.03,0
2026-09-03 06:47:00-04:00,4.04,4.04,4.04,4.04,0
2026-09-03 06:48:00-04:00,4.04,4.04,4.03,4.03,0
2026-09-03 06:49:00-04:00,4.0305,4.0483,4.03,4.0461,0
2026-09-03 06:50:00-04:00,4.03,4.05,4.03,4.049,0
2026-09-03 06:51:00-04:00,4.05,4.05,4.03,4.03,0
2026-09-03 06:52:00-04:00,4.0297,4.05,4.029,4.05,0
2026-09-03 06:53:00-04:00,4.0595,4.06,4.05,4.0505,0
2026-09-03 06:54:00-04:00,4.0595,4.06,4.0595,4.06,0
2026-09-03 06:55:00-04:00,4.06,4.06,4.0505,4.0505,0
2026-09-03 06:56:00-04:00,4.05,4.06,4.05,4.06,0
2026-09-03 06:57:00-04:00,4.06,4.07,4.06,4.07,0
2026-09-03 06:58:00-04:00,4.07,4.07,4.07,4.07,0
2026-09-03 06:59:00-04:00,4.08,4.08,4.07,4.07,0
2026-09-03 07:00:00-04:00,4.07,4.07,4.05,4.0596,0
2026-09-03 07:01:00-04:00,4.0498,4.0498,4.03,4.03,0
2026-09-03 07:02:00-04:00,4.0299,4.04,4.01,4.01,0
2026-09-03 07:03:00-04:00,4.0095,4.01,4.0,4.01,0
2026-09-03 07:04:00-04:00,4.0099,4.01,3.9995,3.9995,0
2026-09-03 07:05:00-04:00,3.9995,4.0008,3.9905,4.0,0
2026-09-03 07:06:00-04:00,4.0,4.0397,3.994,4.0392,0
2026-09-03 07:07:00-04:00,4.01,4.02,4.0006,4.01,0
2026-09-03 07:08:00-04:00,4.0169,4.02,4.0008,4.019,0
2026-09-03 07:09:00-04:00,4.0103,4.0392,4.0103,4.0392,0
2026-09-03 07:10:00-04:00,4.0397,4.0397,4.01,4.0108,0
2026-09-03 07:11:00-04:00,4.0108,4.03,4.01,4.01,0
2026-09-03 07:12:00-04:00,4.01,4.02,4.0001,4.0095,0
2026-09-03 07:13:00-04:00,4.01,4.01,3.99,3.99,0
2026-09-03 07:14:00-04:00,3.9905,4.0,3.99,3.9903,0
2026-09-03 07:15:00-04:00,4.0095,4.0095,3.9999,4.0,0
2026-09-03 07:16:00-04:00,3.9998,3.9998,3.96,3.97,0
2026-09-03 07:17:00-04:00,3.9705,3.9705,3.93,3.93,0
2026-09-03 07:18:00-04:00,3.929,3.9997,3.9108,3.9448,0
2026-09-03 07:19:00-04:00,3.9448,4.0,3.94,3.98,0
2026-09-03 07:20:00-04:00,3.95,3.98,3.94,3.94,0
2026-09-03 07:21:00-04:00,3.9797,3.9797,3.9432,3.9569,0
2026-09-03 07:22:00-04:00,3.95,3.95,3.93,3.93,0
2026-09-03 07:23:00-04:00,3.9397,3.94,3.92,3.93,0
2026-09-03 07:24:00-04:00,3.9205,3.93,3.9,3.9293,0
2026-09-03 07:25:00-04:00,3.929,3.929,3.9095,3.91,0
2026-09-03 07:26:00-04:00,3.9102,3.9105,3.9,3.91,0
2026-09-03 07:27:00-04:00,3.9005,3.91,3.9,3.9008,0
2026-09-03 07:28:00-04:00,3.91,3.91,3.89,3.89,0
2026-09-03 07:29:00-04:00,3.89,3.8997,3.8505,3.8505,0
2026-09-03 07:30:00-04:00,3.8595,3.86,3.8,3.805,0
2026-09-03 07:31:00-04:00,3.8,3.81,3.79,3.79,0
2026-09-03 07:32:00-04:00,3.7995,3.84,3.79,3.83,0
2026-09-03 07:33:00-04:00,3.8392,3.86,3.83,3.85,0
2026-09-03 07:34:00-04:00,3.8595,3.86,3.8008,3.8192,0
2026-09-03 07:35:00-04:00,3.8368,3.84,3.81,3.8108,0
2026-09-03 07:36:00-04:00,3.8108,3.86,3.8108,3.8592,0
2026-09-03 07:37:00-04:00,3.8408,3.86,3.8408,3.8571,0
2026-09-03 07:38:00-04:00,3.84,3.86,3.84,3.8595,0
2026-09-03 07:39:00-04:00,3.9144,3.92,3.86,3.89,0
2026-09-03 07:40:00-04:00,3.86,3.9144,3.8508,3.896,0
2026-09-03 07:41:00-04:00,3.896,3.92,3.88,3.89,0
2026-09-03 07:42:00-04:00,3.9,3.9,3.86,3.8968,0
2026-09-03 07:43:00-04:00,3.88,3.9,3.87,3.89,0
2026-09-03 07:44:00-04:00,3.8819,3.9,3.87,3.8708,0
2026-09-03 07:45:00-04:00,3.89,3.9,3.8823,3.9,0
2026-09-03 07:46:00-04:00,3.8997,3.9292,3.89,3.91,0
2026-09-03 07:47:00-04:00,3.9008,3.92,3.9,3.919,0
2026-09-03 07:48:00-04:00,3.92,3.92,3.9,3.91,0
2026-09-03 07:49:00-04:00,3.9197,3.92,3.919,3.919,0
2026-09-03 07:50:00-04:00,3.919,3.92,3.9,3.9,0
2026-09-03 07:51:00-04:00,3.9,3.9099,3.88,3.8808,0
2026-09-03 07:52:00-04:00,3.8808,3.9,3.8808,3.8905,0
2026-09-03 07:53:00-04:00,3.8905,3.9,3.88,3.88,0
2026-09-03 07:54:00-04:00,3.8995,3.8995,3.88,3.8808,0
2026-09-03 07:55:00-04:00,3.8808,3.8994,3.88,3.881,0
2026-09-03 07:56:00-04:00,3.8992,3.8992,3.8808,3.89,0
2026-09-03 07:57:00-04:00,3.89,3.9,3.89,3.8995,0
2026-09-03 07:58:00-04:00,3.89,3.9,3.8808,3.9,0
2026-09-03 07:59:00-04:00,3.9,3.92,3.89,3.8997,0
2026-09-03 08:00:00-04:00,3.8995,3.8995,3.88,3.88,0
2026-09-03 08:01:00-04:00,3.8805,3.9,3.88,3.8808,0
2026-09-03 08:02:00-04:00,3.9,3.92,3.8811,3.89,0
2026-09-03 08:03:00-04:00,3.89,3.8999,3.89,3.89,0
2026-09-03 08:04:00-04:00,3.89,3.89,3.83,3.83,0
2026-09-03 08:05:00-04:00,3.84,3.84,3.8,3.801,0
2026-09-03 08:06:00-04:00,3.81,3.81,3.771,3.7905,0
2026-09-03 08:07:00-04:00,3.7999,3.8092,3.77,3.8,0
2026-09-03 08:08:00-04:00,3.79,3.8068,3.77,3.8,0
2026-09-03 08:09:00-04:00,3.79,3.8,3.78,3.78,0
2026-09-03 08:10:00-04:00,3.7992,3.8,3.78,3.78,0
2026-09-03 08:11:00-04:00,3.79,3.79,3.7707,3.7707,0
2026-09-03 08:12:00-04:00,3.77,3.87,3.77,3.84,0
2026-09-03 08:13:00-04:00,3.87,3.87,3.804,3.8498,0
2026-09-03 08:14:00-04:00,3.8498,3.8518,3.8308,3.8402,0
2026-09-03 08:15:00-04:00,3.85,3.85,3.83,3.84,0
2026-09-03 08:16:00-04:00,3.82,3.8587,3.81,3.8587,0
2026-09-03 08:17:00-04:00,3.839,3.839,3.839,3.839,0
2026-09-03 08:18:00-04:00,3.84,3.84,3.8,3.81,0
2026-09-03 08:19:00-04:00,3.8,3.8368,3.8,3.8368,0
2026-09-03 08:20:00-04:00,3.83,3.83,3.8,3.81,0
2026-09-03 08:21:00-04:00,3.83,3.83,3.82,3.82,0
2026-09-03 08:22:00-04:00,3.82,3.82,3.8008,3.82,0
2026-09-03 08:23:00-04:00,3.8006,3.82,3.8006,3.82,0
2026-09-03 08:24:00-04:00,3.8198,3.83,3.81,3.83,0
2026-09-03 08:25:00-04:00,3.86,3.9,3.82,3.86,0
2026-09-03 08:26:00-04:00,3.86,3.89,3.86,3.89,0
2026-09-03 08:27:00-04:00,3.89,3.9,3.87,3.899,0
2026-09-03 08:28:00-04:00,3.8805,3.9,3.88,3.9,0
2026-09-03 08:29:00-04:00,3.8808,3.9,3.87,3.89,0
2026-09-03 08:30:00-04:00,3.87,3.9,3.87,3.89,0
2026-09-03 08:31:00-04:00,3.89,3.9,3.89,3.9,0
2026-09-03 08:32:00-04:00,3.88,3.9,3.88,3.9,0
2026-09-03 08:33:00-04:00,3.9,3.9,3.899,3.9,0
2026-09-03 08:34:00-04:00,3.9,3.9,3.8903,3.8903,0
2026-09-03 08:35:00-04:00,3.899,3.9,3.8795,3.88,0
2026-09-03 08:36:00-04:00,3.8701,3.88,3.87,3.88,0
2026-09-03 08:37:00-04:00,3.88,3.88,3.87,3.8703,0
2026-09-03 08:38:00-04:00,3.8795,3.88,3.87,3.88,0
2026-09-03 08:39:00-04:00,3.88,3.88,3.86,3.87,0
2026-09-03 08:40:00-04:00,3.87,3.87,3.85,3.85,0
2026-09-03 08:41:00-04:00,3.85,3.85,3.83,3.84,0
2026-09-03 08:42:00-04:00,3.87,3.87,3.8401,3.87,0
2026-09-03 08:43:00-04:00,3.8508,3.87,3.8508,3.87,0
2026-09-03 08:44:00-04:00,3.8692,3.87,3.8508,3.8697,0
2026-09-03 08:45:00-04:00,3.87,3.9,3.85,3.9,0
2026-09-03 08:46:00-04:00,3.889,3.96,3.889,3.9452,0
2026-09-03 08:47:00-04:00,3.9,3.98,3.9,3.971,0
2026-09-03 08:48:00-04:00,3.9708,3.9997,3.9708,3.9997,0
2026-09-03 08:49:00-04:00,4.0,4.0,3.98,3.9995,0
2026-09-03 08:50:00-04:00,3.9995,4.0,3.98,3.9997,0
2026-09-03 08:51:00-04:00,3.99,4.02,3.99,4.02,0
2026-09-03 08:52:00-04:00,4.0,4.05,4.0,4.0458,0
2026-09-03 08:53:00-04:00,4.0363,4.05,4.01,4.04,0
2026-09-03 08:54:00-04:00,4.03,4.05,4.02,4.04,0
2026-09-03 08:55:00-04:00,4.03,4.0997,4.03,4.0997,0
2026-09-03 08:56:00-04:00,4.0808,4.1,4.0808,4.09,0
2026-09-03 08:57:00-04:00,4.1,4.1,4.0429,4.08,0
2026-09-03 08:58:00-04:00,4.08,4.09,4.05,4.07,0
2026-09-03 08:59:00-04:00,4.0891,4.09,4.06,4.0894,0
2026-09-03 09:00:00-04:00,4.078,4.09,4.07,4.0797,0
2026-09-03 09:01:00-04:00,4.04,4.07,3.9,4.0,0
2026-09-03 09:02:00-04:00,4.0,4.07,3.95,3.96,0
2026-09-03 09:03:00-04:00,3.9361,3.956,3.9,3.9,0
2026-09-03 09:04:00-04:00,3.9079,4.0,3.89,3.95,0
2026-09-03 09:05:00-04:00,3.9,4.0,3.8708,3.95,0
2026-09-03 09:06:00-04:00,3.94,3.96,3.88,3.92,0
2026-09-03 09:07:00-04:00,3.94,3.95,3.904,3.93,0
2026-09-03 09:08:00-04:00,3.9208,3.95,3.9208,3.94,0
2026-09-03 09:09:00-04:00,3.95,3.95,3.93,3.93,0
2026-09-03 09:10:00-04:00,3.93,3.95,3.93,3.94,0
2026-09-03 09:11:00-04:00,3.9418,3.96,3.94,3.94,0
2026-09-03 09:12:00-04:00,3.95,3.95,3.94,3.95,0
2026-09-03 09:13:00-04:00,3.95,3.9792,3.95,3.9792,0
2026-09-03 09:14:00-04:00,3.9508,3.9792,3.9508,3.97,0
2026-09-03 09:15:00-04:00,3.95,4.0,3.95,3.9997,0
2026-09-03 09:16:00-04:00,3.97,4.0,3.97,3.9995,0
2026-09-03 09:17:00-04:00,3.99,4.0,3.99,3.99,0
2026-09-03 09:18:00-04:00,3.9997,4.0,3.9905,3.9979,0
2026-09-03 09:19:00-04:00,4.0,4.0,3.95,3.95,0
2026-09-03 09:20:00-04:00,3.99,3.99,3.98,3.9868,0
2026-09-03 09:21:00-04:00,3.99,4.04,3.97,4.04,0
2026-09-03 09:22:00-04:00,4.0192,4.05,4.0,4.0192,0
2026-09-03 09:23:00-04:00,4.0,4.09,3.96,4.07,0
2026-09-03 09:24:00-04:00,4.07,4.07,3.99,4.07,0
2026-09-03 09:25:00-04:00,4.07,4.07,3.9579,4.04,0
2026-09-03 09:26:00-04:00,4.0003,4.0492,4.0,4.0492,0
2026-09-03 09:27:00-04:00,4.011,4.03,4.01,4.03,0
2026-09-03 09:28:00-04:00,4.03,4.0692,4.03,4.0508,0
2026-09-03 09:29:00-04:00,4.0697,4.0697,4.03,4.0308,0
2026-09-03 09:30:00-04:00,4.070000171661377,4.070000171661377,3.9000000953674316,3.9700000286102295,1062489
2026-09-03 09:31:00-04:00,3.9495999813079834,3.9619998931884766,3.819999933242798,3.9000000953674316,27169
2026-09-03 09:32:00-04:00,3.9600000381469727,3.9600000381469727,3.8499999046325684,3.869999885559082,4888
2026-09-03 09:33:00-04:00,3.8499999046325684,3.8847999572753906,3.819999933242798,3.8847999572753906,14005
2026-09-03 09:34:00-04:00,3.890000104904175,3.9000000953674316,3.8299999237060547,3.865000009536743,13227
2026-09-03 09:35:00-04:00,3.8299999237060547,3.830199956893921,3.509999990463257,3.5299999713897705,107909
2026-09-03 09:36:00-04:00,3.5734000205993652,3.639899969100952,3.5299999713897705,3.5385000705718994,62612
2026-09-03 09:37:00-04:00,3.5385000705718994,3.5399999618530273,3.259999990463257,3.3185999393463135,117031
2026-09-03 09:38:00-04:00,3.2813000679016113,3.390000104904175,3.2799999713897705,3.299999952316284,94560
2026-09-03 09:39:00-04:00,3.3143999576568604,3.4800000190734863,3.299999952316284,3.369999885559082,50846
2026-09-03 09:40:00-04:00,3.390000104904175,3.450000047683716,3.359999895095825,3.440000057220459,23039
2026-09-03 09:41:00-04:00,3.452699899673462,3.5399999618530273,3.400099992752075,3.50570011138916,30383
2026-09-03 09:42:00-04:00,3.494999885559082,3.515000104904175,3.4200000762939453,3.474299907684326,22304
2026-09-03 09:43:00-04:00,3.4700000286102295,3.5,3.450000047683716,3.5,16628
2026-09-03 09:44:00-04:00,3.4992001056671143,3.509999990463257,3.4600000381469727,3.501199960708618,19595
2026-09-03 09:45:00-04:00,3.5485000610351562,3.5485000610351562,3.4986000061035156,3.4986000061035156,5376
2026-09-03 09:46:00-04:00,3.4951000213623047,3.549999952316284,3.484999895095825,3.509999990463257,9086
2026-09-03 09:47:00-04:00,3.509999990463257,3.549999952316284,3.5,3.5,26604
2026-09-03 09:48:00-04:00,3.5113000869750977,3.5113000869750977,3.4549999237060547,3.478600025177002,17872
2026-09-03 09:49:00-04:00,3.4746999740600586,3.4746999740600586,3.3499999046325684,3.354599952697754,33550
2026-09-03 09:50:00-04:00,3.352400064468384,3.390000104904175,3.3499999046325684,3.369999885559082,16249
2026-09-03 09:51:00-04:00,3.3714001178741455,3.4000000953674316,3.359999895095825,3.369999885559082,17367
2026-09-03 09:52:00-04:00,3.384999990463257,3.399899959564209,3.359999895095825,3.359999895095825,20165
2026-09-03 09:53:00-04:00,3.3712000846862793,3.4000000953674316,3.25,3.25,77438
2026-09-03 09:54:00-04:00,3.251199960708618,3.369999885559082,3.25,3.300100088119507,61417
2026-09-03 09:55:00-04:00,3.3010001182556152,3.3345999717712402,3.2699999809265137,3.2913999557495117,18392
2026-09-03 09:56:00-04:00,3.2950000762939453,3.2950000762939453,3.25,3.2699999809265137,33232
2026-09-03 09:57:00-04:00,3.26990008354187,3.289900064468384,3.25,3.2790000438690186,14204
2026-09-03 09:58:00-04:00,3.280100107192993,3.289900064468384,3.2699999809265137,3.289599895477295,9496
2026-09-03 09:59:00-04:00,3.2899999618530273,3.319999933242798,3.278700113296509,3.319999933242798,26415
2026-09-03 10:00:00-04:00,3.299999952316284,3.3499999046325684,3.299999952316284,3.319999933242798,37730
2026-09-03 10:01:00-04:00,3.3299999237060547,3.3399999141693115,3.309999942779541,3.3399999141693115,10537
2026-09-03 10:02:00-04:00,3.339900016784668,3.4000000953674316,3.339900016784668,3.380000114440918,8486
2026-09-03 10:03:00-04:00,3.361999988555908,3.4200000762939453,3.3613998889923096,3.365000009536743,11476
2026-09-03 10:04:00-04:00,3.3685998916625977,3.390000104904175,3.3299999237060547,3.380000114440918,6641
2026-09-03 10:05:00-04:00,3.375,3.390000104904175,3.359999895095825,3.359999895095825,9656
2026-09-03 10:06:00-04:00,3.375,3.4000000953674316,3.359999895095825,3.3717000484466553,14620
2026-09-03 10:07:00-04:00,3.390000104904175,3.4200000762939453,3.390000104904175,3.390000104904175,12104
2026-09-03 10:08:00-04:00,3.378999948501587,3.4100000858306885,3.365000009536743,3.3701000213623047,19395
2026-09-03 10:09:00-04:00,3.3994998931884766,3.399899959564209,3.390399932861328,3.390399932861328,5978
2026-09-03 10:10:00-04:00,3.390000104904175,3.4000000953674316,3.3814001083374023,3.388200044631958,5859
2026-09-03 10:11:00-04:00,3.369999885559082,3.40910005569458,3.359999895095825,3.380000114440918,41551
2026-09-03 10:12:00-04:00,3.380000114440918,3.5,3.3513998985290527,3.4695000648498535,25971
2026-09-03 10:13:00-04:00,3.4727001190185547,3.5199999809265137,3.4700000286102295,3.490000009536743,17736
2026-09-03 10:14:00-04:00,3.490000009536743,3.5199999809265137,3.484999895095825,3.490000009536743,24267
2026-09-03 10:15:00-04:00,3.5,3.5,3.4700000286102295,3.4700000286102295,6875
2026-09-03 10:16:00-04:00,3.4700000286102295,3.4783999919891357,3.4100000858306885,3.432800054550171,9242
2026-09-03 10:17:00-04:00,3.424999952316284,3.449899911880493,3.4000000953674316,3.4000000953674316,12722
2026-09-03 10:18:00-04:00,3.4200000762939453,3.4200000762939453,3.4049999713897705,3.4158999919891357,4196
2026-09-03 10:19:00-04:00,3.4179999828338623,3.4200000762939453,3.359999895095825,3.3784000873565674,11392
2026-09-03 10:20:00-04:00,3.3510000705718994,3.380000114440918,3.3499999046325684,3.3499999046325684,17867
2026-09-03 10:21:00-04:00,3.3399999141693115,3.380000114440918,3.3299999237060547,3.3499999046325684,17273
2026-09-03 10:22:00-04:00,3.3499999046325684,3.380000114440918,3.3299999237060547,3.342400074005127,3914
2026-09-03 10:23:00-04:00,3.3785998821258545,3.380000114440918,3.3299999237060547,3.3399999141693115,5217
2026-09-03 10:24:00-04:00,3.3399999141693115,3.3399999141693115,3.299999952316284,3.3010001182556152,24538
2026-09-03 10:25:00-04:00,3.309999942779541,3.3698999881744385,3.299999952316284,3.309999942779541,11174
2026-09-03 10:26:00-04:00,3.362499952316284,3.362499952316284,3.309999942779541,3.358599901199341,6088
2026-09-03 10:27:00-04:00,3.3399999141693115,3.3594000339508057,3.319999933242798,3.3299999237060547,14372
2026-09-03 10:28:00-04:00,3.3399999141693115,3.3477001190185547,3.319999933242798,3.3213000297546387,4318
2026-09-03 10:29:00-04:00,3.3299999237060547,3.3299999237060547,3.2899999618530273,3.3199000358581543,20200
2026-09-03 10:30:00-04:00,3.3099000453948975,3.3099000453948975,3.1700000762939453,3.2100000381469727,29830
2026-09-03 10:31:00-04:00,3.2304000854492188,3.240000009536743,3.1700000762939453,3.2049999237060547,33419
2026-09-03 10:32:00-04:00,3.2100000381469727,3.2100000381469727,3.0999999046325684,3.119999885559082,37083
2026-09-03 10:33:00-04:00,3.109999895095825,3.140000104904175,3.049999952316284,3.0910000801086426,73307
2026-09-03 10:34:00-04:00,3.069999933242798,3.119999885559082,3.049999952316284,3.059999942779541,28335
2026-09-03 10:35:00-04:00,3.069999933242798,3.1500000953674316,3.059999942779541,3.134999990463257,26471
2026-09-03 10:36:00-04:00,3.148699998855591,3.148699998855591,3.109999895095825,3.109999895095825,13064
2026-09-03 10:37:00-04:00,3.109999895095825,3.2300000190734863,3.109999895095825,3.180000066757202,41622
2026-09-03 10:38:00-04:00,3.1700000762939453,3.190000057220459,3.159899950027466,3.1600000858306885,11626
2026-09-03 10:39:00-04:00,3.1649999618530273,3.180000066757202,3.0999999046325684,3.0999999046325684,25306
2026-09-03 10:40:00-04:00,3.1500000953674316,3.1586999893188477,3.119999885559082,3.140000104904175,5222
2026-09-03 10:41:00-04:00,3.138000011444092,3.2100000381469727,3.134999990463257,3.2049999237060547,76898
2026-09-03 10:42:00-04:00,3.208699941635132,3.240000009536743,3.200000047683716,3.2399001121520996,22208
2026-09-03 10:43:00-04:00,3.2499001026153564,3.269700050354004,3.200000047683716,3.2149999141693115,16260
2026-09-03 10:44:00-04:00,3.2100000381469727,3.2200000286102295,3.2100000381469727,3.2100000381469727,1362
2026-09-03 10:45:00-04:00,3.2200000286102295,3.25,3.2200000286102295,3.240000009536743,3005
2026-09-03 10:46:00-04:00,3.2399001121520996,3.2499001026153564,3.2200000286102295,3.244999885559082,4415
2026-09-03 10:47:00-04:00,3.244999885559082,3.25,3.200000047683716,3.200000047683716,13331
2026-09-03 10:48:00-04:00,3.2012999057769775,3.2293999195098877,3.2012999057769775,3.2149999141693115,1568
2026-09-03 10:49:00-04:00,3.2149999141693115,3.2149999141693115,3.200000047683716,3.200000047683716,1550
2026-09-03 10:50:00-04:00,3.2000999450683594,3.2249999046325684,3.2000999450683594,3.2249999046325684,3543
2026-09-03 10:51:00-04:00,3.2112998962402344,3.240000009536743,3.2100000381469727,3.239300012588501,14370
2026-09-03 10:52:00-04:00,3.2200000286102295,3.2200000286102295,3.1500000953674316,3.1982998847961426,6564
2026-09-03 10:53:00-04:00,3.1600000858306885,3.199899911880493,3.1600000858306885,3.190000057220459,11446
2026-09-03 10:54:00-04:00,3.184999942779541,3.188699960708618,3.180000066757202,3.188699960708618,3897
2026-09-03 10:55:00-04:00,3.180000066757202,3.2295000553131104,3.180000066757202,3.2200000286102295,5974
2026-09-03 10:56:00-04:00,3.200000047683716,3.2290000915527344,3.200000047683716,3.200000047683716,4103
2026-09-03 10:57:00-04:00,3.2298998832702637,3.2298998832702637,3.200000047683716,3.200000047683716,4609
2026-09-03 10:58:00-04:00,3.2200000286102295,3.2300000190734863,3.200000047683716,3.200000047683716,4190
2026-09-03 10:59:00-04:00,3.2200000286102295,3.2200000286102295,3.2100000381469727,3.2200000286102295,1308
2026-09-03 11:00:00-04:00,3.210099935531616,3.2300000190734863,3.210099935531616,3.2300000190734863,1989
2026-09-03 11:01:00-04:00,3.2249999046325684,3.2439000606536865,3.221299886703491,3.2439000606536865,5813
2026-09-03 11:02:00-04:00,3.231300115585327,3.25,3.231300115585327,3.240000009536743,1969
2026-09-03 11:03:00-04:00,3.241300106048584,3.2499001026153564,3.241300106048584,3.2499001026153564,941
2026-09-03 11:04:00-04:00,3.2483999729156494,3.2699999809265137,3.240000009536743,3.268699884414673,15080
2026-09-03 11:05:00-04:00,3.268699884414673,3.2695000171661377,3.25,3.25,2957
2026-09-03 11:06:00-04:00,3.255000114440918,3.278700113296509,3.240000009536743,3.2676000595092773,14109
2026-09-03 11:07:00-04:00,3.2799999713897705,3.2799999713897705,3.257200002670288,3.279900074005127,4642
2026-09-03 11:08:00-04:00,3.2699999809265137,3.2799999713897705,3.2699999809265137,3.2799999713897705,1988
2026-09-03 11:09:00-04:00,3.281399965286255,3.2899999618530273,3.2699999809265137,3.2750000953674316,5207
2026-09-03 11:10:00-04:00,3.265000104904175,3.265000104904175,3.259999990463257,3.259999990463257,2527
2026-09-03 11:11:00-04:00,3.259999990463257,3.2695000171661377,3.2100000381469727,3.2100000381469727,7078
2026-09-03 11:12:00-04:00,3.2300000190734863,3.25,3.2100000381469727,3.2100000381469727,11517
2026-09-03 11:13:00-04:00,3.1800999641418457,3.2386999130249023,3.171299934387207,3.2386999130249023,7967
2026-09-03 11:14:00-04:00,3.180000066757202,3.2699999809265137,3.180000066757202,3.25,8062
2026-09-03 11:15:00-04:00,3.2399001121520996,3.240000009536743,3.234999895095825,3.240000009536743,1217
2026-09-03 11:16:00-04:00,3.240000009536743,3.240000009536743,3.2249999046325684,3.2300000190734863,2959
2026-09-03 11:17:00-04:00,3.2249999046325684,3.2249999046325684,3.2004001140594482,3.2004001140594482,4464
2026-09-03 11:18:00-04:00,3.190000057220459,3.194999933242798,3.1700000762939453,3.1814000606536865,8608
2026-09-03 11:19:00-04:00,3.200000047683716,3.2200000286102295,3.181299924850464,3.200000047683716,4329
2026-09-03 11:20:00-04:00,3.2300000190734863,3.240000009536743,3.2000999450683594,3.240000009536743,993
2026-09-03 11:21:00-04:00,3.2000999450683594,3.279900074005127,3.2000999450683594,3.240000009536743,26089
2026-09-03 11:22:00-04:00,3.240000009536743,3.240000009536743,3.2200000286102295,3.2200000286102295,2528
2026-09-03 11:23:00-04:00,3.25,3.25,3.2200000286102295,3.234999895095825,4694
2026-09-03 11:24:00-04:00,3.234999895095825,3.2699999809265137,3.234999895095825,3.2699999809265137,5040
2026-09-03 11:25:00-04:00,3.25,3.259999990463257,3.25,3.259200096130371,5409
2026-09-03 11:26:00-04:00,3.2597999572753906,3.2597999572753906,3.25,3.255000114440918,5107
2026-09-03 11:27:00-04:00,3.2513999938964844,3.255000114440918,3.25,3.25,1929
2026-09-03 11:28:00-04:00,3.255000114440918,3.259200096130371,3.240000009536743,3.240000009536743,9205
2026-09-03 11:29:00-04:00,3.240000009536743,3.257999897003174,3.240000009536743,3.257999897003174,2145
2026-09-03 11:30:00-04:00,3.2500998973846436,3.2500998973846436,3.2500998973846436,3.2500998973846436,3852
2026-09-03 11:31:00-04:00,3.244999885559082,3.249500036239624,3.234999895095825,3.249500036239624,2112
2026-09-03 11:32:00-04:00,3.234499931335449,3.25,3.1600000858306885,3.2100000381469727,27612
2026-09-03 11:33:00-04:00,3.1500000953674316,3.190000057220459,3.1500000953674316,3.1700000762939453,13010
2026-09-03 11:34:00-04:00,3.1814000606536865,3.2049999237060547,3.1814000606536865,3.1928000450134277,2913
2026-09-03 11:35:00-04:00,3.190000057220459,3.2200000286102295,3.1802000999450684,3.194999933242798,7507
2026-09-03 11:36:00-04:00,3.1700000762939453,3.200000047683716,3.1700000762939453,3.190000057220459,12410
2026-09-03 11:37:00-04:00,3.1995999813079834,3.200000047683716,3.184000015258789,3.190000057220459,3110
2026-09-03 11:38:00-04:00,3.184999942779541,3.190000057220459,3.1700000762939453,3.190000057220459,3520
2026-09-03 11:39:00-04:00,3.190000057220459,3.190000057220459,3.130000114440918,3.130000114440918,16979
2026-09-03 11:40:00-04:00,3.130000114440918,3.1500000953674316,3.109999895095825,3.1398000717163086,11474
2026-09-03 11:41:00-04:00,3.1500000953674316,3.1500000953674316,3.130000114440918,3.1500000953674316,8347
2026-09-03 11:42:00-04:00,3.148699998855591,3.1698999404907227,3.148699998855591,3.1698999404907227,5823
2026-09-03 11:43:00-04:00,3.1600000858306885,3.1600000858306885,3.1249001026153564,3.1600000858306885,8492
2026-09-03 11:44:00-04:00,3.119999885559082,3.1600000858306885,3.119999885559082,3.1572999954223633,7599
2026-09-03 11:45:00-04:00,3.1500000953674316,3.1600000858306885,3.119999885559082,3.1500000953674316,5172
2026-09-03 11:46:00-04:00,3.140000104904175,3.1500000953674316,3.119999885559082,3.119999885559082,9011
2026-09-03 11:47:00-04:00,3.1549999713897705,3.1549999713897705,3.140000104904175,3.1549999713897705,4267
2026-09-03 11:48:00-04:00,3.119999885559082,3.1510000228881836,3.119999885559082,3.140000104904175,11549
2026-09-03 11:49:00-04:00,3.1412999629974365,3.1700000762939453,3.1412999629974365,3.1700000762939453,642
2026-09-03 11:50:00-04:00,3.1600000858306885,3.1600000858306885,3.1500000953674316,3.1500000953674316,2700
2026-09-03 11:51:00-04:00,3.1549999713897705,3.158799886703491,3.1449999809265137,3.1500000953674316,4628
2026-09-03 11:52:00-04:00,3.1600000858306885,3.1600000858306885,3.1500000953674316,3.1549999713897705,1640
2026-09-03 11:53:00-04:00,3.140000104904175,3.1600000858306885,3.140000104904175,3.1600000858306885,689
2026-09-03 11:54:00-04:00,3.1500000953674316,3.1600000858306885,3.140000104904175,3.1600000858306885,3371
2026-09-03 11:55:00-04:00,3.1500000953674316,3.1500000953674316,3.1212000846862793,3.140000104904175,3513
2026-09-03 11:56:00-04:00,3.1500000953674316,3.1500000953674316,3.140000104904175,3.1500000953674316,1678
2026-09-03 11:57:00-04:00,3.149899959564209,3.149899959564209,3.119999885559082,3.130000114440918,1423
2026-09-03 11:58:00-04:00,3.146399974822998,3.180000066757202,3.1201000213623047,3.1201000213623047,32792
2026-09-03 11:59:00-04:00,3.180000066757202,3.200000047683716,3.140000104904175,3.200000047683716,21086
2026-09-03 12:00:00-04:00,3.200000047683716,3.2100000381469727,3.1700000762939453,3.2076001167297363,4823
2026-09-03 12:01:00-04:00,3.200000047683716,3.25,3.194999933242798,3.240000009536743,21846
2026-09-03 12:02:00-04:00,3.240000009536743,3.25,3.217600107192993,3.25,2634
2026-09-03 12:03:00-04:00,3.240000009536743,3.25,3.2309000492095947,3.248199939727783,8535
2026-09-03 12:04:00-04:00,3.240299940109253,3.25,3.180000066757202,3.200000047683716,11199
2026-09-03 12:05:00-04:00,3.180000066757202,3.180000066757202,3.1700000762939453,3.1700000762939453,4923
2026-09-03 12:06:00-04:00,3.240000009536743,3.240000009536743,3.200000047683716,3.200000047683716,2549
2026-09-03 12:07:00-04:00,3.190000057220459,3.2058000564575195,3.1528000831604004,3.1528000831604004,5410
2026-09-03 12:08:00-04:00,3.16129994392395,3.2300000190734863,3.1600000858306885,3.22979998588562,3620
2026-09-03 12:09:00-04:00,3.2100000381469727,3.2100000381469727,3.1749000549316406,3.190000057220459,4527
2026-09-03 12:10:00-04:00,3.206199884414673,3.219899892807007,3.190000057220459,3.190000057220459,2085
2026-09-03 12:11:00-04:00,3.2100000381469727,3.2200000286102295,3.1600000858306885,3.200000047683716,15681
2026-09-03 12:12:00-04:00,3.2100000381469727,3.2300000190734863,3.200000047683716,3.2300000190734863,8143
2026-09-03 12:13:00-04:00,3.164900064468384,3.2100000381469727,3.164900064468384,3.2079999446868896,2055
2026-09-03 12:14:00-04:00,3.2079999446868896,3.2300000190734863,3.200000047683716,3.2300000190734863,14557
2026-09-03 12:15:00-04:00,3.180000066757202,3.190000057220459,3.180000066757202,3.190000057220459,6788
2026-09-03 12:16:00-04:00,3.180000066757202,3.200000047683716,3.180000066757202,3.198699951171875,2269
2026-09-03 12:17:00-04:00,3.1900999546051025,3.216399908065796,3.1900999546051025,3.216399908065796,3837
2026-09-03 12:18:00-04:00,3.180000066757202,3.180000066757202,3.180000066757202,3.180000066757202,3598
2026-09-03 12:19:00-04:00,3.18969988822937,3.190000057220459,3.172499895095825,3.172499895095825,3022
2026-09-03 12:20:00-04:00,3.1600000858306885,3.1974000930786133,3.119999885559082,3.1301000118255615,20472
2026-09-03 12:21:00-04:00,3.1549999713897705,3.1549999713897705,3.1549999713897705,3.1549999713897705,6574
2026-09-03 12:22:00-04:00,3.1549999713897705,3.1700000762939453,3.119999885559082,3.140000104904175,9542
2026-09-03 12:23:00-04:00,3.140000104904175,3.140000104904175,3.119999885559082,3.119999885559082,3648
2026-09-03 12:24:00-04:00,3.140000104904175,3.1600000858306885,3.130000114440918,3.134999990463257,3835
2026-09-03 12:25:00-04:00,3.130000114440918,3.1600000858306885,3.130000114440918,3.1500000953674316,3174
2026-09-03 12:26:00-04:00,3.178800106048584,3.178800106048584,3.1549999713897705,3.1686999797821045,2334
2026-09-03 12:27:00-04:00,3.180000066757202,3.180000066757202,3.140000104904175,3.1600000858306885,2145
2026-09-03 12:28:00-04:00,3.1498000621795654,3.1649999618530273,3.1449999809265137,3.1649999618530273,4099
2026-09-03 12:29:00-04:00,3.1700000762939453,3.1721999645233154,3.140000104904175,3.140000104904175,4054
2026-09-03 12:30:00-04:00,3.130000114440918,3.1500000953674316,3.130000114440918,3.1500000953674316,3258
2026-09-03 12:31:00-04:00,3.150700092315674,3.150700092315674,3.137200117111206,3.1500000953674316,1609
2026-09-03 12:32:00-04:00,3.1698999404907227,3.1698999404907227,3.1698999404907227,3.1698999404907227,1478
2026-09-03 12:33:00-04:00,3.1500000953674316,3.1798999309539795,3.130000114440918,3.1549999713897705,8982
2026-09-03 12:34:00-04:00,3.174999952316284,3.180000066757202,3.174999952316284,3.180000066757202,530
2026-09-03 12:35:00-04:00,3.1700000762939453,3.180000066757202,3.1649999618530273,3.171299934387207,4718
2026-09-03 12:36:00-04:00,3.1600000858306885,3.1700000762939453,3.1524999141693115,3.1700000762939453,3790
2026-09-03 12:37:00-04:00,3.1610000133514404,3.180000066757202,3.1594998836517334,3.1594998836517334,2221
2026-09-03 12:39:00-04:00,3.16129994392395,3.1700000762939453,3.1500000953674316,3.1500000953674316,3737
2026-09-03 12:40:00-04:00,3.1600000858306885,3.1700000762939453,3.1500000953674316,3.1700000762939453,6943
2026-09-03 12:41:00-04:00,3.1700000762939453,3.1700000762939453,3.1700000762939453,3.1700000762939453,822
2026-09-03 12:42:00-04:00,3.1700000762939453,3.1700000762939453,3.1500000953674316,3.1500000953674316,2132
2026-09-03 12:43:00-04:00,3.1649999618530273,3.1700000762939453,3.1649999618530273,3.1649999618530273,766
2026-09-03 12:44:00-04:00,3.1649999618530273,3.180000066757202,3.1500000953674316,3.1500000953674316,3619
2026-09-03 12:46:00-04:00,3.1700000762939453,3.180000066757202,3.1649999618530273,3.1649999618530273,4664
2026-09-03 12:47:00-04:00,3.1700000762939453,3.180000066757202,3.1700000762939453,3.174999952316284,2449
2026-09-03 12:48:00-04:00,3.187999963760376,3.190000057220459,3.171299934387207,3.171299934387207,2250
2026-09-03 12:49:00-04:00,3.1700000762939453,3.1700000762939453,3.1700000762939453,3.1700000762939453,830
2026-09-03 12:50:00-04:00,3.1900999546051025,3.1998000144958496,3.1600000858306885,3.171299934387207,3121
2026-09-03 12:51:00-04:00,3.184999942779541,3.184999942779541,3.184999942779541,3.184999942779541,496
2026-09-03 12:52:00-04:00,3.180000066757202,3.180000066757202,3.1610000133514404,3.1610000133514404,1077
2026-09-03 12:53:00-04:00,3.1700000762939453,3.1700000762939453,3.1649999618530273,3.1700000762939453,3009
2026-09-03 12:54:00-04:00,3.1700000762939453,3.1700000762939453,3.1600000858306885,3.1610000133514404,5089
2026-09-03 12:55:00-04:00,3.1600000858306885,3.1600000858306885,3.1500000953674316,3.1500000953674316,3399
2026-09-03 12:56:00-04:00,3.1600000858306885,3.1600000858306885,3.1600000858306885,3.1600000858306885,1137
2026-09-03 12:57:00-04:00,3.180000066757202,3.183000087738037,3.1600000858306885,3.1649999618530273,4920
2026-09-03 12:58:00-04:00,3.170099973678589,3.180000066757202,3.1649999618530273,3.1700000762939453,826
2026-09-03 12:59:00-04:00,3.179500102996826,3.190000057220459,3.1700000762939453,3.177999973297119,8214
2026-09-03 13:00:00-04:00,3.2084999084472656,3.20989990234375,3.1700000762939453,3.184999942779541,5722
2026-09-03 13:01:00-04:00,3.184999942779541,3.200000047683716,3.184999942779541,3.200000047683716,3815
2026-09-03 13:02:00-04:00,3.180999994277954,3.190000057220459,3.180000066757202,3.190000057220459,5370
2026-09-03 13:03:00-04:00,3.1912999153137207,3.1912999153137207,3.1912999153137207,3.1912999153137207,594
2026-09-03 13:04:00-04:00,3.198699951171875,3.198699951171875,3.198699951171875,3.198699951171875,1523
2026-09-03 13:05:00-04:00,3.194999933242798,3.2100000381469727,3.194999933242798,3.200000047683716,3123
2026-09-03 13:06:00-04:00,3.2100000381469727,3.2190001010894775,3.208699941635132,3.208699941635132,2785
2026-09-03 13:07:00-04:00,3.200000047683716,3.2200000286102295,3.1800999641418457,3.200000047683716,5592
2026-09-03 13:08:00-04:00,3.2100000381469727,3.2100000381469727,3.1821000576019287,3.1821000576019287,3251
2026-09-03 13:09:00-04:00,3.200000047683716,3.200000047683716,3.1600000858306885,3.1600000858306885,12167
2026-09-03 13:10:00-04:00,3.1600000858306885,3.180000066757202,3.1600000858306885,3.180000066757202,1834
2026-09-03 13:11:00-04:00,3.1649999618530273,3.180000066757202,3.1649999618530273,3.180000066757202,3037
2026-09-03 13:12:00-04:00,3.153899908065796,3.1649999618530273,3.150099992752075,3.1649999618530273,2323
2026-09-03 13:13:00-04:00,3.1500000953674316,3.1649999618530273,3.1500000953674316,3.1649999618530273,978
2026-09-03 13:14:00-04:00,3.1798999309539795,3.1798999309539795,3.160799980163574,3.160799980163574,1833
2026-09-03 13:15:00-04:00,3.1700000762939453,3.1700000762939453,3.1700000762939453,3.1700000762939453,833
2026-09-03 13:16:00-04:00,3.1700000762939453,3.180000066757202,3.1700000762939453,3.180000066757202,1417
2026-09-03 13:17:00-04:00,3.1700000762939453,3.1700000762939453,3.1700000762939453,3.1700000762939453,1740
2026-09-03 13:18:00-04:00,3.180000066757202,3.180000066757202,3.180000066757202,3.180000066757202,1524
2026-09-03 13:19:00-04:00,3.174999952316284,3.174999952316284,3.174999952316284,3.174999952316284,1883
2026-09-03 13:20:00-04:00,3.160099983215332,3.160099983215332,3.160099983215332,3.160099983215332,661
2026-09-03 13:21:00-04:00,3.160099983215332,3.1700000762939453,3.1600000858306885,3.1649999618530273,4090
2026-09-03 13:22:00-04:00,3.1700000762939453,3.1700000762939453,3.150099992752075,3.150099992752075,999
2026-09-03 13:23:00-04:00,3.1700000762939453,3.1700000762939453,3.1500000953674316,3.1700000762939453,5075
2026-09-03 13:24:00-04:00,3.180000066757202,3.200000047683716,3.1700000762939453,3.1946001052856445,10873
2026-09-03 13:25:00-04:00,3.180000066757202,3.200000047683716,3.1700000762939453,3.200000047683716,15461
2026-09-03 13:26:00-04:00,3.1998000144958496,3.220099925994873,3.194999933242798,3.194999933242798,2207
2026-09-03 13:27:00-04:00,3.2012999057769775,3.2298998832702637,3.2012999057769775,3.2298998832702637,4857
2026-09-03 13:28:00-04:00,3.2300000190734863,3.239000082015991,3.2200000286102295,3.2286999225616455,4625
2026-09-03 13:29:00-04:00,3.2100000381469727,3.2300000190734863,3.200000047683716,3.200000047683716,8506
2026-09-03 13:30:00-04:00,3.2149999141693115,3.25,3.200000047683716,3.240000009536743,16980
2026-09-03 13:31:00-04:00,3.210099935531616,3.240000009536743,3.210099935531616,3.240000009536743,2328
2026-09-03 13:32:00-04:00,3.2472000122070312,3.247499942779541,3.2472000122070312,3.247499942779541,959
2026-09-03 13:33:00-04:00,3.251300096511841,3.259999990463257,3.25,3.257999897003174,3446
2026-09-03 13:34:00-04:00,3.259999990463257,3.319999933242798,3.259999990463257,3.309999942779541,29590
2026-09-03 13:35:00-04:00,3.315000057220459,3.3285999298095703,3.3101000785827637,3.319999933242798,5705
2026-09-03 13:36:00-04:00,3.3113999366760254,3.3299999237060547,3.2000999450683594,3.25,15650
2026-09-03 13:37:00-04:00,3.25,3.3199000358581543,3.25,3.25,10258
2026-09-03 13:38:00-04:00,3.25,3.25,3.2300000190734863,3.2300000190734863,322
2026-09-03 13:39:00-04:00,3.259999990463257,3.259999990463257,3.2300000190734863,3.25,1235
2026-09-03 13:40:00-04:00,3.2820000648498535,3.2880001068115234,3.2300000190734863,3.240000009536743,12306
2026-09-03 13:41:00-04:00,3.255000114440918,3.2799999713897705,3.2311999797821045,3.2311999797821045,811
2026-09-03 13:42:00-04:00,3.265000104904175,3.2783000469207764,3.240000009536743,3.240000009536743,2754
2026-09-03 13:43:00-04:00,3.265000104904175,3.2699999809265137,3.259999990463257,3.259999990463257,1630
2026-09-03 13:44:00-04:00,3.242000102996826,3.2750000953674316,3.240000009536743,3.2750000953674316,2171
2026-09-03 13:45:00-04:00,3.2799999713897705,3.2799999713897705,3.2750000953674316,3.2750000953674316,1077
2026-09-03 13:46:00-04:00,3.279599905014038,3.279599905014038,3.279599905014038,3.279599905014038,667
2026-09-03 13:47:00-04:00,3.2690000534057617,3.2799999713897705,3.25,3.2799999713897705,10578
2026-09-03 13:48:00-04:00,3.25,3.2899999618530273,3.25,3.2899999618530273,4012
2026-09-03 13:49:00-04:00,3.2899999618530273,3.2899999618530273,3.2737998962402344,3.2737998962402344,2795
2026-09-03 13:50:00-04:00,3.2799999713897705,3.2799999713897705,3.25,3.25,2969
2026-09-03 13:51:00-04:00,3.265000104904175,3.289900064468384,3.265000104904175,3.289900064468384,1443
2026-09-03 13:52:00-04:00,3.2699999809265137,3.2799999713897705,3.2578001022338867,3.259999990463257,2770
2026-09-03 13:53:00-04:00,3.279900074005127,3.2799999713897705,3.259999990463257,3.2799999713897705,6062
2026-09-03 13:54:00-04:00,3.2699999809265137,3.2799999713897705,3.259999990463257,3.2799999713897705,11266
2026-09-03 13:55:00-04:00,3.2999000549316406,3.299999952316284,3.2950000762939453,3.299999952316284,1807
2026-09-03 13:56:00-04:00,3.2990000247955322,3.299999952316284,3.2799999713897705,3.289900064468384,6965
2026-09-03 13:57:00-04:00,3.281399965286255,3.281399965286255,3.281399965286255,3.281399965286255,431
2026-09-03 13:58:00-04:00,3.2899999618530273,3.299999952316284,3.2899999618530273,3.299999952316284,4268
2026-09-03 13:59:00-04:00,3.291300058364868,3.299999952316284,3.291300058364868,3.299999952316284,971
2026-09-03 14:00:00-04:00,3.2899999618530273,3.299999952316284,3.2799999713897705,3.2880001068115234,6167
2026-09-03 14:01:00-04:00,3.2950000762939453,3.299999952316284,3.2899999618530273,3.299999952316284,3254
2026-09-03 14:02:00-04:00,3.2999000549316406,3.299999952316284,3.2899999618530273,3.2999000549316406,17019
2026-09-03 14:03:00-04:00,3.299999952316284,3.3010001182556152,3.299999952316284,3.3010001182556152,787
2026-09-03 14:04:00-04:00,3.290299892425537,3.2995998859405518,3.290299892425537,3.2995998859405518,3648
2026-09-03 14:05:00-04:00,3.2950000762939453,3.2950000762939453,3.2950000762939453,3.2950000762939453,4610
2026-09-03 14:06:00-04:00,3.2950000762939453,3.2950000762939453,3.2750000953674316,3.2755000591278076,25062
2026-09-03 14:07:00-04:00,3.2713000774383545,3.2713000774383545,3.259999990463257,3.259999990463257,4418
2026-09-03 14:10:00-04:00,3.200000047683716,3.229099988937378,3.180000066757202,3.229099988937378,45335
2026-09-03 14:11:00-04:00,3.200000047683716,3.2200000286102295,3.200000047683716,3.2200000286102295,2484
2026-09-03 14:12:00-04:00,3.2200000286102295,3.2200000286102295,3.2200000286102295,3.2200000286102295,1474
2026-09-03 14:13:00-04:00,3.2049999237060547,3.2049999237060547,3.2049999237060547,3.2049999237060547,205
2026-09-03 14:14:00-04:00,3.2197000980377197,3.2197000980377197,3.200000047683716,3.200000047683716,632
2026-09-03 14:15:00-04:00,3.190000057220459,3.2200000286102295,3.180000066757202,3.200000047683716,7659
2026-09-03 14:16:00-04:00,3.2090001106262207,3.219899892807007,3.180000066757202,3.200000047683716,9444
2026-09-03 14:17:00-04:00,3.1800999641418457,3.2200000286102295,3.180000066757202,3.200000047683716,2370
2026-09-03 14:18:00-04:00,3.2100000381469727,3.2200000286102295,3.2100000381469727,3.2200000286102295,2823
2026-09-03 14:19:00-04:00,3.190000057220459,3.2200000286102295,3.190000057220459,3.2200000286102295,6537
2026-09-03 14:20:00-04:00,3.2200000286102295,3.2209999561309814,3.2200000286102295,3.2209999561309814,367
2026-09-03 14:21:00-04:00,3.248699903488159,3.25,3.231300115585327,3.240000009536743,1433
2026-09-03 14:22:00-04:00,3.249000072479248,3.2750000953674316,3.249000072479248,3.2750000953674316,11663
2026-09-03 14:23:00-04:00,3.2799999713897705,3.2988998889923096,3.25,3.2750000953674316,9600
2026-09-03 14:24:00-04:00,3.2750000953674316,3.299999952316284,3.2699999809265137,3.2699999809265137,1733
2026-09-03 14:25:00-04:00,3.2780001163482666,3.2780001163482666,3.2780001163482666,3.2780001163482666,1625
2026-09-03 14:26:00-04:00,3.259999990463257,3.2699999809265137,3.25,3.25,4361
2026-09-03 14:27:00-04:00,3.265000104904175,3.265000104904175,3.259999990463257,3.261399984359741,506
2026-09-03 14:28:00-04:00,3.265000104904175,3.2799999713897705,3.25,3.25,8928
2026-09-03 14:29:00-04:00,3.259999990463257,3.265000104904175,3.259999990463257,3.265000104904175,993
2026-09-03 14:30:00-04:00,3.2799999713897705,3.2799999713897705,3.25,3.279900074005127,5771
2026-09-03 14:31:00-04:00,3.265000104904175,3.2799999713897705,3.2600998878479004,3.2799999713897705,3531
2026-09-03 14:32:00-04:00,3.2699999809265137,3.2699999809265137,3.2699999809265137,3.2699999809265137,347
2026-09-03 14:33:00-04:00,3.265000104904175,3.2699999809265137,3.265000104904175,3.26990008354187,1892
2026-09-03 14:35:00-04:00,3.2699999809265137,3.2699999809265137,3.2613000869750977,3.2613000869750977,1138
2026-09-03 14:36:00-04:00,3.2618000507354736,3.2618000507354736,3.2618000507354736,3.2618000507354736,570
2026-09-03 14:37:00-04:00,3.2750000953674316,3.279900074005127,3.272200107574463,3.279900074005127,919
2026-09-03 14:38:00-04:00,3.2799999713897705,3.2799999713897705,3.2799999713897705,3.2799999713897705,341
2026-09-03 14:39:00-04:00,3.2713000774383545,3.2899999618530273,3.25,3.25,13140
2026-09-03 14:40:00-04:00,3.265000104904175,3.2774999141693115,3.265000104904175,3.2774999141693115,1583
2026-09-03 14:41:00-04:00,3.2750000953674316,3.2899999618530273,3.2750000953674316,3.2899999618530273,2472
2026-09-03 14:42:00-04:00,3.259999990463257,3.259999990463257,3.259999990463257,3.259999990463257,1162
2026-09-03 14:44:00-04:00,3.2755000591278076,3.2760000228881836,3.2755000591278076,3.2760000228881836,2461
2026-09-03 14:45:00-04:00,3.2792000770568848,3.2792000770568848,3.2792000770568848,3.2792000770568848,691
2026-09-03 14:46:00-04:00,3.250999927520752,3.250999927520752,3.221400022506714,3.240000009536743,15017
2026-09-03 14:47:00-04:00,3.240000009536743,3.268699884414673,3.236599922180176,3.268699884414673,2497
2026-09-03 14:48:00-04:00,3.244999885559082,3.2699999809265137,3.240000009536743,3.2699999809265137,5138
2026-09-03 14:49:00-04:00,3.268699884414673,3.2699999809265137,3.2300000190734863,3.2699999809265137,1453
2026-09-03 14:50:00-04:00,3.244999885559082,3.244999885559082,3.244999885559082,3.244999885559082,783
2026-09-03 14:51:00-04:00,3.2304999828338623,3.2304999828338623,3.2300000190734863,3.2300000190734863,546
2026-09-03 14:52:00-04:00,3.234999895095825,3.2493999004364014,3.2112998962402344,3.2200000286102295,8279
2026-09-03 14:53:00-04:00,3.2100000381469727,3.2100000381469727,3.2049999237060547,3.2100000381469727,5771
2026-09-03 14:54:00-04:00,3.2421000003814697,3.2421000003814697,3.2421000003814697,3.2421000003814697,1560
2026-09-03 14:55:00-04:00,3.2300000190734863,3.239500045776367,3.220099925994873,3.2393999099731445,2738
2026-09-03 14:56:00-04:00,3.2300000190734863,3.2363998889923096,3.2300000190734863,3.2363998889923096,753
2026-09-03 14:57:00-04:00,3.2249999046325684,3.240000009536743,3.2249999046325684,3.240000009536743,5193
2026-09-03 14:58:00-04:00,3.2400999069213867,3.241300106048584,3.240000009536743,3.240000009536743,3566
2026-09-03 14:59:00-04:00,3.240000009536743,3.240000009536743,3.2300000190734863,3.2309999465942383,2521
2026-09-03 15:00:00-04:00,3.240000009536743,3.240000009536743,3.240000009536743,3.240000009536743,1055
2026-09-03 15:01:00-04:00,3.25,3.25,3.25,3.25,586
2026-09-03 15:02:00-04:00,3.25,3.25,3.240000009536743,3.240000009536743,2327
2026-09-03 15:03:00-04:00,3.234999895095825,3.240000009536743,3.234999895095825,3.240000009536743,738
2026-09-03 15:04:00-04:00,3.234999895095825,3.2699999809265137,3.234999895095825,3.2699999809265137,7710
2026-09-03 15:05:00-04:00,3.25,3.25,3.2302000522613525,3.25,7219
2026-09-03 15:06:00-04:00,3.237299919128418,3.2409000396728516,3.237299919128418,3.240499973297119,2958
2026-09-03 15:07:00-04:00,3.250499963760376,3.250499963760376,3.250499963760376,3.250499963760376,110
2026-09-03 15:08:00-04:00,3.250499963760376,3.2569000720977783,3.250499963760376,3.2569000720977783,1422
2026-09-03 15:09:00-04:00,3.265000104904175,3.2799999713897705,3.25,3.2679998874664307,4738
2026-09-03 15:10:00-04:00,3.259999990463257,3.2699999809265137,3.259999990463257,3.259999990463257,2453
2026-09-03 15:11:00-04:00,3.259999990463257,3.2699999809265137,3.2500998973846436,3.2699999809265137,1065
2026-09-03 15:13:00-04:00,3.2500998973846436,3.26990008354187,3.2500998973846436,3.26990008354187,1209
2026-09-03 15:14:00-04:00,3.259999990463257,3.259999990463257,3.25,3.25,833
2026-09-03 15:15:00-04:00,3.25,3.259999990463257,3.25,3.259999990463257,1495
2026-09-03 15:16:00-04:00,3.25,3.2720999717712402,3.25,3.2720999717712402,5799
2026-09-03 15:17:00-04:00,3.2799999713897705,3.2799999713897705,3.265000104904175,3.2792999744415283,2128
2026-09-03 15:18:00-04:00,3.2799999713897705,3.2899999618530273,3.265000104904175,3.2899999618530273,14273
2026-09-03 15:19:00-04:00,3.2950000762939453,3.318000078201294,3.2899999618530273,3.318000078201294,8094
2026-09-03 15:20:00-04:00,3.309999942779541,3.319999933242798,3.309999942779541,3.319999933242798,8069
2026-09-03 15:21:00-04:00,3.3199000358581543,3.3199000358581543,3.299999952316284,3.299999952316284,2805
2026-09-03 15:22:00-04:00,3.2799999713897705,3.3199000358581543,3.2799999713897705,3.2950000762939453,2712
2026-09-03 15:23:00-04:00,3.2950000762939453,3.299999952316284,3.2899999618530273,3.299999952316284,1072
2026-09-03 15:24:00-04:00,3.299999952316284,3.299999952316284,3.2899999618530273,3.2899999618530273,1128
2026-09-03 15:25:00-04:00,3.2899999618530273,3.2899999618530273,3.2809998989105225,3.2899999618530273,1184
2026-09-03 15:26:00-04:00,3.2799999713897705,3.2802000045776367,3.2799999713897705,3.2802000045776367,1030
2026-09-03 15:27:00-04:00,3.2850000858306885,3.289099931716919,3.2850000858306885,3.289099931716919,2370
2026-09-03 15:28:00-04:00,3.2899999618530273,3.2899999618530273,3.2899999618530273,3.2899999618530273,362
2026-09-03 15:29:00-04:00,3.289900064468384,3.289900064468384,3.2750000953674316,3.2750000953674316,2022
2026-09-03 15:30:00-04:00,3.261199951171875,3.261199951171875,3.240000009536743,3.25,6625
2026-09-03 15:31:00-04:00,3.240000009536743,3.2699999809265137,3.240000009536743,3.259999990463257,12415
2026-09-03 15:32:00-04:00,3.265000104904175,3.265000104904175,3.240000009536743,3.265000104904175,790
2026-09-03 15:33:00-04:00,3.259999990463257,3.259999990463257,3.259999990463257,3.259999990463257,750
2026-09-03 15:34:00-04:00,3.25,3.25,3.240000009536743,3.240000009536743,966
2026-09-03 15:35:00-04:00,3.241300106048584,3.241300106048584,3.240000009536743,3.240000009536743,811
2026-09-03 15:36:00-04:00,3.25,3.25,3.25,3.25,260
2026-09-03 15:37:00-04:00,3.247999906539917,3.247999906539917,3.240000009536743,3.240000009536743,600
2026-09-03 15:38:00-04:00,3.240999937057495,3.259999990463257,3.240999937057495,3.25,3307
2026-09-03 15:39:00-04:00,3.2799999713897705,3.2799999713897705,3.259999990463257,3.259999990463257,3670
2026-09-03 15:40:00-04:00,3.2699999809265137,3.2799999713897705,3.2699999809265137,3.278700113296509,950
2026-09-03 15:41:00-04:00,3.2799999713897705,3.299999952316284,3.259999990463257,3.2799999713897705,15525
2026-09-03 15:42:00-04:00,3.309999942779541,3.309999942779541,3.2850000858306885,3.2850000858306885,16285
2026-09-03 15:43:00-04:00,3.2850000858306885,3.309999942779541,3.2850000858306885,3.3099000453948975,7209
2026-09-03 15:44:00-04:00,3.299999952316284,3.299999952316284,3.299999952316284,3.299999952316284,460
2026-09-03 15:45:00-04:00,3.305000066757202,3.305000066757202,3.305000066757202,3.305000066757202,2334
2026-09-03 15:46:00-04:00,3.299999952316284,3.299999952316284,3.29010009765625,3.2999000549316406,2613
2026-09-03 15:47:00-04:00,3.2699999809265137,3.2699999809265137,3.2699999809265137,3.2699999809265137,670
2026-09-03 15:48:00-04:00,3.2848000526428223,3.2894999980926514,3.2699999809265137,3.2699999809265137,9193
2026-09-03 15:49:00-04:00,3.2699999809265137,3.2799999713897705,3.2634999752044678,3.2799999713897705,5157
2026-09-03 15:50:00-04:00,3.260999917984009,3.2799999713897705,3.2600998878479004,3.2750000953674316,10155
2026-09-03 15:51:00-04:00,3.2899999618530273,3.2899999618530273,3.2699999809265137,3.2899999618530273,3420
2026-09-03 15:52:00-04:00,3.2899999618530273,3.299999952316284,3.2850000858306885,3.2850000858306885,5742
2026-09-03 15:53:00-04:00,3.2899999618530273,3.2899999618530273,3.2802999019622803,3.2850000858306885,2047
2026-09-03 15:54:00-04:00,3.2890000343322754,3.299999952316284,3.280100107192993,3.280100107192993,4359
2026-09-03 15:55:00-04:00,3.285599946975708,3.299999952316284,3.2699999809265137,3.2990000247955322,14611
2026-09-03 15:56:00-04:00,3.2820000648498535,3.2899999618530273,3.2799999713897705,3.2899999618530273,1843
2026-09-03 15:57:00-04:00,3.299999952316284,3.299999952316284,3.2699999809265137,3.2699999809265137,7832
2026-09-03 15:58:00-04:00,3.2899999618530273,3.2980000972747803,3.2799999713897705,3.2899999618530273,6252
2026-09-03 15:59:00-04:00,3.2809998989105225,3.2809998989105225,3.2100000381469727,3.220099925994873,64782
2026-09-03 16:00:00-04:00,3.22,3.28,3.22,3.27,9206
2026-09-03 16:01:00-04:00,3.27,3.28,3.23,3.2799,0
2026-09-03 16:02:00-04:00,3.28,3.28,3.2503,3.26,0
2026-09-03 16:03:00-04:00,3.26,3.27,3.26,3.27,0
2026-09-03 16:04:00-04:00,3.26,3.27,3.22,3.27,0
2026-09-03 16:05:00-04:00,3.25,3.27,3.25,3.2506,0
2026-09-03 16:06:00-04:00,3.2506,3.269,3.2506,3.269,0
2026-09-03 16:07:00-04:00,3.27,3.27,3.2501,3.26,0
2026-09-03 16:08:00-04:00,3.25,3.27,3.25,3.2502,0
2026-09-03 16:09:00-04:00,3.26,3.27,3.26,3.27,0
2026-09-03 16:10:00-04:00,3.27,3.27,3.22,3.23,0
2026-09-03 16:11:00-04:00,3.22,3.2495,3.22,3.24,0
2026-09-03 16:12:00-04:00,3.2202,3.24,3.21,3.21,0
2026-09-03 16:13:00-04:00,3.22,3.23,3.22,3.23,0
2026-09-03 16:14:00-04:00,3.23,3.23,3.2168,3.23,0
2026-09-03 16:15:00-04:00,3.22,3.23,3.2102,3.2102,0
2026-09-03 16:16:00-04:00,3.22,3.22,3.22,3.22,0
2026-09-03 16:17:00-04:00,3.23,3.23,3.23,3.23,0
2026-09-03 16:18:00-04:00,3.2246,3.23,3.22,3.22,0
2026-09-03 16:19:00-04:00,3.25,3.25,3.249,3.25,0
2026-09-03 16:20:00-04:00,3.23,3.25,3.23,3.23,0
2026-09-03 16:21:00-04:00,3.23,3.23,3.23,3.23,0
2026-09-03 16:22:00-04:00,3.23,3.2347,3.23,3.23,0
2026-09-03 16:23:00-04:00,3.2301,3.2349,3.2301,3.2349,0
2026-09-03 16:24:00-04:00,3.2306,3.24,3.2306,3.24,0
2026-09-03 16:25:00-04:00,3.25,3.25,3.2361,3.2361,0
2026-09-03 16:26:00-04:00,3.24,3.2498,3.24,3.2479,0
2026-09-03 16:27:00-04:00,3.2498,3.2498,3.2399,3.24,0
2026-09-03 16:28:00-04:00,3.25,3.25,3.25,3.25,0
2026-09-03 16:29:00-04:00,3.2422,3.25,3.2422,3.2454,0
2026-09-03 16:30:00-04:00,3.24,3.25,3.23,3.23,0
2026-09-03 16:31:00-04:00,3.23,3.25,3.23,3.24,0
2026-09-03 16:32:00-04:00,3.24,3.24,3.24,3.24,0
2026-09-03 16:33:00-04:00,3.25,3.25,3.24,3.25,0
2026-09-03 16:34:00-04:00,3.2477,3.2497,3.2477,3.2497,0
2026-09-03 16:35:00-04:00,3.25,3.25,3.23,3.23,0
2026-09-03 16:36:00-04:00,3.2308,3.24,3.23,3.24,0
2026-09-03 16:37:00-04:00,3.2325,3.2325,3.2303,3.2303,0
2026-09-03 16:38:00-04:00,3.23,3.25,3.23,3.23,0
2026-09-03 16:39:00-04:00,3.24,3.25,3.23,3.25,0
2026-09-03 16:40:00-04:00,3.25,3.32,3.2408,3.32,0
2026-09-03 16:41:00-04:00,3.2608,3.32,3.2608,3.2994,0
2026-09-03 16:42:00-04:00,3.3,3.32,3.27,3.31,0
2026-09-03 16:43:00-04:00,3.32,3.35,3.3105,3.33,0
2026-09-03 16:44:00-04:00,3.33,3.33,3.3,3.33,0
2026-09-03 16:45:00-04:00,3.31,3.33,3.3,3.31,0
2026-09-03 16:46:00-04:00,3.3085,3.33,3.3,3.3285,0
2026-09-03 16:47:00-04:00,3.33,3.4,3.3,3.4,0
2026-09-03 16:48:00-04:00,3.37,3.4,3.35,3.37,0
2026-09-03 16:49:00-04:00,3.3694,3.47,3.3669,3.451,0
2026-09-03 16:50:00-04:00,3.4696,3.64,3.4504,3.53,0
2026-09-03 16:51:00-04:00,3.53,3.7,3.53,3.675,0
2026-09-03 16:52:00-04:00,3.7,3.74,3.65,3.7292,0
2026-09-03 16:53:00-04:00,3.7298,3.8,3.7,3.76,0
2026-09-03 16:54:00-04:00,3.765,3.765,3.51,3.55,0
2026-09-03 16:55:00-04:00,3.59,3.64,3.47,3.5,0
2026-09-03 16:56:00-04:00,3.48,3.5318,3.32,3.4,0
2026-09-03 16:57:00-04:00,3.38,3.47,3.37,3.4,0
2026-09-03 16:58:00-04:00,3.3903,3.5,3.39,3.44,0
2026-09-03 16:59:00-04:00,3.43,3.44,3.32,3.3203,0
2026-09-03 17:00:00-04:00,3.32,3.46,3.3,3.46,0
2026-09-03 17:01:00-04:00,3.47,3.5,3.42,3.4701,0
2026-09-03 17:02:00-04:00,3.47,3.48,3.4199,3.4199,0
2026-09-03 17:03:00-04:00,3.4197,3.43,3.41,3.43,0
2026-09-03 17:04:00-04:00,3.43,3.48,3.4299,3.48,0
2026-09-03 17:05:00-04:00,3.48,3.48,3.44,3.44,0
2026-09-03 17:06:00-04:00,3.47,3.47,3.44,3.4498,0
2026-09-03 17:07:00-04:00,3.4403,3.4403,3.4199,3.4199,0
2026-09-03 17:08:00-04:00,3.4194,3.47,3.41,3.4597,0
2026-09-03 17:09:00-04:00,3.46,3.46,3.4298,3.4298,0
2026-09-03 17:10:00-04:00,3.4297,3.4488,3.36,3.38,0
2026-09-03 17:11:00-04:00,3.36,3.4,3.36,3.4,0
2026-09-03 17:12:00-04:00,3.4,3.43,3.39,3.4003,0
2026-09-03 17:13:00-04:00,3.401,3.401,3.38,3.38,0
2026-09-03 17:14:00-04:00,3.38,3.4,3.38,3.3803,0
2026-09-03 17:15:00-04:00,3.38,3.38,3.3677,3.3677,0
2026-09-03 17:16:00-04:00,3.36,3.38,3.36,3.3604,0
2026-09-03 17:17:00-04:00,3.38,3.4,3.36,3.4,0
2026-09-03 17:18:00-04:00,3.409,3.409,3.37,3.4,0
2026-09-03 17:19:00-04:00,3.4,3.4,3.38,3.3992,0
2026-09-03 17:20:00-04:00,3.39,3.43,3.3853,3.43,0
2026-09-03 17:21:00-04:00,3.44,3.4598,3.43,3.45,0
2026-09-03 17:22:00-04:00,3.4502,3.48,3.45,3.47,0
2026-09-03 17:23:00-04:00,3.47,3.48,3.4404,3.4573,0
2026-09-03 17:24:00-04:00,3.4598,3.46,3.42,3.4369,0
2026-09-03 17:25:00-04:00,3.42,3.47,3.4004,3.4406,0
2026-09-03 17:26:00-04:00,3.47,3.47,3.4401,3.45,0
2026-09-03 17:27:00-04:00,3.45,3.5,3.45,3.48,0
2026-09-03 17:28:00-04:00,3.4999,3.5,3.48,3.49,0
2026-09-03 17:29:00-04:00,3.4901,3.5,3.47,3.495,0
2026-09-03 17:30:00-04:00,3.4952,3.5,3.48,3.5,0
2026-09-03 17:31:00-04:00,3.4802,3.49,3.44,3.4403,0
2026-09-03 17:32:00-04:00,3.45,3.45,3.42,3.43,0
2026-09-03 17:33:00-04:00,3.43,3.45,3.42,3.42,0
2026-09-03 17:34:00-04:00,3.43,3.43,3.42,3.4224,0
2026-09-03 17:35:00-04:00,3.4211,3.44,3.42,3.44,0
2026-09-03 17:36:00-04:00,3.4375,3.4375,3.43,3.43,0
2026-09-03 17:37:00-04:00,3.43,3.43,3.42,3.4202,0
2026-09-03 17:38:00-04:00,3.4201,3.4203,3.37,3.3797,0
2026-09-03 17:39:00-04:00,3.38,3.38,3.36,3.36,0
2026-09-03 17:40:00-04:00,3.37,3.373,3.35,3.36,0
2026-09-03 17:41:00-04:00,3.36,3.36,3.341,3.36,0
2026-09-03 17:42:00-04:00,3.3597,3.4242,3.3597,3.4242,0
2026-09-03 17:43:00-04:00,3.44,3.5,3.42,3.46,0
2026-09-03 17:44:00-04:00,3.43,3.46,3.43,3.44,0
2026-09-03 17:45:00-04:00,3.44,3.45,3.44,3.45,0
2026-09-03 17:46:00-04:00,3.45,3.45,3.43,3.43,0
2026-09-03 17:47:00-04:00,3.435,3.44,3.43,3.43,0
2026-09-03 17:48:00-04:00,3.431,3.431,3.38,3.41,0
2026-09-03 17:49:00-04:00,3.41,3.41,3.38,3.3809,0
2026-09-03 17:50:00-04:00,3.3805,3.4003,3.3805,3.4003,0
2026-09-03 17:51:00-04:00,3.4,3.4062,3.4,3.4003,0
2026-09-03 17:52:00-04:00,3.4016,3.41,3.4003,3.4023,0
2026-09-03 17:53:00-04:00,3.41,3.41,3.4,3.41,0
2026-09-03 17:54:00-04:00,3.4,3.41,3.4,3.41,0
2026-09-03 17:55:00-04:00,3.4,3.4099,3.4,3.4077,0
2026-09-03 17:56:00-04:00,3.4,3.41,3.4,3.4,0
2026-09-03 17:57:00-04:00,3.4099,3.4099,3.3575,3.3599,0
2026-09-03 17:58:00-04:00,3.36,3.39,3.35,3.3893,0
2026-09-03 17:59:00-04:00,3.39,3.4,3.3805,3.3898,0
2026-09-03 18:00:00-04:00,3.38,3.3897,3.38,3.38,0
2026-09-03 18:01:00-04:00,3.39,3.39,3.38,3.38,0
2026-09-03 18:02:00-04:00,3.3874,3.39,3.38,3.38,0
2026-09-03 18:03:00-04:00,3.3877,3.4,3.38,3.4,0
2026-09-03 18:04:00-04:00,3.4,3.4,3.39,3.3991,0
2026-09-03 18:05:00-04:00,3.39,3.4,3.39,3.4,0
2026-09-03 18:06:00-04:00,3.4,3.4,3.39,3.39,0
2026-09-03 18:07:00-04:00,3.4,3.4,3.39,3.39,0
2026-09-03 18:08:00-04:00,3.4,3.4,3.39,3.39,0
2026-09-03 18:09:00-04:00,3.3902,3.4,3.39,3.3997,0
2026-09-03 18:10:00-04:00,3.4,3.4,3.39,3.4,0
2026-09-03 18:11:00-04:00,3.3901,3.42,3.3901,3.4199,0
2026-09-03 18:12:00-04:00,3.42,3.42,3.41,3.42,0
2026-09-03 18:13:00-04:00,3.42,3.44,3.4102,3.44,0
2026-09-03 18:14:00-04:00,3.4391,3.44,3.41,3.4293,0
2026-09-03 18:15:00-04:00,3.4199,3.4199,3.41,3.41,0
2026-09-03 18:16:00-04:00,3.43,3.45,3.41,3.4231,0
2026-09-03 18:17:00-04:00,3.45,3.45,3.42,3.42,0
2026-09-03 18:19:00-04:00,3.42,3.44,3.41,3.41,0
2026-09-03 18:20:00-04:00,3.4395,3.4395,3.41,3.43,0
2026-09-03 18:21:00-04:00,3.43,3.45,3.42,3.446,0
2026-09-03 18:22:00-04:00,3.44,3.4498,3.43,3.4498,0
2026-09-03 18:23:00-04:00,3.43,3.46,3.43,3.46,0
2026-09-03 18:24:00-04:00,3.45,3.46,3.43,3.46,0
2026-09-03 18:25:00-04:00,3.4308,3.45,3.4308,3.44,0
2026-09-03 18:26:00-04:00,3.45,3.45,3.43,3.4492,0
2026-09-03 18:27:00-04:00,3.4304,3.4496,3.43,3.43,0
2026-09-03 18:28:00-04:00,3.43,3.43,3.4,3.4,0
2026-09-03 18:29:00-04:00,3.4,3.4103,3.4,3.4,0
2026-09-03 18:30:00-04:00,3.419,3.419,3.4,3.4,0
2026-09-03 18:31:00-04:00,3.41,3.41,3.41,3.41,0
2026-09-03 18:32:00-04:00,3.41,3.41,3.4,3.4,0
2026-09-03 18:33:00-04:00,3.39,3.42,3.39,3.42,0
2026-09-03 18:34:00-04:00,3.42,3.42,3.39,3.4,0
2026-09-03 18:35:00-04:00,3.39,3.42,3.39,3.4004,0
2026-09-03 18:36:00-04:00,3.42,3.42,3.41,3.41,0
2026-09-03 18:37:00-04:00,3.43,3.43,3.41,3.42,0
2026-09-03 18:38:00-04:00,3.42,3.4299,3.42,3.4299,0
2026-09-03 18:39:00-04:00,3.4297,3.4297,3.42,3.42,0
2026-09-03 18:40:00-04:00,3.43,3.44,3.4298,3.4298,0
2026-09-03 18:41:00-04:00,3.43,3.45,3.43,3.4499,0
2026-09-03 18:42:00-04:00,3.45,3.45,3.44,3.44,0
2026-09-03 18:43:00-04:00,3.43,3.44,3.42,3.43,0
2026-09-03 18:44:00-04:00,3.43,3.45,3.42,3.4401,0
2026-09-03 18:45:00-04:00,3.45,3.45,3.44,3.44,0
2026-09-03 18:46:00-04:00,3.449,3.45,3.449,3.45,0
2026-09-03 18:47:00-04:00,3.45,3.45,3.44,3.44,0
2026-09-03 18:48:00-04:00,3.45,3.45,3.4498,3.45,0
2026-09-03 18:49:00-04:00,3.44,3.44,3.4395,3.4395,0
2026-09-03 18:50:00-04:00,3.4391,3.4391,3.41,3.4203,0
2026-09-03 18:51:00-04:00,3.4201,3.4298,3.41,3.4106,0
2026-09-03 18:52:00-04:00,3.4102,3.4102,3.41,3.41,0
2026-09-03 18:53:00-04:00,3.42,3.42,3.4,3.4195,0
2026-09-03 18:54:00-04:00,3.4191,3.42,3.4,3.42,0
2026-09-03 18:55:00-04:00,3.41,3.41,3.4097,3.4097,0
2026-09-03 18:56:00-04:00,3.4,3.42,3.4,3.4103,0
2026-09-03 18:57:00-04:00,3.4198,3.42,3.41,3.41,0
2026-09-03 18:58:00-04:00,3.4197,3.42,3.4197,3.42,0
2026-09-03 18:59:00-04:00,3.42,3.4201,3.41,3.42,0
2026-09-03 19:00:00-04:00,3.43,3.43,3.4201,3.43,0
2026-09-03 19:01:00-04:00,3.44,3.4498,3.44,3.44,0
2026-09-03 19:02:00-04:00,3.4403,3.45,3.43,3.45,0
2026-09-03 19:03:00-04:00,3.44,3.45,3.44,3.4497,0
2026-09-03 19:04:00-04:00,3.45,3.45,3.44,3.4498,0
2026-09-03 19:05:00-04:00,3.45,3.45,3.44,3.4498,0
2026-09-03 19:06:00-04:00,3.4403,3.45,3.44,3.4499,0
2026-09-03 19:07:00-04:00,3.45,3.46,3.45,3.45,0
2026-09-03 19:08:00-04:00,3.46,3.47,3.44,3.44,0
2026-09-03 19:09:00-04:00,3.47,3.47,3.4515,3.4515,0
2026-09-03 19:10:00-04:00,3.45,3.47,3.45,3.46,0
2026-09-03 19:11:00-04:00,3.4502,3.46,3.4501,3.4585,0
2026-09-03 19:12:00-04:00,3.4599,3.46,3.4598,3.46,0
2026-09-03 19:13:00-04:00,3.46,3.4999,3.46,3.47,0
2026-09-03 19:14:00-04:00,3.4995,3.5,3.48,3.4999,0
2026-09-03 19:15:00-04:00,3.4969,3.5,3.47,3.4898,0
2026-09-03 19:16:00-04:00,3.49,3.5,3.48,3.48,0
2026-09-03 19:17:00-04:00,3.4903,3.5,3.49,3.5,0
2026-09-03 19:18:00-04:00,3.49,3.5,3.4801,3.4801,0
2026-09-03 19:19:00-04:00,3.4897,3.49,3.4798,3.4798,0
2026-09-03 19:20:00-04:00,3.48,3.48,3.47,3.48,0
2026-09-03 19:21:00-04:00,3.48,3.48,3.45,3.45,0
2026-09-03 19:22:00-04:00,3.4696,3.47,3.46,3.46,0
2026-09-03 19:23:00-04:00,3.46,3.47,3.46,3.46,0
2026-09-03 19:24:00-04:00,3.47,3.47,3.46,3.4698,0
2026-09-03 19:25:00-04:00,3.47,3.47,3.46,3.46,0
2026-09-03 19:26:00-04:00,3.46,3.47,3.46,3.46,0
2026-09-03 19:27:00-04:00,3.45,3.46,3.45,3.46,0
2026-09-03 19:28:00-04:00,3.4503,3.46,3.45,3.46,0
2026-09-03 19:29:00-04:00,3.4501,3.46,3.45,3.4599,0
2026-09-03 19:30:00-04:00,3.4599,3.46,3.4501,3.46,0
2026-09-03 19:31:00-04:00,3.45,3.46,3.45,3.46,0
2026-09-03 19:32:00-04:00,3.4591,3.46,3.4501,3.4503,0
2026-09-03 19:33:00-04:00,3.45,3.45,3.45,3.45,0
2026-09-03 19:34:00-04:00,3.4501,3.459,3.45,3.459,0
2026-09-03 19:35:00-04:00,3.45,3.46,3.45,3.4596,0
2026-09-03 19:36:00-04:00,3.44,3.46,3.44,3.46,0
2026-09-03 19:37:00-04:00,3.43,3.44,3.43,3.44,0
2026-09-03 19:38:00-04:00,3.4399,3.4399,3.43,3.4397,0
2026-09-03 19:39:00-04:00,3.43,3.44,3.43,3.44,0
2026-09-03 19:40:00-04:00,3.4398,3.44,3.43,3.44,0
2026-09-03 19:41:00-04:00,3.44,3.44,3.43,3.44,0
2026-09-03 19:42:00-04:00,3.4302,3.44,3.43,3.4397,0
2026-09-03 19:43:00-04:00,3.44,3.44,3.43,3.4399,0
2026-09-03 19:44:00-04:00,3.44,3.45,3.43,3.43,0
2026-09-03 19:45:00-04:00,3.45,3.45,3.4402,3.4402,0
2026-09-03 19:46:00-04:00,3.45,3.48,3.44,3.48,0
2026-09-03 19:47:00-04:00,3.45,3.48,3.45,3.48,0
2026-09-03 19:48:00-04:00,3.45,3.45,3.45,3.45,0
2026-09-03 19:49:00-04:00,3.47,3.47,3.45,3.45,0
2026-09-03 19:50:00-04:00,3.46,3.46,3.45,3.46,0
2026-09-03 19:51:00-04:00,3.4598,3.46,3.42,3.43,0
2026-09-03 19:52:00-04:00,3.4197,3.42,3.3892,3.3892,0
2026-09-03 19:53:00-04:00,3.3899,3.39,3.38,3.3899,0
2026-09-03 19:54:00-04:00,3.3898,3.3898,3.38,3.38,0
2026-09-03 19:55:00-04:00,3.401,3.44,3.38,3.44,0
2026-09-03 19:56:00-04:00,3.44,3.44,3.39,3.44,0
2026-09-03 19:57:00-04:00,3.4387,3.44,3.39,3.44,0
2026-09-03 19:58:00-04:00,3.4397,3.4397,3.4,3.4,0
2026-09-03 19:59:00-04:00,3.42,3.47,3.42,3.4546,0
2026-09-04 04:00:00-04:00,3.45,3.73,3.43,3.59,0
2026-09-04 04:01:00-04:00,3.57,3.67,3.44,3.5795,0
2026-09-04 04:02:00-04:00,3.5595,3.5993,3.484,3.5632,0
2026-09-04 04:03:00-04:00,3.5632,3.6193,3.5356,3.6007,0
2026-09-04 04:04:00-04:00,3.601,3.7625,3.6,3.7625,0
2026-09-04 04:05:00-04:00,3.7768,3.95,3.56,3.81,0
2026-09-04 04:06:00-04:00,3.8092,4.1,3.7603,4.0208,0
2026-09-04 04:07:00-04:00,4.0392,4.11,3.91,3.9105,0
2026-09-04 04:08:00-04:00,3.9195,4.05,3.8201,3.9906,0
2026-09-04 04:09:00-04:00,3.9995,4.0697,3.97,4.0482,0
2026-09-04 04:10:00-04:00,4.0495,4.06,3.95,3.9905,0
2026-09-04 04:11:00-04:00,4.0,4.0,3.99,3.9979,0
2026-09-04 04:12:00-04:00,3.9905,3.9907,3.8705,3.93,0
2026-09-04 04:13:00-04:00,3.9254,3.93,3.86,3.8995,0
2026-09-04 04:14:00-04:00,3.8995,3.93,3.84,3.9295,0
2026-09-04 04:15:00-04:00,3.9295,3.93,3.92,3.9205,0
2026-09-04 04:16:00-04:00,3.9295,3.93,3.85,3.8505,0
2026-09-04 04:17:00-04:00,3.8505,3.89,3.8,3.8195,0
2026-09-04 04:18:00-04:00,3.8106,3.86,3.8105,3.8505,0
2026-09-04 04:19:00-04:00,3.8505,3.98,3.8505,3.9595,0
2026-09-04 04:20:00-04:00,3.9582,4.05,3.95,3.97,0
2026-09-04 04:21:00-04:00,3.9706,3.98,3.9402,3.9407,0
2026-09-04 04:22:00-04:00,3.9405,3.9495,3.85,3.88,0
2026-09-04 04:23:00-04:00,3.8961,3.9,3.85,3.87,0
2026-09-04 04:24:00-04:00,3.8608,3.89,3.8608,3.87,0
2026-09-04 04:25:00-04:00,3.8705,3.89,3.8605,3.8751,0
2026-09-04 04:26:00-04:00,3.8706,3.94,3.87,3.94,0
2026-09-04 04:27:00-04:00,3.9395,4.03,3.93,4.0192,0
2026-09-04 04:28:00-04:00,4.0086,4.01,3.9599,3.9807,0
2026-09-04 04:29:00-04:00,3.9814,4.05,3.9805,4.0416,0
2026-09-04 04:30:00-04:00,4.0495,4.05,3.91,3.9381,0
2026-09-04 04:31:00-04:00,3.9315,3.94,3.92,3.9205,0
2026-09-04 04:32:00-04:00,3.9205,3.9295,3.91,3.92,0
2026-09-04 04:33:00-04:00,3.9182,3.96,3.91,3.95,0
2026-09-04 04:34:00-04:00,3.9232,3.9697,3.9203,3.9295,0
2026-09-04 04:35:00-04:00,3.93,3.9492,3.92,3.9208,0
2026-09-04 04:36:00-04:00,3.9203,3.9393,3.85,3.8612,0
2026-09-04 04:37:00-04:00,3.87,3.8995,3.85,3.8908,0
2026-09-04 04:38:00-04:00,3.8908,3.9192,3.8808,3.9,0
2026-09-04 04:39:00-04:00,3.9,3.9,3.8905,3.8911,0
2026-09-04 04:40:00-04:00,3.892,4.0,3.8905,4.0,0
2026-09-04 04:41:00-04:00,3.99,3.9992,3.9401,3.9408,0
2026-09-04 04:42:00-04:00,3.9405,3.95,3.8905,3.946,0
2026-09-04 04:43:00-04:00,3.946,3.9492,3.904,3.94,0
2026-09-04 04:44:00-04:00,3.9399,4.0,3.9308,3.9805,0
2026-09-04 04:45:00-04:00,3.9808,4.01,3.98,3.9995,0
2026-09-04 04:46:00-04:00,3.9919,4.0,3.96,3.96,0
2026-09-04 04:47:00-04:00,3.9868,3.9897,3.9532,3.97,0
2026-09-04 04:48:00-04:00,3.9703,3.98,3.96,3.9605,0
2026-09-04 04:49:00-04:00,3.9608,3.97,3.96,3.9695,0
2026-09-04 04:50:00-04:00,3.97,3.97,3.9,3.9009,0
2026-09-04 04:51:00-04:00,3.9005,3.9492,3.89,3.9492,0
2026-09-04 04:52:00-04:00,3.9413,3.9492,3.92,3.9205,0
2026-09-04 04:53:00-04:00,3.9205,3.94,3.92,3.9205,0
2026-09-04 04:54:00-04:00,3.9295,3.9492,3.9205,3.9295,0
2026-09-04 04:55:00-04:00,3.9295,3.9315,3.92,3.9295,0
2026-09-04 04:56:00-04:00,3.9295,3.93,3.92,3.9295,0
2026-09-04 04:57:00-04:00,3.9295,3.93,3.9,3.9,0
2026-09-04 04:58:00-04:00,3.9095,3.9192,3.9,3.9095,0
2026-09-04 04:59:00-04:00,3.902,3.9197,3.9,3.91,0
2026-09-04 05:00:00-04:00,3.9005,3.91,3.89,3.9005,0
2026-09-04 05:01:00-04:00,3.908,3.91,3.9,3.91,0
2026-09-04 05:02:00-04:00,3.9005,3.9192,3.89,3.8908,0
2026-09-04 05:03:00-04:00,3.8908,3.9197,3.8816,3.8895,0
2026-09-04 05:04:00-04:00,3.8803,3.8895,3.85,3.8505,0
2026-09-04 05:05:00-04:00,3.852,3.86,3.85,3.8595,0
2026-09-04 05:06:00-04:00,3.8595,3.9168,3.8505,3.9,0
2026-09-04 05:07:00-04:00,3.9,3.9,3.8632,3.87,0
2026-09-04 05:08:00-04:00,3.89,3.89,3.86,3.86,0
2026-09-04 05:09:00-04:00,3.8792,3.8992,3.86,3.89,0
2026-09-04 05:10:00-04:00,3.8997,3.8997,3.88,3.8808,0
2026-09-04 05:11:00-04:00,3.8839,3.89,3.88,3.8808,0
2026-09-04 05:12:00-04:00,3.8804,3.8992,3.88,3.8992,0
2026-09-04 05:13:00-04:00,3.89,3.8992,3.88,3.8805,0
2026-09-04 05:14:00-04:00,3.8805,3.89,3.88,3.89,0
2026-09-04 05:15:00-04:00,3.89,3.89,3.88,3.8895,0
2026-09-04 05:16:00-04:00,3.8805,3.89,3.8805,3.8895,0
2026-09-04 05:17:00-04:00,3.88,3.89,3.88,3.8805,0
2026-09-04 05:18:00-04:00,3.8887,3.89,3.88,3.8816,0
2026-09-04 05:19:00-04:00,3.89,3.89,3.88,3.8816,0
2026-09-04 05:20:00-04:00,3.8895,3.89,3.88,3.8805,0
2026-09-04 05:21:00-04:00,3.8895,3.91,3.8805,3.8995,0
2026-09-04 05:22:00-04:00,3.8986,3.9,3.87,3.8708,0
2026-09-04 05:23:00-04:00,3.8708,3.8844,3.8681,3.8844,0
2026-09-04 05:24:00-04:00,3.895,3.895,3.87,3.8828,0
2026-09-04 05:25:00-04:00,3.8806,3.8992,3.87,3.87,0
2026-09-04 05:26:00-04:00,3.89,3.93,3.8708,3.93,0
2026-09-04 05:27:00-04:00,3.9205,3.99,3.9205,3.97,0
2026-09-04 05:28:00-04:00,3.9792,4.0592,3.9608,4.0392,0
2026-09-04 05:29:00-04:00,4.0392,4.0998,4.02,4.0678,0
2026-09-04 05:30:00-04:00,4.0695,4.07,3.98,3.9995,0
2026-09-04 05:31:00-04:00,4.0,4.0,3.9,3.9,0
2026-09-04 05:32:00-04:00,3.9087,3.91,3.89,3.8979,0
2026-09-04 05:33:00-04:00,3.8905,3.9,3.89,3.8978,0
2026-09-04 05:34:00-04:00,3.8905,3.9,3.89,3.8921,0
2026-09-04 05:35:00-04:00,3.8995,3.9,3.89,3.9,0
2026-09-04 05:36:00-04:00,3.8979,3.9,3.8902,3.8999,0
2026-09-04 05:37:00-04:00,3.8907,3.9,3.89,3.8978,0
2026-09-04 05:38:00-04:00,3.8999,3.9,3.8902,3.8995,0
2026-09-04 05:39:00-04:00,3.8995,3.9,3.89,3.9,0
2026-09-04 05:40:00-04:00,3.8905,3.9592,3.8905,3.9592,0
2026-09-04 05:41:00-04:00,3.9595,3.98,3.9,3.9192,0
2026-09-04 05:42:00-04:00,3.9008,3.9592,3.9008,3.9495,0
2026-09-04 05:43:00-04:00,3.9495,3.95,3.9308,3.9495,0
2026-09-04 05:44:00-04:00,3.9405,3.9495,3.93,3.94,0
2026-09-04 05:45:00-04:00,3.94,3.9497,3.9208,3.9208,0
2026-09-04 05:46:00-04:00,3.9208,3.94,3.92,3.9295,0
2026-09-04 05:47:00-04:00,3.9295,3.95,3.92,3.95,0
2026-09-04 05:48:00-04:00,3.9492,3.9492,3.93,3.9388,0
2026-09-04 05:49:00-04:00,3.9305,3.94,3.93,3.9395,0
2026-09-04 05:50:00-04:00,3.9305,3.94,3.93,3.9395,0
2026-09-04 05:51:00-04:00,3.9381,3.94,3.92,3.9295,0
2026-09-04 05:52:00-04:00,3.9206,3.9292,3.9,3.9095,0
2026-09-04 05:53:00-04:00,3.9008,3.91,3.89,3.89,0
2026-09-04 05:54:00-04:00,3.8998,3.8998,3.88,3.89,0
2026-09-04 05:55:00-04:00,3.8805,3.89,3.8805,3.8805,0
2026-09-04 05:56:00-04:00,3.8895,3.89,3.88,3.8895,0
2026-09-04 05:57:00-04:00,3.8895,3.89,3.8805,3.89,0
2026-09-04 05:58:00-04:00,3.8886,3.89,3.88,3.8805,0
2026-09-04 05:59:00-04:00,3.881,3.8899,3.88,3.8879,0
2026-09-04 06:00:00-04:00,3.8805,3.9,3.88,3.8995,0
2026-09-04 06:01:00-04:00,3.9192,3.9197,3.89,3.91,0
2026-09-04 06:02:00-04:00,3.9,3.92,3.9,3.9197,0
2026-09-04 06:03:00-04:00,3.92,3.92,3.9,3.9005,0
2026-09-04 06:04:00-04:00,3.9095,3.9095,3.9,3.9,0
2026-09-04 06:05:00-04:00,3.9015,3.9095,3.9,3.9005,0
2026-09-04 06:06:00-04:00,3.9079,3.91,3.9,3.9005,0
2026-09-04 06:07:00-04:00,3.9095,3.9095,3.9,3.9095,0
2026-09-04 06:08:00-04:00,3.901,3.91,3.9005,3.9022,0
2026-09-04 06:09:00-04:00,3.9005,3.91,3.9,3.9095,0
2026-09-04 06:10:00-04:00,3.9078,3.91,3.9,3.9005,0
2026-09-04 06:11:00-04:00,3.9095,3.9095,3.89,3.8995,0
2026-09-04 06:12:00-04:00,3.8981,3.8995,3.8805,3.89,0
2026-09-04 06:13:00-04:00,3.9,3.9097,3.8808,3.89,0
2026-09-04 06:14:00-04:00,3.89,3.9,3.8808,3.8992,0
2026-09-04 06:15:00-04:00,3.8805,3.8992,3.88,3.8808,0
2026-09-04 06:16:00-04:00,3.89,3.89,3.88,3.89,0
2026-09-04 06:17:00-04:00,3.8808,3.89,3.88,3.8825,0
2026-09-04 06:18:00-04:00,3.8808,3.9,3.75,3.75,0
2026-09-04 06:19:00-04:00,3.7507,3.77,3.7,3.7593,0
2026-09-04 06:20:00-04:00,3.7505,3.76,3.61,3.6556,0
2026-09-04 06:21:00-04:00,3.67,3.74,3.6432,3.7132,0
2026-09-04 06:22:00-04:00,3.73,3.7686,3.72,3.7407,0
2026-09-04 06:23:00-04:00,3.7693,3.7693,3.75,3.7593,0
2026-09-04 06:24:00-04:00,3.7505,3.76,3.75,3.75,0
2026-09-04 06:25:00-04:00,3.7522,3.76,3.75,3.7521,0
2026-09-04 06:26:00-04:00,3.7505,3.7599,3.75,3.752,0
2026-09-04 06:27:00-04:00,3.7505,3.7595,3.7405,3.75,0
2026-09-04 06:28:00-04:00,3.7495,3.7495,3.6507,3.66,0
2026-09-04 06:29:00-04:00,3.66,3.7034,3.66,3.67,0
2026-09-04 06:30:00-04:00,3.6695,3.7097,3.66,3.6807,0
2026-09-04 06:31:00-04:00,3.6855,3.71,3.6807,3.71,0
2026-09-04 06:32:00-04:00,3.71,3.74,3.71,3.74,0
2026-09-04 06:33:00-04:00,3.7395,3.7407,3.7207,3.7407,0
2026-09-04 06:34:00-04:00,3.7407,3.75,3.73,3.7395,0
2026-09-04 06:35:00-04:00,3.7305,3.7493,3.73,3.7305,0
2026-09-04 06:36:00-04:00,3.7301,3.74,3.73,3.7301,0
2026-09-04 06:37:00-04:00,3.74,3.75,3.73,3.75,0
2026-09-04 06:38:00-04:00,3.748,3.75,3.74,3.7405,0
2026-09-04 06:39:00-04:00,3.7495,3.7498,3.7405,3.7405,0
2026-09-04 06:40:00-04:00,3.7495,3.7495,3.7305,3.7305,0
2026-09-04 06:41:00-04:00,3.73,3.74,3.73,3.7336,0
2026-09-04 06:42:00-04:00,3.7305,3.7493,3.73,3.7305,0
2026-09-04 06:43:00-04:00,3.7305,3.74,3.7305,3.74,0
2026-09-04 06:44:00-04:00,3.7395,3.74,3.73,3.7395,0
2026-09-04 06:45:00-04:00,3.7395,3.74,3.73,3.7306,0
2026-09-04 06:46:00-04:00,3.7305,3.74,3.73,3.73,0
2026-09-04 06:47:00-04:00,3.73,3.73,3.72,3.7205,0
2026-09-04 06:48:00-04:00,3.7295,3.73,3.72,3.7206,0
2026-09-04 06:49:00-04:00,3.7205,3.73,3.7001,3.7045,0
2026-09-04 06:50:00-04:00,3.71,3.7193,3.7,3.7193,0
2026-09-04 06:51:00-04:00,3.7193,3.74,3.71,3.7393,0
2026-09-04 06:52:00-04:00,3.74,3.7505,3.72,3.7505,0
2026-09-04 06:53:00-04:00,3.76,3.8,3.76,3.8,0
2026-09-04 06:54:00-04:00,3.7995,3.8,3.78,3.7808,0
2026-09-04 06:55:00-04:00,3.7992,3.7992,3.7607,3.7701,0
2026-09-04 06:56:00-04:00,3.7795,3.7795,3.7703,3.7795,0
2026-09-04 06:57:00-04:00,3.7797,3.79,3.771,3.79,0
2026-09-04 06:58:00-04:00,3.7895,3.79,3.78,3.78,0
2026-09-04 06:59:00-04:00,3.7805,3.7895,3.78,3.7895,0
2026-09-04 07:00:00-04:00,3.78,3.79,3.75,3.76,0
2026-09-04 07:01:00-04:00,3.75,3.75,3.6505,3.66,0
2026-09-04 07:02:00-04:00,3.6649,3.6649,3.5807,3.629,0
2026-09-04 07:03:00-04:00,3.6107,3.63,3.6,3.6101,0
2026-09-04 07:04:00-04:00,3.6107,3.64,3.61,3.6108,0
2026-09-04 07:05:00-04:00,3.639,3.65,3.62,3.6295,0
2026-09-04 07:06:00-04:00,3.6299,3.66,3.62,3.6596,0
2026-09-04 07:07:00-04:00,3.6585,3.7,3.6503,3.7,0
2026-09-04 07:08:00-04:00,3.69,3.7,3.68,3.6898,0
2026-09-04 07:09:00-04:00,3.6801,3.69,3.66,3.6791,0
2026-09-04 07:10:00-04:00,3.68,3.68,3.66,3.6617,0
2026-09-04 07:11:00-04:00,3.6616,3.68,3.6607,3.68,0
2026-09-04 07:12:00-04:00,3.6795,3.68,3.66,3.67,0
2026-09-04 07:13:00-04:00,3.6605,3.67,3.66,3.6695,0
2026-09-04 07:14:00-04:00,3.6605,3.68,3.66,3.67,0
2026-09-04 07:15:00-04:00,3.6695,3.67,3.66,3.67,0
2026-09-04 07:16:00-04:00,3.67,3.67,3.66,3.6695,0
2026-09-04 07:17:00-04:00,3.6618,3.67,3.66,3.67,0
2026-09-04 07:18:00-04:00,3.6603,3.67,3.6593,3.6593,0
2026-09-04 07:19:00-04:00,3.66,3.66,3.65,3.65,0
2026-09-04 07:20:00-04:00,3.6505,3.66,3.65,3.66,0
2026-09-04 07:21:00-04:00,3.6443,3.66,3.62,3.6307,0
2026-09-04 07:22:00-04:00,3.63,3.6938,3.63,3.68,0
2026-09-04 07:23:00-04:00,3.6807,3.72,3.68,3.7095,0
2026-09-04 07:24:00-04:00,3.71,3.75,3.7003,3.74,0
2026-09-04 07:25:00-04:00,3.73,3.75,3.73,3.7405,0
2026-09-04 07:26:00-04:00,3.7401,3.75,3.73,3.74,0
2026-09-04 07:27:00-04:00,3.7254,3.7397,3.7,3.7181,0
2026-09-04 07:28:00-04:00,3.7001,3.7001,3.66,3.66,0
2026-09-04 07:29:00-04:00,3.6625,3.72,3.6602,3.69,0
2026-09-04 07:30:00-04:00,3.69,3.7,3.67,3.69,0
2026-09-04 07:31:00-04:00,3.6885,3.6999,3.67,3.69,0
2026-09-04 07:32:00-04:00,3.68,3.7396,3.68,3.72,0
2026-09-04 07:33:00-04:00,3.7007,3.72,3.7,3.71,0
2026-09-04 07:34:00-04:00,3.7005,3.76,3.7,3.7505,0
2026-09-04 07:35:00-04:00,3.75,3.79,3.75,3.76,0
2026-09-04 07:36:00-04:00,3.761,3.78,3.7493,3.75,0
2026-09-04 07:37:00-04:00,3.7793,3.8,3.74,3.78,0
2026-09-04 07:38:00-04:00,3.79,3.8,3.74,3.77,0
2026-09-04 07:39:00-04:00,3.76,3.76,3.7,3.7001,0
2026-09-04 07:40:00-04:00,3.7488,3.75,3.7,3.7307,0
2026-09-04 07:41:00-04:00,3.7305,3.74,3.7107,3.7107,0
2026-09-04 07:42:00-04:00,3.72,3.73,3.7,3.7205,0
2026-09-04 07:43:00-04:00,3.74,3.75,3.73,3.7494,0
2026-09-04 07:44:00-04:00,3.7401,3.78,3.74,3.7592,0
2026-09-04 07:45:00-04:00,3.7593,3.79,3.734,3.78,0
2026-09-04 07:46:00-04:00,3.788,3.79,3.78,3.7895,0
2026-09-04 07:47:00-04:00,3.79,3.936,3.7808,3.936,0
2026-09-04 07:48:00-04:00,3.92,3.95,3.88,3.8805,0
2026-09-04 07:49:00-04:00,3.89,4.0,3.8801,3.9997,0
2026-09-04 07:50:00-04:00,3.9995,4.0,3.94,3.9403,0
2026-09-04 07:51:00-04:00,3.9401,3.95,3.81,3.8899,0
2026-09-04 07:52:00-04:00,3.88,3.9,3.87,3.87,0
2026-09-04 07:53:00-04:00,3.88,4.04,3.81,3.86,0
2026-09-04 07:54:00-04:00,3.8692,3.98,3.8232,3.9601,0
2026-09-04 07:55:00-04:00,3.9605,3.97,3.9,3.9095,0
2026-09-04 07:56:00-04:00,3.9,3.94,3.86,3.9005,0
2026-09-04 07:57:00-04:00,3.9095,3.95,3.9,3.95,0
2026-09-04 07:58:00-04:00,3.9482,4.0,3.9008,3.96,0
2026-09-04 07:59:00-04:00,3.96,4.05,3.93,4.0292,0
2026-09-04 08:00:00-04:00,4.03,4.08,4.0,4.0195,0
2026-09-04 08:01:00-04:00,4.0105,4.02,3.92,3.9478,0
2026-09-04 08:02:00-04:00,3.94,3.95,3.9,3.9001,0
2026-09-04 08:03:00-04:00,3.9078,3.94,3.9,3.94,0
2026-09-04 08:04:00-04:00,3.9301,3.95,3.92,3.9301,0
2026-09-04 08:05:00-04:00,3.9397,3.94,3.91,3.92,0
2026-09-04 08:06:00-04:00,3.9101,3.92,3.86,3.8601,0
2026-09-04 08:07:00-04:00,3.88,3.88,3.85,3.852,0
2026-09-04 08:08:00-04:00,3.852,3.88,3.85,3.8505,0
2026-09-04 08:09:00-04:00,3.86,3.86,3.85,3.85,0
2026-09-04 08:10:00-04:00,3.8505,3.86,3.75,3.78,0
2026-09-04 08:11:00-04:00,3.7793,3.85,3.7607,3.84,0
2026-09-04 08:12:00-04:00,3.8304,3.862,3.82,3.86,0
2026-09-04 08:13:00-04:00,3.86,3.87,3.85,3.851,0
2026-09-04 08:14:00-04:00,3.8595,3.86,3.85,3.8505,0
2026-09-04 08:15:00-04:00,3.86,3.86,3.85,3.85,0
2026-09-04 08:16:00-04:00,3.86,3.87,3.85,3.8605,0
2026-09-04 08:17:00-04:00,3.8688,3.9,3.86,3.8898,0
2026-09-04 08:18:00-04:00,3.8892,3.9,3.86,3.89,0
2026-09-04 08:19:00-04:00,3.8981,3.9,3.89,3.89,0
2026-09-04 08:20:00-04:00,3.8915,3.9,3.89,3.8979,0
2026-09-04 08:21:00-04:00,3.8995,3.93,3.89,3.9298,0
2026-09-04 08:22:00-04:00,3.92,3.94,3.92,3.94,0
2026-09-04 08:23:00-04:00,3.94,3.95,3.93,3.94,0
2026-09-04 08:24:00-04:00,3.94,3.95,3.93,3.95,0
2026-09-04 08:25:00-04:00,3.9498,3.98,3.9495,3.9605,0
2026-09-04 08:26:00-04:00,3.9615,3.98,3.96,3.9695,0
2026-09-04 08:27:00-04:00,3.9508,3.9699,3.9,3.9005,0
2026-09-04 08:28:00-04:00,3.91,3.91,3.84,3.9,0
2026-09-04 08:29:00-04:00,3.88,3.92,3.8603,3.88,0
2026-09-04 08:30:00-04:00,3.89,3.9,3.88,3.9,0
2026-09-04 08:31:00-04:00,3.8996,3.93,3.89,3.93,0
2026-09-04 08:32:00-04:00,3.9432,3.95,3.92,3.9492,0
2026-09-04 08:33:00-04:00,3.93,3.95,3.92,3.9402,0
2026-09-04 08:34:00-04:00,3.95,3.95,3.94,3.9405,0
2026-09-04 08:35:00-04:00,3.9482,3.95,3.92,3.94,0
2026-09-04 08:36:00-04:00,3.94,3.94,3.92,3.9207,0
2026-09-04 08:37:00-04:00,3.9295,3.93,3.9,3.92,0
2026-09-04 08:38:00-04:00,3.9008,3.91,3.9,3.9005,0
2026-09-04 08:39:00-04:00,3.9001,3.92,3.9,3.9085,0
2026-09-04 08:40:00-04:00,3.9095,3.91,3.9,3.9085,0
2026-09-04 08:41:00-04:00,3.9001,3.91,3.9,3.9,0
2026-09-04 08:42:00-04:00,3.9,3.91,3.9,3.9005,0
2026-09-04 08:43:00-04:00,3.91,3.91,3.88,3.88,0
2026-09-04 08:44:00-04:00,3.8944,3.9,3.82,3.84,0
2026-09-04 08:45:00-04:00,3.86,3.9,3.84,3.8595,0
2026-09-04 08:46:00-04:00,3.86,3.9,3.852,3.8769,0
2026-09-04 08:47:00-04:00,3.8705,3.88,3.87,3.8715,0
2026-09-04 08:48:00-04:00,3.8797,3.9,3.8701,3.8905,0
2026-09-04 08:49:00-04:00,3.9,3.92,3.89,3.91,0
2026-09-04 08:50:00-04:00,3.9197,3.92,3.91,3.92,0
2026-09-04 08:51:00-04:00,3.92,3.92,3.91,3.92,0
2026-09-04 08:52:00-04:00,3.916,3.95,3.91,3.9495,0
2026-09-04 08:53:00-04:00,3.9401,3.95,3.94,3.9498,0
2026-09-04 08:54:00-04:00,3.9402,3.95,3.94,3.948,0
2026-09-04 08:55:00-04:00,3.9405,3.9405,3.91,3.92,0
2026-09-04 08:56:00-04:00,3.9103,3.98,3.9103,3.98,0
2026-09-04 08:57:00-04:00,3.98,4.08,3.962,4.0799,0
2026-09-04 08:58:00-04:00,4.078,4.35,4.07,4.28,0
2026-09-04 08:59:00-04:00,4.2898,4.38,4.22,4.28,0
2026-09-04 09:00:00-04:00,4.2705,4.3,4.1205,4.1405,0
2026-09-04 09:01:00-04:00,4.1405,4.2991,4.14,4.299,0
2026-09-04 09:02:00-04:00,4.2901,4.3999,4.17,4.24,0
2026-09-04 09:03:00-04:00,4.24,4.28,4.2,4.2363,0
2026-09-04 09:04:00-04:00,4.2383,4.27,4.19,4.26,0
2026-09-04 09:05:00-04:00,4.26,4.26,4.18,4.18,0
2026-09-04 09:06:00-04:00,4.1869,4.19,4.01,4.0685,0
2026-09-04 09:07:00-04:00,4.0605,4.11,4.04,4.0415,0
2026-09-04 09:08:00-04:00,4.0405,4.13,4.01,4.1105,0
2026-09-04 09:09:00-04:00,4.11,4.12,4.09,4.11,0
2026-09-04 09:10:00-04:00,4.1098,4.17,4.1,4.1478,0
2026-09-04 09:11:00-04:00,4.1401,4.16,4.13,4.1399,0
2026-09-04 09:12:00-04:00,4.1317,4.16,4.13,4.158,0
2026-09-04 09:13:00-04:00,4.15,4.16,4.13,4.13,0
2026-09-04 09:14:00-04:00,4.13,4.14,4.1,4.1,0
2026-09-04 09:15:00-04:00,4.1098,4.1098,4.0,4.07,0
2026-09-04 09:16:00-04:00,4.0795,4.08,4.03,4.04,0
2026-09-04 09:17:00-04:00,4.0395,4.08,4.03,4.0605,0
2026-09-04 09:18:00-04:00,4.07,4.07,4.04,4.0405,0
2026-09-04 09:19:00-04:00,4.04,4.0405,4.02,4.02,0
2026-09-04 09:20:00-04:00,4.0205,4.08,4.02,4.03,0
2026-09-04 09:21:00-04:00,4.021,4.0285,4.0,4.0098,0
2026-09-04 09:22:00-04:00,4.0012,4.01,3.95,3.99,0
2026-09-04 09:23:00-04:00,3.9819,4.04,3.98,4.01,0
2026-09-04 09:24:00-04:00,4.0095,4.03,4.0,4.02,0
2026-09-04 09:25:00-04:00,4.03,4.1,4.02,4.0909,0
2026-09-04 09:26:00-04:00,4.1,4.1,4.05,4.058,0
2026-09-04 09:27:00-04:00,4.0522,4.13,4.05,4.1105,0
2026-09-04 09:28:00-04:00,4.14,4.18,4.12,4.1395,0
2026-09-04 09:29:00-04:00,4.1397,4.18,4.0701,4.1398,0
2026-09-04 09:30:00-04:00,4.119999885559082,4.150000095367432,3.6700000762939453,3.6700000762939453,8378425
2026-09-04 09:31:00-04:00,3.6700000762939453,3.6700000762939453,3.6700000762939453,3.6700000762939453,9508
2026-09-04 09:36:00-04:00,3.6700000762939453,3.75,3.240000009536743,3.240000009536743,445420
2026-09-04 09:41:00-04:00,3.240000009536743,3.2799999713897705,3.190000057220459,3.194999933242798,106864
2026-09-04 09:42:00-04:00,3.194999933242798,3.2799999713897705,2.799999952316284,2.799999952316284,686150
2026-09-04 09:43:00-04:00,2.842400074005127,2.8610000610351562,2.5899999141693115,2.5899999141693115,493231
2026-09-04 09:44:00-04:00,2.5899999141693115,2.759999990463257,2.5899999141693115,2.7200000286102295,437162
2026-09-04 09:45:00-04:00,2.7100000381469727,2.8299999237060547,2.649899959564209,2.740000009536743,462839
2026-09-04 09:46:00-04:00,2.75,2.759999990463257,2.490000009536743,2.490000009536743,531879
2026-09-04 09:51:00-04:00,2.700000047683716,2.700000047683716,2.5399999618530273,2.5399999618530273,58577
2026-09-04 09:52:00-04:00,2.5390000343322754,2.700000047683716,2.5199999809265137,2.6500000953674316,251156
2026-09-04 09:53:00-04:00,2.6600000858306885,2.829900026321411,2.619999885559082,2.700000047683716,185817
2026-09-04 09:54:00-04:00,2.7200000286102295,2.7200000286102295,2.6500000953674316,2.680000066757202,121594
2026-09-04 09:55:00-04:00,2.680000066757202,2.7899999618530273,2.6774001121520996,2.759999990463257,169664
2026-09-04 09:56:00-04:00,2.779900074005127,2.799999952316284,2.650099992752075,2.650099992752075,195494
2026-09-04 09:57:00-04:00,2.659899950027466,2.690000057220459,2.4300999641418457,2.5299999713897705,407827
2026-09-04 09:58:00-04:00,2.549999952316284,2.609999895095825,2.5199999809265137,2.5701000690460205,119328
2026-09-04 09:59:00-04:00,2.588900089263916,2.690000057220459,2.5701000690460205,2.609999895095825,146649
2026-09-04 10:00:00-04:00,2.610100030899048,2.640000104904175,2.559999942779541,2.569999933242798,63335
2026-09-04 10:01:00-04:00,2.578900098800659,2.5999999046325684,2.569999933242798,2.5850000381469727,44694
2026-09-04 10:02:00-04:00,2.5850000381469727,2.5999999046325684,2.5450000762939453,2.575000047683716,45031
2026-09-04 10:03:00-04:00,2.5850000381469727,2.6600000858306885,2.5850000381469727,2.650099992752075,50098
2026-09-04 10:04:00-04:00,2.658900022506714,2.658900022506714,2.5299999713897705,2.565000057220459,88206
2026-09-04 10:05:00-04:00,2.559999942779541,2.5999999046325684,2.5299999713897705,2.5309998989105225,56347
2026-09-04 10:06:00-04:00,2.5399999618530273,2.5409998893737793,2.490000009536743,2.5,195593
2026-09-04 10:07:00-04:00,2.4900999069213867,2.559999942779541,2.4900999069213867,2.555000066757202,111597
2026-09-04 10:08:00-04:00,2.559999942779541,2.5799999237060547,2.549999952316284,2.559999942779541,68386
2026-09-04 10:09:00-04:00,2.555000066757202,2.5899999141693115,2.555000066757202,2.5899999141693115,51366
2026-09-04 10:10:00-04:00,2.5850000381469727,2.5899999141693115,2.549999952316284,2.569999933242798,69207
2026-09-04 10:11:00-04:00,2.569999933242798,2.649899959564209,2.569999933242798,2.575000047683716,74402
2026-09-04 10:12:00-04:00,2.575000047683716,2.5799999237060547,2.5299999713897705,2.5399999618530273,95679
2026-09-04 10:13:00-04:00,2.5399999618530273,2.5899999141693115,2.5,2.5299999713897705,114087
2026-09-04 10:14:00-04:00,2.54830002784729,2.549999952316284,2.509999990463257,2.5299999713897705,67178
2026-09-04 10:15:00-04:00,2.5290000438690186,2.5309998989105225,2.509999990463257,2.5250000953674316,45032
2026-09-04 10:16:00-04:00,2.5199999809265137,2.539799928665161,2.509999990463257,2.5201001167297363,34425
2026-09-04 10:17:00-04:00,2.5290000438690186,2.5299999713897705,2.500999927520752,2.500999927520752,20453
2026-09-04 10:18:00-04:00,2.505000114440918,2.549999952316284,2.5000998973846436,2.5299999713897705,38032
2026-09-04 10:19:00-04:00,2.5206000804901123,2.549999952316284,2.5199999809265137,2.5250000953674316,35829
2026-09-04 10:20:00-04:00,2.5250000953674316,2.569999933242798,2.5250000953674316,2.549999952316284,37257
2026-09-04 10:21:00-04:00,2.549999952316284,2.5999999046325684,2.549999952316284,2.569999933242798,59010
2026-09-04 10:22:00-04:00,2.569999933242798,2.5850000381469727,2.559999942779541,2.5799999237060547,38876
2026-09-04 10:23:00-04:00,2.5850000381469727,2.5999999046325684,2.569999933242798,2.5899999141693115,30758
2026-09-04 10:24:00-04:00,2.59689998626709,2.619999885559082,2.5799999237060547,2.5999999046325684,53252
2026-09-04 10:25:00-04:00,2.6184000968933105,2.630000114440918,2.5999999046325684,2.625,54849
2026-09-04 10:26:00-04:00,2.619999885559082,2.6289000511169434,2.5899999141693115,2.6050000190734863,63261
2026-09-04 10:27:00-04:00,2.5999999046325684,2.609999895095825,2.5899999141693115,2.591099977493286,18534
2026-09-04 10:28:00-04:00,2.591099977493286,2.6500000953674316,2.591099977493286,2.630000114440918,52404
2026-09-04 10:29:00-04:00,2.630000114440918,2.640000104904175,2.609999895095825,2.630000114440918,26116
2026-09-04 10:30:00-04:00,2.6298999786376953,2.630000114440918,2.6050000190734863,2.609999895095825,23877
2026-09-04 10:31:00-04:00,2.5999999046325684,2.630000114440918,2.5999999046325684,2.625,26073
2026-09-04 10:32:00-04:00,2.630000114440918,2.700000047683716,2.625,2.6910998821258545,109686
2026-09-04 10:33:00-04:00,2.6910998821258545,2.859999895095825,2.6649999618530273,2.674999952316284,140283
2026-09-04 10:34:00-04:00,2.6700000762939453,2.690000057220459,2.630000114440918,2.651099920272827,87931
2026-09-04 10:35:00-04:00,2.6549999713897705,2.680000066757202,2.619999885559082,2.6298000812530518,38665
2026-09-04 10:36:00-04:00,2.6298999786376953,2.630000114440918,2.5999999046325684,2.609999895095825,58464
2026-09-04 10:37:00-04:00,2.61899995803833,2.6500000953674316,2.609999895095825,2.630000114440918,26244
2026-09-04 10:38:00-04:00,2.630000114440918,2.640000104904175,2.609999895095825,2.619999885559082,23645
2026-09-04 10:39:00-04:00,2.619999885559082,2.6285998821258545,2.5199999809265137,2.530600070953369,123074
2026-09-04 10:40:00-04:00,2.5309998989105225,2.6089999675750732,2.5,2.565000057220459,142907
2026-09-04 10:41:00-04:00,2.569999933242798,2.640000104904175,2.569999933242798,2.640000104904175,36374
2026-09-04 10:42:00-04:00,2.640000104904175,2.674999952316284,2.609999895095825,2.6600000858306885,68705
2026-09-04 10:43:00-04:00,2.6679999828338623,2.680000066757202,2.6500000953674316,2.660099983215332,33196
2026-09-04 10:44:00-04:00,2.6689000129699707,2.7699999809265137,2.661099910736084,2.7300000190734863,91702
2026-09-04 10:45:00-04:00,2.7300000190734863,2.740000009536743,2.7014000415802,2.7290000915527344,56193
2026-09-04 10:46:00-04:00,2.7202000617980957,2.759999990463257,2.7200000286102295,2.75,31391
2026-09-04 10:47:00-04:00,2.755000114440918,2.7750000953674316,2.536400079727173,2.5490000247955322,138395
2026-09-04 10:48:00-04:00,2.549799919128418,2.6047000885009766,2.5450000762939453,2.578900098800659,53743
2026-09-04 10:49:00-04:00,2.569999933242798,2.5899999141693115,2.5689001083374023,2.5801000595092773,33108
2026-09-04 10:50:00-04:00,2.589900016784668,2.5999999046325684,2.54010009765625,2.550100088119507,59982
2026-09-04 10:51:00-04:00,2.555000066757202,2.5899999141693115,2.555000066757202,2.575000047683716,15925
2026-09-04 10:52:00-04:00,2.5799999237060547,2.5899999141693115,2.559999942779541,2.579900026321411,21422
2026-09-04 10:53:00-04:00,2.578900098800659,2.5799999237060547,2.549999952316284,2.559000015258789,25546
2026-09-04 10:54:00-04:00,2.559999942779541,2.569999933242798,2.550100088119507,2.569999933242798,22078
2026-09-04 10:55:00-04:00,2.559999942779541,2.559999942779541,2.5399999618530273,2.559999942779541,33722
2026-09-04 10:56:00-04:00,2.559000015258789,2.559999942779541,2.5399999618530273,2.5399999618530273,31503
2026-09-04 10:57:00-04:00,2.5490000247955322,2.5999999046325684,2.5409998893737793,2.589900016784668,50220
2026-09-04 10:58:00-04:00,2.589900016784668,2.5999999046325684,2.569999933242798,2.5799999237060547,23887
2026-09-04 10:59:00-04:00,2.589400053024292,2.5899999141693115,2.549999952316284,2.5797998905181885,20633
2026-09-04 11:00:00-04:00,2.561000108718872,2.5899999141693115,2.561000108718872,2.5799999237060547,14822
2026-09-04 11:01:00-04:00,2.5799999237060547,2.5899999141693115,2.569999933242798,2.5899999141693115,13964
2026-09-04 11:02:00-04:00,2.5810999870300293,2.5810999870300293,2.569999933242798,2.575000047683716,11253
2026-09-04 11:03:00-04:00,2.575000047683716,2.5799999237060547,2.565000057220459,2.575000047683716,19435
2026-09-04 11:04:00-04:00,2.575000047683716,2.619999885559082,2.569999933242798,2.588900089263916,71693
2026-09-04 11:05:00-04:00,2.5899999141693115,2.609999895095825,2.5799999237060547,2.6098999977111816,11330
2026-09-04 11:06:00-04:00,2.609999895095825,2.6500000953674316,2.5999999046325684,2.6050000190734863,52831
2026-09-04 11:07:00-04:00,2.6089000701904297,2.630000114440918,2.5999999046325684,2.609999895095825,53885
2026-09-04 11:08:00-04:00,2.6196999549865723,2.619999885559082,2.5899999141693115,2.6050000190734863,14951
2026-09-04 11:09:00-04:00,2.5999999046325684,2.619999885559082,2.5899999141693115,2.5999999046325684,44132
2026-09-04 11:10:00-04:00,2.609999895095825,2.609999895095825,2.5899999141693115,2.5899999141693115,15470
2026-09-04 11:11:00-04:00,2.599900007247925,2.5999999046325684,2.5899999141693115,2.599900007247925,5095
2026-09-04 11:12:00-04:00,2.5999999046325684,2.5999999046325684,2.5899999141693115,2.5899999141693115,11248
2026-09-04 11:13:00-04:00,2.5899999141693115,2.5999999046325684,2.5799999237060547,2.5810999870300293,16629
2026-09-04 11:14:00-04:00,2.5799999237060547,2.598900079727173,2.5799999237060547,2.5799999237060547,14923
2026-09-04 11:15:00-04:00,2.5850000381469727,2.6050000190734863,2.5799999237060547,2.5950000286102295,19191
2026-09-04 11:16:00-04:00,2.5899999141693115,2.5999999046325684,2.5899999141693115,2.590100049972534,3736
2026-09-04 11:17:00-04:00,2.591099977493286,2.619999885559082,2.5899999141693115,2.6184000968933105,2991
2026-09-04 11:18:00-04:00,2.619999885559082,2.700000047683716,2.5999999046325684,2.619999885559082,117494
2026-09-04 11:19:00-04:00,2.6410999298095703,2.6498000621795654,2.6301000118255615,2.634999990463257,13933
2026-09-04 11:20:00-04:00,2.630000114440918,2.6500000953674316,2.619999885559082,2.649899959564209,21763
2026-09-04 11:21:00-04:00,2.649899959564209,2.6500000953674316,2.600100040435791,2.630000114440918,21553
2026-09-04 11:22:00-04:00,2.625,2.640000104904175,2.625,2.639899969100952,7129
2026-09-04 11:23:00-04:00,2.638000011444092,2.640000104904175,2.609999895095825,2.630000114440918,22201
2026-09-04 11:24:00-04:00,2.6212000846862793,2.630000114440918,2.6113998889923096,2.6198999881744385,8110
2026-09-04 11:25:00-04:00,2.6210999488830566,2.630000114440918,2.5999999046325684,2.5999999046325684,10602
2026-09-04 11:26:00-04:00,2.6189000606536865,2.6189000606536865,2.5999999046325684,2.6101999282836914,8843
2026-09-04 11:27:00-04:00,2.609999895095825,2.630000114440918,2.5999999046325684,2.616499900817871,28206
2026-09-04 11:28:00-04:00,2.6110999584198,2.619999885559082,2.5999999046325684,2.6198999881744385,11450
2026-09-04 11:29:00-04:00,2.609999895095825,2.619999885559082,2.609999895095825,2.610100030899048,5989
2026-09-04 11:30:00-04:00,2.6110999584198,2.619999885559082,2.609999895095825,2.6198999881744385,14763
2026-09-04 11:31:00-04:00,2.615000009536743,2.619999885559082,2.5999999046325684,2.5999999046325684,20414
2026-09-04 11:32:00-04:00,2.6050000190734863,2.6119000911712646,2.5999999046325684,2.609999895095825,7930
2026-09-04 11:33:00-04:00,2.609999895095825,2.615000009536743,2.609999895095825,2.615000009536743,3555
2026-09-04 11:34:00-04:00,2.6084001064300537,2.609999895095825,2.5999999046325684,2.5999999046325684,18702
2026-09-04 11:35:00-04:00,2.5910000801086426,2.5910000801086426,2.575000047683716,2.5799999237060547,21820
2026-09-04 11:36:00-04:00,2.5799999237060547,2.5899999141693115,2.569999933242798,2.575000047683716,21562
2026-09-04 11:37:00-04:00,2.5799999237060547,2.5999999046325684,2.5710999965667725,2.5933001041412354,13964
2026-09-04 11:38:00-04:00,2.580199956893921,2.598900079727173,2.569999933242798,2.5889999866485596,13004
2026-09-04 11:39:00-04:00,2.5799999237060547,2.5899999141693115,2.575000047683716,2.5810999870300293,6000
2026-09-04 11:40:00-04:00,2.5850000381469727,2.5899999141693115,2.5799999237060547,2.580199956893921,7924
2026-09-04 11:41:00-04:00,2.588900089263916,2.5899999141693115,2.569999933242798,2.5899999141693115,18165
2026-09-04 11:42:00-04:00,2.5950000286102295,2.5950000286102295,2.5899999141693115,2.5950000286102295,4110
2026-09-04 11:43:00-04:00,2.591099977493286,2.609999895095825,2.591099977493286,2.6089000701904297,7205
2026-09-04 11:44:00-04:00,2.5999999046325684,2.609999895095825,2.5950000286102295,2.609999895095825,4414
2026-09-04 11:45:00-04:00,2.609999895095825,2.6500000953674316,2.5999999046325684,2.615000009536743,48433
2026-09-04 11:46:00-04:00,2.640000104904175,2.690000057220459,2.625,2.6549999713897705,60138
2026-09-04 11:47:00-04:00,2.6328001022338867,2.6489999294281006,2.6301000118255615,2.6301000118255615,10080
2026-09-04 11:48:00-04:00,2.640000104904175,2.640000104904175,2.559999942779541,2.5799999237060547,74472
2026-09-04 11:49:00-04:00,2.5799999237060547,2.5852999687194824,2.559999942779541,2.575000047683716,23133
2026-09-04 11:50:00-04:00,2.5799999237060547,2.599900007247925,2.5799999237060547,2.5799999237060547,13285
2026-09-04 11:51:00-04:00,2.575000047683716,2.5999999046325684,2.559999942779541,2.561000108718872,28224
2026-09-04 11:52:00-04:00,2.569999933242798,2.5799999237060547,2.559999942779541,2.5799999237060547,13791
2026-09-04 11:53:00-04:00,2.565000057220459,2.5799999237060547,2.565000057220459,2.575000047683716,21542
2026-09-04 11:54:00-04:00,2.575000047683716,2.590100049972534,2.569999933242798,2.569999933242798,21958
2026-09-04 11:55:00-04:00,2.588900089263916,2.5998001098632812,2.569999933242798,2.5850000381469727,19293
2026-09-04 11:56:00-04:00,2.5899999141693115,2.5899999141693115,2.569999933242798,2.5899999141693115,11935
2026-09-04 11:57:00-04:00,2.5899999141693115,2.5899999141693115,2.5799999237060547,2.5850000381469727,5623
2026-09-04 11:58:00-04:00,2.5899999141693115,2.5899999141693115,2.5836000442504883,2.588900089263916,4834
2026-09-04 11:59:00-04:00,2.5950000286102295,2.5950000286102295,2.5799999237060547,2.5899999141693115,5997
2026-09-04 12:00:00-04:00,2.5899999141693115,2.5899999141693115,2.581700086593628,2.5899999141693115,934
2026-09-04 12:01:00-04:00,2.5896999835968018,2.5899999141693115,2.5799999237060547,2.5799999237060547,3642
2026-09-04 12:02:00-04:00,2.5887999534606934,2.599900007247925,2.5799999237060547,2.599900007247925,7601
2026-09-04 12:03:00-04:00,2.5999999046325684,2.6098999977111816,2.5799999237060547,2.5999999046325684,9363
2026-09-04 12:04:00-04:00,2.5999999046325684,2.6194000244140625,2.5950000286102295,2.609999895095825,13021
2026-09-04 12:05:00-04:00,2.614500045776367,2.6226000785827637,2.5999999046325684,2.5999999046325684,9911
2026-09-04 12:06:00-04:00,2.609999895095825,2.630000114440918,2.6089000701904297,2.630000114440918,14768
2026-09-04 12:07:00-04:00,2.625,2.640000104904175,2.6096999645233154,2.6096999645233154,18833
2026-09-04 12:08:00-04:00,2.630000114440918,2.630000114440918,2.6073999404907227,2.628000020980835,20072
2026-09-04 12:09:00-04:00,2.619999885559082,2.619999885559082,2.5999999046325684,2.5999999046325684,12213
2026-09-04 12:10:00-04:00,2.609600067138672,2.609600067138672,2.5899999141693115,2.591099977493286,8898
2026-09-04 12:11:00-04:00,2.598400115966797,2.598400115966797,2.5899999141693115,2.591200113296509,1890
2026-09-04 12:12:00-04:00,2.5950000286102295,2.5999999046325684,2.5899999141693115,2.5950000286102295,6762
2026-09-04 12:13:00-04:00,2.5950000286102295,2.5999999046325684,2.5899999141693115,2.594899892807007,12792
2026-09-04 12:14:00-04:00,2.609600067138672,2.609600067138672,2.5999999046325684,2.6089999675750732,2247
2026-09-04 12:15:00-04:00,2.6089000701904297,2.609999895095825,2.5999999046325684,2.6098999977111816,5571
2026-09-04 12:16:00-04:00,2.601099967956543,2.609999895095825,2.5999999046325684,2.5999999046325684,6189
2026-09-04 12:17:00-04:00,2.598900079727173,2.600100040435791,2.598900079727173,2.600100040435791,1937
2026-09-04 12:18:00-04:00,2.5999999046325684,2.601099967956543,2.5999999046325684,2.601099967956543,1524
2026-09-04 12:19:00-04:00,2.609999895095825,2.609999895095825,2.5989999771118164,2.5989999771118164,2467
2026-09-04 12:20:00-04:00,2.590100049972534,2.5999999046325684,2.5806000232696533,2.5806000232696533,15276
2026-09-04 12:21:00-04:00,2.5799999237060547,2.5999999046325684,2.5799999237060547,2.5999999046325684,2661
2026-09-04 12:22:00-04:00,2.5999999046325684,2.5999999046325684,2.590100049972534,2.5950000286102295,3869
2026-09-04 12:23:00-04:00,2.591099977493286,2.5999999046325684,2.5899999141693115,2.5999999046325684,2673
2026-09-04 12:24:00-04:00,2.599900007247925,2.609999895095825,2.590100049972534,2.600100040435791,6747
2026-09-04 12:25:00-04:00,2.5999999046325684,2.609999895095825,2.587399959564209,2.5999999046325684,19429
2026-09-04 12:26:00-04:00,2.590100049972534,2.590100049972534,2.5899999141693115,2.5899999141693115,2827
2026-09-04 12:27:00-04:00,2.580199956893921,2.5889999866485596,2.580199956893921,2.5850000381469727,4685
2026-09-04 12:28:00-04:00,2.5850000381469727,2.5999999046325684,2.5799999237060547,2.5799999237060547,11970
2026-09-04 12:29:00-04:00,2.5910000801086426,2.5910000801086426,2.5910000801086426,2.5910000801086426,1786
2026-09-04 12:30:00-04:00,2.5950000286102295,2.5999999046325684,2.5899999141693115,2.5999999046325684,6906
2026-09-04 12:31:00-04:00,2.5950000286102295,2.6098999977111816,2.5950000286102295,2.6098999977111816,5291
2026-09-04 12:32:00-04:00,2.6050000190734863,2.634999990463257,2.5999999046325684,2.609999895095825,36888
2026-09-04 12:33:00-04:00,2.619999885559082,2.630000114440918,2.619999885559082,2.630000114440918,5415
2026-09-04 12:34:00-04:00,2.625,2.625,2.6189000606536865,2.6189000606536865,8022
2026-09-04 12:35:00-04:00,2.609999895095825,2.619999885559082,2.609999895095825,2.615000009536743,11834
2026-09-04 12:36:00-04:00,2.615000009536743,2.619999885559082,2.609999895095825,2.6110999584198,5567
2026-09-04 12:37:00-04:00,2.6198999881744385,2.619999885559082,2.609999895095825,2.615000009536743,6316
2026-09-04 12:38:00-04:00,2.609999895095825,2.619999885559082,2.609999895095825,2.615000009536743,6186
2026-09-04 12:39:00-04:00,2.619999885559082,2.630000114440918,2.615000009536743,2.625,5007
2026-09-04 12:40:00-04:00,2.6201000213623047,2.630000114440918,2.619999885559082,2.6298999786376953,13918
2026-09-04 12:41:00-04:00,2.6210999488830566,2.630000114440918,2.619999885559082,2.6201000213623047,7831
2026-09-04 12:42:00-04:00,2.619999885559082,2.628700017929077,2.6189000606536865,2.619999885559082,5340
2026-09-04 12:43:00-04:00,2.6110999584198,2.619999885559082,2.610100030899048,2.611999988555908,2134
2026-09-04 12:44:00-04:00,2.6185998916625977,2.619999885559082,2.609999895095825,2.609999895095825,5686
2026-09-04 12:45:00-04:00,2.619999885559082,2.6287999153137207,2.5999999046325684,2.619800090789795,8905
2026-09-04 12:46:00-04:00,2.609999895095825,2.609999895095825,2.5999999046325684,2.5999999046325684,9116
2026-09-04 12:47:00-04:00,2.609800100326538,2.624799966812134,2.5999999046325684,2.615000009536743,6006
2026-09-04 12:48:00-04:00,2.5999999046325684,2.625,2.5999999046325684,2.625,7237
2026-09-04 12:49:00-04:00,2.639899969100952,2.639899969100952,2.609999895095825,2.630000114440918,9091
2026-09-04 12:50:00-04:00,2.630000114440918,2.630000114440918,2.6196000576019287,2.625,14447
2026-09-04 12:51:00-04:00,2.625,2.630000114440918,2.609999895095825,2.609999895095825,8904
2026-09-04 12:52:00-04:00,2.619999885559082,2.630000114440918,2.6119000911712646,2.6210999488830566,4128
2026-09-04 12:53:00-04:00,2.625,2.630000114440918,2.5999999046325684,2.6084001064300537,20413
2026-09-04 12:54:00-04:00,2.5950000286102295,2.5999999046325684,2.5899999141693115,2.5999999046325684,21512
2026-09-04 12:55:00-04:00,2.590100049972534,2.5999999046325684,2.5899999141693115,2.5975000858306885,3578
2026-09-04 12:56:00-04:00,2.5950000286102295,2.5999999046325684,2.5899999141693115,2.5999999046325684,3190
2026-09-04 12:57:00-04:00,2.5999999046325684,2.5999999046325684,2.5899999141693115,2.5999999046325684,4180
2026-09-04 12:58:00-04:00,2.591099977493286,2.5980000495910645,2.591099977493286,2.5950000286102295,1455
2026-09-04 12:59:00-04:00,2.5999999046325684,2.6089999675750732,2.5899999141693115,2.6050000190734863,15759
2026-09-04 13:00:00-04:00,2.609999895095825,2.609999895095825,2.5999999046325684,2.6050000190734863,1607
2026-09-04 13:01:00-04:00,2.5999999046325684,2.609999895095825,2.5999999046325684,2.5999999046325684,6158
2026-09-04 13:02:00-04:00,2.6001999378204346,2.609999895095825,2.5999999046325684,2.5999999046325684,1985
2026-09-04 13:03:00-04:00,2.5999999046325684,2.619999885559082,2.5971999168395996,2.5971999168395996,21995
2026-09-04 13:04:00-04:00,2.5999999046325684,2.609999895095825,2.5999999046325684,2.609999895095825,5218
2026-09-04 13:05:00-04:00,2.601099967956543,2.601099967956543,2.5999999046325684,2.5999999046325684,1283
2026-09-04 13:06:00-04:00,2.5950000286102295,2.609999895095825,2.5950000286102295,2.5999999046325684,5644
2026-09-04 13:07:00-04:00,2.5999999046325684,2.5999999046325684,2.5899999141693115,2.5910000801086426,19886
2026-09-04 13:08:00-04:00,2.5899999141693115,2.5999999046325684,2.5899999141693115,2.5999999046325684,7451
2026-09-04 13:09:00-04:00,2.5899999141693115,2.5999999046325684,2.5899999141693115,2.5999999046325684,1871
2026-09-04 13:10:00-04:00,2.5999999046325684,2.5999999046325684,2.5999999046325684,2.5999999046325684,555
2026-09-04 13:11:00-04:00,2.599900007247925,2.5999999046325684,2.590100049972534,2.590100049972534,13175
2026-09-04 13:12:00-04:00,2.5999999046325684,2.5999999046325684,2.569999933242798,2.596100091934204,20815
2026-09-04 13:13:00-04:00,2.590100049972534,2.590100049972534,2.5799999237060547,2.5799999237060547,7075
2026-09-04 13:14:00-04:00,2.5899999141693115,2.6098999977111816,2.5899999141693115,2.5950000286102295,12280
2026-09-04 13:15:00-04:00,2.5999999046325684,2.5999999046325684,2.590100049972534,2.5950000286102295,4785
2026-09-04 13:16:00-04:00,2.598900079727173,2.6010000705718994,2.569999933242798,2.5850000381469727,26420
2026-09-04 13:17:00-04:00,2.5799999237060547,2.5799999237060547,2.569999933242798,2.578900098800659,19521
2026-09-04 13:18:00-04:00,2.579900026321411,2.5799999237060547,2.569999933242798,2.569999933242798,6502
2026-09-04 13:19:00-04:00,2.575000047683716,2.5850000381469727,2.569999933242798,2.5850000381469727,7070
2026-09-04 13:20:00-04:00,2.5799999237060547,2.589400053024292,2.5799999237060547,2.586199998855591,3490
2026-09-04 13:21:00-04:00,2.581899881362915,2.5899999141693115,2.569999933242798,2.569999933242798,19905
2026-09-04 13:22:00-04:00,2.5789999961853027,2.5799999237060547,2.569999933242798,2.575000047683716,5034
2026-09-04 13:23:00-04:00,2.565000057220459,2.579900026321411,2.559999942779541,2.559999942779541,26652
2026-09-04 13:24:00-04:00,2.565000057220459,2.565000057220459,2.5199999809265137,2.549999952316284,60663
2026-09-04 13:25:00-04:00,2.5399999618530273,2.549999952316284,2.5350000858306885,2.5350000858306885,16534
2026-09-04 13:26:00-04:00,2.5350000858306885,2.549999952316284,2.5199999809265137,2.5250000953674316,21099
2026-09-04 13:27:00-04:00,2.526099920272827,2.559499979019165,2.523400068283081,2.5409998893737793,4671
2026-09-04 13:28:00-04:00,2.5594000816345215,2.5594000816345215,2.5399999618530273,2.5399999618530273,11649
2026-09-04 13:29:00-04:00,2.551100015640259,2.559999942779541,2.5450000762939453,2.5566999912261963,7530
2026-09-04 13:30:00-04:00,2.5560998916625977,2.5560998916625977,2.549999952316284,2.549999952316284,2363
2026-09-04 13:31:00-04:00,2.5571999549865723,2.559999942779541,2.5399999618530273,2.555000066757202,11580
2026-09-04 13:32:00-04:00,2.5510001182556152,2.5799999237060547,2.5510001182556152,2.5799999237060547,10929
2026-09-04 13:33:00-04:00,2.578399896621704,2.5799999237060547,2.5710999965667725,2.5710999965667725,3359
2026-09-04 13:34:00-04:00,2.5701000690460205,2.5768001079559326,2.5701000690460205,2.5768001079559326,840
2026-09-04 13:35:00-04:00,2.578900098800659,2.5899999141693115,2.578900098800659,2.589900016784668,4581
2026-09-04 13:36:00-04:00,2.5899999141693115,2.5899999141693115,2.575000047683716,2.575000047683716,17612
2026-09-04 13:37:00-04:00,2.5789999961853027,2.5799999237060547,2.559999942779541,2.578900098800659,6008
2026-09-04 13:38:00-04:00,2.5850000381469727,2.5899999141693115,2.5799999237060547,2.5899999141693115,1980
2026-09-04 13:39:00-04:00,2.588900089263916,2.5899999141693115,2.578900098800659,2.578900098800659,7276
2026-09-04 13:40:00-04:00,2.578900098800659,2.5799999237060547,2.565000057220459,2.569000005722046,6514
2026-09-04 13:41:00-04:00,2.5799999237060547,2.5799999237060547,2.565000057220459,2.5799999237060547,3420
2026-09-04 13:42:00-04:00,2.569999933242798,2.5796000957489014,2.569999933242798,2.5738000869750977,3396
2026-09-04 13:43:00-04:00,2.5799999237060547,2.5899999141693115,2.5799999237060547,2.5799999237060547,4743
2026-09-04 13:44:00-04:00,2.5899999141693115,2.5899999141693115,2.5799999237060547,2.5834999084472656,8056
2026-09-04 13:45:00-04:00,2.5850000381469727,2.5899999141693115,2.5799999237060547,2.5799999237060547,11429
2026-09-04 13:46:00-04:00,2.575000047683716,2.5852999687194824,2.569999933242798,2.569999933242798,11133
2026-09-04 13:47:00-04:00,2.565000057220459,2.569999933242798,2.565000057220459,2.569999933242798,2399
2026-09-04 13:48:00-04:00,2.5703001022338867,2.575000047683716,2.555000066757202,2.5699000358581543,8388
2026-09-04 13:49:00-04:00,2.569999933242798,2.569999933242798,2.549999952316284,2.569999933242798,18625
2026-09-04 13:50:00-04:00,2.559999942779541,2.559999942779541,2.549999952316284,2.555000066757202,20438
2026-09-04 13:51:00-04:00,2.559999942779541,2.569999933242798,2.555000066757202,2.559999942779541,2475
2026-09-04 13:52:00-04:00,2.565000057220459,2.565000057220459,2.5399999618530273,2.5399999618530273,6795
2026-09-04 13:53:00-04:00,2.5485999584198,2.549999952316284,2.5299999713897705,2.5499000549316406,15753
2026-09-04 13:54:00-04:00,2.549999952316284,2.549999952316284,2.5299999713897705,2.5350000858306885,11665
2026-09-04 13:55:00-04:00,2.5399999618530273,2.5399999618530273,2.5299999713897705,2.5299999713897705,4063
2026-09-04 13:56:00-04:00,2.5399999618530273,2.5399999618530273,2.509999990463257,2.5197999477386475,43804
2026-09-04 13:57:00-04:00,2.5199999809265137,2.549999952316284,2.510999917984009,2.549999952316284,5397
2026-09-04 13:58:00-04:00,2.5299999713897705,2.549999952316284,2.5299999713897705,2.5399999618530273,7541
2026-09-04 13:59:00-04:00,2.5450000762939453,2.5450000762939453,2.5299999713897705,2.5350000858306885,11772
2026-09-04 14:00:00-04:00,2.5450000762939453,2.5450000762939453,2.5302999019622803,2.5350000858306885,2212
2026-09-04 14:01:00-04:00,2.5399999618530273,2.5399999618530273,2.530100107192993,2.539900064468384,5016
2026-09-04 14:02:00-04:00,2.5299999713897705,2.5409998893737793,2.5299999713897705,2.5409998893737793,3792
2026-09-04 14:03:00-04:00,2.5450000762939453,2.549999952316284,2.5450000762939453,2.549999952316284,7703
2026-09-04 14:04:00-04:00,2.5450000762939453,2.5495998859405518,2.5450000762939453,2.5450000762939453,3387
2026-09-04 14:05:00-04:00,2.549099922180176,2.555000066757202,2.5399999618530273,2.549999952316284,4073
2026-09-04 14:06:00-04:00,2.540299892425537,2.540299892425537,2.540299892425537,2.540299892425537,3071
2026-09-04 14:07:00-04:00,2.5409998893737793,2.549999952316284,2.5399999618530273,2.549999952316284,3271
2026-09-04 14:08:00-04:00,2.549999952316284,2.549999952316284,2.509999990463257,2.51990008354187,32127
2026-09-04 14:09:00-04:00,2.5199999809265137,2.538800001144409,2.509999990463257,2.538800001144409,10868
2026-09-04 14:10:00-04:00,2.5299999713897705,2.5490000247955322,2.5199999809265137,2.5199999809265137,6241
2026-09-04 14:11:00-04:00,2.5290000438690186,2.539900064468384,2.5290000438690186,2.5299999713897705,7261
2026-09-04 14:12:00-04:00,2.5350000858306885,2.5350000858306885,2.5350000858306885,2.5350000858306885,1595
2026-09-04 14:13:00-04:00,2.5309998989105225,2.5399999618530273,2.5309998989105225,2.5309998989105225,2402
2026-09-04 14:14:00-04:00,2.5350000858306885,2.539799928665161,2.509999990463257,2.510999917984009,3639
2026-09-04 14:15:00-04:00,2.5299999713897705,2.549999952316284,2.5134999752044678,2.5350000858306885,7203
2026-09-04 14:16:00-04:00,2.5399999618530273,2.5494000911712646,2.5299999713897705,2.5299999713897705,7142
2026-09-04 14:17:00-04:00,2.539799928665161,2.5399999618530273,2.5199999809265137,2.5199999809265137,14807
2026-09-04 14:18:00-04:00,2.5399999618530273,2.5399999618530273,2.5350000858306885,2.5350000858306885,672
2026-09-04 14:19:00-04:00,2.5309998989105225,2.5399999618530273,2.5309998989105225,2.5399999618530273,1350
2026-09-04 14:20:00-04:00,2.5381999015808105,2.5399999618530273,2.5299999713897705,2.5399999618530273,7321
2026-09-04 14:21:00-04:00,2.5350000858306885,2.5399999618530273,2.5299999713897705,2.539900064468384,4947
2026-09-04 14:22:00-04:00,2.5299999713897705,2.5399999618530273,2.5199999809265137,2.5250000953674316,8593
2026-09-04 14:23:00-04:00,2.5299999713897705,2.5299999713897705,2.5199999809265137,2.5250000953674316,6491
2026-09-04 14:24:00-04:00,2.5199999809265137,2.5199999809265137,2.5,2.5000998973846436,17609
2026-09-04 14:25:00-04:00,2.500999927520752,2.509999990463257,2.500999927520752,2.509999990463257,5468
2026-09-04 14:26:00-04:00,2.505000114440918,2.5299999713897705,2.5,2.5,32272
2026-09-04 14:27:00-04:00,2.5,2.509999990463257,2.490000009536743,2.494999885559082,91531
2026-09-04 14:28:00-04:00,2.499000072479248,2.5,2.490000009536743,2.5,9762
2026-09-04 14:29:00-04:00,2.494999885559082,2.509000062942505,2.4900999069213867,2.5,29805
2026-09-04 14:30:00-04:00,2.4993999004364014,2.535799980163574,2.4993999004364014,2.5167999267578125,22339
2026-09-04 14:31:00-04:00,2.515399932861328,2.5399999618530273,2.509999990463257,2.5237998962402344,13989
2026-09-04 14:32:00-04:00,2.5299999713897705,2.5350000858306885,2.5199999809265137,2.5299999713897705,7665
2026-09-04 14:33:00-04:00,2.5199999809265137,2.5399999618530273,2.5199999809265137,2.5223000049591064,16694
2026-09-04 14:34:00-04:00,2.5311999320983887,2.5399999618530273,2.5299999713897705,2.5302999019622803,7430
2026-09-04 14:35:00-04:00,2.5350000858306885,2.5350000858306885,2.5299999713897705,2.5350000858306885,3260
2026-09-04 14:36:00-04:00,2.5309998989105225,2.5350000858306885,2.5299999713897705,2.5311999320983887,1099
2026-09-04 14:37:00-04:00,2.5350000858306885,2.5399999618530273,2.5350000858306885,2.5399999618530273,610
2026-09-04 14:38:00-04:00,2.5350000858306885,2.539900064468384,2.5299999713897705,2.5299999713897705,4460
2026-09-04 14:39:00-04:00,2.5299999713897705,2.5299999713897705,2.5,2.5209999084472656,19373
2026-09-04 14:40:00-04:00,2.5199999809265137,2.5250000953674316,2.5100998878479004,2.5250000953674316,4013
2026-09-04 14:41:00-04:00,2.5209999084472656,2.5299999713897705,2.515000104904175,2.5250000953674316,6982
2026-09-04 14:42:00-04:00,2.5297999382019043,2.5297999382019043,2.5199999809265137,2.5199999809265137,10477
2026-09-04 14:43:00-04:00,2.5199999809265137,2.5199999809265137,2.509999990463257,2.5190000534057617,18381
2026-09-04 14:44:00-04:00,2.51990008354187,2.5199999809265137,2.515000104904175,2.515000104904175,2415
2026-09-04 14:45:00-04:00,2.515000104904175,2.5190000534057617,2.509999990463257,2.515000104904175,7332
2026-09-04 14:46:00-04:00,2.5197999477386475,2.5299999713897705,2.515000104904175,2.5199999809265137,4237
2026-09-04 14:47:00-04:00,2.5250000953674316,2.5250000953674316,2.515000104904175,2.515000104904175,4250
2026-09-04 14:48:00-04:00,2.5199999809265137,2.529900074005127,2.5199999809265137,2.5199999809265137,15576
2026-09-04 14:49:00-04:00,2.515000104904175,2.5299999713897705,2.515000104904175,2.5199999809265137,10776
2026-09-04 14:50:00-04:00,2.5209999084472656,2.5399999618530273,2.5209999084472656,2.5299999713897705,9317
2026-09-04 14:51:00-04:00,2.5250000953674316,2.5299999713897705,2.5199999809265137,2.5299999713897705,16132
2026-09-04 14:52:00-04:00,2.5390000343322754,2.5399999618530273,2.5299999713897705,2.5350000858306885,3693
2026-09-04 14:53:00-04:00,2.5399999618530273,2.5399999618530273,2.5250000953674316,2.5250000953674316,5824
2026-09-04 14:54:00-04:00,2.5299999713897705,2.5399999618530273,2.5299999713897705,2.5299999713897705,4619
2026-09-04 14:55:00-04:00,2.5299999713897705,2.5390000343322754,2.5199999809265137,2.5299999713897705,10026
2026-09-04 14:56:00-04:00,2.5350000858306885,2.5399999618530273,2.5309998989105225,2.5309998989105225,2003
2026-09-04 14:57:00-04:00,2.5350000858306885,2.5399999618530273,2.5299999713897705,2.5350000858306885,11079
2026-09-04 14:58:00-04:00,2.5350000858306885,2.549999952316284,2.5350000858306885,2.5499000549316406,8107
2026-09-04 14:59:00-04:00,2.5399999618530273,2.555000066757202,2.5399999618530273,2.5490000247955322,29963
2026-09-04 15:00:00-04:00,2.5409998893737793,2.5490000247955322,2.5299999713897705,2.5350000858306885,11824
2026-09-04 15:01:00-04:00,2.5299999713897705,2.5399999618530273,2.5250000953674316,2.529900074005127,13357
2026-09-04 15:02:00-04:00,2.5250000953674316,2.5299999713897705,2.5199999809265137,2.5290000438690186,4446
2026-09-04 15:03:00-04:00,2.5250000953674316,2.5290000438690186,2.5,2.509999990463257,56854
2026-09-04 15:04:00-04:00,2.509999990463257,2.5199999809265137,2.509999990463257,2.5199999809265137,4445
2026-09-04 15:05:00-04:00,2.5199999809265137,2.5199999809265137,2.509999990463257,2.5116000175476074,2646
2026-09-04 15:06:00-04:00,2.519700050354004,2.5199999809265137,2.509999990463257,2.515000104904175,21618
2026-09-04 15:07:00-04:00,2.515000104904175,2.5199999809265137,2.509999990463257,2.5199999809265137,1928
2026-09-04 15:08:00-04:00,2.515000104904175,2.5199999809265137,2.509999990463257,2.515000104904175,5384
2026-09-04 15:09:00-04:00,2.5179998874664307,2.5199999809265137,2.509999990463257,2.5199999809265137,7850
2026-09-04 15:10:00-04:00,2.5100998878479004,2.5199999809265137,2.5100998878479004,2.5179998874664307,2051
2026-09-04 15:11:00-04:00,2.515000104904175,2.5199999809265137,2.515000104904175,2.5199999809265137,4006
2026-09-04 15:12:00-04:00,2.515000104904175,2.5199999809265137,2.509999990463257,2.509999990463257,7527
2026-09-04 15:13:00-04:00,2.5299999713897705,2.5299999713897705,2.5199999809265137,2.5199999809265137,1191
2026-09-04 15:14:00-04:00,2.5250000953674316,2.5250000953674316,2.5106000900268555,2.515000104904175,6413
2026-09-04 15:15:00-04:00,2.5199999809265137,2.5199999809265137,2.509999990463257,2.5197999477386475,2317
2026-09-04 15:16:00-04:00,2.509999990463257,2.5199999809265137,2.509999990463257,2.515000104904175,1499
2026-09-04 15:17:00-04:00,2.5299999713897705,2.5299999713897705,2.5199999809265137,2.5250000953674316,4226
2026-09-04 15:18:00-04:00,2.529900074005127,2.5299999713897705,2.5199999809265137,2.5299999713897705,4566
2026-09-04 15:19:00-04:00,2.5199999809265137,2.5299999713897705,2.5199999809265137,2.5199999809265137,4547
2026-09-04 15:20:00-04:00,2.529900074005127,2.5299999713897705,2.5250000953674316,2.529900074005127,1678
2026-09-04 15:21:00-04:00,2.5250000953674316,2.5299999713897705,2.5199999809265137,2.5199999809265137,8685
2026-09-04 15:22:00-04:00,2.5250000953674316,2.5299999713897705,2.5199999809265137,2.5299999713897705,9360
2026-09-04 15:23:00-04:00,2.5250000953674316,2.5299999713897705,2.5199999809265137,2.5199999809265137,6857
2026-09-04 15:24:00-04:00,2.5250000953674316,2.559999942779541,2.5201001167297363,2.5450000762939453,26582
2026-09-04 15:25:00-04:00,2.5450000762939453,2.559999942779541,2.5450000762939453,2.559999942779541,17495
2026-09-04 15:26:00-04:00,2.555000066757202,2.559999942779541,2.549999952316284,2.559999942779541,5237
2026-09-04 15:27:00-04:00,2.5599000453948975,2.559999942779541,2.549999952316284,2.549999952316284,15748
2026-09-04 15:28:00-04:00,2.549999952316284,2.559999942779541,2.549999952316284,2.556299924850464,6314
2026-09-04 15:29:00-04:00,2.555000066757202,2.555000066757202,2.555000066757202,2.555000066757202,1061
2026-09-04 15:30:00-04:00,2.5510001182556152,2.559999942779541,2.549999952316284,2.551300048828125,18461
2026-09-04 15:31:00-04:00,2.559999942779541,2.559999942779541,2.550100088119507,2.559999942779541,16836
2026-09-04 15:32:00-04:00,2.559000015258789,2.559999942779541,2.550100088119507,2.5599000453948975,4204
2026-09-04 15:33:00-04:00,2.559999942779541,2.569999933242798,2.559000015258789,2.569999933242798,8362
2026-09-04 15:34:00-04:00,2.569999933242798,2.5899999141693115,2.565000057220459,2.5799999237060547,33011
2026-09-04 15:35:00-04:00,2.5796000957489014,2.5799999237060547,2.559999942779541,2.578399896621704,12749
2026-09-04 15:36:00-04:00,2.569999933242798,2.5799999237060547,2.565700054168701,2.569999933242798,7396
2026-09-04 15:37:00-04:00,2.575000047683716,2.5799999237060547,2.575000047683716,2.5799999237060547,4055
2026-09-04 15:38:00-04:00,2.5799999237060547,2.5899999141693115,2.569999933242798,2.5701000690460205,28934
2026-09-04 15:39:00-04:00,2.569999933242798,2.5799999237060547,2.569999933242798,2.569999933242798,9973
2026-09-04 15:40:00-04:00,2.569999933242798,2.578900098800659,2.569999933242798,2.575000047683716,7644
2026-09-04 15:41:00-04:00,2.575000047683716,2.5799999237060547,2.565000057220459,2.569999933242798,13105
2026-09-04 15:42:00-04:00,2.5710999965667725,2.575000047683716,2.569999933242798,2.5701000690460205,4795
2026-09-04 15:43:00-04:00,2.5799999237060547,2.5799999237060547,2.5701000690460205,2.5701000690460205,1788
2026-09-04 15:44:00-04:00,2.575000047683716,2.5799999237060547,2.569999933242798,2.5797998905181885,12472
2026-09-04 15:45:00-04:00,2.578000068664551,2.5799999237060547,2.569999933242798,2.5799999237060547,5490
2026-09-04 15:46:00-04:00,2.575000047683716,2.5799999237060547,2.5399999618530273,2.5420000553131104,28810
2026-09-04 15:47:00-04:00,2.549999952316284,2.565000057220459,2.5450000762939453,2.565000057220459,12880
2026-09-04 15:48:00-04:00,2.565000057220459,2.565000057220459,2.5450000762939453,2.549999952316284,50248
2026-09-04 15:49:00-04:00,2.559999942779541,2.559999942779541,2.5399999618530273,2.549999952316284,29236
2026-09-04 15:50:00-04:00,2.5490000247955322,2.559999942779541,2.5399999618530273,2.5399999618530273,34150
2026-09-04 15:51:00-04:00,2.555000066757202,2.569999933242798,2.540299892425537,2.549999952316284,6698
2026-09-04 15:52:00-04:00,2.549999952316284,2.5599000453948975,2.5350000858306885,2.5350000858306885,18592
2026-09-04 15:53:00-04:00,2.5250000953674316,2.5399999618530273,2.515000104904175,2.5399999618530273,27488
2026-09-04 15:54:00-04:00,2.539799928665161,2.549999952316284,2.5299999713897705,2.5350000858306885,30992
2026-09-04 15:55:00-04:00,2.5399999618530273,2.555000066757202,2.5399999618530273,2.550100088119507,9178
2026-09-04 15:56:00-04:00,2.550100088119507,2.559999942779541,2.5399999618530273,2.5599000453948975,24035
2026-09-04 15:57:00-04:00,2.559999942779541,2.5799999237060547,2.549999952316284,2.559999942779541,30728
2026-09-04 15:58:00-04:00,2.569999933242798,2.569999933242798,2.5299999713897705,2.533900022506714,33616
2026-09-04 15:59:00-04:00,2.559999942779541,2.569999933242798,2.5199999809265137,2.5399999618530273,55513
2026-09-04 16:00:00-04:00,2.55,2.56,2.54,2.5408,15489
2026-09-04 16:01:00-04:00,2.5598,2.57,2.54,2.55,0
2026-09-04 16:02:00-04:00,2.5423,2.55,2.52,2.5201,0
2026-09-04 16:03:00-04:00,2.53,2.53,2.51,2.51,0
2026-09-04 16:04:00-04:00,2.52,2.55,2.51,2.5102,0
2026-09-04 16:05:00-04:00,2.51,2.51,2.48,2.48,0
2026-09-04 16:06:00-04:00,2.48,2.48,2.43,2.4389,0
2026-09-04 16:07:00-04:00,2.44,2.4997,2.43,2.4877,0
2026-09-04 16:08:00-04:00,2.4899,2.49,2.46,2.4697,0
2026-09-04 16:09:00-04:00,2.47,2.49,2.46,2.4875,0
2026-09-04 16:10:00-04:00,2.49,2.55,2.4802,2.51,0
2026-09-04 16:11:00-04:00,2.53,2.54,2.51,2.5103,0
2026-09-04 16:12:00-04:00,2.5199,2.53,2.51,2.5275,0
2026-09-04 16:13:00-04:00,2.5209,2.53,2.52,2.53,0
2026-09-04 16:14:00-04:00,2.5275,2.53,2.47,2.47,0
2026-09-04 16:15:00-04:00,2.48,2.49,2.48,2.49,0
2026-09-04 16:16:00-04:00,2.4898,2.5,2.48,2.4997,0
2026-09-04 16:17:00-04:00,2.5,2.52,2.49,2.4901,0
2026-09-04 16:18:00-04:00,2.49,2.491,2.49,2.491,0
2026-09-04 16:19:00-04:00,2.4923,2.52,2.49,2.51,0
2026-09-04 16:20:00-04:00,2.498,2.5,2.49,2.4901,0
2026-09-04 16:21:00-04:00,2.5,2.5098,2.49,2.4901,0
2026-09-04 16:22:00-04:00,2.4901,2.5,2.49,2.4997,0
2026-09-04 16:23:00-04:00,2.49,2.5,2.49,2.49,0
2026-09-04 16:24:00-04:00,2.49,2.5,2.49,2.5,0
2026-09-04 16:25:00-04:00,2.5,2.5,2.49,2.49,0
2026-09-04 16:26:00-04:00,2.4998,2.5,2.49,2.49,0
2026-09-04 16:27:00-04:00,2.49,2.5,2.49,2.5,0
2026-09-04 16:28:00-04:00,2.5,2.5,2.49,2.4902,0
2026-09-04 16:29:00-04:00,2.5,2.5,2.4901,2.5,0
2026-09-04 16:30:00-04:00,2.49,2.53,2.49,2.52,0
2026-09-04 16:31:00-04:00,2.52,2.52,2.47,2.4724,0
2026-09-04 16:32:00-04:00,2.4701,2.49,2.46,2.4601,0
2026-09-04 16:33:00-04:00,2.4601,2.48,2.46,2.46,0
2026-09-04 16:34:00-04:00,2.47,2.5,2.47,2.4997,0
2026-09-04 16:35:00-04:00,2.5,2.5,2.47,2.49,0
2026-09-04 16:36:00-04:00,2.47,2.49,2.47,2.4701,0
2026-09-04 16:37:00-04:00,2.5,2.5,2.47,2.48,0
2026-09-04 16:38:00-04:00,2.4998,2.5,2.479,2.479,0
2026-09-04 16:39:00-04:00,2.4724,2.48,2.47,2.47,0
2026-09-04 16:40:00-04:00,2.48,2.5,2.47,2.5,0
2026-09-04 16:41:00-04:00,2.5,2.5,2.49,2.49,0
2026-09-04 16:42:00-04:00,2.49,2.5,2.48,2.49,0
2026-09-04 16:43:00-04:00,2.5,2.5,2.49,2.49,0
2026-09-04 16:44:00-04:00,2.4901,2.5,2.48,2.49,0
2026-09-04 16:45:00-04:00,2.49,2.49,2.47,2.4702,0
2026-09-04 16:46:00-04:00,2.48,2.48,2.46,2.47,0
2026-09-04 16:47:00-04:00,2.47,2.47,2.46,2.46,0
2026-09-04 16:48:00-04:00,2.4602,2.47,2.46,2.46,0
2026-09-04 16:49:00-04:00,2.47,2.47,2.46,2.47,0
2026-09-04 16:50:00-04:00,2.47,2.47,2.46,2.4697,0
2026-09-04 16:51:00-04:00,2.47,2.5,2.46,2.5,0
2026-09-04 16:52:00-04:00,2.491,2.5,2.49,2.5,0
2026-09-04 16:53:00-04:00,2.49,2.5,2.49,2.5,0
2026-09-04 16:54:00-04:00,2.5,2.51,2.5,2.5,0
2026-09-04 16:55:00-04:00,2.5,2.5,2.49,2.49,0
2026-09-04 16:56:00-04:00,2.4902,2.5,2.49,2.49,0
2026-09-04 16:57:00-04:00,2.4997,2.5,2.4997,2.5,0
2026-09-04 16:58:00-04:00,2.4998,2.5,2.49,2.5,0
2026-09-04 16:59:00-04:00,2.51,2.52,2.5025,2.51,0
2026-09-04 17:00:00-04:00,2.51,2.52,2.4923,2.4998,0
2026-09-04 17:01:00-04:00,2.4901,2.4997,2.48,2.48,0
2026-09-04 17:02:00-04:00,2.48,2.49,2.48,2.4803,0
2026-09-04 17:03:00-04:00,2.47,2.48,2.47,2.4799,0
2026-09-04 17:04:00-04:00,2.471,2.5,2.4702,2.5,0
2026-09-04 17:05:00-04:00,2.49,2.52,2.49,2.52,0
2026-09-04 17:06:00-04:00,2.5198,2.52,2.4997,2.52,0
2026-09-04 17:07:00-04:00,2.5,2.52,2.5,2.5009,0
2026-09-04 17:08:00-04:00,2.5,2.53,2.5,2.52,0
2026-09-04 17:09:00-04:00,2.54,2.54,2.5299,2.53,0
2026-09-04 17:10:00-04:00,2.53,2.54,2.52,2.54,0
2026-09-04 17:11:00-04:00,2.52,2.53,2.52,2.52,0
2026-09-04 17:12:00-04:00,2.53,2.54,2.5203,2.5203,0
2026-09-04 17:13:00-04:00,2.5203,2.56,2.5203,2.5594,0
2026-09-04 17:14:00-04:00,2.5592,2.561,2.5405,2.56,0
2026-09-04 17:15:00-04:00,2.57,2.57,2.56,2.5689,0
2026-09-04 17:16:00-04:00,2.5603,2.58,2.56,2.5797,0
2026-09-04 17:17:00-04:00,2.58,2.5995,2.5799,2.5898,0
2026-09-04 17:18:00-04:00,2.5897,2.6,2.5897,2.5997,0
2026-09-04 17:19:00-04:00,2.59,2.6,2.59,2.59,0
2026-09-04 17:20:00-04:00,2.6,2.62,2.59,2.6197,0
2026-09-04 17:21:00-04:00,2.61,2.64,2.61,2.6392,0
2026-09-04 17:22:00-04:00,2.64,2.64,2.62,2.62,0
2026-09-04 17:23:00-04:00,2.6297,2.63,2.62,2.6202,0
2026-09-04 17:24:00-04:00,2.63,2.63,2.62,2.63,0
2026-09-04 17:25:00-04:00,2.62,2.63,2.62,2.6297,0
2026-09-04 17:26:00-04:00,2.621,2.63,2.62,2.6203,0
2026-09-04 17:27:00-04:00,2.62,2.63,2.6,2.6003,0
2026-09-04 17:28:00-04:00,2.6002,2.61,2.6,2.6,0
2026-09-04 17:29:00-04:00,2.59,2.6,2.59,2.6,0
2026-09-04 17:30:00-04:00,2.5973,2.6,2.59,2.5997,0
2026-09-04 17:31:00-04:00,2.5989,2.6,2.59,2.6,0
2026-09-04 17:32:00-04:00,2.5998,2.6,2.59,2.59,0
2026-09-04 17:33:00-04:00,2.5902,2.6,2.59,2.6,0
2026-09-04 17:34:00-04:00,2.5997,2.63,2.5973,2.6209,0
2026-09-04 17:35:00-04:00,2.63,2.66,2.62,2.6472,0
2026-09-04 17:36:00-04:00,2.6422,2.655,2.64,2.65,0
2026-09-04 17:37:00-04:00,2.65,2.67,2.6446,2.6501,0
2026-09-04 17:38:00-04:00,2.66,2.66,2.624,2.64,0
2026-09-04 17:39:00-04:00,2.64,2.64,2.59,2.6197,0
2026-09-04 17:40:00-04:00,2.62,2.62,2.5985,2.6,0
2026-09-04 17:41:00-04:00,2.6006,2.6006,2.56,2.57,0
2026-09-04 17:42:00-04:00,2.57,2.6,2.5501,2.58,0
2026-09-04 17:43:00-04:00,2.57,2.6,2.57,2.59,0
2026-09-04 17:44:00-04:00,2.58,2.59,2.58,2.58,0
2026-09-04 17:45:00-04:00,2.5999,2.6,2.58,2.5898,0
2026-09-04 17:46:00-04:00,2.59,2.59,2.58,2.5899,0
2026-09-04 17:47:00-04:00,2.59,2.59,2.58,2.59,0
2026-09-04 17:48:00-04:00,2.5898,2.59,2.58,2.58,0
2026-09-04 17:49:00-04:00,2.5899,2.59,2.58,2.58,0
2026-09-04 17:50:00-04:00,2.5899,2.59,2.58,2.5897,0
2026-09-04 17:51:00-04:00,2.59,2.59,2.58,2.5897,0
2026-09-04 17:52:00-04:00,2.58,2.6,2.58,2.6,0
2026-09-04 17:53:00-04:00,2.59,2.5999,2.59,2.59,0
2026-09-04 17:54:00-04:00,2.59,2.6,2.59,2.5901,0
2026-09-04 17:55:00-04:00,2.59,2.6,2.59,2.5999,0
2026-09-04 17:56:00-04:00,2.6,2.6,2.5898,2.5898,0
2026-09-04 17:57:00-04:00,2.59,2.59,2.58,2.59,0
2026-09-04 17:58:00-04:00,2.5999,2.6,2.5898,2.5898,0
2026-09-04 17:59:00-04:00,2.58,2.59,2.58,2.59,0
2026-09-04 18:00:00-04:00,2.59,2.59,2.58,2.59,0
2026-09-04 18:01:00-04:00,2.5898,2.59,2.58,2.58,0
2026-09-04 18:02:00-04:00,2.59,2.59,2.58,2.5899,0
2026-09-04 18:03:00-04:00,2.57,2.57,2.5497,2.5497,0
2026-09-04 18:04:00-04:00,2.5485,2.58,2.5485,2.58,0
2026-09-04 18:05:00-04:00,2.57,2.57,2.5597,2.57,0
2026-09-04 18:06:00-04:00,2.5603,2.57,2.56,2.56,0
2026-09-04 18:07:00-04:00,2.56,2.57,2.56,2.5699,0
2026-09-04 18:08:00-04:00,2.5698,2.57,2.56,2.57,0
2026-09-04 18:09:00-04:00,2.5699,2.5699,2.5527,2.5527,0
2026-09-04 18:10:00-04:00,2.55,2.5503,2.55,2.5503,0
2026-09-04 18:11:00-04:00,2.56,2.56,2.5599,2.56,0
2026-09-04 18:12:00-04:00,2.55,2.55,2.54,2.54,0
2026-09-04 18:13:00-04:00,2.54,2.56,2.54,2.56,0
2026-09-04 18:14:00-04:00,2.55,2.55,2.53,2.55,0
2026-09-04 18:15:00-04:00,2.55,2.56,2.55,2.5593,0
2026-09-04 18:16:00-04:00,2.56,2.56,2.54,2.56,0
2026-09-04 18:17:00-04:00,2.56,2.56,2.54,2.54,0
2026-09-04 18:18:00-04:00,2.5594,2.56,2.5401,2.55,0
2026-09-04 18:19:00-04:00,2.54,2.55,2.54,2.55,0
2026-09-04 18:20:00-04:00,2.54,2.55,2.54,2.55,0
2026-09-04 18:21:00-04:00,2.5401,2.55,2.5401,2.55,0
2026-09-04 18:22:00-04:00,2.5499,2.55,2.5401,2.55,0
2026-09-04 18:23:00-04:00,2.55,2.55,2.54,2.55,0
2026-09-04 18:24:00-04:00,2.54,2.55,2.54,2.55,0
2026-09-04 18:25:00-04:00,2.55,2.55,2.54,2.5498,0
2026-09-04 18:26:00-04:00,2.55,2.55,2.54,2.5497,0
2026-09-04 18:27:00-04:00,2.5498,2.55,2.5401,2.5499,0
2026-09-04 18:28:00-04:00,2.55,2.55,2.54,2.55,0
2026-09-04 18:29:00-04:00,2.55,2.55,2.5401,2.5497,0
2026-09-04 18:30:00-04:00,2.5497,2.5497,2.5402,2.5403,0
2026-09-04 18:31:00-04:00,2.54,2.55,2.54,2.5498,0
2026-09-04 18:32:00-04:00,2.55,2.55,2.5402,2.5497,0
2026-09-04 18:33:00-04:00,2.5498,2.5498,2.5401,2.5498,0
2026-09-04 18:34:00-04:00,2.54,2.5498,2.53,2.53,0
2026-09-04 18:35:00-04:00,2.53,2.54,2.52,2.54,0
2026-09-04 18:36:00-04:00,2.5298,2.53,2.52,2.53,0
2026-09-04 18:37:00-04:00,2.53,2.54,2.53,2.53,0
2026-09-04 18:38:00-04:00,2.54,2.54,2.53,2.5397,0
2026-09-04 18:39:00-04:00,2.5397,2.54,2.53,2.53,0
2026-09-04 18:40:00-04:00,2.54,2.54,2.53,2.5397,0
2026-09-04 18:41:00-04:00,2.54,2.54,2.52,2.5203,0
2026-09-04 18:42:00-04:00,2.5299,2.54,2.52,2.5397,0
2026-09-04 18:43:00-04:00,2.54,2.54,2.53,2.5302,0
2026-09-04 18:44:00-04:00,2.54,2.54,2.52,2.54,0
2026-09-04 18:45:00-04:00,2.5398,2.54,2.53,2.54,0
2026-09-04 18:46:00-04:00,2.5398,2.55,2.53,2.5499,0
2026-09-04 18:47:00-04:00,2.5497,2.55,2.54,2.55,0
2026-09-04 18:48:00-04:00,2.55,2.56,2.5403,2.56,0
2026-09-04 18:49:00-04:00,2.56,2.57,2.56,2.56,0
2026-09-04 18:50:00-04:00,2.56,2.56,2.54,2.56,0
2026-09-04 18:51:00-04:00,2.5502,2.56,2.5497,2.5497,0
2026-09-04 18:52:00-04:00,2.55,2.55,2.54,2.54,0
2026-09-04 18:53:00-04:00,2.5498,2.55,2.54,2.5497,0
2026-09-04 18:54:00-04:00,2.5498,2.55,2.54,2.5498,0
2026-09-04 18:55:00-04:00,2.55,2.55,2.54,2.54,0
2026-09-04 18:56:00-04:00,2.54,2.55,2.54,2.55,0
2026-09-04 18:57:00-04:00,2.55,2.55,2.54,2.54,0
2026-09-04 18:58:00-04:00,2.5499,2.55,2.54,2.54,0
2026-09-04 18:59:00-04:00,2.55,2.55,2.54,2.54,0
2026-09-04 19:00:00-04:00,2.55,2.55,2.55,2.55,0
2026-09-04 19:01:00-04:00,2.54,2.54,2.54,2.54,0
2026-09-04 19:02:00-04:00,2.5401,2.55,2.5401,2.55,0
2026-09-04 19:03:00-04:00,2.56,2.56,2.5598,2.5598,0
2026-09-04 19:04:00-04:00,2.56,2.57,2.56,2.57,0
2026-09-04 19:05:00-04:00,2.5778,2.5798,2.5778,2.5797,0
2026-09-04 19:06:00-04:00,2.5799,2.5898,2.5701,2.5701,0
2026-09-04 19:07:00-04:00,2.57,2.5702,2.5603,2.5679,0
2026-09-04 19:08:00-04:00,2.57,2.57,2.55,2.56,0
2026-09-04 19:09:00-04:00,2.5677,2.57,2.5675,2.57,0
2026-09-04 19:10:00-04:00,2.57,2.57,2.56,2.5673,0
2026-09-04 19:11:00-04:00,2.5602,2.5698,2.56,2.56,0
2026-09-04 19:12:00-04:00,2.57,2.58,2.56,2.56,0
2026-09-04 19:13:00-04:00,2.56,2.57,2.56,2.56,0
2026-09-04 19:14:00-04:00,2.5698,2.57,2.56,2.5697,0
2026-09-04 19:15:00-04:00,2.56,2.57,2.56,2.57,0
2026-09-04 19:16:00-04:00,2.5699,2.57,2.56,2.57,0
2026-09-04 19:17:00-04:00,2.56,2.57,2.56,2.5677,0
2026-09-04 19:18:00-04:00,2.5698,2.57,2.56,2.56,0
2026-09-04 19:19:00-04:00,2.57,2.57,2.56,2.57,0
2026-09-04 19:20:00-04:00,2.5698,2.57,2.56,2.57,0
2026-09-04 19:21:00-04:00,2.5673,2.57,2.56,2.569,0
2026-09-04 19:22:00-04:00,2.56,2.5674,2.56,2.56,0
2026-09-04 19:23:00-04:00,2.56,2.57,2.56,2.57,0
2026-09-04 19:24:00-04:00,2.5601,2.5699,2.56,2.5699,0
2026-09-04 19:25:00-04:00,2.56,2.5699,2.5599,2.5599,0
2026-09-04 19:26:00-04:00,2.5599,2.56,2.55,2.55,0
2026-09-04 19:27:00-04:00,2.5503,2.56,2.55,2.56,0
2026-09-04 19:28:00-04:00,2.56,2.56,2.5501,2.5599,0
2026-09-04 19:29:00-04:00,2.5502,2.56,2.55,2.55,0
2026-09-04 19:30:00-04:00,2.56,2.56,2.55,2.55,0
2026-09-04 19:31:00-04:00,2.56,2.56,2.55,2.5597,0
2026-09-04 19:32:00-04:00,2.55,2.5599,2.55,2.5599,0
2026-09-04 19:33:00-04:00,2.5597,2.56,2.5501,2.56,0
2026-09-04 19:34:00-04:00,2.56,2.56,2.5598,2.5598,0
2026-09-04 19:35:00-04:00,2.5588,2.56,2.55,2.56,0
2026-09-04 19:36:00-04:00,2.56,2.56,2.55,2.55,0
2026-09-04 19:37:00-04:00,2.56,2.56,2.54,2.54,0
2026-09-04 19:38:00-04:00,2.55,2.55,2.54,2.54,0
2026-09-04 19:39:00-04:00,2.5401,2.55,2.5401,2.55,0
2026-09-04 19:40:00-04:00,2.55,2.55,2.54,2.54,0
2026-09-04 19:41:00-04:00,2.55,2.55,2.54,2.54,0
2026-09-04 19:42:00-04:00,2.54,2.55,2.54,2.55,0
2026-09-04 19:43:00-04:00,2.5401,2.5497,2.54,2.54,0
2026-09-04 19:44:00-04:00,2.5499,2.5499,2.53,2.54,0
2026-09-04 19:45:00-04:00,2.54,2.54,2.53,2.54,0
2026-09-04 19:46:00-04:00,2.54,2.54,2.5202,2.53,0
2026-09-04 19:47:00-04:00,2.53,2.53,2.52,2.5203,0
2026-09-04 19:48:00-04:00,2.53,2.53,2.52,2.5299,0
2026-09-04 19:49:00-04:00,2.53,2.53,2.52,2.52,0
2026-09-04 19:50:00-04:00,2.53,2.53,2.52,2.52,0
2026-09-04 19:51:00-04:00,2.53,2.53,2.52,2.52,0
2026-09-04 19:52:00-04:00,2.52,2.5202,2.52,2.5202,0
2026-09-04 19:53:00-04:00,2.53,2.53,2.52,2.5299,0
2026-09-04 19:54:00-04:00,2.52,2.53,2.52,2.5203,0
2026-09-04 19:55:00-04:00,2.5299,2.53,2.52,2.52,0
2026-09-04 19:56:00-04:00,2.52,2.52,2.52,2.52,0
2026-09-04 19:57:00-04:00,2.52,2.53,2.52,2.525,0
2026-09-04 19:58:00-04:00,2.52,2.53,2.52,2.52,0
2026-09-04 19:59:00-04:00,2.53,2.55,2.52,2.55,0
