date,c2,engq_rth,engq_eth
2010-06-07,604.3399999999999,0.0,-711.32
2010-06-09,-270.65999999999997,-196.32,61.84
2010-06-10,0.0,0.0,-95.66000000000001
2010-06-11,354.34,0.0,0.0
2010-06-14,179.34,0.0,908.68
2010-06-15,494.34,0.0,0.0
2010-06-16,114.33999999999999,0.0,0.0
2010-06-17,-10.66,0.0,904.3399999999999
2010-06-18,-230.66,0.0,0.0
2010-06-21,684.3399999999999,0.0,306.84000000000003
2010-06-22,-320.66,0.0,0.0
2010-06-23,-450.66,888.68,0.0
2010-06-25,-140.66,0.0,0.0
2010-06-28,-400.66,-376.98,-90.66000000000001
2010-06-29,439.34,0.0,-505.66
2010-06-30,-310.65999999999997,-100.66000000000001,0.0
2010-07-02,0.0,0.0,-350.66
2010-07-05,0.0,-70.66,0.0
2010-07-06,239.34,-695.6600000000001,-125.66000000000001
2010-07-07,679.3399999999999,0.0,26.840000000000003
2010-07-08,0.0,331.17999999999995,-202.11999999999995
2010-07-09,174.34,0.0,0.0
2010-07-12,-140.66,581.18,0.0
2010-07-13,59.34,318.68000000000006,0.0
2010-07-14,-330.66,206.84,1054.34
2010-07-15,-300.65999999999997,-281.32,-441.97999999999996
2010-07-16,724.3399999999999,-10.66,-221.32
2010-07-19,-290.65999999999997,0.0,-255.66
2010-07-20,0.0,-666.32,-181.98
2010-07-21,424.34,875.52,-415.14
2010-07-22,209.34,0.0,376.17999999999995
2010-07-23,304.34000000000003,0.0,-467.64
2010-07-28,0.0,0.0,454.34
2010-07-29,0.0,-21.32,-65.66
2010-07-30,0.0,-125.66000000000001,0.0
2010-08-03,-135.66,0.0,0.0
2010-08-04,-250.66,0.0,0.0
2010-08-05,-300.65999999999997,0.0,0.0
2010-08-06,-430.66,58.67999999999995,0.0
2010-08-10,0.0,-371.32,0.0
2010-08-11,-70.66,0.0,39.34
2010-08-12,144.34,0.0,0.0
2010-08-13,0.0,0.0,-275.65999999999997
2010-08-16,89.33999999999999,-10.66,0.0
2010-08-17,24.340000000000003,86.83999999999999,0.0
2010-08-19,0.0,-295.65999999999997,-10.66
2010-08-20,-35.66,-186.31999999999996,0.0
2010-08-23,0.0,-234.48000000000002,-156.98
2010-08-24,-5.66,0.0,0.0
2010-08-25,334.34,-125.66000000000001,0.0
2010-08-26,364.34,-481.98,-10.66
2010-08-27,-440.66,0.0,0.0
2010-08-30,-400.66,0.0,0.0
2010-09-01,114.33999999999999,0.0,0.0
2010-09-02,279.34000000000003,0.0,0.0
2010-09-03,-360.66,0.0,0.0
2010-09-07,-190.66,0.0,0.0
2010-09-17,-15.66,0.0,0.0
2010-09-20,429.34,0.0,0.0
2010-09-22,-400.66,0.0,0.0
2010-09-23,-10.66,0.0,0.0
2010-09-24,209.34,0.0,0.0
2010-09-27,34.34,0.0,0.0
2010-09-28,-390.66,0.0,0.0
2010-10-01,159.34,0.0,0.0
2010-10-04,-240.66,0.0,0.0
2010-10-05,329.34,0.0,0.0
2010-10-07,-225.66,0.0,0.0
2010-10-08,-400.66,0.0,0.0
2010-10-12,-230.66,0.0,0.0
2010-10-14,-115.66000000000001,0.0,0.0
2010-10-15,-360.66,0.0,0.0
2010-10-19,-175.66,0.0,0.0
2010-10-25,-225.66,0.0,0.0
2010-10-27,124.33999999999999,0.0,0.0
2010-10-28,-85.66000000000001,0.0,0.0
2010-11-01,-230.66,0.0,0.0
2010-11-02,-55.66,0.0,0.0
2010-11-03,-160.66,0.0,0.0
2010-11-04,-115.66000000000001,0.0,0.0
2010-11-08,14.34,0.0,0.0
2010-11-10,-380.66,0.0,0.0
2010-11-12,354.34,0.0,0.0
2010-11-15,0.0,0.0,6759.34
2010-11-16,0.0,6679.34,0.0
2010-11-17,-100.66000000000001,-125.66000000000001,-115.66000000000001
2010-11-18,-80.66000000000001,-116.97999999999999,223.01999999999992
2010-11-19,-190.66,0.0,-290.79999999999995
2010-11-22,144.34,-432.64,-431.32000000000005
2010-11-23,64.34,-295.65999999999997,-330.66
2010-11-24,124.33999999999999,0.0,-307.64
2010-11-25,0.0,719.3399999999999,-141.98000000000002
2010-11-26,0.0,-180.66,-276.98
2010-11-29,-350.66,-320.66,-386.32
2010-11-30,0.0,-105.66000000000001,-165.66
2010-12-01,-80.66000000000001,0.0,-90.66000000000001
2010-12-02,184.34,0.0,86.83999999999999
2010-12-03,0.0,0.0,39.34
2010-12-07,319.34000000000003,0.0,0.0
2010-12-08,-150.66,0.0,-10.66
2010-12-13,119.33999999999999,0.0,0.0
2010-12-14,-130.66,0.0,0.0
2010-12-15,89.33999999999999,0.0,109.33999999999999
2010-12-16,54.34,0.0,-241.98
2010-12-17,0.0,0.0,-173.29999999999998
2010-12-20,-160.66,0.0,0.0
2010-12-27,0.0,0.0,-21.32
2010-12-28,0.0,0.0,-100.66000000000001
2010-12-29,0.0,0.0,-10.66
2010-12-30,0.0,0.0,-161.32
2010-12-31,0.0,0.0,-95.66000000000001
2011-01-03,-10.66,0.0,-171.98000000000002
2011-01-04,84.33999999999999,0.0,29.340000000000003
2011-01-05,434.34,0.0,-250.66
2011-01-07,-10.66,0.0,0.0
2011-01-11,-35.66,0.0,0.0
2011-01-13,-145.66,0.0,0.0
2011-01-17,0.0,0.0,936.8399999999999
2011-01-18,129.34,0.0,0.0
2011-01-19,264.34000000000003,0.0,353.67999999999995
2011-01-20,-260.65999999999997,0.0,0.0
2011-01-21,459.34,0.0,0.0
2011-01-24,309.34000000000003,0.0,0.0
2011-01-25,0.0,0.0,-281.98
2011-01-26,-240.66,0.0,0.0
2011-01-27,-170.66,0.0,0.0
2011-01-28,1014.3399999999999,0.0,476.84
2011-01-31,-380.66,0.0,0.0
2011-02-01,234.34,0.0,0.0
2011-02-02,-125.66000000000001,0.0,0.0
2011-02-03,-55.66,0.0,479.34
2011-02-04,-260.65999999999997,0.0,0.0
2011-02-08,214.34,0.0,0.0
2011-02-09,-250.66,0.0,0.0
2011-02-10,-10.66,0.0,0.0
2011-02-11,324.34,0.0,0.0
2011-02-14,14.34,0.0,0.0
2011-02-16,-10.66,0.0,0.0
2011-02-17,164.34,0.0,0.0
2011-02-18,-160.66,0.0,0.0
2011-02-22,254.34,0.0,646.8399999999999
2011-02-23,0.0,3131.84,0.0
2011-02-24,-290.65999999999997,-205.66,0.0
2011-02-25,189.34,0.0,0.0
2011-03-01,679.3399999999999,306.84000000000003,376.84
2011-03-02,-10.66,0.0,0.0
2011-03-03,99.33999999999999,0.0,0.0
2011-03-04,59.34,356.84,0.0
2011-03-07,0.0,-116.32000000000001,324.34
2011-03-08,-420.66,0.0,0.0
2011-03-09,0.0,-355.66,-465.66
2011-03-10,-165.66,-625.6600000000001,0.0
2011-03-11,94.33999999999999,0.0,0.0
2011-03-13,0.0,0.0,-195.66
2011-03-14,-490.66,-150.66,-536.3199999999999
2011-03-15,344.34,-1275.66,0.0
2011-03-16,-320.66,0.0,-360.66
2011-03-17,-260.65999999999997,0.0,-192.64
2011-03-18,429.34,0.0,0.0
2011-03-21,-100.66000000000001,0.0,0.0
2011-03-23,-290.65999999999997,0.0,-10.66
2011-03-24,-220.66,0.0,0.0
2011-03-28,249.34,0.0,0.0
2011-04-01,-230.66,0.0,0.0
2011-04-05,-5.66,0.0,0.0
2011-04-06,-300.65999999999997,0.0,0.0
2011-04-07,-230.66,0.0,0.0
2011-04-08,294.34000000000003,0.0,1179.34
2011-04-11,114.33999999999999,0.0,-261.32
2011-04-13,-210.66,0.0,-108.82
2011-04-14,89.33999999999999,0.0,-200.66
2011-04-15,-280.65999999999997,0.0,-175.66
2011-04-18,-545.6600000000001,519.3399999999999,-225.66
2011-04-19,-210.66,-155.66,-10.66
2011-04-20,64.34,0.0,0.0
2011-04-21,-85.66000000000001,1626.84,1626.84
2011-04-26,0.0,0.0,221.84
2011-05-02,0.0,481.84,-78.81999999999996
2011-05-03,109.33999999999999,0.0,0.0
2011-05-04,0.0,-110.66000000000001,-195.66
2011-05-05,-10.66,-245.66,-381.32
2011-05-06,-380.66,-111.32000000000001,-266.32000000000005
2011-05-09,-190.66,0.0,-176.98000000000002
2011-05-11,-200.66,249.34,146.18000000000004
2011-05-12,-450.66,0.0,-176.98
2011-05-13,299.34000000000003,0.0,-267.64
2011-05-16,0.0,-450.66,0.0
2011-05-17,-230.66,0.0,0.0
2011-05-18,0.0,-55.66,-181.98
2011-05-19,-270.65999999999997,-49.48000000000003,0.0
2011-05-20,0.0,-181.32000000000002,-153.82000000000002
2011-05-24,219.34,0.0,-120.66000000000001
2011-05-25,49.34,0.0,-201.32000000000002
2011-05-26,184.34,-115.66000000000001,0.0
2011-05-31,104.33999999999999,0.0,0.0
2011-06-01,0.0,734.3399999999999,1176.84
2011-06-02,-240.66,0.0,0.0
2011-06-03,-340.66,-570.6600000000001,0.0
2011-06-06,0.0,0.0,-210.66
2011-06-07,-200.66,-81.32,-451.98
2011-06-09,0.0,1.8399999999999994,-235.66
2011-06-10,129.34,0.0,0.0
2011-06-13,-310.65999999999997,-115.66000000000001,0.0
2011-06-14,94.33999999999999,0.0,0.0
2011-06-15,304.34000000000003,-405.66,-331.32000000000005
2011-06-16,69.34,-190.66,0.0
2011-06-17,334.34,-281.32,-260.65999999999997
2011-06-20,159.34,0.0,-90.66000000000001
2011-06-21,0.0,0.0,-10.66
2011-06-22,-230.66,0.0,0.0
2011-06-23,789.3399999999999,253.68000000000004,19.34
2011-06-24,0.0,-191.32,-110.14
2011-06-27,0.0,249.34,0.0
2011-06-28,364.34,0.0,0.0
2011-06-29,0.0,0.0,1231.84
2011-06-30,204.34,0.0,0.0
2011-07-05,-150.66,0.0,0.0
2011-07-06,-230.66,0.0,0.0
2011-07-07,249.34,0.0,0.0
2011-07-08,44.34,2694.34,2211.84
2011-07-11,-250.66,-290.65999999999997,0.0
2011-07-12,89.33999999999999,0.0,-230.66
2011-07-13,-30.659999999999997,0.0,-312.64000000000004
2011-07-14,444.34,-455.66,-106.32000000000001
2011-07-15,-280.65999999999997,-10.66,-95.66000000000001
2011-07-17,0.0,0.0,-10.66
2011-07-18,0.0,-10.66,-371.32
2011-07-19,279.34000000000003,0.0,0.0
2011-07-20,204.34,108.01999999999997,696.18
2011-07-24,0.0,0.0,-10.66
2011-07-25,159.34,0.0,-106.32000000000001
2011-07-26,-90.66000000000001,0.0,-141.32
2011-07-27,769.3399999999999,136.84,-190.66
2011-07-28,0.0,-136.32000000000002,-195.66
2011-07-29,0.0,-120.66000000000001,0.0
2011-08-01,474.34,-635.6600000000001,-595.6600000000001
2011-08-02,-260.65999999999997,-175.66,0.0
2011-08-03,-10.66,0.0,0.0
2011-08-04,1274.34,-570.6600000000001,-220.66
2011-08-05,-10.66,0.0,0.0
2011-08-07,0.0,0.0,-1730.66
2011-08-09,-660.6600000000001,-415.66,0.0
2011-08-10,-810.6600000000001,-826.98,0.0
2011-08-11,689.3399999999999,0.0,-10.66
2011-08-15,129.34,0.0,0.0
2011-08-16,-190.66,0.0,0.0
2011-08-18,404.34,-10.66,-10.66
2011-08-19,-1070.66,0.0,0.0
2011-08-22,0.0,-541.32,0.0
2011-08-24,-450.66,0.0,0.0
2011-08-26,-490.66,699.3399999999999,654.3399999999999
2011-08-29,359.34,0.0,0.0
2011-08-31,-25.659999999999997,0.0,0.0
2011-09-01,379.34,0.0,0.0
2011-09-02,0.0,1284.34,1311.84
2011-09-06,694.3399999999999,89.33999999999999,0.0
2011-09-08,-420.66,661.6999999999998,-73.95999999999998
2011-09-09,359.34,-555.6600000000001,-275.65999999999997
2011-09-12,564.3399999999999,-655.6600000000001,0.0
2011-09-14,-460.66,0.0,0.0
2011-09-15,-500.66,0.0,0.0
2011-09-16,-55.66,0.0,0.0
2011-09-19,-360.66,0.0,1991.84
2011-09-20,104.33999999999999,0.0,0.0
2011-09-21,0.0,2476.84,-373.82000000000005
2011-09-22,-550.6600000000001,0.0,0.0
2011-09-23,304.34000000000003,-160.66,-430.66
2011-09-26,-710.6600000000001,-10.66,-546.32
2011-09-27,-160.66,0.0,0.0
2011-09-28,-350.66,769.3399999999999,0.0
2011-09-29,979.3399999999999,-775.6600000000001,-10.66
2011-09-30,294.34000000000003,0.0,0.0
2011-10-03,-340.66,0.0,-585.6600000000001
2011-10-04,-10.66,-335.66,0.0
2011-10-05,0.0,354.34,0.0
2011-10-06,484.34,0.0,0.0
2011-10-07,-470.66,0.0,0.0
2011-10-10,-10.66,0.0,0.0
2011-10-11,194.34,0.0,0.0
2011-10-12,-25.659999999999997,0.0,0.0
2011-10-17,0.0,3041.84,0.0
2011-10-19,0.0,-21.319999999999993,0.0
2011-10-20,-370.66,0.0,3911.84
2011-10-21,-300.65999999999997,479.34,-135.66
2011-10-24,474.34,0.0,994.3399999999999
2011-10-25,184.34,644.3399999999999,41.17999999999999
2011-10-26,-10.66,0.0,0.0
2011-10-27,-430.66,1158.6799999999998,464.34
2011-10-31,129.34,-395.66,-421.32000000000005
2011-11-01,-550.6600000000001,0.0,0.0
2011-11-02,-120.66000000000001,-266.32,-706.3199999999999
2011-11-04,-140.66,0.0,-10.66
2011-11-07,124.33999999999999,0.0,-115.66000000000001
2011-11-08,-10.66,0.0,0.0
2011-11-09,-300.65999999999997,484.34,96.83999999999999
2011-11-10,-10.66,-175.66,-270.65999999999997
2011-11-11,209.34,-186.32000000000002,0.0
2011-11-14,-280.65999999999997,-240.66,0.0
2011-11-15,344.34,0.0,111.17999999999999
2011-11-16,-430.66,-118.82,-386.97999999999996
2011-11-17,564.3399999999999,0.0,0.0
2011-11-18,109.33999999999999,0.0,-315.65999999999997
2011-11-21,-125.66000000000001,0.0,0.0
2011-11-22,-130.66,-521.3199999999999,-1091.98
2011-11-23,0.0,-310.65999999999997,-320.66
2011-11-24,0.0,0.0,-180.66
2011-11-25,0.0,0.0,-200.66
2011-11-28,84.33999999999999,0.0,0.0
2011-12-02,324.34,0.0,0.0
2011-12-09,319.34000000000003,0.0,0.0
2011-12-12,-235.66,0.0,0.0
2011-12-14,244.34,0.0,939.3399999999999
2011-12-15,239.34,0.0,-270.65999999999997
2011-12-16,-435.66,0.0,-10.66
2011-12-18,0.0,0.0,-180.66
2011-12-19,0.0,-10.66,-396.98
2011-12-20,214.34,0.0,631.8399999999999
2011-12-21,-60.66,0.0,-189.48
2011-12-22,0.0,0.0,-110.66000000000001
2011-12-28,0.0,0.0,399.34
2012-01-04,0.0,0.0,674.3399999999999
2012-01-05,0.0,0.0,-10.66
2012-01-10,-250.66,0.0,0.0
2012-01-11,-290.65999999999997,0.0,0.0
2012-01-12,0.0,0.0,729.3399999999999
2012-01-13,0.0,0.0,-270.65999999999997
2012-01-17,0.0,0.0,239.34
2012-01-23,0.0,0.0,611.8399999999999
2012-01-24,0.0,0.0,-265.65999999999997
2012-01-25,0.0,0.0,296.84000000000003
2012-01-26,0.0,0.0,-10.66
2012-01-27,-50.66,0.0,-85.66000000000001
2012-01-29,0.0,0.0,-230.66
2012-02-01,-250.66,0.0,0.0
2012-02-02,-120.66000000000001,0.0,0.0
2012-02-07,-350.66,0.0,0.0
2012-02-08,-240.66,0.0,0.0
2012-02-09,-290.65999999999997,0.0,0.0
2012-02-13,-5.66,0.0,0.0
2012-02-14,-130.66,0.0,0.0
2012-02-15,479.34,0.0,2171.84
2012-02-17,-135.66,0.0,254.34
2012-02-20,0.0,0.0,-351.98
2012-02-21,-10.66,0.0,-241.32
2012-02-22,-35.66,0.0,0.0
2012-02-23,0.0,0.0,-310.65999999999997
2012-02-27,-250.66,0.0,0.0
2012-02-28,234.34,0.0,0.0
2012-03-01,44.34,0.0,0.0
2012-03-02,-230.66,0.0,0.0
2012-03-05,294.34000000000003,0.0,449.34
2012-03-06,-105.66000000000001,0.0,0.0
2012-03-07,-10.66,0.0,-21.32
2012-03-08,94.33999999999999,0.0,0.0
2012-03-09,-45.66,0.0,0.0
2012-03-13,579.3399999999999,0.0,0.0
2012-03-14,-280.65999999999997,0.0,1736.84
2012-03-15,-205.66,0.0,0.0
2012-03-16,-75.66,0.0,0.0
2012-03-20,0.0,0.0,244.34
2012-03-21,-170.66,0.0,-332.12
2012-03-22,14.34,0.0,0.0
2012-03-23,-10.66,0.0,-265.65999999999997
2012-03-26,494.34,0.0,-61.31999999999999
2012-03-27,-10.66,0.0,739.86
2012-03-28,0.0,0.0,-59.480000000000004
2012-03-29,-160.66,0.0,0.0
2012-03-30,84.33999999999999,0.0,31.840000000000003
2012-04-01,0.0,0.0,-71.32
2012-04-02,464.34,0.0,-71.32
2012-04-03,-270.65999999999997,0.0,-291.46
2012-04-04,0.0,0.0,-250.66
2012-04-05,304.34000000000003,0.0,0.0
2012-04-06,0.0,0.0,-95.66000000000001
2012-04-09,24.340000000000003,0.0,0.0
2012-04-10,0.0,0.0,-251.32
2012-04-11,-80.66000000000001,0.0,-431.98
2012-04-12,359.34,0.0,-21.32
2012-04-13,324.34,0.0,113.02
2012-04-16,594.3399999999999,8531.84,-180.66
2012-04-17,594.3399999999999,0.0,0.0
2012-04-18,-205.66,0.0,-231.46000000000004
2012-04-19,-430.66,351.84,-396.98
2012-04-20,229.34,-216.32,-225.66
2012-04-24,-380.66,-431.31999999999994,-10.66
2012-04-25,164.34,-105.66000000000001,246.18000000000004
2012-04-26,0.0,0.0,-10.66
2012-04-30,0.0,534.3399999999999,344.34
2012-05-01,-260.65999999999997,-10.66,-10.66
2012-05-02,229.34,0.0,0.0
2012-05-03,374.34,-186.32,-131.32000000000002
2012-05-04,584.3399999999999,0.0,0.0
2012-05-07,-15.66,-221.32000000000002,0.0
2012-05-08,-10.66,0.0,-351.31999999999994
2012-05-09,-430.66,-191.32,-260.65999999999997
2012-05-10,94.33999999999999,-201.98000000000002,-209.48
2012-05-11,-10.66,-10.66,-131.32000000000002
2012-05-14,-330.66,0.0,0.0
2012-05-15,-400.66,-251.32,-366.32
2012-05-16,344.34,0.0,0.0
2012-05-17,849.3399999999999,0.0,0.0
2012-05-18,444.34,0.0,0.0
2012-05-21,959.3399999999999,0.0,0.0
2012-05-22,-95.66000000000001,411.17999999999995,0.0
2012-05-23,-480.66,0.0,238.67999999999998
2012-05-24,-30.659999999999997,136.84,-559.48
2012-05-29,-400.66,0.0,0.0
2012-05-30,0.0,64.34,-401.32000000000005
2012-05-31,-60.66,-196.32,-536.98
2012-06-05,19.34,-261.98,0.0
2012-06-06,529.3399999999999,0.0,0.0
2012-06-07,469.34,1163.0199999999998,0.0
2012-06-08,0.0,0.0,911.8399999999999
2012-06-11,879.3399999999999,-114.47999999999999,-695.6600000000001
2012-06-12,89.33999999999999,-195.66,0.0
2012-06-13,-35.66,-21.32,0.0
2012-06-14,0.0,-125.66000000000001,0.0
2012-06-15,324.34,0.0,0.0
2012-06-18,274.34000000000003,0.0,0.0
2012-06-19,44.34,0.0,0.0
2012-06-20,-450.66,0.0,0.0
2012-06-21,1074.34,974.3399999999999,739.3399999999999
2012-06-24,0.0,0.0,-70.66
2012-06-25,299.34000000000003,-370.66,0.0
2012-06-26,-45.66,-150.66,-260.65999999999997
2012-06-27,-120.66000000000001,0.0,0.0
2012-06-28,-320.66,89.33999999999999,-10.66
2012-06-29,0.0,0.0,356.84
2012-07-01,0.0,0.0,-50.66
2012-07-02,-340.66,299.34000000000003,119.86000000000001
2012-07-05,-30.659999999999997,0.0,449.34
2012-07-06,0.0,256.84000000000003,-285.65999999999997
2012-07-10,0.0,-120.66000000000001,-10.66
2012-07-11,-10.66,0.0,0.0
2012-07-12,-350.66,0.0,0.0
2012-07-13,394.34,0.0,-221.98
2012-07-15,0.0,0.0,-86.97999999999999
2012-07-16,-380.66,354.34,-76.32
2012-07-17,0.0,81.17999999999999,-10.66
2012-07-18,324.34,526.8399999999999,0.0
2012-07-19,-5.66,456.17999999999995,0.0
2012-07-20,449.34,-421.32,0.0
2012-07-23,0.0,0.0,89.33999999999999
2012-07-24,309.34000000000003,-211.32,0.0
2012-07-25,0.0,-140.66,0.0
2012-07-31,-295.65999999999997,0.0,0.0
2012-08-01,259.34000000000003,0.0,1606.84
2012-08-02,-15.66,0.0,0.0
2012-08-07,109.33999999999999,0.0,0.0
2012-08-08,-70.66,0.0,0.0
2012-08-23,-390.66,0.0,0.0
2012-08-27,-40.66,0.0,0.0
2012-08-28,-65.66,0.0,0.0
2012-08-30,104.33999999999999,0.0,0.0
2012-08-31,-310.65999999999997,0.0,0.0
2012-09-04,-10.66,0.0,0.0
2012-09-05,-240.66,0.0,0.0
2012-09-06,384.34,0.0,0.0
2012-09-11,-300.65999999999997,0.0,0.0
2012-09-13,554.3399999999999,0.0,0.0
2012-09-14,-10.66,0.0,0.0
2012-09-17,-170.66,0.0,0.0
2012-09-18,79.34,0.0,0.0
2012-09-20,89.33999999999999,0.0,0.0
2012-09-26,-10.66,3581.84,2921.84
2012-09-28,0.0,43.02000000000001,66.84
2012-10-01,-330.66,-345.66,-80.66000000000001
2012-10-02,-115.66000000000001,-230.66,-522.64
2012-10-03,-250.66,0.0,-51.32
2012-10-04,0.0,0.0,36.84
2012-10-05,0.0,171.84,-10.66
2012-10-08,-110.66000000000001,0.0,0.0
2012-10-09,344.34,0.0,0.0
2012-10-10,34.34,0.0,0.0
2012-10-11,454.34,-540.6600000000001,0.0
2012-10-12,-330.66,-265.65999999999997,-225.66
2012-10-15,29.340000000000003,-346.32,-120.66000000000001
2012-10-16,519.3399999999999,819.3399999999999,0.0
2012-10-17,-10.66,-210.66,0.0
2012-10-18,-210.66,-270.65999999999997,519.3399999999999
2012-10-19,879.3399999999999,0.0,0.0
2012-10-22,19.34,0.0,-406.32000000000005
2012-10-23,-360.66,-706.9799999999999,-376.32000000000005
2012-10-24,0.0,-405.66,0.0
2012-10-25,174.34,-626.32,-286.32
2012-10-26,-620.6600000000001,0.0,0.0
2012-10-29,0.0,0.0,-10.66
2012-10-30,0.0,0.0,71.84
2012-10-31,179.34,0.0,232.35999999999999
2012-11-01,324.34,0.0,0.0
2012-11-02,634.3399999999999,468.6799999999999,-295.14000000000004
2012-11-05,129.34,0.0,-10.66
2012-11-06,-250.66,101.17999999999999,-140.14
2012-11-07,299.34000000000003,-615.6600000000001,-120.66000000000001
2012-11-09,-10.66,0.0,-265.65999999999997
2012-11-12,0.0,-191.32,-472.64
2012-11-13,-200.66,-265.65999999999997,0.0
2012-11-14,0.0,0.0,-400.66
2012-11-16,-520.6600000000001,0.0,0.0
2012-11-19,329.34,0.0,0.0
2012-11-20,-330.66,0.0,0.0
2012-11-27,-190.66,0.0,0.0
2012-11-28,-10.66,0.0,0.0
2012-11-30,-120.66000000000001,0.0,0.0
2012-12-04,-95.66000000000001,0.0,0.0
2012-12-05,-10.66,2156.1800000000003,0.0
2012-12-06,104.33999999999999,0.0,0.0
2012-12-07,264.34000000000003,-236.32,0.0
2012-12-10,-45.66,-180.66,0.0
2012-12-11,49.34,0.0,0.0
2012-12-12,194.34,0.0,0.0
2012-12-13,-430.66,419.34,0.0
2012-12-14,-130.66,0.0,1931.84
2012-12-17,224.34,81.83999999999999,0.0
2012-12-18,0.0,0.0,496.84
2012-12-19,0.0,912.3599999999998,118.01999999999995
2012-12-20,-190.66,0.0,-306.32
2012-12-21,0.0,-840.6600000000001,0.0
2012-12-26,0.0,-135.66,-175.66
2012-12-27,-10.66,0.0,-221.32000000000002
2012-12-28,0.0,-185.66,-421.98
2012-12-31,689.3399999999999,-108.82,0.0
2013-01-02,-10.66,0.0,0.0
2013-01-03,4.34,0.0,0.0
2013-01-04,-40.66,1614.34,0.0
2013-01-07,0.0,0.0,2061.84
2013-01-08,0.0,-136.32000000000002,-341.31999999999994
2013-01-09,-45.66,0.0,-160.14
2013-01-10,0.0,-10.66,28.680000000000003
2013-01-11,0.0,0.0,-223.29999999999998
2013-01-14,0.0,69.34,16.84
2013-01-15,0.0,-235.66,0.0
2013-01-16,0.0,26.17999999999998,-66.32
2013-01-17,0.0,0.0,210.52
2013-01-18,0.0,-346.31999999999994,-71.32
2013-01-21,0.0,0.0,9.34
2013-01-22,0.0,34.34,-336.98
2013-01-23,0.0,395.52,-123.29999999999998
2013-01-24,0.0,-750.6600000000001,-295.65999999999997
2013-01-25,0.0,-170.66,0.0
2013-01-28,-55.66,-10.66,0.0
2013-01-29,-380.66,-191.32,-5.66
2013-01-30,-370.66,20.520000000000003,0.0
2013-01-31,-240.66,-246.32,0.0
2013-02-01,-200.66,0.0,0.0
2013-02-04,-230.66,-35.66,-10.66
2013-02-05,404.34,0.0,-125.66000000000001
2013-02-06,-380.66,0.0,6.180000000000007
2013-02-07,-10.66,-146.32,-10.66
2013-02-08,-20.659999999999997,0.0,339.85999999999996
2013-02-11,-120.66000000000001,0.0,1.8399999999999994
2013-02-12,49.34,473.67999999999995,-130.66
2013-02-13,-170.66,0.0,0.0
2013-02-14,34.34,-235.66,-386.98
2013-02-15,0.0,-145.66,-191.98000000000002
2013-02-19,0.0,-10.66,0.0
2013-02-20,-160.66,-101.32000000000001,181.84
2013-02-22,89.33999999999999,0.0,-90.66000000000001
2013-02-25,1004.3399999999999,-10.66,68.68000000000004
2013-02-26,-310.65999999999997,-115.66000000000001,-120.66000000000001
2013-02-27,0.0,616.8399999999999,-85.66000000000001
2013-02-28,-390.66,-10.66,-327.64
2013-03-01,0.0,0.0,-150.66
2013-03-03,0.0,0.0,-145.66
2013-03-04,299.34000000000003,0.0,-10.66
2013-03-05,159.34,0.0,0.0
2013-03-06,24.340000000000003,0.0,0.0
2013-03-07,-210.66,0.0,0.0
2013-03-08,-35.66,0.0,941.8399999999999
2013-03-11,0.0,0.0,-220.66
2013-03-12,-120.66000000000001,801.8399999999999,-146.32
2013-03-13,-320.66,26.840000000000003,-255.66
2013-03-14,0.0,29.340000000000003,0.0
2013-03-15,-30.659999999999997,-201.32,0.0
2013-03-17,0.0,0.0,-455.66
2013-03-18,234.34,-201.98000000000002,0.0
2013-03-19,124.33999999999999,-270.65999999999997,-386.32
2013-03-20,0.0,0.0,-24.480000000000004
2013-03-21,0.0,-50.66,0.0
2013-03-22,179.34,0.0,0.0
2013-03-25,289.34000000000003,-10.66,-10.66
2013-03-26,-160.66,-221.32000000000002,-10.66
2013-03-27,0.0,-321.32,-161.32
2013-03-28,0.0,46.84,-10.66
2013-04-01,0.0,-10.66,-10.66
2013-04-02,-40.66,-65.66,16.179999999999993
2013-04-03,0.0,-165.66,-10.66
2013-04-04,-195.66,0.0,0.0
2013-04-05,304.34000000000003,0.0,0.0
2013-04-08,174.34,-10.66,-110.66000000000001
2013-04-09,-10.66,226.84,-376.32
2013-04-10,639.3399999999999,0.0,0.0
2013-04-12,0.0,976.18,1051.84
2013-04-15,0.0,-135.66,-621.3199999999999
2013-04-16,224.34,0.0,0.0
2013-04-17,349.34,-255.66,-10.66
2013-04-18,139.34,0.0,0.0
2013-04-19,389.34,26.840000000000003,-90.66000000000001
2013-04-22,99.33999999999999,199.34,0.0
2013-04-23,-270.65999999999997,684.3399999999999,0.0
2013-04-24,-140.66,-10.66,0.0
2013-04-25,-120.66000000000001,0.0,0.0
2013-04-26,-220.66,101.17999999999999,0.0
2013-04-29,189.34,0.0,0.0
2013-04-30,289.34000000000003,0.0,0.0
2013-05-02,274.34000000000003,0.0,0.0
2013-05-03,-80.66000000000001,0.0,0.0
2013-05-09,-350.66,0.0,0.0
2013-05-10,-5.66,0.0,0.0
2013-05-13,9.34,0.0,0.0
2013-05-14,-10.66,0.0,0.0
2013-05-15,-60.66,0.0,0.0
2013-05-16,-260.65999999999997,0.0,0.0
2013-05-17,-380.66,0.0,0.0
2013-05-20,-340.66,0.0,0.0
2013-05-21,-95.66000000000001,0.0,0.0
2013-05-22,404.34,3510.5200000000004,4819.34
2013-05-23,69.34,0.0,0.0
2013-05-24,144.34,-551.32,-190.66
2013-05-28,144.34,598.68,293.01999999999987
2013-05-29,-380.66,-130.66,0.0
2013-05-30,-45.66,0.0,0.0
2013-05-31,-510.66,-45.66,-126.32
2013-06-03,-10.66,0.0,0.0
2013-06-04,-360.66,159.34,-11.320000000000022
2013-06-05,-440.66,-335.66,0.0
2013-06-07,0.0,-241.32,-10.66
2013-06-10,-90.66000000000001,43.68000000000001,-10.66
2013-06-11,0.0,-826.32,0.0
2013-06-12,829.3399999999999,0.0,-175.66
2013-06-13,0.0,139.34,-157.64
2013-06-14,94.33999999999999,-336.98,-377.64
2013-06-17,-320.66,0.0,483.68
2013-06-18,-10.66,0.0,0.0
2013-06-19,579.3399999999999,0.0,121.83999999999999
2013-06-20,634.3399999999999,-875.6600000000001,0.0
2013-06-21,-10.66,0.0,0.0
2013-06-24,-700.6600000000001,-165.66,-220.66
2013-06-25,-60.66,0.0,-10.66
2013-06-26,-250.66,0.0,0.0
2013-06-28,-10.66,0.0,541.8399999999999
2013-07-01,-350.66,0.0,0.0
2013-07-02,-340.66,0.0,0.0
2013-07-03,0.0,0.0,66.84
2013-07-05,-355.66,0.0,-647.64
2013-07-08,139.34,0.0,0.0
2013-07-09,-440.66,0.0,0.0
2013-07-10,14.34,0.0,0.0
2013-07-11,374.34,0.0,0.0
2013-07-16,-55.66,0.0,0.0
2013-07-17,-190.66,0.0,0.0
2013-07-19,0.0,0.0,1739.34
2013-07-22,0.0,0.0,-376.98
2013-07-23,0.0,0.0,-10.66
2013-07-24,244.34,0.0,-332.64000000000004
2013-07-25,-370.66,0.0,-131.32
2013-07-26,359.34,0.0,0.0
2013-07-29,-350.66,0.0,0.0
2013-07-30,-170.66,0.0,0.0
2013-07-31,-450.66,0.0,0.0
2013-08-01,74.34,0.0,0.0
2013-08-02,-230.66,0.0,0.0
2013-08-07,-210.66,0.0,1071.84
2013-08-08,-350.66,0.0,-18.819999999999993
2013-08-09,-350.66,0.0,-265.65999999999997
2013-08-12,54.34,0.0,-380.66
2013-08-13,109.33999999999999,0.0,-10.66
2013-08-15,39.34,4071.84,-420.66
2013-08-16,-180.66,-226.32000000000002,0.0
2013-08-18,0.0,0.0,-305.65999999999997
2013-08-19,-465.66,-10.66,-8.16
2013-08-20,39.34,-186.32000000000002,-136.32
2013-08-21,-520.6600000000001,0.0,-251.32
2013-08-22,-25.659999999999997,0.0,136.18
2013-08-26,-10.66,0.0,594.3399999999999
2013-08-27,0.0,144.34,0.0
2013-08-28,-65.66,0.0,-175.66
2013-08-29,-15.66,-170.66,-5.66
2013-08-30,99.33999999999999,29.340000000000003,-10.66
2013-09-03,0.0,0.0,-101.32
2013-09-06,-10.66,0.0,-10.66
2013-09-09,134.34,0.0,0.0
2013-09-10,-210.66,0.0,0.0
2013-09-11,59.34,0.0,0.0
2013-09-13,-235.66,0.0,0.0
2013-09-16,504.34,0.0,0.0
2013-09-17,169.34,0.0,0.0
2013-09-18,319.34000000000003,0.0,0.0
2013-09-20,204.34,0.0,0.0
2013-09-24,-250.66,0.0,0.0
2013-09-25,-75.66,0.0,0.0
2013-09-26,-30.659999999999997,0.0,0.0
2013-09-27,104.33999999999999,0.0,0.0
2013-09-30,329.34,0.0,0.0
2013-10-01,174.34,0.0,0.0
2013-10-02,114.33999999999999,0.0,0.0
2013-10-03,549.3399999999999,0.0,0.0
2013-10-04,324.34,0.0,0.0
2013-10-07,-210.66,0.0,0.0
2013-10-08,974.3399999999999,1176.84,791.8399999999999
2013-10-09,-10.66,0.0,0.0
2013-10-10,299.34000000000003,0.0,-10.66
2013-10-11,414.34,0.0,0.0
2013-10-13,0.0,0.0,104.33999999999999
2013-10-14,489.34,0.0,0.0
2013-10-15,-320.66,0.0,676.8399999999999
2013-10-16,129.34,0.0,0.0
2013-10-17,479.34,0.0,0.0
2013-10-22,-260.65999999999997,0.0,1909.34
2013-10-23,0.0,0.0,-385.66
2013-10-24,104.33999999999999,0.0,-46.31999999999999
2013-10-25,-115.66000000000001,0.0,311.84000000000003
2013-10-28,0.0,0.0,-221.98
2013-10-29,-130.66,0.0,-10.66
2013-10-30,0.0,0.0,-10.66
2013-10-31,-350.66,0.0,-485.66
2013-11-01,0.0,0.0,-380.66
2013-11-04,-135.66,0.0,-61.31999999999999
2013-11-05,244.34,0.0,-210.66
2013-11-06,-0.6600000000000006,0.0,0.0
2013-11-07,0.0,0.0,-395.66
2013-11-11,-380.66,0.0,0.0
2013-11-12,39.34,0.0,0.0
2013-11-13,934.3399999999999,0.0,0.0
2013-11-14,144.34,0.0,0.0
2013-11-19,-280.65999999999997,0.0,0.0
2013-11-20,0.0,0.0,466.84
2013-11-21,194.34,0.0,176.84
2013-11-22,99.33999999999999,0.0,0.0
2013-11-25,0.0,0.0,624.3399999999999
2013-11-26,189.34,0.0,0.0
2013-11-27,124.33999999999999,0.0,0.0
2013-12-02,0.0,0.0,928.68
2013-12-04,-440.66,0.0,-406.98
2013-12-06,-115.66000000000001,0.0,0.0
2013-12-10,-85.66000000000001,0.0,0.0
2013-12-11,0.0,0.0,-10.66
2013-12-13,259.34000000000003,0.0,-256.32
2013-12-16,-360.66,0.0,-281.98
2013-12-17,-400.66,0.0,-317.64
2013-12-18,-10.66,4931.84,-225.66
2013-12-19,-95.66000000000001,0.0,0.0
2013-12-20,329.34,0.0,0.0
2013-12-30,0.0,1579.34,0.0
2014-01-02,0.0,-210.66,0.0
2014-01-03,0.0,-180.66,0.0
2014-01-06,-5.66,0.0,0.0
2014-01-07,104.33999999999999,0.0,0.0
2014-01-08,64.34,0.0,0.0
2014-01-09,264.34000000000003,-10.66,0.0
2014-01-10,0.0,-335.66,0.0
2014-01-13,-360.66,124.33999999999999,0.0
2014-01-14,874.3399999999999,0.0,0.0
2014-01-15,-0.6600000000000006,551.8399999999999,0.0
2014-01-16,0.0,-155.66,0.0
2014-01-17,-280.65999999999997,-190.66,0.0
2014-01-21,0.0,-115.66000000000001,0.0
2014-01-22,-230.66,119.33999999999999,0.0
2014-01-23,-420.66,-265.65999999999997,0.0
2014-01-24,779.3399999999999,0.0,0.0
2014-01-27,-10.66,0.0,976.8399999999999
2014-01-28,9.34,-120.66000000000001,-415.66
2014-01-29,-390.66,0.0,-356.98
2014-01-30,149.34,0.0,303.67999999999995
2014-01-31,229.34,-601.98,-430.66
2014-02-02,0.0,0.0,-8.16
2014-02-03,0.0,-245.66,-341.98
2014-02-04,0.0,0.0,-225.66
2014-02-05,0.0,-285.65999999999997,-290.65999999999997
2014-02-06,244.34,0.0,0.0
2014-02-07,594.3399999999999,981.8399999999999,0.0
2014-02-10,149.34,0.0,0.0
2014-02-11,519.3399999999999,0.0,0.0
2014-02-13,709.3399999999999,1704.34,0.0
2014-02-14,39.34,0.0,0.0
2014-02-18,19.34,0.0,0.0
2014-02-20,-560.6600000000001,0.0,0.0
2014-02-24,14.34,0.0,0.0
2014-02-25,-110.66000000000001,0.0,0.0
2014-02-26,-320.66,0.0,0.0
2014-02-27,254.34,0.0,0.0
2014-02-28,-500.66,0.0,0.0
2014-03-03,0.0,596.8399999999999,0.0
2014-03-04,39.34,-120.66000000000001,0.0
2014-03-06,0.0,-156.32,0.0
2014-03-07,74.34,-395.66,0.0
2014-03-10,-295.65999999999997,-456.98,0.0
2014-03-11,-270.65999999999997,-161.32,0.0
2014-03-12,389.34,-286.98,0.0
2014-03-13,1139.34,204.34,3846.84
2014-03-17,-345.66,-195.66,391.17999999999995
2014-03-18,394.34,0.0,-635.14
2014-03-19,109.33999999999999,401.84,-467.64
2014-03-20,99.33999999999999,-95.66000000000001,0.0
2014-03-21,904.3399999999999,-595.6600000000001,151.84
2014-03-24,279.34000000000003,0.0,0.0
2014-03-25,-520.6600000000001,-249.47999999999996,0.0
2014-03-26,894.3399999999999,-204.47999999999996,-615.6600000000001
2014-03-28,-555.6600000000001,-261.32,-320.14
2014-03-31,-530.6600000000001,0.0,-206.98000000000002
2014-04-01,469.34,0.0,836.8399999999999
2014-04-02,-170.66,0.0,168.67999999999998
2014-04-03,379.34,0.0,-10.66
2014-04-04,1794.34,-10.66,0.0
2014-04-07,-10.66,0.0,0.0
2014-04-08,54.34,-270.65999999999997,0.0
2014-04-09,719.3399999999999,0.0,0.0
2014-04-10,1809.34,721.8399999999999,854.3399999999999
2014-04-11,-730.6600000000001,0.0,0.0
2014-04-14,-440.66,-690.6600000000001,0.0
2014-04-15,-630.6600000000001,0.0,-21.32
2014-04-16,-670.6600000000001,-315.65999999999997,-773.96
2014-04-17,34.34,0.0,136.18000000000004
2014-04-23,299.34000000000003,1241.84,0.0
2014-04-24,-235.66,0.0,789.3399999999999
2014-04-25,504.34,-380.66,-885.6600000000001
2014-04-28,-345.66,-185.66,-740.14
2014-04-29,29.340000000000003,0.0,-607.6400000000001
2014-04-30,-280.65999999999997,-10.66,0.0
2014-05-05,0.0,-186.32,29.340000000000003
2014-05-06,169.34,-231.31999999999996,-550.6600000000001
2014-05-07,-10.66,0.0,0.0
2014-05-08,-290.65999999999997,-356.98,-232.64000000000001
2014-05-09,-650.6600000000001,-226.32000000000002,-335.66
2014-05-12,509.34,0.0,0.0
2014-05-13,0.0,-18.820000000000007,0.0
2014-05-14,-370.66,-546.3199999999999,0.0
2014-05-15,0.0,0.0,584.3399999999999
2014-05-16,-500.66,-656.9799999999999,0.0
2014-05-19,359.34,0.0,-247.64
2014-05-20,-460.66,791.8399999999999,-481.31999999999994
2014-05-21,229.34,-185.66,136.84
2014-05-22,0.0,361.84,0.0
2014-05-30,0.0,0.0,1914.34
2014-06-02,0.0,1175.5199999999998,-305.65999999999997
2014-06-03,0.0,-225.66,0.0
2014-06-04,0.0,-310.65999999999997,0.0
2014-06-16,0.0,719.3399999999999,0.0
2014-06-17,0.0,-76.32,0.0
2014-06-18,0.0,-120.66000000000001,0.0
2014-06-20,-210.66,0.0,0.0
2014-06-24,0.0,276.84000000000003,0.0
2014-06-25,329.34,0.0,0.0
2014-06-26,-315.65999999999997,91.83999999999999,0.0
2014-06-27,99.33999999999999,84.33999999999999,0.0
2014-06-30,-45.66,0.0,0.0
2014-07-01,434.34,0.0,0.0
2014-07-02,-90.66000000000001,0.0,0.0
2014-07-07,0.0,1509.34,0.0
2014-07-08,0.0,0.0,2384.34
2014-07-10,469.34,-741.32,-295.65999999999997
2014-07-11,0.0,-10.66,0.0
2014-07-14,0.0,474.86,0.0
2014-07-15,0.0,-296.32,669.3399999999999
2014-07-16,24.340000000000003,318.68,76.18
2014-07-18,494.34,0.0,0.0
2014-07-21,-255.66,-136.98000000000002,-538.3
2014-07-22,-65.66,-115.66000000000001,0.0
2014-07-23,-280.65999999999997,0.0,0.0
2014-07-24,84.33999999999999,370.52,884.3399999999999
2014-07-25,-390.66,-470.66,0.0
2014-07-28,-360.66,0.0,-276.32
2014-07-29,-260.65999999999997,146.18,0.0
2014-07-31,0.0,-780.6600000000001,-555.6600000000001
2014-08-04,64.34,-10.66,-236.32
2014-08-05,0.0,-151.32,-741.98
2014-08-06,69.34,-205.66,-316.32
2014-08-07,464.34,-385.66,-546.98
2014-08-08,-390.66,0.0,0.0
2014-08-11,-45.66,0.0,0.0
2014-08-12,-460.66,0.0,0.0
2014-08-13,314.34000000000003,0.0,0.0
2014-08-15,-10.66,0.0,1944.34
2014-08-22,-360.66,0.0,0.0
2014-09-04,-440.66,3866.84,1744.34
2014-09-08,-330.66,265.5199999999999,0.0
2014-09-09,-650.6600000000001,-416.98,-10.66
2014-09-10,-480.66,-115.66000000000001,-526.98
2014-09-11,-10.66,-701.9799999999999,-807.64
2014-09-12,44.34,0.0,-450.66
2014-09-15,389.34,0.0,0.0
2014-09-16,779.3399999999999,0.0,-71.32
2014-09-17,-110.66000000000001,241.84,-298.3
2014-09-19,169.34,423.6799999999999,0.0
2014-09-21,0.0,0.0,266.84000000000003
2014-09-22,349.34,-160.66,0.0
2014-09-26,404.34,0.0,0.0
2014-09-28,0.0,0.0,-115.66000000000001
2014-09-29,464.34,-1146.98,0.0
2014-09-30,-550.6600000000001,-21.32,0.0
2014-10-01,639.3399999999999,-200.66,-740.6600000000001
2014-10-02,-195.66,0.0,0.0
2014-10-06,0.0,613.68,619.3399999999999
2014-10-07,314.34000000000003,0.0,0.0
2014-10-08,1244.34,0.0,0.0
2014-10-09,0.0,623.02,-10.66
2014-10-13,0.0,-851.32,0.0
2014-10-14,-690.6600000000001,0.0,-730.6600000000001
2014-10-15,-860.6600000000001,0.0,0.0
2014-10-16,139.34,-10.66,-515.6600000000001
2014-10-17,0.0,671.8399999999999,0.0
2014-10-20,764.3399999999999,0.0,0.0
2014-10-22,139.34,2806.84,0.0
2014-10-23,279.34000000000003,0.0,0.0
2014-10-24,274.34000000000003,0.0,0.0
2014-10-30,-10.66,0.0,5856.84
2014-10-31,-120.66000000000001,0.0,0.0
2014-11-04,0.0,0.0,919.3399999999999
2014-11-05,74.34,0.0,-416.32000000000005
2014-11-06,-510.66,0.0,-260.65999999999997
2014-11-07,-155.66,0.0,-10.66
2014-11-10,0.0,0.0,-210.66
2014-11-13,-420.66,0.0,0.0
2014-11-14,154.34,0.0,0.0
2014-11-18,289.34000000000003,0.0,0.0
2014-11-19,-210.66,0.0,1051.84
2014-11-20,489.34,0.0,-135.66
2014-11-21,379.34,0.0,268.67999999999995
2014-11-24,219.34,0.0,0.0
2014-12-01,0.0,0.0,1044.34
2014-12-02,49.34,0.0,-210.66
2014-12-04,-400.66,0.0,0.0
2014-12-05,-60.66,0.0,0.0
2014-12-08,0.0,0.0,-10.66
2014-12-09,874.3399999999999,4994.34,-196.32
2014-12-10,0.0,-286.32000000000005,-335.14
2014-12-11,-385.66,0.0,-365.66
2014-12-12,-1065.66,-1095.66,-465.66
2014-12-15,0.0,0.0,-181.32
2014-12-16,-960.6600000000001,0.0,0.0
2014-12-17,1114.34,0.0,0.0
2014-12-19,199.34,0.0,0.0
2015-01-01,0.0,0.0,2384.34
2015-01-02,0.0,2174.34,0.0
2015-01-05,559.3399999999999,0.0,0.0
2015-01-06,1024.34,0.0,0.0
2015-01-07,189.34,0.0,0.0
2015-01-08,614.3399999999999,0.0,0.0
2015-01-09,174.34,0.0,1314.34
2015-01-12,224.34,909.3399999999999,-820.6600000000001
2015-01-13,-940.6600000000001,-135.66,-240.66
2015-01-14,-315.65999999999997,0.0,-1226.3200000000002
2015-01-15,499.34,-390.66,536.8399999999999
2015-01-16,304.34000000000003,0.0,0.0
2015-01-18,0.0,0.0,-240.66
2015-01-19,0.0,0.0,-158.29999999999998
2015-01-20,-10.66,0.0,-10.66
2015-01-21,-100.66000000000001,0.0,-712.64
2015-01-22,-1180.66,0.0,234.34
2015-01-27,199.34,1643.6799999999998,-10.66
2015-01-28,1209.34,-195.66,-852.6400000000001
2015-01-29,-970.6600000000001,0.0,-156.32
2015-01-30,0.0,39.34,-493.30000000000007
2015-02-02,-900.6600000000001,-396.32,-285.65999999999997
2015-02-03,139.34,401.84,0.0
2015-02-04,-245.66,654.3399999999999,0.0
2015-02-06,324.34,0.0,0.0
2015-02-09,0.0,-826.32,0.0
2015-02-10,624.3399999999999,-240.66,0.0
2015-02-11,0.0,219.34,0.0
2015-02-12,249.34,0.0,0.0
2015-02-13,344.34,0.0,0.0
2015-02-16,0.0,1749.34,0.0
2015-02-24,0.0,981.8399999999999,0.0
2015-02-25,0.0,-10.66,0.0
2015-02-26,0.0,-160.66,0.0
2015-02-27,0.0,-240.66,0.0
2015-03-03,0.0,-10.66,0.0
2015-03-04,0.0,-281.32,0.0
2015-03-05,0.0,-296.98,0.0
2015-03-06,0.0,-365.66,0.0
2015-03-10,624.3399999999999,-540.6600000000001,0.0
2015-03-11,244.34,0.0,3551.84
2015-03-12,164.34,0.0,0.0
2015-03-13,0.0,-446.32000000000005,-555.6600000000001
2015-03-16,464.34,0.0,3.680000000000007
2015-03-17,79.34,-231.32,83.67999999999999
2015-03-18,-310.65999999999997,-118.82,-10.66
2015-03-20,-280.65999999999997,0.0,0.0
2015-03-23,-275.65999999999997,0.0,0.0
2015-03-24,79.34,0.0,0.0
2015-03-25,1634.34,514.3399999999999,514.3399999999999
2015-03-26,224.34,0.0,0.0
2015-03-27,-170.66,-450.66,-681.3199999999999
2015-03-30,14.34,0.0,746.8399999999999
2015-03-31,-340.66,186.84,-626.32
2015-04-01,-200.66,0.0,-250.66
2015-04-02,0.0,-155.66,0.0
2015-04-03,0.0,0.0,-570.6600000000001
2015-04-06,704.3399999999999,-505.66,-246.32
2015-04-07,-670.6600000000001,0.0,252.35999999999999
2015-04-08,219.34,0.0,96.83999999999999
2015-04-09,-0.6600000000000006,0.0,0.0
2015-04-13,-630.6600000000001,0.0,0.0
2015-04-14,0.0,0.0,446.84
2015-04-15,74.34,0.0,-85.66000000000001
2015-04-16,0.0,0.0,-10.66
2015-04-17,0.0,916.8399999999999,-360.66
2015-04-20,439.34,-10.66,14.34
2015-04-21,0.0,446.84,1141.84
2015-04-22,-460.66,-10.66,-260.65999999999997
2015-04-23,279.34000000000003,-65.66,0.0
2015-04-27,279.34000000000003,1306.84,0.0
2015-04-28,-10.66,-371.32,1274.34
2015-04-29,0.0,-235.66,-1005.6600000000001
2015-05-01,519.3399999999999,-235.66,0.0
2015-05-04,-510.66,767.36,288.0199999999999
2015-05-05,799.3399999999999,0.0,-311.32
2015-05-06,149.34,0.0,0.0
2015-05-07,99.33999999999999,-170.66,-205.66
2015-05-08,0.0,1066.84,0.0
2015-05-11,0.0,-321.32,699.3399999999999
2015-05-12,-680.6600000000001,-170.66,0.0
2015-05-13,0.0,0.0,-404.48
2015-05-14,-440.66,0.0,0.0
2015-05-15,-70.66,0.0,0.0
2015-05-20,0.0,0.0,1214.34
2015-05-26,449.34,741.8399999999999,-10.66
2015-05-27,0.0,0.0,-120.66000000000001
2015-05-28,0.0,3.680000000000007,-327.64
2015-05-29,0.0,-126.32000000000001,-521.3199999999999
2015-06-01,-395.66,106.83999999999999,-645.6600000000001
2015-06-02,0.0,-330.66,-145.66
2015-06-04,-530.6600000000001,-1291.3200000000002,-890.6600000000001
2015-06-05,0.0,-396.32,0.0
2015-06-08,574.3399999999999,0.0,0.0
2015-06-09,-500.66,-110.66000000000001,0.0
2015-06-10,594.3399999999999,0.0,0.0
2015-06-11,0.0,991.18,959.3399999999999
2015-06-12,44.34,-630.6600000000001,0.0
2015-06-16,24.340000000000003,-175.66,0.0
2015-06-17,-165.66,79.34,118.68
2015-06-18,459.34,0.0,0.0
2015-06-19,184.34,0.0,0.0
2015-06-22,-150.66,0.0,0.0
2015-06-23,-185.66,0.0,0.0
2015-06-25,174.34,0.0,911.8399999999999
2015-06-26,164.34,-10.66,-510.66
2015-06-29,-700.6600000000001,0.0,0.0
2015-06-30,-450.66,0.0,-520.6600000000001
2015-07-01,0.0,-106.98000000000002,0.0
2015-07-02,-10.66,-271.32,0.0
2015-07-03,0.0,11.84,0.0
2015-07-05,0.0,0.0,-620.6600000000001
2015-07-06,-75.66,-165.66,171.84
2015-07-07,-10.66,0.0,115.52000000000001
2015-07-08,0.0,-55.66,-305.65999999999997
2015-07-09,964.3399999999999,-131.32000000000002,-340.66
2015-07-10,-320.66,-200.66,0.0
2015-07-13,309.34000000000003,0.0,0.0
2015-07-14,194.34,0.0,0.0
2015-07-15,-165.66,0.0,0.0
2015-07-21,-205.66,0.0,0.0
2015-07-22,0.0,3909.34,0.0
2015-07-23,259.34000000000003,0.0,0.0
2015-07-24,849.3399999999999,0.0,4081.84
2015-07-28,-910.6600000000001,0.0,-397.64
2015-07-29,-55.66,0.5200000000000102,-59.48000000000002
2015-07-30,-700.6600000000001,-380.66,-315.65999999999997
2015-07-31,44.34,0.0,0.0
2015-08-03,0.0,196.84,-10.66
2015-08-04,-315.65999999999997,-250.66,-431.31999999999994
2015-08-05,-235.66,0.0,0.0
2015-08-06,924.3399999999999,524.3399999999999,191.84
2015-08-07,-640.6600000000001,0.0,0.0
2015-08-10,-80.66000000000001,0.0,618.68
2015-08-11,0.0,-826.32,-732.6400000000001
2015-08-12,-1060.66,0.0,-170.66
2015-08-13,-760.6600000000001,-21.32,-556.32
2015-08-14,74.34,0.0,-475.66
2015-08-17,0.0,-290.65999999999997,-10.66
2015-08-18,84.33999999999999,0.0,0.0
2015-08-19,-760.6600000000001,-10.66,-580.6600000000001
2015-08-20,0.0,-1020.6600000000001,0.0
2015-08-21,-1280.66,0.0,0.0
2015-08-24,0.0,-700.6600000000001,-2575.66
2015-08-25,2229.34,-10.66,-536.32
2015-08-26,-1550.66,0.0,-10.66
2015-08-27,-810.6600000000001,2498.6800000000003,0.0
2015-08-28,-175.66,0.0,0.0
2015-08-31,-760.6600000000001,-10.66,2764.34
2015-09-01,-1620.66,0.0,-1410.66
2015-09-02,-900.6600000000001,0.0,-851.32
2015-09-03,-940.6600000000001,0.0,431.84
2015-09-04,-470.66,0.0,0.0
2015-09-08,-620.6600000000001,0.0,0.0
2015-09-09,-10.66,0.0,1801.84
2015-09-10,364.34,0.0,-500.66
2015-09-11,0.0,0.0,-430.66
2015-09-14,0.0,0.0,-743.96
2015-09-15,0.0,0.0,-466.32000000000005
2015-09-17,0.0,0.0,1684.34
2015-09-18,-620.6600000000001,0.0,-390.66
2015-09-21,-195.66,0.0,-556.98
2015-09-22,0.0,544.3399999999999,-66.32
2015-09-23,-560.6600000000001,-380.66,-946.32
2015-09-24,-5.66,-815.6600000000001,0.0
2015-09-25,1084.34,-201.98,-35.139999999999986
2015-09-28,1359.34,0.0,0.0
2015-09-29,-900.6600000000001,-796.32,-955.6600000000001
2015-09-30,104.33999999999999,-621.98,-10.66
2015-10-01,-980.6600000000001,-103.82000000000005,931.18
2015-10-02,2234.34,-345.66,254.34
2015-10-06,0.0,2176.84,459.1999999999998
2015-10-07,-435.66,-11.319999999999993,0.0
2015-10-08,-720.6600000000001,0.0,0.0
2015-10-09,0.0,-10.66,0.0
2015-10-13,-10.66,-581.32,0.0
2015-10-14,-570.6600000000001,-165.66,0.0
2015-10-15,709.3399999999999,0.0,0.0
2015-10-20,-40.66,0.0,0.0
2015-10-21,569.3399999999999,1249.34,0.0
2015-10-22,569.3399999999999,0.0,0.0
2015-10-26,-440.66,0.0,0.0
2015-10-27,69.34,0.0,0.0
2015-10-28,-740.6600000000001,0.0,0.0
2015-10-29,-45.66,0.0,0.0
2015-11-06,-430.66,0.0,0.0
2015-11-09,0.0,0.0,7196.84
2015-11-10,9.34,0.0,0.0
2015-11-11,-490.66,0.0,-10.66
2015-11-12,239.34,3144.34,-435.66
2015-11-13,1154.34,0.0,0.0
2015-11-16,774.3399999999999,0.0,0.0
2015-11-17,-145.66,-611.98,0.0
2015-11-18,1164.34,0.0,0.0
2015-11-23,-340.66,1816.84,0.0
2015-11-24,99.33999999999999,0.0,2371.84
2015-11-25,0.0,-86.32,0.0
2015-11-26,0.0,-10.66,0.0
2015-11-27,0.0,-85.66000000000001,0.0
2015-11-30,0.0,-10.66,0.0
2015-12-01,0.0,-10.66,0.0
2015-12-02,0.0,503.0199999999999,0.0
2015-12-03,0.0,0.0,-10.66
2015-12-04,1354.34,0.0,0.0
2015-12-07,64.34,-470.14,0.0
2015-12-08,619.3399999999999,-151.32,184.34
2015-12-09,-740.6600000000001,-1146.3200000000002,-801.32
2015-12-10,-110.66000000000001,0.0,0.0
2015-12-11,0.0,-1195.66,-605.6600000000001
2015-12-14,-920.6600000000001,0.0,0.0
2015-12-15,-555.6600000000001,1284.34,-290.80000000000007
2015-12-16,459.34,-331.32000000000005,-376.32000000000005
2015-12-17,1379.34,-751.98,189.86000000000007
2015-12-18,989.3399999999999,0.0,0.0
2015-12-21,-425.66,0.0,-10.66
2015-12-22,0.0,-270.65999999999997,0.0
2015-12-28,0.0,864.3399999999999,0.0
2015-12-30,0.0,1536.84,0.0
2015-12-31,0.0,0.0,1714.34
2016-01-04,-525.6600000000001,0.0,0.0
2016-01-05,219.34,-761.9799999999999,-766.3199999999999
2016-01-06,4.34,-1620.66,-1216.3200000000002
2016-01-07,-1300.66,0.0,0.0
2016-01-11,-10.66,0.0,-666.32
2016-01-12,0.0,0.0,-876.32
2016-01-13,0.0,-10.66,116.83999999999999
2016-01-14,-1190.66,0.0,0.0
2016-01-15,-1760.66,-2075.66,-1775.66
2016-01-18,0.0,0.0,-1551.9800000000002
2016-01-19,534.3399999999999,-1245.66,-391.32000000000005
2016-01-20,-10.66,0.0,0.0
2016-01-21,-1390.66,-21.32,-992.64
2016-01-25,-620.6600000000001,0.0,0.0
2016-01-26,-920.6600000000001,405.52,-10.66
2016-01-27,-10.66,-771.3199999999999,-1581.3200000000002
2016-01-28,-10.66,0.0,-440.66
2016-01-29,1099.34,0.0,0.0
2016-02-01,299.34000000000003,0.0,0.0
2016-02-02,824.3399999999999,1316.84,-10.66
2016-02-03,-10.66,0.0,-555.6600000000001
2016-02-04,0.0,-370.66,-496.31999999999994
2016-02-05,1674.34,-780.6600000000001,-1305.66
2016-02-08,-970.6600000000001,0.0,0.0
2016-02-09,-575.6600000000001,0.0,0.0
2016-02-10,19.34,0.0,-10.66
2016-02-11,184.34,-1265.66,0.0
2016-02-12,-970.6600000000001,-10.66,0.0
2016-02-16,-440.66,1333.6799999999998,0.0
2016-02-17,-460.66,0.0,0.0
2016-02-18,559.3399999999999,2116.1800000000003,0.0
2016-02-19,0.0,0.0,4206.84
2016-02-22,259.34000000000003,0.0,0.0
2016-02-23,0.0,396.84,-10.66
2016-02-24,-570.6600000000001,0.0,0.0
2016-02-25,-880.6600000000001,786.8399999999999,70.52000000000001
2016-02-26,369.34,834.3399999999999,769.3399999999999
2016-02-29,-790.6600000000001,-471.31999999999994,0.0
2016-03-01,0.0,0.0,-215.66
2016-03-02,-360.66,-725.14,984.8599999999997
2016-03-03,-365.66,-521.98,-331.32000000000005
2016-03-04,0.0,-21.32,71.17999999999999
2016-03-07,-440.66,-656.32,-1126.3200000000002
2016-03-08,0.0,-10.66,-515.6600000000001
2016-03-09,0.0,0.0,-240.66
2016-03-10,-920.6600000000001,-10.66,-10.66
2016-03-11,324.34,0.0,0.0
2016-03-15,-530.6600000000001,0.0,994.3399999999999
2016-03-16,669.3399999999999,0.0,-10.66
2016-03-17,-195.66,0.0,296.84000000000003
2016-03-18,0.0,0.0,-516.3199999999999
2016-03-23,0.0,0.0,4.34
2016-03-28,0.0,0.0,-10.66
2016-03-29,0.0,0.0,-326.32
2016-03-30,-460.66,0.0,531.7
2016-03-31,0.0,0.0,-557.64
2016-04-04,-330.66,0.0,354.34
2016-04-05,-280.65999999999997,0.0,0.0
2016-04-06,0.0,0.0,-491.97999999999996
2016-04-07,0.0,0.0,384.34
2016-04-08,334.34,0.0,-190.66
2016-04-11,449.34,0.0,-530.6600000000001
2016-04-12,484.34,0.0,-425.66
2016-04-13,289.34000000000003,0.0,0.0
2016-04-15,-75.66,0.0,0.0
2016-04-18,529.3399999999999,0.0,0.0
2016-04-19,59.34,0.0,0.0
2016-04-21,-330.66,0.0,559.3399999999999
2016-04-22,0.0,2211.84,0.0
2016-04-25,0.0,-446.32000000000005,-355.66
2016-04-26,149.34,101.83999999999999,-10.66
2016-04-28,-600.6600000000001,-10.66,-546.32
2016-05-03,-480.66,-261.32,-10.66
2016-05-04,-95.66000000000001,0.0,0.0
2016-05-05,-360.66,-250.66,-975.1400000000001
2016-05-06,239.34,-600.6600000000001,0.0
2016-05-09,-270.65999999999997,-64.47999999999999,0.0
2016-05-11,-310.65999999999997,59.34,0.0
2016-05-12,-10.66,0.0,686.8399999999999
2016-05-13,0.0,-486.32,0.0
2016-05-16,739.3399999999999,289.34000000000003,-296.32
2016-05-17,719.3399999999999,-185.66,639.3399999999999
2016-05-18,-10.66,-116.32000000000001,-515.6600000000001
2016-05-19,0.0,0.0,-670.6600000000001
2016-05-20,269.34000000000003,0.0,638.68
2016-05-22,0.0,0.0,-10.66
2016-05-23,0.0,0.0,-32.64
2016-05-24,789.3399999999999,0.0,0.0
2016-05-25,154.34,0.0,0.0
2016-05-31,-10.66,0.0,0.0
2016-06-02,0.0,3864.34,2766.84
2016-06-03,0.0,39.34,-605.6600000000001
2016-06-06,114.33999999999999,66.84,-21.32
2016-06-07,-220.66,0.0,-436.98
2016-06-08,-190.66,-396.32,0.0
2016-06-09,-390.66,-395.66,-561.3199999999999
2016-06-10,0.0,0.0,-405.66
2016-06-14,0.0,0.0,-380.66
2016-06-15,294.34000000000003,-10.66,-440.66
2016-06-16,-500.66,0.0,0.0
2016-06-17,184.34,21.840000000000003,-432.64000000000004
2016-06-20,-370.66,0.0,0.0
2016-06-21,-175.66,0.0,0.0
2016-06-22,-220.66,0.0,0.0
2016-06-23,0.0,0.0,256.84000000000003
2016-06-24,-1390.66,-2520.66,0.0
2016-06-27,479.34,0.0,0.0
2016-06-28,469.34,0.0,401.84
2016-06-29,559.3399999999999,0.0,0.0
2016-06-30,-460.66,0.0,1714.1999999999998
2016-07-01,-20.659999999999997,3511.84,0.0
2016-07-04,0.0,94.33999999999999,0.0
2016-07-05,-225.66,-500.66,959.3399999999999
2016-07-07,-430.66,0.0,0.0
2016-07-08,649.3399999999999,0.0,0.0
2016-07-11,-140.66,0.0,0.0
2016-07-13,44.34,0.0,0.0
2016-07-14,-310.65999999999997,0.0,0.0
2016-07-15,0.0,0.0,2531.84
2016-07-21,-320.66,0.0,0.0
2016-07-25,-270.65999999999997,0.0,0.0
2016-07-26,-360.66,0.0,0.0
2016-07-27,-350.66,0.0,0.0
2016-07-29,-520.6600000000001,0.0,0.0
2016-08-02,44.34,0.0,0.0
2016-08-03,194.34,0.0,0.0
2016-08-04,-300.65999999999997,0.0,0.0
2016-08-05,164.34,0.0,0.0
2016-08-08,-55.66,0.0,0.0
2016-08-09,-100.66000000000001,0.0,0.0
2016-08-10,104.33999999999999,0.0,0.0
2016-08-12,54.34,0.0,0.0
2016-08-15,-25.659999999999997,0.0,0.0
2016-08-17,-620.6600000000001,0.0,0.0
2016-08-18,-310.65999999999997,0.0,0.0
2016-08-23,-260.65999999999997,0.0,0.0
2016-08-25,-150.66,0.0,0.0
2016-08-26,-850.6600000000001,0.0,0.0
2016-08-29,-210.66,0.0,0.0
2016-08-31,-235.66,0.0,0.0
2016-09-01,-85.66000000000001,6745.52,0.0
2016-09-02,-50.66,223.01999999999995,0.0
2016-09-07,-290.65999999999997,101.83999999999999,0.0
2016-09-08,-40.66,-145.66,0.0
2016-09-09,0.0,0.0,3236.84
2016-09-12,1169.34,186.84,-115.66000000000001
2016-09-13,0.0,-10.66,-684.6200000000001
2016-09-14,-240.66,0.0,0.0
2016-09-15,844.3399999999999,0.0,0.0
2016-09-16,-355.66,0.0,0.0
2016-09-19,-360.66,1426.84,0.0
2016-09-20,-15.66,0.0,0.0
2016-09-21,-10.66,0.0,0.0
2016-09-23,289.34000000000003,0.0,0.0
2016-09-26,0.0,339.34,1644.34
2016-09-27,579.3399999999999,0.0,-105.66000000000001
2016-09-28,-280.65999999999997,0.0,0.0
2016-09-29,0.0,14.34,-10.66
2016-09-30,129.34,0.0,0.0
2016-10-03,-300.65999999999997,101.83999999999999,-546.32
2016-10-04,-310.65999999999997,-334.48,-438.3
2016-10-05,-170.66,0.0,0.0
2016-10-06,-590.6600000000001,-501.98,-10.66
2016-10-07,-125.66000000000001,-216.32000000000002,-485.66
2016-10-10,-140.66,448.0199999999999,0.0
2016-10-11,829.3399999999999,0.0,-580.6600000000001
2016-10-12,0.0,-130.66,0.0
2016-10-13,-340.66,-10.66,-110.66000000000001
2016-10-14,-470.66,273.67999999999995,73.01999999999995
2016-10-17,-95.66000000000001,0.0,0.0
2016-10-18,-25.659999999999997,-96.32000000000001,0.0
2016-10-19,-50.66,0.0,336.84
2016-10-20,-525.6600000000001,-846.98,-751.32
2016-10-21,0.0,-90.66000000000001,0.0
2016-10-24,309.34000000000003,0.0,0.0
2016-10-25,139.34,0.0,0.0
2016-10-26,-195.66,429.34,-391.32000000000005
2016-10-27,639.3399999999999,-505.66,-10.66
2016-10-28,-130.66,-235.66,0.0
2016-10-31,149.34,0.0,-667.6400000000001
2016-11-01,479.34,0.0,-181.32
2016-11-02,0.0,-315.65999999999997,-315.65999999999997
2016-11-03,0.0,0.0,-325.66
2016-11-04,-735.6600000000001,-165.66,0.0
2016-11-07,564.3399999999999,0.0,0.0
2016-11-08,524.3399999999999,0.0,-10.66
2016-11-09,99.33999999999999,0.0,0.0
2016-11-10,1474.34,0.0,854.3399999999999
2016-11-11,114.33999999999999,0.0,0.0
2016-11-14,259.34000000000003,0.0,-10.66
2016-11-15,34.34,0.0,0.0
2016-11-16,304.34000000000003,0.0,0.0
2016-11-21,294.34000000000003,0.0,0.0
2016-11-23,-355.66,0.0,2349.34
2016-11-24,0.0,0.0,-10.66
2016-11-25,0.0,0.0,-262.64000000000004
2016-11-28,0.0,0.0,-190.66
2016-11-30,0.0,0.0,-10.66
2016-12-01,1149.34,-10.66,0.0
2016-12-04,0.0,0.0,-450.66
2016-12-05,0.0,546.8399999999999,0.0
2016-12-06,0.0,-281.32,0.0
2016-12-07,1204.34,-180.66,0.0
2016-12-08,-125.66000000000001,0.0,0.0
2016-12-09,94.33999999999999,0.0,0.0
2016-12-11,0.0,0.0,2864.34
2016-12-12,0.0,1626.84,-491.31999999999994
2016-12-13,159.34,-204.48000000000002,1294.34
2016-12-14,0.0,-300.65999999999997,-10.66
2016-12-15,-405.66,0.0,0.0
2016-12-16,0.0,-725.6600000000001,-725.6600000000001
2016-12-19,0.0,-236.98000000000002,-306.32
2016-12-20,-145.66,0.0,0.0
2016-12-21,0.0,0.0,149.34
2016-12-22,0.0,-505.66,-275.65999999999997
2016-12-23,0.0,0.0,-225.66
2016-12-27,0.0,361.03999999999996,566.8399999999999
2016-12-28,0.0,-255.66,91.83999999999999
2016-12-30,749.3399999999999,0.0,-242.64
2017-01-03,-515.6600000000001,-651.98,-199.48
2017-01-04,-155.66,659.3399999999999,0.0
2017-01-05,139.34,421.84,0.0
2017-01-06,0.0,144.34,0.0
2017-01-09,29.340000000000003,0.0,0.0
2017-01-11,-360.66,639.3399999999999,2276.84
2017-01-12,-500.66,-535.6600000000001,-585.6600000000001
2017-01-13,-50.66,0.0,-20.140000000000015
2017-01-15,0.0,0.0,-110.66000000000001
2017-01-16,0.0,0.0,-166.98
2017-01-17,0.0,-176.98,-90.66000000000001
2017-01-18,0.0,-150.66,0.0
2017-01-19,0.0,253.67999999999998,0.0
2017-01-20,0.0,-236.32,-10.66
2017-01-23,0.0,-10.66,-10.66
2017-01-24,199.34,284.34000000000003,0.0
2017-01-25,259.34000000000003,0.0,0.0
2017-01-27,-230.66,1581.84,0.0
2017-01-30,-170.66,-150.66,1284.34
2017-01-31,-350.66,-300.65999999999997,0.0
2017-02-01,0.0,-321.98,368.0199999999999
2017-02-02,0.0,-220.66,-541.98
2017-02-03,-45.66,0.0,171.18
2017-02-06,149.34,0.0,-200.66
2017-02-07,-65.66,0.0,0.0
2017-02-08,-270.65999999999997,0.0,271.84000000000003
2017-02-09,79.34,0.0,0.0
2017-02-10,-300.65999999999997,0.0,0.0
2017-02-13,164.34,0.0,0.0
2017-02-14,-310.65999999999997,0.0,0.0
2017-02-15,364.34,0.0,0.0
2017-02-17,409.34,0.0,0.0
2017-02-21,139.34,0.0,0.0
2017-02-23,159.34,0.0,2754.34
2017-02-24,434.34,0.0,0.0
2017-02-27,0.0,0.0,-60.139999999999986
2017-02-28,159.34,0.0,-285.65999999999997
2017-03-01,-360.66,0.0,731.18
2017-03-02,229.34,0.0,-39.48000000000002
2017-03-03,104.33999999999999,3996.84,0.0
2017-03-06,-400.66,-261.32,-320.66
2017-03-07,-400.66,0.0,-366.97999999999996
2017-03-08,-165.66,0.0,-194.48
2017-03-09,-420.66,-305.65999999999997,-255.66
2017-03-10,-10.66,-190.66,0.0
2017-03-13,0.0,-95.66000000000001,0.0
2017-03-14,0.0,-100.66000000000001,0.0
2017-03-15,-430.66,466.17999999999995,0.0
2017-03-16,114.33999999999999,-95.66000000000001,0.0
2017-03-17,0.0,-10.66,0.0
2017-03-20,-230.66,-206.32,0.0
2017-03-21,0.0,0.0,366.84
2017-03-22,64.34,-85.66000000000001,0.0
2017-03-23,0.0,-265.65999999999997,-351.32000000000005
2017-03-24,-440.66,0.0,-10.66
2017-03-26,0.0,0.0,-570.6600000000001
2017-03-27,0.0,-920.6600000000001,0.0
2017-03-28,359.34,0.0,0.0
2017-03-29,334.34,0.0,0.0
2017-04-03,0.0,1104.34,0.0
2017-04-04,184.34,-325.66,0.0
2017-04-05,-10.66,289.34000000000003,1116.84
2017-04-06,-440.66,0.0,-586.32
2017-04-07,0.0,-155.66,-546.3199999999999
2017-04-10,0.0,-211.32,0.0
2017-04-11,-10.66,-215.66,-460.66
2017-04-12,134.34,0.0,-95.66000000000001
2017-04-13,-460.66,-395.66,0.0
2017-04-18,-295.65999999999997,0.0,-3.1600000000000006
2017-04-19,-370.66,0.0,83.68
2017-04-20,149.34,0.0,0.0
2017-04-21,-140.66,0.0,448.67999999999995
2017-04-24,4.34,0.0,224.34
2017-04-25,244.34,0.0,0.0
2017-04-26,0.0,0.0,481.17999999999995
2017-04-28,-50.66,0.0,-6.980000000000018
2017-05-01,144.34,0.0,0.0
2017-05-02,-225.66,0.0,809.3399999999999
2017-05-03,-205.66,0.0,-315.65999999999997
2017-05-04,0.0,0.0,-265.65999999999997
2017-05-05,-330.66,0.0,0.0
2017-05-08,-390.66,0.0,0.0
2017-05-09,-0.6600000000000006,0.0,0.0
2017-05-10,-290.65999999999997,0.0,0.0
2017-05-11,39.34,0.0,131.18
2017-05-12,-0.6600000000000006,0.0,0.0
2017-05-15,89.33999999999999,0.0,-31.98
2017-05-16,-360.66,0.0,-43.819999999999965
2017-05-17,0.0,5806.84,-220.66
2017-05-18,154.34,-451.98,0.0
2017-05-19,-305.65999999999997,0.0,0.0
2017-05-22,244.34,0.0,0.0
2017-05-23,-95.66000000000001,0.0,0.0
2017-05-31,129.34,2801.1800000000003,0.0
2017-06-01,-400.66,0.0,0.0
2017-06-06,-440.66,1351.1799999999998,0.0
2017-06-07,0.0,-625.6600000000001,0.0
2017-06-08,-405.66,-266.32,0.0
2017-06-09,3399.34,-10.66,4091.84
2017-06-13,-620.6600000000001,0.0,373.67999999999995
2017-06-14,264.34000000000003,356.84,-10.66
2017-06-15,344.34,0.0,0.0
2017-06-16,-160.66,-200.66,-10.66
2017-06-19,224.34,-93.82000000000001,244.85999999999999
2017-06-20,419.34,-619.48,-862.64
2017-06-21,559.3399999999999,0.0,0.0
2017-06-22,0.0,0.0,-306.98
2017-06-23,0.0,0.0,-305.65999999999997
2017-06-26,0.0,821.8399999999999,-10.66
2017-06-27,964.3399999999999,0.0,0.0
2017-06-28,-900.6600000000001,0.0,0.0
2017-06-29,814.3399999999999,156.84,-302.64000000000004
2017-06-30,0.0,0.0,-540.6600000000001
2017-07-03,0.0,-565.6600000000001,-580.6600000000001
2017-07-04,0.0,0.0,-345.66
2017-07-05,239.34,0.0,-336.32000000000005
2017-07-06,-300.65999999999997,-226.32,-201.32
2017-07-07,369.34,0.0,0.0
2017-07-10,189.34,0.0,0.0
2017-07-13,-140.66,0.0,0.0
2017-07-17,-410.66,0.0,0.0
2017-07-19,-80.66000000000001,0.0,0.0
2017-07-20,-70.66,0.0,0.0
2017-07-21,154.34,0.0,0.0
2017-07-27,914.3399999999999,5889.34,5346.84
2017-07-28,84.33999999999999,-105.66000000000001,0.0
2017-07-30,0.0,0.0,-205.66
2017-07-31,0.0,61.84,48.680000000000035
2017-08-01,-285.65999999999997,0.0,-578.3
2017-08-02,-10.66,-520.6600000000001,-10.66
2017-08-03,84.33999999999999,-356.98,-361.32
2017-08-04,-210.66,-415.66,-215.66
2017-08-08,0.0,419.34,261.84000000000003
2017-08-09,474.34,0.0,0.0
2017-08-10,1579.34,0.0,-325.66
2017-08-11,0.0,-10.66,0.0
2017-08-14,189.34,0.0,0.0
2017-08-15,-110.66000000000001,0.0,1429.34
2017-08-16,-520.6600000000001,1466.1799999999998,-421.32000000000005
2017-08-17,1649.34,0.0,-390.66
2017-08-18,-620.6600000000001,-255.66,0.0
2017-08-21,0.0,-310.65999999999997,0.0
2017-08-22,514.3399999999999,-95.66000000000001,-146.32
2017-08-23,-145.66,-716.3199999999999,550.52
2017-08-24,294.34000000000003,-10.66,-10.66
2017-08-25,-10.66,29.340000000000003,-266.32
2017-08-28,0.0,-125.66000000000001,-350.66
2017-08-29,834.3399999999999,-160.66,0.0
2017-08-30,819.3399999999999,1296.84,0.0
2017-08-31,464.34,0.0,0.0
2017-09-01,-90.66000000000001,1086.84,0.0
2017-09-03,0.0,0.0,2629.34
2017-09-04,0.0,-480.66,-10.66
2017-09-05,254.34,0.0,-847.6400000000001
2017-09-06,-485.66,0.0,-285.65999999999997
2017-09-07,0.0,-501.9800000000001,0.0
2017-09-08,0.0,-205.66,-10.66
2017-09-11,-90.66000000000001,0.0,0.0
2017-09-13,159.34,0.0,0.0
2017-09-18,-600.6600000000001,0.0,0.0
2017-09-19,-375.66,0.0,0.0
2017-09-20,0.0,0.0,-10.66
2017-09-21,-10.66,0.0,0.0
2017-09-22,-105.66000000000001,0.0,-420.66
2017-09-24,0.0,0.0,-105.66000000000001
2017-09-25,54.34,-1230.66,-140.66
2017-09-26,0.0,-10.66,0.0
2017-09-27,44.34,0.0,0.0
2017-09-29,249.34,0.0,0.0
2017-10-02,-420.66,0.0,0.0
2017-10-03,-110.66000000000001,0.0,0.0
2017-10-04,-10.66,0.0,0.0
2017-10-05,294.34000000000003,0.0,0.0
2017-10-06,234.34,0.0,0.0
2017-10-12,-330.66,0.0,0.0
2017-10-19,0.0,0.0,3714.34
2017-10-23,0.0,0.0,121.83999999999999
2017-10-24,-630.6600000000001,0.0,0.0
2017-10-25,0.0,2254.34,-520.6600000000001
2017-10-26,0.0,-225.66,-265.65999999999997
2017-10-30,-265.65999999999997,3059.34,0.0
2017-10-31,-470.66,0.0,0.0
2017-11-01,0.0,248.01999999999995,3001.84
2017-11-02,-475.66,0.0,0.0
2017-11-03,-750.6600000000001,289.34000000000003,-21.32
2017-11-06,24.340000000000003,561.8399999999999,0.0
2017-11-07,-500.66,-281.32,0.0
2017-11-09,-440.66,-345.66,1039.34
2017-11-10,-70.66,-255.66,-366.32
2017-11-13,359.34,-180.66,-400.66
2017-11-14,-620.6600000000001,-365.66,-515.6600000000001
2017-11-15,0.0,-505.66,0.0
2017-11-16,579.3399999999999,0.0,0.0
2017-11-17,264.34000000000003,0.0,0.0
2017-11-21,364.34,0.0,0.0
2017-11-22,-245.66,0.0,0.0
2017-11-29,0.0,124.33999999999999,621.8399999999999
2017-11-30,0.0,-236.32,-335.66
2017-12-01,-1280.66,-1496.9800000000002,11.84
2017-12-04,1754.34,146.17999999999998,-342.64
2017-12-05,-955.6600000000001,-586.32,-450.66
2017-12-06,89.33999999999999,0.0,0.0
2017-12-07,-110.66000000000001,379.34,0.0
2017-12-08,0.0,-280.65999999999997,0.0
2017-12-12,0.0,631.8399999999999,0.0
2017-12-14,39.34,0.0,0.0
2017-12-19,194.34,0.0,4284.34
2017-12-20,-145.66,0.0,-211.98000000000002
2017-12-21,-490.66,0.0,0.0
2017-12-22,0.0,0.0,-405.66
2017-12-25,0.0,0.0,-185.66
2017-12-26,0.0,474.34,0.0
2017-12-27,0.0,0.0,-386.32
2017-12-28,0.0,0.0,221.84
2017-12-29,0.0,-140.66,0.0
2018-01-02,1204.34,0.0,0.0
2018-01-03,569.3399999999999,0.0,163.68
2018-01-04,-80.66000000000001,0.0,0.0
2018-01-08,124.33999999999999,0.0,0.0
2018-01-09,-235.66,0.0,0.0
2018-01-10,0.0,0.0,2416.84
2018-01-11,-300.65999999999997,0.0,0.0
2018-01-12,614.3399999999999,0.0,0.0
2018-01-16,-960.6600000000001,6294.34,2524.34
2018-01-17,0.0,0.0,-160.66
2018-01-18,-195.66,0.0,0.0
2018-01-19,0.0,804.3399999999999,0.0
2018-01-23,439.34,0.0,0.0
2018-01-24,-10.66,2704.34,2891.84
2018-01-25,429.34,-535.6600000000001,-690.6600000000001
2018-01-26,0.0,0.0,81.18000000000004
2018-01-29,-150.66,69.85999999999993,-1628.96
2018-01-30,-485.66,-1465.66,0.0
2018-01-31,0.0,-621.32,-1226.98
2018-02-01,-1410.66,-955.6600000000001,-1185.66
2018-02-02,1964.34,0.0,-1420.66
2018-02-05,-1770.66,0.0,0.0
2018-02-06,1474.34,0.0,0.0
2018-02-07,-1410.66,-2966.9800000000005,0.0
2018-02-08,5144.34,0.0,-2990.66
2018-02-09,-10.66,0.0,0.0
2018-02-12,-35.66,0.0,0.0
2018-02-13,379.34,0.0,0.0
2018-02-14,2324.34,0.0,0.0
2018-02-15,-1550.66,0.0,0.0
2018-02-16,-970.6600000000001,0.0,0.0
2018-02-20,-205.66,0.0,0.0
2018-02-21,-960.6600000000001,0.0,0.0
2018-02-22,-1090.66,0.0,0.0
2018-02-23,1299.34,0.0,0.0
2018-02-27,-690.6600000000001,0.0,0.0
2018-02-28,-800.6600000000001,0.0,0.0
2018-03-01,1319.34,9371.84,0.0
2018-03-02,-1580.66,0.0,0.0
2018-03-05,1294.34,-10.66,0.0
2018-03-06,-450.66,0.0,0.0
2018-03-07,499.34,0.0,0.0
2018-03-12,-155.66,0.0,0.0
2018-03-13,0.0,6711.84,0.0
2018-03-14,209.34,0.0,0.0
2018-03-15,-840.6600000000001,-335.66,0.0
2018-03-16,-600.6600000000001,-190.66,0.0
2018-03-19,769.3399999999999,0.0,0.0
2018-03-20,-710.6600000000001,-480.66,0.0
2018-03-21,-620.6600000000001,-10.66,0.0
2018-03-22,-1350.66,0.0,6876.84
2018-03-23,2939.34,0.0,-1350.66
2018-03-26,1614.34,0.0,0.0
2018-03-27,4674.34,-2855.66,-10.66
2018-03-28,-715.6600000000001,0.0,0.0
2018-03-29,-1560.66,-535.6600000000001,0.0
2018-04-02,0.0,-220.66,-2960.66
2018-04-03,-1070.66,0.0,0.0
2018-04-04,3009.34,-1440.66,-1800.66
2018-04-05,-115.66000000000001,0.0,879.3399999999999
2018-04-06,0.0,1799.34,-2566.9800000000005
2018-04-09,0.0,-311.32,-549.4800000000002
2018-04-10,-1370.66,0.0,-1621.98
2018-04-11,-820.6600000000001,0.0,-10.66
2018-04-12,134.34,0.0,535.52
2018-04-13,1004.3399999999999,0.0,-726.32
2018-04-16,-990.6600000000001,0.0,0.0
2018-04-17,1204.34,0.0,0.0
2018-04-18,-790.6600000000001,0.0,0.0
2018-04-19,184.34,0.0,0.0
2018-04-20,869.3399999999999,0.0,251.84
2018-04-23,-690.6600000000001,0.0,-875.6600000000001
2018-04-24,2819.34,-10.66,-408.82000000000005
2018-04-25,-1700.66,-445.66,0.0
2018-04-27,599.3399999999999,3376.84,0.0
2018-04-30,-670.6600000000001,-0.6600000000000006,0.0
2018-05-02,159.34,41.17999999999995,0.0
2018-05-03,-860.6600000000001,-10.66,0.0
2018-05-04,2234.34,0.0,0.0
2018-05-07,-185.66,0.0,0.0
2018-05-08,-960.6600000000001,0.0,0.0
2018-05-09,-890.6600000000001,0.0,0.0
2018-05-10,669.3399999999999,0.0,0.0
2018-05-15,0.0,5324.34,0.0
2018-05-16,0.0,111.18000000000004,0.0
2018-05-17,0.0,-1006.3200000000002,0.0
2018-05-23,0.0,-1690.66,0.0
2018-05-24,0.0,731.8399999999999,0.0
2018-05-25,-215.66,0.0,0.0
2018-05-29,-560.6600000000001,26.840000000000003,0.0
2018-05-31,0.0,-21.32,0.0
2018-06-05,-410.66,0.0,0.0
2018-06-07,594.3399999999999,0.0,0.0
2018-06-08,374.34,0.0,0.0
2018-06-11,9.34,0.0,0.0
2018-06-13,-10.66,0.0,0.0
2018-06-14,244.34,0.0,0.0
2018-06-18,0.0,3848.6800000000003,0.0
2018-06-19,474.34,-1910.66,0.0
2018-06-20,-65.66,1014.3399999999999,0.0
2018-06-21,1119.34,-10.66,0.0
2018-06-22,79.34,-250.66,0.0
2018-06-25,1109.34,0.0,11329.34
2018-06-26,0.0,-10.66,0.0
2018-06-27,-660.6600000000001,-800.6600000000001,-1301.3200000000002
2018-06-28,589.3399999999999,0.0,0.0
2018-06-29,-710.6600000000001,0.0,0.0
2018-07-02,1779.34,-1875.66,-10.66
2018-07-03,0.0,301.1799999999999,923.6799999999998
2018-07-05,384.34,-210.66,0.0
2018-07-06,1319.34,0.0,0.0
2018-07-09,149.34,0.0,0.0
2018-07-10,-660.6600000000001,0.0,3771.84
2018-07-11,-435.66,2958.0200000000004,0.0
2018-07-12,1329.34,0.0,0.0
2018-07-13,-125.66000000000001,-10.66,0.0
2018-07-16,0.0,-430.66,1951.84
2018-07-17,1809.34,0.0,0.0
2018-07-18,-110.66000000000001,-275.65999999999997,0.0
2018-07-19,0.0,-600.6600000000001,0.0
2018-07-20,9.34,-305.65999999999997,0.0
2018-07-22,0.0,0.0,-10.66
2018-07-24,0.0,820.5199999999998,0.0
2018-07-25,1559.34,0.0,1154.34
2018-07-26,0.0,54.34,0.0
2018-07-27,1949.34,0.0,-1360.66
2018-07-30,479.34,0.0,0.0
2018-07-31,0.0,0.0,-415.66
2018-08-01,0.0,0.0,-331.32000000000005
2018-08-02,2299.34,-10.66,-731.32
2018-08-03,0.0,0.0,103.67999999999999
2018-08-08,-30.659999999999997,0.0,0.0
2018-08-10,0.0,0.0,789.3399999999999
2018-08-13,-900.6600000000001,0.0,-616.3199999999999
2018-08-14,-790.6600000000001,0.0,-10.66
2018-08-15,0.0,2261.84,-830.6600000000001
2018-08-16,164.34,-305.65999999999997,0.0
2018-08-17,-75.66,-185.66,-645.6600000000001
2018-08-20,-5.66,0.0,0.0
2018-08-21,-430.66,776.8399999999999,-10.66
2018-08-22,159.34,-185.66,-10.66
2018-08-23,-1010.6600000000001,-796.98,-10.66
2018-08-24,464.34,0.0,0.0
2018-08-29,1129.34,0.0,0.0
2018-08-30,-375.66,0.0,3954.34
2018-08-31,-410.66,0.0,-626.98
2018-09-04,0.0,3111.84,-10.66
2018-09-05,1049.34,0.0,0.0
2018-09-06,624.3399999999999,0.0,0.0
2018-09-07,-90.66000000000001,0.0,0.0
2018-09-10,-700.6600000000001,0.0,0.0
2018-09-11,1344.34,0.0,0.0
2018-09-12,-505.66,0.0,0.0
2018-09-13,-250.66,0.0,0.0
2018-09-14,-90.66000000000001,0.0,0.0
2018-09-17,1004.3399999999999,-10.66,136.84
2018-09-18,-210.66,0.0,-405.66
2018-09-19,-435.66,0.0,380.51999999999987
2018-09-20,0.0,0.0,705.5199999999999
2018-09-21,0.0,0.0,-346.9800000000001
2018-09-24,0.0,-341.32,0.0
2018-09-25,-770.6600000000001,-10.66,0.0
2018-09-26,-720.6600000000001,764.3399999999999,0.0
2018-09-27,199.34,0.0,0.0
2018-09-28,-80.66000000000001,0.0,0.0
2018-10-04,1289.34,-30.659999999999997,626.8399999999999
2018-10-05,0.0,0.0,-1180.66
2018-10-08,-670.6600000000001,-1080.66,-1455.66
2018-10-09,-810.6600000000001,-446.32000000000005,0.0
2018-10-10,4134.34,-995.6600000000001,-665.6600000000001
2018-10-11,-2410.66,0.0,-2105.66
2018-10-12,-1150.66,0.0,0.0
2018-10-15,-40.66,0.0,0.0
2018-10-16,-850.6600000000001,0.0,0.0
2018-10-17,-1115.66,0.0,0.0
2018-10-18,1624.34,0.0,0.0
2018-10-19,-1840.66,0.0,0.0
2018-10-21,0.0,0.0,-10.66
2018-10-22,-1690.66,0.0,-996.9800000000001
2018-10-23,-1960.66,-3216.3199999999997,-331.32000000000005
2018-10-24,5694.34,-725.6600000000001,-54.480000000000004
2018-10-25,0.0,0.0,-10.66
2018-10-26,-720.6600000000001,-4656.32,0.0
2018-10-29,3794.34,0.0,-2280.66
2018-10-30,779.3399999999999,-715.6600000000001,0.0
2018-10-31,129.34,-10.66,0.0
2018-11-01,874.3399999999999,101.83999999999999,0.0
2018-11-02,-1800.66,-10.66,0.0
2018-11-05,-800.6600000000001,-1265.66,0.0
2018-11-06,0.0,943.6799999999998,0.0
2018-11-07,1689.34,0.0,0.0
2018-11-08,0.0,-1196.98,0.0
2018-11-09,349.34,-1290.66,0.0
2018-11-12,1479.34,0.0,2149.34
2018-11-13,-2270.66,-1680.66,-1961.3200000000002
2018-11-14,1724.34,0.0,0.0
2018-11-15,1709.34,301.17999999999984,-3426.32
2018-11-16,0.0,-945.6600000000001,0.0
2018-11-19,2849.34,-960.6600000000001,-1915.66
2018-11-20,-655.6600000000001,0.0,0.0
2018-11-21,164.34,-555.6600000000001,-363.82000000000005
2018-11-23,0.0,-340.66,-470.66
2018-11-26,0.0,-671.3199999999999,0.0
2018-11-27,0.0,684.3399999999999,0.0
2018-11-28,2454.34,0.0,0.0
2018-11-29,-420.66,0.0,0.0
2018-12-03,-355.66,0.0,0.0
2018-12-04,0.0,6116.84,8491.18
2018-12-06,1659.34,0.0,0.0
2018-12-07,0.0,-10.66,-1890.66
2018-12-10,-135.66,0.0,0.0
2018-12-11,-10.66,0.0,0.0
2018-12-12,-10.66,0.0,0.0
2018-12-14,999.3399999999999,1066.84,-10.66
2018-12-17,-1690.66,-705.6600000000001,0.0
2018-12-18,-325.66,-1066.3200000000002,-1756.3200000000002
2018-12-19,-1490.66,-111.98000000000002,-3706.32
2018-12-20,0.0,0.0,-1500.66
2018-12-21,0.0,-1585.66,-2931.3199999999997
2018-12-26,3789.34,0.0,0.0
2018-12-27,904.3399999999999,-917.6400000000003,-1580.8000000000002
2018-12-28,-2520.66,-10.66,0.0
2019-01-02,2209.34,-1881.3199999999997,-831.32
2019-01-03,1759.34,-1575.66,-1540.66
2019-01-04,2924.34,0.0,0.0
2019-01-08,0.0,0.0,4491.84
2019-01-09,-190.66,0.0,0.0
2019-01-10,-970.6600000000001,0.0,0.0
2019-01-14,0.0,0.0,131.84
2019-01-17,0.0,0.0,1311.84
2019-01-20,0.0,0.0,846.8399999999999
2019-01-21,0.0,0.0,-1036.98
2019-01-24,-60.66,0.0,-481.32000000000005
2019-01-28,0.0,0.0,256.84000000000003
2019-01-29,714.3399999999999,0.0,0.0
2019-01-31,0.0,0.0,3703.6800000000003
2019-02-01,-690.6600000000001,0.0,-748.9599999999999
2019-02-04,1164.34,0.0,742.36
2019-02-05,264.34000000000003,0.0,-111.32000000000001
2019-02-06,44.34,0.0,533.68
2019-02-07,0.0,0.0,-870.6600000000001
2019-02-10,0.0,0.0,41.84
2019-02-11,0.0,0.0,559.8599999999999
2019-02-13,0.0,0.0,1801.84
2019-02-14,0.0,0.0,-556.32
2019-02-19,0.0,0.0,-10.66
2019-02-20,0.0,0.0,-1056.98
2019-02-21,0.0,0.0,-113.82000000000001
2019-02-22,0.0,0.0,66.84
2019-02-25,0.0,0.0,746.8399999999999
2019-02-26,0.0,0.0,-10.66
2019-02-27,0.0,0.0,-831.32
2019-03-04,0.0,0.0,-10.66
2019-03-05,-730.6600000000001,0.0,-456.31999999999994
2019-03-06,589.3399999999999,0.0,-700.6600000000001
2019-03-07,539.3399999999999,0.0,0.0
2019-03-08,909.3399999999999,0.0,0.0
2019-03-11,1454.34,0.0,0.0
2019-03-12,64.34,0.0,2953.0200000000004
2019-03-13,119.33999999999999,0.0,-222.64000000000013
2019-03-14,-30.659999999999997,0.0,-504.48
2019-03-15,0.0,0.0,-41.32000000000001
2019-03-18,-740.6600000000001,0.0,629.3399999999999
2019-03-19,-550.6600000000001,0.0,614.3399999999999
2019-03-20,0.0,0.0,-630.6600000000001
2019-03-21,1764.34,0.0,234.34
2019-03-22,0.0,0.0,659.3399999999999
2019-03-26,-760.6600000000001,0.0,0.0
2019-03-27,649.3399999999999,0.0,-1355.66
2019-03-28,-860.6600000000001,0.0,-10.66
2019-03-29,-535.6600000000001,0.0,0.0
2019-04-01,-770.6600000000001,0.0,0.0
2019-04-03,-420.66,0.0,0.0
2019-04-04,0.0,0.0,3711.84
2019-04-05,-35.66,0.0,221.84
2019-04-07,0.0,0.0,-241.98000000000002
2019-04-08,0.0,0.0,-256.32
2019-04-09,-290.65999999999997,0.0,0.0
2019-04-11,-30.659999999999997,0.0,0.0
2019-04-18,-530.6600000000001,0.0,0.0
2019-04-23,1099.34,0.0,0.0
2019-04-25,-455.66,0.0,2851.1800000000003
2019-04-26,0.0,0.0,-415.66
2019-04-29,-70.66,0.0,0.0
2019-04-30,-875.6600000000001,0.0,-1160.66
2019-05-01,1194.34,0.0,-586.32
2019-05-02,-1010.6600000000001,0.0,-680.6600000000001
2019-05-03,0.0,0.0,186.84
2019-05-05,0.0,0.0,-910.6600000000001
2019-05-06,954.3399999999999,0.0,-221.31999999999996
2019-05-07,0.0,26446.840000000004,18.680000000000007
2019-05-08,0.0,0.0,-515.6600000000001
2019-05-09,9.34,-3001.3199999999997,-1731.3200000000002
2019-05-10,179.34,-680.6600000000001,-440.66
2019-05-13,0.0,-3290.66,0.0
2019-05-14,259.34000000000003,0.0,-535.6600000000001
2019-05-15,2254.34,0.0,-10.66
2019-05-16,564.3399999999999,0.0,0.0
2019-05-17,-1015.6600000000001,0.0,0.0
2019-05-20,0.0,439.34,1394.34
2019-05-21,-235.66,0.0,0.0
2019-05-22,-545.6600000000001,-811.32,-1976.3200000000002
2019-05-23,-10.66,0.0,0.0
2019-05-24,0.0,-360.66,-696.9800000000001
2019-05-27,0.0,0.0,-215.66
2019-05-28,0.0,-201.32,-909.48
2019-05-29,-540.6600000000001,0.0,0.0
2019-05-30,0.0,-946.98,-1473.3000000000002
2019-05-31,184.34,0.0,0.0
2019-06-05,-10.66,1781.84,2944.34
2019-06-06,389.34,0.0,0.0
2019-06-07,969.3399999999999,0.0,0.0
2019-06-10,-435.66,7066.84,0.0
2019-06-11,474.34,498.6799999999999,6566.84
2019-06-12,0.0,-515.6600000000001,-825.6600000000001
2019-06-13,0.0,0.0,-541.98
2019-06-14,0.0,0.0,283.67999999999995
2019-06-17,-45.66,0.0,0.0
2019-06-18,-485.66,0.0,0.0
2019-06-19,0.0,0.0,2176.1800000000003
2019-06-20,39.34,0.0,0.0
2019-06-25,1869.34,3679.34,-10.66
2019-06-26,0.0,-521.3199999999999,-201.32
2019-06-27,-320.66,0.0,-101.32
2019-06-28,-470.66,-10.66,0.0
2019-07-01,0.0,1247.3600000000001,1904.34
2019-07-02,394.34,43.68000000000001,0.0
2019-07-05,0.0,678.02,1061.84
2019-07-08,0.0,-1030.66,0.0
2019-07-09,0.0,0.0,116.83999999999999
2019-07-10,-385.66,0.0,1024.86
2019-07-11,-780.6600000000001,0.0,0.0
2019-07-12,404.34,0.0,0.0
2019-07-17,0.0,0.0,91.83999999999999
2019-07-18,0.0,1269.34,0.0
2019-07-19,1829.34,-577.6400000000001,-911.32
2019-07-22,469.34,-300.65999999999997,0.0
2019-07-23,-760.6600000000001,513.68,381.1799999999999
2019-07-24,1104.34,0.0,21.840000000000003
2019-07-25,199.34,1344.34,1049.34
2019-07-26,0.0,0.0,-190.14
2019-07-28,0.0,0.0,-376.32
2019-07-29,-290.65999999999997,96.83999999999999,-190.66
2019-07-30,-545.6600000000001,-1191.3200000000002,-611.32
2019-07-31,1859.34,-156.32,-790.6600000000001
2019-08-01,-2410.66,-170.66,601.8399999999999
2019-08-05,1409.34,0.0,0.0
2019-08-06,-405.66,-780.6600000000001,-31.98
2019-08-07,1664.34,-610.6600000000001,266.84000000000003
2019-08-08,2079.34,0.0,0.0
2019-08-12,-160.66,0.0,0.0
2019-08-13,219.34,0.0,0.0
2019-08-14,0.0,434.34,434.34
2019-08-15,-490.66,0.0,0.0
2019-08-16,404.34,0.0,51.180000000000035
2019-08-20,0.0,3311.84,1338.68
2019-08-21,-720.6600000000001,-225.66,-10.66
2019-08-22,0.0,-851.98,-1296.3200000000002
2019-08-23,-10.66,0.0,-2492.6400000000003
2019-08-26,-1180.66,0.0,-1246.3200000000002
2019-08-27,-10.66,0.0,281.84000000000003
2019-08-28,0.0,0.0,-1316.3200000000002
2019-08-29,-370.66,0.0,-321.32
2019-08-30,-190.66,0.0,403.68
2019-09-02,0.0,0.0,-971.3200000000002
2019-09-03,0.0,0.0,-1661.3200000000002
2019-09-04,0.0,0.0,1001.8399999999999
2019-09-05,419.34,0.0,2039.34
2019-09-06,0.0,0.0,631.1799999999998
2019-09-09,284.34000000000003,0.0,-585.6600000000001
2019-09-10,-1225.66,0.0,0.0
2019-09-11,774.3399999999999,0.0,0.0
2019-09-12,-935.6600000000001,0.0,0.0
2019-09-15,0.0,0.0,1231.84
2019-09-16,-215.66,0.0,0.0
2019-09-17,0.0,0.0,-415.66
2019-09-18,-700.6600000000001,0.0,246.84
2019-09-20,0.0,0.0,-1530.66
2019-09-24,-650.6600000000001,0.0,-10.66
2019-09-25,1459.34,2569.34,0.0
2019-09-26,-585.6600000000001,-29.480000000000132,0.0
2019-09-27,1309.34,-10.66,-1750.66
2019-09-30,0.0,0.0,-360.66
2019-10-01,0.0,756.1799999999998,201.84
2019-10-02,264.34000000000003,0.0,0.0
2019-10-03,1069.34,551.8399999999999,0.0
2019-10-04,859.3399999999999,0.0,0.0
2019-10-07,-695.6600000000001,2004.34,0.0
2019-10-08,-1260.66,-535.6600000000001,0.0
2019-10-09,-30.659999999999997,0.0,-10.66
2019-10-10,-10.66,0.0,0.0
2019-10-11,-10.66,0.0,0.0
2019-10-15,964.3399999999999,0.0,0.0
2019-10-16,-100.66000000000001,0.0,0.0
2019-10-17,89.33999999999999,0.0,0.0
2019-10-23,144.34,0.0,0.0
2019-10-24,-740.6600000000001,0.0,0.0
2019-10-25,1259.34,0.0,0.0
2019-10-28,179.34,0.0,0.0
2019-10-29,549.3399999999999,0.0,0.0
2019-10-31,-185.66,0.0,0.0
2019-11-06,-405.66,0.0,0.0
2019-11-12,-680.6600000000001,0.0,0.0
2019-11-13,-155.66,0.0,0.0
2019-11-14,-820.6600000000001,0.0,0.0
2019-11-15,-585.6600000000001,0.0,0.0
2019-11-21,-310.65999999999997,0.0,0.0
2019-11-25,354.34,0.0,0.0
2019-11-26,14.34,0.0,0.0
2019-12-03,-1560.66,10534.34,10289.34
2019-12-04,0.0,-414.48,0.0
2019-12-05,-650.6600000000001,0.0,0.0
2019-12-06,224.34,0.0,0.0
2019-12-09,-1110.66,0.0,0.0
2019-12-10,0.0,651.18,0.0
2019-12-12,-405.66,926.8399999999999,0.0
2019-12-13,-465.66,1176.84,0.0
2019-12-16,44.34,0.0,0.0
2019-12-17,-85.66000000000001,0.0,0.0
2019-12-18,-455.66,0.0,0.0
2019-12-19,329.34,0.0,0.0
2019-12-20,-350.66,0.0,0.0
2019-12-27,0.0,5213.68,0.0
2019-12-30,-470.66,0.0,8354.34
2020-01-02,534.3399999999999,1756.84,468.0199999999999
2020-01-03,-750.6600000000001,-945.6600000000001,-1091.3200000000002
2020-01-06,1594.34,-1855.66,0.0
2020-01-07,0.0,374.34,-2168.3
2020-01-08,779.3399999999999,0.0,0.0
2020-01-10,224.34,2049.34,3019.34
2020-01-13,1034.34,0.0,-396.98
2020-01-14,89.33999999999999,0.0,-2247.6400000000003
2020-01-15,-1130.66,0.0,-456.98
2020-01-16,414.34,0.0,0.0
2020-01-17,-1040.66,0.0,0.0
2020-01-21,-15.66,0.0,0.0
2020-01-22,-950.6600000000001,0.0,0.0
2020-01-23,0.0,0.0,1966.84
2020-01-24,1889.34,2059.34,-10.66
2020-01-27,-565.6600000000001,0.0,0.0
2020-01-29,204.34,0.0,378.67999999999984
2020-01-30,264.34000000000003,-10.66,0.0
2020-01-31,2364.34,0.0,799.3399999999999
2020-02-03,314.34000000000003,0.0,-575.6600000000001
2020-02-05,49.34,0.0,6209.34
2020-02-09,0.0,0.0,201.84
2020-02-10,1529.34,0.0,0.0
2020-02-11,44.34,0.0,0.0
2020-02-12,214.34,0.0,0.0
2020-02-13,279.34000000000003,0.0,0.0
2020-02-18,219.34,0.0,0.0
2020-02-19,284.34000000000003,0.0,0.0
2020-02-20,544.3399999999999,0.0,2666.84
2020-02-21,614.3399999999999,9099.34,0.0
2020-02-25,0.0,-2080.66,0.0
2020-02-26,-3430.66,-1900.66,-1500.66
2020-02-27,-3660.66,0.0,0.0
2020-03-02,0.0,0.0,-98.82000000000016
2020-03-03,-4110.66,4068.6800000000003,2413.6800000000003
2020-03-04,0.0,0.0,-10.66
2020-03-05,-3220.66,0.0,906.8399999999999
2020-03-06,-3220.66,-7610.66,0.0
2020-03-08,0.0,0.0,-3860.66
2020-03-10,-3540.66,-1760.66,-3192.6400000000003
2020-03-11,2544.34,-1090.66,-7867.639999999999
2020-03-12,-3150.66,0.0,-8390.66
2020-03-13,0.0,0.0,-3540.66
2020-03-16,0.0,-9491.98,-10726.32
2020-03-17,0.0,-1211.3200000000002,0.0
2020-03-18,0.0,-8480.66,-6455.66
2020-03-19,0.0,0.0,-3701.9799999999996
2020-03-20,0.0,-10.66,1048.6800000000003
2020-03-23,0.0,-1805.66,0.0
2020-03-25,-5005.66,0.0,0.0
2020-03-26,3294.34,0.0,0.0
2020-03-29,0.0,0.0,8974.34
2020-03-31,0.0,0.0,2874.34
2020-04-01,0.0,11394.34,0.0
2020-04-02,1189.34,-1160.66,-1150.66
2020-04-03,0.0,-595.6600000000001,0.0
2020-04-07,2669.34,9117.36,0.0
2020-04-08,729.3399999999999,0.0,0.0
2020-04-09,-115.66000000000001,0.0,0.0
2020-04-13,864.3399999999999,0.0,0.0
2020-04-14,2874.34,0.0,0.0
2020-04-15,-0.6600000000000006,0.0,0.0
2020-04-16,-2070.66,0.0,0.0
2020-04-17,-1465.66,0.0,0.0
2020-04-20,-1850.66,0.0,0.0
2020-04-21,2409.34,9461.84,19921.84
2020-04-22,874.3399999999999,0.0,-705.7999999999998
2020-04-23,-3260.66,1509.34,442.3599999999999
2020-04-24,-2040.66,0.0,0.0
2020-04-27,-335.66,2096.1800000000003,0.0
2020-04-28,3264.34,1159.34,2991.84
2020-04-29,0.0,0.0,-1985.8000000000004
2020-04-30,-1455.66,0.0,-1302.64
2020-05-01,-2520.66,0.0,0.0
2020-05-04,0.0,-4471.32,0.0
2020-05-05,-770.6600000000001,244.34,1253.0199999999998
2020-05-06,0.0,0.0,826.8399999999999
2020-05-08,0.0,0.0,3169.34
2020-05-11,0.0,0.0,-10.66
2020-05-12,0.0,0.0,-1900.66
2020-05-13,0.0,1539.34,-2105.66
2020-05-14,1794.34,-695.6600000000001,0.0
2020-05-15,2684.34,-325.66,491.84
2020-05-18,314.34000000000003,0.0,0.0
2020-05-19,-1700.66,0.0,0.0
2020-05-20,619.3399999999999,0.0,0.0
2020-05-22,0.0,5828.68,4456.84
2020-05-26,0.0,988.02,1894.34
2020-05-27,0.0,0.0,-786.98
2020-05-28,0.0,2519.34,-2751.9800000000005
2020-05-29,0.0,0.0,-2341.9800000000005
2020-06-02,-1420.66,0.0,0.0
2020-06-04,-1050.66,0.0,2744.34
2020-06-05,939.3399999999999,0.0,-881.3200000000002
2020-06-08,1079.34,0.0,0.0
2020-06-09,1304.34,0.0,0.0
2020-06-10,-10.66,0.0,0.0
2020-06-11,5254.34,9334.34,6689.34
2020-06-12,0.0,0.0,-1105.66
2020-06-15,3604.34,-3020.66,0.0
2020-06-16,-1650.66,3854.34,-351.3200000000001
2020-06-17,-1530.66,0.0,0.0
2020-06-18,79.34,0.0,0.0
2020-06-19,1424.34,0.0,0.0
2020-06-23,-10.66,0.0,0.0
2020-06-24,0.0,3131.84,-10.66
2020-06-25,-1970.66,0.0,0.0
2020-06-26,3274.34,-10.66,-10.66
2020-06-29,-3030.66,0.0,0.0
2020-07-01,999.3399999999999,0.0,0.0
2020-07-06,-10.66,0.0,0.0
2020-07-07,0.0,13596.84,0.0
2020-07-08,-1770.66,0.0,0.0
2020-07-09,-2370.66,-10.66,0.0
2020-07-10,0.0,-10.66,0.0
2020-07-13,-2100.66,3556.84,16101.84
2020-07-14,844.3399999999999,0.0,0.0
2020-07-15,-720.6600000000001,-10.66,-4479.62
2020-07-16,-180.66,-2386.98,0.0
2020-07-17,-950.6600000000001,0.0,-128.82000000000002
2020-07-20,0.0,-10.66,0.0
2020-07-21,1524.34,2665.5200000000004,5989.34
2020-07-22,-2130.66,-1735.66,-1260.66
2020-07-23,4004.34,-1225.66,-1430.66
2020-07-26,0.0,0.0,-1685.66
2020-07-27,1069.34,-725.6600000000001,0.0
2020-07-28,634.3399999999999,-61.320000000000164,0.0
2020-07-30,1324.34,0.0,-10.66
2020-07-31,-3320.66,0.0,2151.84
2020-08-03,-80.66000000000001,0.0,0.0
2020-08-04,454.34,0.0,0.0
2020-08-07,1404.34,9089.34,4496.84
2020-08-10,-10.66,-505.66,0.0
2020-08-11,994.3399999999999,-1676.3200000000002,-621.32
2020-08-12,2299.34,-361.32000000000005,0.0
2020-08-13,-1370.66,0.0,3114.34
2020-08-14,0.0,-1996.3200000000002,-1061.3200000000002
2020-08-18,-70.66,2666.84,2848.68
2020-08-19,-1850.66,221.84,-1555.66
2020-08-21,0.0,2479.34,0.0
2020-08-24,0.0,748.6800000000001,5494.34
2020-08-25,1419.34,0.0,0.0
2020-08-26,3164.34,0.0,0.0
2020-08-27,-1345.66,5686.18,4621.84
2020-08-28,-540.6600000000001,0.0,0.0
2020-09-02,-10.66,3536.1800000000003,4018.6800000000003
2020-09-03,7424.34,-930.6600000000001,-1656.9800000000002
2020-09-07,0.0,0.0,-480.66
2020-09-08,-5190.66,0.0,-960.6600000000001
2020-09-10,0.0,0.0,-10.66
2020-09-11,-1745.66,-4965.66,0.0
2020-09-14,0.0,0.0,-6.98
2020-09-15,-1590.66,0.0,0.0
2020-09-16,0.0,0.0,2476.84
2020-09-17,224.34,-3220.66,0.0
2020-09-18,2434.34,-1705.66,-1055.66
2020-09-21,-3650.66,-10.66,0.0
2020-09-22,-2860.66,0.0,0.0
2020-09-23,4674.34,4034.34,2886.84
2020-09-24,0.0,-1001.32,0.0
2020-09-28,-1880.66,5106.84,0.0
2020-09-30,-470.66,0.0,0.0
2020-10-01,-1340.66,0.0,0.0
2020-10-02,-4780.66,-10.66,0.0
2020-10-06,-1370.66,-10.66,0.0
2020-10-07,629.3399999999999,0.0,0.0
2020-10-08,-485.66,0.0,0.0
2020-10-09,1569.34,0.0,0.0
2020-10-12,2124.34,0.0,0.0
2020-10-15,289.34000000000003,7254.34,0.0
2020-10-16,1784.34,623.6799999999998,0.0
2020-10-19,0.0,-2075.66,17309.34
2020-10-20,-2830.66,-1841.3200000000002,0.0
2020-10-21,-1915.66,-2356.32,-4136.32
2020-10-22,-10.66,-1200.66,-10.66
2020-10-23,-2050.66,-605.6600000000001,-2111.32
2020-10-26,-3310.66,-3311.3199999999997,-1255.66
2020-10-27,-30.659999999999997,0.0,-1676.3200000000002
2020-10-28,2684.34,-2540.66,-1445.66
2020-10-29,1264.34,1231.84,0.0
2020-10-30,2434.34,0.0,0.0
2020-11-02,-2360.66,-2215.66,-906.98
2020-11-03,0.0,3526.1800000000003,4369.86
2020-11-04,0.0,0.0,-1230.66
2020-11-05,-260.65999999999997,0.0,0.0
2020-11-06,0.0,2803.0200000000004,0.0
2020-11-09,4179.34,-1234.4800000000002,6753.68
2020-11-10,-725.6600000000001,0.0,0.0
2020-11-11,1179.34,0.0,0.0
2020-11-12,0.0,1046.1799999999998,0.0
2020-11-13,-65.66,0.0,0.0
2020-11-16,399.34,0.0,0.0
2020-11-17,-265.65999999999997,0.0,0.0
2020-11-18,-1650.66,0.0,0.0
2020-11-25,124.33999999999999,0.0,0.0
2020-12-03,-935.6600000000001,0.0,0.0
2020-12-07,239.34,0.0,0.0
2020-12-09,0.0,8721.84,13041.84
2020-12-10,1139.34,0.0,0.0
2020-12-11,-0.6600000000000006,0.0,-1020.6600000000001
2020-12-14,-1230.66,1981.84,-351.46000000000026
2020-12-15,-10.66,0.0,849.3399999999999
2020-12-18,694.3399999999999,0.0,4069.34
2020-12-21,169.34,-1041.98,-2255.66
2020-12-22,-1480.66,-1226.98,-1161.3200000000002
2020-12-23,-10.66,-1546.3200000000002,0.0
2020-12-28,-1260.66,0.0,0.0
2021-01-04,0.0,1329.34,-0.6600000000000006
2021-01-05,864.3399999999999,-565.6600000000001,-2160.66
2021-01-06,-545.6600000000001,-3106.3199999999997,-226.32
2021-01-07,1739.34,0.0,206.84
2021-01-08,-2120.66,0.0,5371.84
2021-01-11,0.0,0.0,-1835.66
2021-01-12,0.0,0.0,-1906.3200000000002
2021-01-13,0.0,0.0,-10.66
2021-01-15,0.0,474.34,-1730.66
2021-01-19,829.3399999999999,-825.6600000000001,496.17999999999984
2021-01-20,1569.34,0.0,0.0
2021-01-21,0.0,8864.34,8114.34
2021-01-22,-500.66,-886.32,0.0
2021-01-25,0.0,2029.34,1074.34
2021-01-26,-890.6600000000001,0.0,0.0
2021-01-27,1089.34,-1850.66,-5055.66
2021-01-28,0.0,321.84,0.0
2021-01-29,-10.66,0.0,0.0
2021-02-01,2189.34,0.0,-850.6600000000001
2021-02-02,664.3399999999999,0.0,0.0
2021-02-03,839.3399999999999,0.0,6184.34
2021-02-04,-2730.66,0.0,-570.6600000000001
2021-02-05,-1960.66,0.0,0.0
2021-02-08,-1455.66,0.0,0.0
2021-02-09,-480.66,0.0,0.0
2021-02-10,1049.34,0.0,3969.34
2021-02-11,0.0,0.0,-841.32
2021-02-16,564.3399999999999,0.0,679.3399999999999
2021-02-17,244.34,0.0,-1080.66
2021-02-18,-1900.66,0.0,-340.66
2021-02-19,1029.34,0.0,-865.6600000000001
2021-02-22,0.0,6394.34,0.0
2021-02-23,-5590.66,0.0,0.0
2021-02-24,2724.34,0.0,-4036.3199999999997
2021-02-25,0.0,-10.66,-3920.66
2021-02-26,-3020.66,-1790.66,0.0
2021-03-02,2639.34,0.0,0.0
2021-03-03,4474.34,-4350.66,-10.66
2021-03-04,0.0,0.0,-4015.66
2021-03-05,-5165.66,0.0,0.0
2021-03-08,3759.34,-2731.3199999999997,0.0
2021-03-09,2014.34,0.0,0.0
2021-03-10,1884.34,-2318.3,0.0
2021-03-11,444.34,0.0,0.0
2021-03-17,0.0,-10.66,0.0
2021-03-18,0.0,-1985.66,0.0
2021-03-19,-490.66,-1671.3200000000002,0.0
2021-03-22,1109.34,0.0,0.0
2021-03-23,754.3399999999999,2833.6800000000003,0.0
2021-03-24,3604.34,0.0,0.0
2021-03-25,-4170.66,0.0,4141.84
2021-03-26,-2410.66,-1305.66,0.0
2021-03-29,-860.6600000000001,-73.82000000000016,0.0
2021-03-30,-2015.66,-1110.66,0.0
2021-03-31,1124.34,0.0,0.0
2021-04-01,149.34,0.0,0.0
2021-04-05,2084.34,0.0,0.0
2021-04-07,0.0,12199.86,0.0
2021-04-09,0.0,1051.84,0.0
2021-04-14,0.0,2626.84,0.0
2021-04-20,0.0,-3220.66,0.0
2021-04-22,-1340.66,0.0,0.0
2021-04-23,1904.34,0.0,0.0
2021-04-27,714.3399999999999,0.0,0.0
2021-04-29,-10.66,0.0,0.0
2021-04-30,-925.6600000000001,0.0,0.0
2021-05-03,899.3399999999999,106.83999999999999,0.0
2021-05-04,1014.3399999999999,0.0,17476.84
2021-05-05,1064.34,-1060.66,-1685.66
2021-05-06,869.3399999999999,0.0,-895.6600000000001
2021-05-10,3164.34,1206.84,-10.66
2021-05-11,2539.34,-995.6600000000001,-1806.3200000000002
2021-05-12,0.0,0.0,-1591.3200000000002
2021-05-13,-2040.66,0.0,-1465.66
2021-05-14,2319.34,0.0,0.0
2021-05-17,0.0,0.0,2451.84
2021-05-18,-1960.66,0.0,-2398.96
2021-05-19,2759.34,0.0,0.0
2021-05-20,1604.34,0.0,-10.66
2021-05-21,1449.34,0.0,5504.34
2021-05-24,954.3399999999999,0.0,-10.66
2021-05-25,-95.66000000000001,0.0,-491.98000000000025
2021-05-31,0.0,0.0,-10.66
2021-06-01,0.0,0.0,1046.84
2021-06-03,0.0,0.0,-1105.66
2021-06-06,0.0,0.0,-987.6399999999999
2021-06-07,0.0,0.0,-1088.3000000000002
2021-06-08,0.0,0.0,1301.84
2021-06-09,749.3399999999999,0.0,0.0
2021-06-10,349.34,0.0,-1460.66
2021-06-15,439.34,0.0,0.0
2021-06-16,0.0,0.0,-10.66
2021-06-17,2304.34,0.0,0.0
2021-06-22,1049.34,0.0,0.0
2021-06-24,-980.6600000000001,0.0,0.0
2021-06-28,649.3399999999999,0.0,0.0
2021-07-12,-795.6600000000001,0.0,0.0
2021-07-14,474.34,0.0,0.0
2021-07-15,-485.66,0.0,0.0
2021-07-19,-1780.66,27239.340000000004,9391.84
2021-07-20,0.0,-10.66,-814.4800000000001
2021-07-21,1279.34,0.0,0.0
2021-07-22,719.3399999999999,0.0,0.0
2021-07-26,79.34,0.0,0.0
2021-07-27,1839.34,5324.34,5894.34
2021-07-28,0.0,-839.4800000000002,-10.66
2021-07-29,0.0,0.0,-1855.66
2021-07-30,369.34,-3395.66,0.0
2021-08-02,-0.6600000000000006,-1885.66,0.0
2021-08-03,-1880.66,0.0,64.34
2021-08-04,-435.66,0.0,0.0
2021-08-05,734.3399999999999,0.0,0.0
2021-08-10,989.3399999999999,0.0,0.0
2021-08-11,704.3399999999999,0.0,-10.66
2021-08-12,0.0,-10.66,0.0
2021-08-13,0.0,498.6799999999999,0.0
2021-08-16,324.34,-540.6600000000001,-10.66
2021-08-17,-2310.66,0.0,-520.6600000000001
2021-08-18,-1770.66,-2631.32,-3797.6400000000003
2021-08-19,1219.34,-1171.3200000000002,0.0
2021-08-20,-10.66,0.0,-1245.66
2021-08-23,2114.34,0.0,0.0
2021-08-24,-195.66,0.0,0.0
2021-08-26,0.0,0.0,7426.84
2021-08-30,1069.34,0.0,0.0
2021-09-01,-1680.66,0.0,0.0
2021-09-03,229.34,0.0,0.0
2021-09-08,-605.6600000000001,0.0,0.0
2021-09-10,0.0,11504.34,3091.84
2021-09-13,364.34,0.0,0.0
2021-09-14,1139.34,-761.32,-2936.9800000000005
2021-09-15,-3350.66,0.0,-981.98
2021-09-16,-2240.66,0.0,-2854.62
2021-09-17,1389.34,949.3399999999999,-561.32
2021-09-21,-475.66,-2192.6400000000003,-3881.98
2021-09-22,0.0,1244.34,0.0
2021-09-23,794.3399999999999,0.0,0.0
2021-09-24,1159.34,0.0,0.0
2021-09-27,0.0,-193.8200000000001,0.0
2021-09-28,3274.34,0.0,194.34
2021-09-29,-2000.66,-1120.66,-3206.32
2021-09-30,0.0,-3566.3199999999997,-4781.98
2021-10-01,-3320.66,0.0,0.0
2021-10-04,2554.34,-10.66,-2860.66
2021-10-05,1039.34,-755.6600000000001,0.0
2021-10-06,1894.34,0.0,399.34
2021-10-07,-1860.66,0.0,0.0
2021-10-08,199.34,0.0,4184.34
2021-10-11,-2505.66,0.0,-740.6600000000001
2021-10-12,689.3399999999999,-10.66,-1750.66
2021-10-18,3489.34,0.0,0.0
2021-10-19,884.3399999999999,0.0,0.0
2021-10-20,-1100.66,0.0,0.0
2021-10-21,1699.34,0.0,0.0
2021-10-22,0.0,0.0,13476.84
2021-10-26,-2800.66,0.0,-21.32
2021-10-27,-10.66,0.0,0.0
2021-10-29,2824.34,0.0,1164.34
2021-11-01,-2325.66,0.0,816.8399999999999
2021-11-02,49.34,0.0,0.0
2021-11-04,2619.34,0.0,0.0
2021-11-07,0.0,0.0,8426.84
2021-11-08,0.0,0.0,-1496.3200000000002
2021-11-09,2179.34,0.0,226.84
2021-11-10,729.3399999999999,26379.340000000004,-3000.66
2021-11-11,224.34,-660.6600000000001,-2011.3200000000002
2021-11-12,0.0,0.0,-1476.98
2021-11-15,0.0,-329.4800000000002,836.18
2021-11-16,464.34,-630.6600000000001,-1126.3200000000002
2021-11-17,-1210.66,1540.52,0.0
2021-11-18,-1980.66,229.34,0.0
2021-11-19,-160.66,0.0,0.0
2021-11-22,-2450.66,4996.18,8579.34
2021-11-23,-3150.66,0.0,0.0
2021-11-24,0.0,0.0,-900.6600000000001
2021-11-26,0.0,-340.66,-3676.3199999999997
2021-11-29,1799.34,0.0,-635.6600000000001
2021-11-30,2384.34,0.0,-288.81999999999994
2021-12-01,7359.34,-5600.66,-10.66
2021-12-02,-180.66,-1470.66,-1930.66
2021-12-03,4004.34,0.0,-1786.9800000000002
2021-12-07,2539.34,0.0,7591.18
2021-12-08,0.0,0.0,36.84
2021-12-09,0.0,0.0,-2075.66
2021-12-10,0.0,0.0,-1270.66
2021-12-13,2704.34,0.0,-10.66
2021-12-14,-4170.66,3174.34,0.0
2021-12-15,-2740.66,0.0,-1110.66
2021-12-16,7379.34,-1766.3200000000002,1085.5199999999998
2021-12-17,0.0,-1320.66,0.0
2021-12-19,0.0,0.0,-2370.66
2021-12-21,-2790.66,-1208.8200000000002,-651.32
2021-12-22,3164.34,0.0,0.0
2021-12-23,694.3399999999999,0.0,0.0
2021-12-27,1729.34,0.0,0.0
2021-12-28,-55.66,16559.34,0.0
2021-12-29,0.0,-930.6600000000001,0.0
2021-12-30,0.0,-1236.3200000000002,0.0
2021-12-31,0.0,0.0,12119.34
2022-01-03,0.0,-1865.66,-1526.98
2022-01-04,2824.34,-2170.66,-2405.66
2022-01-05,6099.34,0.0,0.0
2022-01-06,0.0,0.0,-1420.66
2022-01-07,564.3399999999999,0.0,-6206.98
2022-01-10,-4790.66,0.0,0.0
2022-01-11,4219.34,266.84000000000003,236.17999999999984
2022-01-13,0.0,471.84,471.84
2022-01-14,214.34,0.0,0.0
2022-01-17,0.0,-870.6600000000001,0.0
2022-01-18,529.3399999999999,0.0,-2565.66
2022-01-19,0.0,0.0,-2780.66
2022-01-20,-2440.66,-1590.66,-684.4800000000002
2022-01-21,0.0,0.0,-5580.66
2022-01-24,2399.34,0.0,-1220.66
2022-01-25,-3920.66,-4806.98,-5966.32
2022-01-26,-4610.66,-7475.66,-6575.66
2022-01-27,4069.34,-2915.66,-10.66
2022-01-28,0.0,-4211.9800000000005,-3585.66
2022-01-31,5769.34,0.0,0.0
2022-02-01,-3930.66,0.0,0.0
2022-02-02,-1660.66,0.0,13441.18
2022-02-03,0.0,10709.34,0.0
2022-02-04,0.0,-1275.66,-6555.66
2022-02-06,0.0,0.0,-1025.66
2022-02-07,-3450.66,-2851.32,-10.66
2022-02-08,2349.34,-1851.3200000000002,0.0
2022-02-09,1329.34,0.0,0.0
2022-02-10,-3930.66,-2831.3199999999997,-1581.3199999999997
2022-02-11,8014.34,0.0,0.0
2022-02-14,-3830.66,0.0,0.0
2022-02-15,1299.34,-1495.66,0.0
2022-02-16,-2530.66,-731.3200000000002,0.0
2022-02-17,0.0,0.0,-10.66
2022-02-18,1204.34,0.0,0.0
2022-02-22,-2860.66,-3905.66,0.0
2022-02-23,0.0,-3965.66,-3175.66
2022-02-24,11739.34,0.0,0.0
2022-02-25,-3920.66,0.0,1216.18
2022-02-27,0.0,0.0,-3305.66
2022-02-28,1784.34,1814.34,0.0
2022-03-01,0.0,-5211.98,-10.66
2022-03-02,-3100.66,0.0,-1380.66
2022-03-03,4134.34,-2581.3199999999997,-3586.3199999999997
2022-03-08,-4850.66,-2645.66,-2250.66
2022-03-10,-2805.66,-1555.66,0.0
2022-03-11,0.0,-1086.3200000000002,-10.66
2022-03-14,2564.34,0.0,-2350.66
2022-03-16,-3300.66,0.0,5551.84
2022-03-17,2794.34,0.0,0.0
2022-03-18,6059.34,0.0,0.0
2022-03-22,2474.34,0.0,0.0
2022-03-23,-10.66,0.0,0.0
2022-03-24,-2280.66,0.0,0.0
2022-03-25,-1965.66,0.0,0.0
2022-03-28,1594.34,0.0,0.0
2022-03-29,-40.66,0.0,0.0
2022-03-30,614.3399999999999,0.0,0.0
2022-03-31,2184.34,0.0,0.0
2022-04-01,-860.6600000000001,32856.840000000004,22786.840000000004
2022-04-05,0.0,2179.34,4596.84
2022-04-06,579.3399999999999,0.0,0.0
2022-04-07,-1680.66,-4431.32,-2250.66
2022-04-08,-185.66,-965.6600000000001,251.18
2022-04-11,1584.34,0.0,0.0
2022-04-12,2894.34,-3520.66,-2821.32
2022-04-13,3484.34,0.0,-2131.9800000000005
2022-04-14,4849.34,-10.66,-10.66
2022-04-18,-3350.66,0.0,0.0
2022-04-20,2469.34,2411.84,2161.84
2022-04-21,0.0,-4120.66,1626.1799999999998
2022-04-22,5619.34,0.0,0.0
2022-04-25,2754.34,0.0,0.0
2022-04-26,6049.34,-10.66,-10.66
2022-04-27,-5130.66,-2300.66,-4046.3199999999997
2022-04-28,-4170.66,0.0,0.0
2022-04-29,-5910.66,-5740.66,-10.66
2022-05-04,-10.66,-1820.66,0.0
2022-05-05,7799.34,-10.66,1079.34
2022-05-06,0.0,-2455.66,0.0
2022-05-10,104.33999999999999,0.0,399.34
2022-05-11,2419.34,-7995.66,-4773.82
2022-05-13,0.0,-720.6600000000001,-10.66
2022-05-15,0.0,0.0,-591.32
2022-05-16,-2385.66,-3125.14,-3561.98
2022-05-17,514.3399999999999,1626.84,0.0
2022-05-18,7164.34,-1735.66,-10.66
2022-05-19,-3115.66,0.0,-1980.66
2022-05-20,1394.34,0.0,414.34
2022-05-23,0.0,0.0,-3204.48
2022-05-24,-1350.66,-1470.66,-2835.66
2022-05-25,1189.34,-1043.8200000000002,-651.32
2022-05-26,3469.34,0.0,0.0
2022-05-27,2979.34,0.0,0.0
2022-05-31,-2760.66,12906.84,15336.84
2022-06-01,0.0,-1166.3200000000002,-4340.66
2022-06-02,6514.34,0.0,-1285.66
2022-06-03,0.0,0.0,-10.66
2022-06-06,744.3399999999999,-905.6600000000001,1306.84
2022-06-07,3524.34,0.0,0.0
2022-06-08,-2725.66,734.3399999999999,0.0
2022-06-09,4459.34,-2715.66,-3105.66
2022-06-10,1309.34,0.0,0.0
2022-06-14,-3140.66,0.0,0.0
2022-06-15,-2400.66,-21.32,1894.34
2022-06-16,1354.34,-5745.66,-4900.66
2022-06-17,-740.6600000000001,0.0,-4056.3199999999997
2022-06-21,-1010.6600000000001,0.0,0.0
2022-06-22,-855.6600000000001,0.0,0.0
2022-06-27,-265.65999999999997,0.0,0.0
2022-06-28,0.0,13371.84,12174.34
2022-06-30,-5230.66,-3726.3199999999997,0.0
2022-07-01,0.0,-5506.32,0.0
2022-07-05,0.0,-1750.66,0.0
2022-07-07,1869.34,0.0,0.0
2022-07-08,754.3399999999999,9594.34,0.0
2022-07-11,-390.66,-2015.66,0.0
2022-07-12,0.0,-2365.66,0.0
2022-07-13,1174.34,-785.6600000000001,651.8399999999999
2022-07-14,0.0,-3195.66,0.0
2022-07-15,-10.66,0.0,0.0
2022-07-18,3059.34,6709.34,0.0
2022-07-20,2159.34,918.6800000000001,0.0
2022-07-21,0.0,-10.66,0.0
2022-07-22,0.0,976.8399999999999,0.0
2022-07-25,-615.6600000000001,0.0,0.0
2022-07-26,1549.34,0.0,0.0
2022-07-27,4939.34,-10.66,0.0
2022-07-28,-2870.66,-1435.66,0.0
2022-08-01,224.34,7031.84,0.0
2022-08-02,-515.6600000000001,-3429.4799999999996,0.0
2022-08-03,3149.34,0.0,0.0
2022-08-04,-2790.66,0.0,0.0
2022-08-05,-355.66,0.0,0.0
2022-08-08,-4170.66,2611.84,0.0
2022-08-09,-625.6600000000001,0.0,0.0
2022-08-11,1979.34,6168.02,0.0
2022-08-15,964.3399999999999,0.0,0.0
2022-08-16,-2060.66,4226.18,0.0
2022-08-17,-1675.66,-830.6600000000001,0.0
2022-08-19,1609.34,-2450.66,0.0
2022-08-22,1619.34,0.0,22556.840000000004
2022-08-23,-1905.66,-940.6600000000001,-2125.66
2022-08-24,-145.66,-385.66,0.0
2022-08-25,0.0,1133.6799999999998,0.0
2022-08-26,8249.34,-3263.8199999999997,2484.34
2022-08-30,3009.34,0.0,-2615.66
2022-08-31,1619.34,0.0,-2141.32
2022-09-01,1089.34,0.0,-830.6600000000001
2022-09-02,3474.34,-1178.82,-281.9800000000001
2022-09-06,194.34,-3551.9800000000005,-755.1400000000002
2022-09-07,2429.34,0.0,-10.66
2022-09-08,0.0,1876.84,-616.32
2022-09-09,1734.34,0.0,0.0
2022-09-12,699.3399999999999,0.0,0.0
2022-09-13,4859.34,4364.34,8716.84
2022-09-14,0.0,0.0,-345.66
2022-09-15,-10.66,0.0,-3802.6400000000003
2022-09-18,0.0,0.0,-1105.66
2022-09-19,2194.34,0.0,0.0
2022-09-20,-870.6600000000001,0.0,-10.66
2022-09-21,-1570.66,-6146.32,-4421.98
2022-09-22,744.3399999999999,0.0,0.0
2022-09-23,-10.66,0.0,0.0
2022-09-26,-3470.66,-1240.66,-3151.32
2022-09-27,0.0,-10.66,-74.48000000000025
2022-09-28,0.0,-1305.66,0.0
2022-09-29,659.3399999999999,-2015.66,-10.66
2022-09-30,1609.34,-1010.6600000000001,-4951.98
2022-10-03,0.0,1819.34,0.0
2022-10-04,1069.34,0.0,0.0
2022-10-05,1514.34,0.0,4666.84
2022-10-07,3499.34,-4915.66,-3180.66
2022-10-10,114.33999999999999,0.0,0.0
2022-10-11,-2990.66,-3356.32,-3400.66
2022-10-12,0.0,-1030.66,-1145.66
2022-10-13,0.0,1756.84,-2851.3199999999997
2022-10-14,0.0,801.8399999999999,-274.48000000000013
2022-10-17,-325.66,0.0,1254.34
2022-10-18,1919.34,0.0,-3450.1400000000003
2022-10-19,-3790.66,0.0,-2670.66
2022-10-20,-250.66,0.0,-10.66
2022-10-21,4454.34,0.0,0.0
2022-10-24,739.3399999999999,0.0,0.0
2022-10-25,1494.34,0.0,0.0
2022-10-26,-10.66,0.0,0.0
2022-10-27,1674.34,0.0,6736.84
2022-10-28,4064.34,0.0,0.0
2022-10-30,0.0,0.0,-1016.3200000000002
2022-10-31,-320.66,0.0,-665.1400000000001
2022-11-01,3994.34,0.0,-2190.66
2022-11-02,4444.34,-10.66,-3280.66
2022-11-03,979.3399999999999,0.0,0.0
2022-11-04,-3050.66,-4580.66,-1455.66
2022-11-07,0.0,-955.6600000000001,0.0
2022-11-08,-2290.66,5211.84,0.0
2022-11-09,2459.34,0.0,-10.66
2022-11-10,0.0,0.0,-1121.3200000000002
2022-11-11,0.0,0.0,623.0199999999998
2022-11-14,-1525.66,0.0,0.0
2022-11-15,1514.34,0.0,4014.34
2022-11-16,359.34,0.0,-2575.66
2022-11-17,1974.34,0.0,0.0
2022-11-18,-150.66,0.0,-1900.66
2022-11-21,329.34,0.0,0.0
2022-11-23,479.34,0.0,0.0
2022-11-27,0.0,0.0,1346.84
2022-11-29,0.0,0.0,-550.6600000000001
2022-11-30,0.0,0.0,-1247.64
2022-12-01,-2530.66,0.0,600.52
2022-12-02,1404.34,0.0,-2040.66
2022-12-05,0.0,0.0,-1740.66
2022-12-06,3194.34,0.0,0.0
2022-12-08,0.0,0.0,-813.82
2022-12-09,-1960.66,0.0,-10.66
2022-12-13,3629.34,0.0,6933.68
2022-12-14,-2940.66,0.0,-478.8200000000001
2022-12-15,2239.34,0.0,-5415.66
2022-12-16,-10.66,-10.66,0.0
2022-12-19,1224.34,0.0,-465.66
2022-12-20,124.33999999999999,0.0,0.0
2022-12-21,1339.34,0.0,0.0
2022-12-22,269.34000000000003,274.34000000000003,-2640.66
2022-12-23,0.0,0.0,-3076.3199999999997
2022-12-27,189.34,-1875.66,-3525.66
2022-12-28,0.0,-1880.66,-1880.66
2022-12-29,1634.34,0.0,3439.34
2022-12-30,1129.34,-2510.66,-2553.3
2023-01-02,0.0,0.0,-10.66
2023-01-03,0.0,-980.6600000000001,2888.6800000000003
2023-01-04,-1635.66,448.67999999999995,-1406.98
2023-01-05,34.34,-2566.32,-2630.66
2023-01-06,0.0,-1625.66,0.0
2023-01-09,-10.66,0.0,0.0
2023-01-10,-10.66,0.0,5318.68
2023-01-11,1789.34,0.0,0.0
2023-01-12,-3950.66,0.0,2134.34
2023-01-13,2474.34,0.0,0.0
2023-01-18,3509.34,0.0,0.0
2023-01-19,0.0,10459.34,0.0
2023-01-23,2974.34,0.0,0.0
2023-01-24,-215.66,0.0,0.0
2023-01-25,-2190.66,5469.34,0.0
2023-01-26,-10.66,148.67999999999984,0.0
2023-01-27,1869.34,0.0,0.0
2023-01-30,-2060.66,2714.34,0.0
2023-01-31,1879.34,-10.66,0.0
2023-02-01,0.0,-638.82,0.0
2023-02-02,-10.66,-48.820000000000164,0.0
2023-02-03,-2065.66,-3425.66,0.0
2023-02-06,-2530.66,-4765.66,18238.68
2023-02-07,-10.66,-21.32,1166.84
2023-02-08,0.0,-10.66,0.0
2023-02-09,4234.34,0.0,-3395.66
2023-02-13,0.0,-605.6600000000001,-530.6600000000001
2023-02-14,1754.34,-800.6600000000001,-1756.32
2023-02-15,2119.34,0.0,0.0
2023-02-16,-1870.66,0.0,-10.66
2023-02-17,-1505.66,-2895.66,0.0
2023-02-21,-1890.66,-3265.66,0.0
2023-02-22,-1540.66,-1750.66,0.0
2023-02-23,-10.66,-910.6600000000001,-1881.9799999999998
2023-02-24,0.0,0.0,-415.66
2023-02-27,294.34000000000003,0.0,693.6799999999998
2023-02-28,-10.66,1066.1799999999998,-696.32
2023-03-01,314.34000000000003,0.0,0.0
2023-03-02,3304.34,0.0,-466.98
2023-03-03,0.0,0.0,1618.02
2023-03-06,-1730.66,6475.52,37.21999999999963
2023-03-07,0.0,0.0,-1400.8000000000002
2023-03-08,-1880.66,-1580.66,-1245.66
2023-03-09,-2350.66,461.17999999999984,-1160.66
2023-03-10,1204.34,0.0,-3530.66
2023-03-13,0.0,-10.66,-1831.3200000000002
2023-03-14,1099.34,0.0,0.0
2023-03-15,1844.34,0.0,0.0
2023-03-16,6754.34,0.0,0.0
2023-03-17,-2570.66,0.0,0.0
2023-03-21,944.3399999999999,0.0,0.0
2023-03-22,-1130.66,0.0,0.0
2023-03-23,-10.66,0.0,0.0
2023-03-24,-2900.66,0.0,0.0
2023-03-27,1244.34,0.0,0.0
2023-03-28,-1640.66,8431.84,0.0
2023-03-29,664.3399999999999,0.0,0.0
2023-03-30,-1235.66,2523.6800000000003,0.0
2023-03-31,3064.34,4554.34,0.0
2023-04-03,-1990.66,-2956.32,0.0
2023-04-04,-1220.66,-1171.3200000000002,0.0
2023-04-05,919.3399999999999,0.0,0.0
2023-04-06,0.0,-1390.66,0.0
2023-04-10,0.0,-2105.66,0.0
2023-04-11,564.3399999999999,0.0,0.0
2023-04-12,2674.34,-2441.9800000000005,0.0
2023-04-13,2264.34,0.0,0.0
2023-04-14,-2750.66,-1121.3200000000002,0.0
2023-04-17,0.0,-1591.3200000000002,0.0
2023-04-18,1244.34,-1151.3200000000002,0.0
2023-04-19,724.3399999999999,-2616.98,0.0
2023-04-20,-665.6600000000001,-875.6600000000001,0.0
2023-04-21,-1440.66,-276.32,0.0
2023-04-25,0.0,-1155.66,0.0
2023-04-26,259.34000000000003,-10.66,0.0
2023-04-27,3069.34,0.0,0.0
2023-04-28,0.0,1726.84,0.0
2023-05-01,-1060.66,0.0,0.0
2023-05-02,1584.34,1244.34,0.0
2023-05-03,-1160.66,-10.66,0.0
2023-05-04,-1610.66,0.0,0.0
2023-05-05,2924.34,-570.6600000000001,0.0
2023-05-08,-1300.66,-370.66,0.0
2023-05-09,-890.6600000000001,-526.32,0.0
2023-05-10,-485.66,-900.6600000000001,0.0
2023-05-12,919.3399999999999,-10.66,0.0
2023-05-15,-1140.66,0.0,0.0
2023-05-16,-365.66,0.0,0.0
2023-05-17,-860.6600000000001,1984.34,0.0
2023-05-18,3159.34,5064.34,0.0
2023-05-19,0.0,22.3599999999999,0.0
2023-05-22,-460.66,-835.8000000000002,0.0
2023-05-23,0.0,-1490.66,0.0
2023-05-24,-805.6600000000001,0.0,0.0
2023-05-26,4724.34,0.0,0.0
2023-05-30,0.0,7929.860000000001,0.0
2023-05-31,-2150.66,-2361.32,0.0
2023-06-05,-1065.66,0.0,0.0
2023-06-06,0.0,2463.6800000000003,0.0
2023-06-07,0.0,44.34,0.0
2023-06-08,2119.34,-335.66,0.0
2023-06-09,-2050.66,973.02,0.0
2023-06-13,0.0,9286.84,0.0
2023-06-14,-1970.66,1671.84,0.0
2023-06-15,3864.34,0.0,0.0
2023-06-16,1269.34,0.0,0.0
2023-06-20,0.0,-101.32000000000005,0.0
2023-06-21,0.0,-640.6600000000001,0.0
2023-06-22,3299.34,0.0,0.0
2023-06-23,-870.6600000000001,-1901.3200000000002,0.0
2023-06-26,-2330.66,0.0,56031.840000000004
2023-06-27,2229.34,0.0,-876.32
2023-06-28,499.34,0.0,759.1999999999998
2023-06-29,0.0,1396.18,-1240.66
2023-06-30,634.3399999999999,0.0,4161.18
2023-07-05,0.0,3929.34,-1845.8000000000002
2023-07-06,0.0,-3295.66,0.0
2023-07-07,0.0,-541.32,-1545.66
2023-07-10,0.0,0.0,-1915.66
2023-07-11,-275.65999999999997,-830.6600000000001,0.0
2023-07-12,-1410.66,3544.34,0.0
2023-07-13,1484.34,0.0,0.0
2023-07-14,-2950.66,5693.02,0.0
2023-07-17,929.3399999999999,0.0,0.0
2023-07-18,0.0,-10.66,0.0
2023-07-19,0.0,2656.1800000000003,0.0
2023-07-20,0.0,0.0,12716.84
2023-07-21,1944.34,0.0,0.0
2023-07-24,0.0,-1826.3200000000002,-1346.3200000000002
2023-07-25,104.33999999999999,0.0,0.0
2023-07-26,-2940.66,-10.66,-1856.3200000000002
2023-07-27,-2130.66,1514.34,-1245.66
2023-07-28,959.3399999999999,-10.66,0.0
2023-07-31,0.0,-1121.3200000000002,0.0
2023-08-01,-1520.66,-1391.3200000000002,1366.84
2023-08-02,1749.34,-2985.66,0.0
2023-08-03,-130.66,0.0,0.0
2023-08-04,-3490.66,-10.66,-3776.3199999999997
2023-08-07,-1940.66,0.0,-1386.98
2023-08-08,-10.66,-935.6600000000001,0.0
2023-08-09,-10.66,-1236.3200000000002,-416.32000000000005
2023-08-10,-3200.66,-2995.66,-401.32000000000005
2023-08-11,-625.6600000000001,-775.6600000000001,0.0
2023-08-14,3474.34,0.0,-1295.66
2023-08-15,0.0,-646.32,-10.66
2023-08-16,-2290.66,0.0,-1665.66
2023-08-17,2854.34,0.0,0.0
2023-08-18,1249.34,0.0,0.0
2023-08-21,1459.34,1268.6799999999998,971.1799999999998
2023-08-22,1104.34,1150.52,965.5200000000002
2023-08-23,2849.34,0.0,-10.66
2023-08-24,5979.34,5789.34,5074.34
2023-08-25,-2040.66,0.0,0.0
2023-08-28,-1070.66,-2401.98,0.0
2023-08-29,4959.34,0.0,0.0
2023-08-30,759.3399999999999,7289.34,0.0
2023-08-31,-1010.6600000000001,0.0,0.0
2023-09-01,-60.66,189.34,0.0
2023-09-04,0.0,-401.31999999999994,0.0
2023-09-05,454.34,-920.6600000000001,0.0
2023-09-06,259.34000000000003,-1500.66,6666.84
2023-09-07,979.3399999999999,0.0,0.0
2023-09-08,0.0,-478.82000000000005,-1678.8200000000002
2023-09-11,-2540.66,0.0,0.0
2023-09-12,-1610.66,-526.3200000000002,4331.84
2023-09-13,-550.6600000000001,0.0,0.0
2023-09-14,-2260.66,0.0,-10.66
2023-09-15,2899.34,-10.66,-10.66
2023-09-18,0.0,-886.3200000000002,-195.66
2023-09-19,-1470.66,-550.6600000000001,-1061.3200000000002
2023-09-20,4214.34,-2322.6400000000003,-1086.3200000000002
2023-09-22,-1800.66,-1181.3200000000002,-3286.32
2023-09-25,1514.34,-1381.3200000000002,-1336.3200000000002
2023-09-26,0.0,0.0,-2831.32
2023-09-27,0.0,-1220.66,-545.6600000000001
2023-09-28,0.0,-895.6600000000001,0.0
2023-09-29,1704.34,2218.6800000000003,0.0
2023-10-02,24.340000000000003,-3186.9800000000005,0.0
2023-10-03,-2050.66,-2256.32,-10.66
2023-10-04,1254.34,0.0,0.0
2023-10-05,-10.66,-10.66,-386.98
2023-10-06,0.0,-1485.66,-423.82000000000005
2023-10-09,0.0,-860.6600000000001,0.0
2023-10-12,-1550.66,5251.84,0.0
2023-10-13,2944.34,0.0,0.0
2023-10-16,-105.66000000000001,0.0,0.0
2023-10-17,-1260.66,-2345.66,0.0
2023-10-19,2344.34,-2780.66,-3322.64
2023-10-20,-10.66,0.0,-1630.66
2023-10-23,0.0,-1396.3200000000002,0.0
2023-10-24,-2250.66,0.0,133.02
2023-10-25,2719.34,-2005.66,-705.6600000000001
2023-10-26,2979.34,0.0,0.0
2023-10-27,-1710.66,0.0,-851.32
2023-10-30,-885.6600000000001,0.0,285.5199999999999
2023-11-01,-10.66,0.0,0.0
2023-11-02,804.3399999999999,0.0,0.0
2023-11-09,1729.34,0.0,17741.84
2023-11-10,4329.34,0.0,0.0
2023-11-12,0.0,0.0,-1002.7799999999999
2023-11-13,-1840.66,0.0,99.33999999999999
2023-11-14,314.34000000000003,0.0,818.6799999999998
2023-11-15,-10.66,0.0,-491.98000000000025
2023-11-16,-1230.66,0.0,-1581.3200000000002
2023-11-21,-880.6600000000001,0.0,1709.34
2023-11-24,0.0,0.0,-1435.66
2023-11-27,0.0,0.0,-1826.9800000000002
2023-11-29,0.0,0.0,1016.1800000000001
2023-11-30,0.0,0.0,-620.6600000000001
2023-12-01,0.0,0.0,-245.66
2023-12-04,-10.66,30479.340000000004,-2065.66
2023-12-05,-10.66,0.0,0.0
2023-12-06,1564.34,-10.66,-416.32000000000016
2023-12-07,594.3399999999999,0.0,-590.6600000000001
2023-12-08,1509.34,0.0,-621.98
2023-12-11,1484.34,0.0,0.0
2023-12-13,-10.66,0.0,0.0
2023-12-15,-570.6600000000001,0.0,0.0
2023-12-18,829.3399999999999,0.0,0.0
2023-12-19,394.34,0.0,0.0
2023-12-20,-1410.66,0.0,16431.84
2023-12-21,0.0,0.0,-1015.6600000000001
2023-12-22,-1320.66,0.0,0.0
2023-12-29,0.0,0.0,1866.84
2024-01-02,0.0,17731.84,0.0
2024-01-03,0.0,-1840.66,0.0
2024-01-04,-1585.66,0.0,0.0
2024-01-05,-2280.66,0.0,-680.6600000000001
2024-01-08,4164.34,0.0,-1190.66
2024-01-09,1979.34,19.34,-1492.64
2024-01-10,1109.34,0.0,0.0
2024-01-11,0.0,3121.1800000000003,2055.5200000000004
2024-01-12,-270.65999999999997,-965.6600000000001,-926.3200000000002
2024-01-16,-1900.66,-2626.32,-2441.32
2024-01-17,-2795.66,0.0,-1190.66
2024-01-18,-2110.66,2478.6800000000003,2449.34
2024-01-19,0.0,4131.84,0.0
2024-01-22,0.0,4420.52,8348.68
2024-01-23,0.0,-725.6600000000001,-995.6600000000001
2024-01-24,-80.66000000000001,2996.84,2233.6800000000003
2024-01-25,249.34,-1425.66,-1478.82
2024-01-26,-340.66,-750.6600000000001,-2366.32
2024-01-29,2169.34,0.0,-2243.96
2024-01-30,0.0,141.84,1316.84
2024-01-31,-2190.66,-6346.32,0.0
2024-02-01,-1750.66,0.0,-2756.32
2024-02-02,2864.34,0.0,0.0
2024-02-05,-10.66,5674.34,4601.84
2024-02-06,464.34,-10.66,0.0
2024-02-07,0.0,3414.34,0.0
2024-02-08,-260.65999999999997,-10.66,0.0
2024-02-12,-1760.66,3249.34,0.0
2024-02-13,-3180.66,0.0,2986.84
2024-02-14,-2730.66,-816.32,-1751.3200000000002
2024-02-15,-1780.66,-376.32000000000016,0.0
2024-02-16,-10.66,-1946.98,1664.34
2024-02-20,-650.6600000000001,0.0,0.0
2024-02-21,-10.66,-1785.66,0.0
2024-02-23,0.0,1781.84,0.0
2024-02-27,-1255.66,-1120.66,0.0
2024-02-28,-825.6600000000001,0.0,0.0
2024-02-29,0.0,-975.6600000000001,0.0
2024-03-01,3229.34,0.0,0.0
2024-03-04,289.34000000000003,0.0,0.0
2024-03-05,1414.34,2974.34,9064.34
2024-03-06,-2300.66,336.84,-1901.3200000000002
2024-03-07,1124.34,0.0,0.0
2024-03-08,4514.34,3884.34,-10.66
2024-03-13,389.34,0.0,0.0
2024-03-15,469.34,-3895.66,0.0
2024-03-18,-2490.66,0.0,0.0
2024-03-20,-2510.66,0.0,0.0
2024-03-21,1574.34,0.0,0.0
2024-03-25,-1560.66,0.0,0.0
2024-03-27,-790.6600000000001,0.0,0.0
2024-04-02,-1880.66,-160.66,0.0
2024-04-03,-10.66,-10.66,0.0
2024-04-04,8844.34,189.34,0.0
2024-04-09,-1620.66,-2436.32,0.0
2024-04-10,-600.6600000000001,-4291.32,0.0
2024-04-11,-1960.66,0.0,0.0
2024-04-12,0.0,2039.34,0.0
2024-04-15,7279.34,0.0,-6265.66
2024-04-17,4809.34,-4551.32,-3131.3199999999997
2024-04-19,4589.34,0.0,0.0
2024-04-22,-1750.66,603.6799999999998,-1105.66
2024-04-23,2399.34,0.0,0.0
2024-04-24,0.0,0.0,3041.84
2024-04-25,0.0,-1418.8200000000002,-10.66
2024-04-26,609.3399999999999,0.0,-896.32
2024-04-29,-1195.66,4796.18,0.0
2024-04-30,-1360.66,-1070.66,-10.66
2024-05-01,-1970.66,0.0,0.0
2024-05-02,-3390.66,0.0,-890.14
2024-05-03,-1860.66,6994.34,0.0
2024-05-07,-1550.66,0.0,0.0
2024-05-08,509.34,2654.34,0.0
2024-05-09,-1950.66,-510.66,0.0
2024-05-15,-1630.66,0.0,0.0
2024-05-16,-10.66,0.0,0.0
2024-05-17,-1150.66,8181.84,0.0
2024-05-20,464.34,1641.1799999999998,0.0
2024-05-21,1539.34,-1370.66,0.0
2024-05-22,-990.6600000000001,681.8399999999999,0.0
2024-05-23,4229.34,-2885.66,0.0
2024-05-24,0.0,-1001.3200000000002,0.0
2024-05-28,-1420.66,-1216.3200000000002,0.0
2024-05-29,-645.6600000000001,-915.6600000000001,0.0
2024-05-30,1274.34,0.0,20916.840000000004
2024-06-03,0.0,-1146.3200000000002,-726.9800000000001
2024-06-04,0.0,0.0,-676.9800000000002
2024-06-07,0.0,0.0,4631.84
2024-06-10,1464.34,0.0,0.0
2024-06-11,-1660.66,0.0,0.0
2024-06-12,214.34,0.0,0.0
2024-06-14,1279.34,0.0,0.0
2024-06-17,-1840.66,0.0,0.0
2024-06-18,-665.6600000000001,0.0,0.0
2024-06-20,2359.34,30154.340000000004,19824.34
2024-06-21,-1890.66,-1315.66,0.0
2024-06-24,-2260.66,0.0,-2515.66
2024-06-25,0.0,-10.66,-585.6600000000001
2024-06-26,-1290.66,0.0,-1431.3200000000002
2024-06-27,0.0,2086.84,1459.34
2024-06-28,-10.66,904.8600000000001,1981.84
2024-07-01,-2330.66,0.0,-230.66
2024-07-02,3474.34,-665.6600000000001,0.0
2024-07-03,0.0,0.0,250.51999999999987
2024-07-04,0.0,0.0,-781.32
2024-07-05,2149.34,0.0,799.3399999999999
2024-07-09,0.0,11026.84,0.0
2024-07-10,0.0,1054.34,0.0
2024-07-11,7469.34,1709.34,6429.34
2024-07-12,909.3399999999999,263.67999999999984,-2250.66
2024-07-15,-10.66,-2500.66,-239.48000000000002
2024-07-16,0.0,-2805.66,-10.66
2024-07-17,4389.34,-6640.66,0.0
2024-07-18,2964.34,0.0,0.0
2024-07-22,-3880.66,-1355.66,0.0
2024-07-23,-2145.66,1408.68,-3555.8
2024-07-24,5429.34,0.0,0.0
2024-07-25,-4770.66,-2490.66,0.0
2024-07-26,-3130.66,-1105.66,0.0
2024-07-29,-4280.66,-1135.66,0.0
2024-07-30,5804.34,-2005.66,-7840.66
2024-07-31,0.0,-1451.3200000000002,4696.18
2024-08-01,-2590.66,-10.66,-10.66
2024-08-05,-435.66,0.0,0.0
2024-08-06,-1010.6600000000001,-1371.3200000000002,-3671.3199999999997
2024-08-07,0.0,-6455.66,-10.66
2024-08-08,-4010.66,0.0,0.0
2024-08-09,0.0,0.0,-3415.66
2024-08-14,-1105.66,0.0,0.0
2024-08-15,3549.34,0.0,0.0
2024-08-16,1399.34,0.0,0.0
2024-08-20,-1960.66,0.0,0.0
2024-08-21,-10.66,0.0,0.0
2024-08-22,6444.34,0.0,24924.340000000004
2024-08-23,-2340.66,0.0,0.0
2024-08-26,0.0,0.0,-2830.66
2024-08-27,0.0,0.0,-1045.66
2024-08-28,2609.34,21719.340000000004,-3685.66
2024-08-29,-5280.66,-2145.66,1644.34
2024-08-30,-2540.66,-1495.66,1944.34
2024-09-02,0.0,646.8399999999999,-1467.6400000000003
2024-09-03,6574.34,-3395.66,0.0
2024-09-04,-2750.66,0.0,-1990.66
2024-09-05,-2190.66,0.0,-4816.32
2024-09-06,5739.34,-1860.66,0.0
2024-09-09,-2790.66,-10.66,591.8399999999999
2024-09-10,-3940.66,-3526.32,-10.66
2024-09-11,-10.66,0.0,654.3399999999999
2024-09-13,399.34,0.0,0.0
2024-09-17,914.3399999999999,0.0,0.0
2024-09-18,-2700.66,3718.6800000000003,0.0
2024-09-20,0.0,-2586.32,0.0
2024-09-23,0.0,-985.6600000000001,0.0
2024-09-24,-2180.66,191.84,0.0
2024-09-25,-750.6600000000001,0.0,0.0
2024-09-26,0.0,3824.34,0.0
2024-09-27,1274.34,-10.66,0.0
2024-10-01,404.34,0.0,24234.340000000004
2024-10-02,-3760.66,-1891.3200000000002,0.0
2024-10-03,-485.66,-5191.32,0.0
2024-10-04,-10.66,0.0,0.0
2024-10-07,-1940.66,-2665.66,-10.66
2024-10-08,0.0,-1551.3200000000002,2484.34
2024-10-09,0.0,0.0,2423.02
2024-10-10,529.3399999999999,2999.34,-1425.66
2024-10-14,-350.66,0.0,0.0
2024-10-15,4769.34,874.3399999999999,261.84000000000003
2024-10-16,-2020.66,0.0,0.0
2024-10-17,0.0,2043.68,-1341.3200000000002
2024-10-18,0.0,-886.32,126.83999999999999
2024-10-21,-2630.66,-2721.32,-855.6600000000001
2024-10-22,1704.34,-1070.66,0.0
2024-10-23,0.0,-1995.66,-10.66
2024-10-24,-2590.66,-2116.32,-1386.3200000000002
2024-10-25,-2405.66,5749.34,2319.34
2024-10-28,739.3399999999999,-3081.9800000000005,-1661.3200000000002
2024-10-30,-2480.66,-2151.3199999999997,-4062.64
2024-10-31,3344.34,0.0,0.0
2024-11-01,-10.66,-1570.66,0.0
2024-11-04,0.0,0.0,-1930.66
2024-11-05,1409.34,0.0,0.0
2024-11-06,1299.34,0.0,0.0
2024-11-07,2249.34,0.0,0.0
2024-11-08,-225.66,0.0,0.0
2024-11-11,-200.66,0.0,0.0
2024-11-13,-1700.66,0.0,0.0
2024-11-14,0.0,16814.34,15396.84
2024-11-15,3589.34,0.0,0.0
2024-11-18,894.3399999999999,-2026.9800000000002,-1786.3200000000002
2024-11-19,3734.34,-2160.66,-970.6600000000001
2024-11-20,-2775.66,34.34,0.0
2024-11-21,-5905.66,-2211.3199999999997,0.0
2024-11-22,-2490.66,0.0,0.0
2024-11-27,-125.66000000000001,-6.320000000000164,0.0
2024-11-29,0.0,-5.66,0.0
2024-12-02,1024.34,0.0,0.0
2024-12-03,1279.34,0.0,0.0
2024-12-06,1324.34,0.0,0.0
2024-12-09,1359.34,12416.84,0.0
2024-12-10,-1460.66,0.0,0.0
2024-12-11,3094.34,0.0,0.0
2024-12-12,-10.66,-1466.3200000000002,0.0
2024-12-13,-2110.66,0.0,0.0
2024-12-17,-2350.66,0.0,0.0
2024-12-18,12179.34,9006.84,24421.840000000004
2024-12-19,2484.34,0.0,0.0
2024-12-20,4514.34,-1456.3200000000002,-1175.66
2024-12-23,1234.34,-2740.66,-446.98
2024-12-26,-520.6600000000001,3974.34,0.0
2024-12-27,-1950.66,-3656.3199999999997,3544.34
2024-12-30,-3430.66,-6586.32,0.0
2024-12-31,2604.34,0.0,-2066.32
2025-01-02,-1210.66,-6106.32,-5676.32
2025-01-03,1104.34,0.0,1274.34
2025-01-05,0.0,0.0,111.83999999999999
2025-01-06,-3090.66,0.0,2906.84
2025-01-07,4864.34,5361.84,-2290.66
2025-01-08,-3540.66,0.0,0.0
2025-01-10,384.34,-4926.32,-10.66
2025-01-14,0.0,476.17999999999984,-3481.3199999999997
2025-01-15,1014.3399999999999,-910.6600000000001,0.0
2025-01-16,2604.34,-1094.4800000000002,0.0
2025-01-21,-3560.66,-10.66,0.0
2025-01-22,-180.66,0.0,0.0
2025-01-23,2234.34,4659.34,0.0
2025-01-24,1549.34,-64.48000000000025,0.0
2025-01-26,0.0,0.0,11654.34
2025-01-27,-2200.66,0.0,0.0
2025-01-28,0.0,-1575.66,-1515.66
2025-01-29,-565.6600000000001,-1304.4800000000002,0.0
2025-01-30,-2890.66,-1296.3200000000002,0.0
2025-01-31,-2950.66,2676.84,0.0
2025-02-02,0.0,0.0,-2790.66
2025-02-03,1069.34,0.0,0.0
2025-02-04,2159.34,0.0,-10.66
2025-02-05,2734.34,-10.66,0.0
2025-02-07,0.0,4016.84,0.0
2025-02-09,0.0,0.0,944.3399999999999
2025-02-10,569.3399999999999,-521.32,1563.6799999999998
2025-02-11,-865.6600000000001,-405.66,-2061.32
2025-02-12,2809.34,0.0,-1940.66
2025-02-13,0.0,2271.84,-530.6600000000001
2025-02-18,-1130.66,0.0,5531.84
2025-02-19,-1970.66,0.0,-2128.3
2025-02-20,0.0,3414.34,-1066.3200000000002
2025-02-21,0.0,-10.66,-691.32
2025-02-24,3819.34,0.0,0.0
2025-02-25,2739.34,0.0,0.0
2025-02-26,-3410.66,-2635.66,-2986.3199999999997
2025-02-27,11654.34,0.0,-10.66
2025-03-03,8684.34,-6432.639999999999,-10.66
2025-03-04,-1670.66,759.3399999999999,0.0
2025-03-05,-5300.66,-4385.66,-5305.66
2025-03-06,1909.34,-4690.66,-5930.66
2025-03-07,-4120.66,-1460.66,0.0
2025-03-10,4869.34,-7350.66,-1736.3200000000002
2025-03-11,-6310.66,0.0,-11186.98
2025-03-13,3044.34,-6630.66,-6335.66
2025-03-14,1184.34,0.0,1189.34
2025-03-16,0.0,0.0,-1550.66
2025-03-17,0.0,0.0,1959.34
2025-03-18,109.33999999999999,0.0,2111.84
2025-03-19,0.0,0.0,755.5199999999999
2025-03-20,-2515.66,0.0,-2550.66
2025-03-21,0.0,0.0,-1455.66
2025-03-24,1004.3399999999999,0.0,0.0
2025-03-26,0.0,0.0,8819.34
2025-03-27,0.0,0.0,-4250.66
2025-03-28,5929.34,5086.84,0.0
2025-03-31,0.0,0.0,-1315.66
2025-04-01,2189.34,924.3399999999999,2153.02
2025-04-02,2639.34,0.0,-917.6400000000006
2025-04-03,0.0,-13040.66,0.0
2025-04-04,9349.34,0.0,0.0
2025-04-07,0.0,-11580.66,-10.66
2025-04-08,15414.34,4806.84,2316.84
2025-04-09,34934.340000000004,584.3399999999999,-3540.66
2025-04-10,0.0,-5216.98,15346.180000000004
2025-04-11,3664.34,0.0,-4475.66
2025-04-14,2229.34,7214.34,0.0
2025-04-16,-4220.66,-5670.66,-3538.8199999999997
2025-04-17,-1045.66,0.0,-3496.3199999999997
2025-04-21,0.0,-5880.66,0.0
2025-04-22,3369.34,1248.6799999999998,4331.84
2025-04-23,0.0,8672.36,7991.18
2025-04-24,6779.34,0.0,-5512.639999999999
2025-04-25,2774.34,0.0,-3782.6400000000003
2025-04-27,0.0,0.0,-1891.9800000000002
2025-04-28,-2095.66,11239.34,586.18
2025-04-29,0.0,0.0,-1438.8200000000002
2025-04-30,-4540.66,-4295.66,-2760.66
2025-05-01,-3520.66,8361.84,-4882.639999999999
2025-05-02,0.0,0.0,-900.6600000000001
2025-05-04,0.0,0.0,3858.6800000000003
2025-05-05,0.0,0.0,-1525.66
2025-05-06,-310.65999999999997,-8726.32,-1900.66
2025-05-07,-10.66,0.0,-3040.66
2025-05-12,-4620.66,0.0,0.0
2025-05-13,3184.34,0.0,0.0
2025-05-21,0.0,24711.840000000004,0.0
2025-05-22,0.0,-1440.66,0.0
2025-05-23,-310.65999999999997,-2446.32,14524.34
2025-05-27,0.0,604.3399999999999,0.0
2025-05-28,0.0,1831.84,0.0
2025-05-29,0.0,-1850.66,8136.84
2025-06-02,519.3399999999999,0.0,-1540.66
2025-06-03,0.0,0.0,4073.6800000000003
2025-06-05,-4030.66,6311.84,-8048.299999999999
2025-06-06,-2580.66,-2951.32,209.34
2025-06-08,0.0,0.0,-1275.66
2025-06-09,0.0,-816.9800000000001,176.84
2025-06-10,0.0,-835.6600000000001,-10.66
2025-06-11,0.0,0.0,-10.66
2025-06-12,439.34,0.0,-2570.66
2025-06-13,0.0,-4761.32,0.0
2025-06-16,0.0,0.0,2792.3600000000006
2025-06-17,-2190.66,0.0,-2146.98
2025-06-18,0.0,0.0,-3056.32
2025-06-20,0.0,0.0,-61.97999999999956
2025-06-22,0.0,0.0,-5000.66
2025-06-23,0.0,0.0,-1275.66
2025-06-24,1374.34,0.0,0.0
2025-06-27,-2310.66,0.0,0.0
2025-07-02,2369.34,0.0,0.0
2025-07-15,1639.34,0.0,0.0
2025-07-16,-2195.66,0.0,0.0
2025-07-18,69.34,0.0,0.0
2025-07-21,-680.6600000000001,0.0,0.0
2025-07-22,-165.66,0.0,0.0
2025-07-23,-3240.66,0.0,0.0
2025-07-24,-1300.66,0.0,0.0
2025-07-28,-1620.66,0.0,0.0
2025-07-30,-2370.66,0.0,0.0
2025-07-31,4964.34,0.0,31134.340000000004
2025-08-01,774.3399999999999,0.0,0.0
2025-08-04,1589.34,0.0,0.0
2025-08-05,-2360.66,0.0,4539.34
2025-08-07,-2060.66,0.0,4423.68
2025-08-08,2209.34,0.0,0.0
2025-08-11,354.34,0.0,0.0
2025-08-12,2179.34,0.0,0.0
2025-08-14,-500.66,0.0,0.0
2025-08-15,-460.66,0.0,0.0
2025-08-19,3129.34,0.0,4856.84
2025-08-20,-10.66,0.0,0.0
2025-08-21,-3650.66,0.0,-5011.32
2025-08-22,4844.34,0.0,-806.32
2025-08-25,-955.6600000000001,0.0,-2532.6400000000003
2025-08-26,914.3399999999999,0.0,-1150.66
2025-08-27,424.34,0.0,-1851.3200000000002
2025-08-28,-85.66000000000001,0.0,386.7
2025-08-29,1384.34,0.0,-175.66
2025-09-02,1554.34,0.0,-921.98
2025-09-03,-2120.66,0.0,-798.8200000000002
2025-09-04,1844.34,0.0,0.0
2025-09-05,2089.34,0.0,7271.84
2025-09-08,-1390.66,0.0,-723.3000000000002
2025-09-09,-1400.66,0.0,-10.66
2025-09-10,549.3399999999999,0.0,54.34
2025-09-11,0.0,0.0,-741.32
2025-09-12,0.0,0.0,128.68
2025-09-16,264.34000000000003,0.0,8839.34
2025-09-17,-10.66,0.0,-810.6600000000001
2025-09-18,-2390.66,0.0,0.0
2025-09-19,-1840.66,0.0,0.0
2025-09-22,2424.34,0.0,0.0
2025-09-23,2449.34,0.0,0.0
2025-09-24,1234.34,0.0,0.0
2025-09-25,-4240.66,0.0,-10.66
2025-09-29,-1780.66,0.0,0.0
2025-10-01,2794.34,0.0,909.3399999999999
2025-10-02,-1230.66,0.0,2246.84
2025-10-03,0.0,0.0,-1103.8200000000002
2025-10-06,0.0,0.0,-585.6600000000001
2025-10-07,0.0,0.0,291.84000000000003
2025-10-08,3104.34,0.0,-735.6600000000001
2025-10-09,-10.66,0.0,3834.34
2025-10-10,0.0,0.0,-940.14
2025-10-14,0.0,0.0,-4481.32
2025-10-15,-10.66,0.0,1136.84
2025-10-16,-2650.66,0.0,-4795.66
2025-10-20,359.34,0.0,0.0
2025-10-21,-1950.66,0.0,3631.1800000000003
2025-10-22,1684.34,0.0,-1350.66
2025-10-23,2304.34,0.0,0.0
2025-10-24,-985.6600000000001,0.0,0.0
2025-10-27,1579.34,0.0,0.0
2025-10-28,839.3399999999999,0.0,0.0
2025-10-29,-1530.66,0.0,0.0
2025-10-30,-10.66,0.0,19271.84
2025-10-31,-10.66,0.0,0.0
2025-11-03,519.3399999999999,0.0,0.0
2025-11-04,894.3399999999999,0.0,-5830.66
2025-11-05,2639.34,0.0,-825.6600000000001
2025-11-06,5914.34,0.0,-10.66
2025-11-07,-5895.66,60944.340000000004,0.0
2025-11-10,-3700.66,0.0,1069.34
2025-11-11,-440.66,8691.84,-10.66
2025-11-12,-970.6600000000001,-1106.3200000000002,746.8399999999999
2025-11-13,3839.34,-2285.66,-3005.66
2025-11-14,4194.34,-3136.32,-1715.66
2025-11-16,0.0,0.0,-1360.66
2025-11-17,-8920.66,-8226.32,-9111.98
2025-11-18,0.0,-2190.66,0.0
2025-11-19,-380.66,-10.66,126.17999999999984
2025-11-20,19199.34,4791.18,3956.84
2025-11-21,-4850.66,494.34,0.0
2025-11-24,2849.34,0.0,0.0
2025-11-25,-2540.66,0.0,0.0
2025-11-26,89.33999999999999,0.0,0.0
2025-12-01,1114.34,0.0,0.0
2025-12-02,-1000.6600000000001,0.0,0.0
2025-12-05,-1750.66,0.0,0.0
2025-12-09,609.3399999999999,0.0,0.0
2025-12-11,-3480.66,0.0,0.0
2025-12-12,0.0,13434.34,0.0
2025-12-16,-435.66,-7261.32,0.0
2025-12-17,8104.34,-10.66,14359.34
2025-12-19,654.3399999999999,0.0,0.0
2025-12-22,-800.6600000000001,0.0,0.0
2025-12-23,789.3399999999999,0.0,0.0
2025-12-31,0.0,0.0,2581.84
2026-01-02,0.0,-1146.3200000000002,-3997.64
2026-01-05,0.0,0.0,-53.820000000000164
2026-01-06,2049.34,0.0,-10.66
2026-01-07,-10.66,0.0,0.0
2026-01-08,-1235.66,0.0,-10.66
2026-01-09,1574.34,0.0,-10.66
2026-01-12,99.33999999999999,0.0,0.0
2026-01-14,-100.66000000000001,0.0,-3790.66
2026-01-15,2069.34,0.0,-2325.66
2026-01-16,2709.34,0.0,-10.66
2026-01-19,0.0,-7320.66,0.0
2026-01-20,-4950.66,0.0,-1970.66
2026-01-21,0.0,0.0,-10.66
2026-01-22,-1750.66,486.84,0.0
2026-01-23,0.0,-790.6600000000001,0.0
2026-01-25,0.0,0.0,6924.34
2026-01-26,424.34,0.0,-1245.66
2026-01-28,674.3399999999999,0.0,9379.34
2026-01-29,-10.66,6761.84,-800.6600000000001
2026-01-30,0.0,-4461.32,-2890.66
2026-02-02,1589.34,-10.66,0.0
2026-02-03,6134.34,-2235.66,-10.66
2026-02-04,3069.34,-1315.66,0.0
2026-02-05,0.0,-2635.66,0.0
2026-02-06,2869.34,0.0,-2085.66
2026-02-09,3299.34,0.0,-1583.3
2026-02-10,999.3399999999999,0.0,-3802.64
2026-02-11,524.3399999999999,0.0,-1186.3200000000002
2026-02-12,0.0,-10.66,-4535.66
2026-02-16,0.0,-3285.66,-10.66
2026-02-17,-1865.66,-1740.66,0.0
2026-02-19,0.0,503.68000000000006,0.0
2026-02-20,1994.34,-1750.66,-10.66
2026-02-23,0.0,89.33999999999999,-5090.66
2026-02-24,0.0,0.0,-2076.32
2026-02-25,1299.34,0.0,0.0
2026-02-26,2184.34,4386.84,4094.34
2026-02-27,864.3399999999999,-5085.66,0.0
2026-03-02,899.3399999999999,-7115.66,0.0
2026-03-03,1039.34,-8470.66,-1246.3200000000002
2026-03-04,1734.34,0.0,0.0
2026-03-05,-5610.66,2996.84,-2155.7999999999993
2026-03-06,0.0,-1990.66,-645.6600000000001
2026-03-09,-5330.66,-220.66,-2270.66
2026-03-10,-2595.66,0.0,0.0
2026-03-11,0.0,0.0,8401.84
2026-03-12,0.0,-1025.66,0.0
2026-03-13,-3620.66,-1325.66,0.0
2026-03-16,0.0,-1196.3200000000002,-3217.12
2026-03-17,0.0,1311.18,-590.6600000000001
2026-03-18,0.0,-1665.66,4226.84
2026-03-19,0.0,0.0,-975.6600000000001
2026-03-20,3434.34,-2360.66,-3101.3199999999997
2026-03-23,-4500.66,-3126.32,0.0
2026-03-24,-4560.66,-3320.66,0.0
2026-03-26,4399.34,-5965.66,-9715.66
2026-03-27,3389.34,0.0,0.0
2026-03-30,4459.34,-5325.66,-3391.3199999999997
2026-03-31,7574.34,0.0,2063.6800000000003
2026-04-01,-670.6600000000001,13719.34,8294.34
2026-04-02,0.0,-7980.66,0.0
2026-04-06,-955.6600000000001,738.02,0.0
2026-04-07,-4070.66,-541.32,-4020.66
2026-04-08,-355.66,0.0,0.0
2026-04-09,-3390.66,0.0,0.0
2026-04-10,-110.66000000000001,0.0,0.0
2026-04-12,0.0,0.0,14064.34
2026-04-14,4504.34,0.0,0.0
2026-04-15,5784.34,0.0,0.0
2026-04-16,-3810.66,0.0,23596.180000000004
2026-04-17,1529.34,0.0,0.0
2026-04-19,0.0,0.0,3259.34
2026-04-20,-1010.6600000000001,0.0,0.0
2026-04-21,974.3399999999999,0.0,-10.66
2026-04-22,0.0,0.0,-601.32
2026-04-23,-3440.66,52171.840000000004,-10.66
2026-04-24,2864.34,0.0,-69.48000000000025
2026-04-27,-2475.66,-1000.6600000000001,0.0
2026-04-28,-1180.66,-3955.66,1286.84
2026-04-29,0.0,-1130.66,-4541.32
2026-04-30,-6690.66,376.84,-3946.3199999999997
2026-05-01,-735.6600000000001,0.0,0.0
2026-05-04,39.34,8911.84,0.0
2026-05-05,999.3399999999999,0.0,0.0
2026-05-06,4289.34,0.0,0.0
2026-05-07,-10.66,0.0,0.0
2026-05-08,5459.34,0.0,0.0
2026-05-11,-895.6600000000001,0.0,0.0
2026-05-12,-3560.66,16694.34,32604.340000000004
2026-05-13,-4330.66,0.0,-491.32000000000016
2026-05-14,414.34,0.0,0.0
2026-05-15,0.0,1454.34,164.34
2026-05-18,1344.34,0.0,-3265.66
2026-05-19,0.0,-1180.66,-7091.32
2026-05-22,-3695.66,0.0,0.0
2026-05-27,-1320.66,0.0,16393.68
2026-05-28,-5290.66,0.0,0.0
2026-05-29,-2960.66,0.0,0.0
2026-06-01,729.3399999999999,0.0,6556.84
2026-06-03,-250.66,0.0,-45.66
2026-06-04,1094.34,21353.680000000004,0.0
2026-06-05,18329.34,0.0,0.0
2026-06-08,-7470.66,0.0,-2345.66
2026-06-09,25234.340000000004,-10.66,-10.66
2026-06-10,-10020.66,-3410.66,0.0
2026-06-11,0.0,-3735.66,0.0
2026-06-15,1829.34,0.0,0.0
2026-06-16,8059.34,32651.840000000004,33509.340000000004
2026-06-17,7049.34,-10786.32,-8415.66
2026-06-18,0.0,0.0,-3307.6400000000003
2026-06-21,0.0,0.0,-1805.66
2026-06-22,0.0,2214.34,-2411.3199999999997
2026-06-23,-4525.66,0.0,0.0
2026-06-24,0.0,0.0,-9041.32
2026-06-25,-10.66,0.0,-9660.66
2026-06-26,0.0,-11806.32,0.0
2026-06-29,4164.34,0.0,0.0
2026-06-30,2924.34,0.0,0.0
2026-07-02,7924.34,5404.34,0.0
2026-07-06,-825.6600000000001,-1666.3200000000002,0.0
2026-07-07,944.3399999999999,0.0,0.0
2026-07-08,1704.34,0.0,0.0
2026-07-09,749.3399999999999,0.0,0.0
2026-07-10,1184.34,0.0,0.0
2026-07-13,1469.34,-3725.66,0.0
2026-07-14,-5240.66,0.0,0.0
2026-07-15,1664.34,-1351.3200000000002,0.0
2026-07-16,2069.34,-3895.66,0.0
2026-07-21,-4540.66,0.0,0.0
2026-07-22,-1525.66,0.0,0.0
2026-07-24,-4910.66,0.0,0.0
2026-07-27,3089.34,0.0,0.0
2026-07-28,-4480.66,0.0,0.0
2026-07-29,-10.66,0.0,0.0
2026-07-30,5079.34,0.0,0.0
2026-07-31,314.34000000000003,0.0,0.0
2026-08-03,5469.34,0.0,0.0
2026-08-04,7494.34,0.0,0.0
2026-08-06,-580.6600000000001,-3796.3199999999997,481.84
2026-08-07,0.0,3481.84,651.8399999999999
2026-08-11,-50.66,-2991.3199999999997,-4150.66
2026-08-12,-420.66,-2556.9800000000005,1893.0200000000002
2026-08-13,0.0,5844.34,3449.8600000000006
