leg,exit_dt,pnl_pts
c2,2010-06-07T15:55:00,30.217
c2,2010-06-09T11:05:00,-13.533
c2,2010-06-11T15:55:00,17.717
c2,2010-06-14T15:55:00,8.967
c2,2010-06-15T15:55:00,24.717
c2,2010-06-16T15:55:00,5.717
c2,2010-06-17T11:30:00,-0.533
c2,2010-06-18T10:30:00,-11.533
c2,2010-06-21T15:55:00,34.217
c2,2010-06-22T10:15:00,-16.033
c2,2010-06-23T14:30:00,-22.533
c2,2010-06-25T15:55:00,-7.033
c2,2010-06-28T11:35:00,-20.033
c2,2010-06-29T15:55:00,21.967
c2,2010-06-30T15:25:00,-15.533
c2,2010-07-06T15:55:00,11.967
c2,2010-07-07T15:55:00,33.967
c2,2010-07-09T15:55:00,8.717
c2,2010-07-12T15:55:00,-7.033
c2,2010-07-13T15:55:00,2.967
c2,2010-07-14T14:20:00,-16.533
c2,2010-07-15T15:45:00,-15.033
c2,2010-07-16T15:55:00,36.217
c2,2010-07-19T10:20:00,-14.533
c2,2010-07-21T15:55:00,21.217
c2,2010-07-22T15:55:00,10.467
c2,2010-07-23T15:55:00,15.217
c2,2010-08-03T15:55:00,-6.783
c2,2010-08-04T10:15:00,-12.533
c2,2010-08-05T11:05:00,-15.033
c2,2010-08-06T10:55:00,-21.533
c2,2010-08-11T15:55:00,-3.533
c2,2010-08-12T15:55:00,7.217
c2,2010-08-16T15:55:00,4.467
c2,2010-08-17T15:55:00,1.217
c2,2010-08-20T15:55:00,-1.783
c2,2010-08-24T15:55:00,-0.28300000000000003
c2,2010-08-25T15:55:00,16.717
c2,2010-08-26T15:55:00,18.217
c2,2010-08-27T10:20:00,-22.033
c2,2010-08-30T15:45:00,-20.033
c2,2010-09-01T15:55:00,5.717
c2,2010-09-02T15:55:00,13.967
c2,2010-09-03T10:35:00,-18.033
c2,2010-09-07T10:00:00,-9.533
c2,2010-09-17T15:55:00,-0.783
c2,2010-09-20T15:55:00,21.467
c2,2010-09-22T11:20:00,-20.033
c2,2010-09-23T15:25:00,-0.533
c2,2010-09-24T15:55:00,10.467
c2,2010-09-27T15:55:00,1.717
c2,2010-09-28T15:55:00,-19.533
c2,2010-10-01T15:55:00,7.967
c2,2010-10-04T10:00:00,-12.033
c2,2010-10-05T15:55:00,16.467
c2,2010-10-07T15:55:00,-11.283
c2,2010-10-08T11:25:00,-20.033
c2,2010-10-12T10:15:00,-11.533
c2,2010-10-14T15:55:00,-5.783
c2,2010-10-15T15:35:00,-18.033
c2,2010-10-19T15:55:00,-8.783
c2,2010-10-25T15:55:00,-11.283
c2,2010-10-27T15:55:00,6.217
c2,2010-10-28T15:55:00,-4.283
c2,2010-11-01T11:00:00,-11.533
c2,2010-11-02T15:55:00,-2.783
c2,2010-11-03T14:15:00,-8.033
c2,2010-11-04T15:55:00,-5.783
c2,2010-11-08T15:55:00,0.717
c2,2010-11-10T14:00:00,-19.033
c2,2010-11-12T15:55:00,17.717
c2,2010-11-17T15:55:00,-5.033
c2,2010-11-18T15:55:00,-4.033
c2,2010-11-19T12:45:00,-9.533
c2,2010-11-22T15:55:00,7.217
c2,2010-11-23T15:55:00,3.217
c2,2010-11-24T15:55:00,6.217
c2,2010-11-29T15:25:00,-17.533
c2,2010-12-01T15:55:00,-4.033
c2,2010-12-02T15:55:00,9.217
c2,2010-12-07T15:55:00,15.967
c2,2010-12-08T15:55:00,-7.533
c2,2010-12-13T15:55:00,5.967
c2,2010-12-14T15:55:00,-6.533
c2,2010-12-15T15:55:00,4.467
c2,2010-12-16T15:55:00,2.717
c2,2010-12-20T11:30:00,-8.033
c2,2011-01-03T15:55:00,-0.533
c2,2011-01-04T15:55:00,4.217
c2,2011-01-05T15:55:00,21.717
c2,2011-01-07T14:45:00,-0.533
c2,2011-01-11T15:55:00,-1.783
c2,2011-01-13T15:55:00,-7.283
c2,2011-01-18T15:55:00,6.467
c2,2011-01-19T15:55:00,13.217
c2,2011-01-20T15:55:00,-13.033
c2,2011-01-21T15:55:00,22.967
c2,2011-01-24T15:55:00,15.467
c2,2011-01-26T10:10:00,-12.033
c2,2011-01-27T11:25:00,-8.533
c2,2011-01-28T15:55:00,50.717
c2,2011-01-31T12:05:00,-19.033
c2,2011-02-01T15:55:00,11.717
c2,2011-02-02T15:55:00,-6.283
c2,2011-02-03T15:55:00,-2.783
c2,2011-02-04T13:10:00,-13.033
c2,2011-02-08T15:55:00,10.717
c2,2011-02-09T14:40:00,-12.533
c2,2011-02-10T13:40:00,-0.533
c2,2011-02-11T15:55:00,16.217
c2,2011-02-14T15:55:00,0.717
c2,2011-02-16T15:55:00,-0.533
c2,2011-02-17T15:55:00,8.217
c2,2011-02-18T15:55:00,-8.033
c2,2011-02-22T15:55:00,12.717
c2,2011-02-24T15:05:00,-14.533
c2,2011-02-25T15:55:00,9.467
c2,2011-03-01T15:55:00,33.967
c2,2011-03-02T11:55:00,-0.533
c2,2011-03-03T15:55:00,4.967
c2,2011-03-04T15:55:00,2.967
c2,2011-03-08T10:15:00,-21.033
c2,2011-03-10T15:55:00,-8.283
c2,2011-03-11T15:55:00,4.717
c2,2011-03-14T11:10:00,-24.533
c2,2011-03-15T15:55:00,17.217
c2,2011-03-16T11:00:00,-16.033
c2,2011-03-17T13:30:00,-13.033
c2,2011-03-18T15:55:00,21.467
c2,2011-03-21T15:55:00,-5.033
c2,2011-03-23T11:10:00,-14.533
c2,2011-03-24T10:50:00,-11.033
c2,2011-03-28T15:55:00,12.467
c2,2011-04-01T11:30:00,-11.533
c2,2011-04-05T15:55:00,-0.28300000000000003
c2,2011-04-06T10:15:00,-15.033
c2,2011-04-07T10:35:00,-11.533
c2,2011-04-08T15:55:00,14.717
c2,2011-04-11T15:55:00,5.717
c2,2011-04-13T10:45:00,-10.533
c2,2011-04-14T15:55:00,4.467
c2,2011-04-15T11:20:00,-14.033
c2,2011-04-18T15:55:00,-27.283
c2,2011-04-19T15:05:00,-10.533
c2,2011-04-20T15:55:00,3.217
c2,2011-04-21T15:55:00,-4.283
c2,2011-05-03T15:55:00,5.467
c2,2011-05-05T14:55:00,-0.533
c2,2011-05-06T13:15:00,-19.033
c2,2011-05-09T10:10:00,-9.533
c2,2011-05-11T11:55:00,-10.033
c2,2011-05-12T11:30:00,-22.533
c2,2011-05-13T15:55:00,14.967
c2,2011-05-17T12:35:00,-11.533
c2,2011-05-19T13:15:00,-13.533
c2,2011-05-24T15:55:00,10.967
c2,2011-05-25T15:55:00,2.467
c2,2011-05-26T15:55:00,9.217
c2,2011-05-31T15:55:00,5.217
c2,2011-06-02T10:00:00,-12.033
c2,2011-06-03T15:00:00,-17.033
c2,2011-06-07T10:15:00,-10.033
c2,2011-06-10T15:55:00,6.467
c2,2011-06-13T13:00:00,-15.533
c2,2011-06-14T15:55:00,4.717
c2,2011-06-15T15:55:00,15.217
c2,2011-06-16T15:55:00,3.467
c2,2011-06-17T15:55:00,16.717
c2,2011-06-20T15:55:00,7.967
c2,2011-06-22T15:40:00,-11.533
c2,2011-06-23T15:55:00,39.467
c2,2011-06-28T15:55:00,18.217
c2,2011-06-30T15:55:00,10.217
c2,2011-07-05T10:45:00,-7.533
c2,2011-07-06T11:40:00,-11.533
c2,2011-07-07T15:55:00,12.467
c2,2011-07-08T15:55:00,2.217
c2,2011-07-11T10:20:00,-12.533
c2,2011-07-12T15:55:00,4.467
c2,2011-07-13T15:55:00,-1.533
c2,2011-07-14T15:55:00,22.217
c2,2011-07-15T15:55:00,-14.033
c2,2011-07-19T15:55:00,13.967
c2,2011-07-20T15:55:00,10.217
c2,2011-07-25T15:55:00,7.967
c2,2011-07-26T15:55:00,-4.533
c2,2011-07-27T15:55:00,38.467
c2,2011-08-01T15:55:00,23.717
c2,2011-08-02T11:00:00,-13.033
c2,2011-08-03T11:10:00,-0.533
c2,2011-08-04T15:55:00,63.717
c2,2011-08-05T10:20:00,-0.533
c2,2011-08-09T09:55:00,-33.033
c2,2011-08-10T13:50:00,-40.533
c2,2011-08-11T15:55:00,34.467
c2,2011-08-15T15:55:00,6.467
c2,2011-08-16T15:55:00,-9.533
c2,2011-08-18T15:55:00,20.217
c2,2011-08-19T15:15:00,-53.533
c2,2011-08-24T13:20:00,-22.533
c2,2011-08-26T10:20:00,-24.533
c2,2011-08-29T15:55:00,17.967
c2,2011-08-31T15:55:00,-1.283
c2,2011-09-01T15:55:00,18.967
c2,2011-09-06T15:55:00,34.717
c2,2011-09-08T15:55:00,-21.033
c2,2011-09-09T15:55:00,17.967
c2,2011-09-12T15:55:00,28.217
c2,2011-09-14T11:30:00,-23.033
c2,2011-09-15T13:10:00,-25.033
c2,2011-09-16T15:55:00,-2.783
c2,2011-09-19T11:20:00,-18.033
c2,2011-09-20T15:55:00,5.217
c2,2011-09-22T12:00:00,-27.533
c2,2011-09-23T15:55:00,15.217
c2,2011-09-26T15:35:00,-35.533
c2,2011-09-27T15:55:00,-8.033
c2,2011-09-28T10:15:00,-17.533
c2,2011-09-29T15:55:00,48.967
c2,2011-09-30T15:55:00,14.717
c2,2011-10-03T09:50:00,-17.033
c2,2011-10-04T14:05:00,-0.533
c2,2011-10-06T15:55:00,24.217
c2,2011-10-07T15:25:00,-23.533
c2,2011-10-10T15:10:00,-0.533
c2,2011-10-11T15:55:00,9.717
c2,2011-10-12T15:55:00,-1.283
c2,2011-10-20T15:55:00,-18.533
c2,2011-10-21T15:55:00,-15.033
c2,2011-10-24T15:55:00,23.717
c2,2011-10-25T15:55:00,9.217
c2,2011-10-26T14:35:00,-0.533
c2,2011-10-27T13:30:00,-21.533
c2,2011-10-31T15:55:00,6.467
c2,2011-11-01T13:45:00,-27.533
c2,2011-11-02T15:55:00,-6.033
c2,2011-11-04T15:55:00,-7.033
c2,2011-11-07T15:55:00,6.217
c2,2011-11-08T13:25:00,-0.533
c2,2011-11-09T11:15:00,-15.033
c2,2011-11-10T11:45:00,-0.533
c2,2011-11-11T15:55:00,10.467
c2,2011-11-14T12:00:00,-14.033
c2,2011-11-15T15:55:00,17.217
c2,2011-11-16T15:30:00,-21.533
c2,2011-11-17T15:55:00,28.217
c2,2011-11-18T15:55:00,5.467
c2,2011-11-21T15:55:00,-6.283
c2,2011-11-22T15:55:00,-6.533
c2,2011-11-28T15:55:00,4.217
c2,2011-12-02T15:55:00,16.217
c2,2011-12-09T15:55:00,15.967
c2,2011-12-12T15:55:00,-11.783
c2,2011-12-14T15:55:00,12.217
c2,2011-12-15T15:55:00,11.967
c2,2011-12-16T15:55:00,-21.783
c2,2011-12-20T15:55:00,10.717
c2,2011-12-21T15:55:00,-3.033
c2,2012-01-10T11:05:00,-12.533
c2,2012-01-11T10:40:00,-14.533
c2,2012-01-27T15:55:00,-2.533
c2,2012-02-01T11:45:00,-12.533
c2,2012-02-02T15:55:00,-6.033
c2,2012-02-07T10:55:00,-17.533
c2,2012-02-08T14:25:00,-12.033
c2,2012-02-09T12:00:00,-14.533
c2,2012-02-13T15:55:00,-0.28300000000000003
c2,2012-02-14T10:55:00,-6.533
c2,2012-02-15T15:55:00,23.967
c2,2012-02-17T15:55:00,-6.783
c2,2012-02-21T12:50:00,-0.533
c2,2012-02-22T15:55:00,-1.783
c2,2012-02-27T10:05:00,-12.533
c2,2012-02-28T15:55:00,11.717
c2,2012-03-01T15:55:00,2.217
c2,2012-03-02T12:25:00,-11.533
c2,2012-03-05T15:55:00,14.717
c2,2012-03-06T15:55:00,-5.283
c2,2012-03-07T13:40:00,-0.533
c2,2012-03-08T15:55:00,4.717
c2,2012-03-09T15:55:00,-2.283
c2,2012-03-13T15:55:00,28.967
c2,2012-03-14T14:15:00,-14.033
c2,2012-03-15T15:55:00,-10.283
c2,2012-03-16T15:55:00,-3.783
c2,2012-03-21T15:55:00,-8.533
c2,2012-03-22T15:55:00,0.717
c2,2012-03-23T11:30:00,-0.533
c2,2012-03-26T15:55:00,24.717
c2,2012-03-27T10:55:00,-0.533
c2,2012-03-29T09:55:00,-8.033
c2,2012-03-30T15:55:00,4.217
c2,2012-04-02T15:55:00,23.217
c2,2012-04-03T11:35:00,-13.533
c2,2012-04-05T15:55:00,15.217
c2,2012-04-09T15:55:00,1.217
c2,2012-04-11T15:55:00,-4.033
c2,2012-04-12T15:55:00,17.967
c2,2012-04-13T15:55:00,16.217
c2,2012-04-16T15:55:00,29.717
c2,2012-04-17T15:55:00,29.717
c2,2012-04-18T15:55:00,-10.283
c2,2012-04-19T12:55:00,-21.533
c2,2012-04-20T15:55:00,11.467
c2,2012-04-24T12:35:00,-19.033
c2,2012-04-25T15:55:00,8.217
c2,2012-05-01T15:55:00,-13.033
c2,2012-05-02T15:55:00,11.467
c2,2012-05-03T15:55:00,18.717
c2,2012-05-04T15:55:00,29.217
c2,2012-05-07T15:55:00,-0.783
c2,2012-05-08T14:25:00,-0.533
c2,2012-05-09T10:20:00,-21.533
c2,2012-05-10T15:55:00,4.717
c2,2012-05-11T15:45:00,-0.533
c2,2012-05-14T15:45:00,-16.533
c2,2012-05-15T11:45:00,-20.033
c2,2012-05-16T15:55:00,17.217
c2,2012-05-17T15:55:00,42.467
c2,2012-05-18T15:55:00,22.217
c2,2012-05-21T15:55:00,47.967
c2,2012-05-22T15:55:00,-4.783
c2,2012-05-23T15:20:00,-24.033
c2,2012-05-24T15:55:00,-1.533
c2,2012-05-29T15:40:00,-20.033
c2,2012-05-31T15:55:00,-3.033
c2,2012-06-05T15:55:00,0.967
c2,2012-06-06T15:55:00,26.467
c2,2012-06-07T15:55:00,23.467
c2,2012-06-11T15:55:00,43.967
c2,2012-06-12T15:55:00,4.467
c2,2012-06-13T15:55:00,-1.783
c2,2012-06-15T15:55:00,16.217
c2,2012-06-18T15:55:00,13.717
c2,2012-06-19T15:55:00,2.217
c2,2012-06-20T13:05:00,-22.533
c2,2012-06-21T15:55:00,53.717
c2,2012-06-25T15:55:00,14.967
c2,2012-06-26T15:55:00,-2.283
c2,2012-06-27T15:55:00,-6.033
c2,2012-06-28T15:55:00,-16.033
c2,2012-07-02T15:55:00,-17.033
c2,2012-07-05T15:55:00,-1.533
c2,2012-07-11T15:45:00,-0.533
c2,2012-07-12T13:20:00,-17.533
c2,2012-07-13T15:55:00,19.717
c2,2012-07-16T11:15:00,-19.033
c2,2012-07-18T15:55:00,16.217
c2,2012-07-19T15:55:00,-0.28300000000000003
c2,2012-07-20T15:55:00,22.467
c2,2012-07-24T15:55:00,15.467
c2,2012-07-31T15:55:00,-14.783
c2,2012-08-01T15:55:00,12.967
c2,2012-08-02T15:55:00,-0.783
c2,2012-08-07T15:55:00,5.467
c2,2012-08-08T15:55:00,-3.533
c2,2012-08-23T11:15:00,-19.533
c2,2012-08-27T15:55:00,-2.033
c2,2012-08-28T15:55:00,-3.283
c2,2012-08-30T15:55:00,5.217
c2,2012-08-31T12:05:00,-15.533
c2,2012-09-04T14:05:00,-0.533
c2,2012-09-05T09:55:00,-12.033
c2,2012-09-06T15:55:00,19.217
c2,2012-09-11T14:45:00,-15.033
c2,2012-09-13T15:55:00,27.717
c2,2012-09-14T15:45:00,-0.533
c2,2012-09-17T15:55:00,-8.533
c2,2012-09-18T15:55:00,3.967
c2,2012-09-20T15:55:00,4.467
c2,2012-09-26T14:25:00,-0.533
c2,2012-10-01T12:15:00,-16.533
c2,2012-10-02T15:55:00,-5.783
c2,2012-10-03T11:10:00,-12.533
c2,2012-10-08T15:55:00,-5.533
c2,2012-10-09T15:55:00,17.217
c2,2012-10-10T15:55:00,1.717
c2,2012-10-11T15:55:00,22.717
c2,2012-10-12T11:30:00,-16.533
c2,2012-10-15T15:55:00,1.467
c2,2012-10-16T15:55:00,25.967
c2,2012-10-17T13:45:00,-0.533
c2,2012-10-18T12:30:00,-10.533
c2,2012-10-19T15:55:00,43.967
c2,2012-10-22T15:55:00,0.967
c2,2012-10-23T12:35:00,-18.033
c2,2012-10-25T15:55:00,8.717
c2,2012-10-26T12:00:00,-31.033
c2,2012-10-31T15:55:00,8.967
c2,2012-11-01T15:55:00,16.217
c2,2012-11-02T15:55:00,31.717
c2,2012-11-05T15:55:00,6.467
c2,2012-11-06T11:35:00,-12.533
c2,2012-11-07T15:55:00,14.967
c2,2012-11-09T13:30:00,-0.533
c2,2012-11-13T15:55:00,-10.033
c2,2012-11-16T12:25:00,-26.033
c2,2012-11-19T15:55:00,16.467
c2,2012-11-20T15:55:00,-16.533
c2,2012-11-27T10:00:00,-9.533
c2,2012-11-28T10:15:00,-0.533
c2,2012-11-30T15:55:00,-6.033
c2,2012-12-04T15:55:00,-4.783
c2,2012-12-05T12:00:00,-0.533
c2,2012-12-06T15:55:00,5.217
c2,2012-12-07T15:55:00,13.217
c2,2012-12-10T15:55:00,-2.283
c2,2012-12-11T15:55:00,2.467
c2,2012-12-12T15:55:00,9.717
c2,2012-12-13T11:25:00,-21.533
c2,2012-12-14T15:55:00,-6.533
c2,2012-12-17T15:55:00,11.217
c2,2012-12-20T15:55:00,-9.533
c2,2012-12-27T14:45:00,-0.533
c2,2012-12-31T15:55:00,34.467
c2,2013-01-02T15:55:00,-0.533
c2,2013-01-03T15:55:00,0.21699999999999997
c2,2013-01-04T15:55:00,-2.033
c2,2013-01-09T15:55:00,-2.283
c2,2013-01-28T15:55:00,-2.783
c2,2013-01-29T11:25:00,-19.033
c2,2013-01-30T10:35:00,-18.533
c2,2013-01-31T11:05:00,-12.033
c2,2013-02-01T10:05:00,-10.033
c2,2013-02-04T11:00:00,-11.533
c2,2013-02-05T15:55:00,20.217
c2,2013-02-06T13:30:00,-19.033
c2,2013-02-07T15:35:00,-0.533
c2,2013-02-08T15:55:00,-1.033
c2,2013-02-11T15:55:00,-6.033
c2,2013-02-12T15:55:00,2.467
c2,2013-02-13T13:30:00,-8.533
c2,2013-02-14T15:55:00,1.717
c2,2013-02-20T12:20:00,-8.033
c2,2013-02-22T15:55:00,4.467
c2,2013-02-25T15:55:00,50.217
c2,2013-02-26T10:20:00,-15.533
c2,2013-02-28T15:55:00,-19.533
c2,2013-03-04T15:55:00,14.967
c2,2013-03-05T15:55:00,7.967
c2,2013-03-06T15:55:00,1.217
c2,2013-03-07T11:35:00,-10.533
c2,2013-03-08T15:55:00,-1.783
c2,2013-03-12T15:55:00,-6.033
c2,2013-03-13T13:45:00,-16.033
c2,2013-03-15T15:55:00,-1.533
c2,2013-03-18T15:55:00,11.717
c2,2013-03-19T15:55:00,6.217
c2,2013-03-22T15:55:00,8.967
c2,2013-03-25T15:55:00,14.467
c2,2013-03-26T10:40:00,-8.033
c2,2013-04-02T15:55:00,-2.033
c2,2013-04-04T15:55:00,-9.783
c2,2013-04-05T15:55:00,15.217
c2,2013-04-08T15:55:00,8.717
c2,2013-04-09T11:40:00,-0.533
c2,2013-04-10T15:55:00,31.967
c2,2013-04-16T15:55:00,11.217
c2,2013-04-17T15:55:00,17.467
c2,2013-04-18T15:55:00,6.967
c2,2013-04-19T15:55:00,19.467
c2,2013-04-22T15:55:00,4.967
c2,2013-04-23T13:05:00,-13.533
c2,2013-04-24T15:55:00,-7.033
c2,2013-04-25T15:55:00,-6.033
c2,2013-04-26T14:45:00,-11.033
c2,2013-04-29T15:55:00,9.467
c2,2013-04-30T15:55:00,14.467
c2,2013-05-02T15:55:00,13.717
c2,2013-05-03T15:55:00,-4.033
c2,2013-05-09T15:00:00,-17.533
c2,2013-05-10T15:55:00,-0.28300000000000003
c2,2013-05-13T15:55:00,0.46699999999999997
c2,2013-05-14T13:55:00,-0.533
c2,2013-05-15T15:55:00,-3.033
c2,2013-05-16T15:35:00,-13.033
c2,2013-05-17T15:20:00,-19.033
c2,2013-05-20T13:45:00,-17.033
c2,2013-05-21T15:55:00,-4.783
c2,2013-05-22T15:55:00,20.217
c2,2013-05-23T15:55:00,3.467
c2,2013-05-24T15:55:00,7.217
c2,2013-05-28T15:55:00,7.217
c2,2013-05-29T14:15:00,-19.033
c2,2013-05-30T15:55:00,-2.283
c2,2013-05-31T15:55:00,-25.533
c2,2013-06-03T14:50:00,-0.533
c2,2013-06-04T12:45:00,-18.033
c2,2013-06-05T10:50:00,-22.033
c2,2013-06-10T15:55:00,-4.533
c2,2013-06-12T15:55:00,41.467
c2,2013-06-14T15:55:00,4.717
c2,2013-06-17T14:45:00,-16.033
c2,2013-06-18T15:55:00,-0.533
c2,2013-06-19T15:55:00,28.967
c2,2013-06-20T15:55:00,31.717
c2,2013-06-21T13:10:00,-0.533
c2,2013-06-24T14:35:00,-35.033
c2,2013-06-25T15:55:00,-3.033
c2,2013-06-26T15:15:00,-12.533
c2,2013-06-28T15:55:00,-0.533
c2,2013-07-01T15:35:00,-17.533
c2,2013-07-02T13:40:00,-17.033
c2,2013-07-05T15:55:00,-17.783
c2,2013-07-08T15:55:00,6.967
c2,2013-07-09T15:15:00,-22.033
c2,2013-07-10T15:55:00,0.717
c2,2013-07-11T15:55:00,18.717
c2,2013-07-16T15:55:00,-2.783
c2,2013-07-17T14:40:00,-9.533
c2,2013-07-24T15:55:00,12.217
c2,2013-07-25T15:55:00,-18.533
c2,2013-07-26T15:55:00,17.967
c2,2013-07-29T11:25:00,-17.533
c2,2013-07-30T14:35:00,-8.533
c2,2013-07-31T15:50:00,-22.533
c2,2013-08-01T15:55:00,3.717
c2,2013-08-02T10:35:00,-11.533
c2,2013-08-07T09:55:00,-10.533
c2,2013-08-08T12:40:00,-17.533
c2,2013-08-09T11:00:00,-17.533
c2,2013-08-12T15:55:00,2.717
c2,2013-08-13T15:55:00,5.467
c2,2013-08-15T15:55:00,1.967
c2,2013-08-16T15:55:00,-9.033
c2,2013-08-19T15:55:00,-23.283
c2,2013-08-20T15:55:00,1.967
c2,2013-08-21T14:05:00,-26.033
c2,2013-08-22T15:55:00,-1.283
c2,2013-08-26T15:10:00,-0.533
c2,2013-08-28T15:55:00,-3.283
c2,2013-08-29T15:55:00,-0.783
c2,2013-08-30T15:55:00,4.967
c2,2013-09-06T10:30:00,-0.533
c2,2013-09-09T15:55:00,6.717
c2,2013-09-10T15:55:00,-10.533
c2,2013-09-11T15:55:00,2.967
c2,2013-09-13T15:55:00,-11.783
c2,2013-09-16T15:55:00,25.217
c2,2013-09-17T15:55:00,8.467
c2,2013-09-18T15:55:00,15.967
c2,2013-09-20T15:55:00,10.217
c2,2013-09-24T10:35:00,-12.533
c2,2013-09-25T15:55:00,-3.783
c2,2013-09-26T15:55:00,-1.533
c2,2013-09-27T15:55:00,5.217
c2,2013-09-30T15:55:00,16.467
c2,2013-10-01T15:55:00,8.717
c2,2013-10-02T15:55:00,5.717
c2,2013-10-03T15:55:00,27.467
c2,2013-10-04T15:55:00,16.217
c2,2013-10-07T15:55:00,-10.533
c2,2013-10-08T15:55:00,48.717
c2,2013-10-09T13:20:00,-0.533
c2,2013-10-10T15:55:00,14.967
c2,2013-10-11T15:55:00,20.717
c2,2013-10-14T15:55:00,24.467
c2,2013-10-15T11:10:00,-16.033
c2,2013-10-16T15:55:00,6.467
c2,2013-10-17T15:55:00,23.967
c2,2013-10-22T10:40:00,-13.033
c2,2013-10-24T15:55:00,5.217
c2,2013-10-25T15:55:00,-5.783
c2,2013-10-29T15:55:00,-6.533
c2,2013-10-31T09:55:00,-17.533
c2,2013-11-04T15:55:00,-6.783
c2,2013-11-05T15:55:00,12.217
c2,2013-11-06T15:55:00,-0.03300000000000003
c2,2013-11-11T11:00:00,-19.033
c2,2013-11-12T15:55:00,1.967
c2,2013-11-13T15:55:00,46.717
c2,2013-11-14T15:55:00,7.217
c2,2013-11-19T13:20:00,-14.033
c2,2013-11-21T15:55:00,9.717
c2,2013-11-22T15:55:00,4.967
c2,2013-11-26T15:55:00,9.467
c2,2013-11-27T15:55:00,6.217
c2,2013-12-04T13:30:00,-22.033
c2,2013-12-06T15:55:00,-5.783
c2,2013-12-10T15:55:00,-4.283
c2,2013-12-13T15:55:00,12.967
c2,2013-12-16T15:55:00,-18.033
c2,2013-12-17T14:10:00,-20.033
c2,2013-12-18T14:00:00,-0.533
c2,2013-12-19T15:55:00,-4.783
c2,2013-12-20T15:55:00,16.467
c2,2014-01-06T15:55:00,-0.28300000000000003
c2,2014-01-07T15:55:00,5.217
c2,2014-01-08T15:55:00,3.217
c2,2014-01-09T15:55:00,13.217
c2,2014-01-13T12:50:00,-18.033
c2,2014-01-14T15:55:00,43.717
c2,2014-01-15T15:55:00,-0.03300000000000003
c2,2014-01-17T15:05:00,-14.033
c2,2014-01-22T12:10:00,-11.533
c2,2014-01-23T15:55:00,-21.033
c2,2014-01-24T15:55:00,38.967
c2,2014-01-27T14:00:00,-0.533
c2,2014-01-28T15:55:00,0.46699999999999997
c2,2014-01-29T15:55:00,-19.533
c2,2014-01-30T15:55:00,7.467
c2,2014-01-31T15:55:00,11.467
c2,2014-02-06T15:55:00,12.217
c2,2014-02-07T15:55:00,29.717
c2,2014-02-10T15:55:00,7.467
c2,2014-02-11T15:55:00,25.967
c2,2014-02-13T15:55:00,35.467
c2,2014-02-14T15:55:00,1.967
c2,2014-02-18T15:55:00,0.967
c2,2014-02-20T15:30:00,-28.033
c2,2014-02-24T15:55:00,0.717
c2,2014-02-25T15:55:00,-5.533
c2,2014-02-26T14:00:00,-16.033
c2,2014-02-27T15:55:00,12.717
c2,2014-02-28T14:35:00,-25.033
c2,2014-03-04T15:55:00,1.967
c2,2014-03-07T15:55:00,3.717
c2,2014-03-10T15:55:00,-14.783
c2,2014-03-11T10:35:00,-13.533
c2,2014-03-12T15:55:00,19.467
c2,2014-03-13T15:55:00,56.967
c2,2014-03-17T15:55:00,-17.283
c2,2014-03-18T15:55:00,19.717
c2,2014-03-19T15:55:00,5.467
c2,2014-03-20T15:55:00,4.967
c2,2014-03-21T15:55:00,45.217
c2,2014-03-24T15:55:00,13.967
c2,2014-03-25T10:45:00,-26.033
c2,2014-03-26T15:55:00,44.717
c2,2014-03-28T15:55:00,-27.783
c2,2014-03-31T15:55:00,-26.533
c2,2014-04-01T15:55:00,23.467
c2,2014-04-02T15:55:00,-8.533
c2,2014-04-03T15:55:00,18.967
c2,2014-04-04T15:55:00,89.717
c2,2014-04-07T15:55:00,-0.533
c2,2014-04-08T15:55:00,2.717
c2,2014-04-09T15:55:00,35.967
c2,2014-04-10T15:55:00,90.467
c2,2014-04-11T14:40:00,-36.533
c2,2014-04-14T10:50:00,-22.033
c2,2014-04-15T10:20:00,-31.533
c2,2014-04-16T15:40:00,-33.533
c2,2014-04-17T15:55:00,1.717
c2,2014-04-23T15:55:00,14.967
c2,2014-04-24T15:55:00,-11.783
c2,2014-04-25T15:55:00,25.217
c2,2014-04-28T15:55:00,-17.283
c2,2014-04-29T15:55:00,1.467
c2,2014-04-30T10:15:00,-14.033
c2,2014-05-06T15:55:00,8.467
c2,2014-05-07T15:45:00,-0.533
c2,2014-05-08T15:55:00,-14.533
c2,2014-05-09T12:35:00,-32.533
c2,2014-05-12T15:55:00,25.467
c2,2014-05-14T15:05:00,-18.533
c2,2014-05-16T14:55:00,-25.033
c2,2014-05-19T15:55:00,17.967
c2,2014-05-20T12:40:00,-23.033
c2,2014-05-21T15:55:00,11.467
c2,2014-06-20T10:25:00,-10.533
c2,2014-06-25T15:55:00,16.467
c2,2014-06-26T15:55:00,-15.783
c2,2014-06-27T15:55:00,4.967
c2,2014-06-30T15:55:00,-2.283
c2,2014-07-01T15:55:00,21.717
c2,2014-07-02T15:55:00,-4.533
c2,2014-07-10T15:55:00,23.467
c2,2014-07-16T15:55:00,1.217
c2,2014-07-18T15:55:00,24.717
c2,2014-07-21T15:55:00,-12.783
c2,2014-07-22T15:55:00,-3.283
c2,2014-07-23T10:30:00,-14.033
c2,2014-07-24T15:55:00,4.217
c2,2014-07-25T15:55:00,-19.533
c2,2014-07-28T13:35:00,-18.033
c2,2014-07-29T12:35:00,-13.033
c2,2014-08-04T15:55:00,3.217
c2,2014-08-06T15:55:00,3.467
c2,2014-08-07T15:55:00,23.217
c2,2014-08-08T11:10:00,-19.533
c2,2014-08-11T15:55:00,-2.283
c2,2014-08-12T11:00:00,-23.033
c2,2014-08-13T15:55:00,15.717
c2,2014-08-15T14:25:00,-0.533
c2,2014-08-22T10:30:00,-18.033
c2,2014-09-04T15:10:00,-22.033
c2,2014-09-08T13:30:00,-16.533
c2,2014-09-09T13:50:00,-32.533
c2,2014-09-10T12:20:00,-24.033
c2,2014-09-11T15:55:00,-0.533
c2,2014-09-12T15:55:00,2.217
c2,2014-09-15T15:55:00,19.467
c2,2014-09-16T15:55:00,38.967
c2,2014-09-17T15:55:00,-5.533
c2,2014-09-19T15:55:00,8.467
c2,2014-09-22T15:55:00,17.467
c2,2014-09-26T15:55:00,20.217
c2,2014-09-29T15:55:00,23.217
c2,2014-09-30T11:25:00,-27.533
c2,2014-10-01T15:55:00,31.967
c2,2014-10-02T15:55:00,-9.783
c2,2014-10-07T15:55:00,15.717
c2,2014-10-08T15:55:00,62.217
c2,2014-10-14T14:20:00,-34.533
c2,2014-10-15T12:40:00,-43.033
c2,2014-10-16T15:55:00,6.967
c2,2014-10-20T15:55:00,38.217
c2,2014-10-22T15:55:00,6.967
c2,2014-10-23T15:55:00,13.967
c2,2014-10-24T15:55:00,13.717
c2,2014-10-30T15:55:00,-0.533
c2,2014-10-31T15:55:00,-6.033
c2,2014-11-05T15:55:00,3.717
c2,2014-11-06T15:50:00,-25.533
c2,2014-11-07T15:55:00,-7.783
c2,2014-11-13T13:30:00,-21.033
c2,2014-11-14T15:55:00,7.717
c2,2014-11-18T15:55:00,14.467
c2,2014-11-19T15:55:00,-10.533
c2,2014-11-20T15:55:00,24.467
c2,2014-11-21T15:55:00,18.967
c2,2014-11-24T15:55:00,10.967
c2,2014-12-02T15:55:00,2.467
c2,2014-12-04T11:25:00,-20.033
c2,2014-12-05T15:55:00,-3.033
c2,2014-12-09T15:55:00,43.717
c2,2014-12-11T15:55:00,-19.283
c2,2014-12-12T15:55:00,-53.283
c2,2014-12-16T15:50:00,-48.033
c2,2014-12-17T15:55:00,55.717
c2,2014-12-19T15:55:00,9.967
c2,2015-01-05T15:55:00,27.967
c2,2015-01-06T15:55:00,51.217
c2,2015-01-07T15:55:00,9.467
c2,2015-01-08T15:55:00,30.717
c2,2015-01-09T15:55:00,8.717
c2,2015-01-12T15:55:00,11.217
c2,2015-01-13T13:25:00,-47.033
c2,2015-01-14T15:55:00,-15.783
c2,2015-01-15T15:55:00,24.967
c2,2015-01-16T15:55:00,15.217
c2,2015-01-20T13:25:00,-0.533
c2,2015-01-21T15:55:00,-5.033
c2,2015-01-22T11:20:00,-59.033
c2,2015-01-27T15:55:00,9.967
c2,2015-01-28T15:55:00,60.467
c2,2015-01-29T13:50:00,-48.533
c2,2015-02-02T15:35:00,-45.033
c2,2015-02-03T15:55:00,6.967
c2,2015-02-04T15:55:00,-12.283
c2,2015-02-06T15:55:00,16.217
c2,2015-02-10T15:55:00,31.217
c2,2015-02-12T15:55:00,12.467
c2,2015-02-13T15:55:00,17.217
c2,2015-03-10T15:55:00,31.217
c2,2015-03-11T15:55:00,12.217
c2,2015-03-12T15:55:00,8.217
c2,2015-03-16T15:55:00,23.217
c2,2015-03-17T15:55:00,3.967
c2,2015-03-18T14:00:00,-15.533
c2,2015-03-20T11:15:00,-14.033
c2,2015-03-23T15:55:00,-13.783
c2,2015-03-24T15:55:00,3.967
c2,2015-03-25T15:55:00,81.717
c2,2015-03-26T15:55:00,11.217
c2,2015-03-27T15:55:00,-8.533
c2,2015-03-30T15:55:00,0.717
c2,2015-03-31T11:10:00,-17.033
c2,2015-04-01T15:55:00,-10.033
c2,2015-04-06T15:55:00,35.217
c2,2015-04-07T15:55:00,-33.533
c2,2015-04-08T15:55:00,10.967
c2,2015-04-09T15:55:00,-0.03300000000000003
c2,2015-04-13T13:50:00,-31.533
c2,2015-04-15T15:55:00,3.717
c2,2015-04-20T15:55:00,21.967
c2,2015-04-22T13:45:00,-23.033
c2,2015-04-23T15:55:00,13.967
c2,2015-04-27T15:55:00,13.967
c2,2015-04-28T10:30:00,-0.533
c2,2015-05-01T15:55:00,25.967
c2,2015-05-04T15:55:00,-25.533
c2,2015-05-05T15:55:00,39.967
c2,2015-05-06T15:55:00,7.467
c2,2015-05-07T15:55:00,4.967
c2,2015-05-12T10:45:00,-34.033
c2,2015-05-14T10:15:00,-22.033
c2,2015-05-15T15:55:00,-3.533
c2,2015-05-26T15:55:00,22.467
c2,2015-06-01T15:55:00,-19.783
c2,2015-06-04T13:15:00,-26.533
c2,2015-06-08T15:55:00,28.717
c2,2015-06-09T12:55:00,-25.033
c2,2015-06-10T15:55:00,29.717
c2,2015-06-12T15:55:00,2.217
c2,2015-06-16T15:55:00,1.217
c2,2015-06-17T15:55:00,-8.283
c2,2015-06-18T15:55:00,22.967
c2,2015-06-19T15:55:00,9.217
c2,2015-06-22T15:55:00,-7.533
c2,2015-06-23T15:55:00,-9.283
c2,2015-06-25T15:55:00,8.717
c2,2015-06-26T15:55:00,8.217
c2,2015-06-29T13:00:00,-35.033
c2,2015-06-30T14:05:00,-22.533
c2,2015-07-02T15:50:00,-0.533
c2,2015-07-06T15:55:00,-3.783
c2,2015-07-07T13:10:00,-0.533
c2,2015-07-09T15:55:00,48.217
c2,2015-07-10T11:05:00,-16.033
c2,2015-07-13T15:55:00,15.467
c2,2015-07-14T15:55:00,9.717
c2,2015-07-15T15:55:00,-8.283
c2,2015-07-21T15:55:00,-10.283
c2,2015-07-23T15:55:00,12.967
c2,2015-07-24T15:55:00,42.467
c2,2015-07-28T13:15:00,-45.533
c2,2015-07-29T15:55:00,-2.783
c2,2015-07-30T11:45:00,-35.033
c2,2015-07-31T15:55:00,2.217
c2,2015-08-04T15:55:00,-15.783
c2,2015-08-05T15:55:00,-11.783
c2,2015-08-06T15:55:00,46.217
c2,2015-08-07T15:55:00,-32.033
c2,2015-08-10T15:55:00,-4.033
c2,2015-08-12T13:00:00,-53.033
c2,2015-08-13T13:05:00,-38.033
c2,2015-08-14T15:55:00,3.717
c2,2015-08-18T15:55:00,4.217
c2,2015-08-19T14:10:00,-38.033
c2,2015-08-21T11:10:00,-64.033
c2,2015-08-25T15:55:00,111.467
c2,2015-08-26T14:45:00,-77.533
c2,2015-08-27T14:55:00,-40.533
c2,2015-08-28T15:55:00,-8.783
c2,2015-08-31T14:10:00,-38.033
c2,2015-09-01T15:35:00,-81.033
c2,2015-09-02T14:15:00,-45.033
c2,2015-09-03T13:05:00,-47.033
c2,2015-09-04T15:55:00,-23.533
c2,2015-09-08T10:40:00,-31.033
c2,2015-09-09T13:20:00,-0.533
c2,2015-09-10T15:55:00,18.217
c2,2015-09-18T15:55:00,-31.033
c2,2015-09-21T15:55:00,-9.783
c2,2015-09-23T10:35:00,-28.033
c2,2015-09-24T15:55:00,-0.28300000000000003
c2,2015-09-25T15:55:00,54.217
c2,2015-09-28T15:55:00,67.967
c2,2015-09-29T10:10:00,-45.033
c2,2015-09-30T15:55:00,5.217
c2,2015-10-01T15:55:00,-49.033
c2,2015-10-02T15:55:00,111.717
c2,2015-10-07T15:55:00,-21.783
c2,2015-10-08T14:40:00,-36.033
c2,2015-10-13T13:05:00,-0.533
c2,2015-10-14T10:20:00,-28.533
c2,2015-10-15T15:55:00,35.467
c2,2015-10-20T15:55:00,-2.033
c2,2015-10-21T15:55:00,28.467
c2,2015-10-22T15:55:00,28.467
c2,2015-10-26T10:45:00,-22.033
c2,2015-10-27T15:55:00,3.467
c2,2015-10-28T13:55:00,-37.033
c2,2015-10-29T15:55:00,-2.283
c2,2015-11-06T11:25:00,-21.533
c2,2015-11-10T15:55:00,0.46699999999999997
c2,2015-11-11T12:20:00,-24.533
c2,2015-11-12T15:55:00,11.967
c2,2015-11-13T15:55:00,57.717
c2,2015-11-16T15:55:00,38.717
c2,2015-11-17T15:55:00,-7.283
c2,2015-11-18T15:55:00,58.217
c2,2015-11-23T15:15:00,-17.033
c2,2015-11-24T15:55:00,4.967
c2,2015-12-04T15:55:00,67.717
c2,2015-12-07T15:55:00,3.217
c2,2015-12-08T15:55:00,30.967
c2,2015-12-09T11:45:00,-37.033
c2,2015-12-10T15:55:00,-5.533
c2,2015-12-14T15:50:00,-46.033
c2,2015-12-15T15:55:00,-27.783
c2,2015-12-16T15:55:00,22.967
c2,2015-12-17T15:55:00,68.967
c2,2015-12-18T15:55:00,49.467
c2,2015-12-21T15:55:00,-21.283
c2,2016-01-04T15:55:00,-26.283
c2,2016-01-05T15:55:00,10.967
c2,2016-01-06T15:55:00,0.21699999999999997
c2,2016-01-07T13:20:00,-65.033
c2,2016-01-11T15:30:00,-0.533
c2,2016-01-14T10:30:00,-59.533
c2,2016-01-15T12:30:00,-88.033
c2,2016-01-19T15:55:00,26.717
c2,2016-01-20T13:35:00,-0.533
c2,2016-01-21T10:45:00,-69.533
c2,2016-01-25T14:25:00,-31.033
c2,2016-01-26T11:00:00,-46.033
c2,2016-01-27T11:35:00,-0.533
c2,2016-01-28T11:20:00,-0.533
c2,2016-01-29T15:55:00,54.967
c2,2016-02-01T15:55:00,14.967
c2,2016-02-02T15:55:00,41.217
c2,2016-02-03T14:45:00,-0.533
c2,2016-02-05T15:55:00,83.717
c2,2016-02-08T15:45:00,-48.533
c2,2016-02-09T15:55:00,-28.783
c2,2016-02-10T15:55:00,0.967
c2,2016-02-11T15:55:00,9.217
c2,2016-02-12T11:30:00,-48.533
c2,2016-02-16T10:00:00,-22.033
c2,2016-02-17T10:05:00,-23.033
c2,2016-02-18T15:55:00,27.967
c2,2016-02-22T15:55:00,12.967
c2,2016-02-24T11:45:00,-28.533
c2,2016-02-25T15:50:00,-44.033
c2,2016-02-26T15:55:00,18.467
c2,2016-02-29T14:25:00,-39.533
c2,2016-03-02T15:55:00,-18.033
c2,2016-03-03T15:55:00,-18.283
c2,2016-03-07T14:00:00,-22.033
c2,2016-03-10T10:35:00,-46.033
c2,2016-03-11T15:55:00,16.217
c2,2016-03-15T11:25:00,-26.533
c2,2016-03-16T15:55:00,33.467
c2,2016-03-17T15:55:00,-9.783
c2,2016-03-30T15:55:00,-23.033
c2,2016-04-04T10:45:00,-16.533
c2,2016-04-05T11:35:00,-14.033
c2,2016-04-08T15:55:00,16.717
c2,2016-04-11T15:55:00,22.467
c2,2016-04-12T15:55:00,24.217
c2,2016-04-13T15:55:00,14.467
c2,2016-04-15T15:55:00,-3.783
c2,2016-04-18T15:55:00,26.467
c2,2016-04-19T15:55:00,2.967
c2,2016-04-21T12:00:00,-16.533
c2,2016-04-26T15:55:00,7.467
c2,2016-04-28T14:40:00,-30.033
c2,2016-05-03T15:30:00,-24.033
c2,2016-05-04T15:55:00,-4.783
c2,2016-05-05T10:25:00,-18.033
c2,2016-05-06T15:55:00,11.967
c2,2016-05-09T15:55:00,-13.533
c2,2016-05-11T11:00:00,-15.533
c2,2016-05-12T14:45:00,-0.533
c2,2016-05-16T15:55:00,36.967
c2,2016-05-17T15:55:00,35.967
c2,2016-05-18T14:05:00,-0.533
c2,2016-05-20T15:55:00,13.467
c2,2016-05-24T15:55:00,39.467
c2,2016-05-25T15:55:00,7.717
c2,2016-05-31T15:30:00,-0.533
c2,2016-06-06T15:55:00,5.717
c2,2016-06-07T12:40:00,-11.033
c2,2016-06-08T10:05:00,-9.533
c2,2016-06-09T12:10:00,-19.533
c2,2016-06-15T15:55:00,14.717
c2,2016-06-16T12:40:00,-25.033
c2,2016-06-17T15:55:00,9.217
c2,2016-06-20T14:25:00,-18.533
c2,2016-06-21T15:55:00,-8.783
c2,2016-06-22T13:45:00,-11.033
c2,2016-06-24T15:55:00,-69.533
c2,2016-06-27T15:55:00,23.967
c2,2016-06-28T15:55:00,23.467
c2,2016-06-29T15:55:00,27.967
c2,2016-06-30T11:05:00,-23.033
c2,2016-07-01T15:55:00,-1.033
c2,2016-07-05T15:55:00,-11.283
c2,2016-07-07T12:50:00,-21.533
c2,2016-07-08T15:55:00,32.467
c2,2016-07-11T15:55:00,-7.033
c2,2016-07-13T15:55:00,2.217
c2,2016-07-14T10:15:00,-15.533
c2,2016-07-21T11:40:00,-16.033
c2,2016-07-25T15:55:00,-13.533
c2,2016-07-26T10:50:00,-18.033
c2,2016-07-27T15:40:00,-17.533
c2,2016-07-29T12:05:00,-26.033
c2,2016-08-02T15:55:00,2.217
c2,2016-08-03T15:55:00,9.717
c2,2016-08-04T10:05:00,-15.033
c2,2016-08-05T15:55:00,8.217
c2,2016-08-08T15:55:00,-2.783
c2,2016-08-09T15:55:00,-5.033
c2,2016-08-10T15:55:00,5.217
c2,2016-08-12T15:55:00,2.717
c2,2016-08-15T15:55:00,-1.283
c2,2016-08-17T15:55:00,-31.033
c2,2016-08-18T12:30:00,-15.533
c2,2016-08-23T11:05:00,-13.033
c2,2016-08-25T15:55:00,-7.533
c2,2016-08-26T12:05:00,-42.533
c2,2016-08-29T15:55:00,-10.533
c2,2016-08-31T15:55:00,-11.783
c2,2016-09-01T15:55:00,-4.283
c2,2016-09-02T15:55:00,-2.533
c2,2016-09-07T11:15:00,-14.533
c2,2016-09-08T15:55:00,-2.033
c2,2016-09-12T15:55:00,58.467
c2,2016-09-14T15:55:00,-12.033
c2,2016-09-15T15:55:00,42.217
c2,2016-09-16T15:55:00,-17.783
c2,2016-09-19T10:35:00,-18.033
c2,2016-09-20T15:55:00,-0.783
c2,2016-09-21T14:00:00,-0.533
c2,2016-09-23T15:55:00,14.467
c2,2016-09-27T15:55:00,28.967
c2,2016-09-28T14:15:00,-14.033
c2,2016-09-30T15:55:00,6.467
c2,2016-10-03T10:40:00,-15.033
c2,2016-10-04T10:10:00,-15.533
c2,2016-10-05T15:55:00,-8.533
c2,2016-10-06T11:50:00,-29.533
c2,2016-10-07T15:55:00,-6.283
c2,2016-10-10T15:55:00,-7.033
c2,2016-10-11T15:55:00,41.467
c2,2016-10-13T12:35:00,-17.033
c2,2016-10-14T11:30:00,-23.533
c2,2016-10-17T15:55:00,-4.783
c2,2016-10-18T15:55:00,-1.283
c2,2016-10-19T15:55:00,-2.533
c2,2016-10-20T15:55:00,-26.283
c2,2016-10-24T15:55:00,15.467
c2,2016-10-25T15:55:00,6.967
c2,2016-10-26T15:55:00,-9.783
c2,2016-10-27T15:55:00,31.967
c2,2016-10-28T15:55:00,-6.533
c2,2016-10-31T15:55:00,7.467
c2,2016-11-01T15:55:00,23.967
c2,2016-11-04T15:55:00,-36.783
c2,2016-11-07T15:55:00,28.217
c2,2016-11-08T15:55:00,26.217
c2,2016-11-09T15:55:00,4.967
c2,2016-11-10T15:55:00,73.717
c2,2016-11-11T15:55:00,5.717
c2,2016-11-14T15:55:00,12.967
c2,2016-11-15T15:55:00,1.717
c2,2016-11-16T15:55:00,15.217
c2,2016-11-21T15:55:00,14.717
c2,2016-11-23T15:55:00,-17.783
c2,2016-12-01T15:55:00,57.467
c2,2016-12-07T15:55:00,60.217
c2,2016-12-08T15:55:00,-6.283
c2,2016-12-09T15:55:00,4.717
c2,2016-12-13T15:55:00,7.967
c2,2016-12-15T15:55:00,-20.283
c2,2016-12-20T15:55:00,-7.283
c2,2016-12-30T15:55:00,37.467
c2,2017-01-03T15:55:00,-25.783
c2,2017-01-04T15:55:00,-7.783
c2,2017-01-05T15:55:00,6.967
c2,2017-01-09T15:55:00,1.467
c2,2017-01-11T11:20:00,-18.033
c2,2017-01-12T13:15:00,-25.033
c2,2017-01-13T15:55:00,-2.533
c2,2017-01-24T15:55:00,9.967
c2,2017-01-25T15:55:00,12.967
c2,2017-01-27T15:55:00,-11.533
c2,2017-01-30T15:55:00,-8.533
c2,2017-01-31T15:55:00,-17.533
c2,2017-02-03T15:55:00,-2.283
c2,2017-02-06T15:55:00,7.467
c2,2017-02-07T15:55:00,-3.283
c2,2017-02-08T10:10:00,-13.533
c2,2017-02-09T15:55:00,3.967
c2,2017-02-10T12:05:00,-15.033
c2,2017-02-13T15:55:00,8.217
c2,2017-02-14T12:50:00,-15.533
c2,2017-02-15T15:55:00,18.217
c2,2017-02-17T15:55:00,20.467
c2,2017-02-21T15:55:00,6.967
c2,2017-02-23T15:55:00,7.967
c2,2017-02-24T15:55:00,21.717
c2,2017-02-28T15:55:00,7.967
c2,2017-03-01T11:05:00,-18.033
c2,2017-03-02T15:55:00,11.467
c2,2017-03-03T15:55:00,5.217
c2,2017-03-06T13:10:00,-20.033
c2,2017-03-07T15:40:00,-20.033
c2,2017-03-08T15:55:00,-8.283
c2,2017-03-09T15:55:00,-21.033
c2,2017-03-10T15:15:00,-0.533
c2,2017-03-15T14:00:00,-21.533
c2,2017-03-16T15:55:00,5.717
c2,2017-03-20T15:15:00,-11.533
c2,2017-03-22T15:55:00,3.217
c2,2017-03-24T14:40:00,-22.033
c2,2017-03-28T15:55:00,17.967
c2,2017-03-29T15:55:00,16.717
c2,2017-04-04T15:55:00,9.217
c2,2017-04-05T14:50:00,-0.533
c2,2017-04-06T14:45:00,-22.033
c2,2017-04-11T13:00:00,-0.533
c2,2017-04-12T15:55:00,6.717
c2,2017-04-13T13:45:00,-23.033
c2,2017-04-18T15:55:00,-14.783
c2,2017-04-19T13:10:00,-18.533
c2,2017-04-20T15:55:00,7.467
c2,2017-04-21T15:55:00,-7.033
c2,2017-04-24T15:55:00,0.21699999999999997
c2,2017-04-25T15:55:00,12.217
c2,2017-04-28T15:55:00,-2.533
c2,2017-05-01T15:55:00,7.217
c2,2017-05-02T15:55:00,-11.283
c2,2017-05-03T15:55:00,-10.283
c2,2017-05-05T15:55:00,-16.533
c2,2017-05-08T15:55:00,-19.533
c2,2017-05-09T15:55:00,-0.03300000000000003
c2,2017-05-10T15:55:00,-14.533
c2,2017-05-11T15:55:00,1.967
c2,2017-05-12T15:55:00,-0.03300000000000003
c2,2017-05-15T15:55:00,4.467
c2,2017-05-16T11:50:00,-18.033
c2,2017-05-18T15:55:00,7.717
c2,2017-05-19T15:55:00,-15.283
c2,2017-05-22T15:55:00,12.217
c2,2017-05-23T15:55:00,-4.783
c2,2017-05-31T15:55:00,6.467
c2,2017-06-01T12:50:00,-20.033
c2,2017-06-06T15:25:00,-22.033
c2,2017-06-08T15:55:00,-20.283
c2,2017-06-09T14:45:00,169.967
c2,2017-06-13T10:50:00,-31.033
c2,2017-06-14T15:55:00,13.217
c2,2017-06-15T15:55:00,17.217
c2,2017-06-16T15:55:00,-8.033
c2,2017-06-19T15:55:00,11.217
c2,2017-06-20T15:55:00,20.967
c2,2017-06-21T15:55:00,27.967
c2,2017-06-27T15:55:00,48.217
c2,2017-06-28T10:40:00,-45.033
c2,2017-06-29T15:55:00,40.717
c2,2017-07-05T15:55:00,11.967
c2,2017-07-06T15:55:00,-15.033
c2,2017-07-07T15:55:00,18.467
c2,2017-07-10T15:55:00,9.467
c2,2017-07-13T15:55:00,-7.033
c2,2017-07-17T14:10:00,-20.533
c2,2017-07-19T15:55:00,-4.033
c2,2017-07-20T15:55:00,-3.533
c2,2017-07-21T15:55:00,7.717
c2,2017-07-27T15:55:00,45.717
c2,2017-07-28T15:55:00,4.217
c2,2017-08-01T15:55:00,-14.283
c2,2017-08-02T14:25:00,-0.533
c2,2017-08-03T15:55:00,4.217
c2,2017-08-04T15:55:00,-10.533
c2,2017-08-09T15:55:00,23.717
c2,2017-08-10T15:55:00,78.967
c2,2017-08-14T15:55:00,9.467
c2,2017-08-15T15:55:00,-5.533
c2,2017-08-16T11:45:00,-26.033
c2,2017-08-17T15:55:00,82.467
c2,2017-08-18T11:25:00,-31.033
c2,2017-08-22T15:55:00,25.717
c2,2017-08-23T15:55:00,-7.283
c2,2017-08-24T15:55:00,14.717
c2,2017-08-25T15:10:00,-0.533
c2,2017-08-29T15:55:00,41.717
c2,2017-08-30T15:55:00,40.967
c2,2017-08-31T15:55:00,23.217
c2,2017-09-01T15:55:00,-4.533
c2,2017-09-05T15:55:00,12.717
c2,2017-09-06T15:55:00,-24.283
c2,2017-09-11T15:55:00,-4.533
c2,2017-09-13T15:55:00,7.967
c2,2017-09-18T14:20:00,-30.033
c2,2017-09-19T15:55:00,-18.783
c2,2017-09-21T15:55:00,-0.533
c2,2017-09-22T15:55:00,-5.283
c2,2017-09-25T15:55:00,2.717
c2,2017-09-27T15:55:00,2.217
c2,2017-09-29T15:55:00,12.467
c2,2017-10-02T11:40:00,-21.033
c2,2017-10-03T15:55:00,-5.533
c2,2017-10-04T15:55:00,-0.533
c2,2017-10-05T15:55:00,14.717
c2,2017-10-06T15:55:00,11.717
c2,2017-10-12T15:50:00,-16.533
c2,2017-10-24T13:40:00,-31.533
c2,2017-10-30T15:55:00,-13.283
c2,2017-10-31T14:00:00,-23.533
c2,2017-11-02T15:55:00,-23.783
c2,2017-11-03T13:05:00,-37.533
c2,2017-11-06T15:55:00,1.217
c2,2017-11-07T11:55:00,-25.033
c2,2017-11-09T11:45:00,-22.033
c2,2017-11-10T15:55:00,-3.533
c2,2017-11-13T15:55:00,17.967
c2,2017-11-14T15:55:00,-31.033
c2,2017-11-16T15:55:00,28.967
c2,2017-11-17T15:55:00,13.217
c2,2017-11-21T15:55:00,18.217
c2,2017-11-22T15:55:00,-12.283
c2,2017-12-01T11:10:00,-64.033
c2,2017-12-04T15:55:00,87.717
c2,2017-12-05T15:55:00,-47.783
c2,2017-12-06T15:55:00,4.467
c2,2017-12-07T15:55:00,-5.533
c2,2017-12-14T15:55:00,1.967
c2,2017-12-19T15:55:00,9.717
c2,2017-12-20T15:55:00,-7.283
c2,2017-12-21T15:50:00,-24.533
c2,2018-01-02T15:55:00,60.217
c2,2018-01-03T15:55:00,28.467
c2,2018-01-04T15:55:00,-4.033
c2,2018-01-08T15:55:00,6.217
c2,2018-01-09T15:55:00,-11.783
c2,2018-01-11T11:00:00,-15.033
c2,2018-01-12T15:55:00,30.717
c2,2018-01-16T11:15:00,-48.033
c2,2018-01-18T15:55:00,-9.783
c2,2018-01-23T15:55:00,21.967
c2,2018-01-24T14:45:00,-0.533
c2,2018-01-25T15:55:00,21.467
c2,2018-01-29T15:55:00,-7.533
c2,2018-01-30T15:55:00,-24.283
c2,2018-02-01T15:40:00,-70.533
c2,2018-02-02T15:55:00,98.217
c2,2018-02-05T14:50:00,-88.533
c2,2018-02-06T15:55:00,73.717
c2,2018-02-07T13:05:00,-70.533
c2,2018-02-08T15:55:00,257.217
c2,2018-02-09T14:10:00,-0.533
c2,2018-02-12T15:55:00,-1.783
c2,2018-02-13T15:55:00,18.967
c2,2018-02-14T15:55:00,116.217
c2,2018-02-15T12:55:00,-77.533
c2,2018-02-16T15:55:00,-48.533
c2,2018-02-20T15:55:00,-10.283
c2,2018-02-21T15:50:00,-48.033
c2,2018-02-22T13:15:00,-54.533
c2,2018-02-23T15:55:00,64.967
c2,2018-02-27T10:45:00,-34.533
c2,2018-02-28T14:00:00,-40.033
c2,2018-03-01T15:55:00,65.967
c2,2018-03-02T10:40:00,-79.033
c2,2018-03-05T15:55:00,64.717
c2,2018-03-06T15:55:00,-22.533
c2,2018-03-07T15:55:00,24.967
c2,2018-03-12T15:55:00,-7.783
c2,2018-03-14T15:55:00,10.467
c2,2018-03-15T10:30:00,-42.033
c2,2018-03-16T11:40:00,-30.033
c2,2018-03-19T15:55:00,38.467
c2,2018-03-20T11:45:00,-35.533
c2,2018-03-21T15:10:00,-31.033
c2,2018-03-22T10:55:00,-67.533
c2,2018-03-23T15:55:00,146.967
c2,2018-03-26T15:55:00,80.717
c2,2018-03-27T15:55:00,233.717
c2,2018-03-28T15:55:00,-35.783
c2,2018-03-29T10:50:00,-78.033
c2,2018-04-03T11:40:00,-53.533
c2,2018-04-04T15:55:00,150.467
c2,2018-04-05T15:55:00,-5.783
c2,2018-04-10T14:10:00,-68.533
c2,2018-04-11T15:55:00,-41.033
c2,2018-04-12T15:55:00,6.717
c2,2018-04-13T15:55:00,50.217
c2,2018-04-16T13:00:00,-49.533
c2,2018-04-17T15:55:00,60.217
c2,2018-04-18T12:10:00,-39.533
c2,2018-04-19T15:55:00,9.217
c2,2018-04-20T15:55:00,43.467
c2,2018-04-23T11:10:00,-34.533
c2,2018-04-24T15:55:00,140.967
c2,2018-04-25T11:10:00,-85.033
c2,2018-04-27T15:55:00,29.967
c2,2018-04-30T11:35:00,-33.533
c2,2018-05-02T15:55:00,7.967
c2,2018-05-03T12:50:00,-43.033
c2,2018-05-04T15:55:00,111.717
c2,2018-05-07T15:55:00,-9.283
c2,2018-05-08T11:15:00,-48.033
c2,2018-05-09T12:25:00,-44.533
c2,2018-05-10T15:55:00,33.467
c2,2018-05-25T15:55:00,-10.783
c2,2018-05-29T15:55:00,-28.033
c2,2018-06-05T15:55:00,-20.533
c2,2018-06-07T15:55:00,29.717
c2,2018-06-08T15:55:00,18.717
c2,2018-06-11T15:55:00,0.46699999999999997
c2,2018-06-13T14:00:00,-0.533
c2,2018-06-14T15:55:00,12.217
c2,2018-06-19T15:55:00,23.717
c2,2018-06-20T15:55:00,-3.283
c2,2018-06-21T15:55:00,55.967
c2,2018-06-22T15:55:00,3.967
c2,2018-06-25T15:55:00,55.467
c2,2018-06-27T11:25:00,-33.033
c2,2018-06-28T15:55:00,29.467
c2,2018-06-29T15:50:00,-35.533
c2,2018-07-02T15:55:00,88.967
c2,2018-07-05T15:55:00,19.217
c2,2018-07-06T15:55:00,65.967
c2,2018-07-09T15:55:00,7.467
c2,2018-07-10T13:45:00,-33.033
c2,2018-07-11T15:55:00,-21.783
c2,2018-07-12T15:55:00,66.467
c2,2018-07-13T15:55:00,-6.283
c2,2018-07-17T15:55:00,90.467
c2,2018-07-18T15:55:00,-5.533
c2,2018-07-20T15:55:00,0.46699999999999997
c2,2018-07-25T15:55:00,77.967
c2,2018-07-27T15:55:00,97.467
c2,2018-07-30T15:55:00,23.967
c2,2018-08-02T15:55:00,114.967
c2,2018-08-08T15:55:00,-1.533
c2,2018-08-13T12:25:00,-45.033
c2,2018-08-14T11:45:00,-39.533
c2,2018-08-16T15:55:00,8.217
c2,2018-08-17T15:55:00,-3.783
c2,2018-08-20T15:55:00,-0.28300000000000003
c2,2018-08-21T15:55:00,-21.533
c2,2018-08-22T15:55:00,7.967
c2,2018-08-23T11:40:00,-50.533
c2,2018-08-24T15:55:00,23.217
c2,2018-08-29T15:55:00,56.467
c2,2018-08-30T15:55:00,-18.783
c2,2018-08-31T15:55:00,-20.533
c2,2018-09-05T15:55:00,52.467
c2,2018-09-06T15:55:00,31.217
c2,2018-09-07T15:55:00,-4.533
c2,2018-09-10T15:55:00,-35.033
c2,2018-09-11T15:55:00,67.217
c2,2018-09-12T15:55:00,-25.283
c2,2018-09-13T15:55:00,-12.533
c2,2018-09-14T15:55:00,-4.533
c2,2018-09-17T15:55:00,50.217
c2,2018-09-18T15:55:00,-10.533
c2,2018-09-19T15:55:00,-21.783
c2,2018-09-25T15:55:00,-38.533
c2,2018-09-26T15:55:00,-36.033
c2,2018-09-27T15:55:00,9.967
c2,2018-09-28T15:55:00,-4.033
c2,2018-10-04T15:55:00,64.467
c2,2018-10-08T15:55:00,-33.533
c2,2018-10-09T15:55:00,-40.533
c2,2018-10-10T15:55:00,206.717
c2,2018-10-11T12:20:00,-120.533
c2,2018-10-12T15:55:00,-57.533
c2,2018-10-15T15:55:00,-2.033
c2,2018-10-16T10:30:00,-42.533
c2,2018-10-17T15:55:00,-55.783
c2,2018-10-18T15:55:00,81.217
c2,2018-10-19T12:15:00,-92.033
c2,2018-10-22T10:50:00,-84.533
c2,2018-10-23T12:30:00,-98.033
c2,2018-10-24T15:55:00,284.717
c2,2018-10-26T15:55:00,-36.033
c2,2018-10-29T15:55:00,189.717
c2,2018-10-30T15:55:00,38.967
c2,2018-10-31T15:55:00,6.467
c2,2018-11-01T15:55:00,43.717
c2,2018-11-02T10:25:00,-90.033
c2,2018-11-05T15:55:00,-40.033
c2,2018-11-07T15:55:00,84.467
c2,2018-11-09T15:55:00,17.467
c2,2018-11-12T15:55:00,73.967
c2,2018-11-13T14:20:00,-113.533
c2,2018-11-14T15:55:00,86.217
c2,2018-11-15T15:55:00,85.467
c2,2018-11-19T15:55:00,142.467
c2,2018-11-20T15:55:00,-32.783
c2,2018-11-21T15:55:00,8.217
c2,2018-11-28T15:55:00,122.717
c2,2018-11-29T15:55:00,-21.033
c2,2018-12-03T15:55:00,-17.783
c2,2018-12-06T15:55:00,82.967
c2,2018-12-10T15:55:00,-6.783
c2,2018-12-11T15:10:00,-0.533
c2,2018-12-12T15:55:00,-0.533
c2,2018-12-14T15:55:00,49.967
c2,2018-12-17T11:05:00,-84.533
c2,2018-12-18T15:55:00,-16.283
c2,2018-12-19T14:00:00,-74.533
c2,2018-12-26T15:55:00,189.467
c2,2018-12-27T15:55:00,45.217
c2,2018-12-28T14:50:00,-126.033
c2,2019-01-02T15:55:00,110.467
c2,2019-01-03T15:55:00,87.967
c2,2019-01-04T15:55:00,146.217
c2,2019-01-09T15:55:00,-9.533
c2,2019-01-10T10:30:00,-48.533
c2,2019-01-24T15:55:00,-3.033
c2,2019-01-29T15:55:00,35.717
c2,2019-02-01T15:55:00,-34.533
c2,2019-02-04T15:55:00,58.217
c2,2019-02-05T15:55:00,13.217
c2,2019-02-06T15:55:00,2.217
c2,2019-03-05T11:10:00,-36.533
c2,2019-03-06T15:55:00,29.467
c2,2019-03-07T15:55:00,26.967
c2,2019-03-08T15:55:00,45.467
c2,2019-03-11T15:55:00,72.717
c2,2019-03-12T15:55:00,3.217
c2,2019-03-13T15:55:00,5.967
c2,2019-03-14T15:55:00,-1.533
c2,2019-03-18T12:15:00,-37.033
c2,2019-03-19T12:45:00,-27.533
c2,2019-03-21T15:55:00,88.217
c2,2019-03-26T11:50:00,-38.033
c2,2019-03-27T15:55:00,32.467
c2,2019-03-28T15:55:00,-43.033
c2,2019-03-29T15:55:00,-26.783
c2,2019-04-01T13:00:00,-38.533
c2,2019-04-03T15:55:00,-21.033
c2,2019-04-05T15:55:00,-1.783
c2,2019-04-09T15:55:00,-14.533
c2,2019-04-11T15:55:00,-1.533
c2,2019-04-18T15:55:00,-26.533
c2,2019-04-23T15:55:00,54.967
c2,2019-04-25T15:55:00,-22.783
c2,2019-04-29T15:55:00,-3.533
c2,2019-04-30T15:55:00,-43.783
c2,2019-05-01T15:55:00,59.717
c2,2019-05-02T11:20:00,-50.533
c2,2019-05-06T15:55:00,47.717
c2,2019-05-09T15:55:00,0.46699999999999997
c2,2019-05-10T15:55:00,8.967
c2,2019-05-14T15:55:00,12.967
c2,2019-05-15T15:55:00,112.717
c2,2019-05-16T15:55:00,28.217
c2,2019-05-17T15:55:00,-50.783
c2,2019-05-21T15:55:00,-11.783
c2,2019-05-22T15:55:00,-27.283
c2,2019-05-23T15:25:00,-0.533
c2,2019-05-29T15:55:00,-27.033
c2,2019-05-31T15:55:00,9.217
c2,2019-06-05T11:25:00,-0.533
c2,2019-06-06T15:55:00,19.467
c2,2019-06-07T15:55:00,48.467
c2,2019-06-10T15:55:00,-21.783
c2,2019-06-11T15:55:00,23.717
c2,2019-06-17T15:55:00,-2.283
c2,2019-06-18T15:55:00,-24.283
c2,2019-06-20T15:55:00,1.967
c2,2019-06-25T15:55:00,93.467
c2,2019-06-27T15:55:00,-16.033
c2,2019-06-28T15:55:00,-23.533
c2,2019-07-02T15:55:00,19.717
c2,2019-07-10T15:55:00,-19.283
c2,2019-07-11T13:35:00,-39.033
c2,2019-07-12T15:55:00,20.217
c2,2019-07-19T15:55:00,91.467
c2,2019-07-22T15:55:00,23.467
c2,2019-07-23T15:55:00,-38.033
c2,2019-07-24T15:55:00,55.217
c2,2019-07-25T15:55:00,9.967
c2,2019-07-29T15:55:00,-14.533
c2,2019-07-30T15:55:00,-27.283
c2,2019-07-31T15:55:00,92.967
c2,2019-08-01T13:55:00,-120.533
c2,2019-08-05T15:55:00,70.467
c2,2019-08-06T15:55:00,-20.283
c2,2019-08-07T15:55:00,83.217
c2,2019-08-08T15:55:00,103.967
c2,2019-08-12T15:55:00,-8.033
c2,2019-08-13T15:55:00,10.967
c2,2019-08-15T15:55:00,-24.533
c2,2019-08-16T15:55:00,20.217
c2,2019-08-21T14:00:00,-36.033
c2,2019-08-23T11:00:00,-0.533
c2,2019-08-26T15:55:00,-59.033
c2,2019-08-27T15:05:00,-0.533
c2,2019-08-29T15:55:00,-18.533
c2,2019-08-30T15:55:00,-9.533
c2,2019-09-05T15:55:00,20.967
c2,2019-09-09T15:55:00,14.217
c2,2019-09-10T15:55:00,-61.283
c2,2019-09-11T15:55:00,38.717
c2,2019-09-12T15:55:00,-46.783
c2,2019-09-16T15:55:00,-10.783
c2,2019-09-18T15:10:00,-35.033
c2,2019-09-24T10:20:00,-32.533
c2,2019-09-25T15:55:00,72.967
c2,2019-09-26T15:55:00,-29.283
c2,2019-09-27T15:55:00,65.467
c2,2019-10-02T15:55:00,13.217
c2,2019-10-03T15:55:00,53.467
c2,2019-10-04T15:55:00,42.967
c2,2019-10-07T15:55:00,-34.783
c2,2019-10-08T14:35:00,-63.033
c2,2019-10-09T15:55:00,-1.533
c2,2019-10-10T14:05:00,-0.533
c2,2019-10-11T15:45:00,-0.533
c2,2019-10-15T15:55:00,48.217
c2,2019-10-16T15:55:00,-5.033
c2,2019-10-17T15:55:00,4.467
c2,2019-10-23T15:55:00,7.217
c2,2019-10-24T11:30:00,-37.033
c2,2019-10-25T15:55:00,62.967
c2,2019-10-28T15:55:00,8.967
c2,2019-10-29T15:55:00,27.467
c2,2019-10-31T15:55:00,-9.283
c2,2019-11-06T15:55:00,-20.283
c2,2019-11-12T14:55:00,-34.033
c2,2019-11-13T15:55:00,-7.783
c2,2019-11-14T11:45:00,-41.033
c2,2019-11-15T15:55:00,-29.283
c2,2019-11-21T15:55:00,-15.533
c2,2019-11-25T15:55:00,17.717
c2,2019-11-26T15:55:00,0.717
c2,2019-12-03T15:20:00,-78.033
c2,2019-12-05T15:55:00,-32.533
c2,2019-12-06T15:55:00,11.217
c2,2019-12-09T15:55:00,-55.533
c2,2019-12-12T15:55:00,-20.283
c2,2019-12-13T15:55:00,-23.283
c2,2019-12-16T15:55:00,2.217
c2,2019-12-17T15:55:00,-4.283
c2,2019-12-18T15:55:00,-22.783
c2,2019-12-19T15:55:00,16.467
c2,2019-12-20T15:55:00,-17.533
c2,2019-12-30T15:55:00,-23.533
c2,2020-01-02T15:55:00,26.717
c2,2020-01-03T15:55:00,-37.533
c2,2020-01-06T15:55:00,79.717
c2,2020-01-08T15:55:00,38.967
c2,2020-01-10T15:55:00,11.217
c2,2020-01-13T15:55:00,51.717
c2,2020-01-14T15:55:00,4.467
c2,2020-01-15T15:25:00,-56.533
c2,2020-01-16T15:55:00,20.717
c2,2020-01-17T15:55:00,-52.033
c2,2020-01-21T15:55:00,-0.783
c2,2020-01-22T15:20:00,-47.533
c2,2020-01-24T15:55:00,94.467
c2,2020-01-27T15:55:00,-28.283
c2,2020-01-29T15:55:00,10.217
c2,2020-01-30T15:55:00,13.217
c2,2020-01-31T15:55:00,118.217
c2,2020-02-03T15:55:00,15.717
c2,2020-02-05T15:55:00,2.467
c2,2020-02-10T15:55:00,76.467
c2,2020-02-11T15:55:00,2.217
c2,2020-02-12T15:55:00,10.717
c2,2020-02-13T15:55:00,13.967
c2,2020-02-18T15:55:00,10.967
c2,2020-02-19T15:55:00,14.217
c2,2020-02-20T15:55:00,27.217
c2,2020-02-21T15:55:00,30.717
c2,2020-02-26T13:40:00,-171.533
c2,2020-02-27T15:00:00,-183.033
c2,2020-03-03T10:00:00,-205.533
c2,2020-03-05T15:10:00,-161.033
c2,2020-03-06T14:35:00,-161.033
c2,2020-03-10T15:20:00,-177.033
c2,2020-03-11T15:55:00,127.217
c2,2020-03-12T12:55:00,-157.533
c2,2020-03-25T15:55:00,-250.283
c2,2020-03-26T15:55:00,164.717
c2,2020-04-02T15:55:00,59.467
c2,2020-04-07T15:55:00,133.467
c2,2020-04-08T15:55:00,36.467
c2,2020-04-09T15:55:00,-5.783
c2,2020-04-13T15:55:00,43.217
c2,2020-04-14T15:55:00,143.717
c2,2020-04-15T15:55:00,-0.03300000000000003
c2,2020-04-16T10:55:00,-103.533
c2,2020-04-17T15:55:00,-73.283
c2,2020-04-20T15:55:00,-92.533
c2,2020-04-21T15:55:00,120.467
c2,2020-04-22T15:55:00,43.717
c2,2020-04-23T12:45:00,-163.033
c2,2020-04-24T13:40:00,-102.033
c2,2020-04-27T15:55:00,-16.783
c2,2020-04-28T15:55:00,163.217
c2,2020-04-30T15:55:00,-72.783
c2,2020-05-01T11:50:00,-126.033
c2,2020-05-05T15:55:00,-38.533
c2,2020-05-14T15:55:00,89.717
c2,2020-05-15T15:55:00,134.217
c2,2020-05-18T15:55:00,15.717
c2,2020-05-19T15:55:00,-85.033
c2,2020-05-20T15:55:00,30.967
c2,2020-06-02T14:00:00,-71.033
c2,2020-06-04T11:15:00,-52.533
c2,2020-06-05T15:55:00,46.967
c2,2020-06-08T15:55:00,53.967
c2,2020-06-09T15:55:00,65.217
c2,2020-06-10T14:50:00,-0.533
c2,2020-06-11T15:55:00,262.717
c2,2020-06-15T15:55:00,180.217
c2,2020-06-16T14:15:00,-82.533
c2,2020-06-17T12:30:00,-76.533
c2,2020-06-18T15:55:00,3.967
c2,2020-06-19T15:55:00,71.217
c2,2020-06-23T15:30:00,-0.533
c2,2020-06-25T12:05:00,-98.533
c2,2020-06-26T15:55:00,163.717
c2,2020-06-29T12:00:00,-151.533
c2,2020-07-01T15:55:00,49.967
c2,2020-07-06T14:20:00,-0.533
c2,2020-07-08T11:20:00,-88.533
c2,2020-07-09T15:10:00,-118.533
c2,2020-07-13T14:05:00,-105.033
c2,2020-07-14T15:55:00,42.217
c2,2020-07-15T15:55:00,-36.033
c2,2020-07-16T15:55:00,-9.033
c2,2020-07-17T14:05:00,-47.533
c2,2020-07-21T15:55:00,76.217
c2,2020-07-22T10:50:00,-106.533
c2,2020-07-23T15:55:00,200.217
c2,2020-07-27T15:55:00,53.467
c2,2020-07-28T15:55:00,31.717
c2,2020-07-30T15:55:00,66.217
c2,2020-07-31T15:55:00,-166.033
c2,2020-08-03T15:55:00,-4.033
c2,2020-08-04T15:55:00,22.717
c2,2020-08-07T15:55:00,70.217
c2,2020-08-10T13:10:00,-0.533
c2,2020-08-11T15:55:00,49.717
c2,2020-08-12T15:55:00,114.967
c2,2020-08-13T15:55:00,-68.533
c2,2020-08-18T15:55:00,-3.533
c2,2020-08-19T14:20:00,-92.533
c2,2020-08-25T15:55:00,70.967
c2,2020-08-26T15:55:00,158.217
c2,2020-08-27T15:55:00,-67.283
c2,2020-08-28T15:55:00,-27.033
c2,2020-09-02T12:35:00,-0.533
c2,2020-09-03T15:55:00,371.217
c2,2020-09-08T15:55:00,-259.533
c2,2020-09-11T15:55:00,-87.283
c2,2020-09-15T10:40:00,-79.533
c2,2020-09-17T15:55:00,11.217
c2,2020-09-18T15:55:00,121.717
c2,2020-09-21T12:25:00,-182.533
c2,2020-09-22T14:00:00,-143.033
c2,2020-09-23T15:55:00,233.717
c2,2020-09-28T15:55:00,-94.033
c2,2020-09-30T15:55:00,-23.533
c2,2020-10-01T14:50:00,-67.033
c2,2020-10-02T12:05:00,-239.033
c2,2020-10-06T11:10:00,-68.533
c2,2020-10-07T15:55:00,31.467
c2,2020-10-08T15:55:00,-24.283
c2,2020-10-09T15:55:00,78.467
c2,2020-10-12T15:55:00,106.217
c2,2020-10-15T15:55:00,14.467
c2,2020-10-16T15:55:00,89.217
c2,2020-10-20T13:10:00,-141.533
c2,2020-10-21T15:55:00,-95.783
c2,2020-10-22T13:10:00,-0.533
c2,2020-10-23T15:55:00,-102.533
c2,2020-10-26T11:00:00,-165.533
c2,2020-10-27T15:55:00,-1.533
c2,2020-10-28T15:55:00,134.217
c2,2020-10-29T15:55:00,63.217
c2,2020-10-30T15:55:00,121.717
c2,2020-11-02T11:15:00,-118.033
c2,2020-11-05T15:55:00,-13.033
c2,2020-11-09T15:55:00,208.967
c2,2020-11-10T15:55:00,-36.283
c2,2020-11-11T15:55:00,58.967
c2,2020-11-13T15:55:00,-3.283
c2,2020-11-16T15:55:00,19.967
c2,2020-11-17T15:55:00,-13.283
c2,2020-11-18T15:40:00,-82.533
c2,2020-11-25T15:55:00,6.217
c2,2020-12-03T15:55:00,-46.783
c2,2020-12-07T15:55:00,11.967
c2,2020-12-10T15:55:00,56.967
c2,2020-12-11T15:55:00,-0.03300000000000003
c2,2020-12-14T15:55:00,-61.533
c2,2020-12-15T15:55:00,-0.533
c2,2020-12-18T15:55:00,34.717
c2,2020-12-21T15:55:00,8.467
c2,2020-12-22T15:55:00,-74.033
c2,2020-12-23T15:55:00,-0.533
c2,2020-12-28T12:10:00,-63.033
c2,2021-01-05T15:55:00,43.217
c2,2021-01-06T15:55:00,-27.283
c2,2021-01-07T15:55:00,86.967
c2,2021-01-08T12:15:00,-106.033
c2,2021-01-19T15:55:00,41.467
c2,2021-01-20T15:55:00,78.467
c2,2021-01-22T15:55:00,-25.033
c2,2021-01-26T15:55:00,-44.533
c2,2021-01-27T15:55:00,54.467
c2,2021-01-29T15:20:00,-0.533
c2,2021-02-01T15:55:00,109.467
c2,2021-02-02T15:55:00,33.217
c2,2021-02-03T15:55:00,41.967
c2,2021-02-04T15:50:00,-136.533
c2,2021-02-05T12:45:00,-98.033
c2,2021-02-08T15:55:00,-72.783
c2,2021-02-09T15:55:00,-24.033
c2,2021-02-10T15:55:00,52.467
c2,2021-02-16T15:55:00,28.217
c2,2021-02-17T15:55:00,12.217
c2,2021-02-18T13:25:00,-95.033
c2,2021-02-19T15:55:00,51.467
c2,2021-02-23T11:00:00,-279.533
c2,2021-02-24T15:55:00,136.217
c2,2021-02-26T15:55:00,-151.033
c2,2021-03-02T15:55:00,131.967
c2,2021-03-03T15:55:00,223.717
c2,2021-03-05T15:55:00,-258.283
c2,2021-03-08T15:55:00,187.967
c2,2021-03-09T15:55:00,100.717
c2,2021-03-10T15:55:00,94.217
c2,2021-03-11T15:55:00,22.217
c2,2021-03-19T15:55:00,-24.533
c2,2021-03-22T15:55:00,55.467
c2,2021-03-23T15:55:00,37.717
c2,2021-03-24T15:55:00,180.217
c2,2021-03-25T11:25:00,-208.533
c2,2021-03-26T14:10:00,-120.533
c2,2021-03-29T15:55:00,-43.033
c2,2021-03-30T15:55:00,-100.783
c2,2021-03-31T15:55:00,56.217
c2,2021-04-01T15:55:00,7.467
c2,2021-04-05T15:55:00,104.217
c2,2021-04-22T10:50:00,-67.033
c2,2021-04-23T15:55:00,95.217
c2,2021-04-27T15:55:00,35.717
c2,2021-04-29T15:05:00,-0.533
c2,2021-04-30T15:55:00,-46.283
c2,2021-05-03T15:55:00,44.967
c2,2021-05-04T15:55:00,50.717
c2,2021-05-05T15:55:00,53.217
c2,2021-05-06T15:55:00,43.467
c2,2021-05-10T15:55:00,158.217
c2,2021-05-11T15:55:00,126.967
c2,2021-05-13T10:00:00,-102.033
c2,2021-05-14T15:55:00,115.967
c2,2021-05-18T14:30:00,-98.033
c2,2021-05-19T15:55:00,137.967
c2,2021-05-20T15:55:00,80.217
c2,2021-05-21T15:55:00,72.467
c2,2021-05-24T15:55:00,47.717
c2,2021-05-25T15:55:00,-4.783
c2,2021-06-09T15:55:00,37.467
c2,2021-06-10T15:55:00,17.467
c2,2021-06-15T15:55:00,21.967
c2,2021-06-17T15:55:00,115.217
c2,2021-06-22T15:55:00,52.467
c2,2021-06-24T15:55:00,-49.033
c2,2021-06-28T15:55:00,32.467
c2,2021-07-12T15:55:00,-39.783
c2,2021-07-14T15:55:00,23.717
c2,2021-07-15T15:55:00,-24.283
c2,2021-07-19T15:55:00,-89.033
c2,2021-07-21T15:55:00,63.967
c2,2021-07-22T15:55:00,35.967
c2,2021-07-26T15:55:00,3.967
c2,2021-07-27T15:55:00,91.967
c2,2021-07-30T15:55:00,18.467
c2,2021-08-02T15:55:00,-0.03300000000000003
c2,2021-08-03T13:00:00,-94.033
c2,2021-08-04T15:55:00,-21.783
c2,2021-08-05T15:55:00,36.717
c2,2021-08-10T15:55:00,49.467
c2,2021-08-11T15:55:00,35.217
c2,2021-08-16T15:55:00,16.217
c2,2021-08-17T12:00:00,-115.533
c2,2021-08-18T14:15:00,-88.533
c2,2021-08-19T15:55:00,60.967
c2,2021-08-20T11:50:00,-0.533
c2,2021-08-23T15:55:00,105.717
c2,2021-08-24T15:55:00,-9.783
c2,2021-08-30T15:55:00,53.467
c2,2021-09-01T15:55:00,-84.033
c2,2021-09-03T15:55:00,11.467
c2,2021-09-08T15:55:00,-30.283
c2,2021-09-13T15:55:00,18.217
c2,2021-09-14T15:55:00,56.967
c2,2021-09-15T15:00:00,-167.533
c2,2021-09-16T15:05:00,-112.033
c2,2021-09-17T15:55:00,69.467
c2,2021-09-21T15:55:00,-23.783
c2,2021-09-23T15:55:00,39.717
c2,2021-09-24T15:55:00,57.967
c2,2021-09-28T15:55:00,163.717
c2,2021-09-29T11:35:00,-100.033
c2,2021-10-01T15:00:00,-166.033
c2,2021-10-04T15:55:00,127.717
c2,2021-10-05T15:55:00,51.967
c2,2021-10-06T15:55:00,94.717
c2,2021-10-07T15:55:00,-93.033
c2,2021-10-08T15:55:00,9.967
c2,2021-10-11T15:55:00,-125.283
c2,2021-10-12T15:55:00,34.467
c2,2021-10-18T15:55:00,174.467
c2,2021-10-19T15:55:00,44.217
c2,2021-10-20T12:40:00,-55.033
c2,2021-10-21T15:55:00,84.967
c2,2021-10-26T12:40:00,-140.033
c2,2021-10-27T15:15:00,-0.533
c2,2021-10-29T15:55:00,141.217
c2,2021-11-01T15:55:00,-116.283
c2,2021-11-02T15:55:00,2.467
c2,2021-11-04T15:55:00,130.967
c2,2021-11-09T15:55:00,108.967
c2,2021-11-10T15:55:00,36.467
c2,2021-11-11T15:55:00,11.217
c2,2021-11-16T15:55:00,23.217
c2,2021-11-17T10:35:00,-60.533
c2,2021-11-18T11:30:00,-99.033
c2,2021-11-19T15:55:00,-8.033
c2,2021-11-22T11:25:00,-122.533
c2,2021-11-23T10:25:00,-157.533
c2,2021-11-29T15:55:00,89.967
c2,2021-11-30T15:55:00,119.217
c2,2021-12-01T15:55:00,367.967
c2,2021-12-02T15:55:00,-9.033
c2,2021-12-03T15:55:00,200.217
c2,2021-12-07T15:55:00,126.967
c2,2021-12-13T15:55:00,135.217
c2,2021-12-14T11:00:00,-208.533
c2,2021-12-15T14:10:00,-137.033
c2,2021-12-16T15:55:00,368.967
c2,2021-12-21T12:15:00,-139.533
c2,2021-12-22T15:55:00,158.217
c2,2021-12-23T15:55:00,34.717
c2,2021-12-27T15:55:00,86.467
c2,2021-12-28T15:55:00,-2.783
c2,2022-01-04T15:55:00,141.217
c2,2022-01-05T15:55:00,304.967
c2,2022-01-07T15:55:00,28.217
c2,2022-01-10T14:35:00,-239.533
c2,2022-01-11T15:55:00,210.967
c2,2022-01-14T15:55:00,10.717
c2,2022-01-18T15:55:00,26.467
c2,2022-01-20T14:15:00,-122.033
c2,2022-01-24T15:55:00,119.967
c2,2022-01-25T15:55:00,-196.033
c2,2022-01-26T14:00:00,-230.533
c2,2022-01-27T15:55:00,203.467
c2,2022-01-31T15:55:00,288.467
c2,2022-02-01T15:50:00,-196.533
c2,2022-02-02T15:55:00,-83.033
c2,2022-02-07T11:35:00,-172.533
c2,2022-02-08T15:55:00,117.467
c2,2022-02-09T15:55:00,66.467
c2,2022-02-10T14:20:00,-196.533
c2,2022-02-11T15:55:00,400.717
c2,2022-02-14T13:55:00,-191.533
c2,2022-02-15T15:55:00,64.967
c2,2022-02-16T14:20:00,-126.533
c2,2022-02-18T15:55:00,60.217
c2,2022-02-22T11:55:00,-143.033
c2,2022-02-24T15:55:00,586.967
c2,2022-02-25T10:45:00,-196.033
c2,2022-02-28T15:55:00,89.217
c2,2022-03-02T11:05:00,-155.033
c2,2022-03-03T15:55:00,206.717
c2,2022-03-08T12:10:00,-242.533
c2,2022-03-10T15:55:00,-140.283
c2,2022-03-14T15:55:00,128.217
c2,2022-03-16T14:10:00,-165.033
c2,2022-03-17T15:55:00,139.717
c2,2022-03-18T15:55:00,302.967
c2,2022-03-22T15:55:00,123.717
c2,2022-03-23T15:55:00,-0.533
c2,2022-03-24T11:00:00,-114.033
c2,2022-03-25T15:55:00,-98.283
c2,2022-03-28T15:55:00,79.717
c2,2022-03-29T15:55:00,-2.033
c2,2022-03-30T15:55:00,30.717
c2,2022-03-31T15:55:00,109.217
c2,2022-04-01T15:55:00,-43.033
c2,2022-04-06T15:55:00,28.967
c2,2022-04-07T15:55:00,-84.033
c2,2022-04-08T15:55:00,-9.283
c2,2022-04-11T15:55:00,79.217
c2,2022-04-12T15:55:00,144.717
c2,2022-04-13T15:55:00,174.217
c2,2022-04-14T15:55:00,242.467
c2,2022-04-18T12:10:00,-167.533
c2,2022-04-20T15:55:00,123.467
c2,2022-04-22T15:55:00,280.967
c2,2022-04-25T15:55:00,137.717
c2,2022-04-26T15:55:00,302.467
c2,2022-04-27T10:15:00,-256.533
c2,2022-04-28T12:45:00,-208.533
c2,2022-04-29T12:00:00,-295.533
c2,2022-05-04T12:25:00,-0.533
c2,2022-05-05T15:55:00,389.967
c2,2022-05-10T15:55:00,5.217
c2,2022-05-11T15:55:00,120.967
c2,2022-05-16T15:55:00,-119.283
c2,2022-05-17T15:55:00,25.717
c2,2022-05-18T15:55:00,358.217
c2,2022-05-19T15:55:00,-155.783
c2,2022-05-20T15:55:00,69.717
c2,2022-05-24T15:55:00,-67.533
c2,2022-05-25T15:55:00,59.467
c2,2022-05-26T15:55:00,173.467
c2,2022-05-27T15:55:00,148.967
c2,2022-05-31T15:55:00,-138.033
c2,2022-06-02T15:55:00,325.717
c2,2022-06-06T15:55:00,37.217
c2,2022-06-07T15:55:00,176.217
c2,2022-06-08T15:55:00,-136.283
c2,2022-06-09T15:55:00,222.967
c2,2022-06-10T15:55:00,65.467
c2,2022-06-14T13:20:00,-157.033
c2,2022-06-15T14:05:00,-120.033
c2,2022-06-16T15:55:00,67.717
c2,2022-06-17T15:55:00,-37.033
c2,2022-06-21T15:55:00,-50.533
c2,2022-06-22T15:55:00,-42.783
c2,2022-06-27T15:55:00,-13.283
c2,2022-06-30T12:30:00,-261.533
c2,2022-07-07T15:55:00,93.467
c2,2022-07-08T15:55:00,37.717
c2,2022-07-11T15:55:00,-19.533
c2,2022-07-13T15:55:00,58.717
c2,2022-07-15T15:55:00,-0.533
c2,2022-07-18T15:55:00,152.967
c2,2022-07-20T15:55:00,107.967
c2,2022-07-25T15:55:00,-30.783
c2,2022-07-26T15:55:00,77.467
c2,2022-07-27T15:55:00,246.967
c2,2022-07-28T11:25:00,-143.533
c2,2022-08-01T15:55:00,11.217
c2,2022-08-02T15:55:00,-25.783
c2,2022-08-03T15:55:00,157.467
c2,2022-08-04T15:15:00,-139.533
c2,2022-08-05T15:55:00,-17.783
c2,2022-08-08T12:15:00,-208.533
c2,2022-08-09T15:55:00,-31.283
c2,2022-08-11T15:55:00,98.967
c2,2022-08-15T15:55:00,48.217
c2,2022-08-16T13:35:00,-103.033
c2,2022-08-17T15:55:00,-83.783
c2,2022-08-19T15:55:00,80.467
c2,2022-08-22T15:55:00,80.967
c2,2022-08-23T15:55:00,-95.283
c2,2022-08-24T15:55:00,-7.283
c2,2022-08-26T15:55:00,412.467
c2,2022-08-30T15:55:00,150.467
c2,2022-08-31T15:55:00,80.967
c2,2022-09-01T15:55:00,54.467
c2,2022-09-02T15:55:00,173.717
c2,2022-09-06T15:55:00,9.717
c2,2022-09-07T15:55:00,121.467
c2,2022-09-09T15:55:00,86.717
c2,2022-09-12T15:55:00,34.967
c2,2022-09-13T15:55:00,242.967
c2,2022-09-15T13:00:00,-0.533
c2,2022-09-19T15:55:00,109.717
c2,2022-09-20T15:55:00,-43.533
c2,2022-09-21T14:30:00,-78.533
c2,2022-09-22T15:55:00,37.217
c2,2022-09-23T15:40:00,-0.533
c2,2022-09-26T15:55:00,-173.533
c2,2022-09-29T15:55:00,32.967
c2,2022-09-30T15:55:00,80.467
c2,2022-10-04T15:55:00,53.467
c2,2022-10-05T15:55:00,75.717
c2,2022-10-07T15:55:00,174.967
c2,2022-10-10T15:55:00,5.717
c2,2022-10-11T12:40:00,-149.533
c2,2022-10-17T15:55:00,-16.283
c2,2022-10-18T15:55:00,95.967
c2,2022-10-19T13:00:00,-189.533
c2,2022-10-20T15:55:00,-12.533
c2,2022-10-21T15:55:00,222.717
c2,2022-10-24T15:55:00,36.967
c2,2022-10-25T15:55:00,74.717
c2,2022-10-26T13:00:00,-0.533
c2,2022-10-27T15:55:00,83.717
c2,2022-10-28T15:55:00,203.217
c2,2022-10-31T15:55:00,-16.033
c2,2022-11-01T15:55:00,199.717
c2,2022-11-02T15:55:00,222.217
c2,2022-11-03T15:55:00,48.967
c2,2022-11-04T15:55:00,-152.533
c2,2022-11-08T15:15:00,-114.533
c2,2022-11-09T15:55:00,122.967
c2,2022-11-14T15:55:00,-76.283
c2,2022-11-15T15:55:00,75.717
c2,2022-11-16T15:55:00,17.967
c2,2022-11-17T15:55:00,98.717
c2,2022-11-18T15:55:00,-7.533
c2,2022-11-21T15:55:00,16.467
c2,2022-11-23T15:55:00,23.967
c2,2022-12-01T10:15:00,-126.533
c2,2022-12-02T15:55:00,70.217
c2,2022-12-06T15:55:00,159.717
c2,2022-12-09T15:55:00,-98.033
c2,2022-12-13T15:55:00,181.467
c2,2022-12-14T14:00:00,-147.033
c2,2022-12-15T15:55:00,111.967
c2,2022-12-16T15:30:00,-0.533
c2,2022-12-19T15:55:00,61.217
c2,2022-12-20T15:55:00,6.217
c2,2022-12-21T15:55:00,66.967
c2,2022-12-22T15:55:00,13.467
c2,2022-12-27T15:55:00,9.467
c2,2022-12-29T15:55:00,81.717
c2,2022-12-30T15:55:00,56.467
c2,2023-01-04T15:55:00,-81.783
c2,2023-01-05T15:55:00,1.717
c2,2023-01-09T13:45:00,-0.533
c2,2023-01-10T15:55:00,-0.533
c2,2023-01-11T15:55:00,89.467
c2,2023-01-12T13:05:00,-197.533
c2,2023-01-13T15:55:00,123.717
c2,2023-01-18T15:55:00,175.467
c2,2023-01-23T15:55:00,148.717
c2,2023-01-24T15:55:00,-10.783
c2,2023-01-25T11:15:00,-109.533
c2,2023-01-26T15:55:00,-0.533
c2,2023-01-27T15:55:00,93.467
c2,2023-01-30T10:25:00,-103.033
c2,2023-01-31T15:55:00,93.967
c2,2023-02-02T14:30:00,-0.533
c2,2023-02-03T15:55:00,-103.283
c2,2023-02-06T10:30:00,-126.533
c2,2023-02-07T13:25:00,-0.533
c2,2023-02-09T15:55:00,211.717
c2,2023-02-14T15:55:00,87.717
c2,2023-02-15T15:55:00,105.967
c2,2023-02-16T15:55:00,-93.533
c2,2023-02-17T15:55:00,-75.283
c2,2023-02-21T10:10:00,-94.533
c2,2023-02-22T10:05:00,-77.033
c2,2023-02-23T14:15:00,-0.533
c2,2023-02-27T15:55:00,14.717
c2,2023-02-28T15:25:00,-0.533
c2,2023-03-01T15:55:00,15.717
c2,2023-03-02T15:55:00,165.217
c2,2023-03-06T15:25:00,-86.533
c2,2023-03-08T11:45:00,-94.033
c2,2023-03-09T13:15:00,-117.533
c2,2023-03-10T15:55:00,60.217
c2,2023-03-14T15:55:00,54.967
c2,2023-03-15T15:55:00,92.217
c2,2023-03-16T15:55:00,337.717
c2,2023-03-17T10:30:00,-128.533
c2,2023-03-21T15:55:00,47.217
c2,2023-03-22T14:35:00,-56.533
c2,2023-03-23T13:15:00,-0.533
c2,2023-03-24T15:20:00,-145.033
c2,2023-03-27T15:55:00,62.217
c2,2023-03-28T15:55:00,-82.033
c2,2023-03-29T15:55:00,33.217
c2,2023-03-30T15:55:00,-61.783
c2,2023-03-31T15:55:00,153.217
c2,2023-04-03T11:10:00,-99.533
c2,2023-04-04T10:00:00,-61.033
c2,2023-04-05T15:55:00,45.967
c2,2023-04-11T15:55:00,28.217
c2,2023-04-12T15:55:00,133.717
c2,2023-04-13T15:55:00,113.217
c2,2023-04-14T12:40:00,-137.533
c2,2023-04-18T15:55:00,62.217
c2,2023-04-19T15:55:00,36.217
c2,2023-04-20T15:55:00,-33.283
c2,2023-04-21T11:40:00,-72.033
c2,2023-04-26T15:55:00,12.967
c2,2023-04-27T15:55:00,153.467
c2,2023-05-01T11:15:00,-53.033
c2,2023-05-02T15:55:00,79.217
c2,2023-05-03T14:35:00,-58.033
c2,2023-05-04T11:05:00,-80.533
c2,2023-05-05T15:55:00,146.217
c2,2023-05-08T12:50:00,-65.033
c2,2023-05-09T11:10:00,-44.533
c2,2023-05-10T15:55:00,-24.283
c2,2023-05-12T15:55:00,45.967
c2,2023-05-15T11:25:00,-57.033
c2,2023-05-16T15:55:00,-18.283
c2,2023-05-17T11:15:00,-43.033
c2,2023-05-18T15:55:00,157.967
c2,2023-05-22T15:55:00,-23.033
c2,2023-05-24T15:55:00,-40.283
c2,2023-05-26T15:55:00,236.217
c2,2023-05-31T10:25:00,-107.533
c2,2023-06-05T15:55:00,-53.283
c2,2023-06-08T15:55:00,105.967
c2,2023-06-09T11:30:00,-102.533
c2,2023-06-14T14:40:00,-98.533
c2,2023-06-15T15:55:00,193.217
c2,2023-06-16T15:55:00,63.467
c2,2023-06-22T15:55:00,164.967
c2,2023-06-23T15:55:00,-43.533
c2,2023-06-26T11:15:00,-116.533
c2,2023-06-27T15:55:00,111.467
c2,2023-06-28T15:55:00,24.967
c2,2023-06-30T15:55:00,31.717
c2,2023-07-11T15:55:00,-13.783
c2,2023-07-12T13:30:00,-70.533
c2,2023-07-13T15:55:00,74.217
c2,2023-07-14T15:00:00,-147.533
c2,2023-07-17T15:55:00,46.467
c2,2023-07-21T15:55:00,97.217
c2,2023-07-25T15:55:00,5.217
c2,2023-07-26T14:40:00,-147.033
c2,2023-07-27T10:25:00,-106.533
c2,2023-07-28T15:55:00,47.967
c2,2023-08-01T10:40:00,-76.033
c2,2023-08-02T15:55:00,87.467
c2,2023-08-03T15:55:00,-6.533
c2,2023-08-04T14:20:00,-174.533
c2,2023-08-07T15:55:00,-97.033
c2,2023-08-08T14:55:00,-0.533
c2,2023-08-09T14:15:00,-0.533
c2,2023-08-10T11:50:00,-160.033
c2,2023-08-11T15:55:00,-31.283
c2,2023-08-14T15:55:00,173.717
c2,2023-08-16T12:10:00,-114.533
c2,2023-08-17T15:55:00,142.717
c2,2023-08-18T15:55:00,62.467
c2,2023-08-21T15:55:00,72.967
c2,2023-08-22T15:55:00,55.217
c2,2023-08-23T15:55:00,142.467
c2,2023-08-24T15:55:00,298.967
c2,2023-08-25T10:25:00,-102.033
c2,2023-08-28T15:55:00,-53.533
c2,2023-08-29T15:55:00,247.967
c2,2023-08-30T15:55:00,37.967
c2,2023-08-31T15:55:00,-50.533
c2,2023-09-01T15:55:00,-3.033
c2,2023-09-05T15:55:00,22.717
c2,2023-09-06T15:55:00,12.967
c2,2023-09-07T15:55:00,48.967
c2,2023-09-11T15:20:00,-127.033
c2,2023-09-12T10:50:00,-80.533
c2,2023-09-13T15:55:00,-27.533
c2,2023-09-14T11:05:00,-113.033
c2,2023-09-15T15:55:00,144.967
c2,2023-09-19T13:45:00,-73.533
c2,2023-09-20T15:55:00,210.717
c2,2023-09-22T15:20:00,-90.033
c2,2023-09-25T15:55:00,75.717
c2,2023-09-29T15:55:00,85.217
c2,2023-10-02T15:55:00,1.217
c2,2023-10-03T10:00:00,-102.533
c2,2023-10-04T15:55:00,62.717
c2,2023-10-05T13:40:00,-0.533
c2,2023-10-12T13:05:00,-77.533
c2,2023-10-13T15:55:00,147.217
c2,2023-10-16T15:55:00,-5.283
c2,2023-10-17T10:05:00,-63.033
c2,2023-10-19T15:55:00,117.217
c2,2023-10-20T13:15:00,-0.533
c2,2023-10-24T12:40:00,-112.533
c2,2023-10-25T15:55:00,135.967
c2,2023-10-26T15:55:00,148.967
c2,2023-10-27T13:05:00,-85.533
c2,2023-10-30T15:55:00,-44.283
c2,2023-11-01T12:40:00,-0.533
c2,2023-11-02T15:55:00,40.217
c2,2023-11-09T15:55:00,86.467
c2,2023-11-10T15:55:00,216.467
c2,2023-11-13T11:25:00,-92.033
c2,2023-11-14T15:55:00,15.717
c2,2023-11-15T14:25:00,-0.533
c2,2023-11-16T12:25:00,-61.533
c2,2023-11-21T15:55:00,-44.033
c2,2023-12-04T11:50:00,-0.533
c2,2023-12-05T11:50:00,-0.533
c2,2023-12-06T15:55:00,78.217
c2,2023-12-07T15:55:00,29.717
c2,2023-12-08T15:55:00,75.467
c2,2023-12-11T15:55:00,74.217
c2,2023-12-13T15:25:00,-0.533
c2,2023-12-15T15:55:00,-28.533
c2,2023-12-18T15:55:00,41.467
c2,2023-12-19T15:55:00,19.717
c2,2023-12-20T14:45:00,-70.533
c2,2023-12-22T14:05:00,-66.033
c2,2024-01-04T15:55:00,-79.283
c2,2024-01-05T14:50:00,-114.033
c2,2024-01-08T15:55:00,208.217
c2,2024-01-09T15:55:00,98.967
c2,2024-01-10T15:55:00,55.467
c2,2024-01-12T15:55:00,-13.533
c2,2024-01-16T10:20:00,-95.033
c2,2024-01-17T15:55:00,-139.783
c2,2024-01-18T13:05:00,-105.533
c2,2024-01-24T15:55:00,-4.033
c2,2024-01-25T15:55:00,12.467
c2,2024-01-26T15:55:00,-17.033
c2,2024-01-29T15:55:00,108.467
c2,2024-01-31T14:40:00,-109.533
c2,2024-02-01T11:00:00,-87.533
c2,2024-02-02T15:55:00,143.217
c2,2024-02-05T12:25:00,-0.533
c2,2024-02-06T15:55:00,23.217
c2,2024-02-08T15:55:00,-13.033
c2,2024-02-12T13:40:00,-88.033
c2,2024-02-13T15:20:00,-159.033
c2,2024-02-14T15:40:00,-136.533
c2,2024-02-15T15:55:00,-89.033
c2,2024-02-16T11:15:00,-0.533
c2,2024-02-20T15:55:00,-32.533
c2,2024-02-21T15:55:00,-0.533
c2,2024-02-27T15:55:00,-62.783
c2,2024-02-28T15:55:00,-41.283
c2,2024-03-01T15:55:00,161.467
c2,2024-03-04T15:55:00,14.467
c2,2024-03-05T15:55:00,70.717
c2,2024-03-06T12:10:00,-115.033
c2,2024-03-07T15:55:00,56.217
c2,2024-03-08T15:55:00,225.717
c2,2024-03-13T15:55:00,19.467
c2,2024-03-15T15:55:00,23.467
c2,2024-03-18T15:50:00,-124.533
c2,2024-03-20T14:05:00,-125.533
c2,2024-03-21T15:55:00,78.717
c2,2024-03-25T10:05:00,-78.033
c2,2024-03-27T15:55:00,-39.533
c2,2024-04-02T15:05:00,-94.033
c2,2024-04-03T15:15:00,-0.533
c2,2024-04-04T15:55:00,442.217
c2,2024-04-09T15:55:00,-81.033
c2,2024-04-10T15:55:00,-30.033
c2,2024-04-11T11:55:00,-98.033
c2,2024-04-15T15:55:00,363.967
c2,2024-04-17T15:55:00,240.467
c2,2024-04-19T15:55:00,229.467
c2,2024-04-22T13:05:00,-87.533
c2,2024-04-23T15:55:00,119.967
c2,2024-04-26T15:55:00,30.467
c2,2024-04-29T15:55:00,-59.783
c2,2024-04-30T11:00:00,-68.033
c2,2024-05-01T14:25:00,-98.533
c2,2024-05-02T14:50:00,-169.533
c2,2024-05-03T11:50:00,-93.033
c2,2024-05-07T14:30:00,-77.533
c2,2024-05-08T15:55:00,25.467
c2,2024-05-09T10:35:00,-97.533
c2,2024-05-15T10:35:00,-81.533
c2,2024-05-16T13:20:00,-0.533
c2,2024-05-17T12:45:00,-57.533
c2,2024-05-20T15:55:00,23.217
c2,2024-05-21T15:55:00,76.967
c2,2024-05-22T13:35:00,-49.533
c2,2024-05-23T15:55:00,211.467
c2,2024-05-28T15:55:00,-71.033
c2,2024-05-29T15:55:00,-32.283
c2,2024-05-30T15:55:00,63.717
c2,2024-06-10T15:55:00,73.217
c2,2024-06-11T10:40:00,-83.033
c2,2024-06-12T15:55:00,10.717
c2,2024-06-14T15:55:00,63.967
c2,2024-06-17T11:05:00,-92.033
c2,2024-06-18T15:55:00,-33.283
c2,2024-06-20T15:55:00,117.967
c2,2024-06-21T11:50:00,-94.533
c2,2024-06-24T10:40:00,-113.033
c2,2024-06-26T11:10:00,-64.533
c2,2024-06-28T10:55:00,-0.533
c2,2024-07-01T12:05:00,-116.533
c2,2024-07-02T15:55:00,173.717
c2,2024-07-05T15:55:00,107.467
c2,2024-07-11T11:40:00,373.467
c2,2024-07-12T15:55:00,45.467
c2,2024-07-15T11:45:00,-0.533
c2,2024-07-17T15:55:00,219.467
c2,2024-07-18T15:55:00,148.217
c2,2024-07-22T14:20:00,-194.033
c2,2024-07-23T15:55:00,-107.283
c2,2024-07-24T15:55:00,271.467
c2,2024-07-25T11:15:00,-238.533
c2,2024-07-26T12:05:00,-156.533
c2,2024-07-29T11:30:00,-214.033
c2,2024-07-30T15:55:00,290.217
c2,2024-08-01T10:20:00,-129.533
c2,2024-08-05T15:55:00,-21.783
c2,2024-08-06T15:55:00,-50.533
c2,2024-08-08T10:10:00,-200.533
c2,2024-08-14T15:55:00,-55.283
c2,2024-08-15T15:55:00,177.467
c2,2024-08-16T15:55:00,69.967
c2,2024-08-20T10:35:00,-98.033
c2,2024-08-21T10:50:00,-0.533
c2,2024-08-22T15:55:00,322.217
c2,2024-08-23T11:15:00,-117.033
c2,2024-08-28T15:55:00,130.467
c2,2024-08-29T14:40:00,-264.033
c2,2024-08-30T15:50:00,-127.033
c2,2024-09-03T15:55:00,328.717
c2,2024-09-04T10:00:00,-137.533
c2,2024-09-05T15:55:00,-109.533
c2,2024-09-06T15:55:00,286.967
c2,2024-09-09T10:35:00,-139.533
c2,2024-09-10T15:30:00,-197.033
c2,2024-09-11T11:40:00,-0.533
c2,2024-09-13T15:55:00,19.967
c2,2024-09-17T15:55:00,45.717
c2,2024-09-18T15:25:00,-135.033
c2,2024-09-24T11:25:00,-109.033
c2,2024-09-25T15:55:00,-37.533
c2,2024-09-27T15:55:00,63.717
c2,2024-10-01T15:55:00,20.217
c2,2024-10-02T10:30:00,-188.033
c2,2024-10-03T15:55:00,-24.283
c2,2024-10-04T11:00:00,-0.533
c2,2024-10-07T14:30:00,-97.033
c2,2024-10-10T15:55:00,26.467
c2,2024-10-14T15:55:00,-17.533
c2,2024-10-15T15:55:00,238.467
c2,2024-10-16T15:55:00,-101.033
c2,2024-10-21T10:45:00,-131.533
c2,2024-10-22T15:55:00,85.217
c2,2024-10-24T15:30:00,-129.533
c2,2024-10-25T15:55:00,-120.283
c2,2024-10-28T15:55:00,36.967
c2,2024-10-30T10:15:00,-124.033
c2,2024-10-31T15:55:00,167.217
c2,2024-11-01T14:00:00,-0.533
c2,2024-11-05T15:55:00,70.467
c2,2024-11-06T15:55:00,64.967
c2,2024-11-07T15:55:00,112.467
c2,2024-11-08T15:55:00,-11.283
c2,2024-11-11T15:55:00,-10.033
c2,2024-11-13T12:50:00,-85.033
c2,2024-11-15T15:55:00,179.467
c2,2024-11-18T15:55:00,44.717
c2,2024-11-19T15:55:00,186.717
c2,2024-11-20T15:55:00,-138.783
c2,2024-11-21T15:55:00,-295.283
c2,2024-11-22T10:25:00,-124.533
c2,2024-11-27T15:55:00,-6.283
c2,2024-12-02T15:55:00,51.217
c2,2024-12-03T15:55:00,63.967
c2,2024-12-06T15:55:00,66.217
c2,2024-12-09T15:55:00,67.967
c2,2024-12-10T10:55:00,-73.033
c2,2024-12-11T15:55:00,154.717
c2,2024-12-12T15:55:00,-0.533
c2,2024-12-13T10:40:00,-105.533
c2,2024-12-17T11:35:00,-117.533
c2,2024-12-18T15:55:00,608.967
c2,2024-12-19T15:55:00,124.217
c2,2024-12-20T15:55:00,225.717
c2,2024-12-23T15:55:00,61.717
c2,2024-12-26T15:55:00,-26.033
c2,2024-12-27T15:55:00,-97.533
c2,2024-12-30T11:40:00,-171.533
c2,2024-12-31T15:55:00,130.217
c2,2025-01-02T15:55:00,-60.533
c2,2025-01-03T15:55:00,55.217
c2,2025-01-06T14:55:00,-154.533
c2,2025-01-07T15:55:00,243.217
c2,2025-01-08T14:25:00,-177.033
c2,2025-01-10T15:55:00,19.217
c2,2025-01-15T15:55:00,50.717
c2,2025-01-16T15:55:00,130.217
c2,2025-01-21T13:15:00,-178.033
c2,2025-01-22T15:55:00,-9.033
c2,2025-01-23T15:55:00,111.717
c2,2025-01-24T15:55:00,77.467
c2,2025-01-27T15:55:00,-110.033
c2,2025-01-29T15:55:00,-28.283
c2,2025-01-30T10:00:00,-144.533
c2,2025-01-31T14:05:00,-147.533
c2,2025-02-03T15:55:00,53.467
c2,2025-02-04T15:55:00,107.967
c2,2025-02-05T15:55:00,136.717
c2,2025-02-10T15:55:00,28.467
c2,2025-02-11T15:55:00,-43.283
c2,2025-02-12T15:55:00,140.467
c2,2025-02-18T15:55:00,-56.533
c2,2025-02-19T11:45:00,-98.533
c2,2025-02-24T15:55:00,190.967
c2,2025-02-25T15:55:00,136.967
c2,2025-02-26T13:40:00,-170.533
c2,2025-02-27T15:55:00,582.717
c2,2025-03-03T15:55:00,434.217
c2,2025-03-04T15:55:00,-83.533
c2,2025-03-05T12:50:00,-265.033
c2,2025-03-06T15:55:00,95.467
c2,2025-03-07T10:30:00,-206.033
c2,2025-03-10T15:55:00,243.467
c2,2025-03-11T10:35:00,-315.533
c2,2025-03-13T15:55:00,152.217
c2,2025-03-14T15:55:00,59.217
c2,2025-03-18T15:55:00,5.467
c2,2025-03-20T15:55:00,-125.783
c2,2025-03-24T15:55:00,50.217
c2,2025-03-28T15:55:00,296.467
c2,2025-04-01T15:55:00,109.467
c2,2025-04-02T15:55:00,131.967
c2,2025-04-04T15:55:00,467.467
c2,2025-04-08T15:55:00,770.717
c2,2025-04-09T15:55:00,1746.717
c2,2025-04-11T15:55:00,183.217
c2,2025-04-14T15:55:00,111.467
c2,2025-04-16T13:30:00,-211.033
c2,2025-04-17T15:55:00,-52.283
c2,2025-04-22T15:55:00,168.467
c2,2025-04-24T15:55:00,338.967
c2,2025-04-25T15:55:00,138.717
c2,2025-04-28T15:55:00,-104.783
c2,2025-04-30T10:40:00,-227.033
c2,2025-05-01T10:50:00,-176.033
c2,2025-05-06T15:55:00,-15.533
c2,2025-05-07T14:35:00,-0.533
c2,2025-05-12T15:55:00,-231.033
c2,2025-05-13T15:55:00,159.217
c2,2025-05-23T15:55:00,-15.533
c2,2025-06-02T15:55:00,25.967
c2,2025-06-05T11:15:00,-201.533
c2,2025-06-06T12:55:00,-129.033
c2,2025-06-12T15:55:00,21.967
c2,2025-06-17T13:00:00,-109.533
c2,2025-06-24T15:55:00,68.717
c2,2025-06-27T14:30:00,-115.533
c2,2025-07-02T15:55:00,118.467
c2,2025-07-15T15:55:00,81.967
c2,2025-07-16T15:55:00,-109.783
c2,2025-07-18T15:55:00,3.467
c2,2025-07-21T15:55:00,-34.033
c2,2025-07-22T15:55:00,-8.283
c2,2025-07-23T14:25:00,-162.033
c2,2025-07-24T15:55:00,-65.033
c2,2025-07-28T11:20:00,-81.033
c2,2025-07-30T14:55:00,-118.533
c2,2025-07-31T15:55:00,248.217
c2,2025-08-01T15:55:00,38.717
c2,2025-08-04T15:55:00,79.467
c2,2025-08-05T10:25:00,-118.033
c2,2025-08-07T10:25:00,-103.033
c2,2025-08-08T15:55:00,110.467
c2,2025-08-11T15:55:00,17.717
c2,2025-08-12T15:55:00,108.967
c2,2025-08-14T15:55:00,-25.033
c2,2025-08-15T15:55:00,-23.033
c2,2025-08-19T15:55:00,156.467
c2,2025-08-20T15:15:00,-0.533
c2,2025-08-21T13:15:00,-182.533
c2,2025-08-22T15:55:00,242.217
c2,2025-08-25T15:55:00,-47.783
c2,2025-08-26T15:55:00,45.717
c2,2025-08-27T15:55:00,21.217
c2,2025-08-28T15:55:00,-4.283
c2,2025-08-29T15:55:00,69.217
c2,2025-09-02T15:55:00,77.717
c2,2025-09-03T15:55:00,-106.033
c2,2025-09-04T15:55:00,92.217
c2,2025-09-05T15:55:00,104.467
c2,2025-09-08T15:55:00,-69.533
c2,2025-09-09T15:55:00,-70.033
c2,2025-09-10T15:55:00,27.467
c2,2025-09-16T15:55:00,13.217
c2,2025-09-17T15:00:00,-0.533
c2,2025-09-18T10:05:00,-119.533
c2,2025-09-19T12:20:00,-92.033
c2,2025-09-22T15:55:00,121.217
c2,2025-09-23T15:55:00,122.467
c2,2025-09-24T15:55:00,61.717
c2,2025-09-25T10:20:00,-212.033
c2,2025-09-29T12:00:00,-89.033
c2,2025-10-01T15:55:00,139.717
c2,2025-10-02T15:55:00,-61.533
c2,2025-10-08T15:55:00,155.217
c2,2025-10-09T15:35:00,-0.533
c2,2025-10-15T13:50:00,-0.533
c2,2025-10-16T11:40:00,-132.533
c2,2025-10-20T15:55:00,17.967
c2,2025-10-21T12:00:00,-97.533
c2,2025-10-22T15:55:00,84.217
c2,2025-10-23T15:55:00,115.217
c2,2025-10-24T15:55:00,-49.283
c2,2025-10-27T15:55:00,78.967
c2,2025-10-28T15:55:00,41.967
c2,2025-10-29T11:10:00,-76.533
c2,2025-10-30T15:55:00,-0.533
c2,2025-10-31T15:35:00,-0.533
c2,2025-11-03T15:55:00,25.967
c2,2025-11-04T15:55:00,44.717
c2,2025-11-05T15:55:00,131.967
c2,2025-11-06T15:55:00,295.717
c2,2025-11-07T15:55:00,-294.783
c2,2025-11-10T11:40:00,-185.033
c2,2025-11-11T15:55:00,-22.033
c2,2025-11-12T15:55:00,-48.533
c2,2025-11-13T15:55:00,191.967
c2,2025-11-14T15:55:00,209.717
c2,2025-11-17T14:35:00,-446.033
c2,2025-11-19T15:55:00,-19.033
c2,2025-11-20T15:55:00,959.967
c2,2025-11-21T11:55:00,-242.533
c2,2025-11-24T15:55:00,142.467
c2,2025-11-25T10:45:00,-127.033
c2,2025-11-26T15:55:00,4.467
c2,2025-12-01T15:55:00,55.717
c2,2025-12-02T15:55:00,-50.033
c2,2025-12-05T15:55:00,-87.533
c2,2025-12-09T15:55:00,30.467
c2,2025-12-11T13:35:00,-174.033
c2,2025-12-16T15:55:00,-21.783
c2,2025-12-17T15:55:00,405.217
c2,2025-12-19T15:55:00,32.717
c2,2025-12-22T15:55:00,-40.033
c2,2025-12-23T15:55:00,39.467
c2,2026-01-06T15:55:00,102.467
c2,2026-01-07T15:25:00,-0.533
c2,2026-01-08T15:55:00,-61.783
c2,2026-01-09T15:55:00,78.717
c2,2026-01-12T15:55:00,4.967
c2,2026-01-14T15:55:00,-5.033
c2,2026-01-15T15:55:00,103.467
c2,2026-01-16T15:55:00,135.467
c2,2026-01-20T14:30:00,-247.533
c2,2026-01-22T15:55:00,-87.533
c2,2026-01-26T15:55:00,21.217
c2,2026-01-28T15:55:00,33.717
c2,2026-01-29T15:50:00,-0.533
c2,2026-02-02T15:55:00,79.467
c2,2026-02-03T15:55:00,306.717
c2,2026-02-04T15:55:00,153.467
c2,2026-02-06T15:55:00,143.467
c2,2026-02-09T15:55:00,164.967
c2,2026-02-10T15:55:00,49.967
c2,2026-02-11T15:55:00,26.217
c2,2026-02-17T15:55:00,-93.283
c2,2026-02-20T15:55:00,99.717
c2,2026-02-25T15:55:00,64.967
c2,2026-02-26T15:55:00,109.217
c2,2026-02-27T15:55:00,43.217
c2,2026-03-02T15:55:00,44.967
c2,2026-03-03T15:55:00,51.967
c2,2026-03-04T15:55:00,86.717
c2,2026-03-05T12:30:00,-280.533
c2,2026-03-09T11:10:00,-266.533
c2,2026-03-10T15:55:00,-129.783
c2,2026-03-13T10:45:00,-181.033
c2,2026-03-20T15:55:00,171.717
c2,2026-03-23T12:25:00,-225.033
c2,2026-03-24T11:25:00,-228.033
c2,2026-03-26T15:55:00,219.967
c2,2026-03-27T15:55:00,169.467
c2,2026-03-30T15:55:00,222.967
c2,2026-03-31T15:55:00,378.717
c2,2026-04-01T15:55:00,-33.533
c2,2026-04-06T15:55:00,-47.783
c2,2026-04-07T15:55:00,-203.533
c2,2026-04-08T15:55:00,-17.783
c2,2026-04-09T11:45:00,-169.533
c2,2026-04-10T15:55:00,-5.533
c2,2026-04-14T15:55:00,225.217
c2,2026-04-15T15:55:00,289.217
c2,2026-04-16T11:10:00,-190.533
c2,2026-04-17T15:55:00,76.467
c2,2026-04-20T15:55:00,-50.533
c2,2026-04-21T15:55:00,48.717
c2,2026-04-23T13:15:00,-172.033
c2,2026-04-24T15:55:00,143.217
c2,2026-04-27T15:55:00,-123.783
c2,2026-04-28T15:55:00,-59.033
c2,2026-04-30T15:55:00,-334.533
c2,2026-05-01T15:55:00,-36.783
c2,2026-05-04T15:55:00,1.967
c2,2026-05-05T15:55:00,49.967
c2,2026-05-06T15:55:00,214.467
c2,2026-05-07T11:55:00,-0.533
c2,2026-05-08T15:55:00,272.967
c2,2026-05-11T15:55:00,-44.783
c2,2026-05-12T10:00:00,-178.033
c2,2026-05-13T11:40:00,-216.533
c2,2026-05-14T15:55:00,20.717
c2,2026-05-18T15:55:00,67.217
c2,2026-05-22T15:55:00,-184.783
c2,2026-05-27T15:55:00,-66.033
c2,2026-05-28T11:00:00,-264.533
c2,2026-05-29T10:40:00,-148.033
c2,2026-06-01T15:55:00,36.467
c2,2026-06-03T15:55:00,-12.533
c2,2026-06-04T15:55:00,54.717
c2,2026-06-05T15:55:00,916.467
c2,2026-06-08T11:05:00,-373.533
c2,2026-06-09T12:40:00,1261.717
c2,2026-06-10T11:50:00,-501.033
c2,2026-06-15T15:55:00,91.467
c2,2026-06-16T15:55:00,402.967
c2,2026-06-17T15:55:00,352.467
c2,2026-06-23T15:55:00,-226.283
c2,2026-06-25T10:50:00,-0.533
c2,2026-06-29T15:55:00,208.217
c2,2026-06-30T15:55:00,146.217
c2,2026-07-02T15:55:00,396.217
c2,2026-07-06T15:55:00,-41.283
c2,2026-07-07T15:55:00,47.217
c2,2026-07-08T15:55:00,85.217
c2,2026-07-09T15:55:00,37.467
c2,2026-07-10T15:55:00,59.217
c2,2026-07-13T15:55:00,73.467
c2,2026-07-14T11:30:00,-262.033
c2,2026-07-15T15:55:00,83.217
c2,2026-07-16T15:55:00,103.467
c2,2026-07-21T11:20:00,-227.033
c2,2026-07-22T15:55:00,-76.283
c2,2026-07-24T12:00:00,-245.533
c2,2026-07-27T15:55:00,154.467
c2,2026-07-28T15:55:00,-224.033
c2,2026-07-29T14:00:00,-0.533
c2,2026-07-30T15:55:00,253.967
c2,2026-07-31T15:55:00,15.717
c2,2026-08-03T15:55:00,273.467
c2,2026-08-04T15:55:00,374.717
c2,2026-08-06T15:55:00,-29.033
c2,2026-08-11T15:55:00,-2.533
c2,2026-08-12T15:55:00,-21.033
engq_rth,2010-06-09T14:06:00,-0.533
engq_rth,2010-06-09T14:47:00,-9.283
engq_rth,2010-06-23T10:06:00,59.467
engq_rth,2010-06-23T15:05:00,-15.033
engq_rth,2010-06-28T09:32:00,-8.283
engq_rth,2010-06-28T12:39:00,-3.783
engq_rth,2010-06-28T15:51:00,-6.783
engq_rth,2010-06-30T12:41:00,-5.033
engq_rth,2010-07-05T09:30:00,-3.533
engq_rth,2010-07-06T15:24:00,-34.783
engq_rth,2010-07-08T11:45:00,22.342
engq_rth,2010-07-08T14:16:00,-5.783
engq_rth,2010-07-12T10:43:00,32.842
engq_rth,2010-07-12T11:00:00,-3.783
engq_rth,2010-07-13T09:47:00,13.717
engq_rth,2010-07-13T13:54:00,2.217
engq_rth,2010-07-14T13:50:00,10.342
engq_rth,2010-07-15T09:48:00,-8.533
engq_rth,2010-07-15T15:10:00,-5.533
engq_rth,2010-07-16T09:33:00,-0.533
engq_rth,2010-07-20T09:30:00,-27.783
engq_rth,2010-07-20T12:17:00,-5.533
engq_rth,2010-07-21T09:34:00,47.217
engq_rth,2010-07-21T11:10:00,-8.783
engq_rth,2010-07-21T14:02:00,5.342
engq_rth,2010-07-29T12:03:00,-0.533
engq_rth,2010-07-29T15:47:00,-0.533
engq_rth,2010-07-30T13:35:00,-6.283
engq_rth,2010-08-06T09:30:00,23.717
engq_rth,2010-08-06T10:47:00,-20.783
engq_rth,2010-08-10T09:30:00,-11.533
engq_rth,2010-08-10T15:53:00,-7.033
engq_rth,2010-08-16T13:52:00,-0.533
engq_rth,2010-08-17T15:55:00,4.342
engq_rth,2010-08-19T10:00:00,-14.783
engq_rth,2010-08-20T11:35:00,-13.283
engq_rth,2010-08-20T15:23:00,3.967
engq_rth,2010-08-23T10:08:00,2.342
engq_rth,2010-08-23T10:43:00,-6.283
engq_rth,2010-08-23T15:29:00,-7.783
engq_rth,2010-08-25T12:32:00,-6.283
engq_rth,2010-08-26T11:05:00,-7.533
engq_rth,2010-08-26T11:54:00,-8.533
engq_rth,2010-08-26T12:53:00,-8.033
engq_rth,2010-11-16T09:30:00,333.967
engq_rth,2010-11-17T15:04:00,-6.283
engq_rth,2010-11-18T13:33:00,-0.03300000000000003
engq_rth,2010-11-18T13:59:00,-2.783
engq_rth,2010-11-18T15:34:00,-3.033
engq_rth,2010-11-22T09:30:00,-6.783
engq_rth,2010-11-22T10:33:00,-0.533
engq_rth,2010-11-22T11:03:00,-6.533
engq_rth,2010-11-22T12:28:00,-7.783
engq_rth,2010-11-23T09:30:00,-14.783
engq_rth,2010-11-25T09:41:00,35.967
engq_rth,2010-11-26T09:30:00,-9.033
engq_rth,2010-11-29T09:30:00,-16.033
engq_rth,2010-11-30T14:16:00,-5.283
engq_rth,2011-02-23T10:40:00,156.592
engq_rth,2011-02-24T11:01:00,-10.283
engq_rth,2011-03-01T14:04:00,15.342
engq_rth,2011-03-04T12:21:00,17.842
engq_rth,2011-03-07T10:12:00,-0.533
engq_rth,2011-03-07T10:26:00,-5.283
engq_rth,2011-03-09T09:41:00,-17.783
engq_rth,2011-03-10T09:30:00,-31.283
engq_rth,2011-03-14T09:30:00,-7.533
engq_rth,2011-03-15T09:30:00,-63.783
engq_rth,2011-04-18T09:54:00,25.967
engq_rth,2011-04-19T10:39:00,-7.783
engq_rth,2011-04-21T09:46:00,81.342
engq_rth,2011-05-02T12:26:00,24.092
engq_rth,2011-05-04T15:54:00,-5.533
engq_rth,2011-05-05T15:10:00,-12.283
engq_rth,2011-05-06T12:41:00,-0.533
engq_rth,2011-05-06T13:12:00,-5.033
engq_rth,2011-05-11T11:57:00,12.467
engq_rth,2011-05-16T09:30:00,-22.533
engq_rth,2011-05-18T12:05:00,-2.783
engq_rth,2011-05-19T10:00:00,-0.533
engq_rth,2011-05-19T10:44:00,-6.283
engq_rth,2011-05-19T14:43:00,4.342
engq_rth,2011-05-20T09:49:00,-4.033
engq_rth,2011-05-20T14:58:00,-5.033
engq_rth,2011-05-26T09:30:00,-5.783
engq_rth,2011-06-01T12:05:00,36.717
engq_rth,2011-06-03T09:30:00,-28.533
engq_rth,2011-06-07T14:32:00,-0.533
engq_rth,2011-06-07T15:08:00,-3.533
engq_rth,2011-06-09T15:49:00,0.09199999999999997
engq_rth,2011-06-13T15:10:00,-5.783
engq_rth,2011-06-15T11:50:00,-20.283
engq_rth,2011-06-16T13:34:00,-9.533
engq_rth,2011-06-17T11:04:00,-7.033
engq_rth,2011-06-17T12:24:00,-7.033
engq_rth,2011-06-23T09:30:00,13.217
engq_rth,2011-06-23T14:05:00,-0.533
engq_rth,2011-06-24T10:12:00,-0.533
engq_rth,2011-06-24T10:50:00,-9.033
engq_rth,2011-06-27T15:53:00,12.467
engq_rth,2011-07-08T09:30:00,134.717
engq_rth,2011-07-11T09:30:00,-14.533
engq_rth,2011-07-14T12:09:00,-22.783
engq_rth,2011-07-15T14:27:00,-0.533
engq_rth,2011-07-18T09:30:00,-0.533
engq_rth,2011-07-20T09:40:00,19.217
engq_rth,2011-07-20T11:56:00,-9.783
engq_rth,2011-07-20T15:23:00,-4.033
engq_rth,2011-07-27T09:55:00,6.842
engq_rth,2011-07-28T13:21:00,-0.533
engq_rth,2011-07-28T14:05:00,-6.283
engq_rth,2011-07-29T15:01:00,-6.033
engq_rth,2011-08-01T10:00:00,-31.783
engq_rth,2011-08-02T10:57:00,-8.783
engq_rth,2011-08-04T09:30:00,-28.533
engq_rth,2011-08-09T13:48:00,-20.783
engq_rth,2011-08-10T11:04:00,-30.283
engq_rth,2011-08-10T14:59:00,9.967
engq_rth,2011-08-10T15:33:00,-21.033
engq_rth,2011-08-18T09:35:00,-0.533
engq_rth,2011-08-22T10:57:00,-10.033
engq_rth,2011-08-22T14:54:00,-17.033
engq_rth,2011-08-26T09:45:00,34.967
engq_rth,2011-09-02T09:30:00,64.217
engq_rth,2011-09-06T15:08:00,4.467
engq_rth,2011-09-08T10:00:00,63.467
engq_rth,2011-09-08T12:00:00,-0.533
engq_rth,2011-09-08T12:32:00,-8.283
engq_rth,2011-09-08T13:31:00,-9.283
engq_rth,2011-09-08T14:28:00,-12.283
engq_rth,2011-09-09T09:30:00,-27.783
engq_rth,2011-09-12T14:11:00,-32.783
engq_rth,2011-09-21T15:35:00,123.842
engq_rth,2011-09-23T12:41:00,-8.033
engq_rth,2011-09-26T09:53:00,-0.533
engq_rth,2011-09-28T13:55:00,38.467
engq_rth,2011-09-29T10:31:00,-38.783
engq_rth,2011-10-04T13:39:00,-16.783
engq_rth,2011-10-05T15:10:00,17.717
engq_rth,2011-10-17T12:54:00,152.092
engq_rth,2011-10-19T09:30:00,15.217
engq_rth,2011-10-19T13:48:00,-16.283
engq_rth,2011-10-21T12:37:00,23.967
engq_rth,2011-10-25T09:37:00,32.217
engq_rth,2011-10-27T10:31:00,34.342
engq_rth,2011-10-27T15:49:00,23.592
engq_rth,2011-10-31T09:30:00,-19.783
engq_rth,2011-11-02T12:16:00,-3.783
engq_rth,2011-11-02T12:52:00,-9.533
engq_rth,2011-11-09T09:30:00,24.217
engq_rth,2011-11-10T14:29:00,-8.783
engq_rth,2011-11-11T14:58:00,-5.033
engq_rth,2011-11-11T15:40:00,-4.283
engq_rth,2011-11-14T12:18:00,-12.033
engq_rth,2011-11-16T09:32:00,1.842
engq_rth,2011-11-16T15:15:00,-7.783
engq_rth,2011-11-22T09:33:00,-11.533
engq_rth,2011-11-22T10:48:00,-14.533
engq_rth,2011-11-23T09:30:00,-15.533
engq_rth,2011-12-19T15:29:00,-0.533
engq_rth,2012-04-16T09:51:00,426.592
engq_rth,2012-04-19T13:12:00,17.592
engq_rth,2012-04-20T11:37:00,-4.283
engq_rth,2012-04-20T12:57:00,-6.533
engq_rth,2012-04-24T09:30:00,-7.533
engq_rth,2012-04-24T12:22:00,-14.033
engq_rth,2012-04-25T12:34:00,-5.283
engq_rth,2012-04-30T09:30:00,26.717
engq_rth,2012-05-01T15:53:00,-0.533
engq_rth,2012-05-03T09:36:00,-0.533
engq_rth,2012-05-03T11:36:00,-8.783
engq_rth,2012-05-07T15:08:00,-4.783
engq_rth,2012-05-07T15:51:00,-6.283
engq_rth,2012-05-09T13:16:00,-0.533
engq_rth,2012-05-09T14:59:00,-9.033
engq_rth,2012-05-10T09:37:00,-0.533
engq_rth,2012-05-10T15:05:00,-5.033
engq_rth,2012-05-10T15:42:00,-4.533
engq_rth,2012-05-11T15:41:00,-0.533
engq_rth,2012-05-15T13:44:00,-0.533
engq_rth,2012-05-15T14:52:00,-12.033
engq_rth,2012-05-22T12:09:00,27.592
engq_rth,2012-05-22T15:12:00,-7.033
engq_rth,2012-05-24T12:02:00,6.842
engq_rth,2012-05-30T09:32:00,3.217
engq_rth,2012-05-31T09:42:00,-9.283
engq_rth,2012-05-31T15:50:00,-0.533
engq_rth,2012-06-05T09:30:00,-0.533
engq_rth,2012-06-05T11:39:00,-7.283
engq_rth,2012-06-05T12:17:00,-5.283
engq_rth,2012-06-07T10:19:00,75.967
engq_rth,2012-06-07T10:39:00,-9.283
engq_rth,2012-06-07T15:22:00,-8.533
engq_rth,2012-06-11T09:55:00,10.092
engq_rth,2012-06-11T10:50:00,-8.283
engq_rth,2012-06-11T13:44:00,-7.533
engq_rth,2012-06-12T12:43:00,-9.783
engq_rth,2012-06-13T09:31:00,-0.533
engq_rth,2012-06-13T14:11:00,-0.533
engq_rth,2012-06-14T14:19:00,-6.283
engq_rth,2012-06-21T11:40:00,48.717
engq_rth,2012-06-25T09:30:00,-18.533
engq_rth,2012-06-26T11:08:00,-7.533
engq_rth,2012-06-28T09:30:00,4.467
engq_rth,2012-07-02T10:00:00,14.967
engq_rth,2012-07-06T09:40:00,12.842
engq_rth,2012-07-10T10:35:00,-6.033
engq_rth,2012-07-16T09:47:00,17.717
engq_rth,2012-07-17T10:03:00,-0.533
engq_rth,2012-07-17T15:15:00,4.592
engq_rth,2012-07-18T14:43:00,26.342
engq_rth,2012-07-19T10:05:00,23.342
engq_rth,2012-07-19T13:58:00,-0.533
engq_rth,2012-07-20T09:41:00,-9.283
engq_rth,2012-07-20T10:34:00,-11.783
engq_rth,2012-07-24T09:39:00,-0.533
engq_rth,2012-07-24T11:39:00,-10.033
engq_rth,2012-07-25T15:10:00,-7.033
engq_rth,2012-09-26T10:38:00,179.092
engq_rth,2012-09-28T09:30:00,15.217
engq_rth,2012-09-28T13:12:00,-5.783
engq_rth,2012-09-28T14:24:00,-7.283
engq_rth,2012-10-01T13:11:00,-17.283
engq_rth,2012-10-02T11:36:00,-11.533
engq_rth,2012-10-05T14:53:00,8.592
engq_rth,2012-10-11T13:32:00,-27.033
engq_rth,2012-10-12T11:31:00,-13.283
engq_rth,2012-10-15T10:13:00,-11.283
engq_rth,2012-10-15T14:43:00,-6.033
engq_rth,2012-10-16T14:16:00,40.967
engq_rth,2012-10-17T09:30:00,-10.533
engq_rth,2012-10-18T10:17:00,-13.533
engq_rth,2012-10-23T09:30:00,-15.533
engq_rth,2012-10-23T14:08:00,-6.533
engq_rth,2012-10-23T15:43:00,-13.283
engq_rth,2012-10-24T11:07:00,-20.283
engq_rth,2012-10-25T11:39:00,-24.283
engq_rth,2012-10-25T15:23:00,-7.033
engq_rth,2012-11-02T11:49:00,28.717
engq_rth,2012-11-02T13:20:00,-5.283
engq_rth,2012-11-06T14:53:00,9.092
engq_rth,2012-11-06T15:29:00,-4.033
engq_rth,2012-11-07T09:30:00,-30.783
engq_rth,2012-11-12T14:04:00,-3.533
engq_rth,2012-11-12T14:38:00,-6.033
engq_rth,2012-11-13T15:22:00,-13.283
engq_rth,2012-12-05T10:40:00,115.842
engq_rth,2012-12-05T15:36:00,-8.033
engq_rth,2012-12-07T09:57:00,-0.533
engq_rth,2012-12-07T10:27:00,-11.283
engq_rth,2012-12-10T09:30:00,-9.033
engq_rth,2012-12-13T11:25:00,20.967
engq_rth,2012-12-17T14:21:00,4.092
engq_rth,2012-12-19T10:05:00,56.717
engq_rth,2012-12-19T12:06:00,-0.533
engq_rth,2012-12-19T13:17:00,-4.783
engq_rth,2012-12-19T14:17:00,-5.783
engq_rth,2012-12-21T09:30:00,-42.033
engq_rth,2012-12-26T15:40:00,-6.783
engq_rth,2012-12-28T15:39:00,-9.283
engq_rth,2012-12-31T11:26:00,-9.283
engq_rth,2012-12-31T13:06:00,3.842
engq_rth,2013-01-04T10:03:00,80.717
engq_rth,2013-01-08T09:52:00,-6.283
engq_rth,2013-01-08T15:40:00,-0.533
engq_rth,2013-01-10T11:13:00,-0.533
engq_rth,2013-01-14T09:30:00,3.467
engq_rth,2013-01-15T09:30:00,-11.783
engq_rth,2013-01-16T12:51:00,-4.033
engq_rth,2013-01-16T15:23:00,5.342
engq_rth,2013-01-18T09:30:00,-14.283
engq_rth,2013-01-18T15:14:00,-3.033
engq_rth,2013-01-22T09:40:00,1.717
engq_rth,2013-01-23T10:32:00,23.842
engq_rth,2013-01-23T11:25:00,-0.533
engq_rth,2013-01-23T12:28:00,-3.533
engq_rth,2013-01-24T09:30:00,-37.533
engq_rth,2013-01-25T11:58:00,-8.533
engq_rth,2013-01-28T10:17:00,-0.533
engq_rth,2013-01-29T09:31:00,-9.033
engq_rth,2013-01-29T13:14:00,-0.533
engq_rth,2013-01-30T10:15:00,2.092
engq_rth,2013-01-30T12:36:00,-0.533
engq_rth,2013-01-30T14:18:00,-0.533
engq_rth,2013-01-31T10:52:00,-6.533
engq_rth,2013-01-31T15:04:00,-5.783
engq_rth,2013-02-04T09:30:00,-1.783
engq_rth,2013-02-07T10:23:00,-0.533
engq_rth,2013-02-07T14:40:00,-6.783
engq_rth,2013-02-12T10:40:00,31.467
engq_rth,2013-02-12T11:24:00,-7.783
engq_rth,2013-02-14T09:30:00,-11.783
engq_rth,2013-02-15T14:18:00,-7.283
engq_rth,2013-02-19T12:09:00,-0.533
engq_rth,2013-02-20T10:03:00,-0.533
engq_rth,2013-02-20T10:59:00,-4.533
engq_rth,2013-02-25T14:05:00,-0.533
engq_rth,2013-02-26T15:13:00,-5.783
engq_rth,2013-02-27T15:58:00,30.842
engq_rth,2013-02-28T15:12:00,-0.533
engq_rth,2013-03-12T11:29:00,40.092
engq_rth,2013-03-13T15:06:00,1.342
engq_rth,2013-03-14T10:15:00,1.467
engq_rth,2013-03-15T09:54:00,-7.033
engq_rth,2013-03-15T14:08:00,-3.033
engq_rth,2013-03-18T13:51:00,-4.783
engq_rth,2013-03-18T15:04:00,-0.533
engq_rth,2013-03-18T15:17:00,-4.783
engq_rth,2013-03-19T10:49:00,-13.533
engq_rth,2013-03-21T09:30:00,-2.533
engq_rth,2013-03-25T11:19:00,-0.533
engq_rth,2013-03-26T10:40:00,-5.533
engq_rth,2013-03-26T12:22:00,-5.533
engq_rth,2013-03-27T09:30:00,-12.783
engq_rth,2013-03-27T12:29:00,-3.283
engq_rth,2013-03-28T09:42:00,2.342
engq_rth,2013-04-01T10:00:00,-0.533
engq_rth,2013-04-02T13:30:00,-3.283
engq_rth,2013-04-03T11:06:00,-8.283
engq_rth,2013-04-08T10:18:00,-0.533
engq_rth,2013-04-09T11:19:00,11.342
engq_rth,2013-04-12T10:46:00,52.592
engq_rth,2013-04-12T14:29:00,-3.783
engq_rth,2013-04-15T09:30:00,-6.783
engq_rth,2013-04-17T09:30:00,-12.783
engq_rth,2013-04-19T14:43:00,1.342
engq_rth,2013-04-22T09:43:00,9.967
engq_rth,2013-04-23T13:09:00,34.217
engq_rth,2013-04-24T10:05:00,-0.533
engq_rth,2013-04-26T10:11:00,5.592
engq_rth,2013-04-26T15:52:00,-0.533
engq_rth,2013-05-22T10:55:00,181.342
engq_rth,2013-05-22T12:35:00,-0.533
engq_rth,2013-05-22T13:14:00,-5.283
engq_rth,2013-05-24T09:30:00,-24.033
engq_rth,2013-05-24T15:19:00,-3.533
engq_rth,2013-05-28T11:57:00,34.967
engq_rth,2013-05-28T13:21:00,-5.033
engq_rth,2013-05-29T15:50:00,-6.533
engq_rth,2013-05-31T09:30:00,-2.283
engq_rth,2013-06-04T13:25:00,7.967
engq_rth,2013-06-05T09:30:00,-16.783
engq_rth,2013-06-07T12:46:00,-5.533
engq_rth,2013-06-07T14:26:00,-6.533
engq_rth,2013-06-10T13:32:00,8.967
engq_rth,2013-06-10T14:10:00,-6.783
engq_rth,2013-06-11T09:30:00,-32.533
engq_rth,2013-06-11T13:21:00,-8.783
engq_rth,2013-06-13T14:47:00,6.967
engq_rth,2013-06-14T09:30:00,-0.533
engq_rth,2013-06-14T10:28:00,-7.283
engq_rth,2013-06-14T15:44:00,-9.033
engq_rth,2013-06-20T09:30:00,-43.783
engq_rth,2013-06-24T15:47:00,-8.283
engq_rth,2013-08-15T10:08:00,203.592
engq_rth,2013-08-16T12:36:00,-5.533
engq_rth,2013-08-16T15:54:00,-5.783
engq_rth,2013-08-19T15:04:00,-0.533
engq_rth,2013-08-20T14:20:00,-4.283
engq_rth,2013-08-20T15:47:00,-5.033
engq_rth,2013-08-27T09:30:00,7.217
engq_rth,2013-08-29T09:30:00,-8.533
engq_rth,2013-08-30T10:01:00,1.467
engq_rth,2013-10-08T11:39:00,58.842
engq_rth,2013-12-18T14:00:00,246.592
engq_rth,2013-12-30T09:30:00,78.967
engq_rth,2014-01-02T09:39:00,-10.533
engq_rth,2014-01-03T10:20:00,-9.033
engq_rth,2014-01-09T11:07:00,-0.533
engq_rth,2014-01-10T10:04:00,-16.783
engq_rth,2014-01-13T12:27:00,6.217
engq_rth,2014-01-15T11:23:00,27.592
engq_rth,2014-01-16T09:42:00,-7.783
engq_rth,2014-01-17T09:30:00,-9.533
engq_rth,2014-01-21T11:08:00,-5.783
engq_rth,2014-01-22T09:40:00,5.967
engq_rth,2014-01-23T09:30:00,-13.283
engq_rth,2014-01-28T15:53:00,-6.033
engq_rth,2014-01-31T09:30:00,-23.533
engq_rth,2014-01-31T15:02:00,-0.533
engq_rth,2014-01-31T15:46:00,-6.033
engq_rth,2014-02-03T09:45:00,-12.283
engq_rth,2014-02-05T09:47:00,-14.283
engq_rth,2014-02-07T10:27:00,49.092
engq_rth,2014-02-13T09:30:00,85.217
engq_rth,2014-03-03T09:31:00,29.842
engq_rth,2014-03-04T13:49:00,-6.033
engq_rth,2014-03-06T13:49:00,-0.533
engq_rth,2014-03-06T15:48:00,-7.283
engq_rth,2014-03-07T09:47:00,-19.783
engq_rth,2014-03-10T10:33:00,-11.033
engq_rth,2014-03-10T12:41:00,-4.033
engq_rth,2014-03-10T13:31:00,-7.783
engq_rth,2014-03-11T09:45:00,3.717
engq_rth,2014-03-11T13:05:00,-11.783
engq_rth,2014-03-12T12:31:00,-7.283
engq_rth,2014-03-12T13:14:00,-6.533
engq_rth,2014-03-12T14:13:00,-0.533
engq_rth,2014-03-13T09:44:00,10.217
engq_rth,2014-03-17T11:37:00,-9.783
engq_rth,2014-03-19T15:05:00,20.092
engq_rth,2014-03-20T15:00:00,-4.783
engq_rth,2014-03-21T09:59:00,-29.783
engq_rth,2014-03-25T10:46:00,9.842
engq_rth,2014-03-25T11:35:00,-13.783
engq_rth,2014-03-25T14:20:00,-8.533
engq_rth,2014-03-26T09:35:00,12.842
engq_rth,2014-03-26T10:53:00,-10.783
engq_rth,2014-03-26T11:45:00,-12.283
engq_rth,2014-03-28T12:28:00,-6.283
engq_rth,2014-03-28T13:55:00,-6.783
engq_rth,2014-04-04T10:57:00,-0.533
engq_rth,2014-04-08T09:51:00,-13.533
engq_rth,2014-04-10T10:50:00,36.092
engq_rth,2014-04-14T15:13:00,-34.533
engq_rth,2014-04-16T10:43:00,-15.783
engq_rth,2014-04-23T10:01:00,62.092
engq_rth,2014-04-25T10:00:00,-19.033
engq_rth,2014-04-28T11:12:00,-9.283
engq_rth,2014-04-30T09:54:00,-0.533
engq_rth,2014-05-05T09:30:00,-1.283
engq_rth,2014-05-05T13:12:00,-8.033
engq_rth,2014-05-06T09:31:00,1.717
engq_rth,2014-05-06T10:57:00,-13.283
engq_rth,2014-05-08T09:30:00,-0.783
engq_rth,2014-05-08T13:19:00,-10.033
engq_rth,2014-05-08T13:50:00,-7.033
engq_rth,2014-05-09T13:34:00,-5.783
engq_rth,2014-05-09T14:15:00,-5.533
engq_rth,2014-05-13T09:37:00,5.592
engq_rth,2014-05-13T11:39:00,-6.533
engq_rth,2014-05-14T09:30:00,-11.533
engq_rth,2014-05-14T14:51:00,-15.783
engq_rth,2014-05-16T09:35:00,-9.283
engq_rth,2014-05-16T10:06:00,-15.533
engq_rth,2014-05-16T13:03:00,-8.033
engq_rth,2014-05-20T13:10:00,39.592
engq_rth,2014-05-21T11:25:00,-9.283
engq_rth,2014-05-22T10:05:00,18.092
engq_rth,2014-06-02T10:07:00,67.342
engq_rth,2014-06-02T12:52:00,-2.283
engq_rth,2014-06-02T13:40:00,-6.283
engq_rth,2014-06-03T09:30:00,-11.283
engq_rth,2014-06-04T09:41:00,-15.533
engq_rth,2014-06-16T09:30:00,35.967
engq_rth,2014-06-17T14:04:00,-0.533
engq_rth,2014-06-17T15:50:00,-3.283
engq_rth,2014-06-18T09:44:00,-6.033
engq_rth,2014-06-24T15:35:00,13.842
engq_rth,2014-06-26T09:40:00,4.592
engq_rth,2014-06-27T10:10:00,4.217
engq_rth,2014-07-07T12:50:00,75.467
engq_rth,2014-07-10T09:30:00,-27.533
engq_rth,2014-07-10T15:00:00,-9.533
engq_rth,2014-07-11T09:46:00,-0.533
engq_rth,2014-07-14T12:54:00,34.342
engq_rth,2014-07-14T15:20:00,-4.533
engq_rth,2014-07-14T15:45:00,-3.533
engq_rth,2014-07-14T15:55:00,-2.533
engq_rth,2014-07-15T10:13:00,-10.033
engq_rth,2014-07-15T15:05:00,-4.783
engq_rth,2014-07-16T11:36:00,15.092
engq_rth,2014-07-16T15:56:00,0.842
engq_rth,2014-07-21T09:30:00,6.467
engq_rth,2014-07-21T10:02:00,-8.783
engq_rth,2014-07-21T15:58:00,-4.533
engq_rth,2014-07-22T14:42:00,-5.783
engq_rth,2014-07-24T09:53:00,22.842
engq_rth,2014-07-24T13:04:00,-0.533
engq_rth,2014-07-24T14:58:00,-3.783
engq_rth,2014-07-25T09:30:00,-23.533
engq_rth,2014-07-29T11:06:00,12.592
engq_rth,2014-07-29T14:21:00,-5.283
engq_rth,2014-07-31T09:30:00,-39.033
engq_rth,2014-08-04T10:36:00,-0.533
engq_rth,2014-08-05T09:30:00,3.717
engq_rth,2014-08-05T11:58:00,-11.283
engq_rth,2014-08-06T13:46:00,-10.283
engq_rth,2014-08-07T11:47:00,-19.283
engq_rth,2014-09-04T15:19:00,193.342
engq_rth,2014-09-08T10:11:00,21.092
engq_rth,2014-09-08T11:51:00,-7.283
engq_rth,2014-09-08T13:08:00,-0.533
engq_rth,2014-09-09T10:20:00,-11.533
engq_rth,2014-09-09T13:09:00,-8.783
engq_rth,2014-09-09T14:23:00,-0.533
engq_rth,2014-09-10T14:11:00,-5.783
engq_rth,2014-09-11T09:30:00,-12.283
engq_rth,2014-09-11T10:36:00,-14.783
engq_rth,2014-09-11T12:56:00,-8.033
engq_rth,2014-09-17T14:03:00,12.092
engq_rth,2014-09-19T11:35:00,25.967
engq_rth,2014-09-19T12:02:00,-4.783
engq_rth,2014-09-22T09:30:00,-8.033
engq_rth,2014-09-29T09:30:00,-42.033
engq_rth,2014-09-29T12:05:00,-5.533
engq_rth,2014-09-29T14:22:00,-9.783
engq_rth,2014-09-30T09:50:00,-0.533
engq_rth,2014-09-30T13:44:00,-0.533
engq_rth,2014-10-01T09:30:00,-10.033
engq_rth,2014-10-06T10:49:00,39.967
engq_rth,2014-10-06T15:50:00,-9.283
engq_rth,2014-10-09T09:30:00,57.717
engq_rth,2014-10-09T10:35:00,-13.533
engq_rth,2014-10-09T11:46:00,-13.033
engq_rth,2014-10-13T13:57:00,-21.533
engq_rth,2014-10-13T14:43:00,-21.033
engq_rth,2014-10-16T15:04:00,-0.533
engq_rth,2014-10-17T14:09:00,33.592
engq_rth,2014-10-22T15:38:00,140.342
engq_rth,2014-12-09T09:30:00,249.717
engq_rth,2014-12-10T09:30:00,1.717
engq_rth,2014-12-10T13:45:00,-16.033
engq_rth,2014-12-12T09:30:00,-54.783
engq_rth,2015-01-02T09:30:00,108.717
engq_rth,2015-01-12T09:48:00,45.467
engq_rth,2015-01-13T13:21:00,-6.783
engq_rth,2015-01-15T09:43:00,-19.533
engq_rth,2015-01-27T09:30:00,99.467
engq_rth,2015-01-27T15:19:00,-17.283
engq_rth,2015-01-28T13:59:00,-9.783
engq_rth,2015-01-30T14:51:00,1.967
engq_rth,2015-02-02T12:23:00,-9.283
engq_rth,2015-02-02T12:47:00,-10.533
engq_rth,2015-02-03T12:03:00,20.092
engq_rth,2015-02-04T15:45:00,32.717
engq_rth,2015-02-09T10:45:00,-28.783
engq_rth,2015-02-09T14:08:00,-12.533
engq_rth,2015-02-10T10:49:00,-12.033
engq_rth,2015-02-11T13:11:00,10.967
engq_rth,2015-02-16T12:31:00,87.467
engq_rth,2015-02-24T10:01:00,49.092
engq_rth,2015-02-25T14:40:00,-0.533
engq_rth,2015-02-26T14:29:00,-8.033
engq_rth,2015-02-27T14:39:00,-12.033
engq_rth,2015-03-03T10:25:00,-0.533
engq_rth,2015-03-04T09:30:00,-13.533
engq_rth,2015-03-04T13:46:00,-0.533
engq_rth,2015-03-05T11:07:00,-0.533
engq_rth,2015-03-05T12:47:00,-8.783
engq_rth,2015-03-05T15:32:00,-5.533
engq_rth,2015-03-06T11:06:00,-18.283
engq_rth,2015-03-10T09:30:00,-27.033
engq_rth,2015-03-13T09:30:00,-1.033
engq_rth,2015-03-13T10:08:00,-21.283
engq_rth,2015-03-17T09:30:00,0.46699999999999997
engq_rth,2015-03-17T11:03:00,-12.033
engq_rth,2015-03-18T09:34:00,3.092
engq_rth,2015-03-18T11:52:00,-9.033
engq_rth,2015-03-25T11:18:00,25.717
engq_rth,2015-03-27T10:17:00,-22.533
engq_rth,2015-03-31T15:30:00,9.342
engq_rth,2015-04-02T12:00:00,-7.783
engq_rth,2015-04-06T09:30:00,-25.283
engq_rth,2015-04-17T09:45:00,45.842
engq_rth,2015-04-20T13:20:00,-0.533
engq_rth,2015-04-21T09:36:00,22.342
engq_rth,2015-04-22T09:41:00,-0.533
engq_rth,2015-04-23T09:30:00,-3.283
engq_rth,2015-04-27T14:14:00,65.342
engq_rth,2015-04-28T13:37:00,-10.783
engq_rth,2015-04-28T14:00:00,-7.783
engq_rth,2015-04-29T15:50:00,-11.783
engq_rth,2015-05-01T11:49:00,-11.783
engq_rth,2015-05-04T10:46:00,51.717
engq_rth,2015-05-04T11:30:00,-6.033
engq_rth,2015-05-04T12:47:00,-6.783
engq_rth,2015-05-04T15:15:00,-0.533
engq_rth,2015-05-07T15:44:00,-8.533
engq_rth,2015-05-08T13:57:00,53.342
engq_rth,2015-05-11T09:30:00,-6.533
engq_rth,2015-05-11T15:00:00,-9.533
engq_rth,2015-05-12T15:19:00,-8.533
engq_rth,2015-05-26T10:10:00,37.092
engq_rth,2015-05-28T09:52:00,9.967
engq_rth,2015-05-28T10:36:00,-9.783
engq_rth,2015-05-29T09:35:00,-0.533
engq_rth,2015-05-29T13:55:00,-5.783
engq_rth,2015-06-01T15:53:00,5.342
engq_rth,2015-06-02T14:50:00,-16.533
engq_rth,2015-06-04T09:30:00,-35.283
engq_rth,2015-06-04T13:01:00,-29.283
engq_rth,2015-06-05T12:28:00,-13.533
engq_rth,2015-06-05T15:20:00,-6.283
engq_rth,2015-06-09T15:06:00,-5.533
engq_rth,2015-06-11T10:38:00,59.592
engq_rth,2015-06-11T12:24:00,-10.033
engq_rth,2015-06-12T09:30:00,-31.533
engq_rth,2015-06-16T09:30:00,-8.783
engq_rth,2015-06-17T12:57:00,3.967
engq_rth,2015-06-26T10:58:00,-0.533
engq_rth,2015-07-01T10:50:00,17.217
engq_rth,2015-07-01T12:20:00,-12.283
engq_rth,2015-07-01T14:03:00,-10.283
engq_rth,2015-07-02T11:08:00,-8.283
engq_rth,2015-07-02T11:57:00,-5.283
engq_rth,2015-07-03T09:51:00,0.592
engq_rth,2015-07-06T13:17:00,-8.283
engq_rth,2015-07-08T09:30:00,-2.783
engq_rth,2015-07-09T11:34:00,-0.533
engq_rth,2015-07-09T13:07:00,-6.033
engq_rth,2015-07-10T10:41:00,-10.033
engq_rth,2015-07-22T09:30:00,195.467
engq_rth,2015-07-29T09:50:00,10.342
engq_rth,2015-07-29T14:04:00,-0.533
engq_rth,2015-07-29T15:34:00,-9.783
engq_rth,2015-07-30T09:30:00,-19.033
engq_rth,2015-08-03T12:40:00,9.842
engq_rth,2015-08-04T13:57:00,-12.533
engq_rth,2015-08-06T09:36:00,26.217
engq_rth,2015-08-11T09:30:00,-12.783
engq_rth,2015-08-11T11:03:00,-28.533
engq_rth,2015-08-13T09:48:00,-0.533
engq_rth,2015-08-13T15:31:00,-0.533
engq_rth,2015-08-17T09:32:00,-14.533
engq_rth,2015-08-19T09:30:00,-0.533
engq_rth,2015-08-20T09:30:00,-51.033
engq_rth,2015-08-24T13:26:00,-35.033
engq_rth,2015-08-25T13:00:00,-0.533
engq_rth,2015-08-27T14:28:00,147.967
engq_rth,2015-08-27T14:49:00,-23.033
engq_rth,2015-08-31T14:46:00,-0.533
engq_rth,2015-09-22T11:42:00,27.217
engq_rth,2015-09-23T11:54:00,-19.033
engq_rth,2015-09-24T09:30:00,-40.783
engq_rth,2015-09-25T11:38:00,-0.533
engq_rth,2015-09-25T13:36:00,-0.533
engq_rth,2015-09-25T14:11:00,-9.033
engq_rth,2015-09-29T11:18:00,-18.533
engq_rth,2015-09-29T12:04:00,-21.283
engq_rth,2015-09-30T11:24:00,-9.533
engq_rth,2015-09-30T11:38:00,-9.283
engq_rth,2015-09-30T12:46:00,-12.283
engq_rth,2015-10-01T09:38:00,17.592
engq_rth,2015-10-01T12:05:00,-22.783
engq_rth,2015-10-02T09:30:00,-17.283
engq_rth,2015-10-06T11:33:00,108.842
engq_rth,2015-10-07T10:40:00,11.467
engq_rth,2015-10-07T14:51:00,-12.033
engq_rth,2015-10-09T13:10:00,-0.533
engq_rth,2015-10-13T09:30:00,-4.533
engq_rth,2015-10-13T15:35:00,-24.533
engq_rth,2015-10-14T14:06:00,-8.283
engq_rth,2015-10-21T13:27:00,62.467
engq_rth,2015-11-12T09:35:00,157.217
engq_rth,2015-11-17T13:24:00,-0.533
engq_rth,2015-11-17T14:28:00,-11.783
engq_rth,2015-11-17T15:11:00,-18.283
engq_rth,2015-11-23T14:20:00,90.842
engq_rth,2015-11-25T11:29:00,-0.533
engq_rth,2015-11-25T15:51:00,-3.783
engq_rth,2015-11-26T12:21:00,-0.533
engq_rth,2015-11-27T12:50:00,-4.283
engq_rth,2015-11-30T09:36:00,-0.533
engq_rth,2015-12-01T13:31:00,-0.533
engq_rth,2015-12-02T11:17:00,28.717
engq_rth,2015-12-02T11:52:00,-3.033
engq_rth,2015-12-02T12:22:00,-0.533
engq_rth,2015-12-07T09:50:00,23.842
engq_rth,2015-12-07T10:30:00,-11.283
engq_rth,2015-12-07T13:05:00,-20.783
engq_rth,2015-12-07T15:00:00,-15.283
engq_rth,2015-12-08T12:17:00,-7.033
engq_rth,2015-12-08T15:30:00,-0.533
engq_rth,2015-12-09T09:30:00,-24.283
engq_rth,2015-12-09T11:39:00,-33.033
engq_rth,2015-12-11T09:30:00,-59.783
engq_rth,2015-12-15T15:16:00,64.217
engq_rth,2015-12-16T10:15:00,-0.533
engq_rth,2015-12-16T13:00:00,-16.033
engq_rth,2015-12-17T10:50:00,-0.533
engq_rth,2015-12-17T11:16:00,-13.533
engq_rth,2015-12-17T15:20:00,-23.533
engq_rth,2015-12-22T11:25:00,-13.533
engq_rth,2015-12-28T09:30:00,43.217
engq_rth,2015-12-30T09:30:00,76.842
engq_rth,2016-01-05T10:30:00,-13.033
engq_rth,2016-01-05T12:01:00,-13.533
engq_rth,2016-01-05T15:21:00,-11.533
engq_rth,2016-01-06T09:30:00,-81.033
engq_rth,2016-01-13T13:03:00,-0.533
engq_rth,2016-01-15T09:30:00,-103.783
engq_rth,2016-01-19T14:01:00,-62.283
engq_rth,2016-01-21T09:46:00,-0.533
engq_rth,2016-01-21T14:24:00,-0.533
engq_rth,2016-01-26T09:48:00,32.342
engq_rth,2016-01-26T14:07:00,-0.533
engq_rth,2016-01-26T15:02:00,-11.533
engq_rth,2016-01-27T09:30:00,-22.783
engq_rth,2016-01-27T14:02:00,-15.783
engq_rth,2016-02-02T12:03:00,65.842
engq_rth,2016-02-04T09:34:00,-18.533
engq_rth,2016-02-05T09:46:00,-39.033
engq_rth,2016-02-11T11:34:00,-63.283
engq_rth,2016-02-12T13:19:00,-0.533
engq_rth,2016-02-16T10:04:00,80.467
engq_rth,2016-02-16T10:57:00,-13.783
engq_rth,2016-02-18T10:00:00,121.342
engq_rth,2016-02-18T13:41:00,-15.533
engq_rth,2016-02-23T10:19:00,19.842
engq_rth,2016-02-25T09:42:00,39.342
engq_rth,2016-02-26T12:04:00,41.717
engq_rth,2016-02-29T09:34:00,-10.033
engq_rth,2016-02-29T13:25:00,-13.533
engq_rth,2016-03-02T09:55:00,3.092
engq_rth,2016-03-02T10:41:00,-17.533
engq_rth,2016-03-02T11:57:00,-12.283
engq_rth,2016-03-02T14:10:00,-9.533
engq_rth,2016-03-03T10:01:00,-0.533
engq_rth,2016-03-03T10:13:00,-13.283
engq_rth,2016-03-03T11:22:00,-12.283
engq_rth,2016-03-04T09:34:00,-0.533
engq_rth,2016-03-04T14:25:00,-0.533
engq_rth,2016-03-07T09:30:00,-26.783
engq_rth,2016-03-07T13:21:00,-6.033
engq_rth,2016-03-08T14:24:00,-0.533
engq_rth,2016-03-10T10:37:00,-0.533
engq_rth,2016-04-22T10:44:00,110.592
engq_rth,2016-04-25T09:30:00,-16.033
engq_rth,2016-04-25T14:06:00,-6.283
engq_rth,2016-04-26T10:13:00,5.092
engq_rth,2016-04-28T14:22:00,-0.533
engq_rth,2016-05-03T09:30:00,-2.533
engq_rth,2016-05-03T14:49:00,-10.533
engq_rth,2016-05-05T13:15:00,-12.533
engq_rth,2016-05-06T10:42:00,-30.033
engq_rth,2016-05-09T10:38:00,9.342
engq_rth,2016-05-09T11:15:00,-12.033
engq_rth,2016-05-09T15:50:00,-0.533
engq_rth,2016-05-11T15:59:00,2.967
engq_rth,2016-05-13T10:43:00,-11.783
engq_rth,2016-05-13T13:36:00,-12.533
engq_rth,2016-05-16T15:33:00,14.467
engq_rth,2016-05-17T09:37:00,-9.283
engq_rth,2016-05-18T11:59:00,-0.533
engq_rth,2016-05-18T12:28:00,-5.283
engq_rth,2016-06-02T09:48:00,193.217
engq_rth,2016-06-03T09:30:00,1.967
engq_rth,2016-06-06T12:51:00,3.342
engq_rth,2016-06-08T10:15:00,-14.783
engq_rth,2016-06-08T13:29:00,-5.033
engq_rth,2016-06-09T09:30:00,-19.783
engq_rth,2016-06-15T15:44:00,-0.533
engq_rth,2016-06-17T09:30:00,1.092
engq_rth,2016-06-24T09:30:00,-126.033
engq_rth,2016-07-01T14:42:00,175.592
engq_rth,2016-07-04T11:36:00,4.717
engq_rth,2016-07-05T09:30:00,-25.033
engq_rth,2016-09-01T11:02:00,347.592
engq_rth,2016-09-01T14:01:00,-6.283
engq_rth,2016-09-01T14:38:00,-4.033
engq_rth,2016-09-02T11:25:00,22.717
engq_rth,2016-09-02T12:07:00,-4.283
engq_rth,2016-09-02T13:12:00,-7.283
engq_rth,2016-09-07T12:27:00,5.092
engq_rth,2016-09-08T09:30:00,-7.283
engq_rth,2016-09-12T13:23:00,9.342
engq_rth,2016-09-13T09:30:00,-0.533
engq_rth,2016-09-19T13:31:00,71.342
engq_rth,2016-09-26T09:30:00,16.967
engq_rth,2016-09-29T12:50:00,0.717
engq_rth,2016-10-03T09:53:00,5.092
engq_rth,2016-10-04T10:12:00,11.092
engq_rth,2016-10-04T11:04:00,-16.033
engq_rth,2016-10-04T13:07:00,-11.783
engq_rth,2016-10-06T09:30:00,-13.283
engq_rth,2016-10-06T13:42:00,-5.283
engq_rth,2016-10-06T15:19:00,-6.533
engq_rth,2016-10-07T09:32:00,-6.283
engq_rth,2016-10-07T15:44:00,-4.533
engq_rth,2016-10-10T12:26:00,26.967
engq_rth,2016-10-10T13:37:00,-0.533
engq_rth,2016-10-10T15:33:00,-4.033
engq_rth,2016-10-12T14:07:00,-6.533
engq_rth,2016-10-13T15:55:00,-0.533
engq_rth,2016-10-14T11:15:00,26.717
engq_rth,2016-10-14T14:11:00,-13.033
engq_rth,2016-10-18T15:30:00,-0.533
engq_rth,2016-10-18T15:40:00,-4.283
engq_rth,2016-10-20T09:30:00,-9.783
engq_rth,2016-10-20T10:35:00,-28.033
engq_rth,2016-10-20T13:48:00,-4.533
engq_rth,2016-10-21T09:32:00,-4.533
engq_rth,2016-10-26T09:30:00,21.467
engq_rth,2016-10-27T10:21:00,-25.283
engq_rth,2016-10-28T13:04:00,-11.783
engq_rth,2016-11-02T12:07:00,-15.783
engq_rth,2016-11-04T14:02:00,-8.283
engq_rth,2016-12-01T12:55:00,-0.533
engq_rth,2016-12-05T12:24:00,27.342
engq_rth,2016-12-06T10:12:00,-0.533
engq_rth,2016-12-06T11:37:00,-13.533
engq_rth,2016-12-07T09:51:00,-9.033
engq_rth,2016-12-12T10:29:00,81.342
engq_rth,2016-12-13T13:00:00,-6.033
engq_rth,2016-12-13T14:06:00,1.342
engq_rth,2016-12-13T15:51:00,-5.533
engq_rth,2016-12-14T14:13:00,-15.033
engq_rth,2016-12-16T11:29:00,-36.283
engq_rth,2016-12-19T13:13:00,-0.533
engq_rth,2016-12-19T13:36:00,-4.533
engq_rth,2016-12-19T14:33:00,-6.783
engq_rth,2016-12-22T11:41:00,-25.283
engq_rth,2016-12-27T09:45:00,30.967
engq_rth,2016-12-27T11:48:00,-4.283
engq_rth,2016-12-27T12:32:00,-0.533
engq_rth,2016-12-27T13:07:00,-0.533
engq_rth,2016-12-27T14:59:00,-4.033
engq_rth,2016-12-27T15:12:00,-3.533
engq_rth,2016-12-28T09:40:00,-12.783
engq_rth,2017-01-03T11:39:00,-12.783
engq_rth,2017-01-03T12:46:00,-11.033
engq_rth,2017-01-03T14:33:00,-8.783
engq_rth,2017-01-04T10:17:00,32.967
engq_rth,2017-01-05T11:07:00,21.092
engq_rth,2017-01-06T09:30:00,7.217
engq_rth,2017-01-11T11:33:00,31.967
engq_rth,2017-01-12T10:07:00,-26.783
engq_rth,2017-01-17T09:30:00,7.467
engq_rth,2017-01-17T12:11:00,-9.533
engq_rth,2017-01-17T14:20:00,-6.783
engq_rth,2017-01-18T11:20:00,-7.533
engq_rth,2017-01-19T10:08:00,21.967
engq_rth,2017-01-19T14:08:00,-9.283
engq_rth,2017-01-20T11:29:00,-4.783
engq_rth,2017-01-20T12:05:00,-7.033
engq_rth,2017-01-23T09:53:00,-0.533
engq_rth,2017-01-24T09:47:00,14.217
engq_rth,2017-01-27T10:08:00,79.092
engq_rth,2017-01-30T09:30:00,-7.533
engq_rth,2017-01-31T09:30:00,-15.033
engq_rth,2017-02-01T10:38:00,-8.033
engq_rth,2017-02-01T11:48:00,-7.533
engq_rth,2017-02-01T13:56:00,-0.533
engq_rth,2017-02-02T09:32:00,-11.033
engq_rth,2017-03-03T10:34:00,199.842
engq_rth,2017-03-06T09:30:00,-12.533
engq_rth,2017-03-06T15:58:00,-0.533
engq_rth,2017-03-09T14:15:00,-15.283
engq_rth,2017-03-10T12:35:00,-9.533
engq_rth,2017-03-13T12:24:00,-4.783
engq_rth,2017-03-14T09:30:00,-5.033
engq_rth,2017-03-15T09:41:00,2.467
engq_rth,2017-03-15T14:33:00,20.842
engq_rth,2017-03-16T10:57:00,-4.783
engq_rth,2017-03-17T15:48:00,-0.533
engq_rth,2017-03-20T12:15:00,-3.783
engq_rth,2017-03-20T13:39:00,-6.533
engq_rth,2017-03-22T12:42:00,-4.283
engq_rth,2017-03-23T15:32:00,-13.283
engq_rth,2017-03-27T09:30:00,-46.033
engq_rth,2017-04-03T11:06:00,55.217
engq_rth,2017-04-04T10:08:00,-16.283
engq_rth,2017-04-05T15:14:00,14.467
engq_rth,2017-04-07T15:31:00,-7.783
engq_rth,2017-04-10T11:31:00,-0.533
engq_rth,2017-04-10T15:22:00,-10.033
engq_rth,2017-04-11T15:14:00,-10.783
engq_rth,2017-04-13T13:47:00,-19.783
engq_rth,2017-05-17T09:57:00,290.342
engq_rth,2017-05-18T11:39:00,-10.783
engq_rth,2017-05-18T15:21:00,-6.283
engq_rth,2017-05-18T15:27:00,-5.533
engq_rth,2017-05-31T09:55:00,151.842
engq_rth,2017-05-31T14:07:00,-11.783
engq_rth,2017-06-06T09:31:00,81.342
engq_rth,2017-06-06T15:23:00,-13.783
engq_rth,2017-06-07T12:51:00,-31.283
engq_rth,2017-06-08T09:38:00,-0.533
engq_rth,2017-06-08T10:15:00,-12.783
engq_rth,2017-06-09T11:59:00,-0.533
engq_rth,2017-06-14T14:44:00,17.842
engq_rth,2017-06-16T15:30:00,-10.033
engq_rth,2017-06-19T14:24:00,1.592
engq_rth,2017-06-19T14:49:00,-6.283
engq_rth,2017-06-20T09:30:00,3.842
engq_rth,2017-06-20T11:28:00,-18.783
engq_rth,2017-06-20T15:33:00,-16.033
engq_rth,2017-06-26T10:50:00,41.092
engq_rth,2017-06-29T09:30:00,7.842
engq_rth,2017-07-03T10:52:00,-28.283
engq_rth,2017-07-06T09:30:00,-1.283
engq_rth,2017-07-06T14:15:00,-10.033
engq_rth,2017-07-27T12:58:00,294.467
engq_rth,2017-07-28T15:15:00,-5.283
engq_rth,2017-07-31T09:58:00,3.092
engq_rth,2017-08-02T10:27:00,-26.033
engq_rth,2017-08-03T09:35:00,-0.533
engq_rth,2017-08-03T13:14:00,-9.033
engq_rth,2017-08-03T15:31:00,-8.283
engq_rth,2017-08-04T10:08:00,-20.783
engq_rth,2017-08-08T15:33:00,20.967
engq_rth,2017-08-11T14:35:00,-0.533
engq_rth,2017-08-16T13:12:00,89.092
engq_rth,2017-08-16T14:20:00,-15.783
engq_rth,2017-08-18T13:40:00,-12.783
engq_rth,2017-08-21T13:15:00,-15.533
engq_rth,2017-08-22T13:43:00,-4.783
engq_rth,2017-08-23T09:30:00,-21.783
engq_rth,2017-08-23T13:52:00,-14.033
engq_rth,2017-08-24T09:43:00,-0.533
engq_rth,2017-08-25T10:49:00,1.467
engq_rth,2017-08-28T15:14:00,-6.283
engq_rth,2017-08-29T13:16:00,-8.033
engq_rth,2017-08-30T15:43:00,64.842
engq_rth,2017-09-01T09:54:00,54.342
engq_rth,2017-09-04T09:30:00,-24.033
engq_rth,2017-09-07T09:36:00,-7.783
engq_rth,2017-09-07T10:00:00,-16.783
engq_rth,2017-09-07T12:29:00,-0.533
engq_rth,2017-09-08T10:11:00,-10.283
engq_rth,2017-09-25T09:30:00,-61.533
engq_rth,2017-09-26T15:51:00,-0.533
engq_rth,2017-10-25T11:09:00,112.717
engq_rth,2017-10-26T10:08:00,-11.283
engq_rth,2017-10-30T12:18:00,152.967
engq_rth,2017-11-01T10:39:00,34.217
engq_rth,2017-11-01T11:45:00,-9.283
engq_rth,2017-11-01T13:05:00,-12.533
engq_rth,2017-11-03T09:36:00,14.467
engq_rth,2017-11-06T11:14:00,28.092
engq_rth,2017-11-07T10:35:00,-0.533
engq_rth,2017-11-07T11:57:00,-13.533
engq_rth,2017-11-09T09:30:00,-17.283
engq_rth,2017-11-10T10:32:00,-12.783
engq_rth,2017-11-13T09:30:00,-9.033
engq_rth,2017-11-14T09:36:00,-18.283
engq_rth,2017-11-15T09:30:00,-25.283
engq_rth,2017-11-29T11:41:00,6.217
engq_rth,2017-11-30T12:55:00,-0.533
engq_rth,2017-11-30T14:58:00,-11.283
engq_rth,2017-12-01T09:30:00,-31.533
engq_rth,2017-12-01T11:13:00,-31.783
engq_rth,2017-12-01T14:48:00,-11.533
engq_rth,2017-12-04T10:00:00,18.842
engq_rth,2017-12-04T14:06:00,-11.533
engq_rth,2017-12-05T12:58:00,-9.783
engq_rth,2017-12-05T14:17:00,-19.533
engq_rth,2017-12-07T14:31:00,18.967
engq_rth,2017-12-08T14:20:00,-14.033
engq_rth,2017-12-12T13:53:00,31.592
engq_rth,2017-12-26T09:30:00,23.717
engq_rth,2017-12-29T09:47:00,-7.033
engq_rth,2018-01-16T14:05:00,314.717
engq_rth,2018-01-19T10:52:00,40.217
engq_rth,2018-01-24T11:13:00,135.217
engq_rth,2018-01-25T14:48:00,-26.783
engq_rth,2018-01-29T09:30:00,29.967
engq_rth,2018-01-29T10:37:00,-14.033
engq_rth,2018-01-29T11:11:00,-16.033
engq_rth,2018-01-29T15:36:00,3.592
engq_rth,2018-01-30T09:30:00,-73.283
engq_rth,2018-01-31T11:53:00,-11.533
engq_rth,2018-01-31T14:46:00,-19.533
engq_rth,2018-02-01T15:30:00,-47.783
engq_rth,2018-02-07T12:47:00,-29.283
engq_rth,2018-02-07T14:53:00,-64.783
engq_rth,2018-02-07T15:59:00,-54.283
engq_rth,2018-03-01T09:44:00,468.592
engq_rth,2018-03-05T10:14:00,-0.533
engq_rth,2018-03-13T11:18:00,335.592
engq_rth,2018-03-15T13:17:00,-16.783
engq_rth,2018-03-16T11:09:00,-9.533
engq_rth,2018-03-20T11:48:00,-24.033
engq_rth,2018-03-21T14:32:00,-0.533
engq_rth,2018-03-27T15:33:00,-142.783
engq_rth,2018-03-29T12:04:00,-26.783
engq_rth,2018-04-02T09:30:00,-11.033
engq_rth,2018-04-04T09:30:00,-72.033
engq_rth,2018-04-06T13:39:00,89.967
engq_rth,2018-04-09T14:21:00,-0.533
engq_rth,2018-04-09T15:13:00,-15.033
engq_rth,2018-04-24T11:01:00,-0.533
engq_rth,2018-04-25T14:13:00,-22.283
engq_rth,2018-04-27T09:52:00,168.842
engq_rth,2018-04-30T11:41:00,-0.03300000000000003
engq_rth,2018-05-02T11:43:00,-17.283
engq_rth,2018-05-02T14:53:00,19.342
engq_rth,2018-05-03T14:50:00,-0.533
engq_rth,2018-05-15T09:30:00,266.217
engq_rth,2018-05-16T11:24:00,-8.783
engq_rth,2018-05-16T15:45:00,14.342
engq_rth,2018-05-17T09:30:00,-25.783
engq_rth,2018-05-17T13:43:00,-24.533
engq_rth,2018-05-23T09:30:00,-84.533
engq_rth,2018-05-24T09:49:00,36.592
engq_rth,2018-05-29T09:34:00,1.342
engq_rth,2018-05-31T10:49:00,-0.533
engq_rth,2018-05-31T13:57:00,-0.533
engq_rth,2018-06-18T09:34:00,200.467
engq_rth,2018-06-18T12:19:00,-8.033
engq_rth,2018-06-19T09:30:00,-95.533
engq_rth,2018-06-20T10:12:00,50.717
engq_rth,2018-06-21T09:45:00,-0.533
engq_rth,2018-06-22T15:55:00,-12.533
engq_rth,2018-06-26T15:50:00,-0.533
engq_rth,2018-06-27T12:43:00,-40.033
engq_rth,2018-07-02T09:30:00,-93.783
engq_rth,2018-07-03T09:34:00,39.342
engq_rth,2018-07-03T11:52:00,-24.283
engq_rth,2018-07-05T10:53:00,-10.533
engq_rth,2018-07-11T09:30:00,182.217
engq_rth,2018-07-11T14:10:00,-21.283
engq_rth,2018-07-11T15:59:00,-13.033
engq_rth,2018-07-13T09:57:00,-0.533
engq_rth,2018-07-16T14:42:00,-21.533
engq_rth,2018-07-18T09:36:00,-13.783
engq_rth,2018-07-19T09:30:00,-30.033
engq_rth,2018-07-20T12:06:00,-15.283
engq_rth,2018-07-24T11:06:00,74.592
engq_rth,2018-07-24T11:47:00,-15.783
engq_rth,2018-07-24T12:43:00,-17.783
engq_rth,2018-07-26T09:30:00,2.717
engq_rth,2018-08-02T09:30:00,-0.533
engq_rth,2018-08-15T09:47:00,113.092
engq_rth,2018-08-16T14:28:00,-15.283
engq_rth,2018-08-17T15:59:00,-9.283
engq_rth,2018-08-21T14:30:00,38.842
engq_rth,2018-08-22T14:25:00,-9.283
engq_rth,2018-08-23T09:30:00,-7.033
engq_rth,2018-08-23T11:19:00,-24.533
engq_rth,2018-08-23T15:37:00,-8.283
engq_rth,2018-09-04T09:36:00,155.592
engq_rth,2018-09-17T15:40:00,-0.533
engq_rth,2018-09-24T09:30:00,-6.533
engq_rth,2018-09-24T12:56:00,-10.533
engq_rth,2018-09-25T10:59:00,-0.533
engq_rth,2018-09-26T15:45:00,38.217
engq_rth,2018-10-04T09:30:00,-1.533
engq_rth,2018-10-08T09:30:00,-54.033
engq_rth,2018-10-09T09:32:00,-21.783
engq_rth,2018-10-09T12:44:00,-0.533
engq_rth,2018-10-10T09:30:00,-49.783
engq_rth,2018-10-23T10:14:00,-211.533
engq_rth,2018-10-23T15:58:00,50.717
engq_rth,2018-10-24T10:20:00,-36.283
engq_rth,2018-10-26T09:30:00,-191.783
engq_rth,2018-10-26T14:06:00,-41.033
engq_rth,2018-10-30T12:57:00,-35.783
engq_rth,2018-10-31T11:34:00,-0.533
engq_rth,2018-11-01T09:46:00,5.092
engq_rth,2018-11-02T10:29:00,-0.533
engq_rth,2018-11-05T09:42:00,-63.283
engq_rth,2018-11-06T10:07:00,64.717
engq_rth,2018-11-06T11:34:00,-17.533
engq_rth,2018-11-08T09:33:00,-0.533
engq_rth,2018-11-08T13:28:00,-39.033
engq_rth,2018-11-08T14:04:00,-20.283
engq_rth,2018-11-09T09:30:00,-64.533
engq_rth,2018-11-13T14:46:00,-84.033
engq_rth,2018-11-15T12:56:00,-26.033
engq_rth,2018-11-15T15:02:00,41.092
engq_rth,2018-11-16T09:30:00,-47.283
engq_rth,2018-11-19T09:50:00,-48.033
engq_rth,2018-11-21T15:41:00,-27.783
engq_rth,2018-11-23T11:51:00,-17.033
engq_rth,2018-11-26T11:36:00,-19.783
engq_rth,2018-11-26T12:25:00,-13.783
engq_rth,2018-11-27T09:30:00,34.217
engq_rth,2018-12-04T12:04:00,305.842
engq_rth,2018-12-07T10:15:00,-0.533
engq_rth,2018-12-14T09:36:00,53.342
engq_rth,2018-12-17T12:31:00,-35.283
engq_rth,2018-12-18T13:53:00,-19.783
engq_rth,2018-12-18T14:35:00,-33.533
engq_rth,2018-12-19T12:53:00,11.967
engq_rth,2018-12-19T13:22:00,-17.033
engq_rth,2018-12-19T14:00:00,-0.533
engq_rth,2018-12-21T11:06:00,-79.283
engq_rth,2018-12-27T09:30:00,76.717
engq_rth,2018-12-27T10:12:00,-40.533
engq_rth,2018-12-27T12:28:00,-46.283
engq_rth,2018-12-27T13:46:00,-35.783
engq_rth,2018-12-28T15:39:00,-0.533
engq_rth,2019-01-02T09:30:00,-110.033
engq_rth,2019-01-02T15:08:00,15.967
engq_rth,2019-01-03T09:30:00,-78.783
engq_rth,2019-05-07T15:36:00,1322.342
engq_rth,2019-05-09T09:30:00,-123.783
engq_rth,2019-05-09T15:00:00,-26.283
engq_rth,2019-05-10T09:34:00,-34.033
engq_rth,2019-05-13T09:30:00,-164.533
engq_rth,2019-05-20T09:30:00,21.967
engq_rth,2019-05-22T09:30:00,-30.783
engq_rth,2019-05-22T15:31:00,-9.783
engq_rth,2019-05-24T15:41:00,-18.033
engq_rth,2019-05-28T13:19:00,-0.533
engq_rth,2019-05-28T14:01:00,-9.533
engq_rth,2019-05-30T10:51:00,-14.533
engq_rth,2019-05-30T11:51:00,-16.283
engq_rth,2019-05-30T13:35:00,-16.533
engq_rth,2019-06-05T10:52:00,89.092
engq_rth,2019-06-10T14:00:00,353.342
engq_rth,2019-06-11T09:39:00,40.967
engq_rth,2019-06-11T11:27:00,-16.033
engq_rth,2019-06-12T09:30:00,-25.783
engq_rth,2019-06-25T10:39:00,183.967
engq_rth,2019-06-26T10:55:00,-11.283
engq_rth,2019-06-26T13:27:00,-14.783
engq_rth,2019-06-28T09:48:00,-0.533
engq_rth,2019-07-01T10:28:00,113.467
engq_rth,2019-07-01T11:31:00,-18.533
engq_rth,2019-07-01T12:22:00,-18.283
engq_rth,2019-07-01T14:19:00,-14.283
engq_rth,2019-07-02T11:39:00,12.717
engq_rth,2019-07-02T12:31:00,-10.533
engq_rth,2019-07-05T09:30:00,45.467
engq_rth,2019-07-05T15:13:00,-0.28300000000000003
engq_rth,2019-07-05T15:51:00,-11.283
engq_rth,2019-07-08T09:30:00,-51.533
engq_rth,2019-07-18T09:30:00,63.467
engq_rth,2019-07-19T10:07:00,24.217
engq_rth,2019-07-19T10:28:00,-19.783
engq_rth,2019-07-19T11:39:00,-15.783
engq_rth,2019-07-19T14:10:00,-17.533
engq_rth,2019-07-22T10:45:00,-15.033
engq_rth,2019-07-23T09:58:00,26.217
engq_rth,2019-07-23T11:36:00,-0.533
engq_rth,2019-07-25T09:30:00,67.217
engq_rth,2019-07-29T09:32:00,4.842
engq_rth,2019-07-30T09:30:00,-54.533
engq_rth,2019-07-30T15:07:00,-5.033
engq_rth,2019-07-31T12:24:00,-0.533
engq_rth,2019-07-31T13:39:00,-7.283
engq_rth,2019-08-01T13:26:00,-8.533
engq_rth,2019-08-06T11:14:00,-39.033
engq_rth,2019-08-07T09:30:00,-30.533
engq_rth,2019-08-14T12:00:00,21.717
engq_rth,2019-08-20T15:59:00,165.592
engq_rth,2019-08-21T13:41:00,-11.283
engq_rth,2019-08-22T10:26:00,-30.033
engq_rth,2019-08-22T15:11:00,0.717
engq_rth,2019-08-22T15:59:00,-13.283
engq_rth,2019-09-25T09:50:00,128.467
engq_rth,2019-09-26T09:32:00,46.342
engq_rth,2019-09-26T10:15:00,-22.283
engq_rth,2019-09-26T11:01:00,-25.533
engq_rth,2019-09-27T09:51:00,-0.533
engq_rth,2019-10-01T10:04:00,59.092
engq_rth,2019-10-01T10:50:00,-21.283
engq_rth,2019-10-03T15:50:00,27.592
engq_rth,2019-10-07T14:50:00,100.217
engq_rth,2019-10-08T14:57:00,-26.783
engq_rth,2019-12-03T09:30:00,526.717
engq_rth,2019-12-04T12:16:00,-14.033
engq_rth,2019-12-04T15:32:00,-0.15800000000000003
engq_rth,2019-12-04T15:54:00,-6.533
engq_rth,2019-12-10T09:30:00,47.342
engq_rth,2019-12-10T14:47:00,-14.783
engq_rth,2019-12-12T11:55:00,46.342
engq_rth,2019-12-13T11:21:00,58.842
engq_rth,2019-12-27T09:59:00,284.717
engq_rth,2019-12-27T15:48:00,-24.033
engq_rth,2020-01-02T10:15:00,87.842
engq_rth,2020-01-03T09:30:00,-47.283
engq_rth,2020-01-06T09:30:00,-92.783
engq_rth,2020-01-07T09:39:00,18.717
engq_rth,2020-01-10T15:42:00,102.467
engq_rth,2020-01-24T14:12:00,102.967
engq_rth,2020-01-30T10:54:00,-0.533
engq_rth,2020-02-21T09:47:00,454.967
engq_rth,2020-02-25T10:22:00,-104.033
engq_rth,2020-02-26T12:07:00,-95.033
engq_rth,2020-03-03T10:00:00,270.467
engq_rth,2020-03-03T13:13:00,-67.033
engq_rth,2020-03-06T09:30:00,-380.533
engq_rth,2020-03-10T14:01:00,-88.033
engq_rth,2020-03-11T10:30:00,-54.533
engq_rth,2020-03-16T09:45:00,-325.283
engq_rth,2020-03-16T12:16:00,-76.783
engq_rth,2020-03-16T12:49:00,-72.533
engq_rth,2020-03-17T13:10:00,-60.033
engq_rth,2020-03-17T15:01:00,-0.533
engq_rth,2020-03-18T09:30:00,-424.033
engq_rth,2020-03-20T14:56:00,-0.533
engq_rth,2020-03-23T13:56:00,-90.283
engq_rth,2020-04-01T09:30:00,569.717
engq_rth,2020-04-02T13:17:00,-58.033
engq_rth,2020-04-03T11:15:00,-29.783
engq_rth,2020-04-07T10:50:00,551.717
engq_rth,2020-04-07T14:06:00,18.217
engq_rth,2020-04-07T14:41:00,-37.283
engq_rth,2020-04-07T15:24:00,-76.783
engq_rth,2020-04-21T09:34:00,473.092
engq_rth,2020-04-23T12:45:00,75.467
engq_rth,2020-04-27T09:41:00,136.342
engq_rth,2020-04-27T13:19:00,-31.533
engq_rth,2020-04-28T09:32:00,57.967
engq_rth,2020-05-04T09:32:00,-195.533
engq_rth,2020-05-04T12:53:00,-28.033
engq_rth,2020-05-05T15:17:00,12.217
engq_rth,2020-05-13T09:35:00,76.967
engq_rth,2020-05-14T14:41:00,-34.783
engq_rth,2020-05-15T09:30:00,-16.283
engq_rth,2020-05-22T09:38:00,311.217
engq_rth,2020-05-22T15:23:00,-19.783
engq_rth,2020-05-26T09:51:00,110.717
engq_rth,2020-05-26T10:43:00,-36.283
engq_rth,2020-05-26T14:33:00,-25.033
engq_rth,2020-05-28T15:30:00,125.967
engq_rth,2020-06-11T09:30:00,466.717
engq_rth,2020-06-15T09:30:00,-151.033
engq_rth,2020-06-16T11:00:00,192.717
engq_rth,2020-06-24T11:09:00,156.592
engq_rth,2020-06-26T09:44:00,-0.533
engq_rth,2020-07-07T14:55:00,679.842
engq_rth,2020-07-09T10:59:00,-0.533
engq_rth,2020-07-10T10:03:00,-0.533
engq_rth,2020-07-13T14:08:00,177.842
engq_rth,2020-07-15T11:43:00,-0.533
engq_rth,2020-07-16T09:30:00,-84.283
engq_rth,2020-07-16T14:49:00,-34.533
engq_rth,2020-07-16T15:50:00,-0.533
engq_rth,2020-07-20T09:37:00,-0.533
engq_rth,2020-07-21T09:36:00,172.842
engq_rth,2020-07-21T11:12:00,-39.033
engq_rth,2020-07-21T15:10:00,-0.533
engq_rth,2020-07-22T11:13:00,-86.783
engq_rth,2020-07-23T12:02:00,-61.283
engq_rth,2020-07-27T11:14:00,-36.283
engq_rth,2020-07-28T09:38:00,44.967
engq_rth,2020-07-28T15:15:00,-48.033
engq_rth,2020-08-07T14:22:00,454.467
engq_rth,2020-08-10T14:45:00,-25.283
engq_rth,2020-08-11T09:30:00,-45.033
engq_rth,2020-08-11T14:14:00,-38.783
engq_rth,2020-08-12T13:18:00,-17.533
engq_rth,2020-08-12T15:31:00,-0.533
engq_rth,2020-08-14T10:19:00,-75.783
engq_rth,2020-08-14T13:50:00,-24.033
engq_rth,2020-08-18T10:28:00,133.342
engq_rth,2020-08-19T14:20:00,11.092
engq_rth,2020-08-21T11:58:00,123.967
engq_rth,2020-08-24T09:54:00,106.217
engq_rth,2020-08-24T10:46:00,-68.783
engq_rth,2020-08-27T12:45:00,327.342
engq_rth,2020-08-27T15:50:00,-43.033
engq_rth,2020-09-02T09:57:00,262.092
engq_rth,2020-09-02T11:28:00,-85.283
engq_rth,2020-09-03T09:30:00,-46.533
engq_rth,2020-09-11T12:40:00,-248.283
engq_rth,2020-09-17T09:30:00,-161.033
engq_rth,2020-09-18T10:31:00,-85.283
engq_rth,2020-09-21T13:52:00,-0.533
engq_rth,2020-09-23T11:32:00,201.717
engq_rth,2020-09-24T14:18:00,-0.533
engq_rth,2020-09-24T14:51:00,-49.533
engq_rth,2020-09-28T09:50:00,255.342
engq_rth,2020-10-02T11:54:00,-0.533
engq_rth,2020-10-06T14:54:00,-0.533
engq_rth,2020-10-15T09:30:00,362.717
engq_rth,2020-10-16T11:10:00,70.467
engq_rth,2020-10-16T15:41:00,-39.283
engq_rth,2020-10-19T10:11:00,-103.783
engq_rth,2020-10-20T14:50:00,-58.783
engq_rth,2020-10-20T15:06:00,-33.283
engq_rth,2020-10-21T12:44:00,-80.783
engq_rth,2020-10-21T15:40:00,-37.033
engq_rth,2020-10-22T10:04:00,-60.033
engq_rth,2020-10-23T09:35:00,-30.283
engq_rth,2020-10-26T09:30:00,-61.783
engq_rth,2020-10-26T10:49:00,-103.783
engq_rth,2020-10-28T09:30:00,-127.033
engq_rth,2020-10-29T15:59:00,61.592
engq_rth,2020-11-02T13:58:00,-110.783
engq_rth,2020-11-03T13:57:00,176.842
engq_rth,2020-11-03T15:59:00,-0.533
engq_rth,2020-11-06T09:37:00,169.717
engq_rth,2020-11-06T14:45:00,-0.533
engq_rth,2020-11-06T15:21:00,-29.033
engq_rth,2020-11-09T09:33:00,55.092
engq_rth,2020-11-09T12:16:00,-67.533
engq_rth,2020-11-09T13:55:00,-49.283
engq_rth,2020-11-12T11:34:00,82.092
engq_rth,2020-11-12T12:41:00,-29.783
engq_rth,2020-12-09T13:59:00,436.092
engq_rth,2020-12-14T15:50:00,99.092
engq_rth,2020-12-21T09:49:00,-0.533
engq_rth,2020-12-21T15:08:00,-26.033
engq_rth,2020-12-21T15:52:00,-25.533
engq_rth,2020-12-22T11:02:00,-0.533
engq_rth,2020-12-22T11:31:00,-38.783
engq_rth,2020-12-22T15:11:00,-22.033
engq_rth,2020-12-23T09:44:00,-30.283
engq_rth,2020-12-23T15:59:00,-47.033
engq_rth,2021-01-04T10:59:00,66.467
engq_rth,2021-01-05T10:59:00,-28.283
engq_rth,2021-01-06T09:30:00,-122.533
engq_rth,2021-01-06T14:18:00,-32.783
engq_rth,2021-01-15T10:23:00,23.717
engq_rth,2021-01-19T11:15:00,-41.283
engq_rth,2021-01-21T12:16:00,443.217
engq_rth,2021-01-22T09:30:00,6.467
engq_rth,2021-01-22T10:38:00,-50.783
engq_rth,2021-01-25T10:49:00,101.467
engq_rth,2021-01-27T09:31:00,-92.533
engq_rth,2021-01-28T14:55:00,16.092
engq_rth,2021-02-22T09:30:00,319.717
engq_rth,2021-02-25T10:40:00,-0.533
engq_rth,2021-02-26T15:59:00,-89.533
engq_rth,2021-03-03T10:03:00,-217.533
engq_rth,2021-03-08T09:32:00,-0.533
engq_rth,2021-03-08T11:50:00,-136.033
engq_rth,2021-03-10T10:21:00,125.217
engq_rth,2021-03-10T10:53:00,-70.783
engq_rth,2021-03-10T12:38:00,-62.783
engq_rth,2021-03-10T13:36:00,-66.033
engq_rth,2021-03-10T15:54:00,-41.533
engq_rth,2021-03-17T09:37:00,-0.533
engq_rth,2021-03-18T09:30:00,-99.283
engq_rth,2021-03-19T14:21:00,-44.783
engq_rth,2021-03-19T15:28:00,-38.783
engq_rth,2021-03-23T09:48:00,203.217
engq_rth,2021-03-23T14:59:00,-61.533
engq_rth,2021-03-26T14:10:00,-65.283
engq_rth,2021-03-29T14:39:00,39.092
engq_rth,2021-03-29T14:59:00,-42.783
engq_rth,2021-03-30T09:30:00,-55.533
engq_rth,2021-04-07T09:30:00,668.842
engq_rth,2021-04-07T11:30:00,-26.783
engq_rth,2021-04-07T12:30:00,-31.533
engq_rth,2021-04-07T15:27:00,-0.533
engq_rth,2021-04-09T09:41:00,52.592
engq_rth,2021-04-14T13:58:00,131.342
engq_rth,2021-04-20T11:16:00,-161.033
engq_rth,2021-05-03T11:11:00,5.342
engq_rth,2021-05-05T15:02:00,-53.033
engq_rth,2021-05-10T09:34:00,60.342
engq_rth,2021-05-11T15:36:00,-49.783
engq_rth,2021-07-19T09:30:00,1361.967
engq_rth,2021-07-20T15:58:00,-0.533
engq_rth,2021-07-27T10:07:00,266.217
engq_rth,2021-07-28T09:37:00,20.842
engq_rth,2021-07-28T13:09:00,-29.783
engq_rth,2021-07-28T14:00:00,-33.033
engq_rth,2021-07-30T09:30:00,-169.783
engq_rth,2021-08-02T15:49:00,-94.283
engq_rth,2021-08-12T09:36:00,-0.533
engq_rth,2021-08-13T11:58:00,41.717
engq_rth,2021-08-13T12:38:00,-16.783
engq_rth,2021-08-16T09:30:00,-27.033
engq_rth,2021-08-18T14:16:00,-48.533
engq_rth,2021-08-18T15:32:00,-83.033
engq_rth,2021-08-19T13:18:00,-29.283
engq_rth,2021-08-19T13:59:00,-29.283
engq_rth,2021-09-10T15:12:00,575.217
engq_rth,2021-09-14T10:39:00,-37.533
engq_rth,2021-09-14T12:40:00,-0.533
engq_rth,2021-09-17T09:30:00,47.467
engq_rth,2021-09-21T10:48:00,-41.033
engq_rth,2021-09-21T13:25:00,-0.533
engq_rth,2021-09-21T13:54:00,-32.033
engq_rth,2021-09-21T14:26:00,-36.033
engq_rth,2021-09-22T14:50:00,62.217
engq_rth,2021-09-27T09:30:00,19.092
engq_rth,2021-09-27T15:53:00,-28.783
engq_rth,2021-09-29T11:22:00,-56.033
engq_rth,2021-09-30T11:51:00,-111.033
engq_rth,2021-09-30T15:50:00,-67.283
engq_rth,2021-10-04T09:30:00,-0.533
engq_rth,2021-10-05T15:55:00,-37.783
engq_rth,2021-10-12T09:45:00,-0.533
engq_rth,2021-11-10T09:30:00,1318.967
engq_rth,2021-11-11T12:16:00,-33.033
engq_rth,2021-11-15T09:50:00,35.592
engq_rth,2021-11-15T10:40:00,-25.283
engq_rth,2021-11-15T11:42:00,-26.783
engq_rth,2021-11-16T09:30:00,-31.533
engq_rth,2021-11-17T12:28:00,125.092
engq_rth,2021-11-17T12:54:00,-22.783
engq_rth,2021-11-17T13:11:00,-25.283
engq_rth,2021-11-18T10:12:00,11.467
engq_rth,2021-11-22T11:22:00,275.342
engq_rth,2021-11-22T11:42:00,-25.533
engq_rth,2021-11-26T09:30:00,-17.033
engq_rth,2021-12-01T15:21:00,-280.033
engq_rth,2021-12-02T15:55:00,-73.533
engq_rth,2021-12-14T09:30:00,158.717
engq_rth,2021-12-16T11:01:00,-42.033
engq_rth,2021-12-16T11:33:00,-46.283
engq_rth,2021-12-17T15:17:00,-66.033
engq_rth,2021-12-21T10:10:00,20.592
engq_rth,2021-12-21T10:34:00,-81.033
engq_rth,2021-12-28T12:32:00,827.967
engq_rth,2021-12-29T10:11:00,-46.533
engq_rth,2021-12-30T09:30:00,-0.533
engq_rth,2021-12-30T15:45:00,-61.283
engq_rth,2022-01-03T09:50:00,-93.283
engq_rth,2022-01-04T10:44:00,-108.533
engq_rth,2022-01-11T09:43:00,13.342
engq_rth,2022-01-13T12:20:00,23.592
engq_rth,2022-01-17T12:51:00,-43.533
engq_rth,2022-01-20T13:03:00,-79.533
engq_rth,2022-01-25T09:45:00,-0.533
engq_rth,2022-01-25T11:37:00,-147.533
engq_rth,2022-01-25T15:50:00,-92.283
engq_rth,2022-01-26T15:03:00,-373.783
engq_rth,2022-01-27T12:16:00,-145.783
engq_rth,2022-01-28T12:53:00,-56.033
engq_rth,2022-01-28T13:27:00,-69.783
engq_rth,2022-01-28T14:06:00,-84.783
engq_rth,2022-02-03T09:30:00,535.467
engq_rth,2022-02-04T15:53:00,-63.783
engq_rth,2022-02-07T11:09:00,-101.033
engq_rth,2022-02-07T15:37:00,-41.533
engq_rth,2022-02-08T14:21:00,-49.533
engq_rth,2022-02-08T15:02:00,-43.033
engq_rth,2022-02-10T09:30:00,54.717
engq_rth,2022-02-10T13:38:00,-196.283
engq_rth,2022-02-15T12:47:00,-74.783
engq_rth,2022-02-16T09:30:00,50.217
engq_rth,2022-02-16T14:02:00,-86.783
engq_rth,2022-02-22T14:10:00,-195.283
engq_rth,2022-02-23T10:25:00,-198.283
engq_rth,2022-02-28T14:08:00,90.717
engq_rth,2022-03-01T10:52:00,-97.033
engq_rth,2022-03-01T11:30:00,-53.783
engq_rth,2022-03-01T15:30:00,-109.783
engq_rth,2022-03-03T10:51:00,-0.533
engq_rth,2022-03-03T14:51:00,-128.533
engq_rth,2022-03-08T15:33:00,-132.283
engq_rth,2022-03-10T09:30:00,-77.783
engq_rth,2022-03-11T09:40:00,9.217
engq_rth,2022-03-11T11:07:00,-63.533
engq_rth,2022-04-01T09:51:00,1642.842
engq_rth,2022-04-05T10:17:00,108.967
engq_rth,2022-04-07T09:30:00,-101.533
engq_rth,2022-04-07T10:40:00,-120.033
engq_rth,2022-04-08T09:30:00,-48.283
engq_rth,2022-04-12T14:14:00,-176.033
engq_rth,2022-04-14T09:48:00,-0.533
engq_rth,2022-04-20T10:08:00,120.592
engq_rth,2022-04-21T11:56:00,-206.033
engq_rth,2022-04-26T09:32:00,-0.533
engq_rth,2022-04-27T14:58:00,-115.033
engq_rth,2022-04-29T14:47:00,-287.033
engq_rth,2022-05-04T10:06:00,-91.033
engq_rth,2022-05-05T10:02:00,-0.533
engq_rth,2022-05-06T13:52:00,-122.783
engq_rth,2022-05-11T12:57:00,-399.783
engq_rth,2022-05-13T13:40:00,-36.033
engq_rth,2022-05-16T09:30:00,44.092
engq_rth,2022-05-16T09:46:00,-111.533
engq_rth,2022-05-16T11:00:00,-88.283
engq_rth,2022-05-16T15:17:00,-0.533
engq_rth,2022-05-17T14:13:00,81.342
engq_rth,2022-05-18T09:30:00,-86.783
engq_rth,2022-05-24T09:30:00,-73.533
engq_rth,2022-05-25T12:22:00,-57.033
engq_rth,2022-05-25T14:06:00,4.842
engq_rth,2022-05-31T09:32:00,645.342
engq_rth,2022-06-01T10:15:00,-0.533
engq_rth,2022-06-01T15:54:00,-57.783
engq_rth,2022-06-06T12:02:00,-45.283
engq_rth,2022-06-08T12:34:00,36.717
engq_rth,2022-06-09T13:44:00,-135.783
engq_rth,2022-06-15T12:55:00,-0.533
engq_rth,2022-06-15T13:50:00,-0.533
engq_rth,2022-06-16T09:30:00,-287.283
engq_rth,2022-06-28T11:26:00,668.592
engq_rth,2022-06-30T09:30:00,-140.783
engq_rth,2022-06-30T14:43:00,-45.533
engq_rth,2022-07-01T09:32:00,-120.283
engq_rth,2022-07-01T10:34:00,-155.033
engq_rth,2022-07-05T09:30:00,-87.533
engq_rth,2022-07-08T09:30:00,479.717
engq_rth,2022-07-11T09:36:00,-100.783
engq_rth,2022-07-12T09:59:00,-118.283
engq_rth,2022-07-13T14:00:00,-39.283
engq_rth,2022-07-14T09:30:00,-159.783
engq_rth,2022-07-18T13:55:00,335.467
engq_rth,2022-07-20T09:58:00,103.467
engq_rth,2022-07-20T12:46:00,-57.533
engq_rth,2022-07-21T09:36:00,-0.533
engq_rth,2022-07-22T11:24:00,48.842
engq_rth,2022-07-27T14:06:00,-0.533
engq_rth,2022-07-28T10:27:00,-71.783
engq_rth,2022-08-01T09:32:00,351.592
engq_rth,2022-08-02T10:09:00,-136.533
engq_rth,2022-08-02T13:28:00,18.592
engq_rth,2022-08-02T15:58:00,-53.533
engq_rth,2022-08-08T14:05:00,130.592
engq_rth,2022-08-11T11:06:00,387.717
engq_rth,2022-08-11T11:50:00,-39.783
engq_rth,2022-08-11T14:03:00,-39.533
engq_rth,2022-08-16T09:49:00,169.092
engq_rth,2022-08-16T14:34:00,42.217
engq_rth,2022-08-17T15:48:00,-41.533
engq_rth,2022-08-19T09:30:00,-122.533
engq_rth,2022-08-23T15:46:00,-47.033
engq_rth,2022-08-24T13:21:00,-19.283
engq_rth,2022-08-25T11:14:00,89.467
engq_rth,2022-08-25T12:48:00,-32.783
engq_rth,2022-08-26T10:01:00,22.842
engq_rth,2022-08-26T10:27:00,-186.033
engq_rth,2022-09-02T09:42:00,69.842
engq_rth,2022-09-02T12:44:00,-128.783
engq_rth,2022-09-06T09:32:00,-43.533
engq_rth,2022-09-06T12:16:00,-65.533
engq_rth,2022-09-06T15:33:00,-68.533
engq_rth,2022-09-08T12:10:00,93.842
engq_rth,2022-09-13T09:30:00,218.217
engq_rth,2022-09-21T14:04:00,-107.533
engq_rth,2022-09-21T15:44:00,-199.783
engq_rth,2022-09-26T12:24:00,-62.033
engq_rth,2022-09-27T11:28:00,-0.533
engq_rth,2022-09-28T09:34:00,-65.283
engq_rth,2022-09-29T09:30:00,-100.783
engq_rth,2022-09-30T13:35:00,-50.533
engq_rth,2022-10-03T15:55:00,90.967
engq_rth,2022-10-07T09:44:00,-245.783
engq_rth,2022-10-11T09:30:00,-100.283
engq_rth,2022-10-11T14:45:00,-67.533
engq_rth,2022-10-12T14:03:00,-51.533
engq_rth,2022-10-13T14:12:00,87.842
engq_rth,2022-10-14T09:45:00,40.092
engq_rth,2022-11-02T15:26:00,-0.533
engq_rth,2022-11-04T11:51:00,-229.033
engq_rth,2022-11-07T12:00:00,-47.783
engq_rth,2022-11-08T13:21:00,260.592
engq_rth,2022-12-16T10:09:00,-0.533
engq_rth,2022-12-22T09:30:00,13.717
engq_rth,2022-12-27T09:45:00,-93.783
engq_rth,2022-12-28T10:55:00,-94.033
engq_rth,2022-12-30T09:30:00,-125.533
engq_rth,2023-01-03T11:10:00,-49.033
engq_rth,2023-01-04T10:00:00,22.967
engq_rth,2023-01-04T14:03:00,-0.533
engq_rth,2023-01-05T09:30:00,-88.533
engq_rth,2023-01-05T15:09:00,-39.783
engq_rth,2023-01-06T09:43:00,-81.283
engq_rth,2023-01-19T09:30:00,522.967
engq_rth,2023-01-25T09:30:00,273.467
engq_rth,2023-01-26T10:54:00,49.717
engq_rth,2023-01-26T11:24:00,-42.283
engq_rth,2023-01-30T09:30:00,135.717
engq_rth,2023-01-31T15:27:00,-0.533
engq_rth,2023-02-01T09:35:00,7.092
engq_rth,2023-02-01T14:00:00,-39.033
engq_rth,2023-02-02T14:35:00,42.592
engq_rth,2023-02-02T14:56:00,-45.033
engq_rth,2023-02-03T09:30:00,-171.283
engq_rth,2023-02-06T09:30:00,-238.283
engq_rth,2023-02-07T12:41:00,-0.533
engq_rth,2023-02-07T13:16:00,-0.533
engq_rth,2023-02-08T11:13:00,-0.533
engq_rth,2023-02-13T14:33:00,-30.283
engq_rth,2023-02-14T09:30:00,-40.033
engq_rth,2023-02-17T09:30:00,-144.783
engq_rth,2023-02-21T09:30:00,-163.283
engq_rth,2023-02-22T14:15:00,-87.533
engq_rth,2023-02-23T10:47:00,-45.533
engq_rth,2023-02-28T09:33:00,53.842
engq_rth,2023-02-28T15:32:00,-0.533
engq_rth,2023-03-06T12:45:00,363.092
engq_rth,2023-03-06T13:36:00,-16.033
engq_rth,2023-03-06T14:21:00,-23.283
engq_rth,2023-03-08T12:32:00,-79.033
engq_rth,2023-03-09T12:02:00,57.592
engq_rth,2023-03-09T12:44:00,-34.533
engq_rth,2023-03-13T15:55:00,-0.533
engq_rth,2023-03-28T13:52:00,421.592
engq_rth,2023-03-30T10:06:00,177.967
engq_rth,2023-03-30T13:37:00,-51.783
engq_rth,2023-03-31T15:50:00,227.717
engq_rth,2023-04-03T09:30:00,-88.033
engq_rth,2023-04-03T10:51:00,-59.783
engq_rth,2023-04-04T12:08:00,-31.783
engq_rth,2023-04-04T14:24:00,-26.783
engq_rth,2023-04-06T09:30:00,-69.533
engq_rth,2023-04-10T09:30:00,-105.283
engq_rth,2023-04-12T09:45:00,-0.533
engq_rth,2023-04-12T10:55:00,-81.283
engq_rth,2023-04-12T14:27:00,-40.283
engq_rth,2023-04-14T09:30:00,6.217
engq_rth,2023-04-14T10:29:00,-62.283
engq_rth,2023-04-17T10:41:00,-43.783
engq_rth,2023-04-17T11:30:00,-35.783
engq_rth,2023-04-18T11:39:00,-26.033
engq_rth,2023-04-18T14:47:00,-31.533
engq_rth,2023-04-19T09:30:00,-91.783
engq_rth,2023-04-19T14:33:00,-20.283
engq_rth,2023-04-19T15:45:00,-18.783
engq_rth,2023-04-20T14:27:00,-43.783
engq_rth,2023-04-21T14:47:00,-0.533
engq_rth,2023-04-21T15:02:00,-13.283
engq_rth,2023-04-25T09:30:00,-57.783
engq_rth,2023-04-26T13:45:00,-0.533
engq_rth,2023-04-28T10:58:00,86.342
engq_rth,2023-05-02T09:39:00,62.217
engq_rth,2023-05-03T14:00:00,-0.533
engq_rth,2023-05-05T12:27:00,-28.533
engq_rth,2023-05-08T10:34:00,-18.533
engq_rth,2023-05-09T09:30:00,-4.033
engq_rth,2023-05-09T14:54:00,-22.283
engq_rth,2023-05-10T13:24:00,-45.033
engq_rth,2023-05-12T10:06:00,-0.533
engq_rth,2023-05-17T09:59:00,99.217
engq_rth,2023-05-18T13:58:00,253.217
engq_rth,2023-05-19T09:45:00,130.217
engq_rth,2023-05-19T11:12:00,-38.783
engq_rth,2023-05-19T12:35:00,-53.533
engq_rth,2023-05-19T14:15:00,-36.783
engq_rth,2023-05-22T10:08:00,29.592
engq_rth,2023-05-22T12:33:00,-32.033
engq_rth,2023-05-22T13:15:00,-20.533
engq_rth,2023-05-22T14:55:00,-0.533
engq_rth,2023-05-22T15:51:00,-18.283
engq_rth,2023-05-23T09:30:00,-74.533
engq_rth,2023-05-30T10:01:00,509.092
engq_rth,2023-05-30T12:41:00,-55.033
engq_rth,2023-05-30T13:27:00,-30.783
engq_rth,2023-05-30T15:48:00,-26.783
engq_rth,2023-05-31T10:14:00,-79.783
engq_rth,2023-05-31T15:57:00,-38.283
engq_rth,2023-06-06T09:36:00,177.967
engq_rth,2023-06-06T12:57:00,-54.783
engq_rth,2023-06-07T10:03:00,2.217
engq_rth,2023-06-08T13:20:00,-16.783
engq_rth,2023-06-09T10:43:00,145.217
engq_rth,2023-06-09T11:26:00,-57.283
engq_rth,2023-06-09T12:00:00,-39.283
engq_rth,2023-06-13T10:07:00,464.342
engq_rth,2023-06-14T14:00:00,83.592
engq_rth,2023-06-20T10:29:00,17.717
engq_rth,2023-06-20T14:46:00,-22.783
engq_rth,2023-06-21T15:25:00,-32.033
engq_rth,2023-06-23T09:30:00,-71.783
engq_rth,2023-06-23T14:27:00,-23.283
engq_rth,2023-06-29T10:08:00,103.842
engq_rth,2023-06-29T12:58:00,-34.033
engq_rth,2023-07-05T09:30:00,196.467
engq_rth,2023-07-06T09:30:00,-164.783
engq_rth,2023-07-07T09:30:00,-26.533
engq_rth,2023-07-07T15:40:00,-0.533
engq_rth,2023-07-11T09:49:00,-41.533
engq_rth,2023-07-12T11:53:00,177.217
engq_rth,2023-07-14T10:50:00,367.467
engq_rth,2023-07-14T13:01:00,-49.533
engq_rth,2023-07-14T14:25:00,-33.283
engq_rth,2023-07-18T09:35:00,-0.533
engq_rth,2023-07-19T12:31:00,165.092
engq_rth,2023-07-19T13:05:00,-32.283
engq_rth,2023-07-24T11:35:00,-57.783
engq_rth,2023-07-24T15:26:00,-33.533
engq_rth,2023-07-26T09:32:00,-0.533
engq_rth,2023-07-27T14:08:00,75.717
engq_rth,2023-07-28T13:33:00,-0.533
engq_rth,2023-07-31T09:55:00,-0.533
engq_rth,2023-07-31T15:47:00,-55.533
engq_rth,2023-08-01T09:30:00,-41.033
engq_rth,2023-08-01T12:27:00,-28.533
engq_rth,2023-08-02T09:30:00,-149.283
engq_rth,2023-08-04T14:04:00,-0.533
engq_rth,2023-08-08T09:30:00,-46.783
engq_rth,2023-08-09T09:39:00,-32.783
engq_rth,2023-08-09T15:39:00,-29.033
engq_rth,2023-08-10T13:41:00,-149.783
engq_rth,2023-08-11T15:55:00,-38.783
engq_rth,2023-08-15T10:25:00,-0.533
engq_rth,2023-08-15T13:42:00,-31.783
engq_rth,2023-08-21T10:25:00,95.967
engq_rth,2023-08-21T11:45:00,-32.533
engq_rth,2023-08-22T10:34:00,135.842
engq_rth,2023-08-22T12:09:00,-42.533
engq_rth,2023-08-22T13:53:00,-35.783
engq_rth,2023-08-24T09:34:00,289.467
engq_rth,2023-08-28T10:53:00,-86.033
engq_rth,2023-08-28T11:42:00,-33.533
engq_rth,2023-08-28T13:55:00,-0.533
engq_rth,2023-08-30T09:36:00,364.467
engq_rth,2023-09-01T11:49:00,9.467
engq_rth,2023-09-04T10:51:00,-6.533
engq_rth,2023-09-04T11:24:00,-13.533
engq_rth,2023-09-05T09:30:00,-46.033
engq_rth,2023-09-06T10:00:00,-75.033
engq_rth,2023-09-08T10:59:00,15.592
engq_rth,2023-09-08T14:14:00,-39.533
engq_rth,2023-09-12T09:30:00,26.717
engq_rth,2023-09-12T10:27:00,-53.033
engq_rth,2023-09-15T09:42:00,-0.533
engq_rth,2023-09-18T13:16:00,-26.033
engq_rth,2023-09-18T14:47:00,-18.283
engq_rth,2023-09-19T14:58:00,-27.533
engq_rth,2023-09-20T09:31:00,31.967
engq_rth,2023-09-20T10:58:00,-26.783
engq_rth,2023-09-20T14:00:00,-33.283
engq_rth,2023-09-20T15:07:00,-88.033
engq_rth,2023-09-22T11:56:00,-32.533
engq_rth,2023-09-22T13:18:00,-26.533
engq_rth,2023-09-25T12:46:00,-26.533
engq_rth,2023-09-25T15:01:00,-42.533
engq_rth,2023-09-27T10:51:00,-61.033
engq_rth,2023-09-28T09:30:00,-44.783
engq_rth,2023-09-29T13:01:00,143.217
engq_rth,2023-09-29T15:55:00,-32.283
engq_rth,2023-10-02T12:04:00,-64.033
engq_rth,2023-10-02T12:49:00,-42.283
engq_rth,2023-10-02T14:40:00,-53.033
engq_rth,2023-10-03T09:30:00,-32.033
engq_rth,2023-10-03T10:02:00,-80.783
engq_rth,2023-10-05T10:01:00,-0.533
engq_rth,2023-10-06T09:30:00,-74.283
engq_rth,2023-10-09T09:30:00,-43.033
engq_rth,2023-10-12T13:35:00,262.592
engq_rth,2023-10-17T09:45:00,-117.283
engq_rth,2023-10-19T14:35:00,-139.033
engq_rth,2023-10-23T14:19:00,-34.533
engq_rth,2023-10-23T14:58:00,-35.283
engq_rth,2023-10-25T09:32:00,-100.283
engq_rth,2023-12-04T09:31:00,1523.967
engq_rth,2023-12-06T13:05:00,-0.533
engq_rth,2024-01-02T09:36:00,886.592
engq_rth,2024-01-03T15:50:00,-92.033
engq_rth,2024-01-09T09:30:00,0.967
engq_rth,2024-01-11T09:48:00,250.342
engq_rth,2024-01-11T11:13:00,-94.283
engq_rth,2024-01-12T10:49:00,-48.283
engq_rth,2024-01-16T09:30:00,-51.283
engq_rth,2024-01-16T12:03:00,-80.033
engq_rth,2024-01-18T10:02:00,180.967
engq_rth,2024-01-18T13:00:00,-57.033
engq_rth,2024-01-19T10:08:00,206.592
engq_rth,2024-01-22T09:42:00,258.342
engq_rth,2024-01-22T12:07:00,-0.533
engq_rth,2024-01-22T13:02:00,-36.783
engq_rth,2024-01-23T09:32:00,-36.283
engq_rth,2024-01-24T15:17:00,149.842
engq_rth,2024-01-25T12:32:00,-71.283
engq_rth,2024-01-26T12:31:00,-37.533
engq_rth,2024-01-30T12:30:00,7.092
engq_rth,2024-01-31T09:30:00,-202.283
engq_rth,2024-01-31T15:02:00,-115.033
engq_rth,2024-02-05T10:05:00,283.717
engq_rth,2024-02-06T09:37:00,-0.533
engq_rth,2024-02-07T12:33:00,170.717
engq_rth,2024-02-08T09:41:00,-0.533
engq_rth,2024-02-12T13:38:00,162.467
engq_rth,2024-02-14T12:02:00,-40.283
engq_rth,2024-02-14T14:06:00,-0.533
engq_rth,2024-02-15T10:03:00,26.967
engq_rth,2024-02-15T11:05:00,-45.783
engq_rth,2024-02-16T09:52:00,-0.533
engq_rth,2024-02-16T13:01:00,-39.783
engq_rth,2024-02-16T14:47:00,-57.033
engq_rth,2024-02-21T09:30:00,-89.283
engq_rth,2024-02-23T10:43:00,89.092
engq_rth,2024-02-27T09:41:00,-56.033
engq_rth,2024-02-29T11:02:00,-48.783
engq_rth,2024-03-05T09:30:00,148.717
engq_rth,2024-03-06T13:50:00,16.842
engq_rth,2024-03-08T11:17:00,194.217
engq_rth,2024-03-15T10:06:00,-194.783
engq_rth,2024-04-02T09:30:00,-8.033
engq_rth,2024-04-03T15:15:00,-0.533
engq_rth,2024-04-04T13:47:00,9.467
engq_rth,2024-04-09T10:30:00,-82.783
engq_rth,2024-04-09T14:00:00,-39.033
engq_rth,2024-04-10T09:30:00,-134.533
engq_rth,2024-04-10T13:40:00,-80.033
engq_rth,2024-04-12T09:30:00,101.967
engq_rth,2024-04-17T10:22:00,-124.033
engq_rth,2024-04-17T15:00:00,-103.533
engq_rth,2024-04-22T15:35:00,74.967
engq_rth,2024-04-22T15:54:00,-44.783
engq_rth,2024-04-25T09:30:00,-98.033
engq_rth,2024-04-25T15:41:00,27.092
engq_rth,2024-04-29T09:41:00,298.092
engq_rth,2024-04-29T15:03:00,-58.283
engq_rth,2024-04-30T11:03:00,-53.533
engq_rth,2024-05-03T10:26:00,349.717
engq_rth,2024-05-08T09:30:00,132.717
engq_rth,2024-05-09T09:40:00,-25.533
engq_rth,2024-05-17T14:13:00,409.092
engq_rth,2024-05-20T13:43:00,98.592
engq_rth,2024-05-20T14:08:00,-16.533
engq_rth,2024-05-21T09:30:00,-68.533
engq_rth,2024-05-22T13:37:00,34.092
engq_rth,2024-05-23T13:43:00,-144.283
engq_rth,2024-05-24T13:07:00,-27.283
engq_rth,2024-05-24T14:55:00,-22.783
engq_rth,2024-05-28T09:44:00,-0.533
engq_rth,2024-05-28T14:36:00,-60.283
engq_rth,2024-05-29T14:45:00,-45.783
engq_rth,2024-06-03T10:45:00,-56.783
engq_rth,2024-06-03T12:02:00,-0.533
engq_rth,2024-06-20T12:31:00,1507.717
engq_rth,2024-06-21T13:19:00,-65.783
engq_rth,2024-06-25T12:46:00,-0.533
engq_rth,2024-06-27T11:28:00,104.342
engq_rth,2024-06-28T10:53:00,158.592
engq_rth,2024-06-28T11:28:00,-35.033
engq_rth,2024-06-28T12:06:00,-40.033
engq_rth,2024-06-28T14:22:00,-38.283
engq_rth,2024-07-02T09:30:00,-33.283
engq_rth,2024-07-09T13:18:00,551.342
engq_rth,2024-07-10T10:59:00,52.717
engq_rth,2024-07-11T09:53:00,85.467
engq_rth,2024-07-12T11:59:00,-37.783
engq_rth,2024-07-12T15:31:00,50.967
engq_rth,2024-07-15T15:52:00,-125.033
engq_rth,2024-07-16T10:07:00,-140.283
engq_rth,2024-07-17T09:30:00,-332.033
engq_rth,2024-07-22T11:09:00,-67.783
engq_rth,2024-07-23T12:24:00,102.967
engq_rth,2024-07-23T15:42:00,-32.533
engq_rth,2024-07-25T14:48:00,-124.533
engq_rth,2024-07-26T14:41:00,-55.283
engq_rth,2024-07-29T10:54:00,-56.783
engq_rth,2024-07-30T10:37:00,-100.283
engq_rth,2024-07-31T13:30:00,-72.033
engq_rth,2024-07-31T15:28:00,-0.533
engq_rth,2024-08-01T10:21:00,-0.533
engq_rth,2024-08-06T15:16:00,-0.533
engq_rth,2024-08-06T15:48:00,-68.033
engq_rth,2024-08-07T13:18:00,-322.783
engq_rth,2024-08-28T13:57:00,1085.967
engq_rth,2024-08-29T14:28:00,-107.283
engq_rth,2024-08-30T10:57:00,-74.783
engq_rth,2024-09-02T12:50:00,32.342
engq_rth,2024-09-03T09:30:00,-169.783
engq_rth,2024-09-06T09:33:00,-93.033
engq_rth,2024-09-09T14:39:00,-0.533
engq_rth,2024-09-10T10:51:00,-94.533
engq_rth,2024-09-10T11:50:00,-81.783
engq_rth,2024-09-18T15:05:00,327.717
engq_rth,2024-09-18T15:48:00,-141.783
engq_rth,2024-09-20T09:30:00,-91.033
engq_rth,2024-09-20T13:57:00,-38.283
engq_rth,2024-09-23T12:15:00,-49.283
engq_rth,2024-09-24T10:00:00,9.592
engq_rth,2024-09-26T10:55:00,191.217
engq_rth,2024-09-27T11:15:00,-0.533
engq_rth,2024-10-02T12:45:00,-48.533
engq_rth,2024-10-02T13:35:00,-46.033
engq_rth,2024-10-03T09:30:00,-120.783
engq_rth,2024-10-03T13:00:00,-138.783
engq_rth,2024-10-07T14:59:00,-133.283
engq_rth,2024-10-08T12:06:00,-35.783
engq_rth,2024-10-08T13:05:00,-41.783
engq_rth,2024-10-10T09:30:00,149.967
engq_rth,2024-10-15T10:34:00,43.717
engq_rth,2024-10-17T09:33:00,181.217
engq_rth,2024-10-17T14:36:00,-79.033
engq_rth,2024-10-18T12:13:00,-52.033
engq_rth,2024-10-18T14:01:00,7.717
engq_rth,2024-10-21T09:30:00,-77.283
engq_rth,2024-10-21T10:40:00,-58.783
engq_rth,2024-10-22T09:30:00,-53.533
engq_rth,2024-10-23T10:06:00,-99.783
engq_rth,2024-10-24T11:47:00,-47.283
engq_rth,2024-10-24T12:12:00,-58.533
engq_rth,2024-10-25T13:17:00,287.467
engq_rth,2024-10-28T11:43:00,-64.783
engq_rth,2024-10-28T13:13:00,-46.783
engq_rth,2024-10-28T14:46:00,-42.533
engq_rth,2024-10-30T09:30:00,-0.533
engq_rth,2024-10-30T15:54:00,-107.033
engq_rth,2024-11-01T13:59:00,-78.533
engq_rth,2024-11-14T12:49:00,840.717
engq_rth,2024-11-18T12:44:00,-23.283
engq_rth,2024-11-18T13:44:00,-38.033
engq_rth,2024-11-18T14:22:00,-40.033
engq_rth,2024-11-19T09:30:00,-108.033
engq_rth,2024-11-20T09:37:00,1.717
engq_rth,2024-11-21T09:38:00,-0.533
engq_rth,2024-11-21T10:27:00,-110.033
engq_rth,2024-11-27T11:11:00,27.217
engq_rth,2024-11-27T15:25:00,-27.533
engq_rth,2024-11-29T09:32:00,-0.28300000000000003
engq_rth,2024-12-09T11:02:00,620.842
engq_rth,2024-12-12T09:30:00,-23.533
engq_rth,2024-12-12T14:22:00,-49.783
engq_rth,2024-12-18T14:05:00,450.342
engq_rth,2024-12-20T13:42:00,-37.283
engq_rth,2024-12-20T14:02:00,-35.533
engq_rth,2024-12-23T10:09:00,-137.033
engq_rth,2024-12-26T09:53:00,198.717
engq_rth,2024-12-27T09:30:00,-129.283
engq_rth,2024-12-27T15:14:00,-53.533
engq_rth,2024-12-30T09:30:00,-270.283
engq_rth,2024-12-30T15:28:00,-59.033
engq_rth,2025-01-02T09:39:00,-167.783
engq_rth,2025-01-02T12:29:00,-137.533
engq_rth,2025-01-07T10:01:00,268.092
engq_rth,2025-01-10T09:30:00,-188.533
engq_rth,2025-01-10T14:50:00,-57.783
engq_rth,2025-01-14T09:58:00,91.842
engq_rth,2025-01-14T11:41:00,-68.033
engq_rth,2025-01-15T11:30:00,-45.533
engq_rth,2025-01-16T09:47:00,96.342
engq_rth,2025-01-16T11:42:00,-68.283
engq_rth,2025-01-16T13:36:00,-82.783
engq_rth,2025-01-21T09:54:00,-0.533
engq_rth,2025-01-23T09:30:00,232.967
engq_rth,2025-01-24T10:15:00,58.592
engq_rth,2025-01-24T10:39:00,-27.033
engq_rth,2025-01-24T12:29:00,-34.783
engq_rth,2025-01-28T11:29:00,-78.783
engq_rth,2025-01-29T09:45:00,58.592
engq_rth,2025-01-29T10:26:00,-63.033
engq_rth,2025-01-29T13:01:00,-60.783
engq_rth,2025-01-30T10:30:00,-0.533
engq_rth,2025-01-30T10:55:00,-64.283
engq_rth,2025-01-31T14:37:00,133.842
engq_rth,2025-02-05T10:04:00,-0.533
engq_rth,2025-02-07T10:00:00,200.842
engq_rth,2025-02-10T12:08:00,-25.533
engq_rth,2025-02-10T15:47:00,-0.533
engq_rth,2025-02-11T15:37:00,-20.283
engq_rth,2025-02-13T13:19:00,113.592
engq_rth,2025-02-20T09:50:00,170.717
engq_rth,2025-02-21T09:41:00,-0.533
engq_rth,2025-02-26T13:52:00,-131.783
engq_rth,2025-03-03T10:59:00,-0.533
engq_rth,2025-03-03T11:37:00,-114.283
engq_rth,2025-03-03T12:57:00,-97.783
engq_rth,2025-03-03T14:51:00,-109.033
engq_rth,2025-03-04T15:49:00,37.967
engq_rth,2025-03-05T11:11:00,-219.283
engq_rth,2025-03-06T09:30:00,-234.533
engq_rth,2025-03-07T15:37:00,-73.033
engq_rth,2025-03-10T09:30:00,-367.533
engq_rth,2025-03-13T09:54:00,-331.533
engq_rth,2025-03-28T10:10:00,254.342
engq_rth,2025-04-01T14:19:00,46.217
engq_rth,2025-04-03T09:30:00,-652.033
engq_rth,2025-04-07T11:15:00,-579.033
engq_rth,2025-04-08T12:24:00,240.342
engq_rth,2025-04-09T13:19:00,29.217
engq_rth,2025-04-10T09:30:00,-159.033
engq_rth,2025-04-10T10:12:00,-101.283
engq_rth,2025-04-10T10:49:00,-0.533
engq_rth,2025-04-14T12:11:00,360.717
engq_rth,2025-04-16T09:30:00,-283.533
engq_rth,2025-04-21T09:30:00,-294.033
engq_rth,2025-04-22T13:11:00,57.342
engq_rth,2025-04-22T15:22:00,5.092
engq_rth,2025-04-23T09:37:00,646.967
engq_rth,2025-04-23T11:23:00,-134.283
engq_rth,2025-04-23T12:18:00,-78.533
engq_rth,2025-04-23T15:04:00,-0.533
engq_rth,2025-04-28T11:20:00,561.967
engq_rth,2025-04-30T09:30:00,-214.783
engq_rth,2025-05-01T15:59:00,418.092
engq_rth,2025-05-06T09:30:00,-312.533
engq_rth,2025-05-06T12:46:00,-123.783
engq_rth,2025-05-21T15:07:00,1235.592
engq_rth,2025-05-22T15:55:00,-72.033
engq_rth,2025-05-23T15:22:00,-55.783
engq_rth,2025-05-23T15:51:00,-66.533
engq_rth,2025-05-27T09:30:00,30.217
engq_rth,2025-05-28T15:54:00,91.592
engq_rth,2025-05-29T11:57:00,-92.533
engq_rth,2025-06-05T13:00:00,315.592
engq_rth,2025-06-06T11:19:00,-69.533
engq_rth,2025-06-06T12:55:00,-78.033
engq_rth,2025-06-09T09:35:00,-0.533
engq_rth,2025-06-09T13:17:00,-0.533
engq_rth,2025-06-09T15:45:00,-39.783
engq_rth,2025-06-10T11:32:00,-41.783
engq_rth,2025-06-13T09:30:00,-195.283
engq_rth,2025-06-13T13:10:00,-42.783
engq_rth,2025-11-07T09:30:00,3047.217
engq_rth,2025-11-11T10:06:00,434.592
engq_rth,2025-11-12T09:48:00,19.967
engq_rth,2025-11-12T10:36:00,-75.283
engq_rth,2025-11-13T09:30:00,-114.283
engq_rth,2025-11-14T13:38:00,-83.033
engq_rth,2025-11-14T15:49:00,-73.783
engq_rth,2025-11-17T11:16:00,-209.783
engq_rth,2025-11-17T13:55:00,-201.533
engq_rth,2025-11-18T15:24:00,-109.533
engq_rth,2025-11-19T11:06:00,-0.533
engq_rth,2025-11-20T11:14:00,319.342
engq_rth,2025-11-20T11:30:00,-79.783
engq_rth,2025-11-21T15:54:00,24.717
engq_rth,2025-12-12T10:58:00,671.717
engq_rth,2025-12-16T09:30:00,-195.283
engq_rth,2025-12-16T10:25:00,-167.783
engq_rth,2025-12-17T09:46:00,-0.533
engq_rth,2026-01-02T11:12:00,-0.533
engq_rth,2026-01-02T15:47:00,-56.783
engq_rth,2026-01-19T09:30:00,-366.033
engq_rth,2026-01-22T15:29:00,24.342
engq_rth,2026-01-23T09:36:00,-39.533
engq_rth,2026-01-29T09:37:00,338.092
engq_rth,2026-01-30T10:29:00,-93.283
engq_rth,2026-01-30T11:21:00,-129.783
engq_rth,2026-02-02T14:59:00,-0.533
engq_rth,2026-02-03T09:37:00,-111.783
engq_rth,2026-02-04T15:54:00,-65.783
engq_rth,2026-02-05T15:21:00,-131.783
engq_rth,2026-02-12T11:27:00,-0.533
engq_rth,2026-02-16T09:42:00,-164.283
engq_rth,2026-02-17T12:43:00,-87.033
engq_rth,2026-02-19T09:30:00,112.217
engq_rth,2026-02-19T11:44:00,-87.033
engq_rth,2026-02-20T12:15:00,-87.533
engq_rth,2026-02-23T09:40:00,4.467
engq_rth,2026-02-26T09:36:00,219.342
engq_rth,2026-02-27T09:30:00,-254.283
engq_rth,2026-03-02T09:30:00,-355.783
engq_rth,2026-03-03T09:30:00,-423.533
engq_rth,2026-03-05T10:30:00,149.842
engq_rth,2026-03-06T12:36:00,-99.533
engq_rth,2026-03-09T15:19:00,-11.033
engq_rth,2026-03-12T09:30:00,-51.283
engq_rth,2026-03-13T10:40:00,-66.283
engq_rth,2026-03-16T12:31:00,-76.533
engq_rth,2026-03-16T15:20:00,16.717
engq_rth,2026-03-17T10:11:00,155.342
engq_rth,2026-03-17T11:34:00,-89.783
engq_rth,2026-03-18T09:30:00,-83.283
engq_rth,2026-03-20T09:31:00,-118.033
engq_rth,2026-03-23T11:36:00,-97.283
engq_rth,2026-03-23T12:25:00,-59.033
engq_rth,2026-03-24T09:30:00,-166.033
engq_rth,2026-03-26T09:30:00,-298.283
engq_rth,2026-03-30T10:44:00,-266.283
engq_rth,2026-04-01T14:24:00,685.967
engq_rth,2026-04-02T09:30:00,-399.033
engq_rth,2026-04-06T10:05:00,159.717
engq_rth,2026-04-06T11:33:00,-66.033
engq_rth,2026-04-06T13:12:00,-56.783
engq_rth,2026-04-07T09:30:00,-26.533
engq_rth,2026-04-07T14:05:00,-0.533
engq_rth,2026-04-23T13:40:00,2608.592
engq_rth,2026-04-27T09:30:00,-50.033
engq_rth,2026-04-28T09:30:00,-197.783
engq_rth,2026-04-29T11:54:00,-56.533
engq_rth,2026-04-30T09:52:00,18.842
engq_rth,2026-05-04T11:40:00,445.592
engq_rth,2026-05-12T11:58:00,834.717
engq_rth,2026-05-15T09:30:00,72.717
engq_rth,2026-05-19T15:24:00,-59.033
engq_rth,2026-06-04T09:30:00,1110.717
engq_rth,2026-06-04T15:46:00,-43.033
engq_rth,2026-06-09T10:13:00,-0.533
engq_rth,2026-06-10T09:30:00,-170.533
engq_rth,2026-06-11T10:53:00,-186.783
engq_rth,2026-06-16T11:48:00,1632.592
engq_rth,2026-06-17T10:47:00,-177.283
engq_rth,2026-06-17T15:32:00,-362.033
engq_rth,2026-06-22T10:30:00,110.717
engq_rth,2026-06-26T09:30:00,-355.283
engq_rth,2026-06-26T14:57:00,-235.033
engq_rth,2026-07-02T10:41:00,270.217
engq_rth,2026-07-06T13:30:00,-95.033
engq_rth,2026-07-06T15:59:00,11.717
engq_rth,2026-07-13T09:38:00,-186.283
engq_rth,2026-07-15T10:23:00,-0.533
engq_rth,2026-07-15T15:20:00,-67.033
engq_rth,2026-07-16T09:30:00,-194.783
engq_rth,2026-08-06T11:44:00,-109.783
engq_rth,2026-08-06T11:54:00,-80.033
engq_rth,2026-08-07T09:57:00,174.092
engq_rth,2026-08-11T09:36:00,-0.533
engq_rth,2026-08-11T12:25:00,-149.033
engq_rth,2026-08-12T10:31:00,-94.283
engq_rth,2026-08-12T15:30:00,-0.533
engq_rth,2026-08-12T15:55:00,-33.033
engq_rth,2026-08-13T15:59:00,292.217
engq_eth,2010-06-07T10:46:00,-17.533
engq_eth,2010-06-07T14:35:00,-18.033
engq_eth,2010-06-09T14:57:00,3.092
engq_eth,2010-06-10T08:40:00,-4.783
engq_eth,2010-06-14T14:17:00,52.467
engq_eth,2010-06-14T15:34:00,-7.033
engq_eth,2010-06-17T10:27:00,45.217
engq_eth,2010-06-21T12:05:00,15.342
engq_eth,2010-06-28T08:09:00,-4.533
engq_eth,2010-06-29T01:07:00,-25.283
engq_eth,2010-07-02T11:39:00,-17.533
engq_eth,2010-07-06T13:39:00,-6.283
engq_eth,2010-07-07T21:53:00,1.342
engq_eth,2010-07-08T00:56:00,-3.283
engq_eth,2010-07-08T02:41:00,-2.783
engq_eth,2010-07-08T02:46:00,-1.783
engq_eth,2010-07-08T02:56:00,-2.533
engq_eth,2010-07-08T04:16:00,-3.033
engq_eth,2010-07-08T09:43:00,12.592
engq_eth,2010-07-08T14:16:00,-9.283
engq_eth,2010-07-14T14:24:00,52.717
engq_eth,2010-07-15T10:10:00,-15.533
engq_eth,2010-07-15T22:11:00,-2.533
engq_eth,2010-07-15T22:51:00,-4.033
engq_eth,2010-07-16T00:23:00,-2.533
engq_eth,2010-07-16T09:42:00,-8.533
engq_eth,2010-07-19T10:12:00,-12.783
engq_eth,2010-07-20T03:13:00,-4.533
engq_eth,2010-07-20T22:23:00,-2.283
engq_eth,2010-07-20T23:26:00,-2.283
engq_eth,2010-07-21T04:16:00,0.34199999999999997
engq_eth,2010-07-21T09:33:00,-0.533
engq_eth,2010-07-21T11:10:00,-9.783
engq_eth,2010-07-21T14:10:00,-10.783
engq_eth,2010-07-22T15:38:00,19.342
engq_eth,2010-07-22T22:09:00,-0.533
engq_eth,2010-07-23T01:51:00,-3.783
engq_eth,2010-07-23T08:56:00,-0.533
engq_eth,2010-07-23T09:59:00,-8.783
engq_eth,2010-07-23T12:45:00,-10.283
engq_eth,2010-07-28T11:09:00,22.717
engq_eth,2010-07-29T07:57:00,-3.283
engq_eth,2010-08-11T09:31:00,1.967
engq_eth,2010-08-13T05:54:00,-13.783
engq_eth,2010-08-19T11:35:00,-0.533
engq_eth,2010-08-23T03:04:00,-3.533
engq_eth,2010-08-23T03:17:00,-4.283
engq_eth,2010-08-23T10:08:00,-0.03300000000000003
engq_eth,2010-08-26T13:57:00,-0.533
engq_eth,2010-11-15T19:25:00,337.967
engq_eth,2010-11-17T15:04:00,-5.783
engq_eth,2010-11-18T14:22:00,20.717
engq_eth,2010-11-18T15:34:00,-5.033
engq_eth,2010-11-18T22:24:00,-4.533
engq_eth,2010-11-19T03:32:00,0.842
engq_eth,2010-11-19T05:05:00,-1.783
engq_eth,2010-11-19T05:31:00,-2.033
engq_eth,2010-11-19T07:29:00,-5.033
engq_eth,2010-11-19T09:47:00,-6.533
engq_eth,2010-11-22T08:07:00,-0.533
engq_eth,2010-11-22T12:47:00,-21.033
engq_eth,2010-11-23T09:58:00,-16.533
engq_eth,2010-11-24T01:59:00,-3.533
engq_eth,2010-11-24T15:45:00,-4.533
engq_eth,2010-11-24T16:14:00,-4.283
engq_eth,2010-11-24T22:37:00,-3.033
engq_eth,2010-11-25T00:01:00,0.21699999999999997
engq_eth,2010-11-25T03:05:00,-3.033
engq_eth,2010-11-25T09:29:00,-4.283
engq_eth,2010-11-26T00:01:00,-0.533
engq_eth,2010-11-26T04:06:00,-5.533
engq_eth,2010-11-26T13:02:00,-7.783
engq_eth,2010-11-29T07:23:00,-13.033
engq_eth,2010-11-29T22:36:00,-6.283
engq_eth,2010-11-30T07:10:00,-8.283
engq_eth,2010-12-01T15:14:00,-4.533
engq_eth,2010-12-02T08:35:00,4.342
engq_eth,2010-12-03T08:47:00,1.967
engq_eth,2010-12-08T01:34:00,-0.533
engq_eth,2010-12-15T14:30:00,5.467
engq_eth,2010-12-16T07:50:00,-5.033
engq_eth,2010-12-16T09:59:00,-6.533
engq_eth,2010-12-16T16:14:00,-0.533
engq_eth,2010-12-17T01:54:00,-2.033
engq_eth,2010-12-17T03:23:00,-1.783
engq_eth,2010-12-17T05:19:00,-2.533
engq_eth,2010-12-17T07:16:00,-1.783
engq_eth,2010-12-17T09:41:00,-0.533
engq_eth,2010-12-27T09:35:00,-0.533
engq_eth,2010-12-27T18:57:00,-0.533
engq_eth,2010-12-28T09:39:00,-5.033
engq_eth,2010-12-29T16:10:00,-0.533
engq_eth,2010-12-30T06:13:00,-3.283
engq_eth,2010-12-30T09:59:00,-4.783
engq_eth,2010-12-31T05:36:00,-4.783
engq_eth,2011-01-03T04:24:00,-0.533
engq_eth,2011-01-03T14:29:00,-2.533
engq_eth,2011-01-03T16:12:00,-5.533
engq_eth,2011-01-04T09:54:00,1.467
engq_eth,2011-01-05T03:35:00,-12.533
engq_eth,2011-01-17T10:26:00,46.842
engq_eth,2011-01-19T05:09:00,21.467
engq_eth,2011-01-19T08:18:00,-3.783
engq_eth,2011-01-25T03:39:00,-6.033
engq_eth,2011-01-25T04:34:00,-3.533
engq_eth,2011-01-25T08:13:00,-4.533
engq_eth,2011-01-28T10:05:00,23.842
engq_eth,2011-02-03T10:12:00,23.967
engq_eth,2011-02-22T09:31:00,32.342
engq_eth,2011-03-01T12:27:00,18.842
engq_eth,2011-03-07T10:45:00,16.217
engq_eth,2011-03-09T09:41:00,-23.283
engq_eth,2011-03-13T18:24:00,-9.783
engq_eth,2011-03-14T11:12:00,-15.783
engq_eth,2011-03-14T20:45:00,-11.033
engq_eth,2011-03-16T11:00:00,-18.033
engq_eth,2011-03-17T05:44:00,-0.533
engq_eth,2011-03-17T13:45:00,5.467
engq_eth,2011-03-17T15:28:00,-7.283
engq_eth,2011-03-17T16:04:00,-7.283
engq_eth,2011-03-23T10:15:00,-0.533
engq_eth,2011-04-08T14:56:00,58.967
engq_eth,2011-04-11T04:17:00,-5.283
engq_eth,2011-04-11T09:43:00,-7.783
engq_eth,2011-04-13T10:09:00,3.342
engq_eth,2011-04-13T11:59:00,-8.783
engq_eth,2011-04-14T05:59:00,-10.033
engq_eth,2011-04-15T09:42:00,-8.783
engq_eth,2011-04-18T09:03:00,-11.283
engq_eth,2011-04-19T09:53:00,-0.533
engq_eth,2011-04-21T09:45:00,81.342
engq_eth,2011-04-26T16:11:00,11.092
engq_eth,2011-05-02T09:42:00,9.092
engq_eth,2011-05-02T12:23:00,-13.033
engq_eth,2011-05-04T10:44:00,-9.783
engq_eth,2011-05-05T06:26:00,-10.033
engq_eth,2011-05-05T14:59:00,-9.033
engq_eth,2011-05-06T09:49:00,9.467
engq_eth,2011-05-06T14:28:00,-22.783
engq_eth,2011-05-09T05:35:00,-0.533
engq_eth,2011-05-09T08:13:00,-5.283
engq_eth,2011-05-09T21:02:00,-3.033
engq_eth,2011-05-11T09:34:00,15.342
engq_eth,2011-05-11T11:49:00,-8.033
engq_eth,2011-05-12T21:35:00,-5.033
engq_eth,2011-05-12T23:17:00,-1.783
engq_eth,2011-05-12T23:42:00,-2.033
engq_eth,2011-05-13T00:09:00,-1.783
engq_eth,2011-05-13T05:25:00,5.717
engq_eth,2011-05-13T08:53:00,-4.783
engq_eth,2011-05-13T11:08:00,-12.533
engq_eth,2011-05-18T03:35:00,-2.783
engq_eth,2011-05-18T05:19:00,-3.533
engq_eth,2011-05-18T06:53:00,-2.783
engq_eth,2011-05-20T10:43:00,8.592
engq_eth,2011-05-20T16:08:00,-16.283
engq_eth,2011-05-24T09:40:00,-6.033
engq_eth,2011-05-25T08:30:00,-4.533
engq_eth,2011-05-25T09:14:00,-5.533
engq_eth,2011-06-01T10:13:00,58.842
engq_eth,2011-06-06T13:41:00,-10.533
engq_eth,2011-06-07T07:28:00,-5.533
engq_eth,2011-06-07T09:30:00,-5.533
engq_eth,2011-06-07T15:44:00,-11.533
engq_eth,2011-06-09T22:12:00,-11.783
engq_eth,2011-06-15T08:30:00,-0.533
engq_eth,2011-06-15T11:37:00,-16.033
engq_eth,2011-06-17T13:18:00,-13.033
engq_eth,2011-06-20T15:11:00,-4.533
engq_eth,2011-06-21T09:32:00,-0.533
engq_eth,2011-06-23T08:01:00,0.967
engq_eth,2011-06-24T03:25:00,-4.033
engq_eth,2011-06-24T06:03:00,2.092
engq_eth,2011-06-24T07:59:00,-3.783
engq_eth,2011-06-24T09:21:00,0.21699999999999997
engq_eth,2011-06-29T09:35:00,61.592
engq_eth,2011-07-08T08:31:00,110.592
engq_eth,2011-07-12T15:26:00,-11.533
engq_eth,2011-07-13T08:00:00,-4.283
engq_eth,2011-07-13T09:56:00,-5.783
engq_eth,2011-07-13T14:22:00,-0.533
engq_eth,2011-07-13T15:08:00,-5.033
engq_eth,2011-07-14T07:08:00,-4.783
engq_eth,2011-07-14T09:31:00,-0.533
engq_eth,2011-07-15T02:02:00,-4.783
engq_eth,2011-07-17T20:35:00,-0.533
engq_eth,2011-07-18T03:29:00,-7.283
engq_eth,2011-07-18T10:13:00,-11.283
engq_eth,2011-07-20T10:12:00,46.092
engq_eth,2011-07-20T11:56:00,-11.283
engq_eth,2011-07-24T18:00:00,-0.533
engq_eth,2011-07-25T09:09:00,-4.783
engq_eth,2011-07-25T21:24:00,-0.533
engq_eth,2011-07-26T09:29:00,1.467
engq_eth,2011-07-26T09:55:00,-8.533
engq_eth,2011-07-27T08:17:00,-9.533
engq_eth,2011-07-28T15:18:00,-9.783
engq_eth,2011-08-01T11:05:00,-29.783
engq_eth,2011-08-04T05:12:00,-11.033
engq_eth,2011-08-07T18:12:00,-86.533
engq_eth,2011-08-11T08:17:00,-0.533
engq_eth,2011-08-18T09:35:00,-0.533
engq_eth,2011-08-26T10:00:00,32.717
engq_eth,2011-09-02T08:30:00,65.592
engq_eth,2011-09-08T03:41:00,27.467
engq_eth,2011-09-08T09:55:00,-0.533
engq_eth,2011-09-08T13:34:00,1.467
engq_eth,2011-09-08T13:41:00,-8.033
engq_eth,2011-09-08T14:28:00,-12.283
engq_eth,2011-09-08T19:47:00,-11.783
engq_eth,2011-09-09T04:18:00,-13.783
engq_eth,2011-09-19T09:59:00,99.592
engq_eth,2011-09-21T14:36:00,5.092
engq_eth,2011-09-21T15:35:00,-23.783
engq_eth,2011-09-23T05:51:00,-21.533
engq_eth,2011-09-26T01:04:00,-0.533
engq_eth,2011-09-26T10:13:00,-26.783
engq_eth,2011-09-29T10:46:00,-0.533
engq_eth,2011-10-03T12:55:00,-29.283
engq_eth,2011-10-20T12:09:00,195.592
engq_eth,2011-10-21T03:01:00,-6.783
engq_eth,2011-10-24T22:31:00,49.717
engq_eth,2011-10-25T01:42:00,-3.783
engq_eth,2011-10-25T08:18:00,5.842
engq_eth,2011-10-27T10:33:00,23.217
engq_eth,2011-10-31T01:10:00,-0.533
engq_eth,2011-10-31T15:19:00,-20.533
engq_eth,2011-11-02T13:01:00,-15.033
engq_eth,2011-11-02T22:29:00,-20.283
engq_eth,2011-11-04T10:30:00,-0.533
engq_eth,2011-11-07T02:06:00,-5.783
engq_eth,2011-11-09T05:20:00,4.842
engq_eth,2011-11-10T09:49:00,-13.533
engq_eth,2011-11-15T04:09:00,6.092
engq_eth,2011-11-15T22:38:00,-0.533
engq_eth,2011-11-16T00:23:00,-5.783
engq_eth,2011-11-16T05:50:00,-0.533
engq_eth,2011-11-16T15:29:00,-13.033
engq_eth,2011-11-18T09:33:00,-15.783
engq_eth,2011-11-22T02:30:00,-7.283
engq_eth,2011-11-22T10:58:00,-21.783
engq_eth,2011-11-22T21:30:00,-25.533
engq_eth,2011-11-23T09:55:00,-16.033
engq_eth,2011-11-24T08:46:00,-9.033
engq_eth,2011-11-25T12:56:00,-10.033
engq_eth,2011-12-14T10:23:00,46.967
engq_eth,2011-12-15T10:38:00,-13.533
engq_eth,2011-12-16T09:29:00,-0.533
engq_eth,2011-12-18T19:18:00,-9.033
engq_eth,2011-12-19T09:15:00,-6.783
engq_eth,2011-12-19T09:46:00,-6.283
engq_eth,2011-12-19T10:46:00,-6.783
engq_eth,2011-12-20T16:05:00,31.592
engq_eth,2011-12-21T05:08:00,10.592
engq_eth,2011-12-21T06:40:00,-10.033
engq_eth,2011-12-21T09:34:00,-10.033
engq_eth,2011-12-22T08:46:00,-5.533
engq_eth,2011-12-28T09:51:00,19.967
engq_eth,2012-01-04T10:37:00,33.717
engq_eth,2012-01-05T05:45:00,-0.533
engq_eth,2012-01-12T10:43:00,36.467
engq_eth,2012-01-13T10:10:00,-13.533
engq_eth,2012-01-17T15:10:00,11.967
engq_eth,2012-01-23T12:04:00,30.592
engq_eth,2012-01-24T09:35:00,-13.283
engq_eth,2012-01-25T09:37:00,14.842
engq_eth,2012-01-26T14:22:00,-0.533
engq_eth,2012-01-27T08:30:00,-4.283
engq_eth,2012-01-29T20:25:00,-11.533
engq_eth,2012-02-15T15:20:00,108.592
engq_eth,2012-02-17T11:11:00,12.717
engq_eth,2012-02-20T01:41:00,-3.033
engq_eth,2012-02-20T09:29:00,-5.533
engq_eth,2012-02-20T18:24:00,-9.033
engq_eth,2012-02-21T05:08:00,-7.533
engq_eth,2012-02-21T13:41:00,-4.533
engq_eth,2012-02-23T09:36:00,-15.533
engq_eth,2012-03-05T11:17:00,22.467
engq_eth,2012-03-07T09:49:00,-0.533
engq_eth,2012-03-07T14:35:00,-0.533
engq_eth,2012-03-14T14:12:00,86.842
engq_eth,2012-03-20T09:33:00,12.217
engq_eth,2012-03-21T01:50:00,4.592
engq_eth,2012-03-21T01:56:00,-1.283
engq_eth,2012-03-21T05:14:00,-0.533
engq_eth,2012-03-21T07:14:00,-2.783
engq_eth,2012-03-21T08:19:00,-2.783
engq_eth,2012-03-21T10:55:00,-4.783
engq_eth,2012-03-21T22:56:00,-9.033
engq_eth,2012-03-23T10:03:00,-13.283
engq_eth,2012-03-26T01:25:00,-2.533
engq_eth,2012-03-26T03:22:00,-0.533
engq_eth,2012-03-27T06:01:00,42.842
engq_eth,2012-03-27T07:00:00,-2.533
engq_eth,2012-03-27T07:51:00,-2.783
engq_eth,2012-03-27T10:03:00,-0.533
engq_eth,2012-03-28T04:55:00,2.842
engq_eth,2012-03-28T08:56:00,-5.283
engq_eth,2012-03-28T10:16:00,-0.533
engq_eth,2012-03-30T09:36:00,1.592
engq_eth,2012-04-01T21:49:00,-1.783
engq_eth,2012-04-01T22:47:00,-1.783
engq_eth,2012-04-02T02:17:00,-3.033
engq_eth,2012-04-02T03:21:00,-0.533
engq_eth,2012-04-03T04:56:00,-3.783
engq_eth,2012-04-03T06:05:00,-4.033
engq_eth,2012-04-03T06:39:00,-2.783
engq_eth,2012-04-03T07:15:00,-0.533
engq_eth,2012-04-03T11:31:00,6.092
engq_eth,2012-04-03T14:05:00,-9.533
engq_eth,2012-04-04T04:02:00,-12.533
engq_eth,2012-04-06T08:30:00,-4.783
engq_eth,2012-04-10T03:26:00,-4.533
engq_eth,2012-04-10T10:24:00,-8.033
engq_eth,2012-04-11T09:31:00,-4.283
engq_eth,2012-04-11T12:05:00,-9.783
engq_eth,2012-04-11T14:10:00,-7.533
engq_eth,2012-04-12T03:56:00,-0.533
engq_eth,2012-04-12T08:30:00,-0.533
engq_eth,2012-04-13T05:05:00,11.217
engq_eth,2012-04-13T07:46:00,-0.533
engq_eth,2012-04-13T09:30:00,-5.033
engq_eth,2012-04-16T09:45:00,-9.033
engq_eth,2012-04-18T02:49:00,-0.533
engq_eth,2012-04-18T03:25:00,-4.283
engq_eth,2012-04-18T04:59:00,-5.783
engq_eth,2012-04-18T06:37:00,-4.283
engq_eth,2012-04-18T11:14:00,3.842
engq_eth,2012-04-18T15:53:00,-0.533
engq_eth,2012-04-19T07:26:00,-8.033
engq_eth,2012-04-19T08:40:00,-11.283
engq_eth,2012-04-19T12:02:00,-0.533
engq_eth,2012-04-20T13:53:00,-11.283
engq_eth,2012-04-24T08:03:00,-0.533
engq_eth,2012-04-25T01:47:00,-2.533
engq_eth,2012-04-25T08:30:00,14.842
engq_eth,2012-04-26T08:38:00,-0.533
engq_eth,2012-04-30T09:56:00,17.217
engq_eth,2012-05-01T15:53:00,-0.533
engq_eth,2012-05-03T02:46:00,-0.533
engq_eth,2012-05-03T09:36:00,-6.033
engq_eth,2012-05-08T04:11:00,-14.283
engq_eth,2012-05-08T20:46:00,-3.283
engq_eth,2012-05-09T04:54:00,-13.033
engq_eth,2012-05-10T04:12:00,-0.533
engq_eth,2012-05-10T09:41:00,1.592
engq_eth,2012-05-10T17:07:00,-11.533
engq_eth,2012-05-11T08:26:00,-6.033
engq_eth,2012-05-11T15:54:00,-0.533
engq_eth,2012-05-15T08:59:00,-5.783
engq_eth,2012-05-15T15:08:00,-12.533
engq_eth,2012-05-23T06:07:00,20.717
engq_eth,2012-05-23T19:48:00,-8.783
engq_eth,2012-05-24T03:28:00,-9.283
engq_eth,2012-05-24T09:52:00,0.34199999999999997
engq_eth,2012-05-24T12:01:00,-19.033
engq_eth,2012-05-30T05:19:00,-0.533
engq_eth,2012-05-30T09:32:00,-19.533
engq_eth,2012-05-31T08:23:00,-5.033
engq_eth,2012-05-31T09:37:00,-8.033
engq_eth,2012-05-31T20:49:00,-13.783
engq_eth,2012-06-08T04:30:00,45.592
engq_eth,2012-06-11T09:45:00,-34.783
engq_eth,2012-06-21T13:41:00,36.967
engq_eth,2012-06-24T20:09:00,-3.533
engq_eth,2012-06-26T11:08:00,-13.033
engq_eth,2012-06-28T09:16:00,-0.533
engq_eth,2012-06-29T09:32:00,17.842
engq_eth,2012-07-01T22:16:00,-2.533
engq_eth,2012-07-02T00:02:00,0.967
engq_eth,2012-07-02T03:06:00,-3.533
engq_eth,2012-07-02T05:29:00,9.092
engq_eth,2012-07-02T10:00:00,-0.533
engq_eth,2012-07-05T09:55:00,22.467
engq_eth,2012-07-06T09:40:00,-14.283
engq_eth,2012-07-10T10:13:00,-0.533
engq_eth,2012-07-13T02:53:00,-3.783
engq_eth,2012-07-13T04:36:00,-6.783
engq_eth,2012-07-13T09:55:00,-0.533
engq_eth,2012-07-15T21:01:00,-1.533
engq_eth,2012-07-15T21:06:00,-1.533
engq_eth,2012-07-15T21:50:00,-1.283
engq_eth,2012-07-16T03:00:00,-3.283
engq_eth,2012-07-16T09:37:00,-0.533
engq_eth,2012-07-17T10:03:00,-0.533
engq_eth,2012-07-23T05:19:00,4.467
engq_eth,2012-08-01T14:13:00,80.342
engq_eth,2012-09-26T10:01:00,146.092
engq_eth,2012-09-28T10:27:00,3.342
engq_eth,2012-10-01T09:28:00,-4.033
engq_eth,2012-10-02T09:38:00,-6.283
engq_eth,2012-10-02T11:36:00,-13.283
engq_eth,2012-10-02T21:14:00,-3.783
engq_eth,2012-10-02T22:30:00,-2.783
engq_eth,2012-10-03T02:07:00,-2.533
engq_eth,2012-10-03T10:02:00,-0.03300000000000003
engq_eth,2012-10-04T09:40:00,1.842
engq_eth,2012-10-05T12:05:00,-0.533
engq_eth,2012-10-12T11:31:00,-11.283
engq_eth,2012-10-15T09:44:00,-6.033
engq_eth,2012-10-18T12:36:00,25.967
engq_eth,2012-10-22T13:28:00,-17.283
engq_eth,2012-10-22T22:27:00,-3.033
engq_eth,2012-10-23T01:37:00,-1.533
engq_eth,2012-10-23T15:43:00,-17.283
engq_eth,2012-10-25T09:39:00,-0.533
engq_eth,2012-10-25T10:48:00,-13.783
engq_eth,2012-10-29T04:15:00,-0.533
engq_eth,2012-10-30T23:01:00,3.592
engq_eth,2012-10-31T01:02:00,-2.033
engq_eth,2012-10-31T02:42:00,-1.783
engq_eth,2012-10-31T05:57:00,18.717
engq_eth,2012-10-31T09:29:00,-3.283
engq_eth,2012-11-02T08:30:00,4.342
engq_eth,2012-11-02T09:50:00,-9.533
engq_eth,2012-11-02T11:47:00,-4.283
engq_eth,2012-11-02T13:20:00,-5.283
engq_eth,2012-11-05T17:02:00,-0.533
engq_eth,2012-11-06T09:44:00,8.342
engq_eth,2012-11-06T15:32:00,-0.533
engq_eth,2012-11-06T19:36:00,-6.783
engq_eth,2012-11-06T21:30:00,-8.033
engq_eth,2012-11-07T06:21:00,-6.033
engq_eth,2012-11-09T15:59:00,-13.283
engq_eth,2012-11-12T03:06:00,-3.533
engq_eth,2012-11-12T03:48:00,-4.783
engq_eth,2012-11-12T10:11:00,-0.533
engq_eth,2012-11-12T20:52:00,-14.783
engq_eth,2012-11-14T10:41:00,-20.033
engq_eth,2012-12-14T14:58:00,96.592
engq_eth,2012-12-18T09:32:00,24.842
engq_eth,2012-12-19T10:24:00,22.717
engq_eth,2012-12-19T13:44:00,-8.283
engq_eth,2012-12-19T15:52:00,-8.533
engq_eth,2012-12-20T09:36:00,-8.033
engq_eth,2012-12-20T20:01:00,-7.283
engq_eth,2012-12-26T10:37:00,-8.783
engq_eth,2012-12-27T20:27:00,-5.783
engq_eth,2012-12-27T23:40:00,-5.283
engq_eth,2012-12-28T04:57:00,-8.283
engq_eth,2012-12-28T13:57:00,-4.783
engq_eth,2012-12-28T15:39:00,-8.033
engq_eth,2013-01-07T09:37:00,103.092
engq_eth,2013-01-08T10:40:00,-13.283
engq_eth,2013-01-08T23:34:00,-3.783
engq_eth,2013-01-09T04:11:00,0.842
engq_eth,2013-01-09T05:45:00,-3.283
engq_eth,2013-01-09T09:41:00,-0.533
engq_eth,2013-01-09T15:06:00,-5.033
engq_eth,2013-01-10T10:30:00,1.967
engq_eth,2013-01-10T22:40:00,-0.533
engq_eth,2013-01-11T00:24:00,-1.783
engq_eth,2013-01-11T02:41:00,-2.283
engq_eth,2013-01-11T03:37:00,-3.533
engq_eth,2013-01-11T04:56:00,-3.033
engq_eth,2013-01-11T09:56:00,-0.533
engq_eth,2013-01-14T04:58:00,0.842
engq_eth,2013-01-16T15:56:00,-0.533
engq_eth,2013-01-16T22:17:00,-2.783
engq_eth,2013-01-17T18:00:00,11.342
engq_eth,2013-01-17T19:01:00,-1.283
engq_eth,2013-01-17T21:03:00,0.46699999999999997
engq_eth,2013-01-18T03:51:00,-0.28300000000000003
engq_eth,2013-01-18T06:54:00,-3.283
engq_eth,2013-01-21T22:47:00,0.46699999999999997
engq_eth,2013-01-22T03:25:00,-4.033
engq_eth,2013-01-22T10:13:00,-11.283
engq_eth,2013-01-22T23:44:00,-1.533
engq_eth,2013-01-23T00:35:00,-1.533
engq_eth,2013-01-23T00:49:00,-1.533
engq_eth,2013-01-23T02:59:00,-2.283
engq_eth,2013-01-23T09:35:00,-0.533
engq_eth,2013-01-23T16:30:00,-0.28300000000000003
engq_eth,2013-01-24T13:48:00,-14.783
engq_eth,2013-01-29T05:49:00,-0.28300000000000003
engq_eth,2013-02-04T11:25:00,-0.533
engq_eth,2013-02-05T09:30:00,-6.283
engq_eth,2013-02-06T08:41:00,10.592
engq_eth,2013-02-06T13:27:00,-10.283
engq_eth,2013-02-07T09:31:00,-0.533
engq_eth,2013-02-08T03:24:00,-0.15800000000000003
engq_eth,2013-02-08T04:42:00,-2.533
engq_eth,2013-02-08T12:40:00,25.467
engq_eth,2013-02-08T15:36:00,-5.783
engq_eth,2013-02-11T08:37:00,0.09199999999999997
engq_eth,2013-02-12T10:37:00,-6.533
engq_eth,2013-02-14T05:31:00,-10.533
engq_eth,2013-02-14T15:44:00,-5.033
engq_eth,2013-02-14T20:21:00,-3.783
engq_eth,2013-02-15T03:21:00,-4.533
engq_eth,2013-02-15T11:41:00,-0.533
engq_eth,2013-02-15T14:15:00,-4.533
engq_eth,2013-02-20T09:59:00,9.092
engq_eth,2013-02-22T09:45:00,-4.533
engq_eth,2013-02-25T11:48:00,14.717
engq_eth,2013-02-25T13:57:00,-11.283
engq_eth,2013-02-26T20:20:00,-6.033
engq_eth,2013-02-27T03:08:00,-4.283
engq_eth,2013-02-28T04:23:00,-0.533
engq_eth,2013-02-28T09:28:00,-4.033
engq_eth,2013-02-28T10:54:00,-0.533
engq_eth,2013-02-28T15:58:00,-11.283
engq_eth,2013-03-01T05:04:00,-7.533
engq_eth,2013-03-03T20:45:00,-7.283
engq_eth,2013-03-04T12:20:00,-0.533
engq_eth,2013-03-08T10:07:00,47.092
engq_eth,2013-03-11T10:55:00,-11.033
engq_eth,2013-03-12T09:33:00,-0.533
engq_eth,2013-03-12T10:40:00,-6.783
engq_eth,2013-03-13T09:57:00,-12.783
engq_eth,2013-03-17T18:00:00,-22.783
engq_eth,2013-03-19T10:49:00,-9.533
engq_eth,2013-03-19T11:49:00,-9.783
engq_eth,2013-03-20T09:42:00,2.967
engq_eth,2013-03-20T11:58:00,-5.783
engq_eth,2013-03-20T16:01:00,1.592
engq_eth,2013-03-25T10:42:00,-0.533
engq_eth,2013-03-26T10:44:00,-0.533
engq_eth,2013-03-27T05:45:00,-0.03300000000000003
engq_eth,2013-03-27T23:24:00,-8.033
engq_eth,2013-03-28T09:42:00,-0.533
engq_eth,2013-04-01T10:00:00,-0.533
engq_eth,2013-04-02T14:31:00,6.842
engq_eth,2013-04-02T15:42:00,-6.033
engq_eth,2013-04-03T10:02:00,-0.533
engq_eth,2013-04-08T09:45:00,-5.533
engq_eth,2013-04-09T09:51:00,-6.783
engq_eth,2013-04-09T11:19:00,-12.033
engq_eth,2013-04-12T10:46:00,52.592
engq_eth,2013-04-15T10:07:00,-17.533
engq_eth,2013-04-15T11:54:00,-13.533
engq_eth,2013-04-17T03:47:00,-0.533
engq_eth,2013-04-19T08:16:00,-4.533
engq_eth,2013-05-22T14:14:00,240.967
engq_eth,2013-05-24T06:10:00,-9.533
engq_eth,2013-05-28T12:30:00,29.717
engq_eth,2013-05-28T13:21:00,-4.283
engq_eth,2013-05-28T20:40:00,-10.783
engq_eth,2013-05-31T03:15:00,1.717
engq_eth,2013-05-31T15:33:00,-8.033
engq_eth,2013-06-04T11:06:00,5.467
engq_eth,2013-06-04T13:25:00,-6.033
engq_eth,2013-06-07T08:30:00,-0.533
engq_eth,2013-06-10T23:13:00,-0.533
engq_eth,2013-06-12T09:46:00,-8.783
engq_eth,2013-06-13T22:26:00,-3.533
engq_eth,2013-06-13T22:38:00,-1.533
engq_eth,2013-06-13T23:05:00,-1.533
engq_eth,2013-06-13T23:19:00,-1.283
engq_eth,2013-06-14T01:58:00,1.467
engq_eth,2013-06-14T06:04:00,-6.283
engq_eth,2013-06-14T09:30:00,-0.533
engq_eth,2013-06-14T13:29:00,-13.533
engq_eth,2013-06-17T07:46:00,11.467
engq_eth,2013-06-17T14:08:00,12.717
engq_eth,2013-06-19T14:56:00,6.092
engq_eth,2013-06-24T23:28:00,-11.033
engq_eth,2013-06-25T09:52:00,-0.533
engq_eth,2013-06-28T10:06:00,27.092
engq_eth,2013-07-03T03:08:00,3.342
engq_eth,2013-07-05T07:07:00,-3.533
engq_eth,2013-07-05T08:30:00,-5.783
engq_eth,2013-07-05T09:00:00,-11.783
engq_eth,2013-07-05T10:01:00,-11.283
engq_eth,2013-07-19T09:42:00,86.967
engq_eth,2013-07-22T02:34:00,-3.033
engq_eth,2013-07-22T09:25:00,-8.783
engq_eth,2013-07-22T09:56:00,-7.033
engq_eth,2013-07-23T09:59:00,-0.533
engq_eth,2013-07-24T09:37:00,-0.533
engq_eth,2013-07-24T13:16:00,-14.783
engq_eth,2013-07-24T21:09:00,-1.533
engq_eth,2013-07-24T22:12:00,0.21699999999999997
engq_eth,2013-07-25T03:19:00,-3.033
engq_eth,2013-07-25T04:37:00,-3.533
engq_eth,2013-08-07T10:12:00,53.592
engq_eth,2013-08-08T03:26:00,-2.033
engq_eth,2013-08-08T09:39:00,1.092
engq_eth,2013-08-09T11:26:00,-13.283
engq_eth,2013-08-12T03:23:00,-19.033
engq_eth,2013-08-13T09:55:00,-0.533
engq_eth,2013-08-15T06:42:00,-21.033
engq_eth,2013-08-18T18:00:00,-15.283
engq_eth,2013-08-19T15:09:00,-0.40800000000000003
engq_eth,2013-08-20T15:47:00,-5.033
engq_eth,2013-08-20T21:37:00,-1.783
engq_eth,2013-08-21T03:17:00,-4.283
engq_eth,2013-08-21T14:02:00,-8.283
engq_eth,2013-08-22T07:56:00,-2.533
engq_eth,2013-08-22T10:10:00,9.342
engq_eth,2013-08-26T15:21:00,29.717
engq_eth,2013-08-28T15:55:00,-8.783
engq_eth,2013-08-29T08:50:00,-0.28300000000000003
engq_eth,2013-08-30T09:58:00,-0.533
engq_eth,2013-09-03T07:52:00,-6.783
engq_eth,2013-09-03T11:24:00,1.717
engq_eth,2013-09-06T09:43:00,-0.533
engq_eth,2013-10-08T11:02:00,39.592
engq_eth,2013-10-10T16:13:00,-0.533
engq_eth,2013-10-13T18:00:00,5.217
engq_eth,2013-10-15T14:36:00,33.842
engq_eth,2013-10-22T10:53:00,95.467
engq_eth,2013-10-23T03:47:00,-19.283
engq_eth,2013-10-24T05:07:00,-3.533
engq_eth,2013-10-24T07:16:00,1.217
engq_eth,2013-10-25T12:05:00,15.592
engq_eth,2013-10-28T09:35:00,-0.533
engq_eth,2013-10-28T10:33:00,-10.033
engq_eth,2013-10-28T16:30:00,-0.533
engq_eth,2013-10-29T09:51:00,-0.533
engq_eth,2013-10-30T11:50:00,-0.533
engq_eth,2013-10-31T09:55:00,-24.283
engq_eth,2013-11-01T11:17:00,-19.033
engq_eth,2013-11-04T03:17:00,-3.283
engq_eth,2013-11-04T09:42:00,0.21699999999999997
engq_eth,2013-11-05T04:49:00,-10.533
engq_eth,2013-11-07T10:10:00,-19.783
engq_eth,2013-11-20T15:09:00,23.342
engq_eth,2013-11-21T12:58:00,8.842
engq_eth,2013-11-25T10:04:00,31.217
engq_eth,2013-12-02T14:11:00,53.467
engq_eth,2013-12-02T15:30:00,-7.033
engq_eth,2013-12-04T05:33:00,-0.533
engq_eth,2013-12-04T07:17:00,-2.283
engq_eth,2013-12-04T13:30:00,-17.533
engq_eth,2013-12-11T14:15:00,-0.533
engq_eth,2013-12-13T08:38:00,-6.283
engq_eth,2013-12-13T09:46:00,-6.533
engq_eth,2013-12-16T13:02:00,-5.033
engq_eth,2013-12-16T19:59:00,-7.783
engq_eth,2013-12-16T21:09:00,-1.283
engq_eth,2013-12-17T02:09:00,-0.533
engq_eth,2013-12-17T04:10:00,-3.783
engq_eth,2013-12-17T09:34:00,-0.533
engq_eth,2013-12-17T10:50:00,-11.033
engq_eth,2013-12-18T09:54:00,-11.283
engq_eth,2014-01-27T10:22:00,48.842
engq_eth,2014-01-28T11:41:00,-20.783
engq_eth,2014-01-29T03:51:00,-0.533
engq_eth,2014-01-29T06:12:00,-4.533
engq_eth,2014-01-29T07:28:00,-12.783
engq_eth,2014-01-30T03:25:00,-6.283
engq_eth,2014-01-30T16:05:00,21.467
engq_eth,2014-01-31T05:08:00,-21.533
engq_eth,2014-02-02T20:51:00,-0.40800000000000003
engq_eth,2014-02-03T01:09:00,-5.033
engq_eth,2014-02-03T04:15:00,-0.533
engq_eth,2014-02-03T09:48:00,-11.533
engq_eth,2014-02-04T15:28:00,-11.283
engq_eth,2014-02-05T09:57:00,-14.533
engq_eth,2014-03-13T13:08:00,192.342
engq_eth,2014-03-17T08:50:00,-3.783
engq_eth,2014-03-17T10:11:00,23.342
engq_eth,2014-03-18T04:33:00,-21.033
engq_eth,2014-03-18T07:10:00,-9.283
engq_eth,2014-03-18T20:36:00,0.34199999999999997
engq_eth,2014-03-18T23:34:00,-1.783
engq_eth,2014-03-19T00:52:00,3.967
engq_eth,2014-03-19T09:25:00,-4.283
engq_eth,2014-03-19T10:40:00,-12.783
engq_eth,2014-03-19T14:01:00,-10.283
engq_eth,2014-03-21T09:42:00,7.592
engq_eth,2014-03-26T13:49:00,-30.783
engq_eth,2014-03-28T08:44:00,-6.033
engq_eth,2014-03-28T09:33:00,-6.033
engq_eth,2014-03-28T13:16:00,4.592
engq_eth,2014-03-28T13:55:00,-8.533
engq_eth,2014-03-31T06:06:00,-3.783
engq_eth,2014-03-31T09:30:00,10.967
engq_eth,2014-03-31T15:56:00,-17.533
engq_eth,2014-04-01T12:01:00,41.842
engq_eth,2014-04-02T09:58:00,20.467
engq_eth,2014-04-02T13:40:00,-12.033
engq_eth,2014-04-03T10:29:00,-0.533
engq_eth,2014-04-10T09:49:00,42.717
engq_eth,2014-04-15T10:20:00,-0.533
engq_eth,2014-04-15T21:00:00,-0.533
engq_eth,2014-04-16T02:29:00,-0.533
engq_eth,2014-04-16T08:46:00,-5.033
engq_eth,2014-04-16T09:35:00,-7.033
engq_eth,2014-04-16T10:43:00,-21.283
engq_eth,2014-04-16T16:35:00,-0.533
engq_eth,2014-04-16T22:50:00,-4.283
engq_eth,2014-04-17T06:09:00,-6.783
engq_eth,2014-04-17T09:49:00,13.592
engq_eth,2014-04-24T09:46:00,39.467
engq_eth,2014-04-25T10:00:00,-44.283
engq_eth,2014-04-28T08:35:00,-5.283
engq_eth,2014-04-28T09:37:00,-10.533
engq_eth,2014-04-28T11:34:00,-24.033
engq_eth,2014-04-28T23:55:00,2.842
engq_eth,2014-04-29T08:38:00,-0.533
engq_eth,2014-04-29T09:23:00,-5.783
engq_eth,2014-04-29T09:35:00,-7.283
engq_eth,2014-04-29T10:25:00,-16.783
engq_eth,2014-05-05T09:31:00,1.467
engq_eth,2014-05-06T16:09:00,-27.533
engq_eth,2014-05-08T02:53:00,-3.533
engq_eth,2014-05-08T06:03:00,-3.283
engq_eth,2014-05-08T07:46:00,-4.283
engq_eth,2014-05-08T14:12:00,-0.533
engq_eth,2014-05-09T09:39:00,-16.783
engq_eth,2014-05-15T10:02:00,29.217
engq_eth,2014-05-19T01:08:00,-2.533
engq_eth,2014-05-19T03:02:00,-2.283
engq_eth,2014-05-19T03:30:00,-3.533
engq_eth,2014-05-19T04:11:00,-4.033
engq_eth,2014-05-20T09:44:00,-10.783
engq_eth,2014-05-20T13:13:00,-13.283
engq_eth,2014-05-21T11:26:00,6.842
engq_eth,2014-05-30T13:44:00,95.717
engq_eth,2014-06-02T10:06:00,-15.283
engq_eth,2014-07-08T11:26:00,119.217
engq_eth,2014-07-10T05:49:00,-14.783
engq_eth,2014-07-15T10:38:00,33.467
engq_eth,2014-07-16T10:46:00,11.842
engq_eth,2014-07-16T17:00:00,-8.033
engq_eth,2014-07-21T03:02:00,-3.533
engq_eth,2014-07-21T06:50:00,-0.533
engq_eth,2014-07-21T09:01:00,-4.033
engq_eth,2014-07-21T09:39:00,-10.033
engq_eth,2014-07-21T10:02:00,-8.783
engq_eth,2014-07-24T16:31:00,44.217
engq_eth,2014-07-28T03:44:00,-7.033
engq_eth,2014-07-28T09:44:00,-6.783
engq_eth,2014-07-31T09:57:00,-27.783
engq_eth,2014-08-04T04:07:00,-3.283
engq_eth,2014-08-04T10:44:00,-8.533
engq_eth,2014-08-05T08:01:00,-0.533
engq_eth,2014-08-05T09:49:00,-12.783
engq_eth,2014-08-05T13:39:00,-23.783
engq_eth,2014-08-06T15:30:00,-8.783
engq_eth,2014-08-06T15:59:00,-7.033
engq_eth,2014-08-07T03:01:00,-7.283
engq_eth,2014-08-07T10:52:00,-0.533
engq_eth,2014-08-07T15:06:00,-19.533
engq_eth,2014-08-15T11:52:00,97.217
engq_eth,2014-09-04T15:19:00,87.217
engq_eth,2014-09-09T15:05:00,-0.533
engq_eth,2014-09-10T09:43:00,-11.033
engq_eth,2014-09-10T09:55:00,-12.783
engq_eth,2014-09-10T21:56:00,-2.533
engq_eth,2014-09-11T04:22:00,-3.283
engq_eth,2014-09-11T08:19:00,-5.783
engq_eth,2014-09-11T10:36:00,-13.783
engq_eth,2014-09-11T13:26:00,-17.533
engq_eth,2014-09-12T10:05:00,-22.533
engq_eth,2014-09-16T19:34:00,-1.783
engq_eth,2014-09-16T20:10:00,-1.783
engq_eth,2014-09-17T02:26:00,-3.283
engq_eth,2014-09-17T08:10:00,-2.783
engq_eth,2014-09-17T09:52:00,-0.533
engq_eth,2014-09-17T12:29:00,-7.783
engq_eth,2014-09-17T14:00:00,-0.533
engq_eth,2014-09-21T23:14:00,13.342
engq_eth,2014-09-28T22:22:00,-5.783
engq_eth,2014-10-01T10:04:00,-37.033
engq_eth,2014-10-06T10:50:00,30.967
engq_eth,2014-10-09T13:09:00,-0.533
engq_eth,2014-10-14T15:21:00,-36.533
engq_eth,2014-10-16T16:00:00,-25.783
engq_eth,2014-10-30T07:34:00,292.842
engq_eth,2014-11-04T10:54:00,45.967
engq_eth,2014-11-05T09:39:00,-0.533
engq_eth,2014-11-05T13:42:00,-20.283
engq_eth,2014-11-06T10:16:00,-13.033
engq_eth,2014-11-07T10:14:00,-0.533
engq_eth,2014-11-10T02:40:00,-10.533
engq_eth,2014-11-19T10:05:00,52.592
engq_eth,2014-11-20T15:00:00,-6.783
engq_eth,2014-11-21T10:07:00,22.967
engq_eth,2014-11-21T12:54:00,-9.533
engq_eth,2014-12-01T09:49:00,52.217
engq_eth,2014-12-02T09:32:00,-10.533
engq_eth,2014-12-08T04:10:00,-0.533
engq_eth,2014-12-09T22:03:00,-8.033
engq_eth,2014-12-09T23:51:00,-1.783
engq_eth,2014-12-10T02:21:00,5.592
engq_eth,2014-12-10T07:46:00,-7.533
engq_eth,2014-12-10T09:36:00,-6.283
engq_eth,2014-12-10T09:50:00,-8.533
engq_eth,2014-12-11T15:47:00,-18.283
engq_eth,2014-12-12T15:38:00,-23.283
engq_eth,2014-12-15T08:34:00,-8.533
engq_eth,2014-12-15T09:47:00,-0.533
engq_eth,2015-01-01T18:00:00,119.217
engq_eth,2015-01-09T10:27:00,65.717
engq_eth,2015-01-12T09:41:00,-41.033
engq_eth,2015-01-13T13:21:00,-12.033
engq_eth,2015-01-14T13:44:00,-55.033
engq_eth,2015-01-14T20:37:00,-6.283
engq_eth,2015-01-15T02:33:00,26.842
engq_eth,2015-01-18T22:52:00,-12.033
engq_eth,2015-01-19T01:50:00,-7.783
engq_eth,2015-01-19T05:04:00,-8.533
engq_eth,2015-01-19T05:54:00,-7.783
engq_eth,2015-01-19T12:28:00,6.967
engq_eth,2015-01-19T21:47:00,9.217
engq_eth,2015-01-20T09:42:00,-0.533
engq_eth,2015-01-21T03:46:00,-12.033
engq_eth,2015-01-21T07:14:00,-12.033
engq_eth,2015-01-21T09:30:00,-11.033
engq_eth,2015-01-21T14:00:00,-0.533
engq_eth,2015-01-22T08:54:00,11.717
engq_eth,2015-01-27T08:35:00,-0.533
engq_eth,2015-01-28T03:00:00,-5.283
engq_eth,2015-01-28T03:16:00,-6.533
engq_eth,2015-01-28T05:15:00,-12.033
engq_eth,2015-01-28T10:33:00,-18.783
engq_eth,2015-01-29T20:38:00,-3.283
engq_eth,2015-01-29T23:02:00,-4.533
engq_eth,2015-01-30T03:02:00,-6.283
engq_eth,2015-01-30T05:36:00,-9.783
engq_eth,2015-01-30T08:04:00,-7.533
engq_eth,2015-01-30T10:11:00,-0.533
engq_eth,2015-01-30T14:50:00,-0.533
engq_eth,2015-02-02T09:34:00,-14.283
engq_eth,2015-03-11T09:37:00,177.592
engq_eth,2015-03-13T10:57:00,-27.783
engq_eth,2015-03-16T09:33:00,1.717
engq_eth,2015-03-16T18:00:00,-1.533
engq_eth,2015-03-17T05:19:00,-0.533
engq_eth,2015-03-17T09:30:00,4.717
engq_eth,2015-03-18T07:26:00,-0.533
engq_eth,2015-03-25T11:18:00,25.717
engq_eth,2015-03-27T05:31:00,-18.783
engq_eth,2015-03-27T10:17:00,-15.283
engq_eth,2015-03-30T10:26:00,37.342
engq_eth,2015-03-31T06:02:00,-18.783
engq_eth,2015-03-31T15:06:00,-12.533
engq_eth,2015-04-01T09:38:00,-12.533
engq_eth,2015-04-03T08:31:00,-28.533
engq_eth,2015-04-06T15:59:00,-9.533
engq_eth,2015-04-06T20:43:00,-2.783
engq_eth,2015-04-07T03:42:00,9.967
engq_eth,2015-04-07T06:32:00,-0.28300000000000003
engq_eth,2015-04-07T08:02:00,3.467
engq_eth,2015-04-07T15:24:00,-0.533
engq_eth,2015-04-08T10:41:00,4.842
engq_eth,2015-04-14T05:29:00,22.342
engq_eth,2015-04-15T09:29:00,-4.283
engq_eth,2015-04-16T06:50:00,-0.533
engq_eth,2015-04-17T06:03:00,-18.033
engq_eth,2015-04-20T07:14:00,0.717
engq_eth,2015-04-21T05:25:00,57.092
engq_eth,2015-04-22T04:05:00,-13.033
engq_eth,2015-04-28T10:00:00,63.717
engq_eth,2015-04-29T12:12:00,-50.283
engq_eth,2015-05-04T13:07:00,30.967
engq_eth,2015-05-04T16:00:00,-10.533
engq_eth,2015-05-04T23:32:00,-6.033
engq_eth,2015-05-05T02:28:00,-4.533
engq_eth,2015-05-05T08:33:00,-11.033
engq_eth,2015-05-07T15:18:00,-10.283
engq_eth,2015-05-11T15:00:00,34.967
engq_eth,2015-05-13T09:11:00,5.592
engq_eth,2015-05-13T11:00:00,-13.783
engq_eth,2015-05-13T14:18:00,-12.033
engq_eth,2015-05-20T09:36:00,60.717
engq_eth,2015-05-26T04:21:00,-0.533
engq_eth,2015-05-27T09:31:00,-6.033
engq_eth,2015-05-28T01:42:00,-5.283
engq_eth,2015-05-28T02:57:00,-3.283
engq_eth,2015-05-28T05:10:00,-0.533
engq_eth,2015-05-28T09:55:00,-7.283
engq_eth,2015-05-29T03:30:00,-14.533
engq_eth,2015-05-29T10:09:00,-11.533
engq_eth,2015-06-01T09:52:00,-32.283
engq_eth,2015-06-02T03:08:00,-7.283
engq_eth,2015-06-04T13:19:00,-44.533
engq_eth,2015-06-11T20:01:00,47.967
engq_eth,2015-06-17T07:20:00,-0.533
engq_eth,2015-06-17T09:36:00,6.467
engq_eth,2015-06-25T21:38:00,45.592
engq_eth,2015-06-26T10:58:00,-25.533
engq_eth,2015-06-30T10:48:00,-26.033
engq_eth,2015-07-05T18:00:00,-31.033
engq_eth,2015-07-06T13:18:00,8.592
engq_eth,2015-07-07T09:30:00,10.842
engq_eth,2015-07-07T20:11:00,-1.783
engq_eth,2015-07-07T20:57:00,-3.283
engq_eth,2015-07-08T09:42:00,-15.283
engq_eth,2015-07-09T11:59:00,-17.033
engq_eth,2015-07-24T12:57:00,204.092
engq_eth,2015-07-28T04:24:00,-10.783
engq_eth,2015-07-28T08:34:00,-0.533
engq_eth,2015-07-28T09:04:00,-5.783
engq_eth,2015-07-28T23:56:00,-2.783
engq_eth,2015-07-29T01:33:00,-2.533
engq_eth,2015-07-29T04:29:00,5.342
engq_eth,2015-07-29T09:46:00,-5.783
engq_eth,2015-07-30T09:48:00,-15.783
engq_eth,2015-08-03T12:47:00,-0.533
engq_eth,2015-08-04T03:05:00,-7.033
engq_eth,2015-08-04T06:47:00,-14.533
engq_eth,2015-08-06T09:50:00,9.592
engq_eth,2015-08-10T10:57:00,27.717
engq_eth,2015-08-10T22:08:00,3.217
engq_eth,2015-08-11T00:03:00,-3.283
engq_eth,2015-08-11T04:43:00,-0.533
engq_eth,2015-08-11T08:11:00,-9.783
engq_eth,2015-08-11T11:03:00,-23.033
engq_eth,2015-08-12T21:18:00,-8.533
engq_eth,2015-08-13T08:57:00,-11.783
engq_eth,2015-08-13T09:40:00,-16.033
engq_eth,2015-08-14T05:11:00,-23.783
engq_eth,2015-08-17T08:32:00,-0.533
engq_eth,2015-08-19T09:50:00,-29.033
engq_eth,2015-08-24T16:14:00,-128.783
engq_eth,2015-08-25T01:17:00,-26.283
engq_eth,2015-08-25T15:32:00,-0.533
engq_eth,2015-08-26T11:35:00,-0.533
engq_eth,2015-08-31T20:12:00,138.217
engq_eth,2015-09-01T15:28:00,-70.533
engq_eth,2015-09-02T04:03:00,-17.033
engq_eth,2015-09-02T10:31:00,-25.533
engq_eth,2015-09-03T20:18:00,21.592
engq_eth,2015-09-09T13:50:00,90.092
engq_eth,2015-09-10T07:42:00,-25.033
engq_eth,2015-09-11T03:06:00,-21.533
engq_eth,2015-09-14T00:02:00,-4.533
engq_eth,2015-09-14T01:17:00,-0.533
engq_eth,2015-09-14T02:00:00,-9.783
engq_eth,2015-09-14T04:42:00,-0.533
engq_eth,2015-09-14T08:12:00,-11.283
engq_eth,2015-09-14T09:36:00,-10.533
engq_eth,2015-09-15T01:52:00,-7.283
engq_eth,2015-09-15T04:06:00,-16.033
engq_eth,2015-09-17T15:22:00,84.217
engq_eth,2015-09-18T05:09:00,-19.533
engq_eth,2015-09-21T12:01:00,-18.033
engq_eth,2015-09-21T21:14:00,-4.283
engq_eth,2015-09-21T23:11:00,-5.533
engq_eth,2015-09-22T00:01:00,-3.783
engq_eth,2015-09-22T02:49:00,0.46699999999999997
engq_eth,2015-09-23T11:54:00,-22.783
engq_eth,2015-09-23T23:13:00,-24.533
engq_eth,2015-09-25T06:39:00,40.342
engq_eth,2015-09-25T09:34:00,-10.533
engq_eth,2015-09-25T12:18:00,-15.783
engq_eth,2015-09-25T14:14:00,-15.783
engq_eth,2015-09-29T14:52:00,-47.783
engq_eth,2015-09-30T09:46:00,-0.533
engq_eth,2015-10-01T07:27:00,57.342
engq_eth,2015-10-01T08:55:00,-10.783
engq_eth,2015-10-02T03:55:00,12.717
engq_eth,2015-10-06T01:50:00,30.092
engq_eth,2015-10-06T03:09:00,-4.533
engq_eth,2015-10-06T03:40:00,-6.283
engq_eth,2015-10-06T03:46:00,-4.283
engq_eth,2015-10-06T10:16:00,7.967
engq_eth,2015-11-09T10:25:00,359.842
engq_eth,2015-11-11T09:32:00,-0.533
engq_eth,2015-11-12T05:26:00,-21.783
engq_eth,2015-11-24T10:31:00,118.592
engq_eth,2015-12-03T10:07:00,-0.533
engq_eth,2015-12-08T08:18:00,9.217
engq_eth,2015-12-09T04:19:00,-17.033
engq_eth,2015-12-09T09:03:00,-23.033
engq_eth,2015-12-11T05:35:00,-30.283
engq_eth,2015-12-15T00:33:00,-6.033
engq_eth,2015-12-15T02:43:00,-0.533
engq_eth,2015-12-15T07:40:00,-11.783
engq_eth,2015-12-15T11:10:00,24.842
engq_eth,2015-12-15T15:30:00,-21.033
engq_eth,2015-12-16T10:15:00,-0.533
engq_eth,2015-12-16T14:00:00,-18.283
engq_eth,2015-12-17T00:46:00,-13.283
engq_eth,2015-12-17T01:10:00,-2.283
engq_eth,2015-12-17T02:02:00,1.092
engq_eth,2015-12-17T09:30:00,23.967
engq_eth,2015-12-21T09:38:00,-0.533
engq_eth,2015-12-31T08:41:00,85.717
engq_eth,2016-01-05T03:23:00,-14.283
engq_eth,2016-01-05T12:01:00,-24.033
engq_eth,2016-01-06T14:41:00,-21.283
engq_eth,2016-01-06T20:56:00,-39.533
engq_eth,2016-01-11T10:52:00,-23.033
engq_eth,2016-01-11T23:42:00,-10.283
engq_eth,2016-01-12T12:34:00,-24.283
engq_eth,2016-01-12T14:02:00,-19.533
engq_eth,2016-01-13T11:07:00,5.842
engq_eth,2016-01-15T09:27:00,-88.783
engq_eth,2016-01-18T02:56:00,-18.533
engq_eth,2016-01-18T04:44:00,-29.283
engq_eth,2016-01-18T09:09:00,-29.783
engq_eth,2016-01-19T09:43:00,8.467
engq_eth,2016-01-19T11:12:00,-28.033
engq_eth,2016-01-21T00:53:00,-15.533
engq_eth,2016-01-21T01:16:00,-15.283
engq_eth,2016-01-21T02:30:00,-18.283
engq_eth,2016-01-21T09:33:00,-0.533
engq_eth,2016-01-26T02:57:00,-0.533
engq_eth,2016-01-27T10:11:00,-35.283
engq_eth,2016-01-27T14:39:00,-43.783
engq_eth,2016-01-28T06:44:00,-22.033
engq_eth,2016-02-02T20:24:00,-0.533
engq_eth,2016-02-03T09:53:00,-27.783
engq_eth,2016-02-04T03:02:00,-10.283
engq_eth,2016-02-04T07:30:00,-14.533
engq_eth,2016-02-05T09:46:00,-65.283
engq_eth,2016-02-10T19:46:00,-0.533
engq_eth,2016-02-19T06:20:00,210.342
engq_eth,2016-02-23T15:14:00,-0.533
engq_eth,2016-02-25T01:18:00,-0.533
engq_eth,2016-02-25T03:17:00,1.467
engq_eth,2016-02-25T09:37:00,2.592
engq_eth,2016-02-26T12:00:00,38.467
engq_eth,2016-03-01T09:41:00,-10.783
engq_eth,2016-03-02T06:21:00,90.342
engq_eth,2016-03-02T08:31:00,-5.783
engq_eth,2016-03-02T10:41:00,-17.533
engq_eth,2016-03-02T11:57:00,-17.783
engq_eth,2016-03-03T10:01:00,-16.033
engq_eth,2016-03-03T23:16:00,-0.533
engq_eth,2016-03-04T03:20:00,-6.033
engq_eth,2016-03-04T08:48:00,9.592
engq_eth,2016-03-07T05:14:00,-28.033
engq_eth,2016-03-07T14:20:00,-28.283
engq_eth,2016-03-08T15:55:00,-25.783
engq_eth,2016-03-09T09:35:00,-12.033
engq_eth,2016-03-10T10:37:00,-0.533
engq_eth,2016-03-15T03:51:00,49.717
engq_eth,2016-03-16T08:51:00,-0.533
engq_eth,2016-03-17T06:10:00,14.842
engq_eth,2016-03-18T04:12:00,-13.533
engq_eth,2016-03-18T09:49:00,-12.283
engq_eth,2016-03-23T11:19:00,0.21699999999999997
engq_eth,2016-03-28T09:40:00,-0.533
engq_eth,2016-03-29T04:05:00,-6.783
engq_eth,2016-03-29T05:27:00,-9.533
engq_eth,2016-03-30T11:15:00,30.592
engq_eth,2016-03-30T13:32:00,-4.783
engq_eth,2016-03-30T14:14:00,6.842
engq_eth,2016-03-30T21:02:00,-3.033
engq_eth,2016-03-30T22:48:00,-3.033
engq_eth,2016-03-31T02:17:00,-6.783
engq_eth,2016-03-31T03:39:00,-9.283
engq_eth,2016-03-31T14:05:00,-0.533
engq_eth,2016-03-31T21:51:00,-11.283
engq_eth,2016-04-04T21:55:00,17.717
engq_eth,2016-04-06T03:00:00,-0.533
engq_eth,2016-04-06T04:04:00,-9.533
engq_eth,2016-04-06T09:15:00,-14.533
engq_eth,2016-04-07T09:49:00,19.217
engq_eth,2016-04-08T09:37:00,-9.533
engq_eth,2016-04-11T16:34:00,-26.533
engq_eth,2016-04-12T10:08:00,-21.283
engq_eth,2016-04-21T16:06:00,27.967
engq_eth,2016-04-25T10:19:00,-17.783
engq_eth,2016-04-26T10:23:00,-0.533
engq_eth,2016-04-28T03:06:00,-17.533
engq_eth,2016-04-28T14:01:00,-9.783
engq_eth,2016-05-03T04:04:00,-0.533
engq_eth,2016-05-05T03:00:00,3.592
engq_eth,2016-05-05T09:10:00,-8.283
engq_eth,2016-05-05T10:29:00,-22.283
engq_eth,2016-05-05T13:15:00,-21.783
engq_eth,2016-05-12T10:42:00,34.342
engq_eth,2016-05-16T03:03:00,-5.533
engq_eth,2016-05-16T06:35:00,-9.283
engq_eth,2016-05-17T09:41:00,31.967
engq_eth,2016-05-18T14:31:00,-25.783
engq_eth,2016-05-19T09:59:00,-33.533
engq_eth,2016-05-20T13:47:00,39.217
engq_eth,2016-05-20T15:03:00,-7.283
engq_eth,2016-05-22T20:27:00,-0.533
engq_eth,2016-05-23T03:02:00,1.592
engq_eth,2016-05-23T05:55:00,-0.533
engq_eth,2016-05-23T11:38:00,4.592
engq_eth,2016-05-23T15:10:00,-7.283
engq_eth,2016-06-02T09:48:00,138.342
engq_eth,2016-06-03T10:09:00,-30.283
engq_eth,2016-06-06T04:47:00,-0.533
engq_eth,2016-06-06T12:50:00,-0.533
engq_eth,2016-06-07T09:38:00,-0.533
engq_eth,2016-06-07T10:47:00,-8.783
engq_eth,2016-06-07T15:15:00,-12.533
engq_eth,2016-06-09T03:31:00,-15.783
engq_eth,2016-06-09T12:11:00,-12.283
engq_eth,2016-06-10T03:02:00,-20.283
engq_eth,2016-06-14T10:37:00,-19.033
engq_eth,2016-06-15T22:55:00,-22.033
engq_eth,2016-06-17T00:04:00,-5.033
engq_eth,2016-06-17T02:00:00,-4.033
engq_eth,2016-06-17T07:15:00,-8.033
engq_eth,2016-06-17T09:01:00,-4.533
engq_eth,2016-06-23T21:05:00,12.842
engq_eth,2016-06-28T11:26:00,20.092
engq_eth,2016-06-30T02:33:00,96.217
engq_eth,2016-06-30T03:06:00,-6.283
engq_eth,2016-06-30T08:06:00,9.342
engq_eth,2016-06-30T09:40:00,-0.533
engq_eth,2016-06-30T09:58:00,-13.033
engq_eth,2016-07-05T03:10:00,47.967
engq_eth,2016-07-15T16:47:00,126.592
engq_eth,2016-09-09T10:38:00,161.842
engq_eth,2016-09-12T20:45:00,-5.783
engq_eth,2016-09-13T01:43:00,-3.783
engq_eth,2016-09-13T03:03:00,-4.283
engq_eth,2016-09-13T04:12:00,-5.033
engq_eth,2016-09-13T04:46:00,-5.033
engq_eth,2016-09-13T07:35:00,0.21699999999999997
engq_eth,2016-09-13T09:45:00,-0.533
engq_eth,2016-09-13T10:54:00,-15.783
engq_eth,2016-09-26T11:33:00,82.217
engq_eth,2016-09-27T03:06:00,-5.283
engq_eth,2016-09-29T12:49:00,-0.533
engq_eth,2016-10-03T08:19:00,-9.283
engq_eth,2016-10-03T11:50:00,-18.033
engq_eth,2016-10-04T03:00:00,-3.033
engq_eth,2016-10-04T08:06:00,-0.533
engq_eth,2016-10-04T08:32:00,-2.283
engq_eth,2016-10-04T10:07:00,5.467
engq_eth,2016-10-04T13:07:00,-21.533
engq_eth,2016-10-06T09:35:00,-0.533
engq_eth,2016-10-07T11:44:00,-24.283
engq_eth,2016-10-11T11:18:00,-29.033
engq_eth,2016-10-13T20:22:00,-5.533
engq_eth,2016-10-14T11:27:00,27.967
engq_eth,2016-10-14T14:11:00,-13.033
engq_eth,2016-10-14T16:02:00,-11.283
engq_eth,2016-10-19T03:22:00,16.842
engq_eth,2016-10-20T08:39:00,-9.533
engq_eth,2016-10-20T10:35:00,-28.033
engq_eth,2016-10-26T09:51:00,11.717
engq_eth,2016-10-26T14:05:00,-31.283
engq_eth,2016-10-27T10:10:00,-0.533
engq_eth,2016-10-31T05:24:00,-7.783
engq_eth,2016-10-31T06:47:00,-6.533
engq_eth,2016-10-31T09:13:00,-0.533
engq_eth,2016-10-31T14:12:00,-18.533
engq_eth,2016-11-01T03:25:00,-3.283
engq_eth,2016-11-01T04:44:00,-5.783
engq_eth,2016-11-02T12:07:00,-15.783
engq_eth,2016-11-03T11:03:00,-16.283
engq_eth,2016-11-08T21:05:00,-0.533
engq_eth,2016-11-10T10:26:00,42.717
engq_eth,2016-11-14T09:32:00,-0.533
engq_eth,2016-11-23T11:20:00,117.467
engq_eth,2016-11-24T22:55:00,-0.533
engq_eth,2016-11-25T00:39:00,-4.033
engq_eth,2016-11-25T01:24:00,-0.533
engq_eth,2016-11-25T02:50:00,-3.783
engq_eth,2016-11-25T09:34:00,-4.783
engq_eth,2016-11-28T03:08:00,-9.533
engq_eth,2016-11-30T10:16:00,-0.533
engq_eth,2016-12-04T18:00:00,-22.533
engq_eth,2016-12-11T22:00:00,143.217
engq_eth,2016-12-12T03:19:00,-9.033
engq_eth,2016-12-12T10:26:00,-15.533
engq_eth,2016-12-13T15:56:00,64.717
engq_eth,2016-12-14T14:06:00,-0.533
engq_eth,2016-12-16T11:29:00,-36.283
engq_eth,2016-12-19T09:28:00,-5.283
engq_eth,2016-12-19T14:35:00,-10.033
engq_eth,2016-12-21T10:53:00,7.467
engq_eth,2016-12-22T00:06:00,-13.783
engq_eth,2016-12-23T11:18:00,-11.283
engq_eth,2016-12-27T16:01:00,28.342
engq_eth,2016-12-28T09:39:00,4.592
engq_eth,2016-12-30T02:59:00,-2.533
engq_eth,2016-12-30T06:20:00,-2.533
engq_eth,2016-12-30T07:04:00,-2.533
engq_eth,2016-12-30T09:28:00,-4.533
engq_eth,2017-01-03T08:36:00,1.092
engq_eth,2017-01-03T09:38:00,-10.533
engq_eth,2017-01-03T10:55:00,-0.533
engq_eth,2017-01-11T11:37:00,113.842
engq_eth,2017-01-12T10:07:00,-29.283
engq_eth,2017-01-13T02:29:00,-3.033
engq_eth,2017-01-13T03:02:00,-3.533
engq_eth,2017-01-13T04:25:00,-4.283
engq_eth,2017-01-13T10:01:00,9.842
engq_eth,2017-01-15T18:14:00,-5.533
engq_eth,2017-01-16T01:30:00,-5.283
engq_eth,2017-01-16T03:00:00,-2.533
engq_eth,2017-01-16T19:23:00,-0.533
engq_eth,2017-01-17T01:09:00,-4.533
engq_eth,2017-01-20T12:31:00,-0.533
engq_eth,2017-01-23T09:32:00,-0.533
engq_eth,2017-01-30T09:44:00,64.217
engq_eth,2017-02-01T09:44:00,24.217
engq_eth,2017-02-01T13:56:00,-0.533
engq_eth,2017-02-01T22:13:00,-5.283
engq_eth,2017-02-02T09:35:00,-8.033
engq_eth,2017-02-02T14:31:00,-10.783
engq_eth,2017-02-02T16:01:00,-8.283
engq_eth,2017-02-03T06:45:00,2.217
engq_eth,2017-02-03T11:36:00,6.342
engq_eth,2017-02-06T08:33:00,-10.033
engq_eth,2017-02-08T09:49:00,13.592
engq_eth,2017-02-23T11:01:00,137.717
engq_eth,2017-02-27T00:39:00,3.967
engq_eth,2017-02-27T03:45:00,-0.15800000000000003
engq_eth,2017-02-27T05:44:00,-3.533
engq_eth,2017-02-27T07:50:00,-3.283
engq_eth,2017-02-28T12:24:00,-14.283
engq_eth,2017-03-01T20:14:00,40.092
engq_eth,2017-03-01T22:12:00,-3.533
engq_eth,2017-03-02T02:11:00,4.592
engq_eth,2017-03-02T04:45:00,-6.033
engq_eth,2017-03-02T09:30:00,-0.533
engq_eth,2017-03-06T10:20:00,-16.033
engq_eth,2017-03-07T03:05:00,-0.533
engq_eth,2017-03-07T04:23:00,-4.783
engq_eth,2017-03-07T15:41:00,-13.033
engq_eth,2017-03-08T08:25:00,-6.783
engq_eth,2017-03-08T11:45:00,8.092
engq_eth,2017-03-08T15:32:00,-11.033
engq_eth,2017-03-09T09:34:00,-12.783
engq_eth,2017-03-21T11:15:00,18.342
engq_eth,2017-03-23T09:30:00,-0.533
engq_eth,2017-03-23T15:32:00,-17.033
engq_eth,2017-03-24T14:40:00,-0.533
engq_eth,2017-03-26T18:33:00,-28.533
engq_eth,2017-04-05T20:28:00,55.842
engq_eth,2017-04-06T14:49:00,-12.783
engq_eth,2017-04-06T21:23:00,-16.533
engq_eth,2017-04-07T08:34:00,-12.783
engq_eth,2017-04-07T09:57:00,-14.533
engq_eth,2017-04-11T09:41:00,-23.033
engq_eth,2017-04-12T07:19:00,-4.783
engq_eth,2017-04-18T05:30:00,-0.15800000000000003
engq_eth,2017-04-19T14:16:00,12.717
engq_eth,2017-04-19T15:29:00,-8.533
engq_eth,2017-04-21T09:34:00,33.717
engq_eth,2017-04-21T13:10:00,-11.283
engq_eth,2017-04-24T09:19:00,11.217
engq_eth,2017-04-26T11:50:00,35.592
engq_eth,2017-04-26T15:53:00,-11.533
engq_eth,2017-04-28T09:54:00,16.467
engq_eth,2017-04-28T11:33:00,-8.533
engq_eth,2017-04-28T14:14:00,-8.283
engq_eth,2017-05-02T18:00:00,40.467
engq_eth,2017-05-03T16:39:00,-15.783
engq_eth,2017-05-04T09:39:00,-13.283
engq_eth,2017-05-11T10:31:00,12.592
engq_eth,2017-05-11T20:54:00,-6.033
engq_eth,2017-05-15T05:17:00,-0.533
engq_eth,2017-05-15T07:55:00,-0.533
engq_eth,2017-05-15T12:27:00,-0.533
engq_eth,2017-05-16T10:26:00,12.342
engq_eth,2017-05-16T19:44:00,-14.533
engq_eth,2017-05-17T08:14:00,-11.033
engq_eth,2017-06-09T12:37:00,204.592
engq_eth,2017-06-13T05:27:00,-0.533
engq_eth,2017-06-13T09:38:00,19.217
engq_eth,2017-06-14T14:36:00,-0.533
engq_eth,2017-06-16T08:35:00,-0.533
engq_eth,2017-06-19T01:53:00,-3.783
engq_eth,2017-06-19T03:41:00,10.842
engq_eth,2017-06-19T08:40:00,5.717
engq_eth,2017-06-19T14:24:00,-0.533
engq_eth,2017-06-20T08:23:00,-0.533
engq_eth,2017-06-20T09:31:00,-8.783
engq_eth,2017-06-20T09:58:00,-15.033
engq_eth,2017-06-20T11:28:00,-18.783
engq_eth,2017-06-22T03:13:00,1.717
engq_eth,2017-06-22T05:22:00,-8.533
engq_eth,2017-06-22T09:37:00,-8.533
engq_eth,2017-06-23T09:42:00,-15.283
engq_eth,2017-06-26T10:55:00,-0.533
engq_eth,2017-06-29T01:09:00,-5.783
engq_eth,2017-06-29T03:26:00,-4.283
engq_eth,2017-06-29T05:43:00,-4.533
engq_eth,2017-06-29T08:01:00,-0.533
engq_eth,2017-06-30T10:15:00,-27.033
engq_eth,2017-07-03T10:52:00,-29.033
engq_eth,2017-07-04T11:02:00,-17.283
engq_eth,2017-07-05T20:55:00,-16.283
engq_eth,2017-07-05T23:55:00,-0.533
engq_eth,2017-07-06T03:14:00,-0.533
engq_eth,2017-07-06T05:16:00,-9.533
engq_eth,2017-07-27T13:24:00,267.342
engq_eth,2017-07-30T20:03:00,-10.283
engq_eth,2017-07-31T03:15:00,15.217
engq_eth,2017-07-31T09:59:00,-12.783
engq_eth,2017-08-01T01:27:00,-4.533
engq_eth,2017-08-01T02:46:00,-3.783
engq_eth,2017-08-01T03:29:00,-5.033
engq_eth,2017-08-01T07:21:00,-6.533
engq_eth,2017-08-01T09:33:00,-9.033
engq_eth,2017-08-02T10:17:00,-0.533
engq_eth,2017-08-03T03:01:00,-5.783
engq_eth,2017-08-03T09:54:00,-12.283
engq_eth,2017-08-04T09:59:00,-10.783
engq_eth,2017-08-08T15:35:00,13.092
engq_eth,2017-08-10T05:27:00,-16.283
engq_eth,2017-08-15T09:44:00,71.467
engq_eth,2017-08-16T13:15:00,-0.533
engq_eth,2017-08-16T14:20:00,-20.533
engq_eth,2017-08-17T07:38:00,-19.533
engq_eth,2017-08-22T03:23:00,-0.28300000000000003
engq_eth,2017-08-22T05:13:00,-7.033
engq_eth,2017-08-23T06:15:00,47.842
engq_eth,2017-08-23T07:41:00,-4.783
engq_eth,2017-08-23T16:34:00,-15.533
engq_eth,2017-08-24T09:44:00,-0.533
engq_eth,2017-08-25T03:35:00,-12.783
engq_eth,2017-08-25T10:46:00,-0.533
engq_eth,2017-08-28T18:00:00,-17.533
engq_eth,2017-09-03T21:08:00,131.467
engq_eth,2017-09-04T22:27:00,-0.533
engq_eth,2017-09-05T06:28:00,-0.533
engq_eth,2017-09-05T09:24:00,-5.033
engq_eth,2017-09-05T09:35:00,-11.283
engq_eth,2017-09-05T11:09:00,-25.533
engq_eth,2017-09-06T10:15:00,-14.283
engq_eth,2017-09-08T10:12:00,-0.533
engq_eth,2017-09-20T11:09:00,-0.533
engq_eth,2017-09-22T13:16:00,-21.033
engq_eth,2017-09-24T23:01:00,-5.283
engq_eth,2017-09-25T02:42:00,-7.033
engq_eth,2017-10-19T03:57:00,185.717
engq_eth,2017-10-23T10:05:00,6.092
engq_eth,2017-10-25T10:45:00,-26.033
engq_eth,2017-10-26T09:31:00,-13.283
engq_eth,2017-11-01T20:18:00,150.092
engq_eth,2017-11-03T04:00:00,-0.533
engq_eth,2017-11-03T09:32:00,-0.533
engq_eth,2017-11-09T07:21:00,51.967
engq_eth,2017-11-10T01:58:00,-7.783
engq_eth,2017-11-10T03:21:00,-10.533
engq_eth,2017-11-13T08:36:00,-20.033
engq_eth,2017-11-14T09:36:00,-25.783
engq_eth,2017-11-29T11:25:00,31.092
engq_eth,2017-11-30T19:50:00,-16.783
engq_eth,2017-12-01T03:43:00,0.592
engq_eth,2017-12-04T03:08:00,-8.033
engq_eth,2017-12-04T04:51:00,-6.283
engq_eth,2017-12-04T07:59:00,5.967
engq_eth,2017-12-04T09:34:00,-8.783
engq_eth,2017-12-05T14:17:00,-22.533
engq_eth,2017-12-19T10:28:00,214.217
engq_eth,2017-12-20T01:53:00,-3.283
engq_eth,2017-12-20T02:04:00,-2.533
engq_eth,2017-12-20T03:37:00,-4.783
engq_eth,2017-12-22T09:28:00,-20.283
engq_eth,2017-12-25T20:12:00,-9.283
engq_eth,2017-12-27T07:31:00,-6.783
engq_eth,2017-12-27T09:36:00,-12.533
engq_eth,2017-12-28T07:51:00,11.092
engq_eth,2018-01-03T08:59:00,3.967
engq_eth,2018-01-03T09:31:00,4.217
engq_eth,2018-01-10T05:34:00,120.842
engq_eth,2018-01-16T11:14:00,126.217
engq_eth,2018-01-17T09:30:00,-8.033
engq_eth,2018-01-24T11:34:00,144.592
engq_eth,2018-01-25T14:48:00,-34.533
engq_eth,2018-01-26T06:13:00,13.342
engq_eth,2018-01-26T09:31:00,-9.283
engq_eth,2018-01-29T00:55:00,-6.533
engq_eth,2018-01-29T03:03:00,-5.033
engq_eth,2018-01-29T04:42:00,-8.283
engq_eth,2018-01-29T09:33:00,-9.533
engq_eth,2018-01-29T10:37:00,-24.533
engq_eth,2018-01-29T15:49:00,-27.533
engq_eth,2018-01-31T11:10:00,-0.533
engq_eth,2018-01-31T14:46:00,-19.533
engq_eth,2018-01-31T16:46:00,-41.283
engq_eth,2018-02-01T08:48:00,-59.283
engq_eth,2018-02-02T04:21:00,-71.033
engq_eth,2018-02-08T15:40:00,-149.533
engq_eth,2018-03-22T15:45:00,343.842
engq_eth,2018-03-23T14:48:00,-67.533
engq_eth,2018-03-27T14:32:00,-0.533
engq_eth,2018-04-02T11:07:00,-148.033
engq_eth,2018-04-04T04:08:00,-90.033
engq_eth,2018-04-05T18:57:00,43.967
engq_eth,2018-04-06T11:02:00,-38.033
engq_eth,2018-04-06T12:30:00,-45.533
engq_eth,2018-04-06T13:39:00,-44.783
engq_eth,2018-04-09T03:09:00,-16.283
engq_eth,2018-04-09T09:38:00,-28.033
engq_eth,2018-04-09T15:18:00,16.842
engq_eth,2018-04-10T08:30:00,-23.283
engq_eth,2018-04-10T09:34:00,-16.783
engq_eth,2018-04-10T12:27:00,-41.033
engq_eth,2018-04-11T15:16:00,-0.533
engq_eth,2018-04-12T02:07:00,-0.533
engq_eth,2018-04-12T04:47:00,-9.283
engq_eth,2018-04-12T13:27:00,36.592
engq_eth,2018-04-13T10:08:00,-0.533
engq_eth,2018-04-13T15:05:00,-35.783
engq_eth,2018-04-20T11:10:00,12.592
engq_eth,2018-04-23T14:04:00,-43.783
engq_eth,2018-04-24T09:24:00,1.092
engq_eth,2018-04-24T09:50:00,-21.533
engq_eth,2018-06-25T10:11:00,566.467
engq_eth,2018-06-27T03:15:00,-35.533
engq_eth,2018-06-27T12:35:00,-29.533
engq_eth,2018-07-02T02:22:00,-0.533
engq_eth,2018-07-03T09:34:00,76.717
engq_eth,2018-07-03T11:52:00,-30.533
engq_eth,2018-07-10T16:56:00,188.592
engq_eth,2018-07-16T16:05:00,97.592
engq_eth,2018-07-22T21:42:00,-0.533
engq_eth,2018-07-25T18:00:00,57.717
engq_eth,2018-07-27T12:00:00,-68.033
engq_eth,2018-07-31T15:46:00,-20.783
engq_eth,2018-08-01T11:46:00,-0.533
engq_eth,2018-08-01T14:08:00,-16.033
engq_eth,2018-08-02T03:03:00,-28.783
engq_eth,2018-08-02T21:42:00,-7.783
engq_eth,2018-08-03T03:06:00,-5.533
engq_eth,2018-08-03T08:02:00,10.717
engq_eth,2018-08-10T01:42:00,39.467
engq_eth,2018-08-13T13:01:00,-13.033
engq_eth,2018-08-13T15:52:00,-17.783
engq_eth,2018-08-14T09:49:00,-0.533
engq_eth,2018-08-15T07:30:00,-41.533
engq_eth,2018-08-17T08:07:00,-32.283
engq_eth,2018-08-21T16:46:00,-0.533
engq_eth,2018-08-22T09:55:00,-0.533
engq_eth,2018-08-23T11:17:00,-0.533
engq_eth,2018-08-30T15:01:00,197.717
engq_eth,2018-08-31T09:07:00,-16.783
engq_eth,2018-08-31T11:47:00,-0.533
engq_eth,2018-08-31T14:08:00,-14.033
engq_eth,2018-09-04T07:08:00,-0.533
engq_eth,2018-09-17T15:40:00,6.842
engq_eth,2018-09-18T09:07:00,-20.283
engq_eth,2018-09-19T07:57:00,25.842
engq_eth,2018-09-19T09:38:00,-0.533
engq_eth,2018-09-19T23:54:00,-6.283
engq_eth,2018-09-20T01:15:00,-4.783
engq_eth,2018-09-20T02:00:00,-5.283
engq_eth,2018-09-20T09:30:00,45.342
engq_eth,2018-09-21T06:57:00,2.342
engq_eth,2018-09-21T09:30:00,8.592
engq_eth,2018-09-21T14:14:00,-28.283
engq_eth,2018-10-04T10:11:00,31.342
engq_eth,2018-10-05T10:04:00,-59.033
engq_eth,2018-10-08T11:31:00,-72.783
engq_eth,2018-10-10T07:52:00,-33.283
engq_eth,2018-10-11T14:41:00,-105.283
engq_eth,2018-10-21T20:16:00,-0.533
engq_eth,2018-10-22T05:55:00,-16.783
engq_eth,2018-10-22T09:02:00,16.467
engq_eth,2018-10-22T22:40:00,-49.533
engq_eth,2018-10-23T20:02:00,-0.533
engq_eth,2018-10-23T21:09:00,-16.033
engq_eth,2018-10-24T01:09:00,11.342
engq_eth,2018-10-24T02:14:00,-8.533
engq_eth,2018-10-24T02:31:00,-5.533
engq_eth,2018-10-25T16:04:00,-0.533
engq_eth,2018-10-29T14:33:00,-114.033
engq_eth,2018-11-12T10:40:00,107.467
engq_eth,2018-11-13T10:00:00,-55.783
engq_eth,2018-11-13T14:09:00,-42.283
engq_eth,2018-11-15T09:11:00,-98.533
engq_eth,2018-11-15T10:31:00,-72.783
engq_eth,2018-11-19T11:33:00,-95.783
engq_eth,2018-11-21T09:50:00,1.092
engq_eth,2018-11-21T15:20:00,-19.283
engq_eth,2018-11-23T08:32:00,-23.533
engq_eth,2018-12-04T00:17:00,444.842
engq_eth,2018-12-04T11:27:00,-20.283
engq_eth,2018-12-07T14:44:00,-94.533
engq_eth,2018-12-14T14:40:00,-0.533
engq_eth,2018-12-18T11:24:00,-32.283
engq_eth,2018-12-18T14:44:00,-55.533
engq_eth,2018-12-19T14:12:00,-83.533
engq_eth,2018-12-19T14:44:00,-101.783
engq_eth,2018-12-20T11:09:00,-75.033
engq_eth,2018-12-21T09:28:00,-43.533
engq_eth,2018-12-21T11:06:00,-103.033
engq_eth,2018-12-27T00:33:00,17.967
engq_eth,2018-12-27T02:32:00,-21.033
engq_eth,2018-12-27T02:59:00,-11.783
engq_eth,2018-12-27T09:48:00,1.092
engq_eth,2018-12-27T12:28:00,-65.283
engq_eth,2019-01-02T03:30:00,-0.533
engq_eth,2019-01-02T16:32:00,-41.033
engq_eth,2019-01-03T15:10:00,-77.033
engq_eth,2019-01-08T10:45:00,224.592
engq_eth,2019-01-14T09:35:00,6.592
engq_eth,2019-01-17T01:46:00,65.592
engq_eth,2019-01-20T20:07:00,42.342
engq_eth,2019-01-21T04:00:00,-12.533
engq_eth,2019-01-21T09:36:00,-18.033
engq_eth,2019-01-21T21:40:00,-21.283
engq_eth,2019-01-24T08:51:00,-0.533
engq_eth,2019-01-24T11:12:00,-23.533
engq_eth,2019-01-28T09:10:00,12.842
engq_eth,2019-01-31T15:12:00,209.467
engq_eth,2019-01-31T20:45:00,-24.283
engq_eth,2019-02-01T00:38:00,-11.783
engq_eth,2019-02-01T04:43:00,-0.533
engq_eth,2019-02-01T05:42:00,-8.533
engq_eth,2019-02-01T06:33:00,-8.533
engq_eth,2019-02-01T07:56:00,-7.533
engq_eth,2019-02-01T13:18:00,-0.533
engq_eth,2019-02-04T00:05:00,-5.783
engq_eth,2019-02-04T08:10:00,-8.033
engq_eth,2019-02-04T16:04:00,60.967
engq_eth,2019-02-04T19:54:00,-10.033
engq_eth,2019-02-05T00:19:00,-0.533
engq_eth,2019-02-05T03:06:00,-5.033
engq_eth,2019-02-06T04:11:00,2.467
engq_eth,2019-02-06T09:36:00,24.217
engq_eth,2019-02-07T02:04:00,-43.533
engq_eth,2019-02-10T23:18:00,2.092
engq_eth,2019-02-11T00:32:00,-9.033
engq_eth,2019-02-11T04:16:00,45.592
engq_eth,2019-02-11T08:33:00,7.467
engq_eth,2019-02-11T13:44:00,-16.033
engq_eth,2019-02-13T18:01:00,90.092
engq_eth,2019-02-14T08:36:00,-9.783
engq_eth,2019-02-14T15:59:00,-18.033
engq_eth,2019-02-19T06:20:00,-0.533
engq_eth,2019-02-20T12:26:00,-0.533
engq_eth,2019-02-20T14:21:00,-37.783
engq_eth,2019-02-20T20:32:00,-14.533
engq_eth,2019-02-21T04:10:00,5.092
engq_eth,2019-02-21T07:13:00,-10.783
engq_eth,2019-02-22T14:36:00,3.342
engq_eth,2019-02-25T15:55:00,37.342
engq_eth,2019-02-26T11:00:00,-0.533
engq_eth,2019-02-27T01:38:00,-23.533
engq_eth,2019-02-27T09:56:00,-18.033
engq_eth,2019-03-04T11:47:00,-0.533
engq_eth,2019-03-05T07:07:00,-7.033
engq_eth,2019-03-05T09:46:00,-15.783
engq_eth,2019-03-06T10:32:00,-35.033
engq_eth,2019-03-12T06:06:00,163.717
engq_eth,2019-03-12T09:32:00,2.717
engq_eth,2019-03-12T21:37:00,-18.783
engq_eth,2019-03-13T08:59:00,36.217
engq_eth,2019-03-13T14:45:00,-19.033
engq_eth,2019-03-13T21:01:00,-19.033
engq_eth,2019-03-13T23:35:00,-9.283
engq_eth,2019-03-14T06:03:00,12.842
engq_eth,2019-03-14T09:32:00,-17.033
engq_eth,2019-03-14T16:00:00,-21.033
engq_eth,2019-03-15T01:15:00,-8.033
engq_eth,2019-03-15T08:45:00,5.967
engq_eth,2019-03-18T11:32:00,31.467
engq_eth,2019-03-19T15:24:00,30.717
engq_eth,2019-03-20T12:37:00,-31.533
engq_eth,2019-03-21T07:23:00,11.717
engq_eth,2019-03-22T09:55:00,32.967
engq_eth,2019-03-27T11:35:00,-67.783
engq_eth,2019-03-28T11:00:00,-0.533
engq_eth,2019-04-04T12:46:00,185.592
engq_eth,2019-04-05T09:52:00,11.092
engq_eth,2019-04-07T20:47:00,-0.533
engq_eth,2019-04-07T22:22:00,-7.533
engq_eth,2019-04-07T23:23:00,-4.033
engq_eth,2019-04-08T01:18:00,-5.033
engq_eth,2019-04-08T08:52:00,-7.783
engq_eth,2019-04-25T10:22:00,203.092
engq_eth,2019-04-25T18:00:00,-60.533
engq_eth,2019-04-26T09:37:00,-20.783
engq_eth,2019-04-30T11:03:00,-58.033
engq_eth,2019-05-01T08:58:00,-0.533
engq_eth,2019-05-01T14:40:00,-28.783
engq_eth,2019-05-02T11:20:00,-34.033
engq_eth,2019-05-03T08:31:00,9.342
engq_eth,2019-05-05T18:00:00,-45.533
engq_eth,2019-05-06T16:59:00,3.717
engq_eth,2019-05-06T20:15:00,-14.783
engq_eth,2019-05-07T05:06:00,10.717
engq_eth,2019-05-07T06:56:00,-9.783
engq_eth,2019-05-08T15:50:00,-25.783
engq_eth,2019-05-09T23:16:00,-41.283
engq_eth,2019-05-09T23:57:00,-45.283
engq_eth,2019-05-10T07:24:00,-22.033
engq_eth,2019-05-14T09:48:00,-26.783
engq_eth,2019-05-15T08:06:00,-0.533
engq_eth,2019-05-20T04:54:00,69.717
engq_eth,2019-05-22T08:26:00,-39.033
engq_eth,2019-05-22T21:08:00,-59.783
engq_eth,2019-05-24T07:39:00,-0.533
engq_eth,2019-05-24T10:29:00,-0.533
engq_eth,2019-05-24T15:41:00,-33.783
engq_eth,2019-05-27T06:09:00,-10.783
engq_eth,2019-05-28T03:16:00,2.092
engq_eth,2019-05-28T04:03:00,-14.533
engq_eth,2019-05-28T15:35:00,-33.033
engq_eth,2019-05-30T06:51:00,-9.283
engq_eth,2019-05-30T08:08:00,-11.783
engq_eth,2019-05-30T10:53:00,-0.533
engq_eth,2019-05-30T13:35:00,-16.533
engq_eth,2019-05-30T19:41:00,-35.533
engq_eth,2019-06-05T09:53:00,147.217
engq_eth,2019-06-11T11:39:00,328.342
engq_eth,2019-06-12T01:57:00,-41.283
engq_eth,2019-06-13T10:09:00,-0.533
engq_eth,2019-06-13T15:15:00,-26.033
engq_eth,2019-06-13T18:00:00,-0.533
engq_eth,2019-06-14T02:05:00,27.967
engq_eth,2019-06-14T04:25:00,-13.783
engq_eth,2019-06-19T09:40:00,133.342
engq_eth,2019-06-19T14:00:00,-24.533
engq_eth,2019-06-25T10:52:00,-0.533
engq_eth,2019-06-26T08:23:00,-9.533
engq_eth,2019-06-26T13:28:00,-0.533
engq_eth,2019-06-27T04:46:00,7.717
engq_eth,2019-06-27T05:51:00,-12.783
engq_eth,2019-07-01T12:53:00,95.217
engq_eth,2019-07-05T08:42:00,53.092
engq_eth,2019-07-09T21:57:00,5.842
engq_eth,2019-07-10T00:09:00,-5.283
engq_eth,2019-07-10T01:53:00,-7.283
engq_eth,2019-07-10T05:45:00,-10.033
engq_eth,2019-07-10T10:59:00,73.842
engq_eth,2019-07-17T15:55:00,4.592
engq_eth,2019-07-19T10:08:00,-20.533
engq_eth,2019-07-19T11:39:00,-25.033
engq_eth,2019-07-23T10:10:00,42.092
engq_eth,2019-07-23T12:03:00,-23.033
engq_eth,2019-07-24T04:38:00,1.092
engq_eth,2019-07-25T09:04:00,52.467
engq_eth,2019-07-26T02:56:00,-5.783
engq_eth,2019-07-26T04:36:00,-7.033
engq_eth,2019-07-26T07:44:00,3.842
engq_eth,2019-07-26T10:31:00,-0.533
engq_eth,2019-07-28T20:06:00,-11.283
engq_eth,2019-07-28T22:05:00,-7.533
engq_eth,2019-07-29T09:32:00,-9.533
engq_eth,2019-07-30T01:36:00,-3.283
engq_eth,2019-07-30T16:30:00,-27.283
engq_eth,2019-07-31T14:01:00,-39.533
engq_eth,2019-08-01T13:29:00,30.092
engq_eth,2019-08-06T07:52:00,-0.533
engq_eth,2019-08-06T10:15:00,-0.533
engq_eth,2019-08-06T21:29:00,-0.533
engq_eth,2019-08-07T08:05:00,13.342
engq_eth,2019-08-14T12:00:00,21.717
engq_eth,2019-08-16T08:44:00,15.092
engq_eth,2019-08-16T09:09:00,-12.533
engq_eth,2019-08-20T09:52:00,107.967
engq_eth,2019-08-20T14:21:00,-41.033
engq_eth,2019-08-21T13:51:00,-0.533
engq_eth,2019-08-22T05:29:00,-30.033
engq_eth,2019-08-22T10:28:00,-34.783
engq_eth,2019-08-23T03:04:00,-0.533
engq_eth,2019-08-23T06:34:00,-12.783
engq_eth,2019-08-23T08:00:00,-13.033
engq_eth,2019-08-23T11:02:00,-98.283
engq_eth,2019-08-26T08:15:00,-37.033
engq_eth,2019-08-26T09:37:00,-25.283
engq_eth,2019-08-27T12:34:00,14.092
engq_eth,2019-08-28T07:30:00,-46.783
engq_eth,2019-08-28T21:15:00,-19.033
engq_eth,2019-08-29T10:11:00,-0.533
engq_eth,2019-08-29T18:00:00,-15.533
engq_eth,2019-08-30T02:02:00,8.092
engq_eth,2019-08-30T09:56:00,12.092
engq_eth,2019-09-02T09:34:00,-20.033
engq_eth,2019-09-02T11:49:00,-28.533
engq_eth,2019-09-03T02:47:00,-31.783
engq_eth,2019-09-03T13:44:00,-51.283
engq_eth,2019-09-04T10:07:00,50.092
engq_eth,2019-09-05T03:07:00,101.967
engq_eth,2019-09-06T09:37:00,54.592
engq_eth,2019-09-06T12:51:00,-23.033
engq_eth,2019-09-09T12:15:00,-29.283
engq_eth,2019-09-15T18:00:00,61.592
engq_eth,2019-09-17T01:26:00,-20.783
engq_eth,2019-09-18T09:45:00,12.342
engq_eth,2019-09-20T13:17:00,-76.533
engq_eth,2019-09-24T10:15:00,-0.533
engq_eth,2019-09-27T14:45:00,-87.533
engq_eth,2019-09-30T06:58:00,-18.033
engq_eth,2019-10-01T10:50:00,10.092
engq_eth,2019-10-09T18:29:00,-0.533
engq_eth,2019-12-03T09:30:00,514.467
engq_eth,2019-12-30T10:15:00,417.717
engq_eth,2020-01-02T06:20:00,22.217
engq_eth,2020-01-02T09:28:00,1.717
engq_eth,2020-01-02T21:47:00,-0.533
engq_eth,2020-01-03T02:48:00,-33.283
engq_eth,2020-01-03T15:57:00,-21.283
engq_eth,2020-01-07T01:20:00,-12.783
engq_eth,2020-01-07T02:30:00,-11.033
engq_eth,2020-01-07T09:00:00,-30.283
engq_eth,2020-01-07T09:39:00,-23.783
engq_eth,2020-01-07T16:31:00,-30.533
engq_eth,2020-01-10T15:32:00,150.967
engq_eth,2020-01-13T06:52:00,-0.533
engq_eth,2020-01-13T09:42:00,-10.283
engq_eth,2020-01-13T22:00:00,-9.033
engq_eth,2020-01-14T02:20:00,-9.533
engq_eth,2020-01-14T09:58:00,-27.533
engq_eth,2020-01-14T14:13:00,-36.533
engq_eth,2020-01-14T18:59:00,-38.783
engq_eth,2020-01-15T08:40:00,-0.533
engq_eth,2020-01-15T12:52:00,-0.533
engq_eth,2020-01-15T15:23:00,-21.783
engq_eth,2020-01-23T09:35:00,98.342
engq_eth,2020-01-24T12:01:00,-0.533
engq_eth,2020-01-29T10:01:00,60.967
engq_eth,2020-01-29T21:45:00,-42.033
engq_eth,2020-01-31T09:46:00,39.967
engq_eth,2020-02-03T16:03:00,-28.783
engq_eth,2020-02-05T09:38:00,310.467
engq_eth,2020-02-09T18:34:00,10.092
engq_eth,2020-02-20T11:32:00,133.342
engq_eth,2020-02-26T13:36:00,-75.033
engq_eth,2020-03-02T04:38:00,53.092
engq_eth,2020-03-02T06:00:00,-58.033
engq_eth,2020-03-03T11:24:00,272.717
engq_eth,2020-03-03T13:13:00,-152.033
engq_eth,2020-03-04T09:37:00,-0.533
engq_eth,2020-03-05T03:59:00,45.342
engq_eth,2020-03-08T18:00:00,-193.033
engq_eth,2020-03-10T09:36:00,-0.533
engq_eth,2020-03-10T10:46:00,-68.533
engq_eth,2020-03-10T20:44:00,-48.533
engq_eth,2020-03-10T21:29:00,-42.033
engq_eth,2020-03-11T01:01:00,-78.533
engq_eth,2020-03-11T07:47:00,-94.783
engq_eth,2020-03-11T11:24:00,-114.033
engq_eth,2020-03-11T12:41:00,-106.033
engq_eth,2020-03-12T15:56:00,-419.533
engq_eth,2020-03-13T11:34:00,-177.033
engq_eth,2020-03-16T09:30:00,-93.533
engq_eth,2020-03-16T15:56:00,-442.783
engq_eth,2020-03-18T13:30:00,-322.783
engq_eth,2020-03-19T07:35:00,-66.783
engq_eth,2020-03-19T09:40:00,-117.783
engq_eth,2020-03-19T16:47:00,-0.533
engq_eth,2020-03-20T09:30:00,166.217
engq_eth,2020-03-20T12:04:00,-113.783
engq_eth,2020-03-29T18:00:00,448.717
engq_eth,2020-03-31T18:09:00,143.717
engq_eth,2020-04-02T08:35:00,-57.533
engq_eth,2020-04-21T09:40:00,996.092
engq_eth,2020-04-22T09:48:00,1.342
engq_eth,2020-04-22T19:02:00,-15.033
engq_eth,2020-04-22T19:34:00,-9.283
engq_eth,2020-04-22T20:14:00,-11.783
engq_eth,2020-04-22T22:15:00,-0.533
engq_eth,2020-04-23T03:25:00,21.217
engq_eth,2020-04-23T06:33:00,-0.533
engq_eth,2020-04-23T12:44:00,64.467
engq_eth,2020-04-23T16:08:00,-63.033
engq_eth,2020-04-28T10:19:00,149.592
engq_eth,2020-04-29T02:24:00,-49.533
engq_eth,2020-04-29T03:29:00,-24.283
engq_eth,2020-04-29T06:34:00,-20.783
engq_eth,2020-04-29T07:20:00,-23.283
engq_eth,2020-04-29T09:37:00,18.592
engq_eth,2020-04-30T03:21:00,-0.533
engq_eth,2020-04-30T06:45:00,-21.783
engq_eth,2020-04-30T08:00:00,-22.033
engq_eth,2020-04-30T08:16:00,-20.783
engq_eth,2020-05-05T04:58:00,94.967
engq_eth,2020-05-05T15:42:00,11.717
engq_eth,2020-05-05T20:56:00,-44.033
engq_eth,2020-05-06T10:09:00,41.342
engq_eth,2020-05-08T09:31:00,158.467
engq_eth,2020-05-11T07:44:00,-0.533
engq_eth,2020-05-12T15:52:00,-95.033
engq_eth,2020-05-13T11:38:00,-105.283
engq_eth,2020-05-15T06:30:00,24.592
engq_eth,2020-05-22T03:11:00,222.842
engq_eth,2020-05-26T11:25:00,94.717
engq_eth,2020-05-27T03:19:00,-15.783
engq_eth,2020-05-27T07:13:00,-26.283
engq_eth,2020-05-27T22:54:00,2.717
engq_eth,2020-05-28T08:06:00,-63.033
engq_eth,2020-05-28T15:50:00,-0.533
engq_eth,2020-05-28T21:12:00,-74.033
engq_eth,2020-05-29T02:34:00,-25.783
engq_eth,2020-05-29T03:49:00,-40.533
engq_eth,2020-05-29T10:22:00,-50.783
engq_eth,2020-06-04T15:17:00,137.217
engq_eth,2020-06-05T07:58:00,-16.033
engq_eth,2020-06-05T08:45:00,-28.033
engq_eth,2020-06-11T01:11:00,334.467
engq_eth,2020-06-12T10:39:00,-55.283
engq_eth,2020-06-16T02:04:00,-38.283
engq_eth,2020-06-16T10:51:00,20.717
engq_eth,2020-06-24T11:49:00,-0.533
engq_eth,2020-06-26T09:43:00,-0.533
engq_eth,2020-07-13T15:32:00,805.092
engq_eth,2020-07-15T03:08:00,-0.533
engq_eth,2020-07-15T05:54:00,-31.283
engq_eth,2020-07-15T08:07:00,-0.533
engq_eth,2020-07-15T09:32:00,-32.783
engq_eth,2020-07-15T09:35:00,-36.533
engq_eth,2020-07-15T11:03:00,-47.533
engq_eth,2020-07-15T20:01:00,-74.783
engq_eth,2020-07-17T04:00:00,-17.533
engq_eth,2020-07-17T09:40:00,11.092
engq_eth,2020-07-21T10:10:00,299.467
engq_eth,2020-07-22T10:47:00,-63.033
engq_eth,2020-07-23T10:14:00,-71.533
engq_eth,2020-07-26T19:02:00,-84.283
engq_eth,2020-07-30T06:56:00,-0.533
engq_eth,2020-07-31T12:37:00,107.592
engq_eth,2020-08-07T12:55:00,224.842
engq_eth,2020-08-11T02:14:00,-0.533
engq_eth,2020-08-11T07:37:00,-30.533
engq_eth,2020-08-13T14:23:00,155.717
engq_eth,2020-08-14T03:47:00,-0.533
engq_eth,2020-08-14T09:50:00,-52.533
engq_eth,2020-08-18T03:03:00,87.217
engq_eth,2020-08-18T09:54:00,55.217
engq_eth,2020-08-19T21:14:00,-77.783
engq_eth,2020-08-24T10:07:00,274.717
engq_eth,2020-08-27T12:53:00,231.092
engq_eth,2020-09-02T11:39:00,244.967
engq_eth,2020-09-02T20:59:00,-44.033
engq_eth,2020-09-03T01:43:00,-31.533
engq_eth,2020-09-03T02:50:00,-25.033
engq_eth,2020-09-03T05:08:00,-26.283
engq_eth,2020-09-07T22:52:00,-24.033
engq_eth,2020-09-08T04:13:00,-48.033
engq_eth,2020-09-10T14:24:00,-0.533
engq_eth,2020-09-14T04:32:00,-0.533
engq_eth,2020-09-14T09:35:00,-0.533
engq_eth,2020-09-14T13:16:00,0.717
engq_eth,2020-09-16T10:38:00,123.842
engq_eth,2020-09-18T09:46:00,-52.783
engq_eth,2020-09-23T11:53:00,144.342
engq_eth,2020-10-19T13:47:00,865.467
engq_eth,2020-10-21T05:00:00,-136.033
engq_eth,2020-10-21T19:38:00,-70.783
engq_eth,2020-10-22T09:39:00,-0.533
engq_eth,2020-10-23T02:16:00,-52.283
engq_eth,2020-10-23T09:42:00,-53.283
engq_eth,2020-10-26T10:56:00,-62.783
engq_eth,2020-10-27T09:33:00,-28.283
engq_eth,2020-10-27T10:22:00,-55.533
engq_eth,2020-10-28T03:39:00,-72.283
engq_eth,2020-11-02T09:01:00,-21.283
engq_eth,2020-11-02T09:31:00,-23.533
engq_eth,2020-11-02T10:06:00,-0.533
engq_eth,2020-11-03T06:35:00,30.467
engq_eth,2020-11-03T09:33:00,-37.033
engq_eth,2020-11-03T16:01:00,-50.033
engq_eth,2020-11-03T23:21:00,275.092
engq_eth,2020-11-04T01:45:00,-61.533
engq_eth,2020-11-09T07:35:00,635.217
engq_eth,2020-11-09T15:47:00,-297.533
engq_eth,2020-12-09T13:56:00,652.092
engq_eth,2020-12-11T03:18:00,-51.033
engq_eth,2020-12-14T00:09:00,-13.533
engq_eth,2020-12-14T03:08:00,11.842
engq_eth,2020-12-14T08:14:00,-0.533
engq_eth,2020-12-14T13:06:00,51.967
engq_eth,2020-12-14T15:45:00,-40.283
engq_eth,2020-12-14T21:22:00,-27.033
engq_eth,2020-12-15T11:05:00,42.467
engq_eth,2020-12-18T10:01:00,203.467
engq_eth,2020-12-21T05:06:00,-112.783
engq_eth,2020-12-22T09:32:00,-0.533
engq_eth,2020-12-22T11:01:00,-57.533
engq_eth,2021-01-04T11:06:00,-0.03300000000000003
engq_eth,2021-01-05T22:31:00,-108.033
engq_eth,2021-01-06T14:49:00,-0.533
engq_eth,2021-01-06T23:57:00,-10.783
engq_eth,2021-01-07T02:25:00,10.342
engq_eth,2021-01-08T10:27:00,268.592
engq_eth,2021-01-11T09:35:00,-91.783
engq_eth,2021-01-12T08:14:00,-16.033
engq_eth,2021-01-12T09:50:00,-79.283
engq_eth,2021-01-13T03:02:00,-0.533
engq_eth,2021-01-15T10:07:00,-86.533
engq_eth,2021-01-19T09:47:00,77.592
engq_eth,2021-01-19T11:15:00,-52.783
engq_eth,2021-01-21T09:35:00,405.717
engq_eth,2021-01-25T10:58:00,53.717
engq_eth,2021-01-27T09:50:00,-252.783
engq_eth,2021-02-01T09:47:00,-42.533
engq_eth,2021-02-03T22:42:00,309.217
engq_eth,2021-02-04T09:34:00,-28.533
engq_eth,2021-02-10T10:21:00,198.467
engq_eth,2021-02-11T09:35:00,-0.533
engq_eth,2021-02-11T12:19:00,-41.533
engq_eth,2021-02-16T12:07:00,33.967
engq_eth,2021-02-17T08:18:00,-54.033
engq_eth,2021-02-18T20:27:00,-17.033
engq_eth,2021-02-19T12:20:00,-43.283
engq_eth,2021-02-24T00:13:00,-79.783
engq_eth,2021-02-24T09:36:00,-122.033
engq_eth,2021-02-25T12:10:00,-196.033
engq_eth,2021-03-03T09:43:00,-0.533
engq_eth,2021-03-04T12:50:00,-200.783
engq_eth,2021-03-25T10:51:00,207.092
engq_eth,2021-05-04T07:40:00,873.842
engq_eth,2021-05-05T15:02:00,-84.283
engq_eth,2021-05-06T08:18:00,-44.783
engq_eth,2021-05-10T09:54:00,-0.533
engq_eth,2021-05-11T20:40:00,-42.783
engq_eth,2021-05-11T23:23:00,-47.533
engq_eth,2021-05-12T06:55:00,-38.533
engq_eth,2021-05-12T08:30:00,-41.033
engq_eth,2021-05-13T13:01:00,-73.283
engq_eth,2021-05-17T13:15:00,122.592
engq_eth,2021-05-18T00:20:00,-17.533
engq_eth,2021-05-18T04:11:00,45.717
engq_eth,2021-05-18T06:22:00,-22.283
engq_eth,2021-05-18T08:39:00,-21.533
engq_eth,2021-05-18T09:46:00,-46.033
engq_eth,2021-05-18T14:33:00,-58.283
engq_eth,2021-05-20T04:38:00,-0.533
engq_eth,2021-05-21T10:37:00,275.217
engq_eth,2021-05-24T15:55:00,-0.533
engq_eth,2021-05-25T06:15:00,43.967
engq_eth,2021-05-25T09:38:00,-28.783
engq_eth,2021-05-25T11:16:00,-39.783
engq_eth,2021-05-31T05:56:00,-0.533
engq_eth,2021-06-01T09:48:00,52.342
engq_eth,2021-06-03T06:39:00,-55.283
engq_eth,2021-06-06T20:02:00,-23.283
engq_eth,2021-06-06T21:40:00,-14.533
engq_eth,2021-06-06T21:57:00,-11.033
engq_eth,2021-06-06T22:55:00,-0.533
engq_eth,2021-06-07T01:48:00,-11.283
engq_eth,2021-06-07T03:06:00,-13.283
engq_eth,2021-06-07T04:06:00,-25.783
engq_eth,2021-06-07T05:10:00,-21.783
engq_eth,2021-06-07T09:33:00,17.717
engq_eth,2021-06-08T10:31:00,65.092
engq_eth,2021-06-10T08:30:00,-73.033
engq_eth,2021-06-16T14:00:00,-0.533
engq_eth,2021-07-19T09:33:00,469.592
engq_eth,2021-07-20T03:39:00,10.842
engq_eth,2021-07-20T05:49:00,-23.033
engq_eth,2021-07-20T09:13:00,-28.533
engq_eth,2021-07-27T10:37:00,294.717
engq_eth,2021-07-28T09:35:00,-0.533
engq_eth,2021-07-29T18:00:00,-92.783
engq_eth,2021-08-03T09:55:00,3.217
engq_eth,2021-08-11T11:16:00,-0.533
engq_eth,2021-08-16T10:09:00,-0.533
engq_eth,2021-08-17T01:05:00,-26.033
engq_eth,2021-08-18T03:26:00,-12.533
engq_eth,2021-08-18T11:36:00,-42.283
engq_eth,2021-08-18T14:13:00,-52.033
engq_eth,2021-08-18T15:32:00,-83.033
engq_eth,2021-08-20T03:30:00,-62.283
engq_eth,2021-08-26T10:26:00,371.342
engq_eth,2021-09-10T15:14:00,154.592
engq_eth,2021-09-14T02:12:00,-22.033
engq_eth,2021-09-14T10:40:00,-65.783
engq_eth,2021-09-14T14:19:00,-59.033
engq_eth,2021-09-15T09:32:00,-29.533
engq_eth,2021-09-15T21:32:00,-0.533
engq_eth,2021-09-15T23:39:00,-19.033
engq_eth,2021-09-16T01:34:00,-8.283
engq_eth,2021-09-16T02:45:00,-14.783
engq_eth,2021-09-16T05:31:00,-20.033
engq_eth,2021-09-16T07:35:00,-15.283
engq_eth,2021-09-16T09:44:00,-54.033
engq_eth,2021-09-16T19:45:00,-22.283
engq_eth,2021-09-16T21:32:00,-8.033
engq_eth,2021-09-17T05:15:00,-0.533
engq_eth,2021-09-17T09:30:00,-27.533
engq_eth,2021-09-21T08:14:00,16.717
engq_eth,2021-09-21T10:06:00,-83.783
engq_eth,2021-09-21T16:12:00,-127.033
engq_eth,2021-09-28T02:58:00,9.717
engq_eth,2021-09-29T07:17:00,-60.033
engq_eth,2021-09-29T11:35:00,-100.283
engq_eth,2021-09-30T05:42:00,-53.283
engq_eth,2021-09-30T10:55:00,-52.283
engq_eth,2021-09-30T15:59:00,-133.533
engq_eth,2021-10-04T10:19:00,-143.033
engq_eth,2021-10-06T00:42:00,19.967
engq_eth,2021-10-08T03:32:00,209.217
engq_eth,2021-10-11T15:27:00,-37.033
engq_eth,2021-10-12T15:44:00,-87.533
engq_eth,2021-10-22T11:24:00,673.842
engq_eth,2021-10-26T01:59:00,-0.533
engq_eth,2021-10-26T09:32:00,-0.533
engq_eth,2021-10-29T02:10:00,58.217
engq_eth,2021-11-01T09:32:00,40.842
engq_eth,2021-11-07T18:00:00,421.342
engq_eth,2021-11-08T09:30:00,-19.783
engq_eth,2021-11-08T16:00:00,-55.033
engq_eth,2021-11-09T09:49:00,11.342
engq_eth,2021-11-10T13:15:00,-150.033
engq_eth,2021-11-11T12:16:00,-54.033
engq_eth,2021-11-11T15:10:00,-46.533
engq_eth,2021-11-12T00:17:00,-21.033
engq_eth,2021-11-12T01:50:00,-19.533
engq_eth,2021-11-12T09:36:00,-33.283
engq_eth,2021-11-15T11:44:00,42.342
engq_eth,2021-11-15T23:22:00,-0.533
engq_eth,2021-11-16T03:35:00,-20.283
engq_eth,2021-11-16T09:14:00,-36.033
engq_eth,2021-11-22T11:22:00,428.967
engq_eth,2021-11-24T04:53:00,-45.033
engq_eth,2021-11-26T01:31:00,-75.033
engq_eth,2021-11-26T09:47:00,-108.783
engq_eth,2021-11-29T03:11:00,-31.783
engq_eth,2021-11-30T00:44:00,89.342
engq_eth,2021-11-30T10:52:00,-103.783
engq_eth,2021-12-01T12:58:00,-0.533
engq_eth,2021-12-02T19:02:00,-96.533
engq_eth,2021-12-03T03:30:00,-40.783
engq_eth,2021-12-03T05:38:00,-48.033
engq_eth,2021-12-03T09:39:00,-0.533
engq_eth,2021-12-07T09:14:00,254.967
engq_eth,2021-12-07T15:50:00,124.592
engq_eth,2021-12-08T09:30:00,1.842
engq_eth,2021-12-09T13:44:00,-103.783
engq_eth,2021-12-10T10:49:00,-63.533
engq_eth,2021-12-13T10:24:00,-0.533
engq_eth,2021-12-15T04:14:00,-55.533
engq_eth,2021-12-16T03:15:00,61.842
engq_eth,2021-12-16T07:06:00,27.717
engq_eth,2021-12-16T09:31:00,-35.283
engq_eth,2021-12-19T18:54:00,-118.533
engq_eth,2021-12-21T04:49:00,-32.033
engq_eth,2021-12-21T09:34:00,-0.533
engq_eth,2021-12-31T15:50:00,605.967
engq_eth,2022-01-03T01:11:00,-18.533
engq_eth,2022-01-03T08:57:00,-0.533
engq_eth,2022-01-03T09:48:00,-57.283
engq_eth,2022-01-04T10:44:00,-120.283
engq_eth,2022-01-06T15:35:00,-71.033
engq_eth,2022-01-07T03:25:00,-95.783
engq_eth,2022-01-07T08:31:00,-47.033
engq_eth,2022-01-07T10:38:00,-167.533
engq_eth,2022-01-11T01:50:00,-35.283
engq_eth,2022-01-11T07:58:00,47.092
engq_eth,2022-01-13T12:20:00,23.592
engq_eth,2022-01-18T03:10:00,-128.283
engq_eth,2022-01-19T15:50:00,-139.033
engq_eth,2022-01-20T03:20:00,-59.033
engq_eth,2022-01-20T13:01:00,68.342
engq_eth,2022-01-20T14:12:00,-43.533
engq_eth,2022-01-21T14:57:00,-279.033
engq_eth,2022-01-24T21:23:00,-61.033
engq_eth,2022-01-25T02:14:00,-136.783
engq_eth,2022-01-25T08:09:00,-161.533
engq_eth,2022-01-26T22:41:00,-328.783
engq_eth,2022-01-27T10:39:00,-0.533
engq_eth,2022-01-28T06:18:00,-179.283
engq_eth,2022-02-02T11:11:00,818.342
engq_eth,2022-02-02T16:08:00,-146.283
engq_eth,2022-02-04T08:54:00,-327.783
engq_eth,2022-02-06T19:11:00,-51.283
engq_eth,2022-02-07T11:09:00,-0.533
engq_eth,2022-02-10T09:04:00,153.717
engq_eth,2022-02-10T14:21:00,-232.783
engq_eth,2022-02-17T13:25:00,-0.533
engq_eth,2022-02-23T13:12:00,-158.783
engq_eth,2022-02-25T03:07:00,-87.283
engq_eth,2022-02-25T09:30:00,148.092
engq_eth,2022-02-27T18:00:00,-165.283
engq_eth,2022-03-01T15:46:00,-0.533
engq_eth,2022-03-02T10:08:00,-69.033
engq_eth,2022-03-03T10:44:00,-0.533
engq_eth,2022-03-03T15:01:00,-178.783
engq_eth,2022-03-08T08:11:00,-112.533
engq_eth,2022-03-11T15:40:00,-0.533
engq_eth,2022-03-14T07:29:00,-117.533
engq_eth,2022-03-16T14:01:00,277.592
engq_eth,2022-04-01T11:36:00,1139.342
engq_eth,2022-04-05T09:30:00,229.842
engq_eth,2022-04-07T10:40:00,-112.533
engq_eth,2022-04-08T06:17:00,5.592
engq_eth,2022-04-08T08:12:00,6.967
engq_eth,2022-04-12T12:25:00,-87.533
engq_eth,2022-04-12T13:03:00,-53.533
engq_eth,2022-04-13T03:05:00,-0.533
engq_eth,2022-04-13T05:45:00,-56.783
engq_eth,2022-04-13T07:55:00,-49.283
engq_eth,2022-04-14T10:38:00,-0.533
engq_eth,2022-04-20T12:11:00,108.092
engq_eth,2022-04-21T01:58:00,-0.533
engq_eth,2022-04-21T10:06:00,81.842
engq_eth,2022-04-26T09:34:00,-0.533
engq_eth,2022-04-27T07:05:00,-50.783
engq_eth,2022-04-27T10:15:00,-151.533
engq_eth,2022-04-29T12:02:00,-0.533
engq_eth,2022-05-05T10:32:00,53.967
engq_eth,2022-05-10T09:45:00,19.967
engq_eth,2022-05-11T08:30:00,77.592
engq_eth,2022-05-11T13:05:00,-316.283
engq_eth,2022-05-13T09:33:00,-0.533
engq_eth,2022-05-15T22:09:00,-0.533
engq_eth,2022-05-15T23:19:00,-29.033
engq_eth,2022-05-16T03:22:00,-48.033
engq_eth,2022-05-16T09:30:00,-0.533
engq_eth,2022-05-16T11:00:00,-129.533
engq_eth,2022-05-18T09:41:00,-0.533
engq_eth,2022-05-19T16:03:00,-99.033
engq_eth,2022-05-20T08:49:00,20.717
engq_eth,2022-05-23T03:11:00,21.842
engq_eth,2022-05-23T09:30:00,-72.533
engq_eth,2022-05-23T10:01:00,-109.533
engq_eth,2022-05-24T02:38:00,-141.783
engq_eth,2022-05-25T02:18:00,-0.533
engq_eth,2022-05-25T03:32:00,-32.033
engq_eth,2022-05-31T09:37:00,766.842
engq_eth,2022-06-01T12:03:00,-217.033
engq_eth,2022-06-02T09:06:00,-64.283
engq_eth,2022-06-03T10:36:00,-0.533
engq_eth,2022-06-06T09:36:00,65.342
engq_eth,2022-06-09T15:04:00,-155.283
engq_eth,2022-06-15T14:00:00,94.717
engq_eth,2022-06-16T03:34:00,-245.033
engq_eth,2022-06-17T09:08:00,-84.033
engq_eth,2022-06-17T10:33:00,-118.783
engq_eth,2022-06-28T11:26:00,608.717
engq_eth,2022-07-13T08:30:00,32.592
engq_eth,2022-08-22T13:32:00,1127.842
engq_eth,2022-08-23T21:43:00,-106.283
engq_eth,2022-08-26T10:02:00,124.217
engq_eth,2022-08-30T10:05:00,-130.783
engq_eth,2022-08-31T03:31:00,-33.283
engq_eth,2022-08-31T10:33:00,-73.783
engq_eth,2022-09-01T22:26:00,-41.533
engq_eth,2022-09-02T01:35:00,-0.533
engq_eth,2022-09-02T06:32:00,-35.533
engq_eth,2022-09-02T08:30:00,21.967
engq_eth,2022-09-06T01:12:00,-0.533
engq_eth,2022-09-06T03:44:00,43.842
engq_eth,2022-09-06T07:35:00,-37.283
engq_eth,2022-09-06T09:25:00,-43.783
engq_eth,2022-09-07T10:15:00,-0.533
engq_eth,2022-09-08T03:21:00,-0.533
engq_eth,2022-09-08T08:33:00,-30.283
engq_eth,2022-09-13T08:30:00,435.842
engq_eth,2022-09-14T21:06:00,-17.283
engq_eth,2022-09-15T01:15:00,-21.533
engq_eth,2022-09-15T04:46:00,-27.783
engq_eth,2022-09-15T06:33:00,-25.283
engq_eth,2022-09-15T10:29:00,-115.533
engq_eth,2022-09-18T22:26:00,-55.283
engq_eth,2022-09-20T08:26:00,-0.533
engq_eth,2022-09-21T01:57:00,-20.783
engq_eth,2022-09-21T14:00:00,-0.533
engq_eth,2022-09-21T15:44:00,-199.783
engq_eth,2022-09-26T13:25:00,-67.033
engq_eth,2022-09-26T16:09:00,-90.533
engq_eth,2022-09-27T04:47:00,53.092
engq_eth,2022-09-27T09:01:00,30.967
engq_eth,2022-09-27T11:25:00,-87.783
engq_eth,2022-09-29T09:41:00,-0.533
engq_eth,2022-09-30T06:52:00,-34.783
engq_eth,2022-09-30T08:30:00,-70.033
engq_eth,2022-09-30T14:43:00,-142.783
engq_eth,2022-10-05T10:00:00,233.342
engq_eth,2022-10-07T08:30:00,-159.033
engq_eth,2022-10-11T15:10:00,-170.033
engq_eth,2022-10-12T08:30:00,-57.283
engq_eth,2022-10-13T03:01:00,-123.783
engq_eth,2022-10-13T20:09:00,-18.783
engq_eth,2022-10-14T03:33:00,18.342
engq_eth,2022-10-14T05:47:00,-31.533
engq_eth,2022-10-14T07:55:00,-0.533
engq_eth,2022-10-17T23:42:00,62.717
engq_eth,2022-10-18T03:06:00,-38.283
engq_eth,2022-10-18T04:58:00,-52.283
engq_eth,2022-10-18T09:45:00,66.592
engq_eth,2022-10-18T14:48:00,-148.533
engq_eth,2022-10-19T13:04:00,-133.533
engq_eth,2022-10-20T12:45:00,-0.533
engq_eth,2022-10-27T05:39:00,336.842
engq_eth,2022-10-30T20:20:00,-34.783
engq_eth,2022-10-30T21:33:00,-16.033
engq_eth,2022-10-31T01:49:00,19.342
engq_eth,2022-10-31T04:04:00,-17.283
engq_eth,2022-10-31T08:30:00,-0.533
engq_eth,2022-10-31T09:32:00,-34.783
engq_eth,2022-11-01T10:41:00,-109.533
engq_eth,2022-11-02T14:51:00,-164.033
engq_eth,2022-11-04T08:30:00,-72.783
engq_eth,2022-11-09T14:51:00,-0.533
engq_eth,2022-11-10T20:34:00,-24.033
engq_eth,2022-11-10T22:06:00,-32.033
engq_eth,2022-11-11T01:27:00,79.717
engq_eth,2022-11-11T07:11:00,-24.033
engq_eth,2022-11-11T09:10:00,-24.533
engq_eth,2022-11-15T13:23:00,200.717
engq_eth,2022-11-16T09:49:00,-128.783
engq_eth,2022-11-18T12:16:00,-95.033
engq_eth,2022-11-27T20:05:00,67.342
engq_eth,2022-11-29T08:11:00,-27.533
engq_eth,2022-11-30T08:15:00,-0.533
engq_eth,2022-11-30T11:04:00,-50.283
engq_eth,2022-11-30T13:30:00,-0.533
engq_eth,2022-11-30T22:11:00,-11.033
engq_eth,2022-12-01T02:03:00,14.717
engq_eth,2022-12-01T03:20:00,-17.533
engq_eth,2022-12-01T08:30:00,32.842
engq_eth,2022-12-02T08:30:00,-102.033
engq_eth,2022-12-05T10:00:00,-87.033
engq_eth,2022-12-08T09:30:00,10.342
engq_eth,2022-12-08T14:07:00,-51.033
engq_eth,2022-12-09T08:30:00,-0.533
engq_eth,2022-12-13T11:51:00,347.217
engq_eth,2022-12-13T15:00:00,-0.533
engq_eth,2022-12-14T06:21:00,-44.783
engq_eth,2022-12-14T14:00:00,20.842
engq_eth,2022-12-15T03:21:00,-270.783
engq_eth,2022-12-19T08:14:00,-23.283
engq_eth,2022-12-22T10:05:00,-132.033
engq_eth,2022-12-23T08:29:00,-35.033
engq_eth,2022-12-23T09:35:00,-118.783
engq_eth,2022-12-27T09:45:00,-176.283
engq_eth,2022-12-28T10:55:00,-94.033
engq_eth,2022-12-29T12:36:00,171.967
engq_eth,2022-12-30T00:34:00,-43.033
engq_eth,2022-12-30T02:26:00,-15.283
engq_eth,2022-12-30T03:11:00,-14.283
engq_eth,2022-12-30T03:58:00,-21.033
engq_eth,2022-12-30T07:37:00,-34.033
engq_eth,2023-01-02T20:24:00,-0.533
engq_eth,2023-01-03T06:42:00,144.967
engq_eth,2023-01-03T09:48:00,-0.533
engq_eth,2023-01-04T05:40:00,3.217
engq_eth,2023-01-04T07:51:00,-31.283
engq_eth,2023-01-04T09:33:00,-42.283
engq_eth,2023-01-05T09:33:00,-131.533
engq_eth,2023-01-10T07:11:00,266.467
engq_eth,2023-01-10T10:31:00,-0.533
engq_eth,2023-01-12T08:30:00,106.717
engq_eth,2023-02-06T06:34:00,972.217
engq_eth,2023-02-06T15:12:00,-60.283
engq_eth,2023-02-07T13:16:00,58.342
engq_eth,2023-02-09T14:33:00,-169.783
engq_eth,2023-02-13T09:30:00,-26.533
engq_eth,2023-02-14T08:30:00,100.217
engq_eth,2023-02-14T09:30:00,-188.033
engq_eth,2023-02-16T08:48:00,-0.533
engq_eth,2023-02-23T11:43:00,-106.283
engq_eth,2023-02-23T19:01:00,-8.283
engq_eth,2023-02-23T20:01:00,20.467
engq_eth,2023-02-24T02:06:00,-20.783
engq_eth,2023-02-27T10:34:00,70.467
engq_eth,2023-02-27T15:37:00,-35.783
engq_eth,2023-02-28T02:45:00,-34.283
engq_eth,2023-02-28T15:26:00,-0.533
engq_eth,2023-03-02T19:29:00,-12.033
engq_eth,2023-03-02T19:42:00,-10.783
engq_eth,2023-03-02T20:32:00,-0.533
engq_eth,2023-03-03T02:06:00,-0.28300000000000003
engq_eth,2023-03-03T07:46:00,41.467
engq_eth,2023-03-03T10:06:00,39.717
engq_eth,2023-03-06T03:13:00,25.967
engq_eth,2023-03-06T04:47:00,-39.783
engq_eth,2023-03-06T06:46:00,-15.283
engq_eth,2023-03-06T12:43:00,100.092
engq_eth,2023-03-06T14:21:00,-23.283
engq_eth,2023-03-06T14:48:00,-15.033
engq_eth,2023-03-06T14:59:00,-11.783
engq_eth,2023-03-06T15:14:00,-19.033
engq_eth,2023-03-07T02:03:00,-0.533
engq_eth,2023-03-07T04:51:00,10.092
engq_eth,2023-03-07T07:24:00,-27.783
engq_eth,2023-03-07T09:00:00,-15.283
engq_eth,2023-03-07T10:00:00,-36.533
engq_eth,2023-03-08T10:00:00,-62.283
engq_eth,2023-03-09T04:59:00,-58.033
engq_eth,2023-03-10T13:25:00,-176.533
engq_eth,2023-03-13T03:04:00,-0.533
engq_eth,2023-03-13T08:33:00,-91.033
engq_eth,2023-06-26T15:57:00,2801.592
engq_eth,2023-06-27T10:12:00,-43.283
engq_eth,2023-06-27T20:28:00,-0.533
engq_eth,2023-06-28T03:01:00,-0.533
engq_eth,2023-06-28T07:59:00,8.342
engq_eth,2023-06-28T09:31:00,-21.033
engq_eth,2023-06-28T09:45:00,-0.533
engq_eth,2023-06-28T11:25:00,51.717
engq_eth,2023-06-29T10:08:00,-62.033
engq_eth,2023-06-30T02:11:00,9.467
engq_eth,2023-06-30T10:38:00,198.592
engq_eth,2023-07-05T05:31:00,-74.533
engq_eth,2023-07-05T14:22:00,-0.533
engq_eth,2023-07-05T18:47:00,-5.033
engq_eth,2023-07-05T19:56:00,1.592
engq_eth,2023-07-05T23:10:00,-13.783
engq_eth,2023-07-07T15:50:00,-77.283
engq_eth,2023-07-10T12:02:00,-95.783
engq_eth,2023-07-20T10:05:00,635.842
engq_eth,2023-07-24T08:23:00,-22.033
engq_eth,2023-07-24T09:46:00,-45.283
engq_eth,2023-07-26T09:33:00,-0.533
engq_eth,2023-07-26T15:09:00,-92.283
engq_eth,2023-07-27T13:17:00,-62.283
engq_eth,2023-08-01T08:29:00,68.342
engq_eth,2023-08-04T08:36:00,-85.283
engq_eth,2023-08-04T10:06:00,-103.533
engq_eth,2023-08-07T06:29:00,-48.283
engq_eth,2023-08-07T20:04:00,-7.783
engq_eth,2023-08-07T21:01:00,-13.283
engq_eth,2023-08-09T02:31:00,0.967
engq_eth,2023-08-09T09:14:00,-21.783
engq_eth,2023-08-10T07:45:00,-19.533
engq_eth,2023-08-10T08:29:00,-0.533
engq_eth,2023-08-14T08:22:00,-64.783
engq_eth,2023-08-15T10:06:00,-0.533
engq_eth,2023-08-16T11:50:00,-83.283
engq_eth,2023-08-21T01:36:00,-36.033
engq_eth,2023-08-21T10:25:00,84.592
engq_eth,2023-08-22T09:59:00,161.842
engq_eth,2023-08-22T12:09:00,-52.533
engq_eth,2023-08-22T13:53:00,-61.033
engq_eth,2023-08-23T07:05:00,-0.533
engq_eth,2023-08-24T09:33:00,253.717
engq_eth,2023-09-06T11:08:00,333.342
engq_eth,2023-09-08T03:30:00,7.342
engq_eth,2023-09-08T14:59:00,-91.283
engq_eth,2023-09-12T11:09:00,216.592
engq_eth,2023-09-14T09:55:00,-0.533
engq_eth,2023-09-15T09:26:00,-0.533
engq_eth,2023-09-18T20:35:00,-9.783
engq_eth,2023-09-19T09:01:00,-39.783
engq_eth,2023-09-19T20:13:00,-13.283
engq_eth,2023-09-20T10:14:00,-0.533
engq_eth,2023-09-20T14:00:00,-53.783
engq_eth,2023-09-22T14:12:00,-80.283
engq_eth,2023-09-22T15:51:00,-84.033
engq_eth,2023-09-25T04:16:00,-20.783
engq_eth,2023-09-25T15:01:00,-46.033
engq_eth,2023-09-26T02:17:00,-50.533
engq_eth,2023-09-26T09:50:00,-91.033
engq_eth,2023-09-27T08:24:00,-27.283
engq_eth,2023-10-03T10:51:00,-0.533
engq_eth,2023-10-05T09:49:00,-0.533
engq_eth,2023-10-05T19:54:00,-9.283
engq_eth,2023-10-05T20:04:00,-9.533
engq_eth,2023-10-06T01:44:00,-21.533
engq_eth,2023-10-06T08:30:00,0.34199999999999997
engq_eth,2023-10-19T03:46:00,109.967
engq_eth,2023-10-19T10:28:00,-45.783
engq_eth,2023-10-19T12:34:00,-91.283
engq_eth,2023-10-19T14:35:00,-139.033
engq_eth,2023-10-20T10:11:00,-81.533
engq_eth,2023-10-24T04:38:00,-0.533
engq_eth,2023-10-24T11:39:00,-0.533
engq_eth,2023-10-24T18:10:00,7.717
engq_eth,2023-10-25T01:29:00,-35.283
engq_eth,2023-10-27T08:00:00,-42.033
engq_eth,2023-10-27T12:27:00,-0.533
engq_eth,2023-10-30T08:39:00,16.467
engq_eth,2023-10-30T09:31:00,-23.533
engq_eth,2023-10-30T10:17:00,21.342
engq_eth,2023-11-09T14:42:00,887.092
engq_eth,2023-11-12T19:51:00,-12.283
engq_eth,2023-11-12T20:24:00,-8.533
engq_eth,2023-11-12T20:53:00,-5.033
engq_eth,2023-11-12T21:21:00,-4.783
engq_eth,2023-11-12T21:37:00,-7.533
engq_eth,2023-11-12T23:02:00,-7.283
engq_eth,2023-11-12T23:38:00,-4.283
engq_eth,2023-11-12T23:54:00,-0.40800000000000003
engq_eth,2023-11-13T00:33:00,4.967
engq_eth,2023-11-14T08:30:00,69.967
engq_eth,2023-11-14T14:05:00,-29.033
engq_eth,2023-11-15T08:30:00,84.467
engq_eth,2023-11-15T11:42:00,-43.533
engq_eth,2023-11-15T16:06:00,-65.533
engq_eth,2023-11-16T07:05:00,-25.033
engq_eth,2023-11-16T10:42:00,-54.033
engq_eth,2023-11-21T10:24:00,85.467
engq_eth,2023-11-24T09:31:00,-71.783
engq_eth,2023-11-27T09:35:00,-59.283
engq_eth,2023-11-27T14:43:00,-0.533
engq_eth,2023-11-27T19:17:00,-31.533
engq_eth,2023-11-29T10:11:00,104.092
engq_eth,2023-11-29T15:16:00,-53.283
engq_eth,2023-11-30T09:29:00,-31.033
engq_eth,2023-12-01T06:38:00,-12.283
engq_eth,2023-12-04T09:24:00,-103.283
engq_eth,2023-12-06T10:01:00,45.217
engq_eth,2023-12-06T11:33:00,-66.033
engq_eth,2023-12-07T16:17:00,-29.533
engq_eth,2023-12-08T02:16:00,-20.783
engq_eth,2023-12-08T03:01:00,-9.783
engq_eth,2023-12-08T06:47:00,-0.533
engq_eth,2023-12-20T15:03:00,821.592
engq_eth,2023-12-21T12:05:00,-50.783
engq_eth,2023-12-29T11:13:00,93.342
engq_eth,2024-01-05T14:51:00,-34.033
engq_eth,2024-01-08T04:29:00,-59.533
engq_eth,2024-01-09T02:30:00,-17.283
engq_eth,2024-01-09T04:09:00,-13.783
engq_eth,2024-01-09T06:09:00,-18.033
engq_eth,2024-01-09T08:32:00,-25.533
engq_eth,2024-01-11T08:31:00,212.342
engq_eth,2024-01-11T10:04:00,-75.533
engq_eth,2024-01-11T20:01:00,-34.033
engq_eth,2024-01-12T02:49:00,-18.283
engq_eth,2024-01-12T05:53:00,-28.033
engq_eth,2024-01-16T01:03:00,-87.283
engq_eth,2024-01-16T13:57:00,-34.783
engq_eth,2024-01-17T01:10:00,-59.533
engq_eth,2024-01-18T08:44:00,122.467
engq_eth,2024-01-22T10:31:00,475.717
engq_eth,2024-01-22T13:28:00,-58.283
engq_eth,2024-01-23T03:40:00,-49.783
engq_eth,2024-01-24T15:17:00,147.217
engq_eth,2024-01-24T15:53:00,-35.533
engq_eth,2024-01-25T12:31:00,28.592
engq_eth,2024-01-25T18:27:00,-102.533
engq_eth,2024-01-26T13:54:00,-58.783
engq_eth,2024-01-26T16:35:00,-59.533
engq_eth,2024-01-29T04:21:00,9.217
engq_eth,2024-01-29T08:43:00,-25.533
engq_eth,2024-01-29T09:17:00,-15.533
engq_eth,2024-01-29T09:30:00,-15.533
engq_eth,2024-01-29T10:04:00,-24.033
engq_eth,2024-01-29T11:00:00,-40.783
engq_eth,2024-01-30T10:01:00,65.842
engq_eth,2024-02-01T09:29:00,-54.533
engq_eth,2024-02-01T11:00:00,-83.283
engq_eth,2024-02-05T10:41:00,230.092
engq_eth,2024-02-13T07:02:00,149.342
engq_eth,2024-02-14T09:39:00,-40.783
engq_eth,2024-02-14T11:00:00,-46.783
engq_eth,2024-02-16T09:50:00,83.217
engq_eth,2024-03-05T10:18:00,453.217
engq_eth,2024-03-06T09:50:00,-0.533
engq_eth,2024-03-06T20:05:00,-94.533
engq_eth,2024-03-08T11:10:00,-0.533
engq_eth,2024-04-15T13:28:00,-313.283
engq_eth,2024-04-17T02:02:00,-124.033
engq_eth,2024-04-17T09:51:00,-32.533
engq_eth,2024-04-22T10:20:00,-55.283
engq_eth,2024-04-24T18:00:00,152.092
engq_eth,2024-04-25T22:45:00,-0.533
engq_eth,2024-04-26T03:06:00,-21.783
engq_eth,2024-04-26T08:29:00,-23.033
engq_eth,2024-04-30T11:14:00,-0.533
engq_eth,2024-05-02T01:38:00,-14.533
engq_eth,2024-05-02T01:50:00,-10.783
engq_eth,2024-05-02T03:00:00,-21.783
engq_eth,2024-05-02T09:34:00,2.592
engq_eth,2024-05-30T15:36:00,1045.842
engq_eth,2024-06-03T10:48:00,35.467
engq_eth,2024-06-03T12:12:00,-71.283
engq_eth,2024-06-03T21:12:00,-0.533
engq_eth,2024-06-04T01:32:00,-17.033
engq_eth,2024-06-04T04:34:00,-61.783
engq_eth,2024-06-04T15:03:00,44.967
engq_eth,2024-06-07T08:43:00,231.592
engq_eth,2024-06-20T12:30:00,991.217
engq_eth,2024-06-24T10:43:00,-125.783
engq_eth,2024-06-25T09:37:00,-29.283
engq_eth,2024-06-26T09:06:00,-0.533
engq_eth,2024-06-26T20:39:00,-71.033
engq_eth,2024-06-27T09:51:00,72.967
engq_eth,2024-06-28T11:01:00,99.092
engq_eth,2024-07-01T20:16:00,-11.533
engq_eth,2024-07-03T07:12:00,-0.533
engq_eth,2024-07-03T08:11:00,-17.533
engq_eth,2024-07-03T10:00:00,30.592
engq_eth,2024-07-04T10:47:00,-38.533
engq_eth,2024-07-04T12:05:00,-0.533
engq_eth,2024-07-05T08:30:00,39.967
engq_eth,2024-07-11T10:13:00,321.467
engq_eth,2024-07-12T15:50:00,-112.533
engq_eth,2024-07-15T11:45:00,131.842
engq_eth,2024-07-15T13:33:00,-61.283
engq_eth,2024-07-15T15:47:00,-82.533
engq_eth,2024-07-16T02:02:00,-0.533
engq_eth,2024-07-23T02:12:00,-0.533
engq_eth,2024-07-23T03:21:00,-42.283
engq_eth,2024-07-23T12:26:00,22.592
engq_eth,2024-07-23T15:54:00,-50.533
engq_eth,2024-07-23T18:00:00,-107.033
engq_eth,2024-07-30T12:51:00,-392.033
engq_eth,2024-07-31T02:05:00,66.717
engq_eth,2024-07-31T13:31:00,168.092
engq_eth,2024-08-01T10:29:00,-0.533
engq_eth,2024-08-06T05:34:00,-0.533
engq_eth,2024-08-06T09:41:00,-183.033
engq_eth,2024-08-07T13:17:00,-0.533
engq_eth,2024-08-09T08:35:00,-170.783
engq_eth,2024-08-22T11:39:00,1246.217
engq_eth,2024-08-26T10:31:00,-141.533
engq_eth,2024-08-27T06:25:00,-52.283
engq_eth,2024-08-28T11:00:00,-184.283
engq_eth,2024-08-29T10:18:00,82.217
engq_eth,2024-08-30T10:21:00,97.217
engq_eth,2024-09-02T00:14:00,-28.533
engq_eth,2024-09-02T02:47:00,-17.033
engq_eth,2024-09-02T19:23:00,22.717
engq_eth,2024-09-02T23:01:00,-50.533
engq_eth,2024-09-04T19:41:00,-99.533
engq_eth,2024-09-05T01:07:00,-103.283
engq_eth,2024-09-05T21:01:00,-137.533
engq_eth,2024-09-09T10:21:00,29.592
engq_eth,2024-09-10T12:03:00,-0.533
engq_eth,2024-09-11T10:14:00,32.717
engq_eth,2024-10-01T09:55:00,1211.717
engq_eth,2024-10-07T14:47:00,-0.533
engq_eth,2024-10-08T12:08:00,124.217
engq_eth,2024-10-09T02:15:00,-0.533
engq_eth,2024-10-09T03:10:00,-23.283
engq_eth,2024-10-09T12:20:00,144.967
engq_eth,2024-10-10T08:40:00,-71.283
engq_eth,2024-10-15T10:34:00,13.092
engq_eth,2024-10-17T14:07:00,-0.533
engq_eth,2024-10-17T15:38:00,-66.533
engq_eth,2024-10-18T09:30:00,6.342
engq_eth,2024-10-21T02:40:00,-42.783
engq_eth,2024-10-23T08:40:00,-0.533
engq_eth,2024-10-24T08:59:00,-0.533
engq_eth,2024-10-24T11:47:00,-68.783
engq_eth,2024-10-25T14:08:00,115.967
engq_eth,2024-10-28T09:50:00,-0.533
engq_eth,2024-10-28T11:43:00,-82.533
engq_eth,2024-10-30T01:47:00,-13.533
engq_eth,2024-10-30T04:40:00,-0.533
engq_eth,2024-10-30T08:02:00,-35.533
engq_eth,2024-10-30T15:54:00,-153.533
engq_eth,2024-11-04T09:34:00,-96.533
engq_eth,2024-11-14T18:13:00,769.842
engq_eth,2024-11-18T13:44:00,-42.783
engq_eth,2024-11-18T14:22:00,-46.533
engq_eth,2024-11-19T03:39:00,-48.533
engq_eth,2024-12-18T15:03:00,1221.092
engq_eth,2024-12-20T15:29:00,-58.783
engq_eth,2024-12-23T05:23:00,88.717
engq_eth,2024-12-23T08:36:00,-0.533
engq_eth,2024-12-23T10:08:00,-110.533
engq_eth,2024-12-27T09:34:00,177.217
engq_eth,2024-12-31T09:32:00,-57.033
engq_eth,2024-12-31T09:36:00,-46.283
engq_eth,2025-01-02T09:33:00,-70.283
engq_eth,2025-01-02T12:29:00,-213.533
engq_eth,2025-01-03T09:51:00,63.717
engq_eth,2025-01-05T19:17:00,5.592
engq_eth,2025-01-06T06:02:00,145.342
engq_eth,2025-01-07T10:01:00,-114.533
engq_eth,2025-01-10T07:05:00,-0.533
engq_eth,2025-01-14T02:12:00,-0.533
engq_eth,2025-01-14T10:51:00,-173.533
engq_eth,2025-01-26T20:00:00,582.717
engq_eth,2025-01-28T09:32:00,-75.783
engq_eth,2025-02-02T18:00:00,-139.533
engq_eth,2025-02-04T00:04:00,-0.533
engq_eth,2025-02-09T18:00:00,47.217
engq_eth,2025-02-10T18:00:00,100.217
engq_eth,2025-02-10T21:17:00,-22.033
engq_eth,2025-02-11T02:58:00,-37.783
engq_eth,2025-02-11T08:20:00,-65.283
engq_eth,2025-02-12T08:30:00,-97.033
engq_eth,2025-02-13T02:34:00,-26.533
engq_eth,2025-02-18T14:08:00,276.592
engq_eth,2025-02-19T00:40:00,-11.783
engq_eth,2025-02-19T02:00:00,-11.783
engq_eth,2025-02-19T03:25:00,-18.033
engq_eth,2025-02-19T04:54:00,-15.033
engq_eth,2025-02-19T08:28:00,-49.783
engq_eth,2025-02-20T09:34:00,-28.283
engq_eth,2025-02-20T23:43:00,-25.033
engq_eth,2025-02-21T03:15:00,-34.033
engq_eth,2025-02-21T09:31:00,-0.533
engq_eth,2025-02-26T08:56:00,-39.283
engq_eth,2025-02-26T13:29:00,-110.033
engq_eth,2025-02-27T09:42:00,-0.533
engq_eth,2025-03-03T13:13:00,-0.533
engq_eth,2025-03-05T09:38:00,-265.283
engq_eth,2025-03-06T12:03:00,-296.533
engq_eth,2025-03-10T01:49:00,-37.283
engq_eth,2025-03-10T04:04:00,-49.533
engq_eth,2025-03-11T08:15:00,-96.533
engq_eth,2025-03-11T10:04:00,-185.783
engq_eth,2025-03-11T13:21:00,-277.033
engq_eth,2025-03-13T13:18:00,-316.783
engq_eth,2025-03-14T10:00:00,59.467
engq_eth,2025-03-16T18:12:00,-77.533
engq_eth,2025-03-17T09:28:00,97.967
engq_eth,2025-03-18T09:35:00,105.592
engq_eth,2025-03-19T09:42:00,-43.783
engq_eth,2025-03-19T14:00:00,-0.533
engq_eth,2025-03-19T15:56:00,82.092
engq_eth,2025-03-20T06:12:00,-127.533
engq_eth,2025-03-21T01:39:00,-72.783
engq_eth,2025-03-26T09:57:00,440.967
engq_eth,2025-03-27T20:04:00,-212.533
engq_eth,2025-03-31T20:34:00,-65.783
engq_eth,2025-04-01T06:30:00,49.592
engq_eth,2025-04-01T10:11:00,-61.783
engq_eth,2025-04-01T20:25:00,119.842
engq_eth,2025-04-02T01:59:00,-27.783
engq_eth,2025-04-02T03:06:00,-40.533
engq_eth,2025-04-02T06:02:00,-45.033
engq_eth,2025-04-02T16:28:00,67.467
engq_eth,2025-04-07T10:36:00,-0.533
engq_eth,2025-04-08T13:09:00,115.842
engq_eth,2025-04-09T07:00:00,-177.033
engq_eth,2025-04-10T11:48:00,1100.342
engq_eth,2025-04-10T20:18:00,-333.033
engq_eth,2025-04-11T10:23:00,-223.783
engq_eth,2025-04-16T01:19:00,39.592
engq_eth,2025-04-16T13:31:00,-216.533
engq_eth,2025-04-17T06:43:00,-54.283
engq_eth,2025-04-17T09:31:00,-120.533
engq_eth,2025-04-22T11:43:00,216.592
engq_eth,2025-04-23T11:47:00,515.342
engq_eth,2025-04-23T15:35:00,-115.783
engq_eth,2025-04-24T00:15:00,-106.033
engq_eth,2025-04-24T01:57:00,-69.033
engq_eth,2025-04-24T03:05:00,-97.033
engq_eth,2025-04-24T23:21:00,-3.533
engq_eth,2025-04-25T05:15:00,-55.783
engq_eth,2025-04-25T06:17:00,-56.783
engq_eth,2025-04-25T09:00:00,-76.033
engq_eth,2025-04-25T10:22:00,-0.533
engq_eth,2025-04-27T20:10:00,-35.533
engq_eth,2025-04-27T20:46:00,-29.283
engq_eth,2025-04-27T21:34:00,-29.783
engq_eth,2025-04-28T04:06:00,29.842
engq_eth,2025-04-28T09:56:00,-0.533
engq_eth,2025-04-29T06:48:00,3.092
engq_eth,2025-04-29T08:58:00,-75.033
engq_eth,2025-04-30T08:32:00,-138.033
engq_eth,2025-05-01T03:01:00,-29.533
engq_eth,2025-05-01T09:03:00,-0.533
engq_eth,2025-05-01T09:59:00,-100.033
engq_eth,2025-05-01T15:59:00,-114.033
engq_eth,2025-05-02T04:55:00,-45.033
engq_eth,2025-05-04T18:01:00,235.467
engq_eth,2025-05-04T21:39:00,-42.533
engq_eth,2025-05-05T04:54:00,-76.283
engq_eth,2025-05-06T16:28:00,-95.033
engq_eth,2025-05-07T11:13:00,-152.033
engq_eth,2025-05-23T08:24:00,726.217
engq_eth,2025-05-29T09:50:00,406.842
engq_eth,2025-06-02T22:16:00,-77.033
engq_eth,2025-06-03T03:21:00,-25.033
engq_eth,2025-06-03T14:03:00,228.717
engq_eth,2025-06-05T08:30:00,-0.533
engq_eth,2025-06-05T08:49:00,-19.283
engq_eth,2025-06-05T09:46:00,-145.783
engq_eth,2025-06-05T12:52:00,-110.283
engq_eth,2025-06-05T14:16:00,-126.533
engq_eth,2025-06-06T08:30:00,10.467
engq_eth,2025-06-08T22:21:00,-63.783
engq_eth,2025-06-09T09:38:00,8.842
engq_eth,2025-06-10T01:23:00,-0.533
engq_eth,2025-06-11T14:02:00,-0.533
engq_eth,2025-06-12T20:00:00,-128.533
engq_eth,2025-06-16T05:16:00,56.592
engq_eth,2025-06-16T12:42:00,166.092
engq_eth,2025-06-16T14:50:00,-47.033
engq_eth,2025-06-16T18:31:00,-36.033
engq_eth,2025-06-17T03:25:00,-50.283
engq_eth,2025-06-17T06:39:00,-56.533
engq_eth,2025-06-17T12:53:00,-0.533
engq_eth,2025-06-18T09:32:00,-54.533
engq_eth,2025-06-18T14:56:00,-98.283
engq_eth,2025-06-20T04:47:00,-0.533
engq_eth,2025-06-20T09:53:00,136.217
engq_eth,2025-06-20T13:37:00,-138.783
engq_eth,2025-06-22T18:00:00,-250.033
engq_eth,2025-06-23T09:33:00,-63.783
engq_eth,2025-07-31T13:27:00,1556.717
engq_eth,2025-08-05T10:17:00,226.967
engq_eth,2025-08-07T12:03:00,274.467
engq_eth,2025-08-07T12:40:00,-53.283
engq_eth,2025-08-19T09:32:00,242.842
engq_eth,2025-08-21T07:49:00,-84.283
engq_eth,2025-08-21T12:58:00,-166.283
engq_eth,2025-08-22T09:30:00,-27.783
engq_eth,2025-08-22T10:00:00,-12.533
engq_eth,2025-08-25T05:12:00,-76.533
engq_eth,2025-08-25T06:20:00,-18.033
engq_eth,2025-08-25T09:31:00,-31.533
engq_eth,2025-08-25T15:59:00,-0.533
engq_eth,2025-08-26T09:48:00,-57.533
engq_eth,2025-08-27T09:30:00,-0.533
engq_eth,2025-08-27T16:21:00,-92.033
engq_eth,2025-08-28T07:07:00,30.967
engq_eth,2025-08-28T08:31:00,-0.533
engq_eth,2025-08-28T09:50:00,-0.533
engq_eth,2025-08-28T21:08:00,-10.033
engq_eth,2025-08-28T23:55:00,-0.533
engq_eth,2025-08-29T02:58:00,-8.783
engq_eth,2025-09-02T20:49:00,-11.533
engq_eth,2025-09-02T21:24:00,-15.283
engq_eth,2025-09-02T23:38:00,-19.283
engq_eth,2025-09-03T09:37:00,48.592
engq_eth,2025-09-03T13:45:00,-88.533
engq_eth,2025-09-05T10:15:00,363.592
engq_eth,2025-09-08T00:16:00,-12.033
engq_eth,2025-09-08T04:02:00,-0.533
engq_eth,2025-09-08T12:32:00,39.217
engq_eth,2025-09-08T13:51:00,-27.283
engq_eth,2025-09-08T15:23:00,-35.533
engq_eth,2025-09-09T10:00:00,-0.533
engq_eth,2025-09-10T15:12:00,2.717
engq_eth,2025-09-11T08:30:00,-0.533
engq_eth,2025-09-11T22:16:00,-36.533
engq_eth,2025-09-12T02:37:00,6.967
engq_eth,2025-09-12T09:38:00,-0.533
engq_eth,2025-09-16T09:33:00,441.967
engq_eth,2025-09-17T01:19:00,-40.533
engq_eth,2025-09-25T09:36:00,-0.533
engq_eth,2025-10-01T02:47:00,45.467
engq_eth,2025-10-02T09:34:00,112.342
engq_eth,2025-10-03T10:01:00,31.592
engq_eth,2025-10-03T13:03:00,-86.783
engq_eth,2025-10-06T03:40:00,-29.283
engq_eth,2025-10-07T11:05:00,14.592
engq_eth,2025-10-08T07:29:00,-36.783
engq_eth,2025-10-09T09:41:00,191.717
engq_eth,2025-10-10T00:53:00,-15.783
engq_eth,2025-10-10T02:36:00,2.092
engq_eth,2025-10-10T05:01:00,-32.783
engq_eth,2025-10-10T10:18:00,-0.533
engq_eth,2025-10-14T01:39:00,-156.783
engq_eth,2025-10-14T15:37:00,-67.283
engq_eth,2025-10-15T13:00:00,56.842
engq_eth,2025-10-16T14:16:00,-239.783
engq_eth,2025-10-21T09:42:00,242.842
engq_eth,2025-10-21T10:28:00,-61.283
engq_eth,2025-10-22T09:33:00,-67.533
engq_eth,2025-10-30T09:34:00,963.592
engq_eth,2025-11-04T00:40:00,-291.533
engq_eth,2025-11-05T19:24:00,-41.283
engq_eth,2025-11-06T09:28:00,-0.533
engq_eth,2025-11-10T10:50:00,53.467
engq_eth,2025-11-11T10:06:00,-0.533
engq_eth,2025-11-12T09:31:00,37.342
engq_eth,2025-11-13T08:58:00,-150.283
engq_eth,2025-11-14T15:49:00,-85.783
engq_eth,2025-11-16T18:01:00,-68.033
engq_eth,2025-11-17T07:44:00,14.967
engq_eth,2025-11-17T11:16:00,-238.033
engq_eth,2025-11-17T13:55:00,-232.533
engq_eth,2025-11-19T09:08:00,-63.033
engq_eth,2025-11-19T11:06:00,69.342
engq_eth,2025-11-20T11:31:00,197.842
engq_eth,2025-12-17T11:50:00,717.967
engq_eth,2025-12-31T15:10:00,129.092
engq_eth,2026-01-02T08:55:00,-25.283
engq_eth,2026-01-02T09:13:00,-23.283
engq_eth,2026-01-02T09:32:00,-31.283
engq_eth,2026-01-02T10:12:00,-120.033
engq_eth,2026-01-05T09:36:00,55.092
engq_eth,2026-01-05T14:42:00,-57.783
engq_eth,2026-01-06T03:14:00,-0.533
engq_eth,2026-01-08T01:01:00,-0.533
engq_eth,2026-01-09T09:22:00,-0.533
engq_eth,2026-01-14T09:45:00,-189.533
engq_eth,2026-01-15T14:26:00,-116.283
engq_eth,2026-01-16T09:33:00,-0.533
engq_eth,2026-01-20T01:18:00,-98.533
engq_eth,2026-01-21T12:05:00,-0.533
engq_eth,2026-01-25T18:00:00,346.217
engq_eth,2026-01-26T04:50:00,-62.283
engq_eth,2026-01-28T11:42:00,468.967
engq_eth,2026-01-29T07:39:00,-40.033
engq_eth,2026-01-30T11:58:00,-144.533
engq_eth,2026-02-03T09:31:00,-0.533
engq_eth,2026-02-06T09:30:00,-104.283
engq_eth,2026-02-09T05:33:00,183.217
engq_eth,2026-02-09T09:30:00,-117.033
engq_eth,2026-02-09T19:49:00,-84.533
engq_eth,2026-02-09T20:30:00,-30.033
engq_eth,2026-02-09T21:35:00,-30.783
engq_eth,2026-02-10T01:34:00,-0.533
engq_eth,2026-02-10T08:00:00,-0.533
engq_eth,2026-02-10T09:41:00,-77.533
engq_eth,2026-02-10T15:11:00,-111.533
engq_eth,2026-02-11T00:31:00,-27.783
engq_eth,2026-02-11T01:16:00,-31.533
engq_eth,2026-02-12T10:54:00,-226.783
engq_eth,2026-02-16T09:00:00,-0.533
engq_eth,2026-02-20T09:30:00,-0.533
engq_eth,2026-02-23T11:08:00,-254.533
engq_eth,2026-02-24T03:00:00,-24.283
engq_eth,2026-02-24T09:31:00,-79.533
engq_eth,2026-02-26T10:14:00,204.717
engq_eth,2026-03-03T00:37:00,-0.533
engq_eth,2026-03-03T20:21:00,-61.783
engq_eth,2026-03-05T01:01:00,207.842
engq_eth,2026-03-05T03:03:00,-0.533
engq_eth,2026-03-05T07:44:00,-63.283
engq_eth,2026-03-05T10:30:00,-103.283
engq_eth,2026-03-05T12:29:00,-148.533
engq_eth,2026-03-06T03:10:00,-32.283
engq_eth,2026-03-09T09:50:00,-113.533
engq_eth,2026-03-11T18:24:00,420.092
engq_eth,2026-03-16T04:40:00,-0.533
engq_eth,2026-03-16T05:06:00,-42.783
engq_eth,2026-03-16T05:43:00,-49.033
engq_eth,2026-03-16T10:38:00,117.342
engq_eth,2026-03-16T20:24:00,-101.533
engq_eth,2026-03-16T20:50:00,-45.283
engq_eth,2026-03-16T22:51:00,-39.033
engq_eth,2026-03-17T01:54:00,-29.533
engq_eth,2026-03-18T08:19:00,211.342
engq_eth,2026-03-19T20:24:00,-48.783
engq_eth,2026-03-20T01:00:00,-38.533
engq_eth,2026-03-20T05:41:00,-116.533
engq_eth,2026-03-26T15:31:00,-485.783
engq_eth,2026-03-30T08:02:00,-0.533
engq_eth,2026-03-30T13:04:00,-169.033
engq_eth,2026-03-31T06:34:00,-0.533
engq_eth,2026-03-31T10:53:00,103.717
engq_eth,2026-04-01T21:30:00,414.717
engq_eth,2026-04-07T11:02:00,-201.033
engq_eth,2026-04-12T18:00:00,703.217
engq_eth,2026-04-16T09:52:00,1180.342
engq_eth,2026-04-16T14:23:00,-0.533
engq_eth,2026-04-19T18:00:00,162.967
engq_eth,2026-04-21T11:05:00,-0.533
engq_eth,2026-04-22T09:02:00,-0.533
engq_eth,2026-04-22T20:09:00,-29.533
engq_eth,2026-04-23T13:10:00,-0.533
engq_eth,2026-04-24T00:00:00,-25.783
engq_eth,2026-04-24T00:25:00,-22.283
engq_eth,2026-04-24T04:04:00,44.592
engq_eth,2026-04-28T05:33:00,64.342
engq_eth,2026-04-29T08:34:00,-80.533
engq_eth,2026-04-29T16:14:00,-146.533
engq_eth,2026-04-30T00:03:00,-48.533
engq_eth,2026-04-30T10:16:00,-148.783
engq_eth,2026-05-12T11:02:00,1630.217
engq_eth,2026-05-13T08:40:00,72.467
engq_eth,2026-05-13T09:36:00,-97.033
engq_eth,2026-05-15T01:58:00,8.217
engq_eth,2026-05-18T10:33:00,-163.283
engq_eth,2026-05-19T10:07:00,-245.783
engq_eth,2026-05-19T20:08:00,-108.783
engq_eth,2026-05-27T10:25:00,942.467
engq_eth,2026-05-27T23:08:00,-122.783
engq_eth,2026-06-01T09:24:00,327.842
engq_eth,2026-06-03T18:00:00,-2.283
engq_eth,2026-06-08T15:09:00,-117.283
engq_eth,2026-06-09T10:13:00,-0.533
engq_eth,2026-06-16T11:46:00,1675.467
engq_eth,2026-06-17T15:32:00,-420.783
engq_eth,2026-06-18T00:18:00,-63.533
engq_eth,2026-06-18T09:36:00,-0.533
engq_eth,2026-06-18T20:12:00,-75.783
engq_eth,2026-06-18T23:15:00,-25.533
engq_eth,2026-06-21T18:12:00,-90.283
engq_eth,2026-06-22T10:55:00,-0.533
engq_eth,2026-06-22T20:12:00,-120.033
engq_eth,2026-06-24T09:09:00,-128.783
engq_eth,2026-06-24T13:16:00,-323.283
engq_eth,2026-06-25T22:54:00,-483.033
engq_eth,2026-08-06T00:13:00,24.092
engq_eth,2026-08-07T08:30:00,32.592
engq_eth,2026-08-11T14:27:00,-207.533
engq_eth,2026-08-12T08:30:00,163.467
engq_eth,2026-08-12T15:24:00,-0.533
engq_eth,2026-08-12T16:22:00,-68.283
engq_eth,2026-08-13T05:15:00,-0.533
engq_eth,2026-08-13T08:18:00,-39.033
engq_eth,2026-08-13T11:51:00,245.592
engq_eth,2026-08-13T23:58:00,-33.533
